:FULLY-SPECIFIED
:FORCE-ALL-JOINTS-BE-3DOF
:DEGREES
1
root 6.24314 16.836 -28.1378 9.0217 -2.52979 -3.05774
lfemur -20.3712 2.30257 -19.9954
ltibia 35.927 0 0
lfoot -38.654 3.93715 0
ltoes 38.9541 0 0
rfemur -19.4747 0.22019 19.5256
rtibia 36.0342 0 0
rfoot -30.3779 -10.4967 0
rtoes 21.4483 0 0
lowerback -2.05144 3.66971 -5.03766
upperback -2.66728 5.00355 3.49279
thorax -2.36397 2.67023 6.42441
lowerneck -9.84699 -2.36864 1.94815
upperneck -1.37933 -3.32542 -1.65382
head 1.16433 -1.69823 -0.975663
lclavicle -1.65488e-14 -3.69739e-14 0
lhumerus -41.7253 -10.8128 99.8312
lradius 34.5094 0 0
lwrist 2.17521 0 0
lhand -10.5949 9.65639 0
lfingers 7.12502 0 0
lthumb 15.4107 39.062 0
rclavicle -1.65488e-14 -3.69739e-14 0
rhumerus -43.273 -4.86223 -84.2703
rradius 40.4763 0 0
rwrist 9.89469 0 0
rhand -23.7965 -22.476 0
rfingers 7.12502 0 0
rthumb 2.67393 -52.439 0
2
root 6.18354 16.8541 -28.1906 9.86725 -3.15787 -3.30243
lfemur -20.77 1.87825 -20.0796
ltibia 35.6804 -0 0
lfoot -39.3917 4.72056 0.122604
ltoes 39.1741 -0 0
rfemur -16.7425 2.042 18.8942
rtibia 33.48 -0 0
rfoot -32.2284 -11.7751 -0.632376
rtoes 23.8239 -0 0
lowerback -3.0704 3.97153 -4.89999
upperback -2.94192 5.45657 3.52974
thorax -2.13976 2.88515 6.36844
lowerneck -9.74385 -2.40524 2.06629
upperneck -1.45037 -3.38221 -1.76645
head 1.1198 -1.73016 -1.03348
lclavicle -4.81455e-14 -4.10674e-14 -2.38292e-31
lhumerus -41.8081 -10.2306 99.9597
lradius 33.8953 -0 0
lwrist 1.69119 0 0
lhand -11.7166 7.60234 0.01678
lfingers 7.12502 -0 0
lthumb 14.3356 37.1404 0.0362881
rclavicle -4.81455e-14 -4.10674e-14 -2.38292e-31
rhumerus -43.6182 -3.87098 -85.4467
rradius 39.1727 -0 0
rwrist 11.7333 0 0
rhand -23.6574 -22.2816 -0.00814404
rfingers 7.12502 -0 0
rthumb 2.80827 -52.2453 -0.00786436
3
root 6.12284 16.8741 -28.2379 10.7442 -3.84832 -3.50726
lfemur -21.1237 1.45227 -20.223
ltibia 35.3563 -0 0
lfoot -40.1186 5.55087 0.255806
ltoes 39.3747 -0 0
rfemur -13.9763 3.91538 18.2912
rtibia 30.8036 -0 0
rfoot -34.0838 -13.0295 -1.30591
rtoes 26.2753 -0 0
lowerback -4.19153 4.27758 -4.75535
upperback -3.21149 5.91418 3.51781
thorax -1.84781 3.09933 6.26484
lowerneck -9.63853 -2.43261 2.19198
upperneck -1.52552 -3.42784 -1.852
head 1.07402 -1.75595 -1.08353
lclavicle -9.00265e-14 -4.58677e-14 2.39793e-30
lhumerus -41.9205 -9.61199 100.014
lradius 33.3051 -0 0
lwrist 1.24376 0 0
lhand -12.9536 4.83067 -0.0190638
lfingers 7.12502 -0 0
lthumb 13.1485 34.5089 0.0249607
rclavicle -9.00265e-14 -4.58677e-14 2.39793e-30
rhumerus -44.056 -2.84141 -86.7115
rradius 37.961 -0 0
rwrist 13.5676 0 0
rhand -23.5397 -22.077 -0.0167274
rfingers 7.12502 -0 0
rthumb 2.92191 -52.0418 -0.0161506
4
root 6.23329 16.8525 -28.0886 9.27418 -3.11946 -2.60389
lfemur -19.9756 2.29805 -20.5522
ltibia 35.2289 0 0
lfoot -38.5729 4.37367 0
ltoes 38.7791 0 0
rfemur -19.0092 0.404986 18.9796
rtibia 34.9338 0 0
rfoot -30.5489 -10.4701 0
rtoes 22.129 0 0
lowerback -2.97438 3.68294 -4.9218
upperback -2.61913 5.04544 3.07234
thorax -1.75124 2.66143 5.98606
lowerneck -9.82686 -2.28344 2.0165
upperneck -1.41675 -3.22392 -1.41065
head 1.15294 -1.64258 -0.905956
lclavicle -1.09108e-13 -4.33351e-14 0
lhumerus -42.0008 -10.4886 99.1718
lradius 34.7247 0 0
lwrist 2.50452 0 0
lhand -11.6336 3.19806 0
lfingers 7.12502 0 0
lthumb 14.41 32.6778 0
rclavicle -1.09108e-13 -4.33351e-14 0
rhumerus -43.9079 -4.43773 -85.0134
rradius 41.3047 0 0
rwrist 9.85575 0 0
rhand -23.9891 -22.3842 0
rfingers 7.12502 0 0
rthumb 2.48792 -52.3495 0
5
root 6.23909 16.8512 -28.0815 9.19592 -3.0745 -2.56314
lfemur -19.9212 2.34179 -20.5623
ltibia 35.2304 -0 0
lfoot -38.4941 4.30784 -0.0123001
ltoes 38.7505 -0 0
rfemur -19.2748 0.223824 19.0297
rtibia 35.1591 -0 0
rfoot -30.3636 -10.3363 0.0629162
rtoes 21.9071 -0 0
lowerback -2.90099 3.65227 -4.93206
upperback -2.58902 5.00035 3.05404
thorax -1.75331 2.63897 5.97677
lowerneck -9.83681 -2.27676 2.00666
upperneck -1.41068 -3.21461 -1.39074
head 1.15715 -1.63739 -0.897618
lclavicle -1.0902e-13 -4.313e-14 -2.05204e-31
lhumerus -42.0014 -10.5375 99.1361
lradius 34.7953 -0 0
lwrist 2.56564 0 0
lhand -11.5537 3.18881 0.00262983
lfingers 7.12502 -0 0
lthumb 14.4865 32.6574 0.000410749
rclavicle -1.0902e-13 -4.313e-14 -2.05204e-31
rhumerus -43.8941 -4.52491 -84.9173
rradius 41.4673 -0 0
rwrist 9.665 0 0
rhand -24.0098 -22.401 0.000776192
rfingers 7.12502 -0 0
rthumb 2.46788 -52.3663 0.000749742
6
root 6.24515 16.8498 -28.0741 9.11422 -3.02744 -2.52082
lfemur -19.8644 2.3874 -20.5726
ltibia 35.2321 -0 0
lfoot -38.4119 4.23908 -0.025025
ltoes 38.7206 -0 0
rfemur -19.552 0.0350068 19.0832
rtibia 35.3943 -0 0
rfoot -30.1706 -10.1963 0.128052
rtoes 21.6743 -0 0
lowerback -2.82416 3.62029 -4.94285
upperback -2.5576 4.95334 3.03505
thorax -1.75562 2.61556 5.9672
lowerneck -9.84719 -2.2698 1.99639
upperneck -1.40432 -3.20492 -1.37005
head 1.16154 -1.63199 -0.888944
lclavicle -1.08906e-13 -4.29126e-14 -4.21478e-31
lhumerus -42.0019 -10.5885 99.0989
lradius 34.869 -0 0
lwrist 2.62934 0 0
lhand -11.4701 3.18088 0.00539324
lfingers 7.12502 -0 0
lthumb 14.5665 32.6379 0.000878385
rclavicle -1.08906e-13 -4.29126e-14 -4.21478e-31
rhumerus -43.8797 -4.61597 -84.8168
rradius 41.6366 -0 0
rwrist 9.46592 0 0
rhand -24.0311 -22.4183 0.00154425
rfingers 7.12502 -0 0
rthumb 2.44734 -52.3836 0.00149241
7
root 6.25146 16.8484 -28.0664 9.02916 -2.97832 -2.47695
lfemur -19.8054 2.43487 -20.5832
ltibia 35.2341 -0 0
lfoot -38.3264 4.16745 -0.0381548
ltoes 38.6896 -0 0
rfemur -19.8408 -0.161308 19.14
rtibia 35.6391 -0 0
rfoot -29.9701 -10.0501 0.195309
rtoes 21.431 -0 0
lowerback -2.74396 3.58704 -4.95417
upperback -2.52489 4.90444 3.01536
thorax -1.75818 2.5912 5.95736
lowerneck -9.85802 -2.26258 1.98569
upperneck -1.3977 -3.19486 -1.34859
head 1.16611 -1.62638 -0.879939
lclavicle -1.08766e-13 -4.26829e-14 -6.48457e-31
lhumerus -42.0024 -10.6416 99.0605
lradius 34.9456 -0 0
lwrist 2.69557 0 0
lhand -11.3829 3.17426 0.00828594
lfingers 7.12502 -0 0
lthumb 14.65 32.6192 0.00140255
rclavicle -1.08766e-13 -4.26829e-14 -6.48457e-31
rhumerus -43.8647 -4.71087 -84.7121
rradius 41.8125 -0 0
rwrist 9.25864 0 0
rhand -24.0529 -22.4361 0.00230396
rfingers 7.12502 -0 0
rthumb 2.4263 -52.4014 0.00222779
8
root 6.25802 16.8469 -28.0584 8.94077 -2.92715 -2.43157
lfemur -19.7442 2.48415 -20.594
ltibia 35.2363 -0 0
lfoot -38.2375 4.09297 -0.0516691
ltoes 38.6574 -0 0
rfemur -20.1411 -0.364961 19.2002
rtibia 35.8934 -0 0
rfoot -29.762 -9.8978 0.264587
rtoes 21.1772 -0 0
lowerback -2.66044 3.55254 -4.96601
upperback -2.49091 4.85367 2.99499
thorax -1.76097 2.56591 5.94724
lowerneck -9.86927 -2.25509 1.97456
upperneck -1.39081 -3.18442 -1.32637
head 1.17087 -1.62056 -0.870608
lclavicle -1.08601e-13 -4.24411e-14 -8.85763e-31
lhumerus -42.0028 -10.6968 99.0206
lradius 35.0252 -0 0
lwrist 2.76431 0 0
lhand -11.2922 3.16894 0.011304
lfingers 7.12502 -0 0
lthumb 14.7369 32.6014 0.00198263
rclavicle -1.08601e-13 -4.24411e-14 -8.85763e-31
rhumerus -43.849 -4.80953 -84.603
rradius 41.995 -0 0
rwrist 9.04329 0 0
rhand -24.0752 -22.4544 0.00305511
rfingers 7.12502 -0 0
rthumb 2.40476 -52.4197 0.00295562
9
root 6.26482 16.8454 -28.0501 8.84913 -2.87395 -2.38472
lfemur -19.6808 2.53524 -20.605
ltibia 35.2387 -0 0
lfoot -38.1454 4.01569 -0.0655473
ltoes 38.624 -0 0
rfemur -20.4526 -0.57579 19.264
rtibia 36.1571 -0 0
rfoot -29.5465 -9.73943 0.335784
rtoes 20.9131 -0 0
lowerback -2.57364 3.51681 -4.97837
upperback -2.45567 4.80107 2.97394
thorax -1.764 2.53971 5.93687
lowerneck -9.88094 -2.24734 1.96301
upperneck -1.38365 -3.17362 -1.30341
head 1.1758 -1.61453 -0.860956
lclavicle -1.08411e-13 -4.21876e-14 -1.13301e-30
lhumerus -42.0032 -10.754 98.9795
lradius 35.1077 -0 0
lwrist 2.83551 0 0
lhand -11.198 3.16489 0.0144431
lfingers 7.12502 -0 0
lthumb 14.8271 32.5843 0.00261799
rclavicle -1.08411e-13 -4.21876e-14 -1.13301e-30
rhumerus -43.8328 -4.91192 -84.4898
rradius 42.1839 -0 0
rwrist 8.81999 0 0
rhand -24.098 -22.4732 0.00379746
rfingers 7.12502 -0 0
rthumb 2.38274 -52.4386 0.00367568
10
root 6.27186 16.8438 -28.0416 8.75429 -2.81875 -2.33642
lfemur -19.6153 2.58809 -20.6163
ltibia 35.2413 -0 0
lfoot -38.0502 3.93566 -0.0797686
ltoes 38.5896 -0 0
rfemur -20.7753 -0.793631 19.3313
rtibia 36.4301 -0 0
rfoot -29.3237 -9.57507 0.408797
rtoes 20.6389 -0 0
lowerback -2.48361 3.47987 -4.99125
upperback -2.41919 4.74666 2.95222
thorax -1.76727 2.51261 5.92623
lowerneck -9.89303 -2.23934 1.95106
upperneck -1.37623 -3.16246 -1.27972
head 1.18091 -1.60831 -0.850989
lclavicle -1.08196e-13 -4.19224e-14 -1.38979e-30
lhumerus -42.0035 -10.8133 98.937
lradius 35.193 -0 0
lwrist 2.90913 0 0
lhand -11.1003 3.16209 0.0176988
lfingers 7.12502 -0 0
lthumb 14.9206 32.568 0.00330783
rclavicle -1.08196e-13 -4.19224e-14 -1.38979e-30
rhumerus -43.8161 -5.01796 -84.3725
rradius 42.3791 -0 0
rwrist 8.58887 0 0
rhand -24.1213 -22.4925 0.00453078
rfingers 7.12502 -0 0
rthumb 2.36022 -52.4579 0.00438772
11
root 6.27914 16.8421 -28.0328 8.65631 -2.76158 -2.28672
lfemur -19.5476 2.64267 -20.6278
ltibia 35.2441 -0 0
lfoot -37.9517 3.85291 -0.0943123
ltoes 38.554 -0 0
rfemur -21.1089 -1.01832 19.4024
rtibia 36.7121 -0 0
rfoot -29.0937 -9.40481 0.483522
rtoes 20.3547 -0 0
lowerback -2.39041 3.44174 -5.00466
upperback -2.3815 4.69048 2.92983
thorax -1.77076 2.48462 5.91534
lowerneck -9.90553 -2.2311 1.9387
upperneck -1.36855 -3.15095 -1.2553
head 1.18619 -1.60189 -0.840711
lclavicle -1.07957e-13 -4.16459e-14 -1.65569e-30
lhumerus -42.0037 -10.8745 98.8933
lradius 35.2811 -0 0
lwrist 2.98513 0 0
lhand -10.9992 3.16054 0.0210664
lfingers 7.12502 -0 0
lthumb 15.0174 32.5525 0.00405119
rclavicle -1.07957e-13 -4.16459e-14 -1.65569e-30
rhumerus -43.7988 -5.12762 -84.2511
rradius 42.5805 -0 0
rwrist 8.35005 0 0
rhand -24.1451 -22.5123 0.00525484
rfingers 7.12502 -0 0
rthumb 2.33723 -52.4778 0.00509148
12
root 6.28665 16.8404 -28.0237 8.55523 -2.70244 -2.23564
lfemur -19.4779 2.69899 -20.6395
ltibia 35.2472 -0 0
lfoot -37.8502 3.76748 -0.109157
ltoes 38.5173 -0 0
rfemur -21.4535 -1.24968 19.4772
rtibia 37.0031 -0 0
rfoot -28.8565 -9.22869 0.559855
rtoes 20.0608 -0 0
lowerback -2.29409 3.40244 -5.01858
upperback -2.34261 4.63256 2.90679
thorax -1.77447 2.45577 5.9042
lowerneck -9.91843 -2.2226 1.92594
upperneck -1.36062 -3.13909 -1.23018
head 1.19164 -1.59528 -0.830127
lclavicle -1.07694e-13 -4.13581e-14 -1.9303e-30
lhumerus -42.0039 -10.9376 98.8483
lradius 35.372 -0 0
lwrist 3.06347 0 0
lhand -10.8948 3.16021 0.0245412
lfingers 7.12502 -0 0
lthumb 15.1174 32.5378 0.00484698
rclavicle -1.07694e-13 -4.13581e-14 -1.9303e-30
rhumerus -43.7811 -5.24084 -84.1257
rradius 42.7881 -0 0
rwrist 8.10367 0 0
rhand -24.1694 -22.5325 0.00596939
rfingers 7.12502 -0 0
rthumb 2.31377 -52.4981 0.00578671
13
root 6.29439 16.8387 -28.0143 8.45113 -2.64138 -2.18323
lfemur -19.4061 2.75698 -20.6514
ltibia 35.2504 -0 0
lfoot -37.7456 3.67942 -0.124282
ltoes 38.4796 -0 0
rfemur -21.8087 -1.48756 19.5559
rtibia 37.3028 -0 0
rfoot -28.6123 -9.04681 0.637689
rtoes 19.7573 -0 0
lowerback -2.19469 3.362 -5.03302
upperback -2.30253 4.57293 2.8831
thorax -1.7784 2.42605 5.89281
lowerneck -9.93173 -2.21386 1.91279
upperneck -1.35244 -3.1269 -1.20435
head 1.19726 -1.58848 -0.819242
lclavicle -1.07408e-13 -4.10592e-14 -2.21318e-30
lhumerus -42.0039 -11.0027 98.8021
lradius 35.4656 -0 0
lwrist 3.14414 0 0
lhand -10.7871 3.1611 0.0281181
lfingers 7.12502 -0 0
lthumb 15.2205 32.5239 0.005694
rclavicle -1.07408e-13 -4.10592e-14 -2.21318e-30
rhumerus -43.763 -5.35755 -83.9964
rradius 43.0017 -0 0
rwrist 7.84985 0 0
rhand -24.1942 -22.5533 0.0066742
rfingers 7.12502 -0 0
rthumb 2.28983 -52.5189 0.00647316
14
root 6.30235 16.8369 -28.0047 8.34406 -2.5784 -2.12952
lfemur -19.3324 2.81662 -20.6635
ltibia 35.2539 -0 0
lfoot -37.638 3.58877 -0.139665
ltoes 38.4408 -0 0
rfemur -22.1746 -1.73177 19.6386
rtibia 37.6112 -0 0
rfoot -28.3611 -8.85921 0.716918
rtoes 19.4444 -0 0
lowerback -2.09228 3.32044 -5.04797
upperback -2.26129 4.51161 2.85877
thorax -1.78255 2.39549 5.88119
lowerneck -9.94541 -2.20489 1.89925
upperneck -1.34401 -3.11437 -1.17785
head 1.20305 -1.58149 -0.808061
lclavicle -1.07097e-13 -4.07496e-14 -2.50389e-30
lhumerus -42.0039 -11.0697 98.7546
lradius 35.5619 -0 0
lwrist 3.22706 0 0
lhand -10.6762 3.16317 0.031792
lfingers 7.12502 -0 0
lthumb 15.3267 32.5107 0.00659093
rclavicle -1.07097e-13 -4.07496e-14 -2.50389e-30
rhumerus -43.7444 -5.47771 -83.8633
rradius 43.2212 -0 0
rwrist 7.58872 0 0
rhand -24.2195 -22.5745 0.00736901
rfingers 7.12502 -0 0
rthumb 2.26544 -52.5402 0.00715055
15
root 6.31053 16.835 -27.9949 8.23408 -2.51353 -2.07454
lfemur -19.2567 2.8779 -20.6757
ltibia 35.2575 -0 0
lfoot -37.5275 3.49556 -0.155285
ltoes 38.401 -0 0
rfemur -22.5509 -1.98214 19.7253
rtibia 37.9281 -0 0
rfoot -28.1031 -8.66598 0.797435
rtoes 19.1222 -0 0
lowerback -1.9869 3.27778 -5.06344
upperback -2.21888 4.44861 2.83379
thorax -1.78691 2.36411 5.86932
lowerneck -9.95948 -2.19569 1.88534
upperneck -1.33534 -3.10151 -1.15066
head 1.20899 -1.57432 -0.79659
lclavicle -1.06764e-13 -4.04294e-14 -2.80199e-30
lhumerus -42.0038 -11.1385 98.706
lradius 35.6608 -0 0
lwrist 3.31219 0 0
lhand -10.5621 3.16642 0.0355578
lfingers 7.12502 -0 0
lthumb 15.4359 32.4983 0.00753633
rclavicle -1.06764e-13 -4.04294e-14 -2.80199e-30
rhumerus -43.7255 -5.60126 -83.7264
rradius 43.4466 -0 0
rwrist 7.3204 0 0
rhand -24.2452 -22.5962 0.00805358
rfingers 7.12502 -0 0
rthumb 2.24058 -52.562 0.00781864
16
root 6.31893 16.8331 -27.9848 8.12124 -2.44679 -2.01833
lfemur -19.179 2.94079 -20.6881
ltibia 35.2614 -0 0
lfoot -37.414 3.39985 -0.171121
ltoes 38.3601 -0 0
rfemur -22.9376 -2.23851 19.8161
rtibia 38.2534 -0 0
rfoot -27.8382 -8.46718 0.879131
rtoes 18.7909 -0 0
lowerback -1.8786 3.23404 -5.07941
upperback -2.17536 4.38402 2.8082
thorax -1.79147 2.33191 5.85723
lowerneck -9.97393 -2.18626 1.87105
upperneck -1.32642 -3.08834 -1.12282
head 1.2151 -1.56697 -0.784833
lclavicle -1.06409e-13 -4.00987e-14 -3.10703e-30
lhumerus -42.0036 -11.2092 98.6562
lradius 35.7622 -0 0
lwrist 3.39951 0 0
lhand -10.4449 3.17083 0.0394099
lfingers 7.12502 -0 0
lthumb 15.5482 32.4866 0.00852865
rclavicle -1.06409e-13 -4.00987e-14 -3.10703e-30
rhumerus -43.7063 -5.72814 -83.5858
rradius 43.6776 -0 0
rwrist 7.04502 0 0
rhand -24.2714 -22.6184 0.00872765
rfingers 7.12502 -0 0
rthumb 2.21527 -52.5842 0.00847714
17
root 6.32754 16.8311 -27.9744 8.0056 -2.37822 -1.96092
lfemur -19.0994 3.00525 -20.7006
ltibia 35.2654 -0 0
lfoot -37.2978 3.30167 -0.187151
ltoes 38.3183 -0 0
rfemur -23.3344 -2.50068 19.9112
rtibia 38.5868 -0 0
rfoot -27.5667 -8.26289 0.961898
rtoes 18.4507 -0 0
lowerback -1.76743 3.18924 -5.0959
upperback -2.13073 4.31784 2.78198
thorax -1.79624 2.29891 5.8449
lowerneck -9.98874 -2.17661 1.8564
upperneck -1.31728 -3.07485 -1.09432
head 1.22136 -1.55945 -0.772796
lclavicle -1.06031e-13 -3.97578e-14 -3.41853e-30
lhumerus -42.0033 -11.2816 98.6052
lradius 35.8661 -0 0
lwrist 3.48898 0 0
lhand -10.3246 3.17639 0.0433429
lfingers 7.12502 -0 0
lthumb 15.6633 32.4756 0.00956626
rclavicle -1.06031e-13 -3.97578e-14 -3.41853e-30
rhumerus -43.6868 -5.85831 -83.4415
rradius 43.9143 -0 0
rwrist 6.76271 0 0
rhand -24.2981 -22.641 0.00939098
rfingers 7.12502 -0 0
rthumb 2.18952 -52.6069 0.00912581
18
root 6.33636 16.8291 -27.9638 7.88722 -2.30782 -1.90235
lfemur -19.018 3.07126 -20.7133
ltibia 35.2696 -0 0
lfoot -37.1787 3.20106 -0.203353
ltoes 38.2755 -0 0
rfemur -23.7414 -2.76848 20.0105
rtibia 38.9283 -0 0
rfoot -27.2886 -8.05317 1.04563
rtoes 18.1018 -0 0
lowerback -1.65344 3.14342 -5.1129
upperback -2.08501 4.2501 2.75515
thorax -1.80121 2.26512 5.83236
lowerneck -10.0039 -2.16673 1.84138
upperneck -1.3079 -3.06105 -1.06518
head 1.22777 -1.55175 -0.760482
lclavicle -1.0563e-13 -3.94069e-14 -3.73605e-30
lhumerus -42.0029 -11.3557 98.5531
lradius 35.9726 -0 0
lwrist 3.58055 0 0
lhand -10.2014 3.18307 0.0473513
lfingers 7.12502 -0 0
lthumb 15.7814 32.4653 0.0106474
rclavicle -1.0563e-13 -3.94069e-14 -3.73605e-30
rhumerus -43.6671 -5.99169 -83.2937
rradius 44.1565 -0 0
rwrist 6.4736 0 0
rhand -24.3252 -22.6641 0.0100433
rfingers 7.12502 -0 0
rthumb 2.16332 -52.6301 0.00976436
19
root 6.34539 16.8271 -27.953 7.76616 -2.23562 -1.84265
lfemur -18.9348 3.13879 -20.7261
ltibia 35.2741 -0 0
lfoot -37.0568 3.09807 -0.219706
ltoes 38.2317 -0 0
rfemur -24.1584 -3.04172 20.1142
rtibia 39.2777 -0 0
rfoot -27.004 -7.83809 1.13021
rtoes 17.7444 -0 0
lowerback -1.53669 3.09658 -5.1304
upperback -2.03821 4.18082 2.72771
thorax -1.80638 2.23056 5.8196
lowerneck -10.0194 -2.15665 1.82601
upperneck -1.29829 -3.04696 -1.03541
head 1.23434 -1.54388 -0.747898
lclavicle -1.05209e-13 -3.90462e-14 -4.05911e-30
lhumerus -42.0023 -11.4316 98.4998
lradius 36.0814 -0 0
lwrist 3.67419 0 0
lhand -10.0751 3.19086 0.0514293
lfingers 7.12502 -0 0
lthumb 15.9022 32.4558 0.0117703
rclavicle -1.05209e-13 -3.90462e-14 -4.05911e-30
rhumerus -43.6471 -6.12825 -83.1423
rradius 44.4041 -0 0
rwrist 6.17782 0 0
rhand -24.3528 -22.6876 0.0106844
rfingers 7.12502 -0 0
rthumb 2.13668 -52.6537 0.0103925
20
root 6.35462 16.825 -27.9419 7.64247 -2.16165 -1.78186
lfemur -18.8498 3.20782 -20.739
ltibia 35.2787 -0 0
lfoot -36.9323 2.99274 -0.236188
ltoes 38.1869 -0 0
rfemur -24.5852 -3.32023 20.2225
rtibia 39.6349 -0 0
rfoot -26.713 -7.61774 1.21553
rtoes 17.3785 -0 0
lowerback -1.41723 3.04875 -5.14841
upperback -1.99036 4.11005 2.69967
thorax -1.81173 2.19525 5.80662
lowerneck -10.0353 -2.14635 1.8103
upperneck -1.28846 -3.03256 -1.00503
head 1.24105 -1.53585 -0.735048
lclavicle -1.04766e-13 -3.86758e-14 -4.38723e-30
lhumerus -42.0017 -11.5092 98.4455
lradius 36.1927 -0 0
lwrist 3.76985 0 0
lhand -9.94602 3.19974 0.0555712
lfingers 7.12502 -0 0
lthumb 16.0259 32.447 0.012933
rclavicle -1.04766e-13 -3.86758e-14 -4.38723e-30
rhumerus -43.627 -6.26793 -82.9875
rradius 44.657 -0 0
rwrist 5.87548 0 0
rhand -24.3808 -22.7115 0.0113139
rfingers 7.12502 -0 0
rthumb 2.10961 -52.6777 0.01101
21
root 6.36404 16.8228 -27.9307 7.51621 -2.08592 -1.72002
lfemur -18.763 3.27831 -20.752
ltibia 35.2835 -0 0
lfoot -36.8051 2.8851 -0.252778
ltoes 38.1413 -0 0
rfemur -25.0217 -3.60382 20.3353
rtibia 39.9997 -0 0
rfoot -26.4156 -7.39217 1.30149
rtoes 17.0044 -0 0
lowerback -1.2951 2.99996 -5.16693
upperback -1.94147 4.03781 2.67104
thorax -1.81728 2.15919 5.79344
lowerneck -10.0516 -2.13586 1.79424
upperneck -1.2784 -3.01788 -0.974044
head 1.24791 -1.52765 -0.721938
lclavicle -1.04302e-13 -3.82961e-14 -4.71995e-30
lhumerus -42.001 -11.5885 98.3901
lradius 36.3063 -0 0
lwrist 3.86755 0 0
lhand -9.81405 3.20971 0.0597711
lfingers 7.12502 -0 0
lthumb 16.1523 32.4388 0.0141335
rclavicle -1.04302e-13 -3.82961e-14 -4.71995e-30
rhumerus -43.6067 -6.41066 -82.8293
rradius 44.9151 -0 0
rwrist 5.56672 0 0
rhand -24.4093 -22.7359 0.0119317
rfingers 7.12502 -0 0
rthumb 2.08212 -52.7022 0.0116166
22
root 6.37366 16.8206 -27.9191 7.38744 -2.00846 -1.65716
lfemur -18.6745 3.35025 -20.7651
ltibia 35.2884 -0 0
lfoot -36.6753 2.77521 -0.269454
ltoes 38.0947 -0 0
rfemur -25.4679 -3.8923 20.4527
rtibia 40.372 -0 0
rfoot -26.1121 -7.16147 1.38798
rtoes 16.6222 -0 0
lowerback -1.17036 2.95022 -5.18594
upperback -1.89155 3.96414 2.64182
thorax -1.82301 2.12241 5.78005
lowerneck -10.0681 -2.12516 1.77784
upperneck -1.26813 -3.00291 -0.942463
head 1.25492 -1.5193 -0.708572
lclavicle -1.03817e-13 -3.79071e-14 -5.05677e-30
lhumerus -42.0001 -11.6694 98.3336
lradius 36.4221 -0 0
lwrist 3.96715 0 0
lhand -9.67928 3.22073 0.0640231
lfingers 7.12502 -0 0
lthumb 16.2813 32.4313 0.0153698
rclavicle -1.03817e-13 -3.79071e-14 -5.05677e-30
rhumerus -43.5863 -6.5564 -82.6678
rradius 45.1783 -0 0
rwrist 5.25166 0 0
rhand -24.4382 -22.7606 0.0125375
rfingers 7.12502 -0 0
rthumb 2.05421 -52.7271 0.012212
23
root 6.38346 16.8184 -27.9074 7.25622 -1.9293 -1.59331
lfemur -18.5843 3.4236 -20.7782
ltibia 35.2936 -0 0
lfoot -36.5429 2.6631 -0.286195
ltoes 38.0473 -0 0
rfemur -25.9236 -4.18548 20.575
rtibia 40.7516 -0 0
rfoot -25.8024 -6.92571 1.47487
rtoes 16.2322 -0 0
lowerback -1.04305 2.89957 -5.20546
upperback -1.84063 3.88905 2.61202
thorax -1.82892 2.08491 5.76646
lowerneck -10.085 -2.11426 1.76112
upperneck -1.25765 -2.98767 -0.910302
head 1.26206 -1.51079 -0.694956
lclavicle -1.03312e-13 -3.75091e-14 -5.39721e-30
lhumerus -41.9991 -11.7519 98.2761
lradius 36.5403 -0 0
lwrist 4.06867 0 0
lhand -9.54179 3.23279 0.0683213
lfingers 7.12502 -0 0
lthumb 16.413 32.4245 0.0166398
rclavicle -1.03312e-13 -3.75091e-14 -5.39721e-30
rhumerus -43.5658 -6.70508 -82.503
rradius 45.4465 -0 0
rwrist 4.93044 0 0
rhand -24.4675 -22.7858 0.0131309
rfingers 7.12502 -0 0
rthumb 2.02587 -52.7524 0.012796
24
root 6.39346 16.8161 -27.8955 7.1226 -1.84846 -1.5285
lfemur -18.4925 3.49834 -20.7915
ltibia 35.2989 -0 0
lfoot -36.4081 2.54881 -0.30298
ltoes 37.999 -0 0
rfemur -26.3887 -4.48316 20.702
rtibia 41.1383 -0 0
rfoot -25.4866 -6.68496 1.56208
rtoes 15.8345 -0 0
lowerback -0.913233 2.84801 -5.22548
upperback -1.78871 3.81255 2.58164
thorax -1.835 2.04671 5.75268
lowerneck -10.1022 -2.10318 1.74408
upperneck -1.24695 -2.97216 -0.87757
head 1.26934 -1.50212 -0.681093
lclavicle -1.02787e-13 -3.71023e-14 -5.7408e-30
lhumerus -41.998 -11.8359 98.2176
lradius 36.6606 -0 0
lwrist 4.17205 0 0
lhand -9.40161 3.24589 0.0726595
lfingers 7.12502 -0 0
lthumb 16.5472 32.4184 0.0179412
rclavicle -1.02787e-13 -3.71023e-14 -5.7408e-30
rhumerus -43.5453 -6.85665 -82.3351
rradius 45.7197 -0 0
rwrist 4.60318 0 0
rhand -24.4972 -22.8115 0.0137119
rfingers 7.12502 -0 0
rthumb 1.99713 -52.7781 0.0133682
25
root 6.40363 16.8137 -27.8833 6.98664 -1.76595 -1.46279
lfemur -18.3991 3.57444 -20.8048
ltibia 35.3044 -0 0
lfoot -36.2708 2.43239 -0.319786
ltoes 37.9498 -0 0
rfemur -26.8631 -4.78516 20.834
rtibia 41.5321 -0 0
rfoot -25.165 -6.43931 1.64947
rtoes 15.4292 -0 0
lowerback -0.780956 2.79557 -5.24599
upperback -1.73583 3.73474 2.5507
thorax -1.84126 2.00783 5.73871
lowerneck -10.1198 -2.0919 1.72672
upperneck -1.23605 -2.95639 -0.84428
head 1.27675 -1.49331 -0.666991
lclavicle -1.02242e-13 -3.66869e-14 -6.08705e-30
lhumerus -41.9967 -11.9215 98.158
lradius 36.783 -0 0
lwrist 4.27725 0 0
lhand -9.2588 3.25999 0.0770318
lfingers 7.12502 -0 0
lthumb 16.684 32.4129 0.0192719
rclavicle -1.02242e-13 -3.66869e-14 -6.08705e-30
rhumerus -43.5247 -7.01106 -82.164
rradius 45.9976 -0 0
rwrist 4.27 0 0
rhand -24.5274 -22.8375 0.0142801
rfingers 7.12502 -0 0
rthumb 1.96798 -52.8043 0.0139285
26
root 6.41398 16.8114 -27.871 6.84839 -1.68181 -1.39619
lfemur -18.3041 3.65187 -20.8181
ltibia 35.31 -0 0
lfoot -36.1311 2.31388 -0.336594
ltoes 37.8998 -0 0
rfemur -27.3466 -5.09128 20.971
rtibia 41.9328 -0 0
rfoot -24.8375 -6.18883 1.73696
rtoes 15.0166 -0 0
lowerback -0.646268 2.74229 -5.267
upperback -1.68201 3.65562 2.51921
thorax -1.84768 1.96828 5.72455
lowerneck -10.1376 -2.08045 1.70905
upperneck -1.22495 -2.94035 -0.810444
head 1.2843 -1.48436 -0.652652
lclavicle -1.01678e-13 -3.62631e-14 -6.43547e-30
lhumerus -41.9953 -12.0086 98.0975
lradius 36.9076 -0 0
lwrist 4.38425 0 0
lhand -9.11342 3.27509 0.0814321
lfingers 7.12502 -0 0
lthumb 16.8232 32.4081 0.0206295
rclavicle -1.01678e-13 -3.62631e-14 -6.43547e-30
rhumerus -43.5043 -7.16825 -81.9899
rradius 46.2802 -0 0
rwrist 3.93103 0 0
rhand -24.558 -22.8639 0.0148352
rfingers 7.12502 -0 0
rthumb 1.93844 -52.8308 0.0144765
27
root 6.42451 16.8089 -27.8584 6.70792 -1.59605 -1.32874
lfemur -18.2076 3.7306 -20.8315
ltibia 35.3159 -0 0
lfoot -35.989 2.19332 -0.353382
ltoes 37.849 -0 0
rfemur -27.8393 -5.40132 21.1131
rtibia 42.3402 -0 0
rfoot -24.5042 -5.93359 1.82442
rtoes 14.5967 -0 0
lowerback -0.509222 2.68816 -5.28851
upperback -1.62726 3.5752 2.48717
thorax -1.85427 1.92807 5.71022
lowerneck -10.1558 -2.06882 1.69108
upperneck -1.21365 -2.92407 -0.776072
head 1.29197 -1.47526 -0.638084
lclavicle -1.01095e-13 -3.5831e-14 -6.78557e-30
lhumerus -41.9938 -12.0971 98.0361
lradius 37.0342 -0 0
lwrist 4.493 0 0
lhand -8.96552 3.29116 0.0858543
lfingers 7.12502 -0 0
lthumb 16.9648 32.4039 0.0220117
rclavicle -1.01095e-13 -3.5831e-14 -6.78557e-30
rhumerus -43.4838 -7.32816 -81.8128
rradius 46.5674 -0 0
rwrist 3.5864 0 0
rhand -24.589 -22.8907 0.0153771
rfingers 7.12502 -0 0
rthumb 1.90849 -52.8578 0.015012
28
root 6.4352 16.8065 -27.8457 6.56528 -1.50871 -1.26048
lfemur -18.1095 3.81061 -20.8449
ltibia 35.3219 -0 0
lfoot -35.8447 2.07076 -0.37013
ltoes 37.7973 -0 0
rfemur -28.3409 -5.71508 21.2603
rtibia 42.7542 -0 0
rfoot -24.1653 -5.67368 1.91176
rtoes 14.1699 -0 0
lowerback -0.369867 2.63323 -5.3105
upperback -1.57159 3.49354 2.45458
thorax -1.86102 1.88723 5.69571
lowerneck -10.1742 -2.05701 1.67281
upperneck -1.20216 -2.90754 -0.741178
head 1.29978 -1.46602 -0.623289
lclavicle -1.00493e-13 -3.5391e-14 -7.13688e-30
lhumerus -41.9921 -12.1871 97.9737
lradius 37.1629 -0 0
lwrist 4.60347 0 0
lhand -8.81516 3.30819 0.0902922
lfingers 7.12502 -0 0
lthumb 17.1088 32.4003 0.0234162
rclavicle -1.00493e-13 -3.5391e-14 -7.13688e-30
rhumerus -43.4635 -7.49073 -81.6327
rradius 46.8591 -0 0
rwrist 3.23624 0 0
rhand -24.6204 -22.9179 0.0159054
rfingers 7.12502 -0 0
rthumb 1.87816 -52.8851 0.0155347
29
root 6.44606 16.804 -27.8328 6.42052 -1.4198 -1.19144
lfemur -18.01 3.89187 -20.8583
ltibia 35.328 -0 0
lfoot -35.698 1.94623 -0.386816
ltoes 37.745 -0 0
rfemur -28.8514 -6.03236 21.4128
rtibia 43.1747 -0 0
rfoot -23.8209 -5.40918 1.99885
rtoes 13.7362 -0 0
lowerback -0.228254 2.57751 -5.33299
upperback -1.51503 3.41064 2.42146
thorax -1.86792 1.84575 5.68102
lowerneck -10.1929 -2.04504 1.65425
upperneck -1.19047 -2.89077 -0.705772
head 1.3077 -1.45665 -0.608275
lclavicle -9.9873e-14 -3.49431e-14 -7.48891e-30
lhumerus -41.9902 -12.2785 97.9103
lradius 37.2935 -0 0
lwrist 4.7156 0 0
lhand -8.66239 3.32617 0.0947397
lfingers 7.12502 -0 0
lthumb 17.2551 32.3973 0.0248405
rclavicle -9.9873e-14 -3.49431e-14 -7.48891e-30
rhumerus -43.4433 -7.65592 -81.4498
rradius 47.1552 -0 0
rwrist 2.88068 0 0
rhand -24.6522 -22.9455 0.01642
rfingers 7.12502 -0 0
rthumb 1.84745 -52.9129 0.0160445
30
root 6.45709 16.8015 -27.8196 6.27371 -1.32935 -1.12167
lfemur -17.909 3.97435 -20.8717
ltibia 35.3343 -0 0
lfoot -35.5492 1.81978 -0.403422
ltoes 37.6918 -0 0
rfemur -29.3707 -6.35296 21.5707
rtibia 43.6014 -0 0
rfoot -23.471 -5.14018 2.0856
rtoes 13.2958 -0 0
lowerback -0.0844337 2.52103 -5.35596
upperback -1.45759 3.32656 2.38781
thorax -1.87498 1.80366 5.66617
lowerneck -10.212 -2.0329 1.63541
upperneck -1.1786 -2.87377 -0.669866
head 1.31575 -1.44714 -0.593044
lclavicle -9.92349e-14 -3.44876e-14 -7.84118e-30
lhumerus -41.9882 -12.3712 97.8461
lradius 37.426 -0 0
lwrist 4.82936 0 0
lhand -8.50727 3.34508 0.0991908
lfingers 7.12502 -0 0
lthumb 17.4036 32.3949 0.0262822
rclavicle -9.92349e-14 -3.44876e-14 -7.84118e-30
rhumerus -43.4233 -7.82365 -81.2641
rradius 47.4556 -0 0
rwrist 2.51983 0 0
rhand -24.6844 -22.9735 0.0169206
rfingers 7.12502 -0 0
rthumb 1.81635 -52.941 0.0165409
31
root 6.46827 16.7989 -27.8063 6.1249 -1.23739 -1.05118
lfemur -17.8067 4.05802 -20.8851
ltibia 35.3408 -0 0
lfoot -35.3983 1.69145 -0.419925
ltoes 37.6379 -0 0
rfemur -29.8987 -6.67667 21.7339
rtibia 44.0343 -0 0
rfoot -23.1157 -4.86674 2.17191
rtoes 12.8489 -0 0
lowerback 0.0615426 2.4638 -5.37942
upperback -1.39929 3.24131 2.35364
thorax -1.88219 1.76097 5.65116
lowerneck -10.2313 -2.02061 1.61629
upperneck -1.16654 -2.85654 -0.633472
head 1.32392 -1.43751 -0.577604
lclavicle -9.85792e-14 -3.40247e-14 -8.19321e-30
lhumerus -41.9861 -12.4653 97.781
lradius 37.5604 -0 0
lwrist 4.94472 0 0
lhand -8.34984 3.36489 0.103639
lfingers 7.12502 -0 0
lthumb 17.5544 32.3931 0.0277388
rclavicle -9.85792e-14 -3.40247e-14 -8.19321e-30
rhumerus -43.4034 -7.99388 -81.0756
rradius 47.7602 -0 0
rwrist 2.15384 0 0
rhand -24.717 -23.0018 0.017407
rfingers 7.12502 -0 0
rthumb 1.78488 -52.9694 0.0170239
32
root 6.47961 16.7963 -27.7928 5.97414 -1.14393 -0.980011
lfemur -17.703 4.14286 -20.8985
ltibia 35.3474 -0 0
lfoot -35.2452 1.56129 -0.436308
ltoes 37.5833 -0 0
rfemur -30.4353 -7.00329 21.9026
rtibia 44.4732 -0 0
rfoot -22.7553 -4.58897 2.25766
rtoes 12.3957 -0 0
lowerback 0.209625 2.40586 -5.40336
upperback -1.34015 3.15492 2.31896
thorax -1.88954 1.71769 5.63599
lowerneck -10.2508 -2.00815 1.5969
upperneck -1.1543 -2.83909 -0.596602
head 1.3322 -1.42775 -0.561957
lclavicle -9.79062e-14 -3.35546e-14 -8.54453e-30
lhumerus -41.9838 -12.5607 97.7151
lradius 37.6967 -0 0
lwrist 5.06163 0 0
lhand -8.19017 3.3856 0.108079
lfingers 7.12502 -0 0
lthumb 17.7073 32.3919 0.0292079
rclavicle -9.79062e-14 -3.35546e-14 -8.54453e-30
rhumerus -43.3838 -8.16654 -80.8845
rradius 48.0688 -0 0
rwrist 1.78281 0 0
rhand -24.75 -23.0305 0.017879
rfingers 7.12502 -0 0
rthumb 1.75304 -52.9983 0.0174931
33
root 6.49109 16.7936 -27.7792 5.8215 -1.04901 -0.908205
lfemur -17.5979 4.22884 -20.9119
ltibia 35.3541 -0 0
lfoot -35.0901 1.42933 -0.452549
ltoes 37.528 -0 0
rfemur -30.9803 -7.33261 22.0769
rtibia 44.9179 -0 0
rfoot -22.3897 -4.30694 2.34275
rtoes 11.9363 -0 0
lowerback 0.359762 2.34721 -5.42779
upperback -1.28019 3.06744 2.28376
thorax -1.89703 1.67384 5.62067
lowerneck -10.2707 -1.99555 1.57724
upperneck -1.14189 -2.82143 -0.559267
head 1.34059 -1.41787 -0.546111
lclavicle -9.72162e-14 -3.30774e-14 -8.89466e-30
lhumerus -41.9813 -12.6574 97.6483
lradius 37.8347 -0 0
lwrist 5.18006 0 0
lhand -8.02831 3.40718 0.112504
lfingers 7.12502 -0 0
lthumb 17.8623 32.3913 0.0306869
rclavicle -9.72162e-14 -3.30774e-14 -8.89466e-30
rhumerus -43.3645 -8.34158 -80.6907
rradius 48.3815 -0 0
rwrist 1.40689 0 0
rhand -24.7833 -23.0596 0.0183363
rfingers 7.12502 -0 0
rthumb 1.72084 -53.0275 0.0179484
34
root 6.50273 16.791 -27.7654 5.66702 -0.952646 -0.83579
lfemur -17.4916 4.31593 -20.9253
ltibia 35.361 -0 0
lfoot -34.933 1.29563 -0.46863
ltoes 37.4719 -0 0
rfemur -31.5338 -7.66442 22.2568
rtibia 45.3684 -0 0
rfoot -22.019 -4.02074 2.42708
rtoes 11.4709 -0 0
lowerback 0.511903 2.28789 -5.45269
upperback -1.21941 2.97888 2.24807
thorax -1.90466 1.62944 5.6052
lowerneck -10.2908 -1.9828 1.55733
upperneck -1.12931 -2.80356 -0.521478
head 1.3491 -1.40787 -0.530069
lclavicle -9.65095e-14 -3.25935e-14 -9.24313e-30
lhumerus -41.9786 -12.7553 97.5807
lradius 37.9744 -0 0
lwrist 5.29996 0 0
lhand -7.86431 3.42963 0.116908
lfingers 7.12502 -0 0
lthumb 18.0193 32.3913 0.0321734
rclavicle -9.65095e-14 -3.25935e-14 -9.24313e-30
rhumerus -43.3454 -8.51895 -80.4944
rradius 48.698 -0 0
rwrist 1.0262 0 0
rhand -24.817 -23.089 0.0187787
rfingers 7.12502 -0 0
rthumb 1.68829 -53.0571 0.0183894
35
root 6.5145 16.7883 -27.7514 5.51076 -0.854865 -0.762801
lfemur -17.384 4.4041 -20.9386
ltibia 35.3681 -0 0
lfoot -34.774 1.16022 -0.484532
ltoes 37.4153 -0 0
rfemur -32.0955 -7.99851 22.4424
rtibia 45.8244 -0 0
rfoot -21.6434 -3.73046 2.51055
rtoes 10.9996 -0 0
lowerback 0.665998 2.22791 -5.47806
upperback -1.15786 2.88928 2.21189
thorax -1.91243 1.5845 5.58958
lowerneck -10.3111 -1.96991 1.53716
upperneck -1.11655 -2.78549 -0.483248
head 1.35771 -1.39775 -0.513837
lclavicle -9.57865e-14 -3.21029e-14 -9.58949e-30
lhumerus -41.9758 -12.8544 97.5123
lradius 38.1158 -0 0
lwrist 5.42129 0 0
lhand -7.69823 3.45291 0.121286
lfingers 7.12502 -0 0
lthumb 18.1784 32.3918 0.0336647
rclavicle -9.57865e-14 -3.21029e-14 -9.58949e-30
rhumerus -43.3267 -8.69857 -80.2956
rradius 49.0183 -0 0
rwrist 0.64087 0 0
rhand -24.8511 -23.1187 0.019206
rfingers 7.12502 -0 0
rthumb 1.65538 -53.087 0.018816
36
root 6.52642 16.7855 -27.7372 5.35279 -0.755694 -0.689269
lfemur -17.2752 4.49332 -20.9518
ltibia 35.3753 -0 0
lfoot -34.6131 1.02314 -0.500236
ltoes 37.3579 -0 0
rfemur -32.6655 -8.33467 22.6337
rtibia 46.2859 -0 0
rfoot -21.263 -3.4362 2.59305
rtoes 10.5228 -0 0
lowerback 0.821995 2.1673 -5.50391
upperback -1.09553 2.79866 2.17523
thorax -1.92032 1.53903 5.57383
lowerneck -10.3317 -1.95689 1.51674
upperneck -1.10364 -2.76722 -0.444588
head 1.36643 -1.38753 -0.497419
lclavicle -9.50475e-14 -3.1606e-14 -9.93328e-30
lhumerus -41.9728 -12.9547 97.4431
lradius 38.2589 -0 0
lwrist 5.54402 0 0
lhand -7.53012 3.47702 0.125631
lfingers 7.12502 -0 0
lthumb 18.3393 32.3928 0.0351585
rclavicle -9.50475e-14 -3.1606e-14 -9.93328e-30
rhumerus -43.3084 -8.8804 -80.0944
rradius 49.3423 -0 0
rwrist 0.25102 0 0
rhand -24.8855 -23.1488 0.0196181
rfingers 7.12502 -0 0
rthumb 1.62212 -53.1172 0.019228
37
root 6.53847 16.7827 -27.7229 5.19314 -0.655158 -0.615229
lfemur -17.1652 4.58358 -20.965
ltibia 35.3826 -0 0
lfoot -34.4503 0.884452 -0.515723
ltoes 37.3 -0 0
rfemur -33.2435 -8.67268 22.8309
rtibia 46.7526 -0 0
rfoot -20.8779 -3.13804 2.6745
rtoes 10.0404 -0 0
lowerback 0.979845 2.10609 -5.53022
upperback -1.03245 2.70707 2.13808
thorax -1.92834 1.49304 5.55794
lowerneck -10.3525 -1.94373 1.49609
upperneck -1.09056 -2.74877 -0.405511
head 1.37524 -1.37719 -0.480821
lclavicle -9.42928e-14 -3.11028e-14 -1.0274e-29
lhumerus -41.9696 -13.0562 97.3731
lradius 38.4036 -0 0
lwrist 5.6681 0 0
lhand -7.36004 3.50194 0.129937
lfingers 7.12502 -0 0
lthumb 18.5022 32.3944 0.0366521
rclavicle -9.42928e-14 -3.11028e-14 -1.0274e-29
rhumerus -43.2904 -9.06437 -79.8908
rradius 49.6698 -0 0
rwrist -0.14322 0 0
rhand -24.9203 -23.1792 0.0200146
rfingers 7.12502 -0 0
rthumb 1.58852 -53.1478 0.0196252
38
root 6.55065 16.7799 -27.7085 5.03189 -0.553283 -0.540712
lfemur -17.054 4.67483 -20.9781
ltibia 35.39 -0 0
lfoot -34.2857 0.744184 -0.530976
ltoes 37.2414 -0 0
rfemur -33.8296 -9.01233 23.0339
rtibia 47.2244 -0 0
rfoot -20.4882 -2.83607 2.75478
rtoes 9.55279 -0 0
lowerback 1.1395 2.04428 -5.55701
upperback -0.968635 2.61452 2.10047
thorax -1.93648 1.44656 5.54193
lowerneck -10.3736 -1.93044 1.47521
upperneck -1.07732 -2.73013 -0.366026
head 1.38416 -1.36675 -0.464048
lclavicle -9.35228e-14 -3.05936e-14 -1.06113e-29
lhumerus -41.9662 -13.1588 97.3024
lradius 38.5498 -0 0
lwrist 5.79351 0 0
lhand -7.18804 3.52766 0.134199
lfingers 7.12502 -0 0
lthumb 18.6669 32.3965 0.0381431
rclavicle -9.35228e-14 -3.05936e-14 -1.06113e-29
rhumerus -43.2729 -9.25043 -79.6849
rradius 50.0008 -0 0
rwrist -0.541722 0 0
rhand -24.9554 -23.21 0.0203955
rfingers 7.12502 -0 0
rthumb 1.55458 -53.1787 0.0200072
39
root 6.56296 16.7771 -27.6939 4.86908 -0.450096 -0.465751
lfemur -16.9417 4.76705 -20.9911
ltibia 35.3976 -0 0
lfoot -34.1194 0.602383 -0.545976
ltoes 37.1822 -0 0
rfemur -34.4236 -9.35342 23.2428
rtibia 47.7012 -0 0
rfoot -20.094 -2.53039 2.83381
rtoes 9.06 -0 0
lowerback 1.3009 1.98191 -5.58425
upperback -0.904107 2.52105 2.0624
thorax -1.94474 1.39959 5.52579
lowerneck -10.3949 -1.91703 1.45409
upperneck -1.06394 -2.71131 -0.326147
head 1.39318 -1.35621 -0.447105
lclavicle -9.27378e-14 -3.00786e-14 -1.09447e-29
lhumerus -41.9627 -13.2624 97.231
lradius 38.6975 -0 0
lwrist 5.92018 0 0
lhand -7.01418 3.55414 0.138411
lfingers 7.12502 -0 0
lthumb 18.8334 32.3991 0.0396288
rclavicle -9.27378e-14 -3.00786e-14 -1.09447e-29
rhumerus -43.2558 -9.43852 -79.4768
rradius 50.3352 -0 0
rwrist -0.944359 0 0
rhand -24.9909 -23.241 0.0207605
rfingers 7.12502 -0 0
rthumb 1.52031 -53.2099 0.0203741
40
root 6.57539 16.7742 -27.6791 4.70477 -0.345622 -0.390379
lfemur -16.8284 4.86022 -21.004
ltibia 35.4053 -0 0
lfoot -33.9514 0.459095 -0.560707
ltoes 37.1225 -0 0
rfemur -35.0254 -9.69571 23.4577
rtibia 48.1829 -0 0
rfoot -19.6954 -2.2211 2.91149
rtoes 8.56224 -0 0
lowerback 1.464 1.919 -5.61195
upperback -0.838881 2.42669 2.02388
thorax -1.95311 1.35215 5.50952
lowerneck -10.4164 -1.90349 1.43276
upperneck -1.0504 -2.69233 -0.285885
head 1.40228 -1.34557 -0.429996
lclavicle -9.19382e-14 -2.9558e-14 -1.12737e-29
lhumerus -41.9589 -13.3671 97.1589
lradius 38.8467 -0 0
lwrist 6.0481 0 0
lhand -6.83851 3.58138 0.142567
lfingers 7.12502 -0 0
lthumb 19.0016 32.4022 0.041107
rclavicle -9.19382e-14 -2.9558e-14 -1.12737e-29
rhumerus -43.2392 -9.62857 -79.2664
rradius 50.6729 -0 0
rwrist -1.351 0 0
rhand -25.0267 -23.2724 0.0211094
rfingers 7.12502 -0 0
rthumb 1.48572 -53.2415 0.0207254
41
root 6.58795 16.7713 -27.6643 4.53901 -0.23989 -0.314626
lfemur -16.714 4.9543 -21.0168
ltibia 35.4132 -0 0
lfoot -33.7818 0.314361 -0.575151
ltoes 37.0622 -0 0
rfemur -35.635 -10.039 23.6787
rtibia 48.6692 -0 0
rfoot -19.2925 -1.9083 2.98773
rtoes 8.0597 -0 0
lowerback 1.62875 1.85556 -5.64011
upperback -0.772977 2.33147 1.98492
thorax -1.9616 1.30426 5.49314
lowerneck -10.4381 -1.88985 1.41121
upperneck -1.03672 -2.67318 -0.245252
head 1.41148 -1.33484 -0.412728
lclavicle -9.11243e-14 -2.9032e-14 -1.1598e-29
lhumerus -41.955 -13.4728 97.0861
lradius 38.9972 -0 0
lwrist 6.17722 0 0
lhand -6.66108 3.60937 0.146661
lfingers 7.12502 -0 0
lthumb 19.1715 32.4058 0.042575
rclavicle -9.11243e-14 -2.9032e-14 -1.1598e-29
rhumerus -43.2231 -9.82054 -79.054
rradius 51.0137 -0 0
rwrist -1.76153 0 0
rhand -25.0629 -23.3041 0.0214422
rfingers 7.12502 -0 0
rthumb 1.4508 -53.2734 0.0210612
42
root 6.60061 16.7684 -27.6492 4.37186 -0.132925 -0.238526
lfemur -16.5985 5.04927 -21.0295
ltibia 35.4211 -0 0
lfoot -33.6105 0.168227 -0.589292
ltoes 37.0013 -0 0
rfemur -36.2522 -10.3831 23.9057
rtibia 49.1601 -0 0
rfoot -18.8855 -1.59207 3.06244
rtoes 7.55253 -0 0
lowerback 1.79511 1.79163 -5.66871
upperback -0.706413 2.23542 1.94551
thorax -1.97019 1.25593 5.47665
lowerneck -10.46 -1.87609 1.38946
upperneck -1.02289 -2.65387 -0.204259
head 1.42077 -1.32401 -0.395304
lclavicle -9.02963e-14 -2.85007e-14 -1.1917e-29
lhumerus -41.9508 -13.5796 97.0126
lradius 39.1492 -0 0
lwrist 6.30749 0 0
lhand -6.48195 3.63807 0.150689
lfingers 7.12502 -0 0
lthumb 19.343 32.4099 0.0440304
rclavicle -9.02963e-14 -2.85007e-14 -1.1917e-29
rhumerus -43.2075 -10.0143 -78.8394
rradius 51.3576 -0 0
rwrist -2.17581 0 0
rhand -25.0994 -23.3361 0.0217586
rfingers 7.12502 -0 0
rthumb 1.41557 -53.3055 0.0213812
43
root 6.61339 16.7655 -27.6341 4.20338 -0.024756 -0.162107
lfemur -16.4821 5.14509 -21.0421
ltibia 35.4292 -0 0
lfoot -33.4378 0.0207362 -0.603114
ltoes 36.94 -0 0
rfemur -36.877 -10.7277 24.1387
rtibia 49.6553 -0 0
rfoot -18.4744 -1.27253 3.13553
rtoes 7.04091 -0 0
lowerback 1.963 1.72722 -5.69777
upperback -0.639206 2.13857 1.90568
thorax -1.97888 1.20717 5.46006
lowerneck -10.4821 -1.86223 1.36751
upperneck -1.00893 -2.63441 -0.162918
head 1.43014 -1.3131 -0.37773
lclavicle -8.94547e-14 -2.79645e-14 -1.22305e-29
lhumerus -41.9465 -13.6872 96.9385
lradius 39.3025 -0 0
lwrist 6.43888 0 0
lhand -6.30118 3.66748 0.154645
lfingers 7.12502 -0 0
lthumb 19.5161 32.4145 0.0454707
rclavicle -8.94547e-14 -2.79645e-14 -1.22305e-29
rhumerus -43.1925 -10.2099 -78.6229
rradius 51.7045 -0 0
rwrist -2.59372 0 0
rhand -25.1362 -23.3684 0.0220585
rfingers 7.12502 -0 0
rthumb 1.38003 -53.338 0.0216852
44
root 6.62628 16.7625 -27.6188 4.0336 0.0845903 -0.0854032
lfemur -16.3648 5.24175 -21.0545
ltibia 35.4374 -0 0
lfoot -33.2636 -0.128067 -0.616601
ltoes 36.8781 -0 0
rfemur -37.5092 -11.0726 24.378
rtibia 50.1548 -0 0
rfoot -18.0594 -0.949776 3.20691
rtoes 6.52501 -0 0
lowerback 2.1324 1.66235 -5.72726
upperback -0.571375 2.04095 1.86543
thorax -1.98767 1.15799 5.44336
lowerneck -10.5044 -1.84826 1.34536
upperneck -0.994838 -2.6148 -0.121241
head 1.4396 -1.3021 -0.360011
lclavicle -8.85998e-14 -2.74234e-14 -1.25379e-29
lhumerus -41.9419 -13.7958 96.8638
lradius 39.457 -0 0
lwrist 6.57135 0 0
lhand -6.11881 3.69758 0.158523
lfingers 7.12502 -0 0
lthumb 19.6907 32.4196 0.0468937
rclavicle -8.85998e-14 -2.74234e-14 -1.25379e-29
rhumerus -43.1781 -10.4073 -78.4044
rradius 52.0542 -0 0
rwrist -3.01513 0 0
rhand -25.1733 -23.401 0.0223418
rfingers 7.12502 -0 0
rthumb 1.34419 -53.3708 0.0219731
45
root 6.63927 16.7595 -27.6035 3.8626 0.195086 -0.00844337
lfemur -16.2465 5.33921 -21.0669
ltibia 35.4457 -0 0
lfoot -33.0879 -0.278138 -0.629737
ltoes 36.8157 -0 0
rfemur -38.1488 -11.4177 24.6233
rtibia 50.6584 -0 0
rfoot -17.6406 -0.623908 3.2765
rtoes 6.005 -0 0
lowerback 2.30325 1.59705 -5.7572
upperback -0.502939 1.94259 1.82477
thorax -1.99656 1.10842 5.42656
lowerneck -10.5269 -1.8342 1.32302
upperneck -0.980615 -2.59505 -0.0792395
head 1.44913 -1.29102 -0.342152
lclavicle -8.77319e-14 -2.68778e-14 -1.2839e-29
lhumerus -41.9372 -13.9053 96.7885
lradius 39.6127 -0 0
lwrist 6.70487 0 0
lhand -5.93491 3.72835 0.162319
lfingers 7.12502 -0 0
lthumb 19.8668 32.4251 0.0482968
rclavicle -8.77319e-14 -2.68778e-14 -1.2839e-29
rhumerus -43.1643 -10.6063 -78.1841
rradius 52.4067 -0 0
rwrist -3.43991 0 0
rhand -25.2107 -23.4339 0.0226083
rfingers 7.12502 -0 0
rthumb 1.30804 -53.4038 0.0222448
46
root 6.65236 16.7564 -27.588 3.69043 0.306702 0.0687417
lfemur -16.1274 5.43745 -21.079
ltibia 35.4541 -0 0
lfoot -32.9109 -0.429432 -0.642508
ltoes 36.7529 -0 0
rfemur -38.7956 -11.7627 24.8749
rtibia 51.1659 -0 0
rfoot -17.2181 -0.295033 3.34421
rtoes 5.48106 -0 0
lowerback 2.47549 1.53134 -5.78756
upperback -0.433915 1.84352 1.78371
thorax -2.00555 1.05847 5.40967
lowerneck -10.5496 -1.82005 1.3005
upperneck -0.966265 -2.57517 -0.036925
head 1.45875 -1.27986 -0.324158
lclavicle -8.68514e-14 -2.63277e-14 -1.31333e-29
lhumerus -41.9322 -14.0156 96.7126
lradius 39.7697 -0 0
lwrist 6.83938 0 0
lhand -5.74952 3.75978 0.166027
lfingers 7.12502 -0 0
lthumb 20.0443 32.431 0.0496778
rclavicle -8.68514e-14 -2.63277e-14 -1.31333e-29
rhumerus -43.1511 -10.8069 -77.9619
rradius 52.7618 -0 0
rwrist -3.86794 0 0
rhand -25.2484 -23.467 0.0228578
rfingers 7.12502 -0 0
rthumb 1.2716 -53.4371 0.0225001
47
root 6.66555 16.7534 -27.5723 3.51713 0.419411 0.146122
lfemur -16.0074 5.53642 -21.0911
ltibia 35.4626 -0 0
lfoot -32.7325 -0.581906 -0.654899
ltoes 36.6896 -0 0
rfemur -39.4496 -12.1074 25.1327
rtibia 51.6773 -0 0
rfoot -16.792 0.0367422 3.40997
rtoes 4.95336 -0 0
lowerback 2.64907 1.46524 -5.81835
upperback -0.364323 1.74377 1.74226
thorax -2.01461 1.00815 5.39269
lowerneck -10.5725 -1.8058 1.27781
upperneck -0.951794 -2.55516 0.00569046
head 1.46843 -1.26863 -0.306034
lclavicle -8.59585e-14 -2.57734e-14 -1.34204e-29
lhumerus -41.9271 -14.1268 96.6361
lradius 39.9277 -0 0
lwrist 6.97485 0 0
lhand -5.56271 3.79184 0.169642
lfingers 7.12502 -0 0
lthumb 20.2232 32.4374 0.0510344
rclavicle -8.59585e-14 -2.57734e-14 -1.34204e-29
rhumerus -43.1386 -11.009 -77.7379
rradius 53.1195 -0 0
rwrist -4.29908 0 0
rhand -25.2864 -23.5005 0.0230904
rfingers 7.12502 -0 0
rthumb 1.23488 -53.4707 0.0227388
48
root 6.67883 16.7503 -27.5566 3.34276 0.533184 0.223668
lfemur -15.8866 5.63612 -21.1029
ltibia 35.4712 -0 0
lfoot -32.5529 -0.735514 -0.666896
ltoes 36.6259 -0 0
rfemur -40.1107 -12.4515 25.3967
rtibia 52.1923 -0 0
rfoot -16.3625 0.371311 3.4737
rtoes 4.42206 -0 0
lowerback 2.82395 1.39877 -5.84957
upperback -0.294181 1.64336 1.70041
thorax -2.02377 0.957468 5.37562
lowerneck -10.5955 -1.79148 1.25494
upperneck -0.937206 -2.53504 0.0485953
head 1.47819 -1.25733 -0.287786
lclavicle -8.50537e-14 -2.52151e-14 -1.37e-29
lhumerus -41.9217 -14.2388 96.5591
lradius 40.0869 -0 0
lwrist 7.11125 0 0
lhand -5.37453 3.82452 0.17316
lfingers 7.12502 -0 0
lthumb 20.4033 32.4442 0.0523642
rclavicle -8.50537e-14 -2.52151e-14 -1.37e-29
rhumerus -43.1268 -11.2127 -77.5123
rradius 53.4797 -0 0
rwrist -4.73322 0 0
rhand -25.3248 -23.5341 0.0233058
rfingers 7.12502 -0 0
rthumb 1.19786 -53.5046 0.0229609
49
root 6.69219 16.7472 -27.5408 3.16738 0.647991 0.30135
lfemur -15.765 5.73651 -21.1146
ltibia 35.4799 -0 0
lfoot -32.372 -0.890211 -0.678486
ltoes 36.5618 -0 0
rfemur -40.7787 -12.7949 25.6669
rtibia 52.7108 -0 0
rfoot -15.9296 0.708563 3.53532
rtoes 3.88734 -0 0
lowerback 3.00007 1.33195 -5.8812
upperback -0.223508 1.54234 1.6582
thorax -2.033 0.906449 5.35848
lowerneck -10.6186 -1.77707 1.23192
upperneck -0.922503 -2.51479 0.0917778
head 1.48802 -1.24595 -0.269417
lclavicle -8.41372e-14 -2.4653e-14 -1.39717e-29
lhumerus -41.9161 -14.3515 96.4816
lradius 40.2471 -0 0
lwrist 7.24853 0 0
lhand -5.18502 3.8578 0.176575
lfingers 7.12502 -0 0
lthumb 20.5848 32.4514 0.0536651
rclavicle -8.41372e-14 -2.4653e-14 -1.39717e-29
rhumerus -43.1157 -11.4177 -77.2849
rradius 53.8422 -0 0
rwrist -5.17022 0 0
rhand -25.3634 -23.5681 0.023504
rfingers 7.12502 -0 0
rthumb 1.16057 -53.5387 0.0231663
50
root 6.70564 16.7441 -27.5249 2.99103 0.763803 0.379139
lfemur -15.6427 5.83755 -21.1261
ltibia 35.4887 -0 0
lfoot -32.19 -1.04595 -0.689657
ltoes 36.4973 -0 0
rfemur -41.4536 -13.1373 25.9434
rtibia 53.2326 -0 0
rfoot -15.4936 1.04839 3.59477
rtoes 3.34937 -0 0
lowerback 3.17739 1.26481 -5.91325
upperback -0.152322 1.44073 1.61561
thorax -2.04232 0.855104 5.34126
lowerneck -10.642 -1.76259 1.20874
upperneck -0.907691 -2.49444 0.135226
head 1.49791 -1.23452 -0.250934
lclavicle -8.32094e-14 -2.40873e-14 -1.42352e-29
lhumerus -41.9103 -14.4649 96.4036
lradius 40.4082 -0 0
lwrist 7.38665 0 0
lhand -4.99426 3.89167 0.179884
lfingers 7.12502 -0 0
lthumb 20.7674 32.4591 0.054935
rclavicle -8.32094e-14 -2.40873e-14 -1.42352e-29
rhumerus -43.1054 -11.6241 -77.056
rradius 54.2069 -0 0
rwrist -5.60996 0 0
rhand -25.4023 -23.6023 0.0236849
rfingers 7.12502 -0 0
rthumb 1.12301 -53.5731 0.0233548
51
root 6.71918 16.741 -27.5089 2.81377 0.880591 0.457007
lfemur -15.5197 5.93923 -21.1375
ltibia 35.4976 -0 0
lfoot -32.0068 -1.2027 -0.700395
ltoes 36.4325 -0 0
rfemur -42.1352 -13.4785 26.2261
rtibia 53.7577 -0 0
rfoot -15.0545 1.39068 3.65196
rtoes 2.80832 -0 0
lowerback 3.35585 1.19736 -5.9457
upperback -0.0806411 1.33855 1.57267
thorax -2.0517 0.803448 5.32397
lowerneck -10.6654 -1.74803 1.1854
upperneck -0.892774 -2.47398 0.178929
head 1.50787 -1.22302 -0.232341
lclavicle -8.22706e-14 -2.35182e-14 -1.44902e-29
lhumerus -41.9042 -14.5791 96.325
lradius 40.5704 -0 0
lwrist 7.52558 0 0
lhand -4.80228 3.9261 0.183082
lfingers 7.12502 -0 0
lthumb 20.9512 32.4671 0.0561717
rclavicle -8.22706e-14 -2.35182e-14 -1.44902e-29
rhumerus -43.0958 -11.8319 -76.8256
rradius 54.5738 -0 0
rwrist -6.05231 0 0
rhand -25.4414 -23.6368 0.0238485
rfingers 7.12502 -0 0
rthumb 1.08518 -53.6077 0.0235265
52
root 6.73279 16.7378 -27.4928 2.63565 0.998325 0.534925
lfemur -15.396 6.04151 -21.1486
ltibia 35.5066 -0 0
lfoot -31.8227 -1.36039 -0.710688
ltoes 36.3672 -0 0
rfemur -42.8234 -13.8184 26.515
rtibia 54.2859 -0 0
rfoot -14.6124 1.73531 3.70684
rtoes 2.26437 -0 0
lowerback 3.5354 1.12963 -5.97855
upperback -0.00848524 1.23584 1.52938
thorax -2.06116 0.751494 5.30661
lowerneck -10.689 -1.73341 1.16193
upperneck -0.877755 -2.45343 0.222873
head 1.51789 -1.21146 -0.213644
lclavicle -8.13211e-14 -2.29458e-14 -1.47363e-29
lhumerus -41.898 -14.6939 96.2461
lradius 40.7334 -0 0
lwrist 7.66527 0 0
lhand -4.60915 3.96108 0.186164
lfingers 7.12502 -0 0
lthumb 21.1361 32.4755 0.0573731
rclavicle -8.13211e-14 -2.29458e-14 -1.47363e-29
rhumerus -43.087 -12.0408 -76.5937
rradius 54.9428 -0 0
rwrist -6.49714 0 0
rhand -25.4809 -23.6715 0.0239946
rfingers 7.12502 -0 0
rthumb 1.04709 -53.6426 0.0236811
53
root 6.74647 16.7347 -27.4766 2.45673 1.11697 0.612865
lfemur -15.2717 6.14436 -21.1596
ltibia 35.5157 -0 0
lfoot -31.6374 -1.519 -0.720525
ltoes 36.3017 -0 0
rfemur -43.5181 -14.1566 26.8102
rtibia 54.8169 -0 0
rfoot -14.1675 2.08218 3.75933
rtoes 1.71768 -0 0
lowerback 3.71599 1.06164 -6.01179
upperback 0.0641272 1.13263 1.48575
thorax -2.07069 0.699257 5.28919
lowerneck -10.7128 -1.71873 1.13832
upperneck -0.862638 -2.43278 0.267049
head 1.52796 -1.19985 -0.194847
lclavicle -8.03614e-14 -2.23705e-14 -1.49732e-29
lhumerus -41.8915 -14.8094 96.1666
lradius 40.8973 -0 0
lwrist 7.80568 0 0
lhand -4.41492 3.99659 0.189126
lfingers 7.12502 -0 0
lthumb 21.3221 32.4843 0.0585373
rclavicle -8.03614e-14 -2.23705e-14 -1.49732e-29
rhumerus -43.079 -12.251 -76.3603
rradius 55.3136 -0 0
rwrist -6.94433 0 0
rhand -25.5206 -23.7064 0.0241233
rfingers 7.12502 -0 0
rthumb 1.00873 -53.6777 0.0238186
54
root 6.76022 16.7315 -27.4604 2.27706 1.23651 0.6908
lfemur -15.1468 6.24776 -21.1704
ltibia 35.5249 -0 0
lfoot -31.4513 -1.67847 -0.729895
ltoes 36.2358 -0 0
rfemur -44.2192 -14.4929 27.1115
rtibia 55.3508 -0 0
rfoot -13.7198 2.43116 3.80938
rtoes 1.16842 -0 0
lowerback 3.89757 0.993412 -6.04542
upperback 0.137177 1.02895 1.44179
thorax -2.08027 0.646752 5.27171
lowerneck -10.7366 -1.70399 1.11458
upperneck -0.847428 -2.41205 0.311443
head 1.53809 -1.18819 -0.175955
lclavicle -7.93916e-14 -2.17923e-14 -1.52006e-29
lhumerus -41.8848 -14.9254 96.0868
lradius 41.0619 -0 0
lwrist 7.94678 0 0
lhand -4.21965 4.03262 0.191966
lfingers 7.12502 -0 0
lthumb 21.5091 32.4934 0.0596623
rclavicle -7.93916e-14 -2.17923e-14 -1.52006e-29
rhumerus -43.0718 -12.4622 -76.1256
rradius 55.6864 -0 0
rwrist -7.39375 0 0
rhand -25.5605 -23.7416 0.0242344
rfingers 7.12502 -0 0
rthumb 0.970132 -53.713 0.0239391
55
root 6.77404 16.7283 -27.444 2.09668 1.3569 0.768703
lfemur -15.0213 6.35168 -21.1809
ltibia 35.5342 -0 0
lfoot -31.2642 -1.83876 -0.738789
ltoes 36.1696 -0 0
rfemur -44.9266 -14.8273 27.4191
rtibia 55.8873 -0 0
rfoot -13.2697 2.78215 3.85693
rtoes 0.616779 -0 0
lowerback 4.08009 0.924961 -6.07943
upperback 0.210646 0.924831 1.39752
thorax -2.08992 0.593993 5.25418
lowerneck -10.7606 -1.68919 1.09072
upperneck -0.832128 -2.39124 0.356045
head 1.54827 -1.17648 -0.156974
lclavicle -7.84122e-14 -2.12116e-14 -1.54182e-29
lhumerus -41.8779 -15.042 96.0066
lradius 41.2274 -0 0
lwrist 8.08853 0 0
lhand -4.02338 4.06915 0.194678
lfingers 7.12502 -0 0
lthumb 21.697 32.503 0.0607462
rclavicle -7.84122e-14 -2.12116e-14 -1.54182e-29
rhumerus -43.0654 -12.6745 -75.8896
rradius 56.0608 -0 0
rwrist -7.84527 0 0
rhand -25.6008 -23.777 0.024328
rfingers 7.12502 -0 0
rthumb 0.931282 -53.7486 0.0240424
56
root 6.78791 16.7251 -27.4276 1.91565 1.47811 0.846547
lfemur -14.8953 6.45609 -21.1912
ltibia 35.5435 -0 0
lfoot -31.0763 -1.99983 -0.747195
ltoes 36.1031 -0 0
rfemur -45.6401 -15.1593 27.7327
rtibia 56.4262 -0 0
rfoot -12.817 3.13502 3.90192
rtoes 0.062913 -0 0
lowerback 4.2635 0.856312 -6.11381
upperback 0.284515 0.820296 1.35293
thorax -2.09962 0.540995 5.2366
lowerneck -10.7847 -1.67435 1.06674
upperneck -0.816743 -2.37036 0.400842
head 1.55851 -1.16472 -0.137908
lclavicle -7.74235e-14 -2.06284e-14 -1.56259e-29
lhumerus -41.8707 -15.1592 95.9259
lradius 41.3935 -0 0
lwrist 8.23088 0 0
lhand -3.82618 4.10615 0.197259
lfingers 7.12502 -0 0
lthumb 21.8858 32.5128 0.0617872
rclavicle -7.74235e-14 -2.06284e-14 -1.56259e-29
rhumerus -43.0599 -12.8878 -75.6524
rradius 56.4369 -0 0
rwrist -8.29877 0 0
rhand -25.6412 -23.8126 0.0244041
rfingers 7.12502 -0 0
rthumb 0.892191 -53.7844 0.0241285
57
root 6.80185 16.7218 -27.4112 1.73402 1.60011 0.924306
lfemur -14.7688 6.56095 -21.2014
ltibia 35.5529 -0 0
lfoot -30.8876 -2.16162 -0.755104
ltoes 36.0364 -0 0
rfemur -46.3597 -15.489 28.0525
rtibia 56.9675 -0 0
rfoot -12.3621 3.48965 3.9443
rtoes -0.493002 0 0
lowerback 4.44774 0.787485 -6.14856
upperback 0.358764 0.715377 1.30804
thorax -2.10938 0.487771 5.21898
lowerneck -10.8089 -1.65946 1.04264
upperneck -0.801277 -2.34941 0.445822
head 1.56878 -1.15293 -0.118763
lclavicle -7.64259e-14 -2.00431e-14 -1.58232e-29
lhumerus -41.8633 -15.2769 95.8449
lradius 41.5604 -0 0
lwrist 8.3738 0 0
lhand -3.6281 4.14361 0.199705
lfingers 7.12502 -0 0
lthumb 22.0754 32.523 0.0627836
rclavicle -7.64259e-14 -2.00431e-14 -1.58232e-29
rhumerus -43.0553 -13.102 -75.4139
rradius 56.8146 -0 0
rwrist -8.75411 0 0
rhand -25.682 -23.8484 0.0244626
rfingers 7.12502 -0 0
rthumb 0.852864 -53.8204 0.0241975
58
root 6.81584 16.7186 -27.3946 1.55184 1.72287 1.00195
lfemur -14.6418 6.66625 -21.2113
ltibia 35.5624 -0 0
lfoot -30.6981 -2.32409 -0.762509
ltoes 35.9694 -0 0
rfemur -47.0851 -15.8159 28.3783
rtibia 57.511 -0 0
rfoot -11.905 3.84593 3.98402
rtoes -1.0508 0 0
lowerback 4.63278 0.718502 -6.18367
upperback 0.433375 0.610104 1.26286
thorax -2.11918 0.434336 5.20132
lowerneck -10.8332 -1.64453 1.01845
upperneck -0.785734 -2.3284 0.490975
head 1.57911 -1.14109 -0.0995442
lclavicle -7.54195e-14 -1.94557e-14 -1.60099e-29
lhumerus -41.8557 -15.395 95.7636
lradius 41.7278 -0 0
lwrist 8.51725 0 0
lhand -3.42919 4.18152 0.202014
lfingers 7.12502 -0 0
lthumb 22.2658 32.5335 0.0637336
rclavicle -7.54195e-14 -1.94557e-14 -1.60099e-29
rhumerus -43.0516 -13.3171 -75.1744
rradius 57.1936 -0 0
rwrist -9.21117 0 0
rhand -25.7229 -23.8844 0.0245036
rfingers 7.12502 -0 0
rthumb 0.813307 -53.8566 0.0242492
59
root 6.82987 16.7153 -27.378 1.36917 1.84636 1.07946
lfemur -14.5144 6.77195 -21.2209
ltibia 35.572 -0 0
lfoot -30.508 -2.48721 -0.7694
ltoes 35.9022 -0 0
rfemur -47.8162 -16.14 28.7101
rtibia 58.0566 -0 0
rfoot -11.4458 4.20372 4.02102
rtoes -1.61029 0 0
lowerback 4.81854 0.649383 -6.21912
upperback 0.508328 0.504507 1.2174
thorax -2.12903 0.380706 5.18362
lowerneck -10.8576 -1.62956 0.994155
upperneck -0.770118 -2.30733 0.536287
head 1.58947 -1.12922 -0.0802558
lclavicle -7.44049e-14 -1.88665e-14 -1.61859e-29
lhumerus -41.8479 -15.5136 95.682
lradius 41.8958 -0 0
lwrist 8.66118 0 0
lhand -3.22951 4.21985 0.204183
lfingers 7.12502 -0 0
lthumb 22.457 32.5444 0.0646358
rclavicle -7.44049e-14 -1.88665e-14 -1.61859e-29
rhumerus -43.0487 -13.533 -74.9337
rradius 57.574 -0 0
rwrist -9.66983 0 0
rhand -25.7641 -23.9207 0.0245271
rfingers 7.12502 -0 0
rthumb 0.773524 -53.8929 0.0242838
60
root 6.84396 16.7121 -27.3614 1.18605 1.97055 1.15681
lfemur -14.3866 6.87802 -21.2304
ltibia 35.5816 -0 0
lfoot -30.3172 -2.65091 -0.775771
ltoes 35.8347 -0 0
rfemur -48.553 -16.461 29.0479
rtibia 58.604 -0 0
rfoot -10.9848 4.56292 4.05528
rtoes -2.17133 0 0
lowerback 5.00499 0.580147 -6.25492
upperback 0.583604 0.398614 1.17167
thorax -2.13892 0.326893 5.16589
lowerneck -10.8821 -1.61456 0.969772
upperneck -0.754434 -2.28622 0.581748
head 1.59987 -1.11732 -0.0609034
lclavicle -7.33823e-14 -1.82757e-14 -1.63509e-29
lhumerus -41.8399 -15.6326 95.6
lradius 42.0644 -0 0
lwrist 8.80556 0 0
lhand -3.02911 4.25859 0.206207
lfingers 7.12502 -0 0
lthumb 22.6489 32.5555 0.0654884
rclavicle -7.33823e-14 -1.82757e-14 -1.63509e-29
rhumerus -43.0468 -13.7497 -74.6921
rradius 57.9557 -0 0
rwrist -10.13 0 0
rhand -25.8055 -23.9571 0.0245331
rfingers 7.12502 -0 0
rthumb 0.73352 -53.9295 0.0243012
61
root 6.85808 16.7088 -27.3447 1.00254 2.0954 1.23397
lfemur -14.2584 6.98444 -21.2395
ltibia 35.5913 -0 0
lfoot -30.1258 -2.81516 -0.781614
ltoes 35.7671 -0 0
rfemur -49.2951 -16.7787 29.3916
rtibia 59.1532 -0 0
rfoot -10.5219 4.92338 4.08674
rtoes -2.73373 0 0
lowerback 5.19208 0.510817 -6.29106
upperback 0.659183 0.292456 1.12568
thorax -2.14886 0.272913 5.14813
lowerneck -10.9066 -1.59953 0.945303
upperneck -0.738684 -2.26506 0.627345
head 1.6103 -1.10539 -0.0414918
lclavicle -7.2352e-14 -1.76835e-14 -1.65046e-29
lhumerus -41.8316 -15.7519 95.5178
lradius 42.2334 -0 0
lwrist 8.95036 0 0
lhand -2.82805 4.29772 0.208085
lfingers 7.12502 -0 0
lthumb 22.8414 32.567 0.0662902
rclavicle -7.2352e-14 -1.76835e-14 -1.65046e-29
rhumerus -43.0459 -13.967 -74.4495
rradius 58.3384 -0 0
rwrist -10.5914 0 0
rhand -25.8472 -23.9937 0.0245217
rfingers 7.12502 -0 0
rthumb 0.693302 -53.9663 0.0243015
62
root 6.87224 16.7055 -27.328 0.81868 2.22087 1.31092
lfemur -14.1299 7.09117 -21.2485
ltibia 35.6011 -0 0
lfoot -29.9339 -2.97991 -0.786922
ltoes 35.6993 -0 0
rfemur -50.0426 -17.093 29.741
rtibia 59.704 -0 0
rfoot -10.0574 5.285 4.11537
rtoes -3.29732 0 0
lowerback 5.37974 0.441412 -6.32752
upperback 0.735047 0.186061 1.07944
thorax -2.15882 0.218779 5.13035
lowerneck -10.9312 -1.58448 0.920757
upperneck -0.722875 -2.24387 0.673066
head 1.62077 -1.09344 -0.0220263
lclavicle -7.13145e-14 -1.70901e-14 -1.6647e-29
lhumerus -41.8231 -15.8716 95.4353
lradius 42.4028 -0 0
lwrist 9.09552 0 0
lhand -2.62639 4.33723 0.209814
lfingers 7.12502 -0 0
lthumb 23.0344 32.5787 0.0670396
rclavicle -7.13145e-14 -1.70901e-14 -1.6647e-29
rhumerus -43.0458 -14.1849 -74.206
rradius 58.7222 -0 0
rwrist -11.0541 0 0
rhand -25.889 -24.0305 0.0244929
rfingers 7.12502 -0 0
rthumb 0.652875 -54.0032 0.0242847
63
root 6.88644 16.7022 -27.3112 0.634527 2.34695 1.38764
lfemur -14.0011 7.19819 -21.2572
ltibia 35.6109 -0 0
lfoot -29.7415 -3.14512 -0.791691
ltoes 35.6314 -0 0
rfemur -50.7952 -17.4036 30.0962
rtibia 60.2562 -0 0
rfoot -9.59144 5.64765 4.14114
rtoes -3.86192 0 0
lowerback 5.56794 0.371952 -6.3643
upperback 0.811176 0.0794589 1.03297
thorax -2.16882 0.164508 5.11255
lowerneck -10.9559 -1.56941 0.89614
upperneck -0.707009 -2.22264 0.718901
head 1.63127 -1.08146 -0.00251194
lclavicle -7.02699e-14 -1.64957e-14 -1.67777e-29
lhumerus -41.8143 -15.9917 95.3525
lradius 42.5727 -0 0
lwrist 9.24101 0 0
lhand -2.42417 4.37708 0.211391
lfingers 7.12502 -0 0
lthumb 23.228 32.5907 0.0677354
rclavicle -7.02699e-14 -1.64957e-14 -1.67777e-29
rhumerus -43.0467 -14.4034 -73.9617
rradius 59.1069 -0 0
rwrist -11.5179 0 0
rhand -25.9311 -24.0675 0.0244469
rfingers 7.12502 -0 0
rthumb 0.612243 -54.0404 0.0242508
64
root 6.90067 16.6989 -27.2944 0.450129 2.47359 1.46409
lfemur -13.8721 7.30546 -21.2656
ltibia 35.6208 -0 0
lfoot -29.5487 -3.31073 -0.795914
ltoes 35.5633 -0 0
rfemur -51.5527 -17.7103 30.4571
rtibia 60.8097 -0 0
rfoot -9.12408 6.0112 4.16402
rtoes -4.42738 0 0
lowerback 5.75661 0.302458 -6.40138
upperback 0.887549 -0.0273219 0.986264
thorax -2.17885 0.110112 5.09474
lowerneck -10.9807 -1.55432 0.871457
upperneck -0.691092 -2.20139 0.764837
head 1.64179 -1.06947 0.0170463
lclavicle -6.92187e-14 -1.59005e-14 -1.68967e-29
lhumerus -41.8054 -16.112 95.2696
lradius 42.7429 -0 0
lwrist 9.38679 0 0
lhand -2.22145 4.41728 0.212814
lfingers 7.12502 -0 0
lthumb 23.4221 32.6029 0.0683765
rclavicle -6.92187e-14 -1.59005e-14 -1.68967e-29
rhumerus -43.0486 -14.6223 -73.7165
rradius 59.4925 -0 0
rwrist -11.9826 0 0
rhand -25.9734 -24.1046 0.0243837
rfingers 7.12502 -0 0
rthumb 0.571412 -54.0777 0.0242001
65
root 6.91492 16.6956 -27.2776 0.265536 2.60076 1.54027
lfemur -13.7428 7.41297 -21.2738
ltibia 35.6307 -0 0
lfoot -29.3556 -3.4767 -0.799587
ltoes 35.4951 -0 0
rfemur -52.315 -18.013 30.8234
rtibia 61.3644 -0 0
rfoot -8.65547 6.37552 4.18397
rtoes -4.99352 0 0
lowerback 5.94572 0.232949 -6.43877
upperback 0.964148 -0.134252 0.939344
thorax -2.1889 0.0556063 5.07692
lowerneck -11.0055 -1.53923 0.846717
upperneck -0.675127 -2.18012 0.810861
head 1.65234 -1.05746 0.0366432
lclavicle -6.81612e-14 -1.53047e-14 -1.70038e-29
lhumerus -41.7962 -16.2325 95.1864
lradius 42.9134 -0 0
lwrist 9.53283 0 0
lhand -2.01829 4.45779 0.214082
lfingers 7.12502 -0 0
lthumb 23.6166 32.6155 0.0689615
rclavicle -6.81612e-14 -1.53047e-14 -1.70038e-29
rhumerus -43.0515 -14.8417 -73.4707
rradius 59.8787 -0 0
rwrist -12.4481 0 0
rhand -26.0158 -24.1419 0.0243034
rfingers 7.12502 -0 0
rthumb 0.530388 -54.1151 0.0241325
66
root 6.92919 16.6922 -27.2607 0.0807987 2.72842 1.61614
lfemur -13.6134 7.52067 -21.2818
ltibia 35.6407 -0 0
lfoot -29.1621 -3.64299 -0.802707
ltoes 35.4268 -0 0
rfemur -53.0819 -18.3116 31.1952
rtibia 61.9202 -0 0
rfoot -8.18577 6.74049 4.20098
rtoes -5.56016 0 0
lowerback 6.1352 0.163445 -6.47645
upperback 1.04095 -0.241303 0.89222
thorax -2.19897 0.00100557 5.05909
lowerneck -11.0303 -1.52412 0.821924
upperneck -0.659119 -2.15884 0.856964
head 1.66291 -1.04544 0.0562738
lclavicle -6.70978e-14 -1.47085e-14 -1.70988e-29
lhumerus -41.7868 -16.3533 95.1031
lradius 43.0841 -0 0
lwrist 9.67907 0 0
lhand -1.81474 4.49861 0.215192
lfingers 7.12502 -0 0
lthumb 23.8115 32.6282 0.0694896
rclavicle -6.70978e-14 -1.47085e-14 -1.70988e-29
rhumerus -43.0554 -15.0615 -73.2242
rradius 60.2656 -0 0
rwrist -12.9144 0 0
rhand -26.0585 -24.1794 0.0242061
rfingers 7.12502 -0 0
rthumb 0.489175 -54.1527 0.0240482
67
root 6.94349 16.6889 -27.2438 -0.104035 2.85655 1.69168
lfemur -13.4837 7.62855 -21.2895
ltibia 35.6507 -0 0
lfoot -28.9683 -3.80956 -0.805268
ltoes 35.3584 -0 0
rfemur -53.8533 -18.6057 31.5723
rtibia 62.4768 -0 0
rfoot -7.71511 7.10597 4.21502
rtoes -6.12713 0 0
lowerback 6.325 0.0939658 -6.5144
upperback 1.11794 -0.348445 0.844902
thorax -2.20906 -0.0536759 5.04126
lowerneck -11.0552 -1.50901 0.797087
upperneck -0.643072 -2.13755 0.903132
head 1.6735 -1.03341 0.075933
lclavicle -6.60287e-14 -1.41121e-14 -1.71816e-29
lhumerus -41.7771 -16.4742 95.0196
lradius 43.2551 -0 0
lwrist 9.82549 0 0
lhand -1.61086 4.53971 0.216143
lfingers 7.12502 -0 0
lthumb 24.0066 32.6412 0.0699596
rclavicle -6.60287e-14 -1.41121e-14 -1.71816e-29
rhumerus -43.0602 -15.2815 -72.9771
rradius 60.6529 -0 0
rwrist -13.3812 0 0
rhand -26.1014 -24.217 0.0240921
rfingers 7.12502 -0 0
rthumb 0.447779 -54.1905 0.0239473
68
root 6.9578 16.6856 -27.2269 -0.288914 2.9851 1.76688
lfemur -13.354 7.73656 -21.2969
ltibia 35.6608 -0 0
lfoot -28.7743 -3.97634 -0.80727
ltoes 35.29 -0 0
rfemur -54.6288 -18.8952 31.9546
rtibia 63.0341 -0 0
rfoot -7.24363 7.47185 4.22608
rtoes -6.69427 0 0
lowerback 6.51508 0.0245313 -6.55263
upperback 1.1951 -0.455649 0.797401
thorax -2.21917 -0.108424 5.02344
lowerneck -11.0801 -1.49391 0.772211
upperneck -0.62699 -2.11625 0.949353
head 1.6841 -1.02137 0.0956156
lclavicle -6.49542e-14 -1.35156e-14 -1.72521e-29
lhumerus -41.7673 -16.5953 94.936
lradius 43.4262 -0 0
lwrist 9.97204 0 0
lhand -1.40669 4.58107 0.216933
lfingers 7.12502 -0 0
lthumb 24.2021 32.6545 0.0703709
rclavicle -6.49542e-14 -1.35156e-14 -1.72521e-29
rhumerus -43.0661 -15.5018 -72.7294
rradius 61.0407 -0 0
rwrist -13.8485 0 0
rhand -26.1444 -24.2548 0.0239613
rfingers 7.12502 -0 0
rthumb 0.406206 -54.2284 0.0238299
69
root 6.97211 16.6822 -27.21 -0.473791 3.11404 1.8417
lfemur -13.2242 7.84469 -21.304
ltibia 35.6709 -0 0
lfoot -28.5802 -4.14331 -0.808709
ltoes 35.2215 -0 0
rfemur -55.4084 -19.1801 32.342
rtibia 63.592 -0 0
rfoot -6.77146 7.83799 4.23415
rtoes -7.2614 0 0
lowerback 6.70539 -0.0448393 -6.59111
upperback 1.2724 -0.562888 0.74973
thorax -2.22929 -0.163223 5.00562
lowerneck -11.105 -1.47881 0.747303
upperneck -0.610878 -2.09496 0.995617
head 1.69472 -1.00934 0.115317
lclavicle -6.38748e-14 -1.29194e-14 -1.73102e-29
lhumerus -41.7572 -16.7166 94.8522
lradius 43.5974 -0 0
lwrist 10.1187 0 0
lhand -1.2023 4.62269 0.217561
lfingers 7.12502 -0 0
lthumb 24.3978 32.6679 0.0707225
rclavicle -6.38748e-14 -1.29194e-14 -1.73102e-29
rhumerus -43.073 -15.7222 -72.4813
rradius 61.4288 -0 0
rwrist -14.3161 0 0
rhand -26.1876 -24.2927 0.0238141
rfingers 7.12502 -0 0
rthumb 0.36446 -54.2664 0.0236961
70
root 6.98644 16.6789 -27.1931 -0.658616 3.24335 1.91614
lfemur -13.0943 7.9529 -21.3109
ltibia 35.681 -0 0
lfoot -28.386 -4.3104 -0.809584
ltoes 35.153 -0 0
rfemur -56.1918 -19.4601 32.7344
rtibia 64.1503 -0 0
rfoot -6.29875 8.20427 4.23921
rtoes -7.82835 0 0
lowerback 6.89586 -0.114127 -6.62985
upperback 1.34983 -0.670132 0.7019
thorax -2.23941 -0.21806 4.98781
lowerneck -11.13 -1.46371 0.72237
upperneck -0.594739 -2.07368 1.04191
head 1.70534 -0.997302 0.135031
lclavicle -6.27908e-14 -1.23236e-14 -1.73558e-29
lhumerus -41.7469 -16.8379 94.7684
lradius 43.7687 -0 0
lwrist 10.2654 0 0
lhand -0.997747 4.66453 0.218027
lfingers 7.12502 -0 0
lthumb 24.5936 32.6816 0.0710137
rclavicle -6.27908e-14 -1.23236e-14 -1.73558e-29
rhumerus -43.0808 -15.9428 -72.2327
rradius 61.8172 -0 0
rwrist -14.7839 0 0
rhand -26.231 -24.3307 0.0236506
rfingers 7.12502 -0 0
rthumb 0.322547 -54.3046 0.0235462
71
root 7.00077 16.6756 -27.1762 -0.843341 3.37297 1.99016
lfemur -12.9644 8.06116 -21.3175
ltibia 35.6912 -0 0
lfoot -28.1917 -4.47759 -0.809894
ltoes 35.0845 -0 0
rfemur -56.9788 -19.735 33.1315
rtibia 64.7089 -0 0
rfoot -5.82563 8.57055 4.24125
rtoes -8.39494 0 0
lowerback 7.08645 -0.183312 -6.66882
upperback 1.42736 -0.777352 0.653923
thorax -2.24954 -0.27292 4.97002
lowerneck -11.155 -1.44864 0.697418
upperneck -0.578579 -2.05242 1.08822
head 1.71598 -0.985272 0.154753
lclavicle -6.17025e-14 -1.17283e-14 -1.73889e-29
lhumerus -41.7363 -16.9592 94.6844
lradius 43.94 -0 0
lwrist 10.4121 0 0
lhand -0.793075 4.70658 0.218328
lfingers 7.12502 -0 0
lthumb 24.7895 32.6954 0.071244
rclavicle -6.17025e-14 -1.17283e-14 -1.73889e-29
rhumerus -43.0897 -16.1634 -71.9837
rradius 62.2056 -0 0
rwrist -15.2518 0 0
rhand -26.2746 -24.3689 0.0234709
rfingers 7.12502 -0 0
rthumb 0.280472 -54.3429 0.0233803
72
root 7.0151 16.6722 -27.1593 -1.02792 3.50288 2.06375
lfemur -12.8345 8.16945 -21.3238
ltibia 35.7014 -0 0
lfoot -27.9974 -4.64481 -0.809639
ltoes 35.016 -0 0
rfemur -57.7692 -20.0047 33.5333
rtibia 65.2676 -0 0
rfoot -5.35224 8.93672 4.24028
rtoes -8.96102 0 0
lowerback 7.27712 -0.252375 -6.70803
upperback 1.50498 -0.88452 0.605811
thorax -2.25968 -0.327788 4.95226
lowerneck -11.1799 -1.43358 0.672454
upperneck -0.562402 -2.03118 1.13454
head 1.72661 -0.973249 0.174479
lclavicle -6.06102e-14 -1.11339e-14 -1.74094e-29
lhumerus -41.7256 -17.0806 94.6005
lradius 44.1112 -0 0
lwrist 10.5588 0 0
lhand -0.588342 4.74883 0.218466
lfingers 7.12502 -0 0
lthumb 24.9855 32.7094 0.0714129
rclavicle -6.06102e-14 -1.11339e-14 -1.74094e-29
rhumerus -43.0997 -16.384 -71.7345
rradius 62.594 -0 0
rwrist -15.7196 0 0
rhand -26.3183 -24.4071 0.0232753
rfingers 7.12502 -0 0
rthumb 0.23824 -54.3813 0.0231986
73
root 7.02942 16.6689 -27.1424 -1.21229 3.63304 2.13689
lfemur -12.7046 8.27774 -21.3299
ltibia 35.7117 -0 0
lfoot -27.8032 -4.81203 -0.808818
ltoes 34.9475 -0 0
rfemur -58.5628 -20.2691 33.9395
rtibia 65.8264 -0 0
rfoot -4.87871 9.30263 4.2363
rtoes -9.5264 0 0
lowerback 7.4678 -0.321299 -6.74745
upperback 1.58266 -0.991607 0.557577
thorax -2.26981 -0.38265 4.93451
lowerneck -11.2049 -1.41854 0.647484
upperneck -0.546212 -2.00996 1.18085
head 1.73725 -0.961237 0.194202
lclavicle -5.95142e-14 -1.05405e-14 -1.74173e-29
lhumerus -41.7146 -17.202 94.5164
lradius 44.2824 -0 0
lwrist 10.7054 0 0
lhand -0.383604 4.79125 0.218438
lfingers 7.12502 -0 0
lthumb 25.1815 32.7236 0.0715198
rclavicle -5.95142e-14 -1.05405e-14 -1.74173e-29
rhumerus -43.1106 -16.6045 -71.485
rradius 62.9823 -0 0
rwrist -16.1872 0 0
rhand -26.3622 -24.4456 0.0230641
rfingers 7.12502 -0 0
rthumb 0.195857 -54.4198 0.0230013
74
root 7.04373 16.6656 -27.1255 -1.39643 3.76341 2.20956
lfemur -12.5749 8.38599 -21.3356
ltibia 35.7219 -0 0
lfoot -27.6091 -4.97919 -0.807433
ltoes 34.8791 -0 0
rfemur -59.3592 -20.5281 34.3501
rtibia 66.3849 -0 0
rfoot -4.4052 9.66815 4.22931
rtoes -10.0909 0 0
lowerback 7.65844 -0.390063 -6.78707
upperback 1.66039 -1.09859 0.509232
thorax -2.27994 -0.437492 4.91679
lowerneck -11.2299 -1.40353 0.622515
upperneck -0.530014 -1.98878 1.22715
head 1.74788 -0.94924 0.213919
lclavicle -5.8415e-14 -9.94822e-15 -1.74125e-29
lhumerus -41.7035 -17.3234 94.4324
lradius 44.4535 -0 0
lwrist 10.8519 0 0
lhand -0.178915 4.83384 0.218246
lfingers 7.12502 -0 0
lthumb 25.3775 32.738 0.0715646
rclavicle -5.8415e-14 -9.94822e-15 -1.74125e-29
rhumerus -43.1226 -16.8248 -71.2353
rradius 63.3705 -0 0
rwrist -16.6546 0 0
rhand -26.4062 -24.4841 0.0228374
rfingers 7.12502 -0 0
rthumb 0.153328 -54.4584 0.0227886
75
root 7.05803 16.6622 -27.1086 -1.58026 3.89397 2.28174
lfemur -12.4452 8.49417 -21.3411
ltibia 35.7322 -0 0
lfoot -27.4152 -5.14626 -0.805485
ltoes 34.8107 -0 0
rfemur -60.1584 -20.7814 34.7648
rtibia 66.9432 -0 0
rfoot -3.93183 10.0332 4.21932
rtoes -10.6544 0 0
lowerback 7.849 -0.45865 -6.82689
upperback 1.73814 -1.20543 0.460789
thorax -2.29006 -0.492299 4.89911
lowerneck -11.2548 -1.38854 0.597554
upperneck -0.513812 -1.96764 1.27342
head 1.75851 -0.93726 0.233623
lclavicle -5.73128e-14 -9.35737e-15 -1.7395e-29
lhumerus -41.6921 -17.4446 94.3484
lradius 44.6244 -0 0
lwrist 10.9983 0 0
lhand 0.0256699 4.87656 0.217888
lfingers 7.12502 -0 0
lthumb 25.5734 32.7525 0.071547
rclavicle -5.73128e-14 -9.35737e-15 -1.7395e-29
rhumerus -43.1355 -17.0449 -70.9854
rradius 63.7583 -0 0
rwrist -17.1214 0 0
rhand -26.4504 -24.5227 0.0225955
rfingers 7.12502 -0 0
rthumb 0.110659 -54.4972 0.0225608
76
root 7.07232 16.6589 -27.0917 -1.76376 4.02466 2.35342
lfemur -12.3157 8.60227 -21.3464
ltibia 35.7426 -0 0
lfoot -27.2214 -5.31319 -0.802976
ltoes 34.7424 -0 0
rfemur -60.9601 -21.029 35.1834
rtibia 67.501 -0 0
rfoot -3.45874 10.3976 4.20633
rtoes -11.2166 0 0
lowerback 8.03942 -0.527041 -6.86689
upperback 1.81589 -1.3121 0.412262
thorax -2.30017 -0.547056 4.88147
lowerneck -11.2797 -1.37359 0.572608
upperneck -0.49761 -1.94654 1.31964
head 1.76913 -0.925301 0.25331
lclavicle -5.62079e-14 -8.76813e-15 -1.73648e-29
lhumerus -41.6805 -17.5658 94.2644
lradius 44.7951 -0 0
lwrist 11.1445 0 0
lhand 0.230096 4.91941 0.217366
lfingers 7.12502 -0 0
lthumb 25.7691 32.7672 0.0714668
rclavicle -5.62079e-14 -8.76813e-15 -1.73648e-29
rhumerus -43.1496 -17.2648 -70.7355
rradius 64.1457 -0 0
rwrist -17.5878 0 0
rhand -26.4947 -24.5614 0.0223387
rfingers 7.12502 -0 0
rthumb 0.0678543 -54.536 0.0223182
77
root 7.08658 16.6556 -27.0749 -1.94687 4.15546 2.42457
lfemur -12.1864 8.71024 -21.3513
ltibia 35.7529 -0 0
lfoot -27.028 -5.47992 -0.79991
ltoes 34.6743 -0 0
rfemur -61.7639 -21.2708 35.6059
rtibia 68.0582 -0 0
rfoot -2.98607 10.7612 4.19037
rtoes -11.7775 0 0
lowerback 8.22965 -0.595217 -6.90706
upperback 1.89362 -1.41858 0.363662
thorax -2.31026 -0.601748 4.86386
lowerneck -11.3046 -1.35868 0.547682
upperneck -0.481413 -1.92549 1.36581
head 1.77975 -0.913366 0.272974
lclavicle -5.51008e-14 -8.18068e-15 -1.7322e-29
lhumerus -41.6687 -17.6868 94.1805
lradius 44.9655 -0 0
lwrist 11.2905 0 0
lhand 0.434309 4.96236 0.216679
lfingers 7.12502 -0 0
lthumb 25.9646 32.782 0.0713239
rclavicle -5.51008e-14 -8.18068e-15 -1.7322e-29
rhumerus -43.1646 -17.4843 -70.4856
rradius 64.5327 -0 0
rwrist -18.0534 0 0
rhand -26.5392 -24.6002 0.0220673
rfingers 7.12502 -0 0
rthumb 0.0249194 -54.5749 0.0220609
78
root 7.10082 16.6522 -27.058 -2.12953 4.28632 2.49518
lfemur -12.0574 8.81807 -21.356
ltibia 35.7633 -0 0
lfoot -26.8349 -5.64642 -0.796288
ltoes 34.6062 -0 0
rfemur -62.5696 -21.5066 36.0319
rtibia 68.6147 -0 0
rfoot -2.51397 11.1239 4.17145
rtoes -12.3369 0 0
lowerback 8.41963 -0.663161 -6.94739
upperback 1.97132 -1.52484 0.315002
thorax -2.32034 -0.656363 4.8463
lowerneck -11.3294 -1.34382 0.522784
upperneck -0.465225 -1.9045 1.41192
head 1.79034 -0.901459 0.292611
lclavicle -5.39917e-14 -7.59523e-15 -1.72666e-29
lhumerus -41.6567 -17.8077 94.0966
lradius 45.1356 -0 0
lwrist 11.4362 0 0
lhand 0.638254 5.0054 0.215829
lfingers 7.12502 -0 0
lthumb 26.1598 32.7969 0.0711186
rclavicle -5.39917e-14 -7.59523e-15 -1.72666e-29
rhumerus -43.1806 -17.7034 -70.2358
rradius 64.919 -0 0
rwrist -18.5182 0 0
rhand -26.5838 -24.6391 0.0217816
rfingers 7.12502 -0 0
rthumb -0.0181402 -54.6139 0.0217894
79
root 7.11503 16.6489 -27.0413 -2.31172 4.41722 2.56522
lfemur -11.9285 8.92571 -21.3603
ltibia 35.7736 -0 0
lfoot -26.6421 -5.81263 -0.792115
ltoes 34.5383 -0 0
rfemur -63.377 -21.7363 36.4612
rtibia 69.1703 -0 0
rfoot -2.04256 11.4856 4.1496
rtoes -12.8945 0 0
lowerback 8.60932 -0.730855 -6.98786
upperback 2.04895 -1.63085 0.266297
thorax -2.3304 -0.710884 4.82879
lowerneck -11.3542 -1.329 0.49792
upperneck -0.449052 -1.88357 1.45795
head 1.80093 -0.889582 0.312215
lclavicle -5.28809e-14 -7.01197e-15 -1.71987e-29
lhumerus -41.6445 -17.9284 94.0128
lradius 45.3054 -0 0
lwrist 11.5816 0 0
lhand 0.841875 5.0485 0.214815
lfingers 7.12502 -0 0
lthumb 26.3547 32.8119 0.0708508
rclavicle -5.28809e-14 -7.01197e-15 -1.71987e-29
rhumerus -43.1977 -17.9221 -69.986
rradius 65.3046 -0 0
rwrist -18.982 0 0
rhand -26.6285 -24.6781 0.0214818
rfingers 7.12502 -0 0
rthumb -0.0613193 -54.6529 0.0215038
80
root 7.12921 16.6456 -27.0245 -2.49337 4.54811 2.63469
lfemur -11.8 9.03315 -21.3644
ltibia 35.784 -0 0
lfoot -26.4498 -5.97852 -0.787396
ltoes 34.4705 -0 0
rfemur -64.1858 -21.96 36.8937
rtibia 69.7248 -0 0
rfoot -1.57198 11.8462 4.12483
rtoes -13.4502 0 0
lowerback 8.79867 -0.79828 -7.02846
upperback 2.12651 -1.73658 0.217559
thorax -2.34043 -0.765298 4.81134
lowerneck -11.379 -1.31422 0.473097
upperneck -0.432897 -1.86271 1.50389
head 1.81149 -0.877739 0.331781
lclavicle -5.17689e-14 -6.43112e-15 -1.71182e-29
lhumerus -41.6322 -18.0488 93.9292
lradius 45.4748 -0 0
lwrist 11.7266 0 0
lhand 1.04512 5.09166 0.21364
lfingers 7.12502 -0 0
lthumb 26.5493 32.8271 0.0705209
rclavicle -5.17689e-14 -6.43112e-15 -1.71182e-29
rhumerus -43.2158 -18.1402 -69.7364
rradius 65.6894 -0 0
rwrist -19.4448 0 0
rhand -26.6733 -24.7171 0.0211685
rfingers 7.12502 -0 0
rthumb -0.104613 -54.692 0.0212046
81
root 7.14336 16.6423 -27.0078 -2.67444 4.67895 2.70357
lfemur -11.6718 9.14034 -21.3683
ltibia 35.7944 -0 0
lfoot -26.258 -6.14403 -0.782135
ltoes 34.4029 -0 0
rfemur -64.9957 -22.1773 37.3292
rtibia 70.2782 -0 0
rfoot -1.10237 12.2054 4.09718
rtoes -14.0038 0 0
lowerback 8.98761 -0.865419 -7.06918
upperback 2.20396 -1.84201 0.168802
thorax -2.35044 -0.81959 4.79394
lowerneck -11.4037 -1.29951 0.448322
upperneck -0.416765 -1.84192 1.54973
head 1.82203 -0.865932 0.351305
lclavicle -5.06559e-14 -5.85287e-15 -1.70253e-29
lhumerus -41.6196 -18.169 93.8457
lradius 45.6437 -0 0
lwrist 11.8713 0 0
lhand 1.24793 5.13486 0.212304
lfingers 7.12502 -0 0
lthumb 26.7435 32.8423 0.0701292
rclavicle -5.06559e-14 -5.85287e-15 -1.70253e-29
rhumerus -43.2348 -18.3577 -69.4871
rradius 66.0733 -0 0
rwrist -19.9064 0 0
rhand -26.7182 -24.7562 0.0208418
rfingers 7.12502 -0 0
rthumb -0.148015 -54.7312 0.020892
82
root 7.15746 16.639 -26.9911 -2.85488 4.80971 2.77184
lfemur -11.5439 9.24727 -21.3718
ltibia 35.8048 -0 0
lfoot -26.0667 -6.30913 -0.776339
ltoes 34.3356 -0 0
rfemur -65.8065 -22.3884 37.7673
rtibia 70.8302 -0 0
rfoot -0.633858 12.5633 4.06668
rtoes -14.5552 0 0
lowerback 9.17611 -0.932256 -7.11001
upperback 2.28129 -1.9471 0.120039
thorax -2.36042 -0.873745 4.7766
lowerneck -11.4283 -1.28485 0.423601
upperneck -0.40066 -1.82121 1.59546
head 1.83255 -0.854166 0.37078
lclavicle -4.95422e-14 -5.27742e-15 -1.69201e-29
lhumerus -41.6068 -18.2888 93.7623
lradius 45.8121 -0 0
lwrist 12.0156 0 0
lhand 1.45025 5.17806 0.210809
lfingers 7.12502 -0 0
lthumb 26.9372 32.8576 0.0696762
rclavicle -4.95422e-14 -5.27742e-15 -1.69201e-29
rhumerus -43.2549 -18.5746 -69.2381
rradius 66.4561 -0 0
rwrist -20.3666 0 0
rhand -26.7633 -24.7954 0.0205022
rfingers 7.12502 -0 0
rthumb -0.191521 -54.7705 0.0205663
83
root 7.17152 16.6357 -26.9745 -3.03465 4.94035 2.83949
lfemur -11.4165 9.35391 -21.3751
ltibia 35.8151 -0 0
lfoot -25.876 -6.47376 -0.770014
ltoes 34.2684 -0 0
rfemur -66.6177 -22.5931 38.2079
rtibia 71.3808 -0 0
rfoot -0.166589 12.9197 4.03337
rtoes -15.1042 0 0
lowerback 9.3641 -0.998771 -7.15093
upperback 2.35847 -2.05182 0.0712836
thorax -2.37036 -0.92775 4.75933
lowerneck -11.4529 -1.27025 0.398941
upperneck -0.384588 -1.80059 1.64107
head 1.84303 -0.842444 0.390202
lclavicle -4.84283e-14 -4.70496e-15 -1.68027e-29
lhumerus -41.5939 -18.4084 93.6791
lradius 45.98 -0 0
lwrist 12.1594 0 0
lhand 1.65204 5.22127 0.209156
lfingers 7.12502 -0 0
lthumb 27.1303 32.873 0.0691624
rclavicle -4.84283e-14 -4.70496e-15 -1.68027e-29
rhumerus -43.276 -18.7908 -68.9894
rradius 66.8379 -0 0
rwrist -20.8254 0 0
rhand -26.8084 -24.8347 0.02015
rfingers 7.12502 -0 0
rthumb -0.235125 -54.8098 0.0202281
84
root 7.18553 16.6324 -26.958 -3.2137 5.07083 2.9065
lfemur -11.2894 9.46021 -21.3781
ltibia 35.8255 -0 0
lfoot -25.6859 -6.63787 -0.763166
ltoes 34.2014 -0 0
rfemur -67.4293 -22.7913 38.6508
rtibia 71.9297 -0 0
rfoot 0.299308 13.2744 3.99728
rtoes -15.6506 0 0
lowerback 9.55154 -1.06495 -7.19192
upperback 2.43549 -2.15616 0.0225507
thorax -2.38027 -0.981588 4.74213
lowerneck -11.4774 -1.25572 0.374348
upperneck -0.368552 -1.78005 1.68653
head 1.85349 -0.830768 0.409566
lclavicle -4.73144e-14 -4.13571e-15 -1.66732e-29
lhumerus -41.5808 -18.5276 93.5961
lradius 46.1473 -0 0
lwrist 12.3027 0 0
lhand 1.85322 5.26445 0.207348
lfingers 7.12502 -0 0
lthumb 27.3229 32.8885 0.0685884
rclavicle -4.73144e-14 -4.13571e-15 -1.66732e-29
rhumerus -43.298 -19.0061 -68.7412
rradius 67.2184 -0 0
rwrist -21.2826 0 0
rhand -26.8537 -24.8739 0.0197858
rfingers 7.12502 -0 0
rthumb -0.278822 -54.8491 0.0198776
85
root 7.19949 16.6292 -26.9415 -3.39198 5.20111 2.97285
lfemur -11.1629 9.56616 -21.3808
ltibia 35.8359 -0 0
lfoot -25.4966 -6.80143 -0.755802
ltoes 34.1348 -0 0
rfemur -68.2407 -22.983 39.0957
rtibia 72.4769 -0 0
rfoot 0.763699 13.6273 3.95845
rtoes -16.1943 0 0
lowerback 9.73837 -1.13077 -7.23298
upperback 2.51232 -2.26008 -0.026146
thorax -2.39014 -1.03525 4.72501
lowerneck -11.5018 -1.24126 0.34983
upperneck -0.352558 -1.75961 1.73185
head 1.86391 -0.819142 0.428866
lclavicle -4.62008e-14 -3.56986e-15 -1.65317e-29
lhumerus -41.5675 -18.6464 93.5134
lradius 46.314 -0 0
lwrist 12.4455 0 0
lhand 2.05376 5.3076 0.205386
lfingers 7.12502 -0 0
lthumb 27.5149 32.904 0.067955
rclavicle -4.62008e-14 -3.56986e-15 -1.65317e-29
rhumerus -43.321 -19.2207 -68.4935
rradius 67.5977 -0 0
rwrist -21.7381 0 0
rhand -26.899 -24.9133 0.0194098
rfingers 7.12502 -0 0
rthumb -0.322607 -54.8885 0.0195153
86
root 7.2134 16.6259 -26.9251 -3.56945 5.33116 3.03854
lfemur -11.0368 9.67173 -21.3832
ltibia 35.8463 -0 0
lfoot -25.308 -6.96439 -0.747932
ltoes 34.0683 -0 0
rfemur -69.0518 -23.1682 39.5423
rtibia 73.0221 -0 0
rfoot 1.22645 13.9783 3.91694
rtoes -16.735 0 0
lowerback 9.92454 -1.19622 -7.27409
upperback 2.58893 -2.36356 -0.0747923
thorax -2.39997 -1.08871 4.70796
lowerneck -11.5261 -1.22688 0.325393
upperneck -0.33661 -1.73928 1.77701
head 1.8743 -0.807569 0.448098
lclavicle -4.5088e-14 -3.0076e-15 -1.63785e-29
lhumerus -41.554 -18.7648 93.4309
lradius 46.48 -0 0
lwrist 12.5877 0 0
lhand 2.25359 5.3507 0.203272
lfingers 7.12502 -0 0
lthumb 27.7062 32.9195 0.0672631
rclavicle -4.5088e-14 -3.0076e-15 -1.63785e-29
rhumerus -43.3449 -19.4343 -68.2463
rradius 67.9754 -0 0
rwrist -22.1918 0 0
rhand -26.9444 -24.9526 0.0190225
rfingers 7.12502 -0 0
rthumb -0.366474 -54.9279 0.0191415
87
root 7.22724 16.6227 -26.9087 -3.74605 5.46093 3.10355
lfemur -10.9112 9.77688 -21.3854
ltibia 35.8566 -0 0
lfoot -25.1202 -7.1267 -0.739564
ltoes 34.0022 -0 0
rfemur -69.8622 -23.3468 39.9904
rtibia 73.5653 -0 0
rfoot 1.68743 14.3273 3.87278
rtoes -17.2727 0 0
lowerback 10.11 -1.26128 -7.31524
upperback 2.66532 -2.46656 -0.123374
thorax -2.40975 -1.14197 4.69099
lowerneck -11.5503 -1.21257 0.301044
upperneck -0.320713 -1.71904 1.822
head 1.88464 -0.796052 0.467256
lclavicle -4.39762e-14 -2.44915e-15 -1.62136e-29
lhumerus -41.5404 -18.8827 93.3487
lradius 46.6453 -0 0
lwrist 12.7293 0 0
lhand 2.45265 5.39372 0.20101
lfingers 7.12502 -0 0
lthumb 27.8968 32.9351 0.0665135
rclavicle -4.39762e-14 -2.44915e-15 -1.62136e-29
rhumerus -43.3698 -19.647 -67.9998
rradius 68.3517 -0 0
rwrist -22.6435 0 0
rhand -26.9899 -24.992 0.0186244
rfingers 7.12502 -0 0
rthumb -0.410418 -54.9673 0.0187567
88
root 7.24103 16.6194 -26.8924 -3.92175 5.59039 3.16786
lfemur -10.7863 9.8816 -21.3873
ltibia 35.867 -0 0
lfoot -24.9333 -7.28832 -0.730706
ltoes 33.9364 -0 0
rfemur -70.6716 -23.5188 40.4397
rtibia 74.1062 -0 0
rfoot 2.14652 14.6742 3.82604
rtoes -17.8071 0 0
lowerback 10.2947 -1.32594 -7.3564
upperback 2.74145 -2.56907 -0.171876
thorax -2.41949 -1.195 4.67412
lowerneck -11.5744 -1.19835 0.276789
upperneck -0.304871 -1.69893 1.8668
head 1.89495 -0.784595 0.486336
lclavicle -4.28658e-14 -1.8947e-15 -1.60372e-29
lhumerus -41.5266 -19.0001 93.2667
lradius 46.8098 -0 0
lwrist 12.8702 0 0
lhand 2.6509 5.43664 0.198601
lfingers 7.12502 -0 0
lthumb 28.0866 32.9507 0.0657073
rclavicle -4.28658e-14 -1.8947e-15 -1.60372e-29
rhumerus -43.3956 -19.8586 -67.754
rradius 68.7264 -0 0
rwrist -23.0931 0 0
rhand -27.0355 -25.0314 0.0182159
rfingers 7.12502 -0 0
rthumb -0.454435 -55.0068 0.0183614
89
root 7.25474 16.6162 -26.8762 -4.09649 5.71949 3.23147
lfemur -10.6619 9.98583 -21.3889
ltibia 35.8773 -0 0
lfoot -24.7472 -7.4492 -0.721369
ltoes 33.8708 -0 0
rfemur -71.4796 -23.6841 40.8901
rtibia 74.6448 -0 0
rfoot 2.60357 15.0188 3.77676
rtoes -18.338 0 0
lowerback 10.4786 -1.39018 -7.39757
upperback 2.81731 -2.67104 -0.220284
thorax -2.42917 -1.24779 4.65733
lowerneck -11.5983 -1.18421 0.252635
upperneck -0.289088 -1.67893 1.91141
head 1.90521 -0.7732 0.505331
lclavicle -4.1757e-14 -1.34446e-15 -1.58496e-29
lhumerus -41.5126 -19.117 93.1851
lradius 46.9735 -0 0
lwrist 13.0104 0 0
lhand 2.84829 5.47946 0.196049
lfingers 7.12502 -0 0
lthumb 28.2756 32.9663 0.0648456
rclavicle -4.1757e-14 -1.34446e-15 -1.58496e-29
rhumerus -43.4223 -20.0692 -67.5089
rradius 69.0993 -0 0
rwrist -23.5405 0 0
rhand -27.0811 -25.0709 0.0177976
rfingers 7.12502 -0 0
rthumb -0.498517 -55.0462 0.0179561
90
root 7.26839 16.613 -26.8601 -4.27023 5.8482 3.29436
lfemur -10.5382 10.0896 -21.3903
ltibia 35.8876 -0 0
lfoot -24.5622 -7.60929 -0.711562
ltoes 33.8057 -0 0
rfemur -72.2861 -23.8428 41.3411
rtibia 75.1809 -0 0
rfoot 3.05846 15.361 3.725
rtoes -18.8653 0 0
lowerback 10.6616 -1.45397 -7.43873
upperback 2.89287 -2.77246 -0.268583
thorax -2.4388 -1.30033 4.64063
lowerneck -11.6222 -1.17016 0.22859
upperneck -0.273371 -1.65905 1.95581
head 1.91541 -0.761871 0.524237
lclavicle -4.06503e-14 -7.9861e-16 -1.5651e-29
lhumerus -41.4985 -19.2334 93.1038
lradius 47.1363 -0 0
lwrist 13.1499 0 0
lhand 3.04474 5.52216 0.193357
lfingers 7.12502 -0 0
lthumb 28.4637 32.9819 0.0639297
rclavicle -4.06503e-14 -7.9861e-16 -1.5651e-29
rhumerus -43.45 -20.2786 -67.2646
rradius 69.4704 -0 0
rwrist -23.9855 0 0
rhand -27.1268 -25.1103 0.01737
rfingers 7.12502 -0 0
rthumb -0.542662 -55.0857 0.0175411
91
root 7.28196 16.6098 -26.844 -4.44292 5.97648 3.35652
lfemur -10.4151 10.1928 -21.3914
ltibia 35.8979 -0 0
lfoot -24.3782 -7.76856 -0.701298
ltoes 33.7409 -0 0
rfemur -73.0905 -23.9949 41.7926
rtibia 75.7144 -0 0
rfoot 3.51107 15.7008 3.67082
rtoes -19.3889 0 0
lowerback 10.8436 -1.51732 -7.47987
upperback 2.96811 -2.8733 -0.316758
thorax -2.44837 -1.3526 4.62404
lowerneck -11.6459 -1.1562 0.204658
upperneck -0.257723 -1.6393 1.99999
head 1.92557 -0.750612 0.543049
lclavicle -3.9546e-14 -2.57366e-16 -1.54415e-29
lhumerus -41.4843 -19.3492 93.0229
lradius 47.2982 -0 0
lwrist 13.2886 0 0
lhand 3.24022 5.56471 0.190528
lfingers 7.12502 -0 0
lthumb 28.6508 32.9976 0.0629608
rclavicle -3.9546e-14 -2.57366e-16 -1.54415e-29
rhumerus -43.4784 -20.4867 -67.0213
rradius 69.8395 -0 0
rwrist -24.4281 0 0
rhand -27.1726 -25.1498 0.0169335
rfingers 7.12502 -0 0
rthumb -0.586862 -55.1252 0.017117
92
root 7.29545 16.6067 -26.8281 -4.61452 6.10428 3.41794
lfemur -10.2928 10.2954 -21.3923
ltibia 35.9082 -0 0
lfoot -24.1952 -7.92695 -0.690586
ltoes 33.6764 -0 0
rfemur -73.8927 -24.1403 42.2443
rtibia 76.245 -0 0
rfoot 3.96126 16.0379 3.61429
rtoes -19.9085 0 0
lowerback 11.0247 -1.58019 -7.52096
upperback 3.043 -2.97354 -0.364794
thorax -2.45789 -1.40459 4.60755
lowerneck -11.6696 -1.14235 0.180849
upperneck -0.242149 -1.61969 2.04394
head 1.93568 -0.739424 0.561762
lclavicle -3.84444e-14 2.79076e-16 -1.52214e-29
lhumerus -41.4699 -19.4644 92.9423
lradius 47.4592 -0 0
lwrist 13.4265 0 0
lhand 3.43466 5.6071 0.187565
lfingers 7.12502 -0 0
lthumb 28.837 33.0131 0.0619403
rclavicle -3.84444e-14 2.79076e-16 -1.52214e-29
rhumerus -43.5078 -20.6936 -66.7789
rradius 70.2066 -0 0
rwrist -24.868 0 0
rhand -27.2184 -25.1893 0.0164887
rfingers 7.12502 -0 0
rthumb -0.631112 -55.1646 0.0166844
93
root 7.30886 16.6035 -26.8122 -4.78498 6.23158 3.4786
lfemur -10.1712 10.3975 -21.3929
ltibia 35.9184 -0 0
lfoot -24.0133 -8.08442 -0.679439
ltoes 33.6124 -0 0
rfemur -74.6922 -24.2791 42.6958
rtibia 76.7727 -0 0
rfoot 4.40891 16.3723 3.55546
rtoes -20.4239 0 0
lowerback 11.2048 -1.64258 -7.562
upperback 3.11754 -3.07313 -0.412676
thorax -2.46734 -1.45629 4.59116
lowerneck -11.693 -1.12859 0.157167
upperneck -0.226654 -1.60022 2.08764
head 1.94572 -0.728312 0.58037
lclavicle -3.73459e-14 8.10515e-16 -1.49909e-29
lhumerus -41.4554 -19.5789 92.8622
lradius 47.6192 -0 0
lwrist 13.5636 0 0
lhand 3.62802 5.64931 0.184473
lfingers 7.12502 -0 0
lthumb 29.0221 33.0287 0.0608699
rclavicle -3.73459e-14 8.10515e-16 -1.49909e-29
rhumerus -43.538 -20.8992 -66.5376
rradius 70.5716 -0 0
rwrist -25.3053 0 0
rhand -27.2643 -25.2287 0.0160362
rfingers 7.12502 -0 0
rthumb -0.675409 -55.2041 0.0162437
94
root 7.32218 16.6004 -26.7964 -4.95425 6.35832 3.5385
lfemur -10.0503 10.4989 -21.3932
ltibia 35.9286 -0 0
lfoot -23.8327 -8.24092 -0.667869
ltoes 33.5488 -0 0
rfemur -75.4887 -24.4114 43.1471
rtibia 77.2974 -0 0
rfoot 4.8539 16.7039 3.49442
rtoes -20.9351 0 0
lowerback 11.3838 -1.70447 -7.60297
upperback 3.19168 -3.17206 -0.460387
thorax -2.47672 -1.50767 4.57489
lowerneck -11.7163 -1.11494 0.13362
upperneck -0.211243 -1.5809 2.13109
head 1.95571 -0.717278 0.598868
lclavicle -3.62507e-14 1.33675e-15 -1.47504e-29
lhumerus -41.4408 -19.6928 92.7825
lradius 47.7781 -0 0
lwrist 13.6997 0 0
lhand 3.82022 5.69132 0.181254
lfingers 7.12502 -0 0
lthumb 29.2061 33.0442 0.059751
rclavicle -3.62507e-14 1.33675e-15 -1.47504e-29
rhumerus -43.569 -21.1034 -66.2973
rradius 70.9344 -0 0
rwrist -25.7397 0 0
rhand -27.3102 -25.2682 0.0155765
rfingers 7.12502 -0 0
rthumb -0.719745 -55.2435 0.0157955
95
root 7.33541 16.5973 -26.7808 -5.12229 6.48447 3.59762
lfemur -9.93031 10.5997 -21.3933
ltibia 35.9387 -0 0
lfoot -23.6532 -8.39642 -0.655889
ltoes 33.4856 -0 0
rfemur -76.2819 -24.537 43.5976
rtibia 77.8187 -0 0
rfoot 5.2961 17.0325 3.43123
rtoes -21.4418 0 0
lowerback 11.5617 -1.76584 -7.64384
upperback 3.26541 -3.2703 -0.507913
thorax -2.48604 -1.55873 4.55873
lowerneck -11.7395 -1.1014 0.110215
upperneck -0.19592 -1.56172 2.17427
head 1.96563 -0.706327 0.617252
lclavicle -3.51592e-14 1.85758e-15 -1.45001e-29
lhumerus -41.4261 -19.8059 92.7032
lradius 47.9359 -0 0
lwrist 13.8349 0 0
lhand 4.01124 5.73312 0.177914
lfingers 7.12502 -0 0
lthumb 29.389 33.0597 0.0585853
rclavicle -3.51592e-14 1.85758e-15 -1.45001e-29
rhumerus -43.6008 -21.3061 -66.0583
rradius 71.2948 -0 0
rwrist -26.1711 0 0
rhand -27.3561 -25.3076 0.0151102
rfingers 7.12502 -0 0
rthumb -0.764116 -55.2829 0.0153404
96
root 7.34855 16.5942 -26.7652 -5.28906 6.60999 3.65596
lfemur -9.81115 10.6998 -21.3932
ltibia 35.9489 -0 0
lfoot -23.475 -8.55087 -0.643513
ltoes 33.4229 -0 0
rfemur -77.0715 -24.6561 44.0473
rtibia 78.3367 -0 0
rfoot 5.73539 17.3581 3.36597
rtoes -21.9438 0 0
lowerback 11.7383 -1.82668 -7.68462
upperback 3.33871 -3.36783 -0.555238
thorax -2.49529 -1.60945 4.54269
lowerneck -11.7625 -1.08797 0.0869581
upperneck -0.18069 -1.5427 2.21717
head 1.97549 -0.69546 0.635515
lclavicle -3.40718e-14 2.37281e-15 -1.42402e-29
lhumerus -41.4112 -19.9183 92.6244
lradius 48.0926 -0 0
lwrist 13.9692 0 0
lhand 4.20099 5.77469 0.174455
lfingers 7.12502 -0 0
lthumb 29.5707 33.0752 0.0573746
rclavicle -3.40718e-14 2.37281e-15 -1.42402e-29
rhumerus -43.6334 -21.5073 -65.8205
rradius 71.6527 -0 0
rwrist -26.5994 0 0
rhand -27.4021 -25.347 0.014638
rfingers 7.12502 -0 0
rthumb -0.808517 -55.3223 0.014879
97
root 7.36159 16.5911 -26.7498 -5.45449 6.73483 3.7135
lfemur -9.69287 10.7993 -21.3928
ltibia 35.959 -0 0
lfoot -23.2982 -8.70421 -0.630755
ltoes 33.3606 -0 0
rfemur -77.857 -24.7688 44.4957
rtibia 78.8512 -0 0
rfoot 6.17166 17.6805 3.29871
rtoes -22.4411 0 0
lowerback 11.9138 -1.88698 -7.72527
upperback 3.41155 -3.46461 -0.602346
thorax -2.50446 -1.65981 4.52677
lowerneck -11.7853 -1.07466 0.0638563
upperneck -0.165558 -1.52385 2.25977
head 1.98527 -0.684681 0.653654
lclavicle -3.29887e-14 2.88224e-15 -1.39711e-29
lhumerus -41.3963 -20.03 92.5461
lradius 48.248 -0 0
lwrist 14.1024 0 0
lhand 4.38945 5.81601 0.170883
lfingers 7.12502 -0 0
lthumb 29.7511 33.0905 0.0561208
rclavicle -3.29887e-14 2.88224e-15 -1.39711e-29
rhumerus -43.6667 -21.7069 -65.584
rradius 72.0081 -0 0
rwrist -27.0244 0 0
rhand -27.4481 -25.3864 0.0141605
rfingers 7.12502 -0 0
rthumb -0.852942 -55.3616 0.0144118
98
root 7.37452 16.588 -26.7345 -5.61856 6.85896 3.77024
lfemur -9.57551 10.8979 -21.3922
ltibia 35.969 -0 0
lfoot -23.1228 -8.85641 -0.617628
ltoes 33.2988 -0 0
rfemur -78.6382 -24.8751 44.9427
rtibia 79.362 -0 0
rfoot 6.60477 17.9996 3.22953
rtoes -22.9334 0 0
lowerback 12.0879 -1.94671 -7.76578
upperback 3.48392 -3.56062 -0.649221
thorax -2.51355 -1.70981 4.51098
lowerneck -11.808 -1.06147 0.0409165
upperneck -0.150529 -1.50516 2.30208
head 1.99499 -0.673993 0.671662
lclavicle -3.19103e-14 3.38566e-15 -1.36931e-29
lhumerus -41.3812 -20.1408 92.4684
lradius 48.4023 -0 0
lwrist 14.2346 0 0
lhand 4.57653 5.85707 0.167203
lfingers 7.12502 -0 0
lthumb 29.9302 33.1058 0.0548259
rclavicle -3.19103e-14 3.38566e-15 -1.36931e-29
rhumerus -43.7008 -21.9049 -65.3489
rradius 72.3609 -0 0
rwrist -27.4461 0 0
rhand -27.4941 -25.4258 0.0136782
rfingers 7.12502 -0 0
rthumb -0.897386 -55.4009 0.0139396
99
root 7.38735 16.585 -26.7193 -5.78121 6.98234 3.82616
lfemur -9.45911 10.9958 -21.3913
ltibia 35.979 -0 0
lfoot -22.9488 -9.00743 -0.604148
ltoes 33.2375 -0 0
rfemur -79.4148 -24.975 45.3879
rtibia 79.8689 -0 0
rfoot 7.03461 18.3153 3.15851
rtoes -23.4205 0 0
lowerback 12.2607 -2.00586 -7.80614
upperback 3.55578 -3.65584 -0.695847
thorax -2.52257 -1.75942 4.49531
lowerneck -11.8305 -1.0484 0.0181454
upperneck -0.135607 -1.48665 2.34407
head 2.00463 -0.6634 0.689534
lclavicle -3.0837e-14 3.88288e-15 -1.34066e-29
lhumerus -41.366 -20.2508 92.3911
lradius 48.5553 -0 0
lwrist 14.3657 0 0
lhand 4.7622 5.89784 0.163418
lfingers 7.12502 -0 0
lthumb 30.108 33.121 0.0534917
rclavicle -3.0837e-14 3.88288e-15 -1.34066e-29
rhumerus -43.7355 -22.1012 -65.1153
rradius 72.7109 -0 0
rwrist -27.8644 0 0
rhand -27.5402 -25.4651 0.013192
rfingers 7.12502 -0 0
rthumb -0.941844 -55.4402 0.0134628
100
root 7.40007 16.582 -26.7042 -5.9424 7.10492 3.88126
lfemur -9.3437 11.093 -21.3903
ltibia 35.9889 -0 0
lfoot -22.7762 -9.15721 -0.59033
ltoes 33.1768 -0 0
rfemur -80.1863 -25.0687 45.8311
rtibia 80.3719 -0 0
rfoot 7.46107 18.6275 3.08574
rtoes -23.9023 0 0
lowerback 12.4321 -2.06443 -7.84633
upperback 3.62711 -3.75023 -0.742207
thorax -2.5315 -1.80863 4.47979
lowerneck -11.8527 -1.03547 -0.00445029
upperneck -0.120798 -1.46831 2.38573
head 2.01419 -0.652905 0.707266
lclavicle -2.97691e-14 4.37369e-15 -1.31117e-29
lhumerus -41.3508 -20.36 92.3145
lradius 48.7069 -0 0
lwrist 14.4957 0 0
lhand 4.9464 5.93831 0.159534
lfingers 7.12502 -0 0
lthumb 30.2844 33.1361 0.0521205
rclavicle -2.97691e-14 4.37369e-15 -1.31117e-29
rhumerus -43.771 -22.2957 -64.8833
rradius 73.0581 -0 0
rwrist -28.279 0 0
rhand -27.5862 -25.5043 0.0127023
rfingers 7.12502 -0 0
rthumb -0.986311 -55.4793 0.0129823
101
root 7.41268 16.5791 -26.6893 -6.10208 7.22667 3.93554
lfemur -9.22932 11.1893 -21.389
ltibia 35.9988 -0 0
lfoot -22.6053 -9.30571 -0.57619
ltoes 33.1166 -0 0
rfemur -80.9525 -25.1562 46.272
rtibia 80.8708 -0 0
rfoot 7.88403 18.9361 3.0113
rtoes -24.3786 0 0
lowerback 12.602 -2.12239 -7.88632
upperback 3.6979 -3.84377 -0.788285
thorax -2.54034 -1.85743 4.4644
lowerneck -11.8748 -1.02266 -0.0268637
upperneck -0.106107 -1.45016 2.42705
head 2.02367 -0.64251 0.724852
lclavicle -2.87069e-14 4.8579e-15 -1.2809e-29
lhumerus -41.3355 -20.4682 92.2384
lradius 48.8572 -0 0
lwrist 14.6245 0 0
lhand 5.12908 5.97846 0.155555
lfingers 7.12502 -0 0
lthumb 30.4593 33.1511 0.0507145
rclavicle -2.87069e-14 4.8579e-15 -1.2809e-29
rhumerus -43.807 -22.4884 -64.6528
rradius 73.4023 -0 0
rwrist -28.6898 0 0
rhand -27.6322 -25.5435 0.0122101
rfingers 7.12502 -0 0
rthumb -1.03078 -55.5185 0.0124985
102
root 7.42517 16.5761 -26.6745 -6.2602 7.34754 3.98897
lfemur -9.11601 11.2847 -21.3875
ltibia 36.0087 -0 0
lfoot -22.4359 -9.4529 -0.561743
ltoes 33.057 -0 0
rfemur -81.713 -25.2376 46.7104
rtibia 81.3654 -0 0
rfoot 8.30337 19.2411 2.93528
rtoes -24.8492 0 0
lowerback 12.7704 -2.17972 -7.92611
upperback 3.76812 -3.93643 -0.834064
thorax -2.5491 -1.9058 4.44915
lowerneck -11.8967 -1.01 -0.0490881
upperneck -0.091537 -1.4322 2.46801
head 2.03306 -0.632219 0.742287
lclavicle -2.76507e-14 5.33531e-15 -1.24987e-29
lhumerus -41.3201 -20.5756 92.163
lradius 49.0061 -0 0
lwrist 14.7521 0 0
lhand 5.31017 6.01828 0.151488
lfingers 7.12502 -0 0
lthumb 30.6327 33.166 0.0492759
rclavicle -2.76507e-14 5.33531e-15 -1.24987e-29
rhumerus -43.8437 -22.6793 -64.4241
rradius 73.7435 -0 0
rwrist -29.0968 0 0
rhand -27.6783 -25.5827 0.0117158
rfingers 7.12502 -0 0
rthumb -1.07525 -55.5575 0.0120124
103
root 7.43754 16.5732 -26.6598 -6.41673 7.4675 4.04156
lfemur -9.00379 11.3793 -21.3858
ltibia 36.0184 -0 0
lfoot -22.2681 -9.59872 -0.547007
ltoes 32.9979 -0 0
rfemur -82.4675 -25.313 47.1459
rtibia 81.8556 -0 0
rfoot 8.71898 19.5422 2.85777
rtoes -25.314 0 0
lowerback 12.9373 -2.23643 -7.96568
upperback 3.83773 -4.02819 -0.879529
thorax -2.55777 -1.95373 4.43405
lowerneck -11.9184 -0.997467 -0.0711167
upperneck -0.0770945 -1.41444 2.50862
head 2.04237 -0.622035 0.759566
lclavicle -2.66009e-14 5.8057e-15 -1.21812e-29
lhumerus -41.3047 -20.6819 92.0882
lradius 49.1534 -0 0
lwrist 14.8784 0 0
lhand 5.48963 6.05774 0.147337
lfingers 7.12502 -0 0
lthumb 30.8045 33.1807 0.0478071
rclavicle -2.66009e-14 5.8057e-15 -1.21812e-29
rhumerus -43.881 -22.8682 -64.1971
rradius 74.0815 -0 0
rwrist -29.4998 0 0
rhand -27.7243 -25.6218 0.0112204
rfingers 7.12502 -0 0
rthumb -1.11971 -55.5965 0.0115244
104
root 7.44978 16.5703 -26.6453 -6.57161 7.5865 4.0933
lfemur -8.89271 11.473 -21.3839
ltibia 36.0282 -0 0
lfoot -22.1021 -9.74314 -0.531999
ltoes 32.9394 -0 0
rfemur -83.2155 -25.3826 47.5783
rtibia 82.3412 -0 0
rfoot 9.13075 19.8394 2.77886
rtoes -25.7727 0 0
lowerback 13.1025 -2.29249 -8.00501
upperback 3.90673 -4.11902 -0.924661
thorax -2.56634 -2.00121 4.4191
lowerneck -11.9398 -0.985082 -0.0929427
upperneck -0.0627839 -1.39687 2.54885
head 2.05159 -0.611961 0.776684
lclavicle -2.55578e-14 6.2689e-15 -1.1857e-29
lhumerus -41.2892 -20.7873 92.0141
lradius 49.2993 -0 0
lwrist 15.0035 0 0
lhand 5.66739 6.09684 0.143109
lfingers 7.12502 -0 0
lthumb 30.9747 33.1953 0.0463105
rclavicle -2.55578e-14 6.2689e-15 -1.1857e-29
rhumerus -43.9188 -23.0551 -63.972
rradius 74.4162 -0 0
rwrist -29.8987 0 0
rhand -27.7703 -25.6608 0.0107245
rfingers 7.12502 -0 0
rthumb -1.16415 -55.6354 0.0110354
105
root 7.4619 16.5674 -26.631 -6.72479 7.7045 4.14417
lfemur -8.7828 11.5657 -21.3818
ltibia 36.0378 -0 0
lfoot -21.9378 -9.8861 -0.516735
ltoes 32.8816 -0 0
rfemur -83.9569 -25.4464 48.0073
rtibia 82.8222 -0 0
rfoot 9.53857 20.1327 2.69864
rtoes -26.2253 0 0
lowerback 13.2661 -2.34788 -8.04407
upperback 3.97509 -4.20889 -0.969445
thorax -2.57481 -2.04821 4.40431
lowerneck -11.9611 -0.972845 -0.114559
upperneck -0.0486101 -1.37951 2.58869
head 2.06071 -0.602 0.793635
lclavicle -2.45218e-14 6.72468e-15 -1.15263e-29
lhumerus -41.2737 -20.8917 91.9406
lradius 49.4436 -0 0
lwrist 15.1272 0 0
lhand 5.84342 6.13555 0.138808
lfingers 7.12502 -0 0
lthumb 31.1432 33.2098 0.0447887
rclavicle -2.45218e-14 6.72468e-15 -1.15263e-29
rhumerus -43.9571 -23.2399 -63.7489
rradius 74.7476 -0 0
rwrist -30.2933 0 0
rhand -27.8163 -25.6997 0.0102289
rfingers 7.12502 -0 0
rthumb -1.20858 -55.6742 0.0105461
106
root 7.47388 16.5646 -26.6167 -6.87624 7.82145 4.19418
lfemur -8.6741 11.6574 -21.3795
ltibia 36.0474 -0 0
lfoot -21.7753 -10.0276 -0.501234
ltoes 32.8244 -0 0
rfemur -84.6912 -25.5046 48.4327
rtibia 83.2982 -0 0
rfoot 9.94232 20.4218 2.61722
rtoes -26.6715 0 0
lowerback 13.428 -2.4026 -8.08286
upperback 4.04278 -4.29779 -1.01386
thorax -2.58319 -2.09473 4.38967
lowerneck -11.9821 -0.960759 -0.135959
upperneck -0.034578 -1.36236 2.62813
head 2.06974 -0.592156 0.810415
lclavicle -2.34932e-14 7.17287e-15 -1.11896e-29
lhumerus -41.2581 -20.995 91.8679
lradius 49.5863 -0 0
lwrist 15.2496 0 0
lhand 6.01764 6.17385 0.13444
lfingers 7.12502 -0 0
lthumb 31.3101 33.2241 0.0432441
rclavicle -2.34932e-14 7.17287e-15 -1.11896e-29
rhumerus -43.996 -23.4227 -63.5277
rradius 75.0755 -0 0
rwrist -30.6835 0 0
rhand -27.8623 -25.7386 0.00973432
rfingers 7.12502 -0 0
rthumb -1.25299 -55.7129 0.0100573
107
root 7.48572 16.5618 -26.6027 -7.0259 7.93733 4.24331
lfemur -8.56665 11.7482 -21.377
ltibia 36.0569 -0 0
lfoot -21.6147 -10.1675 -0.485514
ltoes 32.7678 -0 0
rfemur -85.4182 -25.5573 48.8542
rtibia 83.7693 -0 0
rfoot 10.3419 20.7068 2.53468
rtoes -27.1113 0 0
lowerback 13.588 -2.45663 -8.12136
upperback 4.10978 -4.38567 -1.0579
thorax -2.59146 -2.14075 4.3752
lowerneck -12.0028 -0.948828 -0.157137
upperneck -0.0206926 -1.34543 2.66716
head 2.07867 -0.582432 0.827018
lclavicle -2.24722e-14 7.61324e-15 -1.08473e-29
lhumerus -41.2426 -21.0972 91.7959
lradius 49.7274 -0 0
lwrist 15.3705 0 0
lhand 6.19001 6.21174 0.130012
lfingers 7.12502 -0 0
lthumb 31.4751 33.2382 0.0416794
rclavicle -2.24722e-14 7.61324e-15 -1.08473e-29
rhumerus -44.0352 -23.6033 -63.3086
rradius 75.3999 -0 0
rwrist -31.0692 0 0
rhand -27.9083 -25.7773 0.00924163
rfingers 7.12502 -0 0
rthumb -1.29737 -55.7516 0.00956966
108
root 7.49743 16.559 -26.5888 -7.17373 8.05209 4.29157
lfemur -8.46047 11.838 -21.3744
ltibia 36.0663 -0 0
lfoot -21.4559 -10.3058 -0.469593
ltoes 32.7119 -0 0
rfemur -86.1375 -25.6047 49.2715
rtibia 84.2353 -0 0
rfoot 10.7372 20.9875 2.45113
rtoes -27.5443 0 0
lowerback 13.7463 -2.50996 -8.15954
upperback 4.17606 -4.47252 -1.10153
thorax -2.59963 -2.18625 4.36089
lowerneck -12.0233 -0.937055 -0.178084
upperneck -0.00695873 -1.32872 2.70576
head 2.0875 -0.57283 0.843439
lclavicle -2.14593e-14 8.04561e-15 -1.04999e-29
lhumerus -41.227 -21.1983 91.7247
lradius 49.8668 -0 0
lwrist 15.4901 0 0
lhand 6.36047 6.24918 0.12553
lfingers 7.12502 -0 0
lthumb 31.6383 33.2522 0.0400974
rclavicle -2.14593e-14 8.04561e-15 -1.04999e-29
rhumerus -44.0749 -23.7817 -63.0918
rradius 75.7206 -0 0
rwrist -31.4503 0 0
rhand -27.9542 -25.816 0.00875163
rfingers 7.12502 -0 0
rthumb -1.34171 -55.7901 0.00908403
109
root 7.50898 16.5563 -26.5751 -7.31969 8.16568 4.33894
lfemur -8.35562 11.9267 -21.3716
ltibia 36.0757 -0 0
lfoot -21.2991 -10.4426 -0.45349
ltoes 32.6567 -0 0
rfemur -86.8487 -25.6468 49.6845
rtibia 84.6959 -0 0
rfoot 11.1281 21.2638 2.36667
rtoes -27.9704 0 0
lowerback 13.9027 -2.56257 -8.19739
upperback 4.24161 -4.55831 -1.14475
thorax -2.60769 -2.23122 4.34675
lowerneck -12.0436 -0.925445 -0.198795
upperneck 0.00661862 -1.31224 2.74393
head 2.09622 -0.563354 0.859673
lclavicle -2.04548e-14 8.46977e-15 -1.01477e-29
lhumerus -41.2113 -21.2982 91.6542
lradius 50.0044 -0 0
lwrist 15.6081 0 0
lhand 6.52897 6.28617 0.120999
lfingers 7.12502 -0 0
lthumb 31.7997 33.266 0.0385008
rclavicle -2.04548e-14 8.46977e-15 -1.01477e-29
rhumerus -44.115 -23.9578 -62.8771
rradius 76.0375 -0 0
rwrist -31.8267 0 0
rhand -28.0001 -25.8546 0.00826515
rfingers 7.12502 -0 0
rthumb -1.38602 -55.8285 0.00860122
110
root 7.52039 16.5536 -26.5615 -7.46372 8.27806 4.38541
lfemur -8.25211 12.0143 -21.3686
ltibia 36.085 -0 0
lfoot -21.1444 -10.5776 -0.437224
ltoes 32.6022 -0 0
rfemur -87.5517 -25.6839 50.0928
rtibia 85.1511 -0 0
rfoot 11.5145 21.5357 2.28139
rtoes -28.3895 0 0
lowerback 14.0571 -2.61445 -8.23489
upperback 4.30639 -4.64302 -1.18753
thorax -2.61564 -2.27565 4.33279
lowerneck -12.0636 -0.914001 -0.219262
upperneck 0.0200345 -1.29598 2.78165
head 2.10484 -0.554007 0.875714
lclavicle -1.9459e-14 8.88552e-15 -9.79112e-30
lhumerus -41.1957 -21.397 91.5846
lradius 50.1402 -0 0
lwrist 15.7246 0 0
lhand 6.69545 6.32269 0.116427
lfingers 7.12502 -0 0
lthumb 31.9591 33.2796 0.0368925
rclavicle -1.9459e-14 8.88552e-15 -9.79112e-30
rhumerus -44.1555 -24.1316 -62.6648
rradius 76.3506 -0 0
rwrist -32.1981 0 0
rhand -28.0459 -25.893 0.00778302
rfingers 7.12502 -0 0
rthumb -1.43028 -55.8668 0.00812203
111
root 7.53165 16.5509 -26.5481 -7.60579 8.3892 4.431
lfemur -8.15 12.1008 -21.3654
ltibia 36.0942 -0 0
lfoot -20.9916 -10.711 -0.420815
ltoes 32.5485 -0 0
rfemur -88.2459 -25.716 50.4963
rtibia 85.6007 -0 0
rfoot 11.8964 21.803 2.19541
rtoes -28.8014 0 0
lowerback 14.2095 -2.66559 -8.27201
upperback 4.37038 -4.72661 -1.22986
thorax -2.62347 -2.31952 4.319
lowerneck -12.0834 -0.902728 -0.239479
upperneck 0.033284 -1.27997 2.81891
head 2.11334 -0.544792 0.891558
lclavicle -1.84723e-14 9.29267e-15 -9.43071e-30
lhumerus -41.1801 -21.4946 91.5158
lradius 50.2742 -0 0
lwrist 15.8395 0 0
lhand 6.85986 6.35872 0.111819
lfingers 7.12502 -0 0
lthumb 32.1165 33.2929 0.0352753
rclavicle -1.84723e-14 9.29267e-15 -9.43071e-30
rhumerus -44.1962 -24.3029 -62.455
rradius 76.6597 -0 0
rwrist -32.5645 0 0
rhand -28.0917 -25.9314 0.00730612
rfingers 7.12502 -0 0
rthumb -1.47449 -55.9049 0.0076473
112
root 7.54275 16.5482 -26.5349 -7.74584 8.49905 4.47567
lfemur -8.04932 12.1861 -21.3622
ltibia 36.1033 -0 0
lfoot -20.841 -10.8425 -0.404282
ltoes 32.4955 -0 0
rfemur -88.9313 -25.7434 50.8946
rtibia 86.0446 -0 0
rfoot 12.2735 22.0657 2.10881
rtoes -29.2059 0 0
lowerback 14.3599 -2.71597 -8.30876
upperback 4.43357 -4.80906 -1.27172
thorax -2.6312 -2.36282 4.30539
lowerneck -12.1028 -0.891627 -0.259439
upperneck 0.0463621 -1.2642 2.8557
head 2.12173 -0.535712 0.907199
lclavicle -1.7495e-14 9.69101e-15 -9.06688e-30
lhumerus -41.1645 -21.591 91.4479
lradius 50.4063 -0 0
lwrist 15.9529 0 0
lhand 7.02214 6.39425 0.107183
lfingers 7.12502 -0 0
lthumb 32.2719 33.3061 0.0336523
rclavicle -1.7495e-14 9.69101e-15 -9.06688e-30
rhumerus -44.2372 -24.4719 -62.2476
rradius 76.9647 -0 0
rwrist -32.9258 0 0
rhand -28.1374 -25.9696 0.00683532
rfingers 7.12502 -0 0
rthumb -1.51865 -55.943 0.00717789
113
root 7.55369 16.5456 -26.5219 -7.88383 8.60756 4.51945
lfemur -7.9501 12.2703 -21.3587
ltibia 36.1124 -0 0
lfoot -20.6926 -10.9723 -0.387645
ltoes 32.4432 -0 0
rfemur -89.6073 -25.7662 51.2876
rtibia 86.4826 -0 0
rfoot 12.6458 22.3236 2.02172
rtoes -29.6028 0 0
lowerback 14.5082 -2.76558 -8.34509
upperback 4.49591 -4.89035 -1.31309
thorax -2.6388 -2.40553 4.29197
lowerneck -12.122 -0.880704 -0.279135
upperneck 0.0592639 -1.24868 2.892
head 2.13 -0.526771 0.922633
lclavicle -1.65273e-14 1.00803e-14 -8.70008e-30
lhumerus -41.149 -21.686 91.3808
lradius 50.5365 -0 0
lwrist 16.0645 0 0
lhand 7.18224 6.42925 0.102524
lfingers 7.12502 -0 0
lthumb 32.4252 33.319 0.0320263
rclavicle -1.65273e-14 1.00803e-14 -8.70008e-30
rhumerus -44.2784 -24.6383 -62.0428
rradius 77.2655 -0 0
rwrist -33.2819 0 0
rhand -28.1831 -26.0077 0.00637152
rfingers 7.12502 -0 0
rthumb -1.56274 -55.9809 0.00671467
114
root 7.56447 16.5431 -26.5091 -8.01971 8.71471 4.56231
lfemur -7.85238 12.3533 -21.3552
ltibia 36.1213 -0 0
lfoot -20.5463 -11.1003 -0.370925
ltoes 32.3917 -0 0
rfemur -90.2738 -25.7846 51.675
rtibia 86.9146 -0 0
rfoot 13.0132 22.5768 1.93424
rtoes -29.9921 0 0
lowerback 14.6543 -2.81442 -8.381
upperback 4.5574 -4.97045 -1.35395
thorax -2.64628 -2.44764 4.27874
lowerneck -12.1409 -0.869962 -0.29856
upperneck 0.0719843 -1.23341 2.9278
head 2.13815 -0.517971 0.937853
lclavicle -1.55697e-14 1.04605e-14 -8.33079e-30
lhumerus -41.1335 -21.7798 91.3147
lradius 50.6647 -0 0
lwrist 16.1746 0 0
lhand 7.34011 6.46372 0.0978507
lfingers 7.12502 -0 0
lthumb 32.5764 33.3318 0.0304006
rclavicle -1.55697e-14 1.04605e-14 -8.33079e-30
rhumerus -44.3198 -24.8022 -61.8408
rradius 77.5621 -0 0
rwrist -33.6325 0 0
rhand -28.2286 -26.0457 0.00591564
rfingers 7.12502 -0 0
rthumb -1.60677 -56.0186 0.00625851
115
root 7.57507 16.5405 -26.4965 -8.15344 8.82045 4.60425
lfemur -7.7562 12.4351 -21.3515
ltibia 36.1301 -0 0
lfoot -20.4023 -11.2263 -0.354142
ltoes 32.3411 -0 0
rfemur -90.9304 -25.7988 52.0567
rtibia 87.3404 -0 0
rfoot 13.3757 22.825 1.84646
rtoes -30.3734 0 0
lowerback 14.7983 -2.86245 -8.41647
upperback 4.618 -5.04933 -1.39429
thorax -2.65363 -2.48912 4.26571
lowerneck -12.1595 -0.859405 -0.317707
upperneck 0.0845185 -1.21841 2.9631
head 2.14618 -0.509316 0.952856
lclavicle -1.46225e-14 1.08312e-14 -7.95946e-30
lhumerus -41.118 -21.8722 91.2495
lradius 50.7909 -0 0
lwrist 16.2828 0 0
lhand 7.49568 6.49762 0.0931688
lfingers 7.12502 -0 0
lthumb 32.7254 33.3442 0.0287782
rclavicle -1.46225e-14 1.08312e-14 -7.95946e-30
rhumerus -44.3614 -24.9635 -61.6414
rradius 77.8543 -0 0
rwrist -33.9776 0 0
rhand -28.2742 -26.0835 0.00546861
rfingers 7.12502 -0 0
rthumb -1.65074 -56.0562 0.00581032
116
root 7.58551 16.538 -26.484 -8.28497 8.92473 4.64527
lfemur -7.66159 12.5156 -21.3476
ltibia 36.1389 -0 0
lfoot -20.2606 -11.3505 -0.337317
ltoes 32.2912 -0 0
rfemur -91.5768 -25.8089 52.4324
rtibia 87.7599 -0 0
rfoot 13.733 23.0683 1.75851
rtoes -30.7466 0 0
lowerback 14.9399 -2.90969 -8.45148
upperback 4.67769 -5.12698 -1.43409
thorax -2.66086 -2.52998 4.25287
lowerneck -12.1778 -0.849036 -0.33657
upperneck 0.0968613 -1.20366 2.99788
head 2.15408 -0.500809 0.967634
lclavicle -1.36861e-14 1.11923e-14 -7.58659e-30
lhumerus -41.1026 -21.9633 91.1853
lradius 50.915 -0 0
lwrist 16.3894 0 0
lhand 7.64892 6.53096 0.0884857
lfingers 7.12502 -0 0
lthumb 32.8721 33.3564 0.0271623
rclavicle -1.36861e-14 1.11923e-14 -7.58659e-30
rhumerus -44.4031 -25.1221 -61.4449
rradius 78.142 -0 0
rwrist -34.3171 0 0
rhand -28.3196 -26.1212 0.00503136
rfingers 7.12502 -0 0
rthumb -1.69462 -56.0937 0.00537102
117
root 7.59577 16.5356 -26.4718 -8.41425 9.02751 4.68537
lfemur -7.56859 12.5949 -21.3437
ltibia 36.1475 -0 0
lfoot -20.1213 -11.4726 -0.32047
ltoes 32.2422 -0 0
rfemur -92.2128 -25.8151 52.8018
rtibia 88.173 -0 0
rfoot 14.0851 23.3065 1.67048
rtoes -31.1117 0 0
lowerback 15.0793 -2.9561 -8.486
upperback 4.73645 -5.20335 -1.47333
thorax -2.66796 -2.5702 4.24023
lowerneck -12.1958 -0.83886 -0.355141
upperneck 0.109008 -1.18919 3.03212
head 2.16185 -0.492452 0.982185
lclavicle -1.27606e-14 1.15436e-14 -7.21265e-30
lhumerus -41.0873 -22.053 91.1221
lradius 51.037 -0 0
lwrist 16.4941 0 0
lhand 7.79975 6.56371 0.0838083
lfingers 7.12502 -0 0
lthumb 33.0165 33.3684 0.025556
rclavicle -1.27606e-14 1.15436e-14 -7.21265e-30
rhumerus -44.4448 -25.278 -61.2514
rradius 78.4251 -0 0
rwrist -34.6507 0 0
rhand -28.365 -26.1588 0.00460487
rfingers 7.12502 -0 0
rthumb -1.73842 -56.131 0.00494153
118
root 7.60585 16.5332 -26.4598 -8.54125 9.12876 4.72454
lfemur -7.47725 12.6728 -21.3397
ltibia 36.1561 -0 0
lfoot -19.9844 -11.5928 -0.303624
ltoes 32.194 -0 0
rfemur -92.838 -25.8176 53.1649
rtibia 88.5794 -0 0
rfoot 14.432 23.5396 1.58249
rtoes -31.4683 0 0
lowerback 15.2162 -3.00168 -8.52002
upperback 4.79425 -5.27844 -1.51199
thorax -2.67493 -2.60975 4.22779
lowerneck -12.2135 -0.828879 -0.373415
upperneck 0.120953 -1.17499 3.06582
head 2.16949 -0.48425 0.996501
lclavicle -1.18466e-14 1.18849e-14 -6.83813e-30
lhumerus -41.072 -22.1412 91.0599
lradius 51.1568 -0 0
lwrist 16.597 0 0
lhand 7.94813 6.59585 0.0791439
lfingers 7.12502 -0 0
lthumb 33.1586 33.38 0.0239626
rclavicle -1.18466e-14 1.18849e-14 -6.83813e-30
rhumerus -44.4866 -25.4311 -61.0609
rradius 78.7035 -0 0
rwrist -34.9785 0 0
rhand -28.4102 -26.1962 0.00419011
rfingers 7.12502 -0 0
rthumb -1.78214 -56.1681 0.00452281
119
root 7.61574 16.5308 -26.4479 -8.6659 9.22842 4.76278
lfemur -7.38758 12.7494 -21.3356
ltibia 36.1645 -0 0
lfoot -19.8499 -11.7109 -0.286798
ltoes 32.1468 -0 0
rfemur -93.4522 -25.8166 53.5213
rtibia 88.9791 -0 0
rfoot 14.7734 23.7675 1.49465
rtoes -31.8163 0 0
lowerback 15.3508 -3.04642 -8.55352
upperback 4.8511 -5.35224 -1.55007
thorax -2.68176 -2.64863 4.21557
lowerneck -12.2308 -0.819097 -0.391383
upperneck 0.132692 -1.16107 3.09897
head 2.177 -0.476204 1.01058
lclavicle -1.09443e-14 1.2216e-14 -6.46353e-30
lhumerus -41.0568 -22.228 90.9987
lradius 51.2745 -0 0
lwrist 16.698 0 0
lhand 8.094 6.62737 0.0744997
lfingers 7.12502 -0 0
lthumb 33.2983 33.3914 0.0223854
rclavicle -1.09443e-14 1.2216e-14 -6.46353e-30
rhumerus -44.5283 -25.5814 -60.8735
rradius 78.9771 -0 0
rwrist -35.3003 0 0
rhand -28.4554 -26.2334 0.00378807
rfingers 7.12502 -0 0
rthumb -1.82577 -56.205 0.00411581
120
root 7.62545 16.5285 -26.4363 -8.78817 9.32647 4.80008
lfemur -7.29965 12.8246 -21.3314
ltibia 36.1729 -0 0
lfoot -19.718 -11.8269 -0.270015
ltoes 32.1004 -0 0
rfemur -94.0552 -25.8123 53.871
rtibia 89.3718 -0 0
rfoot 15.1093 23.9901 1.40707
rtoes -32.1555 0 0
lowerback 15.4829 -3.0903 -8.58648
upperback 4.9069 -5.42466 -1.58752
thorax -2.68845 -2.68682 4.20356
lowerneck -12.2478 -0.809519 -0.40904
upperneck 0.14422 -1.14744 3.13154
head 2.18436 -0.468319 1.02441
lclavicle -1.0054e-14 1.25366e-14 -6.08934e-30
lhumerus -41.0417 -22.3134 90.9386
lradius 51.3898 -0 0
lwrist 16.7971 0 0
lhand 8.23731 6.65825 0.069883
lfingers 7.12502 -0 0
lthumb 33.4355 33.4025 0.0208277
rclavicle -1.0054e-14 1.25366e-14 -6.08934e-30
rhumerus -44.57 -25.7288 -60.6893
rradius 79.2459 -0 0
rwrist -35.6159 0 0
rhand -28.5005 -26.2705 0.00339977
rfingers 7.12502 -0 0
rthumb -1.8693 -56.2418 0.00372152
121
root 7.63497 16.5262 -26.425 -8.90801 9.42285 4.83644
lfemur -7.21347 12.8984 -21.3271
ltibia 36.1811 -0 0
lfoot -19.5886 -11.9408 -0.253296
ltoes 32.0549 -0 0
rfemur -94.6465 -25.8049 54.2137
rtibia 89.7575 -0 0
rfoot 15.4397 24.2073 1.31985
rtoes -32.4859 0 0
lowerback 15.6124 -3.13331 -8.61889
upperback 4.96168 -5.49571 -1.62434
thorax -2.69501 -2.7243 4.19176
lowerneck -12.2645 -0.800148 -0.426378
upperneck 0.155531 -1.1341 3.16354
head 2.19159 -0.460596 1.038
lclavicle -9.17618e-15 1.28467e-14 -5.71606e-30
lhumerus -41.0268 -22.3972 90.8796
lradius 51.5029 -0 0
lwrist 16.8943 0 0
lhand 8.378 6.68847 0.0653011
lfingers 7.12502 -0 0
lthumb 33.5703 33.4133 0.0192928
rclavicle -9.17618e-15 1.28467e-14 -5.71606e-30
rhumerus -44.6115 -25.8733 -60.5084
rradius 79.5096 -0 0
rwrist -35.9252 0 0
rhand -28.5454 -26.3074 0.00302623
rfingers 7.12502 -0 0
rthumb -1.91272 -56.2784 0.00334092
122
root 7.64429 16.524 -26.4138 -9.02537 9.51753 4.87186
lfemur -7.12909 12.9708 -21.3227
ltibia 36.1892 -0 0
lfoot -19.4618 -12.0525 -0.236663
ltoes 32.0103 -0 0
rfemur -95.226 -25.7945 54.5492
rtibia 90.136 -0 0
rfoot 15.7644 24.4191 1.23311
rtoes -32.8071 0 0
lowerback 15.7393 -3.17544 -8.65071
upperback 5.01539 -5.56536 -1.6605
thorax -2.70142 -2.76107 4.18018
lowerneck -12.2809 -0.790987 -0.44339
upperneck 0.166621 -1.12105 3.19494
head 2.19867 -0.453041 1.05133
lclavicle -8.31103e-15 1.31459e-14 -5.34419e-30
lhumerus -41.0119 -22.4794 90.8217
lradius 51.6136 -0 0
lwrist 16.9894 0 0
lhand 8.51602 6.71802 0.0607614
lfingers 7.12502 -0 0
lthumb 33.7024 33.4238 0.0177842
rclavicle -8.31103e-15 1.31459e-14 -5.34419e-30
rhumerus -44.6529 -26.0148 -60.3309
rradius 79.7683 -0 0
rwrist -36.2281 0 0
rhand -28.5903 -26.3441 0.00266849
rfingers 7.12502 -0 0
rthumb -1.95604 -56.3148 0.00297504
123
root 7.65342 16.5218 -26.4029 -9.14021 9.61047 4.90633
lfemur -7.04654 13.0418 -21.3183
ltibia 36.1972 -0 0
lfoot -19.3377 -12.162 -0.220137
ltoes 31.9667 -0 0
rfemur -95.7935 -25.7815 54.8774
rtibia 90.5072 -0 0
rfoot 16.0833 24.6254 1.14697
rtoes -33.1191 0 0
lowerback 15.8636 -3.21668 -8.68194
upperback 5.06802 -5.6336 -1.696
thorax -2.70768 -2.7971 4.16883
lowerneck -12.2969 -0.782041 -0.46007
upperneck 0.177485 -1.10831 3.22573
head 2.2056 -0.445655 1.0644
lclavicle -7.45895e-15 1.34342e-14 -4.97424e-30
lhumerus -40.9972 -22.5601 90.7649
lradius 51.722 -0 0
lwrist 17.0825 0 0
lhand 8.65132 6.74689 0.0562715
lfingers 7.12502 -0 0
lthumb 33.832 33.434 0.0163051
rclavicle -7.45895e-15 1.34342e-14 -4.97424e-30
rhumerus -44.6941 -26.1532 -60.1568
rradius 80.0217 -0 0
rwrist -36.5244 0 0
rhand -28.635 -26.3806 0.0023276
rfingers 7.12502 -0 0
rthumb -1.99925 -56.351 0.00262488
124
root 7.66234 16.5196 -26.3922 -9.25247 9.70162 4.93986
lfemur -6.96587 13.1113 -21.3138
ltibia 36.2051 -0 0
lfoot -19.2163 -12.2692 -0.20374
ltoes 31.9241 -0 0
rfemur -96.3485 -25.7659 55.1981
rtibia 90.8709 -0 0
rfoot 16.3964 24.8261 1.06152
rtoes -33.4216 0 0
lowerback 15.9852 -3.25701 -8.71255
upperback 5.11955 -5.70039 -1.73081
thorax -2.7138 -2.83239 4.15771
lowerneck -12.3125 -0.773312 -0.476411
upperneck 0.188117 -1.09587 3.25591
head 2.21238 -0.438441 1.0772
lclavicle -6.62025e-15 1.37112e-14 -4.60672e-30
lhumerus -40.9826 -22.6392 90.7093
lradius 51.8279 -0 0
lwrist 17.1735 0 0
lhand 8.78384 6.77505 0.0518387
lfingers 7.12502 -0 0
lthumb 33.9589 33.4438 0.014859
rclavicle -6.62025e-15 1.37112e-14 -4.60672e-30
rhumerus -44.7351 -26.2886 -59.9864
rradius 80.2699 -0 0
rwrist -36.8141 0 0
rhand -28.6797 -26.417 0.00200464
rfingers 7.12502 -0 0
rthumb -2.04234 -56.3869 0.0022915
125
root 7.67105 16.5175 -26.3818 -9.36212 9.79094 4.97242
lfemur -6.88711 13.1792 -21.3092
ltibia 36.2128 -0 0
lfoot -19.0977 -12.3741 -0.187495
ltoes 31.8824 -0 0
rfemur -96.891 -25.7479 55.5112
rtibia 91.2269 -0 0
rfoot 16.7035 25.0211 0.976877
rtoes -33.7145 0 0
lowerback 16.1041 -3.29643 -8.74253
upperback 5.16994 -5.76571 -1.76491
thorax -2.71977 -2.86691 4.14681
lowerneck -12.3278 -0.764805 -0.492405
upperneck 0.198513 -1.08374 3.28546
head 2.21901 -0.431403 1.08974
lclavicle -5.79528e-15 1.39768e-14 -4.24214e-30
lhumerus -40.9682 -22.7166 90.655
lradius 51.9313 -0 0
lwrist 17.2624 0 0
lhand 8.91352 6.80248 0.0474707
lfingers 7.12502 -0 0
lthumb 34.0831 33.4533 0.0134494
rclavicle -5.79528e-15 1.39768e-14 -4.24214e-30
rhumerus -44.7757 -26.4208 -59.8196
rradius 80.5127 -0 0
rwrist -37.097 0 0
rhand -28.7242 -26.4531 0.00170069
rfingers 7.12502 -0 0
rthumb -2.08531 -56.4227 0.00197593
126
root 7.67955 16.5155 -26.3715 -9.4691 9.87839 5.00403
lfemur -6.81029 13.2457 -21.3047
ltibia 36.2204 -0 0
lfoot -18.9819 -12.4767 -0.171423
ltoes 31.8418 -0 0
rfemur -97.4206 -25.7279 55.8164
rtibia 91.5751 -0 0
rfoot 17.0045 25.2104 0.893159
rtoes -33.9976 0 0
lowerback 16.2201 -3.33492 -8.77185
upperback 5.21918 -5.82953 -1.79829
thorax -2.72558 -2.90065 4.13616
lowerneck -12.3427 -0.756523 -0.508047
upperneck 0.208667 -1.07193 3.31437
head 2.22548 -0.424544 1.102
lclavicle -4.98437e-15 1.42308e-14 -3.881e-30
lhumerus -40.9539 -22.7924 90.6018
lradius 52.0321 -0 0
lwrist 17.3491 0 0
lhand 9.04031 6.82918 0.0431749
lfingers 7.12502 -0 0
lthumb 34.2045 33.4625 0.0120796
rclavicle -4.98437e-15 1.42308e-14 -3.881e-30
rhumerus -44.816 -26.5498 -59.6565
rradius 80.7499 -0 0
rwrist -37.373 0 0
rhand -28.7685 -26.489 0.00141686
rfingers 7.12502 -0 0
rthumb -2.12815 -56.4583 0.00167926
127
root 7.68784 16.5134 -26.3616 -9.57337 9.96393 5.03469
lfemur -6.73546 13.3105 -21.3001
ltibia 36.2279 -0 0
lfoot -18.8689 -12.5769 -0.155546
ltoes 31.8021 -0 0
rfemur -97.9371 -25.7059 56.1137
rtibia 91.9155 -0 0
rfoot 17.2994 25.3939 0.810472
rtoes -34.2708 0 0
lowerback 16.3333 -3.37247 -8.80049
upperback 5.26723 -5.89183 -1.83092
thorax -2.73124 -2.93361 4.12574
lowerneck -12.3572 -0.74847 -0.523329
upperneck 0.218575 -1.06045 3.34262
head 2.23179 -0.417867 1.11398
lclavicle -4.18785e-15 1.4473e-14 -3.52381e-30
lhumerus -40.9398 -22.8664 90.5499
lradius 52.1304 -0 0
lwrist 17.4337 0 0
lhand 9.16416 6.85513 0.0389588
lfingers 7.12502 -0 0
lthumb 34.3231 33.4712 0.0107531
rclavicle -4.18785e-15 1.4473e-14 -3.52381e-30
rhumerus -44.856 -26.6756 -59.4973
rradius 80.9816 -0 0
rwrist -37.6419 0 0
rhand -28.8127 -26.5248 0.00115426
rfingers 7.12502 -0 0
rthumb -2.17085 -56.4936 0.00140255
128
root 7.69591 16.5115 -26.3519 -9.67488 10.0475 5.06438
lfemur -6.66265 13.3738 -21.2954
ltibia 36.2353 -0 0
lfoot -18.7588 -12.6746 -0.139887
ltoes 31.7635 -0 0
rfemur -98.4402 -25.6822 56.4028
rtibia 92.2477 -0 0
rfoot 17.5881 25.5715 0.728927
rtoes -34.5338 0 0
lowerback 16.4436 -3.40906 -8.82845
upperback 5.31409 -5.95261 -1.86281
thorax -2.73674 -2.96575 4.11557
lowerneck -12.3713 -0.74065 -0.538245
upperneck 0.228231 -1.04929 3.37021
head 2.23794 -0.411376 1.12567
lclavicle -3.40606e-15 1.47032e-14 -3.17109e-30
lhumerus -40.9259 -22.9387 90.4993
lradius 52.2261 -0 0
lwrist 17.516 0 0
lhand 9.28501 6.88031 0.0348302
lfingers 7.12502 -0 0
lthumb 34.4388 33.4797 0.00947337
rclavicle -3.40606e-15 1.47032e-14 -3.17109e-30
rhumerus -44.8954 -26.7981 -59.342
rradius 81.2075 -0 0
rwrist -37.9037 0 0
rhand -28.8568 -26.5603 0.000914017
rfingers 7.12502 -0 0
rthumb -2.21342 -56.5287 0.00114692
129
root 7.70375 16.5096 -26.3424 -9.77359 10.1291 5.0931
lfemur -6.59188 13.4355 -21.2908
ltibia 36.2425 -0 0
lfoot -18.6517 -12.7699 -0.124466
ltoes 31.726 -0 0
rfemur -98.9298 -25.6569 56.6837
rtibia 92.5717 -0 0
rfoot 17.8704 25.7432 0.648632
rtoes -34.7866 0 0
lowerback 16.5509 -3.4447 -8.85568
upperback 5.3597 -6.01179 -1.89389
thorax -2.74207 -2.99708 4.10564
lowerneck -12.385 -0.733066 -0.552787
upperneck 0.237631 -1.03846 3.39712
head 2.24393 -0.405072 1.13707
lclavicle -2.63933e-15 1.49212e-14 -2.82335e-30
lhumerus -40.9121 -23.0093 90.4499
lradius 52.3191 -0 0
lwrist 17.5961 0 0
lhand 9.40281 6.9047 0.0307964
lfingers 7.12502 -0 0
lthumb 34.5516 33.4877 0.00824384
rclavicle -2.63933e-15 1.49212e-14 -2.82335e-30
rhumerus -44.9344 -26.9173 -59.1908
rradius 81.4277 -0 0
rwrist -38.1581 0 0
rhand -28.9007 -26.5956 0.000697279
rfingers 7.12502 -0 0
rthumb -2.25584 -56.5636 0.000913457
130
root 7.71137 16.5077 -26.3332 -9.86944 10.2087 5.12085
lfemur -6.52323 13.4954 -21.2861
ltibia 36.2496 -0 0
lfoot -18.5476 -12.8627 -0.109306
ltoes 31.6895 -0 0
rfemur -99.4055 -25.6303 56.9562
rtibia 92.8874 -0 0
rfoot 18.1463 25.9088 0.569698
rtoes -35.0289 0 0
lowerback 16.6552 -3.47935 -8.88219
upperback 5.40404 -6.06936 -1.92419
thorax -2.74725 -3.02757 4.09597
lowerneck -12.3984 -0.725721 -0.566948
upperneck 0.246769 -1.02798 3.42334
head 2.24974 -0.398959 1.14818
lclavicle -1.88799e-15 1.51267e-14 -2.48108e-30
lhumerus -40.8986 -23.0781 90.4019
lradius 52.4094 -0 0
lwrist 17.6738 0 0
lhand 9.51751 6.92828 0.0268651
lfingers 7.12502 -0 0
lthumb 34.6614 33.4954 0.00706794
rclavicle -1.88799e-15 1.51267e-14 -2.48108e-30
rhumerus -44.9729 -27.033 -59.0436
rradius 81.6419 -0 0
rwrist -38.4051 0 0
rhand -28.9445 -26.6307 0.000505203
rfingers 7.12502 -0 0
rthumb -2.29811 -56.5982 0.000703296
131
root 7.71876 16.5059 -26.3243 -9.96239 10.2862 5.14763
lfemur -6.45671 13.5538 -21.2815
ltibia 36.2566 -0 0
lfoot -18.4466 -12.9529 -0.0944281
ltoes 31.6541 -0 0
rfemur -99.8672 -25.6026 57.2202
rtibia 93.1945 -0 0
rfoot 18.4158 26.0684 0.492231
rtoes -35.2605 0 0
lowerback 16.7564 -3.51302 -8.90794
upperback 5.44711 -6.12532 -1.95366
thorax -2.75225 -3.05721 4.08655
lowerneck -12.4113 -0.718621 -0.580723
upperneck 0.255641 -1.01783 3.44886
head 2.25539 -0.393041 1.15899
lclavicle -1.15239e-15 1.53197e-14 -2.1448e-30
lhumerus -40.8853 -23.145 90.3553
lradius 52.4969 -0 0
lwrist 17.7492 0 0
lhand 9.62904 6.95105 0.0230438
lfingers 7.12502 -0 0
lthumb 34.7682 33.5026 0.00594912
rclavicle -1.15239e-15 1.53197e-14 -2.1448e-30
rhumerus -45.0108 -27.1453 -58.9007
rradius 81.8501 -0 0
rwrist -38.6446 0 0
rhand -28.9881 -26.6655 0.000338963
rfingers 7.12502 -0 0
rthumb -2.34023 -56.6326 0.000517572
132
root 7.72592 16.5042 -26.3156 -10.0524 10.3615 5.17344
lfemur -6.39237 13.6104 -21.2769
ltibia 36.2634 -0 0
lfoot -18.3487 -13.0405 -0.0798548
ltoes 31.6199 -0 0
rfemur -100.315 -25.5739 57.4755
rtibia 93.4929 -0 0
rfoot 18.6786 26.2219 0.41634
rtoes -35.4813 0 0
lowerback 16.8545 -3.54568 -8.93293
upperback 5.48887 -6.17963 -1.9823
thorax -2.75709 -3.08599 4.07739
lowerneck -12.4238 -0.711767 -0.594103
upperneck 0.264242 -1.00804 3.47367
head 2.26086 -0.387321 1.16949
lclavicle -4.32841e-16 1.54998e-14 -1.815e-30
lhumerus -40.8722 -23.2101 90.31
lradius 52.5816 -0 0
lwrist 17.8222 0 0
lhand 9.73736 6.97298 0.0193401
lfingers 7.12502 -0 0
lthumb 34.8719 33.5095 0.0048908
rclavicle -4.32841e-16 1.54998e-14 -1.815e-30
rhumerus -45.048 -27.2541 -58.7621
rradius 82.0523 -0 0
rwrist -38.8764 0 0
rhand -29.0316 -26.7001 0.000199745
rfingers 7.12502 -0 0
rthumb -2.38219 -56.6668 0.000357436
133
root 7.73283 16.5025 -26.3073 -10.1394 10.4347 5.19827
lfemur -6.33022 13.6653 -21.2722
ltibia 36.27 -0 0
lfoot -18.2539 -13.1255 -0.0656073
ltoes 31.5867 -0 0
rfemur -100.748 -25.5445 57.722
rtibia 93.7826 -0 0
rfoot 18.9347 26.3691 0.342132
rtoes -35.6911 0 0
lowerback 16.9493 -3.57734 -8.95712
upperback 5.52929 -6.23226 -2.01008
thorax -2.76175 -3.11388 4.06849
lowerneck -12.4359 -0.705165 -0.607083
upperneck 0.272566 -0.998595 3.49775
head 2.26615 -0.381801 1.17967
lclavicle 2.70309e-16 1.56669e-14 -1.49219e-30
lhumerus -40.8594 -23.2733 90.2662
lradius 52.6635 -0 0
lwrist 17.8927 0 0
lhand 9.84241 6.99406 0.0157613
lfingers 7.12502 -0 0
lthumb 34.9725 33.5159 0.00389637
rclavicle 2.70309e-16 1.56669e-14 -1.49219e-30
rhumerus -45.0846 -27.3593 -58.6279
rradius 82.2481 -0 0
rwrist -39.1004 0 0
rhand -29.0749 -26.7345 8.87477e-05
rfingers 7.12502 -0 0
rthumb -2.42398 -56.7006 0.00022405
134
root 7.73951 16.5008 -26.2991 -10.2234 10.5057 5.22211
lfemur -6.27034 13.7184 -21.2676
ltibia 36.2765 -0 0
lfoot -18.1624 -13.2078 -0.051707
ltoes 31.5548 -0 0
rfemur -101.166 -25.5145 57.9595
rtibia 94.0633 -0 0
rfoot 19.184 26.51 0.269712
rtoes -35.8898 0 0
lowerback 17.041 -3.60797 -8.9805
upperback 5.56836 -6.28319 -2.03699
thorax -2.76624 -3.14088 4.05986
lowerneck -12.4476 -0.698817 -0.619655
upperneck 0.280608 -0.989513 3.52109
head 2.27126 -0.376485 1.18954
lclavicle 9.56729e-16 1.58208e-14 -1.17686e-30
lhumerus -40.8467 -23.3346 90.2237
lradius 52.7424 -0 0
lwrist 17.9608 0 0
lhand 9.94413 7.01427 0.0123149
lfingers 7.12502 -0 0
lthumb 35.0699 33.5219 0.00296922
rclavicle 9.56729e-16 1.58208e-14 -1.17686e-30
rhumerus -45.1205 -27.4609 -58.4983
rradius 82.4377 -0 0
rwrist -39.3164 0 0
rhand -29.118 -26.7686 7.18519e-06
rfingers 7.12502 -0 0
rthumb -2.4656 -56.7342 0.000118591
135
root 7.74594 16.4992 -26.2913 -10.3043 10.5745 5.24497
lfemur -6.21275 13.7697 -21.2631
ltibia 36.2829 -0 0
lfoot -18.0741 -13.2874 -0.0381752
ltoes 31.524 -0 0
rfemur -101.569 -25.4841 58.1881
rtibia 94.3349 -0 0
rfoot 19.4265 26.6446 0.199186
rtoes -36.0771 0 0
lowerback 17.1293 -3.63756 -9.00306
upperback 5.60604 -6.3324 -2.06301
thorax -2.77055 -3.16698 4.0515
lowerneck -12.4588 -0.692727 -0.631813
upperneck 0.288364 -0.980795 3.54368
head 2.27618 -0.371376 1.19909
lclavicle 1.62608e-15 1.59613e-14 -8.69492e-31
lhumerus -40.8344 -23.3939 90.1828
lradius 52.8184 -0 0
lwrist 18.0264 0 0
lhand 10.0425 7.0336 0.00900828
lfingers 7.12502 -0 0
lthumb 35.1641 33.5275 0.0021127
rclavicle 1.62608e-15 1.59613e-14 -8.69492e-31
rhumerus -45.1556 -27.5589 -58.3732
rradius 82.6209 -0 0
rwrist -39.5244 0 0
rhand -29.1609 -26.8024 -4.37164e-05
rfingers 7.12502 -0 0
rthumb -2.50705 -56.7676 4.22492e-05
136
root 7.75212 16.4977 -26.2838 -10.382 10.641 5.26684
lfemur -6.15748 13.8192 -21.2586
ltibia 36.2891 -0 0
lfoot -17.9891 -13.3643 -0.0250329
ltoes 31.4943 -0 0
rfemur -101.957 -25.4536 58.4075
rtibia 94.5972 -0 0
rfoot 19.662 26.7728 0.130657
rtoes -36.253 0 0
lowerback 17.2143 -3.6661 -9.02476
upperback 5.64232 -6.37986 -2.08813
thorax -2.77468 -3.19215 4.04341
lowerneck -12.4696 -0.6869 -0.643549
upperneck 0.295828 -0.972447 3.56551
head 2.28092 -0.366476 1.20832
lclavicle 2.27804e-15 1.60882e-14 -5.70577e-31
lhumerus -40.8223 -23.4512 90.1433
lradius 52.8914 -0 0
lwrist 18.0894 0 0
lhand 10.1374 7.05203 0.00584879
lfingers 7.12502 -0 0
lthumb 35.2549 33.5326 0.00133014
rclavicle 2.27804e-15 1.60882e-14 -5.70577e-31
rhumerus -45.1899 -27.6532 -58.2528
rradius 82.7975 -0 0
rwrist -39.7242 0 0
rhand -29.2036 -26.836 -6.27179e-05
rfingers 7.12502 -0 0
rthumb -2.54832 -56.8006 -3.77468e-06
137
root 7.75804 16.4962 -26.2765 -10.4566 10.7052 5.28771
lfemur -6.10456 13.8668 -21.2541
ltibia 36.2951 -0 0
lfoot -17.9074 -13.4383 -0.0123009
ltoes 31.4659 -0 0
rfemur -102.33 -25.423 58.6176
rtibia 94.8501 -0 0
rfoot 19.8905 26.8945 0.064228
rtoes -36.4172 0 0
lowerback 17.2959 -3.69359 -9.0456
upperback 5.67716 -6.42554 -2.11231
thorax -2.77863 -3.21638 4.03561
lowerneck -12.4799 -0.681338 -0.654858
upperneck 0.302996 -0.964474 3.58657
head 2.28547 -0.36179 1.21721
lclavicle 2.91227e-15 1.62013e-14 -2.80589e-31
lhumerus -40.8105 -23.5066 90.1053
lradius 52.9613 -0 0
lwrist 18.1498 0 0
lhand 10.2288 7.06953 0.00284364
lfingers 7.12502 -0 0
lthumb 35.3425 33.5373 0.000624823
rclavicle 2.91227e-15 1.62013e-14 -2.80589e-31
rhumerus -45.2233 -27.7437 -58.1371
rradius 82.9675 -0 0
rwrist -39.9157 0 0
rhand -29.2462 -26.8694 -4.85672e-05
rfingers 7.12502 -0 0
rthumb -2.5894 -56.8334 -1.82665e-05
138
root 7.76371 16.4948 -26.2696 -10.5279 10.767 5.30759
lfemur -6.05405 13.9126 -21.2497
ltibia 36.301 0 0
lfoot -17.8292 -13.5095 0
ltoes 31.4387 0 0
rfemur -102.687 -25.3926 58.8183
rtibia 95.0935 0 0
rfoot 20.1118 27.0097 0
rtoes -36.5695 0 0
lowerback 17.374 -3.72 -9.06556
upperback 5.71054 -6.46942 -2.13555
thorax -2.78239 -3.23966 4.02808
lowerneck -12.4898 -0.676045 -0.665731
upperneck 0.309862 -0.956882 3.60684
head 2.28983 -0.35732 1.22576
lclavicle 3.52843e-15 1.63003e-14 0
lhumerus -40.799 -23.5599 90.0689
lradius 53.0282 0 0
lwrist 18.2076 0 0
lhand 10.3167 7.08611 0
lfingers 7.12502 0 0
lthumb 35.4266 33.5415 0
rclavicle 3.52843e-15 1.63003e-14 0
rhumerus -45.2558 -27.8304 -58.0264
rradius 83.1308 0 0
rwrist -40.0987 0 0
rhand -29.2885 -26.9024 0
rfingers 7.12502 0 0
rthumb -2.63029 -56.8659 0
139
root 7.71756 16.4805 -26.2669 -10.0465 11.9082 4.97098
lfemur -6.98791 14.2862 -20.8264
ltibia 36.7829 0 0
lfoot -17.8927 -14.5121 0
ltoes 31.654 0 0
rfemur -102.903 -25.5352 57.3636
rtibia 98.8692 0 0
rfoot 29.3556 22.314 0
rtoes -17.0937 0 0
lowerback 17.1802 -4.06549 -8.86558
upperback 5.54475 -6.87863 -2.15319
thorax -2.83323 -3.43224 3.95824
lowerneck -12.3761 -0.838353 -0.802575
upperneck 0.284744 -1.1632 3.884
head 2.27077 -0.452478 1.32811
lclavicle 5.35725e-14 -1.86858e-14 0
lhumerus -40.1384 -24.6203 90.1707
lradius 52.2274 0 0
lwrist 17.6404 0 0
lhand 11.4487 7.55993 0
lfingers 7.12502 0 0
lthumb 36.499 33.7523 0
rclavicle 5.35725e-14 -1.86858e-14 0
rhumerus -46.1521 -27.9074 -58.8192
rradius 84.1539 0 0
rwrist -38.0524 0 0
rhand -35.3168 -31.2119 0
rfingers 7.12502 0 0
rthumb -8.45048 -61.0228 0
140
root 7.67755 16.4719 -26.2637 -9.61016 12.7275 4.72559
lfemur -7.75481 14.5877 -20.5515
ltibia 37.0857 -0 0
lfoot -18.1414 -14.4923 -0.00135397
ltoes 30.4253 -0 0
rfemur -102.423 -25.9512 55.9655
rtibia 101.303 -0 0
rfoot 30.6418 21.8571 0.0262802
rtoes -13.9429 0 0
lowerback 16.9569 -4.24748 -8.76334
upperback 5.39516 -7.08599 -2.1475
thorax -2.8625 -3.52848 3.92758
lowerneck -12.276 -0.999814 -0.846859
upperneck 0.259641 -1.37728 4.05604
head 2.25358 -0.55488 1.38004
lclavicle 4.20478e-14 -2.15324e-14 -1.22095e-30
lhumerus -39.5873 -25.3949 90.3371
lradius 51.5724 -0 0
lwrist 16.7658 0 0
lhand 12.5629 8.00895 0.0196769
lfingers 7.12502 -0 0
lthumb 37.5486 33.8937 0.00593478
rclavicle 4.20478e-14 -2.15324e-14 -1.22095e-30
rhumerus -46.8903 -27.3988 -59.677
rradius 84.7751 -0 0
rwrist -35.3714 0 0
rhand -37.3881 -36.4472 0.374099
rfingers 7.12502 -0 0
rthumb -9.91129 -40.9222 -1.66711
141
root 7.62386 16.4605 -26.2594 -9.02627 13.8216 4.40881
lfemur -8.78412 14.9836 -20.1973
ltibia 37.4885 -0 0
lfoot -18.5036 -14.45 -0.00215586
ltoes 28.7226 -0 0
rfemur -101.737 -26.5051 54.0824
rtibia 104.531 -0 0
rfoot 31.822 21.5702 0.036039
rtoes -10.8206 0 0
lowerback 16.6554 -4.48364 -8.63014
upperback 5.19328 -7.35524 -2.1398
thorax -2.90293 -3.65322 3.88694
lowerneck -12.1389 -1.218 -0.899134
upperneck 0.22557 -1.6676 4.28515
head 2.23022 -0.693935 1.44767
lclavicle 2.07695e-14 -2.29954e-14 -1.42757e-30
lhumerus -38.8423 -26.4291 90.5493
lradius 50.6892 -0 0
lwrist 15.5486 0 0
lhand 14.0744 8.62029 0.0337852
lfingers 7.12502 -0 0
lthumb 38.9723 34.0863 0.0108307
rclavicle 2.07695e-14 -2.29954e-14 -1.42757e-30
rhumerus -47.8906 -26.6915 -60.8432
rradius 85.5807 -0 0
rwrist -31.6864 0 0
rhand -39.9976 -43.8584 0.678468
rfingers 7.12502 -0 0
rthumb -12.2491 -12.3857 -3.13389
142
root 7.56419 16.4483 -26.2545 -8.37942 15.0227 4.07006
lfemur -9.91924 15.4451 -19.8149
ltibia 37.9212 -0 0
lfoot -18.9009 -14.2707 -0.00280032
ltoes 26.6584 -0 0
rfemur -100.858 -27.1256 51.9344
rtibia 108.024 -0 0
rfoot 32.7138 21.4303 0.0317111
rtoes -8.22088 0 0
lowerback 16.312 -4.73521 -8.48611
upperback 4.96904 -7.64118 -2.12564
thorax -2.94359 -3.78568 3.84642
lowerneck -11.9895 -1.46177 -0.955286
upperneck 0.185081 -1.99193 4.53086
head 2.20419 -0.849643 1.5194
lclavicle -4.46705e-15 -2.30749e-14 -8.72314e-31
lhumerus -38.021 -27.5667 90.7852
lradius 49.7202 -0 0
lwrist 14.1886 0 0
lhand 15.7556 9.29534 0.0331513
lfingers 7.12502 -0 0
lthumb 40.5549 34.2897 0.0110774
rclavicle -4.46705e-15 -2.30749e-14 -8.72314e-31
rhumerus -49.0068 -25.8809 -62.1637
rradius 86.4682 -0 0
rwrist -27.5526 0 0
rhand -42.6629 -51.8605 0.668081
rfingers 7.12502 -0 0
rthumb -15.2019 21.4794 -3.40033
143
root 7.50622 16.4374 -26.2491 -7.75212 16.1614 3.75311
lfemur -11.0037 15.9398 -19.4522
ltibia 38.314 -0 0
lfoot -19.2552 -13.8395 -0.00236941
ltoes 24.3449 -0 0
rfemur -99.8047 -27.7459 49.7471
rtibia 111.255 -0 0
rfoot 33.1344 21.4149 0.0173433
rtoes -6.63766 0 0
lowerback 15.9633 -4.96377 -8.35215
upperback 4.75243 -7.8986 -2.10114
thorax -2.97364 -3.90504 3.81608
lowerneck -11.8524 -1.70007 -1.01088
upperneck 0.141452 -2.3081 4.75257
head 2.17908 -1.00202 1.58359
lclavicle -2.78664e-14 -2.17709e-14 -2.50374e-31
lhumerus -37.2429 -28.6503 91.0307
lradius 48.8077 -0 0
lwrist 12.8854 0 0
lhand 17.3782 9.93516 0.0182572
lfingers 7.12502 -0 0
lthumb 42.0811 34.4635 0.0064272
rclavicle -2.78664e-14 -2.17709e-14 -2.50374e-31
rhumerus -50.0885 -25.0527 -63.4811
rradius 87.335 -0 0
rwrist -23.5252 0 0
rhand -44.8649 -58.857 0.360706
rfingers 7.12502 -0 0
rthumb -17.725 57.4514 -2.1075
144
root 7.45764 16.4299 -26.2436 -7.22517 17.0665 3.49555
lfemur -11.8814 16.4318 -19.1537
ltibia 38.5969 0 0
lfoot -19.4881 -13.0421 0
ltoes 21.8945 0 0
rfemur -98.6095 -28.3076 47.7533
rtibia 113.692 0 0
rfoot 32.9014 21.5016 0
rtoes -6.56482 0 0
lowerback 15.6464 -5.13134 -8.24989
upperback 4.57351 -8.08227 -2.06303
thorax -2.98228 -3.99048 3.80589
lowerneck -11.7524 -1.90189 -1.06112
upperneck 0.0987205 -2.57405 4.90958
head 2.1586 -1.13111 1.62855
lclavicle -4.36332e-14 -1.90833e-14 0
lhumerus -36.6304 -29.5215 91.2807
lradius 48.0942 0 0
lwrist 11.8387 0 0
lhand 18.7147 10.4412 0
lfingers 7.12502 0 0
lthumb 43.3359 34.5673 0
rclavicle -4.36332e-14 -1.90833e-14 0
rhumerus -50.9797 -24.2812 -64.6333
rradius 88.0785 0 0
rwrist -20.1594 0 0
rhand -46.1207 -63.2647 0
rfingers 7.12502 0 0
rthumb -18.8617 -267.63 0
145
root 7.40147 16.4286 -26.238 -6.64769 17.8963 3.28263
lfemur -12.8073 17.1093 -18.8816
ltibia 38.9011 -0 0
lfoot -19.8858 -10.9892 -0.0625648
ltoes 15.9517 -0 0
rfemur -96.7325 -29.0986 45.2508
rtibia 116.111 -0 0
rfoot 30.2922 22.5334 -0.0692828
rtoes -11.803 0 0
lowerback 15.305 -5.21753 -8.25043
upperback 4.40476 -8.17056 -1.99647
thorax -2.9596 -4.03125 3.86526
lowerneck -11.6844 -2.14112 -1.12584
upperneck -0.0190869 -2.88266 5.01697
head 2.12008 -1.28379 1.65768
lclavicle -5.03311e-14 -9.30606e-15 -8.10652e-31
lhumerus -35.8824 -30.3591 91.5769
lradius 47.2875 -0 0
lwrist 10.5344 0 0
lhand 20.1576 10.7883 -0.0290479
lfingers 7.12502 -0 0
lthumb 44.6875 34.4561 -0.0123872
rclavicle -5.03311e-14 -9.30606e-15 -8.10652e-31
rhumerus -52.0134 -23.025 -66.1702
rradius 88.9218 -0 0
rwrist -16.0058 0 0
rhand -47.0402 -65.4969 -0.934293
rfingers 7.12502 -0 0
rthumb -17.8361 155.503 0.164701
146
root 7.35714 16.4327 -26.2315 -6.18985 18.3856 3.13504
lfemur -13.4495 17.8279 -18.6889
ltibia 39.0297 -0 0
lfoot -20.0943 -8.13057 -0.11464
ltoes 9.42041 -0 0
rfemur -94.4321 -29.8374 42.863
rtibia 117.308 -0 0
rfoot 26.2042 23.8941 -0.0686635
rtoes -20.322 0 0
lowerback 14.9854 -5.20736 -8.30337
upperback 4.28572 -8.13771 -1.90141
thorax -2.89766 -4.01639 3.96189
lowerneck -11.674 -2.33683 -1.18283
upperneck -0.138028 -3.13015 5.01975
head 2.08811 -1.40884 1.65491
lclavicle -4.65598e-14 4.31434e-15 -1.0145e-30
lhumerus -35.3791 -30.8951 91.9366
lradius 46.7697 -0 0
lwrist 9.57264 0 0
lhand 21.228 10.9476 -0.035667
lfingers 7.12502 -0 0
lthumb 45.6836 34.2256 -0.0159121
rclavicle -4.65598e-14 4.31434e-15 -1.0145e-30
rhumerus -52.797 -21.7401 -67.5306
rradius 89.6126 -0 0
rwrist -12.6617 0 0
rhand -46.3705 -63.5146 -1.47292
rfingers 7.12502 -0 0
rthumb -18.1668 -138.252 -1.77174
147
root 7.30438 16.4291 -26.2127 -5.51809 19.1953 2.71995
lfemur -14.2119 19.016 -18.2614
ltibia 38.83 0 0
lfoot -19.3527 -4.32417 0
ltoes 6.83901 0 0
rfemur -90.388 -30.4932 39.1333
rtibia 117.517 0 0
rfoot 23.1465 23.6236 0
rtoes -25.5638 0 0
lowerback 14.3014 -5.31704 -8.08797
upperback 4.04654 -8.19514 -1.70426
thorax -2.77747 -4.04772 3.98957
lowerneck -11.6452 -2.57221 -1.25641
upperneck -0.111115 -3.43313 4.99343
head 2.10346 -1.56067 1.64213
lclavicle -4.6615e-14 1.51076e-14 0
lhumerus -35.3011 -31.7262 92.8275
lradius 46.5617 0 0
lwrist 9.12072 0 0
lhand 22.6258 11.6293 0
lfingers 7.12502 0 0
lthumb 46.9729 34.3074 0
rclavicle -4.6615e-14 1.51076e-14 0
rhumerus -53.5679 -20.5611 -68.9174
rradius 90.6306 0 0
rwrist -9.55343 0 0
rhand -42.0046 -57.1986 0
rfingers 7.12502 0 0
rthumb -14.8996 -446.643 0
148
root 7.26826 16.4208 -26.1942 -4.99187 19.9112 2.30209
lfemur -14.7477 19.9766 -17.8568
ltibia 38.5231 -0 0
lfoot -18.307 -1.75453 0.132048
ltoes 8.37219 -0 0
rfemur -87.0807 -30.694 36.1788
rtibia 117.153 -0 0
rfoot 22.52 22.2762 0.00970501
rtoes -25.4525 0 0
lowerback 13.6764 -5.47265 -7.77297
upperback 3.82562 -8.30892 -1.53078
thorax -2.6794 -4.10601 3.95012
lowerneck -11.6078 -2.73253 -1.3095
upperneck 0.00590967 -3.64328 4.97586
head 2.14389 -1.6648 1.63369
lclavicle -5.27317e-14 1.84152e-14 1.61305e-32
lhumerus -35.5255 -32.4235 93.6717
lradius 46.6168 -0 0
lwrist 9.18295 0 0
lhand 23.6636 12.3931 0.0315001
lfingers 7.12502 -0 0
lthumb 47.9257 34.594 0.0142753
rclavicle -5.27317e-14 1.84152e-14 1.61305e-32
rhumerus -54.0122 -20.0102 -69.7073
rradius 91.4316 -0 0
rwrist -7.89005 0 0
rhand -37.2022 -51.3077 1.68781
rfingers 7.12502 -0 0
rthumb -9.58616 -70.3363 1.19171
149
root 7.22619 16.409 -26.1695 -4.34878 20.806 1.7532
lfemur -15.3614 21.1988 -17.3348
ltibia 38.064 -0 0
lfoot -16.7916 1.39817 0.253234
ltoes 11.5965 -0 0
rfemur -82.8566 -30.6791 32.4885
rtibia 116.377 -0 0
rfoot 22.2697 20.1917 0.00368621
rtoes -24.0297 0 0
lowerback 12.861 -5.67923 -7.32582
upperback 3.54084 -8.46399 -1.30227
thorax -2.55112 -4.18579 3.8817
lowerneck -11.5616 -2.91942 -1.37395
upperneck 0.188872 -3.88941 4.94333
head 2.20604 -1.78653 1.62034
lclavicle -6.25307e-14 2.11153e-14 -3.72876e-31
lhumerus -35.9548 -33.2761 94.8042
lradius 46.7968 -0 0
lwrist 9.45564 0 0
lhand 24.9027 13.4184 0.0604946
lfingers 7.12502 -0 0
lthumb 49.06 35.0267 0.0268555
rclavicle -6.25307e-14 2.11153e-14 -3.72876e-31
rhumerus -54.4831 -19.4566 -70.5661
rradius 92.4217 -0 0
rwrist -6.16303 0 0
rhand -30.3112 -42.933 3.28816
rfingers 7.12502 -0 0
rthumb -2.71449 -58.9761 1.75824
150
root 7.18202 16.3952 -26.1418 -3.65948 21.7882 1.14572
lfemur -15.9955 22.5443 -16.7635
ltibia 37.5227 -0 0
lfoot -15.0306 4.79134 0.300431
ltoes 15.8083 -0 0
rfemur -78.2309 -30.365 28.4983
rtibia 115.353 -0 0
rfoot 22.2783 17.701 -0.00567108
rtoes -21.7876 0 0
lowerback 11.9517 -5.90679 -6.80727
upperback 3.22497 -8.64019 -1.047
thorax -2.40812 -4.27685 3.79578
lowerneck -11.5107 -3.11617 -1.44273
upperneck 0.408587 -4.14923 4.9023
head 2.28006 -1.91494 1.6043
lclavicle -7.32863e-14 2.31087e-14 -1.02782e-30
lhumerus -36.5232 -34.1902 96.0967
lradius 47.0542 -0 0
lwrist 9.85578 0 0
lhand 26.2244 14.5752 0.072127
lfingers 7.12502 -0 0
lthumb 50.2677 35.5377 0.0315409
rclavicle -7.32863e-14 2.31087e-14 -1.02782e-30
rhumerus -54.9512 -18.9315 -71.4316
rradius 93.4937 -0 0
rwrist -4.49486 0 0
rhand -22.2073 -33.2329 3.93579
rfingers 7.12502 -0 0
rthumb 4.87232 -51.2971 1.80853
151
root 7.13957 16.381 -26.114 -2.99214 22.7634 0.549119
lfemur -16.5962 23.8726 -16.2074
ltibia 36.9697 -0 0
lfoot -13.253 8.07948 0.251472
ltoes 20.3039 -0 0
rfemur -73.7226 -29.7721 24.648
rtibia 114.249 -0 0
rfoot 22.4278 15.1347 -0.00780333
rtoes -19.2183 0 0
lowerback 11.046 -6.12835 -6.27959
upperback 2.91115 -8.81783 -0.793682
thorax -2.26592 -4.36907 3.70391
lowerneck -11.4589 -3.30608 -1.50877
upperneck 0.635762 -4.40054 4.85958
head 2.35609 -2.0391 1.58781
lclavicle -8.22729e-14 2.42959e-14 -1.51987e-30
lhumerus -37.154 -35.0759 97.4123
lradius 47.3417 -0 0
lwrist 10.3004 0 0
lhand 27.5093 15.7328 0.0610532
lfingers 7.12502 -0 0
lthumb 51.4406 36.0592 0.0262545
rclavicle -8.22729e-14 2.42959e-14 -1.51987e-30
rhumerus -55.3856 -18.4647 -72.2407
rradius 94.5402 -0 0
rwrist -3.00805 0 0
rhand -13.9889 -23.5559 3.28721
rfingers 7.12502 -0 0
rthumb 12.41 -46.0535 1.53939
152
root 7.10266 16.3681 -26.0892 -2.41214 23.6347 0.0298067
lfemur -17.1133 25.0412 -15.7276
ltibia 36.475 -0 0
lfoot -11.6873 10.917 0.130632
ltoes 24.3797 -0 0
rfemur -69.8194 -29.0312 21.345
rtibia 113.228 -0 0
rfoot 22.6001 12.8235 -0.0022337
rtoes -16.8142 0 0
lowerback 10.2425 -6.32062 -5.80666
upperback 2.63288 -8.97783 -0.571462
thorax -2.14014 -4.45242 3.61774
lowerneck -11.4105 -3.47247 -1.5649
upperneck 0.840983 -4.62122 4.82242
head 2.42423 -2.14809 1.57322
lclavicle -8.67648e-14 2.45775e-14 -1.31405e-30
lhumerus -37.7576 -35.8485 98.6031
lradius 47.612 -0 0
lwrist 10.7064 0 0
lhand 28.638 16.7608 0.0324026
lfingers 7.12502 -0 0
lthumb 52.4705 36.5233 0.0135779
rclavicle -8.67648e-14 2.45775e-14 -1.31405e-30
rhumerus -55.7534 -18.0838 -72.9302
rradius 95.4539 -0 0
rwrist -1.82501 0 0
rhand -6.75131 -15.2537 1.68172
rfingers 7.12502 -0 0
rthumb 19.1445 -42.0121 0.994267
153
root 7.07514 16.3579 -26.0705 -1.98263 24.3032 -0.348268
lfemur -17.4997 25.9059 -15.3827
ltibia 36.1089 0 0
lfoot -10.5572 12.9611 0
ltoes 27.3321 0 0
rfemur -66.9591 -28.3562 18.9439
rtibia 112.456 0 0
rfoot 22.6774 11.0983 0
rtoes -15.0674 0 0
lowerback 9.64064 -6.46349 -5.45364
upperback 2.42405 -9.10162 -0.409897
thorax -2.04646 -4.51697 3.54904
lowerneck -11.3696 -3.59868 -1.60393
upperneck 0.994727 -4.78924 4.79844
head 2.47459 -2.23102 1.56293
lclavicle -8.40362e-14 2.38542e-14 0
lhumerus -38.2328 -36.429 99.5112
lradius 47.8175 0 0
lwrist 10.9908 0 0
lhand 29.4916 17.5291 0
lfingers 7.12502 0 0
lthumb 53.2493 36.8623 0
rclavicle -8.40362e-14 2.38542e-14 0
rhumerus -56.0211 -17.8157 -73.4367
rradius 96.1275 0 0
rwrist -1.0681 0 0
rhand -1.36116 -9.48676 0
rfingers 7.12502 0 0
rthumb 24.286 -397.968 0
154
root 7.04571 16.3299 -26.0362 -1.43682 25.5165 -0.827905
lfemur -17.9794 26.9187 -15.0263
ltibia 35.4895 0 0
lfoot -9.21641 14.1198 0
ltoes 32.7126 0 0
rfemur -62.9621 -27.1957 15.9769
rtibia 110.411 0 0
rfoot 23.0341 7.75787 0
rtoes -10.5147 0 0
lowerback 8.71637 -6.76399 -4.87953
upperback 2.10512 -9.4077 -0.262002
thorax -1.91047 -4.67258 3.31998
lowerneck -11.2194 -3.77995 -1.59084
upperneck 1.30328 -5.04748 4.82868
head 2.56088 -2.3561 1.55615
lclavicle 4.03533e-14 0 0
lhumerus -39.4035 -37.3723 101.051
lradius 48.4507 0 0
lwrist 11.4725 0 0
lhand 30.7514 18.78 0
lfingers 7.12502 0 0
lthumb 54.3812 37.357 0
rclavicle 4.03533e-14 0 0
rhumerus -55.9506 -18.0314 -73.6182
rradius 96.8456 0 0
rwrist -3.51651 0 0
rhand 11.0343 -5.00793 0
rfingers 7.12502 0 0
rthumb 36.1067 -391.298 0
155
root 7.01747 16.302 -26.0004 -0.905852 26.8025 -1.18476
lfemur -18.5153 27.8429 -14.8405
ltibia 34.9864 0 0
lfoot -8.16118 14.5816 0
ltoes 36.9234 0 0
rfemur -58.9881 -25.8913 13.1815
rtibia 108.093 0 0
rfoot 23.2128 3.87445 0
rtoes -4.92754 0 0
lowerback 7.81292 -7.06006 -4.37859
upperback 1.79638 -9.72584 -0.163491
thorax -1.77328 -4.83419 3.07738
lowerneck -11.056 -3.98665 -1.57792
upperneck 1.59353 -5.34063 4.88387
head 2.64092 -2.49795 1.55557
lclavicle -6.26669e-14 2.22639e-14 0
lhumerus -40.6268 -38.2905 102.646
lradius 49.068 0 0
lwrist 11.7604 0 0
lhand 31.997 19.7825 0
lfingers 7.12502 0 0
lthumb 55.4928 37.5586 0
rclavicle -6.26669e-14 2.22639e-14 0
rhumerus -55.7834 -18.3456 -73.6984
rradius 97.4295 0 0
rwrist -6.99274 0 0
rhand 23.2241 -2.81955 0
rfingers 7.12502 0 0
rthumb 47.5258 -385.251 0
156
root 6.99077 16.2971 -25.9865 -0.747691 26.7041 -1.1202
lfemur -18.4738 27.4896 -14.4713
ltibia 34.9628 -0 0
lfoot -8.13749 13.726 0.000776433
ltoes 36.6493 -0 0
rfemur -57.7445 -25.5669 12.4807
rtibia 106.522 -0 0
rfoot 22.3762 3.18708 0.201358
rtoes -3.78623 0 0
lowerback 7.56795 -6.9625 -4.2696
upperback 1.75405 -9.57369 -0.27469
thorax -1.70764 -4.76353 2.88202
lowerneck -11.0456 -4.05577 -1.50502
upperneck 1.61709 -5.44443 4.89834
head 2.64676 -2.54793 1.54115
lclavicle -6.13415e-14 2.28264e-14 -4.81791e-31
lhumerus -40.9174 -38.4313 102.929
lradius 49.1615 -0 0
lwrist 11.8956 0 0
lhand 32.1684 20.0257 0.0117817
lfingers 7.12502 -0 0
lthumb 55.6425 37.6679 0.0048707
rclavicle -6.13415e-14 2.28264e-14 -4.81791e-31
rhumerus -55.6522 -17.596 -74.2444
rradius 97.5523 -0 0
rwrist -6.90554 0 0
rhand 22.9772 -3.03223 0.0411033
rfingers 7.12502 -0 0
rthumb 47.2932 -25.5172 0.0531209
157
root 6.96009 16.2928 -25.9702 -0.566931 26.6052 -1.04915
lfemur -18.4633 27.0697 -14.0414
ltibia 34.9747 -0 0
lfoot -8.08145 12.6821 -0.00616823
ltoes 36.2559 -0 0
rfemur -56.26 -25.1544 11.6655
rtibia 104.637 -0 0
rfoot 21.3857 2.33424 0.449171
rtoes -2.47853 0 0
lowerback 7.28262 -6.84281 -4.14297
upperback 1.7052 -9.38924 -0.405861
thorax -1.63101 -4.67725 2.6527
lowerneck -11.0323 -4.14688 -1.42385
upperneck 1.64162 -5.57901 4.91902
head 2.65259 -2.6129 1.52541
lclavicle -5.88566e-14 2.34451e-14 -9.20297e-31
lhumerus -41.255 -38.5881 103.261
lradius 49.2676 -0 0
lwrist 12.0418 0 0
lhand 32.3644 20.3075 0.0247947
lfingers 7.12502 -0 0
lthumb 55.8137 37.7956 0.0102154
rclavicle -5.88566e-14 2.34451e-14 -9.20297e-31
rhumerus -55.549 -16.7254 -74.9925
rradius 97.7487 -0 0
rwrist -6.73982 0 0
rhand 22.5942 -3.27358 0.0844719
rfingers 7.12502 -0 0
rthumb 46.9324 -25.8503 0.113361
158
root 6.92574 16.2888 -25.9515 -0.365418 26.504 -0.971778
lfemur -18.4803 26.5886 -13.5559
ltibia 35.0168 -0 0
lfoot -7.99789 11.4673 -0.0185351
ltoes 35.7555 -0 0
rfemur -54.565 -24.6531 10.7553
rtibia 102.468 -0 0
rfoot 20.2519 1.33172 0.729856
rtoes -1.01844 0 0
lowerback 6.9607 -6.70264 -4.00065
upperback 1.65021 -9.17541 -0.555446
thorax -1.54453 -4.57658 2.39237
lowerneck -11.0166 -4.25742 -1.33481
upperneck 1.66708 -5.74084 4.94511
head 2.65844 -2.69116 1.50836
lclavicle -5.53183e-14 2.41073e-14 -1.29403e-30
lhumerus -41.6361 -38.7588 103.638
lradius 49.3852 -0 0
lwrist 12.1989 0 0
lhand 32.583 20.6246 0.0385159
lfingers 7.12502 -0 0
lthumb 56.0043 37.9402 0.0158268
rclavicle -5.53183e-14 2.41073e-14 -1.29403e-30
rhumerus -55.4762 -15.7427 -75.9167
rradius 98.0088 -0 0
rwrist -6.50455 0 0
rhand 22.0863 -3.54313 0.129068
rfingers 7.12502 -0 0
rthumb 46.4541 -26.2469 0.178669
159
root 6.88799 16.2852 -25.9308 -0.145007 26.3985 -0.888254
lfemur -18.5211 26.0518 -13.0204
ltibia 35.0837 -0 0
lfoot -7.89168 10.0995 -0.0340146
ltoes 35.1606 -0 0
rfemur -52.6896 -24.0628 9.76966
rtibia 100.044 -0 0
rfoot 18.9853 0.195496 1.0297
rtoes 0.580042 -0 0
lowerback 6.60591 -6.54367 -3.84461
upperback 1.58946 -8.93509 -0.721894
thorax -1.44933 -4.46276 2.10397
lowerneck -10.9989 -4.38484 -1.23825
upperneck 1.69341 -5.92646 4.9758
head 2.66436 -2.78099 1.49002
lclavicle -5.08326e-14 2.48002e-14 -1.58277e-30
lhumerus -42.0577 -38.9416 104.057
lradius 49.5133 -0 0
lwrist 12.3666 0 0
lhand 32.8219 20.9737 0.0524282
lfingers 7.12502 -0 0
lthumb 56.2124 38.1002 0.0214998
rclavicle -5.08326e-14 2.48002e-14 -1.58277e-30
rhumerus -55.4363 -14.6569 -76.9915
rradius 98.3228 -0 0
rwrist -6.20868 0 0
rhand 21.4649 -3.84035 0.173775
rfingers 7.12502 -0 0
rthumb 45.8686 -26.7033 0.246782
160
root 6.84713 16.2816 -25.9082 0.0924345 26.2871 -0.798769
lfemur -18.5824 25.465 -12.4399
ltibia 35.1701 -0 0
lfoot -7.76774 8.59628 -0.0503962
ltoes 34.4838 -0 0
rfemur -50.6641 -23.3844 8.72824
rtibia 97.3943 -0 0
rfoot 17.5971 -1.05804 1.3352
rtoes 2.30292 -0 0
lowerback 6.22196 -6.36757 -3.67677
upperback 1.52334 -8.6712 -0.90365
thorax -1.34655 -4.33706 1.79045
lowerneck -10.9797 -4.52659 -1.13457
upperneck 1.72057 -6.13235 5.01028
head 2.6704 -2.88068 1.47043
lclavicle -4.55057e-14 2.55111e-14 -1.76909e-30
lhumerus -42.5164 -39.1345 104.513
lradius 49.6507 -0 0
lwrist 12.5448 0 0
lhand 33.0788 21.3514 0.0660355
lfingers 7.12502 -0 0
lthumb 56.4361 38.2739 0.0270358
rclavicle -4.55057e-14 2.55111e-14 -1.76909e-30
rhumerus -55.4312 -13.4772 -78.1922
rradius 98.6809 -0 0
rwrist -5.86116 0 0
rhand 20.741 -4.16474 0.217442
rfingers 7.12502 -0 0
rthumb 45.1864 -27.2159 0.315338
161
root 6.80345 16.2782 -25.884 0.345027 26.1678 -0.70353
lfemur -18.6602 24.8334 -11.8199
ltibia 35.2707 -0 0
lfoot -7.6311 6.97536 -0.0656646
ltoes 33.7375 -0 0
rfemur -48.518 -22.62 7.65006
rtibia 94.5478 -0 0
rfoot 16.0988 -2.412 1.63344
rtoes 4.13618 -0 0
lowerback 5.81265 -6.17608 -3.4991
upperback 1.45223 -8.38664 -1.09916
thorax -1.23732 -4.20073 1.45472
lowerneck -10.9595 -4.68013 -1.02414
upperneck 1.74853 -6.35502 5.04777
head 2.67658 -2.98851 1.4496
lclavicle -3.94436e-14 2.62272e-14 -1.8395e-30
lhumerus -43.0089 -39.3355 105.003
lradius 49.7964 -0 0
lwrist 12.7333 0 0
lhand 33.3515 21.7544 0.0788665
lfingers 7.12502 -0 0
lthumb 56.6734 38.4599 0.0322482
rclavicle -3.94436e-14 2.62272e-14 -1.8395e-30
rhumerus -55.4622 -12.2132 -79.4942
rradius 99.0733 -0 0
rwrist -5.47096 0 0
rhand 19.926 -4.51576 0.258907
rfingers 7.12502 -0 0
rthumb 44.418 -27.7812 0.381948
162
root 6.75725 16.2746 -25.8584 0.610874 26.0389 -0.602764
lfemur -18.7508 24.1626 -11.1656
ltibia 35.3801 -0 0
lfoot -7.48685 5.25443 -0.0780822
ltoes 32.9341 -0 0
rfemur -46.2799 -21.7733 6.55326
rtibia 91.5339 -0 0
rfoot 14.5025 -3.84887 1.91233
rtoes 6.06584 -0 0
lowerback 5.38166 -5.97094 -3.31347
upperback 1.37657 -8.08431 -1.30688
thorax -1.12274 -4.05504 1.09973
lowerneck -10.9388 -4.84288 -0.907321
upperneck 1.77726 -6.59097 5.08745
head 2.68297 -3.10277 1.42756
lclavicle -3.27525e-14 2.69356e-14 -1.78548e-30
lhumerus -43.5317 -39.5428 105.522
lradius 49.9493 -0 0
lwrist 12.9319 0 0
lhand 33.6376 22.1792 0.0904962
lfingers 7.12502 -0 0
lthumb 56.9223 38.6567 0.036967
rclavicle -3.27525e-14 2.69356e-14 -1.78548e-30
rhumerus -55.5292 -10.8745 -80.8737
rradius 99.4902 -0 0
rwrist -5.04702 0 0
rhand 19.0311 -4.89282 0.297028
rfingers 7.12502 -0 0
rthumb 43.5739 -28.3954 0.444278
163
root 6.7088 16.2708 -25.8317 0.888063 25.8984 -0.496716
lfemur -18.8504 23.4579 -10.4821
ltibia 35.493 -0 0
lfoot -7.34021 3.45121 -0.0862567
ltoes 32.0861 -0 0
rfemur -43.9772 -20.85 5.45466
rtibia 88.3818 -0 0
rfoot 12.8212 -5.35044 2.16099
rtoes 8.07788 -0 0
lowerback 4.93264 -5.75391 -3.12173
upperback 1.29677 -7.7671 -1.52523
thorax -1.00389 -3.9013 0.728379
lowerneck -10.9178 -5.01231 -0.784491
upperneck 1.80672 -6.8367 5.12853
head 2.68958 -3.22173 1.40434
lclavicle -2.55383e-14 2.76237e-14 -1.60421e-30
lhumerus -44.0814 -39.7548 106.067
lradius 50.1084 -0 0
lwrist 13.1405 0 0
lhand 33.935 22.6226 0.100548
lfingers 7.12502 -0 0
lthumb 57.1809 38.8626 0.041041
rclavicle -2.55383e-14 2.76237e-14 -1.60421e-30
rhumerus -55.6312 -9.47058 -82.3074
rradius 99.9219 -0 0
rwrist -4.59825 0 0
rhand 18.0675 -5.29529 0.33072
rfingers 7.12502 -0 0
rthumb 42.6648 -29.0549 0.500125
164
root 6.6584 16.2667 -25.8041 1.17467 25.7447 -0.385653
lfemur -18.9547 22.7244 -9.77473
ltibia 35.6041 -0 0
lfoot -7.19645 1.5834 -0.0891932
ltoes 31.2059 -0 0
rfemur -41.6361 -19.8572 4.36946
rtibia 85.1207 -0 0
rfoot 11.0685 -6.89784 2.36997
rtoes 10.1583 -0 0
lowerback 4.4693 -5.52685 -2.92572
upperback 1.21331 -7.43792 -1.75267
thorax -0.881844 -3.74082 0.343579
lowerneck -10.8972 -5.18585 -0.656013
upperneck 1.83691 -7.08871 5.17022
head 2.69647 -3.3437 1.37995
lclavicle -1.79073e-14 2.82787e-14 -1.2991e-30
lhumerus -44.6542 -39.9695 106.633
lradius 50.2726 -0 0
lwrist 13.3589 0 0
lhand 34.2413 23.0811 0.108702
lfingers 7.12502 -0 0
lthumb 57.4472 39.0761 0.0443423
rclavicle -1.79073e-14 2.82787e-14 -1.2991e-30
rhumerus -55.7658 -8.01083 -83.7722
rradius 100.358 -0 0
rwrist -4.13371 0 0
rhand 17.0466 -5.7225 0.358977
rfingers 7.12502 -0 0
rthumb 41.7012 -29.7557 0.547483
165
root 6.60633 16.2622 -25.7757 1.46874 25.5757 -0.269863
lfemur -19.0594 21.9674 -9.04877
ltibia 35.708 -0 0
lfoot -7.06094 -0.33127 -0.0863305
ltoes 30.3061 -0 0
rfemur -39.2809 -18.8042 3.31097
rtibia 81.7798 -0 0
rfoot 9.2583 -8.47154 2.53149
rtoes 12.2931 -0 0
lowerback 3.99525 -5.29163 -2.72718
upperback 1.12668 -7.09963 -1.98762
thorax -0.757624 -3.57493 -0.0517793
lowerneck -10.8772 -5.36094 -0.522248
upperneck 1.86783 -7.3435 5.21172
head 2.70367 -3.46694 1.35442
lclavicle -9.96543e-15 2.88877e-14 -8.80049e-31
lhumerus -45.2466 -40.1857 107.216
lradius 50.4408 -0 0
lwrist 13.587 0 0
lhand 34.5544 23.5514 0.114703
lfingers 7.12502 -0 0
lthumb 57.7192 39.2957 0.0467682
rclavicle -9.96543e-15 2.88877e-14 -8.80049e-31
rhumerus -55.929 -6.5044 -85.2453
rradius 100.79 -0 0
rwrist -3.66229 0 0
rhand 15.9796 -6.17374 0.380909
rfingers 7.12502 -0 0
rthumb 40.6939 -30.4939 0.584606
166
root 6.55289 16.257 -25.747 1.76832 25.3899 -0.14965
lfemur -19.1601 21.1917 -8.30949
ltibia 35.7993 -0 0
lfoot -6.93905 -2.27508 -0.0775606
ltoes 29.3991 -0 0
rfemur -36.9347 -17.7016 2.29044
rtibia 78.3882 -0 0
rfoot 7.40543 -10.0514 2.63963
rtoes 14.4683 -0 0
lowerback 3.51406 -5.05017 -2.5278
upperback 1.03743 -6.75513 -2.22851
thorax -0.632229 -3.40501 -0.454815
lowerneck -10.8584 -5.53502 -0.383556
upperneck 1.89949 -7.59756 5.25224
head 2.71122 -3.58975 1.32778
lclavicle -1.81886e-15 2.94381e-14 -3.63482e-31
lhumerus -45.8545 -40.4016 107.812
lradius 50.612 -0 0
lwrist 13.8246 0 0
lhand 34.8718 24.0301 0.118366
lfingers 7.12502 -0 0
lthumb 57.9949 39.5199 0.0482438
rclavicle -1.81886e-15 2.94381e-14 -3.63482e-31
rhumerus -56.1152 -4.96003 -86.7041
rradius 101.207 -0 0
rwrist -3.19299 0 0
rhand 14.8779 -6.64827 0.395762
rfingers 7.12502 -0 0
rthumb 39.6535 -31.2656 0.610065
167
root 6.49835 16.2512 -25.718 2.07143 25.1853 -0.0253362
lfemur -19.2521 20.4023 -7.56223
ltibia 35.8728 -0 0
lfoot -6.83619 -4.23031 -0.0632307
ltoes 28.4972 -0 0
rfemur -34.6187 -16.5617 1.31698
rtibia 74.9753 -0 0
rfoot 5.52487 -11.6169 2.6905
rtoes 16.6699 -0 0
lowerback 3.02931 -4.80445 -2.32922
upperback 0.946113 -6.40728 -2.47374
thorax -0.506619 -3.23244 -0.862664
lowerneck -10.841 -5.70552 -0.240291
upperneck 1.93191 -7.84739 5.291
head 2.71914 -3.71041 1.30004
lclavicle 6.42634e-15 2.99171e-14 2.27827e-31
lhumerus -46.4741 -40.6162 108.414
lradius 50.7851 -0 0
lwrist 14.0714 0 0
lhand 35.1914 24.5138 0.119576
lfingers 7.12502 -0 0
lthumb 58.2724 39.747 0.0487232
rclavicle 6.42634e-15 2.99171e-14 2.27827e-31
rhumerus -56.3174 -3.386 -88.1257
rradius 101.599 -0 0
rwrist -2.73475 0 0
rhand 13.7526 -7.14532 0.402953
rfingers 7.12502 -0 0
rthumb 38.5908 -32.0668 0.622792
168
root 6.44302 16.2445 -25.6889 2.37607 24.9601 0.10274
lfemur -19.3303 19.6038 -6.81239
ltibia 35.9231 -0 0
lfoot -6.75776 -6.17925 -0.0441272
ltoes 27.6131 -0 0
rfemur -32.3529 -15.3982 0.397534
rtibia 71.5701 -0 0
rfoot 3.63181 -13.1473 2.68227
rtoes 18.8839 -0 0
lowerback 2.54451 -4.5565 -2.133
upperback 0.853356 -6.05893 -2.72173
thorax -0.381724 -3.05863 -1.27246
lowerneck -10.8256 -5.86988 -0.0928076
upperneck 1.96512 -8.08949 5.3272
head 2.72748 -3.82721 1.27125
lclavicle 1.46641e-14 3.03118e-14 8.65202e-31
lhumerus -47.1012 -40.8281 109.021
lradius 50.959 -0 0
lwrist 14.3274 0 0
lhand 35.5108 24.9991 0.118296
lfingers 7.12502 -0 0
lthumb 58.5497 39.9755 0.0481906
rclavicle 1.46641e-14 3.03118e-14 8.65202e-31
rhumerus -56.5269 -1.79 -89.4871
rradius 101.957 -0 0
rwrist -2.29651 0 0
rhand 12.6152 -7.66411 0.402086
rfingers 7.12502 -0 0
rthumb 37.5167 -32.8933 0.622124
169
root 6.38717 16.2368 -25.6602 2.68025 24.7127 0.234234
lfemur -19.3896 18.8008 -6.06542
ltibia 35.9449 -0 0
lfoot -6.70908 -8.10421 -0.0214431
ltoes 26.7591 -0 0
rfemur -30.1558 -14.2255 -0.463093
rtibia 68.202 -0 0
rfoot 1.74146 -14.6214 2.6152
rtoes 21.0962 -0 0
lowerback 2.06316 -4.30839 -1.94064
upperback 0.759815 -5.71294 -2.97086
thorax -0.258425 -2.88502 -1.68138
lowerneck -10.8123 -6.02552 0.0585418
upperneck 1.99917 -8.32035 5.36006
head 2.73626 -3.93843 1.24142
lclavicle 2.27882e-14 3.06096e-14 1.51474e-30
lhumerus -47.7316 -41.0364 109.625
lradius 51.1327 -0 0
lwrist 14.5923 0 0
lhand 35.8277 25.4827 0.114562
lfingers 7.12502 -0 0
lthumb 58.8249 40.2039 0.0466611
rclavicle 2.27882e-14 3.06096e-14 1.51474e-30
rhumerus -56.7331 -0.179101 -90.7644
rradius 102.271 -0 0
rwrist -1.88724 0 0
rhand 11.477 -8.20384 0.392981
rfingers 7.12502 -0 0
rthumb 36.4419 -33.7411 0.60783
170
root 6.3311 16.2281 -25.6319 2.98196 24.4411 0.368796
lfemur -19.4246 17.9977 -5.32687
ltibia 35.9328 -0 0
lfoot -6.69543 -9.98748 0.0032737
ltoes 25.9478 -0 0
rfemur -28.0449 -13.0594 -1.26207
rtibia 64.9 -0 0
rfoot -0.131179 -16.0184 2.49162
rtoes 23.293 -0 0
lowerback 1.58872 -4.06225 -1.75358
upperback 0.666187 -5.37215 -3.21952
thorax -0.137563 -2.71307 -2.08662
lowerneck -10.8016 -6.16987 0.213405
upperneck 2.03412 -8.53646 5.38881
head 2.74551 -4.04235 1.21058
lclavicle 3.06928e-14 3.07976e-14 2.13819e-30
lhumerus -48.3609 -41.2402 110.222
lradius 51.3051 -0 0
lwrist 14.866 0 0
lhand 36.1399 25.9612 0.108488
lfingers 7.12502 -0 0
lthumb 59.0959 40.4306 0.0441801
rclavicle 3.06928e-14 3.07976e-14 2.13819e-30
rhumerus -56.9238 1.44019 -91.9335
rradius 102.53 -0 0
rwrist -1.51591 0 0
rhand 10.3492 -8.76373 0.375696
rfingers 7.12502 -0 0
rthumb 35.3772 -34.6062 0.580143
171
root 6.27509 16.2182 -25.6042 3.27917 24.1437 0.506073
lfemur -19.4296 17.1987 -4.60234
ltibia 35.8815 -0 0
lfoot -6.72201 -11.8114 0.0281873
ltoes 25.1915 -0 0
rfemur -26.0371 -11.9158 -1.99842
rtibia 61.6935 -0 0
rfoot -1.97142 -17.3175 2.31578
rtoes 25.4601 -0 0
lowerback 1.12462 -3.82024 -1.57318
upperback 0.573214 -5.03938 -3.46606
thorax -0.0199628 -2.54428 -2.48533
lowerneck -10.7938 -6.30036 0.37143
upperneck 2.07001 -8.73433 5.41266
head 2.75526 -4.13726 1.17876
lclavicle 3.82716e-14 3.08631e-14 2.69414e-30
lhumerus -48.9848 -41.4388 110.808
lradius 51.4751 -0 0
lwrist 15.1484 0 0
lhand 36.4451 26.4312 0.100261
lfingers 7.12502 -0 0
lthumb 59.3608 40.654 0.040823
rclavicle 3.82716e-14 3.08631e-14 2.69414e-30
rhumerus -57.0851 3.06191 -92.9691
rradius 102.726 -0 0
rwrist -1.19147 0 0
rhand 9.24331 -9.34304 0.350539
rfingers 7.12502 -0 0
rthumb 34.3335 -35.4845 0.539766
172
root 6.21943 16.207 -25.5775 3.56986 23.8187 0.64572
lfemur -19.3988 16.4082 -3.89753
ltibia 35.7856 -0 0
lfoot -6.7939 -13.5583 0.0512585
ltoes 24.5027 -0 0
rfemur -24.1483 -10.8114 -2.67276
rtibia 58.6116 -0 0
rfoot -3.76509 -18.4984 2.09372
rtoes 27.5836 -0 0
lowerback 0.67423 -3.58458 -1.40074
upperback 0.481679 -4.71744 -3.70885
thorax 0.0936082 -2.38014 -2.87472
lowerneck -10.7892 -6.41441 0.532262
upperneck 2.10691 -8.91043 5.43085
head 2.76553 -4.22145 1.14598
lclavicle 4.54186e-14 3.07934e-14 3.13935e-30
lhumerus -49.5986 -41.6315 111.376
lradius 51.6416 -0 0
lwrist 15.4392 0 0
lhand 36.741 26.8893 0.0901387
lfingers 7.12502 -0 0
lthumb 59.6176 40.8727 0.0366943
rclavicle 4.54186e-14 3.07934e-14 3.13935e-30
rhumerus -57.2013 4.68046 -93.8449
rradius 102.848 -0 0
rwrist -0.922873 0 0
rhand 8.17054 -9.94104 0.318095
rfingers 7.12502 -0 0
rthumb 33.3214 -36.3722 0.487887
173
root 6.16442 16.1943 -25.552 3.85201 23.4643 0.787402
lfemur -19.3259 15.63 -3.21824
ltibia 35.6398 -0 0
lfoot -6.91612 -15.2105 0.070344
ltoes 23.894 -0 0
rfemur -22.3943 -9.76293 -3.28711
rtibia 55.6835 -0 0
rfoot -5.49854 -19.5413 1.833
rtoes 29.6494 -0 0
lowerback 0.24099 -3.35753 -1.23751
upperback 0.392405 -4.40914 -3.9462
thorax 0.202411 -2.22221 -3.25201
lowerneck -10.7881 -6.50945 0.695544
upperneck 2.14488 -9.06126 5.4426
head 2.77634 -4.29319 1.11228
lclavicle 5.20276e-14 3.05755e-14 3.43041e-30
lhumerus -50.1977 -41.818 111.923
lradius 51.8036 -0 0
lwrist 15.7383 0 0
lhand 37.0254 27.3322 0.0784437
lfingers 7.12502 -0 0
lthumb 59.8644 41.085 0.0319254
rclavicle 5.20276e-14 3.05755e-14 3.43041e-30
rhumerus -57.2549 6.29038 -94.5335
rradius 102.887 -0 0
rwrist -0.719075 0 0
rhand 7.14222 -10.5571 0.279236
rfingers 7.12502 -0 0
rthumb 32.3518 -37.2651 0.426175
174
root 6.11033 16.18 -25.5278 4.12354 23.0789 0.930783
lfemur -19.2046 14.8681 -2.57031
ltibia 35.4388 -0 0
lfoot -7.0936 -16.7502 0.0833117
ltoes 23.3777 -0 0
rfemur -20.7906 -8.78735 -3.84458
rtibia 52.9384 -0 0
rfoot -7.15877 -20.4266 1.54247
rtoes 31.6437 -0 0
lowerback -0.17177 -3.14136 -1.08468
upperback 0.306251 -4.11727 -4.17646
thorax 0.305741 -2.07201 -3.61441
lowerneck -10.7908 -6.58288 0.860913
upperneck 2.18399 -9.18332 5.44715
head 2.7877 -4.35078 1.07769
lclavicle 5.79927e-14 3.01969e-14 3.52555e-30
lhumerus -50.7772 -41.9979 112.442
lradius 51.9601 -0 0
lwrist 16.0455 0 0
lhand 37.2959 27.7565 0.0655618
lfingers 7.12502 -0 0
lthumb 60.0991 41.2895 0.0266733
rclavicle 5.79927e-14 3.01969e-14 3.52555e-30
rhumerus -57.2266 7.886 -95.0059
rradius 102.833 -0 0
rwrist -0.589032 0 0
rhand 6.16965 -11.1905 0.235137
rfingers 7.12502 -0 0
rthumb 31.4352 -38.1597 0.356772
175
root 6.05746 16.1641 -25.5052 4.38252 22.6607 1.07561
lfemur -19.0284 14.1265 -1.95969
ltibia 35.1772 -0 0
lfoot -7.3312 -18.1598 0.0881693
ltoes 22.9662 -0 0
rfemur -19.353 -7.90156 -4.34907
rtibia 50.4055 -0 0
rfoot -8.73332 -21.1357 1.23193
rtoes 33.5523 -0 0
lowerback -0.560754 -2.93837 -0.943375
upperback 0.22411 -3.8446 -4.39793
thorax 0.402918 -1.93111 -3.95915
lowerneck -10.7974 -6.63212 1.028
upperneck 2.22427 -9.27308 5.44375
head 2.79964 -4.39249 1.04224
lclavicle 6.32077e-14 2.96447e-14 3.38675e-30
lhumerus -51.3325 -42.1711 112.927
lradius 52.1099 -0 0
lwrist 16.3607 0 0
lhand 37.5503 28.1588 0.0519299
lfingers 7.12502 -0 0
lthumb 60.3199 41.4845 0.0211162
rclavicle 6.32077e-14 2.96447e-14 3.38675e-30
rhumerus -57.095 9.46094 -95.232
rradius 102.675 -0 0
rwrist -0.5417 0 0
rhand 5.26409 -11.8407 0.187291
rfingers 7.12502 -0 0
rthumb 30.5824 -39.0522 0.282279
176
root 6.00609 16.1463 -25.4845 4.6269 22.208 1.22162
lfemur -18.7905 13.4091 -1.39236
ltibia 34.8498 -0 0
lfoot -7.63376 -19.4216 0.0832082
ltoes 22.6722 -0 0
rfemur -18.0972 -7.12234 -4.80493
rtibia 48.1141 -0 0
rfoot -10.2103 -21.6505 0.91182
rtoes 35.3613 -0 0
lowerback -0.922534 -2.75092 -0.814735
upperback 0.146904 -3.59391 -4.6089
thorax 0.493291 -1.80108 -4.28348
lowerneck -10.8083 -6.6546 1.19644
upperneck 2.26576 -9.32703 5.43165
head 2.81216 -4.41662 1.00596
lclavicle 6.75665e-14 2.89061e-14 2.98209e-30
lhumerus -51.8584 -42.3374 113.374
lradius 52.2519 -0 0
lwrist 16.6836 0 0
lhand 37.7864 28.5358 0.0380286
lfingers 7.12502 -0 0
lthumb 60.5248 41.6686 0.0154522
rclavicle 6.75665e-14 2.89061e-14 2.98209e-30
rhumerus -56.8374 11.0075 -95.1798
rradius 102.405 -0 0
rwrist -0.586039 0 0
rhand 4.4368 -12.5074 0.137517
rfingers 7.12502 -0 0
rthumb 29.8038 -39.9389 0.205732
177
root 5.95652 16.1266 -25.4659 4.85468 21.7191 1.3686
lfemur -18.4839 12.7199 -0.874338
ltibia 34.4511 -0 0
lfoot -8.00611 -20.5177 0.0671613
ltoes 22.508 -0 0
rfemur -17.0391 -6.46633 -5.21659
rtibia 46.0933 -0 0
rfoot -11.578 -21.9531 0.592837
rtoes 37.0566 -0 0
lowerback -1.25385 -2.58133 -0.699814
upperback 0.0755801 -3.36796 -4.80767
thorax 0.576224 -1.68352 -4.58464
lowerneck -10.8237 -6.64773 1.36583
upperneck 2.3085 -9.34166 5.41012
head 2.82527 -4.42145 0.968885
lclavicle 7.0963e-14 2.79683e-14 2.28824e-30
lhumerus -52.3502 -42.4968 113.777
lradius 52.3852 -0 0
lwrist 17.0141 0 0
lhand 38.0018 28.884 0.0243783
lfingers 7.12502 -0 0
lthumb 60.7117 41.8401 0.00989443
rclavicle 7.0963e-14 2.79683e-14 2.28824e-30
rhumerus -56.4292 12.516 -94.8159
rradius 102.012 -0 0
rwrist -0.731006 0 0
rhand 3.69897 -13.1899 0.0879758
rfingers 7.12502 -0 0
rthumb 29.1099 -40.8164 0.130571
178
root 5.90902 16.1048 -25.4495 5.06386 21.1923 1.51639
lfemur -18.1015 12.063 -0.41167
ltibia 33.9759 -0 0
lfoot -8.45312 -21.4302 0.0393755
ltoes 22.4861 -0 0
rfemur -16.1951 -5.94997 -5.58813
rtibia 44.3723 -0 0
rfoot -12.8252 -22.0266 0.285553
rtoes 38.6244 -0 0
lowerback -1.55138 -2.43196 -0.599664
upperback 0.011102 -3.1695 -4.99251
thorax 0.651097 -1.58002 -4.85985
lowerneck -10.8437 -6.60891 1.53579
upperneck 2.35247 -9.31346 5.37842
head 2.83899 -4.40526 0.931058
lclavicle 7.32912e-14 2.68187e-14 1.29335e-30
lhumerus -52.8027 -42.6493 114.13
lradius 52.5087 -0 0
lwrist 17.3521 0 0
lhand 38.1944 29.2002 0.0115179
lfingers 7.12502 -0 0
lthumb 60.8788 41.9976 0.00466696
rclavicle 7.32912e-14 2.68187e-14 1.29335e-30
rhumerus -55.8443 13.9736 -94.1057
rradius 101.487 -0 0
rwrist -0.985551 0 0
rhand 3.06176 -13.8881 0.0411792
rfingers 7.12502 -0 0
rthumb 28.511 -41.6812 0.0606123
179
root 5.8639 16.0808 -25.4357 5.25247 20.626 1.66489
lfemur -17.6361 11.4426 -0.0103658
ltibia 33.4187 0 0
lfoot -8.97975 -22.1413 0
ltoes 22.6189 0 0
rfemur -15.5818 -5.58949 -5.9228
rtibia 42.9804 0 0
rfoot -13.9406 -21.8541 0
rtoes 40.0505 0 0
lowerback -1.81182 -2.30514 -0.515334
upperback -0.0455538 -3.00128 -5.16171
thorax 0.717296 -1.49217 -5.10638
lowerneck -10.8685 -6.53556 1.70592
upperneck 2.39766 -9.2389 5.33585
head 2.8533 -4.36633 0.892514
lclavicle 7.44449e-14 2.54444e-14 0
lhumerus -53.211 -42.7952 114.428
lradius 52.6212 0 0
lwrist 17.6973 0 0
lhand 38.362 29.4811 0
lfingers 7.12502 0 0
lthumb 61.024 42.1395 0
rclavicle 7.44449e-14 2.54444e-14 0
rhumerus -55.0558 15.3635 -93.0133
rradius 100.819 0 0
rwrist -1.35861 0 0
rhand 2.53628 -14.6014 0
rfingers 7.12502 0 0
rthumb 28.0174 -402.53 0
180
root 5.81775 16.0524 -25.4236 5.43262 19.9653 1.82736
lfemur -17.0344 10.8116 0.353015
ltibia 32.7211 -0 0
lfoot -9.6404 -22.6836 -0.0539088
ltoes 22.9368 -0 0
rfemur -15.1787 -5.38017 -6.24779
rtibia 41.847 -0 0
rfoot -14.9974 -21.3876 -0.274961
rtoes 41.431 -0 0
lowerback -2.05253 -2.19384 -0.441823
upperback -0.0973549 -2.85355 -5.32758
thorax 0.780117 -1.41503 -5.34129
lowerneck -10.9015 -6.41614 1.89023
upperneck 2.44748 -9.10451 5.27764
head 2.86947 -4.29787 0.850087
lclavicle 7.44011e-14 2.36382e-14 -1.75486e-30
lhumerus -53.6004 -42.9452 114.684
lradius 52.7304 -0 0
lwrist 18.0833 0 0
lhand 38.5129 29.7473 -0.0103805
lfingers 7.12502 -0 0
lthumb 61.1547 42.2796 -0.00415238
rclavicle 7.44011e-14 2.36382e-14 -1.75486e-30
rhumerus -53.9829 16.7866 -91.3955
rradius 99.9364 -0 0
rwrist -1.90165 0 0
rhand 2.12139 -15.3713 -0.0544851
rfingers 7.12502 -0 0
rthumb 27.5702 -43.2688 -0.113916
181
root 5.77092 16.0197 -25.4131 5.60193 19.2137 2.00267
lfemur -16.3006 10.1729 0.673675
ltibia 31.8891 -0 0
lfoot -10.4286 -23.057 -0.120594
ltoes 23.4328 -0 0
rfemur -14.9851 -5.32378 -6.56276
rtibia 40.9753 -0 0
rfoot -15.9888 -20.6332 -0.528488
rtoes 42.7546 -0 0
lowerback -2.27283 -2.09873 -0.379473
upperback -0.143562 -2.72696 -5.48951
thorax 0.839949 -1.34901 -5.56369
lowerneck -10.9429 -6.25147 2.0872
upperneck 2.50101 -8.91123 5.20466
head 2.88732 -4.20037 0.804226
lclavicle 7.32274e-14 2.13632e-14 -3.94564e-30
lhumerus -53.9667 -43.0977 114.893
lradius 52.8352 -0 0
lwrist 18.5103 0 0
lhand 38.6445 29.9993 -0.0192474
lfingers 7.12502 -0 0
lthumb 61.2685 42.4204 -0.00762754
rclavicle 7.32274e-14 2.13632e-14 -3.94564e-30
rhumerus -52.6359 18.216 -89.2613
rradius 98.8497 -0 0
rwrist -2.61163 0 0
rhand 1.83984 -16.1751 -0.135734
rfingers 7.12502 -0 0
rthumb 27.1438 -43.7582 -0.329381
182
root 5.72355 15.9833 -25.4043 5.75995 18.3802 2.18868
lfemur -15.4476 9.52808 0.951589
ltibia 30.9353 -0 0
lfoot -11.3323 -23.2735 -0.197275
ltoes 24.0911 -0 0
rfemur -14.9833 -5.40975 -6.8688
rtibia 40.3465 -0 0
rfoot -16.919 -19.6166 -0.755004
rtoes 44.0228 -0 0
lowerback -2.47376 -2.01875 -0.327444
upperback -0.184478 -2.62003 -5.64739
thorax 0.89685 -1.29334 -5.77402
lowerneck -10.9915 -6.04557 2.29523
upperneck 2.55765 -8.66433 5.11839
head 2.90661 -4.07643 0.755318
lclavicle 7.10226e-14 1.86675e-14 -6.44799e-30
lhumerus -54.311 -43.2526 115.061
lradius 52.9358 -0 0
lwrist 18.9735 0 0
lhand 38.7582 30.2371 -0.0265875
lfingers 7.12502 -0 0
lthumb 61.3667 42.5612 -0.0104444
rclavicle 7.10226e-14 1.86675e-14 -6.44799e-30
rhumerus -51.0093 19.6123 -86.635
rradius 97.5776 -0 0
rwrist -3.47264 0 0
rhand 1.6777 -17.0109 -0.237371
rfingers 7.12502 -0 0
rthumb 26.7404 -44.0362 -0.628144
183
root 5.67582 15.9435 -25.3969 5.90634 17.4741 2.38345
lfemur -14.4877 8.87895 1.18704
ltibia 29.8729 -0 0
lfoot -12.3394 -23.3453 -0.280458
ltoes 24.8961 -0 0
rfemur -15.1561 -5.62729 -7.16551
rtibia 39.9416 -0 0
rfoot -17.7918 -18.3634 -0.95054
rtoes 45.2369 -0 0
lowerback -2.65632 -1.95282 -0.284927
upperback -0.220422 -2.53127 -5.80107
thorax 0.950864 -1.24728 -5.97272
lowerneck -11.0461 -5.80246 2.51276
upperneck 2.61677 -8.36902 5.02029
head 2.92712 -3.92864 0.703753
lclavicle 6.78857e-14 1.55995e-14 -9.12622e-30
lhumerus -54.6341 -43.4097 115.188
lradius 53.0323 -0 0
lwrist 19.4681 0 0
lhand 38.8555 30.4612 -0.0324137
lfingers 7.12502 -0 0
lthumb 61.4505 42.7009 -0.0126245
rclavicle 6.78857e-14 1.55995e-14 -9.12622e-30
rhumerus -49.1022 20.9321 -83.5434
rradius 96.1386 -0 0
rwrist -4.46876 0 0
rhand 1.62089 -17.8769 -0.353216
rfingers 7.12502 -0 0
rthumb 26.3613 -44.1412 -0.992763
184
root 5.62788 15.9007 -25.3909 6.0409 16.5045 2.58515
lfemur -13.4334 8.22768 1.38065
ltibia 28.7146 -0 0
lfoot -13.438 -23.2844 -0.366212
ltoes 25.8322 -0 0
rfemur -15.4865 -5.96528 -7.45134
rtibia 39.7418 -0 0
rfoot -18.6104 -16.8991 -1.11253
rtoes 46.3984 -0 0
lowerback -2.82151 -1.89984 -0.251135
upperback -0.251718 -2.45921 -5.95046
thorax 1.00202 -1.21005 -6.16021
lowerneck -11.1055 -5.52619 2.7382
upperneck 2.67775 -8.03055 4.9118
head 2.94862 -3.75961 0.649917
lclavicle 6.39158e-14 1.22073e-14 -1.18408e-29
lhumerus -54.9372 -43.5685 115.28
lradius 53.1247 -0 0
lwrist 19.9894 0 0
lhand 38.9377 30.6716 -0.0367628
lfingers 7.12502 -0 0
lthumb 61.5211 42.8387 -0.0141932
rclavicle 6.39158e-14 1.22073e-14 -1.18408e-29
rhumerus -46.9207 22.1301 -80.0184
rradius 94.5514 -0 0
rwrist -5.58405 0 0
rhand 1.65521 -18.7715 -0.47734
rfingers 7.12502 -0 0
rthumb 26.0075 -44.112 -1.40654
185
root 5.5799 15.8554 -25.3862 6.16356 15.4807 2.79209
lfemur -12.2971 7.57664 1.53338
ltibia 27.4735 -0 0
lfoot -14.6162 -23.1032 -0.450426
ltoes 26.8835 -0 0
rfemur -15.9579 -6.41238 -7.72408
rtibia 39.7281 -0 0
rfoot -19.3775 -15.2491 -1.23963
rtoes 47.5087 -0 0
lowerback -2.97031 -1.8587 -0.225299
upperback -0.278707 -2.40236 -6.09544
thorax 1.05035 -1.1809 -6.33695
lowerneck -11.1688 -5.2208 2.97
upperneck 2.73999 -7.65418 4.79437
head 2.97088 -3.57194 0.594192
lclavicle 5.92117e-14 8.53926e-15 -1.44553e-29
lhumerus -55.2212 -43.7288 115.34
lradius 53.2131 -0 0
lwrist 20.5326 0 0
lhand 39.0061 30.8686 -0.0396938
lfingers 7.12502 -0 0
lthumb 61.5797 42.9738 -0.0151809
rclavicle 5.92117e-14 8.53926e-15 -1.44553e-29
rhumerus -44.4804 23.1603 -76.0989
rradius 92.8344 -0 0
rwrist -6.8026 0 0
rhand 1.7663 -19.6927 -0.604121
rfingers 7.12502 -0 0
rthumb 25.68 -43.9874 -1.85346
186
root 5.53203 15.8079 -25.3827 6.27438 14.4118 3.00271
lfemur -11.0911 6.9284 1.64657
ltibia 26.1623 -0 0
lfoot -15.8619 -22.8141 -0.529028
ltoes 28.0346 -0 0
rfemur -16.5539 -6.95699 -7.98109
rtibia 39.8815 -0 0
rfoot -20.0954 -13.4388 -1.33154
rtoes 48.5691 -0 0
lowerback -3.1037 -1.82827 -0.206674
upperback -0.301737 -2.35926 -6.23592
thorax 1.09586 -1.15905 -6.50335
lowerneck -11.2348 -4.89033 3.20663
upperneck 2.8029 -7.24513 4.6694
head 2.9937 -3.36823 0.536961
lclavicle 5.38726e-14 4.64349e-15 -1.68417e-29
lhumerus -55.487 -43.8901 115.37
lradius 53.2976 -0 0
lwrist 21.0929 0 0
lhand 39.0623 31.0524 -0.0412856
lfingers 7.12502 -0 0
lthumb 61.6275 43.1051 -0.0156232
rclavicle 5.38726e-14 4.64349e-15 -1.68417e-29
rhumerus -41.8076 23.9786 -71.8328
rradius 91.0062 -0 0
rwrist -8.10849 0 0
rhand 1.93964 -20.6388 -0.728296
rfingers 7.12502 -0 0
rthumb 25.3804 -43.8068 -2.31811
187
root 5.48444 15.7588 -25.3802 6.37355 13.3071 3.21553
lfemur -9.8278 6.28564 1.72192
ltibia 24.794 -0 0
lfoot -17.1631 -22.4298 -0.598198
ltoes 29.2696 -0 0
rfemur -17.2582 -7.58718 -8.21953
rtibia 40.1832 -0 0
rfoot -20.7662 -11.4934 -1.3889
rtoes 49.5811 -0 0
lowerback -3.22266 -1.80742 -0.194525
upperback -0.321166 -2.32843 -6.37178
thorax 1.13854 -1.14374 -6.65984
lowerneck -11.3025 -4.53885 3.44656
upperneck 2.86594 -6.80868 4.5383
head 3.01685 -3.15108 0.4786
lclavicle 4.79972e-14 5.68271e-16 -1.88863e-29
lhumerus -55.7358 -44.052 115.374
lradius 53.3784 -0 0
lwrist 21.6656 0 0
lhand 39.1076 31.2232 -0.0416354
lfingers 7.12502 -0 0
lthumb 61.6658 43.2318 -0.0155616
rclavicle 4.79972e-14 5.68271e-16 -1.88863e-29
rhumerus -38.9407 24.5451 -67.2778
rradius 89.0856 -0 0
rwrist -9.4858 0 0
rhand 2.16057 -21.608 -0.845004
rfingers 7.12502 -0 0
rthumb 25.111 -43.6097 -2.7856
188
root 5.43728 15.7083 -25.3787 6.46141 12.1758 3.42917
lfemur -8.51937 5.65108 1.76153
ltibia 23.3815 -0 0
lfoot -18.5076 -21.9628 -0.65454
ltoes 30.5729 -0 0
rfemur -18.0552 -8.29079 -8.4367
rtibia 40.6144 -0 0
rfoot -21.3916 -9.43814 -1.41311
rtoes 50.5461 -0 0
lowerback -3.32816 -1.79502 -0.188135
upperback -0.337365 -2.3084 -6.50294
thorax 1.1784 -1.1342 -6.80685
lowerneck -11.3709 -4.17044 3.68831
upperneck 2.92859 -6.35004 4.40241
head 3.04013 -2.9231 0.419484
lclavicle 4.16846e-14 -3.63818e-15 -2.04931e-29
lhumerus -55.9687 -44.214 115.356
lradius 53.4554 -0 0
lwrist 22.2459 0 0
lhand 39.1433 31.3812 -0.0408566
lfingers 7.12502 -0 0
lthumb 61.6956 43.3531 -0.0150444
rclavicle 4.16846e-14 -3.63818e-15 -2.04931e-29
rhumerus -35.9291 24.827 -62.5013
rradius 87.091 -0 0
rwrist -10.9186 0 0
rhand 2.41427 -22.5981 -0.949836
rfingers 7.12502 -0 0
rthumb 24.8747 -43.4357 -3.24148
189
root 5.39072 15.6569 -25.3781 6.5384 11.0272 3.64232
lfemur -7.17814 5.02745 1.76789
ltibia 21.9376 -0 0
lfoot -19.8831 -21.4262 -0.695236
ltoes 31.9288 -0 0
rfemur -18.9291 -9.05539 -8.6302
rtibia 41.156 -0 0
rfoot -21.9735 -7.29802 -1.40626
rtoes 51.4655 -0 0
lowerback -3.42115 -1.7899 -0.186794
upperback -0.350711 -2.29771 -6.62931
thorax 1.21543 -1.12966 -6.9448
lowerneck -11.4392 -3.78917 3.93041
upperneck 2.99038 -5.87455 4.26311
head 3.06335 -2.68688 0.35998
lclavicle 3.50339e-14 -7.92763e-15 -2.15879e-29
lhumerus -56.1867 -44.3755 115.319
lradius 53.5287 -0 0
lwrist 22.8291 0 0
lhand 39.1709 31.5267 -0.0390776
lfingers 7.12502 -0 0
lthumb 61.7184 43.468 -0.0141261
rclavicle 3.50339e-14 -7.92763e-15 -2.15879e-29
rhumerus -32.8317 24.8011 -57.5785
rradius 85.041 -0 0
rwrist -12.391 0 0
rhand 2.68576 -23.6071 -1.03887
rfingers 7.12502 -0 0
rthumb 24.6752 -43.3248 -3.67159
190
root 5.34492 15.6051 -25.3782 6.6051 9.87039 3.85369
lfemur -5.81644 4.41742 1.74387
ltibia 20.4754 -0 0
lfoot -21.2772 -20.8329 -0.718176
ltoes 33.3217 -0 0
rfemur -19.8646 -9.86833 -8.79812
rtibia 41.7892 -0 0
rfoot -22.5136 -5.09799 -1.37095
rtoes 52.3406 -0 0
lowerback -3.50261 -1.79092 -0.189805
upperback -0.361591 -2.2949 -6.7508
thorax 1.24959 -1.12933 -7.07412
lowerneck -11.5064 -3.39916 4.17141
upperneck 3.05089 -5.38745 4.1217
head 3.08632 -2.44503 0.300456
lclavicle 2.81438e-14 -1.22518e-14 -2.21204e-29
lhumerus -56.3909 -44.5359 115.266
lradius 53.5985 -0 0
lwrist 23.4104 0 0
lhand 39.1918 31.6598 -0.0364393
lfingers 7.12502 -0 0
lthumb 61.7352 43.5756 -0.0128679
rclavicle 2.81438e-14 -1.22518e-14 -2.21204e-29
rhumerus -29.7128 24.456 -52.5894
rradius 82.9542 -0 0
rwrist -13.887 0 0
rhand 2.95993 -24.6328 -1.1087
rfingers 7.12502 -0 0
rthumb 24.5168 -43.317 -4.06203
191
root 5.30004 15.5532 -25.379 6.6622 8.71471 4.06204
lfemur -4.44669 3.82352 1.69272
ltibia 19.0077 -0 0
lfoot -22.6775 -20.196 -0.722054
ltoes 34.7359 -0 0
rfemur -20.8463 -10.7168 -8.93917
rtibia 42.495 -0 0
rfoot -23.0137 -2.86289 -1.31025
rtoes 53.1729 -0 0
lowerback -3.57348 -1.79692 -0.196475
upperback -0.370399 -2.29849 -6.86731
thorax 1.28087 -1.13245 -7.19522
lowerneck -11.5719 -3.0045 4.4099
upperneck 3.10975 -4.89403 3.97946
head 3.10887 -2.20017 0.241272
lclavicle 2.11135e-14 -1.65626e-14 -2.2066e-29
lhumerus -56.5825 -44.6947 115.201
lradius 53.6649 -0 0
lwrist 23.985 0 0
lhand 39.2073 31.7808 -0.0330943
lfingers 7.12502 -0 0
lthumb 61.7472 43.6751 -0.0113372
rclavicle 2.11135e-14 -1.65626e-14 -2.2066e-29
rhumerus -26.6375 23.7925 -47.614
rradius 80.8492 -0 0
rwrist -15.3908 0 0
rhand 3.22152 -25.6728 -1.15649
rfingers 7.12502 -0 0
rthumb 24.4041 -43.4524 -4.39886
192
root 5.25624 15.5016 -25.3803 6.71052 7.56934 4.26612
lfemur -3.08133 3.24817 1.61803
ltibia 17.5474 -0 0
lfoot -24.0716 -19.5286 -0.706437
ltoes 36.1557 -0 0
rfemur -21.8588 -11.5877 -9.05287
rtibia 43.2545 -0 0
rfoot -23.476 -0.617466 -1.22754
rtoes 53.9638 -0 0
lowerback -3.63474 -1.80673 -0.20612
upperback -0.37754 -2.30704 -6.97876
thorax 1.30924 -1.13824 -7.30851
lowerneck -11.6348 -2.60932 4.64449
upperneck 3.16662 -4.39955 3.83768
head 3.13082 -1.95489 0.182784
lclavicle 1.40419e-14 -2.08116e-14 -2.14268e-29
lhumerus -56.7628 -44.8513 115.128
lradius 53.7278 -0 0
lwrist 24.5482 0 0
lhand 39.2189 31.8899 -0.0292045
lfingers 7.12502 -0 0
lthumb 61.7557 43.7655 -0.00960745
rclavicle 1.40419e-14 -2.08116e-14 -2.14268e-29
rhumerus -23.6666 22.824 -42.7282
rradius 78.7446 -0 0
rwrist -16.8864 0 0
rhand 3.45517 -26.7248 -1.17995
rfingers 7.12502 -0 0
rthumb 24.3419 -43.7712 -4.668
193
root 5.21368 15.4508 -25.3821 6.75097 6.44353 4.46468
lfemur -1.73294 2.69355 1.52375
ltibia 16.1075 -0 0
lfoot -25.4469 -18.8436 -0.671807
ltoes 37.5654 -0 0
rfemur -22.887 -12.4681 -9.13957
rtibia 44.0489 -0 0
rfoot -23.9027 1.6136 -1.12642
rtoes 54.7146 -0 0
lowerback -3.68734 -1.81918 -0.218058
upperback -0.383423 -2.31908 -7.08507
thorax 1.33466 -1.14591 -7.41443
lowerneck -11.6944 -2.21774 4.87381
upperneck 3.22124 -3.90928 3.69759
head 3.15202 -1.71181 0.125348
lclavicle 7.02793e-15 -2.49508e-14 -2.02315e-29
lhumerus -56.9329 -45.005 115.049
lradius 53.7875 -0 0
lwrist 25.0952 0 0
lhand 39.2278 31.9872 -0.0249403
lfingers 7.12502 -0 0
lthumb 61.7619 43.846 -0.00775731
rclavicle 7.02793e-15 -2.49508e-14 -2.02315e-29
rhumerus -20.8526 21.5753 -38.0003
rradius 76.6589 -0 0
rwrist -18.3579 0 0
rhand 3.64541 -27.7866 -1.17739
rfingers 7.12502 -0 0
rthumb 24.3346 -44.3136 -4.85499
194
root 5.17252 15.4012 -25.3843 6.78455 5.34647 4.65644
lfemur -0.414163 2.16165 1.41413
ltibia 14.7007 -0 0
lfoot -26.7909 -18.1541 -0.619571
ltoes 38.9493 -0 0
rfemur -23.9152 -13.3448 -9.20054
rtibia 44.8592 -0 0
rfoot -24.2965 3.80573 -1.01065
rtoes 55.4269 -0 0
lowerback -3.73224 -1.83312 -0.23161
upperback -0.388464 -2.33316 -7.18614
thorax 1.3571 -1.15469 -7.51337
lowerneck -11.7501 -1.8339 5.0965
upperneck 3.27338 -3.42853 3.56044
head 3.1723 -1.47352 0.0693126
lclavicle 1.70594e-16 -2.89318e-14 -1.85351e-29
lhumerus -57.0941 -45.1551 114.97
lradius 53.844 -0 0
lwrist 25.6213 0 0
lhand 39.2355 32.0731 -0.0204784
lfingers 7.12502 -0 0
lthumb 61.767 43.9156 -0.00587008
rclavicle 1.70594e-16 -2.89318e-14 -1.85351e-29
rhumerus -18.237 20.0805 -33.4883
rradius 74.6108 -0 0
rwrist -19.7893 0 0
rhand 3.7767 -28.8557 -1.14774
rfingers 7.12502 -0 0
rthumb 24.3857 -45.1191 -4.94469
195
root 5.13292 15.3532 -25.3866 6.81239 4.28739 4.84011
lfemur 0.862226 1.65418 1.29371
ltibia 13.3401 -0 0
lfoot -28.0912 -17.4729 -0.552039
ltoes 40.2918 -0 0
rfemur -24.9278 -14.2047 -9.23803
rtibia 45.6665 -0 0
rfoot -24.6605 5.93438 -0.884024
rtoes 56.1019 -0 0
lowerback -3.7704 -1.84736 -0.246101
upperback -0.393086 -2.34782 -7.28189
thorax 1.37651 -1.16379 -7.60577
lowerneck -11.8014 -1.46193 5.31123
upperneck 3.32284 -2.9626 3.42743
head 3.19153 -1.24265 0.0150247
lclavicle -6.43113e-15 -3.27064e-14 -1.64164e-29
lhumerus -57.2477 -45.3011 114.892
lradius 53.8973 -0 0
lwrist 26.1216 0 0
lhand 39.2434 32.1477 -0.0160011
lfingers 7.12502 -0 0
lthumb 61.7722 43.9734 -0.00403264
rclavicle -6.43113e-15 -3.27064e-14 -1.64164e-29
rhumerus -15.8488 18.3805 -29.2393
rradius 72.6188 -0 0
rwrist -21.1649 0 0
rhand 3.83341 -29.9299 -1.09051
rfingers 7.12502 -0 0
rthumb 24.4971 -46.2273 -4.92109
196
root 5.09504 15.3072 -25.3892 6.83569 3.27549 5.01433
lfemur 2.08336 1.17261 1.16725
ltibia 12.0385 -0 0
lfoot -29.3355 -16.8127 -0.472376
ltoes 41.5772 -0 0
rfemur -25.9086 -15.0349 -9.25523
rtibia 46.4518 -0 0
rfoot -24.9978 7.97505 -0.750322
rtoes 56.7411 -0 0
lowerback -3.80278 -1.86074 -0.260856
upperback -0.397716 -2.36161 -7.37223
thorax 1.39285 -1.17244 -7.69203
lowerneck -11.8476 -1.10598 5.51668
upperneck 3.36951 -2.51672 3.29978
head 3.20956 -1.02179 -0.0371712
lclavicle -1.26783e-14 -3.62264e-14 -1.39765e-29
lhumerus -57.395 -45.4422 114.819
lradius 53.9476 -0 0
lwrist 26.5915 0 0
lhand 39.2529 32.2112 -0.0116941
lfingers 7.12502 -0 0
lthumb 61.7787 44.0186 -0.00233432
rclavicle -1.26783e-14 -3.62264e-14 -1.39765e-29
rhumerus -13.7047 16.5209 -25.2904
rradius 70.7016 -0 0
rwrist -22.4685 0 0
rhand 3.79991 -31.0071 -1.00581
rfingers 7.12502 -0 0
rthumb 24.6684 -47.6769 -4.76702
197
root 5.05905 15.2637 -25.3917 6.85571 2.31997 5.1777
lfemur 3.23627 0.71816 1.03975
ltibia 10.8088 -0 0
lfoot -30.5116 -16.186 -0.384527
ltoes 42.7898 -0 0
rfemur -26.8414 -15.8225 -9.25627
rtibia 47.1964 -0 0
rfoot -25.3123 9.9033 -0.61326
rtoes 57.3459 -0 0
lowerback -3.83035 -1.87208 -0.275201
upperback -0.402786 -2.37309 -7.45707
thorax 1.40607 -1.17984 -7.77256
lowerneck -11.8883 -0.770203 5.71155
upperneck 3.41327 -2.09628 3.17869
head 3.22627 -0.813554 -0.0869332
lclavicle -1.84719e-14 -3.94435e-14 -1.13348e-29
lhumerus -57.5374 -45.5777 114.757
lradius 53.9949 -0 0
lwrist 27.0262 0 0
lhand 39.2653 32.2638 -0.00774594
lfingers 7.12502 -0 0
lthumb 61.7876 44.0503 -0.00086555
rclavicle -1.84719e-14 -3.94435e-14 -1.13348e-29
rhumerus -11.8108 14.5492 -21.6707
rradius 68.8776 -0 0
rwrist -23.6844 0 0
rhand 3.66053 -32.0855 -0.894361
rfingers 7.12502 -0 0
rthumb 24.8962 -49.5058 -4.46404
198
root 5.02511 15.2229 -25.3942 6.87381 1.43 5.32875
lfemur 4.30786 0.291815 0.916343
ltibia 9.66395 -0 0
lfoot -31.6074 -15.6051 -0.293112
ltoes 43.9139 -0 0
rfemur -27.7093 -16.5546 -9.24611
rtibia 47.8812 -0 0
rfoot -25.6078 11.6947 -0.476445
rtoes 57.9177 -0 0
lowerback -3.85406 -1.88023 -0.288463
upperback -0.408732 -2.3808 -7.53633
thorax 1.41614 -1.18522 -7.84778
lowerneck -11.923 -0.458744 5.89451
upperneck 3.45404 -1.70654 3.06534
head 3.24153 -0.620554 -0.133921
lclavicle -2.3713e-14 -4.23096e-14 -8.62552e-30
lhumerus -57.6763 -45.707 114.707
lradius 54.0394 -0 0
lwrist 27.4208 0 0
lhand 39.2819 32.3058 -0.00434626
lfingers 7.12502 -0 0
lthumb 61.8003 44.0675 0.00028364
rclavicle -2.3713e-14 -4.23096e-14 -8.62552e-30
rhumerus -10.1642 12.5135 -18.4029
rradius 67.1655 -0 0
rwrist -24.7965 0 0
rhand 3.39959 -33.1632 -0.757436
rfingers 7.12502 -0 0
rthumb 25.1723 -51.7513 -3.9924
199
root 4.99337 15.1854 -25.3965 6.89137 0.61479 5.466
lfemur 5.28499 -0.105652 0.802314
ltibia 8.61684 -0 0
lfoot -32.6109 -15.0821 -0.203298
ltoes 44.9339 -0 0
rfemur -28.495 -17.2188 -9.23045
rtibia 48.4874 -0 0
rfoot -25.8886 13.3248 -0.343367
rtoes 58.4579 -0 0
lowerback -3.87489 -1.88399 -0.299968
upperback -0.415993 -2.38329 -7.60992
thorax 1.42298 -1.18778 -7.9181
lowerneck -11.9513 -0.175757 6.06428
upperneck 3.49179 -1.35278 2.96093
head 3.25521 -0.445395 -0.177796
lclavicle -2.83026e-14 -4.47764e-14 -5.99216e-30
lhumerus -57.8131 -45.8294 114.673
lradius 54.081 -0 0
lwrist 27.7707 0 0
lhand 39.3043 32.3373 -0.00168466
lfingers 7.12502 -0 0
lthumb 61.8179 44.0694 0.00102536
rclavicle -2.83026e-14 -4.47764e-14 -5.99216e-30
rhumerus -8.755 10.4606 -15.5061
rradius 65.5838 -0 0
rwrist -25.7891 0 0
rhand 3.00144 -34.2387 -0.596888
rfingers 7.12502 -0 0
rthumb 25.4836 -54.4498 -3.33127
200
root 4.964 15.1516 -25.3986 6.90983 -0.116493 5.58789
lfemur 6.1544 -0.473629 0.703015
ltibia 7.68037 -0 0
lfoot -33.5102 -14.6289 -0.120648
ltoes 45.8341 -0 0
rfemur -29.181 -17.8027 -9.21555
rtibia 48.996 -0 0
rfoot -26.1593 14.7691 -0.217404
rtoes 58.9679 -0 0
lowerback -3.89378 -1.88221 -0.309042
upperback -0.42501 -2.37912 -7.67776
thorax 1.42657 -1.18674 -7.98394
lowerneck -11.9726 0.0746044 6.21953
upperneck 3.52648 -1.04031 2.86664
head 3.26721 -0.290685 -0.218218
lclavicle -3.21417e-14 -4.67956e-14 -3.58212e-30
lhumerus -57.9493 -45.9441 114.66
lradius 54.12 -0 0
lwrist 28.0711 0 0
lhand 39.3338 32.3586 5.04282e-05
lfingers 7.12502 -0 0
lthumb 61.8416 44.0551 0.00127575
rclavicle -3.21417e-14 -4.67956e-14 -3.58212e-30
rhumerus -7.5683 8.43525 -12.998
rradius 64.1512 -0 0
rwrist -26.6461 0 0
rhand 2.45046 -35.3108 -0.415107
rfingers 7.12502 -0 0
rthumb 25.8097 -57.6372 -2.45921
201
root 4.93715 15.1219 -25.4002 6.93064 -0.754672 5.69282
lfemur 6.90279 -0.811612 0.623841
ltibia 6.86745 -0 0
lfoot -34.2936 -14.2573 -0.0509457
ltoes 46.5988 -0 0
rfemur -29.7495 -18.2938 -9.208
rtibia 49.3881 -0 0
rfoot -26.4244 16.0033 -0.101857
rtoes 59.4491 -0 0
lowerback -3.91172 -1.87371 -0.315012
upperback -0.436225 -2.36683 -7.73975
thorax 1.42684 -1.18131 -8.04571
lowerneck -11.9867 0.288188 6.35898
upperneck 3.5581 -0.774425 2.78365
head 3.2774 -0.159032 -0.254851
lclavicle -3.51314e-14 -4.83191e-14 -1.53997e-30
lhumerus -58.0862 -46.0505 114.671
lradius 54.1564 -0 0
lwrist 28.3172 0 0
lhand 39.3717 32.3699 0.000672885
lfingers 7.12502 -0 0
lthumb 61.8726 44.0237 0.000957068
rclavicle -3.51314e-14 -4.83191e-14 -1.53997e-30
rhumerus -6.58605 6.47938 -10.8962
rradius 62.8863 -0 0
rwrist -27.3516 0 0
rhand 1.73109 -36.3783 -0.215007
rfingers 7.12502 -0 0
rthumb 26.1222 -61.3498 -1.35517
202
root 4.91299 15.0966 -25.4014 6.95523 -1.29057 5.7792
lfemur 7.51681 -1.11913 0.570186
ltibia 6.19098 0 0
lfoot -34.9493 -13.9791 0
ltoes 47.2123 0 0
rfemur -30.1825 -18.68 -9.21446
rtibia 49.6449 0 0
rfoot -26.6887 17.003 0
rtoes 59.9028 0 0
lowerback -3.92965 -1.85733 -0.317206
upperback -0.450082 -2.34499 -7.79581
thorax 1.42374 -1.1707 -8.10383
lowerneck -11.993 0.460842 6.48128
upperneck 3.58664 -0.560415 2.71316
head 3.28567 -0.0530421 -0.287354
lclavicle -3.71727e-14 -4.92986e-14 0
lhumerus -58.2254 -46.1477 114.71
lradius 54.1902 0 0
lwrist 28.5043 0 0
lhand 39.4194 32.3714 0
lfingers 7.12502 0 0
lthumb 61.9122 43.9742 0
rclavicle -3.71727e-14 -4.92986e-14 0
rhumerus -5.78849 4.63203 -9.21953
rradius 61.8075 0 0
rwrist -27.8897 0 0
rhand 0.827793 -37.4405 0
rfingers 7.12502 0 0
rthumb 26.383 -425.625 0
203
root 4.83929 15.0229 -25.4094 7.05267 -2.74605 6.00139
lfemur 9.16707 -2.02538 0.449428
ltibia 4.29498 -0 0
lfoot -36.8099 -13.1166 0.127867
ltoes 48.7522 -0 0
rfemur -31.3981 -19.7963 -9.19924
rtibia 50.3313 -0 0
rfoot -27.4469 19.7181 0.294632
rtoes 61.2382 -0 0
lowerback -3.89114 -1.74261 -0.330862
upperback -0.522691 -2.19902 -7.95318
thorax 1.33848 -1.0995 -8.25692
lowerneck -11.9427 0.883516 6.86941
upperneck 3.69946 -0.0427706 2.49536
head 3.30741 0.203606 -0.397953
lclavicle -3.79575e-14 -4.77847e-14 2.33356e-30
lhumerus -58.7555 -46.5324 115.044
lradius 54.2572 -0 0
lwrist 28.6177 0 0
lhand 39.8029 32.1066 -0.00979835
lfingers 7.12502 -0 0
lthumb 62.233 43.3175 -0.00624051
rclavicle -3.79575e-14 -4.77847e-14 2.33356e-30
rhumerus -3.75472 -3.94503 -5.42233
rradius 58.0855 -0 0
rwrist -28.7094 0 0
rhand -5.98725 -42.9734 1.27191
rfingers 7.12502 -0 0
rthumb 24.7378 -68.7093 0.128091
204
root 4.81368 14.9991 -25.4233 7.11714 -3.0055 6.01503
lfemur 9.46802 -2.2664 0.458835
ltibia 3.81457 -0 0
lfoot -37.3319 -12.548 0.151418
ltoes 48.8879 -0 0
rfemur -31.917 -20.2768 -9.05781
rtibia 50.765 -0 0
rfoot -27.5072 20.3867 0.33575
rtoes 61.4937 -0 0
lowerback -3.66236 -1.60737 -0.364995
upperback -0.594591 -2.03264 -7.96731
thorax 1.15781 -1.0202 -8.23582
lowerneck -11.8026 0.89191 7.04074
upperneck 3.78782 -0.0413267 2.39512
head 3.30898 0.204547 -0.461126
lclavicle -2.94169e-14 -3.92226e-14 2.07845e-31
lhumerus -59.0922 -46.8271 115.493
lradius 54.2084 -0 0
lwrist 27.8382 0 0
lhand 40.3323 31.4736 -0.0187554
lfingers 7.12502 -0 0
lthumb 62.6763 42.147 -0.00671124
rclavicle -2.94169e-14 -3.92226e-14 2.07845e-31
rhumerus -3.19893 -12.5749 -5.96948
rradius 55.8064 -0 0
rwrist -27.635 0 0
rhand -15.9698 -49.3756 2.27265
rfingers 7.12502 -0 0
rthumb 17.9423 -42.9612 -8.50691
205
root 4.81532 15.0053 -25.4409 7.16803 -2.55625 5.89493
lfemur 8.93388 -2.14981 0.573862
ltibia 4.22684 -0 0
lfoot -37.0364 -12.166 0.103145
ltoes 48.2448 -0 0
rfemur -32.0101 -20.3709 -8.83708
rtibia 51.0298 -0 0
rfoot -27.1889 19.8503 0.220558
rtoes 61.1227 -0 0
lowerback -3.32527 -1.47905 -0.410765
upperback -0.658453 -1.87912 -7.88352
thorax 0.928153 -0.948112 -8.09856
lowerneck -11.6162 0.678488 7.06837
upperneck 3.84582 -0.312051 2.36219
head 3.29455 0.0699249 -0.492214
lclavicle -1.63791e-14 -2.71238e-14 -1.97841e-30
lhumerus -59.2971 -47.0189 115.977
lradius 54.1192 -0 0
lwrist 26.6389 0 0
lhand 40.8085 30.6685 -0.0188279
lfingers 7.12502 -0 0
lthumb 63.0739 40.851 0.00144779
rclavicle -1.63791e-14 -2.71238e-14 -1.97841e-30
rhumerus -3.05952 -20.4794 -8.94918
rradius 54.7839 -0 0
rwrist -25.5635 0 0
rhand -27.0886 -55.7394 2.261
rfingers 7.12502 -0 0
rthumb 2.87386 2.14723 -14.4952
206
root 4.82334 15.0218 -25.4596 7.22035 -1.88598 5.71447
lfemur 8.08109 -1.9798 0.751615
ltibia 5.00872 -0 0
lfoot -36.4436 -11.8666 0.0335707
ltoes 47.4481 -0 0
rfemur -31.9531 -20.3288 -8.56808
rtibia 51.2096 -0 0
rfoot -26.8007 18.9478 0.0718218
rtoes 60.5787 -0 0
lowerback -2.96174 -1.38522 -0.459981
upperback -0.707283 -1.77189 -7.74703
thorax 0.695681 -0.89876 -7.90291
lowerneck -11.4248 0.435854 7.02602
upperneck 3.86607 -0.610687 2.34734
head 3.26784 -0.0800832 -0.506476
lclavicle -3.67195e-15 -1.49995e-14 -1.7612e-30
lhumerus -59.4316 -47.0952 116.412
lradius 54.0648 -0 0
lwrist 25.4927 0 0
lhand 41.0325 29.8876 -0.0102091
lfingers 7.12502 -0 0
lthumb 63.2574 39.8181 0.00899345
rclavicle -3.67195e-15 -1.49995e-14 -1.7612e-30
rhumerus -2.902 -26.9747 -12.5895
rradius 54.8318 -0 0
rwrist -23.3923 0 0
rhand -37.2302 -60.9854 1.26708
rfingers 7.12502 -0 0
rthumb -12.1016 52.4017 -8.85269
207
root 4.81688 15.0289 -25.4771 7.29181 -1.48238 5.54624
lfemur 7.42444 -2.06268 0.955612
ltibia 5.63723 0 0
lfoot -36.0728 -11.5447 0
ltoes 47.123 0 0
rfemur -32.0244 -20.3989 -8.27833
rtibia 51.3881 0 0
rfoot -26.6556 18.5203 0
rtoes 60.315 0 0
lowerback -2.65354 -1.35364 -0.505119
upperback -0.734526 -1.74455 -7.60297
thorax 0.506301 -0.888343 -7.70642
lowerneck -11.2699 0.356179 6.98882
upperneck 3.84121 -0.69289 2.30181
head 3.23254 -0.125298 -0.519254
lclavicle 3.8763e-15 -6.36111e-15 0
lhumerus -59.5572 -47.0428 116.716
lradius 54.1203 0 0
lwrist 24.8729 0 0
lhand 40.8051 29.327 0
lfingers 7.12502 0 0
lthumb 63.0592 39.4365 0
rclavicle 3.8763e-15 -6.36111e-15 0
rhumerus -2.88701 -31.384 -14.9553
rradius 55.764 0 0
rwrist -22.019 0 0
rhand -44.3783 -64.1768 0
rfingers 7.12502 0 0
rthumb -17.1853 -626.563 0
208
root 4.79339 15.0238 -25.4896 7.36372 -1.39207 5.48708
lfemur 7.25272 -2.89139 1.05143
ltibia 5.73423 -0 0
lfoot -36.0854 -11.3675 -0.0234494
ltoes 48.3392 -0 0
rfemur -32.2557 -20.5798 -8.07403
rtibia 51.6609 -0 0
rfoot -26.7609 18.6148 -0.00113376
rtoes 60.3343 -0 0
lowerback -2.43304 -1.40531 -0.57963
upperback -0.748974 -1.82525 -7.5088
thorax 0.364136 -0.930124 -7.55109
lowerneck -11.1125 0.466963 6.98377
upperneck 3.75886 -0.522409 2.23619
head 3.1781 -0.0476522 -0.529555
lclavicle 5.5771e-15 -1.36128e-15 1.18787e-30
lhumerus -59.7273 -46.8155 116.832
lradius 54.2946 -0 0
lwrist 25.0093 0 0
lhand 40.1342 29.1802 -0.0257473
lfingers 7.12502 -0 0
lthumb 62.5017 39.9961 -0.0316401
rclavicle 5.5771e-15 -1.36128e-15 1.18787e-30
rhumerus -3.6862 -33.8954 -15.2562
rradius 57.7688 -0 0
rwrist -21.907 0 0
rhand -49.7223 -65.3806 -1.6177
rfingers 7.12502 -0 0
rthumb -15.3434 128.746 1.59506
209
root 4.76678 15.0195 -25.4986 7.42371 -1.29002 5.48869
lfemur 7.22322 -4.26141 1.0622
ltibia 5.64836 -0 0
lfoot -36.1352 -11.4054 -0.0749382
ltoes 50.6801 -0 0
rfemur -32.4606 -20.7066 -7.93726
rtibia 51.972 -0 0
rfoot -26.9072 18.6704 -0.00364253
rtoes 60.3342 -0 0
lowerback -2.24552 -1.52155 -0.68911
upperback -0.75522 -1.99163 -7.43432
thorax 0.238361 -1.01326 -7.39829
lowerneck -10.9248 0.640326 6.96121
upperneck 3.62371 -0.262224 2.18274
head 3.10205 0.0727491 -0.527242
lclavicle 4.64917e-15 2.34089e-15 1.47946e-30
lhumerus -59.8988 -46.4231 116.813
lradius 54.5374 -0 0
lwrist 25.5868 0 0
lhand 39.1525 29.3173 -0.0829429
lfingers 7.12502 -0 0
lthumb 61.6962 41.2385 -0.0664657
rclavicle 4.64917e-15 2.34089e-15 1.47946e-30
rhumerus -5.37006 -34.9586 -14.6845
rradius 60.9704 -0 0
rwrist -22.4581 0 0
rhand -54.6397 -65.1582 -3.49003
rfingers 7.12502 -0 0
rthumb -13.4521 166.109 -3.81553
210
root 4.74087 15.0205 -25.5099 7.50169 -1.10611 5.40541
lfemur 6.89674 -5.43446 1.20326
ltibia 5.94689 -0 0
lfoot -35.9795 -11.4068 -0.112761
ltoes 52.5409 -0 0
rfemur -32.5926 -20.7801 -7.70806
rtibia 52.1783 -0 0
rfoot -27.0862 18.6179 -0.00529302
rtoes 60.311 -0 0
lowerback -2.04215 -1.67101 -0.784457
upperback -0.740859 -2.20161 -7.2933
thorax 0.122262 -1.11809 -7.18464
lowerneck -10.7657 0.835129 6.88184
upperneck 3.45398 0.0331075 2.12505
head 3.02017 0.208823 -0.514009
lclavicle 2.1254e-15 4.97439e-15 1.09095e-30
lhumerus -59.9901 -45.9352 116.742
lradius 54.8358 -0 0
lwrist 26.26 0 0
lhand 37.8482 29.4483 -0.120544
lfingers 7.12502 -0 0
lthumb 60.6092 42.7295 -0.0796638
rclavicle 2.1254e-15 4.97439e-15 1.09095e-30
rhumerus -7.39409 -34.3129 -14.2234
rradius 65.0862 -0 0
rwrist -22.9769 0 0
rhand -57.5005 -63.7353 -4.4435
rfingers 7.12502 -0 0
rthumb -16.8201 -155.845 -10.0631
211
root 4.71951 15.0306 -25.5291 7.62619 -0.769625 5.09204
lfemur 5.83005 -5.66597 1.69639
ltibia 7.19713 -0 0
lfoot -35.3757 -11.1203 -0.0969686
ltoes 52.3171 -0 0
rfemur -32.6057 -20.8009 -7.22632
rtibia 52.1366 -0 0
rfoot -27.2894 18.3878 -0.00442109
rtoes 60.2605 -0 0
lowerback -1.77449 -1.82253 -0.816577
upperback -0.69398 -2.41324 -6.99957
thorax 0.00899378 -1.2247 -6.84683
lowerneck -10.6946 1.01024 6.70576
upperneck 3.26782 0.308974 2.04713
head 2.94826 0.333481 -0.491419
lclavicle -9.61321e-16 6.76822e-15 4.32369e-31
lhumerus -59.9199 -45.4213 116.708
lradius 55.1764 -0 0
lwrist 26.6841 0 0
lhand 36.2101 29.2811 -0.0992277
lfingers 7.12502 -0 0
lthumb 59.2083 44.0339 -0.0557872
rclavicle -9.61321e-16 6.76822e-15 4.32369e-31
rhumerus -9.18629 -31.7522 -14.9101
rradius 69.8335 -0 0
rwrist -22.7678 0 0
rhand -56.5746 -61.4443 -3.50428
rfingers 7.12502 -0 0
rthumb -22.7671 -118.896 -9.54479
212
root 4.70651 15.0543 -25.5621 7.8219 -0.208577 4.40435
lfemur 3.60755 -4.18699 2.71139
ltibia 9.96627 0 0
lfoot -34.0805 -10.2927 0
ltoes 48.4043 0 0
rfemur -32.4535 -20.7713 -6.33181
rtibia 51.7038 0 0
rfoot -27.5086 17.9107 0
rtoes 60.179 0 0
lowerback -1.39436 -1.94551 -0.736344
upperback -0.602939 -2.58504 -6.467
thorax -0.108315 -1.31285 -6.32161
lowerneck -10.7707 1.12394 6.39262
upperneck 3.08338 0.510699 1.93349
head 2.90208 0.419618 -0.460901
lclavicle -3.57812e-15 7.95139e-15 0
lhumerus -59.6064 -44.951 116.798
lradius 55.5463 0 0
lwrist 26.5138 0 0
lhand 34.2263 28.5208 0
lfingers 7.12502 0 0
lthumb 57.4611 44.7161 0
rclavicle -3.57812e-15 7.95139e-15 0
rhumerus -10.3994 -27.108 -17.6367
rradius 74.9298 0 0
rwrist -21.1353 0 0
rhand -50.0035 -58.2678 0
rfingers 7.12502 0 0
rthumb -22.5925 -806.966 0
213
root 4.70409 15.0674 -25.5789 7.9121 0.0609061 4.02744
lfemur 2.43193 -3.05672 3.23398
ltibia 11.4897 -0 0
lfoot -33.3743 -9.80996 0.0544024
ltoes 45.6904 -0 0
rfemur -32.3484 -20.7436 -5.8636
rtibia 51.42 -0 0
rfoot -27.589 17.6622 0.00194142
rtoes 60.1398 -0 0
lowerback -1.21457 -1.98203 -0.669918
upperback -0.552348 -2.6358 -6.19318
thorax -0.151763 -1.33932 -6.06723
lowerneck -10.8511 1.14731 6.23441
upperneck 3.01896 0.562541 1.88042
head 2.89528 0.439741 -0.447178
lclavicle -4.41299e-15 8.25196e-15 -6.06281e-32
lhumerus -59.4096 -44.8014 116.871
lradius 55.6871 -0 0
lwrist 26.2451 0 0
lhand 33.3874 28.0368 0.0545684
lfingers 7.12502 -0 0
lthumb 56.7088 44.7491 0.0234794
rclavicle -4.41299e-15 8.25196e-15 -6.06281e-32
rhumerus -10.7126 -24.6595 -19.2692
rradius 76.9166 -0 0
rwrist -19.9697 0 0
rhand -45.5744 -56.593 2.09637
rfingers 7.12502 -0 0
rthumb -19.7837 -76.7109 5.09851
214
root 4.70226 15.0836 -25.5993 8.01133 0.368398 3.56496
lfemur 1.02355 -1.55636 3.84682
ltibia 13.3667 -0 0
lfoot -32.5036 -9.21788 0.113754
ltoes 42.1353 -0 0
rfemur -32.214 -20.7005 -5.2947
rtibia 51.0587 -0 0
rfoot -27.6704 17.3663 0.00324368
rtoes 60.0931 -0 0
lowerback -1.00238 -2.02064 -0.581926
upperback -0.486277 -2.68884 -5.86384
thorax -0.195289 -1.36685 -5.76631
lowerneck -10.9675 1.16781 6.04505
upperneck 2.95257 0.612865 1.81958
head 2.89422 0.458563 -0.430615
lclavicle -5.43354e-15 8.4695e-15 -1.35067e-31
lhumerus -59.1559 -44.6554 116.961
lradius 55.8371 -0 0
lwrist 25.8664 0 0
lhand 32.4284 27.4239 0.115352
lfingers 7.12502 -0 0
lthumb 55.8443 44.6947 0.0480757
rclavicle -5.43354e-15 8.4695e-15 -1.35067e-31
rhumerus -11.0541 -21.5037 -21.2696
rradius 79.1475 -0 0
rwrist -18.3696 0 0
rhand -39.5813 -54.248 4.69758
rfingers 7.12502 -0 0
rthumb -15.5379 -66.3622 10.7239
215
root 4.70104 15.1026 -25.6225 8.11735 0.710189 3.03084
lfemur -0.571359 0.265215 4.50896
ltibia 15.5405 -0 0
lfoot -31.4944 -8.53275 0.172044
ltoes 37.8774 -0 0
rfemur -32.0531 -20.6455 -4.64197
rtibia 50.6309 -0 0
rfoot -27.7533 17.0289 0.00396845
rtoes 60.0399 -0 0
lowerback -0.763871 -2.06076 -0.47553
upperback -0.407816 -2.74341 -5.48784
thorax -0.238912 -1.39491 -5.42649
lowerneck -11.1137 1.18472 5.82918
upperneck 2.88438 0.660747 1.75223
head 2.89789 0.475724 -0.41167
lclavicle -6.59672e-15 8.60012e-15 -2.18587e-31
lhumerus -58.8544 -44.5123 117.066
lradius 55.9951 -0 0
lwrist 25.3952 0 0
lhand 31.3699 26.703 0.175648
lfingers 7.12502 -0 0
lthumb 54.8869 44.565 0.0715943
rclavicle -6.59672e-15 8.60012e-15 -2.18587e-31
rhumerus -11.4934 -17.7717 -23.5677
rradius 81.5746 -0 0
rwrist -16.4202 0 0
rhand -32.1796 -51.1493 7.49947
rfingers 7.12502 -0 0
rthumb -9.69694 -55.6283 16.3539
216
root 4.70049 15.1237 -25.648 8.228 1.08252 2.439
lfemur -2.30986 2.35711 5.18195
ltibia 17.9543 -0 0
lfoot -30.3729 -7.771 0.223708
ltoes 33.0549 -0 0
rfemur -31.8688 -20.5819 -3.9222
rtibia 50.1472 -0 0
rfoot -27.838 16.6559 0.00418599
rtoes 59.9814 -0 0
lowerback -0.505127 -2.10179 -0.353884
upperback -0.320036 -2.79873 -5.07401
thorax -0.282636 -1.42293 -5.0554
lowerneck -11.2838 1.19731 5.59143
upperneck 2.81457 0.705264 1.67961
head 2.90522 0.490864 -0.390799
lclavicle -7.85952e-15 8.63989e-15 -3.05403e-31
lhumerus -58.5142 -44.3711 117.183
lradius 56.1599 -0 0
lwrist 24.8486 0 0
lhand 30.2326 25.8948 0.229397
lfingers 7.12502 -0 0
lthumb 53.856 44.3722 0.0919232
rclavicle -7.85952e-15 8.63989e-15 -3.05403e-31
rhumerus -12.0892 -13.5979 -26.1091
rradius 84.1501 -0 0
rwrist -14.2066 0 0
rhand -23.5304 -47.2606 10.1694
rfingers 7.12502 -0 0
rthumb -2.17762 -44.2502 21.4338
217
root 4.70066 15.1464 -25.6752 8.34129 1.48157 1.80326
lfemur -4.1532 4.666 5.83135
ltibia 20.5514 -0 0
lfoot -29.1655 -6.94927 0.264
ltoes 27.8061 -0 0
rfemur -31.664 -20.513 -3.15234
rtibia 49.6186 -0 0
rfoot -27.9252 16.2533 0.00397434
rtoes 59.9186 -0 0
lowerback -0.232219 -2.14308 -0.220128
upperback -0.225977 -2.85397 -4.63121
thorax -0.326455 -1.45039 -4.66068
lowerneck -11.4716 1.20491 5.33645
upperneck 2.74331 0.745498 1.60298
head 2.9152 0.503627 -0.368462
lclavicle -9.17889e-15 8.5849e-15 -3.88965e-31
lhumerus -58.1445 -44.2309 117.311
lradius 56.3304 -0 0
lwrist 24.2441 0 0
lhand 29.0373 25.0205 0.271539
lfingers 7.12502 -0 0
lthumb 52.7707 44.1286 0.107234
rclavicle -9.17889e-15 8.5849e-15 -3.88965e-31
rhumerus -12.8865 -9.12028 -28.8554
rradius 86.826 -0 0
rwrist -11.8138 0 0
rhand -13.8348 -42.633 12.3719
rfingers 7.12502 -0 0
rthumb 6.94423 -32.131 25.4013
218
root 4.70158 15.1704 -25.7034 8.45542 1.90339 1.13754
lfemur -6.06701 7.136 6.42777
ltibia 23.2752 -0 0
lfoot -27.8985 -6.08439 0.289308
ltoes 22.2693 -0 0
rfemur -31.4419 -20.442 -2.34921
rtibia 49.0559 -0 0
rfoot -28.0153 15.8272 0.00341905
rtoes 59.8525 -0 0
lowerback 0.0487853 -2.18394 -0.0773861
upperback -0.128653 -2.90824 -4.16828
thorax -0.370345 -1.47677 -4.24999
lowerneck -11.6711 1.20693 5.06892
upperneck 2.67078 0.780533 1.52361
head 2.92676 0.513653 -0.345119
lclavicle -1.05118e-14 8.43125e-15 -4.6228e-31
lhumerus -57.7541 -44.0909 117.448
lradius 56.5054 -0 0
lwrist 23.5988 0 0
lhand 27.8051 24.1013 0.298273
lfingers 7.12502 -0 0
lthumb 51.6504 43.8464 0.116149
rclavicle -1.05118e-14 8.43125e-15 -4.6228e-31
rhumerus -13.9167 -4.47974 -31.7809
rradius 89.5545 -0 0
rwrist -9.32691 0 0
rhand -3.36891 -37.4359 13.8112
rfingers 7.12502 -0 0
rthumb 17.3104 -19.4796 27.7604
219
root 4.7033 15.1951 -25.732 8.56887 2.344 0.455599
lfemur -8.02083 9.70888 6.94734
ltibia 26.0688 -0 0
lfoot -26.5985 -5.19333 0.297375
ltoes 16.5827 -0 0
rfemur -31.2058 -20.3719 -1.52962
rtibia 48.4699 -0 0
rfoot -28.1088 15.3833 0.00261343
rtoes 59.7841 -0 0
lowerback 0.331826 -2.22363 0.0712311
upperback -0.0310432 -2.96058 -3.69404
thorax -0.414267 -1.50155 -3.83095
lowerneck -11.8762 1.20282 4.7935
upperneck 2.59717 0.809456 1.44275
head 2.93888 0.520586 -0.32123
lclavicle -1.18152e-14 8.17502e-15 -5.18264e-31
lhumerus -57.3523 -43.9499 117.591
lradius 56.6836 -0 0
lwrist 22.9302 0 0
lhand 26.557 23.1586 0.307266
lfingers 7.12502 -0 0
lthumb 50.5143 43.5379 0.117865
rclavicle -1.18152e-14 8.17502e-15 -5.18264e-31
rhumerus -15.1972 0.181326 -34.8658
rradius 92.2878 -0 0
rwrist -6.83111 0 0
rhand 7.5039 -31.9569 14.2835
rfingers 7.12502 -0 0
rthumb 28.2337 -6.86329 28.205
220
root 4.70587 15.22 -25.7605 8.68038 2.79932 -0.228794
lfemur -9.98715 12.3245 7.37203
ltibia 28.8756 -0 0
lfoot -25.292 -4.29315 0.287457
ltoes 10.8848 -0 0
rfemur -30.9589 -20.3054 -0.710352
rtibia 47.8714 -0 0
rfoot -28.2061 14.9278 0.00165925
rtoes 59.7146 -0 0
lowerback 0.61085 -2.26135 0.22263
upperback 0.0639053 -3.00996 -3.21733
thorax -0.458169 -1.52423 -3.41123
lowerneck -12.0807 1.19216 4.51487
upperneck 2.52268 0.83136 1.36169
head 2.95051 0.524071 -0.297255
lclavicle -1.30462e-14 7.81229e-15 -5.50122e-31
lhumerus -56.9479 -43.8071 117.74
lradius 56.8638 -0 0
lwrist 22.2554 0 0
lhand 25.3143 22.214 0.297756
lfingers 7.12502 -0 0
lthumb 49.3818 43.2156 0.112235
rclavicle -1.30462e-14 7.81229e-15 -5.50122e-31
rhumerus -16.7304 4.72072 -38.0902
rradius 94.9778 -0 0
rwrist -4.41147 0 0
rhand 18.3625 -26.5588 13.7226
rfingers 7.12502 -0 0
rthumb 38.8585 4.95309 26.7265
221
root 4.70933 15.2447 -25.7883 8.78901 3.26519 -0.901906
lfemur -11.9401 14.9211 7.6897
ltibia 31.6387 -0 0
lfoot -24.0057 -3.40089 0.260396
ltoes 5.31359 -0 0
rfemur -30.7047 -20.245 0.0917847
rtibia 47.2714 -0 0
rfoot -28.3079 14.4665 0.000667981
rtoes 59.6449 -0 0
lowerback 0.879814 -2.29624 0.373732
upperback 0.153279 -3.05524 -2.74696
thorax -0.501984 -1.54434 -2.99847
lowerneck -12.2786 1.17459 4.2377
upperneck 2.44748 0.845339 1.28168
head 2.9606 0.523752 -0.273658
lclavicle -1.41615e-14 7.33916e-15 -5.51757e-31
lhumerus -56.55 -43.6612 117.891
lradius 57.0449 -0 0
lwrist 21.5919 0 0
lhand 24.0982 21.2889 0.270597
lfingers 7.12502 -0 0
lthumb 48.2723 42.8918 0.0998084
rclavicle -1.41615e-14 7.33916e-15 -5.51757e-31
rhumerus -18.5004 8.99904 -41.4247
rradius 97.5768 -0 0
rwrist -2.15309 0 0
rhand 28.7908 -21.6017 12.2159
rfingers 7.12502 -0 0
rthumb 48.4609 15.3122 23.6131
222
root 4.71372 15.2685 -25.8146 8.89417 3.73741 -1.55004
lfemur -13.8537 17.4362 7.89427
ltibia 34.3015 -0 0
lfoot -22.766 -2.53349 0.2186
ltoes 0.00754927 -0 0
rfemur -30.4468 -20.1932 0.860033
rtibia 46.6806 -0 0
rfoot -28.4146 14.0054 -0.000237431
rtoes 59.5761 -0 0
lowerback 1.13268 -2.32736 0.521473
upperback 0.234197 -3.09524 -2.29176
thorax -0.545634 -1.56139 -2.60032
lowerneck -12.4638 1.14987 3.96668
upperneck 2.37179 0.850493 1.20399
head 2.96812 0.519276 -0.250898
lclavicle -1.51183e-14 6.75172e-15 -5.18212e-31
lhumerus -56.1674 -43.5113 118.043
lradius 57.2257 -0 0
lwrist 20.9569 0 0
lhand 22.9299 20.4046 0.228205
lfingers 7.12502 -0 0
lthumb 47.205 42.5786 0.0818306
rclavicle -1.51183e-14 6.75172e-15 -5.18212e-31
rhumerus -20.4688 12.883 -44.8226
rradius 100.037 -0 0
rwrist -0.141059 0 0
rhand 38.4373 -17.3673 9.98231
rfingers 7.12502 -0 0
rthumb 56.6411 23.8623 19.3362
223
root 4.7191 15.2912 -25.839 8.99555 4.2117 -2.15946
lfemur -15.7005 19.807 7.98578
ltibia 36.8073 -0 0
lfoot -21.5993 -1.70775 0.165963
ltoes -4.8951 0 0
rfemur -30.1888 -20.152 1.57754
rtibia 46.1099 -0 0
rfoot -28.5267 13.5506 -0.000920345
rtoes 59.5093 -0 0
lowerback 1.36343 -2.35374 0.6628
upperback 0.303804 -3.1287 -1.86053
thorax -0.58903 -1.57493 -2.22443
lowerneck -12.6301 1.11781 3.70647
upperneck 2.2958 0.845924 1.12991
head 2.97202 0.51029 -0.229436
lclavicle -1.58735e-14 6.04605e-15 -4.46137e-31
lhumerus -55.8093 -43.356 118.194
lradius 57.4049 -0 0
lwrist 20.3677 0 0
lhand 21.8302 19.5826 0.174434
lfingers 7.12502 -0 0
lthumb 46.1993 42.2885 0.0601971
rclavicle -1.58735e-14 6.04605e-15 -4.46137e-31
rhumerus -22.5689 16.249 -48.2112
rradius 102.31 -0 0
rwrist 1.53951 0 0
rhand 47.0384 -14.0214 7.32352
rfingers 7.12502 -0 0
rthumb 63.299 30.5382 14.4105
224
root 4.7255 15.312 -25.8607 9.09318 4.68364 -2.71637
lfemur -17.4497 21.9708 7.97053
ltibia 39.0992 -0 0
lfoot -20.532 -0.940235 0.107685
ltoes -9.25606 0 0
rfemur -29.9344 -20.1233 2.22756
rtibia 45.5701 -0 0
rfoot -28.6447 13.1078 -0.00122763
rtoes 59.4455 -0 0
lowerback 1.56602 -2.37434 0.794671
upperback 0.359268 -3.15431 -1.46208
thorax -0.63208 -1.58451 -1.87845
lowerneck -12.7714 1.07833 3.46173
upperneck 2.21971 0.830739 1.06071
head 2.97126 0.496442 -0.209732
lclavicle -1.63841e-14 5.21824e-15 -3.34287e-31
lhumerus -55.4844 -43.1942 118.34
lradius 57.5813 -0 0
lwrist 19.8416 0 0
lhand 20.8202 18.8437 0.114364
lfingers 7.12502 -0 0
lthumb 45.2743 42.0334 0.0373687
rclavicle -1.63841e-14 5.21824e-15 -3.34287e-31
rhumerus -24.703 18.9878 -51.4868
rradius 104.349 -0 0
rwrist 2.80354 0 0
rhand 54.4002 -11.618 4.57
rfingers 7.12502 -0 0
rthumb 68.4983 35.4328 9.30396
225
root 4.73297 15.3307 -25.8793 9.1874 5.1489 -3.20707
lfemur -19.0662 23.8658 7.86089
ltibia 41.1206 -0 0
lfoot -19.5901 -0.247305 0.0500282
ltoes -12.9371 0 0
rfemur -29.6873 -20.1086 2.7932
rtibia 45.0721 -0 0
rfoot -28.7691 12.6832 -0.000986354
rtoes 59.3857 -0 0
lowerback 1.73446 -2.3881 0.914045
upperback 0.397771 -3.17071 -1.10521
thorax -0.674686 -1.58969 -1.57002
lowerneck -12.8818 1.03137 3.23709
upperneck 2.14373 0.80405 0.997669
head 2.9648 0.477379 -0.192243
lclavicle -1.66069e-14 4.26437e-15 -1.84049e-31
lhumerus -55.2016 -43.0245 118.481
lradius 57.7539 -0 0
lwrist 19.396 0 0
lhand 19.9204 18.2089 0.0540164
lfingers 7.12502 -0 0
lthumb 44.4494 41.8255 0.0162448
rclavicle -1.66069e-14 4.26437e-15 -1.84049e-31
rhumerus -26.7432 21.0062 -54.5141
rradius 106.105 -0 0
rwrist 3.56588 0 0
rhand 60.361 -10.1306 2.03767
rfingers 7.12502 -0 0
rthumb 72.3462 38.6843 4.40139
226
root 4.74156 15.3466 -25.894 9.27884 5.60307 -3.61781
lfemur -20.5097 25.4313 7.67479
ltibia 42.8147 0 0
lfoot -18.7996 0.354892 0
ltoes -15.7998 0 0
rfemur -29.4512 -20.1096 3.25769
rtibia 44.6267 0 0
rfoot -28.9005 12.2826 0
rtoes 59.3311 0 0
lowerback 1.86272 -2.39392 1.01788
upperback 0.4165 -3.17656 -0.798728
thorax -0.716755 -1.59005 -1.30679
lowerneck -12.955 0.976948 3.03716
upperneck 2.06804 0.76497 0.942072
head 2.95159 0.45275 -0.177427
lclavicle -1.64991e-14 3.18055e-15 0
lhumerus -54.9697 -42.8456 118.613
lradius 57.9213 0 0
lwrist 19.0481 0 0
lhand 19.1515 17.6989 0
lfingers 7.12502 0 0
lthumb 43.7438 41.6767 0
rclavicle -1.64991e-14 3.18055e-15 0
rhumerus -28.5408 22.2281 -57.1347
rradius 107.53 0 0
rwrist 3.74146 0 0
rhand 64.7544 -9.48978 0
rfingers 7.12502 0 0
rthumb 74.9232 -679.585 0
227
root 4.77643 15.3818 -25.9185 9.55822 6.96346 -4.46402
lfemur -24.0477 28.6078 6.78476
ltibia 46.3383 -0 0
lfoot -17.1465 1.75234 -0.082896
ltoes -20.4074 0 0
rfemur -28.7603 -20.1968 4.14768
rtibia 43.4973 -0 0
rfoot -29.34 11.158 0.0065082
rtoes 59.1893 -0 0
lowerback 2.03015 -2.3569 1.26419
upperback 0.366409 -3.12062 -0.119528
thorax -0.837688 -1.55823 -0.739312
lowerneck -12.991 0.751633 2.54545
upperneck 1.83833 0.553099 0.813375
head 2.87657 0.334803 -0.145476
lclavicle -1.43403e-14 -1.41535e-15 6.9804e-31
lhumerus -54.5076 -42.2606 118.983
lradius 58.4039 -0 0
lwrist 18.4495 0 0
lhand 17.5302 16.7725 -0.0950921
lfingers 7.12502 -0 0
lthumb 42.2473 41.4489 -0.0249768
rclavicle -1.43403e-14 -1.41535e-15 6.9804e-31
rhumerus -32.0671 22.0686 -62.5152
rradius 109.96 -0 0
rwrist 1.02911 0 0
rhand 70.554 -11.0073 -2.8907
rfingers 7.12502 -0 0
rthumb 78.5688 37.8185 -7.27963
228
root 4.82425 15.4083 -25.9261 9.86863 8.44752 -5.01287
lfemur -27.1411 30.6275 5.5333
ltibia 48.6855 -0 0
lfoot -16.0303 2.89004 -0.0947238
ltoes -21.6615 0 0
rfemur -28.0149 -20.3685 4.62821
rtibia 42.4523 -0 0
rfoot -29.8613 9.9996 0.0128558
rtoes 59.0555 -0 0
lowerback 1.99746 -2.25906 1.47423
upperback 0.209989 -2.98159 0.388429
thorax -0.9608 -1.4892 -0.338432
lowerneck -12.8564 0.440966 2.11218
upperneck 1.58906 0.221421 0.711973
head 2.76242 0.159281 -0.122518
lclavicle -1.01499e-14 -7.84006e-15 1.27706e-30
lhumerus -54.2209 -41.585 119.362
lradius 58.9058 -0 0
lwrist 18.208 0 0
lhand 16.4484 16.3358 -0.112392
lfingers 7.12502 -0 0
lthumb 41.2356 41.3721 -0.0296364
rclavicle -1.01499e-14 -7.84006e-15 1.27706e-30
rhumerus -33.6136 18.461 -65.6074
rradius 110.729 -0 0
rwrist -5.06325 0 0
rhand 69.9148 -15.3496 -2.81506
rfingers 7.12502 -0 0
rthumb 79.6104 27.6151 -7.8481
229
root 4.87677 15.4282 -25.9235 10.1768 9.91528 -5.35771
lfemur -29.7825 31.845 4.18077
ltibia 50.2186 -0 0
lfoot -15.2858 3.81553 -0.0596594
ltoes -20.9325 0 0
rfemur -27.2778 -20.5684 4.84564
rtibia 41.5163 -0 0
rfoot -30.4019 8.8838 0.0140764
rtoes 58.9325 -0 0
lowerback 1.85379 -2.13351 1.65283
upperback 0.00337849 -2.80491 0.768973
thorax -1.07781 -1.40421 -0.0565179
lowerneck -12.6306 0.103055 1.73769
upperneck 1.34576 -0.156888 0.632143
head 2.63335 -0.0376032 -0.106054
lclavicle -4.94177e-15 -1.471e-14 1.29608e-30
lhumerus -54.0512 -40.8931 119.721
lradius 59.3894 -0 0
lwrist 18.1911 0 0
lhand 15.7294 16.2026 -0.0759697
lfingers 7.12502 -0 0
lthumb 40.5525 41.3885 -0.0202101
rclavicle -4.94177e-15 -1.471e-14 1.29608e-30
rhumerus -33.825 13.2188 -67.1553
rradius 110.508 -0 0
rwrist -12.6964 0 0
rhand 65.4251 -20.9111 -1.48317
rfingers 7.12502 -0 0
rthumb 78.2883 13.8515 -4.82173
230
root 4.92576 15.4438 -25.9175 10.4464 11.2272 -5.59541
lfemur -31.9905 32.6316 2.92639
ltibia 51.2995 -0 0
lfoot -14.7494 4.57431 -0.0135556
ltoes -19.5907 0 0
rfemur -26.6123 -20.743 4.94814
rtibia 40.7137 -0 0
rfoot -30.8993 7.88686 0.00905285
rtoes 58.8231 -0 0
lowerback 1.68798 -2.01415 1.80509
upperback -0.198064 -2.63696 1.06644
thorax -1.18069 -1.32436 0.154185
lowerneck -12.3942 -0.205406 1.42334
upperneck 1.13376 -0.508626 0.567235
head 2.5136 -0.219651 -0.0938644
lclavicle 2.70355e-16 -2.06418e-14 7.28109e-31
lhumerus -53.9427 -40.2596 120.034
lradius 59.8169 -0 0
lwrist 18.2665 0 0
lhand 15.1979 16.1893 -0.0237887
lfingers 7.12502 -0 0
lthumb 40.0422 41.4412 -0.00655251
rclavicle 2.70355e-16 -2.06418e-14 7.28109e-31
rhumerus -33.5423 7.97412 -68.0354
rradius 109.964 -0 0
rwrist -20.031 0 0
rhand 59.8338 -26.2547 -0.322043
rfingers 7.12502 -0 0
rthumb 75.4225 0.0625396 -1.44209
231
root 4.96296 15.4573 -25.9151 10.6363 12.2444 -5.82634
lfemur -33.8219 33.3642 1.9134
ltibia 52.2903 0 0
lfoot -14.259 5.21095 0
ltoes -19.0065 0 0
rfemur -26.0827 -20.842 5.08578
rtibia 40.0689 0 0
rfoot -31.2912 7.08505 0
rtoes 58.7302 0 0
lowerback 1.5887 -1.93536 1.93663
upperback -0.339287 -2.52451 1.3258
thorax -1.26145 -1.27061 0.34153
lowerneck -12.2282 -0.428736 1.17181
upperneck 0.978271 -0.760603 0.50977
head 2.42739 -0.350664 -0.0840238
lclavicle 4.47266e-15 -2.42517e-14 0
lhumerus -53.8424 -39.76 120.277
lradius 60.1509 0 0
lwrist 18.3017 0 0
lhand 14.6783 16.1126 0
lfingers 7.12502 0 0
lthumb 39.5487 41.4732 0
rclavicle 4.47266e-15 -2.42517e-14 0
rhumerus -33.5157 4.30161 -68.9777
rradius 109.77 0 0
rwrist -25.2278 0 0
rhand 56.1173 -29.7059 0
rfingers 7.12502 0 0
rthumb 73.329 -730.099 0
232
root 5.02722 15.478 -25.9099 10.7425 13.8172 -6.28953
lfemur -36.2135 34.3553 0.403842
ltibia 53.4793 0 0
lfoot -13.585 6.26007 0
ltoes -18.3131 0 0
rfemur -25.0485 -20.5139 5.33498
rtibia 39.0497 0 0
rfoot -32.0854 5.49327 0
rtoes 58.4938 0 0
lowerback 1.49401 -1.92653 2.25055
upperback -0.523822 -2.499 1.76019
thorax -1.39169 -1.25995 0.611178
lowerneck -11.9396 -0.657991 0.855668
upperneck 0.874505 -1.00818 0.364138
head 2.33872 -0.481994 -0.0884383
lclavicle 1.70955e-14 -1.66979e-14 0
lhumerus -53.864 -38.7571 120.616
lradius 60.6677 0 0
lwrist 18.7587 0 0
lhand 13.4304 16.0067 0
lfingers 7.12502 0 0
lthumb 38.3722 41.7036 0
rclavicle 1.70955e-14 -1.66979e-14 0
rhumerus -33.7809 -1.0179 -69.9926
rradius 109.562 0 0
rwrist -31.4069 0 0
rhand 47.0818 -28.645 0
rfingers 7.12502 0 0
rthumb 67.9354 -750.023 0
233
root 5.08819 15.4981 -25.9036 10.6704 14.8151 -6.18263
lfemur -36.3499 34.0371 -0.173363
ltibia 53.2468 -0 0
lfoot -13.6923 5.94304 0.0117346
ltoes -16.2795 0 0
rfemur -24.6475 -19.7577 5.15703
rtibia 39.4426 -0 0
rfoot -31.0068 4.37872 -0.353779
rtoes 57.4845 -0 0
lowerback 1.46698 -1.94895 2.19188
upperback -0.539559 -2.53006 1.80966
thorax -1.38655 -1.27447 0.694539
lowerneck -11.8765 -0.8595 0.781018
upperneck 0.916478 -1.26519 0.376109
head 2.34354 -0.610319 -0.0854683
lclavicle 1.49797e-14 -1.57495e-14 5.31804e-31
lhumerus -53.8145 -38.5816 120.609
lradius 60.7111 -0 0
lwrist 18.7823 0 0
lhand 13.1849 15.9081 0.00574538
lfingers 7.12502 -0 0
lthumb 38.1395 41.661 0.00280972
rclavicle 1.49797e-14 -1.57495e-14 5.31804e-31
rhumerus -34.0205 -1.4087 -69.8601
rradius 107.636 -0 0
rwrist -29.3526 0 0
rhand 44.8763 -27.9407 -0.424828
rfingers 7.12502 -0 0
rthumb 65.9477 -30.6079 0.0212143
234
root 5.16324 15.5228 -25.8957 10.582 16.0383 -6.04686
lfemur -36.4888 33.6309 -0.870095
ltibia 52.9457 -0 0
lfoot -13.8345 5.54038 0.0255128
ltoes -13.7603 0 0
rfemur -24.1624 -18.818 4.94156
rtibia 39.9348 -0 0
rfoot -29.664 2.98379 -0.765559
rtoes 56.2651 -0 0
lowerback 1.43356 -1.97718 2.11654
upperback -0.557353 -2.56923 1.86672
thorax -1.37853 -1.2928 0.794942
lowerneck -11.8008 -1.10707 0.691744
upperneck 0.969645 -1.58161 0.392402
head 2.35043 -0.768208 -0.0817544
lclavicle 1.20973e-14 -1.46349e-14 1.16151e-30
lhumerus -53.7541 -38.3739 120.597
lradius 60.7599 -0 0
lwrist 18.8058 0 0
lhand 12.892 15.787 0.0123441
lfingers 7.12502 -0 0
lthumb 37.8618 41.606 0.00601442
rclavicle 1.20973e-14 -1.46349e-14 1.16151e-30
rhumerus -34.3169 -1.83965 -69.6809
rradius 105.246 -0 0
rwrist -26.7316 0 0
rhand 42.2208 -27.056 -0.917454
rfingers 7.12502 -0 0
rthumb 63.5327 -31.1158 0.0407437
235
root 5.25072 15.5516 -25.8866 10.4808 17.4603 -5.88603
lfemur -36.6253 33.1463 -1.66959
ltibia 52.5837 -0 0
lfoot -14.0075 5.06166 0.0403729
ltoes -10.8122 0 0
rfemur -23.6073 -17.7155 4.69866
rtibia 40.5154 -0 0
rfoot -28.0807 1.33742 -1.20748
rtoes 54.8576 -0 0
lowerback 1.39463 -2.01055 2.02635
upperback -0.576939 -2.61553 1.93042
thorax -1.36797 -1.31449 0.910374
lowerneck -11.7138 -1.39523 0.589379
upperneck 1.03266 -1.9505 0.41234
head 2.35916 -0.952202 -0.0773967
lclavicle 8.5453e-15 -1.33761e-14 1.83834e-30
lhumerus -53.6842 -38.138 120.582
lradius 60.8133 -0 0
lwrist 18.8291 0 0
lhand 12.5576 15.6459 0.0193405
lfingers 7.12502 -0 0
lthumb 37.5447 41.5401 0.00940248
rclavicle 8.5453e-15 -1.33761e-14 1.83834e-30
rhumerus -34.6642 -2.30419 -69.4592
rradius 102.447 -0 0
rwrist -23.6091 0 0
rhand 39.1651 -25.9999 -1.44517
rfingers 7.12502 -0 0
rthumb 60.7415 -31.5524 0.0558123
236
root 5.34897 15.584 -25.8763 10.3703 19.0547 -5.70382
lfemur -36.755 32.5928 -2.55531
ltibia 52.1685 -0 0
lfoot -14.2073 4.51643 0.055347
ltoes -7.49211 0 0
rfemur -22.9958 -16.4708 4.43798
rtibia 41.1736 -0 0
rfoot -26.2816 -0.530501 -1.65152
rtoes 53.2839 -0 0
lowerback 1.35102 -2.04839 1.92314
upperback -0.598053 -2.66799 1.99978
thorax -1.35524 -1.33911 1.03882
lowerneck -11.6169 -1.71854 0.475459
upperneck 1.10418 -2.36491 0.43525
head 2.36951 -1.15884 -0.0724954
lclavicle 4.42086e-15 -1.19952e-14 2.51296e-30
lhumerus -53.6059 -37.8776 120.564
lradius 60.8706 -0 0
lwrist 18.8524 0 0
lhand 12.1874 15.4876 0.0262911
lfingers 7.12502 -0 0
lthumb 37.1936 41.4647 0.0127652
rclavicle 4.42086e-15 -1.19952e-14 2.51296e-30
rhumerus -35.0566 -2.79586 -69.1996
rradius 99.2913 -0 0
rwrist -20.0505 0 0
rhand 35.7598 -24.7841 -1.97488
rfingers 7.12502 -0 0
rthumb 57.6256 -31.9233 0.0653794
237
root 5.45634 15.6194 -25.865 10.2537 20.7951 -5.50372
lfemur -36.8736 31.9804 -3.51112
ltibia 51.708 -0 0
lfoot -14.4298 3.91439 0.0695033
ltoes -3.85676 0 0
rfemur -22.3408 -15.105 4.16844
rtibia 41.8986 -0 0
rfoot -24.2929 -2.5887 -2.07074
rtoes 51.566 -0 0
lowerback 1.30361 -2.09003 1.80874
upperback -0.620428 -2.72564 2.07381
thorax -1.34069 -1.3662 1.17827
lowerneck -11.5112 -2.07153 0.351532
upperneck 1.18288 -2.8179 0.460473
head 2.38124 -1.38466 -0.06715
lclavicle -1.78984e-16 -1.05144e-14 3.13976e-30
lhumerus -53.5208 -37.597 120.544
lradius 60.931 -0 0
lwrist 18.8756 0 0
lhand 11.7874 15.3146 0.0327819
lfingers 7.12502 -0 0
lthumb 36.8142 41.3809 0.015906
rclavicle -1.78984e-16 -1.05144e-14 3.13976e-30
rhumerus -35.4882 -3.30809 -68.9064
rradius 95.8345 -0 0
rwrist -16.1211 0 0
rhand 32.0562 -23.423 -2.47453
rfingers 7.12502 -0 0
rthumb 54.236 -32.234 0.0696628
238
root 5.57118 15.6572 -25.853 10.1342 22.6549 -5.28899
lfemur -36.9775 31.319 -4.52133
ltibia 51.21 -0 0
lfoot -14.6711 3.26508 0.0819986
ltoes 0.0369966 -0 0
rfemur -21.6545 -13.6393 3.898
rtibia 42.6794 -0 0
rfoot -22.1428 -4.80411 -2.44045
rtoes 49.7257 -0 0
lowerback 1.25324 -2.13481 1.68498
upperback -0.643795 -2.7875 2.15155
thorax -1.32468 -1.39532 1.32671
lowerneck -11.3982 -2.44876 0.219171
upperneck 1.26742 -3.30252 0.487372
head 2.39412 -1.62621 -0.0614582
lclavicle -5.15715e-15 -8.95565e-15 3.67879e-30
lhumerus -53.4299 -37.2999 120.521
lradius 60.9937 -0 0
lwrist 18.8987 0 0
lhand 11.3633 15.1295 0.0384451
lfingers 7.12502 -0 0
lthumb 36.412 41.2903 0.018649
rclavicle -5.15715e-15 -8.95565e-15 3.67879e-30
rhumerus -35.953 -3.83448 -68.5843
rradius 92.1302 -0 0
rwrist -11.8862 0 0
rhand 28.1076 -21.9353 -2.91447
rfingers 7.12502 -0 0
rthumb 50.6242 -32.4901 0.0697155
239
root 5.69184 15.697 -25.8403 10.0147 24.6076 -5.0627
lfemur -37.0639 30.6187 -5.57083
ltibia 50.6822 -0 0
lfoot -14.9269 2.5782 0.0921067
ltoes 4.13236 -0 0
rfemur -20.948 -12.0949 3.63349
rtibia 43.5052 -0 0
rfoot -19.8613 -7.14174 -2.73927
rtoes 47.785 -0 0
lowerback 1.20076 -2.18203 1.55369
upperback -0.667881 -2.8526 2.23202
thorax -1.30755 -1.42602 1.48213
lowerneck -11.2792 -2.84481 0.0799654
upperneck 1.3565 -3.81184 0.515343
head 2.40793 -1.88001 -0.0555157
lclavicle -1.04166e-14 -7.34108e-15 4.09738e-30
lhumerus -53.3347 -36.9903 120.496
lradius 61.0582 -0 0
lwrist 18.9217 0 0
lhand 10.921 14.935 0.0429713
lfingers 7.12502 -0 0
lthumb 35.9925 41.1941 0.0208446
rclavicle -1.04166e-14 -7.34108e-15 4.09738e-30
rhumerus -36.4448 -4.36872 -68.2381
rradius 88.2326 -0 0
rwrist -7.41119 0 0
rhand 23.9685 -20.3437 -3.2689
rfingers 7.12502 -0 0
rthumb 46.8412 -32.6971 0.0670518
240
root 5.81665 15.7381 -25.8272 9.8977 26.6268 -4.82766
lfemur -37.1308 29.8898 -6.64504
ltibia 50.1324 -0 0
lfoot -15.1932 1.86332 0.0992528
ltoes 8.3725 -0 0
rfemur -20.2315 -10.4935 3.38056
rtibia 44.3652 -0 0
rfoot -17.4807 -9.56475 -2.95012
rtoes 45.7658 -0 0
lowerback 1.14702 -2.23103 1.41668
upperback -0.692407 -2.91996 2.31424
thorax -1.28965 -1.45784 1.6425
lowerneck -11.1556 -3.25425 -0.0644473
upperneck 1.44881 -4.33889 0.543819
head 2.42245 -2.14262 -0.0494148
lclavicle -1.58602e-14 -5.69279e-15 4.37134e-30
lhumerus -53.2362 -36.6723 120.471
lradius 61.1235 -0 0
lwrist 18.9448 0 0
lhand 10.4664 14.7336 0.0461204
lfingers 7.12502 -0 0
lthumb 35.5613 41.0937 0.0223761
rclavicle -1.58602e-14 -5.69279e-15 4.37134e-30
rhumerus -36.9573 -4.9046 -67.8729
rradius 84.1958 -0 0
rwrist -2.7614 0 0
rhand 19.6955 -18.6745 -3.51717
rfingers 7.12502 -0 0
rthumb 42.9383 -32.8607 0.0633226
241
root 5.94397 15.7801 -25.8139 9.78568 28.6857 -4.58653
lfemur -37.1769 29.1424 -7.72991
ltibia 49.5684 -0 0
lfoot -15.4659 1.1301 0.103033
ltoes 12.7006 -0 0
rfemur -19.5147 -8.85688 3.14367
rtibia 45.2485 -0 0
rfoot -15.0343 -12.0347 -3.06103
rtoes 43.69 -0 0
lowerback 1.09285 -2.28111 1.27579
upperback -0.717091 -2.98863 2.39723
thorax -1.27133 -1.49035 1.80583
lowerneck -11.0289 -3.67165 -0.212391
upperneck 1.54309 -4.87673 0.572272
head 2.43743 -2.41056 -0.0432447
lclavicle -2.13909e-14 -4.03284e-15 4.48574e-30
lhumerus -53.1358 -36.3498 120.444
lradius 61.189 -0 0
lwrist 18.9678 0 0
lhand 10.0052 14.5281 0.047729
lfingers 7.12502 -0 0
lthumb 35.1238 40.9905 0.0231628
rclavicle -2.13909e-14 -4.03284e-15 4.48574e-30
rhumerus -37.484 -5.43607 -67.4939
rradius 80.074 -0 0
rwrist 1.99785 0 0
rhand 15.3467 -16.9572 -3.6449
rfingers 7.12502 -0 0
rthumb 38.9668 -32.9864 0.0600418
242
root 6.07214 15.8223 -25.8004 9.68063 30.7578 -4.34185
lfemur -37.202 28.3872 -8.81191
ltibia 48.998 -0 0
lfoot -15.7408 0.388165 0.103232
ltoes 17.0599 -0 0
rfemur -18.8064 -7.20709 2.92614
rtibia 46.1443 -0 0
rfoot -12.557 -14.5123 -3.06566
rtoes 41.5796 -0 0
lowerback 1.03909 -2.33156 1.13282
upperback -0.741645 -3.05763 2.48001
thorax -1.25291 -1.52307 1.9701
lowerneck -10.9007 -4.09162 -0.362144
upperneck 1.63805 -5.4184 0.600222
head 2.45268 -2.68038 -0.037091
lclavicle -2.69116e-14 -2.38332e-15 4.43542e-30
lhumerus -53.0345 -36.0267 120.418
lradius 61.2539 -0 0
lwrist 18.9908 0 0
lhand 9.54335 14.321 0.0477155
lfingers 7.12502 -0 0
lthumb 34.6858 40.8859 0.0231635
rclavicle -2.69116e-14 -2.38332e-15 4.43542e-30
rhumerus -38.0183 -5.95727 -67.1066
rradius 75.9213 -0 0
rwrist 6.80123 0 0
rhand 10.9812 -15.223 -3.64473
rfingers 7.12502 -0 0
rthumb 34.9778 -33.0798 0.0583631
243
root 6.19952 15.8643 -25.7871 9.58429 32.8165 -4.09607
lfemur -37.2066 27.6343 -9.87792
ltibia 48.429 -0 0
lfoot -16.0139 -0.352848 0.099829
ltoes 21.3935 -0 0
rfemur -18.115 -5.56622 2.73019
rtibia 47.0417 -0 0
rfoot -10.0837 -16.9574 -2.96367
rtoes 39.4564 -0 0
lowerback 0.986556 -2.3817 0.989606
upperback -0.765774 -3.12599 2.5616
thorax -1.23474 -1.55555 2.1333
lowerneck -10.7724 -4.50878 -0.511934
upperneck 1.73244 -5.95691 0.62723
head 2.46795 -2.94861 -0.0310352
lclavicle -3.23253e-14 -7.66324e-16 4.22501e-30
lhumerus -52.9336 -35.707 120.39
lradius 61.3175 -0 0
lwrist 19.0139 0 0
lhand 9.08671 14.115 0.0460827
lfingers 7.12502 -0 0
lthumb 34.2527 40.7811 0.0223775
rclavicle -3.23253e-14 -7.66324e-16 4.22501e-30
rhumerus -38.5531 -6.46252 -66.7168
rradius 71.7918 -0 0
rwrist 11.5834 0 0
rhand 6.6585 -13.5042 -3.51681
rfingers 7.12502 -0 0
rthumb 31.0227 -33.1465 0.0589115
244
root 6.32444 15.9055 -25.774 9.49803 34.8352 -3.85169
lfemur -37.1921 26.8943 -10.9152
ltibia 47.8691 -0 0
lfoot -16.281 -1.0833 0.0930017
ltoes 25.6447 -0 0
rfemur -17.4484 -3.95653 2.55702
rtibia 47.9298 -0 0
rfoot -7.64893 -19.3306 -2.76066
rtoes 37.3425 -0 0
lowerback 0.936075 -2.43079 0.847948
upperback -0.789182 -3.19276 2.64101
thorax -1.21714 -1.58732 2.29342
lowerneck -10.6458 -4.91775 -0.65994
upperneck 1.82502 -6.48533 0.652905
head 2.48303 -3.21178 -0.0251553
lclavicle -3.75349e-14 7.96072e-16 3.86872e-30
lhumerus -52.8341 -35.3948 120.363
lradius 61.3791 -0 0
lwrist 19.037 0 0
lhand 8.64113 13.9127 0.0429171
lfingers 7.12502 -0 0
lthumb 33.83 40.6775 0.020845
rclavicle -3.75349e-14 7.96072e-16 3.86872e-30
rhumerus -39.0815 -6.94635 -66.3305
rradius 67.7396 -0 0
rwrist 16.2791 0 0
rhand 2.43762 -11.8318 -3.26868
rfingers 7.12502 -0 0
rthumb 27.1526 -33.192 0.0616689
245
root 6.44525 15.9454 -25.7613 9.42287 36.7871 -3.61126
lfemur -37.1606 26.1774 -11.9113
ltibia 47.3261 -0 0
lfoot -16.5379 -1.79356 0.0831197
ltoes 29.7566 -0 0
rfemur -16.8145 -2.40031 2.40691
rtibia 48.7979 -0 0
rfoot -5.28634 -21.593 -2.46795
rtoes 35.2596 -0 0
lowerback 0.888458 -2.47813 0.709663
upperback -0.811565 -3.25696 2.71726
thorax -1.20043 -1.61792 2.44844
lowerneck -10.5224 -5.3132 -0.804286
upperneck 1.91453 -6.99667 0.676899
head 2.4977 -3.46644 -0.0195253
lclavicle -4.24433e-14 2.28178e-15 3.38956e-30
lhumerus -52.7371 -35.0939 120.336
lradius 61.4379 -0 0
lwrist 19.0601 0 0
lhand 8.21243 13.7168 0.0383857
lfingers 7.12502 -0 0
lthumb 33.4234 40.5766 0.0186459
rclavicle -4.24433e-14 2.28178e-15 3.38956e-30
rhumerus -39.5961 -7.40348 -65.954
rradius 63.819 -0 0
rwrist 20.8228 0 0
rhand -1.62332 -10.2352 -2.91485
rfingers 7.12502 -0 0
rthumb 23.4188 -33.2214 0.0659134
246
root 6.5603 15.9833 -25.7493 9.35943 38.6456 -3.37756
lfemur -37.1147 25.4938 -12.8538
ltibia 46.8078 -0 0
lfoot -16.7806 -2.47399 0.0707324
ltoes 33.6724 -0 0
rfemur -16.2209 -0.919934 2.27931
rtibia 49.6351 -0 0
rfoot -3.02788 -23.7074 -2.10202
rtoes 33.2298 -0 0
lowerback 0.844511 -2.52298 0.576559
upperback -0.832616 -3.31764 2.78935
thorax -1.18493 -1.64687 2.59637
lowerneck -10.4041 -5.68976 -0.943043
upperneck 1.99974 -7.48397 0.698905
head 2.51174 -3.70913 -0.0142158
lclavicle -4.69534e-14 3.66873e-15 2.81841e-30
lhumerus -52.6438 -34.8084 120.31
lradius 61.4931 -0 0
lwrist 19.0833 0 0
lhand 7.80646 13.5299 0.0327303
lfingers 7.12502 -0 0
lthumb 33.0383 40.4796 0.0158971
rclavicle -4.69534e-14 3.66873e-15 2.81841e-30
rhumerus -40.0893 -7.82887 -65.5936
rradius 60.0839 -0 0
rwrist 25.1494 0 0
rhand -5.46773 -8.7404 -2.47598
rfingers 7.12502 -0 0
rthumb 19.8725 -33.2398 0.0702093
247
root 6.66793 16.0189 -25.7381 9.30791 40.3841 -3.15361
lfemur -37.0578 24.8538 -13.7308
ltibia 46.3221 -0 0
lfoot -17.0049 -3.11502 0.0565486
ltoes 37.3353 -0 0
rfemur -15.6756 0.462254 2.17298
rtibia 50.4305 -0 0
rfoot -0.903618 -25.6381 -1.6837
rtoes 31.275 -0 0
lowerback 0.805035 -2.56461 0.450446
upperback -0.852021 -3.37384 2.85629
thorax -1.17095 -1.67372 2.73518
lowerneck -10.2926 -6.04215 -1.07425
upperneck 2.07943 -7.94027 0.71865
head 2.52493 -3.93638 -0.00929417
lclavicle -5.09682e-14 4.93482e-15 2.19253e-30
lhumerus -52.5551 -34.5422 120.284
lradius 61.544 -0 0
lwrist 19.1066 0 0
lhand 7.42908 13.3546 0.0262592
lfingers 7.12502 -0 0
lthumb 32.6803 40.3879 0.0127485
rclavicle -5.09682e-14 4.93482e-15 2.19253e-30
rhumerus -40.5536 -8.21757 -65.2562
rradius 56.5886 -0 0
rwrist 29.1935 0 0
rhand -9.04077 -7.36994 -1.97766
rfingers 7.12502 -0 0
rthumb 16.5651 -33.2519 0.0724436
248
root 6.7665 16.0514 -25.7279 9.26804 41.9758 -2.94279
lfemur -36.9936 24.2672 -14.53
ltibia 45.8766 -0 0
lfoot -17.2069 -3.70694 0.0414137
ltoes 40.6885 -0 0
rfemur -15.1864 1.7239 2.08614
rtibia 51.1733 -0 0
rfoot 1.05835 -27.3517 -1.23725
rtoes 29.417 -0 0
lowerback 0.770826 -2.60229 0.333129
upperback -0.869467 -3.4246 2.9171
thorax -1.15881 -1.69798 2.86287
lowerneck -10.1897 -6.36506 -1.1959
upperneck 2.15237 -8.3586 0.735895
head 2.53707 -4.14472 -0.00482517
lclavicle -5.43905e-14 6.05797e-15 1.55377e-30
lhumerus -52.4721 -34.2993 120.258
lradius 61.5899 -0 0
lwrist 19.1299 0 0
lhand 7.08611 13.1935 0.0193355
lfingers 7.12502 -0 0
lthumb 32.3549 40.3028 0.00937851
rclavicle -5.43905e-14 6.05797e-15 1.55377e-30
rhumerus -40.9811 -8.56491 -64.9485
rradius 53.3872 -0 0
rwrist 32.8897 0 0
rhand -12.2893 -6.14223 -1.44916
rfingers 7.12502 -0 0
rthumb 13.5477 -33.2619 0.0699028
249
root 6.85434 16.0805 -25.7188 9.23912 43.3942 -2.74889
lfemur -36.9261 23.744 -15.2394
ltibia 45.4791 -0 0
lfoot -17.3824 -4.24023 0.0262702
ltoes 43.6751 -0 0
rfemur -14.7617 2.84269 2.01658
rtibia 51.8526 -0 0
rfoot 2.83177 -28.8163 -0.7893
rtoes 27.6779 -0 0
lowerback 0.742675 -2.63528 0.226416
upperback -0.884636 -3.46896 2.97079
thorax -1.14881 -1.71917 2.97744
lowerneck -10.0975 -6.65319 -1.30593
upperneck 2.2173 -8.73198 0.750421
head 2.54792 -4.3307 -0.000871487
lclavicle -5.71234e-14 7.0161e-15 9.46455e-31
lhumerus -52.3958 -34.0837 120.234
lradius 61.6301 -0 0
lwrist 19.1534 0 0
lhand 6.7834 13.0493 0.0123639
lfingers 7.12502 -0 0
lthumb 32.0678 40.2258 0.00598701
rclavicle -5.71234e-14 7.0161e-15 9.46455e-31
rhumerus -41.3639 -8.86621 -64.6775
rradius 50.5337 -0 0
rwrist 36.1727 0 0
rhand -15.1617 -5.07198 -0.921948
rfingers 7.12502 -0 0
rthumb 10.8717 -33.2742 0.0593832
250
root 6.92981 16.1054 -25.711 9.22004 44.6124 -2.5761
lfemur -36.8595 23.294 -15.8468
ltibia 45.1375 -0 0
lfoot -17.5275 -4.7052 0.0121263
ltoes 46.2384 -0 0
rfemur -14.4097 3.79635 1.9619
rtibia 52.4576 -0 0
rfoot 4.3918 -30.0018 -0.367632
rtoes 26.0795 -0 0
lowerback 0.721374 -2.66283 0.13211
upperback -0.897211 -3.50596 3.01635
thorax -1.14126 -1.73683 3.07687
lowerneck -10.0176 -6.90125 -1.4023
upperneck 2.27302 -9.05346 0.762025
head 2.55727 -4.49086 0.00250556
lclavicle -5.90697e-14 7.78712e-15 4.14797e-31
lhumerus -52.3271 -33.8993 120.21
lradius 61.6638 -0 0
lwrist 19.177 0 0
lhand 6.52677 12.9245 0.00577369
lfingers 7.12502 -0 0
lthumb 31.8244 40.1582 0.00278789
rclavicle -5.90697e-14 7.78712e-15 4.14797e-31
rhumerus -41.694 -9.11698 -64.4501
rradius 48.0824 -0 0
rwrist 38.9772 0 0
rhand -17.6075 -4.17087 -0.428323
rfingers 7.12502 -0 0
rthumb 8.58824 -33.2926 0.0373297
251
root 6.99125 16.1258 -25.7047 9.20935 45.604 -2.42898
lfemur -36.798 22.9268 -16.3399
ltibia 44.8595 0 0
lfoot -17.638 -5.09231 0
ltoes 48.3216 0 0
rfemur -14.1393 4.56265 1.91975
rtibia 52.9773 0 0
rfoot 5.7144 -30.8793 0
rtoes 24.6437 0 0
lowerback 0.707711 -2.6842 0.0520184
upperback -0.906872 -3.53465 3.05281
thorax -1.13647 -1.75048 3.15916
lowerneck -9.95213 -7.10396 -1.48291
upperneck 2.31826 -9.31607 0.77051
head 2.56491 -4.62174 0.00524513
lclavicle -6.01324e-14 8.34896e-15 0
lhumerus -52.2672 -33.7502 120.188
lradius 61.6902 0 0
lwrist 19.2008 0 0
lhand 6.32207 12.8218 0
lfingers 7.12502 0 0
lthumb 31.6302 40.1012 0
rclavicle -6.01324e-14 8.34896e-15 0
rhumerus -41.9634 -9.31272 -64.2735
rradius 46.0874 0 0
rwrist 41.2378 0 0
rhand -19.5765 -3.4485 0
rfingers 7.12502 0 0
rthumb 6.74862 -753.321 0
252
root 7.07441 16.1575 -25.7021 9.35083 46.818 -1.63079
lfemur -35.8723 22.096 -16.8424
ltibia 44.2221 0 0
lfoot -17.0943 -6.85435 0
ltoes 51.0042 0 0
rfemur -15.6832 4.51616 1.548
rtibia 57.0463 0 0
rfoot 14.3368 -23.1993 0
rtoes 7.30316 0 0
lowerback 1.11503 -2.59497 -0.504216
upperback -0.819784 -3.42329 2.95579
thorax -1.25483 -1.69049 3.38765
lowerneck -9.89112 -7.47454 -1.75607
upperneck 2.39462 -9.77588 0.726411
head 2.59657 -4.85497 0.010683
lclavicle -5.26779e-15 3.97569e-16 0
lhumerus -51.6941 -33.8121 119.685
lradius 61.5249 0 0
lwrist 19.6645 0 0
lhand 6.7101 12.5515 0
lfingers 7.12502 0 0
lthumb 31.9997 39.7575 0
rclavicle -5.26779e-15 3.97569e-16 0
rhumerus -42.2806 -7.78615 -64.9811
rradius 43.1051 0 0
rwrist 43.3362 0 0
rhand -19.2122 -1.87951 0
rfingers 7.12502 0 0
rthumb 7.10036 -751.74 0
253
root 7.094 16.1509 -25.684 9.35312 46.9417 -1.47815
lfemur -35.6761 22.0577 -16.8528
ltibia 44.2939 -0 0
lfoot -17.0902 -7.05727 0.000568294
ltoes 51.1067 -0 0
rfemur -15.9858 4.16901 1.79734
rtibia 57.0893 -0 0
rfoot 14.4412 -22.7386 0.00438592
rtoes 7.0732 -0 0
lowerback 1.20106 -2.6061 -0.585927
upperback -0.76286 -3.43956 2.88767
thorax -1.24138 -1.69765 3.36606
lowerneck -9.84968 -7.50533 -1.76307
upperneck 2.35108 -9.82113 0.82003
head 2.58332 -4.87525 0.0429814
lclavicle -5.04689e-15 1.82406e-16 -7.06019e-32
lhumerus -51.6224 -33.9055 119.501
lradius 61.5003 -0 0
lwrist 19.686 0 0
lhand 6.77899 12.5383 -0.000631866
lfingers 7.12502 -0 0
lthumb 32.065 39.729 -0.00142195
rclavicle -5.04689e-15 1.82406e-16 -7.06019e-32
rhumerus -42.1892 -7.0127 -65.0795
rradius 43.4447 -0 0
rwrist 42.9796 0 0
rhand -18.9639 -1.89487 -0.010239
rfingers 7.12502 -0 0
rthumb 7.33905 -31.7323 -0.00495166
254
root 7.11554 16.1435 -25.6645 9.35576 47.0809 -1.30994
lfemur -35.4631 22.016 -16.8648
ltibia 44.3769 -0 0
lfoot -17.084 -7.28672 0.00146726
ltoes 51.227 -0 0
rfemur -16.3162 3.78206 2.08337
rtibia 57.131 -0 0
rfoot 14.5452 -22.2348 0.00967701
rtoes 6.83723 -0 0
lowerback 1.29582 -2.61917 -0.676243
upperback -0.700128 -3.45866 2.81222
thorax -1.22644 -1.70614 3.34207
lowerneck -9.80484 -7.53811 -1.77172
upperneck 2.30407 -9.86935 0.92425
head 2.56929 -4.89676 0.0789894
lclavicle -4.86969e-15 -5.04616e-17 -1.4723e-31
lhumerus -51.5416 -34.0048 119.294
lradius 61.4733 -0 0
lwrist 19.7108 0 0
lhand 6.85385 12.5237 -0.00134624
lfingers 7.12502 -0 0
lthumb 32.136 39.6976 -0.0029751
rclavicle -4.86969e-15 -5.04616e-17 -1.4723e-31
rhumerus -42.0997 -6.14705 -65.1881
rradius 43.8232 -0 0
rwrist 42.589 0 0
rhand -18.6757 -1.90143 -0.0256742
rfingers 7.12502 -0 0
rthumb 7.61627 -31.7133 -0.0142949
255
root 7.13896 16.1353 -25.6436 9.35891 47.2347 -1.12663
lfemur -35.2341 21.971 -16.8783
ltibia 44.4708 -0 0
lfoot -17.0759 -7.54151 0.00269553
ltoes 51.3641 -0 0
rfemur -16.6741 3.35751 2.40515
rtibia 57.1715 -0 0
rfoot 14.6489 -21.6897 0.0156926
rtoes 6.59579 -0 0
lowerback 1.39898 -2.63406 -0.774816
upperback -0.631802 -3.48043 2.72972
thorax -1.21006 -1.7159 3.31574
lowerneck -9.75673 -7.57282 -1.78193
upperneck 2.25368 -9.92044 1.03866
head 2.55451 -4.91944 0.118558
lclavicle -4.73525e-15 -3.00141e-16 -2.29392e-31
lhumerus -51.4521 -34.1098 119.066
lradius 61.4439 -0 0
lwrist 19.7385 0 0
lhand 6.93445 12.5077 -0.00213358
lfingers 7.12502 -0 0
lthumb 32.2124 39.6636 -0.00464306
rclavicle -4.73525e-15 -3.00141e-16 -2.29392e-31
rhumerus -42.0123 -5.19303 -65.3062
rradius 44.2392 -0 0
rwrist 42.1654 0 0
rhand -18.3493 -1.89987 -0.0460753
rfingers 7.12502 -0 0
rthumb 7.93024 -31.6838 -0.0278826
256
root 7.16419 16.1263 -25.6213 9.3628 47.4026 -0.928683
lfemur -34.9895 21.9228 -16.8933
ltibia 44.575 -0 0
lfoot -17.066 -7.82044 0.00425287
ltoes 51.5171 -0 0
rfemur -17.059 2.89759 2.7618
rtibia 57.2107 -0 0
rfoot 14.752 -21.1052 0.022261
rtoes 6.34942 -0 0
lowerback 1.51018 -2.65063 -0.881301
upperback -0.558095 -3.50471 2.64044
thorax -1.19229 -1.72687 3.28718
lowerneck -9.70544 -7.60938 -1.79363
upperneck 2.19999 -9.97426 1.16285
head 2.53897 -4.94326 0.161539
lclavicle -4.64263e-15 -5.6574e-16 -3.16561e-31
lhumerus -51.3539 -34.2201 118.816
lradius 61.4123 -0 0
lwrist 19.769 0 0
lhand 7.02058 12.4903 -0.00298423
lfingers 7.12502 -0 0
lthumb 32.2941 39.6269 -0.0064092
rclavicle -4.64263e-15 -5.6574e-16 -3.16561e-31
rhumerus -41.9274 -4.15446 -65.4331
rradius 44.6912 -0 0
rwrist 41.7101 0 0
rhand -17.9866 -1.89086 -0.0712215
rfingers 7.12502 -0 0
rthumb 8.27918 -31.6444 -0.0455786
257
root 7.19114 16.1167 -25.5978 9.36763 47.5838 -0.71655
lfemur -34.7301 21.8716 -16.9098
ltibia 44.689 -0 0
lfoot -17.0544 -8.12229 0.00613969
ltoes 51.685 -0 0
rfemur -17.4708 2.40458 3.15244
rtibia 57.2487 -0 0
rfoot 14.8547 -20.4831 0.0292199
rtoes 6.09864 -0 0
lowerback 1.6291 -2.66873 -0.995352
upperback -0.479223 -3.53136 2.54467
thorax -1.17319 -1.73898 3.25647
lowerneck -9.6511 -7.64773 -1.80673
upperneck 2.14307 -10.0307 1.29641
head 2.52271 -4.96818 0.207782
lclavicle -4.5909e-15 -8.46366e-16 -4.0818e-31
lhumerus -51.2475 -34.3356 118.547
lradius 61.3786 -0 0
lwrist 19.8023 0 0
lhand 7.11201 12.4716 -0.00388847
lfingers 7.12502 -0 0
lthumb 32.3808 39.5879 -0.00825679
rclavicle -4.5909e-15 -8.46366e-16 -4.0818e-31
rhumerus -41.8453 -3.03516 -65.5683
rradius 45.1778 -0 0
rwrist 41.2243 0 0
rhand -17.5895 -1.87507 -0.100898
rfingers 7.12502 -0 0
rthumb 8.6613 -31.5961 -0.0672544
258
root 7.21974 16.1064 -25.5731 9.3736 47.7776 -0.490678
lfemur -34.4564 21.8177 -16.9277
ltibia 44.8123 -0 0
lfoot -17.0413 -8.44588 0.00835654
ltoes 51.867 -0 0
rfemur -17.9092 1.88074 3.57623
rtibia 57.2855 -0 0
rfoot 14.9566 -19.8253 0.0364163
rtoes 5.84398 -0 0
lowerback 1.75539 -2.68822 -1.11662
upperback -0.395398 -3.5602 2.4427
thorax -1.15281 -1.75216 3.22369
lowerneck -9.59382 -7.68779 -1.82114
upperneck 2.08302 -10.0896 1.43893
head 2.50572 -4.99415 0.25714
lclavicle -4.57911e-15 -1.14113e-15 -5.03668e-31
lhumerus -51.1329 -34.456 118.259
lradius 61.3428 -0 0
lwrist 19.8381 0 0
lhand 7.20851 12.4518 -0.00483659
lfingers 7.12502 -0 0
lthumb 32.4723 39.5464 -0.010169
rclavicle -4.57911e-15 -1.14113e-15 -5.03668e-31
rhumerus -41.7662 -1.83898 -65.7111
rradius 45.6975 -0 0
rwrist 40.7091 0 0
rhand -17.1598 -1.85318 -0.134892
rfingers 7.12502 -0 0
rthumb 9.07481 -31.5395 -0.0927845
259
root 7.2499 16.0955 -25.5472 9.38094 47.9834 -0.25151
lfemur -34.1691 21.7611 -16.9469
ltibia 44.9445 -0 0
lfoot -17.0268 -8.79 0.0109038
ltoes 52.062 -0 0
rfemur -18.374 1.32839 4.03232
rtibia 57.321 -0 0
rfoot 15.0579 -19.1337 0.0437071
rtoes 5.58598 -0 0
lowerback 1.88872 -2.70898 -1.24477
upperback -0.306833 -3.59109 2.33481
thorax -1.13121 -1.76637 3.18894
lowerneck -9.5337 -7.7295 -1.83677
upperneck 2.0199 -10.1508 1.59001
head 2.48802 -5.02114 0.309463
lclavicle -4.60632e-15 -1.44913e-15 -6.0242e-31
lhumerus -51.0105 -34.581 117.952
lradius 61.3051 -0 0
lwrist 19.8762 0 0
lhand 7.30988 12.4308 -0.00581893
lfingers 7.12502 -0 0
lthumb 32.5684 39.5028 -0.0121293
rclavicle -4.60632e-15 -1.44913e-15 -6.0242e-31
rhumerus -41.6903 -0.569736 -65.8609
rradius 46.2489 -0 0
rwrist 40.1657 0 0
rhand -16.6993 -1.82587 -0.172992
rfingers 7.12502 -0 0
rthumb 9.51794 -31.4753 -0.122044
260
root 7.28156 16.0839 -25.5202 9.38987 48.2003 0.000513495
lfemur -33.8688 21.7021 -16.9675
ltibia 45.0851 -0 0
lfoot -17.011 -9.15344 0.0137809
ltoes 52.2693 -0 0
rfemur -18.8648 0.749844 4.51989
rtibia 57.3554 -0 0
rfoot 15.1583 -18.4101 0.0509587
rtoes 5.32518 -0 0
lowerback 2.02874 -2.73085 -1.37944
upperback -0.213744 -3.62387 2.22127
thorax -1.10843 -1.78152 3.15229
lowerneck -9.47085 -7.77278 -1.85355
upperneck 1.95381 -10.2143 1.74922
head 2.46962 -5.04911 0.364602
lclavicle -4.67161e-15 -1.76948e-15 -7.03817e-31
lhumerus -50.8805 -34.7105 117.628
lradius 61.2655 -0 0
lwrist 19.9166 0 0
lhand 7.41589 12.4088 -0.00682594
lfingers 7.12502 -0 0
lthumb 32.669 39.4571 -0.0141209
rclavicle -4.67161e-15 -1.76948e-15 -7.03817e-31
rhumerus -41.6179 0.768726 -66.0172
rradius 46.8304 -0 0
rwrist 39.5952 0 0
rhand -16.21 -1.79382 -0.214983
rfingers 7.12502 -0 0
rthumb 9.98888 -31.4045 -0.154905
261
root 7.31464 16.0718 -25.492 9.4006 48.4278 0.264955
lfemur -33.5561 21.6407 -16.9894
ltibia 45.2335 -0 0
lfoot -16.9941 -9.53502 0.0169867
ltoes 52.4877 -0 0
rfemur -19.3816 0.14744 5.03813
rtibia 57.3885 -0 0
rfoot 15.2579 -17.6563 0.0580478
rtoes 5.06209 -0 0
lowerback 2.17517 -2.75372 -1.52034
upperback -0.116343 -3.65838 2.10237
thorax -1.08453 -1.79756 3.11384
lowerneck -9.4054 -7.81757 -1.87137
upperneck 1.88482 -10.2799 1.91617
head 2.45054 -5.07801 0.422409
lclavicle -4.77402e-15 -2.10129e-15 -8.07225e-31
lhumerus -50.7431 -34.844 117.287
lradius 61.2242 -0 0
lwrist 19.959 0 0
lhand 7.52632 12.3858 -0.00784822
lfingers 7.12502 -0 0
lthumb 32.7737 39.4093 -0.0161277
rclavicle -4.77402e-15 -2.10129e-15 -8.07225e-31
rhumerus -41.5492 2.17257 -66.1797
rradius 47.4406 -0 0
rwrist 38.9989 0 0
rhand -15.6936 -1.75771 -0.260644
rfingers 7.12502 -0 0
rthumb 10.4859 -31.3276 -0.191232
262
root 7.34906 16.0591 -25.4628 9.41335 48.6652 0.54138
lfemur -33.2317 21.5773 -17.0124
ltibia 45.3893 -0 0
lfoot -16.9763 -9.93352 0.0205183
ltoes 52.7164 -0 0
rfemur -19.9241 -0.476481 5.58621
rtibia 57.4204 -0 0
rfoot 15.3565 -16.8743 0.0648608
rtoes 4.79726 -0 0
lowerback 2.32757 -2.77742 -1.66703
upperback -0.014846 -3.69447 1.9784
thorax -1.05957 -1.81443 3.07367
lowerneck -9.33745 -7.8638 -1.89016
upperneck 1.81301 -10.3475 2.09044
head 2.43079 -5.10781 0.482734
lclavicle -4.91263e-15 -2.44366e-15 -9.12002e-31
lhumerus -50.5986 -34.9815 116.93
lradius 61.1812 -0 0
lwrist 20.0033 0 0
lhand 7.64095 12.3618 -0.0088766
lfingers 7.12502 -0 0
lthumb 32.8824 39.3598 -0.0181337
rclavicle -4.91263e-15 -2.44366e-15 -9.12002e-31
rhumerus -41.4844 3.63795 -66.3478
rradius 48.078 -0 0
rwrist 38.3779 0 0
rhand -15.1519 -1.71823 -0.309747
rfingers 7.12502 -0 0
rthumb 11.0071 -31.2456 -0.230883
263
root 7.38474 16.046 -25.4326 9.42834 48.9116 0.829349
lfemur -32.8961 21.512 -17.0367
ltibia 45.552 -0 0
lfoot -16.9576 -10.3477 0.0243711
ltoes 52.9545 -0 0
rfemur -20.492 -1.11957 6.16331
rtibia 57.4512 -0 0
rfoot 15.4541 -16.066 0.0712946
rtoes 4.53121 -0 0
lowerback 2.48565 -2.80184 -1.81921
upperback 0.0905327 -3.73199 1.84963
thorax -1.03359 -1.83206 3.03187
lowerneck -9.26711 -7.91139 -1.90983
upperneck 1.73845 -10.417 2.27168
head 2.41037 -5.13846 0.54543
lclavicle -5.08649e-15 -2.79571e-15 -1.0175e-30
lhumerus -50.4472 -35.1226 116.558
lradius 61.1367 -0 0
lwrist 20.0493 0 0
lhand 7.75956 12.3371 -0.00990213
lfingers 7.12502 -0 0
lthumb 32.9948 39.3084 -0.0201234
rclavicle -5.08649e-15 -2.79571e-15 -1.0175e-30
rhumerus -41.4236 5.16103 -66.5211
rradius 48.7413 -0 0
rwrist 37.7334 0 0
rhand -14.587 -1.67603 -0.362055
rfingers 7.12502 -0 0
rthumb 11.5508 -31.1591 -0.273702
264
root 7.42161 16.0323 -25.4015 9.44577 49.1665 1.12843
lfemur -32.5499 21.4448 -17.0621
ltibia 45.7211 -0 0
lfoot -16.9382 -10.7765 0.0285386
ltoes 53.2012 -0 0
rfemur -21.0851 -1.77949 6.76859
rtibia 57.4807 -0 0
rfoot 15.5505 -15.233 0.0772564
rtoes 4.26448 -0 0
lowerback 2.64906 -2.82683 -1.97653
upperback 0.199577 -3.77077 1.71635
thorax -1.00666 -1.85039 2.98852
lowerneck -9.1945 -7.96028 -1.9303
upperneck 1.66126 -10.4881 2.45938
head 2.38931 -5.16993 0.610346
lclavicle -5.29467e-15 -3.15653e-15 -1.12307e-30
lhumerus -50.2892 -35.2671 116.172
lradius 61.0907 -0 0
lwrist 20.0969 0 0
lhand 7.88192 12.3115 -0.0109162
lfingers 7.12502 -0 0
lthumb 33.1109 39.2554 -0.0220815
rclavicle -5.29467e-15 -3.15653e-15 -1.12307e-30
rhumerus -41.367 6.73795 -66.6995
rradius 49.4289 -0 0
rwrist 37.0666 0 0
rhand -14.0005 -1.63181 -0.417317
rfingers 7.12502 -0 0
rthumb 12.1152 -31.069 -0.319523
265
root 7.45958 16.0182 -25.3694 9.46585 49.4291 1.43817
lfemur -32.1939 21.3761 -17.0885
ltibia 45.8961 -0 0
lfoot -16.9183 -11.2186 0.0330121
ltoes 53.4552 -0 0
rfemur -21.7031 -2.45388 7.40121
rtibia 57.5091 -0 0
rfoot 15.6457 -14.3775 0.0826635
rtoes 3.9976 -0 0
lowerback 2.81747 -2.85228 -2.13863
upperback 0.312071 -3.81067 1.57885
thorax -0.978816 -1.86935 2.94372
lowerneck -9.11973 -8.0104 -1.95147
upperneck 1.58152 -10.5609 2.65316
head 2.36761 -5.20217 0.677334
lclavicle -5.53622e-15 -3.52524e-15 -1.22807e-30
lhumerus -50.1248 -35.4147 115.773
lradius 61.0434 -0 0
lwrist 20.146 0 0
lhand 8.00782 12.2852 -0.0119104
lfingers 7.12502 -0 0
lthumb 33.2303 39.201 -0.0239937
rclavicle -5.53622e-15 -3.52524e-15 -1.22807e-30
rhumerus -41.3148 8.36488 -66.8824
rradius 50.1393 -0 0
rwrist 36.3786 0 0
rhand -13.3943 -1.58621 -0.475271
rfingers 7.12502 -0 0
rthumb 12.6984 -30.9759 -0.36816
266
root 7.49859 16.0037 -25.3364 9.48877 49.6987 1.75814
lfemur -31.8286 21.3059 -17.116
ltibia 46.0766 -0 0
lfoot -16.8979 -11.6728 0.0377803
ltoes 53.7159 -0 0
rfemur -22.3457 -3.14042 8.06029
rtibia 57.5364 -0 0
rfoot 15.7396 -13.5011 0.087444
rtoes 3.7311 -0 0
lowerback 2.99055 -2.87806 -2.30521
upperback 0.427796 -3.85154 1.43741
thorax -0.950123 -1.88889 2.89755
lowerneck -9.04291 -8.06169 -1.97326
upperneck 1.4993 -10.6351 2.85262
head 2.34529 -5.23514 0.746245
lclavicle -5.81022e-15 -3.90095e-15 -1.33185e-30
lhumerus -49.9544 -35.5653 115.361
lradius 60.9948 -0 0
lwrist 20.1963 0 0
lhand 8.13704 12.2583 -0.0128769
lfingers 7.12502 -0 0
lthumb 33.3528 39.1451 -0.025846
rclavicle -5.81022e-15 -3.90095e-15 -1.33185e-30
rhumerus -41.2669 10.038 -67.0698
rradius 50.8711 -0 0
rwrist 35.6706 0 0
rhand -12.7703 -1.5399 -0.535639
rfingers 7.12502 -0 0
rthumb 13.2988 -30.8806 -0.419413
267
root 7.53855 15.9888 -25.3026 9.51472 49.9747 2.08788
lfemur -31.4546 21.2345 -17.1445
ltibia 46.2619 -0 0
lfoot -16.8773 -12.1379 0.0428292
ltoes 53.9822 -0 0
rfemur -23.0125 -3.83678 8.74492
rtibia 57.5625 -0 0
rfoot 15.8321 -12.6057 0.0915361
rtoes 3.46551 -0 0
lowerback 3.16791 -2.90403 -2.47583
upperback 0.546535 -3.89322 1.29232
thorax -0.920632 -1.90894 2.85009
lowerneck -8.96416 -8.11406 -1.99558
upperneck 1.41469 -10.7108 3.05735
head 2.32236 -5.2688 0.816929
lclavicle -6.11571e-15 -4.28276e-15 -1.43378e-30
lhumerus -49.7781 -35.7186 114.937
lradius 60.9451 -0 0
lwrist 20.2477 0 0
lhand 8.26934 12.2308 -0.013808
lfingers 7.12502 -0 0
lthumb 33.4783 39.0879 -0.0276252
rclavicle -6.11571e-15 -4.28276e-15 -1.43378e-30
rhumerus -41.2234 11.7533 -67.2613
rradius 51.6229 -0 0
rwrist 34.9438 0 0
rhand -12.1304 -1.49352 -0.598129
rfingers 7.12502 -0 0
rthumb 13.9145 -30.784 -0.473063
268
root 7.57939 15.9735 -25.2681 9.54387 50.2562 2.42694
lfemur -31.0725 21.162 -17.1738
ltibia 46.4518 -0 0
lfoot -16.8565 -12.6127 0.0481421
ltoes 54.2532 -0 0
rfemur -23.703 -4.54066 9.45417
rtibia 57.5875 -0 0
rfoot 15.923 -11.6933 0.0948886
rtoes 3.20137 -0 0
lowerback 3.34922 -2.93008 -2.6502
upperback 0.668069 -3.93557 1.14386
thorax -0.890396 -1.92944 2.80143
lowerneck -8.88358 -8.16746 -2.01834
upperneck 1.32779 -10.7876 3.26693
head 2.29883 -5.30312 0.889238
lclavicle -6.45177e-15 -4.66977e-15 -1.53323e-30
lhumerus -49.5963 -35.8743 114.503
lradius 60.8942 -0 0
lwrist 20.3001 0 0
lhand 8.40453 12.2028 -0.0146967
lfingers 7.12502 -0 0
lthumb 33.6065 39.0296 -0.0293185
rclavicle -6.45177e-15 -4.66977e-15 -1.53323e-30
rhumerus -41.1845 13.5072 -67.4567
rradius 52.3931 -0 0
rwrist 34.1994 0 0
rhand -11.4763 -1.44772 -0.662432
rfingers 7.12502 -0 0
rthumb 14.5438 -30.6866 -0.528869
269
root 7.62102 15.9579 -25.2328 9.57639 50.5427 2.77485
lfemur -30.683 21.0885 -17.204
ltibia 46.6456 -0 0
lfoot -16.8356 -13.096 0.053699
ltoes 54.528 -0 0
rfemur -24.4169 -5.24978 10.1871
rtibia 57.6113 -0 0
rfoot 16.0123 -10.7657 0.0974605
rtoes 2.9392 -0 0
lowerback 3.53415 -2.95609 -2.82794
upperback 0.792176 -3.97845 0.992324
thorax -0.859471 -1.95032 2.75166
lowerneck -8.80129 -8.22181 -2.04146
upperneck 1.23869 -10.8656 3.48096
head 2.27473 -5.33805 0.963023
lclavicle -6.81746e-15 -5.06111e-15 -1.62961e-30
lhumerus -49.4093 -36.0322 114.058
lradius 60.8425 -0 0
lwrist 20.3532 0 0
lhand 8.54237 12.1743 -0.0155364
lfingers 7.12502 -0 0
lthumb 33.7372 38.9703 -0.0309146
rclavicle -6.81746e-15 -5.06111e-15 -1.62961e-30
rhumerus -41.15 15.2956 -67.6558
rradius 53.1803 -0 0
rwrist 33.4385 0 0
rhand -10.8099 -1.40313 -0.72822
rfingers 7.12502 -0 0
rthumb 15.1848 -30.5893 -0.58657
270
root 7.66339 15.942 -25.1968 9.61242 50.8333 3.13113
lfemur -30.2866 21.0143 -17.2349
ltibia 46.8429 -0 0
lfoot -16.815 -13.5867 0.0594771
ltoes 54.8057 -0 0
rfemur -25.1536 -5.96188 10.9425
rtibia 57.6341 -0 0
rfoot 16.0998 -9.82467 0.0992213
rtoes 2.67954 -0 0
lowerback 3.72234 -2.98195 -3.0087
upperback 0.918666 -4.02172 0.837959
thorax -0.82791 -1.97153 2.70087
lowerneck -8.7174 -8.27705 -2.06485
upperneck 1.14746 -10.9446 3.69903
head 2.25005 -5.37355 1.03813
lclavicle -7.21183e-15 -5.45587e-15 -1.72231e-30
lhumerus -49.2173 -36.1922 113.605
lradius 60.7898 -0 0
lwrist 20.407 0 0
lhand 8.68264 12.1455 -0.0163209
lfingers 7.12502 -0 0
lthumb 33.8702 38.91 -0.0324025
rclavicle -7.21183e-15 -5.45587e-15 -1.72231e-30
rhumerus -41.1201 17.1148 -67.8585
rradius 53.9831 -0 0
rwrist 32.6623 0 0
rhand -10.1331 -1.36036 -0.795151
rfingers 7.12502 -0 0
rthumb 15.8359 -30.4927 -0.645886
271
root 7.7064 15.9259 -25.1602 9.65209 51.1274 3.49531
lfemur -29.8841 20.9395 -17.2665
ltibia 47.0431 -0 0
lfoot -16.7945 -14.0835 0.0654502
ltoes 55.0853 -0 0
rfemur -25.9124 -6.67476 11.7195
rtibia 57.6557 -0 0
rfoot 16.1856 -8.87219 0.100151
rtoes 2.42294 -0 0
lowerback 3.91345 -3.00754 -3.19214
upperback 1.04725 -4.06522 0.681132
thorax -0.795767 -1.99299 2.64915
lowerneck -8.63204 -8.33311 -2.08842
upperneck 1.05423 -11.0245 3.92069
head 2.22482 -5.40959 1.11442
lclavicle -7.63394e-15 -5.85316e-15 -1.81077e-30
lhumerus -49.0207 -36.3541 113.143
lradius 60.7364 -0 0
lwrist 20.4612 0 0
lhand 8.82513 12.1164 -0.0170445
lfingers 7.12502 -0 0
lthumb 34.0053 38.8489 -0.033772
rclavicle -7.63394e-15 -5.85316e-15 -1.81077e-30
rhumerus -41.0946 18.9609 -68.0646
rradius 54.8 -0 0
rwrist 31.872 0 0
rhand -9.44756 -1.32002 -0.862861
rfingers 7.12502 -0 0
rthumb 16.4951 -30.3976 -0.70651
272
root 7.74997 15.9095 -25.1229 9.69552 51.4242 3.86688
lfemur -29.4759 20.8642 -17.2987
ltibia 47.2459 -0 0
lfoot -16.7745 -14.5852 0.071589
ltoes 55.366 -0 0
rfemur -26.6928 -7.38624 12.5168
rtibia 57.6762 -0 0
rfoot 16.2694 -7.91008 0.100238
rtoes 2.16989 -0 0
lowerback 4.10713 -3.03277 -3.37789
upperback 1.17775 -4.10881 0.522096
thorax -0.763098 -2.01466 2.59658
lowerneck -8.5453 -8.38993 -2.11208
upperneck 0.959087 -11.1052 4.14555
head 2.19906 -5.44612 1.19174
lclavicle -8.08287e-15 -6.25208e-15 -1.89443e-30
lhumerus -48.8198 -36.5175 112.674
lradius 60.6823 -0 0
lwrist 20.5158 0 0
lhand 8.96961 12.087 -0.017702
lfingers 7.12502 -0 0
lthumb 34.1423 38.7872 -0.035014
rclavicle -8.08287e-15 -6.25208e-15 -1.89443e-30
rhumerus -41.0735 20.83 -68.274
rradius 55.6294 -0 0
rwrist 31.0688 0 0
rhand -8.75527 -1.28271 -0.930973
rfingers 7.12502 -0 0
rthumb 17.1609 -30.3047 -0.768116
273
root 7.79404 15.893 -25.0852 9.74278 51.7232 4.24533
lfemur -29.0627 20.7887 -17.3315
ltibia 47.4506 -0 0
lfoot -16.755 -15.0906 0.0778608
ltoes 55.6467 -0 0
rfemur -27.4938 -8.0942 13.3333
rtibia 57.6957 -0 0
rfoot 16.3511 -6.94022 0.0994827
rtoes 1.92095 -0 0
lowerback 4.30302 -3.05754 -3.5656
upperback 1.30992 -4.15237 0.361142
thorax -0.729957 -2.03646 2.54324
lowerneck -8.45731 -8.44744 -2.13574
upperneck 0.862125 -11.1865 4.37317
head 2.17277 -5.4831 1.26993
lclavicle -8.55767e-15 -6.65176e-15 -1.97278e-30
lhumerus -48.6149 -36.6824 112.198
lradius 60.6276 -0 0
lwrist 20.5705 0 0
lhand 9.11585 12.0575 -0.018289
lfingers 7.12502 -0 0
lthumb 34.281 38.7248 -0.0361204
rclavicle -8.55767e-15 -6.65176e-15 -1.97278e-30
rhumerus -41.0566 22.7183 -68.4864
rradius 56.4701 -0 0
rwrist 30.2538 0 0
rhand -8.058 -1.24901 -0.999088
rfingers 7.12502 -0 0
rthumb 17.8313 -30.2147 -0.830356
274
root 7.83853 15.8763 -25.0469 9.79396 52.0234 4.63013
lfemur -28.6451 20.713 -17.3647
ltibia 47.6569 -0 0
lfoot -16.7361 -15.5985 0.0842296
ltoes 55.9265 -0 0
rfemur -28.3147 -8.79657 14.1675
rtibia 57.714 -0 0
rfoot 16.4307 -5.96445 0.097894
rtoes 1.67665 -0 0
lowerback 4.50078 -3.08173 -3.75491
upperback 1.44355 -4.19576 0.198564
thorax -0.696398 -2.05833 2.48924
lowerneck -8.36819 -8.50556 -2.15931
upperneck 0.763446 -11.2684 4.60316
head 2.14596 -5.52049 1.34886
lclavicle -9.05741e-15 -7.05129e-15 -2.04531e-30
lhumerus -48.4063 -36.8486 111.717
lradius 60.5724 -0 0
lwrist 20.6252 0 0
lhand 9.26365 12.0279 -0.0188013
lfingers 7.12502 -0 0
lthumb 34.4212 38.6621 -0.0370839
rclavicle -9.05741e-15 -7.05129e-15 -2.04531e-30
rhumerus -41.044 24.622 -68.7018
rradius 57.3204 -0 0
rwrist 29.4283 0 0
rhand -7.35759 -1.21948 -1.06679
rfingers 7.12502 -0 0
rthumb 18.5047 -30.1282 -0.892857
275
root 7.88335 15.8594 -25.0081 9.8491 52.3243 5.02072
lfemur -28.2237 20.6374 -17.3983
ltibia 47.8642 -0 0
lfoot -16.7181 -16.1077 0.0906565
ltoes 56.2045 -0 0
rfemur -29.1546 -9.49135 15.0181
rtibia 57.7313 -0 0
rfoot 16.508 -4.98466 0.0954904
rtoes 1.43751 -0 0
lowerback 4.70006 -3.10528 -3.94545
upperback 1.5784 -4.23884 0.0346538
thorax -0.662478 -2.08022 2.43464
lowerneck -8.27804 -8.56425 -2.1827
upperneck 0.663153 -11.3508 4.83509
head 2.11867 -5.55827 1.42836
lclavicle -9.58114e-15 -7.44978e-15 -2.11154e-30
lhumerus -48.1945 -37.0159 111.231
lradius 60.5169 -0 0
lwrist 20.6797 0 0
lhand 9.41278 11.9983 -0.0192356
lfingers 7.12502 -0 0
lthumb 34.5626 38.599 -0.0378984
rclavicle -9.58114e-15 -7.44978e-15 -2.11154e-30
rhumerus -41.0353 26.5372 -68.9199
rradius 58.179 -0 0
rwrist 28.5933 0 0
rhand -6.65587 -1.19469 -1.13366
rfingers 7.12502 -0 0
rthumb 19.1793 -30.046 -0.955227
276
root 7.92844 15.8425 -24.9689 9.90822 52.6252 5.41654
lfemur -27.7992 20.5619 -17.4321
ltibia 48.0721 -0 0
lfoot -16.7009 -16.6171 0.0970991
ltoes 56.4798 -0 0
rfemur -30.0123 -10.1766 15.8837
rtibia 57.7476 -0 0
rfoot 16.583 -4.00269 0.0922991
rtoes 1.20408 -0 0
lowerback 4.9005 -3.12807 -4.13688
upperback 1.71426 -4.28149 -0.130302
thorax -0.628251 -2.10206 2.37956
lowerneck -8.18698 -8.62342 -2.20581
upperneck 0.561354 -11.4335 5.06854
head 2.09089 -5.59637 1.50829
lclavicle -1.01279e-14 -7.84634e-15 -2.17105e-30
lhumerus -47.9797 -37.1841 110.742
lradius 60.4611 -0 0
lwrist 20.7339 0 0
lhand 9.56301 11.9688 -0.019589
lfingers 7.12502 -0 0
lthumb 34.7051 38.5357 -0.0385585
rclavicle -1.01279e-14 -7.84634e-15 -2.17105e-30
rhumerus -41.0303 28.4601 -69.1406
rradius 59.0443 -0 0
rwrist 27.7501 0 0
rhand -5.95466 -1.17516 -1.19924
rfingers 7.12502 -0 0
rthumb 19.8532 -29.9686 -1.01705
277
root 7.97371 15.8255 -24.9294 9.97131 52.9253 5.81699
lfemur -27.3721 20.4868 -17.4661
ltibia 48.2799 -0 0
lfoot -16.6848 -17.1253 0.103512
ltoes 56.7515 -0 0
rfemur -30.8866 -10.8505 16.7625
rtibia 57.7628 -0 0
rfoot 16.6555 -3.02041 0.0883564
rtoes 0.976877 -0 0
lowerback 5.10174 -3.15005 -4.32882
upperback 1.85088 -4.32357 -0.295987
thorax -0.593773 -2.12379 2.32406
lowerneck -8.09512 -8.68302 -2.22857
upperneck 0.458154 -11.5164 5.30309
head 2.06266 -5.63478 1.5885
lclavicle -1.06968e-14 -8.24008e-15 -2.22343e-30
lhumerus -47.7624 -37.3531 110.249
lradius 60.405 -0 0
lwrist 20.7877 0 0
lhand 9.71414 11.9393 -0.0198592
lfingers 7.12502 -0 0
lthumb 34.8484 38.4723 -0.0390603
rclavicle -1.06968e-14 -8.24008e-15 -2.22343e-30
rhumerus -41.0289 30.3867 -69.3636
rradius 59.9149 -0 0
rwrist 26.8998 0 0
rhand -5.25579 -1.16143 -1.26307
rfingers 7.12502 -0 0
rthumb 20.5248 -29.8967 -1.0779
278
root 8.01909 15.8085 -24.8895 10.0383 53.2238 6.22146
lfemur -26.943 20.4122 -17.5001
ltibia 48.4874 -0 0
lfoot -16.6699 -17.6313 0.109847
ltoes 57.0186 -0 0
rfemur -31.7764 -11.5112 17.653
rtibia 57.7769 -0 0
rfoot 16.7254 -2.0397 0.0837068
rtoes 0.75644 -0 0
lowerback 5.30344 -3.17111 -4.52092
upperback 1.98803 -4.36497 -0.462115
thorax -0.559099 -2.14535 2.26824
lowerneck -8.00259 -8.74298 -2.25087
upperneck 0.353664 -11.5995 5.53831
head 2.03397 -5.67344 1.66884
lclavicle -1.12869e-14 -8.6301e-15 -2.26829e-30
lhumerus -47.543 -37.5228 109.755
lradius 60.3489 -0 0
lwrist 20.8408 0 0
lhand 9.86592 11.9101 -0.0200446
lfingers 7.12502 -0 0
lthumb 34.9923 38.4089 -0.0394006
rclavicle -1.12869e-14 -8.6301e-15 -2.26829e-30
rhumerus -41.0306 32.3134 -69.5886
rradius 60.7894 -0 0
rwrist 26.0436 0 0
rhand -4.56108 -1.15401 -1.32468
rfingers 7.12502 -0 0
rthumb 21.1924 -29.831 -1.13731
279
root 8.0645 15.7914 -24.8493 10.1092 53.5202 6.6293
lfemur -26.5126 20.3382 -17.5342
ltibia 48.6939 -0 0
lfoot -16.6564 -18.1338 0.116053
ltoes 57.2802 -0 0
rfemur -32.6802 -12.1572 18.5532
rtibia 57.7901 -0 0
rfoot 16.7926 -1.0624 0.0784024
rtoes 0.543299 -0 0
lowerback 5.50524 -3.19121 -4.71281
upperback 2.12549 -4.40556 -0.62839
thorax -0.524286 -2.16668 2.21219
lowerneck -7.9095 -8.80323 -2.27263
upperneck 0.247996 -11.6826 5.77379
head 2.00486 -5.71233 1.74917
lclavicle -1.18972e-14 -9.01552e-15 -2.3053e-30
lhumerus -47.3217 -37.693 109.26
lradius 60.2928 -0 0
lwrist 20.8931 0 0
lhand 10.0182 11.8811 -0.0201441
lfingers 7.12502 -0 0
lthumb 35.1367 38.3457 -0.0395774
rclavicle -1.18972e-14 -9.01552e-15 -2.3053e-30
rhumerus -41.0351 34.2362 -69.8153
rradius 61.6662 -0 0
rwrist 25.1827 0 0
rhand -3.87235 -1.15339 -1.38359
rfingers 7.12502 -0 0
rthumb 21.8541 -29.772 -1.19482
280
root 8.10986 15.7744 -24.8089 10.1839 53.8137 7.03985
lfemur -26.0814 20.265 -17.5681
ltibia 48.899 -0 0
lfoot -16.6442 -18.6316 0.122076
ltoes 57.5353 -0 0
rfemur -33.5965 -12.7867 19.4614
rtibia 57.8022 -0 0
rfoot 16.857 -0.0903816 0.072503
rtoes 0.337986 -0 0
lowerback 5.70678 -3.21026 -4.90413
upperback 2.26301 -4.44523 -0.794512
thorax -0.489389 -2.18772 2.15599
lowerneck -7.81597 -8.86372 -2.29374
upperneck 0.141264 -11.7657 6.00911
head 1.97533 -5.75139 1.82932
lclavicle -1.25269e-14 -9.39543e-15 -2.33415e-30
lhumerus -47.0992 -37.8637 108.765
lradius 60.2369 -0 0
lwrist 20.9444 0 0
lhand 10.1706 11.8524 -0.0201572
lfingers 7.12502 -0 0
lthumb 35.2812 38.2827 -0.0395896
rclavicle -1.25269e-14 -9.39543e-15 -2.33415e-30
rhumerus -41.0419 36.1513 -70.0434
rradius 62.544 -0 0
rwrist 24.3183 0 0
rhand -3.19144 -1.16007 -1.43929
rfingers 7.12502 -0 0
rthumb 22.5081 -29.7204 -1.24994
281
root 8.1551 15.7574 -24.7682 10.2622 54.1037 7.4524
lfemur -25.65 20.1928 -17.6017
ltibia 49.1022 -0 0
lfoot -16.6336 -19.1235 0.12786
ltoes 57.7831 -0 0
rfemur -34.5237 -13.3984 20.3754
rtibia 57.8132 -0 0
rfoot 16.9185 0.874489 0.0660753
rtoes 0.141026 -0 0
lowerback 5.9077 -3.2282 -5.09452
upperback 2.40037 -4.48386 -0.960184
thorax -0.454464 -2.2084 2.09974
lowerneck -7.7221 -8.92438 -2.31413
upperneck 0.0335836 -11.8486 6.24382
head 1.94541 -5.7906 1.90915
lclavicle -1.31749e-14 -9.76895e-15 -2.35459e-30
lhumerus -46.8757 -38.0347 108.27
lradius 60.1811 -0 0
lwrist 20.9947 0 0
lhand 10.3231 11.8241 -0.0200842
lfingers 7.12502 -0 0
lthumb 35.4258 38.2201 -0.0394373
rclavicle -1.31749e-14 -9.76895e-15 -2.35459e-30
rhumerus -41.0504 38.055 -70.2722
rradius 63.4212 -0 0
rwrist 23.4515 0 0
rhand -2.52016 -1.1745 -1.49129
rfingers 7.12502 -0 0
rthumb 23.1529 -29.6768 -1.30217
282
root 8.20013 15.7406 -24.7275 10.344 54.3893 7.86622
lfemur -25.2191 20.1216 -17.6349
ltibia 49.303 -0 0
lfoot -16.6248 -19.6083 0.133347
ltoes 58.0226 -0 0
rfemur -35.46 -13.9909 21.2931
rtibia 57.8233 -0 0
rfoot 16.977 1.83035 0.0591922
rtoes -0.0470377 0 0
lowerback 6.10765 -3.24498 -5.2836
upperback 2.53733 -4.52133 -1.1251
thorax -0.419569 -2.22868 2.04352
lowerneck -7.62803 -8.98514 -2.33368
upperneck -0.0749259 -11.9313 6.47752
head 1.9151 -5.82992 1.98852
lclavicle -1.38403e-14 -1.01352e-14 -2.36637e-30
lhumerus -46.6517 -38.206 107.778
lradius 60.1256 -0 0
lwrist 21.0436 0 0
lhand 10.4753 11.7963 -0.0199256
lfingers 7.12502 -0 0
lthumb 35.5702 38.1581 -0.0391218
rclavicle -1.38403e-14 -1.01352e-14 -2.36637e-30
rhumerus -41.0598 39.9433 -70.5013
rradius 64.2964 -0 0
rwrist 22.5835 0 0
rhand -1.86035 -1.19715 -1.53907
rfingers 7.12502 -0 0
rthumb 23.7865 -29.6417 -1.35099
283
root 8.24489 15.7238 -24.6866 10.429 54.6699 8.28056
lfemur -24.7892 20.0516 -17.6677
ltibia 49.501 -0 0
lfoot -16.6177 -20.0848 0.138476
ltoes 58.2528 -0 0
rfemur -36.4036 -14.5629 22.2122
rtibia 57.8324 -0 0
rfoot 17.0325 2.77534 0.0519323
rtoes -0.225676 0 0
lowerback 6.30626 -3.26054 -5.47102
upperback 2.67366 -4.55754 -1.28896
thorax -0.38476 -2.24848 1.98742
lowerneck -7.53386 -9.04594 -2.35232
upperneck -0.184144 -12.0136 6.70976
head 1.88444 -5.8693 2.06726
lclavicle -1.45222e-14 -1.04932e-14 -2.36932e-30
lhumerus -46.4276 -38.3774 107.288
lradius 60.0705 -0 0
lwrist 21.0912 0 0
lhand 10.6271 11.769 -0.0196828
lfingers 7.12502 -0 0
lthumb 35.7141 38.0966 -0.0386452
rclavicle -1.45222e-14 -1.04932e-14 -2.36932e-30
rhumerus -41.0695 41.8124 -70.7299
rradius 65.1681 -0 0
rwrist 21.7155 0 0
rhand -1.21383 -1.22846 -1.58211
rfingers 7.12502 -0 0
rthumb 24.4072 -29.6156 -1.39587
284
root 8.2893 15.7073 -24.6457 10.5171 54.9449 8.6946
lfemur -24.361 19.9829 -17.6999
ltibia 49.6955 -0 0
lfoot -16.6126 -20.5518 0.143186
ltoes 58.4729 -0 0
rfemur -37.3525 -15.1133 23.1304
rtibia 57.8406 -0 0
rfoot 17.0847 3.7076 0.0443797
rtoes -0.394357 0 0
lowerback 6.50319 -3.27483 -5.6564
upperback 2.8091 -4.59238 -1.45147
thorax -0.350093 -2.26775 1.93153
lowerneck -7.43972 -9.10673 -2.36994
upperneck -0.293949 -12.0956 6.94013
head 1.85343 -5.90871 2.14523
lclavicle -1.52197e-14 -1.08422e-14 -2.36329e-30
lhumerus -46.204 -38.5489 106.803
lradius 60.0159 -0 0
lwrist 21.1371 0 0
lhand 10.7783 11.7424 -0.0193577
lfingers 7.12502 -0 0
lthumb 35.8575 38.0359 -0.0380107
rclavicle -1.52197e-14 -1.08422e-14 -2.36329e-30
rhumerus -41.0783 43.6586 -70.9571
rradius 66.0349 -0 0
rwrist 20.8487 0 0
rhand -0.582427 -1.26887 -1.61989
rfingers 7.12502 -0 0
rthumb 25.0134 -29.5993 -1.43629
285
root 8.33327 15.6909 -24.6047 10.6079 55.2135 9.10752
lfemur -23.935 19.9158 -17.7313
ltibia 49.8862 -0 0
lfoot -16.6095 -21.0081 0.147413
ltoes 58.6819 -0 0
rfemur -38.3046 -15.6413 24.0453
rtibia 57.8477 -0 0
rfoot 17.1337 4.62526 0.0366226
rtoes -0.55255 0 0
lowerback 6.69806 -3.28782 -5.83939
upperback 2.94343 -4.62574 -1.61231
thorax -0.315625 -2.28643 1.87595
lowerneck -7.34572 -9.16744 -2.38645
upperneck -0.404214 -12.177 7.1682
head 1.8221 -5.94812 2.22229
lclavicle -1.59318e-14 -1.11812e-14 -2.34816e-30
lhumerus -45.9812 -38.7205 106.322
lradius 59.9619 -0 0
lwrist 21.1813 0 0
lhand 10.9285 11.7164 -0.0189527
lfingers 7.12502 -0 0
lthumb 35.9999 37.9761 -0.0372226
rclavicle -1.59318e-14 -1.11812e-14 -2.34816e-30
rhumerus -41.0851 45.4781 -71.1818
rradius 66.8953 -0 0
rwrist 19.9842 0 0
rhand 0.0320158 -1.31881 -1.65189
rfingers 7.12502 -0 0
rthumb 25.6032 -29.5931 -1.4717
286
root 8.37673 15.6747 -24.5638 10.7012 55.475 9.51845
lfemur -23.5119 19.8502 -17.7618
ltibia 50.0726 -0 0
lfoot -16.6086 -21.4525 0.151092
ltoes 58.8789 -0 0
rfemur -39.2578 -16.1458 24.9541
rtibia 57.8539 -0 0
rfoot 17.1792 5.52647 0.0287534
rtoes -0.699722 0 0
lowerback 6.89053 -3.29945 -6.0196
upperback 3.0764 -4.65752 -1.77119
thorax -0.281415 -2.30446 1.82075
lowerneck -7.25199 -9.228 -2.40176
upperneck -0.514814 -12.2579 7.39352
head 1.79046 -5.98749 2.29827
lclavicle -1.66575e-14 -1.15094e-14 -2.32387e-30
lhumerus -45.7598 -38.8921 105.848
lradius 59.9086 -0 0
lwrist 21.2236 0 0
lhand 11.0777 11.6911 -0.0184708
lfingers 7.12502 -0 0
lthumb 36.1414 37.9172 -0.036286
rclavicle -1.66575e-14 -1.15094e-14 -2.32387e-30
rhumerus -41.0884 47.267 -71.4028
rradius 67.7479 -0 0
rwrist 19.1232 0 0
rhand 0.627666 -1.3787 -1.67759
rfingers 7.12502 -0 0
rthumb 26.1748 -29.5977 -1.50156
287
root 8.41961 15.6588 -24.523 10.7964 55.7288 9.92649
lfemur -23.0921 19.7864 -17.7914
ltibia 50.2541 -0 0
lfoot -16.61 -21.8839 0.15416
ltoes 59.0629 -0 0
rfemur -40.2097 -16.6263 25.8542
rtibia 57.8591 -0 0
rfoot 17.2213 6.40935 0.0208674
rtoes -0.835342 0 0
lowerback 7.08022 -3.30971 -6.19669
upperback 3.2078 -4.68763 -1.92782
thorax -0.247518 -2.32178 1.76603
lowerneck -7.15863 -9.28837 -2.41576
upperneck -0.62562 -12.3381 7.61568
head 1.75853 -6.02677 2.37303
lclavicle -1.7396e-14 -1.18258e-14 -2.2904e-30
lhumerus -45.5403 -39.0637 105.38
lradius 59.8561 -0 0
lwrist 21.2638 0 0
lhand 11.2255 11.6667 -0.0179154
lfingers 7.12502 -0 0
lthumb 36.2816 37.8595 -0.0352073
rclavicle -1.7396e-14 -1.18258e-14 -2.2904e-30
rhumerus -41.0867 49.0215 -71.6185
rradius 68.5911 -0 0
rwrist 18.2669 0 0
rhand 1.20268 -1.44896 -1.69647
rfingers 7.12502 -0 0
rthumb 26.7266 -29.6135 -1.52531
288
root 8.46183 15.6432 -24.4822 10.8934 55.9743 10.3307
lfemur -22.6765 19.7245 -17.8198
ltibia 50.4303 -0 0
lfoot -16.6139 -22.3009 0.156549
ltoes 59.2331 -0 0
rfemur -41.1581 -17.082 26.7429
rtibia 57.8634 -0 0
rfoot 17.2599 7.27205 0.0130623
rtoes -0.958878 0 0
lowerback 7.26681 -3.31854 -6.37028
upperback 3.33734 -4.71595 -2.08185
thorax -0.213993 -2.33833 1.71187
lowerneck -7.06577 -9.34846 -2.42836
upperneck -0.7365 -12.4176 7.83424
head 1.72634 -6.06594 2.44641
lclavicle -1.81463e-14 -1.21296e-14 -2.24775e-30
lhumerus -45.3231 -39.2352 104.92
lradius 59.8045 -0 0
lwrist 21.3018 0 0
lhand 11.3718 11.6432 -0.0172905
lfingers 7.12502 -0 0
lthumb 36.4203 37.8029 -0.0339936
rclavicle -1.81463e-14 -1.21296e-14 -2.24775e-30
rhumerus -41.0779 50.7379 -71.827
rradius 69.4235 -0 0
rwrist 17.4164 0 0
rhand 1.75522 -1.52998 -1.70802
rfingers 7.12502 -0 0
rthumb 27.2568 -29.6411 -1.54242
289
root 8.5033 15.6278 -24.4417 10.9916 56.2106 10.7301
lfemur -22.2654 19.6646 -17.8469
ltibia 50.6006 -0 0
lfoot -16.6203 -22.7025 0.158196
ltoes 59.3884 -0 0
rfemur -42.1003 -17.5127 27.6172
rtibia 57.8667 -0 0
rfoot 17.2948 8.11271 0.00543763
rtoes -1.0698 0 0
lowerback 7.44989 -3.32594 -6.53999
upperback 3.46479 -4.74241 -2.233
thorax -0.180897 -2.35406 1.65837
lowerneck -6.97353 -9.40823 -2.43947
upperneck -0.847339 -12.4962 8.04878
head 1.6939 -6.10495 2.51828
lclavicle -1.89075e-14 -1.24198e-14 -2.19599e-30
lhumerus -45.1089 -39.4067 104.47
lradius 59.7538 -0 0
lwrist 21.3375 0 0
lhand 11.5164 11.6206 -0.0166005
lfingers 7.12502 -0 0
lthumb 36.5573 37.7477 -0.0326529
rclavicle -1.89075e-14 -1.24198e-14 -2.19599e-30
rhumerus -41.0597 52.4124 -72.0262
rradius 70.2437 -0 0
rwrist 16.573 0 0
rhand 2.28343 -1.62219 -1.71174
rfingers 7.12502 -0 0
rthumb 27.7635 -29.6811 -1.55234
290
root 8.54396 15.6129 -24.4013 11.0905 56.4372 11.1236
lfemur -21.8596 19.6068 -17.8726
ltibia 50.7647 -0 0
lfoot -16.6293 -23.0873 0.159035
ltoes 59.528 -0 0
rfemur -43.034 -17.918 28.4743
rtibia 57.8692 -0 0
rfoot 17.326 8.92946 -0.00190645
rtoes -1.16757 0 0
lowerback 7.62911 -3.33187 -6.70546
upperback 3.58992 -4.7669 -2.38096
thorax -0.148287 -2.3689 1.60562
lowerneck -6.88204 -9.46762 -2.44898
upperneck -0.95797 -12.574 8.25883
head 1.66123 -6.14378 2.58846
lclavicle -1.96785e-14 -1.26957e-14 -2.13521e-30
lhumerus -44.898 -39.5782 104.029
lradius 59.7043 -0 0
lwrist 21.3706 0 0
lhand 11.6589 11.599 -0.0158504
lfingers 7.12502 -0 0
lthumb 36.6925 37.694 -0.0311941
rclavicle -1.96785e-14 -1.26957e-14 -2.13521e-30
rhumerus -41.0294 54.0411 -72.2134
rradius 71.0502 -0 0
rwrist 15.7378 0 0
rhand 2.78545 -1.72599 -1.70713
rfingers 7.12502 -0 0
rthumb 28.2451 -29.7339 -1.55454
291
root 8.58373 15.5983 -24.3612 11.1897 56.6533 11.5103
lfemur -21.4596 19.5512 -17.8967
ltibia 50.9219 -0 0
lfoot -16.6412 -23.4543 0.159003
ltoes 59.6509 -0 0
rfemur -43.9564 -18.2977 29.3111
rtibia 57.8707 -0 0
rfoot 17.3533 9.72045 -0.00886959
rtoes -1.25167 0 0
lowerback 7.80413 -3.33632 -6.86633
upperback 3.71249 -4.78934 -2.52542
thorax -0.116223 -2.3828 1.55371
lowerneck -6.79139 -9.52657 -2.4568
upperneck -1.06827 -12.6509 8.46397
head 1.62835 -6.18238 2.65683
lclavicle -2.04586e-14 -1.29562e-14 -2.06555e-30
lhumerus -44.6911 -39.7497 103.6
lradius 59.6559 -0 0
lwrist 21.401 0 0
lhand 11.7992 11.5785 -0.0150454
lfingers 7.12502 -0 0
lthumb 36.8255 37.6418 -0.0296269
rclavicle -2.04586e-14 -1.29562e-14 -2.06555e-30
rhumerus -40.9839 55.6204 -72.3857
rradius 71.8415 -0 0
rwrist 14.9119 0 0
rhand 3.25942 -1.8418 -1.69372
rfingers 7.12502 -0 0
rthumb 28.6997 -29.8001 -1.5485
292
root 8.62252 15.5841 -24.3214 11.2886 56.8585 11.8891
lfemur -21.066 19.498 -17.9192
ltibia 51.0719 -0 0
lfoot -16.6559 -23.8022 0.158036
ltoes 59.7563 -0 0
rfemur -44.8651 -18.6517 30.1246
rtibia 57.8713 -0 0
rfoot 17.3768 10.4838 -0.0153522
rtoes -1.32155 0 0
lowerback 7.97457 -3.33927 -7.02222
upperback 3.83224 -4.80963 -2.66608
thorax -0.0847609 -2.3957 1.50271
lowerneck -6.70173 -9.585 -2.46283
upperneck -1.17811 -12.7268 8.66376
head 1.59529 -6.22072 2.72322
lclavicle -2.12467e-14 -1.32004e-14 -1.98719e-30
lhumerus -44.4887 -39.9212 103.182
lradius 59.6088 -0 0
lwrist 21.4285 0 0
lhand 11.9372 11.5592 -0.0141912
lfingers 7.12502 -0 0
lthumb 36.9563 37.5913 -0.027962
rclavicle -2.12467e-14 -1.32004e-14 -1.98719e-30
rhumerus -40.9194 57.1464 -72.5394
rradius 72.6161 -0 0
rwrist 14.0966 0 0
rhand 3.70347 -1.97002 -1.67105
rfingers 7.12502 -0 0
rthumb 29.1255 -29.8802 -1.53369
293
root 8.66027 15.5704 -24.282 11.3866 57.0518 12.2588
lfemur -20.6794 19.4473 -17.9397
ltibia 51.2141 -0 0
lfoot -16.6737 -24.1297 0.156076
ltoes 59.8431 -0 0
rfemur -45.7573 -18.9802 30.9117
rtibia 57.871 -0 0
rfoot 17.3963 11.2177 -0.0212564
rtoes -1.37669 0 0
lowerback 8.14008 -3.34071 -7.17276
upperback 3.94893 -4.8277 -2.80263
thorax -0.0539598 -2.40754 1.45274
lowerneck -6.61317 -9.64288 -2.46697
upperneck -1.28734 -12.8015 8.85777
head 1.56205 -6.25876 2.78748
lclavicle -2.20419e-14 -1.34276e-14 -1.90034e-30
lhumerus -44.2913 -40.0927 102.779
lradius 59.5631 -0 0
lwrist 21.453 0 0
lhand 12.0724 11.5411 -0.0132938
lfingers 7.12502 -0 0
lthumb 37.0845 37.5427 -0.0262104
rclavicle -2.20419e-14 -1.34276e-14 -1.90034e-30
rhumerus -40.8317 58.6153 -72.6705
rradius 73.3727 -0 0
rwrist 13.2931 0 0
rhand 4.11573 -2.1111 -1.63868
rfingers 7.12502 -0 0
rthumb 29.5209 -29.9748 -1.50963
294
root 8.69689 15.5571 -24.2429 11.4831 57.2328 12.6183
lfemur -20.3005 19.3992 -17.9583
ltibia 51.3481 -0 0
lfoot -16.6946 -24.4358 0.153065
ltoes 59.9104 -0 0
rfemur -46.6302 -19.2834 31.6692
rtibia 57.8698 -0 0
rfoot 17.4118 11.9202 -0.0264868
rtoes -1.41655 0 0
lowerback 8.3003 -3.34062 -7.31759
upperback 4.06233 -4.84345 -2.93475
thorax -0.0238777 -2.41826 1.40387
lowerneck -6.52583 -9.70013 -2.46912
upperneck -1.39582 -12.8752 9.04556
head 1.52868 -6.29647 2.84946
lclavicle -2.28433e-14 -1.36368e-14 -1.80527e-30
lhumerus -44.0996 -40.2643 102.389
lradius 59.5188 -0 0
lwrist 21.4744 0 0
lhand 12.2048 11.5243 -0.0123596
lfingers 7.12502 -0 0
lthumb 37.21 37.4959 -0.0243839
rclavicle -2.28433e-14 -1.36368e-14 -1.80527e-30
rhumerus -40.7161 60.0233 -72.7742
rradius 74.1096 -0 0
rwrist 12.5024 0 0
rhand 4.4943 -2.26545 -1.59619
rfingers 7.12502 -0 0
rthumb 29.8839 -30.0843 -1.47585
295
root 8.73231 15.5444 -24.2043 11.5776 57.4008 12.9664
lfemur -19.9297 19.3539 -17.9747
ltibia 51.4733 -0 0
lfoot -16.7188 -24.7191 0.148946
ltoes 59.9573 -0 0
rfemur -47.4813 -19.5614 32.394
rtibia 57.8678 -0 0
rfoot 17.4231 12.5895 -0.0309511
rtoes -1.44061 0 0
lowerback 8.45491 -3.339 -7.45639
upperback 4.17218 -4.85681 -3.06215
thorax 0.00542723 -2.42781 1.35619
lowerneck -6.43982 -9.7567 -2.46918
upperneck -1.50341 -12.9476 9.22669
head 1.49518 -6.33382 2.90901
lclavicle -2.36499e-14 -1.38271e-14 -1.70226e-30
lhumerus -43.9142 -40.436 102.015
lradius 59.4761 -0 0
lwrist 21.4924 0 0
lhand 12.3341 11.5089 -0.0113951
lfingers 7.12502 -0 0
lthumb 37.3326 37.4512 -0.0224951
rclavicle -2.36499e-14 -1.38271e-14 -1.70226e-30
rhumerus -40.5671 61.3666 -72.8453
rradius 74.8256 -0 0
rwrist 11.7258 0 0
rhand 4.83729 -2.43353 -1.54319
rfingers 7.12502 -0 0
rthumb 30.2127 -30.2093 -1.43188
296
root 8.76645 15.5322 -24.1661 11.6692 57.5552 13.3019
lfemur -19.5677 19.3113 -17.9887
ltibia 51.5893 -0 0
lfoot -16.7464 -24.9785 0.143669
ltoes 59.983 -0 0
rfemur -48.3078 -19.8148 33.083
rtibia 57.8648 -0 0
rfoot 17.4302 13.2237 -0.0345617
rtoes -1.44833 0 0
lowerback 8.60346 -3.33585 -7.58869
upperback 4.27824 -4.86769 -3.18451
thorax 0.0338966 -2.43612 1.3098
lowerneck -6.35528 -9.81253 -2.46704
upperneck -1.61 -13.0189 9.40076
head 1.46157 -6.37077 2.96598
lclavicle -2.44608e-14 -1.39976e-14 -1.59164e-30
lhumerus -43.7355 -40.608 101.658
lradius 59.4351 -0 0
lwrist 21.507 0 0
lhand 12.4601 11.4949 -0.0104071
lfingers 7.12502 -0 0
lthumb 37.4521 37.4087 -0.020557
rclavicle -2.44608e-14 -1.39976e-14 -1.59164e-30
rhumerus -40.3787 62.6413 -72.8779
rradius 75.5191 -0 0
rwrist 10.9645 0 0
rhand 5.14279 -2.61581 -1.47933
rfingers 7.12502 -0 0
rthumb 30.5056 -30.3505 -1.37733
297
root 8.79923 15.5205 -24.1285 11.7574 57.6952 13.6238
lfemur -19.2151 19.2717 -18.0003
ltibia 51.6955 -0 0
lfoot -16.7775 -25.2129 0.137187
ltoes 59.9863 -0 0
rfemur -49.107 -20.0439 33.733
rtibia 57.8611 -0 0
rfoot 17.433 13.821 -0.0372358
rtoes -1.43918 0 0
lowerback 8.74565 -3.33115 -7.71419
upperback 4.38026 -4.87602 -3.30153
thorax 0.0614722 -2.44315 1.26478
lowerneck -6.27232 -9.86756 -2.46262
upperneck -1.71538 -13.0888 9.56723
head 1.42788 -6.40728 3.02021
lclavicle -2.52751e-14 -1.41475e-14 -1.47379e-30
lhumerus -43.5644 -40.7802 101.318
lradius 59.3959 -0 0
lwrist 21.5179 0 0
lhand 12.5826 11.4824 -0.00940259
lfingers 7.12502 -0 0
lthumb 37.5682 37.3685 -0.018583
rclavicle -2.52751e-14 -1.41475e-14 -1.47379e-30
rhumerus -40.1443 63.8436 -72.8655
rradius 76.1886 -0 0
rwrist 10.2196 0 0
rhand 5.40889 -2.81278 -1.40427
rfingers 7.12502 -0 0
rthumb 30.7607 -30.5083 -1.31179
298
root 8.83059 15.5095 -24.0914 11.8415 57.8203 13.9307
lfemur -18.8724 19.2352 -18.0093
ltibia 51.7916 -0 0
lfoot -16.8122 -25.4209 0.129456
ltoes 59.9665 -0 0
rfemur -49.8762 -20.2494 34.3409
rtibia 57.8564 -0 0
rfoot 17.4315 14.3794 -0.0388971
rtoes -1.41262 0 0
lowerback 8.8811 -3.32491 -7.8325
upperback 4.47801 -4.8817 -3.41289
thorax 0.0880955 -2.44883 1.22122
lowerneck -6.19107 -9.92173 -2.45581
upperneck -1.81943 -13.1573 9.72572
head 1.39414 -6.44332 3.07156
lclavicle -2.60918e-14 -1.42757e-14 -1.3491e-30
lhumerus -43.4013 -40.9527 100.997
lradius 59.3585 -0 0
lwrist 21.5249 0 0
lhand 12.7013 11.4715 -0.00838865
lfingers 7.12502 -0 0
lthumb 37.6807 37.3306 -0.016587
rclavicle -2.60918e-14 -1.42757e-14 -1.3491e-30
rhumerus -39.8571 64.9694 -72.8012
rradius 76.8327 -0 0
rwrist 9.49234 0 0
rhand 5.63366 -3.02494 -1.31773
rfingers 7.12502 -0 0
rthumb 30.9762 -30.6835 -1.23491
299
root 8.86043 15.4991 -24.055 11.9207 57.9299 14.2214
lfemur -18.5403 19.2018 -18.0155
ltibia 51.8769 -0 0
lfoot -16.8507 -25.6015 0.120439
ltoes 59.9226 -0 0
rfemur -50.6127 -20.4317 34.9035
rtibia 57.851 -0 0
rfoot 17.4256 14.8972 -0.0394763
rtoes -1.36813 0 0
lowerback 9.00948 -3.31711 -7.94327
upperback 4.57124 -4.88468 -3.51829
thorax 0.113708 -2.45311 1.17922
lowerneck -6.11164 -9.97499 -2.4465
upperneck -1.92202 -13.2245 9.87577
head 1.36036 -6.47886 3.11988
lclavicle -2.69099e-14 -1.43816e-14 -1.218e-30
lhumerus -43.2469 -41.1256 100.697
lradius 59.323 -0 0
lwrist 21.5281 0 0
lhand 12.8161 11.4623 -0.00737246
lfingers 7.12502 -0 0
lthumb 37.7895 37.2953 -0.0145831
rclavicle -2.69099e-14 -1.43816e-14 -1.218e-30
rhumerus -39.5097 66.0147 -72.6778
rradius 77.4499 -0 0
rwrist 8.78382 0 0
rhand 5.81516 -3.25282 -1.21947
rfingers 7.12502 -0 0
rthumb 31.1502 -30.8766 -1.14638
300
root 8.88868 15.4894 -24.0192 11.9945 58.0233 14.4946
lfemur -18.2194 19.1718 -18.0187
ltibia 51.951 -0 0
lfoot -16.8931 -25.7532 0.110109
ltoes 59.8536 -0 0
rfemur -51.314 -20.5916 35.4178
rtibia 57.8447 -0 0
rfoot 17.4151 15.3725 -0.038912
rtoes -1.30517 0 0
lowerback 9.13041 -3.30777 -8.04613
upperback 4.6597 -4.88485 -3.61743
thorax 0.138252 -2.45593 1.13886
lowerneck -6.03415 -10.0273 -2.4346
upperneck -2.02298 -13.2901 10.017
head 1.32656 -6.51387 3.165
lclavicle -2.77286e-14 -1.4464e-14 -1.08097e-30
lhumerus -43.1018 -41.2989 100.417
lradius 59.2897 -0 0
lwrist 21.5271 0 0
lhand 12.9266 11.4547 -0.0063612
lfingers 7.12502 -0 0
lthumb 37.8942 37.2626 -0.0125858
rclavicle -2.77286e-14 -1.4464e-14 -1.08097e-30
rhumerus -39.095 66.9756 -72.4884
rradius 78.0388 -0 0
rwrist 8.09526 0 0
rhand 5.95142 -3.497 -1.10928
rfingers 7.12502 -0 0
rthumb 31.2808 -31.0883 -1.04595
301
root 8.91527 15.4803 -23.9841 12.0621 58.0998 14.7493
lfemur -17.9102 19.1451 -18.0188
ltibia 52.0135 -0 0
lfoot -16.9395 -25.8751 0.0984387
ltoes 59.7587 -0 0
rfemur -51.9774 -20.7295 35.8807
rtibia 57.8376 -0 0
rfoot 17.4 15.8034 -0.0371523
rtoes -1.22321 0 0
lowerback 9.24354 -3.29688 -8.14071
upperback 4.74316 -4.88216 -3.70999
thorax 0.161668 -2.45723 1.10024
lowerneck -5.95874 -10.0785 -2.42
upperneck -2.12217 -13.3543 10.1488
head 1.29277 -6.5483 3.20679
lclavicle -2.85469e-14 -1.45223e-14 -9.38487e-31
lhumerus -42.9668 -41.4728 100.16
lradius 59.2585 -0 0
lwrist 21.5218 0 0
lhand 13.0328 11.449 -0.00536202
lfingers 7.12502 -0 0
lthumb 37.9948 37.2327 -0.0106094
rclavicle -2.85469e-14 -1.45223e-14 -9.38487e-31
rhumerus -38.6061 67.8476 -72.226
rradius 78.5979 -0 0
rwrist 7.42782 0 0
rhand 6.04049 -3.75807 -0.987034
rfingers 7.12502 -0 0
rthumb 31.3661 -31.3192 -0.933401
302
root 8.94012 15.472 -23.9498 12.1229 58.1589 14.9843
lfemur -17.6133 19.122 -18.0157
ltibia 52.0638 -0 0
lfoot -16.99 -25.9659 0.0854125
ltoes 59.6369 -0 0
rfemur -52.6005 -20.8462 36.2893
rtibia 57.8296 -0 0
rfoot 17.3803 16.188 -0.0341552
rtoes -1.12172 0 0
lowerback 9.34851 -3.28443 -8.22666
upperback 4.82136 -4.87651 -3.79566
thorax 0.183899 -2.45696 1.06344
lowerneck -5.88552 -10.1287 -2.4026
upperneck -2.21945 -13.417 10.2709
head 1.25901 -6.58213 3.24508
lclavicle -2.93639e-14 -1.45553e-14 -7.91079e-31
lhumerus -42.8426 -41.6472 99.9264
lradius 59.2295 -0 0
lwrist 21.5121 0 0
lhand 13.1343 11.4451 -0.00438196
lfingers 7.12502 -0 0
lthumb 38.091 37.2056 -0.00866872
rclavicle -2.93639e-14 -1.45553e-14 -7.91079e-31
rhumerus -38.0373 68.6265 -71.8851
rradius 79.1257 -0 0
rwrist 6.78269 0 0
rhand 6.08038 -4.03666 -0.852632
rfingers 7.12502 -0 0
rthumb 31.4043 -31.5702 -0.808581
303
root 8.96315 15.4645 -23.9162 12.1762 58.1999 15.1981
lfemur -17.3294 19.1024 -18.0091
ltibia 52.1014 -0 0
lfoot -17.0449 -26.0243 0.0710222
ltoes 59.4872 -0 0
rfemur -53.1807 -20.9423 36.6405
rtibia 57.8209 -0 0
rfoot 17.3557 16.5245 -0.0298903
rtoes -1.00017 0 0
lowerback 9.44498 -3.27042 -8.3036
upperback 4.89408 -4.86784 -3.87415
thorax 0.204886 -2.45505 1.02855
lowerneck -5.8146 -10.1777 -2.3823
upperneck -2.31466 -13.478 10.3828
head 1.2253 -6.61532 3.27973
lclavicle -3.01786e-14 -1.45624e-14 -6.3929e-31
lhumerus -42.7297 -41.8223 99.7176
lradius 59.2029 -0 0
lwrist 21.4978 0 0
lhand 13.2309 11.4431 -0.00342791
lfingers 7.12502 -0 0
lthumb 38.1826 37.1816 -0.00677812
rclavicle -3.01786e-14 -1.45624e-14 -6.3929e-31
rhumerus -37.3843 69.308 -71.4614
rradius 79.6207 -0 0
rwrist 6.16103 0 0
rhand 6.06909 -4.33343 -0.706052
rfingers 7.12502 -0 0
rthumb 31.3933 -31.8419 -0.671404
304
root 8.98429 15.4578 -23.8835 12.2215 58.2222 15.3899
lfemur -17.0589 19.0866 -17.999
ltibia 52.1259 -0 0
lfoot -17.1041 -26.0492 0.0552689
ltoes 59.3088 -0 0
rfemur -53.7157 -21.0182 36.9316
rtibia 57.8114 -0 0
rfoot 17.3263 16.811 -0.0243384
rtoes -0.858026 0 0
lowerback 9.53259 -3.25484 -8.37118
upperback 4.96106 -4.85606 -3.94515
thorax 0.224572 -2.45146 0.995665
lowerneck -5.74613 -10.2255 -2.359
upperneck -2.40765 -13.5374 10.4841
head 1.19167 -6.64785 3.31058
lclavicle -3.099e-14 -1.45425e-14 -4.8369e-31
lhumerus -42.6289 -41.9982 99.5348
lradius 59.1787 -0 0
lwrist 21.4787 0 0
lhand 13.3225 11.4431 -0.00250651
lfingers 7.12502 -0 0
lthumb 38.2694 37.1606 -0.00495203
rclavicle -3.099e-14 -1.45425e-14 -4.8369e-31
rhumerus -36.645 69.8874 -70.9528
rradius 80.0816 -0 0
rwrist 5.56402 0 0
rhand 6.0046 -4.64911 -0.547337
rfingers 7.12502 -0 0
rthumb 31.3314 -32.1352 -0.521852
305
root 9.00346 15.4518 -23.8517 12.2581 58.2252 15.5585
lfemur -16.8026 19.0747 -17.9851
ltibia 52.1368 -0 0
lfoot -17.168 -26.0394 0.0381639
ltoes 59.1007 -0 0
rfemur -54.2032 -21.0746 37.1597
rtibia 57.8011 -0 0
rfoot 17.292 17.0457 -0.0174973
rtoes -0.69476 0 0
lowerback 9.61098 -3.23769 -8.42904
upperback 5.02208 -4.84109 -4.00835
thorax 0.242897 -2.44613 0.964872
lowerneck -5.6802 -10.272 -2.33258
upperneck -2.49827 -13.5952 10.5742
head 1.15814 -6.67967 3.33748
lclavicle -3.17974e-14 -1.44949e-14 -3.24867e-31
lhumerus -42.5409 -42.1748 99.3792
lradius 59.1571 -0 0
lwrist 21.4547 0 0
lhand 13.4088 11.4452 -0.00162414
lfingers 7.12502 -0 0
lthumb 38.3512 37.1429 -0.00320454
rclavicle -3.17974e-14 -1.44949e-14 -3.24867e-31
rhumerus -35.8202 70.3601 -70.3603
rradius 80.5069 -0 0
rwrist 4.99283 0 0
rhand 5.88488 -4.98444 -0.376608
rfingers 7.12502 -0 0
rthumb 31.2164 -32.4509 -0.359988
306
root 9.02057 15.4468 -23.8208 12.2855 58.2082 15.7027
lfemur -16.561 19.0668 -17.9674
ltibia 52.1335 -0 0
lfoot -17.2365 -25.9936 0.0197295
ltoes 58.862 -0 0
rfemur -54.6409 -21.1118 37.3221
rtibia 57.79 -0 0
rfoot 17.2526 17.2266 -0.00937545
rtoes -0.509856 0 0
lowerback 9.67981 -3.21896 -8.47681
upperback 5.07689 -4.82285 -4.06345
thorax 0.259805 -2.43899 0.936261
lowerneck -5.61696 -10.3172 -2.30296
upperneck -2.58637 -13.6512 10.6528
head 1.12473 -6.71076 3.36028
lclavicle -3.25996e-14 -1.44185e-14 -1.6343e-31
lhumerus -42.4665 -42.3522 99.252
lradius 59.1381 -0 0
lwrist 21.4257 0 0
lhand 13.4896 11.4494 -0.000786782
lfingers 7.12502 -0 0
lthumb 38.4277 37.1285 -0.00154944
rclavicle -3.25996e-14 -1.44185e-14 -1.6343e-31
rhumerus -34.9144 70.7215 -69.6882
rradius 80.895 -0 0
rwrist 4.44864 0 0
rhand 5.70786 -5.34022 -0.194065
rfingers 7.12502 -0 0
rthumb 31.0465 -32.7898 -0.185957
307
root 9.03556 15.4426 -23.7909 12.3034 58.1706 15.8217
lfemur -16.3346 19.0629 -17.9456
ltibia 52.1156 0 0
lfoot -17.3099 -25.9107 0
ltoes 58.5917 0 0
rfemur -55.0266 -21.1301 37.4161
rtibia 57.7782 0 0
rfoot 17.2081 17.352 0
rtoes -0.30275 0 0
lowerback 9.73871 -3.19862 -8.51413
upperback 5.12525 -4.80127 -4.11015
thorax 0.275237 -2.43 0.909921
lowerneck -5.55651 -10.361 -2.27002
upperneck -2.6718 -13.7054 10.7194
head 1.09146 -6.74108 3.37883
lclavicle -3.33958e-14 -1.43125e-14 0
lhumerus -42.4065 -42.5304 99.1545
lradius 59.1219 0 0
lwrist 21.3914 0 0
lhand 13.5646 11.4558 0
lfingers 7.12502 0 0
lthumb 38.4988 37.1176 0
rclavicle -3.33958e-14 -1.43125e-14 0
rhumerus -33.9357 70.9667 -68.9449
rradius 81.2445 0 0
rwrist 3.93263 0 0
rhand 5.47149 -5.7173 0
rfingers 7.12502 0 0
rthumb 30.8196 -753.153 0
308
root 9.06745 15.4352 -23.71 12.3028 57.9539 16.0291
lfemur -15.7637 19.073 -17.8604
ltibia 51.988 -0 0
lfoot -17.5504 -25.4833 -0.0632758
ltoes 57.6746 -0 0
rfemur -55.8564 -21.0905 37.329
rtibia 57.7356 -0 0
rfoot 17.0442 17.4142 0.0372263
rtoes 0.427106 -0 0
lowerback 9.85655 -3.13174 -8.56629
upperback 5.23072 -4.72148 -4.20041
thorax 0.311778 -2.39425 0.845781
lowerneck -5.39712 -10.4797 -2.15703
upperneck -2.90403 -13.8522 10.848
head 0.996243 -6.82427 3.40983
lclavicle -3.58768e-14 -1.38178e-14 5.07223e-31
lhumerus -42.3119 -43.0498 99.0327
lradius 59.0898 -0 0
lwrist 21.2653 0 0
lhand 13.7504 11.486 0.00195184
lfingers 7.12502 -0 0
lthumb 38.6748 37.1045 0.00381515
rclavicle -3.58768e-14 -1.38178e-14 5.07223e-31
rhumerus -30.9071 71.0463 -66.589
rradius 82.0507 -0 0
rwrist 2.58797 0 0
rhand 4.46808 -6.92377 0.617036
rfingers 7.12502 -0 0
rthumb 29.8561 -34.3349 0.595899
309
root 9.08736 15.4332 -23.6293 12.2353 57.5791 16.0793
lfemur -15.2503 19.111 -17.7383
ltibia 51.7519 -0 0
lfoot -17.8506 -24.7792 -0.138201
ltoes 56.5133 -0 0
rfemur -56.3889 -20.9353 36.7734
rtibia 57.6763 -0 0
rfoot 16.8159 17.0921 0.0914736
rtoes 1.39864 -0 0
lowerback 9.91744 -3.04877 -8.55115
upperback 5.30133 -4.61243 -4.24102
thorax 0.341084 -2.34281 0.791337
lowerneck -5.24355 -10.5985 -2.01095
upperneck -3.13767 -13.9991 10.9057
head 0.89384 -6.90899 3.41447
lclavicle -3.89039e-14 -1.30223e-14 1.09542e-30
lhumerus -42.3146 -43.621 99.1096
lradius 59.074 -0 0
lwrist 21.0933 0 0
lhand 13.9126 11.5339 0.00359339
lfingers 7.12502 -0 0
lthumb 38.8283 37.1142 0.00701175
rclavicle -3.89039e-14 -1.30223e-14 1.09542e-30
rhumerus -27.6534 70.3044 -64.0514
rradius 82.6663 -0 0
rwrist 1.31138 0 0
rhand 2.95345 -8.39758 1.34191
rfingers 7.12502 -0 0
rthumb 28.4013 -35.8017 1.30134
310
root 9.09635 15.4359 -23.549 12.1109 57.062 15.99
lfemur -14.7905 19.1739 -17.5828
ltibia 51.4183 -0 0
lfoot -18.204 -23.8254 -0.220086
ltoes 55.1302 -0 0
rfemur -56.6531 -20.6782 35.7955
rtibia 57.6018 -0 0
rfoot 16.5295 16.4221 0.158311
rtoes 2.58652 -0 0
lowerback 9.92655 -2.9516 -8.47511
upperback 5.34018 -4.47736 -4.23653
thorax 0.363762 -2.27736 0.74586
lowerneck -5.0959 -10.7172 -1.83539
upperneck -3.37154 -14.146 10.899
head 0.785335 -6.99485 3.39523
lclavicle -4.23944e-14 -1.19603e-14 1.71714e-30
lhumerus -42.4108 -44.2368 99.3709
lradius 59.0731 -0 0
lwrist 20.8803 0 0
lhand 14.0526 11.5977 0.00489392
lfingers 7.12502 -0 0
lthumb 38.9609 37.1444 0.00955647
rclavicle -4.23944e-14 -1.19603e-14 1.71714e-30
rhumerus -24.5431 68.8112 -61.696
rradius 83.1074 -0 0
rwrist 0.101283 0 0
rhand 0.970672 -10.1218 2.13029
rfingers 7.12502 -0 0
rthumb 26.496 -37.5342 2.07266
311
root 9.09548 15.4431 -23.4693 11.9413 56.4185 15.7809
lfemur -14.3805 19.2589 -17.3975
ltibia 50.9981 -0 0
lfoot -18.6043 -22.6485 -0.304053
ltoes 53.548 -0 0
rfemur -56.6806 -20.3276 34.4438
rtibia 57.514 -0 0
rfoot 16.191 15.4407 0.232699
rtoes 3.9654 -0 0
lowerback 9.88907 -2.84199 -8.34462
upperback 5.35041 -4.31946 -4.19151
thorax 0.38043 -2.19955 0.708615
lowerneck -4.95427 -10.8354 -1.63395
upperneck -3.60448 -14.2926 10.8342
head 0.671807 -7.08149 3.35458
lclavicle -4.62655e-14 -1.0666e-14 2.32496e-30
lhumerus -42.5968 -44.8896 99.8027
lradius 59.0856 -0 0
lwrist 20.631 0 0
lhand 14.1722 11.6757 0.00584749
lfingers 7.12502 -0 0
lthumb 39.074 37.1931 0.0114482
rclavicle -4.62655e-14 -1.0666e-14 2.32496e-30
rhumerus -21.8087 66.6483 -59.7511
rradius 83.3899 -0 0
rwrist -1.04392 0 0
rhand -1.43587 -12.0783 2.93594
rfingers 7.12502 -0 0
rthumb 24.1824 -39.5122 2.86409
312
root 9.0858 15.4541 -23.3904 11.7388 55.6638 15.4718
lfemur -14.0163 19.3633 -17.1862
ltibia 50.5022 -0 0
lfoot -19.0451 -21.2755 -0.385279
ltoes 51.7891 -0 0
rfemur -56.5042 -19.8882 32.768
rtibia 57.4146 -0 0
rfoot 15.8066 14.1846 0.309323
rtoes 5.50995 -0 0
lowerback 9.8102 -2.72156 -8.16614
upperback 5.33522 -4.14184 -4.11057
thorax 0.391708 -2.11106 0.678862
lowerneck -4.81872 -10.9527 -1.41028
upperneck -3.83538 -14.4387 10.7179
head 0.554327 -7.16849 3.29501
lclavicle -5.04346e-14 -9.17361e-15 2.87458e-30
lhumerus -42.869 -45.5711 100.391
lradius 59.11 -0 0
lwrist 20.3502 0 0
lhand 14.273 11.766 0.00646749
lfingers 7.12502 -0 0
lthumb 39.1692 37.2582 0.0127117
rclavicle -5.04346e-14 -9.17361e-15 2.87458e-30
rhumerus -19.5277 63.9028 -58.2909
rradius 83.5298 -0 0
rwrist -2.1258 0 0
rhand -4.21945 -14.246 3.71269
rfingers 7.12502 -0 0
rthumb 21.5049 -41.7126 3.62979
313
root 9.06839 15.4685 -23.3126 11.5152 54.8137 15.0823
lfemur -13.6942 19.4844 -16.9527
ltibia 49.9416 -0 0
lfoot -19.5195 -19.7334 -0.459222
ltoes 49.876 -0 0
rfemur -56.1577 -19.3632 30.8186
rtibia 57.3053 -0 0
rfoot 15.3825 12.6903 0.382934
rtoes 7.19481 -0 0
lowerback 9.69513 -2.59186 -7.94611
upperback 5.29778 -3.94756 -3.99834
thorax 0.398222 -2.01355 0.655859
lowerneck -4.68929 -11.0689 -1.16797
upperneck -4.06315 -14.584 10.5566
head 0.433959 -7.25548 3.21899
lclavicle -5.48189e-14 -7.51736e-15 3.32742e-30
lhumerus -43.2233 -46.2731 101.121
lradius 59.1448 -0 0
lwrist 20.0426 0 0
lhand 14.3567 11.8669 0.0067816
lfingers 7.12502 -0 0
lthumb 39.2482 37.3374 0.0133915
rclavicle -5.48189e-14 -7.51736e-15 3.32742e-30
rhumerus -17.6736 60.6623 -57.286
rradius 83.543 -0 0
rwrist -3.14594 0 0
rhand -7.33011 -16.5993 4.41648
rfingers 7.12502 -0 0
rthumb 18.5112 -44.1084 4.32586
314
root 9.04428 15.4857 -23.2362 11.2813 53.8838 14.6308
lfemur -13.4103 19.6196 -16.7007
ltibia 49.3273 -0 0
lfoot -20.0207 -18.0491 -0.52183
ltoes 47.8312 -0 0
rfemur -55.6748 -18.7555 28.6456
rtibia 57.1878 -0 0
rfoot 14.9254 10.9946 0.448623
rtoes 8.99465 -0 0
lowerback 9.54903 -2.45444 -7.69098
upperback 5.24127 -3.73967 -3.85941
thorax 0.4006 -1.90868 0.638864
lowerneck -4.56601 -11.1834 -0.91067
upperneck -4.28672 -14.7279 10.3566
head 0.311761 -7.34204 3.12899
lclavicle -5.93358e-14 -5.73144e-15 3.65261e-30
lhumerus -43.6552 -46.987 101.979
lradius 59.1885 -0 0
lwrist 19.7131 0 0
lhand 14.4247 11.9765 0.0068274
lfingers 7.12502 -0 0
lthumb 39.3124 37.4288 0.0135472
rclavicle -5.93358e-14 -5.73144e-15 3.65261e-30
rhumerus -16.1744 57.0126 -56.6616
rradius 83.4455 -0 0
rwrist -4.10594 0 0
rhand -10.7141 -19.1074 5.00744
rfingers 7.12502 -0 0
rthumb 15.253 -46.667 4.91248
315
root 9.01454 15.5054 -23.1612 11.0465 52.8896 14.1343
lfemur -13.161 19.7664 -16.4343
ltibia 48.6702 -0 0
lfoot -20.5413 -16.2498 -0.56971
ltoes 45.6772 -0 0
rfemur -55.0884 -18.0688 26.2992
rtibia 57.0638 -0 0
rfoot 14.4421 9.13421 0.502077
rtoes 10.8841 -0 0
lowerback 9.37705 -2.31086 -7.40716
upperback 5.16881 -3.52121 -3.6984
thorax 0.399472 -1.79812 0.627135
lowerneck -4.4489 -11.2959 -0.641992
upperneck -4.50511 -14.8702 10.1245
head 0.18878 -7.42776 3.02748
lclavicle -6.39025e-14 -3.85008e-15 3.82863e-30
lhumerus -44.159 -47.7043 102.949
lradius 59.2396 -0 0
lwrist 19.3663 0 0
lhand 14.4789 12.093 0.00664836
lfingers 7.12502 -0 0
lthumb 39.3634 37.53 0.0132481
rclavicle -6.39025e-14 -3.85008e-15 3.82863e-30
rhumerus -14.9499 53.0365 -56.3351
rradius 83.2534 -0 0
rwrist -5.00735 0 0
rhand -14.3135 -21.7338 5.45197
rfingers 7.12502 -0 0
rthumb 11.7859 -49.351 5.35599
316
root 8.98023 15.5269 -23.0881 10.8184 51.8472 13.608
lfemur -12.9425 19.9223 -16.1574
ltibia 47.9813 -0 0
lfoot -21.0738 -14.3626 -0.600274
ltoes 43.4365 -0 0
rfemur -54.4302 -17.309 23.8281
rtibia 56.9352 -0 0
rfoot 13.9399 7.14602 0.539793
rtoes 12.8379 -0 0
lowerback 9.18428 -2.16271 -7.10105
upperback 5.08352 -3.29523 -3.51985
thorax 0.395465 -1.68352 0.619931
lowerneck -4.33793 -11.4059 -0.36557
upperneck -4.71734 -15.0102 9.86679
head 0.0660567 -7.51221 2.91692
lclavicle -6.84363e-14 -1.9075e-15 3.84441e-30
lhumerus -44.7283 -48.4166 104.015
lradius 59.2967 -0 0
lwrist 19.0071 0 0
lhand 14.5208 12.2147 0.00629048
lfingers 7.12502 -0 0
lthumb 39.4028 37.6391 0.0125699
rclavicle -6.84363e-14 -1.9075e-15 3.84441e-30
rhumerus -13.9292 48.815 -56.2336
rradius 82.9825 -0 0
rwrist -5.8518 0 0
rhand -18.0668 -24.4368 5.72471
rfingers 7.12502 -0 0
rthumb 8.16929 -52.1177 5.63079
317
root 8.94241 15.5499 -23.017 10.603 50.7723 13.0659
lfemur -12.7512 20.0848 -15.8739
ltibia 47.2715 -0 0
lfoot -21.6105 -12.4147 -0.61185
ltoes 41.1316 -0 0
rfemur -53.73 -16.4845 21.2798
rtibia 56.8035 -0 0
rfoot 13.4261 5.06691 0.559252
rtoes 14.8306 -0 0
lowerback 8.97576 -2.01165 -6.77899
upperback 4.98844 -3.0648 -3.32833
thorax 0.389208 -1.56653 0.616513
lowerneck -4.23308 -11.5129 -0.085038
upperneck -4.92247 -15.1473 9.58984
head -0.0553792 -7.59493 2.79977
lclavicle -7.28546e-14 6.20944e-17 3.69984e-30
lhumerus -45.3549 -49.1158 105.158
lradius 59.3583 -0 0
lwrist 18.6402 0 0
lhand 14.5521 12.3397 0.00579929
lfingers 7.12502 -0 0
lthumb 39.4321 37.754 0.0115903
rclavicle -7.28546e-14 6.20944e-17 3.69984e-30
rhumerus -13.0563 44.4273 -56.298
rradius 82.6489 -0 0
rwrist -6.64085 0 0
rhand -21.9097 -27.1709 5.81001
rfingers 7.12502 -0 0
rthumb 4.46551 -54.9207 5.72093
318
root 8.90212 15.5737 -22.948 10.4046 49.6812 12.5201
lfemur -12.5834 20.2513 -15.5879
ltibia 46.5517 -0 0
lfoot -22.1437 -10.4335 -0.603757
ltoes 38.7851 -0 0
rfemur -53.0149 -15.6068 18.7003
rtibia 56.6706 -0 0
rfoot 12.9086 2.93384 0.559047
rtoes 16.837 -0 0
lowerback 8.75652 -1.85943 -6.44731
upperback 4.88658 -2.83302 -3.12832
thorax 0.381325 -1.44882 0.616146
lowerneck -4.1343 -11.6166 0.195967
upperneck -5.1196 -15.2809 9.30016
head -0.174506 -7.67548 2.67849
lclavicle -7.70745e-14 2.02448e-15 3.40596e-30
lhumerus -46.029 -49.7945 106.36
lradius 59.4229 -0 0
lwrist 18.2705 0 0
lhand 14.5744 12.4662 0.00521751
lfingers 7.12502 -0 0
lthumb 39.4529 37.8723 0.010387
rclavicle -7.70745e-14 2.02448e-15 3.40596e-30
rhumerus -12.2886 39.9516 -56.4829
rradius 82.2686 -0 0
rwrist -7.37608 0 0
rhand -25.7764 -29.8883 5.70304
rfingers 7.12502 -0 0
rthumb 0.738327 -57.7115 5.62108
319
root 8.86044 15.598 -22.8816 10.2262 48.5899 11.9815
lfemur -12.4357 20.4194 -15.3034
ltibia 45.8329 -0 0
lfoot -22.6653 -8.44601 -0.576335
ltoes 36.4194 -0 0
rfemur -52.3094 -14.6901 16.1334
rtibia 56.5382 -0 0
rfoot 12.395 0.783768 0.538964
rtoes 18.8316 -0 0
lowerback 8.53149 -1.70789 -6.11229
upperback 4.78088 -2.603 -2.92431
thorax 0.372439 -1.33204 0.618096
lowerneck -4.04153 -11.7163 0.473806
upperneck -5.30788 -15.4104 9.00424
head -0.290311 -7.75336 2.55553
lclavicle -8.10135e-14 3.94545e-15 2.98449e-30
lhumerus -46.7393 -50.4454 107.599
lradius 59.489 -0 0
lwrist 17.9026 0 0
lhand 14.5893 12.5925 0.00458313
lfingers 7.12502 -0 0
lthumb 39.4666 37.9922 0.00903454
rclavicle -8.10135e-14 3.94545e-15 2.98449e-30
rhumerus -11.5956 35.4655 -56.7534
rradius 81.8574 -0 0
rwrist -8.05907 0 0
rhand -29.6013 -32.5413 5.41006
rfingers 7.12502 -0 0
rthumb -2.94862 -60.4415 5.337
320
root 8.81841 15.6222 -22.8179 10.0691 47.5148 11.4599
lfemur -12.3044 20.5866 -15.0243
ltibia 45.1261 -0 0
lfoot -23.1677 -6.47958 -0.530946
ltoes 34.057 -0 0
rfemur -51.6345 -13.7519 13.6211
rtibia 56.408 -0 0
rfoot 11.8931 -1.34636 0.499999
rtoes 20.7892 -0 0
lowerback 8.30557 -1.559 -5.78017
upperback 4.6742 -2.37791 -2.72071
thorax 0.363167 -1.21785 0.621633
lowerneck -3.95467 -11.8117 0.744835
upperneck -5.48649 -15.5349 8.70855
head -0.401791 -7.82811 2.43333
lclavicle -8.45888e-14 5.79078e-15 2.46699e-30
lhumerus -47.4723 -51.0622 108.854
lradius 59.5551 -0 0
lwrist 17.5414 0 0
lhand 14.5985 12.7167 0.00392804
lfingers 7.12502 -0 0
lthumb 39.475 38.1114 0.00760303
rclavicle -8.45888e-14 5.79078e-15 2.46699e-30
rhumerus -10.9558 31.046 -57.0822
rradius 81.4315 -0 0
rwrist -8.69142 0 0
rhand -33.3209 -35.0842 4.94811
rfingers 7.12502 -0 0
rthumb -6.53344 -63.0639 4.8851
321
root 8.7771 15.6459 -22.7571 9.934 46.4721 10.9642
lfemur -12.1862 20.7503 -14.7549
ltibia 44.4422 -0 0
lfoot -23.6432 -4.56135 -0.469923
ltoes 31.7204 -0 0
rfemur -51.0081 -12.812 11.2034
rtibia 56.2817 -0 0
rfoot 11.4104 -3.41963 0.444334
rtoes 22.6844 -0 0
lowerback 8.0836 -1.41479 -5.45713
upperback 4.56938 -2.16094 -2.52193
thorax 0.354126 -1.10791 0.626031
lowerneck -3.87363 -11.9021 1.00541
upperneck -5.65466 -15.6536 8.41958
head -0.507948 -7.8992 2.31435
lclavicle -8.77176e-14 7.52625e-15 1.89345e-30
lhumerus -48.2129 -51.6393 110.1
lradius 59.6197 -0 0
lwrist 17.1917 0 0
lhand 14.6036 12.837 0.00327718
lfingers 7.12502 -0 0
lthumb 39.4795 38.2277 0.00615673
rclavicle -8.77176e-14 7.52625e-15 1.89345e-30
rhumerus -10.3549 26.7696 -57.4475
rradius 81.0067 -0 0
rwrist -9.27469 0 0
rhand -36.8745 -37.4751 4.34393
rfingers 7.12502 -0 0
rthumb -9.95735 -65.5356 4.29154
322
root 8.73756 15.6685 -22.6994 9.82038 45.4783 10.5028
lfemur -12.0776 20.908 -14.499
ltibia 43.7922 -0 0
lfoot -24.0844 -2.71839 -0.396488
ltoes 29.4322 -0 0
rfemur -50.4447 -11.8926 8.9187
rtibia 56.1611 -0 0
rfoot 10.9544 -5.39921 0.375252
rtoes 24.4918 -0 0
lowerback 7.87035 -1.27744 -5.14935
upperback 4.46918 -1.95534 -2.33231
thorax 0.345927 -1.00386 0.630565
lowerneck -3.79829 -11.9872 1.25187
upperneck -5.81162 -15.7657 8.14383
head -0.607795 -7.96612 2.20102
lclavicle -9.03174e-14 9.11766e-15 1.3104e-30
lhumerus -48.9442 -52.1718 111.31
lradius 59.6814 -0 0
lwrist 16.8581 0 0
lhand 14.6062 12.9517 0.00264816
lfingers 7.12502 -0 0
lthumb 39.4817 38.3392 0.00475349
rclavicle -9.03174e-14 9.11766e-15 1.3104e-30
rhumerus -9.78439 22.7129 -57.8302
rradius 80.5991 -0 0
rwrist -9.81053 0 0
rhand -40.2055 -39.6774 3.63242
rfingers 7.12502 -0 0
rthumb -13.1655 -67.8187 3.59064
323
root 8.70085 15.6896 -22.6452 9.7272 44.5496 10.0833
lfemur -11.9753 21.057 -14.2609
ltibia 43.1869 -0 0
lfoot -24.484 -0.97772 -0.31463
ltoes 27.2148 -0 0
rfemur -49.9559 -11.0175 6.80407
rtibia 56.0479 -0 0
rfoot 10.532 -7.24831 0.297001
rtoes 26.1862 -0 0
lowerback 7.67055 -1.14919 -4.8629
upperback 4.37631 -1.76436 -2.15619
thorax 0.33918 -0.907381 0.634514
lowerneck -3.72852 -12.0664 1.48058
upperneck -5.95668 -15.8703 7.88776
head -0.700349 -8.02836 2.09579
lclavicle -9.23053e-14 1.05308e-14 7.68579e-31
lhumerus -49.6474 -52.6557 112.457
lradius 59.7387 -0 0
lwrist 16.5455 0 0
lhand 14.608 13.0588 0.00205147
lfingers 7.12502 -0 0
lthumb 39.4831 38.4436 0.00344467
rclavicle -9.23053e-14 1.05308e-14 7.68579e-31
rhumerus -9.2404 18.9518 -58.213
rradius 80.2247 -0 0
rwrist -10.3004 0 0
rhand -43.2614 -41.6599 2.85463
rfingers 7.12502 -0 0
rthumb -16.1073 -69.8801 2.82303
324
root 8.66803 15.7087 -22.5946 9.65294 43.7026 9.7134
lfemur -11.876 21.1948 -14.0444
ltibia 42.6374 -0 0
lfoot -24.8352 0.633713 -0.228947
ltoes 25.0907 -0 0
rfemur -49.5508 -10.2117 4.89558
rtibia 55.9438 -0 0
rfoot 10.1499 -8.93027 0.214616
rtoes 27.7421 -0 0
lowerback 7.4889 -1.03235 -4.60389
upperback 4.29345 -1.59129 -1.99788
thorax 0.334492 -0.820116 0.637158
lowerneck -3.66419 -12.1391 1.68787
upperneck -6.08913 -15.9665 7.65789
head -0.784633 -8.08537 2.0011
lclavicle -9.35987e-14 1.17314e-14 3.20014e-31
lhumerus -50.3028 -53.0876 113.513
lradius 59.7901 -0 0
lwrist 16.2586 0 0
lhand 14.6107 13.1568 0.00149113
lfingers 7.12502 -0 0
lthumb 39.4854 38.5388 0.0022757
rclavicle -9.35987e-14 1.17314e-14 3.20014e-31
rhumerus -8.72282 15.562 -58.5788
rradius 79.8993 -0 0
rwrist -10.746 0 0
rhand -45.9935 -43.397 2.0557
rfingers 7.12502 -0 0
rthumb -18.7358 -71.6926 2.03348
325
root 8.64016 15.7252 -22.5478 9.59585 42.9536 9.40042
lfemur -11.7763 21.3188 -13.8537
ltibia 42.1547 -0 0
lfoot -25.1314 2.08905 -0.144464
ltoes 23.0825 -0 0
rfemur -49.2365 -9.50059 3.22877
rtibia 55.8505 -0 0
rfoot 9.81444 -10.4085 0.133703
rtoes 29.1342 -0 0
lowerback 7.33004 -0.929327 -4.37837
upperback 4.22324 -1.43945 -1.86165
thorax 0.332467 -0.743726 0.637781
lowerneck -3.60516 -12.2048 1.8701
upperneck -6.20831 -16.0533 7.46071
head -0.859674 -8.1366 1.9194
lclavicle -9.41148e-14 1.26853e-14 1.47058e-32
lhumerus -50.8893 -53.4648 114.447
lradius 59.834 -0 0
lwrist 16.0023 0 0
lhand 14.6157 13.2436 0.000965865
lfingers 7.12502 -0 0
lthumb 39.49 38.6227 0.00128713
rclavicle -9.41148e-14 1.26853e-14 1.47058e-32
rhumerus -8.23467 12.6191 -58.91
rradius 79.6391 -0 0
rwrist -11.1488 0 0
rhand -48.3562 -44.8681 1.2827
rfingers 7.12502 -0 0
rthumb -21.0074 -73.2332 1.26889
326
root 8.61828 15.7388 -22.5051 9.55411 42.3189 9.15189
lfemur -11.6729 21.4263 -13.6929
ltibia 41.7496 -0 0
lfoot -25.3663 3.36146 -0.0664128
ltoes 21.2126 -0 0
rfemur -49.0191 -8.90997 1.83913
rtibia 55.7698 -0 0
rfoot 9.53153 -11.6463 0.0601818
rtoes 30.3373 -0 0
lowerback 7.19863 -0.842534 -4.19237
upperback 4.16832 -1.31216 -1.75178
thorax 0.333709 -0.679869 0.635663
lowerneck -3.55128 -12.2631 2.0236
upperneck -6.31354 -16.1299 7.30272
head -0.924502 -8.18153 1.8531
lclavicle -9.3771e-14 1.33583e-14 -1.03249e-31
lhumerus -51.3853 -53.7849 115.228
lradius 59.8691 -0 0
lwrist 15.7813 0 0
lhand 14.6249 13.3176 0.000470874
lfingers 7.12502 -0 0
lthumb 39.4985 38.6932 0.000516395
rclavicle -9.3771e-14 1.33583e-14 -1.03249e-31
rhumerus -7.78139 10.1984 -59.1879
rradius 79.4599 -0 0
rwrist -11.5105 0 0
rhand -50.3054 -46.0556 0.58254
rfingers 7.12502 -0 0
rthumb -22.8804 -74.4823 0.576103
327
root 8.60347 15.7488 -22.4667 9.52607 41.815 8.97555
lfemur -11.5626 21.5148 -13.566
ltibia 41.4331 0 0
lfoot -25.5338 4.42417 0
ltoes 19.5035 0 0
rfemur -48.9044 -8.46498 0.762431
rtibia 55.7034 0 0
rfoot 9.30703 -12.6074 0
rtoes 31.3259 0 0
lowerback 7.0993 -0.774401 -4.05194
upperback 4.1313 -1.21273 -1.67254
thorax 0.338822 -0.630203 0.630087
lowerneck -3.5024 -12.3134 2.14471
upperneck -6.40416 -16.1952 7.19044
head -0.978145 -8.21959 1.80467
lclavicle -9.24846e-14 1.37161e-14 0
lhumerus -51.7693 -54.0459 115.827
lradius 59.8938 0 0
lwrist 15.6003 0 0
lhand 14.6398 13.3769 0
lfingers 7.12502 0 0
lthumb 39.5125 38.7482 0
rclavicle -9.24846e-14 1.37161e-14 0
rhumerus -7.36983 8.37462 -59.3931
rradius 79.3777 0 0
rwrist -11.8326 0 0
rhand -51.798 -46.944 0
rfingers 7.12502 0 0
rthumb -24.3139 -795.422 0
328
root 8.59837 15.7674 -22.3451 9.74844 40.9219 8.85958
lfemur -11.879 22.3586 -13.7466
ltibia 41.373 0 0
lfoot -22.8111 12.0804 0
ltoes -6.25371 0 0
rfemur -48.1673 -7.9921 -0.404652
rtibia 55.4317 0 0
rfoot 9.28539 -15.1136 0
rtoes 34.6148 0 0
lowerback 6.37192 -0.978164 -3.82888
upperback 3.96029 -1.44593 -1.57647
thorax 0.569659 -0.749337 0.606812
lowerneck -3.62936 -12.13 1.89812
upperneck -6.05405 -15.9722 7.16612
head -0.834565 -8.09124 1.80702
lclavicle 3.80176e-14 -6.75868e-15 0
lhumerus -51.257 -52.8041 115.311
lradius 59.8831 0 0
lwrist 15.0167 0 0
lhand 14.2965 13.5109 0
lfingers 7.12502 0 0
lthumb 39.189 38.9765 0
rclavicle 3.80176e-14 -6.75868e-15 0
rhumerus -8.24089 11.155 -58.984
rradius 80.1119 0 0
rwrist -8.1824 0 0
rhand -46.9537 -38.8608 0
rfingers 7.12502 0 0
rthumb -19.6628 -787.886 0
329
root 8.59249 15.7894 -22.2181 10.0692 39.9154 8.74866
lfemur -12.287 23.1961 -14.0008
ltibia 41.3051 0 0
lfoot -19.0349 17.1637 0
ltoes -21.4227 0 0
rfemur -47.6685 -7.80376 -1.20565
rtibia 55.2832 0 0
rfoot 9.10105 -17.425 0
rtoes 37.0327 0 0
lowerback 5.56182 -1.20888 -3.62448
upperback 3.7516 -1.71718 -1.48822
thorax 0.809649 -0.887318 0.581635
lowerneck -3.77864 -11.8886 1.56728
upperneck -5.675 -15.6704 7.17871
head -0.671689 -7.92137 1.83222
lclavicle -2.39536e-14 1.80894e-14 0
lhumerus -50.6768 -51.2634 114.641
lradius 59.8301 0 0
lwrist 14.5498 0 0
lhand 13.8439 13.5475 0
lfingers 7.12502 0 0
lthumb 38.7623 39.1352 0
rclavicle -2.39536e-14 1.80894e-14 0
rhumerus -9.07449 13.8493 -58.7747
rradius 80.9253 0 0
rwrist -4.81128 0 0
rhand -40.4183 -29.8606 0
rfingers 7.12502 0 0
rthumb -13.371 -779.412 0
330
root 8.58468 15.813 -22.0854 10.4534 38.7972 8.62779
lfemur -12.6834 23.8784 -14.2621
ltibia 41.1881 0 0
lfoot -15.6071 20.0242 0
ltoes -28.1191 0 0
rfemur -47.3963 -7.9013 -1.6416
rtibia 55.2658 0 0
rfoot 8.79919 -19.3896 0
rtoes 38.3329 0 0
lowerback 4.69882 -1.44483 -3.4493
upperback 3.51269 -1.99883 -1.39189
thorax 1.0501 -1.03051 0.574695
lowerneck -3.93455 -11.6034 1.18067
upperneck -5.29409 -15.3075 7.19918
head -0.505312 -7.7204 1.87119
lclavicle -2.23434e-13 2.18663e-14 0
lhumerus -50.0959 -49.4933 113.915
lradius 59.7305 0 0
lwrist 14.2806 0 0
lhand 13.2778 13.4958 0
lfingers 7.12502 0 0
lthumb 38.2281 39.2326 0
rclavicle -2.23434e-13 2.18663e-14 0
rhumerus -9.86253 16.2767 -58.8004
rradius 81.764 0 0
rwrist -1.89408 0 0
rhand -32.1083 -21.2545 0
rfingers 7.12502 0 0
rthumb -5.3533 -771.167 0
331
root 8.57293 15.8377 -21.9461 10.8431 37.577 8.46522
lfemur -12.9705 24.275 -14.4457
ltibia 40.993 0 0
lfoot -12.7299 21.6843 0
ltoes -31.1461 0 0
rfemur -47.319 -8.25444 -1.68593
rtibia 55.3633 0 0
rfoot 8.41304 -20.8818 0
rtoes 38.2772 0 0
lowerback 3.82717 -1.66105 -3.29785
upperback 3.25674 -2.25818 -1.28091
thorax 1.27937 -1.16236 0.589324
lowerneck -4.08898 -11.2936 0.785994
upperneck -4.93063 -14.909 7.20743
head -0.347568 -7.50255 1.91272
lclavicle -4.36332e-14 -9.93923e-15 0
lhumerus -49.5856 -47.6115 113.22
lradius 59.5853 0 0
lwrist 14.2967 0 0
lhand 12.6044 13.3929 0
lfingers 7.12502 0 0
lthumb 37.5921 39.302 0
rclavicle -4.36332e-14 -9.93923e-15 0
rhumerus -10.65 18.266 -59.1401
rradius 82.5495 0 0
rwrist 0.415191 0 0
rhand -22.5052 -13.923 0
rfingers 7.12502 0 0
rthumb 3.92096 -763.867 0
332
root 8.55644 15.8622 -21.8003 11.2052 36.2694 8.24668
lfemur -13.0881 24.3158 -14.5015
ltibia 40.7121 0 0
lfoot -10.2011 22.7955 0
ltoes -32.6269 0 0
rfemur -47.3957 -8.81666 -1.3662
rtibia 55.5505 0 0
rfoot 7.99756 -21.8782 0
rtoes 36.7827 0 0
lowerback 2.97145 -1.84449 -3.16237
upperback 2.99526 -2.47764 -1.15184
thorax 1.49515 -1.27398 0.62586
lowerneck -4.23601 -10.973 0.413611
upperneck -4.59632 -14.4933 7.1916
head -0.205629 -7.278 1.94915
lclavicle -3.65764e-14 -1.03368e-14 0
lhumerus -49.1689 -45.6999 112.597
lradius 59.3992 0 0
lwrist 14.617 0 0
lhand 11.8486 13.2608 0
lfingers 7.12502 0 0
lthumb 36.8775 39.3568 0
rclavicle -3.65764e-14 -1.03368e-14 0
rhumerus -11.4757 19.782 -59.797
rradius 83.2464 0 0
rwrist 2.07143 0 0
rhand -12.0263 -8.1556 0
rfingers 7.12502 0 0
rthumb 14.0317 -757.662 0
333
root 8.53412 15.886 -21.6475 11.4816 34.8848 7.95627
lfemur -12.9672 23.9713 -14.377
ltibia 40.3581 0 0
lfoot -7.81691 23.6803 0
ltoes -33.3881 0 0
rfemur -47.5552 -9.5175 -0.704288
rtibia 55.7861 0 0
rfoot 7.56653 -22.3979 0
rtoes 33.7423 0 0
lowerback 2.18204 -1.98144 -3.03308
upperback 2.74668 -2.63956 -1.00951
thorax 1.68701 -1.35629 0.676875
lowerneck -4.37583 -10.6546 0.0951235
upperneck -4.29223 -14.0788 7.14999
head -0.0813648 -7.05633 1.97416
lclavicle 1.14301e-13 -2.10712e-14 0
lhumerus -48.8602 -43.845 112.066
lradius 59.1806 0 0
lwrist 15.2407 0 0
lhand 11.0412 13.1312 0
lfingers 7.12502 0 0
lthumb 36.1132 39.4199 0
rclavicle 1.14301e-13 -2.10712e-14 0
rhumerus -12.3956 20.8079 -60.789
rradius 83.8325 0 0
rwrist 3.07075 0 0
rhand -1.51514 -4.18669 0
rfingers 7.12502 0 0
rthumb 24.1384 -752.688 0
334
root 8.50558 15.9087 -21.4883 11.6794 33.4423 7.58742
lfemur -12.6446 23.2624 -14.0781
ltibia 39.9632 0 0
lfoot -5.44954 24.4881 0
ltoes -33.7793 0 0
rfemur -47.7811 -10.3117 0.269728
rtibia 56.0275 0 0
rfoot 7.10969 -22.5075 0
rtoes 29.1499 0 0
lowerback 1.44897 -2.0705 -2.89092
upperback 2.51302 -2.74114 -0.860984
thorax 1.86101 -1.40766 0.726229
lowerneck -4.51374 -10.3463 -0.152914
upperneck -4.00948 -13.6778 7.0886
head 0.0289796 -6.84339 1.98524
lclavicle -2.80286e-14 -9.93923e-15 0
lhumerus -48.6551 -42.1056 111.624
lradius 58.9388 0 0
lwrist 16.1241 0 0
lhand 10.2155 13.0268 0
lfingers 7.12502 0 0
lthumb 35.3307 39.505 0
rclavicle -2.80286e-14 -9.93923e-15 0
rhumerus -13.4542 21.3705 -62.108
rradius 84.3077 0 0
rwrist 3.4905 0 0
rhand 8.01731 -2.12026 0
rfingers 7.12502 0 0
rthumb 33.2435 -749.069 0
335
root 8.46833 15.9282 -21.3722 11.5062 32.3795 7.16707
lfemur -12.1858 22.5017 -13.5777
ltibia 40.1174 -0 0
lfoot -4.3378 24.8421 0.0468714
ltoes -32.841 0 0
rfemur -47.6771 -10.7349 1.35531
rtibia 55.8929 -0 0
rfoot 6.55813 -21.9739 -0.041253
rtoes 26.9239 -0 0
lowerback 1.24559 -2.03718 -2.74632
upperback 2.44857 -2.69314 -0.776371
thorax 1.9055 -1.3819 0.727718
lowerneck -4.6363 -10.1607 -0.187063
upperneck -3.79193 -13.4437 7.01995
head 0.107755 -6.7189 1.96682
lclavicle -3.46186e-14 -8.60449e-15 -4.12527e-31
lhumerus -48.5783 -41.3277 111.388
lradius 58.7655 -0 0
lwrist 16.4059 0 0
lhand 9.78295 12.8898 0.00759605
lfingers 7.12502 -0 0
lthumb 34.919 39.452 0.00309469
rclavicle -3.46186e-14 -8.60449e-15 -4.12527e-31
rhumerus -14.4693 21.2208 -63.4076
rradius 84.2902 -0 0
rwrist 3.45942 0 0
rhand 6.39169 -2.90983 0.25126
rfingers 7.12502 -0 0
rthumb 31.6828 -29.9713 0.286815
336
root 8.41938 15.9537 -21.2208 11.2884 30.9919 6.62663
lfemur -11.5904 21.4902 -12.9287
ltibia 40.3222 -0 0
lfoot -2.89495 25.3099 0.102112
ltoes -31.6282 0 0
rfemur -47.5516 -11.2878 2.78871
rtibia 55.7094 -0 0
rfoot 5.83527 -21.2606 -0.0868186
rtoes 24.0244 -0 0
lowerback 0.988611 -1.98965 -2.55552
upperback 2.36728 -2.62615 -0.666915
thorax 1.96145 -1.34606 0.727864
lowerneck -4.79757 -9.92043 -0.227195
upperneck -3.50849 -13.1404 6.93202
head 0.210511 -6.5577 1.94235
lclavicle -3.99545e-14 -7.1207e-15 -6.4601e-31
lhumerus -48.4893 -40.3277 111.09
lradius 58.5389 -0 0
lwrist 16.7689 0 0
lhand 9.22612 12.7103 0.016002
lfingers 7.12502 -0 0
lthumb 34.3889 39.3802 0.00646638
rclavicle -3.99545e-14 -7.1207e-15 -6.4601e-31
rhumerus -15.7941 20.9728 -65.1089
rradius 84.2593 -0 0
rwrist 3.39858 0 0
rhand 3.97583 -4.01762 0.533607
rfingers 7.12502 -0 0
rthumb 29.3627 -31.2782 0.615276
337
root 8.36119 15.9838 -21.0419 11.0482 29.3488 6.00197
lfemur -10.901 20.2786 -12.1752
ltibia 40.5697 -0 0
lfoot -1.19669 25.8645 0.154652
ltoes -30.1879 0 0
rfemur -47.4179 -11.9434 4.49546
rtibia 55.4865 -0 0
rfoot 4.9768 -20.4043 -0.129055
rtoes 20.6073 -0 0
lowerback 0.691104 -1.93018 -2.32887
upperback 2.27332 -2.54398 -0.538151
thorax 2.02606 -1.30225 0.727054
lowerneck -4.98905 -9.63736 -0.272232
upperneck -3.17412 -12.7826 6.83001
head 0.33191 -6.36778 1.9133
lclavicle -4.41184e-14 -5.52773e-15 -7.3935e-31
lhumerus -48.3962 -39.1549 110.747
lradius 58.2707 -0 0
lwrist 17.1931 0 0
lhand 8.57207 12.4972 0.0237905
lfingers 7.12502 -0 0
lthumb 33.7663 39.2932 0.00956936
rclavicle -4.41184e-14 -5.52773e-15 -7.3935e-31
rhumerus -17.3516 20.6193 -67.1158
rradius 84.2165 -0 0
rwrist 3.31559 0 0
rhand 0.921795 -5.38895 0.799903
rfingers 7.12502 -0 0
rthumb 26.4277 -32.9182 0.928699
338
root 8.29627 16.0174 -20.843 10.8043 27.52 5.32607
lfemur -10.1575 18.9186 -11.3583
ltibia 40.852 -0 0
lfoot 0.68113 26.4785 0.195082
ltoes -28.567 0 0
rfemur -47.2879 -12.6738 6.40121
rtibia 55.2338 -0 0
rfoot 4.0186 -19.4424 -0.161289
rtoes 16.8282 -0 0
lowerback 0.366111 -1.8612 -2.07674
upperback 2.17084 -2.45049 -0.395603
thorax 2.09653 -1.25255 0.725671
lowerneck -5.20224 -9.32356 -0.321016
upperneck -2.80364 -12.3852 6.71889
head 0.466627 -6.15713 1.88107
lclavicle -4.71922e-14 -3.86547e-15 -7.22481e-31
lhumerus -48.3056 -37.8589 110.377
lradius 57.9727 -0 0
lwrist 17.6587 0 0
lhand 7.84787 12.2593 0.0297309
lfingers 7.12502 -0 0
lthumb 33.0769 39.1946 0.0119269
rclavicle -4.71922e-14 -3.86547e-15 -7.22481e-31
rhumerus -19.0642 20.158 -69.3319
rradius 84.163 -0 0
rwrist 3.2181 0 0
rhand -2.61643 -6.96479 1.00643
rfingers 7.12502 -0 0
rthumb 23.0247 -34.8148 1.17417
339
root 8.22709 16.0531 -20.6319 10.5714 25.5758 4.62828
lfemur -9.39584 17.4632 -10.5154
ltibia 41.1612 -0 0
lfoot 2.66246 27.1239 0.216679
ltoes -26.8125 0 0
rfemur -47.1707 -13.4506 8.43149
rtibia 54.9608 -0 0
rfoot 2.99671 -18.4118 -0.178591
rtoes 12.8428 -0 0
lowerback 0.0266491 -1.78528 -1.80943
upperback 2.06395 -2.34953 -0.244775
thorax 2.17007 -1.19906 0.724089
lowerneck -5.42863 -8.99103 -0.372256
upperneck -2.4117 -11.9632 6.60332
head 0.609359 -5.93376 1.84701
lclavicle -4.92579e-14 -2.17378e-15 -6.20946e-31
lhumerus -48.2226 -36.4895 109.994
lradius 57.6567 -0 0
lwrist 18.1458 0 0
lhand 7.08057 12.0054 0.0329229
lfingers 7.12502 -0 0
lthumb 32.3465 39.0881 0.0131863
rclavicle -4.92579e-14 -2.17378e-15 -6.20946e-31
rhumerus -20.8558 19.5949 -71.6622
rradius 84.1002 -0 0
rwrist 3.11373 0 0
rhand -6.48259 -8.68099 1.11925
rfingers 7.12502 -0 0
rthumb 19.3044 -36.8856 1.31037
340
root 8.15614 16.0897 -20.4162 10.3593 23.5868 3.93452
lfemur -8.64763 15.9674 -9.6795
ltibia 41.4892 -0 0
lfoot 4.67113 27.7721 0.216069
ltoes -24.9713 0 0
rfemur -47.0717 -14.2446 10.5114
rtibia 54.6772 -0 0
rfoot 1.94734 -17.3501 -0.178321
rtoes 8.80683 -0 0
lowerback -0.314313 -1.70523 -1.53719
upperback 1.95675 -2.24504 -0.0911394
thorax 2.24388 -1.14385 0.722673
lowerneck -5.65973 -8.65174 -0.424487
upperneck -2.01278 -11.5317 6.48753
head 0.754828 -5.7057 1.8124
lclavicle -5.03976e-14 -4.92551e-16 -4.59901e-31
lhumerus -48.15 -35.0963 109.612
lradius 57.3345 -0 0
lwrist 18.6343 0 0
lhand 6.29729 11.7445 0.0328887
lfingers 7.12502 -0 0
lthumb 31.6008 38.9772 0.0131581
rclavicle -5.03976e-14 -4.92551e-16 -4.59901e-31
rhumerus -22.6535 18.9456 -74.0142
rradius 84.0294 -0 0
rwrist 3.01012 0 0
rhand -10.5186 -10.4693 1.11915
rfingers 7.12502 -0 0
rthumb 15.4199 -39.0433 1.31359
341
root 8.08589 16.1257 -20.2036 10.1738 21.624 3.26778
lfemur -7.94011 14.4874 -8.87958
ltibia 41.8282 -0 0
lfoot 6.63092 28.3947 0.193517
ltoes -23.0903 0 0
rfemur -46.9924 -15.0261 12.5655
rtibia 54.3923 -0 0
rfoot 0.906773 -16.2947 -0.160436
rtoes 4.87604 -0 0
lowerback -0.643863 -1.62412 -1.27019
upperback 1.85329 -2.14095 0.0598585
thorax 2.31517 -1.08903 0.721776
lowerneck -5.88701 -8.31764 -0.476062
upperneck -1.62111 -11.1058 6.37533
head 0.897784 -5.48096 1.77843
lclavicle -5.06931e-14 1.13835e-15 -2.67547e-31
lhumerus -48.0893 -33.7291 109.244
lradius 57.0177 -0 0
lwrist 19.1043 0 0
lhand 5.52511 11.4854 0.0296238
lfingers 7.12502 -0 0
lthumb 30.8656 38.8657 0.011839
rclavicle -5.06931e-14 1.13835e-15 -2.67547e-31
rhumerus -24.3891 18.2361 -76.3001
rradius 83.952 -0 0
rwrist 2.9149 0 0
rhand -14.5655 -12.2597 1.00475
rfingers 7.12502 -0 0
rthumb 11.5256 -41.1986 1.18154
342
root 8.01884 16.1599 -20.0017 10.0171 19.7587 2.64898
lfemur -7.29671 13.0811 -8.14094
ltibia 42.1702 -0 0
lfoot 8.46567 28.9632 0.152822
ltoes -21.2165 0 0
rfemur -46.9297 -15.7651 14.517
rtibia 54.1159 -0 0
rfoot -0.0887906 -15.2829 -0.127561
rtoes 1.20611 -0 0
lowerback -0.949146 -1.54521 -1.01854
upperback 1.75756 -2.04126 0.202806
thorax 2.38114 -1.03669 0.721743
lowerneck -6.10195 -8.00065 -0.52514
upperneck -1.25076 -10.7008 6.27005
head 1.033 -5.2676 1.74623
lclavicle -5.02266e-14 2.67904e-15 -7.79946e-32
lhumerus -48.0402 -32.4376 108.9
lradius 56.7181 -0 0
lwrist 19.536 0 0
lhand 4.79117 11.237 0.0236053
lfingers 7.12502 -0 0
lthumb 30.1668 38.7571 0.00941831
rclavicle -5.02266e-14 2.67904e-15 -7.79946e-32
rhumerus -26.0005 17.5021 -78.4371
rradius 83.8693 -0 0
rwrist 2.8357 0 0
rhand -18.4652 -13.9839 0.793547
rfingers 7.12502 -0 0
rthumb 7.77508 -43.2637 0.934544
343
root 7.95746 16.1911 -19.8182 9.88811 18.0622 2.09772
lfemur -6.73782 11.8074 -7.48604
ltibia 42.5074 -0 0
lfoot 10.0994 29.4496 0.10083
ltoes -19.3968 0 0
rfemur -46.8767 -16.432 16.2882
rtibia 53.8575 -0 0
rfoot -1.00329 -14.3521 -0.0848153
rtoes -2.04725 0 0
lowerback -1.21737 -1.47201 -0.792264
upperback 1.67353 -1.95001 0.332316
thorax 2.43901 -0.988923 0.722909
lowerneck -6.29599 -7.71266 -0.56971
upperneck -0.91558 -10.332 6.17464
head 1.15529 -5.07366 1.71681
lclavicle -4.908e-14 4.08965e-15 6.64472e-32
lhumerus -48.0012 -31.2716 108.593
lradius 56.4476 -0 0
lwrist 19.9094 0 0
lhand 4.12249 11.0081 0.0157566
lfingers 7.12502 -0 0
lthumb 29.53 38.6551 0.00626766
rclavicle -4.908e-14 4.08965e-15 6.64472e-32
rhumerus -27.4316 16.7872 -80.3477
rradius 83.7826 -0 0
rwrist 2.78015 0 0
rhand -22.0615 -15.5775 0.520747
rfingers 7.12502 -0 0
rthumb 4.31884 -45.1558 0.614136
344
root 7.90424 16.2178 -19.6608 9.78384 16.606 1.63307
lfemur -6.2817 10.7257 -6.9355
ltibia 42.8317 -0 0
lfoot 11.4561 29.8263 0.0465638
ltoes -17.6781 0 0
rfemur -46.8231 -16.9971 17.8002
rtibia 53.6265 -0 0
rfoot -1.80093 -13.5393 -0.0394076
rtoes -4.72832 0 0
lowerback -1.43579 -1.40815 -0.601342
upperback 1.60513 -1.87124 0.443025
thorax 2.48598 -0.94782 0.725599
lowerneck -6.46059 -7.46554 -0.607623
upperneck -0.629334 -10.015 6.0917
head 1.25945 -4.90721 1.69117
lclavicle -4.73353e-14 5.3303e-15 1.13546e-31
lhumerus -47.9698 -30.281 108.331
lradius 56.2178 -0 0
lwrist 20.2046 0 0
lhand 3.54617 10.8076 0.00737231
lfingers 7.12502 -0 0
lthumb 28.9811 38.5633 0.00291454
rclavicle -4.73353e-14 5.3303e-15 1.13546e-31
rhumerus -28.6317 16.1413 -81.959
rradius 83.6933 -0 0
rwrist 2.75589 0 0
rhand -25.2008 -16.9826 0.236246
rfingers 7.12502 -0 0
rthumb 1.30367 -46.7989 0.279159
345
root 7.86167 16.2389 -19.5372 9.70011 15.4616 1.27409
lfemur -5.9456 9.89612 -6.50917
ltibia 43.1352 0 0
lfoot 12.4603 30.0664 0
ltoes -16.1074 0 0
rfemur -46.7567 -17.4311 18.9732
rtibia 53.4326 0 0
rfoot -2.44603 -12.8812 0
rtoes -6.6814 0 0
lowerback -1.59169 -1.35738 -0.455707
upperback 1.55628 -1.80903 0.529581
thorax 2.51926 -0.915477 0.730137
lowerneck -6.58717 -7.27114 -0.636643
upperneck -0.405685 -9.76516 6.02366
head 1.34033 -4.77631 1.67023
lclavicle -4.50744e-14 6.36111e-15 0
lhumerus -47.9433 -29.5156 108.126
lradius 56.0405 0 0
lwrist 20.4017 0 0
lhand 3.08925 10.6443 0
lfingers 7.12502 0 0
lthumb 28.5458 38.4852 0
rclavicle -4.50744e-14 6.36111e-15 0
rhumerus -29.5543 15.617 -83.2014
rradius 83.6027 0 0
rwrist 2.77055 0 0
rhand -27.7324 -18.1472 0
rfingers 7.12502 0 0
rthumb -1.12744 -768.124 0
346
root 7.74774 16.2888 -19.2546 9.2955 12.8389 0.495778
lfemur -5.44347 8.40893 -5.50119
ltibia 44.8259 -0 0
lfoot 13.4525 29.5674 -0.0481821
ltoes -8.0247 0 0
rfemur -45.9174 -18.2202 21.3523
rtibia 52.7126 -0 0
rfoot -4.31052 -10.9234 0.0532584
rtoes -7.97858 0 0
lowerback -1.60947 -1.22932 -0.198607
upperback 1.55019 -1.64964 0.717754
thorax 2.5168 -0.833854 0.782585
lowerneck -6.82503 -6.82319 -0.664805
upperneck 0.0914853 -9.18744 5.78867
head 1.50768 -4.47756 1.60022
lclavicle -9.49819e-15 1.0051e-14 -6.26764e-31
lhumerus -47.7859 -28.0635 107.632
lradius 55.6969 -0 0
lwrist 20.116 0 0
lhand 1.98295 10.1396 -0.0101287
lfingers 7.12502 -0 0
lthumb 27.4898 38.1684 -0.00395263
rclavicle -9.49819e-15 1.0051e-14 -6.26764e-31
rhumerus -31.54 14.4101 -85.8326
rradius 82.9534 -0 0
rwrist 3.43424 0 0
rhand -35.8843 -22.3245 -0.287069
rfingers 7.12502 -0 0
rthumb -8.97991 -52.2985 -0.34953
347
root 7.70423 16.3004 -19.1954 8.93319 12.2896 0.373163
lfemur -5.63653 8.60304 -5.22642
ltibia 46.3546 0 0
lfoot 12.2204 28.1238 0
ltoes -1.1952 0 0
rfemur -44.8961 -18.1443 21.4767
rtibia 52.2392 0 0
rfoot -5.16925 -9.97722 0
rtoes -4.66805 0 0
lowerback -1.21603 -1.1898 -0.237465
upperback 1.67073 -1.59632 0.746753
thorax 2.42219 -0.807697 0.845829
lowerneck -6.81175 -6.72716 -0.623755
upperneck 0.17906 -9.0625 5.64476
head 1.52166 -4.41713 1.55945
lclavicle 2.67862e-14 1.0138e-14 0
lhumerus -47.6272 -28.1189 107.496
lradius 55.7026 0 0
lwrist 19.2344 0 0
lhand 1.67365 9.90366 0
lfingers 7.12502 0 0
lthumb 27.1924 37.9641 0
rclavicle 2.67862e-14 1.0138e-14 0
rhumerus -31.8709 14.1939 -86.1752
rradius 82.3096 0 0
rwrist 4.29702 0 0
rhand -40.1484 -25.2709 0
rfingers 7.12502 0 0
rthumb -13.1108 -774.839 0
348
root 7.62365 16.3243 -19.0308 8.53969 10.8162 -0.0105951
lfemur -5.69393 8.25865 -4.60801
ltibia 48.2302 0 0
lfoot 12.3294 26.0847 0
ltoes 6.45103 0 0
rfemur -43.7702 -18.4464 22.4514
rtibia 51.6171 0 0
rfoot -6.64163 -8.47936 0
rtoes -3.63759 0 0
lowerback -0.948375 -1.1151 -0.193731
upperback 1.74012 -1.49967 0.854117
thorax 2.34309 -0.759811 0.939497
lowerneck -6.88269 -6.47745 -0.615155
upperneck 0.440531 -8.73789 5.45648
head 1.59737 -4.25278 1.50565
lclavicle 1.54058e-14 -2.38542e-15 0
lhumerus -47.4502 -27.5763 107.214
lradius 55.5983 0 0
lwrist 18.7454 0 0
lhand 0.925138 9.67515 0
lfingers 7.12502 0 0
lthumb 26.4762 37.8456 0
rclavicle 1.54058e-14 -2.38542e-15 0
rhumerus -32.9439 13.3749 -87.4253
rradius 81.648 0 0
rwrist 5.16975 0 0
rhand -44.3678 -30.5705 0
rfingers 7.12502 0 0
rthumb -17.1752 -779.831 0
349
root 7.54253 16.3437 -18.8708 8.14827 9.42614 -0.357441
lfemur -5.91172 8.13241 -4.00295
ltibia 50.2502 0 0
lfoot 12.6374 23.2568 0
ltoes 12.8824 0 0
rfemur -42.5525 -18.7157 23.2727
rtibia 50.9783 0 0
rfoot -8.14352 -6.994 0
rtoes -2.57335 0 0
lowerback -0.637742 -1.04244 -0.186248
upperback 1.81156 -1.40453 0.96141
thorax 2.24265 -0.713279 1.05352
lowerneck -6.93046 -6.24695 -0.603369
upperneck 0.679795 -8.43744 5.27793
head 1.66377 -4.1014 1.45479
lclavicle -2.40529e-14 1.70955e-14 0
lhumerus -47.2581 -27.1376 106.953
lradius 55.5442 0 0
lwrist 18.3532 0 0
lhand 0.185788 9.55885 0
lfingers 7.12502 0 0
lthumb 25.7683 37.8339 0
rclavicle -2.40529e-14 1.70955e-14 0
rhumerus -33.9752 12.4665 -88.4992
rradius 81.0217 0 0
rwrist 5.94647 0 0
rhand -47.1311 -36.3958 0
rfingers 7.12502 0 0
rthumb -19.8333 -785.404 0
350
root 7.51256 16.3405 -18.808 8.09581 9.14399 -0.414902
lfemur -6.06755 8.13445 -3.99232
ltibia 50.2955 -0 0
lfoot 12.4036 23.1247 0.0346862
ltoes 12.7823 -0 0
rfemur -42.4687 -18.5736 23.1281
rtibia 50.9459 -0 0
rfoot -8.05931 -6.92614 0.00698551
rtoes -2.64802 0 0
lowerback -0.586371 -1.016 -0.165004
upperback 1.81432 -1.36993 0.949757
thorax 2.21788 -0.695097 1.02788
lowerneck -6.93318 -6.17411 -0.534315
upperneck 0.711205 -8.34626 5.21956
head 1.67324 -4.05554 1.4283
lclavicle -2.4317e-14 1.71705e-14 -4.43372e-32
lhumerus -47.2281 -27.1055 106.872
lradius 55.4968 -0 0
lwrist 18.3107 0 0
lhand 0.033885 9.48815 0.0130065
lfingers 7.12502 -0 0
lthumb 25.622 37.7753 0.0105392
rclavicle -2.4317e-14 1.71705e-14 -4.43372e-32
rhumerus -34.0752 12.3951 -88.5122
rradius 80.9357 -0 0
rwrist 5.99426 0 0
rhand -47.0431 -36.3374 0.0118455
rfingers 7.12502 -0 0
rthumb -19.7483 -65.3504 0.0105761
351
root 7.48008 16.337 -18.7412 8.04001 8.82248 -0.476857
lfemur -6.23439 8.14066 -3.97749
ltibia 50.3437 -0 0
lfoot 12.1524 22.9872 0.0705782
ltoes 12.6655 -0 0
rfemur -42.3761 -18.4215 22.9707
rtibia 50.9076 -0 0
rfoot -7.96796 -6.85606 0.0141032
rtoes -2.72892 0 0
lowerback -0.531329 -0.987142 -0.141454
upperback 1.81751 -1.33216 0.936789
thorax 2.19162 -0.675254 0.999417
lowerneck -6.93567 -6.09376 -0.458267
upperneck 0.744001 -8.24558 5.1562
head 1.6831 -4.00492 1.3995
lclavicle -2.45702e-14 1.72365e-14 -8.70009e-32
lhumerus -47.1952 -27.0695 106.781
lradius 55.4446 -0 0
lwrist 18.2668 0 0
lhand -0.133571 9.41206 0.027182
lfingers 7.12502 -0 0
lthumb 25.4608 37.7126 0.0220594
rclavicle -2.45702e-14 1.72365e-14 -8.70009e-32
rhumerus -34.1833 12.313 -88.5245
rradius 80.84 -0 0
rwrist 6.04301 0 0
rhand -46.9513 -36.2709 0.023441
rfingers 7.12502 -0 0
rthumb -19.6598 -65.2896 0.020782
352
root 7.44516 16.3332 -18.6707 7.98107 8.46297 -0.543058
lfemur -6.41193 8.15089 -3.95868
ltibia 50.3949 -0 0
lfoot 11.8842 22.8442 0.107542
ltoes 12.5324 -0 0
rfemur -42.2753 -18.2596 22.8012
rtibia 50.8635 -0 0
rfoot -7.86966 -6.7838 0.0213322
rtoes -2.81587 0 0
lowerback -0.472716 -0.955955 -0.115665
upperback 1.8211 -1.29131 0.922549
thorax 2.16389 -0.653804 0.968205
lowerneck -6.93789 -6.00613 -0.375446
upperneck 0.77812 -8.13569 5.08804
head 1.69333 -3.94971 1.36845
lclavicle -2.48126e-14 1.72938e-14 -1.27947e-31
lhumerus -47.1596 -27.0298 106.682
lradius 55.3879 -0 0
lwrist 18.2213 0 0
lhand -0.316085 9.33071 0.0424295
lfingers 7.12502 -0 0
lthumb 25.285 37.6459 0.0344832
rclavicle -2.48126e-14 1.72938e-14 -1.27947e-31
rhumerus -34.2993 12.2206 -88.536
rradius 80.7349 -0 0
rwrist 6.09272 0 0
rhand -46.8558 -36.1964 0.0347821
rfingers 7.12502 -0 0
rthumb -19.5676 -65.2216 0.0306205
353
root 7.40789 16.329 -18.5964 7.91923 8.06682 -0.613261
lfemur -6.59989 8.16499 -3.93606
ltibia 50.449 -0 0
lfoot 11.5995 22.6959 0.145442
ltoes 12.3836 -0 0
rfemur -42.1666 -18.0881 22.6198
rtibia 50.8139 -0 0
rfoot -7.76458 -6.7094 0.0286517
rtoes -2.90872 0 0
lowerback -0.410631 -0.922516 -0.0877032
upperback 1.82509 -1.24749 0.907078
thorax 2.13473 -0.6308 0.934334
lowerneck -6.93982 -5.91147 -0.286076
upperneck 0.813507 -8.01687 5.01523
head 1.70393 -3.89005 1.33523
lclavicle -2.50444e-14 1.73425e-14 -1.67138e-31
lhumerus -47.1213 -26.9866 106.575
lradius 55.3267 -0 0
lwrist 18.1744 0 0
lhand -0.513165 9.24425 0.05865
lfingers 7.12502 -0 0
lthumb 25.0953 37.5753 0.0477316
rclavicle -2.50444e-14 1.73425e-14 -1.67138e-31
rhumerus -34.4229 12.1182 -88.5469
rradius 80.6206 -0 0
rwrist 6.14339 0 0
rhand -46.7566 -36.1142 0.0458637
rfingers 7.12502 -0 0
rthumb -19.4718 -65.1466 0.0400941
354
root 7.36834 16.3246 -18.5186 7.85469 7.63537 -0.68722
lfemur -6.79797 8.18282 -3.90984
ltibia 50.5057 -0 0
lfoot 11.2988 22.5424 0.184142
ltoes 12.2196 -0 0
rfemur -42.0504 -17.9072 22.4272
rtibia 50.759 -0 0
rfoot -7.65291 -6.63289 0.0360406
rtoes -3.00729 0 0
lowerback -0.345172 -0.886906 -0.0576357
upperback 1.82944 -1.20078 0.890418
thorax 2.10417 -0.606298 0.897893
lowerneck -6.94145 -5.81 -0.190379
upperneck 0.850086 -7.88944 4.93794
head 1.71488 -3.8261 1.29991
lclavicle -2.52657e-14 1.73827e-14 -2.04543e-31
lhumerus -47.0806 -26.9399 106.459
lradius 55.2612 -0 0
lwrist 18.1261 0 0
lhand -0.724316 9.15281 0.075743
lfingers 7.12502 -0 0
lthumb 24.892 37.501 0.0617246
rclavicle -2.52657e-14 1.73827e-14 -2.04543e-31
rhumerus -34.5537 12.0061 -88.5569
rradius 80.4976 -0 0
rwrist 6.19503 0 0
rhand -46.6537 -36.0244 0.0566797
rfingers 7.12502 -0 0
rthumb -19.3725 -65.0648 0.0492043
355
root 7.32657 16.3198 -18.4372 7.78767 7.16999 -0.764694
lfemur -7.00587 8.20423 -3.88021
ltibia 50.565 -0 0
lfoot 10.9824 22.3838 0.223505
ltoes 12.0408 -0 0
rfemur -41.9272 -17.7171 22.2238
rtibia 50.6991 -0 0
rfoot -7.53481 -6.5543 0.0434796
rtoes -3.11143 0 0
lowerback -0.276438 -0.849205 -0.0255284
upperback 1.83414 -1.15129 0.87261
thorax 2.07225 -0.580352 0.858968
lowerneck -6.94274 -5.70195 -0.0885469
upperneck 0.887797 -7.7537 4.85634
head 1.72616 -3.758 1.26256
lclavicle -2.54767e-14 1.74147e-14 -2.40138e-31
lhumerus -47.0375 -26.8898 106.335
lradius 55.1916 -0 0
lwrist 18.0764 0 0
lhand -0.949044 9.05653 0.0936069
lfingers 7.12502 -0 0
lthumb 24.6757 37.4229 0.0763816
rclavicle -2.54767e-14 1.74147e-14 -2.40138e-31
rhumerus -34.6916 11.8849 -88.5661
rradius 80.3661 -0 0
rwrist 6.24762 0 0
rhand -46.5471 -35.9272 0.0672263
rfingers 7.12502 -0 0
rthumb -19.2696 -64.9764 0.0579519
356
root 7.28267 16.3147 -18.3525 7.71841 6.67203 -0.845441
lfemur -7.2233 8.22907 -3.84736
ltibia 50.6269 -0 0
lfoot 10.6509 22.2202 0.263392
ltoes 11.8477 -0 0
rfemur -41.7975 -17.518 22.0101
rtibia 50.6343 -0 0
rfoot -7.41051 -6.4737 0.0509441
rtoes -3.22097 0 0
lowerback -0.204527 -0.809493 0.0085524
upperback 1.83917 -1.09911 0.853698
thorax 2.03901 -0.553016 0.817647
lowerneck -6.94368 -5.5876 0.0191481
upperneck 0.926576 -7.60993 4.7706
head 1.73776 -3.68591 1.22326
lclavicle -2.56777e-14 1.74386e-14 -2.73904e-31
lhumerus -46.9921 -26.8365 106.204
lradius 55.1181 -0 0
lwrist 18.0253 0 0
lhand -1.18685 8.95554 0.112139
lfingers 7.12502 -0 0
lthumb 24.4468 37.3413 0.0916213
rclavicle -2.56777e-14 1.74386e-14 -2.73904e-31
rhumerus -34.8364 11.7549 -88.5745
rradius 80.2265 -0 0
rwrist 6.30118 0 0
rhand -46.4369 -35.8229 0.0774911
rfingers 7.12502 -0 0
rthumb -19.1632 -64.8815 0.0663397
357
root 7.2367 16.3093 -18.2644 7.6471 6.14284 -0.929228
lfemur -7.44997 8.2572 -3.81151
ltibia 50.6911 -0 0
lfoot 10.3048 22.0516 0.303665
ltoes 11.6409 -0 0
rfemur -41.6615 -17.31 21.7864
rtibia 50.5649 -0 0
rfoot -7.28018 -6.39111 0.0584143
rtoes -3.33574 0 0
lowerback -0.129539 -0.76785 0.0445405
upperback 1.84452 -1.04434 0.833721
thorax 2.00446 -0.524345 0.774016
lowerneck -6.94424 -5.46718 0.132506
upperneck 0.96637 -7.4584 4.68086
head 1.74966 -3.60997 1.18207
lclavicle -2.58687e-14 1.74546e-14 -3.05828e-31
lhumerus -46.9446 -26.7801 106.065
lradius 55.0406 -0 0
lwrist 17.9728 0 0
lhand -1.43725 8.85 0.131238
lfingers 7.12502 -0 0
lthumb 24.2058 37.2562 0.107362
rclavicle -2.58687e-14 1.74546e-14 -3.05828e-31
rhumerus -34.9876 11.6165 -88.5821
rradius 80.079 -0 0
rwrist 6.35571 0 0
rhand -46.323 -35.7115 0.0874684
rfingers 7.12502 -0 0
rthumb -19.0533 -64.7804 0.0743629
358
root 7.18874 16.3037 -18.1731 7.57396 5.58379 -1.01582
lfemur -7.68557 8.28847 -3.77283
ltibia 50.7575 -0 0
lfoot 9.94436 21.8783 0.344188
ltoes 11.4209 -0 0
rfemur -41.5199 -17.0933 21.5534
rtibia 50.4911 -0 0
rfoot -7.144 -6.30658 0.0658693
rtoes -3.45559 0 0
lowerback -0.0515716 -0.724358 0.0823695
upperback 1.85016 -0.987078 0.812723
thorax 1.96866 -0.494392 0.728163
lowerneck -6.94439 -5.34092 0.251306
upperneck 1.00709 -7.29947 4.58733
head 1.76184 -3.53034 1.13907
lclavicle -2.60499e-14 1.74628e-14 -3.35902e-31
lhumerus -46.8951 -26.7207 105.919
lradius 54.9595 -0 0
lwrist 17.9189 0 0
lhand -1.69975 8.74003 0.150799
lfingers 7.12502 -0 0
lthumb 23.9532 37.1677 0.123523
rclavicle -2.60499e-14 1.74628e-14 -3.35902e-31
rhumerus -35.1451 11.47 -88.5887
rradius 79.9241 -0 0
rwrist 6.4112 0 0
rhand -46.2056 -35.5934 0.0971497
rfingers 7.12502 -0 0
rthumb -18.9398 -64.673 0.0820229
359
root 7.13887 16.2978 -18.0787 7.4992 4.99622 -1.105
lfemur -7.92981 8.32273 -3.73154
ltibia 50.8262 -0 0
lfoot 9.5702 21.7002 0.384822
ltoes 11.1881 -0 0
rfemur -41.373 -16.8681 21.3115
rtibia 50.4131 -0 0
rfoot -7.00216 -6.22013 0.073288
rtoes -3.58035 0 0
lowerback 0.0292765 -0.679096 0.121973
upperback 1.85607 -0.927413 0.790745
thorax 1.93163 -0.463213 0.680174
lowerneck -6.94412 -5.20903 0.375359
upperneck 1.04869 -7.13341 4.49015
head 1.7743 -3.44717 1.09432
lclavicle -2.62216e-14 1.74635e-14 -3.64125e-31
lhumerus -46.8436 -26.6584 105.767
lradius 54.8748 -0 0
lwrist 17.8638 0 0
lhand -1.97384 8.62579 0.170722
lfingers 7.12502 -0 0
lthumb 23.6894 37.0759 0.140022
rclavicle -2.62216e-14 1.74635e-14 -3.64125e-31
rhumerus -35.3087 11.3159 -88.5944
rradius 79.7621 -0 0
rwrist 6.46766 0 0
rhand -46.0845 -35.4686 0.106526
rfingers 7.12502 -0 0
rthumb -18.8229 -64.5598 0.0893186
360
root 7.08715 16.2916 -17.9812 7.423 4.38151 -1.19655
lfemur -8.18239 8.35984 -3.68782
ltibia 50.8969 -0 0
lfoot 9.18275 21.5175 0.425432
ltoes 10.9431 -0 0
rfemur -41.2213 -16.6347 21.061
rtibia 50.3313 -0 0
rfoot -6.85483 -6.13181 0.0806495
rtoes -3.70985 0 0
lowerback 0.112906 -0.632145 0.163285
upperback 1.86224 -0.865453 0.767832
thorax 1.8934 -0.430862 0.630138
lowerneck -6.94339 -5.07182 0.504385
upperneck 1.0911 -6.96052 4.38948
head 1.78701 -3.36061 1.04791
lclavicle -2.63838e-14 1.74568e-14 -3.90499e-31
lhumerus -46.7904 -26.5933 105.609
lradius 54.7868 -0 0
lwrist 17.8073 0 0
lhand -2.25904 8.5074 0.190904
lfingers 7.12502 -0 0
lthumb 23.4149 36.9809 0.15678
rclavicle -2.63838e-14 1.74568e-14 -3.90499e-31
rhumerus -35.478 11.1546 -88.5991
rradius 79.5932 -0 0
rwrist 6.52509 0 0
rhand -45.9598 -35.3374 0.115591
rfingers 7.12502 -0 0
rthumb -18.7026 -64.4407 0.0962485
361
root 7.03367 16.2852 -17.8808 7.34556 3.741 -1.29026
lfemur -8.44303 8.39964 -3.64188
ltibia 50.9696 -0 0
lfoot 8.78246 21.3304 0.465883
ltoes 10.6864 -0 0
rfemur -41.0651 -16.3931 20.8026
rtibia 50.2457 -0 0
rfoot -6.70217 -6.04163 0.0879355
rtoes -3.84394 0 0
lowerback 0.19922 -0.583586 0.206239
upperback 1.86865 -0.801281 0.74402
thorax 1.85402 -0.397393 0.57814
lowerneck -6.94219 -4.92949 0.638191
upperneck 1.13426 -6.78109 4.2855
head 1.79996 -3.2708 0.999895
lclavicle -2.65368e-14 1.74429e-14 -4.1503e-31
lhumerus -46.7355 -26.5256 105.445
lradius 54.6955 -0 0
lwrist 17.7495 0 0
lhand -2.55485 8.38501 0.211245
lfingers 7.12502 -0 0
lthumb 23.1303 36.8828 0.173715
rclavicle -2.65368e-14 1.74429e-14 -4.1503e-31
rhumerus -35.6529 10.9864 -88.6029
rradius 79.4178 -0 0
rwrist 6.58348 0 0
rhand -45.8315 -35.2 0.12433
rfingers 7.12502 -0 0
rthumb -18.5788 -64.3159 0.102811
362
root 6.97849 16.2786 -17.7776 7.26707 3.07606 -1.38592
lfemur -8.71141 8.44199 -3.5939
ltibia 51.0441 -0 0
lfoot 8.36979 21.1389 0.506041
ltoes 10.4184 -0 0
rfemur -40.9049 -16.1437 20.5366
rtibia 50.1566 -0 0
rfoot -6.54444 -5.94968 0.0951215
rtoes -3.98244 0 0
lowerback 0.288118 -0.533498 0.250768
upperback 1.87528 -0.735 0.719353
thorax 1.81352 -0.362861 0.524269
lowerneck -6.94049 -4.78229 0.776557
upperneck 1.17811 -6.59542 4.17836
head 1.81314 -3.17791 0.950352
lclavicle -2.66807e-14 1.74219e-14 -4.37731e-31
lhumerus -46.679 -26.4554 105.275
lradius 54.6011 -0 0
lwrist 17.6905 0 0
lhand -2.86077 8.25877 0.231646
lfingers 7.12502 -0 0
lthumb 22.836 36.7817 0.190749
rclavicle -2.66807e-14 1.74219e-14 -4.37731e-31
rhumerus -35.833 10.8117 -88.6056
rradius 79.2362 -0 0
rwrist 6.64285 0 0
rhand -45.6997 -35.0565 0.132735
rfingers 7.12502 -0 0
rthumb -18.4515 -64.1856 0.109006
363
root 6.92169 16.2717 -17.6717 7.1877 2.38804 -1.48334
lfemur -8.98725 8.48673 -3.54409
ltibia 51.1204 -0 0
lfoot 7.94522 20.9431 0.545776
ltoes 10.1397 -0 0
rfemur -40.7412 -15.8865 20.2635
rtibia 50.0642 -0 0
rfoot -6.38178 -5.85598 0.102189
rtoes -4.1252 0 0
lowerback 0.379502 -0.481961 0.296805
upperback 1.8821 -0.666707 0.693873
thorax 1.77192 -0.327319 0.468611
lowerneck -6.93828 -4.63045 0.919265
upperneck 1.22259 -6.40381 4.06823
head 1.82653 -3.08207 0.899353
lclavicle -2.68158e-14 1.7394e-14 -4.58617e-31
lhumerus -46.6211 -26.3827 105.099
lradius 54.5037 -0 0
lwrist 17.6303 0 0
lhand -3.17631 8.12882 0.252009
lfingers 7.12502 -0 0
lthumb 22.5324 36.6777 0.207805
rclavicle -2.68158e-14 1.7394e-14 -4.58617e-31
rhumerus -36.0182 10.6309 -88.6073
rradius 79.0488 -0 0
rwrist 6.70319 0 0
rhand -45.5644 -34.9072 0.140797
rfingers 7.12502 -0 0
rthumb -18.3209 -64.0501 0.114827
364
root 6.86334 16.2647 -17.5631 7.10762 1.67832 -1.58234
lfemur -9.27025 8.53371 -3.49263
ltibia 51.1983 -0 0
lfoot 7.50921 20.7431 0.584957
ltoes 9.85073 -0 0
rfemur -40.5742 -15.6219 19.9837
rtibia 49.9688 -0 0
rfoot -6.21438 -5.76056 0.10912
rtoes -4.2721 0 0
lowerback 0.473272 -0.429056 0.344283
upperback 1.88911 -0.596498 0.667622
thorax 1.72927 -0.290827 0.411263
lowerneck -6.93552 -4.47423 1.06609
upperneck 1.26764 -6.20656 3.95526
head 1.84012 -2.98345 0.846968
lclavicle -2.6942e-14 1.73595e-14 -4.77707e-31
lhumerus -46.5619 -26.3077 104.919
lradius 54.4035 -0 0
lwrist 17.5688 0 0
lhand -3.50097 7.99531 0.272239
lfingers 7.12502 -0 0
lthumb 22.22 36.5709 0.224805
rclavicle -2.6942e-14 1.73595e-14 -4.77707e-31
rhumerus -36.2081 10.4445 -88.6079
rradius 78.8558 -0 0
rwrist 6.76451 0 0
rhand -45.4256 -34.7522 0.148505
rfingers 7.12502 -0 0
rthumb -18.1869 -63.9094 0.120274
365
root 6.80352 16.2575 -17.452 7.02698 0.94824 -1.68274
lfemur -9.56012 8.58278 -3.43973
ltibia 51.2777 -0 0
lfoot 7.06221 20.5391 0.623459
ltoes 9.55204 -0 0
rfemur -40.4045 -15.3499 19.6977
rtibia 49.8706 -0 0
rfoot -6.04243 -5.66347 0.115893
rtoes -4.42288 0 0
lowerback 0.569331 -0.374861 0.393135
upperback 1.89628 -0.524471 0.64064
thorax 1.68559 -0.253429 0.352294
lowerneck -6.93221 -4.31386 1.21683
upperneck 1.3132 -6.00396 3.83962
head 1.85389 -2.88219 0.793268
lclavicle -2.70598e-14 1.73184e-14 -4.95026e-31
lhumerus -46.5014 -26.2306 104.734
lradius 54.3007 -0 0
lwrist 17.5062 0 0
lhand -3.83426 7.85837 0.292242
lfingers 7.12502 -0 0
lthumb 21.8994 36.4615 0.241676
rclavicle -2.70598e-14 1.73184e-14 -4.95026e-31
rhumerus -36.4026 10.2527 -88.6075
rradius 78.6577 -0 0
rwrist 6.8268 0 0
rhand -45.2833 -34.5918 0.155849
rfingers 7.12502 -0 0
rthumb -18.0496 -63.7637 0.125344
366
root 6.7423 16.25 -17.3385 6.94593 0.199179 -1.78437
lfemur -9.85656 8.63378 -3.38556
ltibia 51.3585 -0 0
lfoot 6.60471 20.3312 0.661157
ltoes 9.24413 -0 0
rfemur -40.2325 -15.0709 19.4059
rtibia 49.7699 -0 0
rfoot -5.86612 -5.56474 0.122491
rtoes -4.57742 0 0
lowerback 0.667577 -0.319457 0.443293
upperback 1.90359 -0.45072 0.612971
thorax 1.64093 -0.215183 0.291801
lowerneck -6.92833 -4.14958 1.37125
upperneck 1.35921 -5.79632 3.72147
head 1.86783 -2.77845 0.738324
lclavicle -2.71691e-14 1.7271e-14 -5.10599e-31
lhumerus -46.4398 -26.1514 104.544
lradius 54.1954 -0 0
lwrist 17.4424 0 0
lhand -4.17567 7.71816 0.311928
lfingers 7.12502 -0 0
lthumb 21.571 36.3494 0.258343
rclavicle -2.71691e-14 1.7271e-14 -5.10599e-31
rhumerus -36.6013 10.0561 -88.606
rradius 78.4547 -0 0
rwrist 6.89006 0 0
rhand -45.1375 -34.4261 0.16282
rfingers 7.12502 -0 0
rthumb -17.9089 -63.6132 0.130036
367
root 6.67975 16.2424 -17.2226 6.86463 -0.567505 -1.88706
lfemur -10.1593 8.68655 -3.33032
ltibia 51.4406 -0 0
lfoot 6.13716 20.1194 0.697932
ltoes 8.92748 -0 0
rfemur -40.0584 -14.785 19.1087
rtibia 49.6667 -0 0
rfoot -5.68562 -5.46441 0.128895
rtoes -4.73555 0 0
lowerback 0.767913 -0.262922 0.494689
upperback 1.91103 -0.375345 0.584654
thorax 1.59532 -0.176143 0.22987
lowerneck -6.92386 -3.98164 1.52913
upperneck 1.40563 -5.58394 3.60096
head 1.88193 -2.67236 0.682206
lclavicle -2.72703e-14 1.72173e-14 -5.24457e-31
lhumerus -46.3773 -26.0703 104.351
lradius 54.0877 -0 0
lwrist 17.3774 0 0
lhand -4.52471 7.57483 0.331209
lfingers 7.12502 -0 0
lthumb 21.2352 36.2349 0.274737
rclavicle -2.72703e-14 1.72173e-14 -5.24457e-31
rhumerus -36.804 9.85491 -88.6034
rradius 78.2472 -0 0
rwrist 6.9543 0 0
rhand -44.9883 -34.2553 0.169407
rfingers 7.12502 -0 0
rthumb -17.7648 -63.4581 0.134347
368
root 6.61595 16.2346 -17.1045 6.7832 -1.35045 -1.99067
lfemur -10.468 8.74093 -3.27421
ltibia 51.524 -0 0
lfoot 5.66003 19.904 0.733666
ltoes 8.60259 -0 0
rfemur -39.8828 -14.4925 18.8066
rtibia 49.5615 -0 0
rfoot -5.50112 -5.36253 0.135088
rtoes -4.89712 0 0
lowerback 0.870239 -0.205335 0.547255
upperback 1.91857 -0.29844 0.555732
thorax 1.54879 -0.136364 0.166591
lowerneck -6.91879 -3.81028 1.69027
upperneck 1.45241 -5.36711 3.47826
head 1.89617 -2.5641 0.624985
lclavicle -2.73633e-14 1.71577e-14 -5.36632e-31
lhumerus -46.3138 -25.9874 104.153
lradius 53.9777 -0 0
lwrist 17.3113 0 0
lhand -4.88088 7.42853 0.349999
lfingers 7.12502 -0 0
lthumb 20.8926 36.118 0.290789
rclavicle -2.73633e-14 1.71577e-14 -5.36632e-31
rhumerus -37.0105 9.6496 -88.5997
rradius 78.0354 -0 0
rwrist 7.01952 0 0
rhand -44.8356 -34.0796 0.175601
rfingers 7.12502 -0 0
rthumb -17.6175 -63.2984 0.138274
369
root 6.55097 16.2267 -16.9842 6.70176 -2.14828 -2.09506
lfemur -10.7823 8.79676 -3.21739
ltibia 51.6084 -0 0
lfoot 5.17379 19.685 0.768245
ltoes 8.26998 -0 0
rfemur -39.706 -14.1936 18.5
rtibia 49.4543 -0 0
rfoot -5.31281 -5.25913 0.141051
rtoes -5.06196 0 0
lowerback 0.974454 -0.146775 0.600922
upperback 1.92621 -0.220103 0.526245
thorax 1.50137 -0.0958971 0.102049
lowerneck -6.91311 -3.63574 1.85444
upperneck 1.49948 -5.14614 3.35351
head 1.91054 -2.4538 0.566731
lclavicle -2.74486e-14 1.70922e-14 -5.4716e-31
lhumerus -46.2495 -25.9028 103.953
lradius 53.8657 -0 0
lwrist 17.2441 0 0
lhand -5.24368 7.27941 0.368217
lfingers 7.12502 -0 0
lthumb 20.5436 35.9989 0.306431
rclavicle -2.74486e-14 1.70922e-14 -5.4716e-31
rhumerus -37.2206 9.44057 -88.5949
rradius 77.8197 -0 0
rwrist 7.08572 0 0
rhand -44.6795 -33.8993 0.181392
rfingers 7.12502 -0 0
rthumb -17.4669 -63.1344 0.141817
370
root 6.48489 16.2187 -16.8619 6.62044 -2.95964 -2.20008
lfemur -11.1021 8.85387 -3.16007
ltibia 51.6938 -0 0
lfoot 4.67891 19.4626 0.801559
ltoes 7.93013 -0 0
rfemur -39.5284 -13.8884 18.1893
rtibia 49.3454 -0 0
rfoot -5.12087 -5.15426 0.14677
rtoes -5.22991 0 0
lowerback 1.08046 -0.0873194 0.655622
upperback 1.93392 -0.140431 0.496236
thorax 1.45311 -0.0547971 0.0363337
lowerneck -6.90682 -3.45825 2.02142
upperneck 1.54681 -4.92133 3.22688
head 1.92503 -2.34162 0.507515
lclavicle -2.75261e-14 1.7021e-14 -5.56079e-31
lhumerus -46.1846 -25.8167 103.749
lradius 53.7518 -0 0
lwrist 17.1758 0 0
lhand -5.61262 7.12761 0.385784
lfingers 7.12502 -0 0
lthumb 20.1888 35.8775 0.321601
rclavicle -2.75261e-14 1.7021e-14 -5.56079e-31
rhumerus -37.4339 9.22818 -88.589
rradius 77.6005 -0 0
rwrist 7.1529 0 0
rhand -44.52 -33.7144 0.186771
rfingers 7.12502 -0 0
rthumb -17.313 -62.9663 0.144973
371
root 6.41777 16.2105 -16.7376 6.53933 -3.78316 -2.30561
lfemur -11.427 8.9121 -3.10242
ltibia 51.7801 -0 0
lfoot 4.17586 19.2368 0.833505
ltoes 7.58355 -0 0
rfemur -39.3503 -13.5774 17.8748
rtibia 49.2351 -0 0
rfoot -4.9255 -5.04795 0.152228
rtoes -5.40079 0 0
lowerback 1.18815 -0.0270465 0.711284
upperback 1.94168 -0.0595207 0.465744
thorax 1.40404 -0.0131168 -0.0304677
lowerneck -6.8999 -3.27807 2.19101
upperneck 1.59436 -4.69297 3.09851
head 1.93963 -2.22771 0.447406
lclavicle -2.75961e-14 1.69444e-14 -5.63431e-31
lhumerus -46.1191 -25.7291 103.542
lradius 53.6361 -0 0
lwrist 17.1065 0 0
lhand -5.98719 6.9733 0.402627
lfingers 7.12502 -0 0
lthumb 19.8285 35.7542 0.336237
rclavicle -2.75961e-14 1.69444e-14 -5.63431e-31
rhumerus -37.6503 9.01285 -88.582
rradius 77.3781 -0 0
rwrist 7.22106 0 0
rhand -44.3571 -33.5252 0.191729
rfingers 7.12502 -0 0
rthumb -17.1558 -62.7942 0.14774
372
root 6.3497 16.2022 -16.6114 6.45854 -4.61747 -2.41152
lfemur -11.7567 8.97127 -3.04462
ltibia 51.8672 -0 0
lfoot 3.66512 19.0079 0.86398
ltoes 7.23074 -0 0
rfemur -39.1721 -13.2607 17.5571
rtibia 49.1236 -0 0
rfoot -4.72687 -4.94025 0.15741
rtoes -5.57446 0 0
lowerback 1.29744 0.0339664 0.767839
upperback 1.94948 0.0225315 0.434812
thorax 1.35419 0.029091 -0.0982671
lowerneck -6.89235 -3.09544 2.36298
upperneck 1.64206 -4.46137 2.96857
head 1.95432 -2.11222 0.386475
lclavicle -2.76587e-14 1.68624e-14 -5.69256e-31
lhumerus -46.0531 -25.6402 103.333
lradius 53.5188 -0 0
lwrist 17.0361 0 0
lhand -6.36689 6.81663 0.418675
lfingers 7.12502 -0 0
lthumb 19.4633 35.6289 0.35028
rclavicle -2.76587e-14 1.68624e-14 -5.69256e-31
rhumerus -37.8695 8.79495 -88.5739
rradius 77.1527 -0 0
rwrist 7.2902 0 0
rhand -44.1909 -33.3319 0.196258
rfingers 7.12502 -0 0
rthumb -16.9955 -62.6182 0.150117
373
root 6.28074 16.1937 -16.4835 6.37816 -5.4612 -2.5177
lfemur -12.0909 9.03122 -2.98684
ltibia 51.9549 -0 0
lfoot 3.14715 18.776 0.892888
ltoes 6.8722 -0 0
rfemur -38.9942 -12.9385 17.2363
rtibia 49.011 -0 0
rfoot -4.52517 -4.83119 0.162301
rtoes -5.75077 0 0
lowerback 1.40821 0.0956422 0.825216
upperback 1.95731 0.105628 0.40348
thorax 1.3036 0.0717736 -0.166976
lowerneck -6.88417 -2.91059 2.53712
upperneck 1.6899 -4.22683 2.83719
head 1.96911 -1.9953 0.324791
lclavicle -2.77142e-14 1.67753e-14 -5.73602e-31
lhumerus -45.9867 -25.5501 103.121
lradius 53.4001 -0 0
lwrist 16.9647 0 0
lhand -6.75123 6.65775 0.433861
lfingers 7.12502 -0 0
lthumb 19.0937 35.5017 0.363675
rclavicle -2.77142e-14 1.67753e-14 -5.73602e-31
rhumerus -38.0913 8.57489 -88.5647
rradius 76.9247 -0 0
rwrist 7.36033 0 0
rhand -44.0214 -33.1346 0.20035
rfingers 7.12502 -0 0
rthumb -16.8319 -62.4386 0.152104
374
root 6.21098 16.1852 -16.3539 6.29826 -6.31299 -2.62405
lfemur -12.4293 9.09176 -2.92928
ltibia 52.0432 -0 0
lfoot 2.62243 18.5411 0.92014
ltoes 6.50844 -0 0
rfemur -38.8169 -12.6111 16.9131
rtibia 48.8977 -0 0
rfoot -4.32058 -4.72082 0.166889
rtoes -5.9295 0 0
lowerback 1.52036 0.157904 0.883346
upperback 1.96513 0.189673 0.371789
thorax 1.25231 0.114878 -0.236507
lowerneck -6.87536 -2.72377 2.71321
upperneck 1.73783 -3.98965 2.70454
head 1.98397 -1.8771 0.262424
lclavicle -2.77626e-14 1.66832e-14 -5.76513e-31
lhumerus -45.92 -25.459 102.908
lradius 53.2799 -0 0
lwrist 16.8923 0 0
lhand -7.13969 6.49682 0.448123
lfingers 7.12502 -0 0
lthumb 18.7201 35.3729 0.376371
rclavicle -2.77626e-14 1.66832e-14 -5.76513e-31
rhumerus -38.3153 8.35304 -88.5545
rradius 76.6945 -0 0
rwrist 7.43144 0 0
rhand -43.8485 -32.9336 0.203998
rfingers 7.12502 -0 0
rthumb -16.6651 -62.2555 0.1537
375
root 6.14047 16.1766 -16.2228 6.21894 -7.17146 -2.73046
lfemur -12.7716 9.15272 -2.87209
ltibia 52.1319 -0 0
lfoot 2.09144 18.3035 0.945648
ltoes 6.13994 -0 0
rfemur -38.6405 -12.2788 16.5876
rtibia 48.7838 -0 0
rfoot -4.1133 -4.60917 0.171159
rtoes -6.11051 0 0
lowerback 1.63381 0.220677 0.942156
upperback 1.97294 0.274569 0.33978
thorax 1.20035 0.158353 -0.306771
lowerneck -6.86592 -2.53522 2.89103
upperneck 1.7858 -3.75014 2.57076
head 1.9989 -1.75778 0.199444
lclavicle -2.78043e-14 1.65863e-14 -5.78038e-31
lhumerus -45.8531 -25.367 102.693
lradius 53.1586 -0 0
lwrist 16.819 0 0
lhand -7.53179 6.334 0.461403
lfingers 7.12502 -0 0
lthumb 18.343 35.2424 0.388317
rclavicle -2.78043e-14 1.65863e-14 -5.78038e-31
rhumerus -38.5415 8.12981 -88.5432
rradius 76.4623 -0 0
rwrist 7.50353 0 0
rhand -43.6723 -32.7291 0.207195
rfingers 7.12502 -0 0
rthumb -16.4952 -62.0691 0.154906
376
root 6.06931 16.168 -16.0902 6.14024 -8.03525 -2.83684
lfemur -13.1176 9.21393 -2.81544
ltibia 52.221 -0 0
lfoot 1.55464 18.0632 0.969333
ltoes 5.76722 -0 0
rfemur -38.4654 -11.9419 16.2603
rtibia 48.6696 -0 0
rfoot -3.90351 -4.4963 0.1751
rtoes -6.29364 0 0
lowerback 1.74844 0.283883 1.00158
upperback 1.98072 0.360219 0.307494
thorax 1.14775 0.202146 -0.37768
lowerneck -6.85587 -2.34519 3.07038
upperneck 1.8338 -3.5086 2.43599
head 2.01388 -1.63749 0.13592
lclavicle -2.78392e-14 1.64848e-14 -5.78226e-31
lhumerus -45.7862 -25.2742 102.477
lradius 53.0363 -0 0
lwrist 16.7447 0 0
lhand -7.92701 6.16944 0.473649
lfingers 7.12502 -0 0
lthumb 17.9629 35.1104 0.399468
rclavicle -2.78392e-14 1.64848e-14 -5.78226e-31
rhumerus -38.7695 7.90558 -88.5309
rradius 76.2286 -0 0
rwrist 7.57661 0 0
rhand -43.4929 -32.5212 0.209935
rfingers 7.12502 -0 0
rthumb -16.3221 -61.8795 0.155721
377
root 5.99755 16.1592 -15.9562 6.06224 -8.90297 -2.94308
lfemur -13.4669 9.27519 -2.75952
ltibia 52.3103 -0 0
lfoot 1.01251 17.8205 0.991119
ltoes 5.39077 -0 0
rfemur -38.2919 -11.6006 15.9315
rtibia 48.5553 -0 0
rfoot -3.6914 -4.38223 0.178702
rtoes -6.47873 0 0
lowerback 1.86417 0.347465 1.06155
upperback 1.98846 0.446525 0.274971
thorax 1.09457 0.246205 -0.449144
lowerneck -6.84521 -2.15391 3.25104
upperneck 1.8818 -3.26533 2.3004
head 2.02892 -1.51637 0.0719208
lclavicle -2.78677e-14 1.63787e-14 -5.77129e-31
lhumerus -45.7191 -25.1807 102.259
lradius 52.9131 -0 0
lwrist 16.6694 0 0
lhand -8.32486 6.00332 0.484811
lfingers 7.12502 -0 0
lthumb 17.5803 34.9771 0.409781
rclavicle -2.78677e-14 1.63787e-14 -5.77129e-31
rhumerus -38.9992 7.68074 -88.5176
rradius 75.9935 -0 0
rwrist 7.65068 0 0
rhand -43.3101 -32.3101 0.212213
rfingers 7.12502 -0 0
rthumb -16.1459 -61.6869 0.156148
378
root 5.92528 16.1504 -15.821 5.98498 -9.77327 -3.04912
lfemur -13.8193 9.33633 -2.70447
ltibia 52.3998 -0 0
lfoot 0.465536 17.5753 1.01094
ltoes 5.0111 -0 0
rfemur -38.1203 -11.2552 15.6016
rtibia 48.4411 -0 0
rfoot -3.47714 -4.26701 0.181953
rtoes -6.66562 0 0
lowerback 1.98086 0.411313 1.12197
upperback 1.99613 0.533392 0.242253
thorax 1.04083 0.290478 -0.521075
lowerneck -6.83395 -1.96162 3.43278
upperneck 1.92975 -3.02063 2.16412
head 2.044 -1.39458 0.0075161
lclavicle -2.78898e-14 1.62685e-14 -5.74798e-31
lhumerus -45.6522 -25.0867 102.041
lradius 52.7891 -0 0
lwrist 16.5933 0 0
lhand -8.72484 5.83578 0.494847
lfingers 7.12502 -0 0
lthumb 17.1956 34.8425 0.419219
rclavicle -2.78898e-14 1.62685e-14 -5.74798e-31
rhumerus -39.2302 7.45569 -88.5034
rradius 75.7575 -0 0
rwrist 7.72574 0 0
rhand -43.1242 -32.0961 0.214024
rfingers 7.12502 -0 0
rthumb -15.9665 -61.4914 0.156188
379
root 5.85257 16.1416 -15.6845 5.90851 -10.6448 -3.15486
lfemur -14.1745 9.39715 -2.65046
ltibia 52.4892 -0 0
lfoot -0.0858138 17.328 1.02873
ltoes 4.6287 -0 0
rfemur -37.9509 -10.9059 15.2709
rtibia 48.3272 -0 0
rfoot -3.26093 -4.15068 0.184844
rtoes -6.85413 0 0
lowerback 2.09843 0.475372 1.18278
upperback 2.00373 0.620721 0.209379
thorax 0.986569 0.334915 -0.593385
lowerneck -6.82211 -1.76857 3.6154
upperneck 1.97764 -2.77481 2.0273
head 2.05912 -1.27227 -0.0572253
lclavicle -2.79058e-14 1.6154e-14 -5.71286e-31
lhumerus -45.5854 -24.9924 101.823
lradius 52.6646 -0 0
lwrist 16.5162 0 0
lhand -9.12643 5.66699 0.503717
lfingers 7.12502 -0 0
lthumb 16.8094 34.7068 0.427745
rclavicle -2.79058e-14 1.6154e-14 -5.71286e-31
rhumerus -39.4623 7.2308 -88.4883
rradius 75.5208 -0 0
rwrist 7.80179 0 0
rhand -42.935 -31.8792 0.215365
rfingers 7.12502 -0 0
rthumb -15.7841 -61.2933 0.155843
380
root 5.77949 16.1327 -15.547 5.83287 -11.5161 -3.26023
lfemur -14.5321 9.45747 -2.59766
ltibia 52.5786 -0 0
lfoot -0.64106 17.0786 1.04443
ltoes 4.24407 -0 0
rfemur -37.7841 -10.5531 14.9398
rtibia 48.2139 -0 0
rfoot -3.04295 -4.03328 0.187368
rtoes -7.04411 0 0
lowerback 2.21677 0.539567 1.2439
upperback 2.01123 0.708416 0.17639
thorax 0.931828 0.379463 -0.665984
lowerneck -6.8097 -1.575 3.79869
upperneck 2.02545 -2.52818 1.89008
head 2.07428 -1.1496 -0.122234
lclavicle -2.79158e-14 1.60357e-14 -5.66647e-31
lhumerus -45.5189 -24.8978 101.604
lradius 52.5396 -0 0
lwrist 16.4383 0 0
lhand -9.52914 5.49711 0.511388
lfingers 7.12502 -0 0
lthumb 16.4221 34.57 0.435329
rclavicle -2.79158e-14 1.60357e-14 -5.66647e-31
rhumerus -39.6953 7.00648 -88.4724
rradius 75.2839 -0 0
rwrist 7.87884 0 0
rhand -42.7426 -31.6598 0.216233
rfingers 7.12502 -0 0
rthumb -15.5986 -61.0927 0.155118
381
root 5.70612 16.1238 -15.4085 5.75809 -12.3859 -3.36515
lfemur -14.8919 9.51708 -2.54621
ltibia 52.6677 -0 0
lfoot -1.19972 16.8273 1.05799
ltoes 3.85772 -0 0
rfemur -37.62 -10.1971 14.6085
rtibia 48.1014 -0 0
rfoot -2.8234 -3.91486 0.189516
rtoes -7.23539 0 0
lowerback 2.33577 0.603824 1.30527
upperback 2.01862 0.79638 0.143327
thorax 0.876643 0.424073 -0.738782
lowerneck -6.79676 -1.38115 3.98242
upperneck 2.07316 -2.28103 1.75262
head 2.08945 -1.02671 -0.187438
lclavicle -2.792e-14 1.59136e-14 -5.60934e-31
lhumerus -45.4526 -24.803 101.386
lradius 52.4143 -0 0
lwrist 16.3596 0 0
lhand -9.93247 5.3263 0.517832
lfingers 7.12502 -0 0
lthumb 16.0343 34.4323 0.441942
rclavicle -2.792e-14 1.59136e-14 -5.60934e-31
rhumerus -39.929 6.78311 -88.4557
rradius 75.0469 -0 0
rwrist 7.95687 0 0
rhand -42.5471 -31.438 0.216626
rfingers 7.12502 -0 0
rthumb -15.41 -60.8897 0.154015
382
root 5.63252 16.1149 -15.2692 5.68421 -13.2527 -3.46955
lfemur -15.2536 9.5758 -2.49627
ltibia 52.7566 -0 0
lfoot -1.76133 16.5742 1.06937
ltoes 3.47015 -0 0
rfemur -37.459 -9.83814 14.2774
rtibia 47.99 -0 0
rfoot -2.60244 -3.79545 0.191282
rtoes -7.42781 0 0
lowerback 2.45535 0.668071 1.36681
upperback 2.02588 0.884515 0.110229
thorax 0.821052 0.468694 -0.811691
lowerneck -6.78329 -1.18725 4.16637
upperneck 2.12075 -2.03367 1.61504
head 2.10465 -0.903758 -0.252777
lclavicle -2.79185e-14 1.57879e-14 -5.54203e-31
lhumerus -45.3867 -24.7084 101.167
lradius 52.2889 -0 0
lwrist 16.28 0 0
lhand -10.3359 5.15473 0.523025
lfingers 7.12502 -0 0
lthumb 15.6463 34.2938 0.447561
rclavicle -2.79185e-14 1.57879e-14 -5.54203e-31
rhumerus -40.1631 6.56108 -88.4382
rradius 74.8103 -0 0
rwrist 8.0359 0 0
rhand -42.3484 -31.214 0.216545
rfingers 7.12502 -0 0
rthumb -15.2184 -60.6846 0.152541
383
root 5.55878 16.106 -15.129 5.61123 -14.1153 -3.57336
lfemur -15.617 9.63343 -2.448
ltibia 52.845 -0 0
lfoot -2.32539 16.3195 1.07853
ltoes 3.08186 -0 0
rfemur -37.3013 -9.47655 13.9468
rtibia 47.8798 -0 0
rfoot -2.38028 -3.6751 0.192661
rtoes -7.6212 0 0
lowerback 2.5754 0.73224 1.42845
upperback 2.03301 0.972724 0.0771384
thorax 0.765095 0.513275 -0.88462
lowerneck -6.76933 -0.99356 4.35035
upperneck 2.1682 -1.78641 1.4775
head 2.11986 -0.780889 -0.318178
lclavicle -2.79116e-14 1.56587e-14 -5.46508e-31
lhumerus -45.3213 -24.6139 100.95
lradius 52.1634 -0 0
lwrist 16.1997 0 0
lhand -10.7389 4.98256 0.526949
lfingers 7.12502 -0 0
lthumb 15.2587 34.1546 0.452165
rclavicle -2.79116e-14 1.56587e-14 -5.46508e-31
rhumerus -40.3973 6.34077 -88.42
rradius 74.5744 -0 0
rwrist 8.11592 0 0
rhand -42.1465 -30.988 0.215989
rfingers 7.12502 -0 0
rthumb -15.0238 -60.4774 0.1507
384
root 5.48497 16.0972 -14.9881 5.53918 -14.9722 -3.67652
lfemur -15.9816 9.68977 -2.40153
ltibia 52.9329 -0 0
lfoot -2.89143 16.0633 1.08544
ltoes 2.69334 -0 0
rfemur -37.1472 -9.11263 13.617
rtibia 47.771 -0 0
rfoot -2.1571 -3.55385 0.193648
rtoes -7.8154 0 0
lowerback 2.6958 0.79625 1.4901
upperback 2.03998 1.06091 0.0440936
thorax 0.70881 0.557766 -0.95748
lowerneck -6.75491 -0.800306 4.53412
upperneck 2.21551 -1.53956 1.34013
head 2.13509 -0.658256 -0.383575
lclavicle -2.78994e-14 1.55263e-14 -5.37905e-31
lhumerus -45.2564 -24.5197 100.734
lradius 52.0382 -0 0
lwrist 16.1185 0 0
lhand -11.1411 4.80995 0.529592
lfingers 7.12502 -0 0
lthumb 14.8719 34.0148 0.455739
rclavicle -2.78994e-14 1.55263e-14 -5.37905e-31
rhumerus -40.6315 6.12257 -88.4012
rradius 74.3395 -0 0
rwrist 8.19694 0 0
rhand -41.9415 -30.7601 0.214959
rfingers 7.12502 -0 0
rthumb -14.8261 -60.2684 0.148499
385
root 5.41116 16.0883 -14.8467 5.46806 -15.8221 -3.77895
lfemur -16.3472 9.74461 -2.35701
ltibia 53.0202 -0 0
lfoot -3.45898 15.8058 1.09008
ltoes 2.30511 -0 0
rfemur -36.997 -8.7467 13.2883
rtibia 47.664 -0 0
rfoot -1.93308 -3.43174 0.19424
rtoes -8.01025 0 0
lowerback 2.81645 0.860035 1.55168
upperback 2.04679 1.14898 0.0111354
thorax 0.652235 0.602118 -1.03018
lowerneck -6.74007 -0.607731 4.71747
upperneck 2.26267 -1.29341 1.20308
head 2.15032 -0.536022 -0.448893
lclavicle -2.78821e-14 1.53908e-14 -5.28449e-31
lhumerus -45.1921 -24.4259 100.519
lradius 51.9132 -0 0
lwrist 16.0366 0 0
lhand -11.5418 4.63707 0.530945
lfingers 7.12502 -0 0
lthumb 14.4865 33.8746 0.45827
rclavicle -2.78821e-14 1.53908e-14 -5.28449e-31
rhumerus -40.8654 5.90688 -88.3819
rradius 74.1059 -0 0
rwrist 8.27896 0 0
rhand -41.7334 -30.5306 0.21346
rfingers 7.12502 -0 0
rthumb -14.6255 -60.0577 0.145946
386
root 5.33742 16.0795 -14.7047 5.39788 -16.6636 -3.8806
lfemur -16.7136 9.79775 -2.31459
ltibia 53.1067 -0 0
lfoot -4.02754 15.5471 1.09243
ltoes 1.91765 -0 0
rfemur -36.8508 -8.37908 12.9609
rtibia 47.5589 -0 0
rfoot -1.70841 -3.3088 0.194435
rtoes -8.20557 0 0
lowerback 2.93725 0.923525 1.61314
upperback 2.05341 1.23683 -0.0216962
thorax 0.595411 0.646282 -1.10263
lowerneck -6.72483 -0.416075 4.90019
upperneck 2.30967 -1.04828 1.06649
head 2.16557 -0.414331 -0.514068
lclavicle -2.78599e-14 1.52524e-14 -5.18194e-31
lhumerus -45.1285 -24.3328 100.305
lradius 51.7886 -0 0
lwrist 15.954 0 0
lhand -11.9407 4.46407 0.531008
lfingers 7.12502 -0 0
lthumb 14.1029 33.7341 0.45975
rclavicle -2.78599e-14 1.52524e-14 -5.18194e-31
rhumerus -41.0988 5.69406 -88.3621
rradius 73.8739 -0 0
rwrist 8.36197 0 0
rhand -41.5222 -30.2997 0.211494
rfingers 7.12502 -0 0
rthumb -14.422 -59.8455 0.14305
387
root 5.26383 16.0707 -14.5624 5.32864 -17.4952 -3.98139
lfemur -17.0804 9.84897 -2.27439
ltibia 53.1925 -0 0
lfoot -4.59665 15.2874 1.09247
ltoes 1.53147 -0 0
rfemur -36.709 -8.01009 12.6353
rtibia 47.4559 -0 0
rfoot -1.48327 -3.18509 0.194231
rtoes -8.40122 0 0
lowerback 3.0581 0.986649 1.67438
upperback 2.05983 1.32436 -0.0543613
thorax 0.538377 0.690207 -1.17475
lowerneck -6.70923 -0.225578 5.08205
upperneck 2.35651 -0.804472 0.930489
head 2.18082 -0.293337 -0.579031
lclavicle -2.78328e-14 1.51113e-14 -5.07197e-31
lhumerus -45.0656 -24.2404 100.094
lradius 51.6647 -0 0
lwrist 15.8707 0 0
lhand -12.3371 4.29113 0.529781
lfingers 7.12502 -0 0
lthumb 13.7216 33.5933 0.460174
rclavicle -2.78328e-14 1.51113e-14 -5.07197e-31
rhumerus -41.3314 5.48452 -88.342
rradius 73.644 -0 0
rwrist 8.44598 0 0
rhand -41.308 -30.0675 0.209068
rfingers 7.12502 -0 0
rthumb -14.2154 -59.6319 0.139821
388
root 5.19046 16.062 -14.4197 5.26032 -18.3157 -4.08127
lfemur -17.4474 9.89808 -2.23656
ltibia 53.2772 -0 0
lfoot -5.16582 15.0268 1.09021
ltoes 1.14707 -0 0
rfemur -36.5718 -7.64006 12.3115
rtibia 47.3553 -0 0
rfoot -1.25786 -3.06065 0.193629
rtoes -8.59702 0 0
lowerback 3.17889 1.04934 1.73532
upperback 2.06605 1.41148 -0.0868197
thorax 0.481172 0.733845 -1.24643
lowerneck -6.69333 -0.0364771 5.26285
upperneck 2.40319 -0.56229 0.795228
head 2.19607 -0.173191 -0.643715
lclavicle -2.78012e-14 1.49676e-14 -4.95511e-31
lhumerus -45.0035 -24.1489 99.8844
lradius 51.5414 -0 0
lwrist 15.7867 0 0
lhand -12.7306 4.11841 0.527275
lfingers 7.12502 -0 0
lthumb 13.3431 33.4525 0.459542
rclavicle -2.78012e-14 1.49676e-14 -4.95511e-31
rhumerus -41.563 5.27863 -88.3215
rradius 73.4163 -0 0
rwrist 8.531 0 0
rhand -41.0907 -29.8343 0.206188
rfingers 7.12502 -0 0
rthumb -14.006 -59.4172 0.136268
389
root 5.11739 16.0533 -14.2769 5.19292 -19.1237 -4.18017
lfemur -17.8142 9.94485 -2.20122
ltibia 53.3609 -0 0
lfoot -5.73456 14.7654 1.08565
ltoes 0.764959 -0 0
rfemur -36.4393 -7.26932 11.99
rtibia 47.2574 -0 0
rfoot -1.03235 -2.93551 0.192629
rtoes -8.7928 0 0
lowerback 3.29952 1.11152 1.7959
upperback 2.07204 1.49809 -0.119032
thorax 0.423837 0.777148 -1.31759
lowerneck -6.67716 0.150989 5.44235
upperneck 2.44971 -0.322043 0.660842
head 2.21133 -0.0540455 -0.708051
lclavicle -2.77651e-14 1.48215e-14 -4.83191e-31
lhumerus -44.9422 -24.0584 99.6774
lradius 51.4191 -0 0
lwrist 15.702 0 0
lhand -13.1207 3.94607 0.523502
lfingers 7.12502 -0 0
lthumb 12.9679 33.3117 0.457857
rclavicle -2.77651e-14 1.48215e-14 -4.83191e-31
rhumerus -41.7933 5.07677 -88.3008
rradius 73.1912 -0 0
rwrist 8.61701 0 0
rhand -40.8704 -29.6002 0.202862
rfingers 7.12502 -0 0
rthumb -13.7936 -59.2014 0.132405
390
root 5.04469 16.0447 -14.1339 5.12641 -19.9177 -4.27803
lfemur -18.1806 9.98907 -2.1685
ltibia 53.4434 -0 0
lfoot -6.30241 14.5035 1.0788
ltoes 0.385626 -0 0
rfemur -36.3119 -6.8982 11.671
rtibia 47.1622 -0 0
rfoot -0.806943 -2.80971 0.191234
rtoes -8.98842 0 0
lowerback 3.41987 1.17314 1.85603
upperback 2.07779 1.5841 -0.150957
thorax 0.366412 0.820067 -1.38814
lowerneck -6.66076 0.336581 5.62036
upperneck 2.49607 -0.0840387 0.527469
head 2.22659 0.0639476 -0.771971
lclavicle -2.77248e-14 1.46732e-14 -4.7029e-31
lhumerus -44.8818 -23.9692 99.4732
lradius 51.2978 -0 0
lwrist 15.6167 0 0
lhand -13.5069 3.77426 0.518481
lfingers 7.12502 -0 0
lthumb 12.5964 33.171 0.455126
rclavicle -2.77248e-14 1.46732e-14 -4.7029e-31
rhumerus -42.0221 4.87933 -88.2801
rradius 72.9691 -0 0
rwrist 8.70403 0 0
rhand -40.6471 -29.3654 0.1991
rfingers 7.12502 -0 0
rthumb -13.5784 -58.9848 0.128244
391
root 4.97243 16.0363 -13.9909 5.06078 -20.6965 -4.37477
lfemur -18.5463 10.0305 -2.13854
ltibia 53.5247 -0 0
lfoot -6.86888 14.2412 1.06968
ltoes 0.00957653 -0 0
rfemur -36.1896 -6.52703 11.3547
rtibia 47.0701 -0 0
rfoot -0.581815 -2.68331 0.189447
rtoes -9.18369 0 0
lowerback 3.53984 1.23411 1.91563
upperback 2.08329 1.6694 -0.182557
thorax 0.308937 0.862554 -1.45799
lowerneck -6.6442 0.520063 5.79664
upperneck 2.54228 0.151417 0.395246
head 2.24186 0.180636 -0.835409
lclavicle -2.76804e-14 1.45229e-14 -4.56863e-31
lhumerus -44.8224 -23.8812 99.2719
lradius 51.1777 -0 0
lwrist 15.5307 0 0
lhand -13.8886 3.60317 0.512235
lfingers 7.12502 -0 0
lthumb 12.2292 33.0306 0.451361
rclavicle -2.76804e-14 1.45229e-14 -4.56863e-31
rhumerus -42.2491 4.68669 -88.2593
rradius 72.7503 -0 0
rwrist 8.79205 0 0
rhand -40.4208 -29.1302 0.194913
rfingers 7.12502 -0 0
rthumb -13.3603 -58.7674 0.1238
392
root 4.90069 16.0279 -13.848 4.99601 -21.4586 -4.47034
lfemur -18.9109 10.069 -2.11144
ltibia 53.6045 -0 0
lfoot -7.43348 13.9785 1.05831
ltoes -0.36269 0 0
rfemur -36.0728 -6.15617 11.0414
rtibia 46.9813 -0 0
rfoot -0.357153 -2.55633 0.187273
rtoes -9.37846 0 0
lowerback 3.65934 1.29438 1.97463
upperback 2.08853 1.7539 -0.213791
thorax 0.251454 0.904561 -1.52705
lowerneck -6.62752 0.701197 5.97097
upperneck 2.58835 0.384015 0.264313
head 2.25714 0.295868 -0.898295
lclavicle -2.7632e-14 1.43706e-14 -4.4296e-31
lhumerus -44.7639 -23.7947 99.0739
lradius 51.0589 -0 0
lwrist 15.4442 0 0
lhand -14.2655 3.43294 0.504794
lfingers 7.12502 -0 0
lthumb 11.8667 32.8905 0.446576
rclavicle -2.7632e-14 1.43706e-14 -4.4296e-31
rhumerus -42.4742 4.49923 -88.2386
rradius 72.5351 -0 0
rwrist 8.88108 0 0
rhand -40.1915 -28.8946 0.190314
rfingers 7.12502 -0 0
rthumb -13.1393 -58.5496 0.119088
393
root 4.82954 16.0196 -13.7053 4.93204 -22.2027 -4.56467
lfemur -19.2743 10.1043 -2.08733
ltibia 53.6829 -0 0
lfoot -7.99575 13.7158 1.04472
ltoes -0.730672 0 0
rfemur -35.9615 -5.78595 10.7314
rtibia 46.896 -0 0
rfoot -0.133145 -2.42883 0.184716
rtoes -9.57257 0 0
lowerback 3.77824 1.35387 2.03294
upperback 2.09349 1.8375 -0.244619
thorax 0.194003 0.946042 -1.59522
lowerneck -6.61078 0.879746 6.14314
upperneck 2.6343 0.613448 0.134806
head 2.27242 0.40949 -0.960562
lclavicle -2.758e-14 1.42167e-14 -4.28634e-31
lhumerus -44.7066 -23.7099 98.8795
lradius 50.9416 -0 0
lwrist 15.3571 0 0
lhand -14.6368 3.26374 0.49619
lfingers 7.12502 -0 0
lthumb 11.5094 32.7509 0.44079
rclavicle -2.758e-14 1.42167e-14 -4.28634e-31
rhumerus -42.697 4.31734 -88.2181
rradius 72.3238 -0 0
rwrist 8.97111 0 0
rhand -39.9592 -28.659 0.185316
rfingers 7.12502 -0 0
rthumb -12.9155 -58.3313 0.114125
394
root 4.75905 16.0114 -13.5629 4.86887 -22.9273 -4.65769
lfemur -19.636 10.1361 -2.06633
ltibia 53.7597 -0 0
lfoot -8.55519 13.453 1.02897
ltoes -1.09387 0 0
rfemur -35.8561 -5.41671 10.4249
rtibia 46.8144 -0 0
rfoot 0.0900239 -2.30084 0.181784
rtoes -9.76584 0 0
lowerback 3.89644 1.41252 2.09047
upperback 2.09816 1.92011 -0.275001
thorax 0.136626 0.986947 -1.66242
lowerneck -6.59403 1.05547 6.31292
upperneck 2.68013 0.839409 0.00686148
head 2.28772 0.521351 -1.02214
lclavicle -2.75243e-14 1.40612e-14 -4.13936e-31
lhumerus -44.6503 -23.6268 98.6888
lradius 50.826 -0 0
lwrist 15.2694 0 0
lhand -15.0023 3.09572 0.486461
lfingers 7.12502 -0 0
lthumb 11.1577 32.612 0.434025
rclavicle -2.75243e-14 1.40612e-14 -4.13936e-31
rhumerus -42.9174 4.14138 -88.198
rradius 72.1168 -0 0
rwrist 9.06215 0 0
rhand -39.7241 -28.4234 0.179937
rfingers 7.12502 -0 0
rthumb -12.6888 -58.1129 0.108929
395
root 4.68931 16.0034 -13.4208 4.80643 -23.6312 -4.74933
lfemur -19.9959 10.1643 -2.04855
ltibia 53.8348 -0 0
lfoot -9.11134 13.1904 1.01108
ltoes -1.45178 0 0
rfemur -35.7565 -5.04882 10.1221
rtibia 46.7368 -0 0
rfoot 0.312167 -2.1724 0.178485
rtoes -9.95812 0 0
lowerback 4.01382 1.47027 2.14715
upperback 2.10253 2.00162 -0.304899
thorax 0.0793636 1.02723 -1.72855
lowerneck -6.57735 1.22815 6.4801
upperneck 2.72587 1.06159 -0.119383
head 2.30303 0.631298 -1.08297
lclavicle -2.74653e-14 1.39044e-14 -3.98915e-31
lhumerus -44.5952 -23.5457 98.5023
lradius 50.7121 -0 0
lwrist 15.1812 0 0
lhand -15.3613 2.92906 0.475651
lfingers 7.12502 -0 0
lthumb 10.8123 32.4737 0.426307
rclavicle -2.74653e-14 1.39044e-14 -3.98915e-31
rhumerus -43.135 3.97173 -88.1782
rradius 71.9143 -0 0
rwrist 9.1542 0 0
rhand -39.486 -28.1882 0.174193
rfingers 7.12502 -0 0
rthumb -12.4594 -57.8944 0.103521
396
root 4.62037 15.9956 -13.2792 4.74469 -24.3129 -4.83952
lfemur -20.3535 10.1886 -2.0341
ltibia 53.908 -0 0
lfoot -9.66371 12.9281 0.991119
ltoes -1.80391 0 0
rfemur -35.6632 -4.6826 9.82329
rtibia 46.6634 -0 0
rfoot 0.533099 -2.04355 0.174828
rtoes -10.1492 0 0
lowerback 4.1303 1.52704 2.2029
upperback 2.10659 2.08194 -0.334272
thorax 0.0222585 1.06685 -1.79352
lowerneck -6.56078 1.39752 6.64445
upperneck 2.77152 1.27968 -0.24379
head 2.31835 0.739179 -1.14298
lclavicle -2.7403e-14 1.37464e-14 -3.8362e-31
lhumerus -44.5413 -23.4667 98.3201
lradius 50.6001 -0 0
lwrist 15.0925 0 0
lhand -15.7134 2.7639 0.463806
lfingers 7.12502 -0 0
lthumb 10.4735 32.3363 0.417665
rclavicle -2.7403e-14 1.37464e-14 -3.8362e-31
rhumerus -43.3496 3.80878 -88.159
rradius 71.7168 -0 0
rwrist 9.24726 0 0
rhand -39.245 -27.9534 0.168105
rfingers 7.12502 -0 0
rthumb -12.2271 -57.676 0.0979203
397
root 4.55232 15.9878 -13.1382 4.68361 -24.971 -4.92818
lfemur -20.7087 10.2089 -2.02309
ltibia 53.9793 -0 0
lfoot -10.2118 12.6663 0.969144
ltoes -2.14974 0 0
rfemur -35.5761 -4.31843 9.52871
rtibia 46.5943 -0 0
rfoot 0.752633 -1.91434 0.170823
rtoes -10.339 0 0
lowerback 4.24574 1.58277 2.25763
upperback 2.11032 2.16097 -0.36308
thorax -0.034648 1.10575 -1.85724
lowerneck -6.5444 1.56338 6.80575
upperneck 2.81712 1.49337 -0.366225
head 2.3337 0.844842 -1.20209
lclavicle -2.73377e-14 1.35874e-14 -3.68099e-31
lhumerus -44.4887 -23.3898 98.1426
lradius 50.4902 -0 0
lwrist 15.0032 0 0
lhand -16.058 2.60041 0.450979
lfingers 7.12502 -0 0
lthumb 10.1418 32.1999 0.408132
rclavicle -2.73377e-14 1.35874e-14 -3.68099e-31
rhumerus -43.5611 3.6529 -88.1405
rradius 71.5245 -0 0
rwrist 9.34133 0 0
rhand -39.0011 -27.7192 0.161693
rfingers 7.12502 -0 0
rthumb -11.9921 -57.4579 0.0921503
398
root 4.48523 15.9803 -12.9979 4.62312 -25.6042 -5.01524
lfemur -21.0611 10.2248 -2.01562
ltibia 54.0486 -0 0
lfoot -10.7552 12.405 0.94522
ltoes -2.48879 0 0
rfemur -35.4954 -3.95665 9.23859
rtibia 46.5299 -0 0
rfoot 0.970583 -1.78481 0.166481
rtoes -10.5274 0 0
lowerback 4.36006 1.63741 2.31126
upperback 2.11372 2.23861 -0.391285
thorax -0.0913136 1.14389 -1.91962
lowerneck -6.52827 1.72547 6.96378
upperneck 2.86268 1.70236 -0.48655
head 2.34908 0.948134 -1.26025
lclavicle -2.72695e-14 1.34276e-14 -3.52398e-31
lhumerus -44.4373 -23.3154 97.9699
lradius 50.3825 -0 0
lwrist 14.9136 0 0
lhand -16.3947 2.43874 0.437224
lfingers 7.12502 -0 0
lthumb 9.81776 32.0645 0.397742
rclavicle -2.72695e-14 1.34276e-14 -3.52398e-31
rhumerus -43.769 3.50447 -88.1228
rradius 71.3377 -0 0
rwrist 9.43641 0 0
rhand -38.7543 -27.4859 0.15498
rfingers 7.12502 -0 0
rthumb -11.7543 -57.2403 0.0862348
399
root 4.41917 15.9729 -12.8583 4.56318 -26.2112 -5.10061
lfemur -21.4103 10.2361 -2.0118
ltibia 54.1158 -0 0
lfoot -11.2934 12.1444 0.919422
ltoes -2.82056 0 0
rfemur -35.4214 -3.59762 8.95317
rtibia 46.4704 -0 0
rfoot 1.18676 -1.655 0.161815
rtoes -10.714 0 0
lowerback 4.47313 1.69088 2.3637
upperback 2.11676 2.31478 -0.418846
thorax -0.147696 1.18123 -1.98056
lowerneck -6.51246 1.88356 7.1183
upperneck 2.90822 1.90633 -0.60463
head 2.36448 1.0489 -1.31739
lclavicle -2.71985e-14 1.3267e-14 -3.36562e-31
lhumerus -44.3873 -23.2435 97.8025
lradius 50.2772 -0 0
lwrist 14.8234 0 0
lhand -16.7229 2.27905 0.422601
lfingers 7.12502 -0 0
lthumb 9.50182 31.9303 0.386537
rclavicle -2.71985e-14 1.3267e-14 -3.36562e-31
rhumerus -43.9733 3.36385 -88.106
rradius 71.1569 -0 0
rwrist 9.5325 0 0
rhand -38.5047 -27.2537 0.147992
rfingers 7.12502 -0 0
rthumb -11.5138 -57.0232 0.0801993
400
root 4.35422 15.9657 -12.7196 4.50373 -26.7904 -5.18423
lfemur -21.7562 10.2427 -2.01172
ltibia 54.1807 -0 0
lfoot -11.8259 11.8848 0.89183
ltoes -3.14453 0 0
rfemur -35.3542 -3.2417 8.67267
rtibia 46.4159 -0 0
rfoot 1.40099 -1.52494 0.15684
rtoes -10.8989 0 0
lowerback 4.58486 1.74312 2.41489
upperback 2.11945 2.38936 -0.445724
thorax -0.203753 1.21771 -2.03998
lowerneck -6.49704 2.03744 7.26913
upperneck 2.95378 2.10498 -0.720328
head 2.37993 1.147 -1.37344
lclavicle -2.71251e-14 1.3106e-14 -3.20635e-31
lhumerus -44.3386 -23.1743 97.6405
lradius 50.1743 -0 0
lwrist 14.7329 0 0
lhand -17.0422 2.12149 0.407174
lfingers 7.12502 -0 0
lthumb 9.19445 31.7974 0.374557
rclavicle -2.71251e-14 1.3106e-14 -3.20635e-31
rhumerus -44.1736 3.23143 -88.0902
rradius 70.9822 -0 0
rwrist 9.62961 0 0
rhand -38.2523 -27.0226 0.140755
rfingers 7.12502 -0 0
rthumb -11.2706 -56.807 0.0740708
401
root 4.29045 15.9588 -12.5819 4.44471 -27.3407 -5.26601
lfemur -22.0984 10.2442 -2.0155
ltibia 54.2433 -0 0
lfoot -12.3522 11.626 0.862531
ltoes -3.46021 0 0
rfemur -35.2939 -2.88923 8.39733
rtibia 46.3667 -0 0
rfoot 1.61307 -1.39468 0.151569
rtoes -11.0817 0 0
lowerback 4.69512 1.79407 2.46472
upperback 2.12177 2.46226 -0.47188
thorax -0.259442 1.2533 -2.09778
lowerneck -6.48209 2.18684 7.41598
upperneck 2.99938 2.29799 -0.83351
head 2.39541 1.24226 -1.42833
lclavicle -2.70492e-14 1.29447e-14 -3.0466e-31
lhumerus -44.2913 -23.108 97.4842
lradius 50.0742 -0 0
lwrist 14.6419 0 0
lhand -17.352 1.96622 0.39101
lfingers 7.12502 -0 0
lthumb 8.89615 31.6658 0.361847
rclavicle -2.70492e-14 1.29447e-14 -3.0466e-31
rhumerus -44.3697 3.10758 -88.0757
rradius 70.8141 -0 0
rwrist 9.72773 0 0
rhand -37.997 -26.793 0.133298
rfingers 7.12502 -0 0
rthumb -11.0246 -56.5916 0.067878
402
root 4.22793 15.952 -12.4452 4.38605 -27.8605 -5.34587
lfemur -22.4367 10.2405 -2.02321
ltibia 54.3034 -0 0
lfoot -12.8719 11.3685 0.831617
ltoes -3.7671 0 0
rfemur -35.2406 -2.54059 8.12738
rtibia 46.3231 -0 0
rfoot 1.82283 -1.26425 0.146019
rtoes -11.2625 0 0
lowerback 4.80382 1.84367 2.51312
upperback 2.1237 2.53338 -0.497273
thorax -0.31472 1.28794 -2.15386
lowerneck -6.46768 2.33153 7.55867
upperneck 3.04505 2.48506 -0.944039
head 2.41094 1.33454 -1.48199
lclavicle -2.69712e-14 1.27832e-14 -2.88678e-31
lhumerus -44.2455 -23.0447 97.3338
lradius 49.9768 -0 0
lwrist 14.5506 0 0
lhand -17.6519 1.81339 0.374178
lfingers 7.12502 -0 0
lthumb 8.60739 31.5358 0.348455
rclavicle -2.69712e-14 1.27832e-14 -2.88678e-31
rhumerus -44.5613 2.99267 -88.0624
rradius 70.6529 -0 0
rwrist 9.82686 0 0
rhand -37.739 -26.565 0.125652
rfingers 7.12502 -0 0
rthumb -10.776 -56.3774 0.0616512
403
root 4.16675 15.9454 -12.3096 4.3277 -28.3485 -5.42373
lfemur -22.7706 10.2313 -2.03497
ltibia 54.361 -0 0
lfoot -13.3845 11.1122 0.799189
ltoes -4.06471 0 0
rfemur -35.1945 -2.19612 7.86303
rtibia 46.2852 -0 0
rfoot 2.03007 -1.13371 0.140208
rtoes -11.4409 0 0
lowerback 4.91084 1.89185 2.55999
upperback 2.12524 2.60264 -0.521864
thorax -0.369545 1.3216 -2.20814
lowerneck -6.45389 2.4713 7.69695
upperneck 3.09082 2.6659 -1.0518
head 2.42653 1.4237 -1.53436
lclavicle -2.68912e-14 1.26217e-14 -2.72729e-31
lhumerus -44.2012 -22.9845 97.1897
lradius 49.8824 -0 0
lwrist 14.4589 0 0
lhand -17.9413 1.66316 0.356751
lfingers 7.12502 -0 0
lthumb 8.32866 31.4074 0.334431
rclavicle -2.68912e-14 1.26217e-14 -2.72729e-31
rhumerus -44.7482 2.88708 -88.0506
rradius 70.4988 -0 0
rwrist 9.92702 0 0
rhand -37.4781 -26.3388 0.11785
rfingers 7.12502 -0 0
rthumb -10.5247 -56.1644 0.0554224
404
root 4.10696 15.9391 -12.1753 4.26958 -28.8033 -5.49951
lfemur -23.0999 10.2164 -2.05086
ltibia 54.4159 -0 0
lfoot -13.8895 10.8572 0.765351
ltoes -4.35252 0 0
rfemur -35.1557 -1.85619 7.60453
rtibia 46.2534 -0 0
rfoot 2.23462 -1.00308 0.134153
rtoes -11.6168 0 0
lowerback 5.01607 1.93856 2.60526
upperback 2.12638 2.66992 -0.545614
thorax -0.423873 1.35422 -2.26052
lowerneck -6.44078 2.60591 7.83061
upperneck 3.13671 2.84015 -1.15662
head 2.44217 1.50956 -1.58537
lclavicle -2.68093e-14 1.24605e-14 -2.5685e-31
lhumerus -44.1584 -22.9276 97.0522
lradius 49.7911 -0 0
lwrist 14.3669 0 0
lhand -18.2198 1.51566 0.338806
lfingers 7.12502 -0 0
lthumb 8.06043 31.2807 0.319827
rclavicle -2.68093e-14 1.24605e-14 -2.5685e-31
rhumerus -44.9302 2.79117 -88.0404
rradius 70.3522 -0 0
rwrist 10.0282 0 0
rhand -37.2145 -26.1146 0.109927
rfingers 7.12502 -0 0
rthumb -10.2707 -55.9528 0.0492251
405
root 4.04865 15.933 -12.0424 4.21165 -29.2236 -5.57311
lfemur -23.4243 10.1956 -2.07098
ltibia 54.4679 -0 0
lfoot -14.3865 10.6038 0.730214
ltoes -4.63003 0 0
rfemur -35.1243 -1.52115 7.35209
rtibia 46.2277 -0 0
rfoot 2.43628 -0.872416 0.127875
rtoes -11.7901 0 0
lowerback 5.1194 1.98372 2.64885
upperback 2.1271 2.73513 -0.568482
thorax -0.477661 1.38577 -2.31091
lowerneck -6.42844 2.73511 7.95941
upperneck 3.18276 3.00753 -1.25837
head 2.45789 1.59199 -1.63496
lclavicle -2.67257e-14 1.22996e-14 -2.4108e-31
lhumerus -44.1171 -22.8742 96.9215
lradius 49.7031 -0 0
lwrist 14.2745 0 0
lhand -18.4869 1.37106 0.320422
lfingers 7.12502 -0 0
lthumb 7.80319 31.1559 0.3047
rclavicle -2.67257e-14 1.22996e-14 -2.4108e-31
rhumerus -45.1069 2.70531 -88.032
rradius 70.2136 -0 0
rwrist 10.1304 0 0
rhand -36.9481 -25.8926 0.10192
rfingers 7.12502 -0 0
rthumb -10.014 -55.7428 0.0430947
406
root 3.99189 15.9272 -11.9109 4.15384 -29.608 -5.64445
lfemur -23.7435 10.1686 -2.09541
ltibia 54.5171 -0 0
lfoot -14.875 10.352 0.693896
ltoes -4.89676 0 0
rfemur -35.1005 -1.19137 7.10596
rtibia 46.2085 -0 0
rfoot 2.63487 -0.741745 0.121393
rtoes -11.9607 0 0
lowerback 5.22073 2.02729 2.69065
upperback 2.12739 2.79818 -0.59043
thorax -0.530867 1.41619 -2.35922
lowerneck -6.41696 2.85869 8.08314
upperneck 3.22899 3.16773 -1.35694
head 2.47368 1.67082 -1.68305
lclavicle -2.66406e-14 1.21392e-14 -2.25453e-31
lhumerus -44.0775 -22.8244 96.7978
lradius 49.6185 -0 0
lwrist 14.1819 0 0
lhand -18.7419 1.2295 0.301678
lfingers 7.12502 -0 0
lthumb 7.55743 31.033 0.289104
rclavicle -2.66406e-14 1.21392e-14 -2.25453e-31
rhumerus -45.2781 2.62989 -88.0254
rradius 70.083 -0 0
rwrist 10.2336 0 0
rhand -36.679 -25.6729 0.0938685
rfingers 7.12502 -0 0
rthumb -9.75474 -55.5345 0.0370683
407
root 3.93675 15.9217 -11.7809 4.09607 -29.955 -5.71346
lfemur -24.0572 10.1352 -2.12425
ltibia 54.5633 -0 0
lfoot -15.3544 10.102 0.656518
ltoes -5.15219 0 0
rfemur -35.0844 -0.867188 6.86634
rtibia 46.1959 -0 0
rfoot 2.8302 -0.611111 0.11473
rtoes -12.1283 0 0
lowerback 5.31994 2.06919 2.7306
upperback 2.12725 2.85896 -0.611417
thorax -0.58344 1.44545 -2.40535
lowerneck -6.4064 2.97641 8.20156
upperneck 3.27546 3.32043 -1.45217
head 2.48955 1.74592 -1.72958
lclavicle -2.65541e-14 1.19796e-14 -2.10004e-31
lhumerus -44.0395 -22.7784 96.6814
lradius 49.5374 -0 0
lwrist 14.089 0 0
lhand -18.9846 1.09114 0.282657
lfingers 7.12502 -0 0
lthumb 7.32361 30.9122 0.2731
rclavicle -2.65541e-14 1.19796e-14 -2.10004e-31
rhumerus -45.4437 2.56526 -88.0208
rradius 69.961 -0 0
rwrist 10.3378 0 0
rhand -36.4072 -25.4557 0.0858135
rfingers 7.12502 -0 0
rthumb -9.49282 -55.3282 0.0311849
408
root 3.88331 15.9164 -11.6526 4.0383 -30.2634 -5.78005
lfemur -24.365 10.0951 -2.15759
ltibia 54.6064 -0 0
lfoot -15.8244 9.8538 0.618208
ltoes -5.39586 0 0
rfemur -35.0761 -0.548974 6.63349
rtibia 46.1902 -0 0
rfoot 3.0221 -0.480553 0.107909
rtoes -12.2927 0 0
lowerback 5.41692 2.10938 2.7686
upperback 2.12666 2.91738 -0.631404
thorax -0.635351 1.4735 -2.44921
lowerneck -6.39684 3.08804 8.31444
upperneck 3.32217 3.46533 -1.54395
head 2.50551 1.81711 -1.77448
lclavicle -2.64665e-14 1.18208e-14 -1.94764e-31
lhumerus -44.0032 -22.7364 96.5726
lradius 49.46 -0 0
lwrist 13.9959 0 0
lhand -19.2143 0.956104 0.263445
lfingers 7.12502 -0 0
lthumb 7.10222 30.7935 0.256747
rclavicle -2.64665e-14 1.18208e-14 -1.94764e-31
rhumerus -45.6033 2.5118 -88.0183
rradius 69.8478 -0 0
rwrist 10.4431 0 0
rhand -36.1326 -25.2413 0.077799
rfingers 7.12502 -0 0
rthumb -9.2283 -55.1238 0.0254852
409
root 3.83164 15.9114 -11.5261 3.98045 -30.5317 -5.84414
lfemur -24.6667 10.0482 -2.19552
ltibia 54.6463 -0 0
lfoot -16.2845 9.60763 0.5791
ltoes -5.6272 0 0
rfemur -35.0757 -0.237079 6.40763
rtibia 46.1916 -0 0
rfoot 3.21037 -0.35011 0.100954
rtoes -12.4538 0 0
lowerback 5.51157 2.14778 2.80456
upperback 2.12561 2.97335 -0.650351
thorax -0.686549 1.5003 -2.49071
lowerneck -6.38837 3.19334 8.42156
upperneck 3.36918 3.60211 -1.63213
head 2.52157 1.88426 -1.81769
lclavicle -2.6378e-14 1.16631e-14 -1.79764e-31
lhumerus -43.9685 -22.6984 96.4717
lradius 49.3864 -0 0
lwrist 13.9025 0 0
lhand -19.4305 0.824555 0.244126
lfingers 7.12502 -0 0
lthumb 6.8937 30.677 0.240103
rclavicle -2.6378e-14 1.16631e-14 -1.79764e-31
rhumerus -45.7567 2.46988 -88.0181
rradius 69.7437 -0 0
rwrist 10.5494 0 0
rhand -35.8554 -25.0298 0.0698711
rfingers 7.12502 -0 0
rthumb -8.96117 -54.9217 0.0200117
410
root 3.78181 15.9067 -11.4013 3.92248 -30.7586 -5.90567
lfemur -24.9619 9.99419 -2.23813
ltibia 54.6829 -0 0
lfoot -16.7342 9.36356 0.53933
ltoes -5.84573 0 0
rfemur -35.0833 0.068145 6.18898
rtibia 46.2004 -0 0
rfoot 3.39483 -0.219821 0.0938894
rtoes -12.6115 0 0
lowerback 5.60377 2.18434 2.8384
upperback 2.12409 3.02676 -0.668218
thorax -0.736992 1.5258 -2.52975
lowerneck -6.38106 3.29212 8.52273
upperneck 3.41652 3.73047 -1.71658
head 2.53773 1.94721 -1.85914
lclavicle -2.62885e-14 1.15066e-14 -1.65034e-31
lhumerus -43.9357 -22.6647 96.379
lradius 49.3168 -0 0
lwrist 13.8089 0 0
lhand -19.6329 0.696606 0.224783
lfingers 7.12502 -0 0
lthumb 6.69862 30.563 0.22324
rclavicle -2.62885e-14 1.15066e-14 -1.65034e-31
rhumerus -45.9036 2.43987 -88.0204
rradius 69.6491 -0 0
rwrist 10.6567 0 0
rhand -35.5754 -24.8215 0.062078
rfingers 7.12502 -0 0
rthumb -8.69146 -54.722 0.0148089
411
root 3.7339 15.9023 -11.2785 3.86436 -30.9427 -5.96453
lfemur -25.2503 9.93285 -2.2855
ltibia 54.716 -0 0
lfoot -17.173 9.1217 0.499042
ltoes -6.05098 0 0
rfemur -35.0991 0.366345 5.9778
rtibia 46.2167 -0 0
rfoot 3.57529 -0.0897247 0.0867419
rtoes -12.7655 0 0
lowerback 5.69341 2.219 2.87004
upperback 2.12209 3.07751 -0.684963
thorax -0.786636 1.54996 -2.56625
lowerneck -6.375 3.38407 8.61763
upperneck 3.46421 3.8501 -1.79716
head 2.55401 2.0058 -1.89876
lclavicle -2.61985e-14 1.13515e-14 -1.50602e-31
lhumerus -43.9047 -22.6353 96.2946
lradius 49.2514 -0 0
lwrist 13.7151 0 0
lhand -19.8207 0.572464 0.205514
lfingers 7.12502 -0 0
lthumb 6.51739 30.4514 0.206219
rclavicle -2.61985e-14 1.13515e-14 -1.50602e-31
rhumerus -46.0439 2.42213 -88.0252
rradius 69.5643 -0 0
rwrist 10.765 0 0
rhand -35.2928 -24.6164 0.0544705
rfingers 7.12502 -0 0
rthumb -8.41917 -54.5248 0.00992323
412
root 3.68798 15.8983 -11.1577 3.806 -31.0826 -6.02069
lfemur -25.5316 9.86396 -2.33774
ltibia 54.7456 -0 0
lfoot -17.6005 8.88217 0.458382
ltoes -6.24242 0 0
rfemur -35.1231 0.657173 5.77431
rtibia 46.2408 -0 0
rfoot 3.75158 0.0401403 0.0795386
rtoes -12.9158 0 0
lowerback 5.78039 2.25169 2.89939
upperback 2.11961 3.12551 -0.700551
thorax -0.835438 1.57274 -2.6001
lowerneck -6.37026 3.469 8.70609
upperneck 3.51231 3.96071 -1.87378
head 2.5704 2.05988 -1.93649
lclavicle -2.6108e-14 1.1198e-14 -1.36493e-31
lhumerus -43.8754 -22.6105 96.2189
lradius 49.1903 -0 0
lwrist 13.6212 0 0
lhand -19.9937 0.452238 0.1864
lfingers 7.12502 -0 0
lthumb 6.35052 30.3424 0.189102
rclavicle -2.6108e-14 1.1198e-14 -1.36493e-31
rhumerus -46.1772 2.41706 -88.0327
rradius 69.4897 -0 0
rwrist 10.8744 0 0
rhand -35.0075 -24.4148 0.0471015
rfingers 7.12502 -0 0
rthumb -8.14432 -54.3303 0.00540288
413
root 3.64413 15.8945 -11.0391 3.74737 -31.177 -6.0741
lfemur -25.8055 9.7873 -2.39492
ltibia 54.7716 -0 0
lfoot -18.0163 8.64506 0.4175
ltoes -6.41957 0 0
rfemur -35.1554 0.940282 5.57876
rtibia 46.2729 -0 0
rfoot 3.9235 0.169736 0.0723079
rtoes -13.0622 0 0
lowerback 5.86459 2.28237 2.92635
upperback 2.11662 3.17067 -0.71494
thorax -0.883354 1.59409 -2.63121
lowerneck -6.36691 3.54668 8.78787
upperneck 3.56082 4.06192 -1.94624
head 2.58692 2.1093 -1.97226
lclavicle -2.60171e-14 1.10463e-14 -1.22733e-31
lhumerus -43.8481 -22.5905 96.1522
lradius 49.1336 -0 0
lwrist 13.5271 0 0
lhand -20.1512 0.336074 0.167529
lfingers 7.12502 -0 0
lthumb 6.19846 30.2361 0.171957
rclavicle -2.60171e-14 1.10463e-14 -1.22733e-31
rhumerus -46.3033 2.42501 -88.043
rradius 69.4254 -0 0
rwrist 10.9847 0 0
rhand -34.7195 -24.2168 0.0400267
rfingers 7.12502 -0 0
rthumb -7.86691 -54.1386 0.00129817
414
root 3.60242 15.8911 -10.9227 3.68848 -31.2244 -6.12464
lfemur -26.0717 9.70262 -2.45715
ltibia 54.7938 -0 0
lfoot -18.4198 8.41049 0.376554
ltoes -6.58192 0 0
rfemur -35.1962 1.21533 5.39139
rtibia 46.3133 -0 0
rfoot 4.09086 0.299023 0.0650789
rtoes -13.2044 0 0
lowerback 5.9459 2.31096 2.95085
upperback 2.11312 3.21289 -0.728089
thorax -0.930343 1.61397 -2.6595
lowerneck -6.36505 3.61687 8.86275
upperneck 3.60977 4.15346 -2.01443
head 2.60357 2.15391 -2.006
lclavicle -2.59261e-14 1.08965e-14 -1.09344e-31
lhumerus -43.8227 -22.5752 96.0947
lradius 49.0814 -0 0
lwrist 13.433 0 0
lhand -20.2928 0.224113 0.14899
lfingers 7.12502 -0 0
lthumb 6.06171 30.1325 0.154849
rclavicle -2.59261e-14 1.08965e-14 -1.09344e-31
rhumerus -46.4219 2.44636 -88.0562
rradius 69.372 -0 0
rwrist 11.0962 0 0
rhand -34.4289 -24.0227 0.0333038
rfingers 7.12502 -0 0
rthumb -7.58697 -53.9499 -0.00233866
415
root 3.56292 15.8881 -10.8086 3.62926 -31.2235 -6.17231
lfemur -26.3297 9.60972 -2.52451
ltibia 54.8121 -0 0
lfoot -18.8105 8.17856 0.3357
ltoes -6.72902 0 0
rfemur -35.2455 1.48197 5.21245
rtibia 46.3621 -0 0
rfoot 4.2535 0.427965 0.0578818
rtoes -13.3424 0 0
lowerback 6.02421 2.33741 2.97279
upperback 2.10909 3.25206 -0.739959
thorax -0.97636 1.63234 -2.68486
lowerneck -6.36473 3.67934 8.93051
upperneck 3.65922 4.23501 -2.07824
head 2.62037 2.19355 -2.03765
lclavicle -2.58352e-14 1.07487e-14 -9.63483e-32
lhumerus -43.7993 -22.565 96.0466
lradius 49.034 -0 0
lwrist 13.3387 0 0
lhand -20.4179 0.116498 0.130868
lfingers 7.12502 -0 0
lthumb 5.94074 30.0319 0.137844
rclavicle -2.58352e-14 1.07487e-14 -9.63483e-32
rhumerus -46.5329 2.48147 -88.0725
rradius 69.3296 -0 0
rwrist 11.2086 0 0
rhand -34.1357 -23.8326 0.0269934
rfingers 7.12502 -0 0
rthumb -7.3045 -53.7644 -0.00545333
416
root 3.52571 15.8854 -10.6969 3.56972 -31.1729 -6.21705
lfemur -26.5793 9.50837 -2.59711
ltibia 54.8265 -0 0
lfoot -19.1882 7.94936 0.295102
ltoes -6.86026 0 0
rfemur -35.3034 1.73986 5.04219
rtibia 46.4197 -0 0
rfoot 4.41121 0.556524 0.050748
rtoes -13.4759 0 0
lowerback 6.09942 2.36166 2.99209
upperback 2.10453 3.28809 -0.75051
thorax -1.02136 1.64915 -2.7072
lowerneck -6.36603 3.73386 8.99091
upperneck 3.70918 4.30628 -2.13753
head 2.63731 2.22808 -2.06714
lclavicle -2.57445e-14 1.06032e-14 -8.37664e-32
lhumerus -43.7779 -22.56 96.0084
lradius 48.9915 -0 0
lwrist 13.2443 0 0
lhand -20.5262 0.0133434 0.113245
lfingers 7.12502 -0 0
lthumb 5.83601 29.9341 0.121003
rclavicle -2.57445e-14 1.06032e-14 -8.37664e-32
rhumerus -46.6361 2.53073 -88.0919
rradius 69.2987 -0 0
rwrist 11.3221 0 0
rhand -33.8399 -23.6468 0.0211584
rfingers 7.12502 -0 0
rthumb -7.01951 -53.5821 -0.00798952
417
root 3.49085 15.8831 -10.5877 3.50985 -31.0713 -6.25881
lfemur -26.8202 9.39835 -2.67504
ltibia 54.8368 -0 0
lfoot -19.5522 7.723 0.254926
ltoes -6.9752 0 0
rfemur -35.3701 1.98868 4.88087
rtibia 46.4861 -0 0
rfoot 4.56383 0.68466 0.0437096
rtoes -13.6048 0 0
lowerback 6.17142 2.38364 3.00867
upperback 2.09943 3.32089 -0.7597
thorax -1.06531 1.66436 -2.72644
lowerneck -6.36903 3.7802 9.04373
upperneck 3.75968 4.36693 -2.19217
head 2.6544 2.25732 -2.09441
lclavicle -2.56541e-14 1.04602e-14 -7.1617e-32
lhumerus -43.7587 -22.5603 95.9802
lradius 48.954 -0 0
lwrist 13.1499 0 0
lhand -20.6171 -0.0851393 0.0962161
lfingers 7.12502 -0 0
lthumb 5.74804 29.8395 0.104402
rclavicle -2.56541e-14 1.04602e-14 -7.1617e-32
rhumerus -46.731 2.59451 -88.1147
rradius 69.2795 -0 0
rwrist 11.4366 0 0
rhand -33.5414 -23.4653 0.0158642
rfingers 7.12502 -0 0
rthumb -6.73202 -53.4034 -0.00988884
418
root 3.45843 15.8812 -10.4811 3.44964 -30.9172 -6.29759
lfemur -27.052 9.27944 -2.75841
ltibia 54.8429 -0 0
lfoot -19.9021 7.49957 0.215341
ltoes -7.07334 0 0
rfemur -35.4457 2.22809 4.72875
rtibia 46.5617 -0 0
rfoot 4.71115 0.812338 0.0367996
rtoes -13.7289 0 0
lowerback 6.24009 2.4033 3.02244
upperback 2.09378 3.35036 -0.76749
thorax -1.10816 1.67793 -2.74246
lowerneck -6.37379 3.81811 9.08874
upperneck 3.81075 4.41666 -2.24204
head 2.67165 2.28115 -2.11939
lclavicle -2.55643e-14 1.03198e-14 -5.99179e-32
lhumerus -43.7415 -22.566 95.9623
lradius 48.9216 -0 0
lwrist 13.0555 0 0
lhand -20.69 -0.178849 0.0798563
lfingers 7.12502 -0 0
lthumb 5.67729 29.7481 0.0880991
rclavicle -2.55643e-14 1.03198e-14 -5.99179e-32
rhumerus -46.8176 2.67315 -88.1408
rradius 69.2724 -0 0
rwrist 11.5521 0 0
rhand -33.2404 -23.2884 0.0111789
rfingers 7.12502 -0 0
rthumb -6.44203 -53.2283 -0.0110908
419
root 3.42852 15.8797 -10.3773 3.3891 -30.7093 -6.33334
lfemur -27.2744 9.15144 -2.84732
ltibia 54.8447 -0 0
lfoot -20.2375 7.27917 0.176517
ltoes -7.15419 0 0
rfemur -35.5301 2.45776 4.58609
rtibia 46.6466 -0 0
rfoot 4.853 0.939519 0.0300521
rtoes -13.8481 0 0
lowerback 6.30532 2.42058 3.0333
upperback 2.08755 3.37639 -0.773838
thorax -1.14986 1.68981 -2.75519
lowerneck -6.38037 3.84736 9.12572
upperneck 3.86241 4.45516 -2.28699
head 2.68907 2.29939 -2.14201
lclavicle -2.54753e-14 1.01821e-14 -4.86851e-32
lhumerus -43.7266 -22.5774 95.955
lradius 48.8946 -0 0
lwrist 12.9611 0 0
lhand -20.7445 -0.267641 0.0642457
lfingers 7.12502 -0 0
lthumb 5.62423 29.66 0.0721581
rclavicle -2.54753e-14 1.01821e-14 -4.86851e-32
rhumerus -46.8956 2.76709 -88.1705
rradius 69.2778 -0 0
rwrist 11.6687 0 0
rhand -32.9368 -23.1162 0.00717329
rfingers 7.12502 -0 0
rthumb -6.14956 -53.0569 -0.0115328
420
root 3.40119 15.8786 -10.2762 3.32827 -30.4462 -6.36607
lfemur -27.487 9.01412 -2.94187
ltibia 54.8422 -0 0
lfoot -20.5579 7.06189 0.13863
ltoes -7.21724 0 0
rfemur -35.6237 2.67737 4.45316
rtibia 46.7412 -0 0
rfoot 4.9892 1.06617 0.0235019
rtoes -13.9622 0 0
lowerback 6.36701 2.43541 3.04118
upperback 2.08075 3.39889 -0.778706
thorax -1.19038 1.69996 -2.76453
lowerneck -6.38885 3.86772 9.15445
upperneck 3.91469 4.48211 -2.32692
head 2.70666 2.3119 -2.1622
lclavicle -2.53871e-14 1.00474e-14 -3.79336e-32
lhumerus -43.7139 -22.5945 95.9586
lradius 48.8731 -0 0
lwrist 12.8667 0 0
lhand -20.7802 -0.351372 0.0494611
lfingers 7.12502 -0 0
lthumb 5.58933 29.5752 0.0566413
rclavicle -2.53871e-14 1.00474e-14 -3.79336e-32
rhumerus -46.9648 2.87669 -88.2037
rradius 69.2958 -0 0
rwrist 11.7863 0 0
rhand -32.6305 -22.949 0.00392059
rfingers 7.12502 -0 0
rthumb -5.85461 -52.8895 -0.01115
421
root 3.37652 15.8779 -10.1781 3.26717 -30.1266 -6.39575
lfemur -27.6895 8.86728 -3.04219
ltibia 54.8351 -0 0
lfoot -20.8628 6.84783 0.101855
ltoes -7.26198 0 0
rfemur -35.7263 2.88661 4.33023
rtibia 46.8455 -0 0
rfoot 5.11956 1.19224 0.0171846
rtoes -14.071 0 0
lowerback 6.42505 2.44774 3.04599
upperback 2.07335 3.41778 -0.782052
thorax -1.22968 1.70834 -2.77038
lowerneck -6.39927 3.87895 9.1747
upperneck 3.9676 4.49719 -2.36169
head 2.72442 2.31853 -2.17991
lclavicle -2.53e-14 9.91587e-15 -2.76773e-32
lhumerus -43.7035 -22.6175 95.9734
lradius 48.8571 -0 0
lwrist 12.7723 0 0
lhand -20.7964 -0.429898 0.0355763
lfingers 7.12502 -0 0
lthumb 5.57308 29.494 0.0416093
rclavicle -2.53e-14 9.91587e-15 -2.76773e-32
rhumerus -47.0249 3.00229 -88.2407
rradius 69.3269 -0 0
rwrist 11.9049 0 0
rhand -32.3218 -22.7869 0.00149684
rfingers 7.12502 -0 0
rthumb -5.5572 -52.7261 -0.0098756
422
root 3.35457 15.8777 -10.0829 3.20586 -29.749 -6.4224
lfemur -27.8815 8.71072 -3.14839
ltibia 54.8234 -0 0
lfoot -21.1519 6.63707 0.0663716
ltoes -7.28792 0 0
rfemur -35.8383 3.08516 4.2176
rtibia 46.9599 -0 0
rfoot 5.24389 1.31771 0.0111369
rtoes -14.1745 0 0
lowerback 6.47933 2.4575 3.04765
upperback 2.06535 3.43293 -0.783834
thorax -1.26771 1.71491 -2.77266
lowerneck -6.41169 3.88082 9.18626
upperneck 4.02116 4.5001 -2.39117
head 2.74235 2.31911 -2.19507
lclavicle -2.52142e-14 9.78761e-15 -1.79288e-32
lhumerus -43.6956 -22.6466 95.9996
lradius 48.847 -0 0
lwrist 12.678 0 0
lhand -20.7928 -0.503072 0.0226614
lfingers 7.12502 -0 0
lthumb 5.57595 29.4163 0.0271212
rclavicle -2.52142e-14 9.78761e-15 -1.79288e-32
rhumerus -47.0758 3.14433 -88.2814
rradius 69.3714 -0 0
rwrist 12.0246 0 0
rhand -32.0105 -22.6301 -1.92655e-05
rfingers 7.12502 -0 0
rthumb -5.25733 -52.567 -0.00764039
423
root 3.33543 15.8779 -9.99087 3.14438 -29.312 -6.44602
lfemur -28.0627 8.54422 -3.26059
ltibia 54.807 -0 0
lfoot -21.4246 6.42971 0.0323593
ltoes -7.29456 0 0
rfemur -35.9596 3.2727 4.11554
rtibia 47.0846 -0 0
rfoot 5.36202 1.44253 0.00539603
rtoes -14.2723 0 0
lowerback 6.52975 2.46463 3.04606
upperback 2.05674 3.44427 -0.784014
thorax -1.30443 1.71961 -2.77126
lowerneck -6.42617 3.87307 9.1889
upperneck 4.07538 4.49051 -2.41526
head 2.76047 2.3135 -2.20761
lclavicle -2.51297e-14 9.66281e-15 -8.69949e-33
lhumerus -43.6901 -22.6819 96.0376
lradius 48.8427 -0 0
lwrist 12.5837 0 0
lhand -20.7688 -0.570748 0.0107823
lfingers 7.12502 -0 0
lthumb 5.59842 29.3423 0.0132333
rclavicle -2.51297e-14 9.66281e-15 -8.69949e-33
rhumerus -47.1172 3.30316 -88.3259
rradius 69.4296 -0 0
rwrist 12.1453 0 0
rhand -31.6966 -22.4787 -0.000546277
rfingers 7.12502 -0 0
rthumb -4.95502 -52.4122 -0.00437305
424
root 3.31916 15.8785 -9.90202 3.0828 -28.8144 -6.46663
lfemur -28.2328 8.36761 -3.37892
ltibia 54.7858 0 0
lfoot -21.6805 6.22585 0
ltoes -7.28139 0 0
rfemur -36.0903 3.44895 4.02434
rtibia 47.2197 0 0
rfoot 5.47376 1.56667 0
rtoes -14.3644 0 0
lowerback 6.57619 2.46907 3.04115
upperback 2.0475 3.4517 -0.782548
thorax -1.3398 1.72241 -2.76609
lowerneck -6.44275 3.85548 9.1824
upperneck 4.13027 4.46812 -2.43381
head 2.77877 2.30155 -2.21747
lclavicle -2.50469e-14 9.54166e-15 0
lhumerus -43.6872 -22.7236 96.0876
lradius 48.8445 0 0
lwrist 12.4896 0 0
lhand -20.7239 -0.632779 0
lfingers 7.12502 0 0
lthumb 5.64097 29.2721 0
rclavicle -2.50469e-14 9.54166e-15 0
rhumerus -47.1489 3.47918 -88.3744
rradius 69.5018 0 0
rwrist 12.2671 0 0
rhand -31.3802 -22.333 0
rfingers 7.12502 0 0
rthumb -4.65028 -772.262 0
425
root 3.30579 15.8796 -9.81643 3.02172 -28.2561 -6.48396
lfemur -28.3914 8.181 -3.50337
ltibia 54.7595 -0 0
lfoot -21.9195 6.02586 -0.0305102
ltoes -7.24884 0 0
rfemur -36.2304 3.6137 3.94406
rtibia 47.3655 -0 0
rfoot 5.57918 1.68997 -0.00501802
rtoes -14.4508 0 0
lowerback 6.61856 2.4708 3.0329
upperback 2.03762 3.45518 -0.779453
thorax -1.37378 1.7233 -2.75717
lowerneck -6.46141 3.82802 9.16676
upperneck 4.18575 4.43288 -2.44682
head 2.79723 2.28323 -2.22463
lclavicle -2.49636e-14 9.42227e-15 8.50169e-33
lhumerus -43.6869 -22.7716 96.1497
lradius 48.8524 -0 0
lwrist 12.3956 0 0
lhand -20.6581 -0.689055 -0.00963191
lfingers 7.12502 -0 0
lthumb 5.70367 29.2058 -0.0125218
rclavicle -2.49636e-14 9.42227e-15 8.50169e-33
rhumerus -47.1709 3.67223 -88.4267
rradius 69.5879 -0 0
rwrist 12.39 0 0
rhand -31.0613 -22.1926 0.00155522
rfingers 7.12502 -0 0
rthumb -4.34316 -52.116 0.00540298
426
root 3.29485 15.8811 -9.73182 2.96015 -27.6256 -6.49837
lfemur -28.5429 7.98011 -3.63683
ltibia 54.7276 -0 0
lfoot -22.1483 5.8248 -0.0599207
ltoes -7.19737 0 0
rfemur -36.383 3.77155 3.87214
rtibia 47.5253 -0 0
rfoot 5.68137 1.81549 -0.00979172
rtoes -14.5339 0 0
lowerback 6.65806 2.46998 3.02123
upperback 2.02686 3.45496 -0.774737
thorax -1.40728 1.72237 -2.74443
lowerneck -6.48251 3.79039 9.14199
upperneck 4.24312 4.38443 -2.45486
head 2.81628 2.25835 -2.2294
lclavicle -2.48754e-14 9.2996e-15 1.7342e-32
lhumerus -43.6892 -22.827 96.2249
lradius 48.8663 -0 0
lwrist 12.2995 0 0
lhand -20.5705 -0.741182 -0.0183628
lfingers 7.12502 -0 0
lthumb 5.78733 29.1416 -0.0246307
rclavicle -2.48754e-14 9.2996e-15 1.7342e-32
rhumerus -47.1841 3.8864 -88.4839
rradius 69.6893 -0 0
rwrist 12.5171 0 0
rhand -30.7319 -22.0533 0.00398079
rfingers 7.12502 -0 0
rthumb -4.02584 -51.97 0.0117854
427
root 3.2863 15.8831 -9.64817 2.8982 -26.9246 -6.51009
lfemur -28.6873 7.7653 -3.77902
ltibia 54.69 -0 0
lfoot -22.3671 5.6227 -0.0882249
ltoes -7.12744 0 0
rfemur -36.5478 3.92261 3.80837
rtibia 47.6988 -0 0
rfoot 5.78038 1.94315 -0.0143268
rtoes -14.6138 0 0
lowerback 6.69474 2.46667 3.00622
upperback 2.01525 3.45112 -0.768439
thorax -1.44029 1.71968 -2.72798
lowerneck -6.50597 3.74284 9.10831
upperneck 4.30234 4.32307 -2.45807
head 2.83592 2.22706 -2.23182
lclavicle -2.47826e-14 9.17374e-15 2.6485e-32
lhumerus -43.6941 -22.8894 96.313
lradius 48.886 -0 0
lwrist 12.2011 0 0
lhand -20.4616 -0.789251 -0.0261907
lfingers 7.12502 -0 0
lthumb 5.89142 29.0794 -0.0363014
rclavicle -2.47826e-14 9.17374e-15 2.6485e-32
rhumerus -47.1888 4.12116 -88.5459
rradius 69.8056 -0 0
rwrist 12.6484 0 0
rhand -30.3922 -21.9152 0.00720928
rfingers 7.12502 -0 0
rthumb -3.69864 -51.824 0.0190665
428
root 3.28006 15.8856 -9.56549 2.836 -26.155 -6.51933
lfemur -28.8246 7.53695 -3.92965
ltibia 54.6471 -0 0
lfoot -22.5762 5.41965 -0.115417
ltoes -7.03953 0 0
rfemur -36.7243 4.06705 3.75254
rtibia 47.8857 -0 0
rfoot 5.87628 2.07289 -0.0186284
rtoes -14.6907 0 0
lowerback 6.72867 2.46093 2.98796
upperback 2.00281 3.44375 -0.760596
thorax -1.47283 1.71526 -2.7079
lowerneck -6.53172 3.68561 9.06596
upperneck 4.36333 4.24914 -2.4566
head 2.85612 2.18953 -2.23196
lclavicle -2.46851e-14 9.04483e-15 3.58945e-32
lhumerus -43.7014 -22.9589 96.4135
lradius 48.9115 -0 0
lwrist 12.1008 0 0
lhand -20.332 -0.833359 -0.03312
lfingers 7.12502 -0 0
lthumb 6.01545 29.0193 -0.0475147
rclavicle -2.46851e-14 9.04483e-15 3.58945e-32
rhumerus -47.1852 4.37597 -88.6125
rradius 69.9365 -0 0
rwrist 12.7837 0 0
rhand -30.0425 -21.7781 0.0111753
rfingers 7.12502 -0 0
rthumb -3.36186 -51.6779 0.0271672
429
root 3.2761 15.8885 -9.48376 2.77367 -25.3187 -6.52631
lfemur -28.9548 7.29543 -4.08845
ltibia 54.5988 -0 0
lfoot -22.7758 5.21568 -0.141491
ltoes -6.93409 0 0
rfemur -36.9123 4.205 3.70443
rtibia 48.0854 -0 0
rfoot 5.96911 2.2046 -0.0227016
rtoes -14.7644 0 0
lowerback 6.7599 2.45283 2.96653
upperback 1.98956 3.43295 -0.751247
thorax -1.50491 1.70917 -2.68429
lowerneck -6.55966 3.61894 9.01518
upperneck 4.42603 4.16295 -2.45057
head 2.87686 2.14592 -2.22988
lclavicle -2.45832e-14 8.91297e-15 4.55347e-32
lhumerus -43.7113 -23.035 96.5264
lradius 48.9426 -0 0
lwrist 11.9984 0 0
lhand -20.1823 -0.873582 -0.0391563
lfingers 7.12502 -0 0
lthumb 6.15886 28.9611 -0.0582483
rclavicle -2.45832e-14 8.91297e-15 4.55347e-32
rhumerus -47.1737 4.65031 -88.6834
rradius 70.0817 -0 0
rwrist 12.9229 0 0
rhand -29.6833 -21.6421 0.0158155
rfingers 7.12502 -0 0
rthumb -3.0158 -51.5319 0.0360102
430
root 3.27435 15.8917 -9.40298 2.71131 -24.4175 -6.53123
lfemur -29.078 7.04111 -4.25514
ltibia 54.5455 -0 0
lfoot -22.966 5.01086 -0.166442
ltoes -6.81161 0 0
rfemur -37.1113 4.33661 3.66386
rtibia 48.2977 -0 0
rfoot 6.05893 2.33823 -0.0265509
rtoes -14.8352 0 0
lowerback 6.78852 2.44242 2.94202
upperback 1.97553 3.4188 -0.74043
thorax -1.53652 1.70146 -2.65723
lowerneck -6.5897 3.54308 8.95619
upperneck 4.49037 4.06483 -2.44014
head 2.89813 2.09638 -2.22564
lclavicle -2.44768e-14 8.77828e-15 5.53697e-32
lhumerus -43.7237 -23.1178 96.6511
lradius 48.9791 -0 0
lwrist 11.8941 0 0
lhand -20.0129 -0.910013 -0.0443132
lfingers 7.12502 -0 0
lthumb 6.32115 28.9049 -0.068488
rclavicle -2.44768e-14 8.77828e-15 5.53697e-32
rhumerus -47.1544 4.94364 -88.7586
rradius 70.2405 -0 0
rwrist 13.0659 0 0
rhand -29.3147 -21.5072 0.0210685
rfingers 7.12502 -0 0
rthumb -2.66076 -51.386 0.04552
431
root 3.27476 15.8954 -9.32315 2.64905 -23.4534 -6.53431
lfemur -29.1942 6.77438 -4.42946
ltibia 54.4871 -0 0
lfoot -23.147 4.80525 -0.190265
ltoes -6.67248 0 0
rfemur -37.321 4.46204 3.63061
rtibia 48.5222 -0 0
rfoot 6.14579 2.47368 -0.0301805
rtoes -14.9031 0 0
lowerback 6.81456 2.42978 2.91449
upperback 1.96073 3.4014 -0.728183
thorax -1.56767 1.69216 -2.62683
lowerneck -6.62176 3.45827 8.88924
upperneck 4.55627 3.95508 -2.42544
head 2.91989 2.04108 -2.21931
lclavicle -2.43662e-14 8.64088e-15 6.5364e-32
lhumerus -43.7386 -23.2069 96.7875
lradius 49.0209 -0 0
lwrist 11.788 0 0
lhand -19.8244 -0.942739 -0.0486071
lfingers 7.12502 -0 0
lthumb 6.50179 28.8506 -0.078221
rclavicle -2.43662e-14 8.64088e-15 6.5364e-32
rhumerus -47.1278 5.25542 -88.8379
rradius 70.4128 -0 0
rwrist 13.2124 0 0
rhand -28.9371 -21.3734 0.0268748
rfingers 7.12502 -0 0
rthumb -2.29705 -51.2401 0.055623
432
root 3.27727 15.8995 -9.24426 2.58699 -22.4281 -6.53574
lfemur -29.3034 6.49562 -4.61116
ltibia 54.4239 -0 0
lfoot -23.3191 4.59891 -0.212956
ltoes -6.51726 0 0
rfemur -37.541 4.58144 3.6045
rtibia 48.7585 -0 0
rfoot 6.22976 2.61087 -0.0335944
rtoes -14.9681 0 0
lowerback 6.83811 2.41496 2.88405
upperback 1.94519 3.38082 -0.714544
thorax -1.59837 1.68133 -2.59316
lowerneck -6.65573 3.36475 8.81457
upperneck 4.62368 3.83399 -2.40661
head 2.94214 1.98018 -2.21093
lclavicle -2.42513e-14 8.50087e-15 7.54822e-32
lhumerus -43.756 -23.3021 96.9352
lradius 49.0679 -0 0
lwrist 11.6801 0 0
lhand -19.6174 -0.971858 -0.0520602
lfingers 7.12502 -0 0
lthumb 6.70031 28.7981 -0.0874399
rclavicle -2.42513e-14 8.50087e-15 7.54822e-32
rhumerus -47.0939 5.58514 -88.9209
rradius 70.5982 -0 0
rwrist 13.3624 0 0
rhand -28.5508 -21.2406 0.0331769
rfingers 7.12502 -0 0
rthumb -1.92497 -51.0943 0.0662475
433
root 3.28182 15.904 -9.16631 2.52522 -21.3435 -6.53569
lfemur -29.4056 6.20522 -4.79999
ltibia 54.3561 -0 0
lfoot -23.4825 4.39189 -0.234512
ltoes -6.34638 0 0
rfemur -37.771 4.69498 3.58534
rtibia 49.0063 -0 0
rfoot 6.31089 2.74973 -0.0367964
rtoes -15.0303 0 0
lowerback 6.85922 2.39803 2.85078
upperback 1.92892 3.35717 -0.699552
thorax -1.62864 1.66901 -2.55634
lowerneck -6.69152 3.26275 8.73241
upperneck 4.69249 3.70194 -2.38381
head 2.96483 1.91384 -2.20058
lclavicle -2.41323e-14 8.35839e-15 8.56894e-32
lhumerus -43.7758 -23.4033 97.0939
lradius 49.1198 -0 0
lwrist 11.5705 0 0
lhand -19.3924 -0.997433 -0.054693
lfingers 7.12502 -0 0
lthumb 6.91611 28.7474 -0.0961312
rclavicle -2.41323e-14 8.35839e-15 8.56894e-32
rhumerus -47.0531 5.93227 -89.0076
rradius 70.7962 -0 0
rwrist 13.5158 0 0
rhand -28.1562 -21.1089 0.0399193
rfingers 7.12502 -0 0
rthumb -1.54483 -50.9485 0.0773235
434
root 3.28837 15.9088 -9.08928 2.46383 -20.2014 -6.53435
lfemur -29.5009 5.90357 -4.99569
ltibia 54.2836 -0 0
lfoot -23.6373 4.18427 -0.254931
ltoes -6.16031 0 0
rfemur -38.0106 4.80282 3.57294
rtibia 49.2651 -0 0
rfoot 6.38923 2.89017 -0.0397901
rtoes -15.0897 0 0
lowerback 6.87797 2.37904 2.81475
upperback 1.91196 3.33054 -0.683243
thorax -1.65846 1.65524 -2.51644
lowerneck -6.72904 3.15248 8.64295
upperneck 4.76263 3.55923 -2.35716
head 2.98796 1.84223 -2.18831
lclavicle -2.40092e-14 8.21353e-15 9.59509e-32
lhumerus -43.7982 -23.5103 97.2634
lradius 49.1766 -0 0
lwrist 11.4593 0 0
lhand -19.1499 -1.01956 -0.0565343
lfingers 7.12502 -0 0
lthumb 7.14872 28.6985 -0.104292
rclavicle -2.40092e-14 8.21353e-15 9.59509e-32
rhumerus -47.0057 6.29627 -89.0978
rradius 71.0065 -0 0
rwrist 13.6723 0 0
rhand -27.7536 -20.9783 0.0470481
rfingers 7.12502 -0 0
rthumb -1.15692 -50.8029 0.088783
435
root 3.29685 15.914 -9.01318 2.4029 -19.0038 -6.53188
lfemur -29.5893 5.59106 -5.19805
ltibia 54.2068 -0 0
lfoot -23.7837 3.9761 -0.27421
ltoes -5.95951 0 0
rfemur -38.2596 4.90513 3.56711
rtibia 49.5346 -0 0
rfoot 6.46483 3.03211 -0.0425787
rtoes -15.1464 0 0
lowerback 6.8944 2.35805 2.77605
upperback 1.89433 3.30101 -0.66566
thorax -1.68786 1.64008 -2.47356
lowerneck -6.76817 3.03426 8.54651
upperneck 4.83404 3.40617 -2.32682
head 3.0115 1.76549 -2.17418
lclavicle -2.38822e-14 8.06643e-15 1.06233e-31
lhumerus -43.823 -23.6228 97.4432
lradius 49.238 -0 0
lwrist 11.3466 0 0
lhand -18.8905 -1.03832 -0.0576141
lfingers 7.12502 -0 0
lthumb 7.39759 28.6514 -0.111919
rclavicle -2.38822e-14 8.06643e-15 1.06233e-31
rhumerus -46.9519 6.67662 -89.1912
rradius 71.2286 -0 0
rwrist 13.832 0 0
rhand -27.3432 -20.8487 0.0545114
rfingers 7.12502 -0 0
rthumb -0.76156 -50.6574 0.10056
436
root 3.3072 15.9195 -8.938 2.3425 -17.7525 -6.52842
lfemur -29.6708 5.26808 -5.40681
ltibia 54.1257 -0 0
lfoot -23.9219 3.76744 -0.292348
ltoes -5.74444 0 0
rfemur -38.5175 5.00207 3.56768
rtibia 49.8144 -0 0
rfoot 6.53776 3.17548 -0.0451656
rtoes -15.2005 0 0
lowerback 6.9086 2.33514 2.73478
upperback 1.87604 3.26866 -0.646833
thorax -1.71684 1.62356 -2.4278
lowerneck -6.80881 2.90828 8.4433
upperneck 4.90663 3.24308 -2.29292
head 3.03543 1.6838 -2.15826
lclavicle -2.37514e-14 7.91718e-15 1.16501e-31
lhumerus -43.8503 -23.7407 97.6332
lradius 49.3041 -0 0
lwrist 11.2324 0 0
lhand -18.6147 -1.0538 -0.057965
lfingers 7.12502 -0 0
lthumb 7.66223 28.606 -0.119011
rclavicle -2.37514e-14 7.91718e-15 1.16501e-31
rhumerus -46.892 7.0728 -89.2877
rradius 71.4623 -0 0
rwrist 13.9946 0 0
rhand -26.9254 -20.7201 0.062259
rfingers 7.12502 -0 0
rthumb -0.359047 -50.5121 0.11259
437
root 3.31938 15.9254 -8.86373 2.2827 -16.4494 -6.52414
lfemur -29.7455 4.93504 -5.62176
ltibia 54.0405 -0 0
lfoot -24.0523 3.55836 -0.309345
ltoes -5.51553 0 0
rfemur -38.784 5.09381 3.57446
rtibia 50.1042 -0 0
rfoot 6.60807 3.32019 -0.0475536
rtoes -15.2521 0 0
lowerback 6.92062 2.31035 2.69101
upperback 1.85711 3.2336 -0.626805
thorax -1.74541 1.60574 -2.37924
lowerneck -6.85087 2.77479 8.33354
upperneck 4.98031 3.07028 -2.25561
head 3.05972 1.59732 -2.14059
lclavicle -2.36169e-14 7.76592e-15 1.26723e-31
lhumerus -43.8801 -23.8637 97.8331
lradius 49.3745 -0 0
lwrist 11.1168 0 0
lhand -18.3231 -1.06609 -0.0576221
lfingers 7.12502 -0 0
lthumb 7.94211 28.5622 -0.125568
rclavicle -2.36169e-14 7.76592e-15 1.26723e-31
rhumerus -46.8262 7.48427 -89.387
rradius 71.7071 -0 0
rwrist 14.1599 0 0
rhand -26.5005 -20.5926 0.0702428
rfingers 7.12502 -0 0
rthumb 0.0503102 -50.367 0.124811
438
root 3.33333 15.9316 -8.79037 2.22354 -15.0962 -6.51915
lfemur -29.8134 4.59233 -5.84268
ltibia 53.9513 -0 0
lfoot -24.1748 3.34893 -0.325202
ltoes -5.27332 0 0
rfemur -39.0588 5.18052 3.58727
rtibia 50.4035 -0 0
rfoot 6.67582 3.46616 -0.0497459
rtoes -15.3011 0 0
lowerback 6.93052 2.28374 2.64482
upperback 1.83757 3.19591 -0.605612
thorax -1.77357 1.58665 -2.32799
lowerneck -6.89424 2.63404 8.21748
upperneck 5.05502 2.8881 -2.21501
head 3.08435 1.5062 -2.12126
lclavicle -2.34787e-14 7.61275e-15 1.36867e-31
lhumerus -43.9123 -23.9916 98.0424
lradius 49.4492 -0 0
lwrist 10.9998 0 0
lhand -18.0162 -1.07526 -0.0566224
lfingers 7.12502 -0 0
lthumb 8.2367 28.5201 -0.131594
rclavicle -2.34787e-14 7.61275e-15 1.36867e-31
rhumerus -46.7549 7.9105 -89.489
rradius 71.9627 -0 0
rwrist 14.3279 0 0
rhand -26.0688 -20.4661 0.078416
rfingers 7.12502 -0 0
rthumb 0.466207 -50.2221 0.137163
439
root 3.34898 15.9381 -8.71791 2.16507 -13.6949 -6.51359
lfemur -29.8744 4.24037 -6.06934
ltibia 53.8583 -0 0
lfoot -24.2898 3.1392 -0.339921
ltoes -5.01825 0 0
rfemur -39.3415 5.26238 3.60594
rtibia 50.712 -0 0
rfoot 6.74105 3.61331 -0.0517452
rtoes -15.3477 0 0
lowerback 6.93839 2.25538 2.59631
upperback 1.81744 3.15567 -0.583292
thorax -1.80133 1.56634 -2.27413
lowerneck -6.93881 2.48625 8.09535
upperneck 5.13069 2.69679 -2.17127
head 3.10929 1.41061 -2.1003
lclavicle -2.33369e-14 7.45779e-15 1.469e-31
lhumerus -43.9471 -24.1244 98.2611
lradius 49.528 -0 0
lwrist 10.8816 0 0
lhand -17.6945 -1.0814 -0.0550049
lfingers 7.12502 -0 0
lthumb 8.54549 28.4795 -0.137092
rclavicle -2.33369e-14 7.45779e-15 1.469e-31
rhumerus -46.6782 8.35098 -89.5934
rradius 72.2286 -0 0
rwrist 14.4985 0 0
rhand -25.6306 -20.3406 0.0867338
rfingers 7.12502 -0 0
rthumb 0.888338 -50.0774 0.149587
440
root 3.36629 15.9449 -8.64635 2.10731 -12.2474 -6.50756
lfemur -29.9288 3.87954 -6.30153
ltibia 53.7616 -0 0
lfoot -24.3974 2.92925 -0.353505
ltoes -4.75078 0 0
rfemur -39.6319 5.33954 3.63029
rtibia 51.0293 -0 0
rfoot 6.80383 3.76156 -0.0535543
rtoes -15.3919 0 0
lowerback 6.94427 2.22533 2.54557
upperback 1.79675 3.11299 -0.559883
thorax -1.8287 1.54487 -2.21776
lowerneck -6.98448 2.33167 7.96739
upperneck 5.2072 2.49678 -2.12453
head 3.13452 1.3107 -2.07779
lclavicle -2.31917e-14 7.30115e-15 1.56792e-31
lhumerus -43.9843 -24.2616 98.4886
lradius 49.6108 -0 0
lwrist 10.7623 0 0
lhand -17.3586 -1.0846 -0.0528099
lfingers 7.12502 -0 0
lthumb 8.86796 28.4406 -0.142068
rclavicle -2.31917e-14 7.30115e-15 1.56792e-31
rhumerus -46.5963 8.80517 -89.7
rradius 72.5045 -0 0
rwrist 14.6714 0 0
rhand -25.1864 -20.2162 0.0951531
rfingers 7.12502 -0 0
rthumb 1.3164 -49.9329 0.162028
441
root 3.3852 15.952 -8.57567 2.05031 -10.7555 -6.50117
lfemur -29.9765 3.51027 -6.53905
ltibia 53.6614 -0 0
lfoot -24.4978 2.71914 -0.365956
ltoes -4.47138 0 0
rfemur -39.9295 5.41219 3.66015
rtibia 51.355 -0 0
rfoot 6.86421 3.91083 -0.0551761
rtoes -15.4337 0 0
lowerback 6.94823 2.19364 2.49267
upperback 1.7755 3.06795 -0.535424
thorax -1.85569 1.52227 -2.15896
lowerneck -7.03116 2.17051 7.83381
upperneck 5.28449 2.28833 -2.07493
head 3.16003 1.20664 -2.05377
lclavicle -2.30431e-14 7.14296e-15 1.66512e-31
lhumerus -44.024 -24.4032 98.7249
lradius 49.6974 -0 0
lwrist 10.6418 0 0
lhand -17.009 -1.08493 -0.0500793
lfingers 7.12502 -0 0
lthumb 9.20359 28.4031 -0.146529
rclavicle -2.30431e-14 7.14296e-15 1.66512e-31
rhumerus -46.5097 9.27254 -89.8087
rradius 72.79 -0 0
rwrist 14.8466 0 0
rhand -24.7363 -20.0927 0.103632
rfingers 7.12502 -0 0
rthumb 1.75008 -49.7888 0.17443
442
root 3.40565 15.9593 -8.50589 1.99406 -9.22096 -6.49453
lfemur -30.0175 3.13295 -6.78169
ltibia 53.5578 -0 0
lfoot -24.5913 2.50893 -0.377281
ltoes -4.18051 0 0
rfemur -40.234 5.4805 3.69535
rtibia 51.6889 -0 0
rfoot 6.92225 4.06104 -0.0566132
rtoes -15.4733 0 0
lowerback 6.95034 2.16037 2.4377
upperback 1.75372 3.02064 -0.509952
thorax -1.88231 1.49858 -2.09784
lowerneck -7.07873 2.00308 7.69489
upperneck 5.36248 2.07178 -2.0226
head 3.18577 1.0986 -2.02833
lclavicle -2.28912e-14 6.98332e-15 1.76032e-31
lhumerus -44.0662 -24.549 98.9695
lradius 49.7877 -0 0
lwrist 10.5203 0 0
lhand -16.6463 -1.08248 -0.0468558
lfingers 7.12502 -0 0
lthumb 9.55186 28.3672 -0.150484
rclavicle -2.28912e-14 6.98332e-15 1.76032e-31
rhumerus -46.4184 9.75256 -89.9193
rradius 73.0847 -0 0
rwrist 15.0238 0 0
rhand -24.2807 -19.9703 0.112132
rfingers 7.12502 -0 0
rthumb 2.18907 -49.6449 0.186742
443
root 3.42759 15.967 -8.43698 1.93859 -7.64578 -6.48771
lfemur -30.052 2.74799 -7.02925
ltibia 53.4509 -0 0
lfoot -24.678 2.2987 -0.387486
ltoes -3.87863 0 0
rfemur -40.5452 5.54463 3.7357
rtibia 52.0304 -0 0
rfoot 6.978 4.2121 -0.0578684
rtoes -15.5107 0 0
lowerback 6.95067 2.12559 2.38075
upperback 1.73144 2.97115 -0.483504
thorax -1.90855 1.47386 -2.03449
lowerneck -7.12709 1.82959 7.55084
upperneck 5.4411 1.84743 -1.96766
head 3.21174 0.98672 -2.0015
lclavicle -2.27362e-14 6.82235e-15 1.85322e-31
lhumerus -44.1109 -24.6986 99.2222
lradius 49.8814 -0 0
lwrist 10.3979 0 0
lhand -16.2709 -1.07734 -0.0431832
lfingers 7.12502 -0 0
lthumb 9.91225 28.3327 -0.153942
rclavicle -2.27362e-14 6.82235e-15 1.85322e-31
rhumerus -46.3228 10.2447 -90.0316
rradius 73.3883 -0 0
rwrist 15.2031 0 0
rhand -23.8199 -19.8489 0.120614
rfingers 7.12502 -0 0
rthumb 2.63307 -49.5014 0.198913
444
root 3.45096 15.9749 -8.36896 1.88389 -6.03177 -6.48081
lfemur -30.0799 2.35581 -7.28153
ltibia 53.341 -0 0
lfoot -24.7581 2.08851 -0.396577
ltoes -3.56622 0 0
rfemur -40.8627 5.60477 3.78105
rtibia 52.3792 -0 0
rfoot 7.03152 4.36395 -0.0589446
rtoes -15.5459 0 0
lowerback 6.94928 2.08936 2.32191
upperback 1.70867 2.91957 -0.45612
thorax -1.93444 1.44813 -1.96899
lowerneck -7.17615 1.65027 7.4019
upperneck 5.52025 1.61562 -1.91027
head 3.2379 0.871177 -1.97335
lclavicle -2.25781e-14 6.66017e-15 1.94356e-31
lhumerus -44.1581 -24.852 99.4827
lradius 49.9786 -0 0
lwrist 10.2745 0 0
lhand -15.8835 -1.06958 -0.0391056
lfingers 7.12502 -0 0
lthumb 10.2842 28.2996 -0.156915
rclavicle -2.25781e-14 6.66017e-15 1.94356e-31
rhumerus -46.223 10.7484 -90.1453
rradius 73.7004 -0 0
rwrist 15.3842 0 0
rhand -23.3542 -19.7285 0.129041
rfingers 7.12502 -0 0
rthumb 3.08177 -49.3582 0.210896
445
root 3.47571 15.983 -8.3018 1.82996 -4.38081 -6.4739
lfemur -30.1013 1.95681 -7.53835
ltibia 53.228 -0 0
lfoot -24.8319 1.87843 -0.404564
ltoes -3.24374 0 0
rfemur -41.1861 5.66106 3.83122
rtibia 52.735 -0 0
rfoot 7.08286 4.51648 -0.0598445
rtoes -15.5791 0 0
lowerback 6.94623 2.05172 2.26125
upperback 1.68544 2.86599 -0.427837
thorax -1.95997 1.42146 -1.90144
lowerneck -7.22579 1.46538 7.24829
upperneck 5.59987 1.37666 -1.85054
head 3.26423 0.752126 -1.94394
lclavicle -2.2417e-14 6.49689e-15 2.03107e-31
lhumerus -44.2077 -25.0089 99.7507
lradius 50.079 -0 0
lwrist 10.1504 0 0
lhand -15.4846 -1.0593 -0.0346676
lfingers 7.12502 -0 0
lthumb 10.6673 28.268 -0.159414
rclavicle -2.2417e-14 6.49689e-15 2.03107e-31
rhumerus -46.1193 11.2632 -90.2604
rradius 74.0205 -0 0
rwrist 15.5671 0 0
rhand -22.884 -19.6091 0.137379
rfingers 7.12502 -0 0
rthumb 3.53487 -49.2154 0.222643
446
root 3.50178 15.9914 -8.2355 1.77679 -2.69474 -6.46705
lfemur -30.1164 1.55141 -7.7995
ltibia 53.1123 -0 0
lfoot -24.8995 1.66853 -0.411456
ltoes -2.91166 0 0
rfemur -41.5152 5.7137 3.88603
rtibia 53.0974 -0 0
rfoot 7.13208 4.66964 -0.060571
rtoes -15.6102 0 0
lowerback 6.94158 2.01274 2.19887
upperback 1.66177 2.81049 -0.398693
thorax -1.98516 1.39389 -1.83195
lowerneck -7.27594 1.27515 7.09025
upperneck 5.67988 1.13088 -1.78861
head 3.29072 0.629731 -1.91332
lclavicle -2.22531e-14 6.33262e-15 2.11549e-31
lhumerus -44.2598 -25.1691 100.026
lradius 50.1825 -0 0
lwrist 10.0255 0 0
lhand -15.0747 -1.04657 -0.0299142
lfingers 7.12502 -0 0
lthumb 11.0609 28.2377 -0.161453
rclavicle -2.22531e-14 6.33262e-15 2.11549e-31
rhumerus -46.0119 11.7885 -90.3765
rradius 74.3483 -0 0
rwrist 15.7515 0 0
rhand -22.4096 -19.4907 0.145594
rfingers 7.12502 -0 0
rthumb 3.99205 -49.073 0.234112
447
root 3.52911 16 -8.17006 1.72436 -0.975428 -6.46033
lfemur -30.1251 1.14002 -8.0648
ltibia 52.9939 -0 0
lfoot -24.9611 1.45888 -0.417265
ltoes -2.57044 0 0
rfemur -41.8495 5.76284 3.94532
rtibia 53.466 -0 0
rfoot 7.17924 4.82332 -0.0611271
rtoes -15.6394 0 0
lowerback 6.93541 1.97248 2.13486
upperback 1.63768 2.75318 -0.368726
thorax -2.01001 1.36545 -1.76059
lowerneck -7.32647 1.07984 6.92801
upperneck 5.7602 0.878598 -1.7246
head 3.31733 0.504151 -1.88157
lclavicle -2.20863e-14 6.1675e-15 2.19659e-31
lhumerus -44.3144 -25.3324 100.308
lradius 50.2889 -0 0
lwrist 9.9 0 0
lhand -14.6543 -1.03148 -0.02489
lfingers 7.12502 -0 0
lthumb 11.4646 28.2087 -0.163044
rclavicle -2.20863e-14 6.1675e-15 2.19659e-31
rhumerus -45.9011 12.3238 -90.4936
rradius 74.6835 -0 0
rwrist 15.9373 0 0
rhand -21.9313 -19.3733 0.153655
rfingers 7.12502 -0 0
rthumb 4.45301 -48.931 0.24526
448
root 3.55765 16.0088 -8.10548 1.67264 0.775259 -6.4538
lfemur -30.1275 0.723056 -8.33406
ltibia 52.873 -0 0
lfoot -25.0169 1.24955 -0.422003
ltoes -2.22054 0 0
rfemur -42.1889 5.80865 4.00891
rtibia 53.8403 -0 0
rfoot 7.22438 4.97746 -0.0615158
rtoes -15.6666 0 0
lowerback 6.92778 1.931 2.06929
upperback 1.61318 2.69413 -0.337975
thorax -2.03453 1.33619 -1.68746
lowerneck -7.37732 0.879684 6.7618
upperneck 5.84076 0.620136 -1.65865
head 3.34404 0.375549 -1.84872
lclavicle -2.19168e-14 6.00162e-15 2.27411e-31
lhumerus -44.3714 -25.4986 100.597
lradius 50.3981 -0 0
lwrist 9.77388 0 0
lhand -14.2241 -1.01412 -0.0196397
lfingers 7.12502 -0 0
lthumb 11.8778 28.181 -0.164204
rclavicle -2.19168e-14 6.00162e-15 2.27411e-31
rhumerus -45.787 12.8685 -90.6114
rradius 75.0255 -0 0
rwrist 16.1245 0 0
rhand -21.4494 -19.257 0.16153
rfingers 7.12502 -0 0
rthumb 4.91743 -48.7895 0.256048
449
root 3.58734 16.0178 -8.04174 1.62162 2.55546 -6.44752
lfemur -30.1238 0.300925 -8.60709
ltibia 52.7497 -0 0
lfoot -25.0671 1.0406 -0.425684
ltoes -1.86244 0 0
rfemur -42.5329 5.8513 4.07664
rtibia 54.2202 -0 0
rfoot 7.26757 5.13197 -0.0617405
rtoes -15.692 0 0
lowerback 6.91875 1.88835 2.00226
upperback 1.58831 2.63343 -0.306477
thorax -2.05872 1.30616 -1.61267
lowerneck -7.42837 0.674933 6.59183
upperneck 5.92149 0.355818 -1.59087
head 3.37084 0.244087 -1.81485
lclavicle -2.17448e-14 5.8351e-15 2.34786e-31
lhumerus -44.4308 -25.6676 100.892
lradius 50.5099 -0 0
lwrist 9.64725 0 0
lhand -13.7844 -0.994574 -0.0142072
lfingers 7.12502 -0 0
lthumb 12.3 28.1546 -0.164946
rclavicle -2.17448e-14 5.8351e-15 2.34786e-31
rhumerus -45.6699 13.4222 -90.7299
rradius 75.3742 -0 0
rwrist 16.3128 0 0
rhand -20.9642 -19.1416 0.169193
rfingers 7.12502 -0 0
rthumb 5.38502 -48.6486 0.266437
450
root 3.61812 16.027 -7.97885 1.57125 4.36332 -6.44156
lfemur -30.114 -0.125959 -8.88371
ltibia 52.6241 -0 0
lfoot -25.112 0.832117 -0.428323
ltoes -1.4966 0 0
rfemur -42.8812 5.89094 4.14832
rtibia 54.6051 -0 0
rfoot 7.30885 5.28677 -0.0618043
rtoes -15.7156 0 0
lowerback 6.90838 1.8446 1.93384
upperback 1.56309 2.57119 -0.274272
thorax -2.08259 1.27539 -1.53629
lowerneck -7.47954 0.465834 6.41835
upperneck 6.00231 0.0859684 -1.52139
head 3.39769 0.109925 -1.78
lclavicle -2.15702e-14 5.66807e-15 2.4176e-31
lhumerus -44.4926 -25.839 101.193
lradius 50.6243 -0 0
lwrist 9.52018 0 0
lhand -13.336 -0.972923 -0.00863623
lfingers 7.12502 -0 0
lthumb 12.7307 28.1293 -0.165286
rclavicle -2.15702e-14 5.66807e-15 2.4176e-31
rhumerus -45.5499 13.9842 -90.8488
rradius 75.729 -0 0
rwrist 16.5021 0 0
rhand -20.476 -19.0273 0.176614
rfingers 7.12502 -0 0
rthumb 5.85546 -48.5081 0.276392
451
root 3.64995 16.0363 -7.91679 1.5215 6.19697 -6.43595
lfemur -30.0981 -0.55718 -9.16374
ltibia 52.4965 -0 0
lfoot -25.1516 0.624163 -0.429937
ltoes -1.12348 0 0
rfemur -43.2336 5.92774 4.22378
rtibia 54.9947 -0 0
rfoot 7.34829 5.44178 -0.0617108
rtoes -15.7375 0 0
lowerback 6.89675 1.79981 1.86414
upperback 1.53753 2.50748 -0.241397
thorax -2.10616 1.24394 -1.45843
lowerneck -7.53075 0.252633 6.24157
upperneck 6.08316 -0.189088 -1.45033
head 3.42459 -0.0268138 -1.74423
lclavicle -2.13932e-14 5.50063e-15 2.48315e-31
lhumerus -44.5568 -26.0127 101.499
lradius 50.741 -0 0
lwrist 9.39275 0 0
lhand -12.8792 -0.949255 -0.00296943
lfingers 7.12502 -0 0
lthumb 13.1694 28.1053 -0.165241
rclavicle -2.13932e-14 5.50063e-15 2.48315e-31
rhumerus -45.4273 14.5541 -90.9679
rradius 76.0896 -0 0
rwrist 16.6924 0 0
rhand -19.9853 -18.9139 0.18377
rfingers 7.12502 -0 0
rthumb 6.32845 -48.3683 0.28588
452
root 3.68277 16.0459 -7.85556 1.47232 8.05455 -6.43076
lfemur -30.0764 -0.992328 -9.44699
ltibia 52.3669 -0 0
lfoot -25.1863 0.416811 -0.430545
ltoes -0.743551 0 0
rfemur -43.5896 5.96185 4.30285
rtibia 55.3886 -0 0
rfoot 7.38595 5.59692 -0.0614636
rtoes -15.7577 0 0
lowerback 6.88391 1.75403 1.79323
upperback 1.51165 2.4424 -0.207892
thorax -2.12942 1.21185 -1.37918
lowerneck -7.5819 0.035581 6.06171
upperneck 6.16396 -0.469027 -1.37782
head 3.45149 -0.165887 -1.70762
lclavicle -2.1214e-14 5.3329e-15 2.54432e-31
lhumerus -44.6234 -26.1885 101.811
lradius 50.8599 -0 0
lwrist 9.26503 0 0
lhand -12.4147 -0.923659 0.00275138
lfingers 7.12502 -0 0
lthumb 13.6155 28.0825 -0.164827
rclavicle -2.1214e-14 5.3329e-15 2.54432e-31
rhumerus -45.3022 15.1312 -91.0871
rradius 76.4557 -0 0
rwrist 16.8834 0 0
rhand -19.4922 -18.8016 0.190634
rfingers 7.12502 -0 0
rthumb 6.80367 -48.229 0.294868
453
root 3.71651 16.0556 -7.79516 1.42366 9.9342 -6.42605
lfemur -30.0488 -1.43099 -9.73328
ltibia 52.2355 -0 0
lfoot -25.2162 0.210132 -0.430166
ltoes -0.357281 0 0
rfemur -43.9491 5.99344 4.38535
rtibia 55.7865 -0 0
rfoot 7.42186 5.7521 -0.0610665
rtoes -15.7763 0 0
lowerback 6.86992 1.70732 1.72119
upperback 1.48549 2.37603 -0.173795
thorax -2.15238 1.17916 -1.29863
lowerneck -7.63291 -0.185074 5.87901
upperneck 6.24466 -0.753522 -1.30396
head 3.47839 -0.307174 -1.6702
lclavicle -2.10325e-14 5.16499e-15 2.60092e-31
lhumerus -44.6923 -26.3661 102.129
lradius 50.9808 -0 0
lwrist 9.13709 0 0
lhand -11.943 -0.896223 0.0084855
lfingers 7.12502 -0 0
lthumb 14.0686 28.0607 -0.164062
rclavicle -2.10325e-14 5.16499e-15 2.60092e-31
rhumerus -45.1749 15.7151 -91.2063
rradius 76.8267 -0 0
rwrist 17.075 0 0
rhand -18.9971 -18.6904 0.197185
rfingers 7.12502 -0 0
rthumb 7.28082 -48.0903 0.303328
454
root 3.75112 16.0654 -7.73558 1.37548 11.834 -6.42186
lfemur -30.0155 -1.87275 -10.0224
ltibia 52.1025 -0 0
lfoot -25.2414 0.00419869 -0.428821
ltoes 0.0348656 -0 0
rfemur -44.3116 6.02266 4.47112
rtibia 56.1879 -0 0
rfoot 7.4561 5.90725 -0.0605236
rtoes -15.7934 0 0
lowerback 6.85486 1.65975 1.64813
upperback 1.45906 2.30846 -0.139144
thorax -2.17505 1.14591 -1.21687
lowerneck -7.68371 -0.409081 5.69367
upperneck 6.32517 -1.04225 -1.22888
head 3.50526 -0.450512 -1.63205
lclavicle -2.08488e-14 4.99703e-15 2.65281e-31
lhumerus -44.7635 -26.5455 102.451
lradius 51.1037 -0 0
lwrist 9.00901 0 0
lhand -11.4646 -0.867033 0.0141935
lfingers 7.12502 -0 0
lthumb 14.528 28.0401 -0.162961
rclavicle -2.08488e-14 4.99703e-15 2.65281e-31
rhumerus -45.0456 16.3052 -91.3253
rradius 77.2024 -0 0
rwrist 17.2671 0 0
rhand -18.5003 -18.5801 0.2034
rfingers 7.12502 -0 0
rthumb 7.75959 -47.9524 0.311233
455
root 3.78656 16.0753 -7.67681 1.32771 13.7522 -6.41825
lfemur -29.9766 -2.31721 -10.3142
ltibia 51.968 -0 0
lfoot -25.2623 -0.200917 -0.426532
ltoes 0.432424 -0 0
rfemur -44.6768 6.04965 4.55996
rtibia 56.5926 -0 0
rfoot 7.48871 6.06229 -0.0598389
rtoes -15.8089 0 0
lowerback 6.83878 1.61137 1.57411
upperback 1.43239 2.23979 -0.10398
thorax -2.19744 1.11214 -1.13401
lowerneck -7.73421 -0.63619 5.50592
upperneck 6.40546 -1.33488 -1.15269
head 3.53208 -0.59574 -1.5932
lclavicle -2.06632e-14 4.82913e-15 2.69984e-31
lhumerus -44.8369 -26.7263 102.777
lradius 51.2283 -0 0
lwrist 8.88086 0 0
lhand -10.9801 -0.836181 0.0198374
lfingers 7.12502 -0 0
lthumb 14.9934 28.0205 -0.161544
rclavicle -2.06632e-14 4.82913e-15 2.69984e-31
rhumerus -44.9143 16.9009 -91.444
rradius 77.5824 -0 0
rwrist 17.4596 0 0
rhand -18.0022 -18.4709 0.20926
rfingers 7.12502 -0 0
rthumb 8.23967 -47.8151 0.318557
456
root 3.82275 16.0854 -7.61886 1.28029 15.6869 -6.41527
lfemur -29.9322 -2.76394 -10.6085
ltibia 51.8321 -0 0
lfoot -25.2789 -0.405143 -0.423325
ltoes 0.834927 -0 0
rfemur -45.0444 6.07456 4.65171
rtibia 57.0001 -0 0
rfoot 7.51976 6.21713 -0.059017
rtoes -15.8231 0 0
lowerback 6.82175 1.56224 1.49923
upperback 1.40549 2.1701 -0.0683395
thorax -2.21954 1.07791 -1.05013
lowerneck -7.78435 -0.866147 5.31599
upperneck 6.48544 -1.63109 -1.07551
head 3.55884 -0.742694 -1.55372
lclavicle -2.04756e-14 4.66139e-15 2.74186e-31
lhumerus -44.9126 -26.9084 103.108
lradius 51.3545 -0 0
lwrist 8.75272 0 0
lhand -10.49 -0.803754 0.0253805
lfingers 7.12502 -0 0
lthumb 15.4641 28.0019 -0.159827
rclavicle -2.04756e-14 4.66139e-15 2.74186e-31
rhumerus -44.7814 17.5018 -91.5622
rradius 77.9663 -0 0
rwrist 17.6523 0 0
rhand -17.5031 -18.3627 0.214746
rfingers 7.12502 -0 0
rthumb 8.72075 -47.6786 0.325277
457
root 3.85965 16.0956 -7.5617 1.23315 17.6362 -6.413
lfemur -29.8825 -3.21255 -10.9051
ltibia 51.6949 -0 0
lfoot -25.2916 -0.608406 -0.419224
ltoes 1.24191 -0 0
rfemur -45.4141 6.09754 4.74618
rtibia 57.41 -0 0
rfoot 7.54929 6.37169 -0.0580625
rtoes -15.8359 0 0
lowerback 6.80382 1.51243 1.42357
upperback 1.37839 2.09948 -0.032263
thorax -2.24137 1.04325 -0.965323
lowerneck -7.83405 -1.0987 5.12408
upperneck 6.56506 -1.93055 -0.997442
head 3.58551 -0.891213 -1.51367
lclavicle -2.02861e-14 4.49395e-15 2.77875e-31
lhumerus -44.9905 -27.0916 103.442
lradius 51.4822 -0 0
lwrist 8.62465 0 0
lhand -9.99487 -0.769843 0.0307882
lfingers 7.12502 -0 0
lthumb 15.9396 27.9844 -0.157828
rclavicle -2.02861e-14 4.49395e-15 2.77875e-31
rhumerus -44.6469 18.1072 -91.6797
rradius 78.3537 -0 0
rwrist 17.8451 0 0
rhand -17.0033 -18.2556 0.219841
rfingers 7.12502 -0 0
rthumb 9.20251 -47.5428 0.331372
458
root 3.8972 16.1059 -7.50535 1.18622 19.5983 -6.41149
lfemur -29.8276 -3.66262 -11.2038
ltibia 51.5567 -0 0
lfoot -25.3004 -0.810633 -0.414258
ltoes 1.6529 -0 0
rfemur -45.7856 6.11874 4.84319
rtibia 57.8221 -0 0
rfoot 7.57735 6.52589 -0.0569801
rtoes -15.8473 0 0
lowerback 6.78507 1.46199 1.34722
upperback 1.35112 2.02802 0.00421046
thorax -2.26293 1.00821 -0.87969
lowerneck -7.88324 -1.3336 4.93041
upperneck 6.64427 -2.23294 -0.918601
head 3.61207 -1.04113 -1.4731
lclavicle -2.0095e-14 4.32691e-15 2.81041e-31
lhumerus -45.0704 -27.2757 103.78
lradius 51.6112 -0 0
lwrist 8.49674 0 0
lhand -9.49521 -0.734538 0.0360274
lfingers 7.12502 -0 0
lthumb 16.4196 27.9677 -0.155564
rclavicle -2.0095e-14 4.32691e-15 2.81041e-31
rhumerus -44.511 18.7166 -91.7965
rradius 78.7442 -0 0
rwrist 18.0378 0 0
rhand -16.503 -18.1495 0.224529
rfingers 7.12502 -0 0
rthumb 9.68466 -47.4078 0.336824
459
root 3.93535 16.1163 -7.44979 1.13941 21.5712 -6.4108
lfemur -29.7675 -4.11376 -11.5044
ltibia 51.4176 -0 0
lfoot -25.3056 -1.01175 -0.408454
ltoes 2.06745 -0 0
rfemur -46.1586 6.13828 4.94256
rtibia 58.2358 -0 0
rfoot 7.60402 6.67964 -0.0557753
rtoes -15.8576 0 0
lowerback 6.76555 1.41098 1.27026
upperback 1.32369 1.95582 0.0410416
thorax -2.28423 0.97282 -0.793323
lowerneck -7.93186 -1.57058 4.7352
upperneck 6.723 -2.53792 -0.839094
head 3.6385 -1.1923 -1.43206
lclavicle -1.99021e-14 4.16039e-15 2.83673e-31
lhumerus -45.1524 -27.4604 104.122
lradius 51.7414 -0 0
lwrist 8.36905 0 0
lhand -8.99157 -0.697931 0.0410668
lfingers 7.12502 -0 0
lthumb 16.9033 27.952 -0.153054
rclavicle -1.99021e-14 4.16039e-15 2.83673e-31
rhumerus -44.374 19.3295 -91.9125
rradius 79.1375 -0 0
rwrist 18.2303 0 0
rhand -16.0027 -18.0444 0.228795
rfingers 7.12502 -0 0
rthumb 10.1669 -47.2737 0.341615
460
root 3.97403 16.1267 -7.39502 1.09265 23.5532 -6.41102
lfemur -29.7026 -4.56555 -11.8067
ltibia 51.2777 -0 0
lfoot -25.3073 -1.21169 -0.401843
ltoes 2.48507 -0 0
rfemur -46.5327 6.1563 5.04411
rtibia 58.6509 -0 0
rfoot 7.62934 6.83288 -0.054453
rtoes -15.8666 0 0
lowerback 6.74533 1.35947 1.19278
upperback 1.29613 1.88294 0.0781908
thorax -2.30527 0.937138 -0.706316
lowerneck -7.97984 -1.8094 4.53866
upperneck 6.80121 -2.84516 -0.75903
head 3.6648 -1.34454 -1.39061
lclavicle -1.97078e-14 3.9945e-15 2.85765e-31
lhumerus -45.2365 -27.6457 104.466
lradius 51.8726 -0 0
lwrist 8.24167 0 0
lhand -8.4845 -0.660113 0.0458773
lfingers 7.12502 -0 0
lthumb 17.3903 27.9372 -0.150313
rclavicle -1.97078e-14 3.9945e-15 2.85765e-31
rhumerus -44.2359 19.9453 -92.0274
rradius 79.5331 -0 0
rwrist 18.4226 0 0
rhand -15.5027 -17.9405 0.232625
rfingers 7.12502 -0 0
rthumb 10.6489 -47.1405 0.345731
461
root 4.01319 16.1372 -7.34103 1.04583 25.5423 -6.41221
lfemur -29.6328 -5.01759 -12.1105
ltibia 51.1371 -0 0
lfoot -25.3059 -1.41037 -0.394457
ltoes 2.90531 -0 0
rfemur -46.9076 6.17294 5.14765
rtibia 59.0669 -0 0
rfoot 7.65336 6.98552 -0.0530189
rtoes -15.8745 0 0
lowerback 6.72446 1.30751 1.11486
upperback 1.26846 1.8095 0.115619
thorax -2.32605 0.9012 -0.618761
lowerneck -8.02713 -2.04979 4.34101
upperneck 6.87884 -3.15435 -0.678514
head 3.69093 -1.49769 -1.34881
lclavicle -1.95119e-14 3.82936e-15 2.87308e-31
lhumerus -45.3224 -27.8312 104.813
lradius 52.0047 -0 0
lwrist 8.11466 0 0
lhand -7.97454 -0.621176 0.0504319
lfingers 7.12502 -0 0
lthumb 17.8801 27.9232 -0.147361
rclavicle -1.95119e-14 3.82936e-15 2.87308e-31
rhumerus -44.0969 20.5634 -92.1412
rradius 79.9307 -0 0
rwrist 18.6143 0 0
rhand -15.0032 -17.8376 0.236007
rfingers 7.12502 -0 0
rthumb 11.1303 -47.0082 0.349158
462
root 4.05279 16.1478 -7.28781 0.99885 27.5368 -6.41448
lfemur -29.5584 -5.46949 -12.4157
ltibia 50.9961 -0 0
lfoot -25.3013 -1.60773 -0.38633
ltoes 3.3277 -0 0
rfemur -47.283 6.18832 5.25299
rtibia 59.4835 -0 0
rfoot 7.67614 7.13747 -0.0514791
rtoes -15.8814 0 0
lowerback 6.70301 1.25517 1.03659
upperback 1.24071 1.73557 0.153285
thorax -2.34658 0.86505 -0.530755
lowerneck -8.07368 -2.2915 4.14246
upperneck 6.95584 -3.46514 -0.597648
head 3.71689 -1.6516 -1.30671
lclavicle -1.93147e-14 3.66509e-15 2.88298e-31
lhumerus -45.4102 -28.0169 105.162
lradius 52.1376 -0 0
lwrist 7.9881 0 0
lhand -7.46222 -0.581213 0.0547057
lfingers 7.12502 -0 0
lthumb 18.3722 27.9101 -0.144212
rclavicle -1.93147e-14 3.66509e-15 2.88298e-31
rhumerus -43.9572 21.1833 -92.2538
rradius 80.3299 -0 0
rwrist 18.8055 0 0
rhand -14.5046 -17.7358 0.238931
rfingers 7.12502 -0 0
rthumb 11.6109 -46.8769 0.351887
463
root 4.09275 16.1583 -7.23537 0.951599 29.5347 -6.41791
lfemur -29.4795 -5.92084 -12.7219
ltibia 50.8547 -0 0
lfoot -25.294 -1.80368 -0.377496
ltoes 3.75178 -0 0
rfemur -47.6585 6.20257 5.35996
rtibia 59.9003 -0 0
rfoot 7.69773 7.28866 -0.0498395
rtoes -15.8872 0 0
lowerback 6.68103 1.20251 0.958048
upperback 1.2129 1.66125 0.191151
thorax -2.36687 0.828731 -0.442389
lowerneck -8.11943 -2.53428 3.94321
upperneck 7.03216 -3.77721 -0.516537
head 3.74265 -1.80609 -1.26436
lclavicle -1.91163e-14 3.5018e-15 2.88731e-31
lhumerus -45.4998 -28.2025 105.513
lradius 52.271 -0 0
lwrist 7.86206 0 0
lhand -6.94809 -0.540316 0.058676
lfingers 7.12502 -0 0
lthumb 18.866 27.8977 -0.140885
rclavicle -1.91163e-14 3.5018e-15 2.88731e-31
rhumerus -43.8169 21.8045 -92.3651
rradius 80.7304 -0 0
rwrist 18.9959 0 0
rhand -14.0072 -17.635 0.241386
rfingers 7.12502 -0 0
rthumb 12.0903 -46.7465 0.353907
464
root 4.13303 16.169 -7.18369 0.903951 31.5341 -6.42261
lfemur -29.3963 -6.37125 -13.029
ltibia 50.713 -0 0
lfoot -25.2839 -1.99816 -0.367992
ltoes 4.17707 -0 0
rfemur -48.034 6.21581 5.46836
rtibia 60.317 -0 0
rfoot 7.7182 7.43899 -0.0481068
rtoes -15.8921 0 0
lowerback 6.6586 1.14958 0.879325
upperback 1.18506 1.58662 0.229175
thorax -2.38692 0.792285 -0.35376
lowerneck -8.16434 -2.77786 3.74349
upperneck 7.10777 -4.09023 -0.435282
head 3.7682 -1.96102 -1.22182
lclavicle -1.89166e-14 3.3396e-15 2.88604e-31
lhumerus -45.5911 -28.3878 105.865
lradius 52.4048 -0 0
lwrist 7.73661 0 0
lhand -6.43269 -0.498579 0.0623224
lfingers 7.12502 -0 0
lthumb 19.361 27.8861 -0.137395
rclavicle -1.89166e-14 3.3396e-15 2.88604e-31
rhumerus -43.6761 22.4263 -92.4749
rradius 81.1316 -0 0
rwrist 19.1855 0 0
rhand -13.5114 -17.5354 0.243364
rfingers 7.12502 -0 0
rthumb 12.5682 -46.6172 0.355213
465
root 4.17356 16.1796 -7.13277 0.855768 33.5333 -6.42871
lfemur -29.3091 -6.82033 -13.3368
ltibia 50.5714 -0 0
lfoot -25.2714 -2.19109 -0.357856
ltoes 4.60311 -0 0
rfemur -48.4089 6.22815 5.578
rtibia 60.7331 -0 0
rfoot 7.73759 7.5884 -0.0462874
rtoes -15.8962 0 0
lowerback 6.63576 1.09645 0.800505
upperback 1.1572 1.51177 0.267318
thorax -2.40672 0.755755 -0.26496
lowerneck -8.20835 -3.02199 3.5435
upperneck 7.1826 -4.40386 -0.353982
head 3.79352 -2.1162 -1.17914
lclavicle -1.87159e-14 3.17862e-15 2.87915e-31
lhumerus -45.684 -28.5726 106.219
lradius 52.539 -0 0
lwrist 7.61184 0 0
lhand -5.91655 -0.456095 0.0656271
lfingers 7.12502 -0 0
lthumb 19.8567 27.8751 -0.133759
rclavicle -1.87159e-14 3.17862e-15 2.87915e-31
rhumerus -43.5351 23.0483 -92.5832
rradius 81.5334 -0 0
rwrist 19.3741 0 0
rhand -13.0174 -17.4368 0.244858
rfingers 7.12502 -0 0
rthumb 13.0444 -46.4889 0.355799
466
root 4.2143 16.1902 -7.08261 0.8069 35.5303 -6.43633
lfemur -29.2179 -7.26769 -13.6451
ltibia 50.4298 -0 0
lfoot -25.2567 -2.3824 -0.347128
ltoes 5.02944 -0 0
rfemur -48.7831 6.23971 5.68869
rtibia 61.1483 -0 0
rfoot 7.75596 7.7368 -0.0443885
rtoes -15.8994 0 0
lowerback 6.61258 1.04319 0.721669
upperback 1.12936 1.43679 0.305539
thorax -2.42629 0.719183 -0.176084
lowerneck -8.25144 -3.2664 3.34344
upperneck 7.25663 -4.71778 -0.272736
head 3.8186 -2.27149 -1.13637
lclavicle -1.85142e-14 3.01896e-15 2.86666e-31
lhumerus -45.7784 -28.7568 106.574
lradius 52.6733 -0 0
lwrist 7.48781 0 0
lhand -5.40023 -0.412959 0.0685746
lfingers 7.12502 -0 0
lthumb 20.3526 27.8649 -0.129992
rclavicle -1.85142e-14 3.01896e-15 2.86666e-31
rhumerus -43.394 23.6698 -92.6899
rradius 81.9352 -0 0
rwrist 19.5615 0 0
rhand -12.5256 -17.3394 0.24586
rfingers 7.12502 -0 0
rthumb 13.5184 -46.3618 0.355662
467
root 4.25519 16.2009 -7.0332 0.757176 37.5234 -6.44564
lfemur -29.1229 -7.71294 -13.9536
ltibia 50.2884 -0 0
lfoot -25.2398 -2.57202 -0.335849
ltoes 5.45559 -0 0
rfemur -49.1562 6.2506 5.80024
rtibia 61.5622 -0 0
rfoot 7.77336 7.88411 -0.0424172
rtoes -15.9018 0 0
lowerback 6.58912 0.98985 0.642903
upperback 1.10156 1.36178 0.343798
thorax -2.44563 0.682613 -0.0872258
lowerneck -8.29356 -3.51084 3.14354
upperneck 7.32981 -5.03166 -0.191643
head 3.84343 -2.42671 -1.09357
lclavicle -1.83116e-14 2.86075e-15 2.84857e-31
lhumerus -45.8742 -28.9402 106.929
lradius 52.8076 -0 0
lwrist 7.3646 0 0
lhand -4.88424 -0.369265 0.0711517
lfingers 7.12502 -0 0
lthumb 20.8482 27.8553 -0.126108
rclavicle -1.83116e-14 2.86075e-15 2.84857e-31
rhumerus -43.2528 24.2903 -92.7948
rradius 82.3367 -0 0
rwrist 19.7476 0 0
rhand -12.0363 -17.2431 0.246367
rfingers 7.12502 -0 0
rthumb 13.99 -46.2358 0.354801
468
root 4.29617 16.2115 -6.98453 0.706407 39.5105 -6.4568
lfemur -29.0245 -8.15569 -14.262
ltibia 50.1474 -0 0
lfoot -25.2211 -2.75986 -0.324061
ltoes 5.8811 -0 0
rfemur -49.5278 6.26092 5.91245
rtibia 61.9745 -0 0
rfoot 7.78985 8.03024 -0.0403811
rtoes -15.9035 0 0
lowerback 6.56543 0.936497 0.56429
upperback 1.07382 1.2868 0.382054
thorax -2.46474 0.646087 0.00152004
lowerneck -8.33468 -3.75504 2.94399
upperneck 7.4021 -5.34516 -0.110798
head 3.86799 -2.58171 -1.0508
lclavicle -1.81083e-14 2.70409e-15 2.82492e-31
lhumerus -45.9713 -29.1226 107.284
lradius 52.9417 -0 0
lwrist 7.24229 0 0
lhand -4.36915 -0.325106 0.0733479
lfingers 7.12502 -0 0
lthumb 21.3429 27.8462 -0.122124
rclavicle -1.81083e-14 2.70409e-15 2.82492e-31
rhumerus -43.1118 24.9093 -92.8979
rradius 82.7376 -0 0
rwrist 19.9324 0 0
rhand -11.5498 -17.1479 0.246374
rfingers 7.12502 -0 0
rthumb 14.459 -46.111 0.353216
469
root 4.33719 16.2221 -6.93659 0.654381 41.4899 -6.47001
lfemur -28.9227 -8.59557 -14.5703
ltibia 50.0069 -0 0
lfoot -25.2007 -2.94587 -0.311808
ltoes 6.30549 -0 0
rfemur -49.8977 6.27077 6.02513
rtibia 62.3847 -0 0
rfoot 7.80548 8.17512 -0.0382881
rtoes -15.9046 0 0
lowerback 6.54158 0.883193 0.485915
upperback 1.04617 1.21197 0.420267
thorax -2.48363 0.609646 0.0900595
lowerneck -8.37476 -3.99875 2.74501
upperneck 7.47347 -5.65795 -0.0302962
head 3.89226 -2.73633 -1.00809
lclavicle -1.79042e-14 2.54911e-15 2.79575e-31
lhumerus -46.0697 -29.3038 107.64
lradius 53.0755 -0 0
lwrist 7.12094 0 0
lhand -3.85548 -0.280578 0.0751552
lfingers 7.12502 -0 0
lthumb 21.8363 27.8378 -0.118052
rclavicle -1.79042e-14 2.54911e-15 2.79575e-31
rhumerus -42.9711 25.5261 -92.9991
rradius 83.1374 -0 0
rwrist 20.1156 0 0
rhand -11.0664 -17.0539 0.245877
rfingers 7.12502 -0 0
rthumb 14.9249 -45.9874 0.35091
470
root 4.37818 16.2327 -6.8894 0.600858 43.4597 -6.4855
lfemur -28.8179 -9.03219 -14.878
ltibia 49.8671 -0 0
lfoot -25.1787 -3.12996 -0.299137
ltoes 6.7283 -0 0
rfemur -50.2655 6.28026 6.13809
rtibia 62.7925 -0 0
rfoot 7.82031 8.31867 -0.0361462
rtoes -15.9051 0 0
lowerback 6.51763 0.83 0.40786
upperback 1.01863 1.13735 0.458395
thorax -2.50229 0.573334 0.178298
lowerneck -8.4138 -4.2417 2.5468
upperneck 7.54388 -5.96969 0.0497668
head 3.91624 -2.89039 -0.965519
lclavicle -1.76995e-14 2.39592e-15 2.76112e-31
lhumerus -46.1691 -29.4836 107.995
lradius 53.2089 -0 0
lwrist 7.00063 0 0
lhand -3.34378 -0.235775 0.076568
lfingers 7.12502 -0 0
lthumb 22.3278 27.8298 -0.113907
rclavicle -1.76995e-14 2.39592e-15 2.76112e-31
rhumerus -42.8308 26.1403 -93.0984
rradius 83.5357 -0 0
rwrist 20.2971 0 0
rhand -10.5865 -16.961 0.244874
rfingers 7.12502 -0 0
rthumb 15.3874 -45.8651 0.347887
471
root 4.4191 16.2432 -6.84292 0.545566 45.4181 -6.50353
lfemur -28.7101 -9.46519 -15.185
ltibia 49.7281 -0 0
lfoot -25.1555 -3.31206 -0.286093
ltoes 7.14908 -0 0
rfemur -50.631 6.28948 6.25112
rtibia 63.1976 -0 0
rfoot 7.83439 8.46083 -0.0339634
rtoes -15.9051 0 0
lowerback 6.49362 0.776983 0.330209
upperback 0.991236 1.06305 0.496398
thorax -2.52073 0.537192 0.266142
lowerneck -8.45175 -4.48363 2.34957
upperneck 7.6133 -6.28006 0.129298
head 3.93991 -3.04374 -0.923123
lclavicle -1.74944e-14 2.24463e-15 2.72111e-31
lhumerus -46.2694 -29.6619 108.349
lradius 53.3417 -0 0
lwrist 6.88143 0 0
lhand -2.83459 -0.190793 0.0775835
lfingers 7.12502 -0 0
lthumb 22.8168 27.8224 -0.109702
rclavicle -1.74944e-14 2.24463e-15 2.72111e-31
rhumerus -42.691 26.7512 -93.1956
rradius 83.9322 -0 0
rwrist 20.4769 0 0
rhand -10.1103 -16.8693 0.243365
rfingers 7.12502 -0 0
rthumb 15.8463 -45.7442 0.344152
472
root 4.45989 16.2536 -6.79718 0.488193 47.3631 -6.52439
lfemur -28.5998 -9.89419 -15.491
ltibia 49.59 -0 0
lfoot -25.1311 -3.4921 -0.272726
ltoes 7.56734 -0 0
rfemur -50.9937 6.29851 6.36403
rtibia 63.5994 -0 0
rfoot 7.84777 8.60146 -0.0317493
rtoes -15.9047 0 0
lowerback 6.46963 0.724203 0.253045
upperback 0.964006 0.989147 0.534235
thorax -2.53894 0.501264 0.353497
lowerneck -8.4886 -4.72428 2.15354
upperneck 7.68169 -6.58873 0.208204
head 3.96326 -3.1962 -0.88096
lclavicle -1.72888e-14 2.09537e-15 2.6758e-31
lhumerus -46.3706 -29.8385 108.701
lradius 53.4738 -0 0
lwrist 6.76341 0 0
lhand -2.32844 -0.145725 0.0782011
lfingers 7.12502 -0 0
lthumb 23.303 27.8153 -0.105448
rclavicle -1.72888e-14 2.09537e-15 2.6758e-31
rhumerus -42.552 27.3583 -93.2907
rradius 84.3265 -0 0
rwrist 20.6546 0 0
rhand -9.63829 -16.7787 0.241348
rfingers 7.12502 -0 0
rthumb 16.3013 -45.6245 0.339714
473
root 4.50049 16.264 -6.75214 0.428382 49.2929 -6.54844
lfemur -28.4871 -10.3188 -15.7957
ltibia 49.4531 -0 0
lfoot -25.1058 -3.67001 -0.259084
ltoes 7.98262 -0 0
rfemur -51.3534 6.30745 6.47662
rtibia 63.9978 -0 0
rfoot 7.86051 8.74051 -0.0295123
rtoes -15.9038 0 0
lowerback 6.4457 0.671726 0.176452
upperback 0.936967 0.915732 0.571863
thorax -2.55694 0.465591 0.440269
lowerneck -8.52433 -4.96339 1.95889
upperneck 7.74904 -6.89535 0.286395
head 3.98629 -3.34766 -0.839074
lclavicle -1.70829e-14 1.94823e-15 2.62529e-31
lhumerus -46.4725 -30.0132 109.052
lradius 53.605 -0 0
lwrist 6.64666 0 0
lhand -1.82589 -0.100666 0.0784228
lfingers 7.12502 -0 0
lthumb 23.7857 27.8087 -0.101159
rclavicle -1.70829e-14 1.94823e-15 2.62529e-31
rhumerus -42.4137 27.961 -93.3836
rradius 84.7182 -0 0
rwrist 20.8303 0 0
rhand -9.17066 -16.6893 0.238826
rfingers 7.12502 -0 0
rthumb 16.752 -45.5062 0.334581
474
root 4.54085 16.2742 -6.70782 0.365723 51.2056 -6.57606
lfemur -28.3723 -10.7387 -16.0989
ltibia 49.3173 -0 0
lfoot -25.0797 -3.84572 -0.24522
ltoes 8.39447 -0 0
rfemur -51.7097 6.31637 6.58869
rtibia 64.3922 -0 0
rfoot 7.87267 8.87789 -0.0272619
rtoes -15.9026 0 0
lowerback 6.42189 0.619613 0.100512
upperback 0.910147 0.842892 0.609242
thorax -2.57473 0.430215 0.526362
lowerneck -8.55894 -5.20069 1.76585
upperneck 7.8153 -7.19959 0.363777
head 4.00896 -3.49788 -0.797531
lclavicle -1.68768e-14 1.80335e-15 2.56969e-31
lhumerus -46.5749 -30.1859 109.402
lradius 53.7351 -0 0
lwrist 6.53125 0 0
lhand -1.32746 -0.0557117 0.0782534
lfingers 7.12502 -0 0
lthumb 24.2644 27.8025 -0.0968446
rclavicle -1.68768e-14 1.80335e-15 2.56969e-31
rhumerus -42.2764 28.5588 -93.4743
rradius 85.107 -0 0
rwrist 21.0038 0 0
rhand -8.70778 -16.6011 0.235798
rfingers 7.12502 -0 0
rthumb 17.1981 -45.3894 0.328763
475
root 4.58091 16.2844 -6.66421 0.299737 53.0995 -6.60773
lfemur -28.2556 -11.1535 -16.4003
ltibia 49.183 -0 0
lfoot -25.053 -4.01914 -0.231185
ltoes 8.80241 -0 0
rfemur -52.0624 6.32536 6.70003
rtibia 64.7824 -0 0
rfoot 7.88429 9.01354 -0.0250074
rtoes -15.9011 0 0
lowerback 6.39827 0.56793 0.0253084
upperback 0.883571 0.770716 0.64633
thorax -2.59229 0.395178 0.611684
lowerneck -8.59241 -5.43592 1.57462
upperneck 7.88045 -7.50112 0.440262
head 4.03128 -3.64674 -0.756377
lclavicle -1.66706e-14 1.66084e-15 2.50913e-31
lhumerus -46.6778 -30.3564 109.748
lradius 53.8641 -0 0
lwrist 6.41724 0 0
lhand -0.833696 -0.010956 0.0776996
lfingers 7.12502 -0 0
lthumb 24.7386 27.7966 -0.0925163
rclavicle -1.66706e-14 1.66084e-15 2.50913e-31
rhumerus -42.1403 29.151 -93.5627
rradius 85.4924 -0 0
rwrist 21.1749 0 0
rhand -8.24996 -16.5141 0.232268
rfingers 7.12502 -0 0
rthumb 17.6393 -45.274 0.322273
476
root 4.62061 16.2945 -6.62129 0.229866 54.9725 -6.64401
lfemur -28.1374 -11.5629 -16.6995
ltibia 49.0502 -0 0
lfoot -25.026 -4.19021 -0.217033
ltoes 9.20597 -0 0
rfemur -52.4111 6.33449 6.81045
rtibia 65.1679 -0 0
rfoot 7.89544 9.14736 -0.0227587
rtoes -15.8993 0 0
lowerback 6.37488 0.51674 -0.0490769
upperback 0.857268 0.699291 0.683084
thorax -2.60965 0.360524 0.69614
lowerneck -8.62473 -5.66881 1.3854
upperneck 7.94448 -7.79961 0.515758
head 4.05324 -3.79406 -0.715663
lclavicle -1.64643e-14 1.52081e-15 2.44375e-31
lhumerus -46.7808 -30.5246 110.092
lradius 53.9917 -0 0
lwrist 6.30471 0 0
lhand -0.345143 0.0335068 0.0767709
lfingers 7.12502 -0 0
lthumb 25.2079 27.791 -0.0881841
rclavicle -1.64643e-14 1.52081e-15 2.44375e-31
rhumerus -42.0053 29.7372 -93.6488
rradius 85.8741 -0 0
rwrist 21.3435 0 0
rhand -7.79752 -16.4283 0.228239
rfingers 7.12502 -0 0
rthumb 18.0754 -45.1601 0.315124
477
root 4.65991 16.3045 -6.57907 0.155455 56.8229 -6.68553
lfemur -28.0178 -11.9665 -16.9963
ltibia 48.919 -0 0
lfoot -24.9988 -4.3589 -0.202816
ltoes 9.6047 -0 0
rfemur -52.7555 6.34383 6.91973
rtibia 65.5484 -0 0
rfoot 7.90616 9.27927 -0.0205259
rtoes -15.8975 0 0
lowerback 6.35179 0.466107 -0.122561
upperback 0.831262 0.628704 0.719465
thorax -2.62679 0.326293 0.779635
lowerneck -8.6559 -5.8991 1.19841
upperneck 8.00735 -8.09473 0.590177
head 4.07483 -3.93969 -0.675441
lclavicle -1.62581e-14 1.38337e-15 2.37371e-31
lhumerus -46.884 -30.6902 110.433
lradius 54.1179 -0 0
lwrist 6.19374 0 0
lhand 0.137661 0.0775824 0.0754791
lfingers 7.12502 -0 0
lthumb 25.6716 27.7856 -0.0838574
rclavicle -1.62581e-14 1.38337e-15 2.37371e-31
rhumerus -41.8717 30.3167 -93.7324
rradius 86.2516 -0 0
rwrist 21.5095 0 0
rhand -7.35078 -16.3438 0.223714
rfingers 7.12502 -0 0
rthumb 18.5059 -45.0477 0.307331
478
root 4.69873 16.3143 -6.53754 0.0757284 58.6488 -6.73306
lfemur -27.8973 -12.3639 -17.2904
ltibia 48.7897 -0 0
lfoot -24.9717 -4.52505 -0.188597
ltoes 9.99812 -0 0
rfemur -53.0952 6.35345 7.02769
rtibia 65.9234 -0 0
rfoot 7.9165 9.4092 -0.0183192
rtoes -15.8955 0 0
lowerback 6.32904 0.416097 -0.195062
upperback 0.805582 0.559044 0.755428
thorax -2.64371 0.292527 0.862074
lowerneck -8.68593 -6.12653 1.01385
upperneck 8.06904 -8.38612 0.66343
head 4.09603 -4.08346 -0.635764
lclavicle -1.60521e-14 1.24865e-15 2.29917e-31
lhumerus -46.9871 -30.8531 110.77
lradius 54.2424 -0 0
lwrist 6.0844 0 0
lhand 0.614176 0.121177 0.0738382
lfingers 7.12502 -0 0
lthumb 26.1292 27.7805 -0.0795451
rclavicle -1.60521e-14 1.24865e-15 2.29917e-31
rhumerus -41.7397 30.889 -93.8136
rradius 86.6247 -0 0
rwrist 21.6728 0 0
rhand -6.91007 -16.2604 0.218699
rfingers 7.12502 -0 0
rthumb 18.9306 -44.937 0.298911
479
root 4.73704 16.324 -6.49669 -0.0102372 60.4482 -6.78754
lfemur -27.776 -12.7548 -17.5814
ltibia 48.6624 -0 0
lfoot -24.9447 -4.68864 -0.174429
ltoes 10.3858 -0 0
rfemur -53.43 6.36342 7.13411
rtibia 66.2927 -0 0
rfoot 7.92653 9.53706 -0.0161493
rtoes -15.8935 0 0
lowerback 6.3067 0.366774 -0.266498
upperback 0.780256 0.490398 0.790932
thorax -2.66042 0.259269 0.943365
lowerneck -8.71481 -6.35083 0.831935
upperneck 8.12953 -8.67347 0.735429
head 4.11684 -4.22521 -0.596682
lclavicle -1.58463e-14 1.11676e-15 2.22031e-31
lhumerus -47.09 -31.0132 111.104
lradius 54.3652 -0 0
lwrist 5.97677 0 0
lhand 1.08386 0.164197 0.0718643
lfingers 7.12502 -0 0
lthumb 26.5804 27.7755 -0.0752555
rclavicle -1.58463e-14 1.11676e-15 2.22031e-31
rhumerus -41.6093 31.4536 -93.8924
rradius 86.9929 -0 0
rwrist 21.8331 0 0
rhand -6.4757 -16.1783 0.213198
rfingers 7.12502 -0 0
rthumb 19.3492 -44.8278 0.289881
480
root 4.77476 16.3335 -6.45652 -0.103549 62.2195 -6.85006
lfemur -27.6544 -13.139 -17.8691
ltibia 48.5371 -0 0
lfoot -24.918 -4.84958 -0.160372
ltoes 10.7672 -0 0
rfemur -53.7594 6.3738 7.23878
rtibia 66.6559 -0 0
rfoot 7.9363 9.66276 -0.0140269
rtoes -15.8915 0 0
lowerback 6.28482 0.318202 -0.336786
upperback 0.755309 0.422853 0.825935
thorax -2.67692 0.226561 1.02341
lowerneck -8.74255 -6.57174 0.652866
upperneck 8.18881 -8.95644 0.806084
head 4.13726 -4.36477 -0.558247
lclavicle -1.56408e-14 9.87806e-16 2.13732e-31
lhumerus -47.1924 -31.1704 111.433
lradius 54.4861 -0 0
lwrist 5.87091 0 0
lhand 1.54618 0.206549 0.069576
lfingers 7.12502 -0 0
lthumb 27.0244 27.7707 -0.0709963
rclavicle -1.56408e-14 9.87806e-16 2.13732e-31
rhumerus -41.4807 32.0097 -93.9686
rradius 87.3558 -0 0
rwrist 21.9904 0 0
rhand -6.04799 -16.0974 0.207217
rfingers 7.12502 -0 0
rthumb 19.7613 -44.7203 0.280259
481
root 4.81186 16.3429 -6.41702 -0.205544 63.9605 -6.92195
lfemur -27.5326 -13.5159 -18.1531
ltibia 48.4142 -0 0
lfoot -24.892 -5.00782 -0.146484
ltoes 11.1419 -0 0
rfemur -54.0833 6.38465 7.3415
rtibia 67.0125 -0 0
rfoot 7.94586 9.78624 -0.0119632
rtoes -15.8895 0 0
lowerback 6.26346 0.270448 -0.405844
upperback 0.730771 0.356497 0.860395
thorax -2.69321 0.194444 1.10212
lowerneck -8.76916 -6.789 0.476857
upperneck 8.24686 -9.23468 0.875309
head 4.15727 -4.50204 -0.520496
lclavicle -1.54359e-14 8.61916e-16 2.0504e-31
lhumerus -47.2943 -31.3244 111.757
lradius 54.6049 -0 0
lwrist 5.7669 0 0
lhand 2.00059 0.24814 0.0669936
lfingers 7.12502 -0 0
lthumb 27.4609 27.766 -0.0667746
rclavicle -1.54359e-14 8.61916e-16 2.0504e-31
rhumerus -41.354 32.557 -94.0423
rradius 87.7131 -0 0
rwrist 22.1445 0 0
rhand -5.62727 -16.0178 0.200764
rfingers 7.12502 -0 0
rthumb 20.1667 -44.6144 0.270065
482
root 4.84826 16.352 -6.37819 -0.317856 65.6696 -7.00486
lfemur -27.4112 -13.8854 -18.4331
ltibia 48.2936 -0 0
lfoot -24.8667 -5.16327 -0.132826
ltoes 11.5094 -0 0
rfemur -54.4013 6.39602 7.44207
rtibia 67.3622 -0 0
rfoot 7.95526 9.9074 -0.00996949
rtoes -15.8877 0 0
lowerback 6.24266 0.223576 -0.473592
upperback 0.70667 0.291417 0.894268
thorax -2.70928 0.162961 1.17939
lowerneck -8.79465 -7.00233 0.304115
upperneck 8.30365 -9.50787 0.943017
head 4.17687 -4.63674 -0.48351
lclavicle -1.52314e-14 7.39201e-16 1.95977e-31
lhumerus -47.3954 -31.4751 112.077
lradius 54.7215 -0 0
lwrist 5.66482 0 0
lhand 2.44655 0.288877 0.0641394
lfingers 7.12502 -0 0
lthumb 27.8892 27.7613 -0.062597
rclavicle -1.52314e-14 7.39201e-16 1.95977e-31
rhumerus -41.2295 33.0948 -94.1135
rradius 88.0644 -0 0
rwrist 22.2953 0 0
rhand -5.21386 -15.9395 0.193844
rfingers 7.12502 -0 0
rthumb 20.5651 -44.5103 0.259321
483
root 4.88392 16.361 -6.34002 -0.442489 67.3448 -7.10078
lfemur -27.2902 -14.247 -18.7087
ltibia 48.1755 -0 0
lfoot -24.8423 -5.31586 -0.119459
ltoes 11.8693 -0 0
rfemur -54.713 6.40797 7.54027
rtibia 67.7047 -0 0
rfoot 7.96456 10.0262 -0.00805721
rtoes -15.8862 0 0
lowerback 6.2225 0.177651 -0.539946
upperback 0.683032 0.227701 0.927513
thorax -2.72514 0.132153 1.25514
lowerneck -8.81903 -7.21148 0.13485
upperneck 8.35918 -9.77567 1.00912
head 4.19604 -4.76876 -0.447325
lclavicle -1.50276e-14 6.19776e-16 1.86566e-31
lhumerus -47.4955 -31.6224 112.39
lradius 54.8357 -0 0
lwrist 5.56474 0 0
lhand 2.88352 0.328669 0.0610377
lfingers 7.12502 -0 0
lthumb 28.3089 27.7566 -0.0584696
rclavicle -1.50276e-14 6.19776e-16 1.86566e-31
rhumerus -41.1072 33.6225 -94.182
rradius 88.4093 -0 0
rwrist 22.4427 0 0
rhand -4.80807 -15.8624 0.186466
rfingers 7.12502 -0 0
rthumb 20.9561 -44.408 0.248048
484
root 4.91877 16.3698 -6.30251 -0.581938 68.9843 -7.21221
lfemur -27.1702 -14.6005 -18.9796
ltibia 48.0602 -0 0
lfoot -24.8191 -5.46553 -0.106447
ltoes 12.2211 -0 0
rfemur -55.0181 6.42054 7.63591
rtibia 68.0395 -0 0
rfoot 7.97381 10.1425 -0.00623814
rtoes -15.8848 0 0
lowerback 6.20301 0.132739 -0.604827
upperback 0.659887 0.165436 0.960086
thorax -2.74079 0.102061 1.32927
lowerneck -8.84233 -7.41617 -0.0307255
upperneck 8.41343 -10.0377 1.07353
head 4.21478 -4.89793 -0.411994
lclavicle -1.48246e-14 5.03757e-16 1.7683e-31
lhumerus -47.5944 -31.7662 112.698
lradius 54.9475 -0 0
lwrist 5.46673 0 0
lhand 3.31096 0.367423 0.0577145
lfingers 7.12502 -0 0
lthumb 28.7194 27.7519 -0.0543978
rclavicle -1.48246e-14 5.03757e-16 1.7683e-31
rhumerus -40.9872 34.1395 -94.2479
rradius 88.7475 -0 0
rwrist 22.5866 0 0
rhand -4.41024 -15.7866 0.178638
rfingers 7.12502 -0 0
rthumb 21.3394 -44.3074 0.236269
485
root 4.95277 16.3784 -6.26565 -0.739333 70.5861 -7.34229
lfemur -27.0515 -14.9455 -19.2454
ltibia 47.9477 -0 0
lfoot -24.7971 -5.6122 -0.0938517
ltoes 12.5644 -0 0
rfemur -55.3163 6.4338 7.72876
rtibia 68.3663 -0 0
rfoot 7.98307 10.2562 -0.00452419
rtoes -15.8838 0 0
lowerback 6.18425 0.0889065 -0.668151
upperback 0.637262 0.104708 0.991945
thorax -2.75622 0.072728 1.40168
lowerneck -8.86454 -7.61615 -0.192402
upperneck 8.46638 -10.2938 1.13616
head 4.23308 -5.02411 -0.377566
lclavicle -1.46223e-14 3.91258e-16 1.66794e-31
lhumerus -47.6921 -31.9063 112.999
lradius 55.0566 -0 0
lwrist 5.37087 0 0
lhand 3.72833 0.405048 0.0541972
lfingers 7.12502 -0 0
lthumb 29.1203 27.7472 -0.0503868
rclavicle -1.46223e-14 3.91258e-16 1.66794e-31
rhumerus -40.8699 34.6454 -94.3113
rradius 89.0784 -0 0
rwrist 22.7267 0 0
rhand -4.02066 -15.7121 0.170369
rfingers 7.12502 -0 0
rthumb 21.7147 -44.2087 0.224007
486
root 4.98586 16.3868 -6.22944 -0.918653 72.1484 -7.49501
lfemur -26.9344 -15.2817 -19.5057
ltibia 47.8381 -0 0
lfoot -24.7767 -5.75581 -0.0817381
ltoes 12.8986 -0 0
rfemur -55.6073 6.44777 7.81862
rtibia 68.6847 -0 0
rfoot 7.99238 10.3673 -0.0029275
rtoes -15.8832 0 0
lowerback 6.16629 0.0462245 -0.729829
upperback 0.615187 0.045606 1.02305
thorax -2.77143 0.0441953 1.47228
lowerneck -8.88571 -7.81115 -0.349967
upperneck 8.51803 -10.5434 1.19692
head 4.25095 -5.14711 -0.344093
lclavicle -1.4421e-14 2.82397e-16 1.56485e-31
lhumerus -47.7882 -32.0425 113.294
lradius 55.1629 -0 0
lwrist 5.27723 0 0
lhand 4.1351 0.441454 0.0505148
lfingers 7.12502 -0 0
lthumb 29.511 27.7423 -0.0464411
rclavicle -1.4421e-14 2.82397e-16 1.56485e-31
rhumerus -40.7552 35.1395 -94.3719
rradius 89.4018 -0 0
rwrist 22.8629 0 0
rhand -3.63968 -15.6389 0.161667
rfingers 7.12502 -0 0
rthumb 22.0818 -44.1118 0.211288
487
root 5.01797 16.3949 -6.19386 -1.12502 73.6693 -7.67549
lfemur -26.8192 -15.6088 -19.7602
ltibia 47.7317 -0 0
lfoot -24.7579 -5.89632 -0.0701664
ltoes 13.2233 -0 0
rfemur -55.8908 6.46251 7.90529
rtibia 68.9943 -0 0
rfoot 8.0018 10.4757 -0.00146035
rtoes -15.883 0 0
lowerback 6.14916 0.00474662 -0.789798
upperback 0.593689 -0.0117839 1.05335
thorax -2.78643 0.0165083 1.54097
lowerneck -8.90584 -8.00091 -0.503208
upperneck 8.56835 -10.7862 1.25573
head 4.26837 -5.26678 -0.311627
lclavicle -1.42207e-14 1.77288e-16 1.45928e-31
lhumerus -47.8825 -32.1748 113.581
lradius 55.2662 -0 0
lwrist 5.18588 0 0
lhand 4.53072 0.476549 0.0466977
lfingers 7.12502 -0 0
lthumb 29.891 27.7373 -0.042565
rclavicle -1.42207e-14 1.77288e-16 1.45928e-31
rhumerus -40.6434 35.6213 -94.43
rradius 89.7173 -0 0
rwrist 22.9952 0 0
rhand -3.26761 -15.567 0.152542
rfingers 7.12502 -0 0
rthumb 22.4402 -44.0168 0.198136
488
root 5.04906 16.4028 -6.15892 -1.36515 75.1469 -7.89046
lfemur -26.7064 -15.9266 -20.0085
ltibia 47.6285 -0 0
lfoot -24.741 -6.03357 -0.0592115
ltoes 13.5381 -0 0
rfemur -56.1664 6.47806 7.98856
rtibia 69.2947 -0 0
rfoot 8.01139 10.5812 -0.000135202
rtoes -15.8834 0 0
lowerback 6.13293 -0.0354548 -0.847968
upperback 0.572798 -0.0673745 1.08281
thorax -2.8012 -0.010299 1.60766
lowerneck -8.92497 -8.18516 -0.651913
upperneck 8.61735 -11.0221 1.3125
head 4.28533 -5.38295 -0.280217
lclavicle -1.40216e-14 7.60467e-17 1.35152e-31
lhumerus -47.9749 -32.303 113.861
lradius 55.3665 -0 0
lwrist 5.0969 0 0
lhand 4.91465 0.510244 0.0427773
lfingers 7.12502 -0 0
lthumb 30.2598 27.7321 -0.0387624
rclavicle -1.40216e-14 7.60467e-17 1.35152e-31
rhumerus -40.5346 36.0902 -94.4854
rradius 90.0245 -0 0
rwrist 23.1233 0 0
rhand -2.90477 -15.4964 0.143002
rfingers 7.12502 -0 0
rthumb 22.7898 -43.9238 0.184577
489
root 5.07908 16.4105 -6.12461 -1.64796 76.5792 -8.14883
lfemur -26.5964 -16.2346 -20.2502
ltibia 47.5288 -0 0
lfoot -24.7261 -6.16754 -0.0489347
ltoes 13.8424 -0 0
rfemur -56.4338 6.49445 8.0682
rtibia 69.5857 -0 0
rfoot 8.0212 10.6839 0.00103533
rtoes -15.8843 0 0
lowerback 6.11765 -0.0743137 -0.904256
upperback 0.552542 -0.121079 1.11138
thorax -2.81576 -0.0361811 1.67226
lowerneck -8.94312 -8.36363 -0.795867
upperneck 8.665 -11.2505 1.36714
head 4.30183 -5.49546 -0.249917
lclavicle -1.38236e-14 -2.12116e-17 1.24185e-31
lhumerus -48.0651 -32.4269 114.132
lradius 55.4635 -0 0
lwrist 5.01036 0 0
lhand 5.28635 0.542448 0.0387862
lfingers 7.12502 -0 0
lthumb 30.6168 27.7267 -0.0350367
rclavicle -1.38236e-14 -2.12116e-17 1.24185e-31
rhumerus -40.4291 36.5456 -94.5382
rradius 90.323 -0 0
rwrist 23.2472 0 0
rhand -2.55148 -15.4272 0.133059
rfingers 7.12502 -0 0
rthumb 23.1301 -43.8327 0.170637
490
root 5.10795 16.4178 -6.09092 -1.98556 77.9644 -8.46275
lfemur -26.4894 -16.5326 -20.4848
ltibia 47.4326 -0 0
lfoot -24.7135 -6.29816 -0.0394027
ltoes 14.1358 -0 0
rfemur -56.6927 6.51174 8.14403
rtibia 69.8668 -0 0
rfoot 8.03128 10.7837 0.00203851
rtoes -15.8858 0 0
lowerback 6.10337 -0.111764 -0.958583
upperback 0.532951 -0.172809 1.13902
thorax -2.8301 -0.0610963 1.73468
lowerneck -8.96031 -8.53607 -0.934857
upperneck 8.7113 -11.4711 1.41957
head 4.31787 -5.60415 -0.220776
lclavicle -1.36269e-14 -1.14371e-16 1.13058e-31
lhumerus -48.1529 -32.5465 114.395
lradius 55.5572 -0 0
lwrist 4.92634 0 0
lhand 5.64528 0.573073 0.0347577
lfingers 7.12502 -0 0
lthumb 30.9615 27.721 -0.0313913
rclavicle -1.36269e-14 -1.14371e-16 1.13058e-31
rhumerus -40.3269 36.9869 -94.5884
rradius 90.6125 -0 0
rwrist 23.3667 0 0
rhand -2.20806 -15.3592 0.122723
rfingers 7.12502 -0 0
rthumb 23.4609 -43.7436 0.156344
491
root 5.13563 16.4249 -6.05785 -2.39477 79.3004 -8.84902
lfemur -26.3859 -16.8203 -20.7121
ltibia 47.3401 -0 0
lfoot -24.7033 -6.42535 -0.0306829
ltoes 14.4178 -0 0
rfemur -56.9428 6.52995 8.21583
rtibia 70.1376 -0 0
rfoot 8.04169 10.8803 0.00286148
rtoes -15.8879 0 0
lowerback 6.09014 -0.147739 -1.01087
upperback 0.514053 -0.222479 1.16569
thorax -2.84422 -0.0850032 1.79481
lowerneck -8.97657 -8.70221 -1.06867
upperneck 8.75624 -11.6837 1.4697
head 4.33344 -5.70885 -0.192846
lclavicle -1.34317e-14 -2.03317e-16 1.01801e-31
lhumerus -48.2382 -32.6616 114.65
lradius 55.6473 -0 0
lwrist 4.84491 0 0
lhand 5.99091 0.60203 0.0307259
lfingers 7.12502 -0 0
lthumb 31.2935 27.715 -0.0278293
rclavicle -1.34317e-14 -2.03317e-16 1.01801e-31
rhumerus -40.2283 37.4136 -94.6359
rradius 90.8925 -0 0
rwrist 23.4817 0 0
rhand -1.87484 -15.2926 0.112003
rfingers 7.12502 -0 0
rthumb 23.7818 -43.6566 0.141723
492
root 5.16207 16.4317 -6.02539 -2.89957 80.5852 -9.33167
lfemur -26.2862 -17.0973 -20.9315
ltibia 47.2515 -0 0
lfoot -24.6956 -6.54905 -0.0228428
ltoes 14.6881 -0 0
rfemur -57.1837 6.54912 8.28338
rtibia 70.3977 -0 0
rfoot 8.05247 10.9739 0.00349127
rtoes -15.8909 0 0
lowerback 6.07803 -0.182174 -1.06103
upperback 0.495878 -0.269998 1.19134
thorax -2.85811 -0.10786 1.85256
lowerneck -8.99193 -8.86178 -1.19708
upperneck 8.7998 -11.8878 1.51743
head 4.34854 -5.8094 -0.166179
lclavicle -1.32379e-14 -2.87933e-16 9.04445e-32
lhumerus -48.3207 -32.7722 114.894
lradius 55.7337 -0 0
lwrist 4.76614 0 0
lhand 6.32269 0.629229 0.0267254
lfingers 7.12502 -0 0
lthumb 31.6121 27.7086 -0.0243534
rclavicle -1.32379e-14 -2.87933e-16 9.04445e-32
rhumerus -40.1334 37.8252 -94.6808
rradius 91.1627 -0 0
rwrist 23.592 0 0
rhand -1.55212 -15.2274 0.10091
rfingers 7.12502 -0 0
rthumb 24.0927 -43.5716 0.126804
493
root 5.1872 16.4382 -5.99354 -3.53528 81.8169 -9.94602
lfemur -26.1909 -17.3635 -21.1428
ltibia 47.1668 -0 0
lfoot -24.6908 -6.66918 -0.0159506
ltoes 14.946 -0 0
rfemur -57.4152 6.5693 8.34649
rtibia 70.6469 -0 0
rfoot 8.06368 11.0642 0.00391483
rtoes -15.8946 0 0
lowerback 6.06707 -0.215001 -1.10898
upperback 0.478453 -0.315287 1.21593
thorax -2.87178 -0.129625 1.90784
lowerneck -9.00642 -9.01452 -1.31989
upperneck 8.84199 -12.0833 1.56269
head 4.36315 -5.90563 -0.140824
lclavicle -1.30458e-14 -3.68104e-16 7.90211e-32
lhumerus -48.4001 -32.8779 115.129
lradius 55.8164 -0 0
lwrist 4.69011 0 0
lhand 6.64008 0.654584 0.0227909
lfingers 7.12502 -0 0
lthumb 31.917 27.7019 -0.0209666
rclavicle -1.30458e-14 -3.68104e-16 7.90211e-32
rhumerus -40.0424 38.2209 -94.7232
rradius 91.4226 -0 0
rwrist 23.6975 0 0
rhand -1.24024 -15.1635 0.0894545
rfingers 7.12502 -0 0
rthumb 24.393 -43.4888 0.111613
494
root 5.21097 16.4444 -5.9623 -4.35599 82.9931 -10.7462
lfemur -26.1001 -17.6184 -21.3454
ltibia 47.0863 -0 0
lfoot -24.6889 -6.78568 -0.0100745
ltoes 15.1912 -0 0
rfemur -57.6368 6.59051 8.40493
rtibia 70.8846 -0 0
rfoot 8.07538 11.1513 0.00411906
rtoes -15.8992 0 0
lowerback 6.05734 -0.246154 -1.15465
upperback 0.461808 -0.358255 1.23942
thorax -2.88522 -0.150258 1.96055
lowerneck -9.02007 -9.16017 -1.43687
upperneck 8.88278 -12.2696 1.60539
head 4.37728 -5.99738 -0.116834
lclavicle -1.28553e-14 -4.43714e-16 6.75635e-32
lhumerus -48.4763 -32.9789 115.354
lradius 55.895 -0 0
lwrist 4.61689 0 0
lhand 6.94255 0.678005 0.0189575
lfingers 7.12502 -0 0
lthumb 32.2075 27.6947 -0.0176717
rclavicle -1.28553e-14 -4.43714e-16 6.75635e-32
rhumerus -39.9556 38.6004 -94.7629
rradius 91.672 -0 0
rwrist 23.7981 0 0
rhand -0.939516 -15.101 0.0776473
rfingers 7.12502 -0 0
rthumb 24.6826 -43.408 0.0961783
495
root 5.23333 16.4503 -5.93164 -5.44852 84.1115 -11.819
lfemur -26.0145 -17.8619 -21.539
ltibia 47.0101 -0 0
lfoot -24.6902 -6.89847 -0.00528313
ltoes 15.4231 -0 0
rfemur -57.8484 6.61279 8.45852
rtibia 71.1106 -0 0
rfoot 8.08762 11.235 0.00409078
rtoes -15.9047 0 0
lowerback 6.04887 -0.275568 -1.19795
upperback 0.445973 -0.398814 1.26177
thorax -2.89844 -0.169716 2.01061
lowerneck -9.03291 -9.29846 -1.5478
upperneck 8.92217 -12.4465 1.64544
head 4.39092 -6.08449 -0.0942601
lclavicle -1.26666e-14 -5.14648e-16 5.61048e-32
lhumerus -48.5491 -33.0748 115.568
lradius 55.9695 -0 0
lwrist 4.54655 0 0
lhand 7.22956 0.699405 0.0152601
lfingers 7.12502 -0 0
lthumb 32.4831 27.6871 -0.0144713
rclavicle -1.26666e-14 -5.14648e-16 5.61048e-32
rhumerus -39.873 38.963 -94.8001
rradius 91.9104 -0 0
rwrist 23.8936 0 0
rhand -0.650264 -15.0399 0.0654987
rfingers 7.12502 -0 0
rthumb 24.9612 -43.3294 0.0805276
496
root 5.25421 16.4558 -5.90158 -6.96088 85.1692 -13.3124
lfemur -25.9342 -18.0935 -21.7231
ltibia 46.9383 -0 0
lfoot -24.6948 -7.00748 -0.00164513
ltoes 15.6414 -0 0
rfemur -58.0495 6.63619 8.50703
rtibia 71.3244 -0 0
rfoot 8.10045 11.3152 0.00381679
rtoes -15.9112 0 0
lowerback 6.04172 -0.303176 -1.2388
upperback 0.430977 -0.436878 1.28292
thorax -2.91142 -0.187957 2.0579
lowerneck -9.04496 -9.42914 -1.65247
upperneck 8.96015 -12.6136 1.68274
head 4.40406 -6.16678 -0.0731529
lclavicle -1.24797e-14 -5.80791e-16 4.46791e-32
lhumerus -48.6182 -33.1657 115.771
lradius 56.0398 -0 0
lwrist 4.47917 0 0
lhand 7.50056 0.718697 0.0117332
lfingers 7.12502 -0 0
lthumb 32.7434 27.6789 -0.0113686
rclavicle -1.24797e-14 -5.80791e-16 4.46791e-32
rhumerus -39.795 39.3081 -94.8348
rradius 92.1375 -0 0
rwrist 23.9839 0 0
rhand -0.372807 -14.9801 0.0530193
rfingers 7.12502 -0 0
rthumb 25.2284 -43.253 0.0646888
497
root 5.27357 16.461 -5.87211 -9.16579 86.1626 -15.4993
lfemur -25.8598 -18.3131 -21.8973
ltibia 46.8711 -0 0
lfoot -24.7029 -7.11265 0.000770797
ltoes 15.8455 -0 0
rfemur -58.2398 6.66073 8.55026
rtibia 71.5258 -0 0
rfoot 8.11393 11.3919 0.0032839
rtoes -15.9188 0 0
lowerback 6.03595 -0.328912 -1.27712
upperback 0.416848 -0.47236 1.30284
thorax -2.92418 -0.204942 2.10235
lowerneck -9.05627 -9.55194 -1.75068
upperneck 8.9967 -12.7706 1.71722
head 4.4167 -6.24411 -0.053564
lclavicle -1.22949e-14 -6.42027e-16 3.33208e-32
lhumerus -48.6834 -33.2513 115.962
lradius 56.1057 -0 0
lwrist 4.41483 0 0
lhand 7.75501 0.735794 0.00841096
lfingers 7.12502 -0 0
lthumb 32.9878 27.6702 -0.00836651
rclavicle -1.22949e-14 -6.42027e-16 3.33208e-32
rhumerus -39.7216 39.6352 -94.8669
rradius 92.3528 -0 0
rwrist 24.0689 0 0
rhand -0.107465 -14.9217 0.0402195
rfingers 7.12502 -0 0
rthumb 25.4838 -43.1789 0.0486894
498
root 5.29134 16.4658 -5.84321 -12.6205 87.0863 -18.9369
lfemur -25.7917 -18.5203 -22.0613
ltibia 46.8085 -0 0
lfoot -24.7147 -7.21389 0.00189597
ltoes 16.035 -0 0
rfemur -58.4191 6.68646 8.588
rtibia 71.7142 -0 0
rfoot 8.1281 11.465 0.00247891
rtoes -15.9274 0 0
lowerback 6.03161 -0.35271 -1.31283
upperback 0.403615 -0.505173 1.32149
thorax -2.9367 -0.220627 2.14385
lowerneck -9.06684 -9.66659 -1.84218
upperneck 9.03183 -12.9173 1.74879
head 4.42884 -6.3163 -0.0355447
lclavicle -1.21121e-14 -6.98241e-16 2.20646e-32
lhumerus -48.7446 -33.3315 116.141
lradius 56.167 -0 0
lwrist 4.35359 0 0
lhand 7.99238 0.750607 0.00532665
lfingers 7.12502 -0 0
lthumb 33.2157 27.6609 -0.0054685
rclavicle -1.21121e-14 -6.98241e-16 2.20646e-32
rhumerus -39.6531 39.9437 -94.8965
rradius 92.556 -0 0
rwrist 24.1484 0 0
rhand 0.145441 -14.8647 0.0271097
rfingers 7.12502 -0 0
rthumb 25.7273 -43.1069 0.0325568
499
root 5.30748 16.4702 -5.81489 -18.6361 87.9296 -24.9363
lfemur -25.7301 -18.7148 -22.2145
ltibia 46.7509 -0 0
lfoot -24.7304 -7.31114 0.00166182
ltoes 16.2094 -0 0
rfemur -58.587 6.71342 8.62005
rtibia 71.8894 -0 0
rfoot 8.14302 11.5344 0.00138864
rtoes -15.9373 0 0
lowerback 6.02875 -0.374504 -1.34585
upperback 0.391308 -0.53523 1.33882
thorax -2.94899 -0.234971 2.18231
lowerneck -9.07672 -9.77282 -1.92675
upperneck 9.0655 -13.0531 1.77735
head 4.44046 -6.38319 -0.0191464
lclavicle -1.19315e-14 -7.49317e-16 1.09458e-32
lhumerus -48.8014 -33.4063 116.308
lradius 56.2236 -0 0
lwrist 4.29553 0 0
lhand 8.21213 0.763051 0.00251263
lfingers 7.12502 -0 0
lthumb 33.4267 27.6509 -0.00267828
rclavicle -1.19315e-14 -7.49317e-16 1.09458e-32
rhumerus -39.5896 40.233 -94.9237
rradius 92.7468 -0 0
rwrist 24.2223 0 0
rhand 0.385591 -14.809 0.0136999
rfingers 7.12502 -0 0
rthumb 25.9585 -43.0373 0.0163182
500
root 5.32192 16.4743 -5.78714 -30.9194 88.6644 -37.2042
lfemur -25.6756 -18.8963 -22.3566
ltibia 46.6982 0 0
lfoot -24.7501 -7.40432 0
ltoes 16.3682 0 0
rfemur -58.7431 6.74164 8.6462
rtibia 72.051 0 0
rfoot 8.15875 11.6 0
rtoes -15.9483 0 0
lowerback 6.02743 -0.394229 -1.37609
upperback 0.379956 -0.562443 1.35478
thorax -2.96104 -0.247934 2.21763
lowerneck -9.08592 -9.87038 -2.00419
upperneck 9.09771 -13.1778 1.80281
head 4.45156 -6.44462 -0.00442069
lclavicle -1.17531e-14 -7.95139e-16 0
lhumerus -48.8537 -33.4755 116.462
lradius 56.2753 0 0
lwrist 4.24073 0 0
lhand 8.41372 0.773037 0
lfingers 7.12502 0 0
lthumb 33.6203 27.6403 0
rclavicle -1.17531e-14 -7.95139e-16 0
rhumerus -39.5315 40.5026 -94.9484
rradius 92.9246 0 0
rwrist 24.2905 0 0
rhand 0.612665 -14.7548 0
rfingers 7.12502 0 0
rthumb 26.1771 -762.97 0
501
root 5.38262 16.4675 -5.72667 -99.7233 89.0547 -105.786
lfemur -25.4084 -18.9092 -22.2939
ltibia 47.1687 0 0
lfoot -25.0138 -7.62975 0
ltoes 15.6556 0 0
rfemur -58.9857 6.9689 8.24345
rtibia 70.7219 0 0
rfoot 7.93546 11.25 0
rtoes -16.1388 0 0
lowerback 6.38393 -0.348886 -1.35466
upperback 0.470518 -0.496259 1.48019
thorax -3.06954 -0.212637 2.33295
lowerneck -9.11718 -10.0906 -2.17916
upperneck 9.44633 -13.4651 1.86556
head 4.58559 -6.5815 0.00490397
lclavicle 1.88845e-15 2.98177e-15 0
lhumerus -48.7579 -33.7526 116.751
lradius 56.3329 0 0
lwrist 4.41023 0 0
lhand 8.51103 0.72498 0
lfingers 7.12502 0 0
lthumb 33.7128 27.572 0
rclavicle 1.88845e-15 2.98177e-15 0
rhumerus -37.7269 42.5791 -93.568
rradius 95.5372 0 0
rwrist 22.1843 0 0
rhand 2.17309 -14.0028 0
rfingers 7.12502 0 0
rthumb 27.6701 -761.988 0
502
root 5.44209 16.4594 -5.66718 -141.464 88.1169 -147.305
lfemur -25.1723 -18.814 -22.2697
ltibia 47.7119 0 0
lfoot -25.2252 -7.69817 0
ltoes 14.8111 0 0
rfemur -59.1278 7.11862 7.85168
rtibia 69.3756 0 0
rfoot 7.95175 10.7468 0
rtoes -16.2542 0 0
lowerback 6.74902 -0.293557 -1.3065
upperback 0.572519 -0.413335 1.61501
thorax -3.17212 -0.169161 2.44105
lowerneck -9.13175 -10.3295 -2.36748
upperneck 9.78536 -13.7767 1.93609
head 4.71683 -6.73031 0.0168942
lclavicle -3.97569e-16 -7.95139e-15 0
lhumerus -48.6365 -34.0293 117.02
lradius 56.3903 0 0
lwrist 4.62031 0 0
lhand 8.55565 0.67326 0
lfingers 7.12502 0 0
lthumb 33.7552 27.511 0
rclavicle -3.97569e-16 -7.95139e-15 0
rhumerus -35.6426 44.3886 -91.8271
rradius 98.1819 0 0
rwrist 19.4469 0 0
rhand 3.7269 -13.2975 0
rfingers 7.12502 0 0
rthumb 29.1549 -761.034 0
503
root 5.44698 16.4589 -5.65377 -141.148 88.1136 -146.985
lfemur -25.1275 -18.6455 -22.2613
ltibia 47.699 -0 0
lfoot -25.2632 -7.58179 -0.00657723
ltoes 14.7219 -0 0
rfemur -59.0385 7.01971 7.90857
rtibia 69.2821 -0 0
rfoot 7.95008 10.7335 2.87066e-05
rtoes -16.2901 0 0
lowerback 6.73747 -0.298246 -1.33165
upperback 0.581162 -0.421094 1.61849
thorax -3.15543 -0.173011 2.45899
lowerneck -9.11086 -10.3466 -2.37615
upperneck 9.80468 -13.8021 1.96356
head 4.72314 -6.74145 0.0246578
lclavicle -4.26256e-16 -7.94555e-15 2.83079e-33
lhumerus -48.484 -34.0267 116.826
lradius 56.373 -0 0
lwrist 4.73685 0 0
lhand 8.39583 0.655347 0.00435185
lfingers 7.12502 -0 0
lthumb 33.6017 27.5101 0.000140216
rclavicle -4.26256e-16 -7.94555e-15 2.83079e-33
rhumerus -35.1872 44.3048 -91.5857
rradius 98.3992 -0 0
rwrist 19.0631 0 0
rhand 3.56156 -13.3291 0.00950361
rfingers 7.12502 -0 0
rthumb 28.9958 -41.0769 0.0123937
504
root 5.45215 16.4584 -5.63954 -140.806 88.1105 -146.639
lfemur -25.0801 -18.4665 -22.2522
ltibia 47.685 -0 0
lfoot -25.3035 -7.45804 -0.0134855
ltoes 14.6277 -0 0
rfemur -58.9437 6.91432 7.96905
rtibia 69.1837 -0 0
rfoot 7.94842 10.7196 5.79736e-05
rtoes -16.328 0 0
lowerback 6.725 -0.303263 -1.35838
upperback 0.5903 -0.429382 1.62212
thorax -3.13763 -0.17713 2.47799
lowerneck -9.08864 -10.3646 -2.38527
upperneck 9.82499 -13.829 1.9927
head 4.72976 -6.75322 0.0329004
lclavicle -4.53273e-16 -7.93255e-15 5.56811e-33
lhumerus -48.3221 -34.0233 116.62
lradius 56.3546 -0 0
lwrist 4.86062 0 0
lhand 8.22588 0.636324 0.00892374
lfingers 7.12502 -0 0
lthumb 33.4386 27.5091 0.000285865
rclavicle -4.53273e-16 -7.93255e-15 5.56811e-33
rhumerus -34.7056 44.2131 -91.3317
rradius 98.6286 -0 0
rwrist 18.6567 0 0
rhand 3.38492 -13.3631 0.0194986
rfingers 7.12502 -0 0
rthumb 28.8259 -41.1231 0.0254312
505
root 5.4576 16.4579 -5.62452 -140.437 88.1077 -146.266
lfemur -25.03 -18.2775 -22.2425
ltibia 47.6698 -0 0
lfoot -25.346 -7.32707 -0.0207003
ltoes 14.5284 -0 0
rfemur -58.8435 6.80258 8.03299
rtibia 69.0805 -0 0
rfoot 7.94675 10.7051 8.77619e-05
rtoes -16.3678 0 0
lowerback 6.71164 -0.308602 -1.38667
upperback 0.59992 -0.438187 1.6259
thorax -3.11875 -0.181513 2.49804
lowerneck -9.06511 -10.3836 -2.39483
upperneck 9.84626 -13.8573 2.02347
head 4.73668 -6.7656 0.0416109
lclavicle -4.78681e-16 -7.91254e-15 8.2109e-33
lhumerus -48.1508 -34.0189 116.402
lradius 56.3351 -0 0
lwrist 4.99147 0 0
lhand 8.04601 0.616213 0.0136996
lfingers 7.12502 -0 0
lthumb 33.2658 27.5082 0.000436453
rclavicle -4.78681e-16 -7.91254e-15 8.2109e-33
rhumerus -34.1986 44.1135 -91.0655
rradius 98.87 -0 0
rwrist 18.2283 0 0
rhand 3.19722 -13.3994 0.0299508
rfingers 7.12502 -0 0
rthumb 28.6454 -41.1724 0.0390678
506
root 5.46331 16.4573 -5.60873 -140.042 88.1051 -145.867
lfemur -24.9773 -18.0785 -22.2321
ltibia 47.6536 -0 0
lfoot -25.3907 -7.18906 -0.028197
ltoes 14.4243 -0 0
rfemur -58.7381 6.68462 8.10028
rtibia 68.9725 -0 0
rfoot 7.94508 10.69 0.000118032
rtoes -16.4097 0 0
lowerback 6.6974 -0.314258 -1.41647
upperback 0.61001 -0.447497 1.62982
thorax -3.09881 -0.186156 2.5191
lowerneck -9.0403 -10.4034 -2.40481
upperneck 9.86846 -13.887 2.05584
head 4.7439 -6.77857 0.0507783
lclavicle -5.02542e-16 -7.88567e-15 1.07588e-32
lhumerus -47.9705 -34.0135 116.172
lradius 56.3145 -0 0
lwrist 5.12921 0 0
lhand 7.85646 0.595038 0.0186633
lfingers 7.12502 -0 0
lthumb 33.0838 27.5072 0.00059149
rclavicle -5.02542e-16 -7.88567e-15 1.07588e-32
rhumerus -33.6673 44.0059 -90.7879
rradius 99.123 -0 0
rwrist 17.7784 0 0
rhand 2.99872 -13.4381 0.0408256
rfingers 7.12502 -0 0
rthumb 28.4544 -41.2249 0.0532579
507
root 5.46928 16.4567 -5.59218 -139.622 88.1027 -145.442
lfemur -24.9222 -17.8698 -22.2209
ltibia 47.6363 -0 0
lfoot -25.4376 -7.04417 -0.0359506
ltoes 14.3154 -0 0
rfemur -58.6276 6.56056 8.17079
rtibia 68.8599 -0 0
rfoot 7.94341 10.6743 0.000148746
rtoes -16.4534 0 0
lowerback 6.6823 -0.320225 -1.44774
upperback 0.62056 -0.457301 1.63389
thorax -3.07785 -0.191054 2.54116
lowerneck -9.01426 -10.4242 -2.41522
upperneck 9.89158 -13.918 2.08977
head 4.75141 -6.79212 0.0603915
lclavicle -5.24915e-16 -7.8521e-15 1.32121e-32
lhumerus -47.7814 -34.007 115.931
lradius 56.2928 -0 0
lwrist 5.27367 0 0
lhand 7.65746 0.57282 0.0237981
lfingers 7.12502 -0 0
lthumb 32.8928 27.5062 0.000750483
rclavicle -5.24915e-16 -7.8521e-15 1.32121e-32
rhumerus -33.1124 43.8902 -90.4994
rradius 99.3873 -0 0
rwrist 17.3075 0 0
rhand 2.78967 -13.479 0.0520873
rfingers 7.12502 -0 0
rthumb 28.2533 -41.2805 0.0679551
508
root 5.4755 16.4561 -5.57489 -139.178 88.1005 -144.993
lfemur -24.8646 -17.6517 -22.209
ltibia 47.618 -0 0
lfoot -25.4866 -6.89258 -0.0439357
ltoes 14.2019 -0 0
rfemur -58.5122 6.43054 8.24441
rtibia 68.7428 -0 0
rfoot 7.94174 10.6581 0.000179865
rtoes -16.499 0 0
lowerback 6.66638 -0.326496 -1.48045
upperback 0.631558 -0.467587 1.6381
thorax -3.05588 -0.196202 2.56419
lowerneck -8.98699 -10.4457 -2.42604
upperneck 9.91559 -13.9504 2.12521
head 4.7592 -6.80624 0.0704394
lclavicle -5.45862e-16 -7.81198e-15 1.55716e-32
lhumerus -47.5837 -33.9994 115.678
lradius 56.2701 -0 0
lwrist 5.4247 0 0
lhand 7.44924 0.549584 0.0290874
lfingers 7.12502 -0 0
lthumb 32.6929 27.5051 0.000912944
rclavicle -5.45862e-16 -7.81198e-15 1.55716e-32
rhumerus -32.535 43.7662 -90.2007
rradius 99.6627 -0 0
rwrist 16.8161 0 0
rhand 2.57033 -13.5221 0.0637002
rfingers 7.12502 -0 0
rthumb 28.0423 -41.3391 0.0831124
509
root 5.48198 16.4555 -5.55689 -138.709 88.0984 -144.52
lfemur -24.8047 -17.4244 -22.1964
ltibia 47.5987 -0 0
lfoot -25.5376 -6.73444 -0.0521269
ltoes 14.0838 -0 0
rfemur -58.392 6.29468 8.32102
rtibia 68.6213 -0 0
rfoot 7.94005 10.6412 0.000211349
rtoes -16.5464 0 0
lowerback 6.64963 -0.333066 -1.51458
upperback 0.642992 -0.478344 1.64244
thorax -3.03292 -0.201595 2.58816
lowerneck -8.95854 -10.4682 -2.43726
upperneck 9.94045 -13.984 2.16213
head 4.76726 -6.82091 0.0809111
lclavicle -5.65444e-16 -7.76545e-15 1.78388e-32
lhumerus -47.3777 -33.9905 115.414
lradius 56.2464 -0 0
lwrist 5.58214 0 0
lhand 7.23203 0.525351 0.0345144
lfingers 7.12502 -0 0
lthumb 32.4843 27.5041 0.00107839
rclavicle -5.65444e-16 -7.76545e-15 1.78388e-32
rhumerus -31.9359 43.6339 -89.8925
rradius 99.9489 -0 0
rwrist 16.3047 0 0
rhand 2.34095 -13.5674 0.0756277
rfingers 7.12502 -0 0
rthumb 27.8216 -41.4006 0.0986819
510
root 5.48869 16.4548 -5.53818 -138.217 88.0965 -144.023
lfemur -24.7424 -17.1881 -22.183
ltibia 47.5784 -0 0
lfoot -25.5906 -6.56992 -0.0604984
ltoes 13.9613 -0 0
rfemur -58.2672 6.15311 8.4005
rtibia 68.4956 -0 0
rfoot 7.93836 10.6239 0.00024316
rtoes -16.5956 0 0
lowerback 6.6321 -0.339928 -1.55007
upperback 0.65485 -0.489559 1.64691
thorax -3.00902 -0.207229 2.61304
lowerneck -8.92894 -10.4914 -2.44888
upperneck 9.96616 -14.0189 2.20049
head 4.77559 -6.83612 0.0917953
lclavicle -5.8372e-16 -7.71268e-15 2.00155e-32
lhumerus -47.1635 -33.9802 115.14
lradius 56.2217 -0 0
lwrist 5.74582 0 0
lhand 7.00606 0.500145 0.0400622
lfingers 7.12502 -0 0
lthumb 32.2674 27.503 0.00124633
rclavicle -5.8372e-16 -7.71268e-15 2.00155e-32
rhumerus -31.316 43.4931 -89.5755
rradius 100.246 -0 0
rwrist 15.7738 0 0
rhand 2.10178 -13.6148 0.0878331
rfingers 7.12502 -0 0
rthumb 27.5915 -41.4651 0.114616
511
root 5.49563 16.4541 -5.5188 -137.701 88.0947 -143.503
lfemur -24.6779 -16.9431 -22.1689
ltibia 47.5571 -0 0
lfoot -25.6455 -6.39919 -0.0690247
ltoes 13.8346 -0 0
rfemur -58.1379 6.00596 8.48273
rtibia 68.3657 -0 0
rfoot 7.93666 10.606 0.000275259
rtoes -16.6465 0 0
lowerback 6.61379 -0.347077 -1.58689
upperback 0.667122 -0.501222 1.65151
thorax -2.98419 -0.213098 2.63883
lowerneck -8.89821 -10.5154 -2.46088
upperneck 9.99267 -14.055 2.24025
head 4.78418 -6.85185 0.103081
lclavicle -6.00752e-16 -7.65381e-15 2.2104e-32
lhumerus -46.9414 -33.9686 114.855
lradius 56.1961 -0 0
lwrist 5.91556 0 0
lhand 6.77157 0.473988 0.0457137
lfingers 7.12502 -0 0
lthumb 32.0422 27.502 0.00141629
rclavicle -6.00752e-16 -7.65381e-15 2.2104e-32
rhumerus -30.6763 43.3439 -89.2502
rradius 100.552 -0 0
rwrist 15.224 0 0
rhand 1.85307 -13.6643 0.100279
rfingers 7.12502 -0 0
rthumb 27.3523 -41.5323 0.130865
512
root 5.5028 16.4534 -5.49875 -137.163 88.0929 -142.96
lfemur -24.6113 -16.6896 -22.154
ltibia 47.5349 -0 0
lfoot -25.7024 -6.22241 -0.0776799
ltoes 13.7037 -0 0
rfemur -58.0043 5.85335 8.56758
rtibia 68.2317 -0 0
rfoot 7.93495 10.5877 0.000307606
rtoes -16.699 0 0
lowerback 6.59474 -0.354507 -1.62501
upperback 0.679794 -0.51332 1.65622
thorax -2.95845 -0.219199 2.66548
lowerneck -8.86638 -10.5402 -2.47326
upperneck 10.02 -14.0923 2.28138
head 4.79302 -6.86809 0.114757
lclavicle -6.166e-16 -7.589e-15 2.41068e-32
lhumerus -46.7117 -33.9554 114.561
lradius 56.1695 -0 0
lwrist 6.09122 0 0
lhand 6.52878 0.446904 0.0514519
lfingers 7.12502 -0 0
lthumb 31.8091 27.5009 0.00158779
rclavicle -6.166e-16 -7.589e-15 2.41068e-32
rhumerus -30.0177 43.186 -88.9174
rradius 100.869 -0 0
rwrist 14.6558 0 0
rhand 1.59508 -13.7159 0.112929
rfingers 7.12502 -0 0
rthumb 27.1041 -41.6023 0.147381
513
root 5.51019 16.4527 -5.47805 -136.603 88.0912 -142.394
lfemur -24.5425 -16.4278 -22.1383
ltibia 47.5117 -0 0
lfoot -25.7611 -6.03976 -0.0864385
ltoes 13.5687 -0 0
rfemur -57.8665 5.69541 8.65495
rtibia 68.0938 -0 0
rfoot 7.93322 10.5688 0.000340163
rtoes -16.7533 0 0
lowerback 6.57495 -0.362212 -1.6644
upperback 0.692857 -0.525841 1.66105
thorax -2.93183 -0.225526 2.69298
lowerneck -8.83348 -10.5657 -2.486
upperneck 10.048 -14.1308 2.32382
head 4.80211 -6.88482 0.126813
lclavicle -6.31326e-16 -7.51839e-15 2.60271e-32
lhumerus -46.4746 -33.9407 114.256
lradius 56.142 -0 0
lwrist 6.27263 0 0
lhand 6.27792 0.418916 0.0572599
lfingers 7.12502 -0 0
lthumb 31.5683 27.4998 0.00176038
rclavicle -6.31326e-16 -7.51839e-15 2.60271e-32
rhumerus -29.3412 43.0195 -88.5778
rradius 101.196 -0 0
rwrist 14.0697 0 0
rhand 1.32806 -13.7693 0.125745
rfingers 7.12502 -0 0
rthumb 26.8472 -41.675 0.164116
514
root 5.5178 16.452 -5.45673 -136.021 88.0896 -141.807
lfemur -24.4716 -16.158 -22.1217
ltibia 47.4877 -0 0
lfoot -25.8215 -5.8514 -0.0952747
ltoes 13.4299 -0 0
rfemur -57.7248 5.53227 8.7447
rtibia 67.952 -0 0
rfoot 7.93149 10.5495 0.000372889
rtoes -16.8091 0 0
lowerback 6.55445 -0.370185 -1.70501
upperback 0.706298 -0.538774 1.666
thorax -2.90436 -0.232074 2.72129
lowerneck -8.79954 -10.5919 -2.4991
upperneck 10.0768 -14.1704 2.36755
head 4.81143 -6.90204 0.139237
lclavicle -6.4499e-16 -7.44215e-15 2.78681e-32
lhumerus -46.2302 -33.9243 113.943
lradius 56.1137 -0 0
lwrist 6.45961 0 0
lhand 6.01923 0.390047 0.0631206
lfingers 7.12502 -0 0
lthumb 31.3199 27.4987 0.00193357
rclavicle -6.4499e-16 -7.44215e-15 2.78681e-32
rhumerus -28.6477 42.8442 -88.232
rradius 101.532 -0 0
rwrist 13.4662 0 0
rhand 1.05227 -13.8248 0.13869
rfingers 7.12502 -0 0
rthumb 26.5818 -41.7502 0.18102
515
root 5.52562 16.4512 -5.4348 -135.418 88.0879 -141.199
lfemur -24.3988 -15.8804 -22.1044
ltibia 47.4629 -0 0
lfoot -25.8838 -5.6575 -0.104163
ltoes 13.2871 -0 0
rfemur -57.5791 5.36406 8.83673
rtibia 67.8066 -0 0
rfoot 7.92973 10.5297 0.000405745
rtoes -16.8664 0 0
lowerback 6.53325 -0.378422 -1.74681
upperback 0.720106 -0.552108 1.67106
thorax -2.87606 -0.238839 2.75041
lowerneck -8.7646 -10.6189 -2.51255
upperneck 10.1064 -14.2111 2.41252
head 4.82099 -6.91972 0.152018
lclavicle -6.57652e-16 -7.36042e-15 2.96332e-32
lhumerus -45.979 -33.9062 113.62
lradius 56.0845 -0 0
lwrist 6.65201 0 0
lhand 5.75293 0.360321 0.0690173
lfingers 7.12502 -0 0
lthumb 31.0642 27.4975 0.00210692
rclavicle -6.57652e-16 -7.36042e-15 2.96332e-32
rhumerus -27.938 42.6602 -87.8807
rradius 101.877 -0 0
rwrist 12.8457 0 0
rhand 0.767957 -13.8821 0.151727
rfingers 7.12502 -0 0
rthumb 26.3083 -41.8281 0.198044
516
root 5.53363 16.4504 -5.41228 -134.795 88.0862 -140.57
lfemur -24.324 -15.5952 -22.0862
ltibia 47.4372 -0 0
lfoot -25.9477 -5.45821 -0.113079
ltoes 13.1407 -0 0
rfemur -57.4297 5.1909 8.93091
rtibia 67.6576 -0 0
rfoot 7.92796 10.5095 0.000438689
rtoes -16.9252 0 0
lowerback 6.51139 -0.386916 -1.78977
upperback 0.734268 -0.56583 1.67622
thorax -2.84695 -0.245816 2.78029
lowerneck -8.72868 -10.6465 -2.52634
upperneck 10.1366 -14.2528 2.4587
head 4.83076 -6.93785 0.165146
lclavicle -6.69374e-16 -7.27335e-15 3.13261e-32
lhumerus -45.721 -33.8862 113.288
lradius 56.0545 -0 0
lwrist 6.84966 0 0
lhand 5.47925 0.329761 0.0749331
lfingers 7.12502 -0 0
lthumb 30.8015 27.4964 0.00227998
rclavicle -6.69374e-16 -7.27335e-15 3.13261e-32
rhumerus -27.2133 42.4673 -87.5246
rradius 102.23 -0 0
rwrist 12.209 0 0
rhand 0.475373 -13.9412 0.164818
rfingers 7.12502 -0 0
rthumb 26.0267 -41.9084 0.21514
517
root 5.54184 16.4496 -5.3892 -134.151 88.0845 -139.922
lfemur -24.2473 -15.3027 -22.0672
ltibia 47.4107 -0 0
lfoot -26.0133 -5.25372 -0.121996
ltoes 12.9907 -0 0
rfemur -57.2768 5.01293 9.02713
rtibia 67.505 -0 0
rfoot 7.92618 10.4889 0.000471682
rtoes -16.9856 0 0
lowerback 6.48888 -0.395662 -1.83384
upperback 0.748775 -0.579929 1.68147
thorax -2.81707 -0.253 2.81092
lowerneck -8.6918 -10.6748 -2.54046
upperneck 10.1674 -14.2956 2.50604
head 4.84075 -6.95643 0.178608
lclavicle -6.80216e-16 -7.1811e-15 3.29507e-32
lhumerus -45.4566 -33.8644 112.948
lradius 56.0236 -0 0
lwrist 7.05241 0 0
lhand 5.19843 0.298391 0.0808514
lfingers 7.12502 -0 0
lthumb 30.5319 27.4952 0.00245231
rclavicle -6.80216e-16 -7.1811e-15 3.29507e-32
rhumerus -26.4742 42.2656 -87.1644
rradius 102.593 -0 0
rwrist 11.5563 0 0
rhand 0.174773 -14.0021 0.177927
rfingers 7.12502 -0 0
rthumb 25.7375 -41.9911 0.23226
518
root 5.55024 16.4488 -5.36555 -133.488 88.0828 -139.254
lfemur -24.1688 -15.0032 -22.0474
ltibia 47.3834 -0 0
lfoot -26.0804 -5.04418 -0.130891
ltoes 12.8372 -0 0
rfemur -57.1204 4.83028 9.12527
rtibia 67.3491 -0 0
rfoot 7.92437 10.4678 0.000504682
rtoes -17.0473 0 0
lowerback 6.46574 -0.404652 -1.879
upperback 0.763613 -0.594394 1.68683
thorax -2.78644 -0.260387 2.84227
lowerneck -8.65401 -10.7036 -2.55491
upperneck 10.1989 -14.3394 2.55451
head 4.85095 -6.97542 0.192395
lclavicle -6.90239e-16 -7.08382e-15 3.45109e-32
lhumerus -45.1859 -33.8405 112.599
lradius 55.992 -0 0
lwrist 7.26007 0 0
lhand 4.9107 0.266234 0.0867559
lfingers 7.12502 -0 0
lthumb 30.2556 27.494 0.00262346
rclavicle -6.90239e-16 -7.08382e-15 3.45109e-32
rhumerus -25.7219 42.0549 -86.8007
rradius 102.963 -0 0
rwrist 10.8884 0 0
rhand -0.133588 -14.0647 0.191018
rfingers 7.12502 -0 0
rthumb 25.4408 -42.0762 0.249356
519
root 5.55882 16.448 -5.34138 -132.807 88.0809 -138.567
lfemur -24.0885 -14.6967 -22.0266
ltibia 47.3553 -0 0
lfoot -26.1491 -4.82977 -0.139738
ltoes 12.6804 -0 0
rfemur -56.9608 4.64308 9.22522
rtibia 67.19 -0 0
rfoot 7.92254 10.4464 0.000537647
rtoes -17.1104 0 0
lowerback 6.442 -0.413882 -1.92521
upperback 0.778772 -0.609211 1.69228
thorax -2.75507 -0.267971 2.87432
lowerneck -8.61533 -10.7331 -2.56966
upperneck 10.231 -14.3841 2.60407
head 4.86134 -6.99483 0.206495
lclavicle -6.99504e-16 -6.98166e-15 3.60107e-32
lhumerus -44.9094 -33.8147 112.243
lradius 55.9597 -0 0
lwrist 7.47249 0 0
lhand 4.61629 0.233316 0.0926303
lfingers 7.12502 -0 0
lthumb 29.973 27.4928 0.00279303
rclavicle -6.99504e-16 -6.98166e-15 3.60107e-32
rhumerus -24.9571 41.8354 -86.4341
rradius 103.342 -0 0
rwrist 10.2056 0 0
rhand -0.449457 -14.1291 0.204054
rfingers 7.12502 -0 0
rthumb 25.1368 -42.1635 0.266381
520
root 5.56758 16.4471 -5.31669 -132.108 88.0789 -137.862
lfemur -24.0065 -14.3837 -22.005
ltibia 47.3265 -0 0
lfoot -26.2193 -4.61065 -0.148515
ltoes 12.5203 -0 0
rfemur -56.798 4.45145 9.32686
rtibia 67.0277 -0 0
rfoot 7.92069 10.4246 0.000570535
rtoes -17.1748 0 0
lowerback 6.41766 -0.423345 -1.97242
upperback 0.79424 -0.624371 1.69781
thorax -2.72301 -0.275747 2.90704
lowerneck -8.57578 -10.7632 -2.58472
upperneck 10.2637 -14.4298 2.65467
head 4.87193 -7.01462 0.220897
lclavicle -7.08071e-16 -6.87477e-15 3.74542e-32
lhumerus -44.6271 -33.7867 111.879
lradius 55.9266 -0 0
lwrist 7.68951 0 0
lhand 4.31542 0.199659 0.0984586
lfingers 7.12502 -0 0
lthumb 29.6842 27.4916 0.00296059
rclavicle -7.08071e-16 -6.87477e-15 3.74542e-32
rhumerus -24.1808 41.607 -86.0654
rradius 103.728 -0 0
rwrist 9.50848 0 0
rhand -0.772581 -14.195 0.216999
rfingers 7.12502 -0 0
rthumb 24.8259 -42.2531 0.283288
521
root 5.5765 16.4463 -5.2915 -131.391 88.0768 -137.139
lfemur -23.9229 -14.0643 -21.9825
ltibia 47.297 -0 0
lfoot -26.2909 -4.38698 -0.157197
ltoes 12.3571 -0 0
rfemur -56.6323 4.25554 9.43007
rtibia 66.8623 -0 0
rfoot 7.91882 10.4024 0.000603303
rtoes -17.2405 0 0
lowerback 6.39276 -0.433035 -2.02061
upperback 0.810005 -0.639861 1.70343
thorax -2.69027 -0.283711 2.9404
lowerneck -8.53541 -10.7939 -2.60007
upperneck 10.297 -14.4764 2.70629
head 4.88271 -7.0348 0.23559
lclavicle -7.16002e-16 -6.76331e-15 3.88454e-32
lhumerus -44.3393 -33.7565 111.508
lradius 55.8929 -0 0
lwrist 7.91095 0 0
lhand 4.00833 0.165289 0.104225
lfingers 7.12502 -0 0
lthumb 29.3894 27.4904 0.00312573
rclavicle -7.16002e-16 -6.76331e-15 3.88454e-32
rhumerus -23.3939 41.3698 -85.6952
rradius 104.122 -0 0
rwrist 8.79761 0 0
rhand -1.10271 -14.2625 0.229818
rfingers 7.12502 -0 0
rthumb 24.5082 -42.3448 0.300031
522
root 5.58559 16.4454 -5.26584 -130.657 88.0746 -136.4
lfemur -23.8377 -13.7388 -21.9592
ltibia 47.2668 -0 0
lfoot -26.3639 -4.15894 -0.165761
ltoes 12.191 -0 0
rfemur -56.4637 4.05547 9.53476
rtibia 66.694 -0 0
rfoot 7.91692 10.3799 0.000635909
rtoes -17.3074 0 0
lowerback 6.36731 -0.442946 -2.06974
upperback 0.826056 -0.655669 1.70913
thorax -2.65687 -0.291859 2.97439
lowerneck -8.49423 -10.825 -2.61571
upperneck 10.3308 -14.5239 2.75888
head 4.89366 -7.05535 0.250563
lclavicle -7.23356e-16 -6.64743e-15 4.01882e-32
lhumerus -44.0463 -33.7241 111.13
lradius 55.8584 -0 0
lwrist 8.13667 0 0
lhand 3.69525 0.13023 0.109915
lfingers 7.12502 -0 0
lthumb 29.0888 27.4892 0.00328807
rclavicle -7.23356e-16 -6.64743e-15 4.01882e-32
rhumerus -22.5972 41.1237 -85.3241
rradius 104.522 -0 0
rwrist 8.07346 0 0
rhand -1.43958 -14.3316 0.242478
rfingers 7.12502 -0 0
rthumb 24.184 -42.4385 0.316565
523
root 5.59483 16.4445 -5.23972 -129.907 88.0721 -135.644
lfemur -23.7509 -13.4074 -21.9349
ltibia 47.236 -0 0
lfoot -26.4382 -3.9267 -0.174184
ltoes 12.0219 -0 0
rfemur -56.2925 3.85138 9.6408
rtibia 66.5229 -0 0
rfoot 7.91499 10.3571 0.000668309
rtoes -17.3755 0 0
lowerback 6.34134 -0.453073 -2.11978
upperback 0.842381 -0.671783 1.71491
thorax -2.62285 -0.300183 3.00898
lowerneck -8.45228 -10.8567 -2.63163
upperneck 10.3651 -14.5722 2.81241
head 4.90478 -7.07625 0.265805
lclavicle -7.30195e-16 -6.52727e-15 4.14867e-32
lhumerus -43.7484 -33.6894 110.745
lradius 55.8234 -0 0
lwrist 8.36648 0 0
lhand 3.3764 0.0945058 0.115512
lfingers 7.12502 -0 0
lthumb 28.7827 27.488 0.00344721
rclavicle -7.30195e-16 -6.52727e-15 4.14867e-32
rhumerus -21.7916 40.8688 -84.9527
rradius 104.93 -0 0
rwrist 7.33656 0 0
rhand -1.78294 -14.4021 0.254943
rfingers 7.12502 -0 0
rthumb 23.8536 -42.5343 0.332846
524
root 5.60422 16.4436 -5.21315 -129.142 88.0695 -134.873
lfemur -23.6627 -13.0703 -21.9097
ltibia 47.2045 -0 0
lfoot -26.5139 -3.69041 -0.182446
ltoes 11.8501 -0 0
rfemur -56.1186 3.6434 9.74809
rtibia 66.3492 -0 0
rfoot 7.91304 10.3339 0.000700459
rtoes -17.4448 0 0
lowerback 6.31486 -0.463408 -2.17068
upperback 0.858969 -0.688193 1.72076
thorax -2.58822 -0.308681 3.04414
lowerneck -8.40959 -10.8889 -2.64781
upperneck 10.3999 -14.6213 2.86682
head 4.91606 -7.09748 0.281305
lclavicle -7.36579e-16 -6.403e-15 4.27447e-32
lhumerus -43.4458 -33.6523 110.354
lradius 55.7877 -0 0
lwrist 8.60023 0 0
lhand 3.05203 0.0581423 0.121003
lfingers 7.12502 -0 0
lthumb 28.4713 27.4867 0.00360279
rclavicle -7.36579e-16 -6.403e-15 4.27447e-32
rhumerus -20.978 40.6053 -84.5815
rradius 105.344 -0 0
rwrist 6.58742 0 0
rhand -2.13254 -14.4741 0.267182
rfingers 7.12502 -0 0
rthumb 23.5171 -42.632 0.34883
525
root 5.61376 16.4427 -5.18616 -128.363 88.0666 -134.088
lfemur -23.573 -12.7277 -21.8836
ltibia 47.1724 -0 0
lfoot -26.5907 -3.45025 -0.190523
ltoes 11.6756 -0 0
rfemur -55.9424 3.43167 9.85652
rtibia 66.1728 -0 0
rfoot 7.91105 10.3105 0.000732313
rtoes -17.5151 0 0
lowerback 6.28789 -0.473945 -2.22241
upperback 0.875808 -0.704886 1.72667
thorax -2.55302 -0.317346 3.07985
lowerneck -8.36619 -10.9216 -2.66425
upperneck 10.4352 -14.6712 2.9221
head 4.9275 -7.11904 0.297051
lclavicle -7.42569e-16 -6.27477e-15 4.39659e-32
lhumerus -43.1387 -33.6128 109.957
lradius 55.7514 -0 0
lwrist 8.83775 0 0
lhand 2.72236 0.0211642 0.126372
lfingers 7.12502 -0 0
lthumb 28.1549 27.4855 0.00375445
rclavicle -7.42569e-16 -6.27477e-15 4.39659e-32
rhumerus -20.1571 40.3331 -84.2113
rradius 105.765 -0 0
rwrist 5.82655 0 0
rhand -2.48813 -14.5474 0.279161
rfingers 7.12502 -0 0
rthumb 23.1749 -42.7315 0.364476
526
root 5.62343 16.4417 -5.15877 -127.569 88.0634 -133.288
lfemur -23.4819 -12.38 -21.8565
ltibia 47.1397 -0 0
lfoot -26.6688 -3.20638 -0.198397
ltoes 11.4986 -0 0
rfemur -55.7639 3.21633 9.96598
rtibia 65.9939 -0 0
rfoot 7.90904 10.2868 0.000763827
rtoes -17.5865 0 0
lowerback 6.26046 -0.484679 -2.27494
upperback 0.892887 -0.72185 1.73265
thorax -2.51727 -0.326174 3.11609
lowerneck -8.3221 -10.9547 -2.68093
upperneck 10.4709 -14.7219 2.97819
head 4.93908 -7.14091 0.313034
lclavicle -7.48226e-16 -6.14271e-15 4.51538e-32
lhumerus -42.8275 -33.5709 109.555
lradius 55.7145 -0 0
lwrist 9.07888 0 0
lhand 2.38762 -0.0164032 0.131607
lfingers 7.12502 -0 0
lthumb 27.8335 27.4842 0.00390183
rclavicle -7.48226e-16 -6.14271e-15 4.51538e-32
rhumerus -19.3298 40.0524 -83.8426
rradius 106.191 -0 0
rwrist 5.05447 0 0
rhand -2.84945 -14.6221 0.290849
rfingers 7.12502 -0 0
rthumb 22.8271 -42.8328 0.379741
527
root 5.63323 16.4408 -5.131 -126.763 88.06 -132.476
lfemur -23.3895 -12.0273 -21.8286
ltibia 47.1065 -0 0
lfoot -26.7479 -2.95897 -0.206045
ltoes 11.3192 -0 0
rfemur -55.5833 2.99751 10.0764
rtibia 65.8127 -0 0
rfoot 7.90699 10.2628 0.000794956
rtoes -17.659 0 0
lowerback 6.23258 -0.495603 -2.32823
upperback 0.910193 -0.739074 1.73868
thorax -2.48099 -0.33516 3.15282
lowerneck -8.27737 -10.9882 -2.69786
upperneck 10.5071 -14.7733 3.03506
head 4.95081 -7.16307 0.329242
lclavicle -7.53611e-16 -6.007e-15 4.63119e-32
lhumerus -42.5123 -33.5264 109.147
lradius 55.6771 -0 0
lwrist 9.32345 0 0
lhand 2.04805 -0.0545345 0.136693
lfingers 7.12502 -0 0
lthumb 27.5076 27.4829 0.0040446
rclavicle -7.53611e-16 -6.007e-15 4.63119e-32
rhumerus -18.4968 39.7634 -83.4758
rradius 106.623 -0 0
rwrist 4.27171 0 0
rhand -3.21625 -14.698 0.302216
rfingers 7.12502 -0 0
rthumb 22.474 -42.9359 0.394587
528
root 5.64316 16.4398 -5.10285 -125.944 88.0564 -131.651
lfemur -23.2959 -11.6699 -21.7997
ltibia 47.0728 -0 0
lfoot -26.8281 -2.7082 -0.21345
ltoes 11.1374 -0 0
rfemur -55.4006 2.77535 10.1876
rtibia 65.6292 -0 0
rfoot 7.90491 10.2386 0.000825652
rtoes -17.7324 0 0
lowerback 6.20428 -0.50671 -2.38225
upperback 0.927717 -0.756546 1.74477
thorax -2.44421 -0.344298 3.19003
lowerneck -8.232 -11.0222 -2.71501
upperneck 10.5436 -14.8253 3.09267
head 4.96267 -7.18551 0.345664
lclavicle -7.58784e-16 -5.86778e-15 4.74433e-32
lhumerus -42.1934 -33.4794 108.734
lradius 55.6392 -0 0
lwrist 9.5713 0 0
lhand 1.70386 -0.0932041 0.141617
lfingers 7.12502 -0 0
lthumb 27.1772 27.4816 0.00418244
rclavicle -7.58784e-16 -5.86778e-15 4.74433e-32
rhumerus -17.659 39.466 -83.1116
rradius 107.061 -0 0
rwrist 3.47876 0 0
rhand -3.58826 -14.7751 0.313233
rfingers 7.12502 -0 0
rthumb 22.116 -43.0405 0.408975
529
root 5.6532 16.4388 -5.07436 -125.114 88.0524 -130.815
lfemur -23.201 -11.308 -21.7699
ltibia 47.0385 -0 0
lfoot -26.9094 -2.45422 -0.220591
ltoes 10.9535 -0 0
rfemur -55.2161 2.54999 10.2996
rtibia 65.4436 -0 0
rfoot 7.90279 10.2142 0.00085587
rtoes -17.8067 0 0
lowerback 6.17558 -0.517995 -2.43695
upperback 0.945445 -0.774255 1.75092
thorax -2.40696 -0.353582 3.22769
lowerneck -8.18605 -11.0565 -2.73238
upperneck 10.5805 -14.878 3.15098
head 4.97465 -7.20822 0.362288
lclavicle -7.63806e-16 -5.7252e-15 4.8551e-32
lhumerus -41.8711 -33.4298 108.316
lradius 55.6008 -0 0
lwrist 9.82227 0 0
lhand 1.35531 -0.132386 0.146368
lfingers 7.12502 -0 0
lthumb 26.8426 27.4803 0.00431505
rclavicle -7.63806e-16 -5.7252e-15 4.8551e-32
rhumerus -16.817 39.1605 -82.7504
rradius 107.504 -0 0
rwrist 2.67615 0 0
rhand -3.96525 -14.8534 0.32387
rfingers 7.12502 -0 0
rthumb 21.7531 -43.1468 0.422867
530
root 5.66335 16.4379 -5.04554 -124.274 88.0481 -129.968
lfemur -23.105 -10.9419 -21.7391
ltibia 47.0037 -0 0
lfoot -26.9916 -2.1972 -0.227453
ltoes 10.7675 -0 0
rfemur -55.0299 2.32157 10.4121
rtibia 65.256 -0 0
rfoot 7.90064 10.1895 0.000885561
rtoes -17.8819 0 0
lowerback 6.14649 -0.52945 -2.49231
upperback 0.963367 -0.792188 1.75711
thorax -2.36925 -0.363009 3.26577
lowerneck -8.13953 -11.0912 -2.74996
upperneck 10.6177 -14.9313 3.20995
head 4.98675 -7.23118 0.379105
lclavicle -7.68738e-16 -5.57942e-15 4.96376e-32
lhumerus -41.5456 -33.3776 107.894
lradius 55.562 -0 0
lwrist 10.0762 0 0
lhand 1.0026 -0.172055 0.150933
lfingers 7.12502 -0 0
lthumb 26.504 27.479 0.00444212
rclavicle -7.68738e-16 -5.57942e-15 4.96376e-32
rhumerus -15.9717 38.8471 -82.3927
rradius 107.951 -0 0
rwrist 1.8644 0 0
rhand -4.34694 -14.9328 0.3341
rfingers 7.12502 -0 0
rthumb 21.3857 -43.2545 0.436229
531
root 5.67361 16.4369 -5.01641 -123.423 88.0434 -129.112
lfemur -23.0078 -10.5718 -21.7075
ltibia 46.9685 -0 0
lfoot -27.0747 -1.93732 -0.234016
ltoes 10.5796 -0 0
rfemur -54.842 2.09023 10.5252
rtibia 65.0664 -0 0
rfoot 7.89845 10.1647 0.00091468
rtoes -17.9579 0 0
lowerback 6.11704 -0.54107 -2.54828
upperback 0.981471 -0.810334 1.76334
thorax -2.33111 -0.372572 3.30426
lowerneck -8.09248 -11.1262 -2.76775
upperneck 10.6553 -14.9852 3.26955
head 4.99897 -7.25438 0.396103
lclavicle -7.73641e-16 -5.43058e-15 5.07058e-32
lhumerus -41.2172 -33.3227 107.467
lradius 55.5227 -0 0
lwrist 10.3329 0 0
lhand 0.645987 -0.212185 0.1553
lfingers 7.12502 -0 0
lthumb 26.1617 27.4777 0.00456337
rclavicle -7.73641e-16 -5.43058e-15 5.07058e-32
rhumerus -15.1236 38.5258 -82.039
rradius 108.404 -0 0
rwrist 1.04402 0 0
rhand -4.7331 -15.0132 0.343898
rfingers 7.12502 -0 0
rthumb 21.0139 -43.3636 0.449024
532
root 5.68396 16.4359 -4.98698 -122.564 88.0384 -128.247
lfemur -22.9096 -10.1978 -21.6748
ltibia 46.9329 -0 0
lfoot -27.1587 -1.67473 -0.240265
ltoes 10.3899 -0 0
rfemur -54.6527 1.85612 10.6388
rtibia 64.8751 -0 0
rfoot 7.89622 10.1397 0.000943177
rtoes -18.0348 0 0
lowerback 6.08725 -0.552847 -2.60484
upperback 0.999745 -0.828681 1.76961
thorax -2.29258 -0.382265 3.34312
lowerneck -8.04492 -11.1615 -2.78572
upperneck 10.6931 -15.0397 3.32973
head 5.01128 -7.2778 0.41327
lclavicle -7.78574e-16 -5.27884e-15 5.17575e-32
lhumerus -40.8862 -33.2652 107.037
lradius 55.483 -0 0
lwrist 10.5922 0 0
lhand 0.285687 -0.252748 0.15946
lfingers 7.12502 -0 0
lthumb 25.8159 27.4764 0.00467854
rclavicle -7.78574e-16 -5.27884e-15 5.17575e-32
rhumerus -14.2736 38.197 -81.6897
rradius 108.86 -0 0
rwrist 0.215522 0 0
rhand -5.12346 -15.0946 0.353239
rfingers 7.12502 -0 0
rthumb 20.6382 -43.4741 0.461222
533
root 5.6944 16.4349 -4.95728 -121.698 88.033 -127.374
lfemur -22.8104 -9.82037 -21.6413
ltibia 46.8968 -0 0
lfoot -27.2435 -1.40962 -0.246185
ltoes 10.1984 -0 0
rfemur -54.4621 1.61937 10.7527
rtibia 64.6821 -0 0
rfoot 7.89394 10.1145 0.000971004
rtoes -18.1123 0 0
lowerback 6.05714 -0.564775 -2.66194
upperback 1.01818 -0.847217 1.77592
thorax -2.25367 -0.392085 3.38233
lowerneck -7.9969 -11.1971 -2.80387
upperneck 10.7313 -15.0946 3.39046
head 5.0237 -7.30142 0.430597
lclavicle -7.836e-16 -5.12435e-15 5.27947e-32
lhumerus -40.5528 -33.205 106.604
lradius 55.4429 -0 0
lwrist 10.854 0 0
lhand -0.0780654 -0.29372 0.1634
lfingers 7.12502 -0 0
lthumb 25.4667 27.4751 0.00478739
rclavicle -7.836e-16 -5.12435e-15 5.27947e-32
rhumerus -13.4221 37.8608 -81.3453
rradius 109.321 -0 0
rwrist -0.620573 0 0
rhand -5.51777 -15.177 0.362097
rfingers 7.12502 -0 0
rthumb 20.2586 -43.5858 0.472791
534
root 5.70493 16.4339 -4.92733 -120.824 88.0273 -126.494
lfemur -22.7102 -9.4396 -21.6069
ltibia 46.8604 -0 0
lfoot -27.329 -1.14213 -0.251761
ltoes 10.0053 -0 0
rfemur -54.2702 1.38014 10.8668
rtibia 64.4874 -0 0
rfoot 7.89163 10.0892 0.000998113
rtoes -18.1906 0 0
lowerback 6.02672 -0.576847 -2.71955
upperback 1.03676 -0.86593 1.78226
thorax -2.21441 -0.402024 3.42187
lowerneck -7.94842 -11.233 -2.8222
upperneck 10.7696 -15.1501 3.4517
head 5.0362 -7.32524 0.448073
lclavicle -7.88779e-16 -4.96727e-15 5.3819e-32
lhumerus -40.2172 -33.1421 106.167
lradius 55.4024 -0 0
lwrist 11.1181 0 0
lhand -0.445039 -0.335073 0.167112
lfingers 7.12502 -0 0
lthumb 25.1144 27.4737 0.00488966
rclavicle -7.88779e-16 -4.96727e-15 5.3819e-32
rhumerus -12.57 37.5173 -81.006
rradius 109.785 -0 0
rwrist -1.46375 0 0
rhand -5.91577 -15.2602 0.370452
rfingers 7.12502 -0 0
rthumb 19.8754 -43.6987 0.483701
535
root 5.71554 16.4328 -4.89713 -119.944 88.0211 -125.608
lfemur -22.6091 -9.05577 -21.5715
ltibia 46.8236 -0 0
lfoot -27.4152 -0.872456 -0.25698
ltoes 9.81075 -0 0
rfemur -54.0773 1.13856 10.9811
rtibia 64.2914 -0 0
rfoot 7.88927 10.0637 0.00102445
rtoes -18.2695 0 0
lowerback 5.99602 -0.589056 -2.77763
upperback 1.05548 -0.88481 1.78862
thorax -2.17482 -0.412077 3.46172
lowerneck -7.89954 -11.2692 -2.84068
upperneck 10.8083 -15.206 3.51341
head 5.04878 -7.34925 0.465685
lclavicle -7.94171e-16 -4.80774e-15 5.48316e-32
lhumerus -39.8798 -33.0765 105.728
lradius 55.3616 -0 0
lwrist 11.3843 0 0
lhand -0.815002 -0.37678 0.170587
lfingers 7.12502 -0 0
lthumb 24.7593 27.4724 0.00498515
rclavicle -7.94171e-16 -4.80774e-15 5.48316e-32
rhumerus -11.7178 37.167 -80.6724
rradius 110.253 -0 0
rwrist -2.3135 0 0
rhand -6.3172 -15.3443 0.378281
rfingers 7.12502 -0 0
rthumb 19.4889 -43.8127 0.493924
536
root 5.72621 16.4318 -4.86672 -119.059 88.0146 -124.716
lfemur -22.5071 -8.6691 -21.5352
ltibia 46.7865 -0 0
lfoot -27.5021 -0.600749 -0.261828
ltoes 9.61483 -0 0
rfemur -53.8834 0.894784 11.0955
rtibia 64.0939 -0 0
rfoot 7.88687 10.0381 0.00104998
rtoes -18.3491 0 0
lowerback 5.96506 -0.601396 -2.83616
upperback 1.07432 -0.903843 1.79501
thorax -2.13493 -0.422239 3.50184
lowerneck -7.85027 -11.3055 -2.85931
upperneck 10.8471 -15.2623 3.57556
head 5.06144 -7.37341 0.483424
lclavicle -7.99837e-16 -4.64592e-15 5.58333e-32
lhumerus -39.5407 -33.0082 105.286
lradius 55.3205 -0 0
lwrist 11.6524 0 0
lhand -1.18773 -0.418815 0.173815
lfingers 7.12502 -0 0
lthumb 24.4016 27.4711 0.00507365
rclavicle -7.99837e-16 -4.64592e-15 5.58333e-32
rhumerus -10.866 36.8099 -80.3446
rradius 110.724 -0 0
rwrist -3.16929 0 0
rhand -6.72183 -15.4291 0.385566
rfingers 7.12502 -0 0
rthumb 19.0994 -43.9278 0.503436
537
root 5.73696 16.4308 -4.83611 -118.17 88.0076 -123.821
lfemur -22.4043 -8.27984 -21.498
ltibia 46.749 -0 0
lfoot -27.5896 -0.327181 -0.266293
ltoes 9.41766 -0 0
rfemur -53.6887 0.648962 11.2098
rtibia 63.8953 -0 0
rfoot 7.88442 10.0124 0.00107464
rtoes -18.4292 0 0
lowerback 5.93386 -0.613859 -2.89508
upperback 1.09327 -0.923019 1.80142
thorax -2.09477 -0.432504 3.54222
lowerneck -7.80065 -11.3421 -2.87809
upperneck 10.8861 -15.319 3.6381
head 5.07417 -7.39773 0.501278
lclavicle -8.05839e-16 -4.48196e-15 5.68248e-32
lhumerus -39.2002 -32.9372 104.842
lradius 55.2792 -0 0
lwrist 11.9224 0 0
lhand -1.56298 -0.461151 0.17679
lfingers 7.12502 -0 0
lthumb 24.0414 27.4697 0.00515496
rclavicle -8.05839e-16 -4.48196e-15 5.68248e-32
rhumerus -10.0153 36.4464 -80.0231
rradius 111.198 -0 0
rwrist -4.03063 0 0
rhand -7.12938 -15.5146 0.392287
rfingers 7.12502 -0 0
rthumb 18.707 -44.0438 0.512212
538
root 5.74776 16.4297 -4.80532 -117.278 88.0002 -122.922
lfemur -22.3008 -7.88822 -21.46
ltibia 46.7113 -0 0
lfoot -27.6776 -0.0519196 -0.270366
ltoes 9.21936 -0 0
rfemur -53.4932 0.401239 11.3241
rtibia 63.6955 -0 0
rfoot 7.88192 9.98666 0.00109838
rtoes -18.5098 0 0
lowerback 5.90244 -0.626439 -2.95438
upperback 1.11233 -0.942325 1.80784
thorax -2.05435 -0.442867 3.58283
lowerneck -7.7507 -11.3788 -2.89699
upperneck 10.9252 -15.3761 3.701
head 5.08696 -7.42218 0.519237
lclavicle -8.12236e-16 -4.31601e-15 5.78062e-32
lhumerus -38.8587 -32.8636 104.396
lradius 55.2375 -0 0
lwrist 12.194 0 0
lhand -1.94053 -0.503761 0.179503
lfingers 7.12502 -0 0
lthumb 23.679 27.4684 0.00522893
rclavicle -8.12236e-16 -4.31601e-15 5.78062e-32
rhumerus -9.16621 36.0767 -79.7082
rradius 111.675 -0 0
rwrist -4.89698 0 0
rhand -7.5396 -15.6008 0.398429
rfingers 7.12502 -0 0
rthumb 18.3121 -44.1606 0.52023
539
root 5.75861 16.4287 -4.77436 -116.383 87.9924 -122.021
lfemur -22.1966 -7.49448 -21.421
ltibia 46.6734 -0 0
lfoot -27.766 0.224866 -0.274036
ltoes 9.02004 -0 0
rfemur -53.2972 0.151765 11.4382
rtibia 63.4947 -0 0
rfoot 7.87937 9.96083 0.00112116
rtoes -18.5909 0 0
lowerback 5.87081 -0.639127 -3.014
upperback 1.13147 -0.96175 1.81428
thorax -2.01371 -0.45332 3.62364
lowerneck -7.70047 -11.4158 -2.91601
upperneck 10.9645 -15.4335 3.76421
head 5.0998 -7.44676 0.53729
lclavicle -8.19089e-16 -4.14823e-15 5.87774e-32
lhumerus -38.5162 -32.7873 103.949
lradius 55.1957 -0 0
lwrist 12.4671 0 0
lhand -2.32014 -0.546616 0.181949
lfingers 7.12502 -0 0
lthumb 23.3146 27.467 0.00529539
rclavicle -8.19089e-16 -4.14823e-15 5.87774e-32
rhumerus -8.31925 35.7011 -79.4001
rradius 112.154 -0 0
rwrist -5.76784 0 0
rhand -7.95224 -15.6876 0.403974
rfingers 7.12502 -0 0
rthumb 17.9148 -44.2783 0.52747
540
root 5.76951 16.4276 -4.74326 -115.487 87.9842 -121.119
lfemur -22.0917 -7.09885 -21.3812
ltibia 46.6351 -0 0
lfoot -27.8549 0.503008 -0.277295
ltoes 8.81983 -0 0
rfemur -53.1006 -0.0993097 11.552
rtibia 63.2929 -0 0
rfoot 7.87677 9.93495 0.00114292
rtoes -18.6725 0 0
lowerback 5.83901 -0.651918 -3.07392
upperback 1.1507 -0.981282 1.82072
thorax -1.97287 -0.463859 3.66463
lowerneck -7.64997 -11.4528 -2.93515
upperneck 11.0039 -15.4912 3.82771
head 5.11268 -7.47144 0.555425
lclavicle -8.2646e-16 -3.97876e-15 5.97379e-32
lhumerus -38.1731 -32.7084 103.5
lradius 55.1536 -0 0
lwrist 12.7414 0 0
lhand -2.70159 -0.589691 0.18412
lfingers 7.12502 -0 0
lthumb 22.9485 27.4657 0.00535421
rclavicle -8.2646e-16 -3.97876e-15 5.97379e-32
rhumerus -7.47491 35.3199 -79.099
rradius 112.635 -0 0
rwrist -6.64268 0 0
rhand -8.36705 -15.7749 0.40891
rfingers 7.12502 -0 0
rthumb 17.5154 -44.3967 0.533913
541
root 5.78045 16.4266 -4.71204 -114.591 87.9755 -120.216
lfemur -21.9862 -6.70156 -21.3405
ltibia 46.5967 -0 0
lfoot -27.9442 0.782339 -0.280134
ltoes 8.61884 -0 0
rfemur -52.9038 -0.351833 11.6655
rtibia 63.0904 -0 0
rfoot 7.87411 9.90903 0.00116362
rtoes -18.7544 0 0
lowerback 5.80704 -0.664804 -3.1341
upperback 1.16999 -1.00091 1.82716
thorax -1.93185 -0.474478 3.70578
lowerneck -7.59924 -11.49 -2.95438
upperneck 11.0434 -15.5491 3.89146
head 5.12561 -7.49622 0.573633
lclavicle -8.34409e-16 -3.80777e-15 6.06868e-32
lhumerus -37.8296 -32.6268 103.05
lradius 55.1114 -0 0
lwrist 13.0169 0 0
lhand -3.08465 -0.632958 0.186013
lfingers 7.12502 -0 0
lthumb 22.5808 27.4643 0.00540526
rclavicle -8.34409e-16 -3.80777e-15 6.06868e-32
rhumerus -6.6337 34.9334 -78.8051
rradius 113.118 -0 0
rwrist -7.521 0 0
rhand -8.78376 -15.8627 0.413224
rfingers 7.12502 -0 0
rthumb 17.1142 -44.5157 0.539544
542
root 5.79142 16.4255 -4.6807 -113.694 87.9664 -119.313
lfemur -21.8801 -6.30286 -21.2989
ltibia 46.5581 -0 0
lfoot -28.0338 1.06269 -0.282547
ltoes 8.41718 -0 0
rfemur -52.7066 -0.605653 11.7786
rtibia 62.8873 -0 0
rfoot 7.87141 9.8831 0.0011832
rtoes -18.8367 0 0
lowerback 5.77493 -0.677777 -3.19451
upperback 1.18934 -1.02062 1.83361
thorax -1.89069 -0.485169 3.74706
lowerneck -7.5483 -11.5272 -2.9737
upperneck 11.083 -15.6073 3.9554
head 5.13856 -7.52107 0.591901
lclavicle -8.42996e-16 -3.63539e-15 6.16228e-32
lhumerus -37.486 -32.5427 102.6
lradius 55.069 -0 0
lwrist 13.2934 0 0
lhand -3.46907 -0.676389 0.187621
lfingers 7.12502 -0 0
lthumb 22.2118 27.463 0.00544844
rclavicle -8.42996e-16 -3.63539e-15 6.16228e-32
rhumerus -5.79605 34.5419 -78.5188
rradius 113.602 -0 0
rwrist -8.40228 0 0
rhand -9.20212 -15.9509 0.416905
rfingers 7.12502 -0 0
rthumb 16.7114 -44.6353 0.544348
543
root 5.80241 16.4245 -4.64928 -112.799 87.9568 -118.412
lfemur -21.7736 -5.90297 -21.2565
ltibia 46.5194 -0 0
lfoot -28.1236 1.34389 -0.284527
ltoes 8.21497 -0 0
rfemur -52.5094 -0.860615 11.8912
rtibia 62.6835 -0 0
rfoot 7.86865 9.85717 0.00120162
rtoes -18.9193 0 0
lowerback 5.74271 -0.690831 -3.2551
upperback 1.20873 -1.0404 1.84005
thorax -1.84939 -0.495928 3.78844
lowerneck -7.4972 -11.5646 -2.99309
upperneck 11.1226 -15.6656 4.01952
head 5.15154 -7.54599 0.61022
lclavicle -8.52283e-16 -3.46178e-15 6.25443e-32
lhumerus -37.1424 -32.456 102.15
lradius 55.0264 -0 0
lwrist 13.5707 0 0
lhand -3.85464 -0.719956 0.188943
lfingers 7.12502 -0 0
lthumb 21.8417 27.4616 0.00548367
rclavicle -8.52283e-16 -3.46178e-15 6.25443e-32
rhumerus -4.96243 34.1457 -78.24
rradius 114.088 -0 0
rwrist -9.28599 0 0
rhand -9.62188 -16.0394 0.419944
rfingers 7.12502 -0 0
rthumb 16.3072 -44.7554 0.548313
544
root 5.81343 16.4234 -4.61778 -111.906 87.9469 -117.512
lfemur -21.6666 -5.50214 -21.2134
ltibia 46.4805 -0 0
lfoot -28.2137 1.62578 -0.286071
ltoes 8.01234 -0 0
rfemur -52.3121 -1.11657 12.0033
rtibia 62.4793 -0 0
rfoot 7.86583 9.83124 0.00121883
rtoes -19.0021 0 0
lowerback 5.71038 -0.703956 -3.31585
upperback 1.22815 -1.06024 1.84648
thorax -1.808 -0.506748 3.82991
lowerneck -7.44595 -11.6019 -3.01256
upperneck 11.1622 -15.7241 4.08377
head 5.16454 -7.57095 0.628578
lclavicle -8.6233e-16 -3.2871e-15 6.34495e-32
lhumerus -36.7992 -32.3669 101.699
lradius 54.9838 -0 0
lwrist 13.8487 0 0
lhand -4.24112 -0.763632 0.189973
lfingers 7.12502 -0 0
lthumb 21.4708 27.4603 0.00551086
rclavicle -8.6233e-16 -3.2871e-15 6.34495e-32
rhumerus -4.13325 33.7451 -77.9691
rradius 114.574 -0 0
rwrist -10.1716 0 0
rhand -10.0428 -16.1283 0.422333
rfingers 7.12502 -0 0
rthumb 15.9019 -44.8758 0.551429
545
root 5.82446 16.4223 -4.58624 -111.016 87.9365 -116.616
lfemur -21.5592 -5.10059 -21.1694
ltibia 46.4415 -0 0
lfoot -28.3039 1.90818 -0.287175
ltoes 7.80939 -0 0
rfemur -52.115 -1.37335 12.1147
rtibia 62.2748 -0 0
rfoot 7.86295 9.80535 0.00123477
rtoes -19.0852 0 0
lowerback 5.67797 -0.717147 -3.37671
upperback 1.2476 -1.08013 1.8529
thorax -1.76653 -0.517623 3.87144
lowerneck -7.39459 -11.6394 -3.03208
upperneck 11.2018 -15.7827 4.1481
head 5.17754 -7.59596 0.646965
lclavicle -8.73198e-16 -3.1115e-15 6.43358e-32
lhumerus -36.4566 -32.2753 101.249
lradius 54.9411 -0 0
lwrist 14.1271 0 0
lhand -4.62829 -0.80739 0.19071
lfingers 7.12502 -0 0
lthumb 21.0992 27.4589 0.00552997
rclavicle -8.73198e-16 -3.1115e-15 6.43358e-32
rhumerus -3.30892 33.3406 -77.7061
rradius 115.061 -0 0
rwrist -11.0587 0 0
rhand -10.4646 -16.2174 0.424066
rfingers 7.12502 -0 0
rthumb 15.4958 -44.9966 0.553687
546
root 5.83549 16.4213 -4.55466 -110.13 87.9256 -115.723
lfemur -21.4514 -4.69856 -21.1246
ltibia 46.4025 -0 0
lfoot -28.3942 2.19093 -0.287835
ltoes 7.60624 -0 0
rfemur -51.918 -1.63081 12.2255
rtibia 62.07 -0 0
rfoot 7.86001 9.77951 0.0012494
rtoes -19.1684 0 0
lowerback 5.64549 -0.730395 -3.43766
upperback 1.26705 -1.10006 1.8593
thorax -1.725 -0.528546 3.913
lowerneck -7.34316 -11.6768 -3.05164
upperneck 11.2414 -15.8414 4.21249
head 5.19055 -7.62098 0.66537
lclavicle -8.84948e-16 -2.93513e-15 6.52007e-32
lhumerus -36.1147 -32.1814 100.799
lradius 54.8984 -0 0
lwrist 14.4059 0 0
lhand -5.0159 -0.851201 0.191152
lfingers 7.12502 -0 0
lthumb 20.7271 27.4576 0.00554096
rclavicle -8.84948e-16 -2.93513e-15 6.52007e-32
rhumerus -2.48983 32.9323 -77.4511
rradius 115.549 -0 0
rwrist -11.9466 0 0
rhand -10.887 -16.3067 0.425139
rfingers 7.12502 -0 0
rthumb 15.0891 -45.1176 0.555083
547
root 5.84653 16.4202 -4.52307 -109.248 87.9144 -114.835
lfemur -21.3434 -4.2963 -21.0791
ltibia 46.3633 -0 0
lfoot -28.4845 2.47386 -0.288051
ltoes 7.40302 -0 0
rfemur -51.7214 -1.88879 12.3354
rtibia 61.8651 -0 0
rfoot 7.85701 9.75373 0.00126267
rtoes -19.2517 0 0
lowerback 5.61298 -0.743693 -3.49865
upperback 1.2865 -1.12 1.86569
thorax -1.68345 -0.539511 3.95458
lowerneck -7.29167 -11.7142 -3.07124
upperneck 11.281 -15.9002 4.2769
head 5.20356 -7.64601 0.683782
lclavicle -8.97639e-16 -2.75814e-15 6.6041e-32
lhumerus -35.7739 -32.0852 100.35
lradius 54.8556 -0 0
lwrist 14.6848 0 0
lhand -5.40372 -0.895038 0.191298
lfingers 7.12502 -0 0
lthumb 20.3549 27.4562 0.00554382
rclavicle -8.97639e-16 -2.75814e-15 6.6041e-32
rhumerus -1.67634 32.5207 -77.2043
rradius 116.036 -0 0
rwrist -12.835 0 0
rhand -11.3098 -16.3961 0.425548
rfingers 7.12502 -0 0
rthumb 14.682 -45.2388 0.555613
548
root 5.85755 16.4192 -4.49147 -108.371 87.9027 -113.951
lfemur -21.2351 -3.89402 -21.0329
ltibia 46.3242 -0 0
lfoot -28.5748 2.7568 -0.287822
ltoes 7.19983 -0 0
rfemur -51.5252 -2.14714 12.4446
rtibia 61.6602 -0 0
rfoot 7.85395 9.72802 0.00127454
rtoes -19.3351 0 0
lowerback 5.58045 -0.757032 -3.55966
upperback 1.30594 -1.13997 1.87205
thorax -1.6419 -0.550511 3.99613
lowerneck -7.24016 -11.7515 -3.09086
upperneck 11.3204 -15.959 4.34129
head 5.21656 -7.67103 0.702189
lclavicle -9.11335e-16 -2.58068e-15 6.68535e-32
lhumerus -35.4343 -31.9867 99.9025
lradius 54.8128 -0 0
lwrist 14.9637 0 0
lhand -5.79154 -0.938874 0.191148
lfingers 7.12502 -0 0
lthumb 19.9827 27.4549 0.00553854
rclavicle -9.11335e-16 -2.58068e-15 6.68535e-32
rhumerus -0.868815 32.1061 -76.9656
rradius 116.524 -0 0
rwrist -13.7232 0 0
rhand -11.7327 -16.4856 0.425292
rfingers 7.12502 -0 0
rthumb 14.2748 -45.36 0.555274
549
root 5.86857 16.4181 -4.45991 -107.5 87.8906 -113.074
lfemur -21.1266 -3.49197 -20.986
ltibia 46.285 -0 0
lfoot -28.665 3.03958 -0.287149
ltoes 6.99679 -0 0
rfemur -51.3296 -2.40568 12.5529
rtibia 61.4555 -0 0
rfoot 7.85083 9.70241 0.00128495
rtoes -19.4186 0 0
lowerback 5.54791 -0.770405 -3.62064
upperback 1.32536 -1.15993 1.87839
thorax -1.60038 -0.56154 4.03765
lowerneck -7.18867 -11.7888 -3.1105
upperneck 11.3599 -16.0177 4.40562
head 5.22953 -7.69603 0.720583
lclavicle -9.26093e-16 -2.40291e-15 6.76344e-32
lhumerus -35.0962 -31.886 99.4563
lradius 54.7701 -0 0
lwrist 15.2424 0 0
lhand -6.17911 -0.982679 0.190702
lfingers 7.12502 -0 0
lthumb 19.6107 27.4535 0.00552514
rclavicle -9.26093e-16 -2.40291e-15 6.76344e-32
rhumerus -0.0675984 31.6889 -76.7351
rradius 117.011 -0 0
rwrist -14.6107 0 0
rhand -12.1554 -16.5751 0.424373
rfingers 7.12502 -0 0
rthumb 13.8678 -45.4813 0.554068
550
root 5.87957 16.417 -4.42838 -106.635 87.8781 -112.203
lfemur -21.018 -3.09038 -20.9384
ltibia 46.2459 -0 0
lfoot -28.7552 3.32204 -0.286032
ltoes 6.79403 -0 0
rfemur -51.1346 -2.66427 12.6603
rtibia 61.2509 -0 0
rfoot 7.84764 9.67692 0.00129387
rtoes -19.502 0 0
lowerback 5.5154 -0.783804 -3.68156
upperback 1.34474 -1.17988 1.88469
thorax -1.5589 -0.572592 4.07911
lowerneck -7.13722 -11.8261 -3.13013
upperneck 11.3991 -16.0764 4.46986
head 5.24248 -7.72099 0.73895
lclavicle -9.41977e-16 -2.22498e-15 6.83796e-32
lhumerus -34.7598 -31.7833 99.0118
lradius 54.7274 -0 0
lwrist 15.5208 0 0
lhand -6.5662 -1.02643 0.18996
lfingers 7.12502 -0 0
lthumb 19.2391 27.4522 0.00550365
rclavicle -9.41977e-16 -2.22498e-15 6.83796e-32
rhumerus 0.726984 31.2695 -76.5129
rradius 117.497 -0 0
rwrist -15.4971 0 0
rhand -12.5778 -16.6645 0.422791
rfingers 7.12502 -0 0
rthumb 13.4611 -45.6025 0.551997
551
root 5.89054 16.416 -4.39691 -105.778 87.8653 -111.34
lfemur -20.9094 -2.68948 -20.8901
ltibia 46.2068 -0 0
lfoot -28.8451 3.604 -0.284475
ltoes 6.59165 -0 0
rfemur -50.9403 -2.92274 12.7666
rtibia 61.0467 -0 0
rfoot 7.84438 9.65155 0.00130124
rtoes -19.5854 0 0
lowerback 5.48292 -0.79722 -3.74238
upperback 1.36407 -1.19981 1.89096
thorax -1.51749 -0.583659 4.12048
lowerneck -7.08584 -11.8632 -3.14976
upperneck 11.4383 -16.1351 4.53396
head 5.2554 -7.74589 0.757282
lclavicle -9.59046e-16 -2.04703e-15 6.90849e-32
lhumerus -34.4253 -31.6785 98.5692
lradius 54.6848 -0 0
lwrist 15.7987 0 0
lhand -6.95259 -1.07009 0.188926
lfingers 7.12502 -0 0
lthumb 18.8683 27.4508 0.00547412
rclavicle -9.59046e-16 -2.04703e-15 6.90849e-32
rhumerus 1.51462 30.8481 -76.299
rradius 117.983 -0 0
rwrist -16.3817 0 0
rhand -12.9995 -16.7538 0.42055
rfingers 7.12502 -0 0
rthumb 13.0551 -45.7235 0.549065
552
root 5.90147 16.4149 -4.36552 -104.929 87.852 -110.484
lfemur -20.8007 -2.28951 -20.8412
ltibia 46.1678 -0 0
lfoot -28.9348 3.8853 -0.282482
ltoes 6.38978 -0 0
rfemur -50.7469 -3.18093 12.8719
rtibia 60.8429 -0 0
rfoot 7.84105 9.62632 0.00130702
rtoes -19.6687 0 0
lowerback 5.4505 -0.810646 -3.80307
upperback 1.38335 -1.2197 1.89719
thorax -1.47618 -0.594736 4.16173
lowerneck -7.03457 -11.9002 -3.16936
upperneck 11.4773 -16.1936 4.59789
head 5.26828 -7.77074 0.775567
lclavicle -9.77361e-16 -1.86923e-15 6.97456e-32
lhumerus -34.0929 -31.5719 98.129
lradius 54.6423 -0 0
lwrist 16.0759 0 0
lhand -7.33805 -1.11364 0.1876
lfingers 7.12502 -0 0
lthumb 18.4983 27.4495 0.00543662
rclavicle -9.77361e-16 -1.86923e-15 6.97456e-32
rhumerus 2.295 30.4252 -76.0933
rradius 118.466 -0 0
rwrist -17.2642 0 0
rhand -13.4203 -16.8429 0.417656
rfingers 7.12502 -0 0
rthumb 12.6499 -45.8442 0.545281
553
root 5.91237 16.4139 -4.33423 -104.088 87.8384 -109.637
lfemur -20.692 -1.89069 -20.7918
ltibia 46.1288 -0 0
lfoot -29.0242 4.16577 -0.280057
ltoes 6.18853 -0 0
rfemur -50.5545 -3.43869 12.9761
rtibia 60.6397 -0 0
rfoot 7.83766 9.60125 0.00131116
rtoes -19.7519 0 0
lowerback 5.41816 -0.824073 -3.8636
upperback 1.40255 -1.23955 1.90338
thorax -1.43499 -0.605814 4.20285
lowerneck -6.98343 -11.937 -3.18893
upperneck 11.5162 -16.2519 4.66162
head 5.28112 -7.79549 0.793794
lclavicle -9.96983e-16 -1.69172e-15 7.03568e-32
lhumerus -33.7628 -31.4634 97.6913
lradius 54.5999 -0 0
lwrist 16.3523 0 0
lhand -7.72233 -1.15705 0.185988
lfingers 7.12502 -0 0
lthumb 18.1294 27.4481 0.00539123
rclavicle -9.96983e-16 -1.69172e-15 7.03568e-32
rhumerus 3.06783 30.0011 -75.8959
rradius 118.949 -0 0
rwrist -18.144 0 0
rhand -13.84 -16.9318 0.414116
rfingers 7.12502 -0 0
rthumb 12.2458 -45.9647 0.540652
554
root 5.92322 16.4128 -4.30305 -103.255 87.8245 -108.799
lfemur -20.5834 -1.49327 -20.7418
ltibia 46.09 -0 0
lfoot -29.1132 4.44524 -0.277207
ltoes 5.98802 -0 0
rfemur -50.3631 -3.69583 13.0792
rtibia 60.4372 -0 0
rfoot 7.83419 9.57636 0.00131364
rtoes -19.8348 0 0
lowerback 5.38591 -0.837494 -3.92393
upperback 1.42167 -1.25933 1.90953
thorax -1.39395 -0.616887 4.24381
lowerneck -6.93246 -11.9737 -3.20845
upperneck 11.5548 -16.3101 4.7251
head 5.2939 -7.82016 0.811953
lclavicle -1.01797e-15 -1.51466e-15 7.09133e-32
lhumerus -33.4352 -31.3532 97.2564
lradius 54.5577 -0 0
lwrist 16.6277 0 0
lhand -8.10521 -1.20029 0.184091
lfingers 7.12502 -0 0
lthumb 17.7619 27.4468 0.00533806
rclavicle -1.01797e-15 -1.51466e-15 7.09133e-32
rhumerus 3.83284 29.5763 -75.7067
rradius 119.429 -0 0
rwrist -19.0205 0 0
rhand -14.2582 -17.0204 0.409938
rfingers 7.12502 -0 0
rthumb 11.8431 -46.0847 0.535191
555
root 5.93403 16.4118 -4.272 -102.433 87.8102 -107.97
lfemur -20.475 -1.09748 -20.6912
ltibia 46.0513 -0 0
lfoot -29.2019 4.72354 -0.273937
ltoes 5.78836 -0 0
rfemur -50.1729 -3.95222 13.181
rtibia 60.2354 -0 0
rfoot 7.83065 9.55166 0.0013144
rtoes -19.9175 0 0
lowerback 5.35378 -0.850898 -3.98401
upperback 1.4407 -1.27905 1.91562
thorax -1.35308 -0.627948 4.28459
lowerneck -6.88168 -12.0102 -3.22791
upperneck 11.5933 -16.368 4.78829
head 5.30662 -7.84471 0.830033
lclavicle -1.04039e-15 -1.3382e-15 7.14098e-32
lhumerus -33.1104 -31.2415 96.8246
lradius 54.5157 -0 0
lwrist 16.9019 0 0
lhand -8.48647 -1.24334 0.181916
lfingers 7.12502 -0 0
lthumb 17.396 27.4455 0.00527722
rclavicle -1.04039e-15 -1.3382e-15 7.14098e-32
rhumerus 4.58974 29.151 -75.5256
rradius 119.908 -0 0
rwrist -19.8933 0 0
rhand -14.6748 -17.1087 0.405132
rfingers 7.12502 -0 0
rthumb 11.4421 -46.2043 0.528909
556
root 5.94477 16.4108 -4.24111 -101.62 87.7955 -107.151
lfemur -20.3668 -0.703549 -20.6402
ltibia 46.0128 -0 0
lfoot -29.2901 5.00051 -0.270257
ltoes 5.58968 -0 0
rfemur -49.984 -4.20767 13.2816
rtibia 60.0345 -0 0
rfoot 7.82704 9.52716 0.0013134
rtoes -20 0 0
lowerback 5.32179 -0.864279 -4.04383
upperback 1.45962 -1.29868 1.92166
thorax -1.31241 -0.638991 4.32516
lowerneck -6.83113 -12.0465 -3.24731
upperneck 11.6315 -16.4257 4.85117
head 5.31927 -7.86914 0.848023
lclavicle -1.0643e-15 -1.16249e-15 7.18407e-32
lhumerus -32.7884 -31.1282 96.3961
lradius 54.4738 -0 0
lwrist 17.1748 0 0
lhand -8.86586 -1.28617 0.179468
lfingers 7.12502 -0 0
lthumb 17.0318 27.4442 0.00520885
rclavicle -1.0643e-15 -1.16249e-15 7.18407e-32
rhumerus 5.33827 28.7257 -75.3526
rradius 120.384 -0 0
rwrist -20.7618 0 0
rhand -15.0895 -17.1965 0.39971
rfingers 7.12502 -0 0
rthumb 11.0429 -46.3233 0.521823
557
root 5.95545 16.4097 -4.21038 -100.817 87.7806 -106.342
lfemur -20.2589 -0.311707 -20.5887
ltibia 45.9745 -0 0
lfoot -29.3778 5.27598 -0.266174
ltoes 5.39208 -0 0
rfemur -49.7964 -4.46202 13.3809
rtibia 59.8347 -0 0
rfoot 7.82335 9.50289 0.00131062
rtoes -20.0821 0 0
lowerback 5.28995 -0.877627 -4.10334
upperback 1.47843 -1.31822 1.92765
thorax -1.27195 -0.650007 4.3655
lowerneck -6.78084 -12.0826 -3.26663
upperneck 11.6694 -16.4831 4.9137
head 5.33185 -7.89343 0.865913
lclavicle -1.08975e-15 -9.87687e-16 7.22001e-32
lhumerus -32.4695 -31.0135 95.9712
lradius 54.4322 -0 0
lwrist 17.4463 0 0
lhand -9.24316 -1.32874 0.176751
lfingers 7.12502 -0 0
lthumb 16.6697 27.4429 0.0051331
rclavicle -1.08975e-15 -9.87687e-16 7.22001e-32
rhumerus 6.07817 28.3007 -75.1876
rradius 120.857 -0 0
rwrist -21.6256 0 0
rhand -15.5019 -17.2839 0.393685
rfingers 7.12502 -0 0
rthumb 10.6458 -46.4417 0.51395
558
root 5.96605 16.4087 -4.17985 -100.025 87.7654 -105.544
lfemur -20.1513 0.0778115 -20.5369
ltibia 45.9365 -0 0
lfoot -29.4649 5.54977 -0.261699
ltoes 5.19569 -0 0
rfemur -49.6103 -4.71511 13.4789
rtibia 59.6359 -0 0
rfoot 7.81958 9.47886 0.00130601
rtoes -20.1639 0 0
lowerback 5.25829 -0.890934 -4.1625
upperback 1.49711 -1.33766 1.93357
thorax -1.23175 -0.66099 4.40558
lowerneck -6.73085 -12.1184 -3.28585
upperneck 11.7071 -16.5401 4.97583
head 5.34435 -7.91756 0.883691
lclavicle -1.11682e-15 -8.13935e-16 7.24821e-32
lhumerus -32.154 -30.8976 95.5502
lradius 54.3909 -0 0
lwrist 17.716 0 0
lhand -9.61813 -1.37104 0.173774
lfingers 7.12502 -0 0
lthumb 16.3098 27.4416 0.00505013
rclavicle -1.11682e-15 -8.13935e-16 7.24821e-32
rhumerus 6.80918 27.8765 -75.0304
rradius 121.327 -0 0
rwrist -22.484 0 0
rhand -15.912 -17.3708 0.387072
rfingers 7.12502 -0 0
rthumb 10.251 -46.5593 0.505309
559
root 5.97658 16.4077 -4.14952 -99.2438 87.75 -104.757
lfemur -20.0441 0.464775 -20.4846
ltibia 45.8986 -0 0
lfoot -29.5514 5.82173 -0.256843
ltoes 5.00062 -0 0
rfemur -49.4258 -4.96678 13.5755
rtibia 59.4384 -0 0
rfoot 7.81574 9.45509 0.00129953
rtoes -20.2452 0 0
lowerback 5.22682 -0.904191 -4.22129
upperback 1.51566 -1.35697 1.93944
thorax -1.19181 -0.671933 4.44537
lowerneck -6.68117 -12.1539 -3.30497
upperneck 11.7444 -16.5968 5.03753
head 5.35677 -7.94153 0.901348
lclavicle -1.14556e-15 -6.41391e-16 7.26807e-32
lhumerus -31.8418 -30.7805 95.1332
lradius 54.3499 -0 0
lwrist 17.984 0 0
lhand -9.99055 -1.41303 0.170542
lfingers 7.12502 -0 0
lthumb 15.9523 27.4403 0.00496013
rclavicle -1.14556e-15 -6.41391e-16 7.26807e-32
rhumerus 7.53107 27.4533 -74.8811
rradius 121.794 -0 0
rwrist -23.3367 0 0
rhand -16.3193 -17.457 0.379887
rfingers 7.12502 -0 0
rthumb 9.85886 -46.6762 0.495922
560
root 5.98702 16.4067 -4.11942 -98.4741 87.7342 -103.981
lfemur -19.9374 0.848951 -20.4321
ltibia 45.861 -0 0
lfoot -29.6372 6.09168 -0.251617
ltoes 4.80699 -0 0
rfemur -49.243 -5.21684 13.6706
rtibia 59.2423 -0 0
rfoot 7.81181 9.43159 0.00129117
rtoes -20.3261 0 0
lowerback 5.19557 -0.917389 -4.27966
upperback 1.53405 -1.37616 1.94523
thorax -1.15217 -0.682828 4.48487
lowerneck -6.63184 -12.1891 -3.32398
upperneck 11.7815 -16.6531 5.09876
head 5.36908 -7.96531 0.918872
lclavicle -1.17603e-15 -4.70206e-16 7.27895e-32
lhumerus -31.5333 -30.6625 94.7206
lradius 54.3092 -0 0
lwrist 18.2499 0 0
lhand -10.3602 -1.45469 0.167065
lfingers 7.12502 -0 0
lthumb 15.5975 27.439 0.00486329
rclavicle -1.17603e-15 -4.70206e-16 7.27895e-32
rhumerus 8.24359 27.0316 -74.7394
rradius 122.258 -0 0
rwrist -24.183 0 0
rhand -16.7237 -17.5427 0.372148
rfingers 7.12502 -0 0
rthumb 9.46956 -46.7922 0.485811
561
root 5.99738 16.4057 -4.08956 -97.716 87.7183 -103.217
lfemur -19.8312 1.23011 -20.3792
ltibia 45.8238 -0 0
lfoot -29.7223 6.35945 -0.246034
ltoes 4.61491 -0 0
rfemur -49.0619 -5.46515 13.7643
rtibia 59.0476 -0 0
rfoot 7.80781 9.40837 0.00128088
rtoes -20.4065 0 0
lowerback 5.16455 -0.93052 -4.33758
upperback 1.55228 -1.3952 1.95095
thorax -1.11285 -0.693668 4.52403
lowerneck -6.5829 -12.2241 -3.34285
upperneck 11.8182 -16.7089 5.15948
head 5.3813 -7.98889 0.936252
lclavicle -1.20829e-15 -3.00533e-16 7.28023e-32
lhumerus -31.2287 -30.5435 94.3125
lradius 54.2688 -0 0
lwrist 18.5138 0 0
lhand -10.7268 -1.49599 0.163351
lfingers 7.12502 -0 0
lthumb 15.2456 27.4377 0.00475983
rclavicle -1.20829e-15 -3.00533e-16 7.28023e-32
rhumerus 8.94649 26.6118 -74.6052
rradius 122.717 -0 0
rwrist -25.0225 0 0
rhand -17.1249 -17.6276 0.363875
rfingers 7.12502 -0 0
rthumb 9.08336 -46.9072 0.475003
562
root 6.00763 16.4047 -4.05997 -96.9697 87.7021 -102.465
lfemur -19.7256 1.60802 -20.3262
ltibia 45.7868 -0 0
lfoot -29.8066 6.62488 -0.240108
ltoes 4.42451 -0 0
rfemur -48.8827 -5.71153 13.8565
rtibia 58.8544 -0 0
rfoot 7.80372 9.38547 0.00126864
rtoes -20.4863 0 0
lowerback 5.13379 -0.943574 -4.39502
upperback 1.57034 -1.41409 1.9566
thorax -1.07387 -0.704445 4.56285
lowerneck -6.53437 -12.2586 -3.36158
upperneck 11.8546 -16.7643 5.21966
head 5.39341 -8.01227 0.953479
lclavicle -1.24241e-15 -1.32524e-16 7.27127e-32
lhumerus -30.9279 -30.4238 93.9093
lradius 54.2287 -0 0
lwrist 18.7753 0 0
lhand -11.0902 -1.53691 0.159409
lfingers 7.12502 -0 0
lthumb 14.8968 27.4364 0.00464998
rclavicle -1.24241e-15 -1.32524e-16 7.27127e-32
rhumerus 9.63954 26.1941 -74.4784
rradius 123.173 -0 0
rwrist -25.8546 0 0
rhand -17.5226 -17.7118 0.355087
rfingers 7.12502 -0 0
rthumb 8.70049 -47.0212 0.463523
563
root 6.01778 16.4037 -4.03065 -96.2355 87.6858 -101.726
lfemur -19.6206 1.98245 -20.2729
ltibia 45.7502 -0 0
lfoot -29.8901 6.8878 -0.233854
ltoes 4.2359 -0 0
rfemur -48.7054 -5.95581 13.9472
rtibia 58.663 -0 0
rfoot 7.79955 9.36288 0.00125443
rtoes -20.5656 0 0
lowerback 5.10329 -0.956543 -4.45194
upperback 1.58822 -1.43282 1.96217
thorax -1.03526 -0.715152 4.60128
lowerneck -6.48629 -12.2929 -3.38016
upperneck 11.8906 -16.8192 5.27927
head 5.4054 -8.03541 0.970542
lclavicle -1.27844e-15 3.36693e-17 7.25144e-32
lhumerus -30.6314 -30.3035 93.5111
lradius 54.1891 -0 0
lwrist 19.0343 0 0
lhand -11.4501 -1.57742 0.155248
lfingers 7.12502 -0 0
lthumb 14.5514 27.4352 0.00453397
rclavicle -1.27844e-15 3.36693e-17 7.25144e-32
rhumerus 10.3225 25.7791 -74.3588
rradius 123.624 -0 0
rwrist -26.6788 0 0
rhand -17.9166 -17.7952 0.345807
rfingers 7.12502 -0 0
rthumb 8.32121 -47.1341 0.451401
564
root 6.02783 16.4027 -4.00164 -95.5135 87.6693 -100.998
lfemur -19.5164 2.35316 -20.2195
ltibia 45.714 -0 0
lfoot -29.9727 7.14804 -0.227287
ltoes 4.0492 -0 0
rfemur -48.5302 -6.19783 14.0363
rtibia 58.4734 -0 0
rfoot 7.79529 9.34063 0.00123822
rtoes -20.6442 0 0
lowerback 5.07309 -0.969417 -4.5083
upperback 1.6059 -1.45136 1.96766
thorax -0.997038 -0.725782 4.63932
lowerneck -6.43869 -12.3267 -3.39858
upperneck 11.9262 -16.8736 5.33827
head 5.41727 -8.05831 0.987429
lclavicle -1.31644e-15 1.97894e-16 7.2201e-32
lhumerus -30.3391 -30.1828 93.1182
lradius 54.1499 -0 0
lwrist 19.2907 0 0
lhand -11.8063 -1.61748 0.15088
lfingers 7.12502 -0 0
lthumb 14.2095 27.4339 0.00441207
rclavicle -1.31644e-15 1.97894e-16 7.2201e-32
rhumerus 10.9952 25.367 -74.2464
rradius 124.07 -0 0
rwrist -27.4947 0 0
rhand -18.3066 -17.8777 0.336059
rfingers 7.12502 -0 0
rthumb 7.94576 -47.2458 0.438667
565
root 6.03775 16.4018 -3.97295 -94.8039 87.6526 -100.283
lfemur -19.413 2.71994 -20.1661
ltibia 45.6781 -0 0
lfoot -30.0543 7.40544 -0.220423
ltoes 3.86451 -0 0
rfemur -48.3571 -6.43741 14.1237
rtibia 58.2856 -0 0
rfoot 7.79094 9.31873 0.00121999
rtoes -20.7222 0 0
lowerback 5.0432 -0.982187 -4.56408
upperback 1.62337 -1.46972 1.97307
thorax -0.959238 -0.736326 4.67693
lowerneck -6.39159 -12.3602 -3.41682
upperneck 11.9614 -16.9273 5.39661
head 5.42902 -8.08095 1.00413
lclavicle -1.35649e-15 3.59999e-16 7.17661e-32
lhumerus -30.0512 -30.0617 92.7308
lradius 54.1111 -0 0
lwrist 19.5443 0 0
lhand -12.1585 -1.65709 0.146314
lfingers 7.12502 -0 0
lthumb 13.8713 27.4327 0.00428454
rclavicle -1.35649e-15 3.59999e-16 7.17661e-32
rhumerus 11.6573 24.9583 -74.1408
rradius 124.512 -0 0
rwrist -28.3017 0 0
rhand -18.6925 -17.9593 0.325867
rfingers 7.12502 -0 0
rthumb 7.57439 -47.3562 0.425354
566
root 6.04755 16.4008 -3.94459 -94.1069 87.6358 -99.5804
lfemur -19.3104 3.08255 -20.1126
ltibia 45.6427 -0 0
lfoot -30.1349 7.65982 -0.213279
ltoes 3.68197 -0 0
rfemur -48.1863 -6.67438 14.2096
rtibia 58.0999 -0 0
rfoot 7.78651 9.2972 0.00119973
rtoes -20.7994 0 0
lowerback 5.01364 -0.994844 -4.61922
upperback 1.64062 -1.48787 1.97838
thorax -0.92188 -0.746777 4.71409
lowerneck -6.34504 -12.3932 -3.43486
upperneck 11.9961 -16.9805 5.45426
head 5.44063 -8.10333 1.02064
lclavicle -1.39862e-15 5.19831e-16 7.12036e-32
lhumerus -29.768 -29.9405 92.349
lradius 54.0728 -0 0
lwrist 19.7949 0 0
lhand -12.5066 -1.6962 0.141563
lfingers 7.12502 -0 0
lthumb 13.5372 27.4315 0.00415167
rclavicle -1.39862e-15 5.19831e-16 7.12036e-32
rhumerus 12.3086 24.5532 -74.0419
rradius 124.948 -0 0
rwrist -29.0992 0 0
rhand -19.0738 -18.0399 0.315256
rfingers 7.12502 -0 0
rthumb 7.20734 -47.4654 0.411496
567
root 6.05722 16.3999 -3.91659 -93.4224 87.6189 -98.8906
lfemur -19.2088 3.44075 -20.0591
ltibia 45.6078 -0 0
lfoot -30.2145 7.91101 -0.205874
ltoes 3.50169 -0 0
rfemur -48.0179 -6.90858 14.2938
rtibia 57.9163 -0 0
rfoot 7.78198 9.27606 0.00117742
rtoes -20.8758 0 0
lowerback 4.98444 -1.00738 -4.67371
upperback 1.65765 -1.50582 1.9836
thorax -0.884988 -0.757128 4.75077
lowerneck -6.29905 -12.4258 -3.4527
upperneck 12.0304 -17.033 5.51119
head 5.45209 -8.12541 1.03693
lclavicle -1.44292e-15 6.77238e-16 7.05074e-32
lhumerus -29.4895 -29.8193 91.9733
lradius 54.035 -0 0
lwrist 20.0424 0 0
lhand -12.8502 -1.7348 0.136638
lfingers 7.12502 -0 0
lthumb 13.2073 27.4303 0.00401375
rclavicle -1.44292e-15 6.77238e-16 7.05074e-32
rhumerus 12.9489 24.1522 -73.9496
rradius 125.379 -0 0
rwrist -29.8868 0 0
rhand -19.4504 -18.1195 0.304255
rfingers 7.12502 -0 0
rthumb 6.84485 -47.5731 0.397127
568
root 6.06676 16.399 -3.88896 -92.7507 87.6019 -98.2136
lfemur -19.1083 3.79433 -20.0057
ltibia 45.5733 -0 0
lfoot -30.293 8.15886 -0.198226
ltoes 3.32378 -0 0
rfemur -47.8519 -7.13983 14.3763
rtibia 57.7349 -0 0
rfoot 7.77737 9.25532 0.00115306
rtoes -20.9515 0 0
lowerback 4.9556 -1.01978 -4.7275
upperback 1.67443 -1.52353 1.98873
thorax -0.848587 -0.767371 4.78697
lowerneck -6.25367 -12.4579 -3.47033
upperneck 12.0642 -17.0848 5.56736
head 5.46341 -8.1472 1.05301
lclavicle -1.48943e-15 8.32068e-16 6.96716e-32
lhumerus -29.2159 -29.6982 91.6036
lradius 53.9977 -0 0
lwrist 20.2866 0 0
lhand -13.1893 -1.77285 0.131552
lfingers 7.12502 -0 0
lthumb 12.8819 27.4291 0.0038711
rclavicle -1.48943e-15 8.32068e-16 6.96716e-32
rhumerus 13.5779 23.7556 -73.8636
rradius 125.804 -0 0
rwrist -30.6639 0 0
rhand -19.822 -18.1979 0.292891
rfingers 7.12502 -0 0
rthumb 6.48718 -47.6793 0.382286
569
root 6.07615 16.3981 -3.86172 -92.0918 87.5849 -97.5495
lfemur -19.0088 4.14304 -19.9524
ltibia 45.5393 -0 0
lfoot -30.3703 8.4032 -0.190354
ltoes 3.14836 -0 0
rfemur -47.6884 -7.36797 14.4571
rtibia 57.556 -0 0
rfoot 7.77266 9.23499 0.00112663
rtoes -21.0263 0 0
lowerback 4.92714 -1.03205 -4.78056
upperback 1.69097 -1.54101 1.99376
thorax -0.812701 -0.777497 4.82264
lowerneck -6.20892 -12.4896 -3.48773
upperneck 12.0975 -17.1359 5.62273
head 5.47457 -8.16867 1.06887
lclavicle -1.53822e-15 9.8417e-16 6.86903e-32
lhumerus -28.9473 -29.5774 91.2404
lradius 53.961 -0 0
lwrist 20.5273 0 0
lhand -13.5235 -1.81034 0.126318
lfingers 7.12502 -0 0
lthumb 12.5611 27.4279 0.00372404
rclavicle -1.53822e-15 9.8417e-16 6.86903e-32
rhumerus 14.1955 23.3638 -73.7837
rradius 126.223 -0 0
rwrist -31.4301 0 0
rhand -20.1884 -18.2753 0.281194
rfingers 7.12502 -0 0
rthumb 6.13456 -47.784 0.36701
570
root 6.08539 16.3972 -3.8349 -91.4457 87.5679 -96.8983
lfemur -18.9104 4.48668 -19.8994
ltibia 45.5058 -0 0
lfoot -30.4464 8.64384 -0.182279
ltoes 2.97555 -0 0
rfemur -47.5276 -7.59282 14.5361
rtibia 57.3794 -0 0
rfoot 7.76786 9.2151 0.00109813
rtoes -21.1002 0 0
lowerback 4.8991 -1.04416 -4.83286
upperback 1.70724 -1.55825 1.99869
thorax -0.777355 -0.787499 4.85776
lowerneck -6.16484 -12.5207 -3.50489
upperneck 12.1303 -17.1863 5.67727
head 5.48558 -8.18981 1.08448
lclavicle -1.58935e-15 1.13339e-15 6.75582e-32
lhumerus -28.6839 -29.4571 90.8836
lradius 53.9248 -0 0
lwrist 20.7644 0 0
lhand -13.8525 -1.84724 0.12095
lfingers 7.12502 -0 0
lthumb 12.2452 27.4267 0.00357289
rclavicle -1.58935e-15 1.13339e-15 6.75582e-32
rhumerus 14.8014 22.9771 -73.7098
rradius 126.635 -0 0
rwrist -32.1848 0 0
rhand -20.5493 -18.3515 0.269195
rfingers 7.12502 -0 0
rthumb 5.78725 -47.8871 0.35134
571
root 6.09448 16.3963 -3.80851 -90.8124 87.5508 -96.26
lfemur -18.8133 4.82499 -19.8466
ltibia 45.4728 -0 0
lfoot -30.5213 8.88064 -0.174021
ltoes 2.80546 -0 0
rfemur -47.3695 -7.81422 14.6133
rtibia 57.2055 -0 0
rfoot 7.76296 9.19566 0.00106756
rtoes -21.1731 0 0
lowerback 4.87148 -1.05611 -4.88435
upperback 1.72323 -1.57521 2.00351
thorax -0.742573 -0.79737 4.89232
lowerneck -6.12146 -12.5513 -3.52179
upperneck 12.1626 -17.2358 5.73093
head 5.49641 -8.21061 1.09984
lclavicle -1.64288e-15 1.27958e-15 6.62701e-32
lhumerus -28.4257 -29.3374 90.5337
lradius 53.8892 -0 0
lwrist 20.9977 0 0
lhand -14.1763 -1.88351 0.115461
lfingers 7.12502 -0 0
lthumb 11.9344 27.4256 0.00341801
rclavicle -1.64288e-15 1.27958e-15 6.62701e-32
rhumerus 15.3953 22.5959 -73.6416
rradius 127.041 -0 0
rwrist -32.9275 0 0
rhand -20.9045 -18.4264 0.256924
rfingers 7.12502 -0 0
rthumb 5.44548 -47.9884 0.335317
572
root 6.1034 16.3954 -3.78256 -90.1919 87.5338 -95.6346
lfemur -18.7176 5.15776 -19.7941
ltibia 45.4405 -0 0
lfoot -30.5948 9.11342 -0.165601
ltoes 2.63821 -0 0
rfemur -47.2142 -8.03198 14.6888
rtibia 57.0343 -0 0
rfoot 7.75796 9.17668 0.00103493
rtoes -21.2451 0 0
lowerback 4.84431 -1.06789 -4.93501
upperback 1.73894 -1.59191 2.00822
thorax -0.70838 -0.8071 4.92628
lowerneck -6.07881 -12.5814 -3.53843
upperneck 12.1944 -17.2845 5.78369
head 5.50706 -8.23104 1.11495
lclavicle -1.69888e-15 1.42258e-15 6.48212e-32
lhumerus -28.173 -29.2185 90.1907
lradius 53.8543 -0 0
lwrist 21.227 0 0
lhand -14.4945 -1.91915 0.109865
lfingers 7.12502 -0 0
lthumb 11.6289 27.4244 0.00325974
rclavicle -1.69888e-15 1.42258e-15 6.48212e-32
rhumerus 15.977 22.2206 -73.5789
rradius 127.44 -0 0
rwrist -33.6577 0 0
rhand -21.2536 -18.5 0.244416
rfingers 7.12502 -0 0
rthumb 5.1095 -48.088 0.318983
573
root 6.11216 16.3946 -3.75708 -89.5842 87.5168 -95.0221
lfemur -18.6232 5.48476 -19.7421
ltibia 45.4087 -0 0
lfoot -30.667 9.34201 -0.157042
ltoes 2.47392 -0 0
rfemur -47.0618 -8.24595 14.7625
rtibia 56.8658 -0 0
rfoot 7.75287 9.15819 0.00100024
rtoes -21.316 0 0
lowerback 4.8176 -1.0795 -4.9848
upperback 1.75435 -1.60832 2.01281
thorax -0.674799 -0.816682 4.95963
lowerneck -6.03692 -12.6109 -3.55478
upperneck 12.2255 -17.3324 5.8355
head 5.51754 -8.25111 1.12978
lclavicle -1.75739e-15 1.56224e-15 6.3207e-32
lhumerus -27.9258 -29.1005 89.8549
lradius 53.82 -0 0
lwrist 21.4523 0 0
lhand -14.8069 -1.95411 0.104177
lfingers 7.12502 -0 0
lthumb 11.329 27.4233 0.00309846
rclavicle -1.75739e-15 1.56224e-15 6.3207e-32
rhumerus 16.5463 21.8514 -73.5215
rradius 127.832 -0 0
rwrist -34.3749 0 0
rhand -21.5965 -18.5722 0.231702
rfingers 7.12502 -0 0
rthumb 4.77956 -48.1858 0.302383
574
root 6.12074 16.3938 -3.73209 -88.9893 87.4998 -94.4225
lfemur -18.5304 5.80576 -19.6904
ltibia 45.3776 -0 0
lfoot -30.7377 9.56625 -0.148367
ltoes 2.31271 -0 0
rfemur -46.9125 -8.45594 14.8343
rtibia 56.7003 -0 0
rfoot 7.74767 9.1402 0.00096351
rtoes -21.3858 0 0
lowerback 4.79137 -1.09091 -5.03368
upperback 1.76945 -1.62444 2.01729
thorax -0.641856 -0.826109 4.99234
lowerneck -5.99582 -12.6398 -3.57085
upperneck 12.2561 -17.3794 5.88633
head 5.52782 -8.27078 1.14433
lclavicle -1.81849e-15 1.69842e-15 6.14235e-32
lhumerus -27.6843 -28.9837 89.5265
lradius 53.7863 -0 0
lwrist 21.6732 0 0
lhand -15.1133 -1.98838 0.0984127
lfingers 7.12502 -0 0
lthumb 11.0349 27.4222 0.00293453
rclavicle -1.81849e-15 1.69842e-15 6.14235e-32
rhumerus 17.1028 21.4887 -73.4691
rradius 128.216 -0 0
rwrist -35.0785 0 0
rhand -21.9328 -18.6431 0.218817
rfingers 7.12502 -0 0
rthumb 4.45589 -48.2816 0.28556
575
root 6.12914 16.3929 -3.7076 -88.4071 87.483 -93.8357
lfemur -18.4391 6.12053 -19.6393
ltibia 45.3471 -0 0
lfoot -30.807 9.78596 -0.139597
ltoes 2.15469 -0 0
rfemur -46.7662 -8.66179 14.9042
rtibia 56.5378 -0 0
rfoot 7.74238 9.12271 0.000924758
rtoes -21.4546 0 0
lowerback 4.76565 -1.10213 -5.08162
upperback 1.78423 -1.64025 2.02166
thorax -0.609575 -0.835372 5.02439
lowerneck -5.95554 -12.6681 -3.5866
upperneck 12.2861 -17.4254 5.93615
head 5.53791 -8.29005 1.15859
lclavicle -1.88223e-15 1.83095e-15 5.94674e-32
lhumerus -27.4486 -28.8682 89.2056
lradius 53.7534 -0 0
lwrist 21.8897 0 0
lhand -15.4134 -2.02194 0.0925868
lfingers 7.12502 -0 0
lthumb 10.7468 27.4211 0.00276834
rclavicle -1.88223e-15 1.83095e-15 5.94674e-32
rhumerus 17.6465 21.1328 -73.4216
rradius 128.593 -0 0
rwrist -35.768 0 0
rhand -22.2624 -18.7125 0.205797
rfingers 7.12502 -0 0
rthumb 4.13875 -48.3755 0.26856
576
root 6.13735 16.3921 -3.68363 -87.8375 87.4662 -93.2616
lfemur -18.3494 6.42885 -19.5888
ltibia 45.3172 -0 0
lfoot -30.8748 10.001 -0.130758
ltoes 1.99998 -0 0
rfemur -46.6232 -8.86332 14.9723
rtibia 56.3785 -0 0
rfoot 7.73698 9.10576 0.000884003
rtoes -21.5221 0 0
lowerback 4.74045 -1.11313 -5.12858
upperback 1.79868 -1.65573 2.02589
thorax -0.57798 -0.844462 5.05574
lowerneck -5.91612 -12.6957 -3.60204
upperneck 12.3154 -17.4705 5.98491
head 5.5478 -8.3089 1.17255
lclavicle -1.94867e-15 1.95969e-15 5.73356e-32
lhumerus -27.2188 -28.7541 88.8925
lradius 53.7212 -0 0
lwrist 22.1016 0 0
lhand -15.7071 -2.05475 0.0867151
lfingers 7.12502 -0 0
lthumb 10.4648 27.42 0.00260029
rclavicle -1.94867e-15 1.95969e-15 5.73356e-32
rhumerus 18.1769 20.7842 -73.3787
rradius 128.961 -0 0
rwrist -36.443 0 0
rhand -22.585 -18.7804 0.192677
rfingers 7.12502 -0 0
rthumb 3.82837 -48.4673 0.251431
577
root 6.14536 16.3914 -3.66021 -87.2806 87.4496 -92.7003
lfemur -18.2616 6.73049 -19.5389
ltibia 45.2881 -0 0
lfoot -30.941 10.2112 -0.121872
ltoes 1.84869 -0 0
rfemur -46.4835 -9.06037 15.0384
rtibia 56.2224 -0 0
rfoot 7.73148 9.08936 0.000841275
rtoes -21.5885 0 0
lowerback 4.71579 -1.12392 -5.17453
upperback 1.81279 -1.67089 2.03001
thorax -0.547095 -0.853373 5.08639
lowerneck -5.87759 -12.7228 -3.61715
upperneck 12.3441 -17.5145 6.03258
head 5.55748 -8.32731 1.1862
lclavicle -2.01788e-15 2.08448e-15 5.50258e-32
lhumerus -26.995 -28.6417 88.5873
lradius 53.6897 -0 0
lwrist 22.3087 0 0
lhand -15.9941 -2.0868 0.0808135
lfingers 7.12502 -0 0
lthumb 10.1894 27.4189 0.00243076
rclavicle -2.01788e-15 2.08448e-15 5.50258e-32
rhumerus 18.6939 20.443 -73.3401
rradius 129.321 -0 0
rwrist -37.1029 0 0
rhand -22.9003 -18.8467 0.179493
rfingers 7.12502 -0 0
rthumb 3.525 -48.557 0.23422
578
root 6.15318 16.3906 -3.63734 -86.7361 87.4332 -92.1516
lfemur -18.1755 7.02523 -19.4898
ltibia 45.2597 -0 0
lfoot -31.0055 10.4163 -0.112963
ltoes 1.7009 -0 0
rfemur -46.3472 -9.25275 15.1027
rtibia 56.0697 -0 0
rfoot 7.72587 9.07352 0.000796605
rtoes -21.6535 0 0
lowerback 4.69169 -1.13449 -5.21943
upperback 1.82654 -1.68569 2.03399
thorax -0.516944 -0.862095 5.1163
lowerneck -5.83998 -12.7491 -3.63191
upperneck 12.3722 -17.5575 6.07912
head 5.56694 -8.34528 1.19952
lclavicle -2.08991e-15 2.20517e-15 5.25364e-32
lhumerus -26.7774 -28.5311 88.2903
lradius 53.6591 -0 0
lwrist 22.5109 0 0
lhand -16.2741 -2.11806 0.0748983
lfingers 7.12502 -0 0
lthumb 9.92054 27.4179 0.00226018
rclavicle -2.08991e-15 2.20517e-15 5.25364e-32
rhumerus 19.1971 20.1097 -73.3057
rradius 129.673 -0 0
rwrist -37.7471 0 0
rhand -23.2081 -18.9115 0.166283
rfingers 7.12502 -0 0
rthumb 3.22889 -48.6445 0.216975
579
root 6.16079 16.3899 -3.61505 -86.2041 87.4169 -91.6154
lfemur -18.0914 7.31283 -19.4415
ltibia 45.2321 -0 0
lfoot -31.0684 10.6163 -0.104057
ltoes 1.55682 -0 0
rfemur -46.2144 -9.4403 15.165
rtibia 55.9204 -0 0
rfoot 7.72015 9.05826 0.000750031
rtoes -21.7173 0 0
lowerback 4.66817 -1.14481 -5.26325
upperback 1.83993 -1.70015 2.03783
thorax -0.487553 -0.87062 5.14545
lowerneck -5.80332 -12.7748 -3.64631
upperneck 12.3995 -17.5995 6.1245
head 5.57618 -8.36279 1.21251
lclavicle -2.16483e-15 2.32161e-15 4.98665e-32
lhumerus -26.5659 -28.4225 88.0015
lradius 53.6292 -0 0
lwrist 22.7079 0 0
lhand -16.5469 -2.1485 0.0689857
lfingers 7.12502 -0 0
lthumb 9.65859 27.4169 0.00208895
rclavicle -2.16483e-15 2.32161e-15 4.98665e-32
rhumerus 19.6864 19.7846 -73.2752
rradius 130.016 -0 0
rwrist -38.3753 0 0
rhand -23.5081 -18.9746 0.153084
rfingers 7.12502 -0 0
rthumb 2.94027 -48.7297 0.199745
580
root 6.16818 16.3892 -3.59336 -85.6843 87.4009 -91.0916
lfemur -18.0092 7.59307 -19.394
ltibia 45.2052 -0 0
lfoot -31.1296 10.8109 -0.0951791
ltoes 1.41652 -0 0
rfemur -46.0851 -9.62285 15.2253
rtibia 55.7748 -0 0
rfoot 7.71433 9.04359 0.000701598
rtoes -21.7798 0 0
lowerback 4.64525 -1.15489 -5.30596
upperback 1.85294 -1.71423 2.04155
thorax -0.458945 -0.878941 5.17382
lowerneck -5.76764 -12.7997 -3.66034
upperneck 12.4262 -17.6403 6.16868
head 5.5852 -8.37982 1.22515
lclavicle -2.24269e-15 2.43365e-15 4.70157e-32
lhumerus -26.3609 -28.316 87.7213
lradius 53.6001 -0 0
lwrist 22.8997 0 0
lhand -16.8124 -2.17811 0.0630924
lfingers 7.12502 -0 0
lthumb 9.40375 27.4158 0.00191748
rclavicle -2.24269e-15 2.43365e-15 4.70157e-32
rhumerus 20.1614 19.4679 -73.2484
rradius 130.349 -0 0
rwrist -38.9868 0 0
rhand -23.8001 -19.0359 0.139934
rfingers 7.12502 -0 0
rthumb 2.65939 -48.8126 0.18258
581
root 6.17535 16.3885 -3.57228 -85.1768 87.3851 -90.5802
lfemur -17.9292 7.86572 -19.3475
ltibia 45.1791 -0 0
lfoot -31.1889 11 -0.0863533
ltoes 1.2801 -0 0
rfemur -45.9596 -9.80022 15.2837
rtibia 55.6328 -0 0
rfoot 7.7084 9.02953 0.000651354
rtoes -21.8408 0 0
lowerback 4.62294 -1.16471 -5.34751
upperback 1.86556 -1.72793 2.04512
thorax -0.431145 -0.887049 5.20138
lowerneck -5.73298 -12.8239 -3.67399
upperneck 12.4522 -17.6799 6.21162
head 5.59397 -8.39635 1.23744
lclavicle -2.32357e-15 2.54114e-15 4.3985e-32
lhumerus -26.1623 -28.2119 87.4497
lradius 53.572 -0 0
lwrist 23.0861 0 0
lhand -17.0702 -2.20685 0.0572351
lfingers 7.12502 -0 0
lthumb 9.15624 27.4148 0.00174622
rclavicle -2.32357e-15 2.54114e-15 4.3985e-32
rhumerus 20.6218 19.16 -73.2249
rradius 130.673 -0 0
rwrist -39.5811 0 0
rhand -24.0838 -19.0956 0.12687
rfingers 7.12502 -0 0
rthumb 2.3865 -48.8931 0.16553
582
root 6.18229 16.3878 -3.55183 -84.6814 87.3695 -90.0811
lfemur -17.8513 8.13057 -19.302
ltibia 45.1538 -0 0
lfoot -31.2465 11.1834 -0.0776053
ltoes 1.1477 -0 0
rfemur -45.8378 -9.97224 15.3401
rtibia 55.4947 -0 0
rfoot 7.70235 9.01611 0.000599356
rtoes -21.9004 0 0
lowerback 4.60127 -1.17426 -5.38788
upperback 1.87778 -1.74125 2.04854
thorax -0.404177 -0.894936 5.22811
lowerneck -5.69937 -12.8474 -3.68724
upperneck 12.4774 -17.7184 6.25329
head 5.60251 -8.41238 1.24936
lclavicle -2.40751e-15 2.64392e-15 4.07757e-32
lhumerus -25.9702 -28.1102 87.1871
lradius 53.5447 -0 0
lwrist 23.2668 0 0
lhand -17.3201 -2.23471 0.0514306
lfingers 7.12502 -0 0
lthumb 8.91627 27.4139 0.00157558
rclavicle -2.40751e-15 2.64392e-15 4.07757e-32
rhumerus 21.0674 18.8611 -73.2047
rradius 130.988 -0 0
rwrist -40.1578 0 0
rhand -24.3589 -19.1534 0.113933
rfingers 7.12502 -0 0
rthumb 2.12183 -48.9712 0.148644
583
root 6.189 16.3871 -3.53204 -84.198 87.3543 -89.594
lfemur -17.7758 8.38738 -19.2576
ltibia 45.1294 -0 0
lfoot -31.3022 11.3609 -0.0689606
ltoes 1.01943 -0 0
rfemur -45.7199 -10.1387 15.3945
rtibia 55.3605 -0 0
rfoot 7.69619 9.00332 0.000545666
rtoes -21.9586 0 0
lowerback 4.58025 -1.18353 -5.42702
upperback 1.88959 -1.75415 2.05183
thorax -0.378065 -0.902593 5.25398
lowerneck -5.66683 -12.8701 -3.70008
upperneck 12.5018 -17.7556 6.29365
head 5.61079 -8.42789 1.26091
lclavicle -2.49458e-15 2.74184e-15 3.73906e-32
lhumerus -25.7849 -28.0113 86.9334
lradius 53.5183 -0 0
lwrist 23.4418 0 0
lhand -17.562 -2.26167 0.0456957
lfingers 7.12502 -0 0
lthumb 8.68407 27.4129 0.001406
rclavicle -2.49458e-15 2.74184e-15 3.73906e-32
rhumerus 21.4979 18.5717 -73.1874
rradius 131.292 -0 0
rwrist -40.7163 0 0
rhand -24.6253 -19.2094 0.10116
rfingers 7.12502 -0 0
rthumb 1.86562 -49.0467 0.131974
584
root 6.19547 16.3865 -3.51292 -83.7264 87.3393 -89.119
lfemur -17.7026 8.63593 -19.2144
ltibia 45.1059 -0 0
lfoot -31.3559 11.5324 -0.0604447
ltoes 0.895394 -0 0
rfemur -45.606 -10.2995 15.4468
rtibia 55.2304 -0 0
rfoot 7.68992 8.9912 0.000490352
rtoes -22.0152 0 0
lowerback 4.55991 -1.19252 -5.46491
upperback 1.90098 -1.76664 2.05496
thorax -0.352833 -0.910013 5.27898
lowerneck -5.6354 -12.892 -3.71249
upperneck 12.5255 -17.7916 6.33267
head 5.61883 -8.44286 1.27207
lclavicle -2.58484e-15 2.83475e-15 3.38331e-32
lhumerus -25.6063 -27.9152 86.689
lradius 53.4928 -0 0
lwrist 23.6109 0 0
lhand -17.7955 -2.28769 0.0400475
lfingers 7.12502 -0 0
lthumb 8.45986 27.412 0.00123791
rclavicle -2.58484e-15 2.83475e-15 3.38331e-32
rhumerus 21.913 18.292 -73.1728
rradius 131.586 -0 0
rwrist -41.2561 0 0
rhand -24.8826 -19.2634 0.0885899
rfingers 7.12502 -0 0
rthumb 1.61813 -49.1196 0.115571
585
root 6.2017 16.3859 -3.49449 -83.2666 87.3247 -88.6558
lfemur -17.6318 8.87599 -19.1724
ltibia 45.0832 -0 0
lfoot -31.4077 11.6978 -0.0520832
ltoes 0.775689 -0 0
rfemur -45.4962 -10.4545 15.4971
rtibia 55.1044 -0 0
rfoot 7.68353 8.97975 0.00043349
rtoes -22.0703 0 0
lowerback 4.54025 -1.20121 -5.5015
upperback 1.91194 -1.77871 2.05793
thorax -0.328506 -0.917187 5.30308
lowerneck -5.60512 -12.913 -3.72446
upperneck 12.5484 -17.8263 6.3703
head 5.62659 -8.45728 1.28283
lclavicle -2.67835e-15 2.92249e-15 3.01081e-32
lhumerus -25.4345 -27.8221 86.454
lradius 53.4683 -0 0
lwrist 23.7738 0 0
lhand -18.0205 -2.31276 0.0345029
lfingers 7.12502 -0 0
lthumb 8.24385 27.4111 0.00107176
rclavicle -2.67835e-15 2.92249e-15 3.01081e-32
rhumerus 22.3123 18.0223 -73.1607
rradius 131.869 -0 0
rwrist -41.7767 0 0
rhand -25.1306 -19.3156 0.0762626
rfingers 7.12502 -0 0
rthumb 1.37959 -49.1899 0.0994851
586
root 6.20767 16.3853 -3.47676 -82.8185 87.3104 -88.2045
lfemur -17.5637 9.10734 -19.1318
ltibia 45.0615 -0 0
lfoot -31.4574 11.8567 -0.0439016
ltoes 0.660501 -0 0
rfemur -45.3905 -10.6034 15.5453
rtibia 54.9827 -0 0
rfoot 7.67702 8.96899 0.000375162
rtoes -22.1237 0 0
lowerback 4.52131 -1.2096 -5.53677
upperback 1.92245 -1.79033 2.06075
thorax -0.305109 -0.924107 5.32625
lowerneck -5.57601 -12.9333 -3.73599
upperneck 12.5705 -17.8597 6.40651
head 5.6341 -8.47114 1.29319
lclavicle -2.77517e-15 3.00492e-15 2.62213e-32
lhumerus -25.2698 -27.7322 86.2286
lradius 53.4448 -0 0
lwrist 23.9306 0 0
lhand -18.2367 -2.33685 0.0290789
lfingers 7.12502 -0 0
lthumb 8.03628 27.4102 0.000907987
rclavicle -2.77517e-15 3.00492e-15 2.62213e-32
rhumerus 22.6957 17.7629 -73.1509
rradius 132.142 -0 0
rwrist -42.2775 0 0
rhand -25.369 -19.3657 0.0642165
rfingers 7.12502 -0 0
rthumb 1.15025 -49.2575 0.0837673
587
root 6.21338 16.3847 -3.45976 -82.3818 87.2966 -87.7647
lfemur -17.4982 9.32976 -19.0926
ltibia 45.0407 -0 0
lfoot -31.5051 12.0092 -0.0359254
ltoes 0.549907 -0 0
rfemur -45.2892 -10.7461 15.5915
rtibia 54.8653 -0 0
rfoot 7.6704 8.95894 0.000315459
rtoes -22.1755 0 0
lowerback 4.5031 -1.21766 -5.57068
upperback 1.9325 -1.8015 2.06341
thorax -0.282665 -0.930764 5.34847
lowerneck -5.5481 -12.9527 -3.74705
upperneck 12.5918 -17.8916 6.44127
head 5.64132 -8.48441 1.30312
lclavicle -2.87536e-15 3.08188e-15 2.21799e-32
lhumerus -25.1121 -27.6457 86.0129
lradius 53.4223 -0 0
lwrist 24.0808 0 0
lhand -18.4439 -2.35994 0.0237922
lfingers 7.12502 -0 0
lthumb 7.83737 27.4093 0.000747032
rclavicle -2.87536e-15 3.08188e-15 2.21799e-32
rhumerus 23.0627 17.514 -73.1431
rradius 132.403 -0 0
rwrist -42.7581 0 0
rhand -25.5976 -19.4138 0.0524905
rfingers 7.12502 -0 0
rthumb 0.930344 -49.3222 0.0684682
588
root 6.21882 16.3842 -3.44351 -81.9566 87.2831 -87.3366
lfemur -17.4354 9.54301 -19.0548
ltibia 45.0209 -0 0
lfoot -31.5506 12.155 -0.0281797
ltoes 0.444023 -0 0
rfemur -45.1921 -10.8824 15.6356
rtibia 54.7525 -0 0
rfoot 7.66365 8.94961 0.000254478
rtoes -22.2256 0 0
lowerback 4.48564 -1.2254 -5.60319
upperback 1.94209 -1.81221 2.06591
thorax -0.261198 -0.937152 5.36972
lowerneck -5.52144 -12.9712 -3.75763
upperneck 12.6122 -17.9222 6.47454
head 5.64827 -8.49709 1.31263
lclavicle -2.97899e-15 3.15322e-15 1.79924e-32
lhumerus -24.9617 -27.5627 85.8072
lradius 53.4008 -0 0
lwrist 24.2245 0 0
lhand -18.6418 -2.382 0.0186596
lfingers 7.12502 -0 0
lthumb 7.64733 27.4085 0.000589337
rclavicle -2.97899e-15 3.15322e-15 1.79924e-32
rhumerus 23.4131 17.2761 -73.1371
rradius 132.654 -0 0
rwrist -43.2179 0 0
rhand -25.8162 -19.4598 0.0411231
rfingers 7.12502 -0 0
rthumb 0.720119 -49.3842 0.0536382
589
root 6.224 16.3837 -3.42802 -81.5426 87.27 -86.9198
lfemur -17.3755 9.74687 -19.0186
ltibia 45.0021 -0 0
lfoot -31.594 12.2939 -0.0206897
ltoes 0.342966 -0 0
rfemur -45.0996 -11.0121 15.6776
rtibia 54.6443 -0 0
rfoot 7.65678 8.94102 0.000192323
rtoes -22.2739 0 0
lowerback 4.46895 -1.23281 -5.63427
upperback 1.9512 -1.82244 2.06823
thorax -0.240734 -0.94326 5.38997
lowerneck -5.49604 -12.9888 -3.76773
upperneck 12.6317 -17.9513 6.50628
head 5.65492 -8.50916 1.3217
lclavicle -3.08611e-15 3.21879e-15 1.36685e-32
lhumerus -24.8185 -27.4835 85.6117
lradius 53.3804 -0 0
lwrist 24.3615 0 0
lhand -18.8303 -2.40303 0.0136978
lfingers 7.12502 -0 0
lthumb 7.46638 27.4076 0.000435347
rclavicle -3.08611e-15 3.21879e-15 1.36685e-32
rhumerus 23.7465 17.0493 -73.1327
rradius 132.892 -0 0
rwrist -43.6564 0 0
rhand -26.0245 -19.5037 0.0301528
rfingers 7.12502 -0 0
rthumb 0.519816 -49.4432 0.0393273
590
root 6.22889 16.3832 -3.41331 -81.1398 87.2574 -86.5144
lfemur -17.3185 9.94113 -18.9841
ltibia 44.9844 -0 0
lfoot -31.6351 12.4258 -0.0134802
ltoes 0.246852 -0 0
rfemur -45.0116 -11.1352 15.7174
rtibia 54.5407 -0 0
rfoot 7.64979 8.9332 0.00012911
rtoes -22.3204 0 0
lowerback 4.45304 -1.23987 -5.66388
upperback 1.95982 -1.83218 2.07039
thorax -0.221295 -0.949081 5.4092
lowerneck -5.47194 -13.0055 -3.77731
upperneck 12.6504 -17.979 6.53646
head 5.66128 -8.5206 1.33032
lclavicle -3.19679e-15 3.27843e-15 9.21965e-33
lhumerus -24.6827 -27.4081 85.4264
lradius 53.3611 -0 0
lwrist 24.4915 0 0
lhand -19.009 -2.42298 0.00892319
lfingers 7.12502 -0 0
lthumb 7.29476 27.4068 0.000285501
rclavicle -3.19679e-15 3.27843e-15 9.21965e-33
rhumerus 24.0627 16.834 -73.1297
rradius 133.118 -0 0
rwrist -44.0732 0 0
rhand -26.2222 -19.5454 0.0196172
rfingers 7.12502 -0 0
rthumb 0.329679 -49.4992 0.0255849
591
root 6.2335 16.3827 -3.3994 -80.748 87.2453 -86.1202
lfemur -17.2646 10.1255 -18.9512
ltibia 44.9677 -0 0
lfoot -31.674 12.5505 -0.00657557
ltoes 0.1558 -0 0
rfemur -44.9283 -11.2513 15.7551
rtibia 54.442 -0 0
rfoot 7.64268 8.92614 6.49585e-05
rtoes -22.3652 0 0
lowerback 4.43794 -1.24657 -5.692
upperback 1.96794 -1.84143 2.07237
thorax -0.202908 -0.954608 5.42738
lowerneck -5.44918 -13.0212 -3.78639
upperneck 12.6682 -18.0051 6.56503
head 5.66734 -8.5314 1.33847
lclavicle -3.31108e-15 3.332e-15 4.65865e-33
lhumerus -24.5545 -27.3367 85.2517
lradius 53.3429 -0 0
lwrist 24.6145 0 0
lhand -19.1779 -2.44184 0.00435194
lfingers 7.12502 -0 0
lthumb 7.13267 27.4061 0.00014024
rclavicle -3.31108e-15 3.332e-15 4.65865e-33
rhumerus 24.3612 16.6304 -73.1278
rradius 133.332 -0 0
rwrist -44.4676 0 0
rhand -26.4091 -19.5848 0.00955403
rfingers 7.12502 -0 0
rthumb 0.149949 -49.5521 0.0124598
592
root 6.23781 16.3823 -3.38631 -80.3671 87.2337 -85.737
lfemur -17.2138 10.2999 -18.9202
ltibia 44.952 0 0
lfoot -31.7105 12.6678 0
ltoes 0.0699242 0 0
rfemur -44.8498 -11.3604 15.7906
rtibia 54.3483 0 0
rfoot 7.63544 8.91987 0
rtoes -22.408 0 0
lowerback 4.42366 -1.2529 -5.71857
upperback 1.97554 -1.85016 2.07418
thorax -0.185595 -0.959831 5.4445
lowerneck -5.42778 -13.036 -3.79493
upperneck 12.685 -18.0297 6.59197
head 5.67309 -8.54155 1.34616
lclavicle -3.42904e-15 3.37934e-15 0
lhumerus -24.4338 -27.2696 85.0876
lradius 53.3258 0 0
lwrist 24.7302 0 0
lhand -19.3365 -2.45959 0
lfingers 7.12502 0 0
lthumb 6.98035 27.4053 0
rclavicle -3.42904e-15 3.37934e-15 0
rhumerus 24.6418 16.4388 -73.1269
rradius 133.534 0 0
rwrist -44.8392 0 0
rhand -26.5849 -19.622 0
rfingers 7.12502 0 0
rthumb -0.0191319 -769.602 0
593
root 6.19206 16.3843 -3.3857 -51.5444 86.6358 -56.9893
lfemur -17.3687 11.937 -18.9783
ltibia 44.993 0 0
lfoot -31.6569 12.7743 0
ltoes -0.17467 0 0
rfemur -44.446 -11.0051 16.2443
rtibia 52.9512 0 0
rfoot 6.63711 9.69047 0
rtoes -23.7933 0 0
lowerback 4.21685 -1.3117 -5.96887
upperback 1.89982 -1.93293 1.9414
thorax -0.132868 -1.00365 5.44557
lowerneck -5.45849 -12.9508 -3.75997
upperneck 12.8833 -17.9491 6.69502
head 5.74285 -8.48645 1.36976
lclavicle -2.19657e-14 0 0
lhumerus -23.9429 -27.7352 85.1314
lradius 53.4226 0 0
lwrist 24.7876 0 0
lhand -19.0791 -2.48137 0
lfingers 7.12502 0 0
lthumb 7.2288 27.3752 0
rclavicle -2.19657e-14 0 0
rhumerus 24.3659 16.1965 -73.223
rradius 133.323 0 0
rwrist -45.3556 0 0
rhand -26.9399 -19.9285 0
rfingers 7.12502 0 0
rthumb -0.362069 -769.908 0
594
root 6.14549 16.3892 -3.38918 -33.3815 85.379 -38.9495
lfemur -17.5457 13.5945 -19.0508
ltibia 44.9856 0 0
lfoot -31.5945 12.9037 0
ltoes -0.249614 0 0
rfemur -44.2184 -10.7706 16.7995
rtibia 51.5974 0 0
rfoot 5.95449 10.7834 0
rtoes -25.0241 0 0
lowerback 4.00601 -1.37185 -6.17394
upperback 1.81202 -2.01442 1.81347
thorax -0.0917959 -1.04567 5.42561
lowerneck -5.51946 -12.8504 -3.71043
upperneck 13.0753 -17.8471 6.7812
head 5.81165 -8.42094 1.38682
lclavicle -9.64106e-15 -1.31198e-14 0
lhumerus -23.5399 -28.1942 85.2585
lradius 53.5209 0 0
lwrist 24.8222 0 0
lhand -18.7789 -2.46787 0
lfingers 7.12502 0 0
lthumb 7.5186 27.3785 0
rclavicle -9.64106e-15 -1.31198e-14 0
rhumerus 24.1254 15.8527 -73.3088
rradius 133.076 0 0
rwrist -46.0171 0 0
rhand -27.2882 -20.3059 0
rfingers 7.12502 0 0
rthumb -0.698465 -770.285 0
595
root 6.09812 16.3973 -3.3967 -23.1241 83.7521 -28.8525
lfemur -17.7349 15.2435 -19.1338
ltibia 44.9311 0 0
lfoot -31.5217 13.0772 0
ltoes -0.180943 0 0
rfemur -44.1576 -10.6798 17.4586
rtibia 50.3311 0 0
rfoot 5.61365 12.1788 0
rtoes -25.9941 0 0
lowerback 3.807 -1.43452 -6.33226
upperback 1.71604 -2.09722 1.69572
thorax -0.0668831 -1.0871 5.38992
lowerneck -5.61118 -12.7345 -3.6435
upperneck 13.2507 -17.723 6.85165
head 5.8762 -8.3449 1.39765
lclavicle 2.34566e-14 -4.37326e-15 0
lhumerus -23.2184 -28.6645 85.4675
lradius 53.6188 0 0
lwrist 24.8355 0 0
lhand -18.4576 -2.42212 0
lfingers 7.12502 0 0
lthumb 7.82873 27.4129 0
rclavicle 2.34566e-14 -4.37326e-15 0
rhumerus 23.9287 15.4051 -73.3727
rradius 132.785 0 0
rwrist -46.8088 0 0
rhand -27.6156 -20.7422 0
rfingers 7.12502 0 0
rthumb -1.01463 -770.72 0
596
root 6.09325 16.3938 -3.37338 -19.7494 83.1964 -25.5283
lfemur -17.7968 15.3414 -19.1458
ltibia 45.1571 -0 0
lfoot -31.2922 12.9698 -0.0336258
ltoes -0.176347 0 0
rfemur -44.1729 -10.7263 17.5449
rtibia 50.4405 -0 0
rfoot 5.41509 12.0573 0.0342243
rtoes -25.812 0 0
lowerback 3.77575 -1.47033 -6.29641
upperback 1.69026 -2.14157 1.68973
thorax -0.0756953 -1.10875 5.36335
lowerneck -5.64532 -12.6792 -3.61367
upperneck 13.1747 -17.6416 6.83115
head 5.85321 -8.30805 1.39247
lclavicle 2.36124e-14 -4.33711e-15 1.36723e-32
lhumerus -23.1312 -28.9458 85.5197
lradius 53.8366 -0 0
lwrist 24.8559 0 0
lhand -18.411 -2.40621 0.000863818
lfingers 7.12502 -0 0
lthumb 7.87367 27.4264 0.000708022
rclavicle 2.36124e-14 -4.33711e-15 1.36723e-32
rhumerus 23.4443 15.1465 -73.3663
rradius 132.337 -0 0
rwrist -46.6369 0 0
rhand -27.6165 -20.9292 -0.00026323
rfingers 7.12502 -0 0
rthumb -1.01549 -50.907 -0.000253694
597
root 6.08808 16.3897 -3.34885 -16.7172 82.5849 -22.5509
lfemur -17.8597 15.4484 -19.1653
ltibia 45.3921 -0 0
lfoot -31.0471 12.8544 -0.0690594
ltoes -0.176129 0 0
rfemur -44.1956 -10.7784 17.6397
rtibia 50.5679 -0 0
rfoot 5.19736 11.9244 0.0712514
rtoes -25.616 0 0
lowerback 3.74181 -1.50901 -6.25758
upperback 1.66268 -2.18949 1.68396
thorax -0.0848278 -1.13215 5.33525
lowerneck -5.68244 -12.62 -3.58168
upperneck 13.0928 -17.5544 6.80862
head 5.82847 -8.26856 1.38674
lclavicle 2.37599e-14 -4.31001e-15 2.45126e-32
lhumerus -23.0438 -29.2481 85.5864
lradius 54.0709 -0 0
lwrist 24.8774 0 0
lhand -18.3598 -2.38826 0.0017778
lfingers 7.12502 -0 0
lthumb 7.92306 27.4418 0.00145505
rclavicle 2.37599e-14 -4.31001e-15 2.45126e-32
rhumerus 22.9224 14.8719 -73.3634
rradius 131.852 -0 0
rwrist -46.4534 0 0
rhand -27.6162 -21.1305 -0.000726
rfingers 7.12502 -0 0
rthumb -1.01521 -51.1083 -0.000699044
598
root 6.08263 16.3849 -3.32312 -14.0071 81.92 -19.8997
lfemur -17.9237 15.5642 -19.192
ltibia 45.636 -0 0
lfoot -30.7867 12.731 -0.106146
ltoes -0.180108 0 0
rfemur -44.2253 -10.836 17.7429
rtibia 50.7126 -0 0
rfoot 4.96102 11.7802 0.110854
rtoes -25.4064 0 0
lowerback 3.70527 -1.55048 -6.21585
upperback 1.63334 -2.24086 1.67838
thorax -0.0942742 -1.15727 5.30565
lowerneck -5.72242 -12.5569 -3.5476
upperneck 13.005 -17.4614 6.78409
head 5.80202 -8.22651 1.38048
lclavicle 2.38991e-14 -4.29168e-15 3.25794e-32
lhumerus -22.9562 -29.5709 85.667
lradius 54.3211 -0 0
lwrist 24.9001 0 0
lhand -18.3041 -2.36831 0.0027354
lfingers 7.12502 -0 0
lthumb 7.97675 27.459 0.00223568
rclavicle 2.38991e-14 -4.29168e-15 3.25794e-32
rhumerus 22.3642 14.5818 -73.3633
rradius 131.33 -0 0
rwrist -46.2585 0 0
rhand -27.6148 -21.3456 -0.00137433
rfingers 7.12502 -0 0
rthumb -1.01382 -51.3234 -0.00132258
599
root 6.07689 16.3796 -3.29624 -11.5915 81.2042 -17.547
lfemur -17.9889 15.6885 -19.2258
ltibia 45.8887 -0 0
lfoot -30.5114 12.6 -0.144729
ltoes -0.188103 0 0
rfemur -44.2618 -10.8988 17.8542
rtibia 50.8742 -0 0
rfoot 4.70662 11.6251 0.1528
rtoes -25.1837 0 0
lowerback 3.66619 -1.59464 -6.17129
upperback 1.60229 -2.29559 1.673
thorax -0.104028 -1.18405 5.27459
lowerneck -5.76518 -12.49 -3.51149
upperneck 12.9116 -17.3629 6.75758
head 5.77392 -8.18196 1.3737
lclavicle 2.40303e-14 -4.28183e-15 3.79368e-32
lhumerus -22.8685 -29.9137 85.761
lradius 54.5868 -0 0
lwrist 24.9239 0 0
lhand -18.2442 -2.34645 0.00372983
lfingers 7.12502 -0 0
lthumb 8.03461 27.4778 0.00304431
rclavicle 2.40303e-14 -4.28183e-15 3.79368e-32
rhumerus 21.7709 14.2765 -73.3651
rradius 130.773 -0 0
rwrist -46.0526 0 0
rhand -27.6122 -21.5741 -0.00219373
rfingers 7.12502 -0 0
rthumb -1.01136 -51.552 -0.00211036
600
root 6.07088 16.3737 -3.26822 -9.44019 80.4398 -15.4627
lfemur -18.0553 15.8209 -19.2663
ltibia 46.1499 -0 0
lfoot -30.2216 12.4615 -0.184647
ltoes -0.199932 0 0
rfemur -44.3049 -10.9667 17.9734
rtibia 51.052 -0 0
rfoot 4.43471 11.4594 0.196852
rtoes -24.9482 0 0
lowerback 3.62465 -1.64141 -6.12398
upperback 1.56958 -2.35358 1.66781
thorax -0.114084 -1.21244 5.24211
lowerneck -5.81062 -12.4195 -3.47343
upperneck 12.8127 -17.259 6.72913
head 5.74421 -8.13499 1.36641
lclavicle 2.41533e-14 -4.28016e-15 4.06536e-32
lhumerus -22.7807 -30.276 85.8679
lradius 54.8676 -0 0
lwrist 24.9487 0 0
lhand -18.18 -2.32274 0.00475411
lfingers 7.12502 -0 0
lthumb 8.09649 27.4983 0.00387517
rclavicle 2.41533e-14 -4.28016e-15 4.06536e-32
rhumerus 21.1437 13.9563 -73.3682
rradius 130.181 -0 0
rwrist -45.8358 0 0
rhand -27.6086 -21.8157 -0.0031693
rfingers 7.12502 -0 0
rthumb -1.00788 -51.7937 -0.00304804
601
root 6.06461 16.3673 -3.23908 -7.52333 79.629 -13.6165
lfemur -18.1229 15.9612 -19.3133
ltibia 46.4196 -0 0
lfoot -29.9178 12.3156 -0.225738
ltoes -0.215415 0 0
rfemur -44.3544 -11.0393 18.1001
rtibia 51.2453 -0 0
rfoot 4.14584 11.2833 0.242769
rtoes -24.7002 0 0
lowerback 3.58071 -1.69071 -6.07399
upperback 1.53527 -2.41473 1.66279
thorax -0.124435 -1.2424 5.20824
lowerneck -5.85865 -12.3455 -3.43349
upperneck 12.7084 -17.1498 6.69876
head 5.71294 -8.08567 1.35862
lclavicle 2.42683e-14 -4.2864e-15 4.08036e-32
lhumerus -22.6931 -30.6571 85.9871
lradius 55.1631 -0 0
lwrist 24.9746 0 0
lhand -18.1118 -2.29725 0.00580111
lfingers 7.12502 -0 0
lthumb 8.16227 27.5204 0.00472236
rclavicle 2.42683e-14 -4.2864e-15 4.08036e-32
rhumerus 20.4837 13.6215 -73.3718
rradius 129.557 -0 0
rwrist -45.6086 0 0
rhand -27.604 -22.0699 -0.00428583
rfingers 7.12502 -0 0
rthumb -1.00342 -52.048 -0.00412094
602
root 6.05807 16.3603 -3.20885 -5.81272 78.7741 -11.9804
lfemur -18.1919 16.1091 -19.3665
ltibia 46.6977 -0 0
lfoot -29.6002 12.1626 -0.26784
ltoes -0.234366 0 0
rfemur -44.4099 -11.1166 18.2342
rtibia 51.4536 -0 0
rfoot 3.84058 11.0972 0.290306
rtoes -24.4401 0 0
lowerback 3.53445 -1.74244 -6.0214
upperback 1.49938 -2.47894 1.65796
thorax -0.135074 -1.27387 5.17302
lowerneck -5.90916 -12.268 -3.39174
upperneck 12.5989 -17.0356 6.66651
head 5.68014 -8.03406 1.35034
lclavicle 2.43753e-14 -4.30024e-15 3.84648e-32
lhumerus -22.6056 -31.0566 86.1183
lradius 55.4728 -0 0
lwrist 25.0015 0 0
lhand -18.0397 -2.27003 0.00686362
lfingers 7.12502 -0 0
lthumb 8.23179 27.544 0.00557988
rclavicle 2.43753e-14 -4.30024e-15 3.84648e-32
rhumerus 19.7921 13.2726 -73.3751
rradius 128.9 -0 0
rwrist -45.3712 0 0
rhand -27.5984 -22.3364 -0.00552785
rfingers 7.12502 -0 0
rthumb -0.998016 -52.3146 -0.00531418
603
root 6.05129 16.3528 -3.17757 -4.28273 77.877 -10.5286
lfemur -18.2622 16.2642 -19.4256
ltibia 46.984 -0 0
lfoot -29.2692 12.0026 -0.310787
ltoes -0.256612 0 0
rfemur -44.4712 -11.1982 18.3755
rtibia 51.6763 -0 0
rfoot 3.51947 10.9013 0.339217
rtoes -24.1684 0 0
lowerback 3.48594 -1.79652 -5.96629
upperback 1.46198 -2.54612 1.65328
thorax -0.145996 -1.30681 5.13648
lowerneck -5.96205 -12.1872 -3.34824
upperneck 12.4845 -16.9166 6.63241
head 5.64587 -7.98024 1.3416
lclavicle 2.44744e-14 -4.32141e-15 3.37198e-32
lhumerus -22.5185 -31.4738 86.261
lradius 55.7962 -0 0
lwrist 25.0294 0 0
lhand -17.9639 -2.24117 0.00793434
lfingers 7.12502 -0 0
lthumb 8.30493 27.569 0.00644171
rclavicle 2.44744e-14 -4.32141e-15 3.37198e-32
rhumerus 19.0701 12.91 -73.3774
rradius 128.212 -0 0
rwrist -45.1238 0 0
rhand -27.5919 -22.6148 -0.00687976
rfingers 7.12502 -0 0
rthumb -0.991716 -52.5932 -0.00661272
604
root 6.04426 16.3449 -3.14524 -2.91054 76.9397 -9.23806
lfemur -18.334 16.4263 -19.4905
ltibia 47.2784 -0 0
lfoot -28.9254 11.8358 -0.354416
ltoes -0.281966 0 0
rfemur -44.5382 -11.2841 18.5236
rtibia 51.9128 -0 0
rfoot 3.18307 10.6959 0.389255
rtoes -23.8852 0 0
lowerback 3.43525 -1.85286 -5.90872
upperback 1.42312 -2.61615 1.64877
thorax -0.157193 -1.34117 5.09866
lowerneck -6.01724 -12.1031 -3.30307
upperneck 12.3652 -16.7928 6.59648
head 5.61017 -7.92428 1.33239
lclavicle 2.45657e-14 -4.34961e-15 2.66552e-32
lhumerus -22.4317 -31.9083 86.4146
lradius 56.1329 -0 0
lwrist 25.0582 0 0
lhand -17.8845 -2.21073 0.009006
lfingers 7.12502 -0 0
lthumb 8.38155 27.5955 0.00730181
rclavicle 2.45657e-14 -4.34961e-15 2.66552e-32
rhumerus 18.3187 12.534 -73.3778
rradius 127.495 -0 0
rwrist -44.8668 0 0
rhand -27.5845 -22.9047 -0.00832585
rfingers 7.12502 -0 0
rthumb -0.984561 -52.8832 -0.00800143
605
root 6.037 16.3364 -3.11191 -1.67608 75.9638 -8.08874
lfemur -18.4073 16.595 -19.5608
ltibia 47.5807 -0 0
lfoot -28.5689 11.6625 -0.39856
ltoes -0.310249 0 0
rfemur -44.6106 -11.3739 18.6784
rtibia 52.1625 -0 0
rfoot 2.83194 10.4813 0.440173
rtoes -23.5911 0 0
lowerback 3.38245 -1.91138 -5.84878
upperback 1.38283 -2.68894 1.64441
thorax -0.16866 -1.3769 5.0596
lowerneck -6.07462 -12.0159 -3.2563
upperneck 12.2412 -16.6644 6.55876
head 5.57309 -7.86624 1.32274
lclavicle 2.46492e-14 -4.38455e-15 1.73612e-32
lhumerus -22.3454 -32.3596 86.5786
lradius 56.4825 -0 0
lwrist 25.088 0 0
lhand -17.8016 -2.17878 0.0100713
lfingers 7.12502 -0 0
lthumb 8.46151 27.6233 0.00815416
rclavicle 2.46492e-14 -4.38455e-15 1.73612e-32
rhumerus 17.5392 12.145 -73.3757
rradius 126.748 -0 0
rwrist -44.6004 0 0
rhand -27.5762 -23.2057 -0.00985043
rfingers 7.12502 -0 0
rthumb -0.976593 -53.1843 -0.00946519
606
root 6.02951 16.3276 -3.07758 -0.561886 74.951 -7.06304
lfemur -18.4822 16.7701 -19.6363
ltibia 47.8908 -0 0
lfoot -28.2003 11.4827 -0.443055
ltoes -0.34128 0 0
rfemur -44.688 -11.4675 18.8395
rtibia 52.4248 -0 0
rfoot 2.46662 10.2578 0.491725
rtoes -23.2864 0 0
lowerback 3.32762 -1.97198 -5.78653
upperback 1.34117 -2.7644 1.64019
thorax -0.180391 -1.41394 5.01932
lowerneck -6.13409 -11.9256 -3.20799
upperneck 12.1127 -16.5317 6.51927
head 5.53468 -7.80621 1.31265
lclavicle 2.47249e-14 -4.42595e-15 5.93177e-33
lhumerus -22.2598 -32.8269 86.7527
lradius 56.8446 -0 0
lwrist 25.1187 0 0
lhand -17.7153 -2.14537 0.0111232
lfingers 7.12502 -0 0
lthumb 8.54466 27.6524 0.0089928
rclavicle 2.47249e-14 -4.42595e-15 5.93177e-33
rhumerus 16.7325 11.7434 -73.3703
rradius 125.973 -0 0
rwrist -44.325 0 0
rhand -27.5672 -23.5174 -0.0114379
rfingers 7.12502 -0 0
rthumb -0.967853 -53.4962 -0.010989
607
root 6.02181 16.3183 -3.0423 0.44719 73.9029 -6.14575
lfemur -18.5587 16.9513 -19.7167
ltibia 48.2086 -0 0
lfoot -27.8199 11.2968 -0.487738
ltoes -0.374876 0 0
rfemur -44.7703 -11.5647 19.0068
rtibia 52.6991 -0 0
rfoot 2.08769 10.0256 0.543664
rtoes -22.9714 0 0
lowerback 3.27083 -2.03458 -5.72206
upperback 1.29819 -2.84242 1.63611
thorax -0.192378 -1.45226 4.97788
lowerneck -6.19557 -11.8323 -3.15823
upperneck 11.9798 -16.3947 6.47804
head 5.49497 -7.74425 1.30214
lclavicle 2.47929e-14 -4.47351e-15 -7.53594e-33
lhumerus -22.1749 -33.3098 86.9364
lradius 57.2186 -0 0
lwrist 25.1503 0 0
lhand -17.626 -2.11059 0.0121544
lfingers 7.12502 -0 0
lthumb 8.63088 27.6827 0.00981188
rclavicle 2.47929e-14 -4.47351e-15 -7.53594e-33
rhumerus 15.8998 11.3298 -73.3609
rradius 125.172 -0 0
rwrist -44.0407 0 0
rhand -27.5574 -23.8394 -0.0130727
rfingers 7.12502 -0 0
rthumb -0.958385 -53.8184 -0.0125578
608
root 6.01389 16.3087 -3.00607 1.36422 72.821 -5.32371
lfemur -18.6368 17.1382 -19.8017
ltibia 48.5339 -0 0
lfoot -27.4281 11.1048 -0.532447
ltoes -0.410857 0 0
rfemur -44.8572 -11.6652 19.1799
rtibia 52.9847 -0 0
rfoot 1.6957 9.78511 0.595749
rtoes -22.6465 0 0
lowerback 3.21214 -2.0991 -5.65544
upperback 1.25393 -2.9229 1.63216
thorax -0.204616 -1.4918 4.9353
lowerneck -6.25895 -11.7362 -3.10707
upperneck 11.8427 -16.2537 6.43512
head 5.45402 -7.68044 1.29122
lclavicle 2.48534e-14 -4.52695e-15 -2.29416e-32
lhumerus -22.0909 -33.8078 87.1292
lradius 57.6041 -0 0
lwrist 25.1828 0 0
lhand -17.5335 -2.0745 0.0131582
lfingers 7.12502 -0 0
lthumb 8.72002 27.7141 0.0106057
rclavicle 2.48534e-14 -4.52695e-15 -2.29416e-32
rhumerus 15.0422 10.9045 -73.3467
rradius 124.345 -0 0
rwrist -43.748 0 0
rhand -27.5469 -24.1714 -0.0147397
rfingers 7.12502 -0 0
rthumb -0.94823 -54.1505 -0.014157
609
root 6.00576 16.2986 -2.96894 2.20049 71.7068 -4.58554
lfemur -18.7167 17.3306 -19.8911
ltibia 48.8667 -0 0
lfoot -27.0253 10.907 -0.577021
ltoes -0.449041 0 0
rfemur -44.9485 -11.7688 19.3588
rtibia 53.2812 -0 0
rfoot 1.29121 9.53659 0.64774
rtoes -22.3121 0 0
lowerback 3.15163 -2.16545 -5.58674
upperback 1.20844 -3.00575 1.62833
thorax -0.217098 -1.53252 4.89162
lowerneck -6.32414 -11.6374 -3.05459
upperneck 11.7016 -16.1088 6.39052
head 5.41187 -7.61483 1.27991
lclavicle 2.49063e-14 -4.58597e-15 -4.01819e-32
lhumerus -22.0078 -34.3202 87.3306
lradius 58.0008 -0 0
lwrist 25.2161 0 0
lhand -17.4382 -2.03716 0.0141277
lfingers 7.12502 -0 0
lthumb 8.81195 27.7467 0.0113686
rclavicle 2.49063e-14 -4.58597e-15 -4.01819e-32
rhumerus 14.1606 10.468 -73.327
rradius 123.493 -0 0
rwrist -43.447 0 0
rhand -27.5357 -24.5129 -0.0164237
rfingers 7.12502 -0 0
rthumb -0.937431 -54.4922 -0.0157722
610
root 5.99744 16.2882 -2.93092 2.96574 70.5615 -3.92143
lfemur -18.7984 17.5282 -19.9847
ltibia 49.2068 -0 0
lfoot -26.6118 10.7036 -0.621301
ltoes -0.489247 0 0
rfemur -45.044 -11.8754 19.543
rtibia 53.5878 -0 0
rfoot 0.874793 9.28034 0.699401
rtoes -21.9685 0 0
lowerback 3.08938 -2.23353 -5.51604
upperback 1.16177 -3.09086 1.62462
thorax -0.229819 -1.57436 4.84688
lowerneck -6.39104 -11.5359 -3.00085
upperneck 11.5565 -15.9602 6.34427
head 5.36857 -7.54751 1.26821
lclavicle 2.49517e-14 -4.6503e-15 -5.91509e-32
lhumerus -21.9258 -34.8466 87.5402
lradius 58.4081 -0 0
lwrist 25.2503 0 0
lhand -17.3402 -1.99864 0.0150564
lfingers 7.12502 -0 0
lthumb 8.90653 27.7803 0.0120952
rclavicle 2.49517e-14 -4.6503e-15 -5.91509e-32
rhumerus 13.2562 10.0209 -73.3012
rradius 122.618 -0 0
rwrist -43.1382 0 0
rhand -27.5239 -24.8635 -0.0181102
rfingers 7.12502 -0 0
rthumb -0.926031 -54.8431 -0.0173891
611
root 5.98893 16.2775 -2.89203 3.66837 69.3865 -3.32291
lfemur -18.882 17.7307 -20.0822
ltibia 49.554 -0 0
lfoot -26.1881 10.4947 -0.665131
ltoes -0.531294 0 0
rfemur -45.1433 -11.9847 19.7324
rtibia 53.904 -0 0
rfoot 0.447009 9.01666 0.750502
rtoes -21.6161 0 0
lowerback 3.02544 -2.30327 -5.44342
upperback 1.11397 -3.17813 1.62102
thorax -0.242772 -1.61727 4.8011
lowerneck -6.45956 -11.4318 -2.94593
upperneck 11.4077 -15.808 6.29643
head 5.32416 -7.47854 1.25613
lclavicle 2.49896e-14 -4.71963e-15 -7.97405e-32
lhumerus -21.845 -35.3863 87.7576
lradius 58.8256 -0 0
lwrist 25.2852 0 0
lhand -17.2395 -1.95901 0.015938
lfingers 7.12502 -0 0
lthumb 9.00362 27.8149 0.0127804
rclavicle 2.49896e-14 -4.71963e-15 -7.97405e-32
rhumerus 12.3298 9.56356 -73.2686
rradius 121.72 -0 0
rwrist -42.8216 0 0
rhand -27.5115 -25.2229 -0.019785
rfingers 7.12502 -0 0
rthumb -0.914072 -55.2027 -0.0189941
612
root 5.98024 16.2665 -2.85231 4.31565 68.1832 -2.78262
lfemur -18.9674 17.9377 -20.1832
ltibia 49.9082 -0 0
lfoot -25.7546 10.2807 -0.708359
ltoes -0.575001 0 0
rfemur -45.2462 -12.0966 19.9267
rtibia 54.2292 -0 0
rfoot 0.00842817 8.74587 0.800817
rtoes -21.2552 0 0
lowerback 2.95991 -2.37457 -5.36895
upperback 1.06508 -3.26747 1.61751
thorax -0.25595 -1.66121 4.75434
lowerneck -6.5296 -11.3253 -2.88988
upperneck 11.2554 -15.6525 6.247
head 5.27869 -7.408 1.2437
lclavicle 2.50202e-14 -4.79368e-15 -1.0184e-31
lhumerus -21.7654 -35.9389 87.9822
lradius 59.2529 -0 0
lwrist 25.3209 0 0
lhand -17.1364 -1.91834 0.0167666
lfingers 7.12502 -0 0
lthumb 9.10309 27.8504 0.0134192
rclavicle 2.50202e-14 -4.79368e-15 -1.0184e-31
rhumerus 11.3825 9.09665 -73.2285
rradius 120.8 -0 0
rwrist -42.4977 0 0
rhand -27.4986 -25.5907 -0.0214341
rfingers 7.12502 -0 0
rthumb -0.901599 -55.5707 -0.0205739
613
root 5.97137 16.2552 -2.81178 4.9139 66.9527 -2.2942
lfemur -19.0548 18.1489 -20.2876
ltibia 50.2693 -0 0
lfoot -25.3116 10.0616 -0.750835
ltoes -0.620186 0 0
rfemur -45.3525 -12.2107 20.1257
rtibia 54.5628 -0 0
rfoot -0.440379 8.46828 0.850127
rtoes -20.8863 0 0
lowerback 2.89284 -2.44736 -5.29271
upperback 1.01515 -3.35877 1.6141
thorax -0.269349 -1.70613 4.70661
lowerneck -6.60106 -11.2165 -2.83279
upperneck 11.0996 -15.4937 6.19604
head 5.2322 -7.33596 1.23093
lclavicle 2.50434e-14 -4.87217e-15 -1.25337e-31
lhumerus -21.6871 -36.5036 88.2138
lradius 59.6895 -0 0
lwrist 25.3573 0 0
lhand -17.031 -1.8767 0.0175365
lfingers 7.12502 -0 0
lthumb 9.20479 27.8868 0.0140069
rclavicle 2.50434e-14 -4.87217e-15 -1.25337e-31
rhumerus 10.4153 8.62068 -73.1804
rradius 119.86 -0 0
rwrist -42.1667 0 0
rhand -27.4852 -25.9664 -0.0230442
rfingers 7.12502 -0 0
rthumb -0.888653 -55.9467 -0.0221156
614
root 5.96234 16.2437 -2.77047 5.46857 65.6962 -1.8521
lfemur -19.1442 18.3642 -20.3951
ltibia 50.6372 -0 0
lfoot -24.8596 9.83763 -0.792414
ltoes -0.666668 0 0
rfemur -45.462 -12.327 20.3291
rtibia 54.9042 -0 0
rfoot -0.898841 8.1842 0.898219
rtoes -20.5096 0 0
lowerback 2.82432 -2.52154 -5.21477
upperback 0.964235 -3.45194 1.61077
thorax -0.282962 -1.75198 4.65797
lowerneck -6.67389 -11.1053 -2.77469
upperneck 10.9406 -15.3318 6.14358
head 5.18475 -7.26248 1.21782
lclavicle 2.50594e-14 -4.95479e-15 -1.50116e-31
lhumerus -21.6102 -37.08 88.4517
lradius 60.135 -0 0
lwrist 25.3944 0 0
lhand -16.9233 -1.83415 0.0182422
lfingers 7.12502 -0 0
lthumb 9.30858 27.9239 0.0145391
rclavicle 2.50594e-14 -4.95479e-15 -1.50116e-31
rhumerus 9.42905 8.13622 -73.1235
rradius 118.901 -0 0
rwrist -41.829 0 0
rhand -27.4713 -26.3498 -0.0246028
rfingers 7.12502 -0 0
rthumb -0.875279 -56.3303 -0.0236071
615
root 5.95314 16.2319 -2.72839 5.98443 64.4151 -1.45151
lfemur -19.2356 18.5831 -20.5055
ltibia 51.0117 -0 0
lfoot -24.3989 9.60909 -0.832952
ltoes -0.714266 0 0
rfemur -45.5743 -12.4453 20.5366
rtibia 55.2528 -0 0
rfoot -1.36638 7.89395 0.944889
rtoes -20.1256 0 0
lowerback 2.75441 -2.59702 -5.13521
upperback 0.912378 -3.54687 1.60751
thorax -0.296784 -1.79871 4.60844
lowerneck -6.74793 -10.992 -2.71569
upperneck 10.7785 -15.1671 6.08965
head 5.13637 -7.18765 1.2044
lclavicle 2.50682e-14 -5.04127e-15 -1.76063e-31
lhumerus -21.5349 -37.6675 88.6956
lradius 60.589 -0 0
lwrist 25.4322 0 0
lhand -16.8137 -1.79075 0.0188788
lfingers 7.12502 -0 0
lthumb 9.41433 27.9618 0.0150118
rclavicle 2.50682e-14 -5.04127e-15 -1.76063e-31
rhumerus 8.4247 7.64386 -73.0574
rradius 117.923 -0 0
rwrist -41.4847 0 0
rhand -27.4571 -26.7403 -0.0260975
rfingers 7.12502 -0 0
rthumb -0.86152 -56.7211 -0.0250365
616
root 5.9438 16.2199 -2.68558 6.46564 63.1105 -1.08821
lfemur -19.3291 18.8054 -20.6184
ltibia 51.3927 -0 0
lfoot -23.93 9.37616 -0.872313
ltoes -0.762798 0 0
rfemur -45.6892 -12.5652 20.7481
rtibia 55.6079 -0 0
rfoot -1.84242 7.59786 0.989938
rtoes -19.7346 0 0
lowerback 2.6832 -2.67374 -5.05411
upperback 0.859626 -3.64347 1.60432
thorax -0.310809 -1.84627 4.55806
lowerneck -6.82312 -10.8767 -2.65584
upperneck 10.6134 -14.9996 6.0343
head 5.08711 -7.11151 1.19067
lclavicle 2.50699e-14 -5.13131e-15 -2.03059e-31
lhumerus -21.4611 -38.2656 88.945
lradius 61.0509 -0 0
lwrist 25.4707 0 0
lhand -16.7022 -1.74659 0.0194417
lfingers 7.12502 -0 0
lthumb 9.52191 28.0004 0.0154211
rclavicle 2.50699e-14 -5.13131e-15 -2.03059e-31
rhumerus 7.40315 7.14423 -72.9815
rradius 116.928 -0 0
rwrist -41.1342 0 0
rhand -27.4425 -27.1377 -0.0275169
rfingers 7.12502 -0 0
rthumb -0.847419 -57.1187 -0.0263929
617
root 5.93431 16.2077 -2.64205 6.91582 61.7835 -0.758499
lfemur -19.4248 19.0308 -20.7335
ltibia 51.78 -0 0
lfoot -23.4532 9.13904 -0.910365
ltoes -0.812084 0 0
rfemur -45.8064 -12.6867 20.9632
rtibia 55.969 -0 0
rfoot -2.32638 7.29625 1.03318
rtoes -19.337 0 0
lowerback 2.61074 -2.75159 -4.97154
upperback 0.806028 -3.74163 1.60119
thorax -0.32503 -1.89462 4.50687
lowerneck -6.89936 -10.7595 -2.59521
upperneck 10.4456 -14.8296 5.97756
head 5.03702 -7.03416 1.17664
lclavicle 2.50645e-14 -5.22463e-15 -2.30986e-31
lhumerus -21.3888 -38.8736 89.1995
lradius 61.5204 -0 0
lwrist 25.5098 0 0
lhand -16.5889 -1.70172 0.0199266
lfingers 7.12502 -0 0
lthumb 9.63117 28.0396 0.0157637
rclavicle 2.50645e-14 -5.22463e-15 -2.30986e-31
rhumerus 6.36527 6.63796 -72.8953
rradius 115.917 -0 0
rwrist -40.7777 0 0
rhand -27.4276 -27.5415 -0.0288502
rfingers 7.12502 -0 0
rthumb -0.83302 -57.5227 -0.0276658
618
root 5.92469 16.1953 -2.59785 7.33818 60.4353 -0.45914
lfemur -19.5226 19.259 -20.8507
ltibia 52.1736 -0 0
lfoot -22.9689 8.89794 -0.946979
ltoes -0.861942 0 0
rfemur -45.9257 -12.8096 21.1817
rtibia 56.3356 -0 0
rfoot -2.81768 6.98947 1.07444
rtoes -18.9331 0 0
lowerback 2.53712 -2.8305 -4.88759
upperback 0.751631 -3.84126 1.5981
thorax -0.339444 -1.94369 4.4549
lowerneck -6.97656 -10.6404 -2.53385
upperneck 10.2751 -14.6572 5.91947
head 4.98614 -6.95565 1.16235
lclavicle 2.50521e-14 -5.32093e-15 -2.59724e-31
lhumerus -21.3182 -39.491 89.4587
lradius 61.997 -0 0
lwrist 25.5495 0 0
lhand -16.474 -1.65621 0.0203297
lfingers 7.12502 -0 0
lthumb 9.74197 28.0794 0.0160365
rclavicle 2.50521e-14 -5.32093e-15 -2.59724e-31
rhumerus 5.31193 6.12569 -72.7982
rradius 114.89 -0 0
rwrist -40.4156 0 0
rhand -27.4124 -27.9513 -0.0300874
rfingers 7.12502 -0 0
rthumb -0.818368 -57.9328 -0.0288456
619
root 5.91494 16.1828 -2.55298 7.7355 59.067 -0.187276
lfemur -19.6226 19.4897 -20.9697
ltibia 52.5733 -0 0
lfoot -22.4776 8.65309 -0.982034
ltoes -0.912191 0 0
rfemur -46.0468 -12.9336 21.4033
rtibia 56.7069 -0 0
rfoot -3.31573 6.67783 1.11353
rtoes -18.5233 0 0
lowerback 2.46242 -2.91037 -4.80233
upperback 0.696484 -3.94226 1.59505
thorax -0.354044 -1.99345 4.40219
lowerneck -7.05462 -10.5195 -2.47184
upperneck 10.1022 -14.4825 5.86008
head 4.93452 -6.87606 1.14778
lclavicle 2.50327e-14 -5.41993e-15 -2.89154e-31
lhumerus -21.2492 -40.1172 89.7219
lradius 62.4803 -0 0
lwrist 25.5897 0 0
lhand -16.3577 -1.61014 0.0206476
lfingers 7.12502 -0 0
lthumb 9.85418 28.1196 0.0162368
rclavicle 2.50327e-14 -5.41993e-15 -2.89154e-31
rhumerus 4.24397 5.60809 -72.6898
rradius 113.85 -0 0
rwrist -40.0481 0 0
rhand -27.397 -28.3667 -0.0312191
rfingers 7.12502 -0 0
rthumb -0.803506 -58.3485 -0.0299234
620
root 5.90507 16.1701 -2.50747 8.11026 57.6797 0.0596132
lfemur -19.7248 19.7225 -21.0902
ltibia 52.9789 -0 0
lfoot -21.9797 8.40471 -1.01541
ltoes -0.962649 0 0
rfemur -46.1695 -13.0586 21.6278
rtibia 57.0824 -0 0
rfoot -3.81995 6.36168 1.15032
rtoes -18.108 0 0
lowerback 2.3867 -2.99113 -4.71584
upperback 0.640635 -4.04452 1.59203
thorax -0.368826 -2.04385 4.34877
lowerneck -7.13347 -10.397 -2.40923
upperneck 9.92693 -14.3058 5.79944
head 4.8822 -6.79547 1.13297
lclavicle 2.50064e-14 -5.52134e-15 -3.19153e-31
lhumerus -21.1819 -40.7516 89.9889
lradius 62.9698 -0 0
lwrist 25.6306 0 0
lhand -16.24 -1.56356 0.0208775
lfingers 7.12502 -0 0
lthumb 9.96766 28.1603 0.0163623
rclavicle 2.50064e-14 -5.52134e-15 -3.19153e-31
rhumerus 3.16222 5.08585 -72.5698
rradius 112.796 -0 0
rwrist -39.6756 0 0
rhand -27.3815 -28.7874 -0.0322368
rfingers 7.12502 -0 0
rthumb -0.788478 -58.7694 -0.0308909
621
root 5.89508 16.1573 -2.46136 8.46464 56.2747 0.28376
lfemur -19.8293 19.9573 -21.2119
ltibia 53.3904 -0 0
lfoot -21.4754 8.15301 -1.04701
ltoes -1.01314 0 0
rfemur -46.2934 -13.1844 21.8549
rtibia 57.4615 -0 0
rfoot -4.32975 6.04137 1.18464
rtoes -17.6875 0 0
lowerback 2.31003 -3.07273 -4.62816
upperback 0.584132 -4.14796 1.58903
thorax -0.383783 -2.09483 4.29468
lowerneck -7.213 -10.273 -2.34609
upperneck 9.74953 -14.1271 5.73758
head 4.82924 -6.71393 1.11793
lclavicle 2.49732e-14 -5.62487e-15 -3.496e-31
lhumerus -21.1162 -41.3937 90.2591
lradius 63.465 -0 0
lwrist 25.672 0 0
lhand -16.1212 -1.51654 0.021017
lfingers 7.12502 -0 0
lthumb 10.0823 28.2013 0.0164112
rclavicle 2.49732e-14 -5.62487e-15 -3.496e-31
rhumerus 2.06749 4.55966 -72.4376
rradius 111.731 -0 0
rwrist -39.2982 0 0
rhand -27.3658 -29.2129 -0.0331329
rfingers 7.12502 -0 0
rthumb -0.77333 -59.1952 -0.0317408
622
root 5.88499 16.1445 -2.41466 8.80057 54.8529 0.487144
lfemur -19.9361 20.1937 -21.3345
ltibia 53.8075 -0 0
lfoot -20.9654 7.89823 -1.07671
ltoes -1.06347 0 0
rfemur -46.4184 -13.3108 22.0843
rtibia 57.8435 -0 0
rfoot -4.84453 5.71723 1.21636
rtoes -17.2623 0 0
lowerback 2.23252 -3.15501 -4.53945
upperback 0.527022 -4.25246 1.58603
thorax -0.398912 -2.14635 4.23996
lowerneck -7.29313 -10.1476 -2.28248
upperneck 9.57014 -13.9467 5.67456
head 4.77567 -6.63152 1.10266
lclavicle 2.49333e-14 -5.73022e-15 -3.80374e-31
lhumerus -21.0521 -42.043 90.532
lradius 63.9656 -0 0
lwrist 25.7138 0 0
lhand -16.0013 -1.46916 0.021064
lfingers 7.12502 -0 0
lthumb 10.1979 28.2427 0.016382
rclavicle 2.49333e-14 -5.73022e-15 -3.80374e-31
rhumerus 0.960584 4.03024 -72.293
rradius 110.654 -0 0
rwrist -38.9163 0 0
rhand -27.35 -29.6429 -0.0339005
rfingers 7.12502 -0 0
rthumb -0.758105 -59.6255 -0.0324666
623
root 5.8748 16.1316 -2.36741 9.11978 53.4155 0.671527
lfemur -20.0452 20.4314 -21.4578
ltibia 54.2303 -0 0
lfoot -20.4498 7.64059 -1.10442
ltoes -1.11347 0 0
rfemur -46.544 -13.4376 22.3158
rtibia 58.228 -0 0
rfoot -5.36371 5.38962 1.24536
rtoes -16.8325 0 0
lowerback 2.15422 -3.23793 -4.44974
upperback 0.469353 -4.35793 1.58303
thorax -0.414207 -2.19835 4.18463
lowerneck -7.37378 -10.0207 -2.21844
upperneck 9.38891 -13.7648 5.61042
head 4.72154 -6.54832 1.08719
lclavicle 2.48867e-14 -5.83712e-15 -4.11353e-31
lhumerus -20.9895 -42.6987 90.8072
lradius 64.4712 -0 0
lwrist 25.7562 0 0
lhand -15.8806 -1.42148 0.0210172
lfingers 7.12502 -0 0
lthumb 10.3143 28.2843 0.0162736
rclavicle 2.48867e-14 -5.83712e-15 -4.11353e-31
rhumerus -0.157711 3.49829 -72.1355
rradius 109.568 -0 0
rwrist -38.5302 0 0
rhand -27.3342 -30.077 -0.0345337
rfingers 7.12502 -0 0
rthumb -0.742848 -60.0599 -0.0330625
624
root 5.86452 16.1186 -2.31961 9.42378 51.9635 0.83848
lfemur -20.1565 20.6702 -21.5814
ltibia 54.6584 -0 0
lfoot -19.9293 7.38032 -1.13005
ltoes -1.16295 0 0
rfemur -46.6701 -13.5648 22.5491
rtibia 58.6142 -0 0
rfoot -5.88669 5.05888 1.27152
rtoes -16.3987 0 0
lowerback 2.07522 -3.3214 -4.35912
upperback 0.411175 -4.46427 1.58002
thorax -0.429664 -2.2508 4.12875
lowerneck -7.45483 -9.89274 -2.15407
upperneck 9.20601 -13.5814 5.54522
head 4.66691 -6.46439 1.07153
lclavicle 2.48334e-14 -5.94527e-15 -4.42415e-31
lhumerus -20.9285 -43.3604 91.0841
lradius 64.9811 -0 0
lwrist 25.799 0 0
lhand -15.7591 -1.37357 0.0208756
lfingers 7.12502 -0 0
lthumb 10.4315 28.3261 0.0160854
rclavicle 2.48334e-14 -5.94527e-15 -4.42415e-31
rhumerus -1.28661 2.96457 -71.965
rradius 108.473 -0 0
rwrist -38.1402 0 0
rhand -27.3184 -30.5148 -0.0350274
rfingers 7.12502 -0 0
rthumb -0.727603 -60.4979 -0.0335237
625
root 5.85416 16.1057 -2.27131 9.71393 50.4982 0.989407
lfemur -20.2702 20.9096 -21.7052
ltibia 55.0919 -0 0
lfoot -19.4041 7.11764 -1.15353
ltoes -1.21174 0 0
rfemur -46.7963 -13.692 22.7838
rtibia 59.0016 -0 0
rfoot -6.41287 4.72538 1.29474
rtoes -15.9612 0 0
lowerback 1.99558 -3.40534 -4.26767
upperback 0.352534 -4.57139 1.57697
thorax -0.445278 -2.30363 4.07233
lowerneck -7.53622 -9.7636 -2.08941
upperneck 9.02159 -13.3967 5.47901
head 4.61181 -6.3798 1.0557
lclavicle 2.47735e-14 -6.05438e-15 -4.73439e-31
lhumerus -20.8688 -44.0275 91.3622
lradius 65.4951 -0 0
lwrist 25.8422 0 0
lhand -15.637 -1.3255 0.0206387
lfingers 7.12502 -0 0
lthumb 10.5493 28.3681 0.0158173
rclavicle 2.47735e-14 -6.05438e-15 -4.73439e-31
rhumerus -2.42535 2.4298 -71.7811
rradius 107.371 -0 0
rwrist -37.7464 0 0
rhand -27.3027 -30.9558 -0.0353775
rfingers 7.12502 -0 0
rthumb -0.712417 -60.9392 -0.0338463
626
root 5.84373 16.0927 -2.22253 9.99146 49.0205 1.12557
lfemur -20.3863 21.1496 -21.8289
ltibia 55.5305 -0 0
lfoot -18.8747 6.8528 -1.17476
ltoes -1.25965 0 0
rfemur -46.9224 -13.8191 23.0198
rtibia 59.3896 -0 0
rfoot -6.94165 4.38945 1.31493
rtoes -15.5203 0 0
lowerback 1.9154 -3.48967 -4.17547
upperback 0.29348 -4.67917 1.57389
thorax -0.461045 -2.3568 4.01542
lowerneck -7.61785 -9.63345 -2.02452
upperneck 8.8358 -13.211 5.41184
head 4.55629 -6.29462 1.03971
lclavicle 2.47071e-14 -6.16416e-15 -5.04304e-31
lhumerus -20.8103 -44.6994 91.6409
lradius 66.0126 -0 0
lwrist 25.8859 0 0
lhand -15.5145 -1.27733 0.0203067
lfingers 7.12502 -0 0
lthumb 10.6675 28.4101 0.0154695
rclavicle 2.47071e-14 -6.16416e-15 -5.04304e-31
rhumerus -3.57316 1.89473 -71.5836
rradius 106.261 -0 0
rwrist -37.3493 0 0
rhand -27.2871 -31.3998 -0.0355809
rfingers 7.12502 -0 0
rthumb -0.697332 -61.3835 -0.0340273
627
root 5.83322 16.0798 -2.17329 10.2574 47.5315 1.24809
lfemur -20.5047 21.3896 -21.952
ltibia 55.9741 -0 0
lfoot -18.3415 6.58603 -1.19368
ltoes -1.3065 0 0
rfemur -47.048 -13.9461 23.2568
rtibia 59.7776 -0 0
rfoot -7.47244 4.05147 1.33202
rtoes -15.0764 0 0
lowerback 1.83475 -3.57432 -4.0826
upperback 0.234066 -4.78751 1.57076
thorax -0.476961 -2.41027 3.95806
lowerneck -7.69963 -9.50239 -1.95946
upperneck 8.64882 -13.0243 5.34377
head 4.5004 -6.20892 1.02357
lclavicle 2.46342e-14 -6.27433e-15 -5.3489e-31
lhumerus -20.753 -45.3756 91.9198
lradius 66.5333 -0 0
lwrist 25.9299 0 0
lhand -15.3916 -1.22913 0.0198802
lfingers 7.12502 -0 0
lthumb 10.786 28.4521 0.0150428
rclavicle 2.46342e-14 -6.27433e-15 -5.3489e-31
rhumerus -4.72927 1.36012 -71.3723
rradius 105.146 -0 0
rwrist -36.9492 0 0
rhand -27.2716 -31.8463 -0.0356351
rfingers 7.12502 -0 0
rthumb -0.682395 -61.8302 -0.0340645
628
root 5.82266 16.0669 -2.12361 10.5129 46.0323 1.35799
lfemur -20.6254 21.6296 -22.0745
ltibia 56.4227 -0 0
lfoot -17.8049 6.31755 -1.21023
ltoes -1.35211 0 0
rfemur -47.173 -14.0726 23.4944
rtibia 60.165 -0 0
rfoot -8.00463 3.71178 1.34595
rtoes -14.6299 0 0
lowerback 1.7537 -3.65919 -3.98914
upperback 0.174329 -4.89634 1.56756
thorax -0.493022 -2.46398 3.90027
lowerneck -7.78149 -9.37052 -1.89428
upperneck 8.46079 -12.8368 5.27486
head 4.44418 -6.12278 1.00731
lclavicle 2.45548e-14 -6.3846e-15 -5.65077e-31
lhumerus -20.6966 -46.0553 92.1982
lradius 67.0566 -0 0
lwrist 25.9742 0 0
lhand -15.2686 -1.18097 0.0193604
lfingers 7.12502 -0 0
lthumb 10.9046 28.4941 0.0145384
rclavicle 2.45548e-14 -6.3846e-15 -5.65077e-31
rhumerus -5.89293 0.826723 -71.147
rradius 104.027 -0 0
rwrist -36.5462 0 0
rhand -27.2563 -32.2949 -0.035539
rfingers 7.12502 -0 0
rthumb -0.667651 -62.2791 -0.0339567
629
root 5.81205 16.0541 -2.07352 10.7586 44.524 1.45618
lfemur -20.7484 21.8692 -22.1959
ltibia 56.876 -0 0
lfoot -17.2653 6.04762 -1.22435
ltoes -1.3963 0 0
rfemur -47.2969 -14.1987 23.7324
rtibia 60.5512 -0 0
rfoot -8.53763 3.37076 1.35666
rtoes -14.1812 0 0
lowerback 1.67232 -3.74421 -3.89517
upperback 0.114324 -5.00554 1.56428
thorax -0.509223 -2.51788 3.8421
lowerneck -7.86333 -9.23795 -1.82904
upperneck 8.27187 -12.6487 5.20517
head 4.38768 -6.03625 0.990946
lclavicle 2.44692e-14 -6.49467e-15 -5.94746e-31
lhumerus -20.641 -46.7382 92.4755
lradius 67.5822 -0 0
lwrist 26.0189 0 0
lhand -15.1456 -1.13292 0.0187489
lfingers 7.12502 -0 0
lthumb 11.0233 28.5359 0.0139578
rclavicle 2.44692e-14 -6.49467e-15 -5.94746e-31
rhumerus -7.06337 0.295296 -70.9078
rradius 102.904 -0 0
rwrist -36.1406 0 0
rhand -27.2413 -32.7453 -0.0352921
rfingers 7.12502 -0 0
rthumb -0.653143 -62.7296 -0.0337035
630
root 5.80139 16.0414 -2.02305 10.9955 43.0077 1.5435
lfemur -20.8738 22.108 -22.316
ltibia 57.334 -0 0
lfoot -16.7232 5.77646 -1.23601
ltoes -1.43888 0 0
rfemur -47.4195 -14.324 23.9705
rtibia 60.9355 -0 0
rfoot -9.07083 3.02875 1.36412
rtoes -13.7305 0 0
lowerback 1.59073 -3.8293 -3.80079
upperback 0.0540987 -5.11501 1.56091
thorax -0.525561 -2.57192 3.78357
lowerneck -7.94507 -9.10479 -1.7638
upperneck 8.08223 -12.4602 5.13475
head 4.33095 -5.94942 0.974484
lclavicle 2.43772e-14 -6.60426e-15 -6.23781e-31
lhumerus -20.5858 -47.4236 92.7511
lradius 68.1096 -0 0
lwrist 26.0639 0 0
lhand -15.0226 -1.08504 0.0180479
lfingers 7.12502 -0 0
lthumb 11.1419 28.5776 0.0133033
rclavicle 2.43772e-14 -6.60426e-15 -6.23781e-31
rhumerus -8.23982 -0.233405 -70.6543
rradius 101.779 -0 0
rwrist -35.7329 0 0
rhand -27.2266 -33.1969 -0.0348951
rfingers 7.12502 -0 0
rthumb -0.638918 -63.1816 -0.0333056
631
root 5.79069 16.0288 -1.97223 11.2241 41.4844 1.6207
lfemur -21.0014 22.3459 -22.4345
ltibia 57.7964 -0 0
lfoot -16.1788 5.50431 -1.24515
ltoes -1.47968 0 0
rfemur -47.5405 -14.4485 24.2084
rtibia 61.3174 -0 0
rfoot -9.60363 2.68613 1.36831
rtoes -13.2783 0 0
lowerback 1.50898 -3.91438 -3.70606
upperback -0.00629775 -5.22465 1.55744
thorax -0.542032 -2.62606 3.72474
lowerneck -8.02662 -8.97114 -1.69861
upperneck 7.89202 -12.2713 5.06369
head 4.27403 -5.86236 0.957946
lclavicle 2.42789e-14 -6.71307e-15 -6.52065e-31
lhumerus -20.5309 -48.1109 93.0244
lradius 68.6383 -0 0
lwrist 26.1091 0 0
lhand -14.8999 -1.0374 0.0172602
lfingers 7.12502 -0 0
lthumb 11.2602 28.619 0.0125772
rclavicle 2.42789e-14 -6.71307e-15 -6.52065e-31
rhumerus -9.42152 -0.758625 -70.3868
rradius 100.652 -0 0
rwrist -35.3232 0 0
rhand -27.2122 -33.6496 -0.0343494
rfingers 7.12502 -0 0
rthumb -0.62502 -63.6344 -0.0327645
632
root 5.77996 16.0163 -1.92106 11.4452 39.9552 1.68845
lfemur -21.1314 22.5825 -22.551
ltibia 58.2633 -0 0
lfoot -15.6328 5.23143 -1.25176
ltoes -1.51852 0 0
rfemur -47.6595 -14.572 24.4458
rtibia 61.6964 -0 0
rfoot -10.1354 2.34326 1.36922
rtoes -12.8249 0 0
lowerback 1.42715 -3.99936 -3.61109
upperback -0.0668167 -5.33437 1.55384
thorax -0.558634 -2.68024 3.66562
lowerneck -8.1079 -8.8371 -1.63352
upperneck 7.70141 -12.0822 4.99203
head 4.21698 -5.77512 0.941351
lclavicle 2.41745e-14 -6.82083e-15 -6.79484e-31
lhumerus -20.4758 -48.7997 93.2945
lradius 69.168 -0 0
lwrist 26.1546 0 0
lhand -14.7777 -0.990073 0.0163891
lfingers 7.12502 -0 0
lthumb 11.3782 28.6602 0.0117827
rclavicle 2.41745e-14 -6.82083e-15 -6.79484e-31
rhumerus -10.6077 -1.27962 -70.105
rradius 99.5248 -0 0
rwrist -34.9118 0 0
rhand -27.1982 -34.1028 -0.0336575
rfingers 7.12502 -0 0
rthumb -0.611495 -64.0879 -0.0320827
633
root 5.76922 16.004 -1.8696 11.6593 38.4212 1.74738
lfemur -21.2636 22.8176 -22.6653
ltibia 58.7343 -0 0
lfoot -15.0854 4.95804 -1.2558
ltoes -1.55521 0 0
rfemur -47.7763 -14.6944 24.6824
rtibia 62.0717 -0 0
rfoot -10.6656 2.00049 1.36686
rtoes -12.3708 0 0
lowerback 1.34534 -4.08418 -3.51594
upperback -0.127409 -5.44407 1.55012
thorax -0.575362 -2.73441 3.60626
lowerneck -8.18883 -8.70279 -1.5686
upperneck 7.51055 -11.8932 4.91985
head 4.15983 -5.68779 0.924714
lclavicle 2.40639e-14 -6.92724e-15 -7.05924e-31
lhumerus -20.4203 -49.4892 93.5609
lradius 69.6981 -0 0
lwrist 26.2003 0 0
lhand -14.6559 -0.943124 0.0154383
lfingers 7.12502 -0 0
lthumb 11.4956 28.701 0.0109231
rclavicle 2.40639e-14 -6.92724e-15 -7.05924e-31
rhumerus -11.7975 -1.79563 -69.8091
rradius 98.3986 -0 0
rwrist -34.499 0 0
rhand -27.1846 -34.5562 -0.0328228
rfingers 7.12502 -0 0
rthumb -0.598387 -64.5415 -0.0312635
634
root 5.75845 15.9919 -1.81785 11.867 36.8833 1.79806
lfemur -21.3981 23.0509 -22.7772
ltibia 59.2095 -0 0
lfoot -14.537 4.68438 -1.25726
ltoes -1.58957 0 0
rfemur -47.8905 -14.8156 24.9178
rtibia 62.4427 -0 0
rfoot -11.1936 1.65819 1.36124
rtoes -11.9162 0 0
lowerback 1.26361 -4.16876 -3.42071
upperback -0.188027 -5.55364 1.54624
thorax -0.592214 -2.78854 3.54669
lowerneck -8.26933 -8.56832 -1.50388
upperneck 7.3196 -11.7043 4.84722
head 4.10263 -5.60043 0.908054
lclavicle 2.39473e-14 -7.032e-15 -7.31274e-31
lhumerus -20.3639 -50.1789 93.8227
lradius 70.2282 -0 0
lwrist 26.2462 0 0
lhand -14.5349 -0.89662 0.0144122
lfingers 7.12502 -0 0
lthumb 11.6123 28.7414 0.0100023
rclavicle 2.39473e-14 -7.032e-15 -7.31274e-31
rhumerus -12.9902 -2.30595 -69.4991
rradius 97.2742 -0 0
rwrist -34.0852 0 0
rhand -27.1715 -35.0093 -0.0318497
rfingers 7.12502 -0 0
rthumb -0.585741 -64.9948 -0.030311
635
root 5.74769 15.9799 -1.76584 12.0688 35.3428 1.84101
lfemur -21.5347 23.2821 -22.8861
ltibia 59.6887 -0 0
lfoot -13.9882 4.41071 -1.25615
ltoes -1.62142 0 0
rfemur -48.0019 -14.9354 25.1519
rtibia 62.809 -0 0
rfoot -11.7187 1.31672 1.35239
rtoes -11.4615 0 0
lowerback 1.18206 -4.25301 -3.32548
upperback -0.24862 -5.66298 1.5422
thorax -0.609187 -2.84256 3.48694
lowerneck -8.34931 -8.43378 -1.43943
upperneck 7.12873 -11.5157 4.77421
head 4.04543 -5.51311 0.891388
lclavicle 2.38247e-14 -7.13484e-15 -7.55426e-31
lhumerus -20.3062 -50.8683 94.0791
lradius 70.7579 -0 0
lwrist 26.2923 0 0
lhand -14.4147 -0.850629 0.0133155
lfingers 7.12502 -0 0
lthumb 11.7283 28.7813 0.0090246
rclavicle 2.38247e-14 -7.13484e-15 -7.55426e-31
rhumerus -14.185 -2.80984 -69.1752
rradius 96.1527 -0 0
rwrist -33.6705 0 0
rhand -27.1589 -35.4619 -0.0307433
rfingers 7.12502 -0 0
rthumb -0.573602 -65.4476 -0.0292305
636
root 5.73692 15.9682 -1.7136 12.2649 33.8006 1.87669
lfemur -21.6735 23.5109 -22.992
ltibia 60.1717 -0 0
lfoot -13.4393 4.13726 -1.25245
ltoes -1.65058 0 0
rfemur -48.1101 -15.0536 25.3843
rtibia 63.1698 -0 0
rfoot -12.2405 0.976436 1.34036
rtoes -11.0071 0 0
lowerback 1.10077 -4.33687 -3.23034
upperback -0.309141 -5.77201 1.53798
thorax -0.626278 -2.89642 3.42706
lowerneck -8.42869 -8.29929 -1.37529
upperneck 6.9381 -11.3276 4.70089
head 3.98828 -5.4259 0.874737
lclavicle 2.36962e-14 -7.23547e-15 -7.7827e-31
lhumerus -20.2467 -51.5569 94.3293
lradius 71.2867 -0 0
lwrist 26.3385 0 0
lhand -14.2954 -0.805218 0.0121536
lfingers 7.12502 -0 0
lthumb 11.8433 28.8207 0.00799475
rclavicle 2.36962e-14 -7.23547e-15 -7.7827e-31
rhumerus -15.381 -3.30659 -68.8374
rradius 95.0352 -0 0
rwrist -33.2553 0 0
rhand -27.1469 -35.9134 -0.0295098
rfingers 7.12502 -0 0
rthumb -0.562016 -65.8993 -0.0280278
637
root 5.72616 15.9568 -1.66115 12.4559 32.2578 1.90555
lfemur -21.8145 23.7371 -23.0944
ltibia 60.6584 -0 0
lfoot -12.8907 3.86426 -1.24619
ltoes -1.67687 0 0
rfemur -48.2148 -15.1703 25.6147
rtibia 63.5247 -0 0
rfoot -12.7582 0.637703 1.32522
rtoes -10.5533 0 0
lowerback 1.01981 -4.42025 -3.13536
upperback -0.369539 -5.88061 1.53356
thorax -0.643484 -2.95009 3.36707
lowerneck -8.50739 -8.16496 -1.31151
upperneck 6.74786 -11.1401 4.62734
head 3.93122 -5.33888 0.858117
lclavicle 2.35617e-14 -7.33359e-15 -7.99702e-31
lhumerus -20.1848 -52.2439 94.5722
lradius 71.8143 -0 0
lwrist 26.3848 0 0
lhand -14.1773 -0.760455 0.0109322
lfingers 7.12502 -0 0
lthumb 11.9572 28.8594 0.00691784
rclavicle 2.35617e-14 -7.33359e-15 -7.99702e-31
rhumerus -16.5774 -3.79552 -68.486
rradius 93.9226 -0 0
rwrist -32.8399 0 0
rhand -27.1356 -36.3636 -0.0281561
rfingers 7.12502 -0 0
rthumb -0.551026 -66.3497 -0.0267098
638
root 5.71542 15.9456 -1.60852 12.6421 30.7154 1.92799
lfemur -21.9575 23.9604 -23.193
ltibia 61.1487 -0 0
lfoot -12.3428 3.59197 -1.23738
ltoes -1.7001 0 0
rfemur -48.3157 -15.2851 25.8428
rtibia 63.8729 -0 0
rfoot -13.2713 0.300877 1.30702
rtoes -10.1005 0 0
lowerback 0.939286 -4.50308 -3.04065
upperback -0.429765 -5.98869 1.52892
thorax -0.660803 -3.0035 3.30702
lowerneck -8.58533 -8.0309 -1.24815
upperneck 6.55819 -10.9534 4.55363
head 3.8743 -5.2521 0.841548
lclavicle 2.34215e-14 -7.42891e-15 -8.1962e-31
lhumerus -20.1199 -52.929 94.8071
lradius 72.3401 -0 0
lwrist 26.4312 0 0
lhand -14.0604 -0.716408 0.0096576
lfingers 7.12502 -0 0
lthumb 12.0699 28.8975 0.00579939
rclavicle 2.34215e-14 -7.42891e-15 -8.1962e-31
rhumerus -17.7733 -4.27595 -68.1213
rradius 92.8162 -0 0
rwrist -32.4245 0 0
rhand -27.1249 -36.812 -0.02669
rfingers 7.12502 -0 0
rthumb -0.540678 -66.7982 -0.025284
639
root 5.7047 15.9347 -1.55573 12.8238 29.1745 1.94438
lfemur -22.1026 24.1805 -23.2875
ltibia 61.6425 -0 0
lfoot -11.7961 3.32063 -1.22604
ltoes -1.72011 0 0
rfemur -48.4124 -15.3981 26.0682
rtibia 64.2139 -0 0
rfoot -13.7792 -0.0336893 1.28585
rtoes -9.64917 0 0
lowerback 0.859269 -4.58529 -2.94629
upperback -0.489767 -6.09614 1.52405
thorax -0.678233 -3.05661 3.24693
lowerneck -8.66243 -7.89721 -1.18525
upperneck 6.36924 -10.7675 4.47986
head 3.81757 -5.16564 0.825049
lclavicle 2.32754e-14 -7.52115e-15 -8.37922e-31
lhumerus -20.0513 -53.6114 95.0328
lradius 72.8637 -0 0
lwrist 26.4777 0 0
lhand -13.945 -0.673143 0.00833643
lfingers 7.12502 -0 0
lthumb 12.1813 28.9349 0.00464531
rclavicle 2.32754e-14 -7.52115e-15 -8.37922e-31
rhumerus -18.9679 -4.74722 -67.7434
rradius 91.7169 -0 0
rwrist -32.0094 0 0
rhand -27.1148 -37.2582 -0.0251202
rfingers 7.12502 -0 0
rthumb -0.531016 -67.2446 -0.0237589
640
root 5.69402 15.9241 -1.50281 13.0012 27.6362 1.95507
lfemur -22.2496 24.3972 -23.3776
ltibia 62.1395 -0 0
lfoot -11.2509 3.05046 -1.21222
ltoes -1.73669 0 0
rfemur -48.5046 -15.5091 26.2907
rtibia 64.5471 -0 0
rfoot -14.2813 -0.365641 1.26182
rtoes -9.19953 0 0
lowerback 0.779848 -4.66679 -2.85236
upperback -0.549502 -6.20288 1.51894
thorax -0.695772 -3.10937 3.18685
lowerneck -8.73861 -7.76401 -1.12286
upperneck 6.18118 -10.5828 4.40609
head 3.76108 -5.07957 0.80864
lclavicle 2.31237e-14 -7.61001e-15 -8.54511e-31
lhumerus -19.9783 -54.2908 95.2482
lradius 73.3846 -0 0
lwrist 26.5242 0 0
lhand -13.8311 -0.630727 0.00697584
lfingers 7.12502 -0 0
lthumb 12.2911 28.9716 0.00346186
rclavicle 2.31237e-14 -7.61001e-15 -8.54511e-31
rhumerus -20.1602 -5.2087 -67.3526
rradius 90.6258 -0 0
rwrist -31.5949 0 0
rhand -27.1056 -37.7019 -0.023456
rfingers 7.12502 -0 0
rthumb -0.522085 -67.6884 -0.0221434
641
root 5.68337 15.9139 -1.44979 13.1747 26.1015 1.96038
lfemur -22.3986 24.6101 -23.4629
ltibia 62.6398 -0 0
lfoot -10.7077 2.78172 -1.19596
ltoes -1.74968 0 0
rfemur -48.592 -15.6179 26.5099
rtibia 64.8718 -0 0
rfoot -14.777 -0.694628 1.23502
rtoes -8.75199 0 0
lowerback 0.701108 -4.74753 -2.75895
upperback -0.608917 -6.3088 1.51356
thorax -0.713418 -3.16173 3.1268
lowerneck -8.8138 -7.63139 -1.06102
upperneck 5.99417 -10.3992 4.33241
head 3.70486 -4.99397 0.79234
lclavicle 2.29663e-14 -7.69522e-15 -8.69292e-31
lhumerus -19.8999 -54.9663 95.4522
lradius 73.9025 -0 0
lwrist 26.5708 0 0
lhand -13.7189 -0.58923 0.00558338
lfingers 7.12502 -0 0
lthumb 12.3994 29.0073 0.00225566
rclavicle 2.29663e-14 -7.69522e-15 -8.69292e-31
rhumerus -21.3493 -5.65979 -66.9494
rradius 89.5439 -0 0
rwrist -31.1814 0 0
rhand -27.0971 -38.1426 -0.0217076
rfingers 7.12502 -0 0
rthumb -0.513928 -68.1292 -0.0204475
642
root 5.67277 15.904 -1.39668 13.3444 24.5714 1.9606
lfemur -22.5494 24.8191 -23.5431
ltibia 63.143 -0 0
lfoot -10.1669 2.51463 -1.17731
ltoes -1.7589 0 0
rfemur -48.6743 -15.7245 26.7255
rtibia 65.1876 -0 0
rfoot -15.2656 -1.0203 1.20559
rtoes -8.30692 0 0
lowerback 0.623137 -4.82741 -2.66616
upperback -0.667963 -6.41381 1.50789
thorax -0.731169 -3.21364 3.06683
lowerneck -8.88792 -7.49947 -0.999784
upperneck 5.80838 -10.217 4.2589
head 3.64898 -4.90888 0.776169
lclavicle 2.28033e-14 -7.77647e-15 -8.82172e-31
lhumerus -19.8155 -55.6376 95.6435
lradius 74.4169 -0 0
lwrist 26.6173 0 0
lhand -13.6085 -0.548717 0.00416698
lfingers 7.12502 -0 0
lthumb 12.5058 29.0422 0.00103367
rclavicle 2.28033e-14 -7.77647e-15 -8.82172e-31
rhumerus -22.5343 -6.0999 -66.534
rradius 88.4724 -0 0
rwrist -30.769 0 0
rhand -27.0895 -38.5799 -0.0198857
rfingers 7.12502 -0 0
rthumb -0.50659 -68.5667 -0.0186816
643
root 5.66223 15.8945 -1.34352 13.5106 23.0471 1.95603
lfemur -22.7021 25.0238 -23.6179
ltibia 63.6492 -0 0
lfoot -9.62888 2.24944 -1.15632
ltoes -1.76415 0 0
rfemur -48.751 -15.8288 26.9373
rtibia 65.4937 -0 0
rfoot -15.7467 -1.34232 1.17364
rtoes -7.86468 0 0
lowerback 0.546002 -4.9064 -2.57405
upperback -0.72659 -6.51779 1.50192
thorax -0.749024 -3.26505 3.00697
lowerneck -8.96088 -7.36838 -0.939203
upperneck 5.62398 -10.0362 4.18566
head 3.59347 -4.8244 0.760148
lclavicle 2.26348e-14 -7.85348e-15 -8.93061e-31
lhumerus -19.7238 -56.3041 95.8208
lradius 74.9273 -0 0
lwrist 26.6638 0 0
lhand -13.5001 -0.509257 0.00273494
lfingers 7.12502 -0 0
lthumb 12.6104 29.0761 -0.000196852
rclavicle 2.26348e-14 -7.85348e-15 -8.93061e-31
rhumerus -23.7141 -6.52849 -66.1069
rradius 87.4123 -0 0
rwrist -30.3581 0 0
rhand -27.0828 -39.0136 -0.0180018
rfingers 7.12502 -0 0
rthumb -0.500116 -69.0004 -0.016857
644
root 5.65175 15.8854 -1.29032 13.6734 21.5295 1.94692
lfemur -22.8564 25.2241 -23.687
ltibia 64.1582 -0 0
lfoot -9.09407 1.98638 -1.13307
ltoes -1.76526 0 0
rfemur -48.822 -15.9307 27.1448
rtibia 65.7896 -0 0
rfoot -16.2196 -1.66033 1.13932
rtoes -7.42563 0 0
lowerback 0.469827 -4.98437 -2.48275
upperback -0.784749 -6.62066 1.49562
thorax -0.766981 -3.31591 2.94724
lowerneck -9.03261 -7.23821 -0.879316
upperneck 5.44112 -9.85714 4.11277
head 3.53838 -4.74058 0.744296
lclavicle 2.24609e-14 -7.92597e-15 -9.01873e-31
lhumerus -19.6239 -56.9651 95.9827
lradius 75.4333 -0 0
lwrist 26.7102 0 0
lhand -13.3938 -0.470915 0.00129593
lfingers 7.12502 -0 0
lthumb 12.7129 29.109 -0.00142835
rclavicle 2.24609e-14 -7.92597e-15 -9.01873e-31
rhumerus -24.8877 -6.94502 -65.6685
rradius 86.3646 -0 0
rwrist -29.9489 0 0
rhand -27.0771 -39.4431 -0.0160681
rfingers 7.12502 -0 0
rthumb -0.494549 -69.43 -0.0149852
645
root 5.64133 15.8767 -1.23712 13.833 20.0198 1.93353
lfemur -23.0125 25.4196 -23.7499
ltibia 64.6699 -0 0
lfoot -8.56286 1.72568 -1.10763
ltoes -1.76205 0 0
rfemur -48.8867 -16.03 27.3478
rtibia 66.0747 -0 0
rfoot -16.6837 -1.97401 1.10279
rtoes -6.99014 0 0
lowerback 0.394683 -5.06129 -2.39233
upperback -0.84239 -6.72232 1.48898
thorax -0.785039 -3.36617 2.8877
lowerneck -9.10303 -7.10907 -0.82017
upperneck 5.25998 -9.67985 4.04032
head 3.48377 -4.6575 0.728636
lclavicle 2.22815e-14 -7.99363e-15 -9.08526e-31
lhumerus -19.5147 -57.6201 96.1277
lradius 75.9344 -0 0
lwrist 26.7565 0 0
lhand -13.2897 -0.433761 -0.000141078
lfingers 7.12502 -0 0
lthumb 12.8133 29.1409 -0.00265299
rclavicle 2.22815e-14 -7.99363e-15 -9.08526e-31
rhumerus -26.0542 -7.34901 -65.2193
rradius 85.3304 -0 0
rwrist -29.5418 0 0
rhand -27.0723 -39.8681 -0.0140972
rfingers 7.12502 -0 0
rthumb -0.489932 -69.855 -0.0130787
646
root 5.631 15.8685 -1.18394 13.9895 18.5188 1.91609
lfemur -23.1701 25.6101 -23.8063
ltibia 65.184 -0 0
lfoot -8.03567 1.46758 -1.08008
ltoes -1.75434 0 0
rfemur -48.945 -16.1266 27.5459
rtibia 66.3484 -0 0
rfoot -17.1384 -2.28301 1.06421
rtoes -6.55857 0 0
lowerback 0.320658 -5.13706 -2.30288
upperback -0.899462 -6.82266 1.48198
thorax -0.803197 -3.41578 2.82837
lowerneck -9.17207 -6.98108 -0.761807
upperneck 5.08072 -9.50448 3.9684
head 3.42967 -4.57522 0.713187
lclavicle 2.20968e-14 -8.05619e-15 -9.12939e-31
lhumerus -19.3947 -58.2686 96.2542
lradius 76.4302 -0 0
lwrist 26.8028 0 0
lhand -13.1881 -0.39786 -0.00156682
lfingers 7.12502 -0 0
lthumb 12.9113 29.1715 -0.0038627
rclavicle 2.20968e-14 -8.05619e-15 -9.12939e-31
rhumerus -27.2125 -7.73999 -64.7598
rradius 84.3108 -0 0
rwrist -29.137 0 0
rhand -27.0685 -40.2882 -0.0121023
rfingers 7.12502 -0 0
rthumb -0.48631 -70.2752 -0.0111502
647
root 5.62075 15.8607 -1.1308 14.143 17.0278 1.89484
lfemur -23.3292 25.7953 -23.856
ltibia 65.7006 -0 0
lfoot -7.51292 1.21231 -1.05052
ltoes -1.74194 0 0
rfemur -48.9965 -16.2205 27.7389
rtibia 66.61 -0 0
rfoot -17.5831 -2.58701 1.02374
rtoes -6.13128 0 0
lowerback 0.247841 -5.21163 -2.2145
upperback -0.955917 -6.92159 1.4746
thorax -0.821454 -3.46469 2.76929
lowerneck -9.23965 -6.85434 -0.704272
upperneck 4.90351 -9.33119 3.89711
head 3.37614 -4.49381 0.697971
lclavicle 2.19068e-14 -8.11336e-15 -9.15035e-31
lhumerus -19.2627 -58.9099 96.3606
lradius 76.9204 -0 0
lwrist 26.8488 0 0
lhand -13.089 -0.36328 -0.00297175
lfingers 7.12502 -0 0
lthumb 13.0068 29.201 -0.0050492
rclavicle 2.19068e-14 -8.11336e-15 -9.15035e-31
rhumerus -28.3614 -8.11756 -64.2905
rradius 83.3068 -0 0
rwrist -28.7347 0 0
rhand -27.0659 -40.703 -0.010097
rfingers 7.12502 -0 0
rthumb -0.483726 -70.69 -0.00921287
648
root 5.61059 15.8535 -1.07774 14.2937 15.5477 1.87
lfemur -23.4898 25.9751 -23.8985
ltibia 66.2194 -0 0
lfoot -6.99499 0.960082 -1.01903
ltoes -1.72467 0 0
rfemur -49.0407 -16.3115 27.9263
rtibia 66.8591 -0 0
rfoot -18.0174 -2.88566 0.981574
rtoes -5.70864 0 0
lowerback 0.176322 -5.28492 -2.12727
upperback -1.0117 -7.01901 1.46682
thorax -0.839809 -3.51286 2.71049
lowerneck -9.30569 -6.72898 -0.647607
upperneck 4.72852 -9.16011 3.82655
head 3.32322 -4.41335 0.683009
lclavicle 2.17116e-14 -8.16483e-15 -9.14742e-31
lhumerus -19.1173 -59.5434 96.4449
lradius 77.4043 -0 0
lwrist 26.8947 0 0
lhand -12.9926 -0.330089 -0.00434611
lfingers 7.12502 -0 0
lthumb 13.0998 29.2292 -0.00620398
rclavicle 2.17116e-14 -8.16483e-15 -9.14742e-31
rhumerus -29.4999 -8.48131 -63.812
rradius 82.3195 -0 0
rwrist -28.3354 0 0
rhand -27.0643 -41.1121 -0.00809536
rfingers 7.12502 -0 0
rthumb -0.482224 -71.0991 -0.00728035
649
root 5.60053 15.8467 -1.02476 14.4415 14.0796 1.84178
lfemur -23.6517 26.1491 -23.9335
ltibia 66.7403 -0 0
lfoot -6.48231 0.711137 -0.985725
ltoes -1.70236 0 0
rfemur -49.0774 -16.3996 28.1079
rtibia 67.0949 -0 0
rfoot -18.4405 -3.17866 0.937896
rtoes -5.29101 0 0
lowerback 0.106189 -5.35686 -2.0413
upperback -1.06677 -7.11482 1.45861
thorax -0.858261 -3.56023 2.65201
lowerneck -9.37013 -6.60509 -0.591855
upperneck 4.55592 -8.99138 3.7568
head 3.27097 -4.3339 0.668324
lclavicle 2.15112e-14 -8.21034e-15 -9.11989e-31
lhumerus -18.9567 -60.1686 96.5054
lradius 77.8816 -0 0
lwrist 26.9404 0 0
lhand -12.8991 -0.298353 -0.00567991
lfingers 7.12502 -0 0
lthumb 13.19 29.2561 -0.00731841
rclavicle 2.15112e-14 -8.21034e-15 -9.11989e-31
rhumerus -30.6269 -8.83091 -63.3248
rradius 81.3499 -0 0
rwrist -27.9393 0 0
rhand -27.0639 -41.5152 -0.00611172
rfingers 7.12502 -0 0
rthumb -0.481845 -71.5022 -0.00536658
650
root 5.59058 15.8405 -0.971911 14.5866 12.6246 1.81039
lfemur -23.8149 26.3171 -23.9605
ltibia 67.2632 -0 0
lfoot -5.97526 0.465693 -0.950711
ltoes -1.67482 0 0
rfemur -49.1062 -16.4845 28.2833
rtibia 67.3169 -0 0
rfoot -18.8519 -3.46568 0.892904
rtoes -4.87876 0 0
lowerback 0.0375338 -5.42738 -1.95665
upperback -1.12107 -7.20892 1.44995
thorax -0.876811 -3.60675 2.59389
lowerneck -9.43288 -6.4828 -0.537058
upperneck 4.38588 -8.82515 3.68797
head 3.21942 -4.25552 0.653937
lclavicle 2.13057e-14 -8.24958e-15 -9.06713e-31
lhumerus -18.7794 -60.7849 96.5399
lradius 78.3518 -0 0
lwrist 26.9859 0 0
lhand -12.8085 -0.268139 -0.00696302
lfingers 7.12502 -0 0
lthumb 13.2774 29.2816 -0.00838368
rclavicle 2.13057e-14 -8.24958e-15 -9.06713e-31
rhumerus -31.7411 -9.16605 -62.8296
rradius 80.3992 -0 0
rwrist -27.5466 0 0
rhand -27.0647 -41.9118 -0.00416076
rfingers 7.12502 -0 0
rthumb -0.482634 -71.8987 -0.00348575
651
root 5.58075 15.8348 -0.919203 14.729 11.1836 1.77603
lfemur -23.9793 26.4788 -23.9794
ltibia 67.7879 -0 0
lfoot -5.47426 0.223973 -0.914104
ltoes -1.64188 0 0
rfemur -49.1268 -16.5664 28.4523
rtibia 67.5245 -0 0
rfoot -19.251 -3.74639 0.846801
rtoes -4.47224 0 0
lowerback -0.029554 -5.49641 -1.87345
upperback -1.17456 -7.30121 1.44083
thorax -0.895457 -3.65237 2.53615
lowerneck -9.49387 -6.36221 -0.483258
upperneck 4.21858 -8.66155 3.62015
head 3.16863 -4.1783 0.63987
lclavicle 2.10951e-14 -8.28227e-15 -8.9885e-31
lhumerus -18.5834 -61.3915 96.5463
lradius 78.8146 -0 0
lwrist 27.0312 0 0
lhand -12.7211 -0.239515 -0.00818516
lfingers 7.12502 -0 0
lthumb 13.3618 29.3057 -0.00939091
rclavicle 2.10951e-14 -8.28227e-15 -8.9885e-31
rhumerus -32.8415 -9.48644 -62.327
rradius 79.4683 -0 0
rwrist -27.1576 0 0
rhand -27.0668 -42.3015 -0.00225736
rfingers 7.12502 -0 0
rthumb -0.484633 -72.2884 -0.00165228
652
root 5.57104 15.8297 -0.866666 14.8688 9.75766 1.73891
lfemur -24.1448 26.6341 -23.9896
ltibia 68.3144 -0 0
lfoot -4.97971 -0.0138044 -0.876027
ltoes -1.60334 0 0
rfemur -49.1388 -16.6449 28.6145
rtibia 67.717 -0 0
rfoot -19.6373 -4.02048 0.799795
rtoes -4.07183 0 0
lowerback -0.0949833 -5.56389 -1.79176
upperback -1.22717 -7.39159 1.43122
thorax -0.9142 -3.69704 2.47883
lowerneck -9.55306 -6.24338 -0.430474
upperneck 4.05417 -8.50072 3.55346
head 3.11865 -4.10229 0.626145
lclavicle 2.08796e-14 -8.30811e-15 -8.88342e-31
lhumerus -18.367 -61.988 96.5224
lradius 79.2694 -0 0
lwrist 27.0762 0 0
lhand -12.6369 -0.212547 -0.00933595
lfingers 7.12502 -0 0
lthumb 13.443 29.3283 -0.0103311
rclavicle 2.08796e-14 -8.30811e-15 -8.88342e-31
rhumerus -33.9267 -9.79188 -61.8175
rradius 78.5584 -0 0
rwrist -26.7727 0 0
rhand -27.0702 -42.684 -0.000416524
rfingers 7.12502 -0 0
rthumb -0.487886 -72.6708 0.000119296
653
root 5.56146 15.8252 -0.814324 15.0058 8.34791 1.69922
lfemur -24.3114 26.7826 -23.9909
ltibia 68.8425 -0 0
lfoot -4.492 -0.247424 -0.836607
ltoes -1.55902 0 0
rfemur -49.1419 -16.7201 28.7695
rtibia 67.894 -0 0
rfoot -20.0102 -4.28765 0.752104
rtoes -3.67788 0 0
lowerback -0.158663 -5.62974 -1.71169
upperback -1.27887 -7.47996 1.4211
thorax -0.93304 -3.74072 2.42197
lowerneck -9.61031 -6.12653 -0.37879
upperneck 3.89283 -8.34279 3.48799
head 3.06952 -4.02756 0.612785
lclavicle 2.06591e-14 -8.32683e-15 -8.75136e-31
lhumerus -18.1279 -62.5735 96.4659
lradius 79.7157 -0 0
lwrist 27.1208 0 0
lhand -12.5561 -0.187303 -0.010405
lfingers 7.12502 -0 0
lthumb 13.5209 29.3493 -0.0111953
rclavicle 2.06591e-14 -8.32683e-15 -8.75136e-31
rhumerus -34.9956 -10.0822 -61.302
rradius 77.6705 -0 0
rwrist -26.3921 0 0
rhand -27.0749 -43.0589 0.00134666
rfingers 7.12502 -0 0
rthumb -0.492433 -73.0455 0.00181436
654
root 5.55202 15.8214 -0.762202 15.1402 6.95536 1.65716
lfemur -24.4789 26.9242 -23.9828
ltibia 69.3721 -0 0
lfoot -4.01154 -0.476671 -0.795977
ltoes -1.50876 0 0
rfemur -49.1357 -16.7918 28.917
rtibia 68.0547 -0 0
rfoot -20.3691 -4.54759 0.703945
rtoes -3.29076 0 0
lowerback -0.220501 -5.69389 -1.63334
upperback -1.32959 -7.56624 1.41045
thorax -0.951976 -3.78335 2.36561
lowerneck -9.66559 -6.01172 -0.328225
upperneck 3.73474 -8.18791 3.42384
head 3.0213 -3.95421 0.599816
lclavicle 2.04337e-14 -8.33813e-15 -8.59182e-31
lhumerus -17.8642 -63.1475 96.3741
lradius 80.1533 -0 0
lwrist 27.1652 0 0
lhand -12.4788 -0.16385 -0.0113818
lfingers 7.12502 -0 0
lthumb 13.5954 29.3687 -0.0119745
rclavicle 2.04337e-14 -8.33813e-15 -8.59182e-31
rhumerus -36.0468 -10.3571 -60.7811
rradius 76.8056 -0 0
rwrist -26.0161 0 0
rhand -27.081 -43.4257 0.0030171
rfingers 7.12502 -0 0
rthumb -0.498319 -73.4122 0.0034183
655
root 5.54273 15.8181 -0.710326 15.2718 5.58103 1.61293
lfemur -24.6472 27.0585 -23.965
ltibia 69.9029 -0 0
lfoot -3.53871 -0.701335 -0.754278
ltoes -1.45236 0 0
rfemur -49.1199 -16.8599 29.0568
rtibia 68.1987 -0 0
rfoot -20.7134 -4.79998 0.655544
rtoes -2.91083 0 0
lowerback -0.280407 -5.75629 -1.55678
upperback -1.3793 -7.6503 1.39925
thorax -0.971009 -3.82489 2.30977
lowerneck -9.71881 -5.89907 -0.278819
upperneck 3.58007 -8.03621 3.36112
head 2.97402 -3.88226 0.587255
lclavicle 2.02036e-14 -8.34172e-15 -8.40434e-31
lhumerus -17.5734 -63.7092 96.2446
lradius 80.5816 -0 0
lwrist 27.2092 0 0
lhand -12.4053 -0.142254 -0.0122559
lfingers 7.12502 -0 0
lthumb 13.6663 29.3864 -0.0126597
rclavicle 2.02036e-14 -8.34172e-15 -8.40434e-31
rhumerus -37.0793 -10.6167 -60.2554
rradius 75.9649 -0 0
rwrist -25.645 0 0
rhand -27.0885 -43.7841 0.0045798
rfingers 7.12502 -0 0
rthumb -0.505585 -73.7705 0.0049166
656
root 5.53358 15.8156 -0.658721 15.4007 4.22595 1.56673
lfemur -24.8163 27.1855 -23.9371
ltibia 70.435 -0 0
lfoot -3.07393 -0.921207 -0.71165
ltoes -1.38964 0 0
rfemur -49.0941 -16.9243 29.1884
rtibia 68.3251 -0 0
rfoot -21.0426 -5.04453 0.607128
rtoes -2.53846 0 0
lowerback -0.338287 -5.81685 -1.48213
upperback -1.42794 -7.73207 1.38746
thorax -0.990139 -3.86527 2.25449
lowerneck -9.76991 -5.78868 -0.230612
upperneck 3.42899 -7.88783 3.29993
head 2.92774 -3.81181 0.575128
lclavicle 1.99687e-14 -8.33731e-15 -8.18851e-31
lhumerus -17.2532 -64.258 96.0745
lradius 81.0001 -0 0
lwrist 27.2528 0 0
lhand -12.3355 -0.122582 -0.0130171
lfingers 7.12502 -0 0
lthumb 13.7336 29.4023 -0.013242
rclavicle 1.99687e-14 -8.33731e-15 -8.18851e-31
rhumerus -38.0916 -10.8608 -59.7256
rradius 75.1493 -0 0
rwrist -25.2791 0 0
rhand -27.0975 -44.1338 0.00601992
rfingers 7.12502 -0 0
rthumb -0.514274 -74.1199 0.00629488
657
root 5.5246 15.8137 -0.607412 15.5267 2.89118 1.51878
lfemur -24.9862 27.3048 -23.8987
ltibia 70.9681 -0 0
lfoot -2.61757 -1.13608 -0.668243
ltoes -1.32042 0 0
rfemur -49.0581 -16.9849 29.3117
rtibia 68.4336 -0 0
rfoot -21.3561 -5.28093 0.558926
rtoes -2.17402 0 0
lowerback -0.394051 -5.87551 -1.40947
upperback -1.47546 -7.81143 1.37508
thorax -1.00937 -3.90446 2.19982
lowerneck -9.81881 -5.68066 -0.183643
upperneck 3.28168 -7.74289 3.24039
head 2.8825 -3.74291 0.563458
lclavicle 1.97291e-14 -8.32461e-15 -7.94395e-31
lhumerus -16.9012 -64.7929 95.8612
lradius 81.4085 -0 0
lwrist 27.2961 0 0
lhand -12.2698 -0.104903 -0.0136551
lfingers 7.12502 -0 0
lthumb 13.797 29.4165 -0.0137125
rclavicle 1.97291e-14 -8.32461e-15 -7.94395e-31
rhumerus -39.0824 -11.0895 -59.1925
rradius 74.36 -0 0
rwrist -24.9186 0 0
rhand -27.108 -44.4742 0.00732286
rfingers 7.12502 -0 0
rthumb -0.524427 -74.4601 0.00753902
658
root 5.51579 15.8126 -0.556424 15.6499 1.57773 1.46926
lfemur -25.1566 27.4161 -23.8495
ltibia 71.5022 -0 0
lfoot -2.17004 -1.34575 -0.624209
ltoes -1.24453 0 0
rfemur -49.0113 -17.0416 29.4261
rtibia 68.5234 -0 0
rfoot -21.6534 -5.50889 0.51117
rtoes -1.81785 0 0
lowerback -0.447604 -5.93221 -1.33889
upperback -1.52181 -7.88829 1.36208
thorax -1.02869 -3.9424 2.14577
lowerneck -9.86544 -5.57513 -0.137952
upperneck 3.1383 -7.60154 3.18259
head 2.83836 -3.67564 0.552267
lclavicle 1.94849e-14 -8.30334e-15 -7.67033e-31
lhumerus -16.5149 -65.3133 95.6017
lradius 81.8063 -0 0
lwrist 27.3389 0 0
lhand -12.2082 -0.089282 -0.0141598
lfingers 7.12502 -0 0
lthumb 13.8564 29.4288 -0.0140627
rclavicle 1.94849e-14 -8.30334e-15 -7.67033e-31
rhumerus -40.0505 -11.3026 -58.6567
rradius 73.598 -0 0
rwrist -24.5638 0 0
rhand -27.1201 -44.805 0.00847435
rfingers 7.12502 -0 0
rthumb -0.536086 -74.7907 0.00863521
659
root 5.50716 15.8122 -0.505782 15.77 0.286653 1.41841
lfemur -25.3276 27.5194 -23.7891
ltibia 72.037 -0 0
lfoot -1.73173 -1.55002 -0.579703
ltoes -1.16178 0 0
rfemur -48.9536 -17.0942 29.5316
rtibia 68.594 -0 0
rfoot -21.9339 -5.72812 0.464092
rtoes -1.47033 0 0
lowerback -0.498856 -5.98688 -1.27049
upperback -1.56695 -7.96256 1.34843
thorax -1.04811 -3.97905 2.09239
lowerneck -9.90972 -5.47221 -0.0935771
upperneck 2.99905 -7.4639 3.12666
head 2.79535 -3.61007 0.541581
lclavicle 1.92361e-14 -8.27321e-15 -7.36739e-31
lhumerus -16.0915 -65.8183 95.293
lradius 82.193 -0 0
lwrist 27.3812 0 0
lhand -12.1508 -0.0757868 -0.0145213
lfingers 7.12502 -0 0
lthumb 13.9117 29.4391 -0.0142842
rclavicle 1.92361e-14 -8.27321e-15 -7.36739e-31
rhumerus -40.9946 -11.5003 -58.1189
rradius 72.8643 -0 0
rwrist -24.2151 0 0
rhand -27.1337 -45.1259 0.00946055
rfingers 7.12502 -0 0
rthumb -0.549294 -75.1113 0.00957005
660
root 5.49871 15.8125 -0.455512 15.8871 -0.981033 1.36643
lfemur -25.499 27.6144 -23.7171
ltibia 72.5726 -0 0
lfoot -1.30302 -1.74868 -0.534884
ltoes -1.07202 0 0
rfemur -48.8845 -17.1427 29.6276
rtibia 68.6448 -0 0
rfoot -22.1969 -5.93832 0.417923
rtoes -1.13183 0 0
lowerback -0.547712 -6.03944 -1.20437
upperback -1.61081 -8.03412 1.33411
thorax -1.06764 -4.01435 2.03971
lowerneck -9.9516 -5.372 -0.0505584
upperneck 2.86408 -7.33012 3.07269
head 2.75354 -3.54626 0.531422
lclavicle 1.89828e-14 -8.23392e-15 -7.03486e-31
lhumerus -15.6285 -66.307 94.9324
lradius 82.5682 -0 0
lwrist 27.4231 0 0
lhand -12.0979 -0.0644844 -0.0147301
lfingers 7.12502 -0 0
lthumb 13.9628 29.4475 -0.0143686
rclavicle 1.89828e-14 -8.23392e-15 -7.03486e-31
rhumerus -41.9133 -11.6828 -57.5799
rradius 72.1601 -0 0
rwrist -23.8726 0 0
rhand -27.1491 -45.4364 0.0102681
rfingers 7.12502 -0 0
rthumb -0.564093 -75.4215 0.0103306
661
root 5.49045 15.8136 -0.405639 16.0009 -2.22429 1.31355
lfemur -25.6709 27.7007 -23.6331
ltibia 73.1086 -0 0
lfoot -0.884317 -1.94155 -0.489915
ltoes -0.97501 0 0
rfemur -48.8037 -17.1869 29.7139
rtibia 68.6752 -0 0
rfoot -22.4421 -6.13919 0.372895
rtoes -0.802697 0 0
lowerback -0.594081 -6.08983 -1.14062
upperback -1.65335 -8.10289 1.31909
thorax -1.08726 -4.04825 1.98776
lowerneck -9.99098 -5.27462 -0.00893442
upperneck 2.73358 -7.20031 3.02081
head 2.71297 -3.48429 0.521814
lclavicle 1.8725e-14 -8.18519e-15 -6.67258e-31
lhumerus -15.1233 -66.7784 94.5167
lradius 82.9315 -0 0
lwrist 27.4645 0 0
lhand -12.0494 -0.0554418 -0.0147768
lfingers 7.12502 -0 0
lthumb 14.0095 29.4539 -0.0143082
rclavicle 1.8725e-14 -8.18519e-15 -6.67258e-31
rhumerus -42.8052 -11.85 -57.0403
rradius 71.4863 -0 0
rwrist -23.5368 0 0
rhand -27.1661 -45.7362 0.0108844
rfingers 7.12502 -0 0
rthumb -0.580523 -75.7209 0.0109047
662
root 5.48239 15.8155 -0.356187 16.1114 -3.44209 1.26001
lfemur -25.8431 27.7783 -23.5368
ltibia 73.6451 -0 0
lfoot -0.475997 -2.12842 -0.444961
ltoes -0.870595 0 0
rfemur -48.7109 -17.2266 29.7902
rtibia 68.6845 -0 0
rfoot -22.6688 -6.33045 0.329237
rtoes -0.483304 0 0
lowerback -0.637868 -6.13799 -1.07933
upperback -1.69453 -8.16875 1.30337
thorax -1.10698 -4.08071 1.93659
lowerneck -10.0278 -5.18018 0.0312558
upperneck 2.60773 -7.07463 2.97111
head 2.67368 -3.42422 0.51278
lclavicle 1.84629e-14 -8.12672e-15 -6.28039e-31
lhumerus -14.5733 -67.2316 94.043
lradius 83.2824 -0 0
lwrist 27.5053 0 0
lhand -12.0057 -0.0487261 -0.0146526
lfingers 7.12502 -0 0
lthumb 14.0516 29.4581 -0.0140952
rclavicle 1.84629e-14 -8.12672e-15 -6.28039e-31
rhumerus -43.6691 -12.0022 -56.5008
rradius 70.8441 -0 0
rwrist -23.2079 0 0
rhand -27.1848 -46.0248 0.0112972
rfingers 7.12502 -0 0
rthumb -0.598628 -76.0091 0.0112805
663
root 5.47454 15.8182 -0.307182 16.2183 -4.63341 1.20603
lfemur -26.0156 27.8469 -23.4277
ltibia 74.1818 -0 0
lfoot -0.0784525 -2.30911 -0.400189
ltoes -0.758596 0 0
rfemur -48.6057 -17.2618 29.8562
rtibia 68.6723 -0 0
rfoot -22.8764 -6.51181 0.287175
rtoes -0.174013 0 0
lowerback -0.678982 -6.18385 -1.02059
upperback -1.73428 -8.23163 1.2869
thorax -1.12681 -4.11166 1.88622
lowerneck -10.062 -5.08879 0.0699733
upperneck 2.48669 -6.95319 2.92371
head 2.63573 -3.36612 0.504346
lclavicle 1.81964e-14 -8.05824e-15 -5.8582e-31
lhumerus -13.976 -67.6656 93.5086
lradius 83.6205 -0 0
lwrist 27.5456 0 0
lhand -11.9668 -0.0444046 -0.014349
lfingers 7.12502 -0 0
lthumb 14.0891 29.4602 -0.0137225
rclavicle 1.81964e-14 -8.05824e-15 -5.8582e-31
rhumerus -44.5035 -12.1397 -55.962
rradius 70.2345 -0 0
rwrist -22.8861 0 0
rhand -27.2054 -46.3018 0.0114955
rfingers 7.12502 -0 0
rthumb -0.618449 -76.2858 0.0114473
664
root 5.4669 15.8218 -0.258649 16.3214 -5.79721 1.15187
lfemur -26.1883 27.9062 -23.3056
ltibia 74.7187 -0 0
lfoot 0.307931 -2.48342 -0.355767
ltoes -0.638831 0 0
rfemur -48.4878 -17.2923 29.9116
rtibia 68.6378 -0 0
rfoot -23.0645 -6.68297 0.246931
rtoes 0.124811 -0 0
lowerback -0.717329 -6.22733 -0.964511
upperback -1.77256 -8.2914 1.26967
thorax -1.14674 -4.14107 1.83668
lowerneck -10.0935 -5.00057 0.107179
upperneck 2.37063 -6.8361 2.87871
head 2.59917 -3.31005 0.496534
lclavicle 1.79256e-14 -7.97945e-15 -5.40596e-31
lhumerus -13.329 -68.0791 92.9107
lradius 83.9453 -0 0
lwrist 27.5853 0 0
lhand -11.9329 -0.0425442 -0.013858
lfingers 7.12502 -0 0
lthumb 14.1218 29.46 -0.0131833
rclavicle 1.79256e-14 -7.97945e-15 -5.40596e-31
rhumerus -45.3073 -12.2625 -55.4247
rradius 69.6586 -0 0
rwrist -22.5717 0 0
rhand -27.2277 -46.567 0.0114689
rfingers 7.12502 -0 0
rthumb -0.640027 -76.5505 0.0113951
665
root 5.45949 15.8263 -0.210613 16.4207 -6.93248 1.09778
lfemur -26.3611 27.9561 -23.17
ltibia 75.2555 -0 0
lfoot 0.682767 -2.65117 -0.311867
ltoes -0.511119 0 0
rfemur -48.3569 -17.3179 29.9561
rtibia 68.5805 -0 0
rfoot -23.2324 -6.84367 0.208715
rtoes 0.412806 -0 0
lowerback -0.752816 -6.26838 -0.911175
upperback -1.80933 -8.34799 1.25165
thorax -1.16677 -4.16888 1.78803
lowerneck -10.1222 -4.91562 0.142834
upperneck 2.25977 -6.72356 2.83624
head 2.56403 -3.2561 0.489368
lclavicle 1.76507e-14 -7.89005e-15 -4.92366e-31
lhumerus -12.6303 -68.4711 92.2468
lradius 84.2564 -0 0
lwrist 27.6244 0 0
lhand -11.9041 -0.0432123 -0.013172
lfingers 7.12502 -0 0
lthumb 14.1496 29.4576 -0.0124713
rclavicle 1.76507e-14 -7.89005e-15 -4.92366e-31
rhumerus -46.0789 -12.3711 -54.8895
rradius 69.1174 -0 0
rwrist -22.2651 0 0
rhand -27.2519 -46.8198 0.0112081
rfingers 7.12502 -0 0
rthumb -0.663404 -76.8028 0.011115
666
root 5.4523 15.8316 -0.1631 16.5159 -8.03817 1.04402
lfemur -26.5341 27.9964 -23.0206
ltibia 75.7923 -0 0
lfoot 1.04567 -2.81217 -0.268659
ltoes -0.375322 0 0
rfemur -48.2126 -17.3385 29.9893
rtibia 68.4998 -0 0
rfoot -23.3795 -6.99357 0.172756
rtoes 0.689609 -0 0
lowerback -0.78535 -6.30692 -0.860678
upperback -1.84453 -8.40128 1.23283
thorax -1.18691 -4.19505 1.74028
lowerneck -10.1481 -4.83407 0.176899
upperneck 2.15426 -6.61567 2.79641
head 2.53038 -3.20431 0.482873
lclavicle 1.73715e-14 -7.78977e-15 -4.41137e-31
lhumerus -11.878 -68.8403 91.5149
lradius 84.5534 -0 0
lwrist 27.6629 0 0
lhand -11.8806 -0.0464762 -0.0122843
lfingers 7.12502 -0 0
lthumb 14.1722 29.4528 -0.0115807
rclavicle 1.73715e-14 -7.78977e-15 -4.41137e-31
rhumerus -46.8172 -12.4657 -54.357
rradius 68.6121 -0 0
rwrist -21.9665 0 0
rhand -27.278 -47.0599 0.0107049
rfingers 7.12502 -0 0
rthumb -0.688623 -77.0424 0.0105989
667
root 5.44535 15.8378 -0.116135 16.6066 -9.11327 0.990869
lfemur -26.7072 28.0267 -22.857
ltibia 76.3287 -0 0
lfoot 1.39626 -2.96624 -0.226316
ltoes -0.231177 0 0
rfemur -48.0546 -17.3538 30.0111
rtibia 68.3951 -0 0
rfoot -23.5054 -7.13239 0.139248
rtoes 0.954854 -0 0
lowerback -0.814839 -6.34289 -0.813116
upperback -1.87811 -8.45117 1.21317
thorax -1.20715 -4.21952 1.69347
lowerneck -10.171 -4.75601 0.209334
upperneck 2.05428 -6.51255 2.75932
head 2.49825 -3.15477 0.477072
lclavicle 1.70883e-14 -7.67832e-15 -3.86917e-31
lhumerus -11.0706 -69.1854 90.7131
lradius 84.8357 -0 0
lwrist 27.7007 0 0
lhand -11.8625 -0.0524031 -0.0111886
lfingers 7.12502 -0 0
lthumb 14.1897 29.4456 -0.0105063
rclavicle 1.70883e-14 -7.67832e-15 -3.86917e-31
rhumerus -47.5206 -12.5467 -53.8279
rradius 68.1435 -0 0
rwrist -21.6762 0 0
rhand -27.3061 -47.2869 0.00995245
rfingers 7.12502 -0 0
rthumb -0.715725 -77.2689 0.00984032
668
root 5.43865 15.845 -0.0697421 16.6928 -10.1568 0.938597
lfemur -26.8804 28.0471 -22.6788
ltibia 76.8648 -0 0
lfoot 1.73414 -3.11319 -0.185009
ltoes -0.0785421 0 0
rfemur -47.8827 -17.3638 30.021
rtibia 68.2657 -0 0
rfoot -23.6095 -7.25985 0.108388
rtoes 1.20818 -0 0
lowerback -0.841191 -6.37622 -0.768581
upperback -1.91002 -8.49757 1.19266
thorax -1.2275 -4.24223 1.64764
lowerneck -10.191 -4.68158 0.2401
upperneck 1.95998 -6.41431 2.72508
head 2.46771 -3.10755 0.47199
lclavicle 1.68011e-14 -7.5554e-15 -3.29723e-31
lhumerus -10.2073 -69.5051 89.84
lradius 85.103 -0 0
lwrist 27.7378 0 0
lhand -11.8499 -0.0610604 -0.00987944
lfingers 7.12502 -0 0
lthumb 14.2018 29.436 -0.00924373
rclavicle 1.68011e-14 -7.5554e-15 -3.29723e-31
rhumerus -48.1881 -12.6144 -53.3026
rradius 67.7129 -0 0
rwrist -21.3945 0 0
rhand -27.3362 -47.5004 0.00894514
rfingers 7.12502 -0 0
rthumb -0.744753 -77.4819 0.00883379
669
root 5.4322 15.8531 -0.0239472 16.7742 -11.1676 0.887495
lfemur -27.0536 28.0571 -22.4857
ltibia 77.4004 -0 0
lfoot 2.05894 -3.25284 -0.144911
ltoes 0.0827646 -0 0
rfemur -47.6964 -17.3683 30.0189
rtibia 68.1111 -0 0
rfoot -23.6913 -7.37568 0.0803601
rtoes 1.44922 -0 0
lowerback -0.864312 -6.40684 -0.727166
upperback -1.94022 -8.54038 1.17127
thorax -1.24796 -4.26315 1.60281
lowerneck -10.2079 -4.61087 0.269156
upperneck 1.87159 -6.32115 2.69382
head 2.43879 -3.0627 0.46765
lclavicle 1.65098e-14 -7.42072e-15 -2.69573e-31
lhumerus -9.28749 -69.7978 88.8949
lradius 85.3549 -0 0
lwrist 27.7742 0 0
lhand -11.843 -0.0725155 -0.00835218
lfingers 7.12502 -0 0
lthumb 14.2084 29.4238 -0.00778899
rclavicle 1.65098e-14 -7.42072e-15 -2.69573e-31
rhumerus -48.8181 -12.6692 -52.7818
rradius 67.3213 -0 0
rwrist -21.1217 0 0
rhand -27.3683 -47.7001 0.00767885
rfingers 7.12502 -0 0
rthumb -0.775748 -77.6809 0.00757535
670
root 5.42601 15.8622 0.0212246 16.8504 -12.1448 0.837855
lfemur -27.2269 28.0566 -22.2773
ltibia 77.9353 -0 0
lfoot 2.37027 -3.38502 -0.106192
ltoes 0.252924 -0 0
rfemur -47.4955 -17.3669 30.0045
rtibia 67.9307 -0 0
rfoot -23.7501 -7.47952 0.0553522
rtoes 1.67761 -0 0
lowerback -0.884111 -6.43469 -0.688965
upperback -1.96866 -8.5795 1.14898
thorax -1.26853 -4.28222 1.55904
lowerneck -10.2217 -4.54399 0.296463
upperneck 1.78926 -6.23317 2.66563
head 2.41154 -3.0203 0.464076
lclavicle 1.62147e-14 -7.274e-15 -2.06493e-31
lhumerus -8.31157 -70.0621 87.8777
lradius 85.5908 -0 0
lwrist 27.8099 0 0
lhand -11.842 -0.0868359 -0.00660298
lfingers 7.12502 -0 0
lthumb 14.2094 29.409 -0.00613905
rclavicle 1.62147e-14 -7.274e-15 -2.06493e-31
rhumerus -49.4095 -12.7115 -52.266
rradius 66.9697 -0 0
rwrist -20.858 0 0
rhand -27.4024 -47.8854 0.00615106
rfingers 7.12502 -0 0
rthumb -0.808753 -77.8656 0.00606261
671
root 5.42009 15.8723 0.0657482 16.9212 -13.0873 0.789981
lfemur -27.4003 28.0454 -22.0533
ltibia 78.4694 -0 0
lfoot 2.66775 -3.50954 -0.0690229
ltoes 0.432118 -0 0
rfemur -47.2797 -17.3596 29.9774
rtibia 67.7239 -0 0
rfoot -23.7854 -7.57111 0.0335226
rtoes 1.89299 -0 0
lowerback -0.900496 -6.45968 -0.654071
upperback -1.99528 -8.61482 1.12576
thorax -1.28921 -4.2994 1.51634
lowerneck -10.2322 -4.48107 0.321978
upperneck 1.71316 -6.15049 2.64063
head 2.38601 -2.98042 0.461292
lclavicle 1.59157e-14 -7.11494e-15 -1.40513e-31
lhumerus -7.2805 -70.2965 86.7891
lradius 85.8103 -0 0
lwrist 27.8448 0 0
lhand -11.8469 -0.104089 -0.00462896
lfingers 7.12502 -0 0
lthumb 14.2046 29.3916 -0.00429166
rclavicle 1.59157e-14 -7.11494e-15 -1.40513e-31
rhumerus -49.9608 -12.7417 -51.7557
rradius 66.6592 -0 0
rwrist -20.6037 0 0
rhand -27.4387 -48.0561 0.00436097
rfingers 7.12502 -0 0
rthumb -0.843809 -78.0356 0.00429479
672
root 5.41444 15.8834 0.109598 16.9862 -13.9941 0.744178
lfemur -27.5737 28.0233 -21.8133
ltibia 79.0026 -0 0
lfoot 2.951 -3.62622 -0.0335702
ltoes 0.620528 -0 0
rfemur -47.0487 -17.3461 29.9375
rtibia 67.4901 -0 0
rfoot -23.7966 -7.65015 0.0150252
rtoes 2.095 -0 0
lowerback -0.913375 -6.48176 -0.622576
upperback -2.02004 -8.64626 1.1016
thorax -1.31 -4.31462 1.47476
lowerneck -10.2395 -4.42221 0.345662
upperneck 1.64347 -6.07325 2.61892
head 2.36226 -2.94312 0.459322
lclavicle 1.56129e-14 -6.94327e-15 -7.16683e-32
lhumerus -6.19615 -70.4994 85.6305
lradius 86.013 -0 0
lwrist 27.879 0 0
lhand -11.858 -0.124343 -0.00242823
lfingers 7.12502 -0 0
lthumb 14.1939 29.3715 -0.00224545
rclavicle 1.56129e-14 -6.94327e-15 -7.16683e-32
rhumerus -50.4709 -12.7603 -51.2515
rradius 66.3908 -0 0
rwrist -20.3592 0 0
rhand -27.4772 -48.2118 0.00230961
rfingers 7.12502 -0 0
rthumb -0.880961 -78.1906 0.00227294
673
root 5.40908 15.8956 0.15275 17.0453 -14.8641 0.700759
lfemur -27.7472 27.9901 -21.557
ltibia 79.5347 0 0
lfoot 3.21963 -3.73488 0
ltoes 0.818334 0 0
rfemur -46.8021 -17.3262 29.8844
rtibia 67.2286 0 0
rfoot -23.7833 -7.71631 0
rtoes 2.28327 0 0
lowerback -0.922658 -6.50086 -0.594571
upperback -2.04289 -8.6737 1.07647
thorax -1.3309 -4.32784 1.43432
lowerneck -10.2434 -4.36753 0.367472
upperneck 1.58037 -6.00159 2.60062
head 2.34032 -2.90848 0.458189
lclavicle 1.53064e-14 -6.75868e-15 0
lhumerus -5.06131 -70.6692 84.4043
lradius 86.1985 0 0
lwrist 27.9123 0 0
lhand -11.8753 -0.147665 0
lfingers 7.12502 0 0
lthumb 14.1772 29.3486 0
rclavicle 1.53064e-14 -6.75868e-15 0
rhumerus -50.9385 -12.7677 -50.7538
rradius 66.1657 0 0
rwrist -20.1247 0 0
rhand -27.5179 -48.352 0
rfingers 7.12502 0 0
rthumb -0.920249 -798.33 0
674
root 5.3906 15.95 0.312303 17.2199 -17.8925 0.556239
lfemur -28.4306 27.7704 -20.4137
ltibia 81.6105 -0 0
lfoot 4.1379 -4.09173 0.112486
ltoes 1.66666 -0 0
rfemur -45.7054 -17.1888 29.5675
rtibia 65.9671 -0 0
rfoot -23.5322 -7.84938 -0.0242378
rtoes 2.88999 -0 0
lowerback -0.927118 -6.55126 -0.516441
upperback -2.11476 -8.74842 0.970004
thorax -1.41295 -4.36324 1.28717
lowerneck -10.2284 -4.19187 0.435957
upperneck 1.39553 -5.77231 2.56072
head 2.27176 -2.79727 0.461469
lclavicle 1.39653e-14 -5.93396e-15 3.20357e-31
lhumerus -0.309972 -71.02 79.1599
lradius 86.7814 -0 0
lwrist 28.0323 0 0
lhand -11.9981 -0.268271 0.0115796
lfingers 7.12502 -0 0
lthumb 14.0587 29.2323 0.0106194
rclavicle 1.39653e-14 -5.93396e-15 3.20357e-31
rhumerus -52.3871 -12.71 -48.8993
rradius 65.6752 -0 0
rwrist -19.3058 0 0
rhand -27.6931 -48.7603 -0.010875
rfingers 7.12502 -0 0
rthumb -1.08947 -78.7351 -0.0106746
675
root 5.37385 16.0183 0.472849 17.3292 -20.6654 0.438393
lfemur -29.1888 27.4132 -18.9705
ltibia 83.872 -0 0
lfoot 4.95654 -4.38823 0.207555
ltoes 2.69438 -0 0
rfemur -44.3272 -16.9499 29.0749
rtibia 64.2593 -0 0
rfoot -22.988 -7.81627 -0.00207429
rtoes 3.37041 -0 0
lowerback -0.887706 -6.57332 -0.474853
upperback -2.16879 -8.78566 0.84243
thorax -1.50282 -4.37972 1.14194
lowerneck -10.1698 -4.05349 0.487466
upperneck 1.2809 -5.59299 2.56195
head 2.22115 -2.70972 0.475898
lclavicle 1.22646e-14 -4.89482e-15 7.1857e-31
lhumerus 5.0926 -70.9068 73.0344
lradius 87.2235 -0 0
lwrist 28.1482 0 0
lhand -12.2085 -0.441574 0.026793
lfingers 7.12502 -0 0
lthumb 13.8556 29.0674 0.0244751
rclavicle 1.22646e-14 -4.89482e-15 7.1857e-31
rhumerus -53.4367 -12.5386 -47.0167
rradius 65.6829 -0 0
rwrist -18.5508 0 0
rhand -27.9058 -49.011 -0.0249845
rfingers 7.12502 -0 0
rthumb -1.29484 -78.9818 -0.0244895
676
root 5.35878 16.0991 0.634061 17.3755 -23.2006 0.350628
lfemur -30.0187 26.9391 -17.2588
ltibia 86.2934 -0 0
lfoot 5.68165 -4.62874 0.284965
ltoes 3.88279 -0 0
rfemur -42.7013 -16.6098 28.4293
rtibia 62.1505 -0 0
rfoot -22.1759 -7.63249 0.0595323
rtoes 3.73491 -0 0
lowerback -0.808346 -6.56917 -0.46669
upperback -2.20649 -8.78816 0.696013
thorax -1.59962 -4.37875 0.998893
lowerneck -10.0718 -3.94955 0.523427
upperneck 1.23042 -5.45966 2.60089
head 2.18699 -2.644 0.500462
lclavicle 1.02522e-14 -3.6639e-15 1.16379e-30
lhumerus 10.7035 -70.3 66.4904
lradius 87.5343 -0 0
lwrist 28.2602 0 0
lhand -12.4981 -0.662028 0.0445641
lfingers 7.12502 -0 0
lthumb 13.5761 28.859 0.0405939
rclavicle 1.02522e-14 -3.6639e-15 1.16379e-30
rhumerus -54.1124 -12.278 -45.1166
rradius 66.1443 -0 0
rwrist -17.8555 0 0
rhand -28.1522 -49.1171 -0.0415259
rfingers 7.12502 -0 0
rthumb -1.53273 -79.0835 -0.0406608
677
root 5.3453 16.1915 0.795615 17.361 -25.5158 0.295312
lfemur -30.9177 26.3687 -15.3106
ltibia 88.849 -0 0
lfoot 6.3193 -4.81746 0.34491
ltoes 5.21318 -0 0
rfemur -40.8624 -16.1683 27.6545
rtibia 59.6862 -0 0
rfoot -21.1212 -7.31319 0.151966
rtoes 3.99389 -0 0
lowerback -0.69303 -6.54088 -0.488771
upperback -2.22939 -8.75866 0.533062
thorax -1.70247 -4.36176 0.858308
lowerneck -9.93864 -3.87719 0.545184
upperneck 1.23794 -5.36846 2.67395
head 2.16774 -2.59829 0.534125
lclavicle 7.97603e-15 -2.26389e-15 1.62538e-30
lhumerus 16.0734 -69.2013 59.9961
lradius 87.7229 -0 0
lwrist 28.3686 0 0
lhand -12.8586 -0.924089 0.0637266
lfingers 7.12502 -0 0
lthumb 13.2283 28.6123 0.0579246
rclavicle 7.97603e-15 -2.26389e-15 1.62538e-30
rhumerus -54.4409 -11.9516 -43.2073
rradius 67.0146 -0 0
rwrist -17.216 0 0
rhand -28.4285 -49.0919 -0.0595237
rfingers 7.12502 -0 0
rthumb -1.79956 -79.0532 -0.0582374
678
root 5.33332 16.2941 0.957186 17.2887 -27.6285 0.273791
lfemur -31.883 25.722 -13.1574
ltibia 91.513 -0 0
lfoot 6.87546 -4.95848 0.387962
ltoes 6.66683 -0 0
rfemur -38.8452 -15.6261 26.7745
rtibia 56.9116 -0 0
rfoot -19.8486 -6.87345 0.265613
rtoes 4.15766 -0 0
lowerback -0.545762 -6.49046 -0.537889
upperback -2.23902 -8.6999 0.355913
thorax -1.81046 -4.33018 0.720446
lowerneck -9.77447 -3.83352 0.554022
upperneck 1.29724 -5.31564 2.7774
head 2.16186 -2.57078 0.575831
lclavicle 5.48404e-15 -7.17446e-16 2.07425e-30
lhumerus 20.8623 -67.6449 53.9094
lradius 87.7985 -0 0
lwrist 28.4739 0 0
lhand -13.2816 -1.22225 0.0830959
lfingers 7.12502 -0 0
lthumb 12.8201 28.3325 0.0754016
rclavicle 5.48404e-15 -7.17446e-16 2.07425e-30
rhumerus -54.4507 -11.581 -41.2953
rradius 68.2492 -0 0
rwrist -16.6284 0 0
rhand -28.7311 -48.9484 -0.077911
rfingers 7.12502 -0 0
rthumb -2.09172 -78.9043 -0.0761804
679
root 5.32279 16.4058 1.11845 17.1621 -29.5563 0.28642
lfemur -32.9106 25.0187 -10.831
ltibia 94.2597 -0 0
lfoot 7.35602 -5.05579 0.415007
ltoes 8.22503 -0 0
rfemur -36.6844 -14.9847 25.8136
rtibia 53.8723 -0 0
rfoot -18.3833 -6.32848 0.390452
rtoes 4.23659 -0 0
lowerback -0.370596 -6.4199 -0.610799
upperback -2.23695 -8.61462 0.166921
thorax -1.92269 -4.28546 0.585576
lowerneck -9.58342 -3.81563 0.551182
upperneck 1.40206 -5.29747 2.90737
head 2.16781 -2.55966 0.624506
lclavicle 2.82412e-15 9.52764e-16 2.48399e-30
lhumerus 24.8907 -65.6875 48.427
lradius 87.7704 -0 0
lwrist 28.5761 0 0
lhand -13.7587 -1.55086 0.10152
lfingers 7.12502 -0 0
lthumb 12.3598 28.0247 0.091991
rclavicle 2.82412e-15 9.52764e-16 2.48399e-30
rhumerus -54.1711 -11.1862 -39.3864
rradius 69.8034 -0 0
rwrist -16.0886 0 0
rhand -29.0562 -48.7 -0.0956025
rfingers 7.12502 -0 0
rthumb -2.40563 -78.65 -0.0934336
680
root 5.3136 16.5255 1.27907 16.9854 -31.3165 0.332602
lfemur -33.9955 24.2774 -8.3626
ltibia 97.0632 -0 0
lfoot 7.76694 -5.11328 0.427205
ltoes 9.86907 -0 0
rfemur -34.4144 -14.2476 24.7952
rtibia 50.6134 -0 0
rfoot -16.7502 -5.69382 0.516586
rtoes 4.24104 -0 0
lowerback -0.171596 -6.33119 -0.704249
upperback -2.2247 -8.50554 -0.0315439
thorax -2.03824 -4.229 0.453969
lowerneck -9.36962 -3.8206 0.537881
upperneck 1.5461 -5.31029 3.05994
head 2.18403 -2.56312 0.679068
lclavicle 4.41593e-17 2.72407e-15 2.8318e-30
lhumerus 28.1204 -63.3965 43.6038
lradius 87.6478 -0 0
lwrist 28.6758 0 0
lhand -14.2815 -1.90438 0.117945
lfingers 7.12502 -0 0
lthumb 11.8554 27.6941 0.10675
rclavicle 4.41593e-17 2.72407e-15 2.8318e-30
rhumerus -53.6325 -10.785 -37.486
rradius 71.6326 -0 0
rwrist -15.5926 0 0
rhand -29.4001 -48.3597 -0.11156
rfingers 7.12502 -0 0
rthumb -2.73768 -78.3037 -0.108986
681
root 5.3057 16.6519 1.43874 16.7635 -32.9265 0.410852
lfemur -35.131 23.5155 -5.78324
ltibia 99.8978 -0 0
lfoot 8.11402 -5.13475 0.425925
ltoes 11.5802 -0 0
rfemur -32.0683 -13.4204 23.7418
rtibia 47.1805 -0 0
rfoot -14.9746 -4.98546 0.63472
rtoes 4.18137 -0 0
lowerback 0.047172 -6.22632 -0.814987
upperback -2.20383 -8.37541 -0.23711
thorax -2.15618 -4.16224 0.325902
lowerneck -9.13717 -3.84552 0.515327
upperneck 1.72304 -5.35042 3.23114
head 2.209 -2.57935 0.738427
lclavicle -2.80792e-15 4.57381e-15 3.09926e-30
lhumerus 30.6035 -60.8408 39.4039
lradius 87.4399 -0 0
lwrist 28.7731 0 0
lhand -14.8415 -2.27721 0.131456
lfingers 7.12502 -0 0
lthumb 11.3152 27.3461 0.118858
rclavicle -2.80792e-15 4.57381e-15 3.09926e-30
rhumerus -52.8662 -10.3932 -35.6
rradius 73.692 -0 0
rwrist -15.1365 0 0
rhand -29.759 -47.941 -0.124843
rfingers 7.12502 -0 0
rthumb -3.08429 -77.8784 -0.121927
682
root 5.299 16.784 1.59713 16.5022 -34.4037 0.518877
lfemur -36.3087 22.7489 -3.12385
ltibia 102.738 -0 0
lfoot 8.40305 -5.12395 0.412722
ltoes 13.3398 -0 0
rfemur -29.6784 -12.5109 22.6744
rtibia 43.6189 -0 0
rfoot -13.082 -4.21993 0.736579
rtoes 4.06794 -0 0
lowerback 0.281645 -6.1073 -0.939776
upperback -2.17582 -8.22698 -0.447404
thorax -2.27558 -4.08658 0.201654
lowerneck -8.89016 -3.88746 0.484733
upperneck 1.92659 -5.41416 3.41696
head 2.24114 -2.60653 0.801486
lclavicle -5.68421e-15 6.47932e-15 3.27289e-30
lhumerus 32.4336 -58.0855 35.7497
lradius 87.1561 -0 0
lwrist 28.8685 0 0
lhand -15.4303 -2.66368 0.141308
lfingers 7.12502 -0 0
lthumb 10.7471 26.9857 0.127653
rclavicle -5.68421e-15 6.47932e-15 3.27289e-30
rhumerus -51.9039 -10.0241 -33.7345
rradius 75.937 -0 0
rwrist -14.7163 0 0
rhand -30.1291 -47.4568 -0.134664
rfingers 7.12502 -0 0
rthumb -3.44175 -77.3877 -0.131489
683
root 5.29342 16.9204 1.7539 16.2075 -35.7654 0.653679
lfemur -37.5183 21.9918 -0.415278
ltibia 105.557 -0 0
lfoot 8.63987 -5.08455 0.389289
ltoes 15.1291 -0 0
rfemur -27.2755 -11.5295 21.612
rtibia 39.974 -0 0
rfoot -11.0981 -3.41427 0.815264
rtoes 3.91111 -0 0
lowerback 0.527774 -5.97617 -1.0754
upperback -2.14218 -8.06299 -0.660064
thorax -2.39549 -4.00342 0.0815158
lowerneck -8.63271 -3.94352 0.447328
upperneck 2.15044 -5.49775 3.61343
head 2.27893 -2.64287 0.867151
lclavicle -8.5368e-15 8.41792e-15 3.34454e-30
lhumerus 33.7149 -55.1906 32.5531
lradius 86.8054 -0 0
lwrist 28.9621 0 0
lhand -16.0394 -3.05818 0.146962
lfingers 7.12502 -0 0
lthumb 10.1595 26.6184 0.132657
rclavicle -8.5368e-15 8.41792e-15 3.34454e-30
rhumerus -50.778 -9.68863 -31.8968
rradius 78.3229 -0 0
rwrist -14.328 0 0
rhand -30.5068 -46.9206 -0.140423
rfingers 7.12502 -0 0
rthumb -3.80641 -76.8446 -0.13709
684
root 5.28889 17.0601 1.90874 15.8863 -37.0289 0.811666
lfemur -38.7479 21.2561 2.31162
ltibia 108.331 -0 0
lfoot 8.83023 -5.02019 0.357424
ltoes 16.9293 -0 0
rfemur -24.8885 -10.4888 20.5714
rtibia 36.291 -0 0
rfoot -9.04902 -2.58601 0.865534
rtoes 3.72125 -0 0
lowerback 0.78153 -5.835 -1.21867
upperback -2.10434 -7.88624 -0.872734
thorax -2.51497 -3.91418 -0.034218
lowerneck -8.3689 -4.01081 0.404366
upperneck 2.38832 -5.59739 3.81656
head 2.32081 -2.68653 0.934326
lclavicle -1.13178e-14 1.0367e-14 3.31154e-30
lhumerus 34.546 -52.2108 29.7326
lradius 86.3972 -0 0
lwrist 29.0544 0 0
lhand -16.6605 -3.45503 0.148102
lfingers 7.12502 -0 0
lthumb 9.5604 26.2492 0.133592
rclavicle -1.13178e-14 1.0367e-14 3.31154e-30
rhumerus -49.521 -9.39518 -30.0945
rradius 80.8051 -0 0
rwrist -13.9675 0 0
rhand -30.888 -46.3455 -0.14174
rfingers 7.12502 -0 0
rthumb -4.1746 -76.2627 -0.13836
685
root 5.28533 17.2018 2.06132 15.5459 -38.2116 0.988768
lfemur -39.9839 20.5514 5.02582
ltibia 111.032 -0 0
lfoot 8.97991 -4.9345 0.319007
ltoes 18.7219 -0 0
rfemur -22.5451 -9.40373 19.5669
rtibia 32.6155 -0 0
rfoot -6.96074 -1.75304 0.884022
rtoes 3.50872 -0 0
lowerback 1.03891 -5.68592 -1.36643
upperback -2.06371 -7.69949 -1.08308
thorax -2.63306 -3.82024 -0.145243
lowerneck -8.10284 -4.08644 0.35713
upperneck 2.63398 -5.7092 4.02242
head 2.36525 -2.73571 1.00192
lclavicle -1.39793e-14 1.23038e-14 3.17674e-30
lhumerus 35.0132 -49.1963 27.2194
lradius 85.9408 -0 0
lwrist 29.1455 0 0
lhand -17.2849 -3.84858 0.144647
lfingers 7.12502 -0 0
lthumb 8.95799 25.8835 0.130392
rclavicle -1.39793e-14 1.23038e-14 3.17674e-30
rhumerus -48.1659 -9.14955 -28.3364
rradius 83.3388 -0 0
rwrist -13.631 0 0
rhand -31.2691 -45.7449 -0.138475
rfingers 7.12502 -0 0
rthumb -4.54261 -75.6551 -0.135164
686
root 5.28265 17.3445 2.21131 15.1938 -39.3312 1.18055
lfemur -41.2114 19.8849 7.69615
ltibia 113.635 -0 0
lfoot 9.09471 -4.83106 0.275966
ltoes 20.4879 -0 0
rfemur -20.2712 -8.29101 18.6102
rtibia 28.9928 -0 0
rfoot -4.85951 -0.93348 0.86935
rtoes 3.28387 -0 0
lowerback 1.29593 -5.53108 -1.51558
upperback -2.02168 -7.50555 -1.28877
thorax -2.74878 -3.723 -0.251245
lowerneck -7.83864 -4.16754 0.306942
upperneck 2.88121 -5.82922 4.22713
head 2.41073 -2.78856 1.06884
lclavicle -1.64733e-14 1.42057e-14 2.94828e-30
lhumerus 35.1902 -46.1937 24.9589
lradius 85.4452 -0 0
lwrist 29.236 0 0
lhand -17.9044 -4.23317 0.136756
lfingers 7.12502 -0 0
lthumb 8.36043 25.5267 0.123205
rclavicle -1.64733e-14 1.42057e-14 2.94828e-30
rhumerus -46.7457 -8.95496 -26.6317
rradius 85.8795 -0 0
rwrist -13.3145 0 0
rhand -31.6462 -45.1318 -0.13074
rfingers 7.12502 -0 0
rthumb -4.90676 -75.0351 -0.127613
687
root 5.2808 17.4868 2.35839 14.8378 -40.405 1.38229
lfemur -42.4142 19.2613 10.2911
ltibia 116.116 -0 0
lfoot 9.18041 -4.71347 0.23026
ltoes 22.2089 -0 0
rfemur -18.0915 -7.16913 17.7108
rtibia 25.4683 -0 0
rfoot -2.77157 -0.145501 0.822177
rtoes 3.05708 -0 0
lowerback 1.54866 -5.37271 -1.66306
upperback -1.97958 -7.30722 -1.4875
thorax -2.86118 -3.62385 -0.351904
lowerneck -7.58043 -4.25129 0.255159
upperneck 3.12384 -5.95344 4.42683
head 2.45571 -2.84327 1.13401
lclavicle -1.8752e-14 1.605e-14 2.63924e-30
lhumerus 35.1392 -43.2462 22.9098
lradius 84.9199 -0 0
lwrist 29.3259 0 0
lhand -18.5103 -4.60314 0.124821
lfingers 7.12502 -0 0
lthumb 7.77587 25.1838 0.112391
rclavicle -1.8752e-14 1.605e-14 2.63924e-30
rhumerus -45.2931 -8.81208 -24.9902
rradius 88.3824 -0 0
rwrist -13.0139 0 0
rhand -32.0155 -44.5196 -0.118906
rfingers 7.12502 -0 0
rthumb -5.26334 -74.4162 -0.116069
688
root 5.27967 17.6278 2.50224 14.4862 -41.4508 1.58909
lfemur -43.5753 18.6827 12.7792
ltibia 118.446 -0 0
lfoot 9.2428 -4.58531 0.183863
ltoes 23.8659 -0 0
rfemur -16.0291 -6.05789 16.8753
rtibia 22.0872 -0 0
rfoot -0.723032 0.59283 0.745142
rtoes 2.83869 -0 0
lowerback 1.79318 -5.21307 -1.80582
upperback -1.9387 -7.10734 -1.67699
thorax -2.96927 -3.52416 -0.446888
lowerneck -7.33235 -4.33485 0.203181
upperneck 3.35575 -6.07775 4.61777
head 2.49868 -2.89798 1.19635
lclavicle -2.07675e-14 1.78141e-14 2.26704e-30
lhumerus 34.9129 -40.3949 21.0425
lradius 84.374 -0 0
lwrist 29.4157 0 0
lhand -19.0943 -4.95285 0.109453
lfingers 7.12502 -0 0
lthumb 7.21246 24.8602 0.0985019
rclavicle -2.07675e-14 1.78141e-14 2.26704e-30
rhumerus -43.8411 -8.71916 -23.4219
rradius 90.8028 -0 0
rwrist -12.7252 0 0
rhand -32.3732 -43.9216 -0.103596
rfingers 7.12502 -0 0
rthumb -5.60869 -73.8114 -0.101136
689
root 5.27921 17.7661 2.64253 14.1471 -42.4863 1.79588
lfemur -44.6769 18.1488 15.1282
ltibia 120.602 -0 0
lfoot 9.28772 -4.45016 0.138744
ltoes 25.4404 -0 0
rfemur -14.1067 -4.97812 16.1085
rtibia 18.8951 -0 0
rfoot 1.26013 1.26372 0.642719
rtoes 2.63908 -0 0
lowerback 2.02562 -5.05446 -1.94091
upperback -1.90031 -6.90874 -1.85498
thorax -3.07206 -3.42532 -0.535859
lowerneck -7.09853 -4.41543 0.152442
upperneck 3.57081 -6.19797 4.7962
head 2.53813 -2.95087 1.25479
lclavicle -2.24718e-14 1.94753e-14 1.85269e-30
lhumerus 34.5569 -37.6785 19.3372
lradius 83.8167 -0 0
lwrist 29.5057 0 0
lhand -19.648 -5.27669 0.091462
lfingers 7.12502 -0 0
lthumb 6.67829 24.5611 0.0822711
rclavicle -2.24718e-14 1.94753e-14 1.85269e-30
rhumerus -42.4221 -8.67221 -21.9369
rradius 93.0962 -0 0
rwrist -12.4446 0 0
rhand -32.7154 -43.3508 -0.0856702
rfingers 7.12502 -0 0
rthumb -5.93915 -73.2342 -0.0836527
690
root 5.27932 17.9005 2.77893 13.8288 -43.5293 1.9974
lfemur -45.7008 17.6573 17.3063
ltibia 122.557 -0 0
lfoot 9.32097 -4.31161 0.0968577
ltoes 26.9136 -0 0
rfemur -12.346 -3.95132 15.4131
rtibia 15.9373 -0 0
rfoot 3.15217 1.84975 0.520997
rtoes 2.4686 -0 0
lowerback 2.24212 -4.89922 -2.06539
upperback -1.86562 -6.71426 -2.01919
thorax -3.16858 -3.3287 -0.61847
lowerneck -6.88314 -4.49023 0.104413
upperneck 3.76301 -6.30988 4.95849
head 2.57254 -3.00008 1.30826
lclavicle -2.38171e-14 2.10109e-14 1.41985e-30
lhumerus 34.1113 -35.1338 17.7823
lradius 83.2573 -0 0
lwrist 29.5961 0 0
lhand -20.1629 -5.56901 0.0718307
lfingers 7.12502 -0 0
lthumb 6.18157 24.2917 0.0645827
rclavicle -2.38171e-14 2.10109e-14 1.41985e-30
rhumerus -41.0686 -8.66523 -20.5452
rradius 95.2178 -0 0
rwrist -12.1679 0 0
rhand -33.0385 -42.8205 -0.0662034
rfingers 7.12502 -0 0
rthumb -6.25111 -72.6978 -0.0646647
691
root 5.27994 18.0301 2.91112 13.5401 -44.5977 2.18819
lfemur -46.6286 17.2041 19.2811
ltibia 124.286 -0 0
lfoot 9.34842 -4.17328 0.0601407
ltoes 28.2668 -0 0
rfemur -10.7685 -2.99942 14.7904
rtibia 13.2591 -0 0
rfoot 4.92756 2.33401 0.387366
rtoes 2.33762 -0 0
lowerback 2.43886 -4.74972 -2.17636
upperback -1.83583 -6.52676 -2.16741
thorax -3.25782 -3.23568 -0.694366
lowerneck -6.69034 -4.5565 0.0605894
upperneck 3.92629 -6.40922 5.10097
head 2.60042 -3.04377 1.35569
lclavicle -2.47554e-14 2.23983e-14 9.93686e-31
lhumerus 33.6122 -32.7962 16.3732
lradius 82.7051 -0 0
lwrist 29.6874 0 0
lhand -20.6306 -5.82428 0.0516651
lfingers 7.12502 -0 0
lthumb 5.73032 24.0572 0.0464319
rclavicle -2.47554e-14 2.23983e-14 9.93686e-31
rhumerus -39.8124 -8.69052 -19.2566
rradius 97.1229 -0 0
rwrist -11.8912 0 0
rhand -33.3386 -42.3441 -0.0464581
rfingers 7.12502 -0 0
rthumb -6.54092 -72.2154 -0.0453999
692
root 5.28099 18.1534 3.03877 13.2898 -45.7096 2.36244
lfemur -47.4418 16.7839 21.0203
ltibia 125.762 -0 0
lfoot 9.3759 -4.03876 0.030504
ltoes 29.4813 -0 0
rfemur -9.39548 -2.14449 14.2405
rtibia 10.9059 -0 0
rfoot 6.56099 2.70008 0.250138
rtoes 2.25649 -0 0
lowerback 2.61205 -4.60838 -2.27095
upperback -1.8121 -6.34909 -2.2974
thorax -3.33879 -3.14763 -0.763186
lowerneck -6.52431 -4.61147 0.0224905
upperneck 4.05465 -6.49169 5.22007
head 2.62027 -3.08008 1.39604
lclavicle -2.52388e-14 2.36148e-14 5.99514e-31
lhumerus 33.0932 -30.6994 15.1109
lradius 82.1692 -0 0
lwrist 29.7797 0 0
lhand -21.0426 -6.03688 0.0321634
lfingers 7.12502 -0 0
lthumb 5.33274 23.8629 0.028894
rclavicle -2.52388e-14 2.36148e-14 5.99514e-31
rhumerus -38.6851 -8.73901 -18.0806
rradius 98.767 -0 0
rwrist -11.6106 0 0
rhand -33.6121 -41.9344 -0.0278354
rfingers 7.12502 -0 0
rthumb -6.80504 -71.8003 -0.0272213
693
root 5.28238 18.2695 3.16156 13.0874 -46.8828 2.51381
lfemur -48.1217 16.3909 22.4913
ltibia 126.96 -0 0
lfoot 9.40931 -3.91168 0.00983492
ltoes 30.5383 -0 0
rfemur -8.24841 -1.40858 13.763
rtibia 8.92312 -0 0
rfoot 8.02731 2.93204 0.1181
rtoes 2.23557 -0 0
lowerback 2.75792 -4.47758 -2.34633
upperback -1.79559 -6.1841 -2.40695
thorax -3.4105 -3.06593 -0.824567
lowerneck -6.38922 -4.65239 -0.0083559
upperneck 4.14209 -6.55299 5.31216
head 2.63058 -3.10716 1.42822
lclavicle -2.52194e-14 2.46377e-14 2.61313e-31
lhumerus 32.5855 -28.876 14.001
lradius 81.6589 -0 0
lwrist 29.8734 0 0
lhand -21.3907 -6.2013 0.0145452
lfingers 7.12502 -0 0
lthumb 4.99687 23.7138 0.0130622
rclavicle -2.52194e-14 2.46377e-14 2.61313e-31
rhumerus -37.718 -8.8007 -17.0261
rradius 100.105 -0 0
rwrist -11.322 0 0
rhand -33.8554 -41.6049 -0.0118375
rfingers 7.12502 -0 0
rthumb -7.03987 -71.4658 -0.0115899
694
root 5.28404 18.377 3.27916 12.9431 -48.1354 2.6351
lfemur -48.6496 16.0192 23.6617
ltibia 127.854 0 0
lfoot 9.4545 -3.79564 0
ltoes 31.4192 0 0
rfemur -7.34891 -0.813442 13.3576
rtibia 7.35611 0 0
rfoot 9.30141 3.01439 0
rtoes 2.28523 0 0
lowerback 2.87269 -4.35974 -2.39968
upperback -1.78742 -6.03466 -2.49384
thorax -3.47194 -2.99195 -0.878139
lowerneck -6.28927 -4.67653 -0.030423
upperneck 4.18259 -6.58885 5.37366
head 2.62986 -3.12317 1.45119
lclavicle -2.46493e-14 2.54444e-14 0
lhumerus 32.119 -27.3575 13.0528
lradius 81.1836 0 0
lwrist 29.9688 0 0
lhand -21.6665 -6.31201 0
lfingers 7.12502 0 0
lthumb 4.73079 23.6152 0
rclavicle -2.46493e-14 2.54444e-14 0
rhumerus -36.9419 -8.86507 -16.1018
rradius 101.093 0 0
rwrist -11.0214 0 0
rhand -34.0646 -41.3686 0
rfingers 7.12502 0 0
rthumb -7.2419 -791.225 0
695
root 5.29429 18.6418 3.55653 12.7733 -51.3902 2.8494
lfemur -49.3997 15.0213 25.6125
ltibia 128.925 -0 0
lfoot 9.41858 -3.35514 -0.0152896
ltoes 33.1002 -0 0
rfemur -5.82611 0.234744 12.4904
rtibia 4.30746 -0 0
rfoot 12.2716 2.71017 -0.259703
rtoes 2.3894 -0 0
lowerback 3.06118 -4.05595 -2.48537
upperback -1.78538 -5.64273 -2.63247
thorax -3.58352 -2.7974 -0.970188
lowerneck -6.14732 -4.71135 -0.0637827
upperneck 4.15795 -6.63439 5.43023
head 2.60013 -3.14592 1.47604
lclavicle -1.98084e-14 2.70987e-14 -3.58534e-31
lhumerus 30.842 -24.3466 11.2678
lradius 79.8979 -0 0
lwrist 30.2872 0 0
lhand -22.1524 -6.38254 -0.0259423
lfingers 7.12502 -0 0
lthumb 4.2619 23.5655 -0.0232432
rclavicle -1.98084e-14 2.70987e-14 -3.58534e-31
rhumerus -35.1958 -9.12856 -14.2635
rradius 102.647 -0 0
rwrist -10.2495 0 0
rhand -34.5427 -40.9908 0.0185714
rfingers 7.12502 -0 0
rthumb -7.7035 -70.8357 0.018265
696
root 5.31398 18.8961 3.79291 12.8311 -54.3735 2.9426
lfemur -49.4113 13.9023 26.339
ltibia 128.481 -0 0
lfoot 9.08652 -2.67417 -0.0357873
ltoes 34.1072 -0 0
rfemur -5.18431 0.736093 11.7726
rtibia 2.22616 -0 0
rfoot 15.0247 1.87047 -0.446774
rtoes 2.32742 -0 0
lowerback 3.13648 -3.73184 -2.53084
upperback -1.79448 -5.21587 -2.67092
thorax -3.63565 -2.58449 -0.99632
lowerneck -6.12647 -4.74054 -0.0799191
upperneck 4.02151 -6.66179 5.38278
head 2.54936 -3.16414 1.46338
lclavicle -1.07639e-14 2.83672e-14 -2.41277e-31
lhumerus 29.3882 -22.2988 10.3034
lradius 78.4407 -0 0
lwrist 30.6989 0 0
lhand -22.4017 -6.20691 -0.0375308
lfingers 7.12502 -0 0
lthumb 4.02139 23.7514 -0.0335184
rclavicle -1.07639e-14 2.83672e-14 -2.41277e-31
rhumerus -33.4776 -9.53605 -13.166
rradius 103.268 -0 0
rwrist -9.5528 0 0
rhand -34.965 -40.7958 0.0262631
rfingers 7.12502 -0 0
rthumb -8.11116 -70.6288 0.0259457
697
root 5.34049 19.1402 3.99951 13.0811 -57.1372 2.91458
lfemur -48.838 12.655 26.1
ltibia 126.814 -0 0
lfoot 8.53972 -1.85272 -0.0528118
ltoes 34.5807 -0 0
rfemur -5.26885 0.810758 11.1448
rtibia 1.12524 -0 0
rfoot 17.533 0.624557 -0.540565
rtoes 2.23376 -0 0
lowerback 3.1348 -3.39746 -2.54445
upperback -1.80917 -4.76923 -2.63228
thorax -3.6452 -2.36095 -0.971707
lowerneck -6.19635 -4.76783 -0.0881993
upperneck 3.79779 -6.6787 5.25973
head 2.48214 -3.1804 1.42421
lclavicle 1.0504e-15 2.91495e-14 2.98139e-31
lhumerus 27.8334 -21.0145 9.97406
lradius 76.8298 -0 0
lwrist 31.1472 0 0
lhand -22.466 -5.84999 -0.0374059
lfingers 7.12502 -0 0
lthumb 3.95925 24.1103 -0.0332635
rclavicle 1.0504e-15 2.91495e-14 2.98139e-31
rhumerus -31.7851 -10.0089 -12.6898
rradius 103.174 -0 0
rwrist -8.93571 0 0
rhand -35.3176 -40.7317 0.0247649
rfingers 7.12502 -0 0
rthumb -8.45153 -70.5533 0.0246766
698
root 5.37119 19.3744 4.18755 13.4765 -59.7325 2.77807
lfemur -47.837 11.2998 25.1554
ltibia 124.216 -0 0
lfoot 7.85979 -0.990875 -0.0596336
ltoes 34.6608 -0 0
rfemur -5.93074 0.586481 10.5669
rtibia 1.01766 -0 0
rfoot 19.7666 -0.898964 -0.53823
rtoes 2.24286 -0 0
lowerback 3.09225 -3.06268 -2.53421
upperback -1.82417 -4.31798 -2.53952
thorax -3.62916 -2.13462 -0.911614
lowerneck -6.32658 -4.79689 -0.0980293
upperneck 3.51125 -6.69287 5.08948
head 2.40306 -3.19727 1.36953
lclavicle 1.42007e-14 2.93456e-14 1.0503e-30
lhumerus 26.2106 -20.2975 10.1106
lradius 75.0831 -0 0
lwrist 31.5756 0 0
lhand -22.3973 -5.37649 -0.0298961
lfingers 7.12502 -0 0
lthumb 4.02558 24.58 -0.0264428
rclavicle 1.42007e-14 2.93456e-14 1.0503e-30
rhumerus -30.1141 -10.4767 -12.7116
rradius 102.586 -0 0
rwrist -8.40248 0 0
rhand -35.5867 -40.7465 0.0168705
rfingers 7.12502 -0 0
rthumb -8.71123 -70.5581 0.0171434
699
root 5.40347 19.599 4.36825 13.9573 -62.2107 2.56016
lfemur -46.5721 9.8626 23.7687
ltibia 120.978 -0 0
lfoot 7.12856 -0.188977 -0.053643
ltoes 34.4879 -0 0
rfemur -7.02453 0.195218 10.0059
rtibia 1.91641 -0 0
rfoot 21.6944 -2.5733 -0.452666
rtoes 2.4892 -0 0
lowerback 3.04482 -2.73731 -2.50769
upperback -1.8346 -3.87731 -2.41552
thorax -3.6046 -1.91338 -0.831428
lowerneck -6.48675 -4.83143 -0.11883
upperneck 3.18636 -6.71182 4.90047
head 2.3167 -3.21729 1.31034
lclavicle 2.72531e-14 2.88552e-14 1.69918e-30
lhumerus 24.5334 -19.9591 10.5446
lradius 73.2183 -0 0
lwrist 31.9277 0 0
lhand -22.2472 -4.85107 -0.0194456
lfingers 7.12502 -0 0
lthumb 4.1704 25.0981 -0.0170927
rclavicle 2.72531e-14 2.88552e-14 1.69918e-30
rhumerus -28.463 -10.8769 -13.1046
rradius 101.722 -0 0
rwrist -7.9574 0 0
rhand -35.7583 -40.7885 0.00625699
rfingers 7.12502 -0 0
rthumb -8.87684 -70.5922 0.00687655
700
root 5.43469 19.8142 4.55284 14.4466 -64.6236 2.30504
lfemur -45.2172 8.35833 22.2078
ltibia 117.393 -0 0
lfoot 6.4278 0.452655 -0.0370912
ltoes 34.2024 -0 0
rfemur -8.4074 -0.228889 9.42717
rtibia 3.83451 -0 0
rfoot 23.2862 -4.27411 -0.309792
rtoes 3.10725 -0 0
lowerback 3.0284 -2.43117 -2.47203
upperback -1.83599 -3.46242 -2.28302
thorax -3.58875 -1.70506 -0.746671
lowerneck -6.64645 -4.87518 -0.16003
upperneck 2.84761 -6.74268 4.72121
head 2.22764 -3.24297 1.25765
lclavicle 3.87739e-14 2.75783e-14 1.89629e-30
lhumerus 22.8107 -19.819 11.1009
lradius 71.2531 -0 0
lwrist 32.1468 0 0
lhand -22.0675 -4.33843 -0.00962783
lfingers 7.12502 -0 0
lthumb 4.34372 25.6024 -0.00841152
rclavicle 3.87739e-14 2.75783e-14 1.89629e-30
rhumerus -26.8339 -11.1544 -13.7384
rradius 100.801 -0 0
rwrist -7.60475 0 0
rhand -35.8186 -40.806 -0.00286037
rfingers 7.12502 -0 0
rthumb -8.93494 -70.6049 -0.00207343
701
root 5.46224 20.0203 4.75255 14.8457 -67.0236 2.07971
lfemur -43.9577 6.78206 20.7478
ltibia 113.752 -0 0
lfoot 5.8391 0.833839 -0.0163925
ltoes 33.9446 -0 0
rfemur -9.93874 -0.550796 8.78879
rtibia 6.78494 -0 0
rfoot 24.5136 -5.87956 -0.145161
rtoes 4.23134 -0 0
lowerback 3.07874 -2.15417 -2.43401
upperback -1.82432 -3.08855 -2.16469
thorax -3.59898 -1.51744 -0.672985
lowerneck -6.77522 -4.93191 -0.231088
upperneck 2.5195 -6.79212 4.58028
head 2.14045 -3.27676 1.22246
lclavicle 4.73292e-14 2.54146e-14 1.36003e-30
lhumerus 21.0545 -19.7073 11.5944
lradius 69.2054 -0 0
lwrist 32.1764 0 0
lhand -21.9103 -3.90328 -0.00274263
lfingers 7.12502 -0 0
lthumb 4.49545 26.0306 -0.00239231
rclavicle 4.73292e-14 2.54146e-14 1.36003e-30
rhumerus -25.2335 -11.2622 -14.4792
rradius 100.043 -0 0
rwrist -7.34881 0 0
rhand -35.7536 -40.7472 -0.00619812
rfingers 7.12502 -0 0
rthumb -8.87215 -70.5451 -0.00557946
702
root 5.48348 20.2176 4.97858 15.0206 -69.4639 1.98645
lfemur -42.9929 5.10773 19.6715
ltibia 110.347 0 0
lfoot 5.44387 0.854572 0
ltoes 33.8548 0 0
rfemur -11.4807 -0.635216 8.03971
rtibia 10.7807 0 0
rfoot 25.3505 -7.26972 0
rtoes 5.99607 0 0
lowerback 3.23151 -1.91623 -2.40015
upperback -1.79587 -2.77093 -2.08316
thorax -3.65277 -1.35826 -0.626102
lowerneck -6.84258 -5.0053 -0.341518
upperneck 2.22647 -6.86633 4.50628
head 2.0597 -3.32111 1.21579
lclavicle 5.14852e-14 2.22639e-14 0
lhumerus 19.2824 -19.4652 11.8285
lradius 67.0929 0 0
lwrist 31.9601 0 0
lhand -21.8273 -3.61034 0
lfingers 7.12502 0 0
lthumb 4.5755 26.3202 0
rclavicle 5.14852e-14 2.22639e-14 0
rhumerus -23.6716 -11.1607 -15.1904
rradius 99.6676 0 0
rwrist -7.19386 0 0
rhand -35.5495 -40.5603 0
rfingers 7.12502 0 0
rthumb -8.67505 -790.362 0
703
root 5.49651 20.3718 5.18647 14.9379 -71.4934 2.06251
lfemur -42.3617 3.59073 18.9652
ltibia 107.51 -0 0
lfoot 5.25679 0.550544 0.00777032
ltoes 33.8422 -0 0
rfemur -12.9177 -0.562656 7.32386
rtibia 15.3045 -0 0
rfoot 25.6192 -8.29624 0.0925882
rtoes 8.07974 -0 0
lowerback 3.44448 -1.75395 -2.36976
upperback -1.75681 -2.55706 -2.03585
thorax -3.73198 -1.25119 -0.603067
lowerneck -6.85638 -5.08181 -0.470338
upperneck 1.99909 -6.94937 4.49491
head 1.9953 -3.36763 1.23279
lclavicle 5.12637e-14 1.86212e-14 -1.6567e-30
lhumerus 17.7713 -19.2804 11.9105
lradius 65.2381 -0 0
lwrist 31.5496 0 0
lhand -21.7931 -3.46842 0.000290814
lfingers 7.12502 -0 0
lthumb 4.60855 26.4614 0.000276466
rclavicle 5.12637e-14 1.86212e-14 -1.6567e-30
rhumerus -22.4153 -10.8778 -15.8635
rradius 99.5871 -0 0
rwrist -7.17787 0 0
rhand -35.2342 -40.3093 0.010875
rfingers 7.12502 -0 0
rthumb -8.37059 -70.1188 0.0100511
704
root 5.50812 20.5244 5.4165 14.6694 -73.5892 2.27788
lfemur -41.6685 1.86394 18.1249
ltibia 104.193 -0 0
lfoot 5.12456 -0.0139854 0.0122577
ltoes 33.7497 -0 0
rfemur -14.7562 -0.484996 6.51255
rtibia 21.3826 -0 0
rfoot 25.4686 -9.37224 0.169972
rtoes 10.8134 -0 0
lowerback 3.72622 -1.61022 -2.3277
upperback -1.70292 -2.36887 -1.98391
thorax -3.8352 -1.15691 -0.579489
lowerneck -6.85707 -5.1756 -0.63703
upperneck 1.74986 -7.0531 4.50735
head 1.92513 -3.42464 1.26371
lclavicle 4.85718e-14 1.37718e-14 -3.60464e-30
lhumerus 16.1085 -19.2711 12.0889
lradius 63.1464 -0 0
lwrist 30.9248 0 0
lhand -21.7393 -3.35984 0.000484779
lfingers 7.12502 -0 0
lthumb 4.66044 26.5687 0.000458284
rclavicle 4.85718e-14 1.37718e-14 -3.60464e-30
rhumerus -21.1303 -10.3978 -16.7932
rradius 99.5225 -0 0
rwrist -7.27857 0 0
rhand -34.7581 -39.9955 0.0227346
rfingers 7.12502 -0 0
rthumb -7.911 -69.8175 0.0209592
705
root 5.51839 20.6736 5.66128 14.1836 -75.7094 2.67444
lfemur -40.9217 -0.00311405 17.1795
ltibia 100.534 -0 0
lfoot 5.03947 -0.780419 0.0136559
ltoes 33.5934 -0 0
rfemur -16.8924 -0.419355 5.63409
rtibia 28.6296 -0 0
rfoot 24.9845 -10.4743 0.223947
rtoes 14.0328 -0 0
lowerback 4.05903 -1.4835 -2.27664
upperback -1.63792 -2.20386 -1.92892
thorax -3.9562 -1.07416 -0.555889
lowerneck -6.84709 -5.28208 -0.831898
upperneck 1.48646 -7.17208 4.53902
head 1.8513 -3.48937 1.30541
lclavicle 4.39172e-14 8.00806e-15 -5.41777e-30
lhumerus 14.3428 -19.3983 12.3495
lradius 60.8935 -0 0
lwrist 30.1358 0 0
lhand -21.6711 -3.27975 0.000571791
lfingers 7.12502 -0 0
lthumb 4.7263 26.6473 0.000537166
rclavicle 4.39172e-14 8.00806e-15 -5.41777e-30
rhumerus -19.849 -9.75454 -17.908
rradius 99.4717 -0 0
rwrist -7.4717 0 0
rhand -34.1584 -39.6344 0.0331958
rfingers 7.12502 -0 0
rthumb -7.33201 -69.4724 0.0305496
706
root 5.52739 20.8174 5.9134 13.4259 -77.8118 3.31703
lfemur -40.1327 -1.94188 16.1592
ltibia 96.6687 -0 0
lfoot 4.9938 -1.69018 0.0127077
ltoes 33.3896 -0 0
rfemur -19.222 -0.378868 4.71787
rtibia 36.6602 -0 0
rfoot 24.2528 -11.5784 0.249352
rtoes 17.5736 -0 0
lowerback 4.42522 -1.37219 -2.21933
upperback -1.56555 -2.05953 -1.87251
thorax -4.08872 -1.00167 -0.532764
lowerneck -6.82896 -5.39666 -1.04524
upperneck 1.21657 -7.30089 4.58525
head 1.77592 -3.55903 1.35475
lclavicle 3.78072e-14 1.62211e-15 -6.70496e-30
lhumerus 12.5234 -19.6236 12.6767
lradius 58.555 -0 0
lwrist 29.2329 0 0
lhand -21.5935 -3.22326 0.000569968
lfingers 7.12502 -0 0
lthumb 4.8013 26.7021 0.00053186
rclavicle 3.78072e-14 1.62211e-15 -6.70496e-30
rhumerus -18.6017 -8.98572 -19.139
rradius 99.4324 -0 0
rwrist -7.73299 0 0
rhand -33.472 -39.2412 0.0402846
rfingers 7.12502 -0 0
rthumb -6.66934 -69.0978 0.0370275
707
root 5.53521 20.9541 6.16548 12.3042 -79.8536 4.30775
lfemur -39.3169 -3.88511 15.0968
ltibia 92.7346 -0 0
lfoot 4.97985 -2.68467 0.0103676
ltoes 33.1544 -0 0
rfemur -21.6406 -0.371533 3.79425
rtibia 45.0891 -0 0
rfoot 23.3598 -12.6603 0.244787
rtoes 21.2713 -0 0
lowerback 4.80706 -1.27468 -2.15863
upperback -1.48954 -1.93338 -1.81632
thorax -4.22655 -0.938189 -0.510591
lowerneck -6.80523 -5.51475 -1.26734
upperneck 0.947924 -7.43417 4.64129
head 1.7011 -3.63085 1.40859
lclavicle 3.07495e-14 -5.09383e-15 -7.18759e-30
lhumerus 10.7003 -19.9102 13.0522
lradius 56.2064 -0 0
lwrist 28.2663 0 0
lhand -21.5114 -3.18552 0.000509139
lfingers 7.12502 -0 0
lthumb 4.88056 26.738 0.000471982
rclavicle 3.07495e-14 -5.09383e-15 -7.18759e-30
rhumerus -17.4161 -8.13308 -20.4206
rradius 99.4021 -0 0
rwrist -8.03817 0 0
rhand -32.736 -38.8315 0.0427042
rfingers 7.12502 -0 0
rthumb -5.95878 -68.708 0.0392191
708
root 5.54194 21.0817 6.41011 10.6629 -81.7914 5.81226
lfemur -38.4944 -5.76721 14.0281
ltibia 88.8687 -0 0
lfoot 4.9899 -3.70529 0.0075425
ltoes 32.9041 -0 0
rfemur -24.0433 -0.399591 2.89411
rtibia 53.5309 -0 0
rfoot 22.3913 -13.6955 0.212957
rtoes 24.9617 -0 0
lowerback 5.18681 -1.18924 -2.09742
upperback -1.41365 -1.82287 -1.762
thorax -4.36344 -0.882473 -0.489836
lowerneck -6.77855 -5.6318 -1.48846
upperneck 0.688283 -7.56663 4.70229
head 1.62899 -3.70208 1.46375
lclavicle 2.32514e-14 -1.18475e-14 -6.75128e-30
lhumerus 8.92498 -20.2231 13.455
lradius 53.9235 -0 0
lwrist 27.2864 0 0
lhand -21.4299 -3.16166 0.0004186
lfingers 7.12502 -0 0
lthumb 4.95923 26.76 0.000386064
rclavicle 2.32514e-14 -1.18475e-14 -6.75128e-30
rhumerus -16.3155 -7.24223 -21.6905
rradius 99.3786 -0 0
rwrist -8.36296 0 0
rhand -31.9875 -38.4207 0.0400077
rfingers 7.12502 -0 0
rthumb -5.23613 -68.3175 0.0367254
709
root 5.54765 21.1985 6.63989 8.23343 -83.5804 8.10889
lfemur -37.6904 -7.5245 12.9926
ltibia 85.2079 -0 0
lfoot 5.01619 -4.69343 0.00491201
ltoes 32.6548 -0 0
rfemur -26.3256 -0.459495 2.04829
rtibia 61.6002 -0 0
rfoot 21.4331 -14.6595 0.160668
rtoes 28.4803 -0 0
lowerback 5.54674 -1.11409 -2.03865
upperback -1.3416 -1.72547 -1.71122
thorax -4.49316 -0.833277 -0.47096
lowerneck -6.75161 -5.74329 -1.69885
upperneck 0.445456 -7.693 4.76334
head 1.56173 -3.76998 1.51706
lclavicle 1.58206e-14 -1.83468e-14 -5.47173e-30
lhumerus 7.25042 -20.5295 13.8607
lradius 51.7818 -0 0
lwrist 26.3433 0 0
lhand -21.3541 -3.14681 0.000319145
lfingers 7.12502 -0 0
lthumb 5.03246 26.7732 0.000293826
rclavicle 1.58206e-14 -1.83468e-14 -5.47173e-30
rhumerus -15.319 -6.36206 -22.8897
rradius 99.3596 -0 0
rwrist -8.68311 0 0
rhand -31.2635 -38.0243 0.0326686
rfingers 7.12502 -0 0
rthumb -4.53718 -67.9406 0.0299843
710
root 5.55242 21.3026 6.84743 4.54468 -85.174 11.6786
lfemur -36.9354 -9.09529 12.0339
ltibia 81.8892 -0 0
lfoot 5.05095 -5.59049 0.0028267
ltoes 32.4227 -0 0
rfemur -28.383 -0.542457 1.287
rtibia 68.9118 -0 0
rfoot 20.5705 -15.5283 0.0984393
rtoes 31.6629 -0 0
lowerback 5.86911 -1.04739 -1.98526
upperback -1.27715 -1.63864 -1.66564
thorax -4.60946 -0.789369 -0.454419
lowerneck -6.72722 -5.84471 -1.88871
upperneck 0.227294 -7.80813 4.81942
head 1.50149 -3.83181 1.56533
lclavicle 8.96439e-15 -2.42994e-14 -3.61471e-30
lhumerus 5.73144 -20.7984 14.2424
lradius 49.8569 -0 0
lwrist 25.4874 0 0
lhand -21.2889 -3.13611 0.000219373
lfingers 7.12502 -0 0
lthumb 5.09539 26.7825 0.000202661
rclavicle 8.96439e-15 -2.42994e-14 -3.61471e-30
rhumerus -14.442 -5.54406 -23.9619
rradius 99.3429 -0 0
rwrist -8.97434 0 0
rhand -30.6011 -37.6577 0.0220506
rfingers 7.12502 -0 0
rthumb -3.89771 -67.5917 0.0202433
711
root 5.55635 21.3921 7.02532 -1.21598 -86.5218 17.3439
lfemur -36.2645 -10.4198 11.1996
ltibia 79.0495 -0 0
lfoot 5.08641 -6.33789 0.00128671
ltoes 32.224 -0 0
rfemur -30.1114 -0.635568 0.63949
rtibia 75.0802 -0 0
rfoot 19.8884 -16.2785 0.0397607
rtoes 34.3451 -0 0
lowerback 6.13617 -0.987227 -1.9402
upperback -1.22403 -1.55983 -1.62694
thorax -4.70611 -0.749517 -0.440669
lowerneck -6.70821 -5.9316 -2.04827
upperneck 0.041685 -7.90686 4.86547
head 1.45042 -3.88484 1.60537
lclavicle 3.19039e-15 -2.94131e-14 -1.61007e-30
lhumerus 4.42419 -21.0011 14.5704
lradius 48.2246 -0 0
lwrist 24.7688 0 0
lhand -21.2394 -3.12468 0.000116257
lfingers 7.12502 -0 0
lthumb 5.14316 26.7928 0.000108353
rclavicle 3.19039e-15 -2.94131e-14 -1.61007e-30
rhumerus -13.6961 -4.84143 -24.8526
rradius 99.326 -0 0
rwrist -9.21239 0 0
rhand -30.0374 -37.3363 0.0102766
rfingers 7.12502 -0 0
rthumb -3.35345 -67.285 0.0094407
712
root 5.5595 21.4652 7.16618 -10.2295 -87.5699 26.2955
lfemur -35.7161 -11.4398 10.5402
ltibia 76.8259 0 0
lfoot 5.11479 -6.87706 0
ltoes 32.075 0 0
rfemur -31.4071 -0.723453 0.133994
rtibia 79.7202 0 0
rfoot 19.4715 -16.8869 0
rtoes 36.3626 0 0
lowerback 6.3302 -0.931647 -1.90644
upperback -1.18597 -1.48648 -1.59679
thorax -4.77687 -0.712493 -0.430163
lowerneck -6.69745 -5.99949 -2.1677
upperneck -0.10346 -7.9841 4.89637
head 1.41072 -3.92637 1.63396
lclavicle -9.93923e-16 -3.33958e-14 0
lhumerus 3.3859 -21.11 14.814
lradius 46.9604 0 0
lwrist 24.2378 0 0
lhand -21.2107 -3.10767 0
lfingers 7.12502 0 0
lthumb 5.17091 26.8092 0
rclavicle -9.93923e-16 -3.33958e-14 0
rhumerus -13.0914 -4.30833 -25.5084
rradius 99.3067 0 0
rwrist -9.37298 0 0
rhand -29.6093 -37.0755 0
rfingers 7.12502 0 0
rthumb -2.94013 -787.035 0
713
root 5.53939 21.5033 7.37602 -44.6884 -88.7415 60.8466
lfemur -34.9956 -12.498 9.82684
ltibia 72.9483 0 0
lfoot 5.88796 -7.45612 0
ltoes 31.4781 0 0
rfemur -32.4126 -0.866112 -0.557946
rtibia 85.7264 0 0
rfoot 20.2108 -17.8752 0
rtoes 38.6021 0 0
lowerback 6.25975 -0.823868 -1.884
upperback -1.21556 -1.33879 -1.58353
thorax -4.76869 -0.63977 -0.445101
lowerneck -6.74521 -6.14589 -2.26055
upperneck -0.212131 -8.17026 4.91549
head 1.39624 -4.02082 1.64825
lclavicle -1.2921e-14 -4.41302e-14 0
lhumerus 1.71129 -20.9172 15.4022
lradius 45.9936 0 0
lwrist 23.5511 0 0
lhand -21.4933 -3.18174 0
lfingers 7.12502 0 0
lthumb 4.89802 26.7416 0
rclavicle -1.2921e-14 -4.41302e-14 0
rhumerus -12.3454 -3.453 -26.3227
rradius 99.2425 0 0
rwrist -9.46951 0 0
rhand -28.5883 -36.048 0
rfingers 7.12502 0 0
rthumb -1.95411 -786.019 0
714
root 5.51632 21.5248 7.5857 -114.811 -88.5347 131.091
lfemur -34.2732 -13.513 9.15372
ltibia 69.0394 0 0
lfoot 6.68345 -8.29926 0
ltoes 30.7132 0 0
rfemur -33.219 -1.14835 -1.23526
rtibia 91.4966 0 0
rfoot 20.8563 -19.1874 0
rtoes 40.821 0 0
lowerback 6.14711 -0.699867 -1.84115
upperback -1.26194 -1.16723 -1.5753
thorax -4.75466 -0.555866 -0.47938
lowerneck -6.80973 -6.29731 -2.34534
upperneck -0.317173 -8.36323 4.91648
head 1.38488 -4.11871 1.65447
lclavicle 3.77691e-15 -7.95139e-16 0
lhumerus -0.00677256 -20.6113 16.0088
lradius 45.2287 0 0
lwrist 22.9737 0 0
lhand -21.8284 -3.2593 0
lfingers 7.12502 0 0
lthumb 4.57444 26.6713 0
rclavicle 3.77691e-15 -7.95139e-16 0
rhumerus -11.6072 -2.62759 -27.0112
rradius 99.2225 0 0
rwrist -9.63092 0 0
rhand -27.5551 -34.9797 0
rfingers 7.12502 0 0
rthumb -0.956194 -784.957 0
715
root 5.48503 21.4809 7.67643 -142.036 -87.3445 158.385
lfemur -34.25 -13.2311 8.92746
ltibia 68.8748 -0 0
lfoot 6.43968 -8.05349 -0.0689626
ltoes 30.6439 -0 0
rfemur -33.0396 -1.3298 -1.0145
rtibia 91.2262 -0 0
rfoot 20.5278 -19.3348 0.0500713
rtoes 40.3134 -0 0
lowerback 6.10379 -0.654097 -1.83602
upperback -1.26021 -1.10424 -1.59606
thorax -4.72668 -0.525153 -0.505493
lowerneck -6.79717 -6.305 -2.33566
upperneck -0.339321 -8.37256 4.92386
head 1.37596 -4.12316 1.6557
lclavicle 3.80533e-15 -6.29015e-16 3.22077e-32
lhumerus -0.454205 -20.8443 16.6408
lradius 45.4346 -0 0
lwrist 22.8712 0 0
lhand -21.8133 -3.28541 -0.000471857
lfingers 7.12502 -0 0
lthumb 4.58902 26.6448 -0.000463471
rclavicle 3.80533e-15 -6.29015e-16 3.22077e-32
rhumerus -11.4098 -2.18279 -27.6065
rradius 99.0638 -0 0
rwrist -9.49646 0 0
rhand -27.5044 -34.844 0.00562111
rfingers 7.12502 -0 0
rthumb -0.90725 -64.8211 0.00544224
716
root 5.45103 21.4332 7.77489 -152.025 -85.8109 168.45
lfemur -34.227 -12.9225 8.68231
ltibia 68.7005 -0 0
lfoot 6.17297 -7.78459 -0.142905
ltoes 30.57 -0 0
rfemur -32.8442 -1.52795 -0.77401
rtibia 90.9254 -0 0
rfoot 20.1693 -19.4942 0.103697
rtoes 39.7588 -0 0
lowerback 6.05677 -0.604433 -1.83058
upperback -1.25832 -1.03589 -1.61868
thorax -4.69628 -0.491816 -0.533843
lowerneck -6.78343 -6.31322 -2.32507
upperneck -0.36331 -8.38252 4.93194
head 1.36628 -4.12791 1.65706
lclavicle 3.79998e-15 -5.0219e-16 5.87174e-32
lhumerus -0.942819 -21.093 17.331
lradius 45.6596 -0 0
lwrist 22.7603 0 0
lhand -21.7964 -3.31381 -0.000981026
lfingers 7.12502 -0 0
lthumb 4.60536 26.6159 -0.000963656
rclavicle 3.79998e-15 -5.0219e-16 5.87174e-32
rhumerus -11.2011 -1.69752 -28.2515
rradius 98.8911 -0 0
rwrist -9.34992 0 0
rhand -27.4503 -34.6976 0.0116368
rfingers 7.12502 -0 0
rthumb -0.855011 -64.6744 0.0112666
717
root 5.41441 21.3817 7.88082 -156.824 -84.0948 173.331
lfemur -34.2047 -12.5881 8.41897
ltibia 68.5168 -0 0
lfoot 5.88399 -7.49324 -0.221309
ltoes 30.4916 -0 0
rfemur -32.6336 -1.74246 -0.514607
rtibia 90.5952 -0 0
rfoot 19.7819 -19.6653 0.160496
rtoes 39.1585 -0 0
lowerback 6.0062 -0.551003 -1.82483
upperback -1.25628 -0.962375 -1.64308
thorax -4.66354 -0.455937 -0.564351
lowerneck -6.76854 -6.32196 -2.31359
upperneck -0.389077 -8.39309 4.94069
head 1.35584 -4.13294 1.65853
lclavicle 3.76221e-15 -4.13496e-16 7.96071e-32
lhumerus -1.47228 -21.3553 18.0785
lradius 45.903 -0 0
lwrist 22.6411 0 0
lhand -21.7777 -3.34444 -0.00152364
lfingers 7.12502 -0 0
lthumb 4.62341 26.5848 -0.00149675
rclavicle 3.76221e-15 -4.13496e-16 7.96071e-32
rhumerus -10.9829 -1.17256 -28.9441
rradius 98.7049 -0 0
rwrist -9.1917 0 0
rhand -27.3929 -34.5408 0.018002
rfingers 7.12502 -0 0
rthumb -0.799586 -64.5172 0.0174293
718
root 5.37524 21.3265 7.99397 -159.572 -82.2352 176.166
lfemur -34.1833 -12.2288 8.13818
ltibia 68.324 -0 0
lfoot 5.57341 -7.1801 -0.303646
ltoes 30.4087 -0 0
rfemur -32.4083 -1.97302 -0.237119
rtibia 90.2364 -0 0
rfoot 19.3664 -19.8477 0.220081
rtoes 38.5143 -0 0
lowerback 5.95218 -0.493933 -1.81879
upperback -1.2541 -0.883857 -1.66921
thorax -4.62856 -0.4176 -0.596939
lowerneck -6.75255 -6.33119 -2.30125
upperneck -0.416563 -8.40424 4.95009
head 1.34469 -4.13824 1.66012
lclavicle 3.69334e-15 -3.61765e-16 9.50237e-32
lhumerus -2.04226 -21.6292 18.8822
lradius 46.1642 -0 0
lwrist 22.5141 0 0
lhand -21.7573 -3.37721 -0.00209574
lfingers 7.12502 -0 0
lthumb 4.64311 26.5515 -0.00205887
rclavicle 3.69334e-15 -3.61765e-16 9.50237e-32
rhumerus -10.7572 -0.608713 -29.6822
rradius 98.5057 -0 0
rwrist -9.02215 0 0
rhand -27.3324 -34.3739 0.0246724
rfingers 7.12502 -0 0
rthumb -0.741076 -64.35 0.0238877
719
root 5.33363 21.2679 8.11408 -161.323 -80.2476 178.009
lfemur -34.1632 -11.8454 7.84064
ltibia 68.1225 -0 0
lfoot 5.24188 -6.84583 -0.389376
ltoes 30.3216 -0 0
rfemur -32.1693 -2.21929 0.0576235
rtibia 89.8502 -0 0
rfoot 18.9237 -20.0412 0.28206
rtoes 37.8276 -0 0
lowerback 5.89484 -0.43335 -1.8125
upperback -1.2518 -0.800517 -1.69701
thorax -4.59141 -0.376885 -0.63153
lowerneck -6.73549 -6.34091 -2.28808
upperneck -0.445708 -8.41596 4.96013
head 1.33284 -4.14381 1.66181
lclavicle 3.59473e-15 -3.45827e-16 1.05175e-31
lhumerus -2.65241 -21.9126 19.741
lradius 46.4425 -0 0
lwrist 22.3795 0 0
lhand -21.7352 -3.41205 -0.00269328
lfingers 7.12502 -0 0
lthumb 4.66439 26.5161 -0.00264603
rclavicle 3.59473e-15 -3.45827e-16 1.05175e-31
rhumerus -10.5257 -0.00681771 -30.4639
rradius 98.2939 -0 0
rwrist -8.84172 0 0
rhand -27.2687 -34.1974 0.0316
rfingers 7.12502 -0 0
rthumb -0.679611 -64.1731 0.030595
720
root 5.28966 21.2058 8.24091 -162.519 -78.141 179.303
lfemur -34.1448 -11.4387 7.52705
ltibia 67.9126 -0 0
lfoot 4.89006 -6.49112 -0.477951
ltoes 30.2305 -0 0
rfemur -31.9172 -2.48095 0.368792
rtibia 89.4374 -0 0
rfoot 18.455 -20.2454 0.346035
rtoes 37.0999 -0 0
lowerback 5.8343 -0.369382 -1.80597
upperback -1.24938 -0.712529 -1.7264
thorax -4.55219 -0.333879 -0.668042
lowerneck -6.7174 -6.35109 -2.27411
upperneck -0.476451 -8.42822 4.97076
head 1.32032 -4.14964 1.66361
lclavicle 3.46771e-15 -3.64514e-16 1.10324e-31
lhumerus -3.30235 -22.2032 20.6538
lradius 46.7374 -0 0
lwrist 22.2375 0 0
lhand -21.7116 -3.44887 -0.00331218
lfingers 7.12502 -0 0
lthumb 4.6872 26.4787 -0.00325422
rclavicle 3.46771e-15 -3.64514e-16 1.10324e-31
rhumerus -10.2905 0.632265 -31.2873
rradius 98.0699 -0 0
rwrist -8.6508 0 0
rhand -27.2021 -34.0116 0.0387411
rfingers 7.12502 -0 0
rthumb -0.615281 -63.9869 0.0375091
721
root 5.24341 21.1405 8.37419 -163.375 -75.9219 -179.736
lfemur -34.1286 -11.0098 7.19811
ltibia 67.6947 -0 0
lfoot 4.51864 -6.11663 -0.568821
ltoes 30.1354 -0 0
rfemur -31.6529 -2.75769 0.695556
rtibia 88.999 -0 0
rfoot 17.961 -20.46 0.411606
rtoes 36.3328 -0 0
lowerback 5.77069 -0.302157 -1.79922
upperback -1.24686 -0.620071 -1.75734
thorax -4.51096 -0.288658 -0.706401
lowerneck -6.69833 -6.36171 -2.25938
upperneck -0.508731 -8.44099 4.98198
head 1.30716 -4.1557 1.66551
lclavicle 3.31362e-15 -4.16657e-16 1.1078e-31
lhumerus -3.99168 -22.4989 21.6197
lradius 47.0482 -0 0
lwrist 22.0884 0 0
lhand -21.6865 -3.48761 -0.00394833
lfingers 7.12502 -0 0
lthumb 4.71148 26.4393 -0.00387941
rclavicle 3.31362e-15 -4.16657e-16 1.1078e-31
rhumerus -10.0533 1.30763 -32.1505
rradius 97.8343 -0 0
rwrist -8.44977 0 0
rhand -27.1327 -33.8168 0.0460473
rfingers 7.12502 -0 0
rthumb -0.548221 -63.7916 0.0445832
722
root 5.19499 21.072 8.51367 -164.01 -73.5957 -178.993
lfemur -34.1148 -10.5594 6.85448
ltibia 67.469 -0 0
lfoot 4.12827 -5.72304 -0.66143
ltoes 30.0365 -0 0
rfemur -31.3771 -3.04916 1.03709
rtibia 88.536 -0 0
rfoot 17.4427 -20.6846 0.478373
rtoes 35.5278 -0 0
lowerback 5.70413 -0.2318 -1.79228
upperback -1.24425 -0.523318 -1.78976
thorax -4.46782 -0.241308 -0.746527
lowerneck -6.6783 -6.37276 -2.2439
upperneck -0.542488 -8.45426 4.99377
head 1.29338 -4.162 1.6675
lclavicle 3.13381e-15 -5.01088e-16 1.0689e-31
lhumerus -4.71992 -22.7974 22.6375
lradius 47.3743 -0 0
lwrist 21.9326 0 0
lhand -21.6598 -3.52818 -0.00459761
lfingers 7.12502 -0 0
lthumb 4.73718 26.398 -0.00451752
rclavicle 3.13381e-15 -5.01088e-16 1.0689e-31
rhumerus -9.81609 2.01833 -33.0516
rradius 97.5874 -0 0
rwrist -8.23899 0 0
rhand -27.0605 -33.6134 0.0534742
rfingers 7.12502 -0 0
rthumb -0.478534 -63.5878 0.0517741
723
root 5.14447 21.0006 8.6591 -164.491 -71.1674 -178.397
lfemur -34.1038 -10.0884 6.49684
ltibia 67.2358 -0 0
lfoot 3.71964 -5.31104 -0.755226
ltoes 29.9339 -0 0
rfemur -31.0904 -3.35502 1.39257
rtibia 88.0494 -0 0
rfoot 16.9011 -20.919 0.545938
rtoes 34.6864 -0 0
lowerback 5.63474 -0.158441 -1.78516
upperback -1.24157 -0.422446 -1.8236
thorax -4.42285 -0.19191 -0.788343
lowerneck -6.65736 -6.38422 -2.22772
upperneck -0.577663 -8.468 5.00609
head 1.279 -4.16852 1.66959
lclavicle 2.92961e-15 -6.16638e-16 9.90386e-32
lhumerus -5.48654 -23.0964 23.7059
lradius 47.7151 -0 0
lwrist 21.7703 0 0
lhand -21.6318 -3.57051 -0.0052559
lfingers 7.12502 -0 0
lthumb 4.76424 26.355 -0.00516454
rclavicle 2.92961e-15 -6.16638e-16 9.90386e-32
rhumerus -9.58076 2.76335 -33.989
rradius 97.3298 -0 0
rwrist -8.01893 0 0
rhand -26.9857 -33.4017 0.0609768
rfingers 7.12502 -0 0
rthumb -0.406329 -63.3756 0.0590383
724
root 5.09195 20.9263 8.81023 -164.863 -68.6419 -177.906
lfemur -34.096 -9.59784 6.12583
ltibia 66.9957 -0 0
lfoot 3.29343 -4.88132 -0.849657
ltoes 29.8279 -0 0
rfemur -30.7938 -3.67495 1.76119
rtibia 87.5402 -0 0
rfoot 16.3372 -21.1627 0.613903
rtoes 33.8102 -0 0
lowerback 5.56264 -0.0822046 -1.77788
upperback -1.23882 -0.317631 -1.8588
thorax -4.37612 -0.140546 -0.831769
lowerneck -6.63555 -6.39607 -2.21086
upperneck -0.614193 -8.48218 5.01893
head 1.26406 -4.17526 1.67176
lclavicle 2.70237e-15 -7.62138e-16 8.76348e-32
lhumerus -6.2909 -23.3935 24.8237
lradius 48.07 -0 0
lwrist 21.6017 0 0
lhand -21.6025 -3.61452 -0.00591914
lfingers 7.12502 -0 0
lthumb 4.79259 26.3102 -0.00581644
rclavicle 2.70237e-15 -7.62138e-16 8.76348e-32
rhumerus -9.34916 3.54165 -34.9609
rradius 97.0619 -0 0
rwrist -7.78997 0 0
rhand -26.9085 -33.1822 0.0685105
rfingers 7.12502 -0 0
rthumb -0.331721 -63.1556 0.0663327
725
root 5.03751 20.8492 8.9668 -165.153 -66.0235 -177.491
lfemur -34.0917 -9.08849 5.74211
ltibia 66.7487 -0 0
lfoot 2.85033 -4.43457 -0.944177
ltoes 29.7185 -0 0
rfemur -30.4879 -4.00858 2.14212
rtibia 87.0093 -0 0
rfoot 15.7518 -21.4155 0.681877
rtoes 32.9007 -0 0
lowerback 5.48796 -0.00321985 -1.77047
upperback -1.23602 -0.209048 -1.89529
thorax -4.32774 -0.0872997 -0.876729
lowerneck -6.61291 -6.40829 -2.19334
upperneck -0.65202 -8.49679 5.03226
head 1.24857 -4.18219 1.67402
lclavicle 2.45342e-15 -9.3642e-16 7.31098e-32
lhumerus -7.1323 -23.6865 25.9896
lradius 48.4383 -0 0
lwrist 21.4272 0 0
lhand -21.5718 -3.66013 -0.00658329
lfingers 7.12502 -0 0
lthumb 4.82218 26.2638 -0.00646927
rclavicle 2.45342e-15 -9.3642e-16 7.31098e-32
rhumerus -9.12316 4.35211 -35.9659
rradius 96.7841 -0 0
rwrist -7.55249 0 0
rhand -26.8289 -32.9551 0.0760318
rfingers 7.12502 -0 0
rthumb -0.254822 -62.928 0.073615
726
root 4.98124 20.7695 9.12856 -165.38 -63.3169 -177.133
lfemur -34.0914 -8.56129 5.34628
ltibia 66.4954 -0 0
lfoot 2.39104 -3.97149 -1.03825
ltoes 29.6059 -0 0
rfemur -30.1734 -4.35556 2.53457
rtibia 86.4576 -0 0
rfoot 15.1461 -21.677 0.749474
rtoes 31.9594 -0 0
lowerback 5.41081 0.0783863 -1.76295
upperback -1.23318 -0.0968751 -1.93302
thorax -4.27777 -0.0322531 -0.923143
lowerneck -6.58947 -6.42087 -2.1752
upperneck -0.691082 -8.5118 5.04606
head 1.23256 -4.18932 1.67636
lclavicle 2.1841e-15 -1.13832e-15 5.59103e-32
lhumerus -8.00989 -23.9731 27.2022
lradius 48.8195 -0 0
lwrist 21.2471 0 0
lhand -21.5399 -3.70726 -0.0072444
lfingers 7.12502 -0 0
lthumb 4.85295 26.2159 -0.00711913
rclavicle 2.1841e-15 -1.13832e-15 5.59103e-32
rhumerus -8.90458 5.19354 -37.0024
rradius 96.497 -0 0
rwrist -7.30688 0 0
rhand -26.747 -32.7209 0.0834979
rfingers 7.12502 -0 0
rthumb -0.175744 -62.6932 0.080844
727
root 4.92324 20.6874 9.29525 -165.559 -60.5264 -176.819
lfemur -34.0952 -8.01714 4.93896
ltibia 66.2359 -0 0
lfoot 1.91627 -3.49281 -1.13133
ltoes 29.4902 -0 0
rfemur -29.8512 -4.7155 2.93774
rtibia 85.8862 -0 0
rfoot 14.5208 -21.9468 0.816314
rtoes 30.9879 -0 0
lowerback 5.33133 0.162486 -1.75534
upperback -1.23031 0.0187132 -1.97192
thorax -4.2263 0.024511 -0.970935
lowerneck -6.56528 -6.43378 -2.15648
upperneck -0.731319 -8.52719 5.06031
head 1.21607 -4.19663 1.67877
lclavicle 1.89576e-15 -1.36666e-15 3.6493e-32
lhumerus -8.92273 -24.2509 28.4598
lradius 49.2128 -0 0
lwrist 21.0616 0 0
lhand -21.5069 -3.75585 -0.00789859
lfingers 7.12502 -0 0
lthumb 4.88484 26.1664 -0.00776221
rclavicle 1.89576e-15 -1.36666e-15 3.6493e-32
rhumerus -8.6952 6.0647 -38.069
rradius 96.201 -0 0
rwrist -7.05356 0 0
rhand -26.663 -32.4798 0.0908672
rfingers 7.12502 -0 0
rthumb -0.0946003 -62.4516 0.0879792
728
root 4.86359 20.6028 9.46662 -165.698 -57.6564 -176.538
lfemur -34.1035 -7.45696 4.52074
ltibia 65.9708 -0 0
lfoot 1.42673 -2.99925 -1.22292
ltoes 29.3716 -0 0
rfemur -29.5218 -5.08803 3.35084
rtibia 85.2961 -0 0
rfoot 13.877 -22.2245 0.882029
rtoes 29.9877 -0 0
lowerback 5.24962 0.248953 -1.74765
upperback -1.22743 0.13754 -2.01194
thorax -4.17342 0.0829097 -1.02003
lowerneck -6.54037 -6.44701 -2.13719
upperneck -0.77267 -8.54293 5.07498
head 1.1991 -4.2041 1.68125
lclavicle 1.58973e-15 -1.62027e-15 1.53195e-32
lhumerus -9.86974 -24.5177 29.7609
lradius 49.6177 -0 0
lwrist 20.871 0 0
lhand -21.4728 -3.80581 -0.00854209
lfingers 7.12502 -0 0
lthumb 4.9178 26.1156 -0.00839479
rclavicle 1.58973e-15 -1.62027e-15 1.53195e-32
rhumerus -8.49678 6.9643 -39.1645
rradius 95.8964 -0 0
rwrist -6.79291 0 0
rhand -26.5769 -32.2323 0.0980994
rfingers 7.12502 -0 0
rthumb -0.0115053 -62.2034 0.0949817
729
root 4.80238 20.5161 9.64241 -165.805 -54.7112 -176.284
lfemur -34.1166 -6.88166 4.0922
ltibia 65.7002 -0 0
lfoot 0.923152 -2.49152 -1.31251
ltoes 29.2503 -0 0
rfemur -29.1861 -5.47274 3.77311
rtibia 84.6881 -0 0
rfoot 13.2156 -22.5098 0.946257
rtoes 28.9602 -0 0
lowerback 5.16582 0.337658 -1.7399
upperback -1.22453 0.259431 -2.05301
thorax -4.1192 0.14286 -1.07034
lowerneck -6.51478 -6.46054 -2.11736
upperneck -0.815076 -8.559 5.09006
head 1.18169 -4.21174 1.6838
lclavicle 1.26736e-15 -1.89799e-15 -7.14833e-33
lhumerus -10.8497 -24.7713 31.1036
lradius 50.0336 -0 0
lwrist 20.6757 0 0
lhand -21.4376 -3.85706 -0.00917123
lfingers 7.12502 -0 0
lthumb 4.95176 26.0634 -0.00901328
rclavicle 1.26736e-15 -1.89799e-15 -7.14833e-33
rhumerus -8.31105 7.89094 -40.2877
rradius 95.5839 -0 0
rwrist -6.52532 0 0
rhand -26.489 -31.9786 0.105156
rfingers 7.12502 -0 0
rthumb 0.0734276 -61.9492 0.101814
730
root 4.7397 20.4272 9.82238 -165.886 -51.6952 -176.049
lfemur -34.1348 -6.29216 3.65391
ltibia 65.4245 -0 0
lfoot 0.406263 -1.97038 -1.3996
ltoes 29.1263 -0 0
rfemur -28.8447 -5.86922 4.20377
rtibia 84.0634 -0 0
rfoot 12.5377 -22.8022 1.00865
rtoes 27.9072 -0 0
lowerback 5.08005 0.428474 -1.73213
upperback -1.22165 0.384208 -2.09507
thorax -4.06374 0.204278 -1.1218
lowerneck -6.48856 -6.47436 -2.09704
upperneck -0.858475 -8.57538 5.10551
head 1.16386 -4.21952 1.68642
lclavicle 9.29989e-16 -2.19866e-15 -3.04535e-32
lhumerus -11.8612 -25.0095 32.4861
lradius 50.4598 -0 0
lwrist 20.4758 0 0
lhand -21.4014 -3.90952 -0.00978248
lfingers 7.12502 -0 0
lthumb 4.98667 26.01 -0.00961421
rclavicle 9.29989e-16 -2.19866e-15 -3.04535e-32
rhumerus -8.13966 8.8432 -41.4374
rradius 95.2638 -0 0
rwrist -6.25121 0 0
rhand -26.3993 -31.7192 0.111998
rfingers 7.12502 -0 0
rthumb 0.160084 -61.6892 0.108439
731
root 4.67564 20.3363 10.0063 -165.944 -48.6126 -175.831
lfemur -34.1583 -5.6894 3.20641
ltibia 65.1441 -0 0
lfoot -0.123191 -1.43656 -1.48373
ltoes 28.9999 -0 0
rfemur -28.4983 -6.27704 4.64208
rtibia 83.4227 -0 0
rfoot 11.8442 -23.1014 1.06888
rtoes 26.83 -0 0
lowerback 4.99242 0.521274 -1.72433
upperback -1.21877 0.511696 -2.13806
thorax -4.0071 0.267082 -1.17433
lowerneck -6.46173 -6.48844 -2.07624
upperneck -0.902806 -8.59205 5.12133
head 1.14565 -4.22744 1.68909
lclavicle 5.78952e-16 -2.52109e-15 -5.41479e-32
lhumerus -12.9027 -25.2302 33.9063
lradius 50.8957 -0 0
lwrist 20.2717 0 0
lhand -21.3644 -3.96313 -0.0103725
lfingers 7.12502 -0 0
lthumb 5.02247 25.9555 -0.0101942
rclavicle 5.78952e-16 -2.52109e-15 -5.41479e-32
rhumerus -7.98427 9.81956 -42.6127
rradius 94.9366 -0 0
rwrist -5.97095 0 0
rhand -26.3079 -31.4544 0.118592
rfingers 7.12502 -0 0
rthumb 0.248349 -61.4237 0.114823
732
root 4.61028 20.2436 10.1938 -165.983 -45.4679 -175.626
lfemur -34.1874 -5.07429 2.75025
ltibia 64.8592 -0 0
lfoot -0.664456 -0.890842 -1.56444
ltoes 28.8711 -0 0
rfemur -28.1475 -6.69576 5.0873
rtibia 82.7672 -0 0
rfoot 11.1361 -23.4071 1.12661
rtoes 25.7302 -0 0
lowerback 4.90307 0.61593 -1.71654
upperback -1.21592 0.641718 -2.18191
thorax -3.94938 0.331186 -1.22785
lowerneck -6.43435 -6.50276 -2.055
upperneck -0.94801 -8.60898 5.13747
head 1.12706 -4.23549 1.69182
lclavicle 2.15592e-16 -2.86412e-15 -7.77962e-32
lhumerus -13.9726 -25.4314 35.362
lradius 51.3408 -0 0
lwrist 20.0636 0 0
lhand -21.3264 -4.0178 -0.0109379
lfingers 7.12502 -0 0
lthumb 5.05911 25.8998 -0.0107502
rclavicle 2.15592e-16 -2.86412e-15 -7.77962e-32
rhumerus -7.84647 10.8185 -43.8127
rradius 94.6028 -0 0
rwrist -5.68496 0 0
rhand -26.2149 -31.1846 0.124902
rfingers 7.12502 -0 0
rthumb 0.338109 -61.1532 0.120933
733
root 4.54372 20.1492 10.3848 -166.006 -42.2654 -175.431
lfemur -34.2222 -4.44778 2.28594
ltibia 64.5703 -0 0
lfoot -1.21677 -0.333981 -1.6413
ltoes 28.7402 -0 0
rfemur -27.7931 -7.12491 5.53869
rtibia 82.0978 -0 0
rfoot 10.4144 -23.7186 1.18155
rtoes 24.6093 -0 0
lowerback 4.8121 0.712313 -1.70876
upperback -1.21311 0.774099 -2.22658
thorax -3.89065 0.396507 -1.28229
lowerneck -6.40644 -6.51732 -2.03334
upperneck -0.994026 -8.62615 5.15393
head 1.10813 -4.24366 1.69459
lclavicle -1.58751e-16 -3.22659e-15 -1.0098e-31
lhumerus -15.0689 -25.6112 36.8508
lradius 51.7943 -0 0
lwrist 19.8518 0 0
lhand -21.2877 -4.07345 -0.0114758
lfingers 7.12502 -0 0
lthumb 5.09651 25.8432 -0.011279
rclavicle -1.58751e-16 -3.22659e-15 -1.0098e-31
rhumerus -7.72778 11.8383 -45.0365
rradius 94.2628 -0 0
rwrist -5.39362 0 0
rhand -26.1206 -30.9101 0.130896
rfingers 7.12502 -0 0
rthumb 0.429247 -60.8781 0.126737
734
root 4.47604 20.0532 10.5789 -166.013 -39.0092 -175.244
lfemur -34.2631 -3.8108 1.814
ltibia 64.2776 -0 0
lfoot -1.77935 0.233241 -1.71391
ltoes 28.6072 -0 0
rfemur -27.4356 -7.56403 5.99556
rtibia 81.4154 -0 0
rfoot 9.67998 -24.0357 1.23341
rtoes 23.469 -0 0
lowerback 4.71965 0.810296 -1.70101
upperback -1.21034 0.908663 -2.272
thorax -3.831 0.462962 -1.33756
lowerneck -6.37805 -6.53208 -2.0113
upperneck -1.04079 -8.64354 5.17067
head 1.08889 -4.25194 1.69742
lclavicle -5.42736e-16 -3.60732e-15 -1.23302e-31
lhumerus -16.1897 -25.7677 38.3704
lradius 52.2556 -0 0
lwrist 19.6367 0 0
lhand -21.2482 -4.13002 -0.0119833
lfingers 7.12502 -0 0
lthumb 5.13463 25.7856 -0.0117779
rclavicle -5.42736e-16 -3.60732e-15 -1.23302e-31
rhumerus -7.62973 12.8773 -46.2834
rradius 93.9171 -0 0
rwrist -5.09733 0 0
rhand -26.0249 -30.6313 0.136545
rfingers 7.12502 -0 0
rthumb 0.521647 -60.5986 0.132206
735
root 4.40734 19.9557 10.7759 -166.006 -35.7038 -175.062
lfemur -34.3101 -3.16428 1.33493
ltibia 63.9814 -0 0
lfoot -2.35143 0.810037 -1.78187
ltoes 28.4723 -0 0
rfemur -27.0757 -8.01262 6.45721
rtibia 80.7211 -0 0
rfoot 8.93394 -24.3579 1.28192
rtoes 22.3106 -0 0
lowerback 4.62582 0.90975 -1.69332
upperback -1.20762 1.04523 -2.3181
thorax -3.77051 0.530464 -1.3936
lowerneck -6.34921 -6.54703 -1.9889
upperneck -1.08825 -8.66112 5.18768
head 1.06936 -4.26031 1.70028
lclavicle -9.35024e-16 -4.00514e-15 -1.44387e-31
lhumerus -17.3329 -25.8994 39.918
lradius 52.7242 -0 0
lwrist 19.4185 0 0
lhand -21.208 -4.18741 -0.0124576
lfingers 7.12502 -0 0
lthumb 5.17341 25.7272 -0.0122443
rclavicle -9.35024e-16 -4.00514e-15 -1.44387e-31
rhumerus -7.55376 13.9337 -47.5529
rradius 93.5661 -0 0
rwrist -4.7965 0 0
rhand -25.928 -30.3485 0.14182
rfingers 7.12502 -0 0
rthumb 0.615195 -60.3151 0.137313
736
root 4.3377 19.8568 10.9756 -165.987 -32.3533 -174.884
lfemur -34.3634 -2.50918 0.849225
ltibia 63.6822 -0 0
lfoot -2.93221 1.39561 -1.84484
ltoes 28.3357 -0 0
rfemur -26.7141 -8.47016 6.92294
rtibia 80.0157 -0 0
rfoot 8.17726 -24.6848 1.32682
rtoes 21.1357 -0 0
lowerback 4.53076 1.01055 -1.68569
upperback -1.20496 1.18363 -2.36483
thorax -3.70925 0.59893 -1.45033
lowerneck -6.31997 -6.56216 -1.96617
upperneck -1.13633 -8.67887 5.20493
head 1.04956 -4.26876 1.70319
lclavicle -1.33427e-15 -4.41889e-15 -1.63887e-31
lhumerus -18.496 -26.0046 41.4909
lradius 53.1995 -0 0
lwrist 19.1974 0 0
lhand -21.1673 -4.24555 -0.0128962
lfingers 7.12502 -0 0
lthumb 5.21278 25.668 -0.0126755
rclavicle -1.33427e-15 -4.41889e-15 -1.63887e-31
rhumerus -7.50127 15.0058 -48.8443
rradius 93.2104 -0 0
rwrist -4.49151 0 0
rhand -25.8301 -30.0621 0.146694
rfingers 7.12502 -0 0
rthumb 0.709774 -60.028 0.142033
737
root 4.26721 19.7568 11.1777 -165.957 -28.9622 -174.709
lfemur -34.4231 -1.84642 0.357366
ltibia 63.3802 -0 0
lfoot -3.52088 1.98915 -1.90248
ltoes 28.1976 -0 0
rfemur -26.3512 -8.93614 7.3921
rtibia 79.3004 -0 0
rfoot 7.41094 -25.0158 1.36788
rtoes 19.946 -0 0
lowerback 4.43458 1.11255 -1.67814
upperback -1.20236 1.32369 -2.41213
thorax -3.64731 0.668275 -1.50767
lowerneck -6.29036 -6.57744 -1.94315
upperneck -1.18499 -8.69677 5.2224
head 1.02952 -4.27729 1.70612
lclavicle -1.73914e-15 -4.8474e-15 -1.81484e-31
lhumerus -19.6768 -26.082 43.0862
lradius 53.6807 -0 0
lwrist 18.9738 0 0
lhand -21.1259 -4.30437 -0.0132969
lfingers 7.12502 -0 0
lthumb 5.2527 25.6081 -0.0130695
rclavicle -1.73914e-15 -4.8474e-15 -1.81484e-31
rhumerus -7.47361 16.0916 -50.1573
rradius 92.8502 -0 0
rwrist -4.18276 0 0
rhand -25.7312 -29.7724 0.151145
rfingers 7.12502 -0 0
rthumb 0.805267 -59.7376 0.146342
738
root 4.19597 19.6557 11.3819 -165.915 -25.5347 -174.536
lfemur -34.4894 -1.17695 -0.140171
ltibia 63.0757 -0 0
lfoot -4.11664 2.58985 -1.95449
ltoes 28.0579 -0 0
rfemur -25.9877 -9.41 7.86402
rtibia 78.576 -0 0
rfoot 6.63596 -25.3507 1.40489
rtoes 18.7428 -0 0
lowerback 4.33738 1.21565 -1.67068
upperback -1.19984 1.46522 -2.45993
thorax -3.58478 0.738413 -1.56555
lowerneck -6.26042 -6.59286 -1.91986
upperneck -1.23415 -8.7148 5.24007
head 1.00926 -4.28589 1.70909
lclavicle -2.1483e-15 -5.2895e-15 -1.96892e-31
lhumerus -20.8725 -26.1303 44.7011
lradius 54.1673 -0 0
lwrist 18.7479 0 0
lhand -21.0841 -4.36379 -0.0136575
lfingers 7.12502 -0 0
lthumb 5.29309 25.5476 -0.0134241
rclavicle -2.1483e-15 -5.2895e-15 -1.96892e-31
rhumerus -7.47211 17.1893 -51.4913
rradius 92.4862 -0 0
rwrist -3.87065 0 0
rhand -25.6315 -29.4799 0.15515
rfingers 7.12502 -0 0
rthumb 0.901558 -59.4443 0.150219
739
root 4.12405 19.5536 11.588 -165.863 -22.0752 -174.362
lfemur -34.5623 -0.501729 -0.642912
ltibia 62.7692 -0 0
lfoot -4.71868 3.19688 -2.00061
ltoes 27.917 -0 0
rfemur -25.6241 -9.89119 8.33807
rtibia 77.8435 -0 0
rfoot 5.85336 -25.6888 1.43767
rtoes 17.5277 -0 0
lowerback 4.23931 1.31971 -1.66332
upperback -1.19741 1.60805 -2.50818
thorax -3.52172 0.809259 -1.62389
lowerneck -6.23019 -6.6084 -1.89633
upperneck -1.28376 -8.73293 5.2579
head 0.988821 -4.29454 1.71208
lclavicle -2.56039e-15 -5.74402e-15 -2.09857e-31
lhumerus -22.0806 -26.1486 46.3323
lradius 54.6586 -0 0
lwrist 18.5201 0 0
lhand -21.0418 -4.42373 -0.0139763
lfingers 7.12502 -0 0
lthumb 5.33391 25.4866 -0.0137375
rclavicle -2.56039e-15 -5.74402e-15 -2.09857e-31
rhumerus -7.498 18.2968 -52.8462
rradius 92.1188 -0 0
rwrist -3.55557 0 0
rhand -25.5311 -29.1848 0.15869
rfingers 7.12502 -0 0
rthumb 0.998528 -59.1485 0.153647
740
root 4.05155 19.4507 11.7957 -165.801 -18.5878 -174.188
lfemur -34.6419 0.178313 -1.15039
ltibia 62.4609 -0 0
lfoot -5.32617 3.80942 -2.04058
ltoes 27.7749 -0 0
rfemur -25.261 -10.3791 8.81363
rtibia 77.1039 -0 0
rfoot 5.06412 -26.0297 1.46604
rtoes 16.3023 -0 0
lowerback 4.14047 1.4246 -1.65608
upperback -1.19505 1.752 -2.55681
thorax -3.45822 0.880726 -1.68262
lowerneck -6.19972 -6.62403 -1.87259
upperneck -1.33376 -8.75114 5.27588
head 0.968212 -4.30324 1.71509
lclavicle -2.97408e-15 -6.2098e-15 -2.20162e-31
lhumerus -23.2982 -26.1359 47.9767
lradius 55.1541 -0 0
lwrist 18.2905 0 0
lhand -20.9991 -4.48412 -0.0142515
lfingers 7.12502 -0 0
lthumb 5.3751 25.4251 -0.0140082
rclavicle -2.97408e-15 -6.2098e-15 -2.20162e-31
rhumerus -7.55249 19.4122 -54.2216
rradius 91.7484 -0 0
rwrist -3.23793 0 0
rhand -25.4301 -28.8875 0.161748
rfingers 7.12502 -0 0
rthumb 1.09606 -58.8506 0.156608
741
root 3.97855 19.3471 12.0048 -165.728 -15.0769 -174.012
lfemur -34.7282 0.862227 -1.66214
ltibia 62.1511 -0 0
lfoot -5.93827 4.42663 -2.07422
ltoes 27.6318 -0 0
rfemur -24.8988 -10.8732 9.29008
rtibia 76.3581 -0 0
rfoot 4.26927 -26.373 1.48987
rtoes 15.0681 -0 0
lowerback 4.041 1.5302 -1.64897
upperback -1.19279 1.8969 -2.60577
thorax -3.39436 0.952728 -1.74167
lowerneck -6.16903 -6.63975 -1.84867
upperneck -1.38408 -8.76941 5.29399
head 0.947464 -4.31197 1.71811
lclavicle -3.38803e-15 -6.68565e-15 -2.27628e-31
lhumerus -24.5226 -26.0917 49.6312
lradius 55.653 -0 0
lwrist 18.0596 0 0
lhand -20.9562 -4.54487 -0.0144818
lfingers 7.12502 -0 0
lthumb 5.41659 25.3633 -0.0142346
rclavicle -3.38803e-15 -6.68565e-15 -2.27628e-31
rhumerus -7.63672 20.5334 -55.6172
rradius 91.3755 -0 0
rwrist -2.91812 0 0
rhand -25.3287 -28.5885 0.16431
rfingers 7.12502 -0 0
rthumb 1.19404 -58.5507 0.159088
742
root 3.90516 19.2429 12.2151 -165.645 -11.5469 -173.832
lfemur -34.8212 1.54907 -2.1777
ltibia 61.8403 -0 0
lfoot -6.55416 5.04767 -2.10134
ltoes 27.4879 -0 0
rfemur -24.5382 -11.3729 9.76683
rtibia 75.6072 -0 0
rfoot 3.46982 -26.7182 1.50902
rtoes 13.8265 -0 0
lowerback 3.941 1.63636 -1.64199
upperback -1.19063 2.04258 -2.65499
thorax -3.33021 1.02518 -1.80097
lowerneck -6.13816 -6.65552 -1.82459
upperneck -1.43466 -8.78772 5.31219
head 0.926602 -4.32072 1.72115
lclavicle -3.8009e-15 -7.17042e-15 -2.32113e-31
lhumerus -25.751 -26.0154 51.2924
lradius 56.1549 -0 0
lwrist 17.8275 0 0
lhand -20.9129 -4.60591 -0.014666
lfingers 7.12502 -0 0
lthumb 5.45832 25.3011 -0.0144158
rclavicle -3.8009e-15 -7.17042e-15 -2.32113e-31
rhumerus -7.75176 21.6583 -57.033
rradius 91.0005 -0 0
rwrist -2.59653 0 0
rhand -25.2269 -28.2879 0.166364
rfingers 7.12502 -0 0
rthumb 1.29235 -58.2495 0.161076
743
root 3.83144 19.1382 12.4262 -165.551 -8.00196 -173.649
lfemur -34.921 2.23791 -2.6966
ltibia 61.5286 -0 0
lfoot -7.17299 5.6717 -2.12179
ltoes 27.3432 -0 0
rfemur -24.1795 -11.8775 10.2433
rtibia 74.8521 -0 0
rfoot 2.66679 -27.0647 1.52342
rtoes 12.5793 -0 0
lowerback 3.84061 1.74297 -1.63517
upperback -1.18857 2.18886 -2.70442
thorax -3.26586 1.09799 -1.86043
lowerneck -6.10716 -6.67134 -1.8004
upperneck -1.48545 -8.80605 5.33048
head 0.905652 -4.32949 1.7242
lclavicle -4.21136e-15 -7.66294e-15 -2.33517e-31
lhumerus -26.9804 -25.9068 52.9572
lradius 56.659 -0 0
lwrist 17.5945 0 0
lhand -20.8695 -4.66716 -0.0148033
lfingers 7.12502 -0 0
lthumb 5.50025 25.2388 -0.0145507
rclavicle -4.21136e-15 -7.66294e-15 -2.33517e-31
rhumerus -7.89864 22.7848 -58.4687
rradius 90.624 -0 0
rwrist -2.27357 0 0
rhand -25.1249 -27.9863 0.1679
rfingers 7.12502 -0 0
rthumb 1.39086 -57.9471 0.162563
744
root 3.7575 19.0333 12.6379 -165.446 -4.44647 -173.46
lfemur -35.0274 2.92779 -3.21838
ltibia 61.2166 -0 0
lfoot -7.79392 6.29786 -2.13549
ltoes 27.198 -0 0
rfemur -23.8233 -12.3863 10.7189
rtibia 74.0937 -0 0
rfoot 1.86119 -27.4122 1.53297
rtoes 11.3278 -0 0
lowerback 3.73994 1.8499 -1.62849
upperback -1.18662 2.33555 -2.75399
thorax -3.20138 1.17108 -1.91999
lowerneck -6.07607 -6.68719 -1.77611
upperneck -1.53638 -8.82436 5.34881
head 0.884638 -4.33826 1.72725
lclavicle -4.61805e-15 -8.16204e-15 -2.31779e-31
lhumerus -28.208 -25.7659 54.6222
lradius 57.1648 -0 0
lwrist 17.361 0 0
lhand -20.826 -4.72855 -0.0148928
lfingers 7.12502 -0 0
lthumb 5.54231 25.1763 -0.0146387
rclavicle -4.61805e-15 -8.16204e-15 -2.31779e-31
rhumerus -8.07829 23.9108 -59.9242
rradius 90.2463 -0 0
rwrist -1.94962 0 0
rhand -25.0228 -27.6839 0.168911
rfingers 7.12502 -0 0
rthumb 1.48947 -57.644 0.163542
745
root 3.68342 18.9282 12.85 -165.33 -0.884722 -173.265
lfemur -35.1405 3.61779 -3.74255
ltibia 60.9044 -0 0
lfoot -8.41611 6.92531 -2.14236
ltoes 27.0524 -0 0
rfemur -23.4701 -12.8988 11.1931
rtibia 73.3331 -0 0
rfoot 1.05404 -27.7601 1.53765
rtoes 10.0736 -0 0
lowerback 3.63912 1.95701 -1.62198
upperback -1.18477 2.48249 -2.80365
thorax -3.13685 1.24435 -1.97958
lowerneck -6.04491 -6.70303 -1.75176
upperneck -1.58739 -8.84265 5.36717
head 0.863586 -4.34702 1.7303
lclavicle -5.01963e-15 -8.66654e-15 -2.26879e-31
lhumerus -29.4309 -25.5928 56.2843
lradius 57.6716 -0 0
lwrist 17.1272 0 0
lhand -20.7823 -4.78999 -0.0149342
lfingers 7.12502 -0 0
lthumb 5.58444 25.1137 -0.0146795
rclavicle -5.01963e-15 -8.66654e-15 -2.26879e-31
rhumerus -8.29158 25.0341 -61.3993
rradius 89.8679 -0 0
rwrist -1.62509 0 0
rhand -24.9207 -27.3812 0.169393
rfingers 7.12502 -0 0
rthumb 1.58806 -57.3405 0.164009
746
root 3.6093 18.823 13.0622 -165.201 2.67896 -173.063
lfemur -35.26 4.30697 -4.26865
ltibia 60.5924 -0 0
lfoot -9.03871 7.5532 -2.14235
ltoes 26.9065 -0 0
rfemur -23.1201 -13.4143 11.6654
rtibia 72.5712 -0 0
rfoot 0.246364 -28.1079 1.53741
rtoes 8.81827 -0 0
lowerback 3.53826 2.06418 -1.61563
upperback -1.18303 2.62949 -2.85333
thorax -3.07236 1.31773 -2.03912
lowerneck -6.01374 -6.71887 -1.72737
upperneck -1.63842 -8.86089 5.38554
head 0.842521 -4.35576 1.73334
lclavicle -5.41478e-15 -9.17529e-15 -2.18841e-31
lhumerus -30.6463 -25.3879 57.9402
lradius 58.1789 -0 0
lwrist 16.8934 0 0
lhand -20.7387 -4.85141 -0.0149273
lfingers 7.12502 -0 0
lthumb 5.62659 25.0512 -0.0146727
rclavicle -5.41478e-15 -9.17529e-15 -2.18841e-31
rhumerus -8.53927 26.1525 -62.8938
rradius 89.4893 -0 0
rwrist -1.30037 0 0
rhand -24.8188 -27.0784 0.169345
rfingers 7.12502 -0 0
rthumb 1.6865 -57.0369 0.163962
747
root 3.53521 18.7178 13.2743 -165.059 6.24025 -172.851
lfemur -35.3859 4.9944 -4.79618
ltibia 60.281 -0 0
lfoot -9.66086 8.18067 -2.13548
ltoes 26.7605 -0 0
rfemur -22.7739 -13.9321 12.1351
rtibia 71.809 -0 0
rfoot -0.560821 -28.4551 1.53228
rtoes 7.56329 -0 0
lowerback 3.43748 2.17128 -1.60946
upperback -1.1814 2.77639 -2.90298
thorax -3.00796 1.39111 -2.09854
lowerneck -5.98258 -6.73467 -1.70298
upperneck -1.68942 -8.87905 5.40389
head 0.821469 -4.36447 1.73637
lclavicle -5.80215e-15 -9.68711e-15 -2.07726e-31
lhumerus -31.8516 -25.1518 59.587
lradius 58.6859 -0 0
lwrist 16.6599 0 0
lhand -20.6951 -4.91274 -0.0148722
lfingers 7.12502 -0 0
lthumb 5.66869 24.9887 -0.0146186
rclavicle -5.80215e-15 -9.68711e-15 -2.07726e-31
rhumerus -8.82206 27.2638 -64.4076
rradius 89.1109 -0 0
rwrist -0.975853 0 0
rhand -24.7171 -26.7759 0.168766
rfingers 7.12502 -0 0
rthumb 1.78467 -56.7337 0.163401
748
root 3.46126 18.6129 13.4859 -164.903 9.79482 -172.629
lfemur -35.518 5.67917 -5.32465
ltibia 59.9704 -0 0
lfoot -10.2817 8.80687 -2.12177
ltoes 26.6145 -0 0
rfemur -22.4319 -14.4514 12.6019
rtibia 71.0475 -0 0
rfoot -1.3665 -28.8013 1.52227
rtoes 6.31022 -0 0
lowerback 3.33691 2.27818 -1.60347
upperback -1.17989 2.923 -2.95253
thorax -2.94375 1.46442 -2.15778
lowerneck -5.95148 -6.75042 -1.67861
upperneck -1.7403 -8.89712 5.4222
head 0.800455 -4.37315 1.73939
lclavicle -6.18039e-15 -1.02008e-14 -1.93639e-31
lhumerus -33.0442 -24.8851 61.2215
lradius 59.192 -0 0
lwrist 16.4269 0 0
lhand -20.6516 -4.97389 -0.0147692
lfingers 7.12502 -0 0
lthumb 5.71069 24.9265 -0.0145172
rclavicle -6.18039e-15 -1.02008e-14 -1.93639e-31
rhumerus -9.14049 28.3659 -65.9403
rradius 88.7333 -0 0
rwrist -0.651946 0 0
rhand -24.6159 -26.4741 0.16766
rfingers 7.12502 -0 0
rthumb 1.88247 -56.4312 0.16233
749
root 3.38752 18.5083 13.697 -164.731 13.3383 -172.395
lfemur -35.6562 6.36036 -5.85354
ltibia 59.6611 -0 0
lfoot -10.9005 9.43096 -2.1013
ltoes 26.4687 -0 0
rfemur -22.0944 -14.9716 13.0651
rtibia 70.2876 -0 0
rfoot -2.16964 -29.146 1.50743
rtoes 5.06057 -0 0
lowerback 3.23666 2.38475 -1.59766
upperback -1.17848 3.06914 -3.00192
thorax -2.8798 1.53756 -2.21676
lowerneck -5.92048 -6.7661 -1.65429
upperneck -1.79103 -8.91507 5.44043
head 0.779505 -4.38177 1.74239
lclavicle -6.54817e-15 -1.07153e-14 -1.76726e-31
lhumerus -34.2215 -24.5889 62.841
lradius 59.6968 -0 0
lwrist 16.1948 0 0
lhand -20.6082 -5.03479 -0.0146187
lfingers 7.12502 -0 0
lthumb 5.75253 24.8645 -0.0143693
rclavicle -6.54817e-15 -1.07153e-14 -1.76726e-31
rhumerus -9.49502 29.4566 -67.4915
rradius 88.3568 -0 0
rwrist -0.32904 0 0
rhand -24.5151 -26.1734 0.166033
rfingers 7.12502 -0 0
rthumb 1.97977 -56.1298 0.160754
750
root 3.31409 18.4041 13.9071 -164.542 16.8664 -172.147
lfemur -35.8002 7.03705 -6.38234
ltibia 59.3533 -0 0
lfoot -11.5162 10.0521 -2.07418
ltoes 26.3232 -0 0
rfemur -21.7618 -15.492 13.5244
rtibia 69.5303 -0 0
rfoot -2.96924 -29.4886 1.48785
rtoes 3.81589 -0 0
lowerback 3.13687 2.49086 -1.59204
upperback -1.1772 3.21465 -3.05109
thorax -2.81618 1.61044 -2.2754
lowerneck -5.88962 -6.78169 -1.63005
upperneck -1.84152 -8.93288 5.45858
head 0.758642 -4.39033 1.74536
lclavicle -6.90415e-15 -1.12293e-14 -1.5717e-31
lhumerus -35.3812 -24.2642 64.4426
lradius 60.1994 -0 0
lwrist 15.9638 0 0
lhand -20.5651 -5.09536 -0.0144217
lfingers 7.12502 -0 0
lthumb 5.79416 24.8028 -0.0141757
rclavicle -6.90415e-15 -1.12293e-14 -1.5717e-31
rhumerus -9.88594 30.5336 -69.061
rradius 87.9819 -0 0
rwrist -0.00753258 0 0
rhand -24.415 -25.8741 0.163893
rfingers 7.12502 -0 0
rthumb 2.07645 -55.8297 0.158682
751
root 3.24105 18.3005 14.116 -164.334 20.3747 -171.883
lfemur -35.9498 7.70835 -6.91051
ltibia 59.0473 -0 0
lfoot -12.1282 10.6694 -2.04054
ltoes 26.1782 -0 0
rfemur -21.4344 -16.0119 13.9791
rtibia 68.7766 -0 0
rfoot -3.76428 -29.8288 1.46363
rtoes 2.57769 -0 0
lowerback 3.03764 2.59639 -1.5866
upperback -1.17602 3.35934 -3.09999
thorax -2.75297 1.68298 -2.33365
lowerneck -5.85892 -6.79717 -1.60592
upperneck -1.89174 -8.95054 5.47661
head 0.737894 -4.39883 1.74831
lclavicle -7.24698e-15 -1.17417e-14 -1.35196e-31
lhumerus -36.5211 -23.9124 66.0238
lradius 60.6993 -0 0
lwrist 15.7342 0 0
lhand -20.5223 -5.15552 -0.0141792
lfingers 7.12502 -0 0
lthumb 5.8355 24.7415 -0.0139372
rclavicle -7.24698e-15 -1.17417e-14 -1.35196e-31
rhumerus -10.3134 31.595 -70.648
rradius 87.609 -0 0
rwrist 0.312181 0 0
rhand -24.3157 -25.5766 0.161251
rfingers 7.12502 -0 0
rthumb 2.1724 -55.5315 0.156124
752
root 3.1685 18.1976 14.3236 -164.105 23.8588 -171.6
lfemur -36.1048 8.37336 -7.43749
ltibia 58.7436 -0 0
lfoot -12.7354 11.282 -2.00055
ltoes 26.0337 -0 0
rfemur -21.1126 -16.5304 14.4289
rtibia 68.0274 -0 0
rfoot -4.55375 -30.166 1.43488
rtoes 1.34752 -0 0
lowerback 2.9391 2.7012 -1.58135
upperback -1.17496 3.50302 -3.14855
thorax -2.69025 1.75509 -2.39143
lowerneck -5.82844 -6.81252 -1.58192
upperneck -1.9416 -8.96801 5.49449
head 0.717285 -4.40724 1.75122
lclavicle -7.57533e-15 -1.22514e-14 -1.11062e-31
lhumerus -37.6392 -23.5349 67.5821
lradius 61.196 -0 0
lwrist 15.5064 0 0
lhand -20.4798 -5.2152 -0.0138924
lfingers 7.12502 -0 0
lthumb 5.87651 24.6808 -0.0136552
rclavicle -7.57533e-15 -1.22514e-14 -1.11062e-31
rhumerus -10.7774 32.6386 -72.2519
rradius 87.2387 -0 0
rwrist 0.629702 0 0
rhand -24.2172 -25.2811 0.15812
rfingers 7.12502 -0 0
rthumb 2.2675 -55.2353 0.153092
753
root 3.09652 18.0956 14.5295 -163.852 27.3144 -171.296
lfemur -36.2647 9.03119 -7.96271
ltibia 58.4424 -0 0
lfoot -13.3373 11.8892 -1.95443
ltoes 25.8901 -0 0
rfemur -20.7968 -17.0468 14.8731
rtibia 67.2837 -0 0
rfoot -5.33662 -30.4997 1.40177
rtoes 0.126901 -0 0
lowerback 2.84137 2.80517 -1.57629
upperback -1.174 3.64555 -3.19671
thorax -2.62809 1.82667 -2.44868
lowerneck -5.7982 -6.82772 -1.5581
upperneck -1.99106 -8.98528 5.51222
head 0.69684 -4.41556 1.7541
lclavicle -7.88785e-15 -1.27571e-14 -8.50657e-32
lhumerus -38.7335 -23.1333 69.1151
lradius 61.6886 -0 0
lwrist 15.2804 0 0
lhand -20.4378 -5.27431 -0.0135628
lfingers 7.12502 -0 0
lthumb 5.91713 24.6206 -0.0133312
rclavicle -7.88785e-15 -1.27571e-14 -8.50657e-32
rhumerus -11.2778 33.6623 -73.8718
rradius 86.8714 -0 0
rwrist 0.944637 0 0
rhand -24.1198 -24.9882 0.154516
rfingers 7.12502 -0 0
rthumb 2.36162 -54.9416 0.149601
754
root 3.02521 17.9945 14.7334 -163.572 30.737 -170.967
lfemur -36.4294 9.68097 -8.48557
ltibia 58.1441 -0 0
lfoot -13.9328 12.49 -1.90241
ltoes 25.7473 -0 0
rfemur -20.4871 -17.5605 15.3115
rtibia 66.5465 -0 0
rfoot -6.11191 -30.8295 1.36445
rtoes -1.08264 0 0
lowerback 2.74457 2.90816 -1.57142
upperback -1.17315 3.78673 -3.24441
thorax -2.56656 1.89763 -2.50531
lowerneck -5.76826 -6.84276 -1.53447
upperneck -2.04004 -9.00233 5.52975
head 0.676585 -4.42378 1.75694
lclavicle -8.18321e-15 -1.32577e-14 -5.75351e-32
lhumerus -39.8024 -22.7092 70.6207
lradius 62.1768 -0 0
lwrist 15.0568 0 0
lhand -20.3962 -5.33279 -0.0131922
lfingers 7.12502 -0 0
lthumb 5.95729 24.5611 -0.0129668
rclavicle -8.18321e-15 -1.32577e-14 -5.75351e-32
rhumerus -11.814 34.6641 -75.5067
rradius 86.5076 -0 0
rwrist 1.25659 0 0
rhand -24.0234 -24.6981 0.150456
rfingers 7.12502 -0 0
rthumb 2.45467 -54.6508 0.14567
755
root 2.95464 17.8945 14.9352 -163.26 34.1221 -170.608
lfemur -36.5984 10.3218 -9.00546
ltibia 57.849 -0 0
lfoot -14.5211 13.0837 -1.84477
ltoes 25.6056 -0 0
rfemur -20.1839 -18.0706 15.7435
rtibia 65.8168 -0 0
rfoot -6.87859 -31.1549 1.32313
rtoes -2.27956 0 0
lowerback 2.64883 3.01004 -1.56674
upperback -1.17241 3.92639 -3.2916
thorax -2.50574 1.96789 -2.56127
lowerneck -5.73863 -6.85761 -1.51106
upperneck -2.08849 -9.01913 5.54706
head 0.656546 -4.43189 1.75973
lclavicle -8.46007e-15 -1.3752e-14 -2.8831e-32
lhumerus -40.8442 -22.2646 72.0968
lradius 62.6597 -0 0
lwrist 14.8356 0 0
lhand -20.3551 -5.39055 -0.0127826
lfingers 7.12502 -0 0
lthumb 5.99694 24.5023 -0.0125641
rclavicle -8.46007e-15 -1.3752e-14 -2.8831e-32
rhumerus -12.3856 35.6421 -77.1553
rradius 86.1476 -0 0
rwrist 1.56515 0 0
rhand -23.9283 -24.4112 0.14596
rfingers 7.12502 -0 0
rthumb 2.5465 -54.3632 0.141316
756
root 2.88492 17.7957 15.1346 -162.913 37.4653 -170.216
lfemur -36.7713 10.9529 -9.52175
ltibia 57.5574 -0 0
lfoot -15.1016 13.6695 -1.7818
ltoes 25.4651 -0 0
rfemur -19.8875 -18.5763 16.1686
rtibia 65.0955 -0 0
rfoot -7.63566 -31.4754 1.27801
rtoes -3.46234 0 0
lowerback 2.55425 3.1107 -1.56223
upperback -1.17176 4.06435 -3.3382
thorax -2.44571 2.03735 -2.61649
lowerneck -5.70938 -6.87225 -1.4879
upperneck -2.13635 -9.03567 5.56414
head 0.636747 -4.43988 1.76247
lclavicle -8.71708e-15 -1.42389e-14 6.57217e-34
lhumerus -41.8577 -21.8013 73.5417
lradius 63.1369 -0 0
lwrist 14.6173 0 0
lhand -20.3146 -5.44752 -0.0123361
lfingers 7.12502 -0 0
lthumb 6.03603 24.4443 -0.012125
rclavicle -8.71708e-15 -1.42389e-14 6.57217e-34
rhumerus -12.9915 36.5945 -78.8161
rradius 85.792 -0 0
rwrist 1.86995 0 0
rhand -23.8346 -24.1278 0.141051
rfingers 7.12502 -0 0
rthumb 2.63702 -54.0792 0.136563
757
root 2.81613 17.6983 15.3312 -162.524 40.762 -169.784
lfemur -36.9477 11.5734 -10.0338
ltibia 57.2697 -0 0
lfoot -15.6733 14.2465 -1.71383
ltoes 25.326 -0 0
rfemur -19.5981 -19.0769 16.5865
rtibia 64.3836 -0 0
rfoot -8.38213 -31.7907 1.22934
rtoes -4.62944 0 0
lowerback 2.46097 3.20999 -1.55791
upperback -1.17122 4.20044 -3.38417
thorax -2.38653 2.10592 -2.6709
lowerneck -5.68052 -6.88666 -1.46503
upperneck -2.18355 -9.05192 5.58095
head 0.617214 -4.44773 1.76515
lclavicle -8.9529e-15 -1.47171e-14 3.0514e-32
lhumerus -42.8417 -21.3213 74.9536
lradius 63.6076 -0 0
lwrist 14.4021 0 0
lhand -20.2748 -5.50362 -0.011855
lfingers 7.12502 -0 0
lthumb 6.07449 24.3871 -0.0116521
rclavicle -8.9529e-15 -1.47171e-14 3.0514e-32
rhumerus -13.6306 37.5195 -80.4873
rradius 85.4412 -0 0
rwrist 2.17056 0 0
rhand -23.7424 -23.8484 0.135754
rfingers 7.12502 -0 0
rthumb 2.7261 -53.799 0.131434
758
root 2.74835 17.6023 15.525 -162.087 44.0076 -169.305
lfemur -37.1271 12.1824 -10.5408
ltibia 56.9862 -0 0
lfoot -16.2355 14.8139 -1.64122
ltoes 25.1884 -0 0
rfemur -19.316 -19.5715 16.9966
rtibia 63.6821 -0 0
rfoot -9.11701 -32.1003 1.17736
rtoes -5.77934 0 0
lowerback 2.3691 3.30779 -1.55377
upperback -1.17076 4.33448 -3.42943
thorax -2.32829 2.17352 -2.72443
lowerneck -5.65211 -6.90083 -1.44246
upperneck -2.23004 -9.06786 5.59747
head 0.597972 -4.45544 1.76778
lclavicle -9.1662e-15 -1.51856e-14 6.0301e-32
lhumerus -43.795 -20.8268 76.331
lradius 64.0713 -0 0
lwrist 14.1903 0 0
lhand -20.2357 -5.55877 -0.011342
lfingers 7.12502 -0 0
lthumb 6.11226 24.331 -0.0111477
rclavicle -9.1662e-15 -1.51856e-14 6.0301e-32
rhumerus -14.3016 38.4155 -82.1668
rradius 85.0957 -0 0
rwrist 2.46661 0 0
rhand -23.6517 -23.5732 0.130094
rfingers 7.12502 -0 0
rthumb 2.81363 -53.5232 0.125954
759
root 2.68168 17.508 15.7155 -161.592 47.1975 -168.771
lfemur -37.3092 12.7791 -11.0423
ltibia 56.7072 -0 0
lfoot -16.7874 15.371 -1.56436
ltoes 25.0524 -0 0
rfemur -19.0414 -20.0595 17.3985
rtibia 62.9919 -0 0
rfoot -9.83929 -32.4036 1.12235
rtoes -6.9105 0 0
lowerback 2.27876 3.40398 -1.5498
upperback -1.17039 4.46629 -3.47394
thorax -2.27104 2.24004 -2.77702
lowerneck -5.62417 -6.91473 -1.42023
upperneck -2.27575 -9.08347 5.61367
head 0.579046 -4.463 1.77034
lclavicle -9.35563e-15 -1.56431e-14 8.95599e-32
lhumerus -44.7168 -20.3199 77.6724
lradius 64.5273 -0 0
lwrist 13.9821 0 0
lhand -20.1973 -5.6129 -0.0107999
lfingers 7.12502 -0 0
lthumb 6.14929 24.2759 -0.0106147
rclavicle -9.35563e-15 -1.56431e-14 8.95599e-32
rhumerus -15.0026 39.2809 -83.8525
rradius 84.7559 -0 0
rwrist 2.75769 0 0
rhand -23.5628 -23.3026 0.124101
rfingers 7.12502 -0 0
rthumb 2.89949 -53.252 0.120151
760
root 2.61621 17.4153 15.9026 -161.03 50.3268 -168.17
lfemur -37.4933 13.3628 -11.5373
ltibia 56.433 -0 0
lfoot -17.3282 15.917 -1.48365
ltoes 24.9181 -0 0
rfemur -18.7745 -20.5399 17.7918
rtibia 62.3141 -0 0
rfoot -10.548 -32.7004 1.06459
rtoes -8.02139 0 0
lowerback 2.19008 3.49842 -1.546
upperback -1.1701 4.5957 -3.51762
thorax -2.21488 2.3054 -2.82859
lowerneck -5.59675 -6.92835 -1.39837
upperneck -2.32061 -9.09874 5.62954
head 0.560463 -4.47039 1.77283
lclavicle -9.51986e-15 -1.60885e-14 1.17816e-31
lhumerus -45.6065 -19.8028 78.9765
lradius 64.975 -0 0
lwrist 13.7778 0 0
lhand -20.1598 -5.66592 -0.0102315
lfingers 7.12502 -0 0
lthumb 6.18551 24.2219 -0.0100559
rclavicle -9.51986e-15 -1.60885e-14 1.17816e-31
rhumerus -15.7316 40.1143 -85.5414
rradius 84.4223 -0 0
rwrist 3.0434 0 0
rhand -23.4758 -23.0371 0.117805
rfingers 7.12502 -0 0
rthumb 2.98357 -52.9858 0.114054
761
root 2.55202 17.3246 16.0861 -160.386 53.3907 -167.489
lfemur -37.6788 13.9325 -12.0251
ltibia 56.1641 -0 0
lfoot -17.8571 16.4511 -1.39952
ltoes 24.7859 -0 0
rfemur -18.5156 -21.012 18.176
rtibia 61.6495 -0 0
rfoot -11.2421 -32.9902 1.0044
rtoes -9.11049 0 0
lowerback 2.10318 3.59097 -1.54236
upperback -1.16989 4.72253 -3.56042
thorax -2.15986 2.36951 -2.87909
lowerneck -5.56989 -6.94166 -1.3769
upperneck -2.36458 -9.11363 5.64504
head 0.542247 -4.47761 1.77525
lclavicle -9.65753e-15 -1.65207e-14 1.44584e-31
lhumerus -46.4633 -19.2777 80.2422
lradius 65.4138 -0 0
lwrist 13.5779 0 0
lhand -20.1232 -5.71776 -0.00963994
lfingers 7.12502 -0 0
lthumb 6.22088 24.1692 -0.00947432
rclavicle -9.65753e-15 -1.65207e-14 1.44584e-31
rhumerus -16.4863 40.9145 -87.2308
rradius 84.0954 -0 0
rwrist 3.32336 0 0
rhand -23.3907 -22.7768 0.111236
rfingers 7.12502 -0 0
rthumb 3.06574 -52.725 0.107694
762
root 2.4892 17.2358 16.2655 -159.642 56.3841 -166.71
lfemur -37.8653 14.4876 -12.505
ltibia 55.9006 -0 0
lfoot -18.3735 16.9725 -1.31243
ltoes 24.6557 -0 0
rfemur -18.2647 -21.475 18.5507
rtibia 60.9992 -0 0
rfoot -11.9207 -33.2726 0.94209
rtoes -10.1763 0 0
lowerback 2.01817 3.68153 -1.53888
upperback -1.16974 4.8466 -3.60227
thorax -2.10607 2.43226 -2.92844
lowerneck -5.54362 -6.95464 -1.35586
upperneck -2.40758 -9.12813 5.66015
head 0.524424 -4.48465 1.77759
lclavicle -9.76732e-15 -1.69383e-14 1.69367e-31
lhumerus -47.2868 -18.747 81.4684
lradius 65.8431 -0 0
lwrist 13.3824 0 0
lhand -20.0875 -5.76834 -0.00902855
lfingers 7.12502 -0 0
lthumb 6.25533 24.1177 -0.00887326
rclavicle -9.76732e-15 -1.69383e-14 1.69367e-31
rhumerus -17.264 41.6804 -88.9172
rradius 83.7756 -0 0
rwrist 3.59715 0 0
rhand -23.3077 -22.5223 0.104431
rfingers 7.12502 -0 0
rthumb 3.1459 -52.4698 0.101105
763
root 2.42785 17.1491 16.4408 -158.777 59.3016 -165.811
lfemur -38.0521 15.0273 -12.9761
ltibia 55.6431 -0 0
lfoot -18.8765 17.4806 -1.22285
ltoes 24.5277 -0 0
rfemur -18.0223 -21.928 18.9154
rtibia 60.3641 -0 0
rfoot -12.5828 -33.5472 0.877995
rtoes -11.2172 0 0
lowerback 1.93519 3.76994 -1.53555
upperback -1.16966 4.96774 -3.64312
thorax -2.05357 2.49358 -2.97658
lowerneck -5.51798 -6.96728 -1.33526
upperneck -2.44956 -9.14222 5.67484
head 0.507018 -4.49149 1.77985
lclavicle -9.84789e-15 -1.73403e-14 1.91667e-31
lhumerus -48.0768 -18.213 82.6541
lradius 66.2623 -0 0
lwrist 13.1917 0 0
lhand -20.0528 -5.8176 -0.00840071
lfingers 7.12502 -0 0
lthumb 6.2888 24.0675 -0.00825603
rclavicle -9.84789e-15 -1.73403e-14 1.91667e-31
rhumerus -18.0617 42.411 -90.597
rradius 83.4633 -0 0
rwrist 3.8644 0 0
rhand -23.2269 -22.2738 0.0974221
rfingers 7.12502 -0 0
rthumb 3.22393 -52.2208 0.0943186
764
root 2.36805 17.0646 16.6116 -157.761 62.1376 -164.761
lfemur -38.2386 15.5507 -13.4376
ltibia 55.3917 -0 0
lfoot -19.3654 17.9745 -1.13126
ltoes 24.4021 -0 0
rfemur -17.7883 -22.3703 19.2698
rtibia 59.7453 -0 0
rfoot -13.2273 -33.8136 0.812462
rtoes -12.2317 0 0
lowerback 1.85434 3.8561 -1.53235
upperback -1.16962 5.08577 -3.6829
thorax -2.00243 2.55337 -3.02345
lowerneck -5.493 -6.97956 -1.31515
upperneck -2.49045 -9.15588 5.6891
head 0.490056 -4.49813 1.78202
lclavicle -9.89788e-15 -1.77256e-14 2.10987e-31
lhumerus -48.8329 -17.6778 83.7984
lradius 66.6707 -0 0
lwrist 13.0061 0 0
lhand -20.0192 -5.86543 -0.00775994
lfingers 7.12502 -0 0
lthumb 6.32123 24.0188 -0.00762613
rclavicle -9.89788e-15 -1.77256e-14 2.10987e-31
rhumerus -18.8759 43.1057 -92.2661
rradius 83.1591 -0 0
rwrist 4.12469 0 0
rhand -23.1484 -22.0318 0.0902474
rfingers 7.12502 -0 0
rthumb 3.29972 -51.9782 0.0873718
765
root 2.30988 16.9826 16.7777 -156.554 64.886 -163.522
lfemur -38.424 16.0572 -13.8886
ltibia 55.1468 -0 0
lfoot -19.8396 18.4535 -1.03818
ltoes 24.2791 -0 0
rfemur -17.563 -22.8011 19.6133
rtibia 59.1436 -0 0
rfoot -13.8534 -34.0714 0.745848
rtoes -13.2183 0 0
lowerback 1.77576 3.93985 -1.52929
upperback -1.16964 5.20052 -3.72155
thorax -1.95273 2.61153 -3.06897
lowerneck -5.46874 -6.99145 -1.29555
upperneck -2.53019 -9.16908 5.70288
head 0.473563 -4.50455 1.7841
lclavicle -9.91597e-15 -1.80929e-14 2.26834e-31
lhumerus -49.555 -17.144 84.9004
lradius 67.0677 -0 0
lwrist 12.8258 0 0
lhand -19.9868 -5.91178 -0.00710991
lfingers 7.12502 -0 0
lthumb 6.35258 23.9717 -0.00698712
rclavicle -9.91597e-15 -1.80929e-14 2.26834e-31
rhumerus -19.7032 43.7638 -93.9203
rradius 82.8634 -0 0
rwrist 4.37764 0 0
rhand -23.0724 -21.7965 0.0829442
rfingers 7.12502 -0 0
rthumb 3.37315 -51.7423 0.0803007
766
root 2.25345 16.903 16.9388 -155.102 67.5398 -162.04
lfemur -38.6078 16.546 -14.3282
ltibia 54.9087 -0 0
lfoot -20.2982 18.9169 -0.944113
ltoes 24.1587 -0 0
rfemur -17.3466 -23.2194 19.9455
rtibia 58.56 -0 0
rfoot -14.4601 -34.3203 0.678517
rtoes -14.1754 0 0
lowerback 1.69956 4.02109 -1.52636
upperback -1.1697 5.31181 -3.75902
thorax -1.90455 2.66797 -3.11309
lowerneck -5.44522 -7.00293 -1.27648
upperneck -2.56871 -9.18181 5.71618
head 0.457564 -4.51074 1.78608
lclavicle -9.9008e-15 -1.8441e-14 2.38728e-31
lhumerus -50.2431 -16.6136 85.9594
lradius 67.4527 -0 0
lwrist 12.6512 0 0
lhand -19.9555 -5.95657 -0.00645436
lfingers 7.12502 -0 0
lthumb 6.38277 23.9261 -0.00634271
rclavicle -9.9008e-15 -1.8441e-14 2.38728e-31
rhumerus -20.5396 44.385 -95.5548
rradius 82.5766 -0 0
rwrist 4.62284 0 0
rhand -22.9989 -21.5683 0.0755513
rfingers 7.12502 -0 0
rthumb 3.44411 -51.5136 0.0731428
767
root 2.19884 16.826 17.0947 -153.33 70.0913 -160.238
lfemur -38.7892 17.0163 -14.7555
ltibia 54.6779 -0 0
lfoot -20.7406 19.3641 -0.849599
ltoes 24.0411 -0 0
rfemur -17.1391 -23.6246 20.266
rtibia 57.9956 -0 0
rfoot -15.0464 -34.5598 0.610845
rtoes -15.1016 0 0
lowerback 1.62586 4.09967 -1.52354
upperback -1.16978 5.41946 -3.79523
thorax -1.85794 2.7226 -3.15573
lowerneck -5.42249 -7.01399 -1.25797
upperneck -2.60597 -9.19404 5.72896
head 0.442084 -4.5167 1.78797
lclavicle -9.85105e-15 -1.87688e-14 2.46203e-31
lhumerus -50.8972 -16.0891 86.9747
lradius 67.825 -0 0
lwrist 12.4825 0 0
lhand -19.9255 -5.99971 -0.00579713
lfingers 7.12502 -0 0
lthumb 6.41175 23.8822 -0.00569667
rclavicle -9.85105e-15 -1.87688e-14 2.46203e-31
rhumerus -21.3809 44.9691 -97.1649
rradius 82.2992 -0 0
rwrist 4.8599 0 0
rhand -22.9281 -21.3477 0.0681084
rfingers 7.12502 -0 0
rthumb 3.51248 -51.2924 0.0659366
768
root 2.14613 16.7518 17.2451 -151.132 72.5309 -158.012
lfemur -38.9674 17.4676 -15.1696
ltibia 54.4545 -0 0
lfoot -21.1661 19.7942 -0.755174
ltoes 23.9265 -0 0
rfemur -16.9408 -24.0157 20.5743
rtibia 57.4512 -0 0
rfoot -15.6113 -34.7897 0.543212
rtoes -15.9953 0 0
lowerback 1.55479 4.17547 -1.52082
upperback -1.16989 5.52329 -3.83014
thorax -1.81299 2.77533 -3.19684
lowerneck -5.40057 -7.02461 -1.24006
upperneck -2.64189 -9.20576 5.7412
head 0.427149 -4.52242 1.78974
lclavicle -9.76537e-15 -1.90752e-14 2.48819e-31
lhumerus -51.5173 -15.5728 87.9455
lradius 68.1841 -0 0
lwrist 12.32 0 0
lhand -19.8968 -6.04113 -0.00514212
lfingers 7.12502 -0 0
lthumb 6.43946 23.8401 -0.00505284
rclavicle -9.76537e-15 -1.90752e-14 2.48819e-31
rhumerus -22.2226 45.5161 -98.7452
rradius 82.0316 -0 0
rwrist 5.08843 0 0
rhand -22.8601 -21.1348 0.0606561
rfingers 7.12502 -0 0
rthumb 3.57816 -51.0791 0.0587213
769
root 2.09542 16.6805 17.3899 -148.355 74.8468 -155.208
lfemur -39.1418 17.899 -15.5695
ltibia 54.239 -0 0
lfoot -21.574 20.2067 -0.661385
ltoes 23.815 -0 0
rfemur -16.7519 -24.392 20.87
rtibia 56.9279 -0 0
rfoot -16.1539 -35.0096 0.476001
rtoes -16.8549 0 0
lowerback 1.48647 4.24837 -1.51821
upperback -1.17001 5.62314 -3.86367
thorax -1.76976 2.82606 -3.23634
lowerneck -5.37952 -7.03476 -1.22277
upperneck -2.67642 -9.21695 5.75287
head 0.412784 -4.52787 1.79141
lclavicle -9.64242e-15 -1.93589e-14 2.46161e-31
lhumerus -52.1035 -15.0667 88.8712
lradius 68.5294 -0 0
lwrist 12.164 0 0
lhand -19.8695 -6.08075 -0.00449327
lfingers 7.12502 -0 0
lthumb 6.46585 23.7997 -0.00441509
rclavicle -9.64242e-15 -1.93589e-14 2.46161e-31
rhumerus -23.0601 46.0262 -100.29
rradius 81.7744 -0 0
rwrist 5.30802 0 0
rhand -22.795 -20.9302 0.0532354
rfingers 7.12502 -0 0
rthumb 3.64102 -50.874 0.0515367
770
root 2.04679 16.6122 17.5286 -144.769 77.0229 -151.597
lfemur -39.3115 18.3099 -15.9541
ltibia 54.0317 -0 0
lfoot -21.9635 20.6007 -0.568783
ltoes 23.7067 -0 0
rfemur -16.5724 -24.7526 21.1526
rtibia 56.4267 -0 0
rfoot -16.6733 -35.2191 0.409602
rtoes -17.6789 0 0
lowerback 1.42102 4.31822 -1.51568
upperback -1.17014 5.71882 -3.89576
thorax -1.72833 2.8747 -3.27417
lowerneck -5.35936 -7.04442 -1.20613
upperneck -2.70949 -9.22757 5.76394
head 0.399015 -4.53306 1.79296
lclavicle -9.48086e-15 -1.96189e-14 2.3785e-31
lhumerus -52.6562 -14.5732 89.7511
lradius 68.8601 -0 0
lwrist 12.0148 0 0
lhand -19.8436 -6.1185 -0.00385458
lfingers 7.12502 -0 0
lthumb 6.49085 23.7613 -0.00378736
rclavicle -9.48086e-15 -1.96189e-14 2.3785e-31
rhumerus -23.8888 46.4998 -101.795
rradius 81.5279 -0 0
rwrist 5.51832 0 0
rhand -22.733 -20.734 0.0458864
rfingers 7.12502 -0 0
rthumb 3.70097 -50.6775 0.0444218
771
root 2.00034 16.547 17.6611 -140.034 79.0366 -146.836
lfemur -39.4758 18.6995 -16.3226
ltibia 53.8328 -0 0
lfoot -22.3341 20.9756 -0.477921
ltoes 23.6019 -0 0
rfemur -16.4024 -25.0968 21.4216
rtibia 55.9484 -0 0
rfoot -17.1684 -35.4179 0.344403
rtoes -18.4659 0 0
lowerback 1.35856 4.38491 -1.51323
upperback -1.17026 5.81016 -3.92636
thorax -1.68876 2.92116 -3.31027
lowerneck -5.34014 -7.05358 -1.19017
upperneck -2.74104 -9.23763 5.7744
head 0.385867 -4.53798 1.79439
lclavicle -9.27935e-15 -1.98538e-14 2.23549e-31
lhumerus -53.1753 -14.0945 90.5847
lradius 69.1757 -0 0
lwrist 11.8726 0 0
lhand -19.8192 -6.1543 -0.00323004
lfingers 7.12502 -0 0
lthumb 6.51441 23.7249 -0.00317357
rclavicle -9.27935e-15 -1.98538e-14 2.23549e-31
rhumerus -24.7035 46.9375 -103.253
rradius 81.2927 -0 0
rwrist 5.71885 0 0
rhand -22.674 -20.5469 0.0386541
rfingers 7.12502 -0 0
rthumb 3.75787 -50.4899 0.0374198
772
root 1.95615 16.4851 17.7871 -133.636 80.8537 -140.415
lfemur -39.6338 19.0673 -16.6738
ltibia 53.6428 -0 0
lfoot -22.6851 21.3308 -0.389352
ltoes 23.5006 -0 0
rfemur -16.2423 -25.4237 21.6766
rtibia 55.4941 -0 0
rfoot -17.6384 -35.6057 0.280795
rtoes -19.2142 0 0
lowerback 1.29922 4.4483 -1.51084
upperback -1.17037 5.89698 -3.9554
thorax -1.65113 2.96533 -3.34457
lowerneck -5.32189 -7.06221 -1.17492
upperneck -2.771 -9.24708 5.78421
head 0.373365 -4.5426 1.79569
lclavicle -9.03654e-15 -2.00626e-14 2.02967e-31
lhumerus -53.6612 -13.6326 91.3711
lradius 69.4756 -0 0
lwrist 11.7378 0 0
lhand -19.7963 -6.18806 -0.00262363
lfingers 7.12502 -0 0
lthumb 6.53647 23.6906 -0.00257764
rclavicle -9.03654e-15 -2.00626e-14 2.02967e-31
rhumerus -25.4995 47.34 -104.658
rradius 81.0692 -0 0
rwrist 5.90926 0 0
rhand -22.6184 -20.369 0.0315786
rfingers 7.12502 -0 0
rthumb 3.81163 -50.3116 0.0305699
773
root 1.91431 16.4266 17.9063 -124.857 82.4213 -131.614
lfemur -39.7848 19.4124 -17.0068
ltibia 53.4619 -0 0
lfoot -23.0157 21.6656 -0.303629
ltoes 23.403 -0 0
rfemur -16.092 -25.7325 21.9171
rtibia 55.0648 -0 0
rfoot -18.0822 -35.7821 0.219164
rtoes -19.9223 0 0
lowerback 1.24311 4.50826 -1.50852
upperback -1.17046 5.97911 -3.98282
thorax -1.61551 3.00714 -3.37702
lowerneck -5.30465 -7.0703 -1.1604
upperneck -2.79933 -9.25592 5.79336
head 0.361535 -4.54693 1.79687
lclavicle -8.75111e-15 -2.02441e-14 1.75871e-31
lhumerus -54.114 -13.1897 92.1098
lradius 69.7592 -0 0
lwrist 11.6105 0 0
lhand -19.7751 -6.21972 -0.00203932
lfingers 7.12502 -0 0
lthumb 6.55697 23.6584 -0.00200346
rclavicle -8.75111e-15 -2.02441e-14 1.75871e-31
rhumerus -26.2715 47.7081 -106.006
rradius 80.8578 -0 0
rwrist 6.08914 0 0
rhand -22.5661 -20.2006 0.0247005
rfingers 7.12502 -0 0
rthumb 3.86214 -50.1429 0.0239112
774
root 1.87491 16.3715 18.0186 -112.89 83.6593 -119.625
lfemur -39.928 19.7344 -17.3205
ltibia 53.2906 -0 0
lfoot -23.3253 21.9793 -0.221298
ltoes 23.3093 -0 0
rfemur -15.9517 -26.0224 22.1426
rtibia 54.6614 -0 0
rfoot -18.499 -35.9468 0.159894
rtoes -20.5888 0 0
lowerback 1.19036 4.56467 -1.50624
upperback -1.17052 6.05637 -4.00856
thorax -1.58197 3.04649 -3.40753
lowerneck -5.28847 -7.07782 -1.14664
upperneck -2.82594 -9.26412 5.80181
head 0.350401 -4.55095 1.79791
lclavicle -8.4217e-15 -2.03971e-14 1.42087e-31
lhumerus -54.534 -12.7678 92.8001
lradius 70.0258 -0 0
lwrist 11.4912 0 0
lhand -19.7555 -6.2492 -0.00148102
lfingers 7.12502 -0 0
lthumb 6.57586 23.6284 -0.00145489
rclavicle -8.4217e-15 -2.03971e-14 1.42087e-31
rhumerus -27.0148 48.0428 -107.289
rradius 80.6591 -0 0
rwrist 6.25813 0 0
rhand -22.5173 -20.0423 0.0180641
rfingers 7.12502 -0 0
rthumb 3.90926 -49.9843 0.0174866
775
root 1.83804 16.3202 18.1236 -97.476 84.4652 -104.192
lfemur -40.0625 20.0324 -17.6139
ltibia 53.1291 -0 0
lfoot -23.6134 22.2712 -0.142899
ltoes 23.2195 -0 0
rfemur -15.8215 -26.2927 22.3527
rtibia 54.2848 -0 0
rfoot -18.8878 -36.0995 0.103364
rtoes -21.212 0 0
lowerback 1.14108 4.6174 -1.504
upperback -1.17054 6.12858 -4.03255
thorax -1.55059 3.08328 -3.43605
lowerneck -5.27337 -7.08475 -1.13368
upperneck -2.8508 -9.27166 5.80954
head 0.33999 -4.55465 1.79882
lclavicle -8.04698e-15 -2.05205e-14 1.01515e-31
lhumerus -54.9213 -12.3689 93.4413
lradius 70.2747 -0 0
lwrist 11.38 0 0
lhand -19.7377 -6.27641 -0.000952553
lfingers 7.12502 -0 0
lthumb 6.59306 23.6008 -0.000935686
rclavicle -8.04698e-15 -2.05205e-14 1.01515e-31
rhumerus -27.7242 48.3452 -108.502
rradius 80.4734 -0 0
rwrist 6.41578 0 0
rhand -22.4721 -19.8943 0.0117086
rfingers 7.12502 -0 0
rthumb 3.9529 -49.836 0.0113341
776
root 1.80379 16.2726 18.2211 -80.0752 84.7627 -86.7725
lfemur -40.1876 20.3059 -17.8859
ltibia 52.9778 -0 0
lfoot -23.8791 22.5406 -0.0689602
ltoes 23.1339 -0 0
rfemur -15.7017 -26.5424 22.5468
rtibia 53.9361 -0 0
rfoot -19.2477 -36.2399 0.0499457
rtoes -21.7904 0 0
lowerback 1.09541 4.66631 -1.50179
upperback -1.17051 6.19556 -4.05474
thorax -1.52142 3.11742 -3.46251
lowerneck -5.25939 -7.09108 -1.12153
upperneck -2.87382 -9.27852 5.81653
head 0.330327 -4.55803 1.79958
lclavicle -7.62561e-15 -2.0613e-14 5.41319e-32
lhumerus -55.2761 -11.995 94.0326
lradius 70.5055 -0 0
lwrist 11.2774 0 0
lhand -19.7217 -6.30129 -0.000457674
lfingers 7.12502 -0 0
lthumb 6.60854 23.5755 -0.000449537
rclavicle -7.62561e-15 -2.0613e-14 5.41319e-32
rhumerus -28.395 48.6164 -109.639
rradius 80.3012 -0 0
rwrist 6.56172 0 0
rhand -22.4306 -19.757 0.00567419
rfingers 7.12502 -0 0
rthumb 3.99295 -49.6985 0.00549258
777
root 1.77224 16.2289 18.3109 -63.7179 84.5843 289.602
lfemur -40.3025 20.5541 -18.1355
ltibia 52.8369 0 0
lfoot -24.1218 22.787 0
ltoes 23.0526 0 0
rfemur -15.5924 -26.7708 22.7245
rtibia 53.6163 0 0
rfoot -19.5776 -36.3677 0
rtoes -22.3226 0 0
lowerback 1.05346 4.71128 -1.4996
upperback -1.17043 6.25715 -4.07506
thorax -1.49455 3.14881 -3.48685
lowerneck -5.24658 -7.09678 -1.11023
upperneck -2.89495 -9.28468 5.82274
head 0.321437 -4.56106 1.80019
lclavicle -7.15625e-15 -2.06736e-14 0
lhumerus -55.5985 -11.6479 94.5733
lradius 70.7174 0 0
lwrist 11.1834 0 0
lhand -19.7075 -6.32375 0
lfingers 7.12502 0 0
lthumb 6.62222 23.5527 0
rclavicle -7.15625e-15 -2.06736e-14 0
rhumerus -29.0225 48.8576 -110.695
rradius 80.143 0 0
rwrist 6.69556 0 0
rhand -22.393 -19.6308 0
rfingers 7.12502 0 0
rthumb 4.02929 -769.572 0
778
root 1.71585 16.2711 18.3956 -36.3348 82.889 317.137
lfemur -39.0971 18.2878 -16.7971
ltibia 51.9652 0 0
lfoot -23.1964 22.0159 0
ltoes 20.7425 0 0
rfemur -15.612 -25.4638 22.3004
rtibia 53.0533 0 0
rfoot -19.0919 -35.2174 0
rtoes -23.2523 0 0
lowerback 1.10087 4.70124 -1.32553
upperback -1.08526 6.24451 -4.00739
thorax -1.42302 3.1396 -3.51178
lowerneck -5.26281 -6.95872 -0.966349
upperneck -2.84774 -9.11495 5.62801
head 0.315317 -4.4806 1.71808
lclavicle 6.59965e-14 -6.36111e-15 0
lhumerus -55.6669 -11.6592 94.6505
lradius 70.7174 0 0
lwrist 11.698 0 0
lhand -20.1618 -5.93439 0
lfingers 7.12502 0 0
lthumb 6.18364 23.9554 0
rclavicle 6.59965e-14 -6.36111e-15 0
rhumerus -29.5307 48.5159 -111.311
rradius 80.1895 0 0
rwrist 6.45486 0 0
rhand -23.0271 -19.7718 0
rfingers 7.12502 0 0
rthumb 3.41696 -769.724 0
779
root 1.66626 16.3123 18.4789 -21.9229 80.2698 331.719
lfemur -37.9058 15.8757 -15.4832
ltibia 51.1595 0 0
lfoot -22.477 21.3204 0
ltoes 18.3967 0 0
rfemur -15.6082 -24.1296 21.8871
rtibia 52.5392 0 0
rfoot -18.5337 -33.9099 0
rtoes -24.236 0 0
lowerback 1.13365 4.69223 -1.1266
upperback -0.994302 6.23443 -3.91955
thorax -1.3369 3.13171 -3.52803
lowerneck -5.29006 -6.80886 -0.822974
upperneck -2.71007 -8.93503 5.39379
head 0.337516 -4.39427 1.62184
lclavicle -1.86858e-14 -7.95139e-15 0
lhumerus -55.7223 -11.6548 94.7328
lradius 70.6849 0 0
lwrist 12.2941 0 0
lhand -20.6961 -5.51535 0
lfingers 7.12502 0 0
lthumb 5.66773 24.3889 0
rclavicle -1.86858e-14 -7.95139e-15 0
rhumerus -30.0806 48.2789 -111.918
rradius 80.1801 0 0
rwrist 6.19884 0 0
rhand -23.5322 -19.9325 0
rfingers 7.12502 0 0
rthumb 2.92913 -769.892 0
780
root 1.62402 16.3521 18.5615 -14.2346 77.324 339.586
lfemur -36.7625 13.3527 -14.2178
ltibia 50.441 0 0
lfoot -21.9566 20.6377 0
ltoes 16.1624 0 0
rfemur -15.571 -22.8181 21.5018
rtibia 52.0365 0 0
rfoot -18.0088 -32.4903 0
rtoes -25.1921 0 0
lowerback 1.14547 4.68246 -0.903591
upperback -0.901559 6.22454 -3.81377
thorax -1.23671 3.12405 -3.53712
lowerneck -5.33146 -6.65004 -0.68087
upperneck -2.49148 -8.74723 5.13444
head 0.386508 -4.30309 1.51639
lclavicle 5.96354e-15 0 0
lhumerus -55.7812 -11.6402 94.8187
lradius 70.6337 0 0
lwrist 12.9222 0 0
lhand -21.2821 -5.08204 0
lfingers 7.12502 0 0
lthumb 5.10201 24.8365 0
rclavicle 5.96354e-15 0 0
rhumerus -30.6645 48.1272 -112.506
rradius 80.1161 0 0
rwrist 5.92387 0 0
rhand -23.9069 -20.1015 0
rfingers 7.12502 0 0
rthumb 2.56726 -770.066 0
781
root 1.63852 16.3536 18.6287 -13.9368 76.942 -20.0118
lfemur -36.6099 13.2916 -14.2314
ltibia 50.3432 -0 0
lfoot -21.8581 20.3413 -0.0418369
ltoes 16.1975 -0 0
rfemur -15.844 -22.6606 21.4658
rtibia 52.0051 -0 0
rfoot -17.8749 -32.2743 0.0397679
rtoes -25.1295 0 0
lowerback 1.2187 4.64203 -0.91995
upperback -0.867456 6.17091 -3.79413
thorax -1.24393 3.09645 -3.50527
lowerneck -5.3409 -6.62834 -0.660713
upperneck -2.4272 -8.72337 5.12024
head 0.407391 -4.28978 1.50881
lclavicle 6.02728e-15 1.41437e-16 1.84807e-32
lhumerus -55.6676 -11.7223 94.7471
lradius 70.5469 -0 0
lwrist 12.9871 0 0
lhand -21.1025 -5.0242 0.0145795
lfingers 7.12502 -0 0
lthumb 5.27471 24.876 0.00934267
rclavicle 6.02728e-15 1.41437e-16 1.84807e-32
rhumerus -30.5802 47.7849 -112.046
rradius 79.9424 -0 0
rwrist 5.89367 0 0
rhand -23.8034 -20.1624 -0.00897489
rfingers 7.12502 -0 0
rthumb 2.66712 -50.1216 -0.00788175
782
root 1.65402 16.3553 18.7002 -13.6459 76.536 -19.6098
lfemur -36.4481 13.2275 -14.2463
ltibia 50.239 -0 0
lfoot -21.7522 20.0234 -0.086495
ltoes 16.239 -0 0
rfemur -16.132 -22.4896 21.4233
rtibia 51.9682 -0 0
rfoot -17.7326 -32.0467 0.0810428
rtoes -25.0602 0 0
lowerback 1.29619 4.59904 -0.937161
upperback -0.831372 6.11388 -3.773
thorax -1.25164 3.06709 -3.47129
lowerneck -5.35085 -6.6054 -0.63931
upperneck -2.35807 -8.69821 5.10518
head 0.429855 -4.27571 1.50076
lclavicle 6.06284e-15 2.91061e-16 3.5447e-32
lhumerus -55.5462 -11.8083 94.6699
lradius 70.4531 -0 0
lwrist 13.0557 0 0
lhand -20.9116 -4.96323 0.0296432
lfingers 7.12502 -0 0
lthumb 5.45818 24.9178 0.0190473
rclavicle 6.06284e-15 2.91061e-16 3.5447e-32
rhumerus -30.4984 47.4218 -111.561
rradius 79.7558 -0 0
rwrist 5.86349 0 0
rhand -23.6906 -20.2277 -0.0186066
rfingers 7.12502 -0 0
rthumb 2.77587 -50.1811 -0.0163379
783
root 1.67052 16.357 18.776 -13.3637 76.1064 -19.2101
lfemur -36.2773 13.1604 -14.2626
ltibia 50.1285 -0 0
lfoot -21.6391 19.6845 -0.133766
ltoes 16.2867 -0 0
rfemur -16.4346 -22.3055 21.3744
rtibia 51.9261 -0 0
rfoot -17.582 -31.8077 0.123692
rtoes -24.9843 0 0
lowerback 1.37784 4.55358 -0.955219
upperback -0.793357 6.05352 -3.75043
thorax -1.25984 3.03603 -3.43521
lowerneck -5.3613 -6.58123 -0.616693
upperneck -2.28423 -8.67175 5.08928
head 0.453859 -4.26089 1.49224
lclavicle 6.07109e-15 4.48605e-16 5.08576e-32
lhumerus -55.4171 -11.8982 94.5872
lradius 70.3527 -0 0
lwrist 13.1279 0 0
lhand -20.7099 -4.89919 0.0451457
lfingers 7.12502 -0 0
lthumb 5.65219 24.9617 0.0290817
rclavicle 6.07109e-15 4.48605e-16 5.08576e-32
rhumerus -30.4199 47.0384 -111.053
rradius 79.5569 -0 0
rwrist 5.83331 0 0
rhand -23.5689 -20.2973 -0.0288456
rfingers 7.12502 -0 0
rthumb 2.89328 -50.2444 -0.0253268
784
root 1.68797 16.3588 18.8559 -13.0916 75.6538 -18.8141
lfemur -36.0978 13.0905 -14.2803
ltibia 50.0118 -0 0
lfoot -21.5189 19.3251 -0.183439
ltoes 16.3404 -0 0
rfemur -16.7515 -22.1089 21.3192
rtibia 51.8789 -0 0
rfoot -17.4234 -31.5576 0.167579
rtoes -24.9021 0 0
lowerback 1.46357 4.5057 -0.974121
upperback -0.753463 5.98991 -3.72646
thorax -1.26852 3.00331 -3.39709
lowerneck -5.37224 -6.55588 -0.592893
upperneck -2.20581 -8.64404 5.07257
head 0.479362 -4.24534 1.48327
lclavicle 6.05286e-15 6.13804e-16 6.46647e-32
lhumerus -55.2806 -11.9919 94.4991
lradius 70.2456 -0 0
lwrist 13.2035 0 0
lhand -20.4974 -4.83214 0.0610405
lfingers 7.12502 -0 0
lthumb 5.8565 25.0077 0.0394133
rclavicle 6.05286e-15 6.13804e-16 6.46647e-32
rhumerus -30.3453 46.6351 -110.522
rradius 79.3458 -0 0
rwrist 5.8031 0 0
rhand -23.4385 -20.3711 -0.0396399
rfingers 7.12502 -0 0
rthumb 3.0191 -50.3115 -0.0348038
785
root 1.70635 16.3606 18.94 -12.8308 75.1788 -18.4231
lfemur -35.9098 13.0178 -14.2993
ltibia 49.8891 -0 0
lfoot -21.3917 18.9457 -0.235297
ltoes 16.4 -0 0
rfemur -17.0822 -21.9001 21.2575
rtibia 51.8268 -0 0
rfoot -17.2568 -31.2966 0.212567
rtoes -24.8138 0 0
lowerback 1.55327 4.45547 -0.993865
upperback -0.711741 5.92313 -3.70114
thorax -1.27766 2.96897 -3.35698
lowerneck -5.38364 -6.52936 -0.567942
upperneck -2.12293 -8.6151 5.05509
head 0.506321 -4.22908 1.47386
lclavicle 6.00902e-15 7.86392e-16 7.68144e-32
lhumerus -55.1367 -12.0892 94.4057
lradius 70.1322 -0 0
lwrist 13.2825 0 0
lhand -20.2744 -4.76214 0.0772807
lfingers 7.12502 -0 0
lthumb 6.07085 25.0557 0.0500091
rclavicle 6.00902e-15 7.86392e-16 7.68144e-32
rhumerus -30.2755 46.2124 -109.97
rradius 79.1229 -0 0
rwrist 5.77283 0 0
rhand -23.2996 -20.4489 -0.0509392
rfingers 7.12502 -0 0
rthumb 3.15308 -50.3822 -0.0447225
786
root 1.72565 16.3626 19.0279 -12.5821 74.6819 -18.0381
lfemur -35.7134 12.9425 -14.3198
ltibia 49.7605 -0 0
lfoot -21.2576 18.5469 -0.289123
ltoes 16.4652 -0 0
rfemur -17.4266 -21.6796 21.1895
rtibia 51.7701 -0 0
rfoot -17.0825 -31.025 0.258517
rtoes -24.7195 0 0
lowerback 1.64685 4.40294 -1.01445
upperback -0.66824 5.85325 -3.67452
thorax -1.28728 2.93305 -3.31494
lowerneck -5.39551 -6.50171 -0.541871
upperneck -2.03573 -8.58495 5.03687
head 0.534694 -4.21213 1.46403
lclavicle 5.94041e-15 9.66104e-16 8.72485e-32
lhumerus -54.9857 -12.19 94.3072
lradius 70.0126 -0 0
lwrist 13.3647 0 0
lhand -20.0413 -4.68926 0.0938187
lfingers 7.12502 -0 0
lthumb 6.295 25.1058 0.0608359
rclavicle 5.94041e-15 9.66104e-16 8.72485e-32
rhumerus -30.211 45.7707 -109.398
rradius 78.8885 -0 0
rwrist 5.74249 0 0
rhand -23.1525 -20.5308 -0.0626916
rfingers 7.12502 -0 0
rthumb 3.29499 -50.4564 -0.0550389
787
root 1.74583 16.3646 19.1197 -12.3461 74.1638 -17.66
lfemur -35.509 12.8647 -14.3416
ltibia 49.6264 -0 0
lfoot -21.1169 18.1293 -0.344695
ltoes 16.536 -0 0
rfemur -17.7841 -21.4479 21.1151
rtibia 51.7088 -0 0
rfoot -16.9006 -30.743 0.30529
rtoes -24.6193 0 0
lowerback 1.74422 4.3482 -1.03587
upperback -0.623013 5.78035 -3.64665
thorax -1.29735 2.89559 -3.27101
lowerneck -5.40782 -6.47296 -0.514712
upperneck -1.94433 -8.55362 5.01793
head 0.564439 -4.1945 1.4538
lclavicle 5.8479e-15 1.15267e-15 9.5905e-32
lhumerus -54.8277 -12.2942 94.2035
lradius 69.887 -0 0
lwrist 13.4502 0 0
lhand -19.7982 -4.61356 0.110607
lfingers 7.12502 -0 0
lthumb 6.52871 25.1578 0.0718599
rclavicle 5.8479e-15 1.15267e-15 9.5905e-32
rhumerus -30.1527 45.3105 -108.806
rradius 78.643 -0 0
rwrist 5.71204 0 0
rhand -22.9974 -20.6165 -0.0748448
rfingers 7.12502 -0 0
rthumb 3.44458 -50.5341 -0.0657074
788
root 1.76687 16.3667 19.2152 -12.1234 73.625 -17.2892
lfemur -35.2968 12.7844 -14.3648
ltibia 49.4867 -0 0
lfoot -20.9696 17.6933 -0.401792
ltoes 16.612 -0 0
rfemur -18.1546 -21.2053 21.0345
rtibia 51.6431 -0 0
rfoot -16.7114 -30.4508 0.352746
rtoes -24.5137 0 0
lowerback 1.84529 4.29129 -1.05812
upperback -0.576111 5.70451 -3.61758
thorax -1.30787 2.85663 -3.22525
lowerneck -5.42056 -6.44313 -0.486496
upperneck -1.84886 -8.52114 4.9983
head 0.595516 -4.17621 1.44316
lclavicle 5.73233e-15 1.34583e-15 1.0272e-31
lhumerus -54.6628 -12.4017 94.0949
lradius 69.7555 -0 0
lwrist 13.5389 0 0
lhand -19.5455 -4.5351 0.127597
lfingers 7.12502 -0 0
lthumb 6.77173 25.2118 0.0830475
rclavicle 5.73233e-15 1.34583e-15 1.0272e-31
rhumerus -30.101 44.8323 -108.197
rradius 78.3867 -0 0
rwrist 5.68146 0 0
rhand -22.8346 -20.7059 -0.0873464
rfingers 7.12502 -0 0
rthumb 3.60163 -50.6152 -0.0766821
789
root 1.78875 16.3689 19.3144 -11.914 73.0662 -16.9261
lfemur -35.0769 12.7017 -14.3895
ltibia 49.3417 -0 0
lfoot -20.8159 17.2395 -0.46019
ltoes 16.6931 -0 0
rfemur -18.5376 -20.9525 20.9474
rtibia 51.5733 -0 0
rfoot -16.515 -30.1487 0.400743
rtoes -24.4025 0 0
lowerback 1.94997 4.23229 -1.0812
upperback -0.527583 5.6258 -3.58734
thorax -1.31883 2.81623 -3.17771
lowerneck -5.43371 -6.41225 -0.457253
upperneck -1.74946 -8.48753 4.97802
head 0.627881 -4.15728 1.43215
lclavicle 5.59457e-15 1.54532e-15 1.07627e-31
lhumerus -54.4912 -12.5123 93.9814
lradius 69.6184 -0 0
lwrist 13.6305 0 0
lhand -19.2833 -4.45395 0.144741
lfingers 7.12502 -0 0
lthumb 7.02382 25.2676 0.094365
rclavicle 5.59457e-15 1.54532e-15 1.07627e-31
rhumerus -30.0567 44.3366 -107.571
rradius 78.1199 -0 0
rwrist 5.65073 0 0
rhand -22.6643 -20.799 -0.100143
rfingers 7.12502 -0 0
rthumb 3.76589 -50.6995 -0.0879171
790
root 1.81144 16.3711 19.4171 -11.7183 72.4879 -16.5709
lfemur -34.8497 12.6168 -14.4156
ltibia 49.1916 -0 0
lfoot -20.6559 16.7684 -0.519666
ltoes 16.7792 -0 0
rfemur -18.9329 -20.6898 20.8541
rtibia 51.4995 -0 0
rfoot -16.3115 -29.8369 0.44914
rtoes -24.2862 0 0
lowerback 2.0582 4.17124 -1.10512
upperback -0.477482 5.54431 -3.556
thorax -1.33023 2.77441 -3.12843
lowerneck -5.44728 -6.38036 -0.427017
upperneck -1.64625 -8.45281 4.9571
head 0.661492 -4.13772 1.42076
lclavicle 5.43545e-15 1.75087e-15 1.10562e-31
lhumerus -54.3131 -12.626 93.8631
lradius 69.4759 -0 0
lwrist 13.7252 0 0
lhand -19.0119 -4.37016 0.16199
lfingers 7.12502 -0 0
lthumb 7.28474 25.3253 0.105778
rclavicle 5.43545e-15 1.75087e-15 1.10562e-31
rhumerus -30.0203 43.8238 -106.929
rradius 77.8429 -0 0
rwrist 5.61983 0 0
rhand -22.4867 -20.8956 -0.113183
rfingers 7.12502 -0 0
rthumb 3.93712 -50.787 -0.0993665
791
root 1.83492 16.3735 19.5232 -11.536 71.8907 -16.2239
lfemur -34.6152 12.5298 -14.4431
ltibia 49.0364 -0 0
lfoot -20.4898 16.2806 -0.579994
ltoes 16.87 -0 0
rfemur -19.3402 -20.4177 20.7546
rtibia 51.4219 -0 0
rfoot -16.1012 -29.5157 0.497796
rtoes -24.1648 0 0
lowerback 2.1698 4.10824 -1.12985
upperback -0.425858 5.46011 -3.5236
thorax -1.34206 2.73123 -3.07748
lowerneck -5.46123 -6.34747 -0.395817
upperneck -1.53936 -8.41702 4.9356
head 0.696309 -4.11756 1.40903
lclavicle 5.25585e-15 1.96222e-15 1.11457e-31
lhumerus -54.1286 -12.7426 93.7401
lradius 69.3281 -0 0
lwrist 13.8226 0 0
lhand -18.7316 -4.28381 0.179296
lfingers 7.12502 -0 0
lthumb 7.55423 25.3847 0.117254
rclavicle 5.25585e-15 1.96222e-15 1.11457e-31
rhumerus -29.9924 43.2945 -106.273
rradius 77.5561 -0 0
rwrist 5.58872 0 0
rhand -22.3022 -20.9956 -0.126414
rfingers 7.12502 -0 0
rthumb 4.11508 -50.8775 -0.110985
792
root 1.85916 16.3758 19.6326 -11.3672 71.2752 -15.8848
lfemur -34.3739 12.4407 -14.472
ltibia 48.8764 -0 0
lfoot -20.3177 15.7765 -0.640953
ltoes 16.9653 -0 0
rfemur -19.759 -20.1367 20.6487
rtibia 51.3407 -0 0
rfoot -15.8842 -29.1854 0.546573
rtoes -24.0386 0 0
lowerback 2.28474 4.04334 -1.15541
upperback -0.372761 5.37328 -3.49019
thorax -1.35431 2.68672 -3.02489
lowerneck -5.47557 -6.31362 -0.363686
upperneck -1.42893 -8.38018 4.91352
head 0.732289 -4.0968 1.39695
lclavicle 5.0566e-15 2.17909e-15 1.10251e-31
lhumerus -53.9379 -12.8621 93.6125
lradius 69.1752 -0 0
lwrist 13.9229 0 0
lhand -18.4426 -4.19496 0.196612
lfingers 7.12502 -0 0
lthumb 7.83206 25.4458 0.128759
rclavicle 5.0566e-15 2.17909e-15 1.10251e-31
rhumerus -29.9733 42.7493 -105.602
rradius 77.2597 -0 0
rwrist 5.55739 0 0
rhand -22.1109 -21.099 -0.139782
rfingers 7.12502 -0 0
rthumb 4.29953 -50.971 -0.122726
793
root 1.88414 16.3783 19.7452 -11.2115 70.642 -15.5538
lfemur -34.1258 12.3496 -14.5024
ltibia 48.7117 -0 0
lfoot -20.1398 15.2568 -0.70232
ltoes 17.065 -0 0
rfemur -20.1891 -19.8472 20.5367
rtibia 51.256 -0 0
rfoot -15.6608 -28.8461 0.595329
rtoes -23.9077 0 0
lowerback 2.40291 3.9766 -1.18179
upperback -0.318243 5.28389 -3.45581
thorax -1.36697 2.64094 -2.97073
lowerneck -5.49027 -6.27884 -0.330654
upperneck -1.31507 -8.34231 4.89091
head 0.76939 -4.07546 1.38454
lclavicle 4.83857e-15 2.40123e-15 1.06881e-31
lhumerus -53.741 -12.9842 93.4805
lradius 69.0174 -0 0
lwrist 14.0259 0 0
lhand -18.1452 -4.10367 0.213889
lfingers 7.12502 -0 0
lthumb 8.11797 25.5087 0.140259
rclavicle 4.83857e-15 2.40123e-15 1.06881e-31
rhumerus -29.9637 42.1886 -104.917
rradius 76.9542 -0 0
rwrist 5.52581 0 0
rhand -21.9132 -21.2056 -0.153236
rfingers 7.12502 -0 0
rthumb 4.49024 -51.0673 -0.134545
794
root 1.90983 16.3808 19.861 -11.0688 69.9918 -15.2305
lfemur -33.8712 12.2568 -14.5343
ltibia 48.5425 -0 0
lfoot -19.9563 14.722 -0.763874
ltoes 17.1689 -0 0
rfemur -20.6302 -19.5497 20.4184
rtibia 51.1681 -0 0
rfoot -15.4311 -28.4981 0.643927
rtoes -23.7723 0 0
lowerback 2.52421 3.9081 -1.20898
upperback -0.262353 5.19203 -3.42051
thorax -1.38004 2.59391 -2.91505
lowerneck -5.50533 -6.24315 -0.296753
upperneck -1.19793 -8.30344 4.86779
head 0.80757 -4.05357 1.37182
lclavicle 4.60261e-15 2.62837e-15 1.0129e-31
lhumerus -53.5383 -13.1089 93.3441
lradius 68.8548 -0 0
lwrist 14.1315 0 0
lhand -17.8396 -4.01001 0.231081
lfingers 7.12502 -0 0
lthumb 8.41173 25.5731 0.151722
rclavicle 4.60261e-15 2.62837e-15 1.0129e-31
rhumerus -29.964 41.613 -104.221
rradius 76.6398 -0 0
rwrist 5.49395 0 0
rhand -21.7092 -21.3152 -0.166726
rfingers 7.12502 -0 0
rthumb 4.68696 -51.1665 -0.146397
795
root 1.93621 16.3834 19.9797 -10.9386 69.325 -14.9149
lfemur -33.6103 12.1621 -14.5676
ltibia 48.369 -0 0
lfoot -19.7672 14.1726 -0.825397
ltoes 17.2767 -0 0
rfemur -21.082 -19.2447 20.2941
rtibia 51.0771 -0 0
rfoot -15.1953 -28.1416 0.69223
rtoes -23.6326 0 0
lowerback 2.64856 3.83789 -1.23698
upperback -0.205143 5.09777 -3.38435
thorax -1.39351 2.54568 -2.85789
lowerneck -5.52072 -6.20659 -0.262015
upperneck -1.07762 -8.2636 4.84419
head 0.846787 -4.03114 1.3588
lclavicle 4.34956e-15 2.86024e-15 9.34243e-32
lhumerus -53.3298 -13.236 93.2034
lradius 68.6878 -0 0
lwrist 14.2396 0 0
lhand -17.5262 -3.91405 0.24814
lfingers 7.12502 -0 0
lthumb 8.71308 25.6392 0.163114
rclavicle 4.34956e-15 2.86024e-15 9.34243e-32
rhumerus -29.9745 41.023 -103.512
rradius 76.3169 -0 0
rwrist 5.4618 0 0
rhand -21.4992 -21.4279 -0.1802
rfingers 7.12502 -0 0
rthumb 4.88946 -51.2683 -0.158239
796
root 1.96326 16.386 20.1013 -10.8206 68.6424 -14.6066
lfemur -33.3433 12.0658 -14.6023
ltibia 48.1913 -0 0
lfoot -19.5728 13.6091 -0.886673
ltoes 17.3884 -0 0
rfemur -21.5442 -18.9327 20.1636
rtibia 50.9832 -0 0
rfoot -14.9535 -27.777 0.740104
rtoes -23.4889 0 0
lowerback 2.77587 3.76604 -1.2658
upperback -0.146662 5.00119 -3.34736
thorax -1.40738 2.4963 -2.7993
lowerneck -5.53644 -6.16918 -0.22647
upperneck -0.954228 -8.2228 4.82013
head 0.887 -4.00819 1.34549
lclavicle 4.0803e-15 3.09658e-15 8.3234e-32
lhumerus -53.1157 -13.3654 93.0585
lradius 68.5163 -0 0
lwrist 14.3501 0 0
lhand -17.205 -3.81584 0.265021
lfingers 7.12502 -0 0
lthumb 9.02179 25.7067 0.174405
rclavicle 4.0803e-15 3.09658e-15 8.3234e-32
rhumerus -29.9955 40.4193 -102.793
rradius 75.9858 -0 0
rwrist 5.42932 0 0
rhand -21.2835 -21.5434 -0.193608
rfingers 7.12502 -0 0
rthumb 5.09748 -51.3727 -0.170026
797
root 1.99094 16.3886 20.2257 -10.7145 67.9445 -14.3054
lfemur -33.0706 11.968 -14.6386
ltibia 48.0095 -0 0
lfoot -19.3733 13.0322 -0.94749
ltoes 17.5037 -0 0
rfemur -22.0164 -18.614 20.027
rtibia 50.8866 -0 0
rfoot -14.7061 -27.4045 0.787415
rtoes -23.3412 0 0
lowerback 2.90603 3.69261 -1.29542
upperback -0.0869597 4.90236 -3.30959
thorax -1.42163 2.44581 -2.73934
lowerneck -5.55248 -6.13095 -0.190151
upperneck -0.827984 -8.1811 4.79566
head 0.928167 -3.98472 1.33191
lclavicle 3.79566e-15 3.33712e-15 7.0676e-32
lhumerus -52.8962 -13.4971 92.9096
lradius 68.3407 -0 0
lwrist 14.463 0 0
lhand -16.8765 -3.71547 0.281678
lfingers 7.12502 -0 0
lthumb 9.3376 25.7758 0.185561
rclavicle 3.79566e-15 3.33712e-15 7.0676e-32
rhumerus -30.0275 39.8024 -102.064
rradius 75.6468 -0 0
rwrist 5.3965 0 0
rhand -21.0623 -21.6617 -0.206903
rfingers 7.12502 -0 0
rthumb 5.3108 -51.4795 -0.181717
798
root 2.01924 16.3914 20.3528 -10.6198 67.2319 -14.0109
lfemur -32.7922 11.8687 -14.6762
ltibia 47.824 -0 0
lfoot -19.1687 12.4423 -1.00764
ltoes 17.6224 -0 0
rfemur -22.4984 -18.2893 19.8845
rtibia 50.7874 -0 0
rfoot -14.4531 -27.0242 0.834032
rtoes -23.1898 0 0
lowerback 3.039 3.61765 -1.32585
upperback -0.0260869 4.80138 -3.27109
thorax -1.43625 2.39424 -2.67807
lowerneck -5.56881 -6.09193 -0.153087
upperneck -0.698967 -8.1385 4.7708
head 0.970246 -3.96077 1.31807
lclavicle 3.4965e-15 3.58159e-15 5.57135e-32
lhumerus -52.6713 -13.6308 92.7567
lradius 68.1612 -0 0
lwrist 14.5782 0 0
lhand -16.5408 -3.61298 0.298067
lfingers 7.12502 -0 0
lthumb 9.66028 25.8463 0.196553
rclavicle 3.4965e-15 3.58159e-15 5.57135e-32
rhumerus -30.0706 39.1728 -101.325
rradius 75.3003 -0 0
rwrist 5.3633 0 0
rhand -20.8359 -21.7826 -0.220036
rfingers 7.12502 -0 0
rthumb 5.52917 -51.5888 -0.19327
799
root 2.04814 16.3941 20.4825 -10.5362 66.5053 -13.723
lfemur -32.5084 11.7681 -14.7154
ltibia 47.6347 -0 0
lfoot -18.9594 11.8399 -1.06692
ltoes 17.7444 -0 0
rfemur -22.9899 -17.9588 19.7361
rtibia 50.6859 -0 0
rfoot -14.1948 -26.6365 0.879828
rtoes -23.0348 0 0
lowerback 3.17461 3.54127 -1.35707
upperback 0.0359073 4.6983 -3.23192
thorax -1.45125 2.34165 -2.61552
lowerneck -5.58544 -6.05215 -0.115311
upperneck -0.567306 -8.09504 4.74558
head 1.01319 -3.93635 1.30398
lclavicle 3.18368e-15 3.82974e-15 3.83161e-32
lhumerus -52.4414 -13.7665 92.6
lradius 67.9778 -0 0
lwrist 14.6956 0 0
lhand -16.1981 -3.50847 0.314143
lfingers 7.12502 -0 0
lthumb 9.98957 25.9182 0.20735
rclavicle 3.18368e-15 3.82974e-15 3.83161e-32
rhumerus -30.1252 38.5312 -100.577
rradius 74.9465 -0 0
rwrist 5.3297 0 0
rhand -20.6044 -21.9061 -0.232962
rfingers 7.12502 -0 0
rthumb 5.75236 -51.7003 -0.204645
800
root 2.0776 16.3969 20.6146 -10.463 65.7652 -13.4412
lfemur -32.2194 11.6662 -14.756
ltibia 47.4419 -0 0
lfoot -18.7454 11.2257 -1.12513
ltoes 17.8695 -0 0
rfemur -23.4905 -17.6233 19.5817
rtibia 50.5823 -0 0
rfoot -13.9313 -26.2416 0.924678
rtoes -22.8765 0 0
lowerback 3.3128 3.46351 -1.38908
upperback 0.0989737 4.59322 -3.1921
thorax -1.46661 2.28807 -2.55176
lowerneck -5.60234 -6.01163 -0.0768539
upperneck -0.43313 -8.05074 4.72002
head 1.05697 -3.91147 1.28966
lclavicle 2.85806e-15 4.08129e-15 1.84612e-32
lhumerus -52.2064 -13.9041 92.4395
lradius 67.7908 -0 0
lwrist 14.815 0 0
lhand -15.8489 -3.40198 0.329865
lfingers 7.12502 -0 0
lthumb 10.3252 25.9913 0.217921
rclavicle 2.85806e-15 4.08129e-15 1.84612e-32
rhumerus -30.1914 37.8782 -99.82
rradius 74.5858 -0 0
rwrist 5.29569 0 0
rhand -20.3682 -22.032 -0.245633
rfingers 7.12502 -0 0
rthumb 5.98011 -51.814 -0.215801
801
root 2.1076 16.3998 20.7492 -10.4001 65.0122 -13.1652
lfemur -31.9255 11.5632 -14.798
ltibia 47.2458 -0 0
lfoot -18.5269 10.6002 -1.18207
ltoes 17.9974 -0 0
rfemur -24.0001 -17.283 19.4217
rtibia 50.4766 -0 0
rfoot -13.6629 -25.8398 0.968459
rtoes -22.715 0 0
lowerback 3.45348 3.38443 -1.42187
upperback 0.163092 4.48615 -3.15168
thorax -1.48233 2.23355 -2.48683
lowerneck -5.6195 -5.97041 -0.0377462
upperneck -0.296568 -8.00563 4.69416
head 1.10154 -3.88616 1.27511
lclavicle 2.52047e-15 4.33598e-15 -3.86553e-33
lhumerus -51.9667 -14.0434 92.2753
lradius 67.6003 -0 0
lwrist 14.9365 0 0
lhand -15.4933 -3.2936 0.345191
lfingers 7.12502 -0 0
lthumb 10.667 26.0658 0.228239
rclavicle 2.52047e-15 4.33598e-15 -3.86553e-33
rhumerus -30.2694 37.2144 -99.0557
rradius 74.2185 -0 0
rwrist 5.26123 0 0
rhand -20.1275 -22.1603 -0.258008
rfingers 7.12502 -0 0
rthumb 6.2122 -51.9298 -0.226702
802
root 2.13811 16.4027 20.8859 -10.3468 64.247 -12.8948
lfemur -31.6269 11.4592 -14.8415
ltibia 47.0464 -0 0
lfoot -18.3042 9.96398 -1.23756
ltoes 18.128 -0 0
rfemur -24.5182 -16.9384 19.2559
rtibia 50.3691 -0 0
rfoot -13.3898 -25.4313 1.01105
rtoes -22.5505 0 0
lowerback 3.59655 3.3041 -1.45545
upperback 0.228156 4.37729 -3.11073
thorax -1.49839 2.17813 -2.42078
lowerneck -5.63691 -5.92851 0.00198052
upperneck -0.157747 -7.95974 4.66802
head 1.14684 -3.86042 1.26037
lclavicle 2.17178e-15 4.59355e-15 -2.86701e-32
lhumerus -51.7223 -14.1844 92.1076
lradius 67.4066 -0 0
lwrist 15.0599 0 0
lhand -15.1315 -3.18339 0.36008
lfingers 7.12502 -0 0
lthumb 11.0147 26.1415 0.238275
rclavicle 2.17178e-15 4.59355e-15 -2.86701e-32
rhumerus -30.3593 36.5404 -98.2839
rradius 73.845 -0 0
rwrist 5.22629 0 0
rhand -19.8826 -22.2907 -0.270044
rfingers 7.12502 -0 0
rthumb 6.44837 -52.0475 -0.23731
803
root 2.16912 16.4056 21.0248 -10.3029 63.4701 -12.6296
lfemur -31.3238 11.3542 -14.8864
ltibia 46.8441 -0 0
lfoot -18.0774 9.31751 -1.29141
ltoes 18.2612 -0 0
rfemur -25.0447 -16.5901 19.0845
rtibia 50.2601 -0 0
rfoot -13.1121 -25.0165 1.05234
rtoes -22.3832 0 0
lowerback 3.74193 3.22259 -1.48981
upperback 0.294146 4.26665 -3.06928
thorax -1.51479 2.12185 -2.35367
lowerneck -5.65457 -5.88597 0.0422952
upperneck -0.0167984 -7.91309 4.64163
head 1.19286 -3.83428 1.24543
lclavicle 1.81285e-15 4.85372e-15 -5.59491e-32
lhumerus -51.4735 -14.3269 91.9365
lradius 67.2099 -0 0
lwrist 15.1851 0 0
lhand -14.7639 -3.07141 0.374493
lfingers 7.12502 -0 0
lthumb 11.368 26.2184 0.248003
rclavicle 1.81285e-15 4.85372e-15 -5.59491e-32
rhumerus -30.4613 35.8567 -97.5053
rradius 73.4656 -0 0
rwrist 5.19087 0 0
rhand -19.6337 -22.4233 -0.2817
rfingers 7.12502 -0 0
rthumb 6.68839 -52.1672 -0.247589
804
root 2.2006 16.4086 21.1658 -10.2679 62.6822 -12.3693
lfemur -31.0164 11.2484 -14.9328
ltibia 46.6388 -0 0
lfoot -17.8468 8.66139 -1.34345
ltoes 18.3966 -0 0
rfemur -25.5791 -16.2385 18.9077
rtibia 50.1495 -0 0
rfoot -12.8301 -24.5954 1.09222
rtoes -22.2133 0 0
lowerback 3.88952 3.13995 -1.52493
upperback 0.361013 4.15431 -3.02738
thorax -1.53152 2.06475 -2.28555
lowerneck -5.67244 -5.84281 0.0831669
upperneck 0.126151 -7.86572 4.61502
head 1.23953 -3.80776 1.2303
lclavicle 1.44451e-15 5.11623e-15 -8.56897e-32
lhumerus -51.2203 -14.4707 91.7621
lradius 67.0102 -0 0
lwrist 15.3121 0 0
lhand -14.3906 -2.95775 0.388393
lfingers 7.12502 -0 0
lthumb 11.7267 26.2964 0.257395
rclavicle 1.44451e-15 5.11623e-15 -8.56897e-32
rhumerus -30.5754 35.1641 -96.7202
rradius 73.0806 -0 0
rwrist 5.15492 0 0
rhand -19.381 -22.5578 -0.292937
rfingers 7.12502 -0 0
rthumb 6.93202 -52.2886 -0.257505
805
root 2.23252 16.4116 21.3087 -10.2414 61.8838 -12.1137
lfemur -30.7049 11.1419 -14.9806
ltibia 46.4309 -0 0
lfoot -17.6125 7.99616 -1.39351
ltoes 18.5342 -0 0
rfemur -26.1213 -15.884 18.7255
rtibia 50.0377 -0 0
rfoot -12.5439 -24.1685 1.13058
rtoes -22.041 0 0
lowerback 4.03923 3.05626 -1.56082
upperback 0.428708 4.04036 -2.98507
thorax -1.54857 2.00689 -2.21647
lowerneck -5.69053 -5.79906 0.124564
upperneck 0.270973 -7.81765 4.58821
head 1.28682 -3.78087 1.21502
lclavicle 1.06764e-15 5.38082e-15 -1.17869e-31
lhumerus -50.9629 -14.6159 91.5845
lradius 66.8079 -0 0
lwrist 15.4408 0 0
lhand -14.012 -2.84248 0.401743
lfingers 7.12502 -0 0
lthumb 12.0905 26.3755 0.266426
rclavicle 1.06764e-15 5.38082e-15 -1.17869e-31
rhumerus -30.7017 34.4632 -95.929
rradius 72.6903 -0 0
rwrist 5.11843 0 0
rhand -19.1248 -22.6941 -0.303718
rfingers 7.12502 -0 0
rthumb 7.17902 -52.4117 -0.267027
806
root 2.26486 16.4147 21.4535 -10.223 61.0756 -11.8624
lfemur -30.3895 11.0347 -15.0298
ltibia 46.2204 -0 0
lfoot -17.3748 7.3224 -1.44142
ltoes 18.6737 -0 0
rfemur -26.671 -15.5271 18.538
rtibia 49.9248 -0 0
rfoot -12.2538 -23.7359 1.16731
rtoes -21.8664 0 0
lowerback 4.19096 2.97157 -1.59746
upperback 0.497185 3.92488 -2.94239
thorax -1.56593 1.94828 -2.14648
lowerneck -5.70882 -5.75475 0.166457
upperneck 0.417572 -7.76889 4.56123
head 1.33469 -3.75363 1.19957
lclavicle 6.83077e-16 5.64722e-15 -1.52454e-31
lhumerus -50.7016 -14.7623 91.4038
lradius 66.603 -0 0
lwrist 15.571 0 0
lhand -13.6282 -2.72566 0.414509
lfingers 7.12502 -0 0
lthumb 12.4593 26.4556 0.275073
rclavicle 6.83077e-16 5.64722e-15 -1.52454e-31
rhumerus -30.8402 33.7545 -95.1322
rradius 72.295 -0 0
rwrist 5.08138 0 0
rhand -18.8654 -22.8323 -0.314008
rfingers 7.12502 -0 0
rthumb 7.42914 -52.5364 -0.276123
807
root 2.29759 16.4177 21.6 -10.2124 60.2581 -11.6152
lfemur -30.0706 10.927 -15.0805
ltibia 46.0076 -0 0
lfoot -17.1338 6.64065 -1.48704
ltoes 18.815 -0 0
rfemur -27.2278 -15.1683 18.3455
rtibia 49.811 -0 0
rfoot -11.96 -23.2979 1.20232
rtoes -21.6898 0 0
lowerback 4.34462 2.88596 -1.63485
upperback 0.566396 3.80794 -2.8994
thorax -1.5836 1.88899 -2.07563
lowerneck -5.72729 -5.70991 0.208813
upperneck 0.565753 -7.71951 4.53411
head 1.3831 -3.72605 1.18399
lclavicle 2.91681e-16 5.91517e-15 -1.894e-31
lhumerus -50.4365 -14.9098 91.2202
lradius 66.3958 -0 0
lwrist 15.7027 0 0
lhand -13.2396 -2.60736 0.426657
lfingers 7.12502 -0 0
lthumb 12.8326 26.5367 0.283313
rclavicle 2.91681e-16 5.91517e-15 -1.894e-31
rhumerus -30.9909 33.0388 -94.3301
rradius 71.8952 -0 0
rwrist 5.04373 0 0
rhand -18.603 -22.972 -0.323773
rfingers 7.12502 -0 0
rthumb 7.68214 -52.6626 -0.284763
808
root 2.3307 16.4208 21.7481 -10.2092 59.432 -11.3718
lfemur -29.7482 10.8188 -15.1325
ltibia 45.7925 -0 0
lfoot -16.8898 5.95149 -1.53023
ltoes 18.9579 -0 0
rfemur -27.7914 -14.808 18.1479
rtibia 49.6965 -0 0
rfoot -11.6627 -22.8549 1.23552
rtoes -21.5113 0 0
lowerback 4.50012 2.79948 -1.67299
upperback 0.636294 3.68962 -2.85613
thorax -1.60156 1.82904 -2.00397
lowerneck -5.74594 -5.66456 0.251602
upperneck 0.715421 -7.66951 4.50688
head 1.432 -3.69816 1.16828
lclavicle -1.05696e-16 6.1844e-15 -2.28653e-31
lhumerus -50.1677 -15.0582 91.0337
lradius 66.1864 -0 0
lwrist 15.8359 0 0
lhand -12.8464 -2.48767 0.438155
lfingers 7.12502 -0 0
lthumb 13.2104 26.6187 0.291122
rclavicle -1.05696e-16 6.1844e-15 -2.28653e-31
rhumerus -31.1538 32.3167 -93.5231
rradius 71.491 -0 0
rwrist 5.00546 0 0
rhand -18.3378 -23.1133 -0.332982
rfingers 7.12502 -0 0
rthumb 7.93777 -52.7901 -0.292921
809
root 2.36414 16.4239 21.8977 -10.2131 58.5979 -11.132
lfemur -29.4227 10.7104 -15.1859
ltibia 45.5754 -0 0
lfoot -16.6431 5.25546 -1.57083
ltoes 19.1021 -0 0
rfemur -28.3617 -14.4466 17.9456
rtibia 49.5815 -0 0
rfoot -11.362 -22.407 1.26681
rtoes -21.3312 0 0
lowerback 4.65737 2.71221 -1.71185
upperback 0.706832 3.57 -2.81262
thorax -1.61981 1.76849 -1.93155
lowerneck -5.76476 -5.61874 0.294794
upperneck 0.866448 -7.61893 4.47955
head 1.48135 -3.66997 1.15245
lclavicle -5.082e-16 6.45464e-15 -2.70146e-31
lhumerus -49.8954 -15.2075 90.8444
lradius 65.9751 -0 0
lwrist 15.9703 0 0
lhand -12.4489 -2.36665 0.448974
lfingers 7.12502 -0 0
lthumb 13.5924 26.7015 0.298482
rclavicle -5.082e-16 6.45464e-15 -2.70146e-31
rhumerus -31.3287 31.5887 -92.7115
rradius 71.0829 -0 0
rwrist 4.96655 0 0
rhand -18.0702 -23.256 -0.341605
rfingers 7.12502 -0 0
rthumb 8.19581 -52.9189 -0.30057
810
root 2.39791 16.4271 22.0488 -10.2237 57.7563 -10.8957
lfemur -29.0941 10.6016 -15.2406
ltibia 45.3564 -0 0
lfoot -16.3937 4.55315 -1.60873
ltoes 19.2476 -0 0
rfemur -28.9382 -14.0847 17.7386
rtibia 49.4661 -0 0
rfoot -11.0583 -21.9545 1.29612
rtoes -21.1495 0 0
lowerback 4.81627 2.6242 -1.75143
upperback 0.777963 3.44917 -2.76893
thorax -1.63834 1.70738 -1.85843
lowerneck -5.78373 -5.57248 0.338357
upperneck 1.01871 -7.56779 4.45217
head 1.53112 -3.6415 1.13653
lclavicle -9.14977e-16 6.72563e-15 -3.13802e-31
lhumerus -49.6198 -15.3577 90.6526
lradius 65.7619 -0 0
lwrist 16.106 0 0
lhand -12.0473 -2.24438 0.459086
lfingers 7.12502 -0 0
lthumb 13.9782 26.7852 0.305371
rclavicle -9.14977e-16 6.72563e-15 -3.13802e-31
rhumerus -31.5158 30.8556 -91.8956
rradius 70.6712 -0 0
rwrist 4.92698 0 0
rhand -17.8003 -23.4 -0.349616
rfingers 7.12502 -0 0
rthumb 8.456 -53.0489 -0.307687
811
root 2.43198 16.4302 22.2012 -10.2407 56.9079 -10.6624
lfemur -28.7628 10.4928 -15.2967
ltibia 45.1357 -0 0
lfoot -16.142 3.84511 -1.64381
ltoes 19.3941 -0 0
rfemur -29.5208 -13.7226 17.5271
rtibia 49.3505 -0 0
rfoot -10.7517 -21.4978 1.32336
rtoes -20.9665 0 0
lowerback 4.97673 2.53551 -1.79173
upperback 0.849641 3.3272 -2.72509
thorax -1.65714 1.64574 -1.78466
lowerneck -5.80283 -5.5258 0.38226
upperneck 1.17207 -7.51613 4.42474
head 1.58126 -3.61277 1.12051
lclavicle -1.32517e-15 6.9971e-15 -3.59531e-31
lhumerus -49.3411 -15.5084 90.4583
lradius 65.5472 -0 0
lwrist 16.2429 0 0
lhand -11.6418 -2.12093 0.468464
lfingers 7.12502 -0 0
lthumb 14.3677 26.8695 0.311772
rclavicle -1.32517e-15 6.9971e-15 -3.59531e-31
rhumerus -31.7147 30.118 -91.0757
rradius 70.2561 -0 0
rwrist 4.88671 0 0
rhand -17.5285 -23.5451 -0.356989
rfingers 7.12502 -0 0
rthumb 8.71811 -53.18 -0.31425
812
root 2.46631 16.4334 22.3548 -10.2638 56.0533 -10.4322
lfemur -28.429 10.3839 -15.354
ltibia 44.9134 -0 0
lfoot -15.8882 3.13191 -1.67595
ltoes 19.5414 -0 0
rfemur -30.109 -13.3608 17.3113
rtibia 49.2349 -0 0
rfoot -10.4424 -21.0369 1.34846
rtoes -20.7825 0 0
lowerback 5.13866 2.44622 -1.83272
upperback 0.921831 3.20415 -2.68114
thorax -1.67619 1.58362 -1.71029
lowerneck -5.82206 -5.47873 0.426473
upperneck 1.32641 -7.46397 4.39731
head 1.63172 -3.58379 1.10441
lclavicle -1.73794e-15 7.26879e-15 -4.07232e-31
lhumerus -49.0594 -15.6598 90.2616
lradius 65.3311 -0 0
lwrist 16.3808 0 0
lhand -11.2328 -1.99638 0.477084
lfingers 7.12502 -0 0
lthumb 14.7607 26.9546 0.317668
rclavicle -1.73794e-15 7.26879e-15 -4.07232e-31
rhumerus -31.9255 29.3765 -90.2522
rradius 69.8381 -0 0
rwrist 4.84573 0 0
rhand -17.2549 -23.6913 -0.363702
rfingers 7.12502 -0 0
rthumb 8.98188 -53.312 -0.320238
813
root 2.50089 16.4366 22.5094 -10.2927 55.193 -10.2047
lfemur -28.0929 10.275 -15.4127
ltibia 44.6898 -0 0
lfoot -15.6326 2.41412 -1.70506
ltoes 19.6893 -0 0
rfemur -30.7027 -12.9996 17.0914
rtibia 49.1195 -0 0
rfoot -10.1307 -20.5723 1.37135
rtoes -20.5974 0 0
lowerback 5.30197 2.35639 -1.87441
upperback 0.994465 3.08014 -2.63713
thorax -1.69549 1.52107 -1.63537
lowerneck -5.84141 -5.43131 0.470966
upperneck 1.48159 -7.41135 4.36988
head 1.68247 -3.55458 1.08825
lclavicle -2.15241e-15 7.54044e-15 -4.56792e-31
lhumerus -48.775 -15.8117 90.0628
lradius 65.1137 -0 0
lwrist 16.5197 0 0
lhand -10.8205 -1.8708 0.484923
lfingers 7.12502 -0 0
lthumb 15.1568 27.0404 0.323044
rclavicle -2.15241e-15 7.54044e-15 -4.56792e-31
rhumerus -32.148 28.6317 -89.4252
rradius 69.4174 -0 0
rwrist 4.80401 0 0
rhand -16.9798 -23.8384 -0.369734
rfingers 7.12502 -0 0
rthumb 9.24708 -53.4449 -0.325633
814
root 2.5357 16.4398 22.6651 -10.3271 54.3277 -9.97985
lfemur -27.7547 10.1664 -15.4727
ltibia 44.4649 -0 0
lfoot -15.3752 1.69232 -1.73106
ltoes 19.8378 -0 0
rfemur -31.3015 -12.6396 16.8676
rtibia 49.0045 -0 0
rfoot -9.81675 -20.1042 1.39198
rtoes -20.4117 0 0
lowerback 5.46655 2.26607 -1.91678
upperback 1.06751 2.95524 -2.5931
thorax -1.71503 1.45811 -1.55995
lowerneck -5.86087 -5.38355 0.515707
upperneck 1.6375 -7.35829 4.34249
head 1.73347 -3.52517 1.07204
lclavicle -2.56774e-15 7.81176e-15 -5.08087e-31
lhumerus -48.4879 -15.9639 89.8618
lradius 64.8953 -0 0
lwrist 16.6595 0 0
lhand -10.4051 -1.74426 0.49196
lfingers 7.12502 -0 0
lthumb 15.5558 27.1267 0.327884
rclavicle -2.56774e-15 7.81176e-15 -5.08087e-31
rhumerus -32.382 27.8844 -88.5952
rradius 68.9943 -0 0
rwrist 4.76153 0 0
rhand -16.7035 -23.9864 -0.375067
rfingers 7.12502 -0 0
rthumb 9.51347 -53.5785 -0.330419
815
root 2.5707 16.443 22.8217 -10.3669 53.458 -9.75744
lfemur -27.4146 10.0579 -15.5338
ltibia 44.239 -0 0
lfoot -15.1166 0.967063 -1.75386
ltoes 19.9864 -0 0
rfemur -31.905 -12.2812 16.6402
rtibia 48.89 -0 0
rfoot -9.5008 -19.6329 1.41029
rtoes -20.2254 0 0
lowerback 5.63232 2.17534 -1.95981
upperback 1.14092 2.82951 -2.5491
thorax -1.73479 1.3948 -1.48409
lowerneck -5.88041 -5.3355 0.560665
upperneck 1.794 -7.30483 4.31515
head 1.78467 -3.49556 1.05579
lclavicle -2.98308e-15 8.08251e-15 -5.60978e-31
lhumerus -48.1984 -16.1165 89.6589
lradius 64.676 -0 0
lwrist 16.8001 0 0
lhand -9.98687 -1.61685 0.498179
lfingers 7.12502 -0 0
lthumb 15.9575 27.2135 0.332176
rclavicle -2.98308e-15 8.08251e-15 -5.60978e-31
rhumerus -32.6273 27.135 -87.7623
rradius 68.5693 -0 0
rwrist 4.71826 0 0
rhand -16.4262 -24.1351 -0.379684
rfingers 7.12502 -0 0
rthumb 9.7808 -53.7128 -0.334583
816
root 2.60588 16.4462 22.979 -10.4116 52.5844 -9.53732
lfemur -27.0728 9.94983 -15.5962
ltibia 44.0122 -0 0
lfoot -14.8567 0.238931 -1.77339
ltoes 20.1352 -0 0
rfemur -32.5131 -11.9246 16.4093
rtibia 48.7762 -0 0
rfoot -9.18306 -19.1586 1.42622
rtoes -20.0387 0 0
lowerback 5.79918 2.08426 -2.0035
upperback 1.21465 2.70306 -2.50515
thorax -1.75477 1.33118 -1.40783
lowerneck -5.90004 -5.28718 0.605811
upperneck 1.95097 -7.25099 4.2879
head 1.83603 -3.46578 1.03952
lclavicle -3.39757e-15 8.35242e-15 -6.15319e-31
lhumerus -47.9067 -16.2693 89.4541
lradius 64.456 -0 0
lwrist 16.9414 0 0
lhand -9.56612 -1.48864 0.503561
lfingers 7.12502 -0 0
lthumb 16.3617 27.3008 0.335909
rclavicle -3.39757e-15 8.35242e-15 -6.15319e-31
rhumerus -32.8838 26.3843 -86.9268
rradius 68.1426 -0 0
rwrist 4.67417 0 0
rhand -16.1481 -24.2843 -0.383574
rfingers 7.12502 -0 0
rthumb 10.0488 -53.8476 -0.338111
817
root 2.6412 16.4495 23.1371 -10.4611 51.7076 -9.31937
lfemur -26.7296 9.84218 -15.6598
ltibia 43.7846 -0 0
lfoot -14.596 -0.491504 -1.78959
ltoes 20.2839 -0 0
rfemur -33.1254 -11.5705 16.1752
rtibia 48.6633 -0 0
rfoot -8.86376 -18.6817 1.43974
rtoes -19.8518 0 0
lowerback 5.96705 1.99288 -2.04782
upperback 1.28866 2.57595 -2.4613
thorax -1.77496 1.26729 -1.33123
lowerneck -5.91973 -5.23862 0.651114
upperneck 2.10828 -7.19681 4.26075
head 1.88752 -3.43585 1.02323
lclavicle -3.81036e-15 8.62121e-15 -6.70947e-31
lhumerus -47.6129 -16.4223 89.2476
lradius 64.2355 -0 0
lwrist 17.0834 0 0
lhand -9.14308 -1.35971 0.508092
lfingers 7.12502 -0 0
lthumb 16.768 27.3886 0.339073
rclavicle -3.81036e-15 8.62121e-15 -6.70947e-31
rhumerus -33.1512 25.6328 -86.0889
rradius 67.7145 -0 0
rwrist 4.62925 0 0
rhand -15.8697 -24.434 -0.386723
rfingers 7.12502 -0 0
rthumb 10.3173 -53.9829 -0.340994
818
root 2.67664 16.4527 23.2957 -10.5151 50.8282 -9.10346
lfemur -26.3852 9.73506 -15.7245
ltibia 43.5565 -0 0
lfoot -14.3346 -1.22367 -1.80243
ltoes 20.4323 -0 0
rfemur -33.7416 -11.2191 15.9381
rtibia 48.5516 -0 0
rfoot -8.54312 -18.2023 1.45081
rtoes -19.6649 0 0
lowerback 6.13582 1.90127 -2.09278
upperback 1.3629 2.44826 -2.4176
thorax -1.79534 1.20316 -1.25434
lowerneck -5.93949 -5.18984 0.696543
upperneck 2.2658 -7.14233 4.23373
head 1.93908 -3.40577 1.00693
lclavicle -4.22059e-15 8.88862e-15 -7.27691e-31
lhumerus -47.3173 -16.5753 89.0396
lradius 64.0147 -0 0
lwrist 17.2259 0 0
lhand -8.71801 -1.23012 0.511762
lfingers 7.12502 -0 0
lthumb 17.1763 27.4767 0.341658
rclavicle -4.22059e-15 8.88862e-15 -7.27691e-31
rhumerus -33.4293 24.8811 -85.249
rradius 67.2854 -0 0
rwrist 4.58347 0 0
rhand -15.5909 -24.5841 -0.389125
rfingers 7.12502 -0 0
rthumb 10.586 -54.1185 -0.343225
819
root 2.71219 16.4559 23.4547 -10.5734 49.9467 -8.88948
lfemur -26.0397 9.62858 -15.7903
ltibia 43.3279 -0 0
lfoot -14.0728 -1.95699 -1.81186
ltoes 20.5803 -0 0
rfemur -34.3613 -10.8709 15.6983
rtibia 48.4411 -0 0
rfoot -8.22135 -17.7207 1.45939
rtoes -19.4782 0 0
lowerback 6.30541 1.8095 -2.13835
upperback 1.43734 2.32008 -2.37408
thorax -1.81591 1.13885 -1.17721
lowerneck -5.95929 -5.14088 0.742068
upperneck 2.42341 -7.08756 4.20686
head 1.99068 -3.37558 0.990652
lclavicle -4.62741e-15 9.1544e-15 -7.85366e-31
lhumerus -47.0199 -16.7282 88.8302
lradius 63.7938 -0 0
lwrist 17.3689 0 0
lhand -8.29117 -1.09997 0.514558
lfingers 7.12502 -0 0
lthumb 17.5863 27.5651 0.343659
rclavicle -4.62741e-15 9.1544e-15 -7.85366e-31
rhumerus -33.7178 24.13 -84.4073
rradius 66.8556 -0 0
rwrist 4.53679 0 0
rhand -15.3123 -24.7344 -0.390772
rfingers 7.12502 -0 0
rthumb 10.8547 -54.2544 -0.344796
820
root 2.74781 16.4591 23.6142 -10.6358 49.0638 -8.67732
lfemur -25.6935 9.52281 -15.8572
ltibia 43.0992 -0 0
lfoot -13.8108 -2.69089 -1.81786
ltoes 20.7275 -0 0
rfemur -34.9843 -10.5261 15.4561
rtibia 48.3321 -0 0
rfoot -7.89868 -17.2373 1.46547
rtoes -19.2918 0 0
lowerback 6.47571 1.71763 -2.18451
upperback 1.51191 2.19149 -2.33077
thorax -1.83665 1.07438 -1.09989
lowerneck -5.97912 -5.09177 0.787658
upperneck 2.58097 -7.03254 4.18016
head 2.04228 -3.34528 0.974391
lclavicle -5.02997e-15 9.41826e-15 -8.43777e-31
lhumerus -46.7211 -16.8811 88.6195
lradius 63.5729 -0 0
lwrist 17.5123 0 0
lhand -7.8628 -0.969323 0.516475
lfingers 7.12502 -0 0
lthumb 17.9977 27.6537 0.345069
rclavicle -5.02997e-15 9.41826e-15 -8.43777e-31
rhumerus -34.0165 23.3799 -83.564
rradius 66.4254 -0 0
rwrist 4.48921 0 0
rhand -15.0339 -24.8848 -0.391662
rfingers 7.12502 -0 0
rthumb 11.1231 -54.3904 -0.345705
821
root 2.78348 16.4623 23.7739 -10.702 48.18 -8.46689
lfemur -25.3467 9.41786 -15.9251
ltibia 42.8703 -0 0
lfoot -13.5489 -3.4248 -1.82042
ltoes 20.874 -0 0
rfemur -35.6102 -10.1853 15.2117
rtibia 48.2247 -0 0
rfoot -7.57534 -16.7523 1.46903
rtoes -19.1061 0 0
lowerback 6.64665 1.62571 -2.23125
upperback 1.58659 2.06257 -2.28773
thorax -1.85755 1.00982 -1.02245
lowerneck -5.99899 -5.04254 0.833284
upperneck 2.73837 -6.97731 4.15365
head 2.09384 -3.3149 0.958165
lclavicle -5.42741e-15 9.67996e-15 -9.02717e-31
lhumerus -46.4209 -17.0338 88.4077
lradius 63.3523 -0 0
lwrist 17.6559 0 0
lhand -7.43318 -0.838257 0.517506
lfingers 7.12502 -0 0
lthumb 18.4103 27.7426 0.345885
rclavicle -5.42741e-15 9.67996e-15 -9.02717e-31
rhumerus -34.325 22.6315 -82.7195
rradius 65.9952 -0 0
rwrist 4.4407 0 0
rhand -14.756 -25.0352 -0.391792
rfingers 7.12502 -0 0
rthumb 11.3909 -54.5264 -0.34595
822
root 2.81918 16.4656 23.9337 -10.772 47.296 -8.2581
lfemur -24.9996 9.3138 -15.994
ltibia 42.6416 -0 0
lfoot -13.2874 -4.15814 -1.81952
ltoes 21.0194 -0 0
rfemur -36.2386 -9.84875 14.9655
rtibia 48.1191 -0 0
rfoot -7.25155 -16.266 1.47005
rtoes -18.921 0 0
lowerback 6.81811 1.53381 -2.27856
upperback 1.66134 1.9334 -2.24498
thorax -1.8786 0.945182 -0.944913
lowerneck -6.01886 -4.99321 0.878915
upperneck 2.89548 -6.92189 4.12735
head 2.1453 -3.28445 0.941984
lclavicle -5.81888e-15 9.93921e-15 -9.61969e-31
lhumerus -46.1196 -17.1863 88.195
lradius 63.1321 -0 0
lwrist 17.7998 0 0
lhand -7.00256 -0.706852 0.517648
lfingers 7.12502 -0 0
lthumb 18.8238 27.8315 0.346104
rclavicle -5.81888e-15 9.93921e-15 -9.61969e-31
rhumerus -34.6432 21.8852 -81.874
rradius 65.5653 -0 0
rwrist 4.39122 0 0
rhand -14.4789 -25.1855 -0.391164
rfingers 7.12502 -0 0
rthumb 11.658 -54.6624 -0.345531
823
root 2.85487 16.4688 24.0936 -10.8453 46.4124 -8.05089
lfemur -24.6523 9.21074 -16.0638
ltibia 42.413 -0 0
lfoot -13.0265 -4.89033 -1.81519
ltoes 21.1636 -0 0
rfemur -36.8694 -9.51681 14.7177
rtibia 48.0155 -0 0
rfoot -6.92754 -15.7787 1.46853
rtoes -18.7369 0 0
lowerback 6.99001 1.442 -2.32642
upperback 1.7361 1.80406 -2.20257
thorax -1.89978 0.880523 -0.867351
lowerneck -6.03874 -4.94382 0.92452
upperneck 3.05217 -6.86632 4.10129
head 2.19665 -3.25395 0.925861
lclavicle -6.20353e-15 1.01958e-14 -1.0213e-30
lhumerus -45.8175 -17.3385 87.9814
lradius 62.9124 -0 0
lwrist 17.9438 0 0
lhand -6.5712 -0.575184 0.516899
lfingers 7.12502 -0 0
lthumb 19.2381 27.9206 0.345725
rclavicle -6.20353e-15 1.01958e-14 -1.0213e-30
rhumerus -34.9706 21.1418 -81.0277
rradius 65.1359 -0 0
rwrist 4.34076 0 0
rhand -14.2029 -25.3356 -0.389782
rfingers 7.12502 -0 0
rthumb 11.9242 -54.7982 -0.344452
824
root 2.89055 16.472 24.2535 -10.9219 45.5297 -7.84519
lfemur -24.3052 9.10876 -16.1346
ltibia 42.185 -0 0
lfoot -12.7664 -5.62081 -1.80744
ltoes 21.3064 -0 0
rfemur -37.502 -9.18983 14.4687
rtibia 47.9141 -0 0
rfoot -6.60352 -15.2906 1.46447
rtoes -18.5539 0 0
lowerback 7.16226 1.35032 -2.3748
upperback 1.81083 1.67465 -2.16053
thorax -1.92109 0.815882 -0.789811
lowerneck -6.05861 -4.89439 0.97007
upperneck 3.20831 -6.81063 4.07548
head 2.24782 -3.22343 0.909808
lclavicle -6.58049e-15 1.04493e-14 -1.08048e-30
lhumerus -45.5145 -17.4903 87.7671
lradius 62.6936 -0 0
lwrist 18.0878 0 0
lhand -6.13934 -0.443331 0.515262
lfingers 7.12502 -0 0
lthumb 19.6528 28.0097 0.344748
rclavicle -6.58049e-15 1.04493e-14 -1.08048e-30
rhumerus -35.3069 20.4018 -80.181
rradius 64.7075 -0 0
rwrist 4.28929 0 0
rhand -13.9281 -25.4853 -0.387651
rfingers 7.12502 -0 0
rthumb 12.189 -54.9337 -0.342716
825
root 2.92617 16.4751 24.4131 -11.0016 44.6485 -7.64094
lfemur -23.9583 9.00795 -16.2062
ltibia 41.9575 -0 0
lfoot -12.5074 -6.34899 -1.79629
ltoes 21.4477 -0 0
rfemur -38.1362 -8.86816 14.2188
rtibia 47.8151 -0 0
rfoot -6.27972 -14.8019 1.45788
rtoes -18.3723 0 0
lowerback 7.33475 1.25885 -2.42369
upperback 1.8855 1.54522 -2.1189
thorax -1.94251 0.751299 -0.712345
lowerneck -6.07847 -4.84496 1.01553
upperneck 3.36378 -6.75486 4.04994
head 2.29879 -3.19289 0.893836
lclavicle -6.94893e-15 1.06997e-14 -1.13926e-30
lhumerus -45.2111 -17.6416 87.5523
lradius 62.4757 -0 0
lwrist 18.2318 0 0
lhand -5.70726 -0.311369 0.51274
lfingers 7.12502 -0 0
lthumb 20.0678 28.0987 0.343177
rclavicle -6.94893e-15 1.06997e-14 -1.13926e-30
rhumerus -35.6519 19.6656 -79.3342
rradius 64.2804 -0 0
rwrist 4.23679 0 0
rhand -13.655 -25.6345 -0.38478
rfingers 7.12502 -0 0
rthumb 12.4524 -55.0688 -0.340331
826
root 2.96172 16.4783 24.5726 -11.0842 43.7695 -7.4381
lfemur -23.612 8.90839 -16.2787
ltibia 41.7307 -0 0
lfoot -12.2498 -7.0743 -1.7818
ltoes 21.5871 -0 0
rfemur -38.7717 -8.55211 13.9683
rtibia 47.7186 -0 0
rfoot -5.95637 -14.3131 1.44878
rtoes -18.1921 0 0
lowerback 7.5074 1.16765 -2.47308
upperback 1.96007 1.41588 -2.07771
thorax -1.96403 0.686815 -0.635004
lowerneck -6.09829 -4.79555 1.06088
upperneck 3.51845 -6.69904 4.02469
head 2.3495 -3.16237 0.877958
lclavicle -7.30798e-15 1.09465e-14 -1.19738e-30
lhumerus -44.9073 -17.7925 87.3371
lradius 62.259 -0 0
lwrist 18.3756 0 0
lhand -5.2752 -0.179375 0.509339
lfingers 7.12502 -0 0
lthumb 20.4827 28.1877 0.341014
rclavicle -7.30798e-15 1.09465e-14 -1.19738e-30
rhumerus -36.005 18.9338 -78.4875
rradius 63.8548 -0 0
rwrist 4.18323 0 0
rhand -13.3836 -25.7831 -0.38118
rfingers 7.12502 -0 0
rthumb 12.714 -55.2034 -0.337305
827
root 2.99718 16.4814 24.7316 -11.1695 42.8932 -7.23663
lfemur -23.2664 8.81017 -16.3519
ltibia 41.5048 -0 0
lfoot -11.9938 -7.79618 -1.764
ltoes 21.7247 -0 0
rfemur -39.4079 -8.242 13.7176
rtibia 47.6248 -0 0
rfoot -5.63368 -13.8243 1.43718
rtoes -18.0136 0 0
lowerback 7.68011 1.07677 -2.52293
upperback 2.03449 1.28671 -2.03701
thorax -1.98564 0.622471 -0.557843
lowerneck -6.11808 -4.74619 1.10609
upperneck 3.67221 -6.64319 3.99975
head 2.39993 -3.13186 0.862184
lclavicle -7.65679e-15 1.11896e-14 -1.25456e-30
lhumerus -44.6034 -17.9428 87.1217
lradius 62.0436 -0 0
lwrist 18.5193 0 0
lhand -4.84343 -0.047427 0.505066
lfingers 7.12502 -0 0
lthumb 20.8973 28.2765 0.338265
rclavicle -7.65679e-15 1.11896e-14 -1.25456e-30
rhumerus -36.366 18.207 -77.6413
rradius 63.4312 -0 0
rwrist 4.12859 0 0
rhand -13.1142 -25.931 -0.376864
rfingers 7.12502 -0 0
rthumb 12.9737 -55.3374 -0.333649
828
root 3.03251 16.4846 24.8901 -11.2574 42.0202 -7.0365
lfemur -22.9218 8.71338 -16.4258
ltibia 41.2801 -0 0
lfoot -11.7396 -8.51404 -1.74297
ltoes 21.86 -0 0
rfemur -40.0447 -7.93815 13.467
rtibia 47.534 -0 0
rfoot -5.3119 -13.3358 1.42312
rtoes -17.8369 0 0
lowerback 7.85278 0.986274 -2.57324
upperback 2.10872 1.15777 -1.99682
thorax -2.00732 0.558307 -0.480912
lowerneck -6.13781 -4.69692 1.15111
upperneck 3.82491 -6.58736 3.97514
head 2.45002 -3.1014 0.846526
lclavicle -7.9945e-15 1.14286e-14 -1.31054e-30
lhumerus -44.2996 -18.0925 86.9063
lradius 61.8297 -0 0
lwrist 18.6626 0 0
lhand -4.4122 0.0843993 0.499932
lfingers 7.12502 -0 0
lthumb 21.3114 28.3651 0.334936
rclavicle -7.9945e-15 1.14286e-14 -1.31054e-30
rhumerus -36.7344 17.4856 -76.796
rradius 63.0098 -0 0
rwrist 4.07284 0 0
rhand -12.8472 -26.0781 -0.371847
rfingers 7.12502 -0 0
rthumb 13.2312 -55.4708 -0.329377
829
root 3.06769 16.4876 25.0481 -11.3476 41.1511 -6.83769
lfemur -22.5783 8.61809 -16.5004
ltibia 41.0565 -0 0
lfoot -11.4874 -9.22732 -1.71878
ltoes 21.9931 -0 0
rfemur -40.6816 -7.64084 13.2169
rtibia 47.4462 -0 0
rfoot -4.99122 -12.8479 1.40664
rtoes -17.6623 0 0
lowerback 8.02532 0.896224 -2.62398
upperback 2.18272 1.02917 -1.95719
thorax -2.02906 0.494365 -0.404265
lowerneck -6.15749 -4.64776 1.19594
upperneck 3.97643 -6.53157 3.95087
head 2.49974 -3.07101 0.830995
lclavicle -8.32028e-15 1.16634e-14 -1.36503e-30
lhumerus -43.9961 -18.2416 86.691
lradius 61.6176 -0 0
lwrist 18.8055 0 0
lhand -3.98176 0.216027 0.49395
lfingers 7.12502 -0 0
lthumb 21.7247 28.4535 0.331037
rclavicle -8.32028e-15 1.16634e-14 -1.36503e-30
rhumerus -37.1098 16.7702 -75.9518
rradius 62.5909 -0 0
rwrist 4.01596 0 0
rhand -12.5827 -26.2243 -0.366148
rfingers 7.12502 -0 0
rthumb 13.4862 -55.6033 -0.324503
830
root 3.10271 16.4907 25.2054 -11.44 40.2866 -6.64019
lfemur -22.2363 8.5244 -16.5756
ltibia 40.8344 -0 0
lfoot -11.2377 -9.93544 -1.6915
ltoes 22.1236 -0 0
rfemur -41.3182 -7.35036 12.9678
rtibia 47.3617 -0 0
rfoot -4.67188 -12.3609 1.38777
rtoes -17.49 0 0
lowerback 8.19764 0.806679 -2.67512
upperback 2.25645 0.900978 -1.91815
thorax -2.05084 0.430685 -0.327954
lowerneck -6.1771 -4.59874 1.24052
upperneck 4.12666 -6.47587 3.92697
head 2.54904 -3.04069 0.815603
lclavicle -8.63325e-15 1.18936e-14 -1.41775e-30
lhumerus -43.693 -18.39 86.4759
lradius 61.4073 -0 0
lwrist 18.9479 0 0
lhand -3.55239 0.34738 0.487135
lfingers 7.12502 -0 0
lthumb 22.137 28.5415 0.326576
rclavicle -8.63325e-15 1.18936e-14 -1.41775e-30
rhumerus -37.4918 16.0611 -75.1091
rradius 62.175 -0 0
rwrist 3.95792 0 0
rhand -12.321 -26.3694 -0.359785
rfingers 7.12502 -0 0
rthumb 13.7384 -55.7349 -0.319044
831
root 3.13753 16.4938 25.3619 -11.5344 39.4271 -6.44398
lfemur -21.8959 8.43237 -16.6513
ltibia 40.6138 -0 0
lfoot -10.9904 -10.6378 -1.66123
ltoes 22.2515 -0 0
rfemur -41.9542 -7.06698 12.7198
rtibia 47.2806 -0 0
rfoot -4.3541 -11.875 1.36656
rtoes -17.32 0 0
lowerback 8.36963 0.717698 -2.72665
upperback 2.32987 0.773281 -1.87973
thorax -2.07266 0.367308 -0.252031
lowerneck -6.19663 -4.54989 1.28484
upperneck 4.27547 -6.42028 3.90344
head 2.59789 -3.01047 0.800361
lclavicle -8.93256e-15 1.21189e-14 -1.46838e-30
lhumerus -43.3907 -18.5376 86.2614
lradius 61.1991 -0 0
lwrist 19.0898 0 0
lhand -3.12432 0.478383 0.479504
lfingers 7.12502 -0 0
lthumb 22.548 28.6292 0.321566
rclavicle -8.93256e-15 1.21189e-14 -1.46838e-30
rhumerus -37.8799 15.3589 -74.2683
rradius 61.7622 -0 0
rwrist 3.89871 0 0
rhand -12.0624 -26.5133 -0.352782
rfingers 7.12502 -0 0
rthumb 13.9878 -55.8656 -0.313018
832
root 3.17213 16.4968 25.5175 -11.6307 38.5733 -6.24907
lfemur -21.5574 8.34209 -16.7275
ltibia 40.395 -0 0
lfoot -10.746 -11.3339 -1.62808
ltoes 22.3764 -0 0
rfemur -42.5892 -6.79098 12.4736
rtibia 47.2031 -0 0
rfoot -4.0381 -11.3905 1.34306
rtoes -17.1527 0 0
lowerback 8.54121 0.62934 -2.77854
upperback 2.40294 0.646161 -1.84196
thorax -2.09449 0.304274 -0.176549
lowerneck -6.21607 -4.50125 1.32887
upperneck 4.42272 -6.36484 3.88032
head 2.64624 -2.98038 0.785281
lclavicle -9.21737e-15 1.23392e-14 -1.51664e-30
lhumerus -43.0892 -18.6845 86.0474
lradius 60.9931 -0 0
lwrist 19.2311 0 0
lhand -2.69783 0.60896 0.471077
lfingers 7.12502 -0 0
lthumb 22.9575 28.7164 0.316019
rclavicle -9.21737e-15 1.23392e-14 -1.51664e-30
rhumerus -38.2737 14.664 -73.4298
rradius 61.3531 -0 0
rwrist 3.83829 0 0
rhand -11.8071 -26.6559 -0.345163
rfingers 7.12502 -0 0
rthumb 14.2339 -55.9951 -0.306447
833
root 3.20648 16.4997 25.672 -11.7287 37.7258 -6.05547
lfemur -21.2209 8.25364 -16.8042
ltibia 40.178 -0 0
lfoot -10.5046 -12.0232 -1.59214
ltoes 22.4983 -0 0
rfemur -43.2227 -6.52259 12.2294
rtibia 47.1295 -0 0
rfoot -3.72409 -10.9077 1.31735
rtoes -16.9881 0 0
lowerback 8.71228 0.541664 -2.83076
upperback 2.47563 0.519703 -1.80489
thorax -2.11633 0.241624 -0.101561
lowerneck -6.23541 -4.45284 1.37257
upperneck 4.56832 -6.30958 3.8576
head 2.69405 -2.95041 0.770372
lclavicle -9.48682e-15 1.25541e-14 -1.5622e-30
lhumerus -42.7889 -18.8305 85.8342
lradius 60.7896 -0 0
lwrist 19.3716 0 0
lhand -2.27316 0.739035 0.461875
lfingers 7.12502 -0 0
lthumb 23.3653 28.8031 0.30995
rclavicle -9.48682e-15 1.25541e-14 -1.5622e-30
rhumerus -38.6727 13.9767 -72.594
rradius 60.9477 -0 0
rwrist 3.77664 0 0
rhand -11.5554 -26.7971 -0.336954
rfingers 7.12502 -0 0
rthumb 14.4767 -56.1234 -0.299352
834
root 3.24056 16.5027 25.8255 -11.8282 36.8851 -5.8632
lfemur -20.8867 8.1671 -16.8812
ltibia 39.9631 -0 0
lfoot -10.2665 -12.705 -1.55355
ltoes 22.6169 -0 0
rfemur -43.8545 -6.26206 11.9878
rtibia 47.0599 -0 0
rfoot -3.4123 -10.4269 1.28948
rtoes -16.8266 0 0
lowerback 8.88273 0.454728 -2.8833
upperback 2.54788 0.393989 -1.76855
thorax -2.13815 0.179397 -0.0271198
lowerneck -6.25464 -4.40469 1.41592
upperneck 4.7121 -6.25455 3.83531
head 2.74129 -2.9206 0.755647
lclavicle -9.74005e-15 1.27633e-14 -1.60476e-30
lhumerus -42.4899 -18.9757 85.622
lradius 60.5887 -0 0
lwrist 19.5112 0 0
lhand -1.85058 0.868534 0.451922
lfingers 7.12502 -0 0
lthumb 23.771 28.8894 0.303374
rclavicle -9.74005e-15 1.27633e-14 -1.60476e-30
rhumerus -39.0765 13.2975 -71.7613
rradius 60.5466 -0 0
rwrist 3.71373 0 0
rhand -11.3074 -26.9368 -0.328183
rfingers 7.12502 -0 0
rthumb 14.7157 -56.2504 -0.291758
835
root 3.27435 16.5056 25.9777 -11.9291 36.0519 -5.67227
lfemur -20.555 8.08253 -16.9586
ltibia 39.7505 -0 0
lfoot -10.0318 -13.3788 -1.51243
ltoes 22.7321 -0 0
rfemur -44.484 -6.00962 11.749
rtibia 46.9944 -0 0
rfoot -3.10293 -9.94825 1.25953
rtoes -16.6682 0 0
lowerback 9.05249 0.36859 -2.93613
upperback 2.61968 0.269104 -1.73296
thorax -2.15995 0.117635 0.0467226
lowerneck -6.27375 -4.35683 1.45888
upperneck 4.85395 -6.19976 3.81346
head 2.7879 -2.89097 0.741116
lclavicle -9.97622e-15 1.29667e-14 -1.64399e-30
lhumerus -42.1925 -19.12 85.4109
lradius 60.3906 -0 0
lwrist 19.65 0 0
lhand -1.43033 0.997382 0.441244
lfingers 7.12502 -0 0
lthumb 24.1745 28.975 0.296309
rclavicle -9.97622e-15 1.29667e-14 -1.64399e-30
rhumerus -39.4844 12.6268 -70.9322
rradius 60.15 -0 0
rwrist 3.64955 0 0
rhand -11.0636 -27.0749 -0.318881
rfingers 7.12502 -0 0
rthumb 14.9508 -56.3759 -0.28369
836
root 3.30782 16.5084 26.1287 -12.0312 35.2267 -5.48272
lfemur -20.2261 8.00003 -17.0362
ltibia 39.5402 -0 0
lfoot -9.80086 -14.0441 -1.46892
ltoes 22.8437 -0 0
rfemur -45.1109 -5.76549 11.5136
rtibia 46.9333 -0 0
rfoot -2.79621 -9.47209 1.22757
rtoes -16.5132 0 0
lowerback 9.22144 0.283308 -2.98922
upperback 2.69098 0.145106 -1.69815
thorax -2.18171 0.056377 0.119913
lowerneck -6.29274 -4.3093 1.50143
upperneck 4.99375 -6.14527 3.79207
head 2.83386 -2.86153 0.726791
lclavicle -1.01945e-14 1.31639e-14 -1.67958e-30
lhumerus -41.8968 -19.2634 85.2011
lradius 60.1955 -0 0
lwrist 19.7878 0 0
lhand -1.01269 1.12551 0.429869
lfingers 7.12502 -0 0
lthumb 24.5755 29.06 0.288774
rclavicle -1.01945e-14 1.31639e-14 -1.67958e-30
rhumerus -39.8959 11.9648 -70.107
rradius 59.7582 -0 0
rwrist 3.58407 0 0
rhand -10.8241 -27.2112 -0.30908
rfingers 7.12502 -0 0
rthumb 15.1818 -56.5 -0.275175
837
root 3.34095 16.5113 26.2782 -12.1344 34.4101 -5.29459
lfemur -19.9001 7.91965 -17.114
ltibia 39.3324 -0 0
lfoot -9.57384 -14.7002 -1.42315
ltoes 22.9514 -0 0
rfemur -45.7348 -5.52988 11.282
rtibia 46.8767 -0 0
rfoot -2.49235 -8.99868 1.1937
rtoes -16.3617 0 0
lowerback 9.38949 0.198939 -3.04255
upperback 2.76172 0.0221286 -1.66418
thorax -2.20341 -0.00433625 0.192398
lowerneck -6.31159 -4.26211 1.54353
upperneck 5.13138 -6.0911 3.77116
head 2.87911 -2.8323 0.712681
lclavicle -1.03939e-14 1.33547e-14 -1.7112e-30
lhumerus -41.6032 -19.4058 84.9928
lradius 60.0035 -0 0
lwrist 19.9245 0 0
lhand -0.59789 1.25283 0.417829
lfingers 7.12502 -0 0
lthumb 24.9737 29.1443 0.280788
rclavicle -1.03939e-14 1.33547e-14 -1.7112e-30
rhumerus -40.3106 11.312 -69.2864
rradius 59.3717 -0 0
rwrist 3.51726 0 0
rhand -10.5891 -27.3456 -0.298813
rfingers 7.12502 -0 0
rthumb 15.4084 -56.6224 -0.266244
838
root 3.37371 16.514 26.4261 -12.2384 33.6027 -5.10791
lfemur -19.5773 7.84147 -17.1919
ltibia 39.1274 -0 0
lfoot -9.35096 -15.3467 -1.3753
ltoes 23.0552 -0 0
rfemur -46.3553 -5.30298 11.0547
rtibia 46.8249 -0 0
rfoot -2.19155 -8.52828 1.15801
rtoes -16.2139 0 0
lowerback 9.55655 0.11554 -3.09609
upperback 2.83188 -0.0997686 -1.63106
thorax -2.22504 -0.0644649 0.264125
lowerneck -6.33029 -4.21531 1.58516
upperneck 5.26671 -6.03728 3.75073
head 2.92362 -2.8033 0.698798
lclavicle -1.05738e-14 1.35388e-14 -1.73853e-30
lhumerus -41.3117 -19.5473 84.7861
lradius 59.8149 -0 0
lwrist 20.06 0 0
lhand -0.186202 1.37929 0.405154
lfingers 7.12502 -0 0
lthumb 25.3689 29.2278 0.272373
rclavicle -1.05738e-14 1.35388e-14 -1.73853e-30
rhumerus -40.7278 10.6687 -68.4707
rradius 58.9906 -0 0
rwrist 3.4491 0 0
rhand -10.3589 -27.478 -0.288117
rfingers 7.12502 -0 0
rthumb 15.6303 -56.7431 -0.256925
839
root 3.40608 16.5168 26.5725 -12.3432 32.8051 -4.92274
lfemur -19.2579 7.76557 -17.2699
ltibia 38.9253 -0 0
lfoot -9.13243 -15.983 -1.3255
ltoes 23.1547 -0 0
rfemur -46.9719 -5.08497 10.832
rtibia 46.7779 -0 0
rfoot -1.89404 -8.06116 1.12058
rtoes -16.0701 0 0
lowerback 9.72252 0.0331685 -3.14981
upperback 2.90141 -0.220502 -1.59883
thorax -2.24659 -0.123969 0.335041
lowerneck -6.34884 -4.16892 1.62629
upperneck 5.39961 -5.98386 3.7308
head 2.96735 -2.77455 0.685153
lclavicle -1.07331e-14 1.3716e-14 -1.76124e-30
lhumerus -41.0227 -19.6879 84.5814
lradius 59.6299 -0 0
lwrist 20.1943 0 0
lhand 0.222122 1.5048 0.391879
lfingers 7.12502 -0 0
lthumb 25.7609 29.3105 0.263552
rclavicle -1.07331e-14 1.3716e-14 -1.76124e-30
rhumerus -41.1471 10.035 -67.6605
rradius 58.6153 -0 0
rwrist 3.37956 0 0
rhand -10.1339 -27.6084 -0.277028
rfingers 7.12502 -0 0
rthumb 15.8473 -56.862 -0.247251
840
root 3.43803 16.5194 26.717 -12.4485 32.0179 -4.73914
lfemur -18.9421 7.69201 -17.3478
ltibia 38.7262 -0 0
lfoot -8.91846 -16.6084 -1.27393
ltoes 23.2499 -0 0
rfemur -47.5842 -4.87603 10.6145
rtibia 46.736 -0 0
rfoot -1.60001 -7.59757 1.08153
rtoes -15.9304 0 0
lowerback 9.8873 -0.0481197 -3.20368
upperback 2.97029 -0.339986 -1.56751
thorax -2.26803 -0.182809 0.405094
lowerneck -6.36722 -4.12297 1.66689
upperneck 5.52997 -5.93087 3.71138
head 3.01025 -2.74606 0.671755
lclavicle -1.08711e-14 1.38859e-14 -1.779e-30
lhumerus -40.7363 -19.8274 84.3786
lradius 59.4485 -0 0
lwrist 20.3272 0 0
lhand 0.626825 1.6293 0.378041
lfingers 7.12502 -0 0
lthumb 26.1495 29.3924 0.254349
rclavicle -1.08711e-14 1.38859e-14 -1.779e-30
rhumerus -41.5677 9.4114 -66.8563
rradius 58.2462 -0 0
rwrist 3.30862 0 0
rhand -9.9141 -27.7365 -0.265586
rfingers 7.12502 -0 0
rthumb 16.0593 -56.979 -0.237255
841
root 3.46954 16.522 26.8598 -12.5542 31.2416 -4.55717
lfemur -18.6301 7.62086 -17.4257
ltibia 38.5303 -0 0
lfoot -8.70924 -17.2225 -1.22076
ltoes 23.3405 -0 0
rfemur -48.1918 -4.67633 10.4026
rtibia 46.6994 -0 0
rfoot -1.30967 -7.13777 1.04096
rtoes -15.7949 0 0
lowerback 10.0508 -0.128268 -3.25768
upperback 3.03847 -0.458138 -1.53715
thorax -2.28935 -0.240935 0.474217
lowerneck -6.38542 -4.07749 1.70692
upperneck 5.65765 -5.87834 3.69249
head 3.05229 -2.71786 0.658616
lclavicle -1.0987e-14 1.40484e-14 -1.79149e-30
lhumerus -40.4529 -19.9659 84.1781
lradius 59.2711 -0 0
lwrist 20.4587 0 0
lhand 1.02765 1.75271 0.363678
lfingers 7.12502 -0 0
lthumb 26.5343 29.4733 0.24479
rclavicle -1.0987e-14 1.40484e-14 -1.79149e-30
rhumerus -41.9891 8.79799 -66.0587
rradius 57.8836 -0 0
rwrist 3.23626 0 0
rhand -9.69991 -27.8623 -0.253829
rfingers 7.12502 -0 0
rthumb 16.2658 -57.0939 -0.226971
842
root 3.50058 16.5246 27.0006 -12.6601 30.4768 -4.37689
lfemur -18.3223 7.55219 -17.5035
ltibia 38.3378 -0 0
lfoot -8.50497 -17.8248 -1.16617
ltoes 23.4264 -0 0
rfemur -48.7943 -4.48602 10.1969
rtibia 46.6682 -0 0
rfoot -1.02323 -6.68203 0.99899
rtoes -15.6639 0 0
lowerback 10.2129 -0.207222 -3.31178
upperback 3.10592 -0.574872 -1.50777
thorax -2.31053 -0.298326 0.542381
lowerneck -6.40345 -4.03252 1.74637
upperneck 5.78254 -5.82631 3.67413
head 3.09343 -2.68997 0.645747
lclavicle -1.10797e-14 1.42031e-14 -1.7984e-30
lhumerus -40.1725 -20.1034 83.9799
lradius 59.0977 -0 0
lwrist 20.5888 0 0
lhand 1.42435 1.87497 0.34883
lfingers 7.12502 -0 0
lthumb 26.9151 29.5533 0.234901
rclavicle -1.10797e-14 1.42031e-14 -1.7984e-30
rhumerus -42.4106 8.19503 -65.2683
rradius 57.5278 -0 0
rwrist 3.16245 0 0
rhand -9.49154 -27.9857 -0.241801
rfingers 7.12502 -0 0
rthumb 16.4668 -57.2067 -0.216434
843
root 3.53113 16.5271 27.1393 -12.7661 29.7242 -4.1984
lfemur -18.0187 7.48606 -17.581
ltibia 38.1489 -0 0
lfoot -8.30586 -18.4145 -1.11034
ltoes 23.5074 -0 0
rfemur -49.3912 -4.30523 9.99765
rtibia 46.6427 -0 0
rfoot -0.740893 -6.2306 0.955728
rtoes -15.5376 0 0
lowerback 10.3735 -0.284925 -3.36594
upperback 3.1726 -0.690105 -1.4794
thorax -2.33157 -0.354934 0.609521
lowerneck -6.42128 -3.98807 1.78519
upperneck 5.9045 -5.77481 3.65633
head 3.13362 -2.6624 0.633157
lclavicle -1.11486e-14 1.43497e-14 -1.79939e-30
lhumerus -39.8955 -20.2399 83.7844
lradius 58.9287 -0 0
lwrist 20.7172 0 0
lhand 1.81666 1.996 0.333539
lfingers 7.12502 -0 0
lthumb 27.2916 29.6323 0.224709
rclavicle -1.11486e-14 1.43497e-14 -1.79939e-30
rhumerus -42.8317 7.60271 -64.4855
rradius 57.1791 -0 0
rwrist 3.08717 0 0
rhand -9.28925 -28.1065 -0.229542
rfingers 7.12502 -0 0
rthumb 16.6619 -57.3173 -0.205682
844
root 3.56117 16.5296 27.2758 -12.8719 28.9842 -4.02176
lfemur -17.7196 7.42255 -17.6582
ltibia 37.9636 -0 0
lfoot -8.11207 -18.9913 -1.05345
ltoes 23.5833 -0 0
rfemur -49.9821 -4.13412 9.8055
rtibia 46.6229 -0 0
rfoot -0.462853 -5.78374 0.911301
rtoes -15.4161 0 0
lowerback 10.5326 -0.361322 -3.42015
upperback 3.23846 -0.803751 -1.45207
thorax -2.35244 -0.410718 0.675584
lowerneck -6.43891 -3.94419 1.82337
upperneck 6.02347 -5.72386 3.63909
head 3.17282 -2.63517 0.620857
lclavicle -1.11928e-14 1.44881e-14 -1.79417e-30
lhumerus -39.622 -20.3754 83.5916
lradius 58.7641 -0 0
lwrist 20.844 0 0
lhand 2.20433 2.11573 0.317848
lfingers 7.12502 -0 0
lthumb 27.6638 29.7102 0.214244
rclavicle -1.11928e-14 1.44881e-14 -1.79417e-30
rhumerus -43.2517 7.02121 -63.7111
rradius 56.8379 -0 0
rwrist 3.01038 0 0
rhand -9.09327 -28.2247 -0.217097
rfingers 7.12502 -0 0
rthumb 16.8509 -57.4256 -0.194752
845
root 3.59067 16.532 27.4101 -12.9775 28.2574 -3.84708
lfemur -17.4253 7.3617 -17.7351
ltibia 37.7822 -0 0
lfoot -7.92381 -19.5545 -0.995701
ltoes 23.6538 -0 0
rfemur -50.5666 -3.97279 9.62089
rtibia 46.6091 -0 0
rfoot -0.189311 -5.34169 0.865837
rtoes -15.2997 0 0
lowerback 10.69 -0.436359 -3.47435
upperback 3.30348 -0.915727 -1.42581
thorax -2.37312 -0.46564 0.740517
lowerneck -6.45633 -3.9009 1.86086
upperneck 6.13921 -5.67354 3.62243
head 3.21099 -2.60831 0.608857
lclavicle -1.12113e-14 1.4618e-14 -1.78243e-30
lhumerus -39.3524 -20.5098 83.4018
lradius 58.6041 -0 0
lwrist 20.9689 0 0
lhand 2.58711 2.2341 0.301803
lfingers 7.12502 -0 0
lthumb 28.0312 29.7869 0.203537
rclavicle -1.12113e-14 1.4618e-14 -1.78243e-30
rhumerus -43.6699 6.45067 -62.9457
rradius 56.5045 -0 0
rwrist 2.93208 0 0
rhand -8.90386 -28.3401 -0.204511
rfingers 7.12502 -0 0
rthumb 17.0335 -57.5315 -0.183681
846
root 3.6196 16.5343 27.542 -13.0825 27.5445 -3.67444
lfemur -17.136 7.3036 -17.8116
ltibia 37.6048 -0 0
lfoot -7.74124 -20.1037 -0.937284
ltoes 23.7189 -0 0
rfemur -51.1443 -3.82137 9.44431
rtibia 46.6015 -0 0
rfoot 0.0795378 -4.90473 0.819466
rtoes -15.1885 0 0
lowerback 10.8456 -0.509982 -3.52854
upperback 3.36764 -1.026 -1.40064
thorax -2.39361 -0.519659 0.804266
lowerneck -6.47353 -3.85824 1.89765
upperneck 6.25166 -5.62386 3.60635
head 3.2481 -2.58183 0.597169
lclavicle -1.12033e-14 1.4739e-14 -1.76385e-30
lhumerus -39.0868 -20.6432 83.2152
lradius 58.4489 -0 0
lwrist 21.092 0 0
lhand 2.96474 2.35104 0.285451
lfingers 7.12502 -0 0
lthumb 28.3936 29.8625 0.192616
rclavicle -1.12033e-14 1.4739e-14 -1.76385e-30
rhumerus -44.0856 5.89121 -62.1898
rradius 56.1792 -0 0
rwrist 2.85223 0 0
rhand -8.72128 -28.4526 -0.191828
rfingers 7.12502 -0 0
rthumb 17.2096 -57.6348 -0.17251
847
root 3.64794 16.5365 27.6714 -13.187 26.846 -3.50394
lfemur -16.8518 7.24829 -17.8875
ltibia 37.4316 -0 0
lfoot -7.56455 -20.6382 -0.878396
ltoes 23.7783 -0 0
rfemur -51.7146 -3.67997 9.27625
rtibia 46.6003 -0 0
rfoot 0.343498 -4.47309 0.772325
rtoes -15.0827 0 0
lowerback 10.9993 -0.582135 -3.58267
upperback 3.43085 -1.13437 -1.37662
thorax -2.41387 -0.572737 0.866777
lowerneck -6.49051 -3.81622 1.9337
upperneck 6.36069 -5.57486 3.59088
head 3.28409 -2.55574 0.585801
lclavicle -1.11681e-14 1.4851e-14 -1.73817e-30
lhumerus -38.8254 -20.7755 83.032
lradius 58.2988 -0 0
lwrist 21.2132 0 0
lhand 3.33696 2.46648 0.268841
lfingers 7.12502 -0 0
lthumb 28.7508 29.9369 0.181516
rclavicle -1.11681e-14 1.4851e-14 -1.73817e-30
rhumerus -44.4982 5.34294 -61.4442
rradius 55.8623 -0 0
rwrist 2.7708 0 0
rhand -8.54576 -28.5621 -0.179095
rfingers 7.12502 -0 0
rthumb 17.3789 -57.7355 -0.161277
848
root 3.67567 16.5387 27.7983 -13.2906 26.1625 -3.33571
lfemur -16.573 7.19583 -17.9629
ltibia 37.2628 -0 0
lfoot -7.39391 -21.1575 -0.819238
ltoes 23.8318 -0 0
rfemur -52.2772 -3.54868 9.11721
rtibia 46.6055 -0 0
rfoot 0.602378 -4.04703 0.724553
rtoes -14.9825 0 0
lowerback 11.151 -0.652766 -3.63671
upperback 3.4931 -1.24083 -1.35376
thorax -2.4339 -0.624834 0.927998
lowerneck -6.50725 -3.77489 1.96898
upperneck 6.46618 -5.52657 3.57601
head 3.31894 -2.53008 0.574764
lclavicle -1.11047e-14 1.49536e-14 -1.70508e-30
lhumerus -38.5686 -20.9068 82.8523
lradius 58.1538 -0 0
lwrist 21.3324 0 0
lhand 3.70352 2.58035 0.252022
lfingers 7.12502 -0 0
lthumb 29.1026 30.01 0.170269
rclavicle -1.11047e-14 1.49536e-14 -1.70508e-30
rhumerus -44.9069 4.80593 -60.7096
rradius 55.5542 -0 0
rwrist 2.68779 0 0
rhand -8.37756 -28.6685 -0.166358
rfingers 7.12502 -0 0
rthumb 17.5412 -57.8336 -0.15002
849
root 3.70276 16.5408 27.9224 -13.3932 25.4945 -3.16983
lfemur -16.2999 7.1463 -18.0377
ltibia 37.0985 -0 0
lfoot -7.22948 -21.6611 -0.760012
ltoes 23.8793 -0 0
rfemur -52.8317 -3.4276 8.96767
rtibia 46.6175 -0 0
rfoot 0.855987 -3.6268 0.676294
rtoes -14.8881 0 0
lowerback 11.3007 -0.721821 -3.69063
upperback 3.55435 -1.34527 -1.33208
thorax -2.45368 -0.67591 0.987874
lowerneck -6.52375 -3.73427 2.00347
upperneck 6.568 -5.47903 3.56177
head 3.3526 -2.50485 0.564069
lclavicle -1.10123e-14 1.50466e-14 -1.66433e-30
lhumerus -38.3165 -21.0371 82.6764
lradius 58.0143 -0 0
lwrist 21.4494 0 0
lhand 4.06417 2.69259 0.235047
lfingers 7.12502 -0 0
lthumb 29.4487 30.0818 0.158908
rclavicle -1.10123e-14 1.50466e-14 -1.66433e-30
rhumerus -45.3111 4.28024 -59.9865
rradius 55.2552 -0 0
rwrist 2.60315 0 0
rhand -8.21689 -28.7718 -0.153662
rfingers 7.12502 -0 0
rthumb 17.6961 -57.9288 -0.138786
850
root 3.72919 16.5429 28.0438 -13.4945 24.8426 -3.00645
lfemur -16.0327 7.09974 -18.1117
ltibia 36.9388 -0 0
lfoot -7.07143 -22.1484 -0.700922
ltoes 23.9206 -0 0
rfemur -53.3775 -3.31681 8.82814
rtibia 46.6364 -0 0
rfoot 1.10414 -3.21265 0.627694
rtoes -14.7996 0 0
lowerback 11.4482 -0.789247 -3.7444
upperback 3.61457 -1.44762 -1.31163
thorax -2.4732 -0.725927 1.04635
lowerneck -6.53999 -3.6944 2.03713
upperneck 6.66603 -5.43228 3.54815
head 3.38502 -2.48008 0.553726
lclavicle -1.08899e-14 1.51297e-14 -1.61565e-30
lhumerus -38.0694 -21.1664 82.5044
lradius 57.8802 -0 0
lwrist 21.5643 0 0
lhand 4.41865 2.80313 0.217967
lfingers 7.12502 -0 0
lthumb 29.7889 30.1522 0.147469
rclavicle -1.08899e-14 1.51297e-14 -1.61565e-30
rhumerus -45.71 3.76592 -59.2758
rradius 54.9656 -0 0
rwrist 2.51686 0 0
rhand -8.06408 -28.8716 -0.14106
rfingers 7.12502 -0 0
rthumb 17.8436 -58.021 -0.127613
851
root 3.75493 16.5448 28.1622 -13.5945 24.2073 -2.84567
lfemur -15.7715 7.05622 -18.1849
ltibia 36.7841 -0 0
lfoot -6.91993 -22.6189 -0.642171
ltoes 23.9555 -0 0
rfemur -53.9144 -3.2164 8.69912
rtibia 46.6623 -0 0
rfoot 1.34665 -2.80482 0.578905
rtoes -14.7173 0 0
lowerback 11.5934 -0.854991 -3.79798
upperback 3.67372 -1.54779 -1.29242
thorax -2.49242 -0.774844 1.10338
lowerneck -6.55597 -3.6553 2.06994
upperneck 6.76014 -5.38634 3.53518
head 3.41618 -2.45578 0.543745
lclavicle -1.07369e-14 1.52027e-14 -1.5588e-30
lhumerus -37.8275 -21.2947 82.3366
lradius 57.7519 -0 0
lwrist 21.6768 0 0
lhand 4.76672 2.91192 0.200837
lfingers 7.12502 -0 0
lthumb 30.1228 30.2212 0.135987
rclavicle -1.07369e-14 1.52027e-14 -1.5588e-30
rhumerus -46.1029 3.26297 -58.5781
rradius 54.6857 -0 0
rwrist 2.42891 0 0
rhand -7.91932 -28.9681 -0.128596
rfingers 7.12502 -0 0
rthumb 17.9832 -58.1103 -0.116541
852
root 3.77996 16.5467 28.2776 -13.6929 23.5894 -2.68763
lfemur -15.5167 7.01579 -18.2573
ltibia 36.6343 -0 0
lfoot -6.77512 -23.0721 -0.583964
ltoes 23.9837 -0 0
rfemur -54.4418 -3.12643 8.58109
rtibia 46.6955 -0 0
rfoot 1.58332 -2.40355 0.530078
rtoes -14.6413 0 0
lowerback 11.7363 -0.919001 -3.85135
upperback 3.73176 -1.64569 -1.27449
thorax -2.51134 -0.822624 1.1589
lowerneck -6.57168 -3.617 2.10186
upperneck 6.85022 -5.34126 3.52285
head 3.44602 -2.43198 0.534135
lclavicle -1.05523e-14 1.52652e-14 -1.49356e-30
lhumerus -37.5911 -21.422 82.1732
lradius 57.6295 -0 0
lwrist 21.7871 0 0
lhand 5.10811 3.01887 0.183712
lfingers 7.12502 -0 0
lthumb 30.4504 30.2888 0.124498
rclavicle -1.05523e-14 1.52652e-14 -1.49356e-30
rhumerus -46.489 2.77139 -57.8942
rradius 54.416 -0 0
rwrist 2.33926 0 0
rhand -7.78288 -29.061 -0.116318
rfingers 7.12502 -0 0
rthumb 18.1148 -58.1965 -0.105612
853
root 3.80425 16.5485 28.39 -13.7896 22.9892 -2.53247
lfemur -15.2684 6.9785 -18.3287
ltibia 36.4898 -0 0
lfoot -6.63717 -23.5074 -0.526506
ltoes 24.0052 -0 0
rfemur -54.9593 -3.04699 8.47455
rtibia 46.7362 -0 0
rfoot 1.81399 -2.0091 0.481371
rtoes -14.5719 0 0
lowerback 11.8767 -0.981224 -3.90446
upperback 3.78866 -1.74124 -1.25786
thorax -2.52994 -0.869227 1.21286
lowerneck -6.58712 -3.57954 2.13287
upperneck 6.93614 -5.29707 3.5112
head 3.47451 -2.40869 0.524908
lclavicle -1.03353e-14 1.53171e-14 -1.4197e-30
lhumerus -37.3604 -21.5483 82.0143
lradius 57.5133 -0 0
lwrist 21.8948 0 0
lhand 5.44257 3.12394 0.166649
lfingers 7.12502 -0 0
lthumb 30.7712 30.3548 0.113039
rclavicle -1.03353e-14 1.53171e-14 -1.4197e-30
rhumerus -46.8675 2.29116 -57.2248
rradius 54.1566 -0 0
rwrist 2.2479 0 0
rhand -7.655 -29.1502 -0.104273
rfingers 7.12502 -0 0
rthumb 18.2382 -58.2795 -0.0948666
854
root 3.82778 16.5502 28.4991 -13.8842 22.4075 -2.38032
lfemur -15.0268 6.94442 -18.3992
ltibia 36.3505 -0 0
lfoot -6.50624 -23.9243 -0.469999
ltoes 24.0197 -0 0
rfemur -55.4665 -2.97814 8.38
rtibia 46.7844 -0 0
rfoot 2.03847 -1.6217 0.432941
rtoes -14.5092 0 0
lowerback 12.0145 -1.04161 -3.95729
upperback 3.84437 -1.83436 -1.24256
thorax -2.5482 -0.914614 1.2652
lowerneck -6.60227 -3.54294 2.16294
upperneck 7.01776 -5.25381 3.50021
head 3.5016 -2.38593 0.516072
lclavicle -1.00849e-14 1.53581e-14 -1.33705e-30
lhumerus -37.1356 -21.6736 81.8602
lradius 57.4033 -0 0
lwrist 22 0 0
lhand 5.76986 3.22705 0.149705
lfingers 7.12502 -0 0
lthumb 31.0851 30.4192 0.101648
rclavicle -1.00849e-14 1.53581e-14 -1.33705e-30
rhumerus -47.2379 1.82223 -56.5707
rradius 53.9079 -0 0
rwrist 2.15479 0 0
rhand -7.53592 -29.2357 -0.0925073
rfingers 7.12502 -0 0
rthumb 18.3531 -58.3591 -0.0843457
855
root 3.85053 16.5518 28.6048 -13.9767 21.8446 -2.23133
lfemur -14.7923 6.91359 -18.4685
ltibia 36.2168 -0 0
lfoot -6.38246 -24.3222 -0.414646
ltoes 24.0271 -0 0
rfemur -55.963 -2.91995 8.29793
rtibia 46.8405 -0 0
rfoot 2.25658 -1.2416 0.384949
rtoes -14.4533 0 0
lowerback 12.1496 -1.1001 -4.0098
upperback 3.89886 -1.92496 -1.22862
thorax -2.56611 -0.958745 1.31588
lowerneck -6.61712 -3.50724 2.19204
upperneck 7.09498 -5.21151 3.4899
head 3.52726 -2.36373 0.507639
lclavicle -9.80043e-15 1.53878e-14 -1.24541e-30
lhumerus -36.9171 -21.7979 81.711
lradius 57.2998 -0 0
lwrist 22.1026 0 0
lhand 6.08971 3.32815 0.132939
lfingers 7.12502 -0 0
lthumb 31.3919 30.4821 0.090363
rclavicle -9.80043e-15 1.53878e-14 -1.24541e-30
rhumerus -47.5991 1.36456 -55.9326
rradius 53.6703 -0 0
rwrist 2.05992 0 0
rhand -7.4259 -29.3173 -0.0810685
rfingers 7.12502 -0 0
rthumb 18.4593 -58.4354 -0.0740864
856
root 3.87247 16.5534 28.7072 -14.0668 21.3013 -2.08565
lfemur -14.565 6.88608 -18.5367
ltibia 36.0887 -0 0
lfoot -6.266 -24.7006 -0.360644
ltoes 24.0271 -0 0
rfemur -56.4484 -2.87247 8.22883
rtibia 46.9045 -0 0
rfoot 2.46815 -0.86904 0.337558
rtoes -14.4046 0 0
lowerback 12.282 -1.15666 -4.06195
upperback 3.9521 -2.01296 -1.21607
thorax -2.58364 -1.00158 1.36484
lowerneck -6.63167 -3.47246 2.22014
upperneck 7.16766 -5.1702 3.48029
head 3.55144 -2.34209 0.499619
lclavicle -9.48096e-15 1.54061e-14 -1.14464e-30
lhumerus -36.705 -21.9214 81.567
lradius 57.203 -0 0
lwrist 22.2025 0 0
lhand 6.40188 3.42717 0.116409
lfingers 7.12502 -0 0
lthumb 31.6913 30.5432 0.0792218
rclavicle -9.48096e-15 1.54061e-14 -1.14464e-30
rhumerus -47.9506 0.918077 -55.3114
rradius 53.4441 -0 0
rwrist 1.96326 0 0
rhand -7.32515 -29.3949 -0.0699986
rfingers 7.12502 -0 0
rthumb 18.5565 -58.5082 -0.0641361
857
root 3.89357 16.5548 28.806 -14.1544 20.778 -1.94342
lfemur -14.3451 6.86193 -18.6037
ltibia 35.9665 -0 0
lfoot -6.15699 -25.059 -0.308191
ltoes 24.0196 -0 0
rfemur -56.9223 -2.83577 8.17318
rtibia 46.9767 -0 0
rfoot 2.67299 -0.504257 0.290932
rtoes -14.3631 0 0
lowerback 12.4115 -1.21122 -4.11372
upperback 4.00404 -2.09827 -1.20494
thorax -2.60078 -1.04309 1.41203
lowerneck -6.64591 -3.43864 2.24721
upperneck 7.23569 -5.12993 3.47138
head 3.57411 -2.32105 0.49202
lclavicle -9.12563e-15 1.54127e-14 -1.03462e-30
lhumerus -36.4995 -22.0439 81.4285
lradius 57.113 -0 0
lwrist 22.2996 0 0
lhand 6.70611 3.52406 0.100175
lfingers 7.12502 -0 0
lthumb 31.983 30.6027 0.0682636
rclavicle -9.12563e-15 1.54127e-14 -1.03462e-30
rhumerus -48.2914 0.482691 -54.7079
rradius 53.2296 -0 0
rwrist 1.86478 0 0
rhand -7.23399 -29.4684 -0.0593498
rfingers 7.12502 -0 0
rthumb 18.6444 -58.5774 -0.0545297
858
root 3.91381 16.5562 28.9011 -14.2391 20.2754 -1.8048
lfemur -14.1329 6.84119 -18.6694
ltibia 35.8503 -0 0
lfoot -6.05559 -25.3967 -0.25748
ltoes 24.0043 -0 0
rfemur -57.3842 -2.80991 8.13147
rtibia 47.0572 -0 0
rfoot 2.87095 -0.147493 0.245237
rtoes -14.3291 0 0
lowerback 12.5381 -1.26374 -4.16506
upperback 4.05465 -2.1808 -1.19525
thorax -2.61752 -1.08322 1.45738
lowerneck -6.65983 -3.4058 2.27323
upperneck 7.29893 -5.09073 3.46318
head 3.59523 -2.30061 0.484854
lclavicle -8.7336e-15 1.54072e-14 -9.15233e-31
lhumerus -36.301 -22.1654 81.2955
lradius 57.03 -0 0
lwrist 22.3938 0 0
lhand 7.00216 3.61874 0.0842994
lfingers 7.12502 -0 0
lthumb 32.2668 30.6604 0.0575277
rclavicle -8.7336e-15 1.54072e-14 -9.15233e-31
rhumerus -48.6209 0.0583113 -54.1228
rradius 53.0271 -0 0
rwrist 1.76446 0 0
rhand -7.15263 -29.5377 -0.0491619
rfingers 7.12502 -0 0
rthumb 18.723 -58.6429 -0.0453057
859
root 3.93316 16.5574 28.9926 -14.3209 19.7939 -1.66995
lfemur -13.9286 6.82392 -18.7337
ltibia 35.7403 -0 0
lfoot -5.96194 -25.7134 -0.2087
ltoes 23.9812 -0 0
rfemur -57.8338 -2.79496 8.10418
rtibia 47.1463 -0 0
rfoot 3.06183 0.201013 0.20064
rtoes -14.3027 0 0
lowerback 12.6615 -1.31416 -4.21595
upperback 4.10389 -2.26048 -1.18704
thorax -2.63382 -1.12194 1.50085
lowerneck -6.67343 -3.37399 2.29815
upperneck 7.35726 -5.05263 3.45571
head 3.61474 -2.2808 0.478131
lclavicle -8.30402e-15 1.53895e-14 -7.86405e-31
lhumerus -36.1097 -22.2861 81.1683
lradius 56.9543 -0 0
lwrist 22.485 0 0
lhand 7.28976 3.71117 0.0688418
lfingers 7.12502 -0 0
lthumb 32.5424 30.7164 0.0470536
rclavicle -8.30402e-15 1.53895e-14 -7.86405e-31
rhumerus -48.9382 -0.355166 -53.5569
rradius 52.8369 -0 0
rwrist 1.66228 0 0
rhand -7.08131 -29.6027 -0.0394777
rfingers 7.12502 -0 0
rthumb 18.7918 -58.7046 -0.0365015
860
root 3.95161 16.5586 29.0801 -14.3994 19.3342 -1.53904
lfemur -13.7325 6.81017 -18.7966
ltibia 35.6365 -0 0
lfoot -5.8762 -26.0085 -0.162034
ltoes 23.95 -0 0
rfemur -58.2707 -2.79097 8.09178
rtibia 47.244 -0 0
rfoot 3.24548 0.541024 0.157308
rtoes -14.2842 0 0
lowerback 12.7818 -1.36245 -4.26635
upperback 4.15173 -2.33721 -1.18032
thorax -2.64968 -1.15921 1.54239
lowerneck -6.68668 -3.34321 2.32196
upperneck 7.41057 -5.01567 3.44897
head 3.63262 -2.26164 0.47186
lclavicle -7.83602e-15 1.53593e-14 -6.48085e-31
lhumerus -35.9258 -22.406 81.0472
lradius 56.8859 -0 0
lwrist 22.5732 0 0
lhand 7.56866 3.80128 0.0538643
lfingers 7.12502 -0 0
lthumb 32.8097 30.7705 0.0368808
rclavicle -7.83602e-15 1.53593e-14 -6.48085e-31
rhumerus -49.2425 -0.757852 -53.0112
rradius 52.6595 -0 0
rwrist 1.55821 0 0
rhand -7.02029 -29.6633 -0.0303385
rfingers 7.12502 -0 0
rthumb 18.8507 -58.7624 -0.0281534
861
root 3.96913 16.5597 29.1638 -14.4746 18.8968 -1.41222
lfemur -13.5447 6.79999 -18.858
ltibia 35.5393 -0 0
lfoot -5.79849 -26.2813 -0.117662
ltoes 23.9105 -0 0
rfemur -58.6944 -2.79802 8.09474
rtibia 47.3507 -0 0
rfoot 3.42173 0.872302 0.11541
rtoes -14.2737 0 0
lowerback 12.8988 -1.40854 -4.31622
upperback 4.19812 -2.41091 -1.17513
thorax -2.66508 -1.19499 1.58193
lowerneck -6.6996 -3.31352 2.34463
upperneck 7.45872 -4.97988 3.44297
head 3.64882 -2.24314 0.466051
lclavicle -7.32876e-15 1.53162e-14 -5.00256e-31
lhumerus -35.7496 -22.5249 80.9323
lradius 56.8251 -0 0
lwrist 22.6583 0 0
lhand 7.83862 3.88901 0.039429
lfingers 7.12502 -0 0
lthumb 33.0683 30.8227 0.0270493
rclavicle -7.32876e-15 1.53162e-14 -5.00256e-31
rhumerus -49.5331 -1.14986 -52.4863
rradius 52.495 -0 0
rwrist 1.45222 0 0
rhand -6.9698 -29.7194 -0.0217841
rfingers 7.12502 -0 0
rthumb 18.8995 -58.8163 -0.0202965
862
root 3.98569 16.5606 29.2433 -14.5461 18.4823 -1.28966
lfemur -13.3654 6.79343 -18.9179
ltibia 35.4487 -0 0
lfoot -5.72898 -26.5315 -0.0757564
ltoes 23.8625 -0 0
rfemur -59.1047 -2.81617 8.11352
rtibia 47.4664 -0 0
rfoot 3.5904 1.19461 0.0751132
rtoes -14.2714 0 0
lowerback 13.0125 -1.45238 -4.36552
upperback 4.24303 -2.48151 -1.17149
thorax -2.68 -1.22924 1.61943
lowerneck -6.71216 -3.28493 2.36612
upperneck 7.50159 -4.9453 3.43772
head 3.66331 -2.22532 0.460716
lclavicle -6.78138e-15 1.52601e-14 -3.42928e-31
lhumerus -35.5814 -22.643 80.8238
lradius 56.7721 -0 0
lwrist 22.7401 0 0
lhand 8.09939 3.9743 0.0255981
lfingers 7.12502 -0 0
lthumb 33.3181 30.8729 0.0175989
rclavicle -6.78138e-15 1.52601e-14 -3.42928e-31
rhumerus -49.8091 -1.53132 -51.9832
rradius 52.3439 -0 0
rwrist 1.3443 0 0
rhand -6.93011 -29.7708 -0.0138526
rfingers 7.12502 -0 0
rthumb 18.9378 -58.8661 -0.0129643
863
root 4.00126 16.5615 29.3187 -14.6138 18.0911 -1.17153
lfemur -13.195 6.79055 -18.9761
ltibia 35.365 -0 0
lfoot -5.66781 -26.7583 -0.0364829
ltoes 23.8059 -0 0
rfemur -59.5012 -2.84551 8.14859
rtibia 47.5913 -0 0
rfoot 3.75133 1.50771 0.0365873
rtoes -14.2774 0 0
lowerback 13.1226 -1.49393 -4.41423
upperback 4.28641 -2.5489 -1.16944
thorax -2.69442 -1.26193 1.65483
lowerneck -6.72436 -3.25748 2.3864
upperneck 7.53905 -4.91196 3.43324
head 3.67603 -2.20821 0.455863
lclavicle -6.19303e-15 1.51906e-14 -1.76149e-31
lhumerus -35.4213 -22.7603 80.722
lradius 56.727 -0 0
lwrist 22.8186 0 0
lhand 8.3507 4.05709 0.0124343
lfingers 7.12502 -0 0
lthumb 33.5587 30.9212 0.00856919
rclavicle -6.19303e-15 1.51906e-14 -1.76149e-31
rhumerus -50.0698 -1.90234 -51.5027
rradius 52.2065 -0 0
rwrist 1.23442 0 0
rhand -6.90145 -29.8175 -0.00657991
rfingers 7.12502 -0 0
rthumb 18.9655 -58.9117 -0.00618873
864
root 4.01583 16.5622 29.3898 -14.6774 17.724 358.942
lfemur -13.0336 6.79139 -19.0326
ltibia 35.2882 0 0
lfoot -5.61513 -26.9614 0
ltoes 23.7405 0 0
rfemur -59.8835 -2.88612 8.20039
rtibia 47.7257 0 0
rfoot 3.90436 1.81136 0
rtoes -14.2921 0 0
lowerback 13.2292 -1.53313 -4.4623
upperback 4.32824 -2.61301 -1.16899
thorax -2.70832 -1.29301 1.68808
lowerneck -6.73619 -3.2312 2.40546
upperneck 7.57099 -4.8799 3.42953
head 3.68695 -2.19182 0.451504
lclavicle -5.56286e-15 1.51076e-14 0
lhumerus -35.2697 -22.8768 80.6271
lradius 56.69 0 0
lwrist 22.8937 0 0
lhand 8.59231 4.13733 0
lfingers 7.12502 0 0
lthumb 33.79 30.9675 0
rclavicle -5.56286e-15 1.51076e-14 0
rhumerus -50.3143 -2.26304 -51.0456
rradius 52.083 0 0
rwrist 1.12255 0 0
rhand -6.88408 -29.8593 0
rfingers 7.12502 0 0
rthumb 18.9823 -778.953 0
865
root 4.09285 16.5646 29.7798 -15.0203 15.7586 -0.387025
lfemur -12.1335 6.88993 -19.3851
ltibia 34.9245 -0 0
lfoot -5.45067 -27.8027 0.181043
ltoes 23.0877 -0 0
rfemur -62.1761 -3.42151 8.96332
rtibia 48.869 -0 0
rfoot 4.7707 3.67809 -0.203288
rtoes -14.6003 0 0
lowerback 13.8826 -1.74774 -4.78068
upperback 4.58078 -2.97727 -1.20455
thorax -2.79276 -1.46932 1.8667
lowerneck -6.80938 -3.07731 2.50794
upperneck 7.65927 -4.6887 3.42223
head 3.71935 -2.09565 0.433147
lclavicle 6.94091e-17 1.40037e-14 1.47542e-30
lhumerus -34.4236 -23.6621 80.1329
lradius 56.6298 -0 0
lwrist 23.3322 0 0
lhand 10.0322 4.62884 -0.0676398
lfingers 7.12502 -0 0
lthumb 35.1664 31.2376 -0.0473686
rclavicle 6.94091e-17 1.40037e-14 1.47542e-30
rhumerus -51.6143 -4.51103 -48.4489
rradius 51.5575 -0 0
rwrist 0.310028 0 0
rhand -7.01747 -30.0264 0.0276722
rfingers 7.12502 -0 0
rthumb 18.854 -59.1308 0.0274109
866
root 4.14446 16.5634 30.0675 -15.2561 14.3967 0.191156
lfemur -11.4438 7.13399 -19.7212
ltibia 34.761 -0 0
lfoot -5.5528 -27.9286 0.27489
ltoes 22.0731 -0 0
rfemur -64.2355 -4.35738 10.4146
rtibia 50.4509 -0 0
rfoot 5.46027 5.42113 -0.35277
rtoes -15.2419 0 0
lowerback 14.4898 -1.90498 -5.11475
upperback 4.80952 -3.2686 -1.29972
thorax -2.86981 -1.61006 1.99162
lowerneck -6.87857 -2.94613 2.57982
upperneck 7.56622 -4.51985 3.44006
head 3.69318 -2.01336 0.429656
lclavicle 8.20467e-15 1.19839e-14 3.31942e-30
lhumerus -33.7749 -24.511 79.8174
lradius 56.8451 -0 0
lwrist 23.7036 0 0
lhand 11.3037 5.08519 -0.115325
lfingers 7.12502 -0 0
lthumb 36.3785 31.4666 -0.0817694
rclavicle 8.20467e-15 1.19839e-14 3.31942e-30
rhumerus -52.4847 -6.68299 -46.3839
rradius 51.4453 -0 0
rwrist -0.650428 0 0
rhand -7.52999 -30.0358 0.0323263
rfingers 7.12502 -0 0
rthumb 18.3601 -59.1721 0.0351135
867
root 4.17398 16.559 30.2657 -15.3908 13.5593 0.68167
lfemur -10.9402 7.4993 -20.0391
ltibia 34.7695 -0 0
lfoot -5.87956 -27.4432 0.294188
ltoes 20.7575 -0 0
rfemur -66.1107 -5.5956 12.4606
rtibia 52.3964 -0 0
rfoot 5.99702 7.04733 -0.449232
rtoes -16.1616 0 0
lowerback 15.0523 -2.01193 -5.45864
upperback 5.01631 -3.49537 -1.44449
thorax -2.93964 -1.71956 2.06976
lowerneck -6.94387 -2.83551 2.62499
upperneck 7.3197 -4.37139 3.47857
head 3.61738 -1.94361 0.438794
lclavicle 1.83272e-14 9.24233e-15 5.14104e-30
lhumerus -33.3026 -25.4112 79.6601
lradius 57.2929 -0 0
lwrist 24.0146 0 0
lhand 12.4223 5.50903 -0.144256
lfingers 7.12502 -0 0
lthumb 37.4414 31.6595 -0.103539
rclavicle 1.83272e-14 9.24233e-15 5.14104e-30
rhumerus -52.9632 -8.80078 -44.8075
rradius 51.6873 -0 0
rwrist -1.73098 0 0
rhand -8.36471 -29.9116 0.0190949
rfingers 7.12502 -0 0
rthumb 17.5555 -59.0979 0.027164
868
root 4.18475 16.5521 30.3872 -15.434 13.1679 1.09219
lfemur -10.5985 7.96204 -20.338
ltibia 34.9221 -0 0
lfoot -6.3915 -26.4498 0.257853
ltoes 19.2017 -0 0
rfemur -67.8524 -7.04895 15.0015
rtibia 54.631 -0 0
rfoot 6.40421 8.56289 -0.495834
rtoes -17.3033 0 0
lowerback 15.5714 -2.07578 -5.80674
upperback 5.20282 -3.66605 -1.62899
thorax -3.00251 -1.80212 2.10803
lowerneck -7.00533 -2.74323 2.64735
upperneck 6.94748 -4.24126 3.53361
head 3.5009 -1.88503 0.458378
lclavicle 2.99213e-14 5.97348e-15 6.57726e-30
lhumerus -32.9857 -26.3483 79.6401
lradius 57.9304 -0 0
lwrist 24.2718 0 0
lhand 13.4033 5.90276 -0.156216
lfingers 7.12502 -0 0
lthumb 38.3704 31.8208 -0.11359
rclavicle 2.99213e-14 5.97348e-15 6.57726e-30
rhumerus -53.0918 -10.8715 -43.6727
rradius 52.2242 -0 0
rwrist -2.90392 0 0
rhand -9.46462 -29.6783 -0.00529847
rfingers 7.12502 -0 0
rthumb 16.4951 -58.9292 0.00901092
869
root 4.18007 16.5433 30.4449 -15.3977 13.1451 1.43207
lfemur -10.394 8.49874 -20.6183
ltibia 35.1906 -0 0
lfoot -7.05028 -25.0514 0.187296
ltoes 17.4665 -0 0
rfemur -69.5063 -8.638 17.9334
rtibia 57.0798 -0 0
rfoot 6.7044 9.97347 -0.497777
rtoes -18.6115 0 0
lowerback 16.0486 -2.10385 -6.15369
upperback 5.37058 -3.78924 -1.84349
thorax -3.05881 -1.862 2.11338
lowerneck -7.06297 -2.66709 2.65077
upperneck 6.47731 -4.12737 3.60127
head 3.35266 -1.83623 0.486264
lclavicle 4.24712e-14 2.37165e-15 7.35046e-30
lhumerus -32.803 -27.3069 79.7366
lradius 58.7145 -0 0
lwrist 24.4817 0 0
lhand 14.2621 6.26851 -0.153499
lfingers 7.12502 -0 0
lthumb 39.1804 31.9551 -0.113304
rclavicle 4.24712e-14 2.37165e-15 7.35046e-30
rhumerus -52.9171 -12.8908 -42.9284
rradius 52.9969 -0 0
rwrist -4.14149 0 0
rhand -10.7729 -29.36 -0.0337692
rfingers 7.12502 -0 0
rthumb 15.2338 -58.6869 -0.0135294
870
root 4.16328 16.533 30.4514 -15.296 13.4134 1.71188
lfemur -10.3021 9.0864 -20.8804
ltibia 35.5468 -0 0
lfoot -7.81746 -23.3511 0.103364
ltoes 15.6126 -0 0
rfemur -71.1087 -10.2892 21.1491
rtibia 59.6682 -0 0
rfoot 6.91944 11.2844 -0.462015
rtoes -20.0305 0 0
lowerback 16.4855 -2.10349 -6.49434
upperback 5.52105 -3.87361 -2.07834
thorax -3.10895 -1.90344 2.0928
lowerneck -7.11679 -2.60488 2.63912
upperneck 5.93684 -4.02767 3.67784
head 3.18156 -1.79584 0.520337
lclavicle 5.54613e-14 -1.36879e-15 7.30834e-30
lhumerus -32.7322 -28.2701 79.928
lradius 59.6024 -0 0
lwrist 24.651 0 0
lhand 15.0139 6.6082 -0.13884
lfingers 7.12502 -0 0
lthumb 39.8866 32.0669 -0.104444
rclavicle 5.54613e-14 -1.36879e-15 7.30834e-30
rhumerus -52.4905 -14.8463 -42.5191
rradius 53.9463 -0 0
rwrist -5.41597 0 0
rhand -12.2326 -28.9811 -0.0598579
rfingers 7.12502 -0 0
rthumb 13.8265 -58.3921 -0.0350948
871
root 4.13769 16.5218 30.4197 -15.1448 13.8961 1.94252
lfemur -10.2976 9.70229 -21.1248
ltibia 35.9628 -0 0
lfoot -8.65379 -21.4524 0.0239804
ltoes 13.7009 -0 0
rfemur -72.6835 -11.9341 24.5374
rtibia 62.3214 -0 0
rfoot 7.0706 12.5007 -0.396989
rtoes -21.5045 0 0
lowerback 16.8837 -2.08212 -6.8237
upperback 5.65569 -3.92788 -2.324
thorax -3.15342 -1.93066 2.05326
lowerneck -7.16673 -2.55436 2.61625
upperneck 5.35377 -3.94021 3.75971
head 2.99652 -1.76251 0.558497
lclavicle 6.83757e-14 -5.05349e-15 6.44639e-30
lhumerus -32.7498 -29.2212 80.1915
lradius 60.551 -0 0
lwrist 24.7862 0 0
lhand 15.6738 6.92358 -0.115353
lfingers 7.12502 -0 0
lthumb 40.5039 32.1604 -0.089071
rclavicle 6.83757e-14 -5.05349e-15 6.44639e-30
rhumerus -51.8693 -16.7208 -42.3835
rradius 55.0131 -0 0
rwrist -6.69962 0 0
rhand -13.7868 -28.5665 -0.0784867
rfingers 7.12502 -0 0
rthumb 12.3283 -58.0661 -0.0514066
872
root 4.10663 16.5103 30.3625 -14.961 14.5165 2.13467
lfemur -10.3552 10.324 -21.3514
ltibia 36.4103 -0 0
lfoot -9.51898 -19.4594 -0.0375652
ltoes 11.792 -0 0
rfemur -74.2396 -13.5096 27.9821
rtibia 64.9645 -0 0
rfoot 7.17853 13.6274 -0.312403
rtoes -22.9779 0 0
lowerback 17.245 -2.04716 -7.13695
upperback 5.77601 -3.96083 -2.57099
thorax -3.19268 -1.94787 2.00176
lowerneck -7.21277 -2.51329 2.58603
upperneck 4.75575 -3.86319 3.84337
head 2.80646 -1.73487 0.598654
lclavicle 8.06988e-14 -8.4881e-15 4.9128e-30
lhumerus -32.8311 -30.1427 80.5029
lradius 61.5175 -0 0
lwrist 24.894 0 0
lhand 16.2572 7.21628 -0.086486
lfingers 7.12502 -0 0
lthumb 41.0473 32.2399 -0.0694881
rclavicle 8.06988e-14 -8.4881e-15 4.9128e-30
rhumerus -51.1171 -18.4948 -42.4541
rradius 56.1382 -0 0
rwrist -7.96468 0 0
rhand -15.3782 -28.141 -0.0864707
rfingers 7.12502 -0 0
rthumb 10.794 -57.7303 -0.0596957
873
root 4.07343 16.499 30.2927 -14.7622 15.198 2.29832
lfemur -10.4493 10.9294 -21.5597
ltibia 36.8613 -0 0
lfoot -10.3718 -17.4763 -0.0736181
ltoes 9.94685 -0 0
rfemur -75.7712 -14.959 31.3606
rtibia 67.523 -0 0
rfoot 7.26334 14.6693 -0.219014
rtoes -24.3949 0 0
lowerback 17.5712 -2.00608 -7.42939
upperback 5.88358 -3.98126 -2.80989
thorax -3.22724 -1.95925 1.94531
lowerneck -7.25484 -2.47943 2.55228
upperneck 4.17043 -3.79494 3.92533
head 2.62026 -1.71162 0.638719
lclavicle 9.19148e-14 -1.14783e-14 2.99599e-30
lhumerus -32.9493 -31.0178 80.8363
lradius 62.459 -0 0
lwrist 24.9809 0 0
lhand 16.7789 7.48783 -0.0559715
lfingers 7.12502 -0 0
lthumb 41.532 32.3096 -0.048182
rclavicle 9.19148e-14 -1.14783e-14 2.99599e-30
rhumerus -50.3052 -20.1492 -42.6564
rradius 57.2625 -0 0
rwrist -9.18344 0 0
rhand -16.9499 -27.7299 -0.0827835
rfingers 7.12502 -0 0
rthumb 9.27868 -57.4063 -0.0589248
874
root 4.04139 16.4885 30.223 -14.5668 15.8642 2.44247
lfemur -10.554 11.4965 -21.7484
ltibia 37.2878 -0 0
lfoot -11.1706 -15.6078 -0.0824202
ltoes 8.22614 -0 0
rfemur -77.2581 -16.2326 34.5434
rtibia 69.922 -0 0
rfoot 7.34472 15.6314 -0.128451
rtoes -25.6998 0 0
lowerback 17.8644 -1.9663 -7.69641
upperback 5.98003 -3.99799 -3.03135
thorax -3.25758 -1.96899 1.89094
lowerneck -7.29289 -2.45052 2.51887
upperneck 3.62548 -3.73394 4.00218
head 2.44684 -1.69147 0.676602
lclavicle 1.01508e-13 -1.38297e-14 1.09454e-30
lhumerus -33.076 -31.8296 81.164
lradius 63.3325 -0 0
lwrist 25.0536 0 0
lhand 17.2541 7.73967 -0.0277891
lfingers 7.12502 -0 0
lthumb 41.9728 32.3736 -0.0277846
rclavicle 1.01508e-13 -1.38297e-14 1.09454e-30
rhumerus -49.5121 -21.6669 -42.9086
rradius 58.3267 -0 0
rwrist -10.3281 0 0
rhand -18.4447 -27.3582 -0.0685706
rfingers 7.12502 -0 0
rthumb 7.83745 -57.1158 -0.0498025
875
root 4.01386 16.4794 30.1663 -14.3935 16.4388 2.57511
lfemur -10.6431 12.0037 -21.9157
ltibia 37.6615 -0 0
lfoot -11.8735 -13.9583 -0.0675973
ltoes 6.69067 -0 0
rfemur -78.668 -17.2882 37.3939
rtibia 72.0868 -0 0
rfoot 7.44191 16.5186 -0.0530697
rtoes -26.8371 0 0
lowerback 18.1265 -1.93526 -7.93349
upperback 6.06706 -4.01985 -3.22602
thorax -3.28419 -1.98127 1.84565
lowerneck -7.32685 -2.42431 2.48962
upperneck 3.14849 -3.67882 4.0705
head 2.29511 -1.67314 0.710211
lclavicle 1.08963e-13 -1.53479e-14 -3.30356e-31
lhumerus -33.181 -32.5617 81.4566
lradius 64.0949 -0 0
lwrist 25.1186 0 0
lhand 17.6977 7.9732 -0.00612798
lfingers 7.12502 -0 0
lthumb 42.3848 32.4359 -0.0110435
rclavicle 1.08963e-13 -1.53479e-14 -3.30356e-31
rhumerus -48.824 -23.0337 -43.1217
rradius 59.2718 -0 0
rwrist -11.371 0 0
rhand -19.8055 -27.0508 -0.0469087
rfingers 7.12502 -0 0
rthumb 6.52529 -56.8804 -0.0345856
876
root 3.99414 16.4722 30.1354 -14.2615 16.8452 2.70338
lfemur -10.6903 12.4294 -22.059
ltibia 37.9544 -0 0
lfoot -12.4393 -12.6323 -0.0368691
ltoes 5.40122 -0 0
rfemur -79.9605 -18.091 39.7697
rtibia 73.9427 -0 0
rfoot 7.57386 17.3359 -0.00578978
rtoes -27.7508 0 0
lowerback 18.3597 -1.92037 -8.13616
upperback 6.14643 -4.05567 -3.38463
thorax -3.30755 -2.00023 1.81648
lowerneck -7.35667 -2.39852 2.46837
upperneck 2.76711 -3.62827 4.12687
head 2.17397 -1.65538 0.737449
lclavicle 1.13763e-13 -1.58387e-14 -8.19849e-31
lhumerus -33.2326 -33.1982 81.6833
lradius 64.7035 -0 0
lwrist 25.1826 0 0
lhand 18.1248 8.18978 0.00464254
lfingers 7.12502 -0 0
lthumb 42.7829 32.5007 -0.000803655
rclavicle 1.13763e-13 -1.58387e-14 -8.19849e-31
rhumerus -48.3334 -24.2376 -43.201
rradius 60.0384 -0 0
rwrist -12.2844 0 0
rhand -20.9754 -26.8327 -0.0223134
rfingers 7.12502 -0 0
rthumb 5.39718 -56.7213 -0.0166742
877
root 3.98556 16.4674 30.1431 -14.1902 17.0073 362.834
lfemur -10.669 12.7521 -22.1757
ltibia 38.1384 0 0
lfoot -12.8269 -11.734 0
ltoes 4.41858 0 0
rfemur -81.0916 -18.6112 41.5257
rtibia 75.4149 0 0
rfoot 7.75919 18.0879 0
rtoes -28.3853 0 0
lowerback 18.566 -1.92901 -8.3
upperback 6.21991 -4.11428 -3.4979
thorax -3.32815 -2.03007 1.81044
lowerneck -7.38228 -2.3709 2.45894
upperneck 2.50897 -3.58109 4.16792
head 2.09232 -1.63696 0.756221
lclavicle 1.15394e-13 -1.51076e-14 0
lhumerus -33.1982 -33.7232 81.8121
lradius 65.1152 0 0
lwrist 25.2522 0 0
lhand 18.5503 8.3907 0
lfingers 7.12502 0 0
lthumb 43.1823 32.5719 0
rclavicle 1.15394e-13 -1.51076e-14 0
rhumerus -48.1378 -25.2674 -43.047
rradius 60.5675 0 0
rwrist -13.0405 0 0
rhand -21.8972 -26.7284 0
rfingers 7.12502 0 0
rthumb 4.50808 -776.66 0
878
root 3.96646 16.4753 30.2021 -13.7603 18.1157 362.441
lfemur -11.2155 13.5965 -21.7907
ltibia 38.4132 0 0
lfoot -13.0719 -10.0466 0
ltoes 2.70624 0 0
rfemur -81.9036 -19.2226 40.7651
rtibia 80.3672 0 0
rfoot 9.60058 20.5686 0
rtoes -26.6786 0 0
lowerback 18.2519 -2.30577 -8.16191
upperback 6.14534 -4.54849 -3.41742
thorax -3.21149 -2.24683 1.88868
lowerneck -7.34725 -2.46977 2.3522
upperneck 2.68827 -3.71791 4.32626
head 2.15306 -1.69765 0.819088
lclavicle -8.84592e-15 5.1684e-14 0
lhumerus -32.9671 -34.9216 82.5924
lradius 64.4648 0 0
lwrist 24.832 0 0
lhand 19.7685 9.17922 0
lfingers 7.12502 0 0
lthumb 44.3194 32.9419 0
rclavicle -8.84592e-15 5.1684e-14 0
rhumerus -48.3204 -26.5548 -43.2909
rradius 62.2394 0 0
rwrist -16.2513 0 0
rhand -27.1368 -28.8165 0
rfingers 7.12502 0 0
rthumb -0.552174 -778.796 0
879
root 3.94497 16.4863 30.2635 -13.2433 19.2928 361.916
lfemur -11.9503 14.583 -21.2876
ltibia 38.7618 0 0
lfoot -13.1904 -8.04217 0
ltoes 1.15203 0 0
rfemur -82.4639 -20.0259 40.0056
rtibia 85.1061 0 0
rfoot 11.6313 22.9565 0
rtoes -24.0828 0 0
lowerback 17.7758 -2.69619 -7.93175
upperback 6.00627 -4.97327 -3.27626
thorax -3.08273 -2.45904 1.96685
lowerneck -7.36038 -2.59305 2.23741
upperneck 2.99664 -3.89575 4.49189
head 2.26706 -1.77458 0.883126
lclavicle 8.37877e-14 1.11319e-14 0
lhumerus -32.7444 -36.1396 83.5077
lradius 63.6594 0 0
lwrist 24.1848 0 0
lhand 21.0465 9.94934 0
lfingers 7.12502 0 0
lthumb 45.5087 33.2457 0
rclavicle 8.37877e-14 1.11319e-14 0
rhumerus -48.5571 -27.6772 -43.6502
rradius 64.0301 0 0
rwrist -18.8761 0 0
rhand -32.3235 -31.7781 0
rfingers 7.12502 0 0
rthumb -5.56111 -781.685 0
880
root 3.922 16.499 30.327 -12.6689 20.4783 361.298
lfemur -12.8295 15.7281 -20.7108
ltibia 39.1738 0 0
lfoot -13.1776 -5.82273 0
ltoes -0.0852093 0 0
rfemur -82.6886 -20.9871 39.2422
rtibia 89.5917 0 0
rfoot 13.8262 24.8719 0
rtoes -20.5112 0 0
lowerback 17.1762 -3.0775 -7.63205
upperback 5.80932 -5.36947 -3.08606
thorax -2.95487 -2.65691 2.04166
lowerneck -7.41953 -2.73557 2.11677
upperneck 3.39586 -4.10532 4.6451
head 2.42134 -1.86457 0.942072
lclavicle 8.41853e-14 -3.73715e-14 0
lhumerus -32.5829 -37.3419 84.5518
lradius 62.7825 0 0
lwrist 23.3104 0 0
lhand 22.3456 10.6477 0
lfingers 7.12502 0 0
lthumb 46.7136 33.4391 0
rclavicle 8.41853e-14 -3.73715e-14 0
rhumerus -48.8057 -28.5912 -44.159
rradius 65.931 0 0
rwrist -20.828 0 0
rhand -37.2326 -35.8404 0
rfingers 7.12502 0 0
rthumb -10.299 -785.568 0
881
root 3.89842 16.5116 30.3928 -12.0634 21.6234 360.633
lfemur -13.8042 17.031 -20.1088
ltibia 39.6343 0 0
lfoot -13.0849 -3.58051 0
ltoes -0.902245 0 0
rfemur -82.5037 -22.0685 38.4419
rtibia 93.7871 0 0
rfoot 15.9989 26.0786 0
rtoes -16.2502 0 0
lowerback 16.4923 -3.43098 -7.29414
upperback 5.56416 -5.7236 -2.86213
thorax -2.83686 -2.83359 2.1133
lowerneck -7.51179 -2.89324 1.99053
upperneck 3.83756 -4.3375 4.7726
head 2.59748 -1.96488 0.992072
lclavicle 3.74709e-14 7.95139e-15 0
lhumerus -32.5419 -38.494 85.7151
lradius 61.9255 0 0
lwrist 22.23 0 0
lhand 23.6165 11.2232 0
lfingers 7.12502 0 0
lthumb 47.888 33.4881 0
rclavicle 3.74709e-14 7.95139e-15 0
rhumerus -49.0251 -29.2525 -44.8559
rradius 67.9407 0 0
rwrist -22.1383 0 0
rhand -41.5964 -41.1356 0
rfingers 7.12502 0 0
rthumb -14.5063 -790.608 0
882
root 3.87494 16.5225 30.4609 -11.4453 22.6945 359.969
lfemur -14.829 18.4697 -19.5282
ltibia 40.1253 0 0
lfoot -13.0012 -1.54277 0
ltoes -1.30249 0 0
rfemur -81.8539 -23.233 37.5542
rtibia 97.6548 0 0
rfoot 17.8718 26.5071 0
rtoes -11.9104 0 0
lowerback 15.7593 -3.74424 -6.95379
upperback 5.28198 -6.02903 -2.6212
thorax -2.73297 -2.98578 2.18497
lowerneck -7.61831 -3.06352 1.85747
upperneck 4.27285 -4.58492 4.86985
head 2.77554 -2.07368 1.0323
lclavicle 5.20816e-14 -9.54166e-15 0
lhumerus -32.6772 -39.5671 86.9847
lradius 61.1743 0 0
lwrist 20.9881 0 0
lhand 24.7997 11.636 0
lfingers 7.12502 0 0
lthumb 48.9772 33.3797 0
rclavicle 5.20816e-14 -9.54166e-15 0
rhumerus -49.1819 -29.6226 -45.7767
rradius 70.0621 0 0
rwrist -22.9294 0 0
rhand -45.1612 -47.5347 0
rfingers 7.12502 0 0
rthumb -17.9387 -796.727 0
883
root 3.85538 16.5378 30.5136 -10.9618 23.4589 -0.536275
lfemur -15.5952 19.7487 -19.1072
ltibia 40.3891 -0 0
lfoot -12.9821 -0.363094 -0.000805854
ltoes -1.30498 0 0
rfemur -80.8646 -24.2485 36.7954
rtibia 100.388 -0 0
rfoot 18.7928 26.1156 -0.0126127
rtoes -9.14411 0 0
lowerback 15.1691 -3.95206 -6.71227
upperback 5.03359 -6.2277 -2.42274
thorax -2.66989 -3.08435 2.25289
lowerneck -7.69802 -3.2046 1.74833
upperneck 4.57426 -4.78485 4.91999
head 2.9019 -2.1641 1.05534
lclavicle 3.5599e-14 -1.53138e-14 -1.99037e-30
lhumerus -32.9709 -40.3226 88.0621
lradius 60.741 -0 0
lwrist 19.8444 0 0
lhand 25.6146 11.7365 0.000469143
lfingers 7.12502 -0 0
lthumb 49.7231 33.0899 -0.00355654
rclavicle 3.5599e-14 -1.53138e-14 -1.99037e-30
rhumerus -49.2588 -29.6662 -46.6711
rradius 71.8202 -0 0
rwrist -23.3029 0 0
rhand -47.1353 -53.8092 0.153995
rfingers 7.12502 -0 0
rthumb -19.0988 -32.8913 -1.56987
884
root 3.83056 16.557 30.5819 -10.343 24.406 -1.14039
lfemur -16.5572 21.3817 -18.6266
ltibia 40.7057 -0 0
lfoot -12.9879 0.952778 -0.00178576
ltoes -1.24257 0 0
rfemur -79.3561 -25.5382 35.6902
rtibia 103.687 -0 0
rfoot 19.7748 25.3985 -0.0182038
rtoes -5.94771 0 0
lowerback 14.4099 -4.19817 -6.43032
upperback 4.7098 -6.46446 -2.17687
thorax -2.59119 -3.2022 2.34191
lowerneck -7.79063 -3.39108 1.6043
upperneck 4.92841 -5.04594 4.97824
head 3.05171 -2.28358 1.08364
lclavicle 1.02264e-14 -2.05558e-14 -2.17719e-30
lhumerus -33.4638 -41.2457 89.4853
lradius 60.2732 -0 0
lwrist 18.3966 0 0
lhand 26.5714 11.8165 0.000593882
lfingers 7.12502 -0 0
lthumb 50.5981 32.7051 -0.00356032
rclavicle 1.02264e-14 -2.05558e-14 -2.17719e-30
rhumerus -49.3124 -29.5755 -47.9453
rradius 74.1273 -0 0
rwrist -23.6823 0 0
rhand -49.2811 -61.4526 0.137383
rfingers 7.12502 -0 0
rthumb -21.3746 30.7472 -2.05275
885
root 3.80407 16.5687 30.6695 -9.57769 25.3839 358.391
lfemur -17.6457 23.0577 -18.3135
ltibia 41.0923 0 0
lfoot -13.1407 1.7204 0
ltoes -1.11867 0 0
rfemur -76.6751 -26.9284 33.7158
rtibia 106.616 0 0
rfoot 20.2929 24.0061 0
rtoes -3.70094 0 0
lowerback 13.5131 -4.41943 -6.2638
upperback 4.32647 -6.68327 -1.95983
thorax -2.48764 -3.31114 2.44704
lowerneck -7.84255 -3.64141 1.40903
upperneck 5.18316 -5.38128 5.04702
head 3.1648 -2.44375 1.12128
lclavicle -1.33186e-14 -2.22639e-14 0
lhumerus -34.4615 -42.1759 91.2542
lradius 60.1121 0 0
lwrist 17.0098 0 0
lhand 27.2604 11.8633 0
lfingers 7.12502 0 0
lthumb 51.228 32.4166 0
rclavicle -1.33186e-14 -2.22639e-14 0
rhumerus -49.1469 -28.7732 -50.1037
rradius 77.1232 0 0
rwrist -23.7741 0 0
rhand -50.1716 -66.2227 0
rfingers 7.12502 0 0
rthumb -22.7538 -985.099 0
886
root 3.82344 16.5865 30.7132 -9.23192 26.4832 -1.95632
lfemur -18.944 24.467 -18.7096
ltibia 41.9832 -0 0
lfoot -13.1141 1.91082 -0.0370038
ltoes -0.516174 0 0
rfemur -74.5436 -27.8807 32.2915
rtibia 109.08 -0 0
rfoot 20.714 22.7976 -0.0939798
rtoes -2.58612 0 0
lowerback 13.0583 -4.58289 -6.37995
upperback 4.10408 -6.89989 -1.76977
thorax -2.44051 -3.41207 2.69017
lowerneck -7.84582 -3.93985 1.19713
upperneck 5.29205 -5.77032 5.12261
head 3.22043 -2.63513 1.16336
lclavicle -2.59712e-14 -1.9236e-14 1.41548e-30
lhumerus -35.2572 -42.7141 92.4577
lradius 60.4011 -0 0
lwrist 16.0394 0 0
lhand 27.1998 11.6699 -0.02487
lfingers 7.12502 -0 0
lthumb 51.1817 32.3212 -0.000742059
rclavicle -2.59712e-14 -1.9236e-14 1.41548e-30
rhumerus -49.4197 -28.3225 -52.8848
rradius 80.3672 -0 0
rwrist -23.6384 0 0
rhand -49.9742 -66.6562 -0.116493
rfingers 7.12502 -0 0
rthumb -22.2752 132.396 0.993074
887
root 3.87754 16.6182 30.7452 -9.02913 28.1222 -2.4357
lfemur -20.9317 26.3145 -19.6816
ltibia 43.5214 -0 0
lfoot -12.9271 2.03356 -0.11365
ltoes 0.607816 -0 0
rfemur -72.1403 -28.9623 30.8107
rtibia 112.483 -0 0
rfoot 21.4099 21.3649 -0.28651
rtoes -1.31465 0 0
lowerback 12.6978 -4.79408 -6.66679
upperback 3.89214 -7.21466 -1.5004
thorax -2.41396 -3.55538 3.11247
lowerneck -7.83534 -4.37514 0.899731
upperneck 5.39869 -6.3358 5.2302
head 3.2801 -2.91462 1.22283
lclavicle -3.95124e-14 -1.31802e-14 1.64957e-30
lhumerus -36.1357 -43.2593 93.7685
lradius 60.9707 -0 0
lwrist 14.8503 0 0
lhand 26.7795 11.2618 -0.0762427
lfingers 7.12502 -0 0
lthumb 50.8152 32.2536 -0.00496461
rclavicle -3.95124e-14 -1.31802e-14 1.64957e-30
rhumerus -50.1251 -28.1393 -56.9509
rradius 84.9468 -0 0
rwrist -23.405 0 0
rhand -49.4816 -65.8539 -0.286751
rfingers 7.12502 -0 0
rthumb -21.46 172.691 0.902528
888
root 3.91338 16.6389 30.7934 -8.67952 29.5077 -2.77153
lfemur -22.7193 27.9292 -20.5425
ltibia 44.7737 -0 0
lfoot -12.8994 1.89405 -0.168929
ltoes 1.50429 -0 0
rfemur -69.161 -29.918 28.7981
rtibia 115.216 -0 0
rfoot 21.724 19.6784 -0.409845
rtoes -0.634204 0 0
lowerback 12.2177 -4.97334 -6.93029
upperback 3.6418 -7.47004 -1.28516
thorax -2.36465 -3.67306 3.45388
lowerneck -7.807 -4.77617 0.616762
upperneck 5.4516 -6.85311 5.32775
head 3.31758 -3.17205 1.27857
lclavicle -5.16224e-14 -6.73006e-15 4.5e-31
lhumerus -37.2673 -43.7796 95.236
lradius 61.5656 -0 0
lwrist 13.8034 0 0
lhand 26.3948 10.9436 -0.117239
lfingers 7.12502 -0 0
lthumb 50.4765 32.2241 -0.00896586
rclavicle -5.16224e-14 -6.73006e-15 4.5e-31
rhumerus -50.5707 -27.4745 -60.8249
rradius 89.2308 -0 0
rwrist -23.0651 0 0
rhand -48.4763 -64.122 -0.385907
rfingers 7.12502 -0 0
rthumb -20.7375 -148.1 0.439719
889
root 3.87793 16.6237 30.8861 -7.86919 29.8455 -2.67492
lfemur -23.3125 28.6977 -20.4818
ltibia 44.8071 -0 0
lfoot -13.351 1.29814 -0.144462
ltoes 1.42419 -0 0
rfemur -65.3184 -30.4246 25.8033
rtibia 115.672 -0 0
rfoot 20.9905 17.7118 -0.33709
rtoes -1.29247 0 0
lowerback 11.402 -5.03935 -6.97653
upperback 3.30647 -7.50933 -1.25882
thorax -2.24757 -3.69705 3.45424
lowerneck -7.75962 -4.97185 0.448482
upperneck 5.40052 -7.09742 5.37432
head 3.30701 -3.29715 1.30981
lclavicle -5.99813e-14 -2.519e-15 -8.2722e-31
lhumerus -38.8229 -44.2339 96.9105
lradius 61.9304 -0 0
lwrist 13.2596 0 0
lhand 26.44 11.019 -0.103958
lfingers 7.12502 -0 0
lthumb 50.5134 32.2429 -0.00844667
rclavicle -5.99813e-14 -2.519e-15 -8.2722e-31
rhumerus -50.1376 -25.4885 -62.9868
rradius 91.5874 -0 0
rwrist -22.6098 0 0
rhand -46.7313 -61.762 -0.314888
rfingers 7.12502 -0 0
rthumb -19.538 -113.833 0.164427
890
root 3.71818 16.5479 31.0514 -6.32248 28.3277 358.093
lfemur -21.7226 27.984 -18.6884
ltibia 42.6887 0 0
lfoot -14.604 0.0493379 0
ltoes -0.381373 0 0
rfemur -60.4049 -30.057 21.4621
rtibia 112.241 0 0
rfoot 18.5331 15.4272 0
rtoes -4.03696 0 0
lowerback 10.0357 -4.9031 -6.61491
upperback 2.83873 -7.178 -1.55844
thorax -2.0187 -3.55739 2.85392
lowerneck -7.69289 -4.79134 0.495652
upperneck 5.19557 -6.84408 5.32792
head 3.2226 -3.17971 1.29558
lclavicle -6.22693e-14 -3.18055e-15 0
lhumerus -40.9697 -44.5703 98.84
lradius 61.8099 0 0
lwrist 13.5798 0 0
lhand 27.3106 11.7927 0
lfingers 7.12502 0 0
lthumb 51.2736 32.3201 0
rclavicle -6.22693e-14 -3.18055e-15 0
rhumerus -48.1161 -21.3701 -61.8639
rradius 90.3854 0 0
rwrist -22.0301 0 0
rhand -44.006 -59.0633 0
rfingers 7.12502 0 0
rthumb -16.827 -808.354 0
891
root 3.69237 16.5356 31.0739 -6.11248 28.0301 -1.78294
lfemur -21.3999 27.7929 -18.3785
ltibia 42.3082 -0 0
lfoot -14.7929 -0.127585 0.0223799
ltoes -0.697057 0 0
rfemur -59.83 -29.9464 20.924
rtibia 111.595 -0 0
rfoot 18.1523 15.1682 0.0506935
rtoes -4.47403 0 0
lowerback 9.85381 -4.87332 -6.54676
upperback 2.78041 -7.11639 -1.61425
thorax -1.98704 -3.53062 2.74643
lowerneck -7.68453 -4.74413 0.516389
upperneck 5.16321 -6.78011 5.31592
head 3.20844 -3.14913 1.29072
lclavicle -6.20542e-14 -3.65015e-15 2.86768e-31
lhumerus -41.2332 -44.5949 99.0555
lradius 61.7596 -0 0
lwrist 13.6778 0 0
lhand 27.4645 11.9251 0.0164528
lfingers 7.12502 -0 0
lthumb 51.4081 32.331 0.00130757
rclavicle -6.20542e-14 -3.65015e-15 2.86768e-31
rhumerus -47.7785 -20.7921 -61.4955
rradius 89.9932 -0 0
rwrist -21.9638 0 0
rhand -43.6525 -58.7695 0.0495199
rfingers 7.12502 -0 0
rthumb -16.4263 -86.3935 -0.0201868
892
root 3.66393 16.522 31.0981 -5.88634 27.6939 -1.64572
lfemur -21.0373 27.5687 -18.037
ltibia 41.8834 -0 0
lfoot -14.9995 -0.322653 0.0467927
ltoes -1.04763 0 0
rfemur -59.2246 -29.8141 20.3512
rtibia 110.867 -0 0
rfoot 17.7347 14.8944 0.105795
rtoes -4.95997 0 0
lowerback 9.65796 -4.83943 -6.47052
upperback 2.71805 -7.0475 -1.67757
thorax -1.95298 -3.50058 2.62573
lowerneck -7.67525 -4.68953 0.540056
upperneck 5.12722 -6.70619 5.30196
head 3.19255 -3.11375 1.28515
lclavicle -6.17223e-14 -4.2436e-15 6.37397e-31
lhumerus -41.5138 -44.6163 99.279
lradius 61.7006 -0 0
lwrist 13.7931 0 0
lhand 27.6369 12.072 0.0344209
lfingers 7.12502 -0 0
lthumb 51.5586 32.3415 0.00259353
rclavicle -6.17223e-14 -4.2436e-15 6.37397e-31
rhumerus -47.4072 -20.161 -61.0675
rradius 89.5378 -0 0
rwrist -21.8966 0 0
rhand -43.2663 -58.4554 0.104332
rfingers 7.12502 -0 0
rthumb -15.999 -84.5508 -0.0420525
893
root 3.63294 16.5073 31.1241 -5.64533 27.3206 -1.49653
lfemur -20.6371 27.3122 -17.6661
ltibia 41.4162 -0 0
lfoot -15.223 -0.535065 0.0729381
ltoes -1.43166 0 0
rfemur -58.591 -29.66 19.746
rtibia 110.059 -0 0
rfoot 17.282 14.6065 0.16462
rtoes -5.49268 0 0
lowerback 9.44878 -4.8015 -6.38656
upperback 2.65182 -6.97167 -1.74809
thorax -1.91664 -3.46739 2.49239
lowerneck -7.66506 -4.62785 0.566565
upperneck 5.08775 -6.62274 5.28612
head 3.175 -3.07375 1.2789
lclavicle -6.12781e-14 -4.95496e-15 1.04585e-30
lhumerus -41.8106 -44.6346 99.5102
lradius 61.6331 -0 0
lwrist 13.9251 0 0
lhand 27.8268 12.2326 0.0536885
lfingers 7.12502 -0 0
lthumb 51.7244 32.3515 0.00385853
rclavicle -6.12781e-14 -4.95496e-15 1.04585e-30
rhumerus -47.0019 -19.4804 -60.5816
rradius 89.0216 -0 0
rwrist -21.8283 0 0
rhand -42.8487 -58.1219 0.163649
rfingers 7.12502 -0 0
rthumb -15.5467 -82.8225 -0.0660489
894
root 3.59954 16.4915 31.1517 -5.39071 26.9115 -1.33654
lfemur -20.2021 27.0242 -17.268
ltibia 40.9083 -0 0
lfoot -15.4626 -0.76402 0.100512
ltoes -1.84769 0 0
rfemur -57.9315 -29.484 19.1109
rtibia 109.175 -0 0
rfoot 16.7954 14.305 0.22648
rtoes -6.07004 0 0
lowerback 9.22698 -4.75962 -6.29526
upperback 2.58189 -6.8892 -1.82549
thorax -1.87816 -3.43114 2.347
lowerneck -7.65402 -4.55939 0.595828
upperneck 5.04494 -6.53017 5.26845
head 3.15586 -3.02934 1.27198
lclavicle -6.07263e-14 -5.77824e-15 1.50559e-30
lhumerus -42.1229 -44.6498 99.7487
lradius 61.5576 -0 0
lwrist 14.0731 0 0
lhand 28.0336 12.4065 0.0740324
lfingers 7.12502 -0 0
lthumb 51.9047 32.3611 0.00510346
rclavicle -6.07263e-14 -5.77824e-15 1.50559e-30
rhumerus -46.5627 -18.7539 -60.0391
rradius 88.447 -0 0
rwrist -21.7591 0 0
rhand -42.4013 -57.7697 0.22668
rfingers 7.12502 -0 0
rthumb -15.0705 -81.2052 -0.0924374
895
root 3.56383 16.4745 31.1809 -5.12371 26.4683 -1.16694
lfemur -19.7346 26.7052 -16.8451
ltibia 40.3617 -0 0
lfoot -15.7178 -1.00872 0.129208
ltoes -2.29429 0 0
rfemur -57.2483 -29.286 18.4485
rtibia 108.219 -0 0
rfoot 16.2764 13.9906 0.290692
rtoes -6.68995 0 0
lowerback 8.99314 -4.71386 -6.197
upperback 2.50842 -6.80041 -1.90947
thorax -1.83765 -3.39196 2.19014
lowerneck -7.64216 -4.48446 0.62776
upperneck 4.99895 -6.42891 5.24903
head 3.1352 -2.98073 1.26442
lclavicle -6.00712e-14 -6.70751e-15 2.00966e-30
lhumerus -42.4497 -44.6618 99.994
lradius 61.4743 -0 0
lwrist 14.2364 0 0
lhand 28.2563 12.5931 0.0952313
lfingers 7.12502 -0 0
lthumb 52.0989 32.3705 0.0063293
rclavicle -6.00712e-14 -6.70751e-15 2.00966e-30
rhumerus -46.0892 -17.9849 -59.4417
rradius 87.8164 -0 0
rwrist -21.6888 0 0
rhand -41.9256 -57.3997 0.292638
rfingers 7.12502 -0 0
rthumb -14.5718 -79.6955 -0.121312
896
root 3.52593 16.4565 31.2115 -4.84557 25.9923 -0.988869
lfemur -19.2374 26.3562 -16.3997
ltibia 39.7782 -0 0
lfoot -15.9877 -1.26835 0.158721
ltoes -2.77001 0 0
rfemur -56.5439 -29.066 17.7612
rtibia 107.194 -0 0
rfoot 15.7266 13.664 0.356579
rtoes -7.35031 0 0
lowerback 8.748 -4.66433 -6.09218
upperback 2.43157 -6.70561 -1.99972
thorax -1.79525 -3.34995 2.02238
lowerneck -7.62953 -4.40336 0.662272
upperneck 4.94992 -6.31936 5.2279
head 3.11311 -2.92809 1.25624
lclavicle -5.93175e-14 -7.73678e-15 2.55081e-30
lhumerus -42.7903 -44.6707 100.246
lradius 61.3837 -0 0
lwrist 14.4142 0 0
lhand 28.4942 12.7917 0.117061
lfingers 7.12502 -0 0
lthumb 52.3062 32.3796 0.00753707
rclavicle -5.93175e-14 -7.73678e-15 2.55081e-30
rhumerus -45.5811 -17.1772 -58.7907
rradius 87.1324 -0 0
rwrist -21.6175 0 0
rhand -41.423 -57.0128 0.360742
rfingers 7.12502 -0 0
rthumb -14.052 -78.2901 -0.152618
897
root 3.48593 16.4376 31.2436 -4.5575 25.4852 -0.803469
lfemur -18.7129 25.9778 -15.934
ltibia 39.1596 -0 0
lfoot -16.2716 -1.54212 0.188747
ltoes -3.27341 0 0
rfemur -55.8205 -28.8241 17.0514
rtibia 106.104 -0 0
rfoot 15.1474 13.3258 0.423472
rtoes -8.04899 0 0
lowerback 8.49219 -4.6111 -5.98117
upperback 2.35151 -6.60513 -2.09592
thorax -1.75109 -3.30522 1.8443
lowerneck -7.61614 -4.3164 0.699278
upperneck 4.898 -6.20195 5.20515
head 3.08964 -2.87165 1.24746
lclavicle -5.84698e-14 -8.86011e-15 3.12157e-30
lhumerus -43.1438 -44.6765 100.503
lradius 61.2861 -0 0
lwrist 14.6059 0 0
lhand 28.7464 13.0018 0.139298
lfingers 7.12502 -0 0
lthumb 52.5259 32.3885 0.00872795
rclavicle -5.84698e-14 -8.86011e-15 3.12157e-30
rhumerus -45.0383 -16.3346 -58.0877
rradius 86.3974 -0 0
rwrist -21.5451 0 0
rhand -40.8952 -56.6098 0.430223
rfingers 7.12502 -0 0
rthumb -13.5124 -76.9856 -0.186177
898
root 3.44397 16.4177 31.2769 -4.26065 24.9482 -0.611836
lfemur -18.1636 25.5707 -15.4503
ltibia 38.5078 -0 0
lfoot -16.5687 -1.82921 0.218988
ltoes -3.80304 0 0
rfemur -55.0805 -28.5604 16.3217
rtibia 104.952 -0 0
rfoot 14.5402 12.9768 0.490717
rtoes -8.78389 0 0
lowerback 8.22636 -4.55426 -5.86436
upperback 2.26842 -6.49928 -2.19778
thorax -1.70529 -3.25788 1.65648
lowerneck -7.60206 -4.22389 0.73869
upperneck 4.84334 -6.0771 5.18082
head 3.06488 -2.81159 1.23809
lclavicle -5.75325e-14 -1.00715e-14 3.71433e-30
lhumerus -43.5095 -44.6793 100.767
lradius 61.1818 -0 0
lwrist 14.8107 0 0
lhand 29.0123 13.2227 0.161721
lfingers 7.12502 -0 0
lthumb 52.7574 32.3974 0.00990214
rclavicle -5.75325e-14 -1.00715e-14 3.71433e-30
rhumerus -44.4605 -15.4607 -57.3339
rradius 85.6138 -0 0
rwrist -21.4716 0 0
rhand -40.3435 -56.1916 0.500329
rfingers 7.12502 -0 0
rthumb -12.9542 -75.7784 -0.221698
899
root 3.40015 16.397 31.3115 -3.95618 24.3831 -0.415032
lfemur -17.5921 25.136 -14.9509
ltibia 37.8247 -0 0
lfoot -16.8785 -2.12881 0.249151
ltoes -4.35746 0 0
rfemur -54.326 -28.275 15.5746
rtibia 103.741 -0 0
rfoot 13.9067 12.6175 0.557677
rtoes -9.5529 0 0
lowerback 7.95117 -4.4939 -5.74213
upperback 2.18244 -6.38837 -2.30498
thorax -1.65797 -3.20804 1.4595
lowerneck -7.5873 -4.12613 0.780418
upperneck 4.78608 -5.9452 5.15499
head 3.0389 -2.74812 1.22817
lclavicle -5.65102e-14 -1.13651e-14 4.32146e-30
lhumerus -43.8863 -44.679 101.035
lradius 61.0713 -0 0
lwrist 15.0279 0 0
lhand 29.2909 13.454 0.184113
lfingers 7.12502 -0 0
lthumb 52.9999 32.4063 0.0110603
rclavicle -5.65102e-14 -1.13651e-14 4.32146e-30
rhumerus -43.8475 -14.5595 -56.5307
rradius 84.784 -0 0
rwrist -21.3971 0 0
rhand -39.7695 -55.7591 0.570326
rfingers 7.12502 -0 0
rthumb -12.3787 -74.6654 -0.258804
900
root 3.35458 16.3754 31.3473 -3.64516 23.7912 -0.214076
lfemur -17.0008 24.6743 -14.438
ltibia 37.112 -0 0
lfoot -17.2 -2.44012 0.278951
ltoes -4.93524 0 0
rfemur -53.5595 -27.9682 14.8123
rtibia 102.476 -0 0
rfoot 13.2481 12.2488 0.623735
rtoes -10.3539 0 0
lowerback 7.66727 -4.43012 -5.61486
upperback 2.09376 -6.27271 -2.41721
thorax -1.60927 -3.15581 1.25394
lowerneck -7.57191 -4.02342 0.824382
upperneck 4.72637 -5.8067 5.12772
head 3.01176 -2.68144 1.21769
lclavicle -5.54075e-14 -1.27348e-14 4.93535e-30
lhumerus -44.2736 -44.6757 101.308
lradius 60.9548 -0 0
lwrist 15.2568 0 0
lhand 29.5814 13.6949 0.206261
lfingers 7.12502 -0 0
lthumb 53.2527 32.4152 0.0122027
rclavicle -5.54075e-14 -1.27348e-14 4.93535e-30
rhumerus -43.199 -13.6348 -55.6794
rradius 83.9106 -0 0
rwrist -21.3215 0 0
rhand -39.1748 -55.3132 0.639507
rfingers 7.12502 -0 0
rthumb -11.7873 -73.643 -0.297043
901
root 3.30737 16.353 31.3841 -3.32865 23.1742 -0.00994132
lfemur -16.3921 24.1866 -13.9136
ltibia 36.3717 -0 0
lfoot -17.5326 -2.76231 0.308114
ltoes -5.53492 0 0
rfemur -52.7831 -27.6403 14.0373
rtibia 101.159 -0 0
rfoot 12.5661 11.8713 0.688296
rtoes -11.1848 0 0
lowerback 7.37533 -4.36302 -5.48293
upperback 2.00254 -6.15262 -2.53416
thorax -1.55929 -3.1013 1.04031
lowerneck -7.55592 -3.91607 0.870491
upperneck 4.66436 -5.66199 5.09907
head 2.98356 -2.61174 1.2067
lclavicle -5.42289e-14 -1.41747e-14 5.54851e-30
lhumerus -44.6704 -44.6695 101.586
lradius 60.8328 -0 0
lwrist 15.4967 0 0
lhand 29.8831 13.945 0.22796
lfingers 7.12502 -0 0
lthumb 53.5151 32.4242 0.013329
rclavicle -5.42289e-14 -1.41747e-14 5.54851e-30
rhumerus -42.5149 -12.6905 -54.7813
rradius 82.9959 -0 0
rwrist -21.2447 0 0
rhand -38.5608 -54.8548 0.707191
rfingers 7.12502 -0 0
rthumb -11.1812 -72.7078 -0.335905
902
root 3.25864 16.3299 31.4219 -3.00766 22.5335 0.196447
lfemur -15.7682 23.6739 -13.3798
ltibia 35.6056 -0 0
lfoot -17.8755 -3.09456 0.336375
ltoes -6.15506 0 0
rfemur -51.999 -27.2917 13.252
rtibia 99.7943 -0 0
rfoot 11.8622 11.4857 0.750792
rtoes -12.0435 0 0
lowerback 7.076 -4.29269 -5.34672
upperback 1.90894 -6.02841 -2.65551
thorax -1.50819 -3.04464 0.819313
lowerneck -7.53938 -3.80438 0.918658
upperneck 4.6002 -5.5115 5.06911
head 2.95435 -2.53922 1.19521
lclavicle -5.29789e-14 -1.56789e-14 6.15362e-30
lhumerus -45.076 -44.6604 101.867
lradius 60.7057 -0 0
lwrist 15.7469 0 0
lhand 30.1952 14.2036 0.249012
lfingers 7.12502 -0 0
lthumb 53.7864 32.4333 0.0144386
rclavicle -5.29789e-14 -1.56789e-14 6.15362e-30
rhumerus -41.7952 -11.7305 -53.8376
rradius 82.0425 -0 0
rwrist -21.1668 0 0
rhand -37.9292 -54.3848 0.77273
rfingers 7.12502 -0 0
rthumb -10.5616 -71.8564 -0.374839
903
root 3.2085 16.3061 31.4607 -2.68313 21.8707 0.404214
lfemur -15.1315 23.1372 -12.8387
ltibia 34.8155 -0 0
lfoot -18.228 -3.43606 0.363485
ltoes -6.79422 0 0
rfemur -51.2093 -26.9229 12.4585
rtibia 98.385 -0 0
rfoot 11.1379 11.0928 0.810685
rtoes -12.9279 0 0
lowerback 6.76992 -4.21925 -5.20661
upperback 1.81314 -5.90039 -2.78095
thorax -1.45608 -2.98594 0.591461
lowerneck -7.52232 -3.68867 0.968796
upperneck 4.53404 -5.35565 5.03791
head 2.9242 -2.4641 1.18323
lclavicle -5.16621e-14 -1.72414e-14 6.74363e-30
lhumerus -45.4894 -44.6484 102.151
lradius 60.5736 -0 0
lwrist 16.0067 0 0
lhand 30.5167 14.4701 0.269227
lfingers 7.12502 -0 0
lthumb 54.0659 32.4428 0.0155301
rclavicle -5.16621e-14 -1.72414e-14 6.74363e-30
rhumerus -41.0398 -10.7589 -52.8496
rradius 81.0527 -0 0
rwrist -21.0877 0 0
rhand -37.2815 -53.9042 0.83551
rfingers 7.12502 -0 0
rthumb -9.92997 -71.0854 -0.413267
904
root 3.15706 16.2817 31.5002 -2.35597 21.1875 0.612538
lfemur -14.484 22.5776 -12.2922
ltibia 34.0034 -0 0
lfoot -18.5893 -3.78597 0.389207
ltoes -7.45096 0 0
rfemur -50.416 -26.5344 11.6591
rtibia 96.9348 -0 0
rfoot 10.3946 10.6933 0.867467
rtoes -13.8358 0 0
lowerback 6.45777 -4.1428 -5.06296
upperback 1.71531 -5.76888 -2.91018
thorax -1.40307 -2.92532 0.357336
lowerneck -7.50477 -3.56923 1.02082
upperneck 4.46602 -5.19484 5.00552
head 2.89321 -2.38655 1.1708
lclavicle -5.02831e-14 -1.88561e-14 7.31176e-30
lhumerus -45.91 -44.6337 102.439
lradius 60.4371 -0 0
lwrist 16.2753 0 0
lhand 30.847 14.7439 0.288428
lfingers 7.12502 -0 0
lthumb 54.3529 32.4525 0.0166018
rclavicle -5.02831e-14 -1.88561e-14 7.31176e-30
rhumerus -40.2489 -9.77961 -51.8187
rradius 80.029 -0 0
rwrist -21.0074 0 0
rhand -36.6193 -53.4139 0.894957
rfingers 7.12502 -0 0
rthumb -9.28744 -70.3914 -0.450594
905
root 3.10443 16.2568 31.5405 -2.02704 20.4853 0.820647
lfemur -13.8279 21.9962 -11.742
ltibia 33.171 -0 0
lfoot -18.9587 -4.14347 0.413319
ltoes -8.12384 0 0
rfemur -49.6211 -26.1271 10.8558
rtibia 95.4472 -0 0
rfoot 9.63404 10.2881 0.920664
rtoes -14.7652 0 0
lowerback 6.14018 -4.06347 -4.91617
upperback 1.6156 -5.63414 -3.0429
thorax -1.34929 -2.86289 0.117514
lowerneck -7.48678 -3.44637 1.07463
upperneck 4.39628 -5.02949 4.97203
head 2.86143 -2.30679 1.15792
lclavicle -4.88464e-14 -2.05173e-14 7.85161e-30
lhumerus -46.3367 -44.6163 102.729
lradius 60.2965 -0 0
lwrist 16.5522 0 0
lhand 31.1851 15.0244 0.306447
lfingers 7.12502 -0 0
lthumb 54.6466 32.4627 0.0176516
rclavicle -4.88464e-14 -2.05173e-14 7.85161e-30
rhumerus -39.4226 -8.7966 -50.746
rradius 78.9739 -0 0
rwrist -20.926 0 0
rhand -35.9441 -52.9149 0.950536
rfingers 7.12502 -0 0
rthumb -8.63533 -69.7708 -0.486226
906
root 3.05072 16.2313 31.5815 -1.69713 19.7657 1.02782
lfemur -13.1651 21.3942 -11.19
ltibia 32.3202 -0 0
lfoot -19.3354 -4.50772 0.435618
ltoes -8.81141 0 0
rfemur -48.8264 -25.7015 10.0508
rtibia 93.9256 -0 0
rfoot 8.85759 9.87781 0.969841
rtoes -15.7139 0 0
lowerback 5.81781 -3.98139 -4.76658
upperback 1.51424 -5.49654 -3.17873
thorax -1.29486 -2.79878 -0.127431
lowerneck -7.46839 -3.3204 1.13015
upperneck 4.32499 -4.86002 4.9375
head 2.82894 -2.22501 1.14463
lclavicle -4.73564e-14 -2.22188e-14 8.35721e-30
lhumerus -46.7688 -44.5964 103.022
lradius 60.1521 -0 0
lwrist 16.8364 0 0
lhand 31.5303 15.311 0.323128
lfingers 7.12502 -0 0
lthumb 54.9464 32.4733 0.0186764
rclavicle -4.73564e-14 -2.22188e-14 8.35721e-30
rhumerus -38.5613 -7.81386 -49.633
rradius 77.8898 -0 0
rwrist -20.8433 0 0
rhand -35.2575 -52.4081 1.00176
rfingers 7.12502 -0 0
rthumb -7.97493 -69.2203 -0.519574
907
root 2.99606 16.2053 31.6231 -1.36702 19.0305 1.2334
lfemur -12.4975 20.7729 -10.6377
ltibia 31.4528 -0 0
lfoot -19.7187 -4.87789 0.455916
ltoes -9.51222 0 0
rfemur -48.0339 -25.2586 9.24602
rtibia 92.3735 -0 0
rfoot 8.06686 9.46336 1.0146
rtoes -16.6799 0 0
lowerback 5.4913 -3.89668 -4.61458
upperback 1.41137 -5.35637 -3.31739
thorax -1.23988 -2.7331 -0.37695
lowerneck -7.44964 -3.19163 1.18729
upperneck 4.25229 -4.68685 4.90201
head 2.79581 -2.14142 1.13095
lclavicle -4.58179e-14 -2.39548e-14 8.82302e-30
lhumerus -47.2056 -44.5739 103.316
lradius 60.0043 -0 0
lwrist 17.1273 0 0
lhand 31.8817 15.6031 0.33833
lfingers 7.12502 -0 0
lthumb 55.2516 32.4844 0.019673
rclavicle -4.58179e-14 -2.39548e-14 8.82302e-30
rhumerus -37.6655 -6.83533 -48.4811
rradius 76.7791 -0 0
rwrist -20.7595 0 0
rhand -34.5613 -51.8947 1.04818
rfingers 7.12502 -0 0
rthumb -7.30754 -68.7363 -0.550075
908
root 2.94054 16.1789 31.6651 -1.03741 18.2811 1.43677
lfemur -11.827 20.1336 -10.0867
ltibia 30.5708 -0 0
lfoot -20.1077 -5.25313 0.474046
ltoes -10.2248 0 0
rfemur -47.2451 -24.7992 8.44325
rtibia 90.7945 -0 0
rfoot 7.2634 9.04552 1.05458
rtoes -17.6609 0 0
lowerback 5.16131 -3.80948 -4.46052
upperback 1.30719 -5.21392 -3.45856
thorax -1.18449 -2.66599 -0.630411
lowerneck -7.43056 -3.06034 1.24596
upperneck 4.17833 -4.51039 4.86562
head 2.76213 -2.05621 1.11689
lclavicle -4.42353e-14 -2.57193e-14 9.24401e-30
lhumerus -47.646 -44.5491 103.611
lradius 59.8534 -0 0
lwrist 17.4243 0 0
lhand 32.2385 15.9001 0.351924
lfingers 7.12502 -0 0
lthumb 55.5614 32.4961 0.0206371
rclavicle -4.42353e-14 -2.57193e-14 9.24401e-30
rhumerus -36.7358 -5.86494 -47.2919
rradius 75.6444 -0 0
rwrist -20.6743 0 0
rhand -33.8568 -51.3755 1.08941
rfingers 7.12502 -0 0
rthumb -6.63449 -68.3155 -0.577192
909
root 2.88428 16.1521 31.7076 -0.708969 17.5192 1.63735
lfemur -11.1551 19.4777 -9.53836
ltibia 29.6759 -0 0
lfoot -20.5018 -5.63262 0.489859
ltoes -10.9478 0 0
rfemur -46.4618 -24.3243 7.64431
rtibia 89.192 -0 0
rfoot 6.44875 8.62511 1.08947
rtoes -18.6551 0 0
lowerback 4.82848 -3.71995 -4.30476
upperback 1.20187 -5.06949 -3.60192
thorax -1.12878 -2.59757 -0.887271
lowerneck -7.41121 -2.92686 1.30607
upperneck 4.10325 -4.33104 4.82841
head 2.72795 -1.96958 1.10248
lclavicle -4.26131e-14 -2.75063e-14 9.61569e-30
lhumerus -48.0894 -44.522 103.908
lradius 59.6999 -0 0
lwrist 17.7266 0 0
lhand 32.6 16.2014 0.363796
lfingers 7.12502 -0 0
lthumb 55.8751 32.5084 0.0215643
rclavicle -4.26131e-14 -2.75063e-14 9.61569e-30
rhumerus -35.7729 -4.90655 -46.0669
rradius 74.488 -0 0
rwrist -20.5879 0 0
rhand -33.1459 -50.8517 1.12509
rfingers 7.12502 -0 0
rthumb -5.9571 -67.9543 -0.60043
910
root 2.82739 16.125 31.7505 -0.382321 16.7464 1.83464
lfemur -10.4834 18.8065 -8.99413
ltibia 28.77 -0 0
lfoot -20.9002 -6.01551 0.503227
ltoes -11.6797 0 0
rfemur -45.6853 -23.8351 6.85087
rtibia 87.5695 -0 0
rfoot 5.62449 8.20298 1.11899
rtoes -19.6601 0 0
lowerback 4.49344 -3.62822 -4.14767
upperback 1.0956 -4.92338 -3.74714
thorax -1.07288 -2.52797 -1.14695
lowerneck -7.39161 -2.79149 1.36753
upperneck 4.02722 -4.14924 4.79046
head 2.69336 -1.88173 1.08775
lclavicle -4.0956e-14 -2.93098e-14 9.93414e-30
lhumerus -48.5348 -44.4928 104.205
lradius 59.5441 -0 0
lwrist 18.0334 0 0
lhand 32.9652 16.5063 0.373848
lfingers 7.12502 -0 0
lthumb 56.1921 32.5215 0.0224492
rclavicle -4.0956e-14 -2.93098e-14 9.93414e-30
rhumerus -34.7779 -3.96395 -44.8078
rradius 73.3124 -0 0
rwrist -20.5003 0 0
rhand -32.4301 -50.3242 1.15495
rfingers 7.12502 -0 0
rthumb -5.27673 -67.6492 -0.619344
911
root 2.76999 16.0976 31.7936 -0.0580522 15.9644 2.02816
lfemur -9.81364 18.1216 -8.4552
ltibia 27.855 -0 0
lfoot -21.302 -6.40094 0.514043
ltoes -12.4191 0 0
rfemur -44.9173 -23.3326 6.06452
rtibia 85.9305 -0 0
rfoot 4.79218 7.77996 1.14293
rtoes -20.6739 0 0
lowerback 4.15685 -3.53447 -3.98959
upperback 0.988562 -4.77588 -3.89391
thorax -1.01688 -2.45732 -1.40889
lowerneck -7.37182 -2.65453 1.43026
upperneck 3.95038 -3.96539 4.75185
head 2.65843 -1.79286 1.07272
lclavicle -3.92684e-14 -3.1124e-14 1.0196e-29
lhumerus -48.9816 -44.4616 104.502
lradius 59.3862 -0 0
lwrist 18.3442 0 0
lhand 33.3333 16.8143 0.381997
lfingers 7.12502 -0 0
lthumb 56.5115 32.5354 0.0232861
rclavicle -3.92684e-14 -3.1124e-14 1.0196e-29
rhumerus -33.7519 -3.04088 -43.5167
rradius 72.12 -0 0
rwrist -20.4113 0 0
rhand -31.7111 -49.7941 1.17874
rfingers 7.12502 -0 0
rthumb -4.59473 -67.3968 -0.633542
912
root 2.71218 16.07 31.8369 0.263292 15.1749 2.21749
lfemur -9.14704 17.4246 -7.92272
ltibia 26.9326 -0 0
lfoot -21.7066 -6.78808 0.522221
ltoes -13.1645 0 0
rfemur -44.1589 -22.818 5.28676
rtibia 84.2785 -0 0
rfoot 3.95339 7.35691 1.16109
rtoes -21.6944 0 0
lowerback 3.81934 -3.43886 -3.83088
upperback 0.880964 -4.62731 -4.04189
thorax -0.960889 -2.38575 -1.6725
lowerneck -7.35188 -2.51628 1.49415
upperneck 3.87289 -3.7799 4.71266
head 2.62323 -1.70317 1.0574
lclavicle -3.75549e-14 -3.29428e-14 1.03986e-29
lhumerus -49.4288 -44.4286 104.798
lradius 59.2268 -0 0
lwrist 18.6581 0 0
lhand 33.7036 17.1247 0.388176
lfingers 7.12502 -0 0
lthumb 56.8328 32.5502 0.0240688
rclavicle -3.75549e-14 -3.29428e-14 1.03986e-29
rhumerus -32.6963 -2.14092 -42.1954
rradius 70.9134 -0 0
rwrist -20.321 0 0
rhand -30.9904 -49.2624 1.19628
rfingers 7.12502 -0 0
rthumb -3.91249 -67.1936 -0.642698
913
root 2.65408 16.0422 31.8802 0.5812 14.3795 2.40224
lfemur -8.48499 16.717 -7.39774
ltibia 26.0049 -0 0
lfoot -22.1131 -7.17607 0.527698
ltoes -13.9145 0 0
rfemur -43.4115 -22.2928 4.519
rtibia 82.617 -0 0
rfoot 3.1097 6.93468 1.17334
rtoes -22.7195 0 0
lowerback 3.48154 -3.34156 -3.67187
upperback 0.772991 -4.47794 -4.19075
thorax -0.905012 -2.3134 -1.93723
lowerneck -7.33183 -2.37705 1.55913
upperneck 3.7949 -3.59319 4.67297
head 2.58784 -1.61286 1.04183
lclavicle -3.58201e-14 -3.47602e-14 1.05399e-29
lhumerus -49.8758 -44.3938 105.094
lradius 59.0662 -0 0
lwrist 18.9745 0 0
lhand 34.0751 17.4369 0.392335
lfingers 7.12502 -0 0
lthumb 57.1552 32.5658 0.0247903
rclavicle -3.58201e-14 -3.47602e-14 1.05399e-29
rhumerus -31.6128 -1.26757 -40.8462
rradius 69.6948 -0 0
rwrist -20.2294 0 0
rhand -30.2698 -48.7303 1.20743
rfingers 7.12502 -0 0
rthumb -3.2314 -67.0362 -0.646557
914
root 2.59581 16.0143 31.9237 0.895191 13.5799 2.58207
lfemur -7.82872 16.0004 -6.88122
ltibia 25.0735 -0 0
lfoot -22.5208 -7.56407 0.530431
ltoes -14.6677 0 0
rfemur -42.6761 -21.7581 3.76253
rtibia 80.9495 -0 0
rfoot 2.26267 6.51414 1.17961
rtoes -23.747 0 0
lowerback 3.1441 -3.24276 -3.51291
upperback 0.664842 -4.32807 -4.34016
thorax -0.849348 -2.2404 -2.20249
lowerneck -7.31173 -2.23715 1.6251
upperneck 3.71656 -3.40567 4.63286
head 2.55233 -1.52212 1.02604
lclavicle -3.40684e-14 -3.65704e-14 1.06184e-29
lhumerus -50.3216 -44.3576 105.389
lradius 58.9046 -0 0
lwrist 19.2926 0 0
lhand 34.447 17.7503 0.39444
lfingers 7.12502 -0 0
lthumb 57.478 32.5825 0.0254435
rclavicle -3.40684e-14 -3.65704e-14 1.06184e-29
rhumerus -30.5031 -0.424153 -39.4715
rradius 68.4669 -0 0
rwrist -20.1364 0 0
rhand -29.5508 -48.1987 1.21214
rfingers 7.12502 -0 0
rthumb -2.55287 -66.921 -0.644937
915
root 2.53746 15.9864 31.967 1.20482 12.7777 2.75666
lfemur -7.1794 15.2765 -6.37402
ltibia 24.1404 -0 0
lfoot -22.9289 -7.95123 0.530401
ltoes -15.4225 0 0
rfemur -41.954 -21.2154 3.0186
rtibia 79.2794 -0 0
rfoot 1.41389 6.09616 1.17983
rtoes -24.775 0 0
lowerback 2.80763 -3.14265 -3.35434
upperback 0.556717 -4.17798 -4.4898
thorax -0.793992 -2.16689 -2.46771
lowerneck -7.29161 -2.09687 1.69197
upperneck 3.63803 -3.21774 4.59242
head 2.51678 -1.43116 1.01004
lclavicle -3.23045e-14 -3.83673e-14 1.06333e-29
lhumerus -50.7656 -44.3201 105.683
lradius 58.7425 -0 0
lwrist 19.6118 0 0
lhand 34.8186 18.0643 0.394475
lfingers 7.12502 -0 0
lthumb 57.8005 32.6002 0.0260209
rclavicle -3.23045e-14 -3.83673e-14 1.06333e-29
rhumerus -29.3693 0.386152 -38.0739
rradius 67.232 -0 0
rwrist -20.0421 0 0
rhand -28.8352 -47.6687 1.21037
rfingers 7.12502 -0 0
rthumb -1.87833 -66.8445 -0.637738
916
root 2.47916 15.9584 32.0102 1.50965 11.9746 2.92576
lfemur -6.53813 14.547 -5.87692
ltibia 23.2075 -0 0
lfoot -23.3367 -8.33669 0.527611
ltoes -16.1776 0 0
rfemur -41.2459 -20.6662 2.28833
rtibia 77.6104 -0 0
rfoot 0.564929 5.6816 1.17404
rtoes -25.8011 0 0
lowerback 2.47278 -3.04143 -3.19647
upperback 0.44882 -4.02796 -4.63933
thorax -0.739039 -2.09302 -2.73234
lowerneck -7.27153 -1.95653 1.75964
upperneck 3.55947 -3.02983 4.55175
head 2.48126 -1.34018 0.99386
lclavicle -3.05329e-14 -4.01451e-14 1.05845e-29
lhumerus -51.2069 -44.2813 105.975
lradius 58.5803 -0 0
lwrist 19.9313 0 0
lhand 35.189 18.3782 0.39244
lfingers 7.12502 -0 0
lthumb 58.122 32.6191 0.0265144
rclavicle -3.05329e-14 -4.01451e-14 1.05845e-29
rhumerus -28.2138 1.16037 -36.6561
rradius 65.9926 -0 0
rwrist -19.9464 0 0
rhand -28.1245 -47.1414 1.20217
rfingers 7.12502 -0 0
rthumb -1.20921 -66.8034 -0.624943
917
root 2.42102 15.9304 32.0532 1.8093 11.1724 3.08911
lfemur -5.90592 13.8138 -5.39062
ltibia 22.2764 -0 0
lfoot -23.7433 -8.71961 0.522085
ltoes -16.9316 0 0
rfemur -40.5528 -20.1119 1.57278
rtibia 75.9457 -0 0
rfoot -0.282638 5.27134 1.16227
rtoes -26.8235 0 0
lowerback 2.14015 -2.93929 -3.03965
upperback 0.341358 -3.8783 -4.78842
thorax -0.68458 -2.01893 -2.99579
lowerneck -7.25153 -1.81642 1.82804
upperneck 3.48103 -2.84235 4.51092
head 2.44585 -1.24937 0.977532
lclavicle -2.87581e-14 -4.18976e-14 1.04726e-29
lhumerus -51.6447 -44.2417 106.264
lradius 58.4183 -0 0
lwrist 20.2504 0 0
lhand 35.5573 18.6915 0.388353
lfingers 7.12502 -0 0
lthumb 58.4418 32.6392 0.0269159
rclavicle -2.87581e-14 -4.18976e-14 1.04726e-29
rhumerus -27.0391 1.89574 -35.2213
rradius 64.7512 -0 0
rwrist -19.8493 0 0
rhand -27.4205 -46.6178 1.18763
rfingers 7.12502 -0 0
rthumb -0.54695 -66.7941 -0.606623
918
root 2.36315 15.9025 32.0959 2.10337 10.3728 3.24652
lfemur -5.28372 13.0785 -4.91576
ltibia 21.3493 -0 0
lfoot -24.1479 -9.09914 0.513871
ltoes -17.6829 0 0
rfemur -39.8755 -19.5541 0.872939
rtibia 74.289 -0 0
rfoot -1.12724 4.86623 1.14462
rtoes -27.8398 0 0
lowerback 1.81039 -2.83646 -2.88419
upperback 0.234537 -3.72926 -4.93673
thorax -0.630704 -1.94475 -3.2575
lowerneck -7.23168 -1.67685 1.89706
upperneck 3.40289 -2.65571 4.47004
head 2.41062 -1.15894 0.961079
lclavicle -2.69847e-14 -4.3619e-14 1.02989e-29
lhumerus -52.0784 -44.2013 106.552
lradius 58.2568 -0 0
lwrist 20.5684 0 0
lhand 35.9228 19.0035 0.382247
lfingers 7.12502 -0 0
lthumb 58.7591 32.6605 0.027217
rclavicle -2.69847e-14 -4.3619e-14 1.02989e-29
rhumerus -25.848 2.58971 -33.7727
rradius 63.5101 -0 0
rwrist -19.7508 0 0
rhand -26.7247 -46.0989 1.16689
rfingers 7.12502 -0 0
rthumb 0.106986 -66.8132 -0.582939
919
root 2.30566 15.8747 32.1382 2.39152 9.57732 3.39781
lfemur -4.67244 12.343 -4.45286
ltibia 20.4277 -0 0
lfoot -24.5499 -9.47442 0.503038
ltoes -18.4301 0 0
rfemur -39.2148 -18.9944 0.189713
rtibia 72.6438 -0 0
rfoot -1.9673 4.46716 1.12126
rtoes -28.8481 0 0
lowerback 1.48411 -2.73314 -2.73041
upperback 0.128577 -3.58114 -5.08391
thorax -0.577496 -1.87064 -3.51691
lowerneck -7.21201 -1.53812 1.96661
upperneck 3.32518 -2.47032 4.4292
head 2.37564 -1.06907 0.94453
lclavicle -2.52173e-14 -4.53034e-14 1.0065e-29
lhumerus -52.5071 -44.1604 106.836
lradius 58.0962 -0 0
lwrist 20.8846 0 0
lhand 36.2845 19.3136 0.374173
lfingers 7.12502 -0 0
lthumb 59.0733 32.6832 0.0274094
rclavicle -2.52173e-14 -4.53034e-14 1.0065e-29
rhumerus -24.6435 3.24001 -32.3136
rradius 62.2718 -0 0
rwrist -19.6509 0 0
rhand -26.0388 -45.5859 1.14015
rfingers 7.12502 -0 0
rthumb 0.751143 -66.8572 -0.554141
920
root 2.24866 15.8471 32.1801 2.67339 8.7878 3.54282
lfemur -4.07291 11.6091 -4.00243
ltibia 19.5137 -0 0
lfoot -24.9485 -9.84461 0.489675
ltoes -19.1719 0 0
rfemur -38.5713 -18.4343 -0.476054
rtibia 71.0135 -0 0
rfoot -2.80126 4.07496 1.09236
rtoes -29.8462 0 0
lowerback 1.16193 -2.62957 -2.57862
upperback 0.0236922 -3.4342 -5.22963
thorax -0.525038 -1.79675 -3.77344
lowerneck -7.19259 -1.40053 2.0366
upperneck 3.24808 -2.28657 4.38849
head 2.341 -0.97998 0.927912
lclavicle -2.34602e-14 -4.69446e-14 9.77351e-30
lhumerus -52.9302 -44.1192 107.117
lradius 57.9368 -0 0
lwrist 21.1983 0 0
lhand 36.6418 19.6212 0.364199
lfingers 7.12502 -0 0
lthumb 59.3836 32.7073 0.0274847
rclavicle -2.34602e-14 -4.69446e-14 9.77351e-30
rhumerus -23.4289 3.84463 -30.8479
rradius 61.0389 -0 0
rwrist -19.5495 0 0
rhand -25.3645 -45.0798 1.10766
rfingers 7.12502 -0 0
rthumb 1.38406 -66.9228 -0.520572
921
root 2.19227 15.8198 32.2214 2.94864 8.00593 3.68142
lfemur -3.48592 10.8788 -3.56488
ltibia 18.6091 -0 0
lfoot -25.3428 -10.2089 0.473892
ltoes -19.9067 0 0
rfemur -37.9456 -17.8756 -1.12358
rtibia 69.4016 -0 0
rfoot -3.62755 3.69049 1.05815
rtoes -30.832 0 0
lowerback 0.844455 -2.52598 -2.42912
upperback -0.0798992 -3.28873 -5.37355
thorax -0.473412 -1.72322 -4.02653
lowerneck -7.17346 -1.26439 2.10694
upperneck 3.17174 -2.1049 4.34802
head 2.30677 -0.891855 0.911253
lclavicle -2.17182e-14 -4.85369e-14 9.4275e-30
lhumerus -53.3467 -44.0779 107.395
lradius 57.7792 -0 0
lwrist 21.5088 0 0
lhand 36.9936 19.9256 0.352407
lfingers 7.12502 -0 0
lthumb 59.6893 32.7328 0.0274345
rclavicle -2.17182e-14 -4.85369e-14 9.4275e-30
rhumerus -22.2076 4.40182 -29.3792
rradius 59.8136 -0 0
rwrist -19.4466 0 0
rhand -24.7033 -44.5816 1.06972
rfingers 7.12502 -0 0
rthumb 2.00428 -67.0066 -0.482664
922
root 2.13659 15.7927 32.262 3.21697 7.2334 3.81352
lfemur -2.91223 10.1538 -3.14056
ltibia 17.7156 -0 0
lfoot -25.7322 -10.5664 0.455822
ltoes -20.633 0 0
rfemur -37.3382 -17.32 -1.75214
rtibia 67.8116 -0 0
rfoot -4.44462 3.3146 1.01893
rtoes -31.8034 0 0
lowerback 0.532313 -2.4226 -2.28223
upperback -0.181975 -3.14499 -5.51531
thorax -0.422693 -1.6502 -4.27562
lowerneck -7.15469 -1.13001 2.17753
upperneck 3.09634 -1.92569 4.30788
head 2.27302 -0.804898 0.894583
lclavicle -1.99958e-14 -5.00742e-14 9.03061e-30
lhumerus -53.7561 -44.0368 107.669
lradius 57.6235 -0 0
lwrist 21.8153 0 0
lhand 37.3393 20.2263 0.338895
lfingers 7.12502 -0 0
lthumb 59.9899 32.7599 0.0272508
rclavicle -1.99958e-14 -5.00742e-14 9.03061e-30
rhumerus -20.9834 4.91018 -27.9117
rradius 58.5986 -0 0
rwrist -19.3423 0 0
rhand -24.0569 -44.0923 1.02666
rfingers 7.12502 -0 0
rthumb 2.61034 -67.1051 -0.440941
923
root 2.08174 15.766 32.302 3.47804 6.47194 3.93903
lfemur -2.35255 9.43617 -2.72979
ltibia 16.8353 -0 0
lfoot -26.1157 -10.9162 0.435612
ltoes -21.3496 0 0
rfemur -36.7496 -16.769 -2.36106
rtibia 66.247 -0 0
rfoot -5.25091 2.94812 0.974985
rtoes -32.7583 0 0
lowerback 0.22611 -2.31968 -2.13823
upperback -0.28231 -3.00326 -5.65458
thorax -0.372952 -1.57785 -4.52016
lowerneck -7.13632 -0.997671 2.24827
upperneck 3.02203 -1.74937 4.26818
head 2.23983 -0.719306 0.87793
lclavicle -1.82975e-14 -5.15505e-14 8.58704e-30
lhumerus -54.1577 -43.9961 107.939
lradius 57.4701 -0 0
lwrist 22.1172 0 0
lhand 37.678 20.5227 0.323778
lfingers 7.12502 -0 0
lthumb 60.2844 32.7885 0.026926
rclavicle -1.82975e-14 -5.15505e-14 8.58704e-30
rhumerus -19.76 5.36857 -26.4496
rradius 57.3961 -0 0
rwrist -19.2364 0 0
rhand -23.427 -43.6129 0.978874
rfingers 7.12502 -0 0
rthumb 3.20078 -67.215 -0.396011
924
root 2.02784 15.7396 32.3412 3.73156 5.72326 4.05788
lfemur -1.80756 8.72777 -2.33282
ltibia 15.9698 -0 0
lfoot -26.4928 -11.2576 0.413432
ltoes -22.0549 0 0
rfemur -36.1803 -16.2245 -2.94971
rtibia 64.7113 -0 0
rfoot -6.04488 2.59188 0.926685
rtoes -33.6945 0 0
lowerback -0.0735458 -2.21747 -1.99742
upperback -0.380698 -2.86377 -5.79103
thorax -0.324271 -1.50633 -4.75953
lowerneck -7.11843 -0.86769 2.31908
upperneck 2.94898 -1.57634 4.22903
head 2.20728 -0.635278 0.861324
lclavicle -1.66278e-14 -5.296e-14 8.10153e-30
lhumerus -54.5506 -43.9561 108.204
lradius 57.3195 -0 0
lwrist 22.4137 0 0
lhand 38.0088 20.8141 0.307182
lfingers 7.12502 -0 0
lthumb 60.5722 32.8189 0.0264529
rclavicle -1.66278e-14 -5.296e-14 8.10153e-30
rhumerus -18.5415 5.77619 -24.9971
rradius 56.2088 -0 0
rwrist -19.129 0 0
rhand -22.815 -43.1444 0.926789
rfingers 7.12502 -0 0
rthumb 3.77417 -67.333 -0.348571
925
root 1.97499 15.7136 32.3795 3.97721 4.98907 4.17003
lfemur -1.27791 8.03055 -1.94987
ltibia 15.1212 -0 0
lfoot -26.8626 -11.5897 0.389468
ltoes -22.7474 0 0
rfemur -35.6307 -15.6882 -3.51749
rtibia 63.208 -0 0
rfoot -6.825 2.24668 0.874413
rtoes -34.61 0 0
lowerback -0.366047 -2.11621 -1.86009
upperback -0.476866 -2.72685 -5.92426
thorax -0.276715 -1.43579 -4.9932
lowerneck -7.10106 -0.740365 2.38986
upperneck 2.87736 -1.40701 4.19052
head 2.17544 -0.553012 0.844795
lclavicle -1.49913e-14 -5.42966e-14 7.57928e-30
lhumerus -54.9341 -43.917 108.465
lradius 57.1719 -0 0
lwrist 22.7041 0 0
lhand 38.331 21.1 0.289248
lfingers 7.12502 -0 0
lthumb 60.8527 32.851 0.0258248
rclavicle -1.49913e-14 -5.42966e-14 7.57928e-30
rhumerus -17.3318 6.13256 -23.5589
rradius 55.0389 -0 0
rwrist -19.0201 0 0
rhand -22.2226 -42.6879 0.870865
rfingers 7.12502 -0 0
rthumb 4.32905 -67.4556 -0.299393
926
root 1.9233 15.6882 32.4169 4.21468 4.27109 4.27544
lfemur -0.764238 7.34647 -1.5811
ltibia 14.2911 -0 0
lfoot -27.2244 -11.9117 0.36392
ltoes -23.4258 0 0
rfemur -35.1011 -15.1619 -4.06386
rtibia 61.7406 -0 0
rfoot -7.58971 1.91333 0.818587
rtoes -35.5027 0 0
lowerback -0.650789 -2.01618 -1.72653
upperback -0.570603 -2.59272 -6.05393
thorax -0.230352 -1.36638 -5.22061
lowerneck -7.08428 -0.615999 2.46051
upperneck 2.80734 -1.24178 4.15278
head 2.1444 -0.472706 0.828374
lclavicle -1.33925e-14 -5.55544e-14 7.02593e-30
lhumerus -55.3077 -43.8791 108.721
lradius 57.0278 -0 0
lwrist 22.9877 0 0
lhand 38.6437 21.3796 0.270131
lfingers 7.12502 -0 0
lthumb 61.1251 32.8849 0.025036
rclavicle -1.33925e-14 -5.55544e-14 7.02593e-30
rhumerus -16.1352 6.43751 -22.1394
rradius 53.889 -0 0
rwrist -18.9097 0 0
rhand -21.6514 -42.2443 0.811601
rfingers 7.12502 -0 0
rthumb 4.86399 -67.5797 -0.24933
927
root 1.87289 15.6632 32.4532 4.44369 3.57104 4.37409
lfemur -0.267152 6.67749 -1.22665
ltibia 13.4816 -0 0
lfoot -27.5774 -12.2227 0.337005
ltoes -24.0885 0 0
rfemur -34.5918 -14.6472 -4.58829
rtibia 60.3126 -0 0
rfoot -8.33752 1.59261 0.759656
rtoes -36.3705 0 0
lowerback -0.927169 -1.91764 -1.597
upperback -0.661672 -2.46166 -6.1797
thorax -0.185246 -1.29827 -5.44118
lowerneck -7.06815 -0.494893 2.53093
upperneck 2.73908 -1.08106 4.1159
head 2.11421 -0.394558 0.812091
lclavicle -1.18361e-14 -5.67274e-14 6.44749e-30
lhumerus -55.6705 -43.8427 108.971
lradius 56.8874 -0 0
lwrist 23.2639 0 0
lhand 38.9461 21.6525 0.249995
lfingers 7.12502 -0 0
lthumb 61.3886 32.9206 0.0240817
rclavicle -1.18361e-14 -5.67274e-14 6.44749e-30
rhumerus -14.9559 6.69118 -20.7432
rradius 52.7616 -0 0
rwrist -18.7977 0 0
rhand -21.1031 -41.8145 0.749525
rfingers 7.12502 -0 0
rthumb 5.37759 -67.7019 -0.199303
928
root 1.82387 15.6389 32.4885 4.66391 2.89062 4.46597
lfemur 0.212747 6.02557 -0.886638
ltibia 12.6943 -0 0
lfoot -27.9209 -12.5219 0.308954
ltoes -24.7342 0 0
rfemur -34.1031 -14.1459 -5.09026
rtibia 58.9274 -0 0
rfoot -9.06688 1.2853 0.698097
rtoes -37.2112 0 0
lowerback -1.19459 -1.82085 -1.4718
upperback -0.749838 -2.33393 -6.30122
thorax -0.14146 -1.23161 -5.65436
lowerneck -7.05273 -0.377347 2.60104
upperneck 2.67275 -0.925261 4.08001
head 2.08498 -0.318766 0.795978
lclavicle -1.03265e-14 -5.78096e-14 5.85034e-30
lhumerus -56.0219 -43.8081 109.217
lradius 56.7512 -0 0
lwrist 23.5318 0 0
lhand 39.2373 21.9181 0.229016
lfingers 7.12502 -0 0
lthumb 61.6427 32.9583 0.0229581
rclavicle -1.03265e-14 -5.78096e-14 5.85034e-30
rhumerus -13.7981 6.89402 -19.3749
rradius 51.659 -0 0
rwrist -18.6841 0 0
rhand -20.579 -41.3995 0.68519
rfingers 7.12502 -0 0
rthumb 5.86841 -67.8189 -0.150296
929
root 1.77635 15.6152 32.5225 4.87503 2.23157 4.5511
lfemur 0.674866 5.39271 -0.561133
ltibia 11.9313 -0 0
lfoot -28.2541 -12.8086 0.280009
ltoes -25.3615 0 0
rfemur -33.6353 -13.6599 -5.56931
rtibia 57.5886 -0 0
rfoot -9.77629 0.992149 0.634408
rtoes -38.0227 0 0
lowerback -1.45244 -1.72608 -1.35119
upperback -0.83486 -2.20978 -6.41812
thorax -0.0990456 -1.16655 -5.85964
lowerneck -7.03809 -0.263664 2.67073
upperneck 2.60852 -0.774781 4.04521
head 2.05676 -0.245528 0.780065
lclavicle -8.86821e-15 -5.87952e-14 5.2411e-30
lhumerus -56.3611 -43.7755 109.456
lradius 56.6195 -0 0
lwrist 23.7909 0 0
lhand 39.5167 22.1756 0.20738
lfingers 7.12502 -0 0
lthumb 61.8865 32.998 0.0216628
rclavicle -8.86821e-15 -5.87952e-14 5.2411e-30
rhumerus -12.666 7.04676 -18.0392
rradius 50.5837 -0 0
rwrist -18.5689 0 0
rhand -20.0809 -41.0003 0.619174
rfingers 7.12502 -0 0
rthumb 6.33508 -67.9276 -0.103353
930
root 1.73045 15.5921 32.5553 5.07675 1.59559 4.62946
lfemur 1.11862 4.78088 -0.250195
ltibia 11.1942 -0 0
lfoot -28.5763 -13.0817 0.250423
ltoes -25.9687 0 0
rfemur -33.1887 -13.1909 -6.02495
rtibia 56.2996 -0 0
rfoot -10.4642 0.713917 0.56911
rtoes -38.8029 0 0
lowerback -1.70014 -1.63361 -1.23544
upperback -0.916498 -2.08946 -6.53005
thorax -0.0580835 -1.10329 -6.05633
lowerneck -7.02429 -0.154144 2.73991
upperneck 2.54658 -0.630028 4.01161
head 2.02965 -0.175042 0.764385
lclavicle -7.46589e-15 -5.96781e-14 4.62662e-30
lhumerus -56.6876 -43.7452 109.689
lradius 56.4926 -0 0
lwrist 24.0402 0 0
lhand 39.7833 22.4246 0.185281
lfingers 7.12502 -0 0
lthumb 62.1194 33.0398 0.0201946
rclavicle -7.46589e-15 -5.96781e-14 4.62662e-30
rhumerus -11.5638 7.15039 -16.7407
rradius 49.5382 -0 0
rwrist -18.4521 0 0
rhand -19.6102 -40.6177 0.55207
rfingers 7.12502 -0 0
rthumb 6.77618 -68.0246 -0.0595653
931
root 1.68627 15.5698 32.5867 5.26873 0.9844 4.70109
lfemur 1.54343 4.19205 0.0461362
ltibia 10.4851 -0 0
lfoot -28.8867 -13.3407 0.220457
ltoes -26.5546 0 0
rfemur -32.7635 -12.7407 -6.45672
rtibia 55.064 -0 0
rfoot -11.1292 0.451332 0.502738
rtoes -39.5498 0 0
lowerback -1.93712 -1.5437 -1.12481
upperback -0.994508 -1.97325 -6.63664
thorax -0.0186204 -1.04196 -6.24395
lowerneck -7.01139 -0.0490873 2.80847
upperneck 2.48707 -0.491406 3.97934
head 2.00371 -0.107506 0.748969
lclavicle -6.12403e-15 -6.04524e-14 4.01389e-30
lhumerus -57.0006 -43.7176 109.916
lradius 56.371 -0 0
lwrist 24.2793 0 0
lhand 40.0363 22.6644 0.16292
lfingers 7.12502 -0 0
lthumb 62.3407 33.0838 0.0185536
rclavicle -6.12403e-15 -6.04524e-14 4.01389e-30
rhumerus -10.4955 7.20616 -15.4838
rradius 48.5248 -0 0
rwrist -18.3336 0 0
rhand -19.1686 -40.2527 0.484487
rfingers 7.12502 -0 0
rthumb 7.19034 -68.1067 -0.0200666
932
root 1.64393 15.5483 32.6167 5.45065 0.399713 4.766
lfemur 1.94869 3.62823 0.327834
ltibia 9.80567 -0 0
lfoot -29.1846 -13.5845 0.190381
ltoes -27.1177 0 0
rfemur -32.3599 -12.311 -6.86417
rtibia 53.8852 -0 0
rfoot -11.7698 0.205114 0.435842
rtoes -40.2611 0 0
lowerback -2.1627 -1.45666 -1.01959
upperback -1.06865 -1.86139 -6.73755
thorax 0.0192874 -0.982724 -6.42191
lowerneck -6.99947 0.0511979 2.87633
upperneck 2.43019 -0.359322 3.94851
head 1.97903 -0.0431166 0.73385
lclavicle -4.84719e-15 -6.11121e-14 3.40997e-30
lhumerus -57.2995 -43.6929 110.137
lradius 56.255 -0 0
lwrist 24.5073 0 0
lhand 40.275 22.8944 0.140505
lfingers 7.12502 -0 0
lthumb 62.5496 33.1299 0.0167433
rclavicle -4.84719e-15 -6.11121e-14 3.40997e-30
rhumerus -9.46514 7.21552 -14.273
rradius 47.5462 -0 0
rwrist -18.2135 0 0
rhand -18.7574 -39.9062 0.417041
rfingers 7.12502 -0 0
rthumb 7.57618 -68.1708 0.0139787
933
root 1.60354 15.5276 32.6451 5.62216 -0.156759 4.82422
lfemur 2.33383 3.09137 0.594881
ltibia 9.15783 -0 0
lfoot -29.4693 -13.8125 0.16047
ltoes -27.6565 0 0
rfemur -31.9783 -11.9036 -7.24683
rtibia 52.7667 -0 0
rfoot -12.3844 -0.0240267 0.368982
rtoes -40.9349 0 0
lowerback -2.37634 -1.37275 -0.920025
upperback -1.13867 -1.75414 -6.83241
thorax 0.0555845 -0.925753 -6.58968
lowerneck -6.98858 0.146427 2.94338
upperneck 2.37611 -0.234179 3.91924
head 1.95567 0.0179279 0.719058
lclavicle -3.63991e-15 -6.16512e-14 2.82191e-30
lhumerus -57.5835 -43.6714 110.35
lradius 56.1449 -0 0
lwrist 24.7235 0 0
lhand 40.4985 23.1141 0.118246
lfingers 7.12502 -0 0
lthumb 62.7454 33.1783 0.0147676
rclavicle -3.63991e-15 -6.16512e-14 2.82191e-30
rhumerus -8.47653 7.18012 -13.1126
rradius 46.6046 -0 0
rwrist -18.0917 0 0
rhand -18.3784 -39.5791 0.350352
rfingers 7.12502 -0 0
rthumb 7.93232 -68.2136 0.0413839
934
root 1.56521 15.5078 32.672 5.78293 -0.683307 4.87576
lfemur 2.69825 2.58348 0.847262
ltibia 8.54342 -0 0
lfoot -29.7401 -14.0238 0.131001
ltoes -28.1696 0 0
rfemur -31.6187 -11.5202 -7.60425
rtibia 51.712 -0 0
rfoot -12.9716 -0.235394 0.30272
rtoes -41.5689 0 0
lowerback -2.57744 -1.29225 -0.826379
upperback -1.20433 -1.65175 -6.92085
thorax 0.0902162 -0.871207 -6.74667
lowerneck -6.97881 0.23629 3.00954
upperneck 2.32499 -0.116381 3.89164
head 1.93373 0.07543 0.704628
lclavicle -2.50674e-15 -6.20639e-14 2.2567e-30
lhumerus -57.852 -43.6534 110.557
lradius 56.0411 -0 0
lwrist 24.9273 0 0
lhand 40.706 23.3229 0.0963586
lfingers 7.12502 -0 0
lthumb 62.9275 33.2291 0.0126332
rclavicle -2.50674e-15 -6.20639e-14 2.2567e-30
rhumerus -7.53337 7.10176 -12.0068
rradius 45.7026 -0 0
rwrist -17.9682 0 0
rhand -18.033 -39.2722 0.28504
rfingers 7.12502 -0 0
rthumb 8.25738 -68.232 0.060951
935
root 1.52905 15.4889 32.6972 5.93259 -1.17822 4.92066
lfemur 3.04132 2.10651 1.08497
ltibia 7.96429 -0 0
lfoot -29.9961 -14.2176 0.102254
ltoes -28.6555 0 0
rfemur -31.2816 -11.1627 -7.93595
rtibia 50.7247 -0 0
rfoot -13.5298 -0.428301 0.237623
rtoes -42.1612 0 0
lowerback -2.76544 -1.21544 -0.738897
upperback -1.26539 -1.55448 -7.00252
thorax 0.123129 -0.819248 -6.89233
lowerneck -6.97022 0.320489 3.07469
upperneck 2.27701 -0.00633288 3.86583
head 1.91328 0.129192 0.690591
lclavicle -1.45221e-15 -6.2344e-14 1.72113e-30
lhumerus -58.1043 -43.6392 110.756
lradius 55.944 -0 0
lwrist 25.1178 0 0
lhand 40.8968 23.5201 0.0750583
lfingers 7.12502 -0 0
lthumb 63.0951 33.2822 0.0103491
rclavicle -1.45221e-15 -6.2344e-14 1.72113e-30
rhumerus -6.63917 6.98237 -10.9596
rradius 44.8426 -0 0
rwrist -17.8431 0 0
rhand -17.7227 -38.9865 0.221716
rfingers 7.12502 -0 0
rthumb 8.54998 -68.2227 0.0714824
936
root 1.49518 15.4711 32.7206 6.07076 -1.6398 4.95892
lfemur 3.36244 1.66245 1.30797
ltibia 7.42229 -0 0
lfoot -30.2367 -14.3931 0.074508
ltoes -29.1128 0 0
rfemur -30.9672 -10.8326 -8.24144
rtibia 49.8081 -0 0
rfoot -14.0577 -0.60207 0.174254
rtoes -42.7094 0 0
lowerback -2.93967 -1.14262 -0.657868
upperback -1.32158 -1.46258 -7.07705
thorax 0.154268 -0.770039 -7.0261
lowerneck -6.96287 0.398724 3.13875
upperneck 2.23234 0.095561 3.84194
head 1.89439 0.179017 0.67698
lclavicle -4.80889e-16 -6.24858e-14 1.22174e-30
lhumerus -58.3398 -43.6292 110.948
lradius 55.8538 -0 0
lwrist 25.2944 0 0
lhand 41.0699 23.7053 0.0545587
lfingers 7.12502 -0 0
lthumb 63.2476 33.3379 0.0079274
rclavicle -4.80889e-16 -6.24858e-14 1.22174e-30
rhumerus -5.79726 6.82395 -9.97485
rradius 44.0271 -0 0
rwrist -17.7162 0 0
rhand -17.449 -38.7228 0.160981
rfingers 7.12502 -0 0
rthumb 8.80875 -68.1825 0.0717898
937
root 1.46371 15.4542 32.7422 6.19708 -2.06634 4.99056
lfemur 3.66096 1.25325 1.51625
ltibia 6.91929 -0 0
lfoot -30.4612 -14.5495 0.0480378
ltoes -29.5401 0 0
rfemur -30.6757 -10.5318 -8.52022
rtibia 48.9659 -0 0
rfoot -14.5537 -0.756031 0.113167
rtoes -43.2117 0 0
lowerback -3.09959 -1.07405 -0.583532
upperback -1.37268 -1.37631 -7.14409
thorax 0.183581 -0.723742 -7.14741
lowerneck -6.95684 0.470693 3.20162
upperneck 2.19117 0.188897 3.82007
head 1.87715 0.224707 0.663826
lclavicle 4.02694e-16 -6.24831e-14 7.64705e-31
lhumerus -58.5578 -43.6235 111.132
lradius 55.7711 -0 0
lwrist 25.4565 0 0
lhand 41.2247 23.8777 0.0350765
lfingers 7.12502 -0 0
lthumb 63.3841 33.3961 0.00538274
rclavicle 4.02694e-16 -6.24831e-14 7.64705e-31
rhumerus -5.01081 6.62857 -9.05632
rradius 43.2584 -0 0
rwrist -17.5875 0 0
rhand -17.2135 -38.482 0.103416
rfingers 7.12502 -0 0
rthumb 9.03222 -68.1084 0.0607185
938
root 1.43475 15.4384 32.7619 6.31114 -2.45614 5.01559
lfemur 3.93623 0.880873 1.70976
ltibia 6.45711 -0 0
lfoot -30.6688 -14.686 0.0231142
ltoes -29.9359 0 0
rfemur -30.4075 -10.2619 -8.77177
rtibia 48.2014 -0 0
rfoot -15.0164 -0.889521 0.0549067
rtoes -43.6658 0 0
lowerback -3.2446 -1.01002 -0.516147
upperback -1.41843 -1.29592 -7.20327
thorax 0.211014 -0.680522 -7.2557
lowerneck -6.95221 0.536097 3.26319
upperneck 2.15366 0.273269 3.80035
head 1.86163 0.266065 0.651163
lclavicle 1.19399e-15 -6.23301e-14 3.5574e-31
lhumerus -58.7576 -43.6227 111.307
lradius 55.6961 -0 0
lwrist 25.6032 0 0
lhand 41.3602 24.0368 0.0168233
lfingers 7.12502 -0 0
lthumb 63.504 33.4569 0.00273313
rclavicle 1.19399e-15 -6.23301e-14 3.5574e-31
rhumerus -4.28276 6.39828 -8.20754
rradius 42.5391 -0 0
rwrist -17.4572 0 0
rhand -17.0176 -38.265 0.0495799
rfingers 7.12502 -0 0
rthumb 9.21899 -67.9969 0.037143
939
root 1.40841 15.4238 32.7796 6.41255 -2.8075 365.034
lfemur 4.18757 0.547263 1.88843
ltibia 6.03763 0 0
lfoot -30.8587 -14.8018 0
ltoes -30.2988 0 0
rfemur -30.163 -10.0246 -8.99552
rtibia 47.5182 0 0
rfoot -15.4442 -1.00188 0
rtoes -44.0696 0 0
lowerback -3.37411 -0.950787 -0.455972
upperback -1.45858 -1.22168 -7.25422
thorax 0.236511 -0.640539 -7.35042
lowerneck -6.94903 0.594637 3.32338
upperneck 2.11999 0.348275 3.7829
head 1.84791 0.302893 0.639022
lclavicle 1.88845e-15 -6.20208e-14 0
lhumerus -58.9385 -43.6268 111.475
lradius 55.6292 0 0
lwrist 25.7339 0 0
lhand 41.4758 24.1821 0
lfingers 7.12502 0 0
lthumb 63.6067 33.5204 0
rclavicle 1.88845e-15 -6.20208e-14 0
rhumerus -3.61588 6.13513 -7.43186
rradius 41.8716 0 0
rwrist -17.325 0 0
rhand -16.8629 -38.0727 0
rfingers 7.12502 0 0
rthumb 9.36759 -787.845 0
940
root 1.40018 15.4192 32.7851 6.44361 -2.91662 5.03872
lfemur 4.26653 0.444155 1.94502
ltibia 5.90665 -0 0
lfoot -30.9184 -14.8359 -0.00729874
ltoes -30.413 0 0
rfemur -30.0866 -9.95263 -9.06411
rtibia 47.3075 -0 0
rfoot -15.5797 -1.03458 -0.017523
rtoes -44.1935 0 0
lowerback -3.41393 -0.932021 -0.437421
upperback -1.47073 -1.19817 -7.26943
thorax 0.244615 -0.627866 -7.37909
lowerneck -6.9483 0.612727 3.34327
upperneck 2.10957 0.371322 3.77756
head 1.84372 0.314225 0.635065
lclavicle 2.10027e-15 -6.18816e-14 -1.07356e-31
lhumerus -58.9947 -43.6293 111.529
lradius 55.6086 -0 0
lwrist 25.7741 0 0
lhand 41.51 24.2277 -0.00529304
lfingers 7.12502 -0 0
lthumb 63.6372 33.5423 -0.000931914
rclavicle 2.10027e-15 -6.18816e-14 -1.07356e-31
rhumerus -3.40629 6.03971 -7.18829
rradius 41.6592 -0 0
rwrist -17.2803 0 0
rhand -16.8206 -38.014 -0.0155264
rfingers 7.12502 -0 0
rthumb 9.40848 -67.7884 -0.0145328
941
root 1.39214 15.4146 32.7904 6.4735 -3.02294 5.04282
lfemur 4.34398 0.343866 2.00065
ltibia 5.77872 -0 0
lfoot -30.9767 -14.868 -0.0144453
ltoes -30.525 0 0
rfemur -30.0124 -9.88366 -9.13014
rtibia 47.103 -0 0
rfoot -15.713 -1.06498 -0.0347151
rtoes -44.3134 0 0
lowerback -3.45237 -0.913545 -0.419418
upperback -1.48234 -1.17501 -7.28393
thorax 0.252587 -0.615386 -7.40662
lowerneck -6.94774 0.630329 3.36331
upperneck 2.09946 0.393676 3.77239
head 1.83968 0.325226 0.631108
lclavicle 2.30607e-15 -6.17237e-14 -2.11011e-31
lhumerus -59.0493 -43.6325 111.583
lradius 55.5885 -0 0
lwrist 25.8132 0 0
lhand 41.5424 24.2722 -0.0104764
lfingers 7.12502 -0 0
lthumb 63.6661 33.5648 -0.00188272
rclavicle 2.30607e-15 -6.17237e-14 -2.11011e-31
rhumerus -3.20111 5.93945 -6.94959
rradius 41.4494 -0 0
rwrist -17.2349 0 0
rhand -16.7826 -37.9576 -0.0305805
rfingers 7.12502 -0 0
rthumb 9.44519 -67.7341 -0.0286175
942
root 1.38429 15.4101 32.7955 6.50223 -3.12649 5.04631
lfemur 4.41994 0.24637 2.05535
ltibia 5.65379 -0 0
lfoot -31.0338 -14.8981 -0.0214376
ltoes -30.6349 0 0
rfemur -29.9403 -9.81766 -9.19363
rtibia 46.9046 -0 0
rfoot -15.8441 -1.09312 -0.0515707
rtoes -44.4293 0 0
lowerback -3.48944 -0.895357 -0.401958
upperback -1.49342 -1.15222 -7.29771
thorax 0.26043 -0.603097 -7.43302
lowerneck -6.94734 0.647447 3.38349
upperneck 2.08963 0.415345 3.7674
head 1.83578 0.335899 0.62715
lclavicle 2.50592e-15 -6.15473e-14 -3.10923e-31
lhumerus -59.1021 -43.6362 111.636
lradius 55.569 -0 0
lwrist 25.8512 0 0
lhand 41.5729 24.3159 -0.0155484
lfingers 7.12502 -0 0
lthumb 63.6934 33.5879 -0.00285179
rclavicle 2.50592e-15 -6.15473e-14 -3.10923e-31
rhumerus -3.00032 5.83447 -6.71573
rradius 41.242 -0 0
rwrist -17.1888 0 0
rhand -16.7488 -37.9035 -0.0451615
rfingers 7.12502 -0 0
rthumb 9.47775 -67.6821 -0.0422513
943
root 1.37662 15.4056 32.8004 6.52982 -3.22729 5.04922
lfemur 4.49444 0.151641 2.10912
ltibia 5.53185 -0 0
lfoot -31.0897 -14.9263 -0.0282737
ltoes -30.7425 0 0
rfemur -29.8704 -9.7546 -9.25463
rtibia 46.7123 -0 0
rfoot -15.9729 -1.11902 -0.0680846
rtoes -44.5411 0 0
lowerback -3.52516 -0.877456 -0.385033
upperback -1.50397 -1.12977 -7.3108
thorax 0.268144 -0.590999 -7.4583
lowerneck -6.94709 0.664087 3.4038
upperneck 2.0801 0.436335 3.76258
head 1.83202 0.346248 0.623193
lclavicle 2.69988e-15 -6.13528e-14 -4.07056e-31
lhumerus -59.1533 -43.6405 111.688
lradius 55.5501 -0 0
lwrist 25.8881 0 0
lhand 41.6017 24.3585 -0.0205078
lfingers 7.12502 -0 0
lthumb 63.7193 33.6116 -0.0038385
rclavicle 2.69988e-15 -6.13528e-14 -4.07056e-31
rhumerus -2.80391 5.72488 -6.48669
rradius 41.0371 -0 0
rwrist -17.142 0 0
rhand -16.7194 -37.8517 -0.0592659
rfingers 7.12502 -0 0
rthumb 9.50623 -67.6324 -0.0554318
944
root 1.36915 15.4012 32.8052 6.55629 -3.32538 5.05154
lfemur 4.56749 0.059653 2.16198
ltibia 5.41286 -0 0
lfoot -31.1443 -14.9527 -0.0349517
ltoes -30.8481 0 0
rfemur -29.8026 -9.69447 -9.31318
rtibia 46.526 -0 0
rfoot -16.0996 -1.1427 -0.0842519
rtoes -44.649 0 0
lowerback -3.55954 -0.85984 -0.368636
upperback -1.51399 -1.10768 -7.32319
thorax 0.275731 -0.57909 -7.48248
lowerneck -6.947 0.680254 3.42425
upperneck 2.07085 0.456655 3.75793
head 1.82841 0.356275 0.619236
lclavicle 2.88802e-15 -6.11403e-14 -4.99383e-31
lhumerus -59.2028 -43.6454 111.74
lradius 55.5317 -0 0
lwrist 25.9239 0 0
lhand 41.6288 24.4003 -0.0253532
lfingers 7.12502 -0 0
lthumb 63.7436 33.6359 -0.00484212
rclavicle 2.88802e-15 -6.11403e-14 -4.99383e-31
rhumerus -2.61185 5.61076 -6.26243
rradius 40.8345 -0 0
rwrist -17.0945 0 0
rhand -16.6941 -37.8021 -0.0728917
rfingers 7.12502 -0 0
rthumb 9.53067 -67.5849 -0.0681572
945
root 1.36186 15.3969 32.8099 6.58164 -3.42079 5.05328
lfemur 4.63911 -0.0296207 2.21394
ltibia 5.29679 -0 0
lfoot -31.1978 -14.9772 -0.04147
ltoes -30.9515 0 0
rfemur -29.7369 -9.63723 -9.36931
rtibia 46.3456 -0 0
rfoot -16.2242 -1.1642 -0.100068
rtoes -44.753 0 0
lowerback -3.59259 -0.842508 -0.352763
upperback -1.52349 -1.08593 -7.33489
thorax 0.283192 -0.567367 -7.50557
lowerneck -6.94706 0.695953 3.44484
upperneck 2.06189 0.476311 3.75344
head 1.82493 0.365985 0.61528
lclavicle 3.07039e-15 -6.091e-14 -5.87882e-31
lhumerus -59.2507 -43.6508 111.791
lradius 55.5139 -0 0
lwrist 25.9586 0 0
lhand 41.6541 24.4411 -0.0300835
lfingers 7.12502 -0 0
lthumb 63.7664 33.6607 -0.00586195
rclavicle 3.07039e-15 -6.091e-14 -5.87882e-31
rhumerus -2.4241 5.49224 -6.04292
rradius 40.6344 -0 0
rwrist -17.0463 0 0
rhand -16.6729 -37.7547 -0.0860376
rfingers 7.12502 -0 0
rthumb 9.55112 -67.5396 -0.0804262
946
root 1.35475 15.3927 32.8143 6.6059 -3.51353 5.05447
lfemur 4.70932 -0.116207 2.26503
ltibia 5.18361 -0 0
lfoot -31.25 -14.9998 -0.0478273
ltoes -31.0529 0 0
rfemur -29.6733 -9.58285 -9.42306
rtibia 46.171 -0 0
rfoot -16.3466 -1.18355 -0.115529
rtoes -44.8531 0 0
lowerback -3.62434 -0.825458 -0.337405
upperback -1.53248 -1.06452 -7.34591
thorax 0.29053 -0.555831 -7.52758
lowerneck -6.94728 0.711188 3.46555
upperneck 2.05322 0.495312 3.74912
head 1.8216 0.375381 0.611325
lclavicle 3.24706e-15 -6.06623e-14 -6.72538e-31
lhumerus -59.297 -43.6568 111.842
lradius 55.4966 -0 0
lwrist 25.9922 0 0
lhand 41.6777 24.481 -0.0346977
lfingers 7.12502 -0 0
lthumb 63.7878 33.686 -0.00689721
rclavicle 3.24706e-15 -6.06623e-14 -6.72538e-31
rhumerus -2.24065 5.3694 -5.82812
rradius 40.4367 -0 0
rwrist -16.9975 0 0
rhand -16.6558 -37.7095 -0.0987027
rfingers 7.12502 -0 0
rthumb 9.56763 -67.4964 -0.0922384
947
root 1.34783 15.3885 32.8186 6.62907 -3.60365 5.05511
lfemur 4.77814 -0.200132 2.31526
ltibia 5.07329 -0 0
lfoot -31.301 -15.0206 -0.0540222
ltoes -31.1522 0 0
rfemur -29.6116 -9.53132 -9.47446
rtibia 46.0023 -0 0
rfoot -16.4669 -1.20077 -0.130632
rtoes -44.9495 0 0
lowerback -3.65479 -0.808688 -0.322557
upperback -1.54096 -1.04346 -7.35626
thorax 0.297745 -0.544479 -7.54853
lowerneck -6.94765 0.725967 3.48639
upperneck 2.04482 0.513663 3.74497
head 1.8184 0.384467 0.607371
lclavicle 3.41809e-15 -6.03974e-14 -7.53342e-31
lhumerus -59.3418 -43.6634 111.892
lradius 55.4799 -0 0
lwrist 26.0247 0 0
lhand 41.6996 24.52 -0.0391949
lfingers 7.12502 -0 0
lthumb 63.8077 33.712 -0.00794709
rclavicle 3.41809e-15 -6.03974e-14 -7.53342e-31
rhumerus -2.06146 5.24234 -5.61801
rradius 40.2414 -0 0
rwrist -16.9481 0 0
rhand -16.6428 -37.6665 -0.110887
rfingers 7.12502 -0 0
rthumb 9.58026 -67.4554 -0.103594
948
root 1.34108 15.3844 32.8228 6.65117 -3.69116 5.05522
lfemur 4.84558 -0.281423 2.36464
ltibia 4.9658 -0 0
lfoot -31.3508 -15.0396 -0.0600536
ltoes -31.2494 0 0
rfemur -29.552 -9.48259 -9.52355
rtibia 45.8392 -0 0
rfoot -16.5851 -1.21589 -0.145372
rtoes -45.042 0 0
lowerback -3.68397 -0.792196 -0.308213
upperback -1.54895 -1.02273 -7.36595
thorax 0.30484 -0.533311 -7.56842
lowerneck -6.94816 0.740292 3.50735
upperneck 2.0367 0.531374 3.74098
head 1.81533 0.393245 0.603418
lclavicle 3.58355e-15 -6.01155e-14 -8.30291e-31
lhumerus -59.3849 -43.6705 111.942
lradius 55.4636 -0 0
lwrist 26.0562 0 0
lhand 41.7199 24.558 -0.0435743
lfingers 7.12502 -0 0
lthumb 63.8262 33.7384 -0.00901077
rclavicle 3.58355e-15 -6.01155e-14 -8.30291e-31
rhumerus -1.88651 5.11118 -5.41254
rradius 40.0484 -0 0
rwrist -16.898 0 0
rhand -16.6337 -37.6256 -0.122591
rfingers 7.12502 -0 0
rthumb 9.58905 -67.4165 -0.114492
949
root 1.33451 15.3803 32.8268 6.67221 -3.7761 5.05479
lfemur 4.91167 -0.360107 2.41319
ltibia 4.86111 -0 0
lfoot -31.3994 -15.0568 -0.0659206
ltoes -31.3446 0 0
rfemur -29.4942 -9.43664 -9.57036
rtibia 45.6819 -0 0
rfoot -16.7013 -1.22894 -0.159747
rtoes -45.1308 0 0
lowerback -3.71188 -0.775981 -0.294365
upperback -1.55643 -1.00233 -7.37498
thorax 0.311815 -0.522323 -7.58727
lowerneck -6.94883 0.75417 3.52843
upperneck 2.02885 0.54845 3.73715
head 1.81241 0.40172 0.599467
lclavicle 3.74349e-15 -5.98167e-14 -9.03388e-31
lhumerus -59.4265 -43.6781 111.991
lradius 55.4479 -0 0
lwrist 26.0867 0 0
lhand 41.7385 24.5952 -0.0478351
lfingers 7.12502 -0 0
lthumb 63.8432 33.7654 -0.0100874
rclavicle 3.74349e-15 -5.98167e-14 -9.03388e-31
rhumerus -1.71576 4.97599 -5.21168
rradius 39.8578 -0 0
rwrist -16.8473 0 0
rhand -16.6285 -37.5869 -0.133814
rfingers 7.12502 -0 0
rthumb 9.59405 -67.3797 -0.124936
950
root 1.32811 15.3763 32.8306 6.69221 -3.8585 5.05385
lfemur 4.97643 -0.436211 2.46091
ltibia 4.75919 -0 0
lfoot -31.4469 -15.0722 -0.0716225
ltoes -31.4378 0 0
rfemur -29.4385 -9.39345 -9.61492
rtibia 45.5301 -0 0
rfoot -16.8154 -1.23995 -0.173755
rtoes -45.216 0 0
lowerback -3.73854 -0.76004 -0.281008
upperback -1.56342 -0.982266 -7.38336
thorax 0.318672 -0.511516 -7.60509
lowerneck -6.94963 0.767605 3.54963
upperneck 2.02127 0.564899 3.73348
head 1.80961 0.409894 0.595519
lclavicle 3.89798e-15 -5.95015e-14 -9.72642e-31
lhumerus -59.4666 -43.6863 112.039
lradius 55.4327 -0 0
lwrist 26.1161 0 0
lhand 41.7555 24.6315 -0.0519769
lfingers 7.12502 -0 0
lthumb 63.8589 33.7928 -0.011176
rclavicle 3.89798e-15 -5.95015e-14 -9.72642e-31
rhumerus -1.54917 4.83688 -5.01538
rradius 39.6695 -0 0
rwrist -16.796 0 0
rhand -16.6272 -37.5502 -0.14456
rfingers 7.12502 -0 0
rthumb 9.59532 -67.345 -0.134925
951
root 1.32189 15.3724 32.8343 6.71118 -3.93837 5.0524
lfemur 5.03986 -0.509762 2.50783
ltibia 4.66001 -0 0
lfoot -31.4932 -15.0859 -0.0771586
ltoes -31.529 0 0
rfemur -29.3846 -9.353 -9.65726
rtibia 45.3839 -0 0
rfoot -16.9274 -1.24894 -0.187392
rtoes -45.2975 0 0
lowerback -3.76397 -0.744372 -0.268136
upperback -1.56993 -0.962526 -7.3911
thorax 0.325413 -0.500887 -7.62189
lowerneck -6.95059 0.780603 3.57094
upperneck 2.01396 0.580729 3.72997
head 1.80694 0.417772 0.591572
lclavicle 4.04708e-15 -5.917e-14 -1.03807e-30
lhumerus -59.5051 -43.695 112.087
lradius 55.4181 -0 0
lwrist 26.1445 0 0
lhand 41.7709 24.667 -0.0559991
lfingers 7.12502 -0 0
lthumb 63.8731 33.8208 -0.0122758
rclavicle 4.04708e-15 -5.917e-14 -1.03807e-30
rhumerus -1.38672 4.69393 -4.8236
rradius 39.4835 -0 0
rwrist -16.7441 0 0
rhand -16.6297 -37.5156 -0.154829
rfingers 7.12502 -0 0
rthumb 9.59291 -67.3123 -0.144462
952
root 1.31584 15.3685 32.8378 6.72913 -4.01576 5.05045
lfemur 5.10199 -0.580787 2.55396
ltibia 4.56353 -0 0
lfoot -31.5384 -15.0979 -0.0825284
ltoes -31.6182 0 0
rfemur -29.3326 -9.31522 -9.69744
rtibia 45.2432 -0 0
rfoot -17.0375 -1.25595 -0.200658
rtoes -45.3753 0 0
lowerback -3.78819 -0.728975 -0.255743
upperback -1.57596 -0.943108 -7.39821
thorax 0.332039 -0.490436 -7.63769
lowerneck -6.95168 0.793168 3.59237
upperneck 2.00691 0.595946 3.72662
head 1.8044 0.425357 0.587628
lclavicle 4.19086e-15 -5.88224e-14 -1.09968e-30
lhumerus -59.5422 -43.7042 112.135
lradius 55.4039 -0 0
lwrist 26.1719 0 0
lhand 41.7846 24.7015 -0.0599015
lfingers 7.12502 -0 0
lthumb 63.886 33.8493 -0.0133858
rclavicle 4.19086e-15 -5.88224e-14 -1.09968e-30
rhumerus -1.22836 4.54725 -4.63631
rradius 39.2997 -0 0
rwrist -16.6916 0 0
rhand -16.636 -37.483 -0.164624
rfingers 7.12502 -0 0
rthumb 9.58685 -67.2817 -0.153549
953
root 1.30996 15.3647 32.8412 6.74608 -4.09068 5.04801
lfemur 5.16283 -0.649314 2.59931
ltibia 4.46974 -0 0
lfoot -31.5825 -15.1083 -0.0877316
ltoes -31.7055 0 0
rfemur -29.2824 -9.28011 -9.73548
rtibia 45.1079 -0 0
rfoot -17.1456 -1.26099 -0.213549
rtoes -45.4496 0 0
lowerback -3.8112 -0.713846 -0.243821
upperback -1.58152 -0.924009 -7.40469
thorax 0.338551 -0.48016 -7.6525
lowerneck -6.95291 0.805307 3.6139
upperneck 2.00013 0.610559 3.72342
head 1.802 0.432652 0.583687
lclavicle 4.32937e-15 -5.8459e-14 -1.15751e-30
lhumerus -59.5778 -43.714 112.182
lradius 55.3902 -0 0
lwrist 26.1983 0 0
lhand 41.7969 24.7352 -0.0636837
lfingers 7.12502 -0 0
lthumb 63.8976 33.8783 -0.014505
rclavicle 4.32937e-15 -5.8459e-14 -1.15751e-30
rhumerus -1.07405 4.39691 -4.45346
rradius 39.1183 -0 0
rwrist -16.6386 0 0
rhand -16.646 -37.4524 -0.173948
rfingers 7.12502 -0 0
rthumb 9.57722 -67.253 -0.16219
954
root 1.30425 15.361 32.8444 6.76203 -4.16313 5.0451
lfemur 5.2224 -0.71537 2.64389
ltibia 4.37859 -0 0
lfoot -31.6255 -15.1169 -0.092768
ltoes -31.7909 0 0
rfemur -29.2341 -9.24764 -9.7714
rtibia 44.9779 -0 0
rfoot -17.2517 -1.2641 -0.226066
rtoes -45.5205 0 0
lowerback -3.83302 -0.698984 -0.232365
upperback -1.58661 -0.905228 -7.41056
thorax 0.344952 -0.470058 -7.66633
lowerneck -6.95428 0.817023 3.63554
upperneck 1.9936 0.624574 3.72037
head 1.79971 0.43966 0.57975
lclavicle 4.46268e-15 -5.80801e-14 -1.21158e-30
lhumerus -59.6119 -43.7242 112.228
lradius 55.3771 -0 0
lwrist 26.2238 0 0
lhand 41.8075 24.7681 -0.0673457
lfingers 7.12502 -0 0
lthumb 63.9078 33.9078 -0.0156324
rclavicle 4.46268e-15 -5.80801e-14 -1.21158e-30
rhumerus -0.923767 4.24302 -4.275
rradius 38.939 -0 0
rwrist -16.5849 0 0
rhand -16.6597 -37.4238 -0.182804
rfingers 7.12502 -0 0
rthumb 9.56404 -67.2263 -0.170387
955
root 1.2987 15.3573 32.8475 6.77701 -4.23323 5.04172
lfemur 5.28073 -0.778983 2.68772
ltibia 4.29007 -0 0
lfoot -31.6674 -15.1239 -0.0976375
ltoes -31.8743 0 0
rfemur -29.1875 -9.21776 -9.80524
rtibia 44.8532 -0 0
rfoot -17.3559 -1.26531 -0.238207
rtoes -45.5878 0 0
lowerback -3.85368 -0.684386 -0.221369
upperback -1.59124 -0.886759 -7.41582
thorax 0.351241 -0.460128 -7.67919
lowerneck -6.95578 0.828322 3.65728
upperneck 1.98733 0.637999 3.71748
head 1.79755 0.446386 0.575815
lclavicle 4.59085e-15 -5.76858e-14 -1.26192e-30
lhumerus -59.6446 -43.735 112.274
lradius 55.3644 -0 0
lwrist 26.2482 0 0
lhand 41.8167 24.8001 -0.0708873
lfingers 7.12502 -0 0
lthumb 63.9167 33.9377 -0.0167671
rclavicle 4.59085e-15 -5.76858e-14 -1.26192e-30
rhumerus -0.777455 4.08565 -4.10089
rradius 38.762 -0 0
rwrist -16.5308 0 0
rhand -16.677 -37.3971 -0.191196
rfingers 7.12502 -0 0
rthumb 9.54739 -67.2015 -0.178144
956
root 1.29332 15.3537 32.8504 6.79103 -4.30094 5.03787
lfemur 5.33781 -0.84018 2.7308
ltibia 4.20413 -0 0
lfoot -31.7082 -15.1293 -0.10234
ltoes -31.9559 0 0
rfemur -29.1427 -9.19047 -9.83704
rtibia 44.7337 -0 0
rfoot -17.4581 -1.26465 -0.249971
rtoes -45.6518 0 0
lowerback -3.87317 -0.670051 -0.210826
upperback -1.59541 -0.8686 -7.42047
thorax 0.357421 -0.45037 -7.69111
lowerneck -6.95742 0.839209 3.67912
upperneck 1.98131 0.650841 3.71473
head 1.79552 0.452833 0.571884
lclavicle 4.71394e-15 -5.72764e-14 -1.30858e-30
lhumerus -59.6759 -43.7462 112.319
lradius 55.3522 -0 0
lwrist 26.2717 0 0
lhand 41.8243 24.8314 -0.0743087
lfingers 7.12502 -0 0
lthumb 63.9243 33.9681 -0.017908
rclavicle 4.71394e-15 -5.72764e-14 -1.30858e-30
rhumerus -0.635078 3.92489 -3.93109
rradius 38.5872 -0 0
rwrist -16.476 0 0
rhand -16.6978 -37.3724 -0.199128
rfingers 7.12502 -0 0
rthumb 9.5273 -67.1786 -0.185465
957
root 1.2881 15.3501 32.8532 6.8041 -4.36631 5.03357
lfemur 5.39368 -0.89899 2.77316
ltibia 4.12075 -0 0
lfoot -31.7479 -15.133 -0.106876
ltoes -32.0356 0 0
rfemur -29.0997 -9.16571 -9.86681
rtibia 44.6193 -0 0
rfoot -17.5584 -1.26213 -0.261357
rtoes -45.7123 0 0
lowerback -3.89152 -0.655976 -0.200731
upperback -1.59913 -0.850748 -7.42454
thorax 0.363493 -0.440781 -7.70208
lowerneck -6.9592 0.84969 3.70106
upperneck 1.97555 0.663107 3.71213
head 1.7936 0.459004 0.567957
lclavicle 4.83202e-15 -5.68522e-14 -1.35159e-30
lhumerus -59.7058 -43.758 112.364
lradius 55.3405 -0 0
lwrist 26.2943 0 0
lhand 41.8305 24.8618 -0.0776098
lfingers 7.12502 -0 0
lthumb 63.9306 33.999 -0.019054
rclavicle 4.83202e-15 -5.68522e-14 -1.35159e-30
rhumerus -0.496594 3.76083 -3.76553
rradius 38.4146 -0 0
rwrist -16.4208 0 0
rhand -16.7221 -37.3496 -0.206604
rfingers 7.12502 -0 0
rthumb 9.50382 -67.1576 -0.192355
958
root 1.28304 15.3466 32.8559 6.81622 -4.42936 5.02884
lfemur 5.44835 -0.955439 2.8148
ltibia 4.03989 -0 0
lfoot -31.7865 -15.1352 -0.111246
ltoes -32.1135 0 0
rfemur -29.0583 -9.14347 -9.8946
rtibia 44.5101 -0 0
rfoot -17.6569 -1.2578 -0.272366
rtoes -45.7696 0 0
lowerback -3.90875 -0.642159 -0.191078
upperback -1.60241 -0.833199 -7.42801
thorax 0.369459 -0.431359 -7.71212
lowerneck -6.9611 0.859769 3.72309
upperneck 1.97002 0.674805 3.70968
head 1.79181 0.464902 0.564034
lclavicle 4.94515e-15 -5.64134e-14 -1.391e-30
lhumerus -59.7343 -43.7702 112.409
lradius 55.3292 -0 0
lwrist 26.3159 0 0
lhand 41.8352 24.8913 -0.080791
lfingers 7.12502 -0 0
lthumb 63.9357 34.0303 -0.0202042
rclavicle 4.94515e-15 -5.64134e-14 -1.391e-30
rhumerus -0.361959 3.59355 -3.60419
rradius 38.2442 -0 0
rwrist -16.365 0 0
rhand -16.7499 -37.3286 -0.21363
rfingers 7.12502 -0 0
rthumb 9.47701 -67.1385 -0.198818
959
root 1.27813 15.3431 32.8584 6.82743 -4.49012 5.02366
lfemur 5.50183 -1.00956 2.85573
ltibia 3.96153 -0 0
lfoot -31.8241 -15.1359 -0.11545
ltoes -32.1895 0 0
rfemur -29.0187 -9.12372 -9.92043
rtibia 44.4059 -0 0
rfoot -17.7535 -1.25167 -0.282998
rtoes -45.8235 0 0
lowerback -3.92486 -0.628597 -0.18186
upperback -1.60525 -0.815951 -7.43091
thorax 0.375319 -0.422104 -7.72125
lowerneck -6.96313 0.869451 3.74521
upperneck 1.96474 0.685942 3.70738
head 1.79013 0.470531 0.560116
lclavicle 5.05339e-15 -5.59601e-14 -1.42686e-30
lhumerus -59.7614 -43.7829 112.453
lradius 55.3184 -0 0
lwrist 26.3366 0 0
lhand 41.8385 24.9201 -0.0838526
lfingers 7.12502 -0 0
lthumb 63.9395 34.062 -0.0213575
rclavicle 5.05339e-15 -5.59601e-14 -1.42686e-30
rhumerus -0.231128 3.42314 -3.447
rradius 38.0759 -0 0
rwrist -16.3088 0 0
rhand -16.7811 -37.3095 -0.22021
rfingers 7.12502 -0 0
rthumb 9.44691 -67.1212 -0.20486
960
root 1.27338 15.3397 32.8608 6.83772 -4.54862 5.01807
lfemur 5.55415 -1.06137 2.89596
ltibia 3.88564 -0 0
lfoot -31.8607 -15.135 -0.119489
ltoes -32.2637 0 0
rfemur -28.9807 -9.10641 -9.94433
rtibia 44.3066 -0 0
rfoot -17.8482 -1.24377 -0.293253
rtoes -45.8741 0 0
lowerback -3.93987 -0.615289 -0.173071
upperback -1.60765 -0.799 -7.43324
thorax 0.381075 -0.413014 -7.72947
lowerneck -6.96529 0.878741 3.76742
upperneck 1.9597 0.696525 3.70521
head 1.78857 0.475895 0.556202
lclavicle 5.15681e-15 -5.54928e-14 -1.45922e-30
lhumerus -59.7872 -43.7961 112.496
lradius 55.3081 -0 0
lwrist 26.3564 0 0
lhand 41.8403 24.9482 -0.0867948
lfingers 7.12502 -0 0
lthumb 63.9421 34.0942 -0.0225127
rclavicle 5.15681e-15 -5.54928e-14 -1.45922e-30
rhumerus -0.104056 3.24966 -3.29391
rradius 37.9097 -0 0
rwrist -16.252 0 0
rhand -16.8156 -37.2922 -0.226351
rfingers 7.12502 -0 0
rthumb 9.41358 -67.1058 -0.210486
961
root 1.26879 15.3364 32.8631 6.84711 -4.60488 5.01205
lfemur 5.6053 -1.11091 2.93552
ltibia 3.81224 -0 0
lfoot -31.8963 -15.1326 -0.123363
ltoes -32.3362 0 0
rfemur -28.9444 -9.09155 -9.9663
rtibia 44.2122 -0 0
rfoot -17.9411 -1.23413 -0.303132
rtoes -45.9216 0 0
lowerback -3.95381 -0.602232 -0.164706
upperback -1.60963 -0.782343 -7.43501
thorax 0.386729 -0.404087 -7.7368
lowerneck -6.96757 0.887645 3.78972
upperneck 1.9549 0.706561 3.70319
head 1.78713 0.480997 0.552293
lclavicle 5.25546e-15 -5.50115e-14 -1.48815e-30
lhumerus -59.8117 -43.8098 112.539
lradius 55.2982 -0 0
lwrist 26.3753 0 0
lhand 41.8408 24.9754 -0.0896183
lfingers 7.12502 -0 0
lthumb 63.9434 34.1268 -0.0236689
rclavicle 5.25546e-15 -5.50115e-14 -1.48815e-30
rhumerus 0.0193017 3.07321 -3.14489
rradius 37.7456 -0 0
rwrist -16.1947 0 0
rhand -16.8535 -37.2768 -0.232057
rfingers 7.12502 -0 0
rthumb 9.37706 -67.0921 -0.215701
962
root 1.26435 15.3331 32.8652 6.85561 -4.65894 5.00563
lfemur 5.65532 -1.15819 2.9744
ltibia 3.74119 -0 0
lfoot -31.9308 -15.1287 -0.127073
ltoes -32.4069 0 0
rfemur -28.9097 -9.07904 -9.98644
rtibia 44.1226 -0 0
rfoot -18.0323 -1.22279 -0.312634
rtoes -45.9659 0 0
lowerback -3.96667 -0.589423 -0.156757
upperback -1.61119 -0.765978 -7.43622
thorax 0.392281 -0.395321 -7.74326
lowerneck -6.96997 0.896168 3.81209
upperneck 1.95034 0.716058 3.7013
head 1.7858 0.48584 0.548389
lclavicle 5.3494e-15 -5.45166e-14 -1.51369e-30
lhumerus -59.8349 -43.8239 112.581
lradius 55.2888 -0 0
lwrist 26.3933 0 0
lhand 41.8398 25.0018 -0.0923235
lfingers 7.12502 -0 0
lthumb 63.9436 34.1598 -0.0248248
rclavicle 5.3494e-15 -5.45166e-14 -1.51369e-30
rhumerus 0.138993 2.89386 -2.99987
rradius 37.5837 -0 0
rwrist -16.137 0 0
rhand -16.8945 -37.2631 -0.237336
rfingers 7.12502 -0 0
rthumb 9.33741 -67.0802 -0.220512
963
root 1.26006 15.3299 32.8671 6.86324 -4.71083 4.99881
lfemur 5.70422 -1.20326 3.01261
ltibia 3.67251 -0 0
lfoot -31.9644 -15.1233 -0.130621
ltoes -32.4759 0 0
rfemur -28.8765 -9.06889 -10.0047
rtibia 44.0378 -0 0
rfoot -18.1216 -1.20975 -0.321763
rtoes -46.0071 0 0
lowerback -3.97848 -0.576861 -0.149221
upperback -1.61233 -0.749899 -7.43689
thorax 0.397733 -0.386715 -7.74885
lowerneck -6.9725 0.904314 3.83455
upperneck 1.946 0.725024 3.69956
head 1.78458 0.490429 0.54449
lclavicle 5.43871e-15 -5.40083e-14 -1.53592e-30
lhumerus -59.8567 -43.8385 112.623
lradius 55.2798 -0 0
lwrist 26.4104 0 0
lhand 41.8375 25.0276 -0.0949111
lfingers 7.12502 -0 0
lthumb 63.9426 34.1932 -0.0259795
rclavicle 5.43871e-15 -5.40083e-14 -1.53592e-30
rhumerus 0.255064 2.71169 -2.8588
rradius 37.4238 -0 0
rwrist -16.0788 0 0
rhand -16.9388 -37.2511 -0.242193
rfingers 7.12502 -0 0
rthumb 9.29467 -67.07 -0.224925
964
root 1.25592 15.3267 32.869 6.87 -4.76056 4.99159
lfemur 5.75198 -1.24611 3.05015
ltibia 3.60618 -0 0
lfoot -31.9969 -15.1165 -0.134006
ltoes -32.5431 0 0
rfemur -28.8449 -9.06107 -10.0212
rtibia 43.9577 -0 0
rfoot -18.2092 -1.19506 -0.330518
rtoes -46.0452 0 0
lowerback -3.98926 -0.564543 -0.142089
upperback -1.61306 -0.734106 -7.43702
thorax 0.403086 -0.378267 -7.75358
lowerneck -6.97514 0.912089 3.85708
upperneck 1.94189 0.733464 3.69794
head 1.78347 0.494766 0.540597
lclavicle 5.52344e-15 -5.34868e-14 -1.55489e-30
lhumerus -59.8774 -43.8535 112.665
lradius 55.2712 -0 0
lwrist 26.4267 0 0
lhand 41.8339 25.0525 -0.0973816
lfingers 7.12502 -0 0
lthumb 63.9405 34.2271 -0.0271319
rclavicle 5.52344e-15 -5.34868e-14 -1.55489e-30
rhumerus 0.367564 2.52677 -2.72163
rradius 37.266 -0 0
rwrist -16.0202 0 0
rhand -16.9862 -37.2409 -0.246636
rfingers 7.12502 -0 0
rthumb 9.2489 -67.0615 -0.228947
965
root 1.25192 15.3236 32.8707 6.87592 -4.80818 4.98399
lfemur 5.79868 -1.28683 3.08708
ltibia 3.54217 -0 0
lfoot -32.0285 -15.1083 -0.13723
ltoes -32.6087 0 0
rfemur -28.8149 -9.05553 -10.0359
rtibia 43.8823 -0 0
rfoot -18.295 -1.17874 -0.338902
rtoes -46.0802 0 0
lowerback -3.99901 -0.552466 -0.135358
upperback -1.61339 -0.718595 -7.43662
thorax 0.408342 -0.369977 -7.75748
lowerneck -6.97791 0.919498 3.87969
upperneck 1.93801 0.741388 3.69646
head 1.78247 0.498854 0.53671
lclavicle 5.60366e-15 -5.29523e-14 -1.57069e-30
lhumerus -59.8967 -43.8689 112.706
lradius 55.2631 -0 0
lwrist 26.4421 0 0
lhand 41.8289 25.0767 -0.099736
lfingers 7.12502 -0 0
lthumb 63.9372 34.2613 -0.0282807
rclavicle 5.60366e-15 -5.29523e-14 -1.57069e-30
rhumerus 0.47654 2.33918 -2.58831
rradius 37.1102 -0 0
rwrist -15.9611 0 0
rhand -17.0368 -37.2324 -0.250672
rfingers 7.12502 -0 0
rthumb 9.20014 -67.0547 -0.232584
966
root 1.24807 15.3206 32.8723 6.881 -4.8537 4.97601
lfemur 5.8443 -1.32541 3.12337
ltibia 3.48044 -0 0
lfoot -32.0592 -15.0987 -0.140295
ltoes -32.6725 0 0
rfemur -28.7864 -9.05225 -10.0489
rtibia 43.8114 -0 0
rfoot -18.3791 -1.16082 -0.346916
rtoes -46.1123 0 0
lowerback -4.00776 -0.540628 -0.129019
upperback -1.61332 -0.703362 -7.43569
thorax 0.413502 -0.361841 -7.76054
lowerneck -6.98079 0.926546 3.90237
upperneck 1.93434 0.748801 3.69512
head 1.78158 0.502698 0.532829
lclavicle 5.67942e-15 -5.24051e-14 -1.58337e-30
lhumerus -59.9148 -43.8848 112.747
lradius 55.2554 -0 0
lwrist 26.4567 0 0
lhand 41.8227 25.1002 -0.101975
lfingers 7.12502 -0 0
lthumb 63.9328 34.2959 -0.029425
rclavicle 5.67942e-15 -5.24051e-14 -1.58337e-30
rhumerus 0.582042 2.149 -2.45879
rradius 36.9564 -0 0
rwrist -15.9016 0 0
rhand -17.0903 -37.2255 -0.254308
rfingers 7.12502 -0 0
rthumb 9.14844 -67.0496 -0.235844
967
root 1.24436 15.3175 32.8738 6.88525 -4.89713 4.96767
lfemur 5.88887 -1.36189 3.15904
ltibia 3.42097 -0 0
lfoot -32.0888 -15.0877 -0.143202
ltoes -32.7348 0 0
rfemur -28.7594 -9.0512 -10.0601
rtibia 43.745 -0 0
rfoot -18.4615 -1.14132 -0.354562
rtoes -46.1414 0 0
lowerback -4.01551 -0.529027 -0.123069
upperback -1.61286 -0.688404 -7.43425
thorax 0.418566 -0.353859 -7.76279
lowerneck -6.98378 0.933239 3.92512
upperneck 1.9309 0.755711 3.6939
head 1.78079 0.506301 0.528954
lclavicle 5.7508e-15 -5.18455e-14 -1.59301e-30
lhumerus -59.9317 -43.9011 112.787
lradius 55.2481 -0 0
lwrist 26.4704 0 0
lhand 41.8152 25.123 -0.1041
lfingers 7.12502 -0 0
lthumb 63.9272 34.3308 -0.0305636
rclavicle 5.7508e-15 -5.18455e-14 -1.59301e-30
rhumerus 0.684119 1.95629 -2.33301
rradius 36.8046 -0 0
rwrist -15.8417 0 0
rhand -17.1469 -37.2203 -0.257551
rfingers 7.12502 -0 0
rthumb 9.09385 -67.0461 -0.238734
968
root 1.24079 15.3146 32.8752 6.88869 -4.93856 4.95896
lfemur 5.93239 -1.39629 3.1941
ltibia 3.36371 -0 0
lfoot -32.1176 -15.0753 -0.145951
ltoes -32.7953 0 0
rfemur -28.7339 -9.05234 -10.0696
rtibia 43.6831 -0 0
rfoot -18.5423 -1.12028 -0.361843
rtoes -46.1677 0 0
lowerback -4.02228 -0.51766 -0.1175
upperback -1.61201 -0.673719 -7.43231
thorax 0.423537 -0.346028 -7.76424
lowerneck -6.98688 0.93958 3.94793
upperneck 1.92767 0.762126 3.69281
head 1.78011 0.509667 0.525085
lclavicle 5.81785e-15 -5.12736e-14 -1.5997e-30
lhumerus -59.9474 -43.9179 112.826
lradius 55.2412 -0 0
lwrist 26.4833 0 0
lhand 41.8064 25.145 -0.106111
lfingers 7.12502 -0 0
lthumb 63.9206 34.3662 -0.0316954
rclavicle 5.81785e-15 -5.12736e-14 -1.5997e-30
rhumerus 0.78282 1.76113 -2.21092
rradius 36.6548 -0 0
rwrist -15.7814 0 0
rhand -17.2063 -37.2168 -0.260409
rfingers 7.12502 -0 0
rthumb 9.03643 -67.0442 -0.241261
969
root 1.23736 15.3117 32.8764 6.89133 -4.97799 4.9499
lfemur 5.97487 -1.42864 3.22856
ltibia 3.30865 -0 0
lfoot -32.1454 -15.0616 -0.148545
ltoes -32.8543 0 0
rfemur -28.7099 -9.05564 -10.0775
rtibia 43.6255 -0 0
rfoot -18.6213 -1.09771 -0.36876
rtoes -46.191 0 0
lowerback -4.0281 -0.506524 -0.112308
upperback -1.61078 -0.659304 -7.42986
thorax 0.428416 -0.338348 -7.7649
lowerneck -6.9901 0.945575 3.9708
upperneck 1.92466 0.768053 3.69185
head 1.77953 0.512798 0.521223
lclavicle 5.88063e-15 -5.06898e-14 -1.6035e-30
lhumerus -59.9619 -43.935 112.866
lradius 55.2348 -0 0
lwrist 26.4955 0 0
lhand 41.7963 25.1664 -0.108009
lfingers 7.12502 -0 0
lthumb 63.913 34.4018 -0.0328193
rclavicle 5.88063e-15 -5.06898e-14 -1.6035e-30
rhumerus 0.878197 1.56358 -2.09245
rradius 36.507 -0 0
rwrist -15.7206 0 0
rhand -17.2687 -37.2148 -0.262891
rfingers 7.12502 -0 0
rthumb 8.97621 -67.0439 -0.243433
970
root 1.23407 15.3088 32.8775 6.89319 -5.01545 4.94049
lfemur 6.01634 -1.45896 3.26243
ltibia 3.25577 -0 0
lfoot -32.1723 -15.0466 -0.150984
ltoes -32.9117 0 0
rfemur -28.6873 -9.06106 -10.0837
rtibia 43.5722 -0 0
rfoot -18.6987 -1.07364 -0.375316
rtoes -46.2116 0 0
lowerback -4.03296 -0.495617 -0.107485
upperback -1.60918 -0.645154 -7.42693
thorax 0.433203 -0.330816 -7.76478
lowerneck -6.99342 0.95123 3.99373
upperneck 1.92186 0.773499 3.69101
head 1.77906 0.515698 0.517368
lclavicle 5.93922e-15 -5.00942e-14 -1.60449e-30
lhumerus -59.9753 -43.9525 112.904
lradius 55.2287 -0 0
lwrist 26.5068 0 0
lhand 41.7851 25.187 -0.109796
lfingers 7.12502 -0 0
lthumb 63.9043 34.4379 -0.0339342
rclavicle 5.93922e-15 -5.00942e-14 -1.60449e-30
rhumerus 0.970299 1.36373 -1.97757
rradius 36.3611 -0 0
rwrist -15.6595 0 0
rhand -17.3339 -37.2144 -0.265004
rfingers 7.12502 -0 0
rthumb 8.91326 -67.0451 -0.245258
971
root 1.23091 15.306 32.8785 6.89427 -5.05095 4.93074
lfemur 6.05681 -1.4873 3.29571
ltibia 3.20501 -0 0
lfoot -32.1984 -15.0304 -0.153271
ltoes -32.9675 0 0
rfemur -28.6661 -9.06857 -10.0882
rtibia 43.5232 -0 0
rfoot -18.7745 -1.04811 -0.381515
rtoes -46.2294 0 0
lowerback -4.03689 -0.484936 -0.103027
upperback -1.60722 -0.631268 -7.42351
thorax 0.4379 -0.323432 -7.7639
lowerneck -6.99685 0.956549 4.01672
upperneck 1.91926 0.778471 3.69029
head 1.77868 0.518371 0.513521
lclavicle 5.99366e-15 -4.94871e-14 -1.60277e-30
lhumerus -59.9875 -43.9705 112.943
lradius 55.223 -0 0
lwrist 26.5173 0 0
lhand 41.7727 25.207 -0.111473
lfingers 7.12502 -0 0
lthumb 63.8945 34.4742 -0.0350391
rclavicle 5.99366e-15 -4.94871e-14 -1.60277e-30
rhumerus 1.05918 1.16163 -1.86621
rradius 36.2171 -0 0
rwrist -15.5981 0 0
rhand -17.4019 -37.2155 -0.266757
rfingers 7.12502 -0 0
rthumb 8.84761 -67.0479 -0.246744
972
root 1.22789 15.3033 32.8794 6.89459 -5.08454 4.92065
lfemur 6.09629 -1.51368 3.32842
ltibia 3.15636 -0 0
lfoot -32.2235 -15.0128 -0.155407
ltoes -33.0217 0 0
rfemur -28.6463 -9.07815 -10.0912
rtibia 43.4783 -0 0
rfoot -18.8487 -1.02113 -0.387359
rtoes -46.2444 0 0
lowerback -4.03991 -0.474479 -0.0989275
upperback -1.60489 -0.617643 -7.41962
thorax 0.442508 -0.316192 -7.76226
lowerneck -7.00038 0.961538 4.03976
upperneck 1.91686 0.782976 3.6897
head 1.7784 0.52082 0.50968
lclavicle 6.04402e-15 -4.88687e-14 -1.59841e-30
lhumerus -59.9986 -43.9888 112.98
lradius 55.2177 -0 0
lwrist 26.5271 0 0
lhand 41.7591 25.2263 -0.11304
lfingers 7.12502 -0 0
lthumb 63.8837 34.5109 -0.0361327
rclavicle 6.04402e-15 -4.88687e-14 -1.59841e-30
rhumerus 1.14488 0.957355 -1.75832
rradius 36.075 -0 0
rwrist -15.5362 0 0
rhand -17.4727 -37.2182 -0.268158
rfingers 7.12502 -0 0
rthumb 8.77933 -67.0522 -0.247899
973
root 1.22499 15.3006 32.8801 6.89416 -5.11624 4.91025
lfemur 6.1348 -1.53812 3.36056
ltibia 3.10978 -0 0
lfoot -32.2478 -14.9941 -0.157394
ltoes -33.0745 0 0
rfemur -28.6278 -9.08974 -10.0927
rtibia 43.4376 -0 0
rfoot -18.9213 -0.992746 -0.392851
rtoes -46.2568 0 0
lowerback -4.04202 -0.464242 -0.0951808
upperback -1.6022 -0.604275 -7.41526
thorax 0.447028 -0.309096 -7.75988
lowerneck -7.00402 0.966201 4.06285
upperneck 1.91467 0.787023 3.68922
head 1.77822 0.523049 0.505848
lclavicle 6.09038e-15 -4.82393e-14 -1.59149e-30
lhumerus -60.0085 -44.0075 113.018
lradius 55.2128 -0 0
lwrist 26.5361 0 0
lhand 41.7443 25.245 -0.1145
lfingers 7.12502 -0 0
lthumb 63.8719 34.5479 -0.0372142
rclavicle 6.09038e-15 -4.82393e-14 -1.59149e-30
rhumerus 1.22747 0.750972 -1.65384
rradius 35.9348 -0 0
rwrist -15.474 0 0
rhand -17.5461 -37.2224 -0.269217
rfingers 7.12502 -0 0
rthumb 8.70845 -67.058 -0.248732
974
root 1.22223 15.2979 32.8808 6.89299 -5.14608 4.89952
lfemur 6.17235 -1.56065 3.39214
ltibia 3.06525 -0 0
lfoot -32.2712 -14.9741 -0.159234
ltoes -33.1257 0 0
rfemur -28.6107 -9.10333 -10.0926
rtibia 43.4009 -0 0
rfoot -18.9924 -0.962969 -0.397994
rtoes -46.2665 0 0
lowerback -4.04324 -0.454224 -0.0917811
upperback -1.59916 -0.591161 -7.41044
thorax 0.451462 -0.302142 -7.75677
lowerneck -7.00776 0.970544 4.08599
upperneck 1.91267 0.790617 3.68886
head 1.77813 0.52506 0.502023
lclavicle 6.13277e-15 -4.75991e-14 -1.58211e-30
lhumerus -60.0174 -44.0266 113.055
lradius 55.2083 -0 0
lwrist 26.5444 0 0
lhand 41.7284 25.263 -0.115853
lfingers 7.12502 -0 0
lthumb 63.8592 34.5852 -0.0382824
rclavicle 6.13277e-15 -4.75991e-14 -1.58211e-30
rhumerus 1.30698 0.542547 -1.55272
rradius 35.7965 -0 0
rwrist -15.4115 0 0
rhand -17.6222 -37.228 -0.26994
rfingers 7.12502 -0 0
rthumb 8.63497 -67.0652 -0.249251
975
root 1.21959 15.2953 32.8813 6.8911 -5.17409 4.88848
lfemur 6.20895 -1.58131 3.42318
ltibia 3.02273 -0 0
lfoot -32.2937 -14.9529 -0.160929
ltoes -33.1754 0 0
rfemur -28.595 -9.11888 -10.0909
rtibia 43.3682 -0 0
rfoot -19.0619 -0.931831 -0.402792
rtoes -46.2736 0 0
lowerback -4.04359 -0.444422 -0.0887227
upperback -1.59578 -0.578298 -7.40518
thorax 0.455811 -0.295328 -7.75295
lowerneck -7.01159 0.974571 4.10918
upperneck 1.91086 0.793767 3.68862
head 1.77813 0.526859 0.498206
lclavicle 6.17128e-15 -4.69483e-14 -1.57036e-30
lhumerus -60.0252 -44.046 113.091
lradius 55.2041 -0 0
lwrist 26.5519 0 0
lhand 41.7114 25.2803 -0.1171
lfingers 7.12502 -0 0
lthumb 63.8455 34.6229 -0.0393362
rclavicle 6.17128e-15 -4.69483e-14 -1.57036e-30
rhumerus 1.38348 0.332143 -1.4549
rradius 35.66 -0 0
rwrist -15.3487 0 0
rhand -17.7008 -37.2351 -0.270338
rfingers 7.12502 -0 0
rthumb 8.55906 -67.0739 -0.249464
976
root 1.21708 15.2928 32.8818 6.88849 -5.20029 4.87713
lfemur 6.24463 -1.60012 3.45368
ltibia 2.98219 -0 0
lfoot -32.3154 -14.9305 -0.162479
ltoes -33.2236 0 0
rfemur -28.5806 -9.13635 -10.0878
rtibia 43.3395 -0 0
rfoot -19.1299 -0.899359 -0.407248
rtoes -46.2782 0 0
lowerback -4.04308 -0.434833 -0.0859998
upperback -1.59207 -0.565684 -7.39947
thorax 0.460075 -0.288653 -7.74842
lowerneck -7.01552 0.978289 4.1324
upperneck 1.90925 0.796479 3.68849
head 1.77823 0.528447 0.494397
lclavicle 6.20597e-15 -4.62873e-14 -1.55631e-30
lhumerus -60.032 -44.0658 113.128
lradius 55.2003 -0 0
lwrist 26.5587 0 0
lhand 41.6933 25.297 -0.118244
lfingers 7.12502 -0 0
lthumb 63.8308 34.6608 -0.0403746
rclavicle 6.20597e-15 -4.62873e-14 -1.55631e-30
rhumerus 1.457 0.119827 -1.36033
rradius 35.5254 -0 0
rwrist -15.2855 0 0
rhand -17.782 -37.2436 -0.27042
rfingers 7.12502 -0 0
rthumb 8.48069 -67.084 -0.249381
977
root 1.21469 15.2902 32.8821 6.88518 -5.22472 4.86549
lfemur 6.27939 -1.61711 3.48364
ltibia 2.94361 -0 0
lfoot -32.3363 -14.907 -0.163889
ltoes -33.2704 0 0
rfemur -28.5674 -9.1557 -10.0833
rtibia 43.3146 -0 0
rfoot -19.1964 -0.865578 -0.411367
rtoes -46.2802 0 0
lowerback -4.04173 -0.425454 -0.0836067
upperback -1.58802 -0.553315 -7.39332
thorax 0.464257 -0.282114 -7.74321
lowerneck -7.01955 0.981701 4.15567
upperneck 1.90783 0.798761 3.68847
head 1.77842 0.529829 0.490597
lclavicle 6.23689e-15 -4.56161e-14 -1.54006e-30
lhumerus -60.0377 -44.086 113.163
lradius 55.1969 -0 0
lwrist 26.5648 0 0
lhand 41.6741 25.3131 -0.119285
lfingers 7.12502 -0 0
lthumb 63.8152 34.699 -0.0413965
rclavicle 6.23689e-15 -4.56161e-14 -1.54006e-30
rhumerus 1.52762 -0.0943378 -1.26895
rradius 35.3926 -0 0
rwrist -15.222 0 0
rhand -17.8656 -37.2536 -0.270195
rfingers 7.12502 -0 0
rthumb 8.39993 -67.0955 -0.24901
978
root 1.21243 15.2878 32.8823 6.88119 -5.24741 4.85356
lfemur 6.31325 -1.63232 3.51308
ltibia 2.90698 -0 0
lfoot -32.3564 -14.8823 -0.165159
ltoes -33.3157 0 0
rfemur -28.5555 -9.17692 -10.0773
rtibia 43.2934 -0 0
rfoot -19.2613 -0.830543 -0.415149
rtoes -46.2798 0 0
lowerback -4.03954 -0.416283 -0.0815378
upperback -1.58364 -0.541189 -7.38675
thorax 0.468356 -0.275711 -7.73731
lowerneck -7.02367 0.984813 4.17897
upperneck 1.90659 0.800621 3.68855
head 1.77869 0.531008 0.486806
lclavicle 6.2641e-15 -4.49351e-14 -1.5217e-30
lhumerus -60.0423 -44.1065 113.199
lradius 55.1938 -0 0
lwrist 26.5702 0 0
lhand 41.6539 25.3285 -0.120225
lfingers 7.12502 -0 0
lthumb 63.7987 34.7375 -0.042401
rclavicle 6.2641e-15 -4.49351e-14 -1.5217e-30
rhumerus 1.59537 -0.310289 -1.18071
rradius 35.2615 -0 0
rwrist -15.1583 0 0
rhand -17.9517 -37.2649 -0.269671
rfingers 7.12502 -0 0
rthumb 8.31683 -67.1083 -0.24836
979
root 1.21028 15.2854 32.8825 6.87651 -5.26837 4.84134
lfemur 6.34622 -1.64576 3.54201
ltibia 2.87221 -0 0
lfoot -32.3757 -14.8566 -0.166292
ltoes -33.3597 0 0
rfemur -28.5449 -9.19995 -10.0699
rtibia 43.276 -0 0
rfoot -19.3248 -0.794227 -0.418604
rtoes -46.277 0 0
lowerback -4.03655 -0.407316 -0.0797872
upperback -1.57895 -0.529301 -7.37976
thorax 0.472375 -0.269442 -7.73076
lowerneck -7.02789 0.98763 4.20231
upperneck 1.90553 0.802064 3.68875
head 1.77905 0.531987 0.483024
lclavicle 6.28768e-15 -4.42445e-14 -1.50133e-30
lhumerus -60.046 -44.1273 113.234
lradius 55.1911 -0 0
lwrist 26.575 0 0
lhand 41.6327 25.3434 -0.121066
lfingers 7.12502 -0 0
lthumb 63.7813 34.7762 -0.0433871
rclavicle 6.28768e-15 -4.42445e-14 -1.50133e-30
rhumerus 1.66031 -0.527965 -1.09555
rradius 35.1322 -0 0
rwrist -15.0942 0 0
rhand -18.0402 -37.2775 -0.26886
rfingers 7.12502 -0 0
rthumb 8.23143 -67.1225 -0.24744
980
root 1.20825 15.283 32.8825 6.87117 -5.28765 4.82884
lfemur 6.37831 -1.65748 3.57043
ltibia 2.8393 -0 0
lfoot -32.3942 -14.8297 -0.167289
ltoes -33.4023 0 0
rfemur -28.5355 -9.22476 -10.0611
rtibia 43.2623 -0 0
rfoot -19.3869 -0.756682 -0.421733
rtoes -46.2717 0 0
lowerback -4.03275 -0.398552 -0.0783495
upperback -1.57394 -0.517651 -7.37236
thorax 0.476314 -0.263304 -7.72354
lowerneck -7.03219 0.990157 4.22567
upperneck 1.90465 0.8031 3.68905
head 1.7795 0.532771 0.47925
lclavicle 6.30768e-15 -4.35446e-14 -1.47903e-30
lhumerus -60.0487 -44.1485 113.268
lradius 55.1887 -0 0
lwrist 26.579 0 0
lhand 41.6104 25.3576 -0.121808
lfingers 7.12502 -0 0
lthumb 63.7631 34.8152 -0.0443537
rclavicle 6.30768e-15 -4.35446e-14 -1.47903e-30
rhumerus 1.72249 -0.747304 -1.01341
rradius 35.0047 -0 0
rwrist -15.0299 0 0
rhand -18.1309 -37.2915 -0.267769
rfingers 7.12502 -0 0
rthumb 8.14378 -67.138 -0.246259
981
root 1.20634 15.2807 32.8824 6.86518 -5.30527 4.81607
lfemur 6.40955 -1.66749 3.59835
ltibia 2.80822 -0 0
lfoot -32.4119 -14.8018 -0.168154
ltoes -33.4435 0 0
rfemur -28.5273 -9.25133 -10.0509
rtibia 43.2522 -0 0
rfoot -19.4476 -0.717935 -0.424541
rtoes -46.2642 0 0
lowerback -4.02818 -0.389987 -0.0772188
upperback -1.56862 -0.506233 -7.36456
thorax 0.480175 -0.257296 -7.71569
lowerneck -7.03658 0.992399 4.24906
upperneck 1.90394 0.803734 3.68946
head 1.78003 0.533361 0.475486
lclavicle 6.32416e-15 -4.28355e-14 -1.45489e-30
lhumerus -60.0504 -44.17 113.302
lradius 55.1866 -0 0
lwrist 26.5824 0 0
lhand 41.5872 25.3713 -0.122454
lfingers 7.12502 -0 0
lthumb 63.7439 34.8545 -0.0452999
rclavicle 6.32416e-15 -4.28355e-14 -1.45489e-30
rhumerus 1.78196 -0.968245 -0.93424
rradius 34.8789 -0 0
rwrist -14.9654 0 0
rhand -18.224 -37.3068 -0.266408
rfingers 7.12502 -0 0
rthumb 8.05394 -67.1548 -0.244826
982
root 1.20454 15.2784 32.8822 6.85855 -5.32126 4.80303
lfemur 6.43994 -1.67583 3.62577
ltibia 2.77894 -0 0
lfoot -32.4289 -14.7729 -0.168888
ltoes -33.4834 0 0
rfemur -28.5203 -9.27961 -10.0395
rtibia 43.2456 -0 0
rfoot -19.5068 -0.678013 -0.427031
rtoes -46.2543 0 0
lowerback -4.02283 -0.381618 -0.0763896
upperback -1.563 -0.495046 -7.35637
thorax 0.483959 -0.251416 -7.70721
lowerneck -7.04105 0.994361 4.27248
upperneck 1.90341 0.803974 3.68996
head 1.78065 0.533763 0.471732
lclavicle 6.33719e-15 -4.21175e-14 -1.42901e-30
lhumerus -60.0512 -44.1918 113.336
lradius 55.1849 -0 0
lwrist 26.5851 0 0
lhand 41.5629 25.3844 -0.123005
lfingers 7.12502 -0 0
lthumb 63.724 34.894 -0.0462248
rclavicle 6.33719e-15 -4.21175e-14 -1.42901e-30
rhumerus 1.83878 -1.19073 -0.857985
rradius 34.7549 -0 0
rwrist -14.9006 0 0
rhand -18.3193 -37.3234 -0.264787
rfingers 7.12502 -0 0
rthumb 7.96194 -67.1729 -0.243151
983
root 1.20285 15.2762 32.882 6.85129 -5.33564 4.78973
lfemur 6.46948 -1.68251 3.6527
ltibia 2.75143 -0 0
lfoot -32.4451 -14.7429 -0.169493
ltoes -33.5219 0 0
rfemur -28.5145 -9.30958 -10.0267
rtibia 43.2425 -0 0
rfoot -19.5647 -0.636942 -0.429209
rtoes -46.2422 0 0
lowerback -4.01673 -0.373444 -0.0758562
upperback -1.55709 -0.484087 -7.34778
thorax 0.487666 -0.245664 -7.69812
lowerneck -7.04561 0.996048 4.29592
upperneck 1.90304 0.803828 3.69057
head 1.78134 0.533978 0.467987
lclavicle 6.34683e-15 -4.13909e-14 -1.40149e-30
lhumerus -60.051 -44.214 113.369
lradius 55.1834 -0 0
lwrist 26.5872 0 0
lhand 41.5378 25.3969 -0.123463
lfingers 7.12502 -0 0
lthumb 63.7032 34.9338 -0.0471274
rclavicle 6.34683e-15 -4.13909e-14 -1.40149e-30
rhumerus 1.89299 -1.41469 -0.784588
rradius 34.6325 -0 0
rwrist -14.8355 0 0
rhand -18.4167 -37.3412 -0.262915
rfingers 7.12502 -0 0
rthumb 7.86785 -67.1922 -0.241242
984
root 1.20127 15.274 32.8816 6.84341 -5.34846 4.77618
lfemur 6.49822 -1.6876 3.67917
ltibia 2.72567 -0 0
lfoot -32.4606 -14.7119 -0.169973
ltoes -33.5591 0 0
rfemur -28.5098 -9.34119 -10.0126
rtibia 43.2428 -0 0
rfoot -19.6212 -0.594748 -0.431079
rtoes -46.2279 0 0
lowerback -4.00988 -0.36546 -0.075613
upperback -1.55088 -0.473352 -7.33882
thorax 0.491298 -0.240036 -7.68842
lowerneck -7.05025 0.997466 4.31938
upperneck 1.90284 0.803303 3.69127
head 1.78212 0.534012 0.464252
lclavicle 6.35315e-15 -4.06559e-14 -1.3724e-30
lhumerus -60.0499 -44.2364 113.402
lradius 55.1823 -0 0
lwrist 26.5886 0 0
lhand 41.5117 25.4089 -0.12383
lfingers 7.12502 -0 0
lthumb 63.6816 34.9737 -0.0480067
rclavicle 6.35315e-15 -4.06559e-14 -1.3724e-30
rhumerus 1.94465 -1.64008 -0.713995
rradius 34.5118 -0 0
rwrist -14.7702 0 0
rhand -18.5163 -37.3603 -0.260803
rfingers 7.12502 -0 0
rthumb 7.7717 -67.2127 -0.239108
985
root 1.19981 15.2718 32.8811 6.83493 -5.35972 4.76238
lfemur 6.52615 -1.6911 3.70516
ltibia 2.70161 -0 0
lfoot -32.4753 -14.68 -0.170329
ltoes -33.5951 0 0
rfemur -28.5063 -9.37441 -9.99727
rtibia 43.2464 -0 0
rfoot -19.6763 -0.551458 -0.432646
rtoes -46.2114 0 0
lowerback -4.00232 -0.357664 -0.0756543
upperback -1.5444 -0.462839 -7.32949
thorax 0.494857 -0.234531 -7.67813
lowerneck -7.05497 0.998619 4.34285
upperneck 1.90281 0.802405 3.69207
head 1.78297 0.533867 0.460528
lclavicle 6.3562e-15 -3.99127e-14 -1.34185e-30
lhumerus -60.0479 -44.2591 113.434
lradius 55.1816 -0 0
lwrist 26.5895 0 0
lhand 41.4847 25.4203 -0.124106
lfingers 7.12502 -0 0
lthumb 63.6592 35.0139 -0.048862
rclavicle 6.3562e-15 -3.99127e-14 -1.34185e-30
rhumerus 1.99381 -1.86683 -0.64615
rradius 34.3928 -0 0
rwrist -14.7047 0 0
rhand -18.618 -37.3805 -0.258459
rfingers 7.12502 -0 0
rthumb 7.67355 -67.2344 -0.23676
986
root 1.19844 15.2697 32.8806 6.82586 -5.36948 4.74834
lfemur 6.55329 -1.69305 3.7307
ltibia 2.67924 -0 0
lfoot -32.4893 -14.6471 -0.170563
ltoes -33.6298 0 0
rfemur -28.5039 -9.40921 -9.98071
rtibia 43.2533 -0 0
rfoot -19.7302 -0.507097 -0.433914
rtoes -46.1928 0 0
lowerback -3.99404 -0.350054 -0.0759745
upperback -1.53763 -0.452544 -7.3198
thorax 0.498342 -0.229148 -7.66726
lowerneck -7.05977 0.999512 4.36634
upperneck 1.90293 0.801143 3.69297
head 1.7839 0.533546 0.456814
lclavicle 6.35604e-15 -3.91616e-14 -1.30993e-30
lhumerus -60.0451 -44.2821 113.466
lradius 55.1811 -0 0
lwrist 26.5897 0 0
lhand 41.4568 25.4311 -0.124295
lfingers 7.12502 -0 0
lthumb 63.636 35.0543 -0.0496923
rclavicle 6.35604e-15 -3.91616e-14 -1.30993e-30
rhumerus 2.04052 -2.0949 -0.580999
rradius 34.2754 -0 0
rwrist -14.639 0 0
rhand -18.7216 -37.4019 -0.255893
rfingers 7.12502 -0 0
rthumb 7.57345 -67.2573 -0.234206
987
root 1.19718 15.2676 32.88 6.81621 -5.37774 4.73407
lfemur 6.57966 -1.69347 3.75578
ltibia 2.65851 -0 0
lfoot -32.5027 -14.6133 -0.170679
ltoes -33.6632 0 0
rfemur -28.5026 -9.44555 -9.96295
rtibia 43.2634 -0 0
rfoot -19.7827 -0.461693 -0.434888
rtoes -46.1721 0 0
lowerback -3.98507 -0.342626 -0.0765682
upperback -1.53059 -0.442465 -7.30976
thorax 0.501756 -0.223885 -7.65583
lowerneck -7.06465 1.00015 4.38984
upperneck 1.90321 0.799523 3.69395
head 1.7849 0.533053 0.45311
lclavicle 6.35275e-15 -3.84028e-14 -1.27674e-30
lhumerus -60.0413 -44.3054 113.498
lradius 55.1809 -0 0
lwrist 26.5894 0 0
lhand 41.428 25.4414 -0.124397
lfingers 7.12502 -0 0
lthumb 63.6121 35.0949 -0.0504969
rclavicle 6.35275e-15 -3.84028e-14 -1.27674e-30
rhumerus 2.08483 -2.32421 -0.518487
rradius 34.1596 -0 0
rwrist -14.5732 0 0
rhand -18.8273 -37.4245 -0.253116
rfingers 7.12502 -0 0
rthumb 7.47145 -67.2813 -0.231456
988
root 1.19603 15.2656 32.8793 6.80599 -5.38455 4.71957
lfemur 6.60525 -1.6924 3.78042
ltibia 2.63941 -0 0
lfoot -32.5153 -14.5786 -0.170678
ltoes -33.6955 0 0
rfemur -28.5023 -9.4834 -9.94399
rtibia 43.2766 -0 0
rfoot -19.8339 -0.415271 -0.435574
rtoes -46.1494 0 0
lowerback -3.97542 -0.335378 -0.0774295
upperback -1.52329 -0.432599 -7.29936
thorax 0.505099 -0.21874 -7.64385
lowerneck -7.0696 1.00054 4.41335
upperneck 1.90365 0.797553 3.69503
head 1.78598 0.532392 0.449418
lclavicle 6.34638e-15 -3.76366e-14 -1.24235e-30
lhumerus -60.0367 -44.3289 113.529
lradius 55.181 -0 0
lwrist 26.5884 0 0
lhand 41.3984 25.4512 -0.124414
lfingers 7.12502 -0 0
lthumb 63.5875 35.1357 -0.0512748
rclavicle 6.34638e-15 -3.76366e-14 -1.24235e-30
rhumerus 2.12679 -2.55471 -0.458559
rradius 34.0455 -0 0
rwrist -14.5071 0 0
rhand -18.9348 -37.4483 -0.250135
rfingers 7.12502 -0 0
rthumb 7.36759 -67.3064 -0.228517
989
root 1.19497 15.2636 32.8785 6.79522 -5.38993 4.70484
lfemur 6.6301 -1.68986 3.80461
ltibia 2.62189 -0 0
lfoot -32.5273 -14.543 -0.170564
ltoes -33.7265 0 0
rfemur -28.5031 -9.52272 -9.92388
rtibia 43.293 -0 0
rfoot -19.8839 -0.367857 -0.435976
rtoes -46.1247 0 0
lowerback -3.9651 -0.328306 -0.0785531
upperback -1.51573 -0.422943 -7.28863
thorax 0.508372 -0.213711 -7.63132
lowerneck -7.07462 1.00068 4.43686
upperneck 1.90423 0.795239 3.69619
head 1.78712 0.531567 0.445736
lclavicle 6.337e-15 -3.68631e-14 -1.20686e-30
lhumerus -60.0313 -44.3528 113.56
lradius 55.1814 -0 0
lwrist 26.5869 0 0
lhand 41.368 25.4605 -0.124348
lfingers 7.12502 -0 0
lthumb 63.5621 35.1767 -0.0520253
rclavicle 6.337e-15 -3.68631e-14 -1.20686e-30
rhumerus 2.16645 -2.78635 -0.401162
rradius 33.9329 -0 0
rwrist -14.4409 0 0
rhand -19.0443 -37.4731 -0.246962
rfingers 7.12502 -0 0
rthumb 7.26192 -67.3327 -0.225401
990
root 1.19401 15.2617 32.8776 6.7839 -5.39391 4.6899
lfemur 6.65421 -1.6859 3.82837
ltibia 2.60594 -0 0
lfoot -32.5386 -14.5065 -0.170338
ltoes -33.7563 0 0
rfemur -28.5049 -9.56348 -9.90264
rtibia 43.3123 -0 0
rfoot -19.9326 -0.319479 -0.4361
rtoes -46.098 0 0
lowerback -3.95413 -0.321409 -0.0799333
upperback -1.50792 -0.413493 -7.27758
thorax 0.511577 -0.208797 -7.61827
lowerneck -7.07971 1.00059 4.46037
upperneck 1.90496 0.79259 3.69744
head 1.78834 0.530579 0.442065
lclavicle 6.32466e-15 -3.60827e-14 -1.17038e-30
lhumerus -60.0251 -44.3768 113.591
lradius 55.1821 -0 0
lwrist 26.5849 0 0
lhand 41.3367 25.4693 -0.124201
lfingers 7.12502 -0 0
lthumb 63.5361 35.2178 -0.0527476
rclavicle 6.32466e-15 -3.60827e-14 -1.17038e-30
rhumerus 2.20387 -3.01908 -0.346241
rradius 33.8219 -0 0
rwrist -14.3745 0 0
rhand -19.1555 -37.499 -0.243605
rfingers 7.12502 -0 0
rthumb 7.1545 -67.36 -0.222116
991
root 1.19315 15.2598 32.8766 6.77205 -5.39651 4.67475
lfemur 6.67759 -1.68052 3.8517
ltibia 2.59151 -0 0
lfoot -32.5492 -14.4692 -0.170004
ltoes -33.785 0 0
rfemur -28.5078 -9.60564 -9.88028
rtibia 43.3346 -0 0
rfoot -19.9801 -0.270161 -0.43595
rtoes -46.0695 0 0
lowerback -3.94253 -0.314683 -0.0815646
upperback -1.49986 -0.404247 -7.2662
thorax 0.514715 -0.203996 -7.6047
lowerneck -7.08487 1.00026 4.48388
upperneck 1.90584 0.789612 3.69878
head 1.78963 0.529434 0.438406
lclavicle 6.30943e-15 -3.52955e-14 -1.13297e-30
lhumerus -60.0181 -44.4011 113.621
lradius 55.1831 -0 0
lwrist 26.5822 0 0
lhand 41.3047 25.4776 -0.123974
lfingers 7.12502 -0 0
lthumb 63.5093 35.2591 -0.0534409
rclavicle 6.30943e-15 -3.52955e-14 -1.13297e-30
rhumerus 2.2391 -3.25283 -0.293743
rradius 33.7124 -0 0
rwrist -14.308 0 0
rhand -19.2685 -37.526 -0.240074
rfingers 7.12502 -0 0
rthumb 7.04537 -67.3883 -0.21867
992
root 1.19239 15.2579 32.8756 6.75968 -5.39778 4.6594
lfemur 6.70026 -1.67376 3.87462
ltibia 2.57858 -0 0
lfoot -32.5592 -14.4311 -0.169563
ltoes -33.8126 0 0
rfemur -28.5116 -9.64916 -9.85684
rtibia 43.3598 -0 0
rfoot -20.0264 -0.219931 -0.435533
rtoes -46.039 0 0
lowerback -3.93031 -0.308125 -0.0834413
upperback -1.49156 -0.395202 -7.2545
thorax 0.517786 -0.199306 -7.59063
lowerneck -7.0901 0.999702 4.50739
upperneck 1.90685 0.786313 3.70019
head 1.79098 0.528134 0.434759
lclavicle 6.29137e-15 -3.45018e-14 -1.09474e-30
lhumerus -60.0103 -44.4257 113.651
lradius 55.1843 -0 0
lwrist 26.5791 0 0
lhand 41.2719 25.4854 -0.123671
lfingers 7.12502 -0 0
lthumb 63.4819 35.3006 -0.0541047
rclavicle 6.29137e-15 -3.45018e-14 -1.09474e-30
rhumerus 2.27218 -3.48755 -0.243614
rradius 33.6044 -0 0
rwrist -14.2413 0 0
rhand -19.3833 -37.554 -0.236379
rfingers 7.12502 -0 0
rthumb 6.93458 -67.4176 -0.215074
993
root 1.19171 15.2561 32.8744 6.74681 -5.39772 4.64384
lfemur 6.72223 -1.66565 3.89712
ltibia 2.56712 -0 0
lfoot -32.5686 -14.3922 -0.169018
ltoes -33.839 0 0
rfemur -28.5165 -9.69401 -9.83234
rtibia 43.3878 -0 0
rfoot -20.0714 -0.168813 -0.434854
rtoes -46.0068 0 0
lowerback -3.91748 -0.301732 -0.085558
upperback -1.48302 -0.386355 -7.2425
thorax 0.520792 -0.194725 -7.57607
lowerneck -7.09539 0.99892 4.53089
upperneck 1.908 0.7827 3.70169
head 1.7924 0.526683 0.431123
lclavicle 6.27055e-15 -3.37019e-14 -1.05577e-30
lhumerus -60.0017 -44.4505 113.68
lradius 55.1858 -0 0
lwrist 26.5754 0 0
lhand 41.2384 25.4927 -0.123291
lfingers 7.12502 -0 0
lthumb 63.4539 35.3422 -0.0547381
rclavicle 6.27055e-15 -3.37019e-14 -1.05577e-30
rhumerus 2.30316 -3.72319 -0.195801
rradius 33.498 -0 0
rwrist -14.1745 0 0
rhand -19.4997 -37.583 -0.232528
rfingers 7.12502 -0 0
rthumb 6.82218 -67.448 -0.211335
994
root 1.19113 15.2543 32.8732 6.73344 -5.39639 4.62809
lfemur 6.74351 -1.65623 3.91921
ltibia 2.5571 -0 0
lfoot -32.5774 -14.3525 -0.168373
ltoes -33.8643 0 0
rfemur -28.5223 -9.74016 -9.8068
rtibia 43.4186 -0 0
rfoot -20.1153 -0.116835 -0.433917
rtoes -45.9728 0 0
lowerback -3.90405 -0.295502 -0.0879092
upperback -1.47426 -0.377703 -7.23021
thorax 0.523733 -0.190252 -7.56103
lowerneck -7.10074 0.997917 4.55438
upperneck 1.90929 0.77878 3.70326
head 1.79388 0.525085 0.4275
lclavicle 6.24703e-15 -3.2896e-14 -1.01615e-30
lhumerus -59.9924 -44.4755 113.709
lradius 55.1875 -0 0
lwrist 26.5712 0 0
lhand 41.2041 25.4995 -0.122838
lfingers 7.12502 -0 0
lthumb 63.4252 35.384 -0.0553405
rclavicle 6.24703e-15 -3.2896e-14 -1.01615e-30
rhumerus 2.3321 -3.95969 -0.150251
rradius 33.3931 -0 0
rwrist -14.1076 0 0
rhand -19.6177 -37.613 -0.228533
rfingers 7.12502 -0 0
rthumb 6.70822 -67.4793 -0.207464
995
root 1.19064 15.2525 32.872 6.71959 -5.3938 4.61216
lfemur 6.76412 -1.64552 3.9409
ltibia 2.54849 -0 0
lfoot -32.5855 -14.3121 -0.167629
ltoes -33.8886 0 0
rfemur -28.529 -9.78757 -9.78024
rtibia 43.4521 -0 0
rfoot -20.1581 -0.0640215 -0.432729
rtoes -45.937 0 0
lowerback -3.89005 -0.289431 -0.0904892
upperback -1.46527 -0.369243 -7.21762
thorax 0.526612 -0.185885 -7.54553
lowerneck -7.10616 0.996701 4.57785
upperneck 1.91071 0.774561 3.70491
head 1.79542 0.523342 0.423889
lclavicle 6.22087e-15 -3.20842e-14 -9.75958e-31
lhumerus -59.9823 -44.5007 113.738
lradius 55.1895 -0 0
lwrist 26.5666 0 0
lhand 41.1692 25.5059 -0.122313
lfingers 7.12502 -0 0
lthumb 63.3959 35.4258 -0.0559112
rclavicle 6.22087e-15 -3.20842e-14 -9.75958e-31
rhumerus 2.35904 -4.197 -0.106911
rradius 33.2896 -0 0
rwrist -14.0406 0 0
rhand -19.7373 -37.644 -0.2244
rfingers 7.12502 -0 0
rthumb 6.59273 -67.5116 -0.203469
996
root 1.19023 15.2508 32.8706 6.70528 -5.38998 4.59605
lfemur 6.78407 -1.63355 3.9622
ltibia 2.54125 -0 0
lfoot -32.5931 -14.2709 -0.16679
ltoes -33.9118 0 0
rfemur -28.5366 -9.8362 -9.7527
rtibia 43.4882 -0 0
rfoot -20.1997 -0.0103997 -0.431295
rtoes -45.8996 0 0
lowerback -3.87549 -0.283518 -0.0932926
upperback -1.45607 -0.360972 -7.20475
thorax 0.529428 -0.181622 -7.52957
lowerneck -7.11163 0.995275 4.60132
upperneck 1.91226 0.770049 3.70664
head 1.79702 0.521459 0.42029
lclavicle 6.19213e-15 -3.1267e-14 -9.3529e-31
lhumerus -59.9716 -44.5262 113.767
lradius 55.1918 -0 0
lwrist 26.5614 0 0
lhand 41.1335 25.5119 -0.121718
lfingers 7.12502 -0 0
lthumb 63.366 35.4678 -0.0564498
rclavicle 6.19213e-15 -3.1267e-14 -9.3529e-31
rhumerus 2.38403 -4.43506 -0.0657294
rradius 33.1876 -0 0
rwrist -13.9735 0 0
rhand -19.8584 -37.6758 -0.22014
rfingers 7.12502 -0 0
rthumb 6.4758 -67.5448 -0.199358
997
root 1.18991 15.2491 32.8692 6.6905 -5.38496 4.57975
lfemur 6.80337 -1.62035 3.98312
ltibia 2.53536 -0 0
lfoot -32.6001 -14.229 -0.165857
ltoes -33.934 0 0
rfemur -28.5452 -9.88602 -9.7242
rtibia 43.5268 -0 0
rfoot -20.2403 0.0440049 -0.42962
rtoes -45.8605 0 0
lowerback -3.86039 -0.277758 -0.0963139
upperback -1.44666 -0.352887 -7.19162
thorax 0.532183 -0.177461 -7.51317
lowerneck -7.11717 0.993646 4.62476
upperneck 1.91393 0.765252 3.70844
head 1.79868 0.519438 0.416704
lclavicle 6.16087e-15 -3.04444e-14 -8.94226e-31
lhumerus -59.9602 -44.5518 113.795
lradius 55.1943 -0 0
lwrist 26.5558 0 0
lhand 41.0972 25.5174 -0.121055
lfingers 7.12502 -0 0
lthumb 63.3356 35.51 -0.0569556
rclavicle 6.16087e-15 -3.04444e-14 -8.94226e-31
rhumerus 2.40712 -4.67383 -0.0266533
rradius 33.087 -0 0
rwrist -13.9064 0 0
rhand -19.981 -37.7086 -0.215762
rfingers 7.12502 -0 0
rthumb 6.35745 -67.5789 -0.19514
998
root 1.18967 15.2474 32.8677 6.67527 -5.37877 4.56329
lfemur 6.82204 -1.60596 4.00365
ltibia 2.53079 -0 0
lfoot -32.6065 -14.1865 -0.164834
ltoes -33.9551 0 0
rfemur -28.5546 -9.937 -9.69475
rtibia 43.568 -0 0
rfoot -20.2797 0.0991661 -0.427711
rtoes -45.8199 0 0
lowerback -3.84475 -0.272149 -0.0995475
upperback -1.43704 -0.344986 -7.17821
thorax 0.534879 -0.173402 -7.49635
lowerneck -7.12275 0.991816 4.64818
upperneck 1.91572 0.760177 3.71031
head 1.8004 0.517284 0.413131
lclavicle 6.12716e-15 -2.96168e-14 -8.52848e-31
lhumerus -59.948 -44.5776 113.822
lradius 55.197 -0 0
lwrist 26.5496 0 0
lhand 41.0603 25.5224 -0.120326
lfingers 7.12502 -0 0
lthumb 63.3046 35.5522 -0.0574281
rclavicle 6.12716e-15 -2.96168e-14 -8.52848e-31
rhumerus 2.42836 -4.91325 0.0103687
rradius 32.9878 -0 0
rwrist -13.8391 0 0
rhand -20.1049 -37.7423 -0.211275
rfingers 7.12502 -0 0
rthumb 6.23775 -67.6138 -0.190825
999
root 1.18951 15.2458 32.8662 6.65961 -5.37144 4.54667
lfemur 6.84008 -1.59039 4.02381
ltibia 2.52751 -0 0
lfoot -32.6124 -14.1432 -0.163724
ltoes -33.9753 0 0
rfemur -28.5649 -9.98909 -9.66439
rtibia 43.6116 -0 0
rfoot -20.318 0.155058 -0.425573
rtoes -45.7776 0 0
lowerback -3.82859 -0.266688 -0.102988
upperback -1.42723 -0.337264 -7.16455
thorax 0.537515 -0.169441 -7.47911
lowerneck -7.12839 0.989793 4.67158
upperneck 1.91764 0.754832 3.71224
head 1.80218 0.514999 0.409571
lclavicle 6.09106e-15 -2.87843e-14 -8.11236e-31
lhumerus -59.9353 -44.6037 113.85
lradius 55.1999 -0 0
lwrist 26.5431 0 0
lhand 41.0227 25.5271 -0.119532
lfingers 7.12502 -0 0
lthumb 63.273 35.5945 -0.0578667
rclavicle 6.09106e-15 -2.87843e-14 -8.11236e-31
rhumerus 2.44781 -5.15326 0.0453881
rradius 32.89 -0 0
rwrist -13.7718 0 0
rhand -20.2303 -37.7769 -0.206688
rfingers 7.12502 -0 0
rthumb 6.11672 -67.6496 -0.186419
1000
root 1.18943 15.2442 32.8646 6.64353 -5.36299 4.52989
lfemur 6.85751 -1.57369 4.0436
ltibia 2.52548 -0 0
lfoot -32.6177 -14.0994 -0.162528
ltoes -33.9945 0 0
rfemur -28.5761 -10.0423 -9.63313
rtibia 43.6575 -0 0
rfoot -20.3553 0.211655 -0.423211
rtoes -45.7339 0 0
lowerback -3.81193 -0.261373 -0.10663
upperback -1.41722 -0.32972 -7.15064
thorax 0.540093 -0.165577 -7.46146
lowerneck -7.13408 0.987581 4.69495
upperneck 1.91967 0.749223 3.71425
head 1.80401 0.512587 0.406024
lclavicle 6.05263e-15 -2.79473e-14 -7.6947e-31
lhumerus -59.9218 -44.6298 113.877
lradius 55.2031 -0 0
lwrist 26.5361 0 0
lhand 40.9845 25.5313 -0.118676
lfingers 7.12502 -0 0
lthumb 63.2409 35.6369 -0.0582711
rclavicle 6.05263e-15 -2.79473e-14 -7.6947e-31
rhumerus 2.46549 -5.39382 0.078456
rradius 32.7936 -0 0
rwrist -13.7045 0 0
rhand -20.3569 -37.8123 -0.20201
rfingers 7.12502 -0 0
rthumb 5.99443 -67.6863 -0.181933
1001
root 1.18943 15.2427 32.8629 6.62704 -5.35346 4.51295
lfemur 6.87435 -1.55587 4.06303
ltibia 2.52468 -0 0
lfoot -32.6225 -14.0549 -0.161249
ltoes -34.0127 0 0
rfemur -28.588 -10.0965 -9.60101
rtibia 43.7058 -0 0
rfoot -20.3916 0.268931 -0.420632
rtoes -45.6887 0 0
lowerback -3.79478 -0.2562 -0.110467
upperback -1.40703 -0.32235 -7.13649
thorax 0.542615 -0.161809 -7.44343
lowerneck -7.13982 0.985185 4.7183
upperneck 1.92181 0.743359 3.71632
head 1.80589 0.510052 0.40249
lclavicle 6.01194e-15 -2.71059e-14 -7.27629e-31
lhumerus -59.9078 -44.6562 113.903
lradius 55.2065 -0 0
lwrist 26.5287 0 0
lhand 40.9458 25.5352 -0.11776
lfingers 7.12502 -0 0
lthumb 63.2083 35.6794 -0.0586407
rclavicle 6.01194e-15 -2.71059e-14 -7.27629e-31
rhumerus 2.48147 -5.63487 0.109623
rradius 32.6986 -0 0
rwrist -13.6371 0 0
rhand -20.4848 -37.8484 -0.197248
rfingers 7.12502 -0 0
rthumb 5.87093 -67.7237 -0.177374
1002
root 1.18951 15.2412 32.8612 6.61015 -5.34288 4.49588
lfemur 6.89061 -1.53698 4.08211
ltibia 2.52507 -0 0
lfoot -32.6268 -14.0098 -0.159891
ltoes -34.0301 0 0
rfemur -28.6008 -10.1517 -9.56805
rtibia 43.7563 -0 0
rfoot -20.4268 0.32686 -0.417841
rtoes -45.642 0 0
lowerback -3.77716 -0.251166 -0.114495
upperback -1.39666 -0.315151 -7.12211
thorax 0.545081 -0.158134 -7.42502
lowerneck -7.1456 0.982609 4.74161
upperneck 1.92406 0.737245 3.71845
head 1.80782 0.507397 0.398971
lclavicle 5.96904e-15 -2.62604e-14 -6.85788e-31
lhumerus -59.8932 -44.6827 113.929
lradius 55.2101 -0 0
lwrist 26.5208 0 0
lhand 40.9064 25.5386 -0.116785
lfingers 7.12502 -0 0
lthumb 63.1752 35.722 -0.0589752
rclavicle 5.96904e-15 -2.62604e-14 -6.85788e-31
rhumerus 2.49579 -5.87636 0.13894
rradius 32.6049 -0 0
rwrist -13.5698 0 0
rhand -20.6139 -37.8854 -0.192413
rfingers 7.12502 -0 0
rthumb 5.74625 -67.7619 -0.17275
1003
root 1.18966 15.2397 32.8594 6.59288 -5.33126 4.47866
lfemur 6.90629 -1.51704 4.10083
ltibia 2.52663 -0 0
lfoot -32.6306 -13.9642 -0.158456
ltoes -34.0465 0 0
rfemur -28.6144 -10.2079 -9.53426
rtibia 43.809 -0 0
rfoot -20.4611 0.385415 -0.414844
rtoes -45.594 0 0
lowerback -3.75908 -0.246269 -0.118708
upperback -1.38612 -0.30812 -7.10751
thorax 0.547491 -0.154551 -7.40624
lowerneck -7.15143 0.979859 4.76488
upperneck 1.92641 0.73089 3.72064
head 1.8098 0.504626 0.395465
lclavicle 5.92401e-15 -2.54111e-14 -6.44022e-31
lhumerus -59.8779 -44.7094 113.955
lradius 55.2139 -0 0
lwrist 26.5126 0 0
lhand 40.8666 25.5417 -0.115754
lfingers 7.12502 -0 0
lthumb 63.1417 35.7646 -0.0592741
rclavicle 5.92401e-15 -2.54111e-14 -6.44022e-31
rhumerus 2.5085 -6.11825 0.166457
rradius 32.5125 -0 0
rwrist -13.5024 0 0
rhand -20.7442 -37.9231 -0.187512
rfingers 7.12502 -0 0
rthumb 5.62046 -67.8008 -0.168069
1004
root 1.18988 15.2382 32.8575 6.57523 -5.31865 4.4613
lfemur 6.92141 -1.49609 4.11922
ltibia 2.52933 -0 0
lfoot -32.6339 -13.918 -0.156946
ltoes -34.062 0 0
rfemur -28.6287 -10.2651 -9.49968
rtibia 43.8638 -0 0
rfoot -20.4944 0.444572 -0.411647
rtoes -45.5447 0 0
lowerback -3.74056 -0.241506 -0.1231
upperback -1.37541 -0.301255 -7.09269
thorax 0.549849 -0.151059 -7.38711
lowerneck -7.15731 0.976941 4.78812
upperneck 1.92887 0.7243 3.72289
head 1.81183 0.501741 0.391973
lclavicle 5.87689e-15 -2.45581e-14 -6.02403e-31
lhumerus -59.8621 -44.7362 113.981
lradius 55.2179 -0 0
lwrist 26.5039 0 0
lhand 40.8262 25.5443 -0.114667
lfingers 7.12502 -0 0
lthumb 63.1077 35.8073 -0.0595372
rclavicle 5.87689e-15 -2.45581e-14 -6.02403e-31
rhumerus 2.51965 -6.36047 0.192223
rradius 32.4214 -0 0
rwrist -13.435 0 0
rhand -20.8756 -37.9616 -0.182554
rfingers 7.12502 -0 0
rthumb 5.4936 -67.8405 -0.16334
1005
root 1.19017 15.2368 32.8556 6.55722 -5.30507 4.44382
lfemur 6.93599 -1.47414 4.13727
ltibia 2.53313 -0 0
lfoot -32.6367 -13.8713 -0.155365
ltoes -34.0766 0 0
rfemur -28.6438 -10.3231 -9.46433
rtibia 43.9206 -0 0
rfoot -20.5267 0.504305 -0.408256
rtoes -45.494 0 0
lowerback -3.72161 -0.236874 -0.127667
upperback -1.36453 -0.294552 -7.07766
thorax 0.552153 -0.147655 -7.36764
lowerneck -7.16322 0.973858 4.81131
upperneck 1.93143 0.717484 3.7252
head 1.8139 0.498747 0.388496
lclavicle 5.82776e-15 -2.37017e-14 -5.61003e-31
lhumerus -59.8457 -44.7632 114.006
lradius 55.2221 -0 0
lwrist 26.4949 0 0
lhand 40.7853 25.5466 -0.113528
lfingers 7.12502 -0 0
lthumb 63.0733 35.8501 -0.0597642
rclavicle 5.82776e-15 -2.37017e-14 -5.61003e-31
rhumerus 2.52927 -6.60298 0.216289
rradius 32.3316 -0 0
rwrist -13.3676 0 0
rhand -21.008 -38.0008 -0.177546
rfingers 7.12502 -0 0
rthumb 5.36572 -67.8809 -0.158569
1006
root 1.19053 15.2354 32.8537 6.53887 -5.29055 4.42622
lfemur 6.95003 -1.45123 4.15498
ltibia 2.538 -0 0
lfoot -32.639 -13.824 -0.153714
ltoes -34.0904 0 0
rfemur -28.6596 -10.3821 -9.42824
rtibia 43.9795 -0 0
rfoot -20.5581 0.564586 -0.404676
rtoes -45.4421 0 0
lowerback -3.70224 -0.232369 -0.132401
upperback -1.35351 -0.288008 -7.06243
thorax 0.554406 -0.144337 -7.34784
lowerneck -7.16918 0.970616 4.83446
upperneck 1.93409 0.710447 3.72756
head 1.81602 0.495647 0.385033
lclavicle 5.77668e-15 -2.28422e-14 -5.19891e-31
lhumerus -59.8288 -44.7903 114.031
lradius 55.2265 -0 0
lwrist 26.4855 0 0
lhand 40.744 25.5486 -0.112339
lfingers 7.12502 -0 0
lthumb 63.0384 35.8928 -0.0599547
rclavicle 5.77668e-15 -2.28422e-14 -5.19891e-31
rhumerus 2.53742 -6.84572 0.238703
rradius 32.2431 -0 0
rwrist -13.3002 0 0
rhand -21.1414 -38.0406 -0.172497
rfingers 7.12502 -0 0
rthumb 5.23687 -67.9219 -0.153765
1007
root 1.19095 15.2341 32.8517 6.52017 -5.27512 4.40849
lfemur 6.96356 -1.4274 4.17237
ltibia 2.54393 -0 0
lfoot -32.6409 -13.7763 -0.151997
ltoes -34.1034 0 0
rfemur -28.6762 -10.4418 -9.39142
rtibia 44.0402 -0 0
rfoot -20.5885 0.625392 -0.400913
rtoes -45.389 0 0
lowerback -3.68248 -0.22799 -0.137299
upperback -1.34233 -0.281621 -7.04701
thorax 0.556608 -0.141104 -7.32773
lowerneck -7.17517 0.96722 4.85757
upperneck 1.93684 0.703198 3.72997
head 1.81819 0.492444 0.381585
lclavicle 5.72371e-15 -2.19797e-14 -4.79133e-31
lhumerus -59.8114 -44.8175 114.056
lradius 55.2311 -0 0
lwrist 26.4758 0 0
lhand 40.7022 25.5502 -0.1111
lfingers 7.12502 -0 0
lthumb 63.0032 35.9356 -0.0601086
rclavicle 5.72371e-15 -2.19797e-14 -4.79133e-31
rhumerus 2.54414 -7.08865 0.259513
rradius 32.1558 -0 0
rwrist -13.2329 0 0
rhand -21.2758 -38.0812 -0.167415
rfingers 7.12502 -0 0
rthumb 5.10709 -67.9636 -0.148935
1008
root 1.19144 15.2327 32.8496 6.50116 -5.2588 4.39066
lfemur 6.97657 -1.40266 4.18945
ltibia 2.55086 -0 0
lfoot -32.6423 -13.7281 -0.150217
ltoes -34.1155 0 0
rfemur -28.6934 -10.5024 -9.3539
rtibia 44.1028 -0 0
rfoot -20.6181 0.686695 -0.396974
rtoes -45.3347 0 0
lowerback -3.66233 -0.223733 -0.142354
upperback -1.33102 -0.275387 -7.03141
thorax 0.55876 -0.137954 -7.30731
lowerneck -7.18119 0.963676 4.88062
upperneck 1.93968 0.695744 3.73244
head 1.82039 0.489142 0.378152
lclavicle 5.6689e-15 -2.11146e-14 -4.38794e-31
lhumerus -59.7935 -44.8448 114.08
lradius 55.2358 -0 0
lwrist 26.4657 0 0
lhand 40.6599 25.5515 -0.109814
lfingers 7.12502 -0 0
lthumb 62.9675 35.9784 -0.0602257
rclavicle 5.6689e-15 -2.11146e-14 -4.38794e-31
rhumerus 2.54948 -7.33172 0.278769
rradius 32.0697 -0 0
rwrist -13.1656 0 0
rhand -21.4111 -38.1223 -0.162307
rfingers 7.12502 -0 0
rthumb 4.97645 -68.0059 -0.144087
1009
root 1.19199 15.2314 32.8475 6.48183 -5.24163 4.37272
lfemur 6.98909 -1.37706 4.20621
ltibia 2.55878 -0 0
lfoot -32.6433 -13.6795 -0.148375
ltoes -34.1269 0 0
rfemur -28.7113 -10.5637 -9.31571
rtibia 44.1672 -0 0
rfoot -20.6468 0.74847 -0.392865
rtoes -45.2793 0 0
lowerback -3.64181 -0.219595 -0.147561
upperback -1.31956 -0.269303 -7.01563
thorax 0.560864 -0.134886 -7.2866
lowerneck -7.18725 0.959987 4.90362
upperneck 1.9426 0.688091 3.73495
head 1.82264 0.485745 0.374734
lclavicle 5.61234e-15 -2.02471e-14 -3.98938e-31
lhumerus -59.7751 -44.8722 114.105
lradius 55.2407 -0 0
lwrist 26.4552 0 0
lhand 40.6173 25.5524 -0.108483
lfingers 7.12502 -0 0
lthumb 62.9315 36.0212 -0.0603058
rclavicle 5.61234e-15 -2.02471e-14 -3.98938e-31
rhumerus 2.55348 -7.57487 0.296518
rradius 31.9849 -0 0
rwrist -13.0984 0 0
rhand -21.5473 -38.1641 -0.157182
rfingers 7.12502 -0 0
rthumb 4.84498 -68.0488 -0.139227
1010
root 1.1926 15.2302 32.8453 6.46221 -5.22363 4.35469
lfemur 7.00113 -1.35062 4.22267
ltibia 2.56765 -0 0
lfoot -32.6439 -13.6305 -0.146475
ltoes -34.1375 0 0
rfemur -28.7298 -10.6258 -9.27687
rtibia 44.2333 -0 0
rfoot -20.6746 0.81069 -0.38859
rtoes -45.2228 0 0
lowerback -3.62094 -0.215574 -0.152914
upperback -1.30798 -0.263366 -6.99969
thorax 0.56292 -0.131897 -7.26562
lowerneck -7.19334 0.956159 4.92657
upperneck 1.94561 0.680248 3.73751
head 1.82492 0.482255 0.371331
lclavicle 5.55407e-15 -1.93773e-14 -3.59625e-31
lhumerus -59.7562 -44.8997 114.128
lradius 55.2458 -0 0
lwrist 26.4445 0 0
lhand 40.5742 25.553 -0.107109
lfingers 7.12502 -0 0
lthumb 62.8952 36.0641 -0.0603487
rclavicle 5.55407e-15 -1.93773e-14 -3.59625e-31
rhumerus 2.55619 -7.81805 0.312808
rradius 31.9012 -0 0
rwrist -13.0313 0 0
rhand -21.6842 -38.2064 -0.152045
rfingers 7.12502 -0 0
rthumb 4.71273 -68.0923 -0.134363
1011
root 1.19327 15.2289 32.8431 6.44229 -5.20484 4.33656
lfemur 7.01269 -1.32337 4.23882
ltibia 2.57745 -0 0
lfoot -32.6441 -13.5811 -0.144519
ltoes -34.1474 0 0
rfemur -28.749 -10.6885 -9.23741
rtibia 44.3011 -0 0
rfoot -20.7016 0.873332 -0.384157
rtoes -45.1653 0 0
lowerback -3.59973 -0.211666 -0.158409
upperback -1.29627 -0.257574 -6.98358
thorax 0.564929 -0.128986 -7.24436
lowerneck -7.19946 0.952197 4.94945
upperneck 1.94871 0.672221 3.74012
head 1.82724 0.478676 0.367944
lclavicle 5.49416e-15 -1.85056e-14 -3.20915e-31
lhumerus -59.7369 -44.9273 114.152
lradius 55.251 -0 0
lwrist 26.4334 0 0
lhand 40.5308 25.5533 -0.105693
lfingers 7.12502 -0 0
lthumb 62.8585 36.1069 -0.0603545
rclavicle 5.49416e-15 -1.85056e-14 -3.20915e-31
rhumerus 2.55765 -8.06122 0.327686
rradius 31.8187 -0 0
rwrist -12.9642 0 0
rhand -21.8219 -38.2493 -0.146906
rfingers 7.12502 -0 0
rthumb 4.57977 -68.1363 -0.129501
1012
root 1.19399 15.2277 32.8409 6.4221 -5.18527 4.31834
lfemur 7.0238 -1.29534 4.25468
ltibia 2.58814 -0 0
lfoot -32.6439 -13.5313 -0.142509
ltoes -34.1565 0 0
rfemur -28.7688 -10.7519 -9.19735
rtibia 44.3705 -0 0
rfoot -20.7278 0.936369 -0.37957
rtoes -45.1068 0 0
lowerback -3.57819 -0.207869 -0.164039
upperback -1.28445 -0.251923 -6.96733
thorax 0.566893 -0.126151 -7.22286
lowerneck -7.20561 0.948106 4.97228
upperneck 1.95188 0.664017 3.74277
head 1.82959 0.475012 0.364573
lclavicle 5.43267e-15 -1.76322e-14 -2.82862e-31
lhumerus -59.7171 -44.955 114.175
lradius 55.2564 -0 0
lwrist 26.4221 0 0
lhand 40.487 25.5534 -0.104238
lfingers 7.12502 -0 0
lthumb 62.8215 36.1497 -0.060323
rclavicle 5.43267e-15 -1.76322e-14 -2.82862e-31
rhumerus 2.5579 -8.30433 0.3412
rradius 31.7373 -0 0
rwrist -12.8972 0 0
rhand -21.9603 -38.2928 -0.141769
rfingers 7.12502 -0 0
rthumb 4.44612 -68.1808 -0.124648
1013
root 1.19477 15.2265 32.8386 6.40165 -5.16497 4.30004
lfemur 7.03446 -1.26657 4.27025
ltibia 2.5997 -0 0
lfoot -32.6433 -13.4811 -0.140449
ltoes -34.165 0 0
rfemur -28.7892 -10.8159 -9.15671
rtibia 44.4414 -0 0
rfoot -20.7532 0.999774 -0.374837
rtoes -45.0473 0 0
lowerback -3.55634 -0.20418 -0.1698
upperback -1.27251 -0.24641 -6.95093
thorax 0.568813 -0.12339 -7.20112
lowerneck -7.21178 0.943891 4.99504
upperneck 1.95512 0.655645 3.74546
head 1.83198 0.471266 0.361217
lclavicle 5.36966e-15 -1.67572e-14 -2.45522e-31
lhumerus -59.6969 -44.9828 114.198
lradius 55.262 -0 0
lwrist 26.4104 0 0
lhand 40.4428 25.5531 -0.102746
lfingers 7.12502 -0 0
lthumb 62.7842 36.1925 -0.0602542
rclavicle 5.36966e-15 -1.67572e-14 -2.45522e-31
rhumerus 2.55699 -8.54732 0.353395
rradius 31.6571 -0 0
rwrist -12.8304 0 0
rhand -22.0993 -38.3367 -0.136644
rfingers 7.12502 -0 0
rthumb 4.31185 -68.2258 -0.119811
1014
root 1.1956 15.2253 32.8363 6.38095 -5.14395 4.28166
lfemur 7.04468 -1.23708 4.28554
ltibia 2.61208 -0 0
lfoot -32.6423 -13.4306 -0.138341
ltoes -34.1727 0 0
rfemur -28.8101 -10.8806 -9.11553
rtibia 44.5137 -0 0
rfoot -20.7778 1.06352 -0.369962
rtoes -44.987 0 0
lowerback -3.53419 -0.200596 -0.175685
upperback -1.26047 -0.241032 -6.9344
thorax 0.570689 -0.120702 -7.17914
lowerneck -7.21797 0.939557 5.01774
upperneck 1.95844 0.647111 3.74819
head 1.8344 0.467441 0.357878
lclavicle 5.3052e-15 -1.58811e-14 -2.08946e-31
lhumerus -59.6764 -45.0106 114.22
lradius 55.2676 -0 0
lwrist 26.3985 0 0
lhand 40.3984 25.5525 -0.101218
lfingers 7.12502 -0 0
lthumb 62.7467 36.2352 -0.0601483
rclavicle 5.3052e-15 -1.58811e-14 -2.08946e-31
rhumerus 2.55496 -8.79014 0.364319
rradius 31.578 -0 0
rwrist -12.7636 0 0
rhand -22.239 -38.3812 -0.131535
rfingers 7.12502 -0 0
rthumb 4.17701 -68.2714 -0.114995
1015
root 1.19648 15.2242 32.8339 6.36002 -5.12225 4.26322
lfemur 7.05449 -1.2069 4.30055
ltibia 2.62527 -0 0
lfoot -32.641 -13.3798 -0.136188
ltoes -34.1798 0 0
rfemur -28.8316 -10.9457 -9.07381
rtibia 44.5875 -0 0
rfoot -20.8017 1.12759 -0.364952
rtoes -44.9258 0 0
lowerback -3.51177 -0.197114 -0.18169
upperback -1.24833 -0.235787 -6.91775
thorax 0.572522 -0.118084 -7.15695
lowerneck -7.22419 0.935108 5.04036
upperneck 1.96182 0.638422 3.75096
head 1.83685 0.463542 0.354555
lclavicle 5.23935e-15 -1.50039e-14 -1.73184e-31
lhumerus -59.6554 -45.0385 114.243
lradius 55.2734 -0 0
lwrist 26.3863 0 0
lhand 40.3536 25.5517 -0.0996555
lfingers 7.12502 -0 0
lthumb 62.7089 36.2779 -0.0600052
rclavicle 5.23935e-15 -1.50039e-14 -1.73184e-31
rhumerus 2.55186 -9.03275 0.374016
rradius 31.5 -0 0
rwrist -12.697 0 0
rhand -22.3792 -38.4261 -0.12645
rfingers 7.12502 -0 0
rthumb 4.04163 -68.3173 -0.110208
1016
root 1.19742 15.2231 32.8315 6.33885 -5.0999 4.24471
lfemur 7.06388 -1.17606 4.31529
ltibia 2.63923 -0 0
lfoot -32.6393 -13.3288 -0.133991
ltoes -34.1863 0 0
rfemur -28.8537 -11.0114 -9.0316
rtibia 44.6626 -0 0
rfoot -20.8248 1.19195 -0.359813
rtoes -44.8637 0 0
lowerback -3.48907 -0.193732 -0.187808
upperback -1.23609 -0.23067 -6.90097
thorax 0.574315 -0.115535 -7.13456
lowerneck -7.23042 0.930551 5.06291
upperneck 1.96527 0.629585 3.75376
head 1.83933 0.459571 0.351249
lclavicle 5.17218e-15 -1.4126e-14 -1.38283e-31
lhumerus -59.6341 -45.0664 114.265
lradius 55.2794 -0 0
lwrist 26.3739 0 0
lhand 40.3086 25.5506 -0.0980614
lfingers 7.12502 -0 0
lthumb 62.6708 36.3206 -0.059825
rclavicle 5.17218e-15 -1.4126e-14 -1.38283e-31
rhumerus 2.54772 -9.27509 0.382533
rradius 31.4231 -0 0
rwrist -12.6305 0 0
rhand -22.5199 -38.4714 -0.121395
rfingers 7.12502 -0 0
rthumb 3.90578 -68.3637 -0.105454
1017
root 1.19839 15.222 32.8291 6.31748 -5.07692 4.22615
lfemur 7.07288 -1.14459 4.32977
ltibia 2.65394 -0 0
lfoot -32.6373 -13.2774 -0.131755
ltoes -34.1921 0 0
rfemur -28.8762 -11.0775 -8.98891
rtibia 44.739 -0 0
rfoot -20.8471 1.25657 -0.35455
rtoes -44.8009 0 0
lowerback -3.46613 -0.190446 -0.194035
upperback -1.22377 -0.22568 -6.88409
thorax 0.576066 -0.113053 -7.11198
lowerneck -7.23667 0.92589 5.08539
upperneck 1.96878 0.620609 3.7566
head 1.84183 0.455532 0.347959
lclavicle 5.10373e-15 -1.32476e-14 -1.04288e-31
lhumerus -59.6124 -45.0944 114.286
lradius 55.2854 -0 0
lwrist 26.3612 0 0
lhand 40.2634 25.5492 -0.0964372
lfingers 7.12502 -0 0
lthumb 62.6325 36.3632 -0.0596079
rclavicle 5.10373e-15 -1.32476e-14 -1.04288e-31
rhumerus 2.54259 -9.51712 0.389915
rradius 31.3472 -0 0
rwrist -12.5641 0 0
rhand -22.661 -38.5171 -0.116376
rfingers 7.12502 -0 0
rthumb 3.7695 -68.4104 -0.10074
1018
root 1.19941 15.2209 32.8266 6.2959 -5.05334 4.20753
lfemur 7.08149 -1.11253 4.34399
ltibia 2.66935 -0 0
lfoot -32.635 -13.2258 -0.12948
ltoes -34.1974 0 0
rfemur -28.8993 -11.1442 -8.94578
rtibia 44.8165 -0 0
rfoot -20.8688 1.32144 -0.34917
rtoes -44.7374 0 0
lowerback -3.44295 -0.187254 -0.200364
upperback -1.21137 -0.220812 -6.8671
thorax 0.577778 -0.110637 -7.08922
lowerneck -7.24294 0.921129 5.10779
upperneck 1.97235 0.6115 3.75946
head 1.84436 0.451428 0.344687
lclavicle 5.03409e-15 -1.23688e-14 -7.12401e-32
lhumerus -59.5904 -45.1224 114.308
lradius 55.2916 -0 0
lwrist 26.3483 0 0
lhand 40.2178 25.5476 -0.0947846
lfingers 7.12502 -0 0
lthumb 62.594 36.4057 -0.0593542
rclavicle 5.03409e-15 -1.23688e-14 -7.12401e-32
rhumerus 2.5365 -9.75879 0.396207
rradius 31.2724 -0 0
rwrist -12.4979 0 0
rhand -22.8025 -38.5632 -0.111398
rfingers 7.12502 -0 0
rthumb 3.63283 -68.4576 -0.0960713
1019
root 1.20048 15.2199 32.8242 6.27414 -5.0292 4.18886
lfemur 7.08973 -1.0799 4.35795
ltibia 2.68545 -0 0
lfoot -32.6323 -13.1741 -0.12717
ltoes -34.202 0 0
rfemur -28.9228 -11.2112 -8.90221
rtibia 44.8952 -0 0
rfoot -20.8898 1.38651 -0.343678
rtoes -44.6731 0 0
lowerback -3.41955 -0.184152 -0.206791
upperback -1.1989 -0.216064 -6.85002
thorax 0.579452 -0.108284 -7.0663
lowerneck -7.24921 0.916274 5.1301
upperneck 1.97598 0.602265 3.76236
head 1.84692 0.447263 0.341431
lclavicle 4.9633e-15 -1.149e-14 -3.918e-32
lhumerus -59.5681 -45.1504 114.329
lradius 55.2979 -0 0
lwrist 26.3352 0 0
lhand 40.1721 25.5458 -0.0931055
lfingers 7.12502 -0 0
lthumb 62.5554 36.4482 -0.0590639
rclavicle 4.9633e-15 -1.149e-14 -3.918e-32
rhumerus 2.52951 -10 0.401452
rradius 31.1985 -0 0
rwrist -12.4319 0 0
rhand -22.9444 -38.6097 -0.106469
rfingers 7.12502 -0 0
rthumb 3.49584 -68.5051 -0.0914529
1020
root 1.20159 15.2188 32.8216 6.2522 -5.00451 4.17016
lfemur 7.09761 -1.04673 4.37167
ltibia 2.7022 -0 0
lfoot -32.6294 -13.1221 -0.124827
ltoes -34.2061 0 0
rfemur -28.9467 -11.2786 -8.85825
rtibia 44.975 -0 0
rfoot -20.9102 1.45178 -0.33808
rtoes -44.6083 0 0
lowerback -3.39594 -0.181139 -0.21331
upperback -1.18635 -0.211433 -6.83285
thorax 0.581088 -0.105993 -7.04322
lowerneck -7.2555 0.91133 5.15233
upperneck 1.97966 0.592912 3.76528
head 1.8495 0.443041 0.338193
lclavicle 4.89143e-15 -1.06114e-14 -8.14469e-33
lhumerus -59.5455 -45.1785 114.35
lradius 55.3043 -0 0
lwrist 26.3218 0 0
lhand 40.1262 25.5437 -0.0914017
lfingers 7.12502 -0 0
lthumb 62.5165 36.4906 -0.0587374
rclavicle 4.89143e-15 -1.06114e-14 -8.14469e-33
rhumerus 2.52166 -10.2408 0.405696
rradius 31.1257 -0 0
rwrist -12.3661 0 0
rhand -23.0865 -38.6565 -0.101592
rfingers 7.12502 -0 0
rthumb 3.35857 -68.5529 -0.0868903
1021
root 1.20273 15.2178 32.8191 6.2301 -4.97931 4.15142
lfemur 7.10514 -1.01306 4.38514
ltibia 2.71957 -0 0
lfoot -32.6262 -13.0699 -0.122454
ltoes -34.2097 0 0
rfemur -28.9711 -11.3463 -8.81391
rtibia 45.0558 -0 0
rfoot -20.9299 1.51721 -0.332382
rtoes -44.5428 0 0
lowerback -3.37213 -0.178211 -0.219916
upperback -1.17375 -0.206916 -6.81561
thorax 0.582688 -0.103762 -7.02
lowerneck -7.2618 0.906302 5.17448
upperneck 1.98339 0.583447 3.76823
head 1.85209 0.438764 0.334973
lclavicle 4.81855e-15 -9.73328e-15 2.1831e-32
lhumerus -59.5226 -45.2065 114.371
lradius 55.3108 -0 0
lwrist 26.3083 0 0
lhand 40.0801 25.5415 -0.0896749
lfingers 7.12502 -0 0
lthumb 62.4775 36.5328 -0.0583749
rclavicle 4.81855e-15 -9.73328e-15 2.1831e-32
rhumerus 2.51297 -10.4811 0.408983
rradius 31.0539 -0 0
rwrist -12.3005 0 0
rhand -23.2289 -38.7036 -0.0967741
rfingers 7.12502 -0 0
rthumb 3.22106 -68.601 -0.0823884
1022
root 1.20391 15.2168 32.8165 6.20785 -4.95363 4.13266
lfemur 7.11233 -0.978909 4.39838
ltibia 2.73753 -0 0
lfoot -32.6227 -13.0176 -0.120052
ltoes -34.2128 0 0
rfemur -28.9959 -11.4143 -8.76922
rtibia 45.1376 -0 0
rfoot -20.949 1.58277 -0.326589
rtoes -44.4767 0 0
lowerback -3.34815 -0.175366 -0.226603
upperback -1.16109 -0.20251 -6.7983
thorax 0.584253 -0.10159 -6.99665
lowerneck -7.2681 0.901195 5.19653
upperneck 1.98717 0.573879 3.77121
head 1.85471 0.434436 0.331771
lclavicle 4.74472e-15 -8.85579e-15 5.07149e-32
lhumerus -59.4995 -45.2345 114.391
lradius 55.3173 -0 0
lwrist 26.2946 0 0
lhand 40.0339 25.539 -0.0879269
lfingers 7.12502 -0 0
lthumb 62.4384 36.575 -0.0579769
rclavicle 4.74472e-15 -8.85579e-15 5.07149e-32
rhumerus 2.5035 -10.7208 0.411355
rradius 30.983 -0 0
rwrist -12.235 0 0
rhand -23.3715 -38.7509 -0.0920195
rfingers 7.12502 -0 0
rthumb 3.08337 -68.6493 -0.0779519
1023
root 1.20513 15.2159 32.8139 6.18546 -4.92749 4.11387
lfemur 7.11921 -0.944314 4.41139
ltibia 2.75605 -0 0
lfoot -32.6189 -12.9652 -0.117625
ltoes -34.2153 0 0
rfemur -29.0211 -11.4826 -8.7242
rtibia 45.2202 -0 0
rfoot -20.9674 1.64845 -0.320708
rtoes -44.4102 0 0
lowerback -3.32401 -0.1726 -0.233365
upperback -1.14838 -0.198211 -6.78092
thorax 0.585783 -0.0994737 -6.97319
lowerneck -7.27441 0.896013 5.21849
upperneck 1.99098 0.564215 3.7742
head 1.85735 0.430061 0.328586
lclavicle 4.66999e-15 -7.9792e-15 7.84773e-32
lhumerus -59.4761 -45.2626 114.411
lradius 55.324 -0 0
lwrist 26.2807 0 0
lhand 39.9875 25.5363 -0.0861596
lfingers 7.12502 -0 0
lthumb 62.3991 36.6171 -0.0575436
rclavicle 4.66999e-15 -7.9792e-15 7.84773e-32
rhumerus 2.49328 -10.9599 0.412856
rradius 30.913 -0 0
rwrist -12.1698 0 0
rhand -23.5142 -38.7986 -0.0873333
rfingers 7.12502 -0 0
rthumb 2.94555 -68.6979 -0.0735854
1024
root 1.20638 15.2149 32.8113 6.16294 -4.90093 4.09507
lfemur 7.12577 -0.909304 4.42418
ltibia 2.7751 -0 0
lfoot -32.6149 -12.9126 -0.115175
ltoes -34.2174 0 0
rfemur -29.0466 -11.5512 -8.67889
rtibia 45.3037 -0 0
rfoot -20.9853 1.71421 -0.314745
rtoes -44.3432 0 0
lowerback -3.29972 -0.169911 -0.240198
upperback -1.13562 -0.194016 -6.7635
thorax 0.58728 -0.0974123 -6.94962
lowerneck -7.28072 0.890762 5.24036
upperneck 1.99484 0.554461 3.77722
head 1.86 0.425642 0.32542
lclavicle 4.59443e-15 -7.10376e-15 1.05091e-31
lhumerus -59.4525 -45.2906 114.431
lradius 55.3307 -0 0
lwrist 26.2667 0 0
lhand 39.9411 25.5334 -0.0843745
lfingers 7.12502 -0 0
lthumb 62.3598 36.659 -0.0570755
rclavicle 4.59443e-15 -7.10376e-15 1.05091e-31
rhumerus 2.48235 -11.1984 0.413528
rradius 30.844 -0 0
rwrist -12.1048 0 0
rhand -23.657 -38.8464 -0.0827202
rfingers 7.12502 -0 0
rthumb 2.80765 -68.7467 -0.0692933
1025
root 1.20766 15.214 32.8087 6.14032 -4.87397 4.07626
lfemur 7.13203 -0.873908 4.43674
ltibia 2.79466 -0 0
lfoot -32.6107 -12.86 -0.112704
ltoes -34.219 0 0
rfemur -29.0725 -11.6199 -8.6333
rtibia 45.3879 -0 0
rfoot -21.0027 1.78003 -0.308704
rtoes -44.2757 0 0
lowerback -3.27529 -0.167297 -0.247095
upperback -1.12283 -0.189923 -6.74603
thorax 0.588745 -0.0954039 -6.92596
lowerneck -7.28703 0.885447 5.26213
upperneck 1.99874 0.544624 3.78025
head 1.86266 0.421183 0.322273
lclavicle 4.51811e-15 -6.2297e-15 1.30532e-31
lhumerus -59.4287 -45.3186 114.451
lradius 55.3376 -0 0
lwrist 26.2525 0 0
lhand 39.8945 25.5304 -0.0825735
lfingers 7.12502 -0 0
lthumb 62.3203 36.7009 -0.0565731
rclavicle 4.51811e-15 -6.2297e-15 1.30532e-31
rhumerus 2.47076 -11.4361 0.413415
rradius 30.7759 -0 0
rwrist -12.0401 0 0
rhand -23.7999 -38.8945 -0.0781846
rfingers 7.12502 -0 0
rthumb 2.66971 -68.7957 -0.0650796
1026
root 1.20898 15.2131 32.806 6.11759 -4.84664 4.05745
lfemur 7.138 -0.838158 4.4491
ltibia 2.81468 -0 0
lfoot -32.6062 -12.8073 -0.110214
ltoes -34.2202 0 0
rfemur -29.0988 -11.6888 -8.58747
rtibia 45.4728 -0 0
rfoot -21.0195 1.84589 -0.302592
rtoes -44.2079 0 0
lowerback -3.25075 -0.164754 -0.254052
upperback -1.11001 -0.185928 -6.72852
thorax 0.590178 -0.0934467 -6.90223
lowerneck -7.29334 0.880072 5.28379
upperneck 2.00267 0.534713 3.7833
head 1.86534 0.416687 0.319144
lclavicle 4.44109e-15 -5.35727e-15 1.54778e-31
lhumerus -59.4047 -45.3465 114.47
lradius 55.3445 -0 0
lwrist 26.2382 0 0
lhand 39.8479 25.5272 -0.0807582
lfingers 7.12502 -0 0
lthumb 62.2808 36.7426 -0.0560368
rclavicle 4.44109e-15 -5.35727e-15 1.54778e-31
rhumerus 2.45854 -11.6731 0.412559
rradius 30.7087 -0 0
rwrist -11.9756 0 0
rhand -23.9427 -38.9427 -0.0737307
rfingers 7.12502 -0 0
rthumb 2.53178 -68.8449 -0.0609484
1027
root 1.21032 15.2122 32.8034 6.09477 -4.81896 4.03864
lfemur 7.1437 -0.802082 4.46125
ltibia 2.83514 -0 0
lfoot -32.6016 -12.7546 -0.107708
ltoes -34.221 0 0
rfemur -29.1253 -11.7579 -8.54142
rtibia 45.5583 -0 0
rfoot -21.0357 1.91175 -0.296414
rtoes -44.1397 0 0
lowerback -3.2261 -0.162279 -0.261063
upperback -1.09716 -0.182028 -6.71098
thorax 0.591581 -0.0915388 -6.87843
lowerneck -7.29964 0.874643 5.30535
upperneck 2.00663 0.524735 3.78636
head 1.86803 0.412157 0.316034
lclavicle 4.36342e-15 -4.4867e-15 1.7781e-31
lhumerus -59.3806 -45.3745 114.489
lradius 55.3514 -0 0
lwrist 26.2238 0 0
lhand 39.8012 25.5238 -0.0789303
lfingers 7.12502 -0 0
lthumb 62.2413 36.7841 -0.0554671
rclavicle 4.36342e-15 -4.4867e-15 1.7781e-31
rhumerus 2.44572 -11.9093 0.411
rradius 30.6424 -0 0
rwrist -11.9113 0 0
rhand -24.0855 -38.9911 -0.0693626
rfingers 7.12502 -0 0
rthumb 2.39392 -68.8942 -0.0569033
1028
root 1.21168 15.2113 32.8007 6.07188 -4.79098 4.01984
lfemur 7.14913 -0.765713 4.47319
ltibia 2.85601 -0 0
lfoot -32.5967 -12.7018 -0.105188
ltoes -34.2214 0 0
rfemur -29.1521 -11.827 -8.49517
rtibia 45.6444 -0 0
rfoot -21.0515 1.9776 -0.290176
rtoes -44.0713 0 0
lowerback -3.20136 -0.15987 -0.268122
upperback -1.08429 -0.178219 -6.69343
thorax 0.592955 -0.0896786 -6.85457
lowerneck -7.30594 0.869165 5.3268
upperneck 2.01062 0.514696 3.78943
head 1.87073 0.407597 0.312943
lclavicle 4.28518e-15 -3.61823e-15 1.99611e-31
lhumerus -59.3562 -45.4023 114.508
lradius 55.3584 -0 0
lwrist 26.2092 0 0
lhand 39.7544 25.5202 -0.0770915
lfingers 7.12502 -0 0
lthumb 62.2017 36.8255 -0.0548647
rclavicle 4.28518e-15 -3.61823e-15 1.99611e-31
rhumerus 2.43236 -12.1446 0.408782
rradius 30.5769 -0 0
rwrist -11.8474 0 0
rhand -24.2281 -39.0396 -0.0650842
rfingers 7.12502 -0 0
rthumb 2.25618 -68.9436 -0.052948
1029
root 1.21307 15.2105 32.798 6.04893 -4.76271 4.00105
lfemur 7.15432 -0.72908 4.48495
ltibia 2.87726 -0 0
lfoot -32.5917 -12.6491 -0.102657
ltoes -34.2214 0 0
rfemur -29.1791 -11.8962 -8.44875
rtibia 45.731 -0 0
rfoot -21.0668 2.0434 -0.283883
rtoes -44.0026 0 0
lowerback -3.17655 -0.157524 -0.275224
upperback -1.07141 -0.1745 -6.67586
thorax 0.594301 -0.0878642 -6.83068
lowerneck -7.31223 0.863642 5.34815
upperneck 2.01463 0.504604 3.79252
head 1.87344 0.40301 0.309871
lclavicle 4.20642e-15 -2.7521e-15 2.20167e-31
lhumerus -59.3318 -45.4301 114.527
lradius 55.3655 -0 0
lwrist 26.1946 0 0
lhand 39.7077 25.5166 -0.0752435
lfingers 7.12502 -0 0
lthumb 62.1621 36.8667 -0.0542301
rclavicle 4.20642e-15 -2.7521e-15 2.20167e-31
rhumerus 2.41847 -12.379 0.405945
rradius 30.5122 -0 0
rwrist -11.7837 0 0
rhand -24.3706 -39.0882 -0.0608989
rfingers 7.12502 -0 0
rthumb 2.1186 -68.9932 -0.0490857
1030
root 1.21448 15.2096 32.7953 6.02593 -4.73418 3.98229
lfemur 7.15926 -0.692213 4.49651
ltibia 2.89886 -0 0
lfoot -32.5864 -12.5963 -0.100116
ltoes -34.2211 0 0
rfemur -29.2064 -11.9654 -8.40219
rtibia 45.818 -0 0
rfoot -21.0816 2.10914 -0.277542
rtoes -43.9336 0 0
lowerback -3.15168 -0.155239 -0.282363
upperback -1.05853 -0.170866 -6.65829
thorax 0.595619 -0.0860939 -6.80675
lowerneck -7.31851 0.858079 5.36937
upperneck 2.01867 0.494467 3.79561
head 1.87615 0.398401 0.30682
lclavicle 4.1272e-15 -1.88855e-15 2.39466e-31
lhumerus -59.3072 -45.4578 114.545
lradius 55.3726 -0 0
lwrist 26.1799 0 0
lhand 39.661 25.5128 -0.0733878
lfingers 7.12502 -0 0
lthumb 62.1225 36.9078 -0.0535639
rclavicle 4.1272e-15 -1.88855e-15 2.39466e-31
rhumerus 2.40412 -12.6124 0.402531
rradius 30.4483 -0 0
rwrist -11.7203 0 0
rhand -24.5128 -39.1369 -0.0568103
rfingers 7.12502 -0 0
rthumb 1.98123 -69.0427 -0.0453194
1031
root 1.21591 15.2088 32.7926 6.00289 -4.70543 3.96356
lfemur 7.16398 -0.655143 4.50789
ltibia 2.92077 -0 0
lfoot -32.5811 -12.5437 -0.0975678
ltoes -34.2204 0 0
rfemur -29.234 -12.0347 -8.35551
rtibia 45.9054 -0 0
rfoot -21.096 2.17477 -0.271157
rtoes -43.8645 0 0
lowerback -3.12676 -0.153011 -0.289535
upperback -1.04564 -0.167315 -6.64072
thorax 0.596911 -0.0843659 -6.78281
lowerneck -7.32478 0.852482 5.39049
upperneck 2.02272 0.48429 3.79871
head 1.87887 0.393771 0.303787
lclavicle 4.04759e-15 -1.02781e-15 2.575e-31
lhumerus -59.2825 -45.4855 114.563
lradius 55.3798 -0 0
lwrist 26.1651 0 0
lhand 39.6143 25.5088 -0.0715262
lfingers 7.12502 -0 0
lthumb 62.083 36.9487 -0.0528669
rclavicle 4.04759e-15 -1.02781e-15 2.575e-31
rhumerus 2.38932 -12.8449 0.398579
rradius 30.3853 -0 0
rwrist -11.6572 0 0
rhand -24.6548 -39.1856 -0.0528214
rfingers 7.12502 -0 0
rthumb 1.84412 -69.0923 -0.0416522
1032
root 1.21736 15.208 32.7899 5.97983 -4.67648 3.94486
lfemur 7.16849 -0.6179 4.51909
ltibia 2.94298 -0 0
lfoot -32.5755 -12.4911 -0.0950145
ltoes -34.2194 0 0
rfemur -29.2617 -12.1038 -8.30874
rtibia 45.9931 -0 0
rfoot -21.11 2.24029 -0.264734
rtoes -43.7953 0 0
lowerback -3.10182 -0.150838 -0.296733
upperback -1.03276 -0.163843 -6.62316
thorax 0.598178 -0.0826785 -6.75887
lowerneck -7.33103 0.846855 5.41148
upperneck 2.02679 0.474083 3.80181
head 1.88159 0.389126 0.300775
lclavicle 3.96766e-15 -1.70135e-16 2.74263e-31
lhumerus -59.2578 -45.5131 114.581
lradius 55.3869 -0 0
lwrist 26.1502 0 0
lhand 39.5677 25.5048 -0.0696601
lfingers 7.12502 -0 0
lthumb 62.0435 36.9894 -0.0521398
rclavicle 3.96766e-15 -1.70135e-16 2.74263e-31
rhumerus 2.37412 -13.0763 0.394131
rradius 30.323 -0 0
rwrist -11.5945 0 0
rhand -24.7965 -39.2344 -0.0489352
rfingers 7.12502 -0 0
rthumb 1.70733 -69.142 -0.0380868
1033
root 1.21882 15.2072 32.7872 5.95676 -4.64736 3.9262
lfemur 7.17279 -0.580515 4.53013
ltibia 2.96544 -0 0
lfoot -32.5699 -12.4386 -0.0924583
ltoes -34.2182 0 0
rfemur -29.2895 -12.1729 -8.2619
rtibia 46.081 -0 0
rfoot -21.1235 2.30567 -0.258278
rtoes -43.726 0 0
lowerback -3.07686 -0.148718 -0.303952
upperback -1.01989 -0.160448 -6.60563
thorax 0.599421 -0.0810298 -6.73494
lowerneck -7.33727 0.841204 5.43235
upperneck 2.03087 0.463851 3.80491
head 1.88432 0.384467 0.297783
lclavicle 3.88746e-15 6.84247e-16 2.8975e-31
lhumerus -59.233 -45.5406 114.599
lradius 55.3942 -0 0
lwrist 26.1353 0 0
lhand 39.5211 25.5007 -0.0677913
lfingers 7.12502 -0 0
lthumb 62.004 37.0299 -0.0513833
rclavicle 3.88746e-15 6.84247e-16 2.8975e-31
rhumerus 2.35856 -13.3066 0.389226
rradius 30.2615 -0 0
rwrist -11.532 0 0
rhand -24.9378 -39.2831 -0.0451545
rfingers 7.12502 -0 0
rthumb 1.57089 -69.1916 -0.0346255
1034
root 1.2203 15.2065 32.7844 5.93369 -4.61809 3.9076
lfemur 7.1769 -0.543017 4.54099
ltibia 2.98813 -0 0
lfoot -32.5641 -12.3862 -0.0899013
ltoes -34.2167 0 0
rfemur -29.3175 -12.2419 -8.21503
rtibia 46.1691 -0 0
rfoot -21.1367 2.37087 -0.251796
rtoes -43.6567 0 0
lowerback -3.05189 -0.146647 -0.311187
upperback -1.00704 -0.157125 -6.58812
thorax 0.600641 -0.0794181 -6.71102
lowerneck -7.34349 0.835532 5.4531
upperneck 2.03496 0.453603 3.80802
head 1.88704 0.379799 0.294811
lclavicle 3.80705e-15 1.53509e-15 3.03961e-31
lhumerus -59.2081 -45.5679 114.617
lradius 55.4014 -0 0
lwrist 26.1203 0 0
lhand 39.4747 25.4964 -0.0659211
lfingers 7.12502 -0 0
lthumb 61.9646 37.0702 -0.0505982
rclavicle 3.80705e-15 1.53509e-15 3.03961e-31
rhumerus 2.34267 -13.5357 0.383905
rradius 30.2007 -0 0
rwrist -11.4699 0 0
rhand -25.0786 -39.3318 -0.0414817
rfingers 7.12502 -0 0
rthumb 1.43487 -69.2411 -0.0312706
1035
root 1.22179 15.2057 32.7817 5.91063 -4.58871 3.88904
lfemur 7.18084 -0.505438 4.5517
ltibia 3.01102 -0 0
lfoot -32.5582 -12.3339 -0.0873455
ltoes -34.2149 0 0
rfemur -29.3457 -12.3108 -8.16814
rtibia 46.2573 -0 0
rfoot -21.1495 2.43587 -0.245292
rtoes -43.5874 0 0
lowerback -3.02695 -0.144623 -0.318432
upperback -0.994219 -0.153872 -6.57065
thorax 0.601839 -0.0778416 -6.68714
lowerneck -7.34969 0.829846 5.47372
upperneck 2.03905 0.443345 3.81112
head 1.88976 0.375125 0.29186
lclavicle 3.72651e-15 2.38217e-15 3.16897e-31
lhumerus -59.1832 -45.5952 114.634
lradius 55.4086 -0 0
lwrist 26.1053 0 0
lhand 39.4283 25.4921 -0.0640513
lfingers 7.12502 -0 0
lthumb 61.9253 37.1102 -0.0497853
rclavicle 3.72651e-15 2.38217e-15 3.16897e-31
rhumerus 2.32649 -13.7636 0.378206
rradius 30.1406 -0 0
rwrist -11.4082 0 0
rhand -25.219 -39.3805 -0.0379193
rfingers 7.12502 -0 0
rthumb 1.29931 -69.2906 -0.0280243
1036
root 1.22329 15.2049 32.779 5.8876 -4.55925 3.87055
lfemur 7.18461 -0.467808 4.56225
ltibia 3.03408 -0 0
lfoot -32.5522 -12.2819 -0.0847932
ltoes -34.2129 0 0
rfemur -29.3739 -12.3795 -8.12128
rtibia 46.3455 -0 0
rfoot -21.162 2.50065 -0.238771
rtoes -43.5181 0 0
lowerback -3.00203 -0.142642 -0.325682
upperback -0.981424 -0.150685 -6.55323
thorax 0.603015 -0.0762986 -6.66331
lowerneck -7.35586 0.82415 5.49421
upperneck 2.04315 0.433085 3.81422
head 1.89248 0.370449 0.28893
lclavicle 3.64588e-15 3.22523e-15 3.28562e-31
lhumerus -59.1583 -45.6224 114.651
lradius 55.4159 -0 0
lwrist 26.0903 0 0
lhand 39.3821 25.4877 -0.0621833
lfingers 7.12502 -0 0
lthumb 61.8862 37.1501 -0.0489454
rclavicle 3.64588e-15 3.22523e-15 3.28562e-31
rhumerus 2.31005 -13.9903 0.37217
rradius 30.0812 -0 0
rwrist -11.3468 0 0
rhand -25.3589 -39.429 -0.0344692
rfingers 7.12502 -0 0
rthumb 1.16425 -69.34 -0.0248884
1037
root 1.2248 15.2042 32.7763 5.86461 -4.52972 3.85212
lfemur 7.18822 -0.430157 4.57266
ltibia 3.05727 -0 0
lfoot -32.5461 -12.2299 -0.0822462
ltoes -34.2107 0 0
rfemur -29.4023 -12.4479 -8.07445
rtibia 46.4337 -0 0
rfoot -21.1742 2.56518 -0.23224
rtoes -43.4489 0 0
lowerback -2.97715 -0.140704 -0.332931
upperback -0.968666 -0.147562 -6.53586
thorax 0.604172 -0.0747872 -6.63954
lowerneck -7.36201 0.818449 5.51456
upperneck 2.04724 0.42283 3.81732
head 1.8952 0.365774 0.286021
lclavicle 3.56524e-15 4.06405e-15 3.38963e-31
lhumerus -59.1334 -45.6494 114.668
lradius 55.4232 -0 0
lwrist 26.0753 0 0
lhand 39.336 25.4832 -0.0603186
lfingers 7.12502 -0 0
lthumb 61.8471 37.1897 -0.0480796
rclavicle 3.56524e-15 4.06405e-15 3.38963e-31
rhumerus 2.29338 -14.2157 0.365835
rradius 30.0225 -0 0
rwrist -11.2858 0 0
rhand -25.4981 -39.4775 -0.0311334
rfingers 7.12502 -0 0
rthumb 1.02976 -69.3893 -0.0218645
1038
root 1.22632 15.2035 32.7735 5.84168 -4.50017 3.83377
lfemur 7.19169 -0.392515 4.58292
ltibia 3.08057 -0 0
lfoot -32.5399 -12.1782 -0.0797066
ltoes -34.2083 0 0
rfemur -29.4306 -12.5161 -8.0277
rtibia 46.5219 -0 0
rfoot -21.186 2.62944 -0.225703
rtoes -43.3799 0 0
lowerback -2.95233 -0.138804 -0.340174
upperback -0.955951 -0.1445 -6.51855
thorax 0.605309 -0.0733057 -6.61584
lowerneck -7.36813 0.812748 5.53478
upperneck 2.05134 0.412588 3.8204
head 1.89791 0.361103 0.283133
lclavicle 3.48464e-15 4.89837e-15 3.48109e-31
lhumerus -59.1086 -45.6763 114.685
lradius 55.4304 -0 0
lwrist 26.0603 0 0
lhand 39.2902 25.4787 -0.0584587
lfingers 7.12502 -0 0
lthumb 61.8082 37.2291 -0.0471886
rclavicle 3.48464e-15 4.89837e-15 3.48109e-31
rhumerus 2.27654 -14.4397 0.359241
rradius 29.9645 -0 0
rwrist -11.2252 0 0
rhand -25.6368 -39.5258 -0.0279136
rfingers 7.12502 -0 0
rthumb 0.895875 -69.4385 -0.0189542
1039
root 1.22784 15.2028 32.7708 5.81881 -4.47062 3.8155
lfemur 7.19503 -0.354913 4.59305
ltibia 3.10394 -0 0
lfoot -32.5337 -12.1268 -0.0771764
ltoes -34.2058 0 0
rfemur -29.4591 -12.5841 -7.98104
rtibia 46.6099 -0 0
rfoot -21.1976 2.6934 -0.219165
rtoes -43.311 0 0
lowerback -2.92759 -0.13694 -0.347405
upperback -0.943285 -0.141494 -6.50131
thorax 0.606429 -0.0718524 -6.59222
lowerneck -7.37422 0.807052 5.55486
upperneck 2.05543 0.402364 3.82348
head 1.90061 0.35644 0.280267
lclavicle 3.40415e-15 5.72797e-15 3.56011e-31
lhumerus -59.0837 -45.703 114.702
lradius 55.4377 -0 0
lwrist 26.0453 0 0
lhand 39.2445 25.4741 -0.056605
lfingers 7.12502 -0 0
lthumb 61.7695 37.2682 -0.0462736
rclavicle 3.40415e-15 5.72797e-15 3.56011e-31
rhumerus 2.25954 -14.6624 0.352425
rradius 29.9071 -0 0
rwrist -11.165 0 0
rhand -25.7747 -39.574 -0.0248112
rfingers 7.12502 -0 0
rthumb 0.762648 -69.4874 -0.0161586
1040
root 1.22936 15.2021 32.7681 5.79602 -4.44109 3.79732
lfemur 7.19826 -0.317382 4.60305
ltibia 3.12737 -0 0
lfoot -32.5274 -12.0755 -0.0746576
ltoes -34.2031 0 0
rfemur -29.4875 -12.6517 -7.93451
rtibia 46.6976 -0 0
rfoot -21.2089 2.75703 -0.212632
rtoes -43.2424 0 0
lowerback -2.90293 -0.13511 -0.35462
upperback -0.930675 -0.138542 -6.48415
thorax 0.607532 -0.0704254 -6.5687
lowerneck -7.38028 0.801366 5.57479
upperneck 2.0595 0.392168 3.82655
head 1.9033 0.351789 0.277423
lclavicle 3.32384e-15 6.5526e-15 3.62684e-31
lhumerus -59.059 -45.7296 114.718
lradius 55.4449 -0 0
lwrist 26.0304 0 0
lhand 39.199 25.4695 -0.0547591
lfingers 7.12502 -0 0
lthumb 61.7309 37.3071 -0.0453353
rclavicle 3.32384e-15 6.5526e-15 3.62684e-31
rhumerus 2.24243 -14.8835 0.345425
rradius 29.8503 -0 0
rwrist -11.1052 0 0
rhand -25.912 -39.6219 -0.0218275
rfingers 7.12502 -0 0
rthumb 0.630129 -69.5362 -0.0134788
1041
root 1.23088 15.2014 32.7654 5.77332 -4.41162 3.77923
lfemur 7.20138 -0.279951 4.61292
ltibia 3.1508 -0 0
lfoot -32.5211 -12.0246 -0.072152
ltoes -34.2002 0 0
rfemur -29.5159 -12.719 -7.88811
rtibia 46.7851 -0 0
rfoot -21.22 2.82031 -0.206109
rtoes -43.1741 0 0
lowerback -2.87838 -0.13331 -0.361811
upperback -0.918126 -0.13564 -6.46707
thorax 0.608618 -0.069023 -6.54529
lowerneck -7.38631 0.795695 5.59458
upperneck 2.06357 0.382006 3.8296
head 1.90598 0.347152 0.2746
lclavicle 3.24375e-15 7.37202e-15 3.68143e-31
lhumerus -59.0343 -45.7561 114.734
lradius 55.4521 -0 0
lwrist 26.0155 0 0
lhand 39.1537 25.4649 -0.0529224
lfingers 7.12502 -0 0
lthumb 61.6925 37.3458 -0.044375
rclavicle 3.24375e-15 7.37202e-15 3.68143e-31
rhumerus 2.22523 -15.1032 0.338281
rradius 29.7941 -0 0
rwrist -11.0458 0 0
rhand -26.0484 -39.6697 -0.0189636
rfingers 7.12502 -0 0
rthumb 0.498368 -69.5848 -0.0109157
1042
root 1.23241 15.2007 32.7628 5.75072 -4.38223 3.76124
lfemur 7.2044 -0.242652 4.62268
ltibia 3.17423 -0 0
lfoot -32.5148 -11.9739 -0.0696616
ltoes -34.1973 0 0
rfemur -29.5443 -12.7859 -7.84191
rtibia 46.8723 -0 0
rfoot -21.2308 2.88321 -0.199601
rtoes -43.106 0 0
lowerback -2.85395 -0.131539 -0.368975
upperback -0.905644 -0.132786 -6.45009
thorax 0.60969 -0.0676435 -6.522
lowerneck -7.3923 0.790043 5.61423
upperneck 2.06762 0.371885 3.83264
head 1.90864 0.342533 0.2718
lclavicle 3.16397e-15 8.186e-15 3.72408e-31
lhumerus -59.0097 -45.7823 114.75
lradius 55.4593 -0 0
lwrist 26.0006 0 0
lhand 39.1088 25.4602 -0.0510962
lfingers 7.12502 -0 0
lthumb 61.6544 37.3841 -0.0433937
rclavicle 3.16397e-15 8.186e-15 3.72408e-31
rhumerus 2.20799 -15.3214 0.33103
rradius 29.7385 -0 0
rwrist -10.9868 0 0
rhand -26.184 -39.7172 -0.0162203
rfingers 7.12502 -0 0
rthumb 0.367413 -69.6331 -0.00846988
1043
root 1.23393 15.2 32.7601 5.72825 -4.35296 3.74337
lfemur 7.20735 -0.205514 4.63233
ltibia 3.19761 -0 0
lfoot -32.5084 -11.9236 -0.0671882
ltoes -34.1943 0 0
rfemur -29.5726 -12.8523 -7.79592
rtibia 46.959 -0 0
rfoot -21.2414 2.9457 -0.193112
rtoes -43.0383 0 0
lowerback -2.82964 -0.129793 -0.376105
upperback -0.893236 -0.129975 -6.43321
thorax 0.610748 -0.066285 -6.49884
lowerneck -7.39826 0.784416 5.63372
upperneck 2.07165 0.361813 3.83567
head 1.9113 0.337936 0.269022
lclavicle 3.08454e-15 8.99429e-15 3.755e-31
lhumerus -58.9852 -45.8084 114.766
lradius 55.4665 -0 0
lwrist 25.9858 0 0
lhand 39.0641 25.4556 -0.0492819
lfingers 7.12502 -0 0
lthumb 61.6165 37.4222 -0.0423923
rclavicle 3.08454e-15 8.99429e-15 3.755e-31
rhumerus 2.19074 -15.5379 0.323709
rradius 29.6835 -0 0
rwrist -10.9283 0 0
rhand -26.3187 -39.7645 -0.0135983
rfingers 7.12502 -0 0
rthumb 0.237315 -69.6811 -0.00614189
1044
root 1.23544 15.1993 32.7574 5.7059 -4.32382 3.7256
lfemur 7.21022 -0.168569 4.64186
ltibia 3.22091 -0 0
lfoot -32.5021 -11.8736 -0.0647337
ltoes -34.1913 0 0
rfemur -29.6008 -12.9184 -7.75017
rtibia 47.0452 -0 0
rfoot -21.2519 3.00777 -0.186649
rtoes -42.971 0 0
lowerback -2.80548 -0.12807 -0.383196
upperback -0.880908 -0.127206 -6.41644
thorax 0.611793 -0.0649458 -6.47583
lowerneck -7.40417 0.778819 5.65306
upperneck 2.07565 0.351796 3.83867
head 1.91393 0.333365 0.266266
lclavicle 3.00553e-15 9.79667e-15 3.77442e-31
lhumerus -58.9609 -45.8344 114.782
lradius 55.4736 -0 0
lwrist 25.9711 0 0
lhand 39.0196 25.4509 -0.047481
lfingers 7.12502 -0 0
lthumb 61.5788 37.4599 -0.0413725
rclavicle 3.00553e-15 9.79667e-15 3.77442e-31
rhumerus 2.17351 -15.7528 0.316356
rradius 29.629 -0 0
rwrist -10.8702 0 0
rhand -26.4525 -39.8114 -0.011098
rfingers 7.12502 -0 0
rthumb 0.108122 -69.7288 -0.003932
1045
root 1.23695 15.1987 32.7548 5.6837 -4.29486 3.70796
lfemur 7.21304 -0.131846 4.6513
ltibia 3.24411 -0 0
lfoot -32.4958 -11.8239 -0.0622999
ltoes -34.1882 0 0
rfemur -29.6289 -12.9839 -7.70467
rtibia 47.131 -0 0
rfoot -21.2622 3.06938 -0.180216
rtoes -42.9042 0 0
lowerback -2.78149 -0.126368 -0.390243
upperback -0.868666 -0.124474 -6.39978
thorax 0.612826 -0.0636241 -6.45298
lowerneck -7.41004 0.773256 5.67224
upperneck 2.07963 0.341843 3.84165
head 1.91655 0.328822 0.263534
lclavicle 2.92701e-15 1.05929e-14 3.7826e-31
lhumerus -58.9367 -45.8601 114.798
lradius 55.4807 -0 0
lwrist 25.9565 0 0
lhand 38.9756 25.4462 -0.0456948
lfingers 7.12502 -0 0
lthumb 61.5415 37.4974 -0.0403346
rclavicle 2.92701e-15 1.05929e-14 3.7826e-31
rhumerus 2.15634 -15.966 0.309008
rradius 29.5751 -0 0
rwrist -10.8126 0 0
rhand -26.5853 -39.8581 -0.00871982
rfingers 7.12502 -0 0
rthumb -0.0201145 -69.7762 -0.0018403
1046
root 1.23845 15.198 32.7522 5.66165 -4.26609 3.69044
lfemur 7.21581 -0.0953758 4.66065
ltibia 3.26717 -0 0
lfoot -32.4895 -11.7747 -0.0598885
ltoes -34.1851 0 0
rfemur -29.6569 -13.0489 -7.65947
rtibia 47.2161 -0 0
rfoot -21.2724 3.13052 -0.173818
rtoes -42.8378 0 0
lowerback -2.75767 -0.124683 -0.39724
upperback -0.856517 -0.121776 -6.38326
thorax 0.613849 -0.0623181 -6.4303
lowerneck -7.41587 0.767733 5.69126
upperneck 2.08359 0.33196 3.84461
head 1.91915 0.324311 0.260824
lclavicle 2.84903e-15 1.13827e-14 3.77983e-31
lhumerus -58.9126 -45.8856 114.813
lradius 55.4878 -0 0
lwrist 25.942 0 0
lhand 38.9318 25.4416 -0.0439246
lfingers 7.12502 -0 0
lthumb 61.5044 37.5346 -0.0392804
rclavicle 2.84903e-15 1.13827e-14 3.77983e-31
rhumerus 2.13925 -16.1775 0.301702
rradius 29.5217 -0 0
rwrist -10.7555 0 0
rhand -26.7171 -39.9044 -0.00646372
rfingers 7.12502 -0 0
rthumb -0.147346 -69.8233 0.000133285
1047
root 1.23993 15.1974 32.7496 5.63978 -4.23754 3.67306
lfemur 7.21855 -0.0591894 4.66991
ltibia 3.29007 -0 0
lfoot -32.4832 -11.7258 -0.0575014
ltoes -34.1819 0 0
rfemur -29.6847 -13.1134 -7.61459
rtibia 47.3006 -0 0
rfoot -21.2824 3.19114 -0.16746
rtoes -42.772 0 0
lowerback -2.73404 -0.123014 -0.404181
upperback -0.844466 -0.119109 -6.36687
thorax 0.614861 -0.0610262 -6.40781
lowerneck -7.42164 0.762254 5.71011
upperneck 2.08751 0.322155 3.84755
head 1.92173 0.319835 0.258138
lclavicle 2.77166e-15 1.21659e-14 3.76639e-31
lhumerus -58.8888 -45.9109 114.828
lradius 55.4948 -0 0
lwrist 25.9276 0 0
lhand 38.8884 25.437 -0.0421717
lfingers 7.12502 -0 0
lthumb 61.4676 37.5714 -0.0382108
rclavicle 2.77166e-15 1.21659e-14 3.76639e-31
rhumerus 2.12228 -16.3871 0.294475
rradius 29.4687 -0 0
rwrist -10.6989 0 0
rhand -26.8477 -39.9503 -0.00432967
rfingers 7.12502 -0 0
rthumb -0.273524 -69.87 0.00198902
1048
root 1.24141 15.1967 32.747 5.61808 -4.20925 3.65582
lfemur 7.22126 -0.0233169 4.67908
ltibia 3.31277 -0 0
lfoot -32.477 -11.6774 -0.0551403
ltoes -34.1789 0 0
rfemur -29.7124 -13.1773 -7.57005
rtibia 47.3843 -0 0
rfoot -21.2924 3.25123 -0.161146
rtoes -42.7067 0 0
lowerback -2.71062 -0.121357 -0.411061
upperback -0.832519 -0.11647 -6.35062
thorax 0.615865 -0.0597465 -6.38551
lowerneck -7.42738 0.756824 5.72881
upperneck 2.0914 0.312435 3.85046
head 1.92429 0.315399 0.255476
lclavicle 2.69496e-15 1.29422e-14 3.74263e-31
lhumerus -58.8652 -45.936 114.843
lradius 55.5017 -0 0
lwrist 25.9133 0 0
lhand 38.8454 25.4324 -0.0404375
lfingers 7.12502 -0 0
lthumb 61.4311 37.6079 -0.0371272
rclavicle 2.69496e-15 1.29422e-14 3.74263e-31
rhumerus 2.10547 -16.5949 0.287363
rradius 29.4163 -0 0
rwrist -10.6427 0 0
rhand -26.9773 -39.9958 -0.00231739
rfingers 7.12502 -0 0
rthumb -0.398597 -69.9163 0.00372734
1049
root 1.24287 15.1961 32.7445 5.59659 -4.18124 3.63874
lfemur 7.22397 0.0122111 4.68818
ltibia 3.33525 -0 0
lfoot -32.4708 -11.6294 -0.0528076
ltoes -34.1758 0 0
rfemur -29.7398 -13.2405 -7.5259
rtibia 47.4672 -0 0
rfoot -21.3022 3.31077 -0.154883
rtoes -42.6421 0 0
lowerback -2.68742 -0.11971 -0.417876
upperback -0.820683 -0.113856 -6.33452
thorax 0.616862 -0.0584772 -6.36342
lowerneck -7.43305 0.751448 5.74733
upperneck 2.09525 0.302807 3.85334
head 1.92683 0.311005 0.252837
lclavicle 2.61899e-15 1.37113e-14 3.70888e-31
lhumerus -58.8418 -45.9609 114.858
lradius 55.5085 -0 0
lwrist 25.8992 0 0
lhand 38.8028 25.4279 -0.0387232
lfingers 7.12502 -0 0
lthumb 61.395 37.6441 -0.0360308
rclavicle 2.61899e-15 1.37113e-14 3.70888e-31
rhumerus 2.08885 -16.8008 0.280403
rradius 29.3643 -0 0
rwrist -10.5871 0 0
rhand -27.1056 -40.0409 -0.000426416
rfingers 7.12502 -0 0
rthumb -0.522517 -69.9621 0.00534884
1050
root 1.24431 15.1955 32.742 5.5753 -4.15354 3.6218
lfemur 7.22668 0.0473643 4.69721
ltibia 3.35747 -0 0
lfoot -32.4648 -11.5819 -0.0505037
ltoes -34.1728 0 0
rfemur -29.767 -13.3031 -7.48214
rtibia 47.5492 -0 0
rfoot -21.312 3.36972 -0.148673
rtoes -42.5781 0 0
lowerback -2.66446 -0.11807 -0.424618
upperback -0.808964 -0.111262 -6.31858
thorax 0.617852 -0.0572166 -6.34155
lowerneck -7.43868 0.746131 5.76568
upperneck 2.09906 0.293278 3.8562
head 1.92933 0.306656 0.250222
lclavicle 2.54382e-15 1.44732e-14 3.66551e-31
lhumerus -58.8186 -45.9855 114.873
lradius 55.5153 -0 0
lwrist 25.8852 0 0
lhand 38.7606 25.4234 -0.0370302
lfingers 7.12502 -0 0
lthumb 61.3592 37.68 -0.034923
rclavicle 2.54382e-15 1.44732e-14 3.66551e-31
rhumerus 2.07245 -17.0048 0.273632
rradius 29.3127 -0 0
rwrist -10.532 0 0
rhand -27.2327 -40.0856 0.00134385
rfingers 7.12502 -0 0
rthumb -0.645233 -70.0075 0.0068543
1051
root 1.24574 15.1948 32.7395 5.55424 -4.12617 3.60504
lfemur 7.22941 0.0821121 4.70618
ltibia 3.3794 -0 0
lfoot -32.4588 -11.5349 -0.0482307
ltoes -34.1699 0 0
rfemur -29.7939 -13.3651 -7.43882
rtibia 47.6304 -0 0
rfoot -21.3218 3.42806 -0.142523
rtoes -42.5148 0 0
lowerback -2.64174 -0.116435 -0.431283
upperback -0.797367 -0.108687 -6.30281
thorax 0.618836 -0.0559629 -6.31991
lowerneck -7.44425 0.740879 5.78386
upperneck 2.10282 0.283856 3.85902
head 1.93181 0.302357 0.247631
lclavicle 2.4695e-15 1.52274e-14 3.6129e-31
lhumerus -58.7957 -46.0099 114.888
lradius 55.522 -0 0
lwrist 25.8713 0 0
lhand 38.7188 25.419 -0.0353596
lfingers 7.12502 -0 0
lthumb 61.3238 37.7155 -0.0338051
rclavicle 2.4695e-15 1.52274e-14 3.6129e-31
rhumerus 2.0563 -17.2068 0.267084
rradius 29.2615 -0 0
rwrist -10.4774 0 0
rhand -27.3585 -40.1298 0.00299421
rfingers 7.12502 -0 0
rthumb -0.766697 -70.0524 0.00824464
1052
root 1.24714 15.1942 32.737 5.53341 -4.09917 3.58844
lfemur 7.23216 0.116424 4.71509
ltibia 3.40102 -0 0
lfoot -32.4529 -11.4884 -0.0459905
ltoes -34.1671 0 0
rfemur -29.8206 -13.4263 -7.39596
rtibia 47.7105 -0 0
rfoot -21.3315 3.48577 -0.136437
rtoes -42.4523 0 0
lowerback -2.61929 -0.114802 -0.437865
upperback -0.7859 -0.106126 -6.28721
thorax 0.619815 -0.0547144 -6.29852
lowerneck -7.44976 0.735695 5.80186
upperneck 2.10654 0.274549 3.8618
head 1.93427 0.298111 0.245065
lclavicle 2.39611e-15 1.59738e-14 3.55147e-31
lhumerus -58.7731 -46.034 114.903
lradius 55.5287 -0 0
lwrist 25.8577 0 0
lhand 38.6775 25.4147 -0.0337127
lfingers 7.12502 -0 0
lthumb 61.2888 37.7506 -0.0326784
rclavicle 2.39611e-15 1.59738e-14 3.55147e-31
rhumerus 2.04044 -17.4067 0.260797
rradius 29.2107 -0 0
rwrist -10.4234 0 0
rhand -27.4829 -40.1735 0.0045256
rfingers 7.12502 -0 0
rthumb -0.886859 -70.0968 0.00952095
1053
root 1.24852 15.1936 32.7346 5.51283 -4.07257 3.57202
lfemur 7.23495 0.15027 4.72395
ltibia 3.42229 -0 0
lfoot -32.4471 -11.4424 -0.0437846
ltoes -34.1645 0 0
rfemur -29.847 -13.4868 -7.35359
rtibia 47.7896 -0 0
rfoot -21.3413 3.54282 -0.13042
rtoes -42.3906 0 0
lowerback -2.59712 -0.11317 -0.444358
upperback -0.774569 -0.103576 -6.2718
thorax 0.620792 -0.0534693 -6.27739
lowerneck -7.45522 0.730585 5.81968
upperneck 2.11021 0.265362 3.86456
head 1.93669 0.293921 0.242523
lclavicle 2.3237e-15 1.67121e-14 3.48162e-31
lhumerus -58.7508 -46.0579 114.917
lradius 55.5352 -0 0
lwrist 25.8442 0 0
lhand 38.6367 25.4104 -0.0320908
lfingers 7.12502 -0 0
lthumb 61.2542 37.7854 -0.0315443
rclavicle 2.3237e-15 1.67121e-14 3.48162e-31
rhumerus 2.02489 -17.6045 0.254805
rradius 29.1604 -0 0
rwrist -10.3699 0 0
rhand -27.6059 -40.2166 0.00593914
rfingers 7.12502 -0 0
rthumb -1.00567 -70.1407 0.0106845
1054
root 1.24988 15.193 32.7322 5.49251 -4.04638 3.55578
lfemur 7.23779 0.183618 4.73277
ltibia 3.44318 -0 0
lfoot -32.4415 -11.397 -0.0416146
ltoes -34.162 0 0
rfemur -29.873 -13.5465 -7.31171
rtibia 47.8675 -0 0
rfoot -21.3511 3.59917 -0.124476
rtoes -42.3296 0 0
lowerback -2.57525 -0.111534 -0.450758
upperback -0.763378 -0.101034 -6.25658
thorax 0.621765 -0.0522258 -6.25653
lowerneck -7.46061 0.725554 5.83732
upperneck 2.11383 0.256304 3.86727
head 1.93908 0.289791 0.240007
lclavicle 2.25234e-15 1.74422e-14 3.40381e-31
lhumerus -58.7288 -46.0815 114.931
lradius 55.5416 -0 0
lwrist 25.8309 0 0
lhand 38.5964 25.4063 -0.030495
lfingers 7.12502 -0 0
lthumb 61.22 37.8198 -0.0304042
rclavicle 2.25234e-15 1.74422e-14 3.40381e-31
rhumerus 2.00969 -17.8002 0.249145
rradius 29.1103 -0 0
rwrist -10.317 0 0
rhand -27.7275 -40.2592 0.00723606
rfingers 7.12502 -0 0
rthumb -1.12308 -70.184 0.0117366
1055
root 1.25121 15.1923 32.7298 5.47246 -4.02065 3.53973
lfemur 7.2407 0.21644 4.74154
ltibia 3.46367 -0 0
lfoot -32.4359 -11.3522 -0.0394822
ltoes -34.1596 0 0
rfemur -29.8987 -13.6053 -7.27042
rtibia 47.9443 -0 0
rfoot -21.3609 3.65482 -0.11861
rtoes -42.2696 0 0
lowerback -2.55368 -0.109893 -0.457059
upperback -0.752336 -0.0984966 -6.24155
thorax 0.622738 -0.0509822 -6.23595
lowerneck -7.46594 0.720607 5.85477
upperneck 2.11739 0.247382 3.86994
head 1.94144 0.285723 0.237515
lclavicle 2.18208e-15 1.81636e-14 3.3185e-31
lhumerus -58.7071 -46.1048 114.946
lradius 55.548 -0 0
lwrist 25.8178 0 0
lhand 38.5566 25.4022 -0.0289266
lfingers 7.12502 -0 0
lthumb 61.1863 37.8538 -0.0292595
rclavicle 2.18208e-15 1.81636e-14 3.3185e-31
rhumerus 1.99488 -17.9937 0.243851
rradius 29.0607 -0 0
rwrist -10.2647 0 0
rhand -27.8476 -40.3013 0.00841778
rfingers 7.12502 -0 0
rthumb -1.23903 -70.2267 0.0126788
1056
root 1.25252 15.1917 32.7275 5.45271 -3.99539 3.52389
lfemur 7.24368 0.248703 4.75028
ltibia 3.48371 -0 0
lfoot -32.4306 -11.308 -0.0373888
ltoes -34.1574 0 0
rfemur -29.924 -13.6634 -7.22969
rtibia 48.0198 -0 0
rfoot -21.3707 3.70973 -0.112827
rtoes -42.2105 0 0
lowerback -2.53244 -0.108244 -0.463255
upperback -0.741447 -0.0959607 -6.22674
thorax 0.623709 -0.0497367 -6.21567
lowerneck -7.4712 0.715748 5.87203
upperneck 2.12089 0.238604 3.87258
head 1.94376 0.281722 0.235049
lclavicle 2.11299e-15 1.88763e-14 3.22615e-31
lhumerus -58.6858 -46.1279 114.96
lradius 55.5542 -0 0
lwrist 25.805 0 0
lhand 38.5174 25.3983 -0.0273866
lfingers 7.12502 -0 0
lthumb 61.1531 37.8874 -0.0281116
rclavicle 2.11299e-15 1.88763e-14 3.22615e-31
rhumerus 1.98048 -18.185 0.23896
rradius 29.0113 -0 0
rwrist -10.213 0 0
rhand -27.9661 -40.3427 0.00948583
rfingers 7.12502 -0 0
rthumb -1.35349 -70.2688 0.0135128
1057
root 1.25379 15.1911 32.7252 5.43326 -3.97065 3.50825
lfemur 7.24675 0.280379 4.759
ltibia 3.50329 -0 0
lfoot -32.4254 -11.2644 -0.0353359
ltoes -34.1555 0 0
rfemur -29.9488 -13.7205 -7.18958
rtibia 48.0941 -0 0
rfoot -21.3807 3.76387 -0.107131
rtoes -42.1524 0 0
lowerback -2.51154 -0.106584 -0.469341
upperback -0.730717 -0.0934228 -6.21214
thorax 0.624682 -0.0484875 -6.1957
lowerneck -7.47639 0.710983 5.8891
upperneck 2.12433 0.229975 3.87517
head 1.94604 0.277792 0.232608
lclavicle 2.04514e-15 1.958e-14 3.12726e-31
lhumerus -58.6648 -46.1506 114.974
lradius 55.5603 -0 0
lwrist 25.7923 0 0
lhand 38.4787 25.3945 -0.0258764
lfingers 7.12502 -0 0
lthumb 61.1203 37.9206 -0.0269622
rclavicle 2.04514e-15 1.958e-14 3.12726e-31
rhumerus 1.96652 -18.3739 0.234506
rradius 28.9622 -0 0
rwrist -10.1618 0 0
rhand -28.083 -40.3835 0.0104419
rfingers 7.12502 -0 0
rthumb -1.4664 -70.3103 0.0142403
1058
root 1.25503 15.1905 32.7229 5.41412 -3.94643 3.49282
lfemur 7.24992 0.311435 4.7677
ltibia 3.52237 -0 0
lfoot -32.4204 -11.2215 -0.0333253
ltoes -34.1538 0 0
rfemur -29.9733 -13.7767 -7.1501
rtibia 48.1669 -0 0
rfoot -21.3908 3.81723 -0.101527
rtoes -42.0952 0 0
lowerback -2.49099 -0.104912 -0.475311
upperback -0.720154 -0.0908794 -6.19777
thorax 0.625656 -0.0472329 -6.17605
lowerneck -7.48151 0.706315 5.90597
upperneck 2.1277 0.221504 3.87771
head 1.94829 0.273934 0.230193
lclavicle 1.97858e-15 2.02744e-14 3.02234e-31
lhumerus -58.6442 -46.1731 114.988
lradius 55.5663 -0 0
lwrist 25.7799 0 0
lhand 38.4406 25.3908 -0.0243975
lfingers 7.12502 -0 0
lthumb 61.088 37.9534 -0.0258125
rclavicle 1.97858e-15 2.02744e-14 3.02234e-31
rhumerus 1.95303 -18.5605 0.230525
rradius 28.9135 -0 0
rwrist -10.1113 0 0
rhand -28.1983 -40.4236 0.0112877
rfingers 7.12502 -0 0
rthumb -1.57771 -70.3511 0.0148634
1059
root 1.25624 15.1899 32.7207 5.39531 -3.92277 3.47762
lfemur 7.2532 0.341842 4.77638
ltibia 3.54092 -0 0
lfoot -32.4155 -11.1792 -0.0313582
ltoes -34.1523 0 0
rfemur -29.9972 -13.832 -7.11129
rtibia 48.2383 -0 0
rfoot -21.4009 3.86977 -0.0960189
rtoes -42.0391 0 0
lowerback -2.47081 -0.103224 -0.48116
upperback -0.709763 -0.0883275 -6.18362
thorax 0.626633 -0.0459711 -6.15673
lowerneck -7.48656 0.701752 5.92265
upperneck 2.131 0.213198 3.88021
head 1.9505 0.270154 0.227805
lclavicle 1.91338e-15 2.09593e-14 2.91192e-31
lhumerus -58.6241 -46.1952 115.002
lradius 55.5722 -0 0
lwrist 25.7678 0 0
lhand 38.4031 25.3873 -0.0229502
lfingers 7.12502 -0 0
lthumb 61.0562 37.9858 -0.0246641
rclavicle 1.91338e-15 2.09593e-14 2.91192e-31
rhumerus 1.94006 -18.7448 0.22705
rradius 28.865 -0 0
rwrist -10.0614 0 0
rhand -28.3119 -40.4631 0.0120253
rfingers 7.12502 -0 0
rthumb -1.68737 -70.3912 0.0153839
1060
root 1.25741 15.1893 32.7186 5.37684 -3.89971 3.46264
lfemur 7.2566 0.37157 4.78505
ltibia 3.55891 -0 0
lfoot -32.4109 -11.1377 -0.0294363
ltoes -34.1511 0 0
rfemur -30.0207 -13.8863 -7.07317
rtibia 48.3082 -0 0
rfoot -21.4113 3.92146 -0.0906119
rtoes -41.9841 0 0
lowerback -2.45101 -0.101518 -0.486882
upperback -0.699551 -0.0857634 -6.16972
thorax 0.627614 -0.0447004 -6.13776
lowerneck -7.49153 0.697296 5.93912
upperneck 2.13424 0.205064 3.88266
head 1.95266 0.266454 0.225442
lclavicle 1.84961e-15 2.16344e-14 2.79651e-31
lhumerus -58.6043 -46.217 115.015
lradius 55.5779 -0 0
lwrist 25.7559 0 0
lhand 38.3663 25.3839 -0.0215359
lfingers 7.12502 -0 0
lthumb 61.025 38.0178 -0.0235186
rclavicle 1.84961e-15 2.16344e-14 2.79651e-31
rhumerus 1.92762 -18.9265 0.224119
rradius 28.8167 -0 0
rwrist -10.0121 0 0
rhand -28.4237 -40.5018 0.0126567
rfingers 7.12502 -0 0
rthumb -1.79533 -70.4306 0.015804
1061
root 1.25855 15.1886 32.7165 5.35873 -3.87726 3.44789
lfemur 7.26014 0.400577 4.79372
ltibia 3.57632 -0 0
lfoot -32.4065 -11.0968 -0.0275609
ltoes -34.1502 0 0
rfemur -30.0437 -13.9395 -7.03578
rtibia 48.3765 -0 0
rfoot -21.4218 3.97229 -0.0853104
rtoes -41.9303 0 0
lowerback -2.43161 -0.0997921 -0.492471
upperback -0.689522 -0.0831841 -6.15607
thorax 0.6286 -0.043419 -6.11915
lowerneck -7.49642 0.692954 5.95539
upperneck 2.13739 0.19711 3.88506
head 1.95479 0.262838 0.223106
lclavicle 1.78731e-15 2.22996e-14 2.67669e-31
lhumerus -58.5851 -46.2385 115.029
lradius 55.5835 -0 0
lwrist 25.7444 0 0
lhand 38.3301 25.3806 -0.020156
lfingers 7.12502 -0 0
lthumb 60.9943 38.0493 -0.0223775
rclavicle 1.78731e-15 2.22996e-14 2.67669e-31
rhumerus 1.91575 -19.1058 0.221764
rradius 28.7687 -0 0
rwrist -9.96348 0 0
rhand -28.5337 -40.5398 0.0131839
rfingers 7.12502 -0 0
rthumb -1.90154 -70.4693 0.016126
1062
root 1.25964 15.188 32.7144 5.34098 -3.85546 3.43339
lfemur 7.26382 0.428853 4.8024
ltibia 3.5931 -0 0
lfoot -32.4023 -11.0567 -0.0257336
ltoes -34.1496 0 0
rfemur -30.0662 -13.9918 -6.99914
rtibia 48.4431 -0 0
rfoot -21.4324 4.02223 -0.0801187
rtoes -41.8776 0 0
lowerback -2.41263 -0.0980427 -0.497923
upperback -0.679684 -0.080586 -6.14267
thorax 0.629591 -0.0421251 -6.10091
lowerneck -7.50124 0.688729 5.97146
upperneck 2.14047 0.189343 3.8874
head 1.95686 0.259309 0.220797
lclavicle 1.72656e-15 2.29545e-14 2.55299e-31
lhumerus -58.5662 -46.2597 115.043
lradius 55.589 -0 0
lwrist 25.7331 0 0
lhand 38.2945 25.3776 -0.0188114
lfingers 7.12502 -0 0
lthumb 60.9642 38.0804 -0.0212424
rclavicle 1.72656e-15 2.29545e-14 2.55299e-31
rhumerus 1.90448 -19.2826 0.220021
rradius 28.7208 -0 0
rwrist -9.91551 0 0
rhand -28.6418 -40.5771 0.0136093
rfingers 7.12502 -0 0
rthumb -2.00596 -70.5072 0.0163523
1063
root 1.2607 15.1874 32.7124 5.32361 -3.83433 3.41914
lfemur 7.26767 0.456357 4.81108
ltibia 3.60923 -0 0
lfoot -32.3983 -11.0174 -0.0239559
ltoes -34.1493 0 0
rfemur -30.0881 -14.0429 -6.96328
rtibia 48.5081 -0 0
rfoot -21.4433 4.07125 -0.0750413
rtoes -41.8261 0 0
lowerback -2.39407 -0.0962679 -0.503232
upperback -0.670043 -0.0779658 -6.12954
thorax 0.63059 -0.040817 -6.08305
lowerneck -7.50597 0.684627 5.98731
upperneck 2.14347 0.181769 3.88969
head 1.95889 0.25587 0.218514
lclavicle 1.66741e-15 2.3599e-14 2.426e-31
lhumerus -58.5479 -46.2805 115.056
lradius 55.5943 -0 0
lwrist 25.7221 0 0
lhand 38.2596 25.3747 -0.0175033
lfingers 7.12502 -0 0
lthumb 60.9347 38.111 -0.0201148
rclavicle 1.66741e-15 2.3599e-14 2.426e-31
rhumerus 1.89384 -19.4567 0.218924
rradius 28.6732 -0 0
rwrist -9.86821 0 0
rhand -28.748 -40.6135 0.0139352
rfingers 7.12502 -0 0
rthumb -2.10852 -70.5443 0.0164851
1064
root 1.26171 15.1868 32.7104 5.30664 -3.8139 3.40514
lfemur 7.27168 0.48306 4.81979
ltibia 3.62469 -0 0
lfoot -32.3946 -10.9788 -0.022229
ltoes -34.1494 0 0
rfemur -30.1094 -14.0929 -6.92824
rtibia 48.5713 -0 0
rfoot -21.4544 4.11932 -0.0700826
rtoes -41.776 0 0
lowerback -2.37595 -0.094465 -0.508393
upperback -0.660605 -0.0753203 -6.11668
thorax 0.631596 -0.0394929 -6.06559
lowerneck -7.51062 0.680653 6.00295
upperneck 2.14639 0.174397 3.89193
head 1.96088 0.252526 0.216259
lclavicle 1.60994e-15 2.42328e-14 2.29631e-31
lhumerus -58.53 -46.301 115.07
lradius 55.5994 -0 0
lwrist 25.7114 0 0
lhand 38.2255 25.372 -0.0162328
lfingers 7.12502 -0 0
lthumb 60.9058 38.1412 -0.0189963
rclavicle 1.60994e-15 2.42328e-14 2.29631e-31
rhumerus 1.88387 -19.6282 0.218507
rradius 28.6257 -0 0
rwrist -9.82159 0 0
rhand -28.8523 -40.6492 0.014164
rfingers 7.12502 -0 0
rthumb -2.20919 -70.5806 0.0165271
1065
root 1.26267 15.1861 32.7085 5.29008 -3.7942 3.39141
lfemur 7.27589 0.50893 4.82852
ltibia 3.63943 -0 0
lfoot -32.3912 -10.941 -0.0205546
ltoes -34.1499 0 0
rfemur -30.13 -14.1418 -6.89404
rtibia 48.6326 -0 0
rfoot -21.4658 4.16642 -0.0652472
rtoes -41.7271 0 0
lowerback -2.35829 -0.0926316 -0.513399
upperback -0.651376 -0.072646 -6.1041
thorax 0.632612 -0.038151 -6.04853
lowerneck -7.51518 0.676812 6.01838
upperneck 2.14922 0.167233 3.89411
head 1.96281 0.249279 0.214031
lclavicle 1.5542e-15 2.48556e-14 2.16449e-31
lhumerus -58.5127 -46.3211 115.083
lradius 55.6044 -0 0
lwrist 25.701 0 0
lhand 38.192 25.3695 -0.015001
lfingers 7.12502 -0 0
lthumb 60.8775 38.1709 -0.0178884
rclavicle 1.5542e-15 2.48556e-14 2.16449e-31
rhumerus 1.87458 -19.797 0.218806
rradius 28.5784 -0 0
rwrist -9.77566 0 0
rhand -28.9545 -40.684 0.0142981
rfingers 7.12502 -0 0
rthumb -2.30792 -70.616 0.0164808
1066
root 1.26359 15.1855 32.7066 5.27394 -3.77526 3.37795
lfemur 7.28028 0.533937 4.83727
ltibia 3.65343 -0 0
lfoot -32.388 -10.9041 -0.0189339
ltoes -34.1508 0 0
rfemur -30.1501 -14.1895 -6.86071
rtibia 48.6921 -0 0
rfoot -21.4774 4.21253 -0.0605393
rtoes -41.6796 0 0
lowerback -2.3411 -0.0907652 -0.518245
upperback -0.642362 -0.0699396 -6.09181
thorax 0.633638 -0.0367896 -6.0319
lowerneck -7.51966 0.673108 6.03359
upperneck 2.15196 0.160286 3.89622
head 1.9647 0.246134 0.211831
lclavicle 1.50025e-15 2.54673e-14 2.03115e-31
lhumerus -58.4959 -46.3408 115.097
lradius 55.6092 -0 0
lwrist 25.691 0 0
lhand 38.1593 25.3672 -0.0138089
lfingers 7.12502 -0 0
lthumb 60.8498 38.2001 -0.016793
rclavicle 1.50025e-15 2.54673e-14 2.03115e-31
rhumerus 1.86602 -19.9631 0.219855
rradius 28.5313 -0 0
rwrist -9.73043 0 0
rhand -29.0547 -40.7179 0.0143402
rfingers 7.12502 -0 0
rthumb -2.40465 -70.6506 0.0163488
1067
root 1.26446 15.1849 32.7048 5.25823 -3.75711 3.36476
lfemur 7.28488 0.558051 4.84606
ltibia 3.66666 -0 0
lfoot -32.3851 -10.868 -0.0173685
ltoes -34.1521 0 0
rfemur -30.1694 -14.236 -6.82829
rtibia 48.7496 -0 0
rfoot -21.4893 4.25761 -0.0559635
rtoes -41.6335 0 0
lowerback -2.3244 -0.0888634 -0.522926
upperback -0.633569 -0.0671977 -6.07982
thorax 0.634674 -0.035407 -6.0157
lowerneck -7.52404 0.669547 6.04857
upperneck 2.1546 0.153561 3.89828
head 1.96653 0.243093 0.209659
lclavicle 1.44817e-15 2.60675e-14 1.8969e-31
lhumerus -58.4797 -46.3602 115.11
lradius 55.6139 -0 0
lwrist 25.6813 0 0
lhand 38.1274 25.3652 -0.0126578
lfingers 7.12502 -0 0
lthumb 60.8228 38.2288 -0.0157114
rclavicle 1.44817e-15 2.60675e-14 1.8969e-31
rhumerus 1.85822 -20.1264 0.221687
rradius 28.4842 -0 0
rwrist -9.68591 0 0
rhand -29.1527 -40.751 0.0142928
rfingers 7.12502 -0 0
rthumb -2.49934 -70.6843 0.0161339
1068
root 1.26527 15.1842 32.7031 5.24297 -3.73977 3.35187
lfemur 7.28971 0.58124 4.8549
ltibia 3.67909 -0 0
lfoot -32.3826 -10.8328 -0.0158597
ltoes -34.1538 0 0
rfemur -30.1881 -14.2813 -6.7968
rtibia 48.8051 -0 0
rfoot -21.5015 4.30165 -0.0515241
rtoes -41.5888 0 0
lowerback -2.3082 -0.0869235 -0.527437
upperback -0.625003 -0.0644169 -6.06813
thorax 0.635723 -0.0340013 -5.99995
lowerneck -7.52833 0.666133 6.06334
upperneck 2.15715 0.147067 3.90027
head 1.9683 0.240159 0.207515
lclavicle 1.398e-15 2.66562e-14 1.76235e-31
lhumerus -58.464 -46.3792 115.123
lradius 55.6184 -0 0
lwrist 25.672 0 0
lhand 38.0963 25.3633 -0.0115486
lfingers 7.12502 -0 0
lthumb 60.7965 38.257 -0.0146454
rclavicle 1.398e-15 2.66562e-14 1.76235e-31
rhumerus 1.85119 -20.2868 0.224337
rradius 28.4372 -0 0
rwrist -9.64212 0 0
rhand -29.2486 -40.7831 0.0141586
rfingers 7.12502 -0 0
rthumb -2.59193 -70.7171 0.0158388
1069
root 1.26604 15.1836 32.7014 5.22818 -3.72328 3.33926
lfemur 7.29476 0.603475 4.86378
ltibia 3.69069 -0 0
lfoot -32.3803 -10.7985 -0.0144089
ltoes -34.156 0 0
rfemur -30.2061 -14.3253 -6.76627
rtibia 48.8585 -0 0
rfoot -21.5141 4.34461 -0.0472255
rtoes -41.5456 0 0
lowerback -2.29252 -0.0849432 -0.531771
upperback -0.616671 -0.061594 -6.05676
thorax 0.636786 -0.0325709 -5.98465
lowerneck -7.53253 0.662872 6.07787
upperneck 2.1596 0.14081 3.9022
head 1.97002 0.237337 0.205399
lclavicle 1.34981e-15 2.72329e-14 1.62813e-31
lhumerus -58.4489 -46.3977 115.137
lradius 55.6227 -0 0
lwrist 25.6631 0 0
lhand 38.066 25.3617 -0.0104824
lfingers 7.12502 -0 0
lthumb 60.7708 38.2848 -0.0135967
rclavicle 1.34981e-15 2.72329e-14 1.62813e-31
rhumerus 1.84498 -20.4443 0.227839
rradius 28.3903 -0 0
rwrist -9.59907 0 0
rhand -29.3423 -40.8143 0.0139404
rfingers 7.12502 -0 0
rthumb -2.68237 -70.7489 0.0154663
1070
root 1.26675 15.1829 32.6998 5.21386 -3.70765 3.32696
lfemur 7.30006 0.624725 4.87271
ltibia 3.70143 -0 0
lfoot -32.3784 -10.7651 -0.0130175
ltoes -34.1586 0 0
rfemur -30.2233 -14.368 -6.73673
rtibia 48.9097 -0 0
rfoot -21.527 4.38648 -0.0430721
rtoes -41.5039 0 0
lowerback -2.27736 -0.08292 -0.535924
upperback -0.608579 -0.0587256 -6.0457
thorax 0.637862 -0.0311138 -5.96983
lowerneck -7.53662 0.659767 6.09218
upperneck 2.16195 0.134799 3.90406
head 1.97168 0.23463 0.203312
lclavicle 1.30367e-15 2.77974e-14 1.49485e-31
lhumerus -58.4345 -46.4159 115.15
lradius 55.6268 -0 0
lwrist 25.6545 0 0
lhand 38.0365 25.3604 -0.00946034
lfingers 7.12502 -0 0
lthumb 60.7459 38.312 -0.0125668
rclavicle 1.30367e-15 2.77974e-14 1.49485e-31
rhumerus 1.83962 -20.5989 0.232228
rradius 28.3435 -0 0
rwrist -9.55676 0 0
rhand -29.4337 -40.8445 0.0136409
rfingers 7.12502 -0 0
rthumb -2.77066 -70.7797 0.0150189
1071
root 1.2674 15.1822 32.6983 5.20002 -3.69292 3.31497
lfemur 7.30562 0.644959 4.88171
ltibia 3.71128 -0 0
lfoot -32.3768 -10.7326 -0.011687
ltoes -34.1618 0 0
rfemur -30.2397 -14.4093 -6.70821
rtibia 48.9587 -0 0
rfoot -21.5402 4.42721 -0.0390684
rtoes -41.4638 0 0
lowerback -2.26275 -0.0808512 -0.539889
upperback -0.600733 -0.0558082 -6.03498
thorax 0.638954 -0.0296285 -5.95548
lowerneck -7.54062 0.656825 6.10625
upperneck 2.16419 0.129039 3.90584
head 1.97329 0.232042 0.201254
lclavicle 1.25964e-15 2.83497e-14 1.36314e-31
lhumerus -58.4206 -46.4337 115.163
lradius 55.6307 -0 0
lwrist 25.6463 0 0
lhand 38.0078 25.3593 -0.00848346
lfingers 7.12502 -0 0
lthumb 60.7217 38.3387 -0.0115574
rclavicle 1.25964e-15 2.83497e-14 1.36314e-31
rhumerus 1.83513 -20.7506 0.237537
rradius 28.2967 -0 0
rwrist -9.51521 0 0
rhand -29.5228 -40.8738 0.0132625
rfingers 7.12502 -0 0
rthumb -2.85667 -70.8096 0.0145001
1072
root 1.26799 15.1816 32.6968 5.18669 -3.67912 3.30329
lfemur 7.31144 0.664146 4.89077
ltibia 3.7202 -0 0
lfoot -32.3755 -10.7011 -0.0104187
ltoes -34.1655 0 0
rfemur -30.2554 -14.4493 -6.68074
rtibia 49.0054 -0 0
rfoot -21.5539 4.4668 -0.0352187
rtoes -41.4254 0 0
lowerback -2.24871 -0.0787346 -0.543662
upperback -0.593138 -0.0528385 -6.0246
thorax 0.640062 -0.0281131 -5.94164
lowerneck -7.54452 0.654049 6.12008
upperneck 2.16632 0.12354 3.90756
head 1.97483 0.229575 0.199224
lclavicle 1.21778e-15 2.88893e-14 1.23364e-31
lhumerus -58.4075 -46.451 115.176
lradius 55.6344 -0 0
lwrist 25.6386 0 0
lhand 37.98 25.3585 -0.00755285
lfingers 7.12502 -0 0
lthumb 60.6982 38.3648 -0.0105702
rclavicle 1.21778e-15 2.88893e-14 1.23364e-31
rhumerus 1.83155 -20.8991 0.243801
rradius 28.2499 -0 0
rwrist -9.47444 0 0
rhand -29.6095 -40.902 0.0128086
rfingers 7.12502 -0 0
rthumb -2.94038 -70.8384 0.0139124
1073
root 1.26853 15.1809 32.6953 5.17387 -3.66627 3.29193
lfemur 7.31754 0.682257 4.8999
ltibia 3.72817 -0 0
lfoot -32.3746 -10.6706 -0.009214
ltoes -34.1697 0 0
rfemur -30.2702 -14.4878 -6.65436
rtibia 49.0498 -0 0
rfoot -21.5679 4.50521 -0.0315274
rtoes -41.3886 0 0
lowerback -2.23523 -0.0765675 -0.547237
upperback -0.585801 -0.0498133 -6.01456
thorax 0.641188 -0.0265658 -5.9283
lowerneck -7.54831 0.651446 6.13368
upperneck 2.16835 0.118306 3.90921
head 1.97631 0.227233 0.197224
lclavicle 1.17815e-15 2.9416e-14 1.10697e-31
lhumerus -58.3949 -46.4679 115.19
lradius 55.6379 -0 0
lwrist 25.6313 0 0
lhand 37.9532 25.3579 -0.00666959
lfingers 7.12502 -0 0
lthumb 60.6755 38.3904 -0.00960674
rclavicle 1.17815e-15 2.9416e-14 1.10697e-31
rhumerus 1.82891 -21.0446 0.251053
rradius 28.2032 -0 0
rwrist -9.43444 0 0
rhand -29.6938 -40.9291 0.0122818
rfingers 7.12502 -0 0
rthumb -3.02176 -70.8662 0.0132587
1074
root 1.269 15.1802 32.694 5.16158 -3.6544 3.28091
lfemur 7.32393 0.69926 4.90911
ltibia 3.73516 -0 0
lfoot -32.3741 -10.6411 -0.00807438
ltoes -34.1745 0 0
rfemur -30.2841 -14.5249 -6.62909
rtibia 49.0918 -0 0
rfoot -21.5824 4.54242 -0.027999
rtoes -41.3534 0 0
lowerback -2.22235 -0.0743475 -0.550609
upperback -0.578729 -0.046729 -6.00487
thorax 0.642332 -0.0249849 -5.91548
lowerneck -7.55199 0.649019 6.14703
upperneck 2.17025 0.113347 3.91078
head 1.97773 0.22502 0.195254
lclavicle 1.14081e-15 2.99297e-14 9.83774e-32
lhumerus -58.3831 -46.4844 115.203
lradius 55.6412 -0 0
lwrist 25.6244 0 0
lhand 37.9272 25.3576 -0.00583477
lfingers 7.12502 -0 0
lthumb 60.6536 38.4155 -0.00866881
rclavicle 1.14081e-15 2.99297e-14 9.83774e-32
rhumerus 1.82723 -21.1869 0.259329
rradius 28.1564 -0 0
rwrist -9.39523 0 0
rhand -29.7755 -40.9552 0.0116848
rfingers 7.12502 -0 0
rthumb -3.10074 -70.8929 0.0125419
1075
root 1.2694 15.1795 32.6927 5.14984 -3.64354 3.27022
lfemur 7.33063 0.715125 4.91841
ltibia 3.74114 -0 0
lfoot -32.374 -10.6126 -0.00700122
ltoes -34.1798 0 0
rfemur -30.2972 -14.5606 -6.60496
rtibia 49.1313 -0 0
rfoot -21.5974 4.5784 -0.0246379
rtoes -41.3201 0 0
lowerback -2.21007 -0.072072 -0.553771
upperback -0.571927 -0.0435823 -5.99555
thorax 0.643495 -0.0233687 -5.9032
lowerneck -7.55557 0.646773 6.16014
upperneck 2.17204 0.10867 3.91227
head 1.97908 0.222938 0.193313
lclavicle 1.10584e-15 3.043e-14 8.64668e-32
lhumerus -58.372 -46.5005 115.216
lradius 55.6442 -0 0
lwrist 25.6179 0 0
lhand 37.9021 25.3576 -0.00504947
lfingers 7.12502 -0 0
lthumb 60.6325 38.44 -0.00775801
rclavicle 1.10584e-15 3.043e-14 8.64668e-32
rhumerus 1.82654 -21.3261 0.268661
rradius 28.1096 -0 0
rwrist -9.35683 0 0
rhand -29.8548 -40.9802 0.0110203
rfingers 7.12502 -0 0
rthumb -3.17728 -70.9185 0.0117647
1076
root 1.26974 15.1788 32.6915 5.13865 -3.63372 3.25988
lfemur 7.33764 0.729822 4.9278
ltibia 3.74607 -0 0
lfoot -32.3743 -10.5852 -0.00599595
ltoes -34.1858 0 0
rfemur -30.3094 -14.5947 -6.582
rtibia 49.1682 -0 0
rfoot -21.6128 4.61313 -0.0214486
rtoes -41.2885 0 0
lowerback -2.19842 -0.0697387 -0.556719
upperback -0.565402 -0.04037 -5.9866
thorax 0.644679 -0.0217153 -5.89146
lowerneck -7.55904 0.644715 6.173
upperneck 2.17371 0.104281 3.91369
head 1.98036 0.220993 0.191402
lclavicle 1.07328e-15 3.09168e-14 7.50285e-32
lhumerus -58.3616 -46.516 115.229
lradius 55.6471 -0 0
lwrist 25.6119 0 0
lhand 37.8781 25.358 -0.00431479
lfingers 7.12502 -0 0
lthumb 60.6122 38.464 -0.006876
rclavicle 1.07328e-15 3.09168e-14 7.50285e-32
rhumerus 1.82689 -21.462 0.279084
rradius 28.0627 -0 0
rwrist -9.31924 0 0
rhand -29.9315 -41.0041 0.0102911
rfingers 7.12502 -0 0
rthumb -3.25133 -70.9429 0.01093
1077
root 1.27001 15.178 32.6904 5.12802 -3.62496 3.24988
lfemur 7.34498 0.743319 4.93728
ltibia 3.74993 -0 0
lfoot -32.375 -10.5588 -0.00506
ltoes -34.1924 0 0
rfemur -30.3206 -14.6273 -6.56024
rtibia 49.2026 -0 0
rfoot -21.6287 4.64657 -0.0184355
rtoes -41.2587 0 0
lowerback -2.18739 -0.067345 -0.559446
upperback -0.559159 -0.0370885 -5.97802
thorax 0.645885 -0.0200231 -5.88028
lowerneck -7.56239 0.642847 6.18561
upperneck 2.17526 0.100187 3.91502
head 1.98158 0.219186 0.189522
lclavicle 1.0432e-15 3.13898e-14 6.41248e-32
lhumerus -58.3519 -46.5312 115.242
lradius 55.6497 -0 0
lwrist 25.6063 0 0
lhand 37.8549 25.3586 -0.00363184
lfingers 7.12502 -0 0
lthumb 60.5927 38.4874 -0.00602444
rclavicle 1.0432e-15 3.13898e-14 6.41248e-32
rhumerus 1.82829 -21.5946 0.290632
rradius 28.0157 -0 0
rwrist -9.28248 0 0
rhand -30.0056 -41.0268 0.00949987
rfingers 7.12502 -0 0
rthumb -3.32287 -70.9663 0.0100403
1078
root 1.27021 15.1773 32.6893 5.11798 -3.6173 3.24025
lfemur 7.35266 0.755586 4.94687
ltibia 3.75269 -0 0
lfoot -32.3761 -10.5335 -0.00419482
ltoes -34.1996 0 0
rfemur -30.3309 -14.6584 -6.53971
rtibia 49.2342 -0 0
rfoot -21.6451 4.67871 -0.0156031
rtoes -41.2309 0 0
lowerback -2.17702 -0.0648883 -0.561948
upperback -0.553205 -0.0337346 -5.96983
thorax 0.647113 -0.0182901 -5.86967
lowerneck -7.56563 0.641176 6.19797
upperneck 2.17667 0.0963973 3.91627
head 1.98272 0.217522 0.187672
lclavicle 1.01567e-15 3.18487e-14 5.38177e-32
lhumerus -58.343 -46.5458 115.255
lradius 55.652 -0 0
lwrist 25.6013 0 0
lhand 37.8328 25.3595 -0.00300172
lfingers 7.12502 -0 0
lthumb 60.5741 38.5102 -0.00520498
rclavicle 1.01567e-15 3.18487e-14 5.38177e-32
rhumerus 1.83079 -21.7239 0.30334
rradius 27.9687 -0 0
rwrist -9.24656 0 0
rhand -30.077 -41.0483 0.00864897
rfingers 7.12502 -0 0
rthumb -3.39179 -70.9884 0.00909891
1079
root 1.27034 15.1765 32.6884 5.10854 -3.61076 3.23099
lfemur 7.36069 0.766592 4.95656
ltibia 3.75431 -0 0
lfoot -32.3777 -10.5094 -0.00340186
ltoes -34.2075 0 0
rfemur -30.3402 -14.6878 -6.52045
rtibia 49.2632 -0 0
rfoot -21.662 4.70952 -0.012956
rtoes -41.2049 0 0
lowerback -2.1673 -0.0623663 -0.56422
upperback -0.547545 -0.0303049 -5.96204
thorax 0.648365 -0.0165148 -5.85964
lowerneck -7.56875 0.639706 6.21007
upperneck 2.17796 0.0929176 3.91744
head 1.98379 0.216003 0.185852
lclavicle 9.90746e-16 3.22934e-14 4.41685e-32
lhumerus -58.3348 -46.56 115.269
lradius 55.6541 -0 0
lwrist 25.5967 0 0
lhand 37.8117 25.3608 -0.00242555
lfingers 7.12502 -0 0
lthumb 60.5563 38.5324 -0.00441926
rclavicle 9.90746e-16 3.22934e-14 4.41685e-32
rhumerus 1.8344 -21.8498 0.317241
rradius 27.9216 -0 0
rwrist -9.21149 0 0
rhand -30.1456 -41.0687 0.00774166
rfingers 7.12502 -0 0
rthumb -3.45807 -71.0093 0.00810825
1080
root 1.2704 15.1758 32.6875 5.0997 -3.60537 3.2221
lfemur 7.36909 0.776308 4.96637
ltibia 3.75477 -0 0
lfoot -32.3797 -10.4864 -0.0026826
ltoes -34.2161 0 0
rfemur -30.3485 -14.7156 -6.50247
rtibia 49.2893 -0 0
rfoot -21.6795 4.73898 -0.0104986
rtoes -41.1809 0 0
lowerback -2.15827 -0.0597763 -0.566254
upperback -0.542187 -0.0267961 -5.95465
thorax 0.649642 -0.0146952 -5.85021
lowerneck -7.57174 0.638443 6.22191
upperneck 2.17911 0.0897557 3.91852
head 1.98479 0.214634 0.184064
lclavicle 9.68492e-16 3.27235e-14 3.52376e-32
lhumerus -58.3275 -46.5737 115.282
lradius 55.656 -0 0
lwrist 25.5926 0 0
lhand 37.7916 25.3625 -0.00190447
lfingers 7.12502 -0 0
lthumb 60.5394 38.554 -0.00366891
rclavicle 9.68492e-16 3.27235e-14 3.52376e-32
rhumerus 1.83916 -21.9722 0.33237
rradius 27.8743 -0 0
rwrist -9.17727 0 0
rhand -30.2115 -41.0878 0.00678009
rfingers 7.12502 -0 0
rthumb -3.52166 -71.029 0.00707088
1081
root 1.27038 15.175 32.6867 5.09148 -3.60116 3.21358
lfemur 7.37786 0.784701 4.9763
ltibia 3.75403 -0 0
lfoot -32.3821 -10.4645 -0.00203854
ltoes -34.2254 0 0
rfemur -30.3558 -14.7418 -6.48581
rtibia 49.3125 -0 0
rfoot -21.6976 4.76705 -0.0082357
rtoes -41.159 0 0
lowerback -2.14993 -0.0571158 -0.568047
upperback -0.537136 -0.0232048 -5.94767
thorax 0.650944 -0.0128297 -5.84139
lowerneck -7.57462 0.63739 6.23349
upperneck 2.18013 0.0869187 3.91952
head 1.98571 0.213417 0.182306
lclavicle 9.48971e-16 3.31389e-14 2.70848e-32
lhumerus -58.321 -46.5869 115.295
lradius 55.6576 -0 0
lwrist 25.5891 0 0
lhand 37.7726 25.3644 -0.00143962
lfingers 7.12502 -0 0
lthumb 60.5234 38.575 -0.00295557
rclavicle 9.48971e-16 3.31389e-14 2.70848e-32
rhumerus 1.8451 -22.0912 0.34876
rradius 27.8268 -0 0
rwrist -9.14393 0 0
rhand -30.2745 -41.1056 0.00576668
rfingers 7.12502 -0 0
rthumb -3.58251 -71.0475 0.00598932
1082
root 1.27028 15.1742 32.6859 5.0839 -3.59816 3.20546
lfemur 7.38701 0.791742 4.98636
ltibia 3.75207 -0 0
lfoot -32.3851 -10.4439 -0.00147119
ltoes -34.2354 0 0
rfemur -30.362 -14.7662 -6.47051
rtibia 49.3329 -0 0
rfoot -21.7163 4.79371 -0.00617176
rtoes -41.139 0 0
lowerback -2.1423 -0.0543824 -0.569592
upperback -0.532399 -0.0195277 -5.94111
thorax 0.652273 -0.0109164 -5.83318
lowerneck -7.57738 0.636553 6.2448
upperneck 2.18101 0.0844139 3.92042
head 1.98656 0.212357 0.18058
lclavicle 9.32243e-16 3.35393e-14 1.97686e-32
lhumerus -58.3153 -46.5996 115.308
lradius 55.659 -0 0
lwrist 25.586 0 0
lhand 37.7546 25.3668 -0.00103217
lfingers 7.12502 -0 0
lthumb 60.5084 38.5954 -0.00228085
rclavicle 9.32243e-16 3.35393e-14 1.97686e-32
rhumerus 1.85226 -22.2066 0.366447
rradius 27.7792 -0 0
rwrist -9.11147 0 0
rhand -30.3346 -41.1222 0.00470379
rfingers 7.12502 -0 0
rthumb -3.64058 -71.0646 0.00486601
1083
root 1.2701 15.1734 32.6853 5.07697 -3.59638 3.19774
lfemur 7.39657 0.7974 4.99655
ltibia 3.74886 -0 0
lfoot -32.3885 -10.4244 -0.00098209
ltoes -34.2462 0 0
rfemur -30.3671 -14.7889 -6.45658
rtibia 49.3502 -0 0
rfoot -21.7356 4.81893 -0.00431148
rtoes -41.1212 0 0
lowerback -2.13539 -0.0515735 -0.570885
upperback -0.527981 -0.0157614 -5.93498
thorax 0.65363 -0.00895369 -5.82561
lowerneck -7.58 0.635937 6.25584
upperneck 2.18175 0.0822486 3.92123
head 1.98733 0.211457 0.178886
lclavicle 9.18373e-16 3.39245e-14 1.33466e-32
lhumerus -58.3104 -46.6117 115.322
lradius 55.6601 -0 0
lwrist 25.5836 0 0
lhand 37.7378 25.3695 -0.000683273
lfingers 7.12502 -0 0
lthumb 60.4943 38.6151 -0.00164635
rclavicle 9.18373e-16 3.39245e-14 1.33466e-32
rhumerus 1.86066 -22.3185 0.385464
rradius 27.7315 -0 0
rwrist -9.07991 0 0
rhand -30.3918 -41.1375 0.00359362
rfingers 7.12502 -0 0
rthumb -3.69582 -71.0805 0.00370327
1084
root 1.26984 15.1726 32.6847 5.0707 -3.59587 3.19041
lfemur 7.40653 0.801645 5.00688
ltibia 3.74436 -0 0
lfoot -32.3925 -10.4062 -0.000572793
ltoes -34.2577 0 0
rfemur -30.3711 -14.8099 -6.44406
rtibia 49.3645 -0 0
rfoot -21.7555 4.8427 -0.00265959
rtoes -41.1055 0 0
lowerback -2.12921 -0.0486866 -0.571919
upperback -0.523888 -0.0119026 -5.92928
thorax 0.655016 -0.00693967 -5.81869
lowerneck -7.5825 0.635546 6.26661
upperneck 2.18234 0.0804301 3.92195
head 1.98802 0.210719 0.177223
lclavicle 9.07423e-16 3.42941e-14 7.8749e-33
lhumerus -58.3065 -46.6234 115.335
lradius 55.6609 -0 0
lwrist 25.5816 0 0
lhand 37.7221 25.3726 -0.000394138
lfingers 7.12502 -0 0
lthumb 60.4811 38.6343 -0.00105366
rclavicle 9.07423e-16 3.42941e-14 7.8749e-33
rhumerus 1.87033 -22.4267 0.405846
rradius 27.6835 -0 0
rwrist -9.04925 0 0
rhand -30.446 -41.1514 0.00243831
rfingers 7.12502 -0 0
rthumb -3.74816 -71.095 0.00250332
1085
root 1.26949 15.1718 32.6843 5.06511 -3.59665 3.1835
lfemur 7.41692 0.804444 5.01736
ltibia 3.73854 -0 0
lfoot -32.3969 -10.3892 -0.000244891
ltoes -34.2701 0 0
rfemur -30.374 -14.829 -6.43298
rtibia 49.3756 -0 0
rfoot -21.7761 4.86498 -0.00122082
rtoes -41.092 0 0
lowerback -2.12379 -0.0457191 -0.57269
upperback -0.520128 -0.00794792 -5.92402
thorax 0.656431 -0.00487259 -5.81242
lowerneck -7.58487 0.635386 6.27711
upperneck 2.18278 0.0789657 3.92257
head 1.98863 0.210148 0.175592
lclavicle 8.99455e-16 3.46481e-14 3.40832e-33
lhumerus -58.3034 -46.6345 115.349
lradius 55.6614 -0 0
lwrist 25.5802 0 0
lhand 37.7074 25.376 -0.00016597
lfingers 7.12502 -0 0
lthumb 60.4689 38.6528 -0.000504357
rclavicle 8.99455e-16 3.46481e-14 3.40832e-33
rhumerus 1.8813 -22.5312 0.427628
rradius 27.6353 -0 0
rwrist -9.01951 0 0
rhand -30.4972 -41.164 0.00123983
rfingers 7.12502 -0 0
rthumb -3.79758 -71.1082 0.00126824
1086
root 1.26906 15.1709 32.6839 5.0602 -3.59875 363.177
lfemur 7.42774 0.805769 5.02798
ltibia 3.73138 0 0
lfoot -32.4019 -10.3735 0
ltoes -34.2832 0 0
rfemur -30.3757 -14.8463 -6.42336
rtibia 49.3836 0 0
rfoot -21.7973 4.88575 0
rtoes -41.0807 0 0
lowerback -2.11914 -0.0426684 -0.573191
upperback -0.516705 -0.0038941 -5.91922
thorax 0.657878 -0.0027507 -5.80682
lowerneck -7.5871 0.635462 6.28733
upperneck 2.18307 0.0778626 3.9231
head 1.98915 0.209747 0.173994
lclavicle 8.94531e-16 3.49861e-14 0
lhumerus -58.3012 -46.6451 115.362
lradius 55.6617 0 0
lwrist 25.5794 0 0
lhand 37.694 25.3799 0
lfingers 7.12502 0 0
lthumb 60.4577 38.6706 0
rclavicle 8.94531e-16 3.49861e-14 0
rhumerus 1.89361 -22.632 0.450844
rradius 27.5868 0 0
rwrist -8.99069 0 0
rhand -30.5453 -41.1752 0
rfingers 7.12502 0 0
rthumb -3.84401 -791.12 0
