:FULLY-SPECIFIED
:FORCE-ALL-JOINTS-BE-3DOF
:DEGREES
1
root 6.24314 16.836 -28.1378 9.0217 -2.52979 -3.05774
lfemur -20.3712 2.30257 -19.9954
ltibia 35.927 0 0
lfoot -38.654 3.93715 0
ltoes 38.9541 0 0
rfemur -19.4747 0.22019 19.5256
rtibia 36.0342 0 0
rfoot -30.3779 -10.4967 0
rtoes 21.4483 0 0
lowerback -2.05144 3.66971 -5.03766
upperback -2.66728 5.00355 3.49279
thorax -2.36397 2.67023 6.42441
lowerneck -9.84699 -2.36864 1.94815
upperneck -1.37933 -3.32542 -1.65382
head 1.16433 -1.69823 -0.975663
lclavicle -1.65488e-14 -3.69739e-14 0
lhumerus -41.7253 -10.8128 99.8312
lradius 34.5094 0 0
lwrist 2.17521 0 0
lhand -10.5949 9.65639 0
lfingers 7.12502 0 0
lthumb 15.4107 39.062 0
rclavicle -1.65488e-14 -3.69739e-14 0
rhumerus -43.273 -4.86223 -84.2703
rradius 40.4763 0 0
rwrist 9.89469 0 0
rhand -23.7965 -22.476 0
rfingers 7.12502 0 0
rthumb 2.67393 -52.439 0
2
root 6.23986 16.8415 -28.1214 9.10586 -2.72635 -2.90646
lfemur -20.2393 2.30106 -20.181
ltibia 35.6943 0 0
lfoot -38.627 4.08266 0
ltoes 38.8958 0 0
rfemur -19.3195 0.281789 19.3436
rtibia 35.6674 0 0
rfoot -30.4349 -10.4878 0
rtoes 21.6752 0 0
lowerback -2.35909 3.67412 -4.99904
upperback -2.65123 5.01751 3.35264
thorax -2.15973 2.6673 6.27829
lowerneck -9.84028 -2.34024 1.97093
upperneck -1.3918 -3.29159 -1.57276
head 1.16053 -1.67968 -0.952427
lclavicle -4.74019e-14 -3.90943e-14 0
lhumerus -41.8171 -10.7047 99.6114
lradius 34.5812 0 0
lwrist 2.28498 0 0
lhand -10.9411 7.50361 0
lfingers 7.12502 0 0
lthumb 15.0771 36.9339 0
rclavicle -4.74019e-14 -3.90943e-14 0
rhumerus -43.4846 -4.72073 -84.518
rradius 40.7524 0 0
rwrist 9.88171 0 0
rhand -23.8607 -22.4454 0
rfingers 7.12502 0 0
rthumb 2.61193 -52.4092 0
3
root 6.23657 16.847 -28.105 9.19002 -2.9229 -2.75517
lfemur -20.1075 2.29956 -20.3666
ltibia 35.4616 0 0
lfoot -38.5999 4.22816 0
ltoes 38.8374 0 0
rfemur -19.1644 0.343387 19.1616
rtibia 35.3006 0 0
rfoot -30.4919 -10.479 0
rtoes 21.9021 0 0
lowerback -2.66673 3.67853 -4.96042
upperback -2.63518 5.03148 3.21249
thorax -1.95548 2.66436 6.13218
lowerneck -9.83357 -2.31184 1.99372
upperneck -1.40428 -3.25775 -1.49171
head 1.15674 -1.66113 -0.929192
lclavicle -7.82549e-14 -4.12147e-14 0
lhumerus -41.909 -10.5967 99.3916
lradius 34.6529 0 0
lwrist 2.39475 0 0
lhand -11.2874 5.35084 0
lfingers 7.12502 0 0
lthumb 14.7436 34.8059 0
rclavicle -7.82549e-14 -4.12147e-14 0
rhumerus -43.6963 -4.57923 -84.7657
rradius 41.0286 0 0
rwrist 9.86873 0 0
rhand -23.9249 -22.4148 0
rfingers 7.12502 0 0
rthumb 2.54992 -52.3793 0
4
root 6.23329 16.8525 -28.0886 9.27418 -3.11946 -2.60389
lfemur -19.9756 2.29805 -20.5522
ltibia 35.2289 0 0
lfoot -38.5729 4.37367 0
ltoes 38.7791 0 0
rfemur -19.0092 0.404986 18.9796
rtibia 34.9338 0 0
rfoot -30.5489 -10.4701 0
rtoes 22.129 0 0
lowerback -2.97438 3.68294 -4.9218
upperback -2.61913 5.04544 3.07234
thorax -1.75124 2.66143 5.98606
lowerneck -9.82686 -2.28344 2.0165
upperneck -1.41675 -3.22392 -1.41065
head 1.15294 -1.64258 -0.905956
lclavicle -1.09108e-13 -4.33351e-14 0
lhumerus -42.0008 -10.4886 99.1718
lradius 34.7247 0 0
lwrist 2.50452 0 0
lhand -11.6336 3.19806 0
lfingers 7.12502 0 0
lthumb 14.41 32.6778 0
rclavicle -1.09108e-13 -4.33351e-14 0
rhumerus -43.9079 -4.43773 -85.0134
rradius 41.3047 0 0
rwrist 9.85575 0 0
rhand -23.9891 -22.3842 0
rfingers 7.12502 0 0
rthumb 2.48792 -52.3495 0
5
root 6.24471 16.8498 -28.075 9.1264 -3.01583 -2.54485
lfemur -19.8717 2.38473 -20.5574
ltibia 35.2369 0 0
lfoot -38.4181 4.24021 0
ltoes 38.7243 0 0
rfemur -19.6337 0.212467 19.2769
rtibia 35.3828 0 0
rfoot -30.1708 -10.1904 0
rtoes 21.691 0 0
lowerback -2.82253 3.62769 -4.95272
upperback -2.55697 4.95951 3.03348
thorax -1.75894 2.61739 5.97145
lowerneck -9.84673 -2.27144 1.99648
upperneck -1.40386 -3.207 -1.37321
head 1.16142 -1.63299 -0.890048
lclavicle -1.08267e-13 -4.28901e-14 0
lhumerus -41.9918 -10.5861 99.1039
lradius 34.8613 0 0
lwrist 2.62171 0 0
lhand -11.4698 3.22708 0
lfingers 7.12502 0 0
lthumb 14.5668 32.6842 0
rclavicle -1.08267e-13 -4.28901e-14 0
rhumerus -43.918 -4.6123 -84.812
rradius 41.6168 0 0
rwrist 9.48296 0 0
rhand -24.0286 -22.4179 0
rfingers 7.12502 0 0
rthumb 2.44972 -52.3832 0
6
root 6.25613 16.8472 -28.0615 8.97863 -2.9122 -2.48581
lfemur -19.7678 2.4714 -20.5626
ltibia 35.2449 0 0
lfoot -38.2633 4.10676 0
ltoes 38.6695 0 0
rfemur -20.2581 0.0199474 19.5742
rtibia 35.8317 0 0
rfoot -29.7928 -9.9107 0
rtoes 21.2529 0 0
lowerback -2.67067 3.57245 -4.98365
upperback -2.49481 4.87358 2.99461
thorax -1.76663 2.57335 5.95684
lowerneck -9.86661 -2.25945 1.97647
upperneck -1.39098 -3.19008 -1.33576
head 1.16991 -1.6234 -0.874139
lclavicle -1.07427e-13 -4.2445e-14 0
lhumerus -41.9829 -10.6837 99.0359
lradius 34.9979 0 0
lwrist 2.73889 0 0
lhand -11.306 3.25609 0
lfingers 7.12502 0 0
lthumb 14.7237 32.6907 0
rclavicle -1.07427e-13 -4.2445e-14 0
rhumerus -43.928 -4.78687 -84.6106
rradius 41.929 0 0
rwrist 9.11016 0 0
rhand -24.0682 -22.4516 0
rfingers 7.12502 0 0
rthumb 2.41153 -52.4169 0
7
root 6.26755 16.8445 -28.0479 8.83085 -2.80857 -2.42677
lfemur -19.6639 2.55808 -20.5678
ltibia 35.2529 0 0
lfoot -38.1085 3.9733 0
ltoes 38.6148 0 0
rfemur -20.8826 -0.172572 19.8715
rtibia 36.2807 0 0
rfoot -29.4147 -9.631 0
rtoes 20.8149 0 0
lowerback -2.51882 3.5172 -5.01457
upperback -2.43264 4.78764 2.95575
thorax -1.77433 2.52932 5.94222
lowerneck -9.88648 -2.24745 1.95645
upperneck -1.37809 -3.17317 -1.29832
head 1.17839 -1.61381 -0.858231
lclavicle -1.06586e-13 -4.2e-14 0
lhumerus -41.9739 -10.7812 98.968
lradius 35.1345 0 0
lwrist 2.85608 0 0
lhand -11.1422 3.28511 0
lfingers 7.12502 0 0
lthumb 14.8805 32.6971 0
rclavicle -1.06586e-13 -4.2e-14 0
rhumerus -43.9381 -4.96145 -84.4092
rradius 42.2411 0 0
rwrist 8.73737 0 0
rhand -24.1077 -22.4854 0
rfingers 7.12502 0 0
rthumb 2.37333 -52.4506 0
8
root 6.27897 16.8418 -28.0343 8.68307 -2.70494 -2.36773
lfemur -19.56 2.64475 -20.573
ltibia 35.2609 0 0
lfoot -37.9537 3.83984 0
ltoes 38.56 0 0
rfemur -21.507 -0.365091 20.1688
rtibia 36.7296 0 0
rfoot -29.0366 -9.3513 0
rtoes 20.3768 0 0
lowerback -2.36697 3.46196 -5.04549
upperback -2.37048 4.70171 2.91688
thorax -1.78202 2.48528 5.92761
lowerneck -9.90635 -2.23546 1.93643
upperneck -1.36521 -3.15625 -1.26087
head 1.18688 -1.60421 -0.842323
lclavicle -1.05746e-13 -4.15549e-14 0
lhumerus -41.9649 -10.8788 98.9001
lradius 35.2711 0 0
lwrist 2.97327 0 0
lhand -10.9784 3.31412 0
lfingers 7.12502 0 0
lthumb 15.0374 32.7036 0
rclavicle -1.05746e-13 -4.15549e-14 0
rhumerus -43.9481 -5.13602 -84.2078
rradius 42.5532 0 0
rwrist 8.36457 0 0
rhand -24.1473 -22.5191 0
rfingers 7.12502 0 0
rthumb 2.33514 -52.4843 0
9
root 6.2904 16.8392 -28.0207 8.5353 -2.60131 -2.30869
lfemur -19.4561 2.73143 -20.5782
ltibia 35.2689 0 0
lfoot -37.7989 3.70639 0
ltoes 38.5052 0 0
rfemur -22.1315 -0.55761 20.4661
rtibia 37.1786 0 0
rfoot -28.6586 -9.0716 0
rtoes 19.9388 0 0
lowerback -2.21511 3.40671 -5.07642
upperback -2.30832 4.61578 2.87802
thorax -1.78972 2.44124 5.913
lowerneck -9.92622 -2.22346 1.91642
upperneck -1.35232 -3.13933 -1.22343
head 1.19536 -1.59462 -0.826414
lclavicle -1.04905e-13 -4.11099e-14 0
lhumerus -41.956 -10.9763 98.8321
lradius 35.4077 0 0
lwrist 3.09046 0 0
lhand -10.8146 3.34314 0
lfingers 7.12502 0 0
lthumb 15.1942 32.71 0
rclavicle -1.04905e-13 -4.11099e-14 0
rhumerus -43.9582 -5.31059 -84.0064
rradius 42.8654 0 0
rwrist 7.99178 0 0
rhand -24.1868 -22.5528 0
rfingers 7.12502 0 0
rthumb 2.29694 -52.518 0
10
root 6.30182 16.8365 -28.0072 8.38752 -2.49768 -2.24964
lfemur -19.3522 2.8181 -20.5834
ltibia 35.2769 0 0
lfoot -37.6441 3.57293 0
ltoes 38.4504 0 0
rfemur -22.756 -0.75013 20.7634
rtibia 37.6275 0 0
rfoot -28.2805 -8.7919 0
rtoes 19.5007 0 0
lowerback -2.06326 3.35147 -5.10734
upperback -2.24616 4.52985 2.83915
thorax -1.79741 2.3972 5.89839
lowerneck -9.9461 -2.21147 1.8964
upperneck -1.33944 -3.12241 -1.18599
head 1.20385 -1.58503 -0.810506
lclavicle -1.04065e-13 -4.06649e-14 0
lhumerus -41.947 -11.0739 98.7642
lradius 35.5443 0 0
lwrist 3.20764 0 0
lhand -10.6508 3.37215 0
lfingers 7.12502 0 0
lthumb 15.351 32.7165 0
rclavicle -1.04065e-13 -4.06649e-14 0
rhumerus -43.9683 -5.48516 -83.805
rradius 43.1775 0 0
rwrist 7.61898 0 0
rhand -24.2264 -22.5865 0
rfingers 7.12502 0 0
rthumb 2.25875 -52.5517 0
11
root 6.31324 16.8338 -27.9936 8.23974 -2.39405 -2.1906
lfemur -19.2484 2.90478 -20.5886
ltibia 35.2849 0 0
lfoot -37.4893 3.43947 0
ltoes 38.3956 0 0
rfemur -23.3804 -0.942649 21.0607
rtibia 38.0765 0 0
rfoot -27.9024 -8.5122 0
rtoes 19.0627 0 0
lowerback -1.9114 3.29622 -5.13827
upperback -2.184 4.44392 2.80029
thorax -1.80511 2.35316 5.88378
lowerneck -9.96597 -2.19947 1.87638
upperneck -1.32655 -3.10549 -1.14854
head 1.21233 -1.57544 -0.794598
lclavicle -1.03224e-13 -4.02198e-14 0
lhumerus -41.938 -11.1714 98.6963
lradius 35.6809 0 0
lwrist 3.32483 0 0
lhand -10.4869 3.40117 0
lfingers 7.12502 0 0
lthumb 15.5079 32.7229 0
rclavicle -1.03224e-13 -4.02198e-14 0
rhumerus -43.9783 -5.65974 -83.6036
rradius 43.4896 0 0
rwrist 7.24619 0 0
rhand -24.2659 -22.6202 0
rfingers 7.12502 0 0
rthumb 2.22055 -52.5854 0
12
root 6.32466 16.8311 -27.98 8.09197 -2.29042 -2.13156
lfemur -19.1445 2.99146 -20.5938
ltibia 35.2929 0 0
lfoot -37.3345 3.30602 0
ltoes 38.3409 0 0
rfemur -24.0049 -1.13517 21.358
rtibia 38.5254 0 0
rfoot -27.5244 -8.2325 0
rtoes 18.6246 0 0
lowerback -1.75955 3.24097 -5.16919
upperback -2.12184 4.35799 2.76142
thorax -1.8128 2.30913 5.86917
lowerneck -9.98584 -2.18748 1.85637
upperneck -1.31367 -3.08857 -1.1111
head 1.22081 -1.56585 -0.778689
lclavicle -1.02383e-13 -3.97748e-14 0
lhumerus -41.9291 -11.269 98.6283
lradius 35.8174 0 0
lwrist 3.44202 0 0
lhand -10.3231 3.43018 0
lfingers 7.12502 0 0
lthumb 15.6647 32.7294 0
rclavicle -1.02383e-13 -3.97748e-14 0
rhumerus -43.9884 -5.83431 -83.4022
rradius 43.8018 0 0
rwrist 6.87339 0 0
rhand -24.3055 -22.6539 0
rfingers 7.12502 0 0
rthumb 2.18236 -52.6191 0
13
root 6.33608 16.8285 -27.9664 7.94419 -2.18679 -2.07252
lfemur -19.0406 3.07813 -20.599
ltibia 35.3009 0 0
lfoot -37.1797 3.17256 0
ltoes 38.2861 0 0
rfemur -24.6294 -1.32769 21.6553
rtibia 38.9744 0 0
rfoot -27.1463 -7.9528 0
rtoes 18.1866 0 0
lowerback -1.6077 3.18573 -5.20011
upperback -2.05967 4.27205 2.72256
thorax -1.8205 2.26509 5.85455
lowerneck -10.0057 -2.17548 1.83635
upperneck -1.30078 -3.07166 -1.07365
head 1.2293 -1.55626 -0.762781
lclavicle -1.01543e-13 -3.93297e-14 0
lhumerus -41.9201 -11.3665 98.5604
lradius 35.954 0 0
lwrist 3.5592 0 0
lhand -10.1593 3.4592 0
lfingers 7.12502 0 0
lthumb 15.8216 32.7358 0
rclavicle -1.01543e-13 -3.93297e-14 0
rhumerus -43.9984 -6.00888 -83.2008
rradius 44.1139 0 0
rwrist 6.5006 0 0
rhand -24.345 -22.6877 0
rfingers 7.12502 0 0
rthumb 2.14416 -52.6528 0
14
root 6.3475 16.8258 -27.9529 7.79641 -2.08316 -2.01348
lfemur -18.9367 3.16481 -20.6043
ltibia 35.3089 0 0
lfoot -37.0249 3.03911 0
ltoes 38.2313 0 0
rfemur -25.2538 -1.52021 21.9526
rtibia 39.4233 0 0
rfoot -26.7683 -7.6731 0
rtoes 17.7485 0 0
lowerback -1.45584 3.13048 -5.23104
upperback -1.99751 4.18612 2.68369
thorax -1.82819 2.22105 5.83994
lowerneck -10.0256 -2.16349 1.81633
upperneck -1.2879 -3.05474 -1.03621
head 1.23778 -1.54667 -0.746873
lclavicle -1.00702e-13 -3.88847e-14 0
lhumerus -41.9111 -11.4641 98.4925
lradius 36.0906 0 0
lwrist 3.67639 0 0
lhand -9.99552 3.48821 0
lfingers 7.12502 0 0
lthumb 15.9784 32.7423 0
rclavicle -1.00702e-13 -3.88847e-14 0
rhumerus -44.0085 -6.18345 -82.9994
rradius 44.4261 0 0
rwrist 6.12781 0 0
rhand -24.3846 -22.7214 0
rfingers 7.12502 0 0
rthumb 2.10596 -52.6865 0
15
root 6.35892 16.8231 -27.9393 7.64864 -1.97953 -1.95444
lfemur -18.8328 3.25148 -20.6095
ltibia 35.3169 0 0
lfoot -36.8701 2.90565 0
ltoes 38.1765 0 0
rfemur -25.8783 -1.71273 22.2499
rtibia 39.8723 0 0
rfoot -26.3902 -7.3934 0
rtoes 17.3105 0 0
lowerback -1.30399 3.07524 -5.26196
upperback -1.93535 4.10019 2.64483
thorax -1.83589 2.17701 5.82533
lowerneck -10.0455 -2.15149 1.79632
upperneck -1.27501 -3.03782 -0.998766
head 1.24627 -1.53707 -0.730964
lclavicle -9.98617e-14 -3.84397e-14 0
lhumerus -41.9021 -11.5616 98.4245
lradius 36.2272 0 0
lwrist 3.79358 0 0
lhand -9.83171 3.51723 0
lfingers 7.12502 0 0
lthumb 16.1352 32.7487 0
rclavicle -9.98617e-14 -3.84397e-14 0
rhumerus -44.0185 -6.35802 -82.798
rradius 44.7382 0 0
rwrist 5.75501 0 0
rhand -24.4241 -22.7551 0
rfingers 7.12502 0 0
rthumb 2.06777 -52.7202 0
16
root 6.37034 16.8205 -27.9257 7.50086 -1.8759 -1.8954
lfemur -18.7289 3.33816 -20.6147
ltibia 35.3249 0 0
lfoot -36.7153 2.77219 0
ltoes 38.1218 0 0
rfemur -26.5027 -1.90525 22.5472
rtibia 40.3212 0 0
rfoot -26.0121 -7.1137 0
rtoes 16.8724 0 0
lowerback -1.15214 3.01999 -5.29288
upperback -1.87319 4.01426 2.60596
thorax -1.84358 2.13297 5.81072
lowerneck -10.0653 -2.13949 1.7763
upperneck -1.26213 -3.0209 -0.961323
head 1.25475 -1.52748 -0.715056
lclavicle -9.90212e-14 -3.79946e-14 0
lhumerus -41.8932 -11.6592 98.3566
lradius 36.3638 0 0
lwrist 3.91077 0 0
lhand -9.6679 3.54624 0
lfingers 7.12502 0 0
lthumb 16.2921 32.7551 0
rclavicle -9.90212e-14 -3.79946e-14 0
rhumerus -44.0286 -6.5326 -82.5967
rradius 45.0503 0 0
rwrist 5.38222 0 0
rhand -24.4637 -22.7888 0
rfingers 7.12502 0 0
rthumb 2.02957 -52.754 0
17
root 6.38176 16.8178 -27.9121 7.35308 -1.77227 -1.83636
lfemur -18.625 3.42483 -20.6199
ltibia 35.3329 0 0
lfoot -36.5605 2.63874 0
ltoes 38.067 0 0
rfemur -27.1272 -2.09776 22.8445
rtibia 40.7702 0 0
rfoot -25.6341 -6.834 0
rtoes 16.4344 0 0
lowerback -1.00028 2.96474 -5.32381
upperback -1.81103 3.92833 2.5671
thorax -1.85128 2.08894 5.79611
lowerneck -10.0852 -2.1275 1.75628
upperneck -1.24924 -3.00398 -0.923879
head 1.26324 -1.51789 -0.699148
lclavicle -9.81806e-14 -3.75496e-14 0
lhumerus -41.8842 -11.7567 98.2887
lradius 36.5004 0 0
lwrist 4.02795 0 0
lhand -9.50409 3.57526 0
lfingers 7.12502 0 0
lthumb 16.4489 32.7616 0
rclavicle -9.81806e-14 -3.75496e-14 0
rhumerus -44.0387 -6.70717 -82.3953
rradius 45.3625 0 0
rwrist 5.00942 0 0
rhand -24.5032 -22.8225 0
rfingers 7.12502 0 0
rthumb 1.99138 -52.7877 0
18
root 6.39318 16.8151 -27.8986 7.20531 -1.66864 -1.77732
lfemur -18.5211 3.51151 -20.6251
ltibia 35.3409 0 0
lfoot -36.4056 2.50528 0
ltoes 38.0122 0 0
rfemur -27.7517 -2.29028 23.1419
rtibia 41.2191 0 0
rfoot -25.256 -6.5543 0
rtoes 15.9963 0 0
lowerback -0.84843 2.9095 -5.35473
upperback -1.74887 3.84239 2.52823
thorax -1.85897 2.0449 5.78149
lowerneck -10.1051 -2.1155 1.73627
upperneck -1.23636 -2.98707 -0.886435
head 1.27172 -1.5083 -0.683239
lclavicle -9.734e-14 -3.71045e-14 0
lhumerus -41.8752 -11.8543 98.2208
lradius 36.637 0 0
lwrist 4.14514 0 0
lhand -9.34029 3.60427 0
lfingers 7.12502 0 0
lthumb 16.6058 32.768 0
rclavicle -9.734e-14 -3.71045e-14 0
rhumerus -44.0487 -6.88174 -82.1939
rradius 45.6746 0 0
rwrist 4.63663 0 0
rhand -24.5428 -22.8563 0
rfingers 7.12502 0 0
rthumb 1.95318 -52.8214 0
19
root 6.40461 16.8125 -27.885 7.05753 -1.56501 -1.71828
lfemur -18.4172 3.59819 -20.6303
ltibia 35.3489 0 0
lfoot -36.2508 2.37182 0
ltoes 37.9574 0 0
rfemur -28.3761 -2.4828 23.4392
rtibia 41.6681 0 0
rfoot -24.8779 -6.2746 0
rtoes 15.5583 0 0
lowerback -0.696576 2.85425 -5.38565
upperback -1.6867 3.75646 2.48937
thorax -1.86667 2.00086 5.76688
lowerneck -10.125 -2.10351 1.71625
upperneck -1.22347 -2.97015 -0.848991
head 1.2802 -1.49871 -0.667331
lclavicle -9.64994e-14 -3.66595e-14 0
lhumerus -41.8663 -11.9518 98.1528
lradius 36.7736 0 0
lwrist 4.26233 0 0
lhand -9.17648 3.63329 0
lfingers 7.12502 0 0
lthumb 16.7626 32.7745 0
rclavicle -9.64994e-14 -3.66595e-14 0
rhumerus -44.0588 -7.05631 -81.9925
rradius 45.9867 0 0
rwrist 4.26383 0 0
rhand -24.5823 -22.89 0
rfingers 7.12502 0 0
rthumb 1.91499 -52.8551 0
20
root 6.41603 16.8098 -27.8714 6.90975 -1.46138 -1.65924
lfemur -18.3133 3.68486 -20.6355
ltibia 35.3569 0 0
lfoot -36.096 2.23837 0
ltoes 37.9026 0 0
rfemur -29.0006 -2.67532 23.7365
rtibia 42.117 0 0
rfoot -24.4999 -5.9949 0
rtoes 15.1202 0 0
lowerback -0.544723 2.79901 -5.41658
upperback -1.62454 3.67053 2.4505
thorax -1.87436 1.95682 5.75227
lowerneck -10.1448 -2.09151 1.69623
upperneck -1.21059 -2.95323 -0.811547
head 1.28869 -1.48912 -0.651423
lclavicle -9.56589e-14 -3.62145e-14 0
lhumerus -41.8573 -12.0494 98.0849
lradius 36.9102 0 0
lwrist 4.37951 0 0
lhand -9.01267 3.6623 0
lfingers 7.12502 0 0
lthumb 16.9194 32.7809 0
rclavicle -9.56589e-14 -3.62145e-14 0
rhumerus -44.0688 -7.23088 -81.7911
rradius 46.2989 0 0
rwrist 3.89104 0 0
rhand -24.6219 -22.9237 0
rfingers 7.12502 0 0
rthumb 1.87679 -52.8888 0
21
root 6.42745 16.8071 -27.8578 6.76198 -1.35774 -1.60019
lfemur -18.2094 3.77154 -20.6407
ltibia 35.3649 0 0
lfoot -35.9412 2.10491 0
ltoes 37.8479 0 0
rfemur -29.625 -2.86784 24.0338
rtibia 42.566 0 0
rfoot -24.1218 -5.7152 0
rtoes 14.6822 0 0
lowerback -0.392869 2.74376 -5.4475
upperback -1.56238 3.5846 2.41164
thorax -1.88206 1.91278 5.73766
lowerneck -10.1647 -2.07952 1.67622
upperneck -1.1977 -2.93631 -0.774103
head 1.29717 -1.47952 -0.635514
lclavicle -9.48183e-14 -3.57694e-14 0
lhumerus -41.8483 -12.1469 98.017
lradius 37.0468 0 0
lwrist 4.4967 0 0
lhand -8.84886 3.69132 0
lfingers 7.12502 0 0
lthumb 17.0763 32.7874 0
rclavicle -9.48183e-14 -3.57694e-14 0
rhumerus -44.0789 -7.40546 -81.5897
rradius 46.611 0 0
rwrist 3.51825 0 0
rhand -24.6614 -22.9574 0
rfingers 7.12502 0 0
rthumb 1.83859 -52.9225 0
22
root 6.43887 16.8045 -27.8443 6.6142 -1.25411 -1.54115
lfemur -18.1055 3.85821 -20.6459
ltibia 35.3729 0 0
lfoot -35.7864 1.97145 0
ltoes 37.7931 0 0
rfemur -30.2495 -3.06036 24.3311
rtibia 43.015 0 0
rfoot -23.7437 -5.4355 0
rtoes 14.2441 0 0
lowerback -0.241016 2.68852 -5.47842
upperback -1.50022 3.49867 2.37277
thorax -1.88975 1.86875 5.72305
lowerneck -10.1846 -2.06752 1.6562
upperneck -1.18482 -2.91939 -0.736659
head 1.30566 -1.46993 -0.619606
lclavicle -9.39777e-14 -3.53244e-14 0
lhumerus -41.8394 -12.2444 97.949
lradius 37.1834 0 0
lwrist 4.61389 0 0
lhand -8.68505 3.72034 0
lfingers 7.12502 0 0
lthumb 17.2331 32.7938 0
rclavicle -9.39777e-14 -3.53244e-14 0
rhumerus -44.089 -7.58003 -81.3883
rradius 46.9231 0 0
rwrist 3.14545 0 0
rhand -24.701 -22.9911 0
rfingers 7.12502 0 0
rthumb 1.8004 -52.9562 0
23
root 6.45029 16.8018 -27.8307 6.46642 -1.15048 -1.48211
lfemur -18.0016 3.94489 -20.6511
ltibia 35.3809 0 0
lfoot -35.6316 1.838 0
ltoes 37.7383 0 0
rfemur -30.874 -3.25288 24.6284
rtibia 43.4639 0 0
rfoot -23.3657 -5.1558 0
rtoes 13.8061 0 0
lowerback -0.0891619 2.63327 -5.50935
upperback -1.43806 3.41274 2.33391
thorax -1.89745 1.82471 5.70844
lowerneck -10.2044 -2.05553 1.63618
upperneck -1.17193 -2.90247 -0.699215
head 1.31414 -1.46034 -0.603698
lclavicle -9.31372e-14 -3.48793e-14 0
lhumerus -41.8304 -12.342 97.8811
lradius 37.32 0 0
lwrist 4.73108 0 0
lhand -8.52124 3.74935 0
lfingers 7.12502 0 0
lthumb 17.39 32.8003 0
rclavicle -9.31372e-14 -3.48793e-14 0
rhumerus -44.099 -7.7546 -81.1869
rradius 47.2353 0 0
rwrist 2.77266 0 0
rhand -24.7405 -23.0248 0
rfingers 7.12502 0 0
rthumb 1.7622 -52.9899 0
24
root 6.46171 16.7991 -27.8171 6.31865 -1.04685 -1.42307
lfemur -17.8978 4.03156 -20.6563
ltibia 35.3889 0 0
lfoot -35.4768 1.70454 0
ltoes 37.6835 0 0
rfemur -31.4984 -3.4454 24.9257
rtibia 43.9129 0 0
rfoot -22.9876 -4.8761 0
rtoes 13.368 0 0
lowerback 0.0626916 2.57802 -5.54027
upperback -1.3759 3.3268 2.29504
thorax -1.90514 1.78067 5.69382
lowerneck -10.2243 -2.04353 1.61617
upperneck -1.15905 -2.88556 -0.661771
head 1.32263 -1.45075 -0.587789
lclavicle -9.22966e-14 -3.44343e-14 0
lhumerus -41.8214 -12.4395 97.8132
lradius 37.4566 0 0
lwrist 4.84826 0 0
lhand -8.35744 3.77837 0
lfingers 7.12502 0 0
lthumb 17.5468 32.8067 0
rclavicle -9.22966e-14 -3.44343e-14 0
rhumerus -44.1091 -7.92917 -80.9855
rradius 47.5474 0 0
rwrist 2.39986 0 0
rhand -24.7801 -23.0586 0
rfingers 7.12502 0 0
rthumb 1.72401 -53.0236 0
25
root 6.47313 16.7964 -27.8035 6.17087 -0.943224 -1.36403
lfemur -17.7939 4.11824 -20.6615
ltibia 35.3969 0 0
lfoot -35.322 1.57108 0
ltoes 37.6287 0 0
rfemur -32.1229 -3.63792 25.223
rtibia 44.3618 0 0
rfoot -22.6095 -4.5964 0
rtoes 12.93 0 0
lowerback 0.214545 2.52278 -5.5712
upperback -1.31373 3.24087 2.25618
thorax -1.91284 1.73663 5.67921
lowerneck -10.2442 -2.03153 1.59615
upperneck -1.14616 -2.86864 -0.624327
head 1.33111 -1.44116 -0.571881
lclavicle -9.1456e-14 -3.39893e-14 0
lhumerus -41.8125 -12.5371 97.7452
lradius 37.5932 0 0
lwrist 4.96545 0 0
lhand -8.19363 3.80738 0
lfingers 7.12502 0 0
lthumb 17.7036 32.8132 0
rclavicle -9.1456e-14 -3.39893e-14 0
rhumerus -44.1191 -8.10375 -80.7841
rradius 47.8595 0 0
rwrist 2.02707 0 0
rhand -24.8196 -23.0923 0
rfingers 7.12502 0 0
rthumb 1.68581 -53.0573 0
26
root 6.48455 16.7938 -27.79 6.02309 -0.839593 -1.30499
lfemur -17.69 4.20492 -20.6667
ltibia 35.4049 0 0
lfoot -35.1672 1.43763 0
ltoes 37.574 0 0
rfemur -32.7473 -3.83044 25.5203
rtibia 44.8108 0 0
rfoot -22.2315 -4.3167 0
rtoes 12.4919 0 0
lowerback 0.366399 2.46753 -5.60212
upperback -1.25157 3.15494 2.21731
thorax -1.92053 1.69259 5.6646
lowerneck -10.2641 -2.01954 1.57613
upperneck -1.13328 -2.85172 -0.586883
head 1.33959 -1.43157 -0.555973
lclavicle -9.06155e-14 -3.35442e-14 0
lhumerus -41.8035 -12.6346 97.6773
lradius 37.7298 0 0
lwrist 5.08264 0 0
lhand -8.02982 3.8364 0
lfingers 7.12502 0 0
lthumb 17.8605 32.8196 0
rclavicle -9.06155e-14 -3.35442e-14 0
rhumerus -44.1292 -8.27832 -80.5827
rradius 48.1717 0 0
rwrist 1.65427 0 0
rhand -24.8592 -23.126 0
rfingers 7.12502 0 0
rthumb 1.64762 -53.091 0
27
root 6.49597 16.7911 -27.7764 5.87532 -0.735963 -1.24595
lfemur -17.5861 4.29159 -20.6719
ltibia 35.4129 0 0
lfoot -35.0124 1.30417 0
ltoes 37.5192 0 0
rfemur -33.3718 -4.02296 25.8176
rtibia 45.2597 0 0
rfoot -21.8534 -4.037 0
rtoes 12.0539 0 0
lowerback 0.518252 2.41229 -5.63304
upperback -1.18941 3.06901 2.17845
thorax -1.92823 1.64856 5.64999
lowerneck -10.2839 -2.00754 1.55612
upperneck -1.12039 -2.8348 -0.549439
head 1.34808 -1.42198 -0.540064
lclavicle -8.97749e-14 -3.30992e-14 0
lhumerus -41.7945 -12.7322 97.6094
lradius 37.8663 0 0
lwrist 5.19982 0 0
lhand -7.86601 3.86541 0
lfingers 7.12502 0 0
lthumb 18.0173 32.826 0
rclavicle -8.97749e-14 -3.30992e-14 0
rhumerus -44.1393 -8.45289 -80.3813
rradius 48.4838 0 0
rwrist 1.28148 0 0
rhand -24.8987 -23.1597 0
rfingers 7.12502 0 0
rthumb 1.60942 -53.1247 0
28
root 6.5074 16.7884 -27.7628 5.72754 -0.632333 -1.18691
lfemur -17.4822 4.37827 -20.6771
ltibia 35.4209 0 0
lfoot -34.8576 1.17071 0
ltoes 37.4644 0 0
rfemur -33.9963 -4.21548 26.1149
rtibia 45.7087 0 0
rfoot -21.4753 -3.7573 0
rtoes 11.6158 0 0
lowerback 0.670106 2.35704 -5.66397
upperback -1.12725 2.98308 2.13958
thorax -1.93592 1.60452 5.63538
lowerneck -10.3038 -1.99555 1.5361
upperneck -1.10751 -2.81788 -0.511995
head 1.35656 -1.41238 -0.524156
lclavicle -8.89343e-14 -3.26541e-14 0
lhumerus -41.7856 -12.8297 97.5414
lradius 38.0029 0 0
lwrist 5.31701 0 0
lhand -7.7022 3.89443 0
lfingers 7.12502 0 0
lthumb 18.1742 32.8325 0
rclavicle -8.89343e-14 -3.26541e-14 0
rhumerus -44.1493 -8.62746 -80.1799
rradius 48.7959 0 0
rwrist 0.908684 0 0
rhand -24.9382 -23.1934 0
rfingers 7.12502 0 0
rthumb 1.57123 -53.1584 0
29
root 6.51882 16.7858 -27.7492 5.57976 -0.528703 -1.12787
lfemur -17.3783 4.46494 -20.6823
ltibia 35.4289 0 0
lfoot -34.7028 1.03726 0
ltoes 37.4096 0 0
rfemur -34.6207 -4.408 26.4122
rtibia 46.1576 0 0
rfoot -21.0973 -3.4776 0
rtoes 11.1778 0 0
lowerback 0.82196 2.30179 -5.69489
upperback -1.06509 2.89715 2.10072
thorax -1.94362 1.56048 5.62077
lowerneck -10.3237 -1.98355 1.51608
upperneck -1.09462 -2.80097 -0.474551
head 1.36505 -1.40279 -0.508248
lclavicle -8.80937e-14 -3.22091e-14 0
lhumerus -41.7766 -12.9273 97.4735
lradius 38.1395 0 0
lwrist 5.4342 0 0
lhand -7.53839 3.92344 0
lfingers 7.12502 0 0
lthumb 18.331 32.8389 0
rclavicle -8.80937e-14 -3.22091e-14 0
rhumerus -44.1594 -8.80203 -79.9785
rradius 49.1081 0 0
rwrist 0.53589 0 0
rhand -24.9778 -23.2271 0
rfingers 7.12502 0 0
rthumb 1.53303 -53.1921 0
30
root 6.53024 16.7831 -27.7357 5.43199 -0.425072 -1.06883
lfemur -17.2744 4.55162 -20.6875
ltibia 35.4369 0 0
lfoot -34.548 0.903801 0
ltoes 37.3548 0 0
rfemur -35.2452 -4.60052 26.7095
rtibia 46.6066 0 0
rfoot -20.7192 -3.1979 0
rtoes 10.7397 0 0
lowerback 0.973813 2.24655 -5.72581
upperback -1.00293 2.81121 2.06185
thorax -1.95131 1.51644 5.60615
lowerneck -10.3435 -1.97156 1.49607
upperneck -1.08174 -2.78405 -0.437107
head 1.37353 -1.3932 -0.492339
lclavicle -8.72532e-14 -3.17641e-14 0
lhumerus -41.7676 -13.0248 97.4056
lradius 38.2761 0 0
lwrist 5.55139 0 0
lhand -7.37459 3.95246 0
lfingers 7.12502 0 0
lthumb 18.4878 32.8454 0
rclavicle -8.72532e-14 -3.17641e-14 0
rhumerus -44.1694 -8.97661 -79.7771
rradius 49.4202 0 0
rwrist 0.163096 0 0
rhand -25.0173 -23.2609 0
rfingers 7.12502 0 0
rthumb 1.49483 -53.2258 0
31
root 6.54166 16.7804 -27.7221 5.28421 -0.321442 -1.00979
lfemur -17.1705 4.6383 -20.6927
ltibia 35.4449 0 0
lfoot -34.3932 0.770345 0
ltoes 37.3001 0 0
rfemur -35.8697 -4.79304 27.0068
rtibia 47.0555 0 0
rfoot -20.3411 -2.9182 0
rtoes 10.3017 0 0
lowerback 1.12567 2.1913 -5.75674
upperback -0.940764 2.72528 2.02299
thorax -1.95901 1.4724 5.59154
lowerneck -10.3634 -1.95956 1.47605
upperneck -1.06885 -2.76713 -0.399663
head 1.38201 -1.38361 -0.476431
lclavicle -8.64126e-14 -3.1319e-14 0
lhumerus -41.7586 -13.1224 97.3376
lradius 38.4127 0 0
lwrist 5.66857 0 0
lhand -7.21078 3.98147 0
lfingers 7.12502 0 0
lthumb 18.6447 32.8518 0
rclavicle -8.64126e-14 -3.1319e-14 0
rhumerus -44.1795 -9.15118 -79.5757
rradius 49.7323 0 0
rwrist -0.209699 0 0
rhand -25.0569 -23.2946 0
rfingers 7.12502 0 0
rthumb 1.45664 -53.2595 0
32
root 6.55308 16.7778 -27.7085 5.13643 -0.217812 -0.950745
lfemur -17.0666 4.72497 -20.6979
ltibia 35.4529 0 0
lfoot -34.2384 0.636888 0
ltoes 37.2453 0 0
rfemur -36.4941 -4.98555 27.3041
rtibia 47.5045 0 0
rfoot -19.9631 -2.6385 0
rtoes 9.86364 0 0
lowerback 1.27752 2.13606 -5.78766
upperback -0.878602 2.63935 1.98412
thorax -1.9667 1.42837 5.57693
lowerneck -10.3833 -1.94757 1.45603
upperneck -1.05597 -2.75021 -0.362219
head 1.3905 -1.37402 -0.460523
lclavicle -8.5572e-14 -3.0874e-14 0
lhumerus -41.7497 -13.2199 97.2697
lradius 38.5493 0 0
lwrist 5.78576 0 0
lhand -7.04697 4.01049 0
lfingers 7.12502 0 0
lthumb 18.8015 32.8583 0
rclavicle -8.5572e-14 -3.0874e-14 0
rhumerus -44.1896 -9.32575 -79.3743
rradius 50.0445 0 0
rwrist -0.582493 0 0
rhand -25.0964 -23.3283 0
rfingers 7.12502 0 0
rthumb 1.41844 -53.2932 0
33
root 6.5645 16.7751 -27.6949 4.98866 -0.114181 -0.891704
lfemur -16.9627 4.81165 -20.7032
ltibia 35.4609 0 0
lfoot -34.0836 0.503432 0
ltoes 37.1905 0 0
rfemur -37.1186 -5.17807 27.6014
rtibia 47.9534 0 0
rfoot -19.585 -2.3588 0
rtoes 9.42559 0 0
lowerback 1.42937 2.08081 -5.81858
upperback -0.81644 2.55342 1.94526
thorax -1.9744 1.38433 5.56232
lowerneck -10.4032 -1.93557 1.43602
upperneck -1.04308 -2.73329 -0.324775
head 1.39898 -1.36443 -0.444614
lclavicle -8.47315e-14 -3.04289e-14 0
lhumerus -41.7407 -13.3175 97.2018
lradius 38.6859 0 0
lwrist 5.90295 0 0
lhand -6.88316 4.0395 0
lfingers 7.12502 0 0
lthumb 18.9584 32.8647 0
rclavicle -8.47315e-14 -3.04289e-14 0
rhumerus -44.1996 -9.50032 -79.1729
rradius 50.3566 0 0
rwrist -0.955288 0 0
rhand -25.136 -23.362 0
rfingers 7.12502 0 0
rthumb 1.38025 -53.3269 0
34
root 6.57592 16.7724 -27.6814 4.84088 -0.010551 -0.832663
lfemur -16.8588 4.89832 -20.7084
ltibia 35.4689 0 0
lfoot -33.9288 0.369975 0
ltoes 37.1357 0 0
rfemur -37.743 -5.37059 27.8987
rtibia 48.4024 0 0
rfoot -19.207 -2.0791 0
rtoes 8.98754 0 0
lowerback 1.58123 2.02557 -5.84951
upperback -0.754279 2.46749 1.90639
thorax -1.98209 1.34029 5.54771
lowerneck -10.423 -1.92358 1.416
upperneck -1.0302 -2.71637 -0.287331
head 1.40747 -1.35484 -0.428706
lclavicle -8.38909e-14 -2.99839e-14 0
lhumerus -41.7317 -13.415 97.1338
lradius 38.8225 0 0
lwrist 6.02013 0 0
lhand -6.71935 4.06852 0
lfingers 7.12502 0 0
lthumb 19.1152 32.8712 0
rclavicle -8.38909e-14 -2.99839e-14 0
rhumerus -44.2097 -9.67489 -78.9715
rradius 50.6688 0 0
rwrist -1.32808 0 0
rhand -25.1755 -23.3957 0
rfingers 7.12502 0 0
rthumb 1.34205 -53.3606 0
35
root 6.58734 16.7697 -27.6678 4.6931 0.0930793 -0.773622
lfemur -16.7549 4.985 -20.7136
ltibia 35.4769 0 0
lfoot -33.774 0.236519 0
ltoes 37.0809 0 0
rfemur -38.3675 -5.56311 28.196
rtibia 48.8513 0 0
rfoot -18.8289 -1.7994 0
rtoes 8.5495 0 0
lowerback 1.73308 1.97032 -5.88043
upperback -0.692117 2.38155 1.86753
thorax -1.98979 1.29625 5.53309
lowerneck -10.4429 -1.91158 1.39598
upperneck -1.01731 -2.69946 -0.249887
head 1.41595 -1.34524 -0.412798
lclavicle -8.30503e-14 -2.95389e-14 0
lhumerus -41.7228 -13.5126 97.0659
lradius 38.9591 0 0
lwrist 6.13732 0 0
lhand -6.55555 4.09753 0
lfingers 7.12502 0 0
lthumb 19.272 32.8776 0
rclavicle -8.30503e-14 -2.95389e-14 0
rhumerus -44.2197 -9.84947 -78.7701
rradius 50.9809 0 0
rwrist -1.70088 0 0
rhand -25.2151 -23.4295 0
rfingers 7.12502 0 0
rthumb 1.30386 -53.3943 0
36
root 6.59876 16.7671 -27.6542 4.54533 0.19671 -0.714581
lfemur -16.6511 5.07167 -20.7188
ltibia 35.4849 0 0
lfoot -33.6192 0.103062 0
ltoes 37.0262 0 0
rfemur -38.992 -5.75563 28.4933
rtibia 49.3003 0 0
rfoot -18.4508 -1.5197 0
rtoes 8.11145 0 0
lowerback 1.88493 1.91507 -5.91135
upperback -0.629955 2.29562 1.82866
thorax -1.99748 1.25221 5.51848
lowerneck -10.4628 -1.89958 1.37597
upperneck -1.00442 -2.68254 -0.212443
head 1.42444 -1.33565 -0.396889
lclavicle -8.22097e-14 -2.90938e-14 0
lhumerus -41.7138 -13.6101 96.998
lradius 39.0957 0 0
lwrist 6.25451 0 0
lhand -6.39174 4.12655 0
lfingers 7.12502 0 0
lthumb 19.4289 32.8841 0
rclavicle -8.22097e-14 -2.90938e-14 0
rhumerus -44.2298 -10.024 -78.5687
rradius 51.293 0 0
rwrist -2.07367 0 0
rhand -25.2546 -23.4632 0
rfingers 7.12502 0 0
rthumb 1.26566 -53.428 0
37
root 6.61018 16.7644 -27.6406 4.39755 0.30034 -0.65554
lfemur -16.5472 5.15835 -20.724
ltibia 35.4929 0 0
lfoot -33.4644 -0.0303943 0
ltoes 36.9714 0 0
rfemur -39.6164 -5.94815 28.7906
rtibia 49.7492 0 0
rfoot -18.0728 -1.24 0
rtoes 7.6734 0 0
lowerback 2.03679 1.85983 -5.94228
upperback -0.567793 2.20969 1.7898
thorax -2.00518 1.20818 5.50387
lowerneck -10.4827 -1.88759 1.35595
upperneck -0.99154 -2.66562 -0.174999
head 1.43292 -1.32606 -0.380981
lclavicle -8.13692e-14 -2.86488e-14 0
lhumerus -41.7048 -13.7077 96.93
lradius 39.2323 0 0
lwrist 6.3717 0 0
lhand -6.22793 4.15556 0
lfingers 7.12502 0 0
lthumb 19.5857 32.8905 0
rclavicle -8.13692e-14 -2.86488e-14 0
rhumerus -44.2398 -10.1986 -78.3673
rradius 51.6052 0 0
rwrist -2.44647 0 0
rhand -25.2942 -23.4969 0
rfingers 7.12502 0 0
rthumb 1.22747 -53.4617 0
38
root 6.62161 16.7617 -27.6271 4.24977 0.40397 -0.5965
lfemur -16.4433 5.24503 -20.7292
ltibia 35.5009 0 0
lfoot -33.3096 -0.163851 0
ltoes 36.9166 0 0
rfemur -40.2409 -6.14067 29.0879
rtibia 50.1982 0 0
rfoot -17.6947 -0.9603 0
rtoes 7.23535 0 0
lowerback 2.18864 1.80458 -5.9732
upperback -0.505632 2.12376 1.75094
thorax -2.01288 1.16414 5.48926
lowerneck -10.5025 -1.87559 1.33593
upperneck -0.978654 -2.6487 -0.137556
head 1.4414 -1.31647 -0.365073
lclavicle -8.05286e-14 -2.82037e-14 0
lhumerus -41.6959 -13.8052 96.8621
lradius 39.3689 0 0
lwrist 6.48888 0 0
lhand -6.06412 4.18458 0
lfingers 7.12502 0 0
lthumb 19.7426 32.8969 0
rclavicle -8.05286e-14 -2.82037e-14 0
rhumerus -44.2499 -10.3732 -78.166
rradius 51.9173 0 0
rwrist -2.81926 0 0
rhand -25.3337 -23.5306 0
rfingers 7.12502 0 0
rthumb 1.18927 -53.4955 0
39
root 6.63303 16.7591 -27.6135 4.10199 0.5076 -0.537459
lfemur -16.3394 5.3317 -20.7344
ltibia 35.5089 0 0
lfoot -33.1548 -0.297307 0
ltoes 36.8618 0 0
rfemur -40.8653 -6.33319 29.3852
rtibia 50.6472 0 0
rfoot -17.3166 -0.6806 0
rtoes 6.7973 0 0
lowerback 2.3405 1.74934 -6.00413
upperback -0.44347 2.03783 1.71207
thorax -2.02057 1.1201 5.47465
lowerneck -10.5224 -1.8636 1.31592
upperneck -0.965769 -2.63178 -0.100112
head 1.44989 -1.30688 -0.349165
lclavicle -7.9688e-14 -2.77587e-14 0
lhumerus -41.6869 -13.9027 96.7942
lradius 39.5055 0 0
lwrist 6.60607 0 0
lhand -5.90031 4.2136 0
lfingers 7.12502 0 0
lthumb 19.8994 32.9034 0
rclavicle -7.9688e-14 -2.77587e-14 0
rhumerus -44.26 -10.5478 -77.9646
rradius 52.2294 0 0
rwrist -3.19205 0 0
rhand -25.3733 -23.5643 0
rfingers 7.12502 0 0
rthumb 1.15107 -53.5292 0
40
root 6.64445 16.7564 -27.5999 3.95422 0.611231 -0.478418
lfemur -16.2355 5.41838 -20.7396
ltibia 35.5169 0 0
lfoot -33 -0.430764 0
ltoes 36.8071 0 0
rfemur -41.4898 -6.52571 29.6825
rtibia 51.0961 0 0
rfoot -16.9386 -0.4009 0
rtoes 6.35925 0 0
lowerback 2.49235 1.69409 -6.03505
upperback -0.381308 1.9519 1.67321
thorax -2.02827 1.07606 5.46004
lowerneck -10.5423 -1.8516 1.2959
upperneck -0.952884 -2.61487 -0.0626676
head 1.45837 -1.29729 -0.333256
lclavicle -7.88475e-14 -2.73136e-14 0
lhumerus -41.6779 -14.0003 96.7262
lradius 39.6421 0 0
lwrist 6.72326 0 0
lhand -5.7365 4.24261 0
lfingers 7.12502 0 0
lthumb 20.0563 32.9098 0
rclavicle -7.88475e-14 -2.73136e-14 0
rhumerus -44.27 -10.7223 -77.7632
rradius 52.5416 0 0
rwrist -3.56485 0 0
rhand -25.4128 -23.598 0
rfingers 7.12502 0 0
rthumb 1.11288 -53.5629 0
41
root 6.65587 16.7537 -27.5863 3.80644 0.714861 -0.419377
lfemur -16.1316 5.50505 -20.7448
ltibia 35.5249 0 0
lfoot -32.8452 -0.56422 0
ltoes 36.7523 0 0
rfemur -42.1143 -6.71823 29.9798
rtibia 51.5451 0 0
rfoot -16.5605 -0.1212 0
rtoes 5.92121 0 0
lowerback 2.6442 1.63884 -6.06597
upperback -0.319146 1.86596 1.63434
thorax -2.03596 1.03202 5.44542
lowerneck -10.5621 -1.83961 1.27588
upperneck -0.939999 -2.59795 -0.0252237
head 1.46686 -1.28769 -0.317348
lclavicle -7.80069e-14 -2.68686e-14 0
lhumerus -41.669 -14.0978 96.6583
lradius 39.7787 0 0
lwrist 6.84045 0 0
lhand -5.5727 4.27163 0
lfingers 7.12502 0 0
lthumb 20.2131 32.9163 0
rclavicle -7.80069e-14 -2.68686e-14 0
rhumerus -44.2801 -10.8969 -77.5618
rradius 52.8537 0 0
rwrist -3.93764 0 0
rhand -25.4524 -23.6318 0
rfingers 7.12502 0 0
rthumb 1.07468 -53.5966 0
42
root 6.66729 16.7511 -27.5728 3.65866 0.818491 -0.360336
lfemur -16.0277 5.59173 -20.75
ltibia 35.5329 0 0
lfoot -32.6904 -0.697677 0
ltoes 36.6975 0 0
rfemur -42.7387 -6.91075 30.2771
rtibia 51.994 0 0
rfoot -16.1824 0.1585 0
rtoes 5.48316 0 0
lowerback 2.79606 1.5836 -6.0969
upperback -0.256985 1.78003 1.59548
thorax -2.04366 0.987987 5.43081
lowerneck -10.582 -1.82761 1.25587
upperneck -0.927114 -2.58103 0.0122203
head 1.47534 -1.2781 -0.30144
lclavicle -7.71663e-14 -2.64236e-14 0
lhumerus -41.66 -14.1954 96.5904
lradius 39.9152 0 0
lwrist 6.95763 0 0
lhand -5.40889 4.30064 0
lfingers 7.12502 0 0
lthumb 20.3699 32.9227 0
rclavicle -7.71663e-14 -2.64236e-14 0
rhumerus -44.2901 -11.0715 -77.3604
rradius 53.1658 0 0
rwrist -4.31044 0 0
rhand -25.4919 -23.6655 0
rfingers 7.12502 0 0
rthumb 1.03649 -53.6303 0
43
root 6.67871 16.7484 -27.5592 3.51089 0.922122 -0.301295
lfemur -15.9238 5.6784 -20.7552
ltibia 35.5409 0 0
lfoot -32.5356 -0.831133 0
ltoes 36.6427 0 0
rfemur -43.3632 -7.10327 30.5744
rtibia 52.443 0 0
rfoot -15.8044 0.4382 0
rtoes 5.04511 0 0
lowerback 2.94791 1.52835 -6.12782
upperback -0.194823 1.6941 1.55661
thorax -2.05135 0.943949 5.4162
lowerneck -10.6019 -1.81562 1.23585
upperneck -0.914229 -2.56411 0.0496643
head 1.48383 -1.26851 -0.285531
lclavicle -7.63258e-14 -2.59785e-14 0
lhumerus -41.651 -14.2929 96.5224
lradius 40.0518 0 0
lwrist 7.07482 0 0
lhand -5.24508 4.32966 0
lfingers 7.12502 0 0
lthumb 20.5268 32.9292 0
rclavicle -7.63258e-14 -2.59785e-14 0
rhumerus -44.3002 -11.246 -77.159
rradius 53.478 0 0
rwrist -4.68323 0 0
rhand -25.5315 -23.6992 0
rfingers 7.12502 0 0
rthumb 0.998292 -53.664 0
44
root 6.69013 16.7457 -27.5456 3.36311 1.02575 -0.242254
lfemur -15.8199 5.76508 -20.7604
ltibia 35.5489 0 0
lfoot -32.3808 -0.96459 0
ltoes 36.5879 0 0
rfemur -43.9876 -7.29579 30.8717
rtibia 52.8919 0 0
rfoot -15.4263 0.7179 0
rtoes 4.60706 0 0
lowerback 3.09976 1.47311 -6.15874
upperback -0.132661 1.60817 1.51775
thorax -2.05905 0.899911 5.40159
lowerneck -10.6218 -1.80362 1.21583
upperneck -0.901343 -2.54719 0.0871082
head 1.49231 -1.25892 -0.269623
lclavicle -7.54852e-14 -2.55335e-14 0
lhumerus -41.6421 -14.3905 96.4545
lradius 40.1884 0 0
lwrist 7.19201 0 0
lhand -5.08127 4.35867 0
lfingers 7.12502 0 0
lthumb 20.6836 32.9356 0
rclavicle -7.54852e-14 -2.55335e-14 0
rhumerus -44.3103 -11.4206 -76.9576
rradius 53.7901 0 0
rwrist -5.05603 0 0
rhand -25.571 -23.7329 0
rfingers 7.12502 0 0
rthumb 0.960096 -53.6977 0
45
root 6.70155 16.7431 -27.532 3.21533 1.12938 -0.183213
lfemur -15.716 5.85176 -20.7656
ltibia 35.5569 0 0
lfoot -32.2259 -1.09805 0
ltoes 36.5332 0 0
rfemur -44.6121 -7.48831 31.1691
rtibia 53.3409 0 0
rfoot -15.0482 0.9976 0
rtoes 4.16901 0 0
lowerback 3.25162 1.41786 -6.18967
upperback -0.0704996 1.52224 1.47888
thorax -2.06674 0.855873 5.38698
lowerneck -10.6416 -1.79163 1.19582
upperneck -0.888458 -2.53027 0.124552
head 1.50079 -1.24933 -0.253715
lclavicle -7.46446e-14 -2.50884e-14 0
lhumerus -41.6331 -14.488 96.3866
lradius 40.325 0 0
lwrist 7.30919 0 0
lhand -4.91746 4.38769 0
lfingers 7.12502 0 0
lthumb 20.8405 32.9421 0
rclavicle -7.46446e-14 -2.50884e-14 0
rhumerus -44.3203 -11.5952 -76.7562
rradius 54.1022 0 0
rwrist -5.42882 0 0
rhand -25.6106 -23.7666 0
rfingers 7.12502 0 0
rthumb 0.921901 -53.7314 0
46
root 6.71297 16.7404 -27.5185 3.06756 1.23301 -0.124172
lfemur -15.6121 5.93843 -20.7708
ltibia 35.5649 0 0
lfoot -32.0711 -1.2315 0
ltoes 36.4784 0 0
rfemur -45.2366 -7.68082 31.4664
rtibia 53.7898 0 0
rfoot -14.6702 1.2773 0
rtoes 3.73096 0 0
lowerback 3.40347 1.36262 -6.22059
upperback -0.00833791 1.4363 1.44002
thorax -2.07444 0.811835 5.37236
lowerneck -10.6615 -1.77963 1.1758
upperneck -0.875573 -2.51336 0.161996
head 1.50928 -1.23974 -0.237806
lclavicle -7.3804e-14 -2.46434e-14 0
lhumerus -41.6241 -14.5856 96.3187
lradius 40.4616 0 0
lwrist 7.42638 0 0
lhand -4.75366 4.4167 0
lfingers 7.12502 0 0
lthumb 20.9973 32.9485 0
rclavicle -7.3804e-14 -2.46434e-14 0
rhumerus -44.3304 -11.7698 -76.5548
rradius 54.4144 0 0
rwrist -5.80161 0 0
rhand -25.6501 -23.8004 0
rfingers 7.12502 0 0
rthumb 0.883705 -53.7651 0
47
root 6.72439 16.7377 -27.5049 2.91978 1.33664 -0.0651315
lfemur -15.5082 6.02511 -20.776
ltibia 35.5729 0 0
lfoot -31.9163 -1.36496 0
ltoes 36.4236 0 0
rfemur -45.861 -7.87334 31.7637
rtibia 54.2388 0 0
rfoot -14.2921 1.557 0
rtoes 3.29291 0 0
lowerback 3.55532 1.30737 -6.25151
upperback 0.0538238 1.35037 1.40115
thorax -2.08213 0.767797 5.35775
lowerneck -10.6814 -1.76763 1.15578
upperneck -0.862688 -2.49644 0.19944
head 1.51776 -1.23015 -0.221898
lclavicle -7.29635e-14 -2.41984e-14 0
lhumerus -41.6151 -14.6831 96.2507
lradius 40.5982 0 0
lwrist 7.54357 0 0
lhand -4.58985 4.44572 0
lfingers 7.12502 0 0
lthumb 21.1541 32.955 0
rclavicle -7.29635e-14 -2.41984e-14 0
rhumerus -44.3404 -11.9443 -76.3534
rradius 54.7265 0 0
rwrist -6.17441 0 0
rhand -25.6897 -23.8341 0
rfingers 7.12502 0 0
rthumb 0.845509 -53.7988 0
48
root 6.73582 16.735 -27.4913 2.772 1.44027 -0.0060906
lfemur -15.4043 6.11178 -20.7812
ltibia 35.5809 0 0
lfoot -31.7615 -1.49842 0
ltoes 36.3688 0 0
rfemur -46.4855 -8.06586 32.061
rtibia 54.6877 0 0
rfoot -13.914 1.8367 0
rtoes 2.85487 0 0
lowerback 3.70718 1.25212 -6.28244
upperback 0.115986 1.26444 1.36229
thorax -2.08983 0.723759 5.34314
lowerneck -10.7013 -1.75564 1.13577
upperneck -0.849803 -2.47952 0.236884
head 1.52625 -1.22055 -0.20599
lclavicle -7.21229e-14 -2.37533e-14 0
lhumerus -41.6062 -14.7807 96.1828
lradius 40.7348 0 0
lwrist 7.66076 0 0
lhand -4.42604 4.47473 0
lfingers 7.12502 0 0
lthumb 21.311 32.9614 0
rclavicle -7.21229e-14 -2.37533e-14 0
rhumerus -44.3505 -12.1189 -76.152
rradius 55.0386 0 0
rwrist -6.5472 0 0
rhand -25.7292 -23.8678 0
rfingers 7.12502 0 0
rthumb 0.807314 -53.8325 0
49
root 6.74724 16.7324 -27.4777 2.62423 1.5439 0.0529503
lfemur -15.3005 6.19846 -20.7864
ltibia 35.5889 0 0
lfoot -31.6067 -1.63187 0
ltoes 36.314 0 0
rfemur -47.11 -8.25838 32.3583
rtibia 55.1367 0 0
rfoot -13.536 2.1164 0
rtoes 2.41682 0 0
lowerback 3.85903 1.19688 -6.31336
upperback 0.178147 1.17851 1.32342
thorax -2.09752 0.679721 5.32853
lowerneck -10.7211 -1.74364 1.11575
upperneck -0.836918 -2.4626 0.274328
head 1.53473 -1.21096 -0.190081
lclavicle -7.12823e-14 -2.33083e-14 0
lhumerus -41.5972 -14.8782 96.1149
lradius 40.8714 0 0
lwrist 7.77794 0 0
lhand -4.26223 4.50375 0
lfingers 7.12502 0 0
lthumb 21.4678 32.9678 0
rclavicle -7.12823e-14 -2.33083e-14 0
rhumerus -44.3606 -12.2935 -75.9506
rradius 55.3508 0 0
rwrist -6.92 0 0
rhand -25.7687 -23.9015 0
rfingers 7.12502 0 0
rthumb 0.769118 -53.8662 0
50
root 6.75866 16.7297 -27.4642 2.47645 1.64753 0.111991
lfemur -15.1966 6.28513 -20.7916
ltibia 35.5969 0 0
lfoot -31.4519 -1.76533 0
ltoes 36.2593 0 0
rfemur -47.7344 -8.4509 32.6556
rtibia 55.5856 0 0
rfoot -13.1579 2.3961 0
rtoes 1.97877 0 0
lowerback 4.01088 1.14163 -6.34428
upperback 0.240309 1.09258 1.28456
thorax -2.10522 0.635683 5.31392
lowerneck -10.741 -1.73165 1.09573
upperneck -0.824032 -2.44568 0.311772
head 1.54322 -1.20137 -0.174173
lclavicle -7.04418e-14 -2.28632e-14 0
lhumerus -41.5882 -14.9758 96.0469
lradius 41.008 0 0
lwrist 7.89513 0 0
lhand -4.09842 4.53276 0
lfingers 7.12502 0 0
lthumb 21.6247 32.9743 0
rclavicle -7.04418e-14 -2.28632e-14 0
rhumerus -44.3706 -12.468 -75.7492
rradius 55.6629 0 0
rwrist -7.29279 0 0
rhand -25.8083 -23.9352 0
rfingers 7.12502 0 0
rthumb 0.730923 -53.8999 0
51
root 6.77008 16.727 -27.4506 2.32867 1.75116 0.171032
lfemur -15.0927 6.37181 -20.7968
ltibia 35.6049 0 0
lfoot -31.2971 -1.89879 0
ltoes 36.2045 0 0
rfemur -48.3589 -8.64342 32.9529
rtibia 56.0346 0 0
rfoot -12.7798 2.6758 0
rtoes 1.54072 0 0
lowerback 4.16274 1.08639 -6.37521
upperback 0.302471 1.00665 1.24569
thorax -2.11291 0.591645 5.29931
lowerneck -10.7609 -1.71965 1.07572
upperneck -0.811147 -2.42876 0.349216
head 1.5517 -1.19178 -0.158265
lclavicle -6.96012e-14 -2.24182e-14 0
lhumerus -41.5793 -15.0733 95.979
lradius 41.1446 0 0
lwrist 8.01232 0 0
lhand -3.93461 4.56178 0
lfingers 7.12502 0 0
lthumb 21.7815 32.9807 0
rclavicle -6.96012e-14 -2.24182e-14 0
rhumerus -44.3807 -12.6426 -75.5478
rradius 55.975 0 0
rwrist -7.66559 0 0
rhand -25.8478 -23.9689 0
rfingers 7.12502 0 0
rthumb 0.692727 -53.9336 0
52
root 6.7815 16.7244 -27.437 2.1809 1.85479 0.230073
lfemur -14.9888 6.45849 -20.8021
ltibia 35.6129 0 0
lfoot -31.1423 -2.03224 0
ltoes 36.1497 0 0
rfemur -48.9833 -8.83594 33.2502
rtibia 56.4835 0 0
rfoot -12.4018 2.9555 0
rtoes 1.10267 0 0
lowerback 4.31459 1.03114 -6.40613
upperback 0.364632 0.920714 1.20683
thorax -2.12061 0.547607 5.28469
lowerneck -10.7807 -1.70766 1.0557
upperneck -0.798262 -2.41185 0.38666
head 1.56018 -1.18219 -0.142356
lclavicle -6.87606e-14 -2.19732e-14 0
lhumerus -41.5703 -15.1709 95.9111
lradius 41.2812 0 0
lwrist 8.1295 0 0
lhand -3.77081 4.59079 0
lfingers 7.12502 0 0
lthumb 21.9383 32.9872 0
rclavicle -6.87606e-14 -2.19732e-14 0
rhumerus -44.3907 -12.8172 -75.3464
rradius 56.2872 0 0
rwrist -8.03838 0 0
rhand -25.8874 -24.0027 0
rfingers 7.12502 0 0
rthumb 0.654531 -53.9673 0
53
root 6.79292 16.7217 -27.4234 2.03312 1.95842 0.289114
lfemur -14.8849 6.54516 -20.8073
ltibia 35.6209 0 0
lfoot -30.9875 -2.1657 0
ltoes 36.0949 0 0
rfemur -49.6078 -9.02846 33.5475
rtibia 56.9325 0 0
rfoot -12.0237 3.2352 0
rtoes 0.664623 0 0
lowerback 4.46645 0.975895 -6.43706
upperback 0.426794 0.834782 1.16796
thorax -2.1283 0.503569 5.27008
lowerneck -10.8006 -1.69566 1.03568
upperneck -0.785377 -2.39493 0.424104
head 1.56867 -1.1726 -0.126448
lclavicle -6.79201e-14 -2.15281e-14 0
lhumerus -41.5613 -15.2684 95.8431
lradius 41.4178 0 0
lwrist 8.24669 0 0
lhand -3.607 4.61981 0
lfingers 7.12502 0 0
lthumb 22.0952 32.9936 0
rclavicle -6.79201e-14 -2.15281e-14 0
rhumerus -44.4008 -12.9918 -75.145
rradius 56.5993 0 0
rwrist -8.41118 0 0
rhand -25.9269 -24.0364 0
rfingers 7.12502 0 0
rthumb 0.616336 -54.001 0
54
root 6.80434 16.719 -27.4099 1.88534 2.06205 0.348155
lfemur -14.781 6.63184 -20.8125
ltibia 35.6289 0 0
lfoot -30.8327 -2.29915 0
ltoes 36.0401 0 0
rfemur -50.2323 -9.22098 33.8448
rtibia 57.3814 0 0
rfoot -11.6457 3.5149 0
rtoes 0.226575 0 0
lowerback 4.6183 0.920649 -6.46798
upperback 0.488956 0.74885 1.1291
thorax -2.136 0.459531 5.25547
lowerneck -10.8205 -1.68367 1.01567
upperneck -0.772492 -2.37801 0.461548
head 1.57715 -1.16301 -0.11054
lclavicle -6.70795e-14 -2.10831e-14 0
lhumerus -41.5524 -15.366 95.7752
lradius 41.5544 0 0
lwrist 8.36388 0 0
lhand -3.44319 4.64882 0
lfingers 7.12502 0 0
lthumb 22.252 33.0001 0
rclavicle -6.70795e-14 -2.10831e-14 0
rhumerus -44.4108 -13.1663 -74.9436
rradius 56.9115 0 0
rwrist -8.78397 0 0
rhand -25.9665 -24.0701 0
rfingers 7.12502 0 0
rthumb 0.57814 -54.0347 0
55
root 6.81576 16.7164 -27.3963 1.73757 2.16569 0.407196
lfemur -14.6771 6.71851 -20.8177
ltibia 35.6369 0 0
lfoot -30.6779 -2.43261 0
ltoes 35.9854 0 0
rfemur -50.8567 -9.4135 34.1421
rtibia 57.8304 0 0
rfoot -11.2676 3.7946 0
rtoes -0.211474 0 0
lowerback 4.77015 0.865403 -6.4989
upperback 0.551118 0.662919 1.09023
thorax -2.14369 0.415493 5.24086
lowerneck -10.8404 -1.67167 0.995651
upperneck -0.759607 -2.36109 0.498992
head 1.58564 -1.15341 -0.0946313
lclavicle -6.62389e-14 -2.0638e-14 0
lhumerus -41.5434 -15.4635 95.7073
lradius 41.691 0 0
lwrist 8.48107 0 0
lhand -3.27938 4.67784 0
lfingers 7.12502 0 0
lthumb 22.4089 33.0065 0
rclavicle -6.62389e-14 -2.0638e-14 0
rhumerus -44.4209 -13.3409 -74.7422
rradius 57.2236 0 0
rwrist -9.15676 0 0
rhand -26.006 -24.1038 0
rfingers 7.12502 0 0
rthumb 0.539945 -54.0684 0
56
root 6.82718 16.7137 -27.3827 1.58979 2.26932 0.466237
lfemur -14.5732 6.80519 -20.8229
ltibia 35.6449 0 0
lfoot -30.5231 -2.56607 0
ltoes 35.9306 0 0
rfemur -51.4812 -9.60602 34.4394
rtibia 58.2794 0 0
rfoot -10.8895 4.0743 0
rtoes -0.649522 0 0
lowerback 4.92201 0.810157 -6.52983
upperback 0.613279 0.576987 1.05137
thorax -2.15139 0.371455 5.22625
lowerneck -10.8602 -1.65967 0.975634
upperneck -0.746721 -2.34417 0.536436
head 1.59412 -1.14382 -0.0787229
lclavicle -6.53983e-14 -2.0193e-14 0
lhumerus -41.5344 -15.561 95.6393
lradius 41.8276 0 0
lwrist 8.59825 0 0
lhand -3.11557 4.70686 0
lfingers 7.12502 0 0
lthumb 22.5657 33.013 0
rclavicle -6.53983e-14 -2.0193e-14 0
rhumerus -44.431 -13.5155 -74.5408
rradius 57.5357 0 0
rwrist -9.52956 0 0
rhand -26.0456 -24.1375 0
rfingers 7.12502 0 0
rthumb 0.501749 -54.1021 0
57
root 6.83861 16.711 -27.3691 1.44201 2.37295 0.525277
lfemur -14.4693 6.89186 -20.8281
ltibia 35.6529 0 0
lfoot -30.3683 -2.69952 0
ltoes 35.8758 0 0
rfemur -52.1056 -9.79854 34.7367
rtibia 58.7283 0 0
rfoot -10.5115 4.354 0
rtoes -1.08757 0 0
lowerback 5.07386 0.754911 -6.56075
upperback 0.675441 0.491055 1.0125
thorax -2.15908 0.327417 5.21164
lowerneck -10.8801 -1.64768 0.955618
upperneck -0.733836 -2.32726 0.57388
head 1.60261 -1.13423 -0.0628146
lclavicle -6.45578e-14 -1.9748e-14 0
lhumerus -41.5255 -15.6586 95.5714
lradius 41.9641 0 0
lwrist 8.71544 0 0
lhand -2.95176 4.73587 0
lfingers 7.12502 0 0
lthumb 22.7225 33.0194 0
rclavicle -6.45578e-14 -1.9748e-14 0
rhumerus -44.441 -13.6901 -74.3394
rradius 57.8479 0 0
rwrist -9.90235 0 0
rhand -26.0851 -24.1712 0
rfingers 7.12502 0 0
rthumb 0.463553 -54.1358 0
58
root 6.85003 16.7084 -27.3556 1.29424 2.47658 0.584318
lfemur -14.3654 6.97854 -20.8333
ltibia 35.6609 0 0
lfoot -30.2135 -2.83298 0
ltoes 35.821 0 0
rfemur -52.7301 -9.99106 35.034
rtibia 59.1773 0 0
rfoot -10.1334 4.6337 0
rtoes -1.52562 0 0
lowerback 5.22571 0.699666 -6.59167
upperback 0.737603 0.405123 0.973638
thorax -2.16678 0.283379 5.19702
lowerneck -10.9 -1.63568 0.935601
upperneck -0.720951 -2.31034 0.611324
head 1.61109 -1.12464 -0.0469063
lclavicle -6.37172e-14 -1.93029e-14 0
lhumerus -41.5165 -15.7561 95.5035
lradius 42.1007 0 0
lwrist 8.83263 0 0
lhand -2.78796 4.76489 0
lfingers 7.12502 0 0
lthumb 22.8794 33.0259 0
rclavicle -6.37172e-14 -1.93029e-14 0
rhumerus -44.4511 -13.8646 -74.138
rradius 58.16 0 0
rwrist -10.2751 0 0
rhand -26.1247 -24.205 0
rfingers 7.12502 0 0
rthumb 0.425358 -54.1695 0
59
root 6.86145 16.7057 -27.342 1.14646 2.58021 0.643359
lfemur -14.2615 7.06522 -20.8385
ltibia 35.6689 0 0
lfoot -30.0587 -2.96644 0
ltoes 35.7662 0 0
rfemur -53.3546 -10.1836 35.3313
rtibia 59.6262 0 0
rfoot -9.75533 4.9134 0
rtoes -1.96367 0 0
lowerback 5.37757 0.64442 -6.6226
upperback 0.799764 0.319191 0.934773
thorax -2.17447 0.239341 5.18241
lowerneck -10.9199 -1.62369 0.915584
upperneck -0.708066 -2.29342 0.648768
head 1.61957 -1.11505 -0.0309979
lclavicle -6.28766e-14 -1.88579e-14 0
lhumerus -41.5075 -15.8537 95.4355
lradius 42.2373 0 0
lwrist 8.94981 0 0
lhand -2.62415 4.7939 0
lfingers 7.12502 0 0
lthumb 23.0362 33.0323 0
rclavicle -6.28766e-14 -1.88579e-14 0
rhumerus -44.4611 -14.0392 -73.9366
rradius 58.4721 0 0
rwrist -10.6479 0 0
rhand -26.1642 -24.2387 0
rfingers 7.12502 0 0
rthumb 0.387162 -54.2032 0
60
root 6.87287 16.703 -27.3284 0.998684 2.68384 0.7024
lfemur -14.1576 7.15189 -20.8437
ltibia 35.6769 0 0
lfoot -29.9039 -3.09989 0
ltoes 35.7115 0 0
rfemur -53.979 -10.3761 35.6286
rtibia 60.0752 0 0
rfoot -9.37726 5.1931 0
rtoes -2.40172 0 0
lowerback 5.52942 0.589174 -6.65352
upperback 0.861926 0.23326 0.895908
thorax -2.18217 0.195303 5.1678
lowerneck -10.9397 -1.61169 0.895568
upperneck -0.695181 -2.2765 0.686211
head 1.62806 -1.10546 -0.0150896
lclavicle -6.20361e-14 -1.84128e-14 0
lhumerus -41.4986 -15.9512 95.3676
lradius 42.3739 0 0
lwrist 9.067 0 0
lhand -2.46034 4.82292 0
lfingers 7.12502 0 0
lthumb 23.1931 33.0387 0
rclavicle -6.20361e-14 -1.84128e-14 0
rhumerus -44.4712 -14.2138 -73.7353
rradius 58.7843 0 0
rwrist -11.0207 0 0
rhand -26.2038 -24.2724 0
rfingers 7.12502 0 0
rthumb 0.348967 -54.237 0
61
root 6.88429 16.7003 -27.3148 0.850907 2.78747 0.761441
lfemur -14.0537 7.23857 -20.8489
ltibia 35.6849 0 0
lfoot -29.7491 -3.23335 0
ltoes 35.6567 0 0
rfemur -54.6035 -10.5686 35.9259
rtibia 60.5241 0 0
rfoot -8.9992 5.4728 0
rtoes -2.83976 0 0
lowerback 5.68127 0.533928 -6.68444
upperback 0.924088 0.147328 0.857044
thorax -2.18986 0.151265 5.15319
lowerneck -10.9596 -1.5997 0.875551
upperneck -0.682296 -2.25958 0.723655
head 1.63654 -1.09586 0.000818716
lclavicle -6.11955e-14 -1.79678e-14 0
lhumerus -41.4896 -16.0488 95.2997
lradius 42.5105 0 0
lwrist 9.18419 0 0
lhand -2.29653 4.85193 0
lfingers 7.12502 0 0
lthumb 23.3499 33.0452 0
rclavicle -6.11955e-14 -1.79678e-14 0
rhumerus -44.4813 -14.3883 -73.5339
rradius 59.0964 0 0
rwrist -11.3935 0 0
rhand -26.2433 -24.3061 0
rfingers 7.12502 0 0
rthumb 0.310771 -54.2707 0
62
root 6.89571 16.6977 -27.3013 0.70313 2.8911 0.820482
lfemur -13.9499 7.32524 -20.8541
ltibia 35.6929 0 0
lfoot -29.5943 -3.36681 0
ltoes 35.6019 0 0
rfemur -55.2279 -10.7611 36.2232
rtibia 60.9731 0 0
rfoot -8.62113 5.7525 0
rtoes -3.27781 0 0
lowerback 5.83313 0.478682 -6.71537
upperback 0.98625 0.0613961 0.818179
thorax -2.19756 0.107227 5.13858
lowerneck -10.9795 -1.5877 0.855534
upperneck -0.66941 -2.24266 0.761099
head 1.64503 -1.08627 0.016727
lclavicle -6.03549e-14 -1.75228e-14 0
lhumerus -41.4806 -16.1463 95.2317
lradius 42.6471 0 0
lwrist 9.30138 0 0
lhand -2.13272 4.88095 0
lfingers 7.12502 0 0
lthumb 23.5067 33.0516 0
rclavicle -6.03549e-14 -1.75228e-14 0
rhumerus -44.4913 -14.5629 -73.3325
rradius 59.4085 0 0
rwrist -11.7663 0 0
rhand -26.2829 -24.3398 0
rfingers 7.12502 0 0
rthumb 0.272575 -54.3044 0
63
root 6.90713 16.695 -27.2877 0.555354 2.99473 0.879523
lfemur -13.846 7.41192 -20.8593
ltibia 35.7009 0 0
lfoot -29.4395 -3.50026 0
ltoes 35.5471 0 0
rfemur -55.8524 -10.9537 36.5205
rtibia 61.422 0 0
rfoot -8.24307 6.0322 0
rtoes -3.71586 0 0
lowerback 5.98498 0.423437 -6.74629
upperback 1.04841 -0.0245357 0.779314
thorax -2.20525 0.0631889 5.12396
lowerneck -10.9993 -1.57571 0.835518
upperneck -0.656525 -2.22575 0.798543
head 1.65351 -1.07668 0.0326354
lclavicle -5.95143e-14 -1.70777e-14 0
lhumerus -41.4716 -16.2439 95.1638
lradius 42.7837 0 0
lwrist 9.41856 0 0
lhand -1.96892 4.90996 0
lfingers 7.12502 0 0
lthumb 23.6636 33.0581 0
rclavicle -5.95143e-14 -1.70777e-14 0
rhumerus -44.5014 -14.7375 -73.1311
rradius 59.7207 0 0
rwrist -12.1391 0 0
rhand -26.3224 -24.3736 0
rfingers 7.12502 0 0
rthumb 0.23438 -54.3381 0
64
root 6.91855 16.6923 -27.2741 0.407577 3.09836 0.938564
lfemur -13.7421 7.49859 -20.8645
ltibia 35.7089 0 0
lfoot -29.2847 -3.63372 0
ltoes 35.4924 0 0
rfemur -56.4769 -11.1462 36.8178
rtibia 61.871 0 0
rfoot -7.865 6.3119 0
rtoes -4.15391 0 0
lowerback 6.13683 0.368191 -6.77721
upperback 1.11057 -0.110467 0.740449
thorax -2.21295 0.0191509 5.10935
lowerneck -11.0192 -1.56371 0.815501
upperneck -0.64364 -2.20883 0.835987
head 1.662 -1.06709 0.0485437
lclavicle -5.86738e-14 -1.66327e-14 0
lhumerus -41.4627 -16.3414 95.0959
lradius 42.9203 0 0
lwrist 9.53575 0 0
lhand -1.80511 4.93898 0
lfingers 7.12502 0 0
lthumb 23.8204 33.0645 0
rclavicle -5.86738e-14 -1.66327e-14 0
rhumerus -44.5114 -14.9121 -72.9297
rradius 60.0328 0 0
rwrist -12.5119 0 0
rhand -26.362 -24.4073 0
rfingers 7.12502 0 0
rthumb 0.196184 -54.3718 0
65
root 6.92997 16.6897 -27.2605 0.2598 3.20199 0.997605
lfemur -13.6382 7.58527 -20.8697
ltibia 35.7169 0 0
lfoot -29.1299 -3.76718 0
ltoes 35.4376 0 0
rfemur -57.1013 -11.3387 37.1151
rtibia 62.3199 0 0
rfoot -7.48694 6.5916 0
rtoes -4.59196 0 0
lowerback 6.28869 0.312945 -6.80814
upperback 1.17273 -0.196399 0.701584
thorax -2.22064 -0.0248871 5.09474
lowerneck -11.0391 -1.55172 0.795484
upperneck -0.630755 -2.19191 0.873431
head 1.67048 -1.0575 0.064452
lclavicle -5.78332e-14 -1.61876e-14 0
lhumerus -41.4537 -16.439 95.0279
lradius 43.0569 0 0
lwrist 9.65294 0 0
lhand -1.6413 4.96799 0
lfingers 7.12502 0 0
lthumb 23.9773 33.071 0
rclavicle -5.78332e-14 -1.61876e-14 0
rhumerus -44.5215 -15.0866 -72.7283
rradius 60.3449 0 0
rwrist -12.8847 0 0
rhand -26.4015 -24.441 0
rfingers 7.12502 0 0
rthumb 0.157989 -54.4055 0
66
root 6.94139 16.687 -27.247 0.112024 3.30562 1.05665
lfemur -13.5343 7.67195 -20.8749
ltibia 35.7249 0 0
lfoot -28.9751 -3.90063 0
ltoes 35.3828 0 0
rfemur -57.7258 -11.5312 37.4124
rtibia 62.7689 0 0
rfoot -7.10887 6.8713 0
rtoes -5.03001 0 0
lowerback 6.44054 0.257699 -6.83906
upperback 1.2349 -0.282331 0.662719
thorax -2.22834 -0.0689251 5.08013
lowerneck -11.059 -1.53972 0.775468
upperneck -0.61787 -2.17499 0.910875
head 1.67896 -1.04791 0.0803604
lclavicle -5.69926e-14 -1.57426e-14 0
lhumerus -41.4447 -16.5365 94.96
lradius 43.1935 0 0
lwrist 9.77012 0 0
lhand -1.47749 4.99701 0
lfingers 7.12502 0 0
lthumb 24.1341 33.0774 0
rclavicle -5.69926e-14 -1.57426e-14 0
rhumerus -44.5316 -15.2612 -72.5269
rradius 60.6571 0 0
rwrist -13.2575 0 0
rhand -26.4411 -24.4747 0
rfingers 7.12502 0 0
rthumb 0.119793 -54.4392 0
67
root 6.95282 16.6843 -27.2334 -0.0357531 3.40925 1.11569
lfemur -13.4304 7.75862 -20.8801
ltibia 35.7329 0 0
lfoot -28.8203 -4.03409 0
ltoes 35.328 0 0
rfemur -58.3503 -11.7237 37.7097
rtibia 63.2178 0 0
rfoot -6.73081 7.151 0
rtoes -5.46806 0 0
lowerback 6.5924 0.202453 -6.86999
upperback 1.29706 -0.368263 0.623854
thorax -2.23603 -0.112963 5.06552
lowerneck -11.0788 -1.52772 0.755451
upperneck -0.604985 -2.15807 0.948319
head 1.68745 -1.03832 0.0962687
lclavicle -5.61521e-14 -1.52976e-14 0
lhumerus -41.4358 -16.6341 94.8921
lradius 43.3301 0 0
lwrist 9.88731 0 0
lhand -1.31368 5.02602 0
lfingers 7.12502 0 0
lthumb 24.2909 33.0839 0
rclavicle -5.61521e-14 -1.52976e-14 0
rhumerus -44.5416 -15.4358 -72.3255
rradius 60.9692 0 0
rwrist -13.6303 0 0
rhand -26.4806 -24.5084 0
rfingers 7.12502 0 0
rthumb 0.0815974 -54.4729 0
68
root 6.96424 16.6817 -27.2198 -0.18353 3.51288 1.17473
lfemur -13.3265 7.8453 -20.8853
ltibia 35.7409 0 0
lfoot -28.6655 -4.16755 0
ltoes 35.2732 0 0
rfemur -58.9747 -11.9162 38.007
rtibia 63.6668 0 0
rfoot -6.35274 7.4307 0
rtoes -5.9061 0 0
lowerback 6.74425 0.147207 -6.90091
upperback 1.35922 -0.454195 0.58499
thorax -2.24373 -0.157001 5.05091
lowerneck -11.0987 -1.51573 0.735434
upperneck -0.592099 -2.14116 0.985763
head 1.69593 -1.02872 0.112177
lclavicle -5.53115e-14 -1.48525e-14 0
lhumerus -41.4268 -16.7316 94.8241
lradius 43.4667 0 0
lwrist 10.0045 0 0
lhand -1.14987 5.05504 0
lfingers 7.12502 0 0
lthumb 24.4478 33.0903 0
rclavicle -5.53115e-14 -1.48525e-14 0
rhumerus -44.5517 -15.6103 -72.1241
rradius 61.2813 0 0
rwrist -14.0031 0 0
rhand -26.5202 -24.5421 0
rfingers 7.12502 0 0
rthumb 0.0434018 -54.5066 0
69
root 6.97566 16.679 -27.2062 -0.331307 3.61651 1.23377
lfemur -13.2226 7.93197 -20.8905
ltibia 35.7489 0 0
lfoot -28.5107 -4.301 0
ltoes 35.2185 0 0
rfemur -59.5992 -12.1088 38.3043
rtibia 64.1157 0 0
rfoot -5.97468 7.7104 0
rtoes -6.34415 0 0
lowerback 6.8961 0.0919616 -6.93183
upperback 1.42138 -0.540126 0.546125
thorax -2.25142 -0.201039 5.03629
lowerneck -11.1186 -1.50373 0.715418
upperneck -0.579214 -2.12424 1.02321
head 1.70442 -1.01913 0.128085
lclavicle -5.44709e-14 -1.44075e-14 0
lhumerus -41.4178 -16.8292 94.7562
lradius 43.6033 0 0
lwrist 10.1217 0 0
lhand -0.986066 5.08405 0
lfingers 7.12502 0 0
lthumb 24.6046 33.0968 0
rclavicle -5.44709e-14 -1.44075e-14 0
rhumerus -44.5617 -15.7849 -71.9227
rradius 61.5935 0 0
rwrist -14.3759 0 0
rhand -26.5597 -24.5759 0
rfingers 7.12502 0 0
rthumb 0.00520619 -54.5403 0
70
root 6.98708 16.6763 -27.1927 -0.479083 3.72014 1.29281
lfemur -13.1187 8.01865 -20.8957
ltibia 35.7569 0 0
lfoot -28.3559 -4.43446 0
ltoes 35.1637 0 0
rfemur -60.2236 -12.3013 38.6016
rtibia 64.5647 0 0
rfoot -5.59661 7.9901 0
rtoes -6.7822 0 0
lowerback 7.04796 0.0367158 -6.96276
upperback 1.48354 -0.626058 0.50726
thorax -2.25912 -0.245077 5.02168
lowerneck -11.1385 -1.49174 0.695401
upperneck -0.566329 -2.10732 1.06065
head 1.7129 -1.00954 0.143994
lclavicle -5.36304e-14 -1.39624e-14 0
lhumerus -41.4089 -16.9267 94.6883
lradius 43.7399 0 0
lwrist 10.2389 0 0
lhand -0.822258 5.11307 0
lfingers 7.12502 0 0
lthumb 24.7615 33.1032 0
rclavicle -5.36304e-14 -1.39624e-14 0
rhumerus -44.5718 -15.9595 -71.7213
rradius 61.9056 0 0
rwrist -14.7487 0 0
rhand -26.5993 -24.6096 0
rfingers 7.12502 0 0
rthumb -0.0329894 -54.574 0
71
root 6.9985 16.6736 -27.1791 -0.62686 3.82377 1.35185
lfemur -13.0148 8.10533 -20.901
ltibia 35.7649 0 0
lfoot -28.201 -4.56791 0
ltoes 35.1089 0 0
rfemur -60.8481 -12.4938 38.8989
rtibia 65.0136 0 0
rfoot -5.21855 8.2698 0
rtoes -7.22025 0 0
lowerback 7.19981 -0.01853 -6.99368
upperback 1.5457 -0.71199 0.468395
thorax -2.26681 -0.289115 5.00707
lowerneck -11.1583 -1.47974 0.675385
upperneck -0.553444 -2.0904 1.0981
head 1.72138 -0.99995 0.159902
lclavicle -5.27898e-14 -1.35174e-14 0
lhumerus -41.3999 -17.0242 94.6204
lradius 43.8764 0 0
lwrist 10.3561 0 0
lhand -0.65845 5.14208 0
lfingers 7.12502 0 0
lthumb 24.9183 33.1097 0
rclavicle -5.27898e-14 -1.35174e-14 0
rhumerus -44.5819 -16.1341 -71.5199
rradius 62.2177 0 0
rwrist -15.1215 0 0
rhand -26.6388 -24.6433 0
rfingers 7.12502 0 0
rthumb -0.071185 -54.6077 0
72
root 7.00992 16.671 -27.1655 -0.774637 3.9274 1.41089
lfemur -12.9109 8.192 -20.9062
ltibia 35.773 0 0
lfoot -28.0462 -4.70137 0
ltoes 35.0541 0 0
rfemur -61.4726 -12.6863 39.1963
rtibia 65.4626 0 0
rfoot -4.84049 8.5495 0
rtoes -7.6583 0 0
lowerback 7.35166 -0.0737758 -7.0246
upperback 1.60787 -0.797922 0.42953
thorax -2.27451 -0.333153 4.99246
lowerneck -11.1782 -1.46775 0.655368
upperneck -0.540559 -2.07348 1.13554
head 1.72987 -0.990359 0.17581
lclavicle -5.19492e-14 -1.30724e-14 0
lhumerus -41.3909 -17.1218 94.5524
lradius 44.013 0 0
lwrist 10.4732 0 0
lhand -0.494642 5.1711 0
lfingers 7.12502 0 0
lthumb 25.0751 33.1161 0
rclavicle -5.19492e-14 -1.30724e-14 0
rhumerus -44.5919 -16.3086 -71.3185
rradius 62.5299 0 0
rwrist -15.4943 0 0
rhand -26.6783 -24.677 0
rfingers 7.12502 0 0
rthumb -0.109381 -54.6414 0
73
root 7.02134 16.6683 -27.152 -0.922413 4.03103 1.46993
lfemur -12.807 8.27868 -20.9114
ltibia 35.781 0 0
lfoot -27.8914 -4.83483 0
ltoes 34.9993 0 0
rfemur -62.097 -12.8788 39.4936
rtibia 65.9116 0 0
rfoot -4.46242 8.8292 0
rtoes -8.09635 0 0
lowerback 7.50352 -0.129022 -7.05553
upperback 1.67003 -0.883854 0.390665
thorax -2.28221 -0.377191 4.97785
lowerneck -11.1981 -1.45575 0.635351
upperneck -0.527674 -2.05656 1.17298
head 1.73835 -0.980767 0.191719
lclavicle -5.11086e-14 -1.26273e-14 0
lhumerus -41.382 -17.2193 94.4845
lradius 44.1496 0 0
lwrist 10.5904 0 0
lhand -0.330834 5.20012 0
lfingers 7.12502 0 0
lthumb 25.232 33.1225 0
rclavicle -5.11086e-14 -1.26273e-14 0
rhumerus -44.602 -16.4832 -71.1171
rradius 62.842 0 0
rwrist -15.8671 0 0
rhand -26.7179 -24.7107 0
rfingers 7.12502 0 0
rthumb -0.147576 -54.6751 0
74
root 7.03276 16.6656 -27.1384 -1.07019 4.13466 1.52897
lfemur -12.7031 8.36535 -20.9166
ltibia 35.789 0 0
lfoot -27.7366 -4.96828 0
ltoes 34.9446 0 0
rfemur -62.7215 -13.0714 39.7909
rtibia 66.3605 0 0
rfoot -4.08436 9.1089 0
rtoes -8.5344 0 0
lowerback 7.65537 -0.184267 -7.08645
upperback 1.73219 -0.969785 0.3518
thorax -2.2899 -0.421229 4.96323
lowerneck -11.2179 -1.44376 0.615335
upperneck -0.514789 -2.03965 1.21043
head 1.74684 -0.971176 0.207627
lclavicle -5.02681e-14 -1.21823e-14 0
lhumerus -41.373 -17.3169 94.4166
lradius 44.2862 0 0
lwrist 10.7076 0 0
lhand -0.167025 5.22913 0
lfingers 7.12502 0 0
lthumb 25.3888 33.129 0
rclavicle -5.02681e-14 -1.21823e-14 0
rhumerus -44.612 -16.6578 -70.9157
rradius 63.1542 0 0
rwrist -16.2399 0 0
rhand -26.7574 -24.7445 0
rfingers 7.12502 0 0
rthumb -0.185772 -54.7088 0
75
root 7.04418 16.663 -27.1248 -1.21797 4.23829 1.58801
lfemur -12.5993 8.45203 -20.9218
ltibia 35.797 0 0
lfoot -27.5818 -5.10174 0
ltoes 34.8898 0 0
rfemur -63.3459 -13.2639 40.0882
rtibia 66.8095 0 0
rfoot -3.70629 9.3886 0
rtoes -8.97244 0 0
lowerback 7.80722 -0.239513 -7.11737
upperback 1.79435 -1.05572 0.312936
thorax -2.2976 -0.465267 4.94862
lowerneck -11.2378 -1.43176 0.595318
upperneck -0.501903 -2.02273 1.24787
head 1.75532 -0.961584 0.223535
lclavicle -4.94275e-14 -1.17372e-14 0
lhumerus -41.364 -17.4144 94.3486
lradius 44.4228 0 0
lwrist 10.8248 0 0
lhand -0.00321716 5.25815 0
lfingers 7.12502 0 0
lthumb 25.5457 33.1354 0
rclavicle -4.94275e-14 -1.17372e-14 0
rhumerus -44.6221 -16.8324 -70.7143
rradius 63.4663 0 0
rwrist -16.6127 0 0
rhand -26.797 -24.7782 0
rfingers 7.12502 0 0
rthumb -0.223967 -54.7425 0
76
root 7.05561 16.6603 -27.1112 -1.36574 4.34192 1.64705
lfemur -12.4954 8.5387 -20.927
ltibia 35.805 0 0
lfoot -27.427 -5.2352 0
ltoes 34.835 0 0
rfemur -63.9704 -13.4564 40.3855
rtibia 67.2584 0 0
rfoot -3.32823 9.6683 0
rtoes -9.41049 0 0
lowerback 7.95908 -0.294759 -7.1483
upperback 1.85651 -1.14165 0.274071
thorax -2.30529 -0.509305 4.93401
lowerneck -11.2577 -1.41977 0.575301
upperneck -0.489018 -2.00581 1.28531
head 1.76381 -0.951993 0.239444
lclavicle -4.85869e-14 -1.12922e-14 0
lhumerus -41.3551 -17.512 94.2807
lradius 44.5594 0 0
lwrist 10.942 0 0
lhand 0.160591 5.28716 0
lfingers 7.12502 0 0
lthumb 25.7025 33.1419 0
rclavicle -4.85869e-14 -1.12922e-14 0
rhumerus -44.6321 -17.0069 -70.5129
rradius 63.7784 0 0
rwrist -16.9854 0 0
rhand -26.8365 -24.8119 0
rfingers 7.12502 0 0
rthumb -0.262163 -54.7762 0
77
root 7.06703 16.6576 -27.0977 -1.51352 4.44555 1.7061
lfemur -12.3915 8.62538 -20.9322
ltibia 35.813 0 0
lfoot -27.2722 -5.36865 0
ltoes 34.7802 0 0
rfemur -64.5949 -13.6489 40.6828
rtibia 67.7074 0 0
rfoot -2.95016 9.948 0
rtoes -9.84854 0 0
lowerback 8.11093 -0.350005 -7.17922
upperback 1.91868 -1.22758 0.235206
thorax -2.31299 -0.553343 4.9194
lowerneck -11.2776 -1.40777 0.555285
upperneck -0.476133 -1.98889 1.32276
head 1.77229 -0.942401 0.255352
lclavicle -4.77464e-14 -1.08472e-14 0
lhumerus -41.3461 -17.6095 94.2128
lradius 44.696 0 0
lwrist 11.0592 0 0
lhand 0.324399 5.31618 0
lfingers 7.12502 0 0
lthumb 25.8593 33.1483 0
rclavicle -4.77464e-14 -1.08472e-14 0
rhumerus -44.6422 -17.1815 -70.3115
rradius 64.0906 0 0
rwrist -17.3582 0 0
rhand -26.8761 -24.8456 0
rfingers 7.12502 0 0
rthumb -0.300359 -54.8099 0
78
root 7.07845 16.655 -27.0841 -1.6613 4.54918 1.76514
lfemur -12.2876 8.71206 -20.9374
ltibia 35.821 0 0
lfoot -27.1174 -5.50211 0
ltoes 34.7254 0 0
rfemur -65.2193 -13.8414 40.9801
rtibia 68.1563 0 0
rfoot -2.5721 10.2277 0
rtoes -10.2866 0 0
lowerback 8.26279 -0.405251 -7.21015
upperback 1.98084 -1.31351 0.196341
thorax -2.32068 -0.597381 4.90479
lowerneck -11.2974 -1.39577 0.535268
upperneck -0.463248 -1.97197 1.3602
head 1.78077 -0.93281 0.27126
lclavicle -4.69058e-14 -1.04021e-14 0
lhumerus -41.3371 -17.7071 94.1448
lradius 44.8326 0 0
lwrist 11.1764 0 0
lhand 0.488207 5.34519 0
lfingers 7.12502 0 0
lthumb 26.0162 33.1548 0
rclavicle -4.69058e-14 -1.04021e-14 0
rhumerus -44.6523 -17.3561 -70.1101
rradius 64.4027 0 0
rwrist -17.731 0 0
rhand -26.9156 -24.8793 0
rfingers 7.12502 0 0
rthumb -0.338554 -54.8436 0
79
root 7.08987 16.6523 -27.0705 -1.80907 4.65281 1.82418
lfemur -12.1837 8.79873 -20.9426
ltibia 35.829 0 0
lfoot -26.9626 -5.63557 0
ltoes 34.6707 0 0
rfemur -65.8438 -14.034 41.2774
rtibia 68.6053 0 0
rfoot -2.19403 10.5074 0
rtoes -10.7246 0 0
lowerback 8.41464 -0.460497 -7.24107
upperback 2.043 -1.39944 0.157476
thorax -2.32838 -0.641419 4.89018
lowerneck -11.3173 -1.38378 0.515251
upperneck -0.450363 -1.95506 1.39765
head 1.78926 -0.923218 0.287169
lclavicle -4.60652e-14 -9.95708e-15 0
lhumerus -41.3282 -17.8046 94.0769
lradius 44.9692 0 0
lwrist 11.2936 0 0
lhand 0.652016 5.37421 0
lfingers 7.12502 0 0
lthumb 26.173 33.1612 0
rclavicle -4.60652e-14 -9.95708e-15 0
rhumerus -44.6623 -17.5306 -69.9087
rradius 64.7148 0 0
rwrist -18.1038 0 0
rhand -26.9552 -24.913 0
rfingers 7.12502 0 0
rthumb -0.37675 -54.8773 0
80
root 7.10129 16.6496 -27.0569 -1.95685 4.75644 1.88322
lfemur -12.0798 8.88541 -20.9478
ltibia 35.837 0 0
lfoot -26.8078 -5.76902 0
ltoes 34.6159 0 0
rfemur -66.4683 -14.2265 41.5747
rtibia 69.0542 0 0
rfoot -1.81597 10.7871 0
rtoes -11.1627 0 0
lowerback 8.56649 -0.515742 -7.27199
upperback 2.10516 -1.48538 0.118611
thorax -2.33607 -0.685457 4.87556
lowerneck -11.3372 -1.37178 0.495235
upperneck -0.437478 -1.93814 1.43509
head 1.79774 -0.913627 0.303077
lclavicle -4.52247e-14 -9.51204e-15 0
lhumerus -41.3192 -17.9022 94.009
lradius 45.1058 0 0
lwrist 11.4107 0 0
lhand 0.815824 5.40322 0
lfingers 7.12502 0 0
lthumb 26.3299 33.1677 0
rclavicle -4.52247e-14 -9.51204e-15 0
rhumerus -44.6724 -17.7052 -69.7073
rradius 65.027 0 0
rwrist -18.4766 0 0
rhand -26.9947 -24.9468 0
rfingers 7.12502 0 0
rthumb -0.414945 -54.911 0
81
root 7.11271 16.647 -27.0434 -2.10463 4.86007 1.94226
lfemur -11.9759 8.97208 -20.953
ltibia 35.845 0 0
lfoot -26.653 -5.90248 0
ltoes 34.5611 0 0
rfemur -67.0927 -14.419 41.872
rtibia 69.5032 0 0
rfoot -1.4379 11.0668 0
rtoes -11.6007 0 0
lowerback 8.71835 -0.570988 -7.30292
upperback 2.16732 -1.57131 0.0797465
thorax -2.34377 -0.729495 4.86095
lowerneck -11.3571 -1.35979 0.475218
upperneck -0.424592 -1.92122 1.47253
head 1.80623 -0.904035 0.318985
lclavicle -4.43841e-14 -9.067e-15 0
lhumerus -41.3102 -17.9997 93.941
lradius 45.2424 0 0
lwrist 11.5279 0 0
lhand 0.979632 5.43224 0
lfingers 7.12502 0 0
lthumb 26.4867 33.1741 0
rclavicle -4.43841e-14 -9.067e-15 0
rhumerus -44.6824 -17.8798 -69.5059
rradius 65.3391 0 0
rwrist -18.8494 0 0
rhand -27.0343 -24.9805 0
rfingers 7.12502 0 0
rthumb -0.453141 -54.9447 0
82
root 7.12413 16.6443 -27.0298 -2.2524 4.9637 2.0013
lfemur -11.872 9.05876 -20.9582
ltibia 35.853 0 0
lfoot -26.4982 -6.03594 0
ltoes 34.5063 0 0
rfemur -67.7172 -14.6115 42.1693
rtibia 69.9521 0 0
rfoot -1.05984 11.3465 0
rtoes -12.0388 0 0
lowerback 8.8702 -0.626234 -7.33384
upperback 2.22948 -1.65724 0.0408816
thorax -2.35146 -0.773533 4.84634
lowerneck -11.3769 -1.34779 0.455201
upperneck -0.411707 -1.9043 1.50998
head 1.81471 -0.894444 0.334894
lclavicle -4.35435e-14 -8.62196e-15 0
lhumerus -41.3012 -18.0973 93.8731
lradius 45.379 0 0
lwrist 11.6451 0 0
lhand 1.14344 5.46125 0
lfingers 7.12502 0 0
lthumb 26.6435 33.1806 0
rclavicle -4.35435e-14 -8.62196e-15 0
rhumerus -44.6925 -18.0544 -69.3045
rradius 65.6512 0 0
rwrist -19.2222 0 0
rhand -27.0738 -25.0142 0
rfingers 7.12502 0 0
rthumb -0.491337 -54.9784 0
83
root 7.13555 16.6416 -27.0162 -2.40018 5.06733 2.06034
lfemur -11.7681 9.14543 -20.9634
ltibia 35.861 0 0
lfoot -26.3434 -6.16939 0
ltoes 34.4516 0 0
rfemur -68.3416 -14.804 42.4666
rtibia 70.4011 0 0
rfoot -0.681771 11.6262 0
rtoes -12.4768 0 0
lowerback 9.02205 -0.68148 -7.36476
upperback 2.29165 -1.74317 0.00201679
thorax -2.35916 -0.817571 4.83173
lowerneck -11.3968 -1.3358 0.435185
upperneck -0.398822 -1.88738 1.54742
head 1.8232 -0.884852 0.350802
lclavicle -4.27029e-14 -8.17692e-15 0
lhumerus -41.2923 -18.1948 93.8052
lradius 45.5156 0 0
lwrist 11.7623 0 0
lhand 1.30725 5.49027 0
lfingers 7.12502 0 0
lthumb 26.8004 33.187 0
rclavicle -4.27029e-14 -8.17692e-15 0
rhumerus -44.7026 -18.2289 -69.1032
rradius 65.9634 0 0
rwrist -19.595 0 0
rhand -27.1134 -25.0479 0
rfingers 7.12502 0 0
rthumb -0.529532 -55.0122 0
84
root 7.14697 16.6389 -27.0026 -2.54796 5.17096 2.11938
lfemur -11.6642 9.23211 -20.9686
ltibia 35.869 0 0
lfoot -26.1886 -6.30285 0
ltoes 34.3968 0 0
rfemur -68.9661 -14.9966 42.7639
rtibia 70.85 0 0
rfoot -0.303706 11.9059 0
rtoes -12.9149 0 0
lowerback 9.17391 -0.736726 -7.39569
upperback 2.35381 -1.8291 -0.0368481
thorax -2.36685 -0.861609 4.81712
lowerneck -11.4167 -1.3238 0.415168
upperneck -0.385937 -1.87046 1.58487
head 1.83168 -0.875261 0.36671
lclavicle -4.18624e-14 -7.73188e-15 0
lhumerus -41.2833 -18.2924 93.7372
lradius 45.6522 0 0
lwrist 11.8795 0 0
lhand 1.47106 5.51928 0
lfingers 7.12502 0 0
lthumb 26.9572 33.1934 0
rclavicle -4.18624e-14 -7.73188e-15 0
rhumerus -44.7126 -18.4035 -68.9018
rradius 66.2755 0 0
rwrist -19.9678 0 0
rhand -27.1529 -25.0816 0
rfingers 7.12502 0 0
rthumb -0.567728 -55.0459 0
85
root 7.15839 16.6363 -26.9891 -2.69573 5.27459 2.17842
lfemur -11.5603 9.31879 -20.9738
ltibia 35.877 0 0
lfoot -26.0338 -6.43631 0
ltoes 34.342 0 0
rfemur -69.5906 -15.1891 43.0612
rtibia 71.299 0 0
rfoot 0.074359 12.1856 0
rtoes -13.3529 0 0
lowerback 9.32576 -0.791971 -7.42661
upperback 2.41597 -1.91504 -0.0757129
thorax -2.37455 -0.905647 4.8025
lowerneck -11.4365 -1.31181 0.395151
upperneck -0.373052 -1.85355 1.62231
head 1.84016 -0.865669 0.382619
lclavicle -4.10218e-14 -7.28684e-15 0
lhumerus -41.2743 -18.3899 93.6693
lradius 45.7888 0 0
lwrist 11.9967 0 0
lhand 1.63486 5.5483 0
lfingers 7.12502 0 0
lthumb 27.1141 33.1999 0
rclavicle -4.10218e-14 -7.28684e-15 0
rhumerus -44.7227 -18.5781 -68.7004
rradius 66.5876 0 0
rwrist -20.3406 0 0
rhand -27.1925 -25.1154 0
rfingers 7.12502 0 0
rthumb -0.605923 -55.0796 0
86
root 7.16982 16.6336 -26.9755 -2.84351 5.37822 2.23746
lfemur -11.4564 9.40546 -20.979
ltibia 35.885 0 0
lfoot -25.879 -6.56976 0
ltoes 34.2872 0 0
rfemur -70.215 -15.3816 43.3585
rtibia 71.7479 0 0
rfoot 0.452424 12.4653 0
rtoes -13.791 0 0
lowerback 9.47761 -0.847217 -7.45753
upperback 2.47813 -2.00097 -0.114578
thorax -2.38224 -0.949685 4.78789
lowerneck -11.4564 -1.29981 0.375135
upperneck -0.360167 -1.83663 1.65975
head 1.84865 -0.856078 0.398527
lclavicle -4.01812e-14 -6.8418e-15 0
lhumerus -41.2654 -18.4875 93.6014
lradius 45.9253 0 0
lwrist 12.1139 0 0
lhand 1.79867 5.57731 0
lfingers 7.12502 0 0
lthumb 27.2709 33.2063 0
rclavicle -4.01812e-14 -6.8418e-15 0
rhumerus -44.7327 -18.7526 -68.499
rradius 66.8998 0 0
rwrist -20.7134 0 0
rhand -27.232 -25.1491 0
rfingers 7.12502 0 0
rthumb -0.644119 -55.1133 0
87
root 7.18124 16.6309 -26.9619 -2.99129 5.48185 2.2965
lfemur -11.3526 9.49214 -20.9842
ltibia 35.893 0 0
lfoot -25.7242 -6.70322 0
ltoes 34.2324 0 0
rfemur -70.8395 -15.5741 43.6558
rtibia 72.1969 0 0
rfoot 0.830489 12.745 0
rtoes -14.229 0 0
lowerback 9.62947 -0.902463 -7.48846
upperback 2.54029 -2.0869 -0.153443
thorax -2.38994 -0.993723 4.77328
lowerneck -11.4763 -1.28781 0.355118
upperneck -0.347281 -1.81971 1.6972
head 1.85713 -0.846486 0.414435
lclavicle -3.93407e-14 -6.39676e-15 0
lhumerus -41.2564 -18.585 93.5334
lradius 46.0619 0 0
lwrist 12.2311 0 0
lhand 1.96248 5.60633 0
lfingers 7.12502 0 0
lthumb 27.4277 33.2128 0
rclavicle -3.93407e-14 -6.39676e-15 0
rhumerus -44.7428 -18.9272 -68.2976
rradius 67.2119 0 0
rwrist -21.0862 0 0
rhand -27.2716 -25.1828 0
rfingers 7.12502 0 0
rthumb -0.682315 -55.147 0
88
root 7.19266 16.6283 -26.9483 -3.13906 5.58549 2.35555
lfemur -11.2487 9.57881 -20.9894
ltibia 35.901 0 0
lfoot -25.5694 -6.83668 0
ltoes 34.1777 0 0
rfemur -71.4639 -15.7666 43.9531
rtibia 72.6459 0 0
rfoot 1.20855 13.0247 0
rtoes -14.6671 0 0
lowerback 9.78132 -0.957709 -7.51938
upperback 2.60245 -2.17283 -0.192307
thorax -2.39763 -1.03776 4.75867
lowerneck -11.4962 -1.27582 0.335101
upperneck -0.334396 -1.80279 1.73464
head 1.86562 -0.836895 0.430344
lclavicle -3.85001e-14 -5.95171e-15 0
lhumerus -41.2474 -18.6825 93.4655
lradius 46.1985 0 0
lwrist 12.3482 0 0
lhand 2.12629 5.63535 0
lfingers 7.12502 0 0
lthumb 27.5846 33.2192 0
rclavicle -3.85001e-14 -5.95171e-15 0
rhumerus -44.7529 -19.1018 -68.0962
rradius 67.524 0 0
rwrist -21.459 0 0
rhand -27.3111 -25.2165 0
rfingers 7.12502 0 0
rthumb -0.72051 -55.1807 0
89
root 7.20408 16.6256 -26.9348 -3.28684 5.68912 2.41459
lfemur -11.1448 9.66549 -20.9946
ltibia 35.909 0 0
lfoot -25.4146 -6.97013 0
ltoes 34.1229 0 0
rfemur -72.0884 -15.9592 44.2504
rtibia 73.0948 0 0
rfoot 1.58662 13.3044 0
rtoes -15.1051 0 0
lowerback 9.93317 -1.01295 -7.5503
upperback 2.66462 -2.25876 -0.231172
thorax -2.40533 -1.0818 4.74406
lowerneck -11.516 -1.26382 0.315085
upperneck -0.321511 -1.78587 1.77209
head 1.8741 -0.827303 0.446252
lclavicle -3.76595e-14 -5.50667e-15 0
lhumerus -41.2385 -18.7801 93.3976
lradius 46.3351 0 0
lwrist 12.4654 0 0
lhand 2.2901 5.66436 0
lfingers 7.12502 0 0
lthumb 27.7414 33.2257 0
rclavicle -3.76595e-14 -5.50667e-15 0
rhumerus -44.7629 -19.2764 -67.8948
rradius 67.8362 0 0
rwrist -21.8318 0 0
rhand -27.3507 -25.2502 0
rfingers 7.12502 0 0
rthumb -0.758706 -55.2144 0
90
root 7.2155 16.6229 -26.9212 -3.43462 5.79275 2.47363
lfemur -11.0409 9.75216 -20.9998
ltibia 35.917 0 0
lfoot -25.2598 -7.10359 0
ltoes 34.0681 0 0
rfemur -72.7129 -16.1517 44.5477
rtibia 73.5438 0 0
rfoot 1.96468 13.5841 0
rtoes -15.5432 0 0
lowerback 10.085 -1.0682 -7.58123
upperback 2.72678 -2.34469 -0.270037
thorax -2.41302 -1.12584 4.72945
lowerneck -11.5359 -1.25183 0.295068
upperneck -0.308626 -1.76896 1.80953
head 1.88259 -0.817712 0.46216
lclavicle -3.68189e-14 -5.06163e-15 0
lhumerus -41.2295 -18.8776 93.3296
lradius 46.4717 0 0
lwrist 12.5826 0 0
lhand 2.45391 5.69338 0
lfingers 7.12502 0 0
lthumb 27.8983 33.2321 0
rclavicle -3.68189e-14 -5.06163e-15 0
rhumerus -44.773 -19.4509 -67.6934
rradius 68.1483 0 0
rwrist -22.2046 0 0
rhand -27.3902 -25.2839 0
rfingers 7.12502 0 0
rthumb -0.796901 -55.2481 0
91
root 7.22692 16.6203 -26.9076 -3.58239 5.89638 2.53267
lfemur -10.937 9.83884 -21.0051
ltibia 35.925 0 0
lfoot -25.105 -7.23704 0
ltoes 34.0133 0 0
rfemur -73.3373 -16.3442 44.845
rtibia 73.9927 0 0
rfoot 2.34275 13.8638 0
rtoes -15.9812 0 0
lowerback 10.2369 -1.12345 -7.61215
upperback 2.78894 -2.43063 -0.308902
thorax -2.42072 -1.16987 4.71483
lowerneck -11.5558 -1.23983 0.275052
upperneck -0.295741 -1.75204 1.84697
head 1.89107 -0.80812 0.478069
lclavicle -3.59784e-14 -4.61659e-15 0
lhumerus -41.2205 -18.9752 93.2617
lradius 46.6083 0 0
lwrist 12.6998 0 0
lhand 2.61771 5.72239 0
lfingers 7.12502 0 0
lthumb 28.0551 33.2386 0
rclavicle -3.59784e-14 -4.61659e-15 0
rhumerus -44.783 -19.6255 -67.492
rradius 68.4605 0 0
rwrist -22.5774 0 0
rhand -27.4298 -25.3177 0
rfingers 7.12502 0 0
rthumb -0.835097 -55.2818 0
92
root 7.23834 16.6176 -26.894 -3.73017 6.00001 2.59171
lfemur -10.8331 9.92552 -21.0103
ltibia 35.933 0 0
lfoot -24.9502 -7.3705 0
ltoes 33.9585 0 0
rfemur -73.9618 -16.5367 45.1423
rtibia 74.4417 0 0
rfoot 2.72081 14.1435 0
rtoes -16.4193 0 0
lowerback 10.3887 -1.17869 -7.64308
upperback 2.8511 -2.51656 -0.347767
thorax -2.42841 -1.21391 4.70022
lowerneck -11.5757 -1.22784 0.255035
upperneck -0.282856 -1.73512 1.88442
head 1.89955 -0.798529 0.493977
lclavicle -3.51378e-14 -4.17155e-15 0
lhumerus -41.2116 -19.0727 93.1938
lradius 46.7449 0 0
lwrist 12.817 0 0
lhand 2.78152 5.75141 0
lfingers 7.12502 0 0
lthumb 28.2119 33.245 0
rclavicle -3.51378e-14 -4.17155e-15 0
rhumerus -44.7931 -19.8001 -67.2906
rradius 68.7726 0 0
rwrist -22.9502 0 0
rhand -27.4693 -25.3514 0
rfingers 7.12502 0 0
rthumb -0.873293 -55.3155 0
93
root 7.24976 16.6149 -26.8805 -3.87795 6.10364 2.65075
lfemur -10.7292 10.0122 -21.0155
ltibia 35.941 0 0
lfoot -24.7954 -7.50396 0
ltoes 33.9038 0 0
rfemur -74.5862 -16.7292 45.4396
rtibia 74.8906 0 0
rfoot 3.09888 14.4232 0
rtoes -16.8573 0 0
lowerback 10.5406 -1.23394 -7.674
upperback 2.91326 -2.60249 -0.386632
thorax -2.43611 -1.25795 4.68561
lowerneck -11.5955 -1.21584 0.235018
upperneck -0.26997 -1.7182 1.92186
head 1.90804 -0.788937 0.509885
lclavicle -3.42972e-14 -3.72651e-15 0
lhumerus -41.2026 -19.1703 93.1258
lradius 46.8815 0 0
lwrist 12.9342 0 0
lhand 2.94533 5.78042 0
lfingers 7.12502 0 0
lthumb 28.3688 33.2515 0
rclavicle -3.42972e-14 -3.72651e-15 0
rhumerus -44.8031 -19.9747 -67.0892
rradius 69.0847 0 0
rwrist -23.323 0 0
rhand -27.5089 -25.3851 0
rfingers 7.12502 0 0
rthumb -0.911488 -55.3492 0
94
root 7.26118 16.6123 -26.8669 -4.02572 6.20727 2.70979
lfemur -10.6253 10.0989 -21.0207
ltibia 35.949 0 0
lfoot -24.6406 -7.63741 0
ltoes 33.849 0 0
rfemur -75.2107 -16.9218 45.7369
rtibia 75.3396 0 0
rfoot 3.47694 14.7029 0
rtoes -17.2954 0 0
lowerback 10.6924 -1.28918 -7.70492
upperback 2.97542 -2.68842 -0.425497
thorax -2.4438 -1.30199 4.671
lowerneck -11.6154 -1.20385 0.215002
upperneck -0.257085 -1.70128 1.95931
head 1.91652 -0.779346 0.525794
lclavicle -3.34567e-14 -3.28147e-15 0
lhumerus -41.1936 -19.2678 93.0579
lradius 47.0181 0 0
lwrist 13.0514 0 0
lhand 3.10914 5.80944 0
lfingers 7.12502 0 0
lthumb 28.5256 33.2579 0
rclavicle -3.34567e-14 -3.28147e-15 0
rhumerus -44.8132 -20.1492 -66.8878
rradius 69.3969 0 0
rwrist -23.6957 0 0
rhand -27.5484 -25.4188 0
rfingers 7.12502 0 0
rthumb -0.949684 -55.3829 0
95
root 7.27261 16.6096 -26.8533 -4.1735 6.3109 2.76883
lfemur -10.5214 10.1855 -21.0259
ltibia 35.957 0 0
lfoot -24.4858 -7.77087 0
ltoes 33.7942 0 0
rfemur -75.8352 -17.1143 46.0342
rtibia 75.7885 0 0
rfoot 3.85501 14.9826 0
rtoes -17.7334 0 0
lowerback 10.8443 -1.34443 -7.73585
upperback 3.03759 -2.77435 -0.464361
thorax -2.4515 -1.34603 4.65639
lowerneck -11.6353 -1.19185 0.194985
upperneck -0.2442 -1.68436 1.99675
head 1.92501 -0.769754 0.541702
lclavicle -3.26161e-14 -2.83643e-15 0
lhumerus -41.1847 -19.3654 92.99
lradius 47.1547 0 0
lwrist 13.1686 0 0
lhand 3.27295 5.83845 0
lfingers 7.12502 0 0
lthumb 28.6825 33.2643 0
rclavicle -3.26161e-14 -2.83643e-15 0
rhumerus -44.8233 -20.3238 -66.6864
rradius 69.709 0 0
rwrist -24.0685 0 0
rhand -27.5879 -25.4525 0
rfingers 7.12502 0 0
rthumb -0.987879 -55.4166 0
96
root 7.28403 16.6069 -26.8397 -4.32128 6.41453 2.82787
lfemur -10.4175 10.2722 -21.0311
ltibia 35.965 0 0
lfoot -24.331 -7.90433 0
ltoes 33.7394 0 0
rfemur -76.4596 -17.3068 46.3315
rtibia 76.2375 0 0
rfoot 4.23307 15.2623 0
rtoes -18.1715 0 0
lowerback 10.9961 -1.39968 -7.76677
upperback 3.09975 -2.86028 -0.503226
thorax -2.45919 -1.39006 4.64178
lowerneck -11.6551 -1.17986 0.174968
upperneck -0.231315 -1.66745 2.03419
head 1.93349 -0.760163 0.55761
lclavicle -3.17755e-14 -2.39139e-15 0
lhumerus -41.1757 -19.4629 92.922
lradius 47.2913 0 0
lwrist 13.2857 0 0
lhand 3.43676 5.86747 0
lfingers 7.12502 0 0
lthumb 28.8393 33.2708 0
rclavicle -3.17755e-14 -2.39139e-15 0
rhumerus -44.8333 -20.4984 -66.485
rradius 70.0211 0 0
rwrist -24.4413 0 0
rhand -27.6275 -25.4862 0
rfingers 7.12502 0 0
rthumb -1.02607 -55.4503 0
97
root 7.29545 16.6042 -26.8262 -4.46905 6.51816 2.88691
lfemur -10.3136 10.3589 -21.0363
ltibia 35.973 0 0
lfoot -24.1762 -8.03778 0
ltoes 33.6846 0 0
rfemur -77.0841 -17.4993 46.6288
rtibia 76.6864 0 0
rfoot 4.61114 15.542 0
rtoes -18.6095 0 0
lowerback 11.148 -1.45492 -7.79769
upperback 3.16191 -2.94622 -0.542091
thorax -2.46689 -1.4341 4.62716
lowerneck -11.675 -1.16786 0.154952
upperneck -0.21843 -1.65053 2.07164
head 1.94198 -0.750571 0.573519
lclavicle -3.0935e-14 -1.94635e-15 0
lhumerus -41.1667 -19.5605 92.8541
lradius 47.4279 0 0
lwrist 13.4029 0 0
lhand 3.60056 5.89648 0
lfingers 7.12502 0 0
lthumb 28.9961 33.2772 0
rclavicle -3.0935e-14 -1.94635e-15 0
rhumerus -44.8434 -20.6729 -66.2836
rradius 70.3333 0 0
rwrist -24.8141 0 0
rhand -27.667 -25.52 0
rfingers 7.12502 0 0
rthumb -1.06427 -55.484 0
98
root 7.30687 16.6016 -26.8126 -4.61683 6.62179 2.94595
lfemur -10.2097 10.4456 -21.0415
ltibia 35.981 0 0
lfoot -24.0213 -8.17124 0
ltoes 33.6299 0 0
rfemur -77.7086 -17.6918 46.9262
rtibia 77.1354 0 0
rfoot 4.9892 15.8217 0
rtoes -19.0476 0 0
lowerback 11.2999 -1.51017 -7.82862
upperback 3.22407 -3.03215 -0.580956
thorax -2.47458 -1.47814 4.61255
lowerneck -11.6949 -1.15586 0.134935
upperneck -0.205545 -1.63361 2.10908
head 1.95046 -0.74098 0.589427
lclavicle -3.00944e-14 -1.50131e-15 0
lhumerus -41.1577 -19.658 92.7862
lradius 47.5645 0 0
lwrist 13.5201 0 0
lhand 3.76437 5.9255 0
lfingers 7.12502 0 0
lthumb 29.153 33.2837 0
rclavicle -3.00944e-14 -1.50131e-15 0
rhumerus -44.8534 -20.8475 -66.0822
rradius 70.6454 0 0
rwrist -25.1869 0 0
rhand -27.7066 -25.5537 0
rfingers 7.12502 0 0
rthumb -1.10247 -55.5177 0
99
root 7.31829 16.5989 -26.799 -4.76461 6.72542 3.005
lfemur -10.1058 10.5322 -21.0467
ltibia 35.989 0 0
lfoot -23.8665 -8.3047 0
ltoes 33.5751 0 0
rfemur -78.333 -17.8843 47.2235
rtibia 77.5843 0 0
rfoot 5.36727 16.1014 0
rtoes -19.4856 0 0
lowerback 11.4517 -1.56541 -7.85954
upperback 3.28623 -3.11808 -0.619821
thorax -2.48228 -1.52218 4.59794
lowerneck -11.7148 -1.14387 0.114918
upperneck -0.192659 -1.61669 2.14653
head 1.95894 -0.731388 0.605335
lclavicle -2.92538e-14 -1.05627e-15 0
lhumerus -41.1488 -19.7556 92.7183
lradius 47.7011 0 0
lwrist 13.6373 0 0
lhand 3.92818 5.95451 0
lfingers 7.12502 0 0
lthumb 29.3098 33.2901 0
rclavicle -2.92538e-14 -1.05627e-15 0
rhumerus -44.8635 -21.0221 -65.8808
rradius 70.9575 0 0
rwrist -25.5597 0 0
rhand -27.7461 -25.5874 0
rfingers 7.12502 0 0
rthumb -1.14066 -55.5514 0
100
root 7.32971 16.5962 -26.7854 -4.91238 6.82905 3.06404
lfemur -10.002 10.6189 -21.0519
ltibia 35.997 0 0
lfoot -23.7117 -8.43815 0
ltoes 33.5203 0 0
rfemur -78.9575 -18.0769 47.5208
rtibia 78.0333 0 0
rfoot 5.74533 16.3811 0
rtoes -19.9237 0 0
lowerback 11.6036 -1.62066 -7.89046
upperback 3.34839 -3.20401 -0.658686
thorax -2.48997 -1.56622 4.58333
lowerneck -11.7346 -1.13187 0.0949017
upperneck -0.179774 -1.59977 2.18397
head 1.96743 -0.721797 0.621244
lclavicle -2.84132e-14 -6.11231e-16 0
lhumerus -41.1398 -19.8531 92.6503
lradius 47.8377 0 0
lwrist 13.7545 0 0
lhand 4.09199 5.98353 0
lfingers 7.12502 0 0
lthumb 29.4667 33.2966 0
rclavicle -2.84132e-14 -6.11231e-16 0
rhumerus -44.8736 -21.1967 -65.6794
rradius 71.2697 0 0
rwrist -25.9325 0 0
rhand -27.7857 -25.6211 0
rfingers 7.12502 0 0
rthumb -1.17886 -55.5851 0
101
root 7.34113 16.5936 -26.7719 -5.06016 6.93268 3.12308
lfemur -9.89806 10.7056 -21.0571
ltibia 36.005 0 0
lfoot -23.5569 -8.57161 0
ltoes 33.4655 0 0
rfemur -79.5819 -18.2694 47.8181
rtibia 78.4822 0 0
rfoot 6.1234 16.6608 0
rtoes -20.3617 0 0
lowerback 11.7554 -1.6759 -7.92139
upperback 3.41056 -3.28994 -0.697551
thorax -2.49767 -1.61025 4.56872
lowerneck -11.7545 -1.11988 0.074885
upperneck -0.166889 -1.58286 2.22141
head 1.97591 -0.712205 0.637152
lclavicle -2.75727e-14 -1.66191e-16 0
lhumerus -41.1308 -19.9507 92.5824
lradius 47.9742 0 0
lwrist 13.8717 0 0
lhand 4.2558 6.01254 0
lfingers 7.12502 0 0
lthumb 29.6235 33.303 0
rclavicle -2.75727e-14 -1.66191e-16 0
rhumerus -44.8836 -21.3712 -65.478
rradius 71.5818 0 0
rwrist -26.3053 0 0
rhand -27.8252 -25.6548 0
rfingers 7.12502 0 0
rthumb -1.21705 -55.6188 0
102
root 7.35255 16.5909 -26.7583 -5.20794 7.03631 3.18212
lfemur -9.79417 10.7923 -21.0623
ltibia 36.013 0 0
lfoot -23.4021 -8.70507 0
ltoes 33.4107 0 0
rfemur -80.2064 -18.4619 48.1154
rtibia 78.9312 0 0
rfoot 6.50146 16.9405 0
rtoes -20.7998 0 0
lowerback 11.9073 -1.73115 -7.95231
upperback 3.47272 -3.37588 -0.736415
thorax -2.50536 -1.65429 4.5541
lowerneck -11.7744 -1.10788 0.0548684
upperneck -0.154004 -1.56594 2.25886
head 1.9844 -0.702614 0.65306
lclavicle -2.67321e-14 2.78849e-16 0
lhumerus -41.1219 -20.0482 92.5145
lradius 48.1108 0 0
lwrist 13.9889 0 0
lhand 4.4196 6.04156 0
lfingers 7.12502 0 0
lthumb 29.7803 33.3095 0
rclavicle -2.67321e-14 2.78849e-16 0
rhumerus -44.8937 -21.5458 -65.2766
rradius 71.8939 0 0
rwrist -26.6781 0 0
rhand -27.8648 -25.6886 0
rfingers 7.12502 0 0
rthumb -1.25525 -55.6525 0
103
root 7.36397 16.5882 -26.7447 -5.35571 7.13994 3.24116
lfemur -9.69028 10.8789 -21.0675
ltibia 36.021 0 0
lfoot -23.2473 -8.83852 0
ltoes 33.356 0 0
rfemur -80.8309 -18.6544 48.4127
rtibia 79.3801 0 0
rfoot 6.87953 17.2202 0
rtoes -21.2378 0 0
lowerback 12.0591 -1.7864 -7.98323
upperback 3.53488 -3.46181 -0.77528
thorax -2.51306 -1.69833 4.53949
lowerneck -11.7943 -1.09589 0.0348517
upperneck -0.141119 -1.54902 2.2963
head 1.99288 -0.693022 0.668969
lclavicle -2.58915e-14 7.2389e-16 0
lhumerus -41.1129 -20.1458 92.4465
lradius 48.2474 0 0
lwrist 14.106 0 0
lhand 4.58341 6.07057 0
lfingers 7.12502 0 0
lthumb 29.9372 33.3159 0
rclavicle -2.58915e-14 7.2389e-16 0
rhumerus -44.9037 -21.7204 -65.0752
rradius 72.2061 0 0
rwrist -27.0509 0 0
rhand -27.9043 -25.7223 0
rfingers 7.12502 0 0
rthumb -1.29344 -55.6862 0
104
root 7.37539 16.5856 -26.7311 -5.50349 7.24357 3.3002
lfemur -9.58638 10.9656 -21.0727
ltibia 36.029 0 0
lfoot -23.0925 -8.97198 0
ltoes 33.3012 0 0
rfemur -81.4553 -18.8469 48.71
rtibia 79.8291 0 0
rfoot 7.25759 17.4999 0
rtoes -21.6759 0 0
lowerback 12.211 -1.84164 -8.01416
upperback 3.59704 -3.54774 -0.814145
thorax -2.52075 -1.74237 4.52488
lowerneck -11.8141 -1.08389 0.0148351
upperneck -0.128234 -1.5321 2.33375
head 2.00137 -0.683431 0.684877
lclavicle -2.5051e-14 1.16893e-15 0
lhumerus -41.1039 -20.2433 92.3786
lradius 48.384 0 0
lwrist 14.2232 0 0
lhand 4.74722 6.09959 0
lfingers 7.12502 0 0
lthumb 30.094 33.3224 0
rclavicle -2.5051e-14 1.16893e-15 0
rhumerus -44.9138 -21.8949 -64.8738
rradius 72.5182 0 0
rwrist -27.4237 0 0
rhand -27.9439 -25.756 0
rfingers 7.12502 0 0
rthumb -1.33164 -55.7199 0
105
root 7.38682 16.5829 -26.7176 -5.65127 7.3472 3.35924
lfemur -9.48249 11.0523 -21.0779
ltibia 36.037 0 0
lfoot -22.9377 -9.10544 0
ltoes 33.2464 0 0
rfemur -82.0798 -19.0395 49.0073
rtibia 80.2781 0 0
rfoot 7.63566 17.7796 0
rtoes -22.1139 0 0
lowerback 12.3628 -1.89689 -8.04508
upperback 3.6592 -3.63367 -0.85301
thorax -2.52845 -1.78641 4.51027
lowerneck -11.834 -1.0719 -0.00518157
upperneck -0.115348 -1.51518 2.37119
head 2.00985 -0.673839 0.700785
lclavicle -2.42104e-14 1.61397e-15 0
lhumerus -41.095 -20.3408 92.3107
lradius 48.5206 0 0
lwrist 14.3404 0 0
lhand 4.91103 6.12861 0
lfingers 7.12502 0 0
lthumb 30.2509 33.3288 0
rclavicle -2.42104e-14 1.61397e-15 0
rhumerus -44.9239 -22.0695 -64.6725
rradius 72.8303 0 0
rwrist -27.7965 0 0
rhand -27.9834 -25.7897 0
rfingers 7.12502 0 0
rthumb -1.36984 -55.7537 0
106
root 7.39824 16.5802 -26.704 -5.79905 7.45083 3.41828
lfemur -9.3786 11.139 -21.0831
ltibia 36.045 0 0
lfoot -22.7829 -9.23889 0
ltoes 33.1916 0 0
rfemur -82.7042 -19.232 49.3046
rtibia 80.727 0 0
rfoot 8.01372 18.0593 0
rtoes -22.5519 0 0
lowerback 12.5147 -1.95213 -8.07601
upperback 3.72137 -3.7196 -0.891875
thorax -2.53615 -1.83044 4.49566
lowerneck -11.8539 -1.0599 -0.0251982
upperneck -0.102463 -1.49826 2.40863
head 2.01833 -0.664248 0.716693
lclavicle -2.33698e-14 2.05901e-15 0
lhumerus -41.086 -20.4384 92.2427
lradius 48.6572 0 0
lwrist 14.4576 0 0
lhand 5.07484 6.15762 0
lfingers 7.12502 0 0
lthumb 30.4077 33.3352 0
rclavicle -2.33698e-14 2.05901e-15 0
rhumerus -44.9339 -22.2441 -64.4711
rradius 73.1425 0 0
rwrist -28.1693 0 0
rhand -28.023 -25.8234 0
rfingers 7.12502 0 0
rthumb -1.40803 -55.7874 0
107
root 7.40966 16.5776 -26.6904 -5.94682 7.55446 3.47732
lfemur -9.27471 11.2257 -21.0883
ltibia 36.053 0 0
lfoot -22.6281 -9.37235 0
ltoes 33.1369 0 0
rfemur -83.3287 -19.4245 49.6019
rtibia 81.176 0 0
rfoot 8.39179 18.339 0
rtoes -22.99 0 0
lowerback 12.6665 -2.00738 -8.10693
upperback 3.78353 -3.80553 -0.93074
thorax -2.54384 -1.87448 4.48105
lowerneck -11.8737 -1.04791 -0.0452149
upperneck -0.0895781 -1.48135 2.44608
head 2.02682 -0.654656 0.732602
lclavicle -2.25293e-14 2.50405e-15 0
lhumerus -41.077 -20.5359 92.1748
lradius 48.7938 0 0
lwrist 14.5748 0 0
lhand 5.23865 6.18664 0
lfingers 7.12502 0 0
lthumb 30.5646 33.3417 0
rclavicle -2.25293e-14 2.50405e-15 0
rhumerus -44.944 -22.4187 -64.2697
rradius 73.4546 0 0
rwrist -28.5421 0 0
rhand -28.0625 -25.8571 0
rfingers 7.12502 0 0
rthumb -1.44623 -55.8211 0
108
root 7.42108 16.5749 -26.6768 -6.0946 7.65809 3.53636
lfemur -9.17081 11.3123 -21.0935
ltibia 36.061 0 0
lfoot -22.4733 -9.50581 0
ltoes 33.0821 0 0
rfemur -83.9532 -19.617 49.8992
rtibia 81.6249 0 0
rfoot 8.76985 18.6187 0
rtoes -23.428 0 0
lowerback 12.8184 -2.06263 -8.13785
upperback 3.84569 -3.89147 -0.969604
thorax -2.55154 -1.91852 4.46643
lowerneck -11.8936 -1.03591 -0.0652315
upperneck -0.0766929 -1.46443 2.48352
head 2.0353 -0.645065 0.74851
lclavicle -2.16887e-14 2.94909e-15 0
lhumerus -41.0681 -20.6335 92.1069
lradius 48.9304 0 0
lwrist 14.692 0 0
lhand 5.40245 6.21565 0
lfingers 7.12502 0 0
lthumb 30.7214 33.3481 0
rclavicle -2.16887e-14 2.94909e-15 0
rhumerus -44.954 -22.5932 -64.0683
rradius 73.7667 0 0
rwrist -28.9149 0 0
rhand -28.1021 -25.8909 0
rfingers 7.12502 0 0
rthumb -1.48442 -55.8548 0
109
root 7.4325 16.5722 -26.6633 -6.24238 7.76172 3.5954
lfemur -9.06692 11.399 -21.0987
ltibia 36.069 0 0
lfoot -22.3185 -9.63926 0
ltoes 33.0273 0 0
rfemur -84.5776 -19.8095 50.1965
rtibia 82.0739 0 0
rfoot 9.14792 18.8984 0
rtoes -23.8661 0 0
lowerback 12.9702 -2.11787 -8.16878
upperback 3.90785 -3.9774 -1.00847
thorax -2.55923 -1.96256 4.45182
lowerneck -11.9135 -1.02391 -0.0852482
upperneck -0.0638078 -1.44751 2.52097
head 2.04379 -0.635473 0.764418
lclavicle -2.08481e-14 3.39413e-15 0
lhumerus -41.0591 -20.731 92.0389
lradius 49.067 0 0
lwrist 14.8092 0 0
lhand 5.56626 6.24467 0
lfingers 7.12502 0 0
lthumb 30.8782 33.3546 0
rclavicle -2.08481e-14 3.39413e-15 0
rhumerus -44.9641 -22.7678 -63.8669
rradius 74.0789 0 0
rwrist -29.2877 0 0
rhand -28.1416 -25.9246 0
rfingers 7.12502 0 0
rthumb -1.52262 -55.8885 0
110
root 7.44392 16.5695 -26.6497 -6.39015 7.86535 3.65444
lfemur -8.96303 11.4857 -21.104
ltibia 36.077 0 0
lfoot -22.1637 -9.77272 0
ltoes 32.9725 0 0
rfemur -85.2021 -20.0021 50.4938
rtibia 82.5228 0 0
rfoot 9.52598 19.1781 0
rtoes -24.3041 0 0
lowerback 13.1221 -2.17312 -8.1997
upperback 3.97001 -4.06333 -1.04733
thorax -2.56693 -2.0066 4.43721
lowerneck -11.9334 -1.01192 -0.105265
upperneck -0.0509226 -1.43059 2.55841
head 2.05227 -0.625882 0.780327
lclavicle -2.00075e-14 3.83917e-15 0
lhumerus -41.0501 -20.8286 91.971
lradius 49.2036 0 0
lwrist 14.9264 0 0
lhand 5.73007 6.27368 0
lfingers 7.12502 0 0
lthumb 31.0351 33.361 0
rclavicle -2.00075e-14 3.83917e-15 0
rhumerus -44.9741 -22.9424 -63.6655
rradius 74.391 0 0
rwrist -29.6605 0 0
rhand -28.1812 -25.9583 0
rfingers 7.12502 0 0
rthumb -1.56081 -55.9222 0
111
root 7.45534 16.5669 -26.6361 -6.53793 7.96898 3.71349
lfemur -8.85914 11.5724 -21.1092
ltibia 36.085 0 0
lfoot -22.0089 -9.90617 0
ltoes 32.9177 0 0
rfemur -85.8265 -20.1946 50.7911
rtibia 82.9718 0 0
rfoot 9.90405 19.4578 0
rtoes -24.7422 0 0
lowerback 13.274 -2.22836 -8.23062
upperback 4.03217 -4.14926 -1.0862
thorax -2.57462 -2.05063 4.4226
lowerneck -11.9532 -0.999923 -0.125281
upperneck -0.0380374 -1.41367 2.59585
head 2.06076 -0.61629 0.796235
lclavicle -1.9167e-14 4.28421e-15 0
lhumerus -41.0412 -20.9261 91.9031
lradius 49.3402 0 0
lwrist 15.0435 0 0
lhand 5.89388 6.3027 0
lfingers 7.12502 0 0
lthumb 31.1919 33.3675 0
rclavicle -1.9167e-14 4.28421e-15 0
rhumerus -44.9842 -23.117 -63.4641
rradius 74.7032 0 0
rwrist -30.0333 0 0
rhand -28.2207 -25.992 0
rfingers 7.12502 0 0
rthumb -1.59901 -55.9559 0
112
root 7.46676 16.5642 -26.6225 -6.68571 8.07261 3.77253
lfemur -8.75525 11.659 -21.1144
ltibia 36.093 0 0
lfoot -21.8541 -10.0396 0
ltoes 32.863 0 0
rfemur -86.451 -20.3871 51.0884
rtibia 83.4207 0 0
rfoot 10.2821 19.7375 0
rtoes -25.1802 0 0
lowerback 13.4258 -2.28361 -8.26155
upperback 4.09434 -4.23519 -1.12506
thorax -2.58232 -2.09467 4.40799
lowerneck -11.9731 -0.987928 -0.145298
upperneck -0.0251523 -1.39676 2.6333
head 2.06924 -0.606699 0.812143
lclavicle -1.83264e-14 4.72925e-15 0
lhumerus -41.0322 -21.0237 91.8351
lradius 49.4768 0 0
lwrist 15.1607 0 0
lhand 6.05769 6.33171 0
lfingers 7.12502 0 0
lthumb 31.3488 33.3739 0
rclavicle -1.83264e-14 4.72925e-15 0
rhumerus -44.9943 -23.2915 -63.2627
rradius 75.0153 0 0
rwrist -30.406 0 0
rhand -28.2603 -26.0257 0
rfingers 7.12502 0 0
rthumb -1.6372 -55.9896 0
113
root 7.47818 16.5615 -26.609 -6.83348 8.17624 3.83157
lfemur -8.65135 11.7457 -21.1196
ltibia 36.101 0 0
lfoot -21.6993 -10.1731 0
ltoes 32.8082 0 0
rfemur -87.0755 -20.5796 51.3857
rtibia 83.8697 0 0
rfoot 10.6602 20.0172 0
rtoes -25.6183 0 0
lowerback 13.5777 -2.33885 -8.29247
upperback 4.1565 -4.32113 -1.16393
thorax -2.59001 -2.13871 4.39337
lowerneck -11.993 -0.975932 -0.165315
upperneck -0.0122671 -1.37984 2.67074
head 2.07772 -0.597107 0.828052
lclavicle -1.74858e-14 5.17429e-15 0
lhumerus -41.0232 -21.1212 91.7672
lradius 49.6134 0 0
lwrist 15.2779 0 0
lhand 6.22149 6.36073 0
lfingers 7.12502 0 0
lthumb 31.5056 33.3804 0
rclavicle -1.74858e-14 5.17429e-15 0
rhumerus -45.0043 -23.4661 -63.0613
rradius 75.3274 0 0
rwrist -30.7788 0 0
rhand -28.2998 -26.0595 0
rfingers 7.12502 0 0
rthumb -1.6754 -56.0233 0
114
root 7.4896 16.5589 -26.5954 -6.98126 8.27987 3.89061
lfemur -8.54746 11.8324 -21.1248
ltibia 36.109 0 0
lfoot -21.5445 -10.3065 0
ltoes 32.7534 0 0
rfemur -87.6999 -20.7721 51.683
rtibia 84.3186 0 0
rfoot 11.0382 20.2969 0
rtoes -26.0563 0 0
lowerback 13.7295 -2.3941 -8.32339
upperback 4.21866 -4.40706 -1.20279
thorax -2.59771 -2.18275 4.37876
lowerneck -12.0129 -0.963937 -0.185331
upperneck 0.00061806 -1.36292 2.70819
head 2.08621 -0.587516 0.84396
lclavicle -1.66453e-14 5.61933e-15 0
lhumerus -41.0142 -21.2188 91.6993
lradius 49.75 0 0
lwrist 15.3951 0 0
lhand 6.3853 6.38974 0
lfingers 7.12502 0 0
lthumb 31.6624 33.3868 0
rclavicle -1.66453e-14 5.61933e-15 0
rhumerus -45.0144 -23.6407 -62.8599
rradius 75.6396 0 0
rwrist -31.1516 0 0
rhand -28.3394 -26.0932 0
rfingers 7.12502 0 0
rthumb -1.7136 -56.057 0
115
root 7.50103 16.5562 -26.5818 -7.12904 8.3835 3.94965
lfemur -8.44357 11.9191 -21.13
ltibia 36.117 0 0
lfoot -21.3897 -10.44 0
ltoes 32.6986 0 0
rfemur -88.3244 -20.9647 51.9803
rtibia 84.7676 0 0
rfoot 11.4163 20.5766 0
rtoes -26.4944 0 0
lowerback 13.8814 -2.44935 -8.35432
upperback 4.28082 -4.49299 -1.24166
thorax -2.6054 -2.22679 4.36415
lowerneck -12.0327 -0.951941 -0.205348
upperneck 0.0135032 -1.346 2.74563
head 2.09469 -0.577924 0.859868
lclavicle -1.58047e-14 6.06437e-15 0
lhumerus -41.0053 -21.3163 91.6313
lradius 49.8866 0 0
lwrist 15.5123 0 0
lhand 6.54911 6.41876 0
lfingers 7.12502 0 0
lthumb 31.8193 33.3933 0
rclavicle -1.58047e-14 6.06437e-15 0
rhumerus -45.0244 -23.8152 -62.6585
rradius 75.9517 0 0
rwrist -31.5244 0 0
rhand -28.3789 -26.1269 0
rfingers 7.12502 0 0
rthumb -1.75179 -56.0907 0
116
root 7.51245 16.5535 -26.5682 -7.27681 8.48713 4.00869
lfemur -8.33968 12.0057 -21.1352
ltibia 36.125 0 0
lfoot -21.2349 -10.5735 0
ltoes 32.6438 0 0
rfemur -88.9489 -21.1572 52.2776
rtibia 85.2165 0 0
rfoot 11.7944 20.8563 0
rtoes -26.9324 0 0
lowerback 14.0332 -2.50459 -8.38524
upperback 4.34298 -4.57892 -1.28052
thorax -2.6131 -2.27082 4.34954
lowerneck -12.0526 -0.939946 -0.225365
upperneck 0.0263884 -1.32908 2.78307
head 2.10318 -0.568333 0.875777
lclavicle -1.49641e-14 6.50941e-15 0
lhumerus -40.9963 -21.4139 91.5634
lradius 50.0231 0 0
lwrist 15.6295 0 0
lhand 6.71292 6.44777 0
lfingers 7.12502 0 0
lthumb 31.9761 33.3997 0
rclavicle -1.49641e-14 6.50941e-15 0
rhumerus -45.0345 -23.9898 -62.4571
rradius 76.2638 0 0
rwrist -31.8972 0 0
rhand -28.4184 -26.1606 0
rfingers 7.12502 0 0
rthumb -1.78999 -56.1244 0
117
root 7.52387 16.5509 -26.5547 -7.42459 8.59076 4.06773
lfemur -8.23579 12.0924 -21.1404
ltibia 36.133 0 0
lfoot -21.0801 -10.7069 0
ltoes 32.5891 0 0
rfemur -89.5733 -21.3497 52.5749
rtibia 85.6655 0 0
rfoot 12.1724 21.136 0
rtoes -27.3705 0 0
lowerback 14.1851 -2.55984 -8.41616
upperback 4.40514 -4.66485 -1.31939
thorax -2.62079 -2.31486 4.33493
lowerneck -12.0725 -0.92795 -0.245381
upperneck 0.0392736 -1.31216 2.82052
head 2.11166 -0.558741 0.891685
lclavicle -1.41235e-14 6.95445e-15 0
lhumerus -40.9873 -21.5114 91.4955
lradius 50.1597 0 0
lwrist 15.7467 0 0
lhand 6.87673 6.47679 0
lfingers 7.12502 0 0
lthumb 32.133 33.4061 0
rclavicle -1.41235e-14 6.95445e-15 0
rhumerus -45.0446 -24.1644 -62.2557
rradius 76.576 0 0
rwrist -32.27 0 0
rhand -28.458 -26.1943 0
rfingers 7.12502 0 0
rthumb -1.82818 -56.1581 0
118
root 7.53529 16.5482 -26.5411 -7.57237 8.69439 4.12677
lfemur -8.13189 12.1791 -21.1456
ltibia 36.141 0 0
lfoot -20.9253 -10.8404 0
ltoes 32.5343 0 0
rfemur -90.1978 -21.5422 52.8722
rtibia 86.1144 0 0
rfoot 12.5505 21.4157 0
rtoes -27.8085 0 0
lowerback 14.3369 -2.61508 -8.44709
upperback 4.46731 -4.75078 -1.35825
thorax -2.62849 -2.3589 4.32032
lowerneck -12.0923 -0.915955 -0.265398
upperneck 0.0521587 -1.29525 2.85796
head 2.12014 -0.54915 0.907593
lclavicle -1.3283e-14 7.39949e-15 0
lhumerus -40.9784 -21.609 91.4275
lradius 50.2963 0 0
lwrist 15.8639 0 0
lhand 7.04054 6.5058 0
lfingers 7.12502 0 0
lthumb 32.2898 33.4126 0
rclavicle -1.3283e-14 7.39949e-15 0
rhumerus -45.0546 -24.339 -62.0543
rradius 76.8881 0 0
rwrist -32.6428 0 0
rhand -28.4975 -26.228 0
rfingers 7.12502 0 0
rthumb -1.86638 -56.1918 0
119
root 7.54671 16.5455 -26.5275 -7.72014 8.79802 4.18581
lfemur -8.028 12.2658 -21.1508
ltibia 36.149 0 0
lfoot -20.7705 -10.9738 0
ltoes 32.4795 0 0
rfemur -90.8222 -21.7347 53.1695
rtibia 86.5634 0 0
rfoot 12.9286 21.6954 0
rtoes -28.2466 0 0
lowerback 14.4888 -2.67033 -8.47801
upperback 4.52947 -4.83672 -1.39712
thorax -2.63618 -2.40294 4.3057
lowerneck -12.1122 -0.903959 -0.285415
upperneck 0.0650439 -1.27833 2.8954
head 2.12863 -0.539558 0.923502
lclavicle -1.24424e-14 7.84453e-15 0
lhumerus -40.9694 -21.7065 91.3596
lradius 50.4329 0 0
lwrist 15.981 0 0
lhand 7.20434 6.53482 0
lfingers 7.12502 0 0
lthumb 32.4466 33.419 0
rclavicle -1.24424e-14 7.84453e-15 0
rhumerus -45.0647 -24.5135 -61.8529
rradius 77.2002 0 0
rwrist -33.0156 0 0
rhand -28.5371 -26.2618 0
rfingers 7.12502 0 0
rthumb -1.90457 -56.2255 0
120
root 7.55813 16.5428 -26.5139 -7.86792 8.90165 4.24485
lfemur -7.92411 12.3524 -21.156
ltibia 36.157 0 0
lfoot -20.6157 -11.1073 0
ltoes 32.4247 0 0
rfemur -91.4467 -21.9273 53.4668
rtibia 87.0123 0 0
rfoot 13.3066 21.9751 0
rtoes -28.6846 0 0
lowerback 14.6406 -2.72558 -8.50894
upperback 4.59163 -4.92265 -1.43598
thorax -2.64388 -2.44698 4.29109
lowerneck -12.1321 -0.891964 -0.305431
upperneck 0.077929 -1.26141 2.93285
head 2.13711 -0.529967 0.93941
lclavicle -1.16018e-14 8.28957e-15 0
lhumerus -40.9604 -21.8041 91.2917
lradius 50.5695 0 0
lwrist 16.0982 0 0
lhand 7.36815 6.56383 0
lfingers 7.12502 0 0
lthumb 32.6035 33.4255 0
rclavicle -1.16018e-14 8.28957e-15 0
rhumerus -45.0747 -24.6881 -61.6515
rradius 77.5124 0 0
rwrist -33.3884 0 0
rhand -28.5766 -26.2955 0
rfingers 7.12502 0 0
rthumb -1.94277 -56.2592 0
121
root 7.56955 16.5402 -26.5004 -8.0157 9.00528 4.30389
lfemur -7.82022 12.4391 -21.1612
ltibia 36.165 0 0
lfoot -20.4609 -11.2407 0
ltoes 32.3699 0 0
rfemur -92.0712 -22.1198 53.7641
rtibia 87.4613 0 0
rfoot 13.6847 22.2548 0
rtoes -29.1227 0 0
lowerback 14.7925 -2.78082 -8.53986
upperback 4.65379 -5.00858 -1.47485
thorax -2.65157 -2.49101 4.27648
lowerneck -12.152 -0.879968 -0.325448
upperneck 0.0908142 -1.24449 2.97029
head 2.1456 -0.520375 0.955318
lclavicle -1.07613e-14 8.73461e-15 0
lhumerus -40.9515 -21.9016 91.2237
lradius 50.7061 0 0
lwrist 16.2154 0 0
lhand 7.53196 6.59285 0
lfingers 7.12502 0 0
lthumb 32.7603 33.4319 0
rclavicle -1.07613e-14 8.73461e-15 0
rhumerus -45.0848 -24.8627 -61.4501
rradius 77.8245 0 0
rwrist -33.7612 0 0
rhand -28.6162 -26.3292 0
rfingers 7.12502 0 0
rthumb -1.98096 -56.2929 0
122
root 7.58097 16.5375 -26.4868 -8.16347 9.10892 4.36294
lfemur -7.71632 12.5258 -21.1664
ltibia 36.173 0 0
lfoot -20.3061 -11.3742 0
ltoes 32.3152 0 0
rfemur -92.6956 -22.3123 54.0614
rtibia 87.9103 0 0
rfoot 14.0628 22.5345 0
rtoes -29.5607 0 0
lowerback 14.9443 -2.83607 -8.57078
upperback 4.71595 -5.09451 -1.51371
thorax -2.65927 -2.53505 4.26187
lowerneck -12.1718 -0.867973 -0.345465
upperneck 0.103699 -1.22757 3.00774
head 2.15408 -0.510784 0.971227
lclavicle -9.9207e-15 9.17966e-15 0
lhumerus -40.9425 -21.9991 91.1558
lradius 50.8427 0 0
lwrist 16.3326 0 0
lhand 7.69577 6.62187 0
lfingers 7.12502 0 0
lthumb 32.9172 33.4384 0
rclavicle -9.9207e-15 9.17966e-15 0
rhumerus -45.0949 -25.0372 -61.2487
rradius 78.1366 0 0
rwrist -34.134 0 0
rhand -28.6557 -26.3629 0
rfingers 7.12502 0 0
rthumb -2.01916 -56.3266 0
123
root 7.59239 16.5348 -26.4732 -8.31125 9.21255 4.42198
lfemur -7.61243 12.6125 -21.1716
ltibia 36.181 0 0
lfoot -20.1513 -11.5077 0
ltoes 32.2604 0 0
rfemur -93.3201 -22.5048 54.3587
rtibia 88.3592 0 0
rfoot 14.4408 22.8142 0
rtoes -29.9988 0 0
lowerback 15.0962 -2.89131 -8.60171
upperback 4.77811 -5.18044 -1.55258
thorax -2.66696 -2.57909 4.24726
lowerneck -12.1917 -0.855977 -0.365481
upperneck 0.116585 -1.21065 3.04518
head 2.16257 -0.501192 0.987135
lclavicle -9.08013e-15 9.6247e-15 0
lhumerus -40.9335 -22.0967 91.0879
lradius 50.9793 0 0
lwrist 16.4498 0 0
lhand 7.85958 6.65088 0
lfingers 7.12502 0 0
lthumb 33.074 33.4448 0
rclavicle -9.08013e-15 9.6247e-15 0
rhumerus -45.1049 -25.2118 -61.0473
rradius 78.4488 0 0
rwrist -34.5068 0 0
rhand -28.6953 -26.3966 0
rfingers 7.12502 0 0
rthumb -2.05736 -56.3603 0
124
root 7.60382 16.5322 -26.4596 -8.45903 9.31618 4.48102
lfemur -7.50854 12.6991 -21.1768
ltibia 36.189 0 0
lfoot -19.9965 -11.6411 0
ltoes 32.2056 0 0
rfemur -93.9445 -22.6973 54.656
rtibia 88.8082 0 0
rfoot 14.8189 23.0939 0
rtoes -30.4368 0 0
lowerback 15.248 -2.94656 -8.63263
upperback 4.84028 -5.26637 -1.59144
thorax -2.67466 -2.62313 4.23265
lowerneck -12.2116 -0.843982 -0.385498
upperneck 0.12947 -1.19374 3.08262
head 2.17105 -0.491601 1.00304
lclavicle -8.23956e-15 1.00697e-14 0
lhumerus -40.9246 -22.1942 91.0199
lradius 51.1159 0 0
lwrist 16.567 0 0
lhand 8.02339 6.6799 0
lfingers 7.12502 0 0
lthumb 33.2308 33.4513 0
rclavicle -8.23956e-15 1.00697e-14 0
rhumerus -45.115 -25.3864 -60.8459
rradius 78.7609 0 0
rwrist -34.8796 0 0
rhand -28.7348 -26.4303 0
rfingers 7.12502 0 0
rthumb -2.09555 -56.394 0
125
root 7.61524 16.5295 -26.4461 -8.6068 9.41981 4.54006
lfemur -7.40465 12.7858 -21.182
ltibia 36.197 0 0
lfoot -19.8416 -11.7746 0
ltoes 32.1508 0 0
rfemur -94.569 -22.8898 54.9534
rtibia 89.2571 0 0
rfoot 15.197 23.3736 0
rtoes -30.8749 0 0
lowerback 15.3999 -3.0018 -8.66355
upperback 4.90244 -5.35231 -1.63031
thorax -2.68235 -2.66717 4.21803
lowerneck -12.2315 -0.831986 -0.405515
upperneck 0.142355 -1.17682 3.12007
head 2.17953 -0.482009 1.01895
lclavicle -7.39898e-15 1.05148e-14 0
lhumerus -40.9156 -22.2918 90.952
lradius 51.2525 0 0
lwrist 16.6842 0 0
lhand 8.18719 6.70891 0
lfingers 7.12502 0 0
lthumb 33.3877 33.4577 0
rclavicle -7.39898e-15 1.05148e-14 0
rhumerus -45.125 -25.561 -60.6445
rradius 79.073 0 0
rwrist -35.2524 0 0
rhand -28.7744 -26.4641 0
rfingers 7.12502 0 0
rthumb -2.13375 -56.4277 0
126
root 7.62666 16.5268 -26.4325 -8.75458 9.52344 4.5991
lfemur -7.30076 12.8725 -21.1872
ltibia 36.205 0 0
lfoot -19.6868 -11.908 0
ltoes 32.096 0 0
rfemur -95.1935 -23.0824 55.2507
rtibia 89.7061 0 0
rfoot 15.575 23.6533 0
rtoes -31.3129 0 0
lowerback 15.5518 -3.05705 -8.69448
upperback 4.9646 -5.43824 -1.66917
thorax -2.69005 -2.7112 4.20342
lowerneck -12.2513 -0.819991 -0.425531
upperneck 0.15524 -1.1599 3.15751
head 2.18802 -0.472418 1.03486
lclavicle -6.55841e-15 1.09598e-14 0
lhumerus -40.9066 -22.3893 90.8841
lradius 51.3891 0 0
lwrist 16.8014 0 0
lhand 8.351 6.73793 0
lfingers 7.12502 0 0
lthumb 33.5445 33.4642 0
rclavicle -6.55841e-15 1.09598e-14 0
rhumerus -45.1351 -25.7355 -60.4431
rradius 79.3852 0 0
rwrist -35.6252 0 0
rhand -28.8139 -26.4978 0
rfingers 7.12502 0 0
rthumb -2.17194 -56.4614 0
127
root 7.63808 16.5242 -26.4189 -8.90236 9.62707 4.65814
lfemur -7.19686 12.9592 -21.1924
ltibia 36.213 0 0
lfoot -19.532 -12.0415 0
ltoes 32.0413 0 0
rfemur -95.8179 -23.2749 55.548
rtibia 90.155 0 0
rfoot 15.9531 23.933 0
rtoes -31.751 0 0
lowerback 15.7036 -3.1123 -8.7254
upperback 5.02676 -5.52417 -1.70804
thorax -2.69774 -2.75524 4.18881
lowerneck -12.2712 -0.807995 -0.445548
upperneck 0.168125 -1.14298 3.19496
head 2.1965 -0.462826 1.05077
lclavicle -5.71784e-15 1.14049e-14 0
lhumerus -40.8977 -22.4869 90.8162
lradius 51.5257 0 0
lwrist 16.9185 0 0
lhand 8.51481 6.76694 0
lfingers 7.12502 0 0
lthumb 33.7014 33.4706 0
rclavicle -5.71784e-15 1.14049e-14 0
rhumerus -45.1452 -25.9101 -60.2418
rradius 79.6973 0 0
rwrist -35.998 0 0
rhand -28.8535 -26.5315 0
rfingers 7.12502 0 0
rthumb -2.21014 -56.4952 0
128
root 7.6495 16.5215 -26.4053 -9.05013 9.7307 4.71718
lfemur -7.09297 13.0458 -21.1976
ltibia 36.221 0 0
lfoot -19.3772 -12.1749 0
ltoes 31.9865 0 0
rfemur -96.4424 -23.4674 55.8453
rtibia 90.604 0 0
rfoot 16.3312 24.2127 0
rtoes -32.189 0 0
lowerback 15.8555 -3.16754 -8.75632
upperback 5.08892 -5.6101 -1.7469
thorax -2.70544 -2.79928 4.1742
lowerneck -12.2911 -0.796 -0.465565
upperneck 0.18101 -1.12606 3.2324
head 2.20499 -0.453235 1.06668
lclavicle -4.87727e-15 1.18499e-14 0
lhumerus -40.8887 -22.5844 90.7482
lradius 51.6623 0 0
lwrist 17.0357 0 0
lhand 8.67862 6.79596 0
lfingers 7.12502 0 0
lthumb 33.8582 33.477 0
rclavicle -4.87727e-15 1.18499e-14 0
rhumerus -45.1552 -26.0847 -60.0404
rradius 80.0094 0 0
rwrist -36.3708 0 0
rhand -28.893 -26.5652 0
rfingers 7.12502 0 0
rthumb -2.24833 -56.5289 0
129
root 7.66092 16.5188 -26.3918 -9.19791 9.83433 4.77622
lfemur -6.98908 13.1325 -21.2029
ltibia 36.229 0 0
lfoot -19.2224 -12.3084 0
ltoes 31.9317 0 0
rfemur -97.0668 -23.6599 56.1426
rtibia 91.0529 0 0
rfoot 16.7092 24.4924 0
rtoes -32.6271 0 0
lowerback 16.0073 -3.22279 -8.78725
upperback 5.15108 -5.69603 -1.78577
thorax -2.71313 -2.84332 4.15959
lowerneck -12.3109 -0.784004 -0.485581
upperneck 0.193896 -1.10915 3.26984
head 2.21347 -0.443643 1.08259
lclavicle -4.0367e-15 1.22949e-14 0
lhumerus -40.8797 -22.682 90.6803
lradius 51.7989 0 0
lwrist 17.1529 0 0
lhand 8.84243 6.82497 0
lfingers 7.12502 0 0
lthumb 34.015 33.4835 0
rclavicle -4.0367e-15 1.22949e-14 0
rhumerus -45.1653 -26.2593 -59.839
rradius 80.3216 0 0
rwrist -36.7436 0 0
rhand -28.9326 -26.5989 0
rfingers 7.12502 0 0
rthumb -2.28653 -56.5626 0
130
root 7.67234 16.5162 -26.3782 -9.34569 9.93796 4.83526
lfemur -6.88519 13.2192 -21.2081
ltibia 36.237 0 0
lfoot -19.0676 -12.4418 0
ltoes 31.8769 0 0
rfemur -97.6913 -23.8524 56.4399
rtibia 91.5019 0 0
rfoot 17.0873 24.7721 0
rtoes -33.0651 0 0
lowerback 16.1592 -3.27803 -8.81817
upperback 5.21325 -5.78197 -1.82463
thorax -2.72083 -2.88736 4.14497
lowerneck -12.3308 -0.772009 -0.505598
upperneck 0.206781 -1.09223 3.30729
head 2.22196 -0.434052 1.09849
lclavicle -3.19613e-15 1.274e-14 0
lhumerus -40.8707 -22.7795 90.6124
lradius 51.9355 0 0
lwrist 17.2701 0 0
lhand 9.00623 6.85399 0
lfingers 7.12502 0 0
lthumb 34.1719 33.4899 0
rclavicle -3.19613e-15 1.274e-14 0
rhumerus -45.1753 -26.4338 -59.6376
rradius 80.6337 0 0
rwrist -37.1163 0 0
rhand -28.9721 -26.6327 0
rfingers 7.12502 0 0
rthumb -2.32473 -56.5963 0
131
root 7.68376 16.5135 -26.3646 -9.49346 10.0416 4.8943
lfemur -6.7813 13.3059 -21.2133
ltibia 36.245 0 0
lfoot -18.9128 -12.5753 0
ltoes 31.8222 0 0
rfemur -98.3158 -24.045 56.7372
rtibia 91.9508 0 0
rfoot 17.4653 25.0518 0
rtoes -33.5032 0 0
lowerback 16.311 -3.33328 -8.84909
upperback 5.27541 -5.8679 -1.8635
thorax -2.72852 -2.93139 4.13036
lowerneck -12.3507 -0.760013 -0.525614
upperneck 0.219666 -1.07531 3.34473
head 2.23044 -0.42446 1.1144
lclavicle -2.35556e-15 1.3185e-14 0
lhumerus -40.8618 -22.8771 90.5444
lradius 52.072 0 0
lwrist 17.3873 0 0
lhand 9.17004 6.883 0
lfingers 7.12502 0 0
lthumb 34.3287 33.4964 0
rclavicle -2.35556e-15 1.3185e-14 0
rhumerus -45.1854 -26.6084 -59.4362
rradius 80.9459 0 0
rwrist -37.4891 0 0
rhand -29.0117 -26.6664 0
rfingers 7.12502 0 0
rthumb -2.36292 -56.63 0
132
root 7.69518 16.5108 -26.351 -9.64124 10.1452 4.95334
lfemur -6.6774 13.3925 -21.2185
ltibia 36.253 0 0
lfoot -18.758 -12.7088 0
ltoes 31.7674 0 0
rfemur -98.9402 -24.2375 57.0345
rtibia 92.3998 0 0
rfoot 17.8434 25.3315 0
rtoes -33.9412 0 0
lowerback 16.4629 -3.38853 -8.88002
upperback 5.33757 -5.95383 -1.90236
thorax -2.73622 -2.97543 4.11575
lowerneck -12.3706 -0.748018 -0.545631
upperneck 0.232551 -1.05839 3.38218
head 2.23892 -0.414869 1.13031
lclavicle -1.51499e-15 1.36301e-14 0
lhumerus -40.8528 -22.9746 90.4765
lradius 52.2086 0 0
lwrist 17.5045 0 0
lhand 9.33385 6.91202 0
lfingers 7.12502 0 0
lthumb 34.4856 33.5028 0
rclavicle -1.51499e-15 1.36301e-14 0
rhumerus -45.1954 -26.783 -59.2348
rradius 81.258 0 0
rwrist -37.8619 0 0
rhand -29.0512 -26.7001 0
rfingers 7.12502 0 0
rthumb -2.40112 -56.6637 0
133
root 7.7066 16.5081 -26.3375 -9.78902 10.2488 5.01239
lfemur -6.57351 13.4792 -21.2237
ltibia 36.261 0 0
lfoot -18.6032 -12.8422 0
ltoes 31.7126 0 0
rfemur -99.5647 -24.43 57.3318
rtibia 92.8487 0 0
rfoot 18.2215 25.6112 0
rtoes -34.3793 0 0
lowerback 16.6147 -3.44377 -8.91094
upperback 5.39973 -6.03976 -1.94123
thorax -2.74391 -3.01947 4.10114
lowerneck -12.3904 -0.736022 -0.565648
upperneck 0.245436 -1.04147 3.41962
head 2.24741 -0.405277 1.14622
lclavicle -6.74422e-16 1.40751e-14 0
lhumerus -40.8438 -23.0722 90.4086
lradius 52.3452 0 0
lwrist 17.6217 0 0
lhand 9.49766 6.94103 0
lfingers 7.12502 0 0
lthumb 34.6424 33.5093 0
rclavicle -6.74422e-16 1.40751e-14 0
rhumerus -45.2055 -26.9575 -59.0334
rradius 81.5701 0 0
rwrist -38.2347 0 0
rhand -29.0908 -26.7338 0
rfingers 7.12502 0 0
rthumb -2.43931 -56.6974 0
134
root 7.71803 16.5055 -26.3239 -9.93679 10.3525 5.07143
lfemur -6.46962 13.5659 -21.2289
ltibia 36.269 0 0
lfoot -18.4484 -12.9757 0
ltoes 31.6578 0 0
rfemur -100.189 -24.6225 57.6291
rtibia 93.2977 0 0
rfoot 18.5995 25.8909 0
rtoes -34.8173 0 0
lowerback 16.7666 -3.49902 -8.94187
upperback 5.46189 -6.12569 -1.98009
thorax -2.75161 -3.06351 4.08653
lowerneck -12.4103 -0.724027 -0.585664
upperneck 0.258321 -1.02455 3.45706
head 2.25589 -0.395686 1.16213
lclavicle 1.66149e-16 1.45201e-14 0
lhumerus -40.8349 -23.1697 90.3406
lradius 52.4818 0 0
lwrist 17.7389 0 0
lhand 9.66147 6.97005 0
lfingers 7.12502 0 0
lthumb 34.7992 33.5157 0
rclavicle 1.66149e-16 1.45201e-14 0
rhumerus -45.2156 -27.1321 -58.832
rradius 81.8823 0 0
rwrist -38.6075 0 0
rhand -29.1303 -26.7675 0
rfingers 7.12502 0 0
rthumb -2.47751 -56.7311 0
135
root 7.72945 16.5028 -26.3103 -10.0846 10.4561 5.13047
lfemur -6.36573 13.6526 -21.2341
ltibia 36.277 0 0
lfoot -18.2936 -13.1091 0
ltoes 31.603 0 0
rfemur -100.814 -24.815 57.9264
rtibia 93.7466 0 0
rfoot 18.9776 26.1706 0
rtoes -35.2554 0 0
lowerback 16.9184 -3.55426 -8.97279
upperback 5.52405 -6.21162 -2.01896
thorax -2.7593 -3.10755 4.07192
lowerneck -12.4302 -0.712031 -0.605681
upperneck 0.271207 -1.00764 3.49451
head 2.26438 -0.386094 1.17804
lclavicle 1.00672e-15 1.49652e-14 0
lhumerus -40.8259 -23.2673 90.2727
lradius 52.6184 0 0
lwrist 17.856 0 0
lhand 9.82528 6.99906 0
lfingers 7.12502 0 0
lthumb 34.9561 33.5222 0
rclavicle 1.00672e-15 1.49652e-14 0
rhumerus -45.2256 -27.3067 -58.6306
rradius 82.1944 0 0
rwrist -38.9803 0 0
rhand -29.1699 -26.8012 0
rfingers 7.12502 0 0
rthumb -2.5157 -56.7648 0
136
root 7.74087 16.5001 -26.2967 -10.2323 10.5597 5.18951
lfemur -6.26183 13.7392 -21.2393
ltibia 36.285 0 0
lfoot -18.1388 -13.2426 0
ltoes 31.5483 0 0
rfemur -101.438 -25.0076 58.2237
rtibia 94.1956 0 0
rfoot 19.3557 26.4503 0
rtoes -35.6934 0 0
lowerback 17.0703 -3.60951 -9.00371
upperback 5.58622 -6.29756 -2.05782
thorax -2.767 -3.15158 4.0573
lowerneck -12.4501 -0.700036 -0.625698
upperneck 0.284092 -0.990718 3.53195
head 2.27286 -0.376503 1.19394
lclavicle 1.84729e-15 1.54102e-14 0
lhumerus -40.8169 -23.3648 90.2048
lradius 52.755 0 0
lwrist 17.9732 0 0
lhand 9.98908 7.02808 0
lfingers 7.12502 0 0
lthumb 35.1129 33.5286 0
rclavicle 1.84729e-15 1.54102e-14 0
rhumerus -45.2357 -27.4813 -58.4292
rradius 82.5065 0 0
rwrist -39.3531 0 0
rhand -29.2094 -26.835 0
rfingers 7.12502 0 0
rthumb -2.5539 -56.7985 0
137
root 7.75229 16.4975 -26.2832 -10.3801 10.6634 5.24855
lfemur -6.15794 13.8259 -21.2445
ltibia 36.293 0 0
lfoot -17.984 -13.376 0
ltoes 31.4935 0 0
rfemur -102.063 -25.2001 58.521
rtibia 94.6445 0 0
rfoot 19.7337 26.73 0
rtoes -36.1315 0 0
lowerback 17.2221 -3.66475 -9.03464
upperback 5.64838 -6.38349 -2.09669
thorax -2.77469 -3.19562 4.04269
lowerneck -12.4699 -0.68804 -0.645714
upperneck 0.296977 -0.9738 3.5694
head 2.28135 -0.366911 1.20985
lclavicle 2.68786e-15 1.58553e-14 0
lhumerus -40.808 -23.4624 90.1368
lradius 52.8916 0 0
lwrist 18.0904 0 0
lhand 10.1529 7.05709 0
lfingers 7.12502 0 0
lthumb 35.2698 33.5351 0
rclavicle 2.68786e-15 1.58553e-14 0
rhumerus -45.2457 -27.6558 -58.2278
rradius 82.8187 0 0
rwrist -39.7259 0 0
rhand -29.249 -26.8687 0
rfingers 7.12502 0 0
rthumb -2.59209 -56.8322 0
138
root 7.76371 16.4948 -26.2696 -10.5279 10.767 5.30759
lfemur -6.05405 13.9126 -21.2497
ltibia 36.301 0 0
lfoot -17.8292 -13.5095 0
ltoes 31.4387 0 0
rfemur -102.687 -25.3926 58.8183
rtibia 95.0935 0 0
rfoot 20.1118 27.0097 0
rtoes -36.5695 0 0
lowerback 17.374 -3.72 -9.06556
upperback 5.71054 -6.46942 -2.13555
thorax -2.78239 -3.23966 4.02808
lowerneck -12.4898 -0.676045 -0.665731
upperneck 0.309862 -0.956882 3.60684
head 2.28983 -0.35732 1.22576
lclavicle 3.52843e-15 1.63003e-14 0
lhumerus -40.799 -23.5599 90.0689
lradius 53.0282 0 0
lwrist 18.2076 0 0
lhand 10.3167 7.08611 0
lfingers 7.12502 0 0
lthumb 35.4266 33.5415 0
rclavicle 3.52843e-15 1.63003e-14 0
rhumerus -45.2558 -27.8304 -58.0264
rradius 83.1308 0 0
rwrist -40.0987 0 0
rhand -29.2885 -26.9024 0
rfingers 7.12502 0 0
rthumb -2.63029 -56.8659 0
139
root 7.71756 16.4805 -26.2669 -10.0465 11.9082 4.97098
lfemur -6.98791 14.2862 -20.8264
ltibia 36.7829 0 0
lfoot -17.8927 -14.5121 0
ltoes 31.654 0 0
rfemur -102.903 -25.5352 57.3636
rtibia 98.8692 0 0
rfoot 29.3556 22.314 0
rtoes -17.0937 0 0
lowerback 17.1802 -4.06549 -8.86558
upperback 5.54475 -6.87863 -2.15319
thorax -2.83323 -3.43224 3.95824
lowerneck -12.3761 -0.838353 -0.802575
upperneck 0.284744 -1.1632 3.884
head 2.27077 -0.452478 1.32811
lclavicle 5.35725e-14 -1.86858e-14 0
lhumerus -40.1384 -24.6203 90.1707
lradius 52.2274 0 0
lwrist 17.6404 0 0
lhand 11.4487 7.55993 0
lfingers 7.12502 0 0
lthumb 36.499 33.7523 0
rclavicle 5.35725e-14 -1.86858e-14 0
rhumerus -46.1521 -27.9074 -58.8192
rradius 84.1539 0 0
rwrist -38.0524 0 0
rhand -35.3168 -31.2119 0
rfingers 7.12502 0 0
rthumb -8.45048 -61.0228 0
140
root 7.66558 16.4704 -26.2622 -9.48223 12.9399 4.67589
lfemur -7.96661 14.7153 -20.4919
ltibia 37.1457 0 0
lfoot -18.2118 -14.2181 0
ltoes 29.7021 0 0
rfemur -102.044 -26.0897 55.4415
rtibia 101.834 0 0
rfoot 30.0648 22.1515 0
rtoes -14.9879 0 0
lowerback 16.8734 -4.27866 -8.74244
upperback 5.3505 -7.11936 -2.13516
thorax -2.86304 -3.54389 3.92777
lowerneck -12.2514 -1.05106 -0.854284
upperneck 0.247539 -1.44537 4.08912
head 2.24834 -0.588204 1.3882
lclavicle 3.41314e-14 -1.87653e-14 0
lhumerus -39.4368 -25.6005 90.3927
lradius 51.4008 0 0
lwrist 16.4801 0 0
lhand 12.9019 8.13618 0
lfingers 7.12502 0 0
lthumb 37.8664 33.9153 0
rclavicle 3.41314e-14 -1.87653e-14 0
rhumerus -47.1176 -27.1822 -59.982
rradius 84.9388 0 0
rwrist -34.4738 0 0
rhand -37.4776 -37.6225 0
rfingers 7.12502 0 0
rthumb -10.5327 -102.344 0
141
root 7.61359 16.4603 -26.2576 -8.91797 13.9715 4.38081
lfemur -8.94531 15.1444 -20.1573
ltibia 37.5085 0 0
lfoot -18.5309 -13.9241 0
ltoes 27.7502 0 0
rfemur -101.186 -26.6442 53.5195
rtibia 104.798 0 0
rfoot 30.7739 21.989 0
rtoes -12.8821 0 0
lowerback 16.5667 -4.49183 -8.6193
upperback 5.15625 -7.36009 -2.11713
thorax -2.89285 -3.65554 3.8973
lowerneck -12.1266 -1.26377 -0.905993
upperneck 0.210335 -1.72754 4.29423
head 2.2259 -0.723931 1.44829
lclavicle 1.46902e-14 -1.88448e-14 0
lhumerus -38.7352 -26.5808 90.6147
lradius 50.5741 0 0
lwrist 15.3197 0 0
lhand 14.3551 8.71244 0
lfingers 7.12502 0 0
lthumb 39.2338 34.0783 0
rclavicle 1.46902e-14 -1.88448e-14 0
rhumerus -48.0831 -26.4569 -61.1448
rradius 85.7237 0 0
rwrist -30.8952 0 0
rhand -39.6384 -44.033 0
rfingers 7.12502 0 0
rthumb -12.615 -143.666 0
142
root 7.56161 16.4501 -26.2529 -8.3537 15.0032 4.08572
lfemur -9.924 15.5736 -19.8228
ltibia 37.8713 0 0
lfoot -18.8499 -13.6301 0
ltoes 25.7983 0 0
rfemur -100.327 -27.1986 51.5974
rtibia 107.763 0 0
rfoot 31.4831 21.8266 0
rtoes -10.7764 0 0
lowerback 16.2599 -4.705 -8.49617
upperback 4.96201 -7.60081 -2.09909
thorax -2.92266 -3.76718 3.86683
lowerneck -12.0019 -1.47648 -0.957702
upperneck 0.17313 -2.00971 4.49935
head 2.20347 -0.859657 1.50837
lclavicle -4.75092e-15 -1.89243e-14 0
lhumerus -38.0336 -27.561 90.8367
lradius 49.7475 0 0
lwrist 14.1594 0 0
lhand 15.8083 9.28869 0
lfingers 7.12502 0 0
lthumb 40.6011 34.2413 0
rclavicle -4.75092e-15 -1.89243e-14 0
rhumerus -49.0487 -25.7317 -62.3077
rradius 86.5087 0 0
rwrist -27.3166 0 0
rhand -41.7991 -50.4436 0
rfingers 7.12502 0 0
rthumb -14.6972 -184.987 0
143
root 7.50962 16.44 -26.2483 -7.78944 16.0348 3.79064
lfemur -10.9027 16.0027 -19.4882
ltibia 38.2341 0 0
lfoot -19.169 -13.3361 0
ltoes 23.8464 0 0
rfemur -99.4682 -27.7531 49.6754
rtibia 110.727 0 0
rfoot 32.1922 21.6641 0
rtoes -8.6706 0 0
lowerback 15.9532 -4.91817 -8.37303
upperback 4.76776 -7.84154 -2.08106
thorax -2.95247 -3.87883 3.83636
lowerneck -11.8771 -1.68918 -1.00941
upperneck 0.135925 -2.29188 4.70446
head 2.18103 -0.995384 1.56846
lclavicle -2.41921e-14 -1.90038e-14 0
lhumerus -37.332 -28.5413 91.0587
lradius 48.9208 0 0
lwrist 12.999 0 0
lhand 17.2615 9.86495 0
lfingers 7.12502 0 0
lthumb 41.9685 34.4043 0
rclavicle -2.41921e-14 -1.90038e-14 0
rhumerus -50.0142 -25.0064 -63.4705
rradius 87.2936 0 0
rwrist -23.738 0 0
rhand -43.9599 -56.8541 0
rfingers 7.12502 0 0
rthumb -16.7795 -226.309 0
144
root 7.45764 16.4299 -26.2436 -7.22517 17.0665 3.49555
lfemur -11.8814 16.4318 -19.1537
ltibia 38.5969 0 0
lfoot -19.4881 -13.0421 0
ltoes 21.8945 0 0
rfemur -98.6095 -28.3076 47.7533
rtibia 113.692 0 0
rfoot 32.9014 21.5016 0
rtoes -6.56482 0 0
lowerback 15.6464 -5.13134 -8.24989
upperback 4.57351 -8.08227 -2.06303
thorax -2.98228 -3.99048 3.80589
lowerneck -11.7524 -1.90189 -1.06112
upperneck 0.0987205 -2.57405 4.90958
head 2.1586 -1.13111 1.62855
lclavicle -4.36332e-14 -1.90833e-14 0
lhumerus -36.6304 -29.5215 91.2807
lradius 48.0942 0 0
lwrist 11.8387 0 0
lhand 18.7147 10.4412 0
lfingers 7.12502 0 0
lthumb 43.3359 34.5673 0
rclavicle -4.36332e-14 -1.90833e-14 0
rhumerus -50.9797 -24.2812 -64.6333
rradius 88.0785 0 0
rwrist -20.1594 0 0
rhand -46.1207 -63.2647 0
rfingers 7.12502 0 0
rthumb -18.8617 -267.63 0
145
root 7.40655 16.4296 -26.2333 -6.65614 17.7761 3.23702
lfemur -12.6582 17.2932 -18.8563
ltibia 38.6746 0 0
lfoot -19.443 -10.1361 0
ltoes 16.876 0 0
rfemur -95.869 -29.0361 44.88
rtibia 114.967 0 0
rfoot 29.6498 22.2089 0
rtoes -12.8978 0 0
lowerback 15.1981 -5.19324 -8.19592
upperback 4.39785 -8.11989 -1.94344
thorax -2.91401 -4.00956 3.86712
lowerneck -11.7167 -2.12533 -1.12622
upperneck 0.0287753 -2.86041 4.93753
head 2.14022 -1.2743 1.63308
lclavicle -4.46271e-14 -7.68633e-15 0
lhumerus -36.1873 -30.2564 91.7963
lradius 47.5834 0 0
lwrist 10.9327 0 0
lhand 20.0184 10.8372 0
lfingers 7.12502 0 0
lthumb 44.5482 34.4807 0
rclavicle -4.46271e-14 -7.68633e-15 0
rhumerus -51.8424 -23.0412 -66.0613
rradius 88.9292 0 0
rwrist -16.6241 0 0
rhand -44.7487 -61.2427 0
rfingers 7.12502 0 0
rthumb -17.541 -327.301 0
146
root 7.35547 16.4294 -26.223 -6.08712 18.4857 2.97848
lfemur -13.4351 18.1546 -18.5588
ltibia 38.7523 0 0
lfoot -19.3978 -7.23015 0
ltoes 11.8575 0 0
rfemur -93.1285 -29.7647 42.0066
rtibia 116.242 0 0
rfoot 26.3981 22.9163 0
rtoes -19.2308 0 0
lowerback 14.7497 -5.25514 -8.14194
upperback 4.2222 -8.15752 -1.82385
thorax -2.84574 -4.02864 3.92834
lowerneck -11.6809 -2.34877 -1.19131
upperneck -0.0411698 -3.14677 4.96548
head 2.12184 -1.41748 1.6376
lclavicle -4.56211e-14 3.71063e-15 0
lhumerus -35.7442 -30.9913 92.3119
lradius 47.0725 0 0
lwrist 10.0267 0 0
lhand 21.3221 11.2333 0
lfingers 7.12502 0 0
lthumb 45.7606 34.394 0
rclavicle -4.56211e-14 3.71063e-15 0
rhumerus -52.7052 -21.8011 -67.4894
rradius 89.7799 0 0
rwrist -13.0888 0 0
rhand -43.3766 -59.2206 0
rfingers 7.12502 0 0
rthumb -16.2203 -386.972 0
147
root 7.30438 16.4291 -26.2127 -5.51809 19.1953 2.71995
lfemur -14.2119 19.016 -18.2614
ltibia 38.83 0 0
lfoot -19.3527 -4.32417 0
ltoes 6.83901 0 0
rfemur -90.388 -30.4932 39.1333
rtibia 117.517 0 0
rfoot 23.1465 23.6236 0
rtoes -25.5638 0 0
lowerback 14.3014 -5.31704 -8.08797
upperback 4.04654 -8.19514 -1.70426
thorax -2.77747 -4.04772 3.98957
lowerneck -11.6452 -2.57221 -1.25641
upperneck -0.111115 -3.43313 4.99343
head 2.10346 -1.56067 1.64213
lclavicle -4.6615e-14 1.51076e-14 0
lhumerus -35.3011 -31.7262 92.8275
lradius 46.5617 0 0
lwrist 9.12072 0 0
lhand 22.6258 11.6293 0
lfingers 7.12502 0 0
lthumb 46.9729 34.3074 0
rclavicle -4.6615e-14 1.51076e-14 0
rhumerus -53.5679 -20.5611 -68.9174
rradius 90.6306 0 0
rwrist -9.55343 0 0
rhand -42.0046 -57.1986 0
rfingers 7.12502 0 0
rthumb -14.8996 -446.643 0
148
root 7.26617 16.4172 -26.189 -4.92885 20.0466 2.20858
lfemur -14.7599 20.1643 -17.7816
ltibia 38.3765 0 0
lfoot -17.8868 -1.44329 0
ltoes 10.2545 0 0
rfemur -86.4832 -30.137 35.7684
rtibia 116.674 0 0
rfoot 23.0683 21.536 0
rtoes -23.8144 0 0
lowerback 13.5246 -5.50812 -7.64892
upperback 3.77613 -8.34622 -1.48853
thorax -2.65564 -4.12593 3.91615
lowerneck -11.5993 -2.74329 -1.31433
upperneck 0.073192 -3.65915 4.96093
head 2.16532 -1.6724 1.62893
lclavicle -5.28519e-14 1.65654e-14 0
lhumerus -35.7897 -32.51 93.9415
lradius 46.771 0 0
lwrist 9.4324 0 0
lhand 23.7701 12.6126 0
lfingers 7.12502 0 0
lthumb 48.019 34.7332 0
rclavicle -5.28519e-14 1.65654e-14 0
rhumerus -53.9768 -20.1035 -69.6706
rradius 91.5468 0 0
rwrist -8.13921 0 0
rhand -35.2307 -49.2466 0
rfingers 7.12502 0 0
rthumb -8.36867 -438.53 0
149
root 7.22797 16.4054 -26.1653 -4.3396 20.8979 1.69721
lfemur -15.3078 21.3126 -17.3018
ltibia 37.923 0 0
lfoot -16.4209 1.43759 0
ltoes 13.67 0 0
rfemur -82.5784 -29.7809 32.4035
rtibia 115.83 0 0
rfoot 22.9901 19.4485 0
rtoes -22.065 0 0
lowerback 12.7478 -5.69919 -7.20986
upperback 3.50571 -8.4973 -1.27281
thorax -2.5338 -4.20414 3.84273
lowerneck -11.5533 -2.91437 -1.37225
upperneck 0.257499 -3.88517 4.92843
head 2.22717 -1.78412 1.61573
lclavicle -5.90887e-14 1.80231e-14 0
lhumerus -36.2783 -33.2938 95.0554
lradius 46.9803 0 0
lwrist 9.74408 0 0
lhand 24.9144 13.5959 0
lfingers 7.12502 0 0
lthumb 49.065 35.159 0
rclavicle -5.90887e-14 1.80231e-14 0
rhumerus -54.3856 -19.646 -70.4238
rradius 92.4629 0 0
rwrist -6.72499 0 0
rhand -28.4568 -41.2947 0
rfingers 7.12502 0 0
rthumb -1.83773 -430.418 0
150
root 7.18976 16.3935 -26.1416 -3.75036 21.7492 1.18584
lfemur -15.8558 22.4609 -16.822
ltibia 37.4694 0 0
lfoot -14.955 4.31846 0
ltoes 17.0856 0 0
rfemur -78.6736 -29.4247 29.0386
rtibia 114.987 0 0
rfoot 22.9119 17.3609 0
rtoes -20.3156 0 0
lowerback 11.971 -5.89027 -6.77081
upperback 3.23529 -8.64838 -1.05708
thorax -2.41197 -4.28234 3.76931
lowerneck -11.5074 -3.08544 -1.43017
upperneck 0.441806 -4.11118 4.89593
head 2.28903 -1.89585 1.60253
lclavicle -6.53256e-14 1.94809e-14 0
lhumerus -36.7669 -34.0776 96.1694
lradius 47.1896 0 0
lwrist 10.0558 0 0
lhand 26.0587 14.5792 0
lfingers 7.12502 0 0
lthumb 50.1111 35.5849 0
rclavicle -6.53256e-14 1.94809e-14 0
rhumerus -54.7945 -19.1884 -71.1771
rradius 93.3791 0 0
rwrist -5.31076 0 0
rhand -21.6829 -33.3427 0
rfingers 7.12502 0 0
rthumb 4.6932 -422.305 0
151
root 7.15155 16.3816 -26.1179 -3.16112 22.6006 0.674471
lfemur -16.4038 23.6093 -16.3423
ltibia 37.0159 0 0
lfoot -13.489 7.19934 0
ltoes 20.5011 0 0
rfemur -74.7687 -29.0685 25.6737
rtibia 114.143 0 0
rfoot 22.8338 15.2734 0
rtoes -18.5662 0 0
lowerback 11.1942 -6.08134 -6.33175
upperback 2.96488 -8.79946 -0.841351
thorax -2.29013 -4.36055 3.69588
lowerneck -11.4615 -3.25652 -1.48809
upperneck 0.626113 -4.3372 4.86344
head 2.35088 -2.00757 1.58933
lclavicle -7.15625e-14 2.09387e-14 0
lhumerus -37.2556 -34.8614 97.2833
lradius 47.3989 0 0
lwrist 10.3674 0 0
lhand 27.203 15.5625 0
lfingers 7.12502 0 0
lthumb 51.1572 36.0107 0
rclavicle -7.15625e-14 2.09387e-14 0
rhumerus -55.2034 -18.7308 -71.9303
rradius 94.2952 0 0
rwrist -3.89654 0 0
rhand -14.909 -25.3907 0
rfingers 7.12502 0 0
rthumb 11.2241 -414.193 0
152
root 7.11335 16.3698 -26.0942 -2.57187 23.4519 0.163102
lfemur -16.9517 24.7576 -15.8625
ltibia 36.5624 0 0
lfoot -12.0231 10.0802 0
ltoes 23.9166 0 0
rfemur -70.8639 -28.7124 22.3088
rtibia 113.299 0 0
rfoot 22.7556 13.1859 0
rtoes -16.8168 0 0
lowerback 10.4174 -6.27242 -5.8927
upperback 2.69447 -8.95054 -0.625624
thorax -2.1683 -4.43876 3.62246
lowerneck -11.4155 -3.4276 -1.54601
upperneck 0.81042 -4.56322 4.83094
head 2.41274 -2.1193 1.57613
lclavicle -7.77993e-14 2.23964e-14 0
lhumerus -37.7442 -35.6452 98.3972
lradius 47.6082 0 0
lwrist 10.6791 0 0
lhand 28.3473 16.5458 0
lfingers 7.12502 0 0
lthumb 52.2032 36.4365 0
rclavicle -7.77993e-14 2.23964e-14 0
rhumerus -55.6122 -18.2733 -72.6835
rradius 95.2113 0 0
rwrist -2.48232 0 0
rhand -8.13507 -17.4387 0
rfingers 7.12502 0 0
rthumb 17.7551 -406.081 0
153
root 7.07514 16.3579 -26.0705 -1.98263 24.3032 -0.348268
lfemur -17.4997 25.9059 -15.3827
ltibia 36.1089 0 0
lfoot -10.5572 12.9611 0
ltoes 27.3321 0 0
rfemur -66.9591 -28.3562 18.9439
rtibia 112.456 0 0
rfoot 22.6774 11.0983 0
rtoes -15.0674 0 0
lowerback 9.64064 -6.46349 -5.45364
upperback 2.42405 -9.10162 -0.409897
thorax -2.04646 -4.51697 3.54904
lowerneck -11.3696 -3.59868 -1.60393
upperneck 0.994727 -4.78924 4.79844
head 2.47459 -2.23102 1.56293
lclavicle -8.40362e-14 2.38542e-14 0
lhumerus -38.2328 -36.429 99.5112
lradius 47.8175 0 0
lwrist 10.9908 0 0
lhand 29.4916 17.5291 0
lfingers 7.12502 0 0
lthumb 53.2493 36.8623 0
rclavicle -8.40362e-14 2.38542e-14 0
rhumerus -56.0211 -17.8157 -73.4367
rradius 96.1275 0 0
rwrist -1.0681 0 0
rhand -1.36116 -9.48676 0
rfingers 7.12502 0 0
rthumb 24.286 -397.968 0
154
root 7.04571 16.3299 -26.0362 -1.43682 25.5165 -0.827905
lfemur -17.9794 26.9187 -15.0263
ltibia 35.4895 0 0
lfoot -9.21641 14.1198 0
ltoes 32.7126 0 0
rfemur -62.9621 -27.1957 15.9769
rtibia 110.411 0 0
rfoot 23.0341 7.75787 0
rtoes -10.5147 0 0
lowerback 8.71637 -6.76399 -4.87953
upperback 2.10512 -9.4077 -0.262002
thorax -1.91047 -4.67258 3.31998
lowerneck -11.2194 -3.77995 -1.59084
upperneck 1.30328 -5.04748 4.82868
head 2.56088 -2.3561 1.55615
lclavicle 4.03533e-14 0 0
lhumerus -39.4035 -37.3723 101.051
lradius 48.4507 0 0
lwrist 11.4725 0 0
lhand 30.7514 18.78 0
lfingers 7.12502 0 0
lthumb 54.3812 37.357 0
rclavicle 4.03533e-14 0 0
rhumerus -55.9506 -18.0314 -73.6182
rradius 96.8456 0 0
rwrist -3.51651 0 0
rhand 11.0343 -5.00793 0
rfingers 7.12502 0 0
rthumb 36.1067 -391.298 0
155
root 7.01747 16.302 -26.0004 -0.905852 26.8025 -1.18476
lfemur -18.5153 27.8429 -14.8405
ltibia 34.9864 0 0
lfoot -8.16118 14.5816 0
ltoes 36.9234 0 0
rfemur -58.9881 -25.8913 13.1815
rtibia 108.093 0 0
rfoot 23.2128 3.87445 0
rtoes -4.92754 0 0
lowerback 7.81292 -7.06006 -4.37859
upperback 1.79638 -9.72584 -0.163491
thorax -1.77328 -4.83419 3.07738
lowerneck -11.056 -3.98665 -1.57792
upperneck 1.59353 -5.34063 4.88387
head 2.64092 -2.49795 1.55557
lclavicle -6.26669e-14 2.22639e-14 0
lhumerus -40.6268 -38.2905 102.646
lradius 49.068 0 0
lwrist 11.7604 0 0
lhand 31.997 19.7825 0
lfingers 7.12502 0 0
lthumb 55.4928 37.5586 0
rclavicle -6.26669e-14 2.22639e-14 0
rhumerus -55.7834 -18.3456 -73.6984
rradius 97.4295 0 0
rwrist -6.99274 0 0
rhand 23.2241 -2.81955 0
rfingers 7.12502 0 0
rthumb 47.5258 -385.251 0
156
root 6.9694 16.2928 -25.9769 -0.649255 26.5451 -1.06602
lfemur -18.4787 27.1596 -14.2226
ltibia 34.9211 0 0
lfoot -8.19529 13.0515 0
ltoes 36.3274 0 0
rfemur -57.1795 -25.0454 12.3855
rtibia 105.38 0 0
rfoot 21.6647 2.80243 0
rtoes -3.05345 0 0
lowerback 7.41189 -6.86194 -4.21762
upperback 1.71963 -9.44565 -0.37175
thorax -1.66951 -4.69494 2.73639
lowerneck -11.0482 -4.09285 -1.44109
upperneck 1.62704 -5.50306 4.9027
head 2.64977 -2.5758 1.52794
lclavicle -5.69539e-14 2.23964e-14 0
lhumerus -41.1511 -38.4782 103.137
lradius 49.216 0 0
lwrist 12.0078 0 0
lhand 32.2622 20.1866 0
lfingers 7.12502 0 0
lthumb 55.7233 37.7495 0
rclavicle -5.69539e-14 2.23964e-14 0
rhumerus -55.7531 -16.9411 -74.5032
rradius 97.5707 0 0
rwrist -6.75798 0 0
rhand 22.3621 -3.31046 0
rfingers 7.12502 0 0
rthumb 46.7129 -385.971 0
157
root 6.92134 16.2836 -25.9533 -0.392658 26.2878 -0.947289
lfemur -18.442 26.4762 -13.6047
ltibia 34.8558 0 0
lfoot -8.22939 11.5214 0
ltoes 35.7314 0 0
rfemur -55.3709 -24.1995 11.5895
rtibia 102.667 0 0
rfoot 20.1167 1.7304 0
rtoes -1.17937 0 0
lowerback 7.01086 -6.66382 -4.05665
upperback 1.64289 -9.16546 -0.580009
thorax -1.56573 -4.55569 2.3954
lowerneck -11.0404 -4.19906 -1.30427
upperneck 1.66054 -5.66549 4.92154
head 2.65862 -2.65365 1.50032
lclavicle -5.12409e-14 2.25289e-14 0
lhumerus -41.6755 -38.6659 103.628
lradius 49.3641 0 0
lwrist 12.2551 0 0
lhand 32.5274 20.5907 0
lfingers 7.12502 0 0
lthumb 55.9537 37.9403 0
rclavicle -5.12409e-14 2.25289e-14 0
rhumerus -55.7228 -15.5365 -75.308
rradius 97.712 0 0
rwrist -6.52323 0 0
rhand 21.5001 -3.80137 0
rfingers 7.12502 0 0
rthumb 45.9001 -386.691 0
158
root 6.87327 16.2744 -25.9298 -0.136062 26.0304 -0.828554
lfemur -18.4054 25.7929 -12.9867
ltibia 34.7904 0 0
lfoot -8.2635 9.99124 0
ltoes 35.1353 0 0
rfemur -53.5623 -23.3536 10.7935
rtibia 99.9539 0 0
rfoot 18.5686 0.658381 0
rtoes 0.694715 0 0
lowerback 6.60983 -6.4657 -3.89568
upperback 1.56614 -8.88527 -0.788268
thorax -1.46196 -4.41644 2.05441
lowerneck -11.0326 -4.30526 -1.16744
upperneck 1.69405 -5.82791 4.94037
head 2.66747 -2.7315 1.47269
lclavicle -4.55279e-14 2.26615e-14 0
lhumerus -42.1998 -38.8536 104.119
lradius 49.5121 0 0
lwrist 12.5025 0 0
lhand 32.7926 20.9948 0
lfingers 7.12502 0 0
lthumb 56.1842 38.1312 0
rclavicle -4.55279e-14 2.26615e-14 0
rhumerus -55.6924 -14.132 -76.1128
rradius 97.8532 0 0
rwrist -6.28847 0 0
rhand 20.6381 -4.29228 0
rfingers 7.12502 0 0
rthumb 45.0872 -387.411 0
159
root 6.82521 16.2651 -25.9063 0.120535 25.7731 -0.709818
lfemur -18.3688 25.1095 -12.3688
ltibia 34.7251 0 0
lfoot -8.29761 8.46112 0
ltoes 34.5393 0 0
rfemur -51.7537 -22.5077 9.99745
rtibia 97.2409 0 0
rfoot 17.0206 -0.413642 0
rtoes 2.5688 0 0
lowerback 6.2088 -6.26757 -3.73471
upperback 1.48939 -8.60508 -0.996528
thorax -1.35818 -4.27719 1.71342
lowerneck -11.0247 -4.41147 -1.03061
upperneck 1.72755 -5.99034 4.9592
head 2.67632 -2.80935 1.44506
lclavicle -3.98149e-14 2.2794e-14 0
lhumerus -42.7242 -39.0413 104.61
lradius 49.6602 0 0
lwrist 12.7499 0 0
lhand 33.0578 21.3989 0
lfingers 7.12502 0 0
lthumb 56.4147 38.3221 0
rclavicle -3.98149e-14 2.2794e-14 0
rhumerus -55.6621 -12.7274 -76.9176
rradius 97.9944 0 0
rwrist -6.05372 0 0
rhand 19.7761 -4.78319 0
rfingers 7.12502 0 0
rthumb 44.2744 -388.131 0
160
root 6.77714 16.2559 -25.8828 0.377132 25.5157 -0.591083
lfemur -18.3321 24.4262 -11.7509
ltibia 34.6598 0 0
lfoot -8.33172 6.931 0
ltoes 33.9433 0 0
rfemur -49.9451 -21.6618 9.20144
rtibia 94.5279 0 0
rfoot 15.4725 -1.48566 0
rtoes 4.44289 0 0
lowerback 5.80777 -6.06945 -3.57374
upperback 1.41264 -8.32489 -1.20479
thorax -1.25441 -4.13794 1.37243
lowerneck -11.0169 -4.51767 -0.893787
upperneck 1.76106 -6.15277 4.97803
head 2.68517 -2.8872 1.41743
lclavicle -3.41019e-14 2.29265e-14 0
lhumerus -43.2485 -39.229 105.101
lradius 49.8082 0 0
lwrist 12.9973 0 0
lhand 33.323 21.803 0
lfingers 7.12502 0 0
lthumb 56.6451 38.513 0
rclavicle -3.41019e-14 2.29265e-14 0
rhumerus -55.6318 -11.3229 -77.7223
rradius 98.1356 0 0
rwrist -5.81896 0 0
rhand 18.9141 -5.2741 0
rfingers 7.12502 0 0
rthumb 43.4615 -388.851 0
161
root 6.72908 16.2467 -25.8592 0.633728 25.2584 -0.472348
lfemur -18.2955 23.7428 -11.133
ltibia 34.5945 0 0
lfoot -8.36582 5.40087 0
ltoes 33.3473 0 0
rfemur -48.1365 -20.8158 8.40542
rtibia 91.8149 0 0
rfoot 13.9245 -2.55769 0
rtoes 6.31697 0 0
lowerback 5.40674 -5.87133 -3.41278
upperback 1.3359 -8.0447 -1.41305
thorax -1.15064 -3.99869 1.03144
lowerneck -11.0091 -4.62388 -0.75696
upperneck 1.79456 -6.3152 4.99686
head 2.69402 -2.96504 1.38981
lclavicle -2.8389e-14 2.3059e-14 0
lhumerus -43.7729 -39.4167 105.591
lradius 49.9563 0 0
lwrist 13.2446 0 0
lhand 33.5883 22.2071 0
lfingers 7.12502 0 0
lthumb 56.8756 38.7038 0
rclavicle -2.8389e-14 2.3059e-14 0
rhumerus -55.6015 -9.91832 -78.5271
rradius 98.2769 0 0
rwrist -5.58421 0 0
rhand 18.0521 -5.76501 0
rfingers 7.12502 0 0
rthumb 42.6487 -389.571 0
162
root 6.68101 16.2375 -25.8357 0.890325 25.001 -0.353612
lfemur -18.2589 23.0595 -10.515
ltibia 34.5292 0 0
lfoot -8.39993 3.87075 0
ltoes 32.7513 0 0
rfemur -46.3279 -19.9699 7.60941
rtibia 89.1018 0 0
rfoot 12.3764 -3.62971 0
rtoes 8.19106 0 0
lowerback 5.0057 -5.67321 -3.25181
upperback 1.25915 -7.76451 -1.6213
thorax -1.04686 -3.85943 0.69045
lowerneck -11.0013 -4.73008 -0.620133
upperneck 1.82807 -6.47763 5.0157
head 2.70286 -3.04289 1.36218
lclavicle -2.2676e-14 2.31915e-14 0
lhumerus -44.2972 -39.6044 106.082
lradius 50.1043 0 0
lwrist 13.492 0 0
lhand 33.8535 22.6113 0
lfingers 7.12502 0 0
lthumb 57.1061 38.8947 0
rclavicle -2.2676e-14 2.31915e-14 0
rhumerus -55.5712 -8.51378 -79.3319
rradius 98.4181 0 0
rwrist -5.34945 0 0
rhand 17.1902 -6.25592 0
rfingers 7.12502 0 0
rthumb 41.8358 -390.291 0
163
root 6.63295 16.2283 -25.8122 1.14692 24.7437 -0.234877
lfemur -18.2222 22.3761 -9.89712
ltibia 34.4638 0 0
lfoot -8.43404 2.34063 0
ltoes 32.1552 0 0
rfemur -44.5193 -19.124 6.8134
rtibia 86.3888 0 0
rfoot 10.8283 -4.70173 0
rtoes 10.0651 0 0
lowerback 4.60467 -5.47509 -3.09084
upperback 1.1824 -7.48432 -1.82956
thorax -0.943088 -3.72018 0.34946
lowerneck -10.9935 -4.83629 -0.483307
upperneck 1.86157 -6.64005 5.03453
head 2.71171 -3.12074 1.33455
lclavicle -1.6963e-14 2.33241e-14 0
lhumerus -44.8215 -39.7921 106.573
lradius 50.2524 0 0
lwrist 13.7394 0 0
lhand 34.1187 23.0154 0
lfingers 7.12502 0 0
lthumb 57.3365 39.0856 0
rclavicle -1.6963e-14 2.33241e-14 0
rhumerus -55.5409 -7.10923 -80.1367
rradius 98.5593 0 0
rwrist -5.1147 0 0
rhand 16.3282 -6.74683 0
rfingers 7.12502 0 0
rthumb 41.023 -391.011 0
164
root 6.58488 16.219 -25.7886 1.40352 24.4863 -0.116141
lfemur -18.1856 21.6928 -9.2792
ltibia 34.3985 0 0
lfoot -8.46814 0.810512 0
ltoes 31.5592 0 0
rfemur -42.7107 -18.2781 6.01739
rtibia 83.6758 0 0
rfoot 9.28028 -5.77376 0
rtoes 11.9392 0 0
lowerback 4.20364 -5.27697 -2.92987
upperback 1.10565 -7.20413 -2.03782
thorax -0.839314 -3.58093 0.00847
lowerneck -10.9857 -4.94249 -0.34648
upperneck 1.89508 -6.80248 5.05336
head 2.72056 -3.19859 1.30692
lclavicle -1.125e-14 2.34566e-14 0
lhumerus -45.3459 -39.9798 107.064
lradius 50.4004 0 0
lwrist 13.9867 0 0
lhand 34.3839 23.4195 0
lfingers 7.12502 0 0
lthumb 57.567 39.2764 0
rclavicle -1.125e-14 2.34566e-14 0
rhumerus -55.5106 -5.70469 -80.9415
rradius 98.7006 0 0
rwrist -4.87994 0 0
rhand 15.4662 -7.23774 0
rfingers 7.12502 0 0
rthumb 40.2101 -391.731 0
165
root 6.53682 16.2098 -25.7651 1.66012 24.229 0.00259417
lfemur -18.149 21.0094 -8.66128
ltibia 34.3332 0 0
lfoot -8.50225 -0.719608 0
ltoes 30.9632 0 0
rfemur -40.9021 -17.4322 5.22137
rtibia 80.9627 0 0
rfoot 7.73222 -6.84578 0
rtoes 13.8133 0 0
lowerback 3.80261 -5.07884 -2.7689
upperback 1.02891 -6.92394 -2.24608
thorax -0.73554 -3.44168 -0.33252
lowerneck -10.9779 -5.0487 -0.209653
upperneck 1.92858 -6.96491 5.07219
head 2.72941 -3.27644 1.2793
lclavicle -5.53698e-15 2.35891e-14 0
lhumerus -45.8702 -40.1675 107.555
lradius 50.5485 0 0
lwrist 14.2341 0 0
lhand 34.6491 23.8236 0
lfingers 7.12502 0 0
lthumb 57.7975 39.4673 0
rclavicle -5.53698e-15 2.35891e-14 0
rhumerus -55.4802 -4.30014 -81.7463
rradius 98.8418 0 0
rwrist -4.64519 0 0
rhand 14.6042 -7.72865 0
rfingers 7.12502 0 0
rthumb 39.3973 -392.451 0
166
root 6.48875 16.2006 -25.7416 1.91671 23.9716 0.12133
lfemur -18.1123 20.3261 -8.04336
ltibia 34.2679 0 0
lfoot -8.53636 -2.24973 0
ltoes 30.3672 0 0
rfemur -39.0935 -16.5863 4.42536
rtibia 78.2497 0 0
rfoot 6.18416 -7.9178 0
rtoes 15.6874 0 0
lowerback 3.40158 -4.88072 -2.60793
upperback 0.95216 -6.64375 -2.45434
thorax -0.631766 -3.30243 -0.67351
lowerneck -10.9701 -5.1549 -0.0728267
upperneck 1.96209 -7.12734 5.09103
head 2.73826 -3.35429 1.25167
lclavicle 1.76008e-16 2.37216e-14 0
lhumerus -46.3946 -40.3552 108.046
lradius 50.6966 0 0
lwrist 14.4815 0 0
lhand 34.9143 24.2277 0
lfingers 7.12502 0 0
lthumb 58.0279 39.6582 0
rclavicle 1.76008e-16 2.37216e-14 0
rhumerus -55.4499 -2.8956 -82.5511
rradius 98.983 0 0
rwrist -4.41043 0 0
rhand 13.7422 -8.21956 0
rfingers 7.12502 0 0
rthumb 38.5845 -393.171 0
167
root 6.44069 16.1914 -25.718 2.17331 23.7142 0.240065
lfemur -18.0757 19.6427 -7.42543
ltibia 34.2026 0 0
lfoot -8.57046 -3.77985 0
ltoes 29.7711 0 0
rfemur -37.285 -15.7404 3.62935
rtibia 75.5367 0 0
rfoot 4.6361 -8.98982 0
rtoes 17.5615 0 0
lowerback 3.00055 -4.6826 -2.44696
upperback 0.875413 -6.36356 -2.6626
thorax -0.527992 -3.16318 -1.0145
lowerneck -10.9622 -5.26111 0.064
upperneck 1.9956 -7.28976 5.10986
head 2.74711 -3.43214 1.22404
lclavicle 5.889e-15 2.38541e-14 0
lhumerus -46.9189 -40.5429 108.537
lradius 50.8446 0 0
lwrist 14.7288 0 0
lhand 35.1795 24.6318 0
lfingers 7.12502 0 0
lthumb 58.2584 39.849 0
rclavicle 5.889e-15 2.38541e-14 0
rhumerus -55.4196 -1.49105 -83.3559
rradius 99.1243 0 0
rwrist -4.17568 0 0
rhand 12.8802 -8.71048 0
rfingers 7.12502 0 0
rthumb 37.7716 -393.89 0
168
root 6.39262 16.1822 -25.6945 2.42991 23.4569 0.3588
lfemur -18.0391 18.9594 -6.80751
ltibia 34.1372 0 0
lfoot -8.60457 -5.30997 0
ltoes 29.1751 0 0
rfemur -35.4764 -14.8945 2.83334
rtibia 72.8237 0 0
rfoot 3.08804 -10.0618 0
rtoes 19.4356 0 0
lowerback 2.59952 -4.48448 -2.28599
upperback 0.798666 -6.08337 -2.87086
thorax -0.424218 -3.02393 -1.35549
lowerneck -10.9544 -5.36731 0.200827
upperneck 2.0291 -7.45219 5.12869
head 2.75596 -3.50999 1.19641
lclavicle 1.1602e-14 2.39867e-14 0
lhumerus -47.4432 -40.7305 109.028
lradius 50.9926 0 0
lwrist 14.9762 0 0
lhand 35.4447 25.0359 0
lfingers 7.12502 0 0
lthumb 58.4889 40.0399 0
rclavicle 1.1602e-14 2.39867e-14 0
rhumerus -55.3893 -0.0865042 -84.1606
rradius 99.2655 0 0
rwrist -3.94092 0 0
rhand 12.0182 -9.20139 0
rfingers 7.12502 0 0
rthumb 36.9587 -394.61 0
169
root 6.34455 16.173 -25.671 2.6865 23.1995 0.477536
lfemur -18.0024 18.2761 -6.18959
ltibia 34.0719 0 0
lfoot -8.63868 -6.84009 0
ltoes 28.5791 0 0
rfemur -33.6678 -14.0486 2.03732
rtibia 70.1107 0 0
rfoot 1.53998 -11.1339 0
rtoes 21.3097 0 0
lowerback 2.19849 -4.28636 -2.12502
upperback 0.721919 -5.80318 -3.07912
thorax -0.320444 -2.88468 -1.69648
lowerneck -10.9466 -5.47351 0.337653
upperneck 2.06261 -7.61462 5.14752
head 2.76481 -3.58784 1.16879
lclavicle 1.7315e-14 2.41192e-14 0
lhumerus -47.9676 -40.9182 109.519
lradius 51.1407 0 0
lwrist 15.2236 0 0
lhand 35.7099 25.44 0
lfingers 7.12502 0 0
lthumb 58.7193 40.2308 0
rclavicle 1.7315e-14 2.41192e-14 0
rhumerus -55.359 1.31804 -84.9654
rradius 99.4067 0 0
rwrist -3.70616 0 0
rhand 11.1562 -9.6923 0
rfingers 7.12502 0 0
rthumb 36.1459 -395.33 0
170
root 6.29649 16.1638 -25.6475 2.9431 22.9422 0.596271
lfemur -17.9658 17.5927 -5.57167
ltibia 34.0066 0 0
lfoot -8.67279 -8.37021 0
ltoes 27.9831 0 0
rfemur -31.8592 -13.2027 1.24131
rtibia 67.3976 0 0
rfoot -0.008075 -12.2059 0
rtoes 23.1837 0 0
lowerback 1.79746 -4.08824 -1.96406
upperback 0.645171 -5.52299 -3.28738
thorax -0.21667 -2.74543 -2.03747
lowerneck -10.9388 -5.57972 0.47448
upperneck 2.09611 -7.77705 5.16636
head 2.77366 -3.66569 1.14116
lclavicle 2.3028e-14 2.42517e-14 0
lhumerus -48.4919 -41.1059 110.01
lradius 51.2888 0 0
lwrist 15.471 0 0
lhand 35.9751 25.8441 0
lfingers 7.12502 0 0
lthumb 58.9498 40.4217 0
rclavicle 2.3028e-14 2.42517e-14 0
rhumerus -55.3286 2.72259 -85.7702
rradius 99.5479 0 0
rwrist -3.47141 0 0
rhand 10.2942 -10.1832 0
rfingers 7.12502 0 0
rthumb 35.3331 -396.05 0
171
root 6.24842 16.1545 -25.6239 3.1997 22.6848 0.715007
lfemur -17.9292 16.9094 -4.95374
ltibia 33.9413 0 0
lfoot -8.70689 -9.90033 0
ltoes 27.3871 0 0
rfemur -30.0506 -12.3568 0.4453
rtibia 64.6846 0 0
rfoot -1.55613 -13.2779 0
rtoes 25.0578 0 0
lowerback 1.39643 -3.89011 -1.80309
upperback 0.568424 -5.2428 -3.49564
thorax -0.112896 -2.60618 -2.37846
lowerneck -10.931 -5.68592 0.611307
upperneck 2.12962 -7.93948 5.18519
head 2.78251 -3.74354 1.11353
lclavicle 2.8741e-14 2.43842e-14 0
lhumerus -49.0163 -41.2936 110.501
lradius 51.4368 0 0
lwrist 15.7183 0 0
lhand 36.2403 26.2482 0
lfingers 7.12502 0 0
lthumb 59.1803 40.6125 0
rclavicle 2.8741e-14 2.43842e-14 0
rhumerus -55.2983 4.12713 -86.575
rradius 99.6892 0 0
rwrist -3.23665 0 0
rhand 9.43222 -10.6741 0
rfingers 7.12502 0 0
rthumb 34.5202 -396.77 0
172
root 6.20036 16.1453 -25.6004 3.45629 22.4275 0.833742
lfemur -17.8925 16.226 -4.33582
ltibia 33.8759 0 0
lfoot -8.741 -11.4305 0
ltoes 26.791 0 0
rfemur -28.242 -11.5109 -0.350713
rtibia 61.9716 0 0
rfoot -3.10419 -14.3499 0
rtoes 26.9319 0 0
lowerback 0.995396 -3.69199 -1.64212
upperback 0.491677 -4.96261 -3.7039
thorax -0.009122 -2.46693 -2.71945
lowerneck -10.9232 -5.79213 0.748133
upperneck 2.16312 -8.1019 5.20402
head 2.79136 -3.82139 1.08591
lclavicle 3.4454e-14 2.45168e-14 0
lhumerus -49.5406 -41.4813 110.992
lradius 51.5848 0 0
lwrist 15.9657 0 0
lhand 36.5055 26.6523 0
lfingers 7.12502 0 0
lthumb 59.4107 40.8034 0
rclavicle 3.4454e-14 2.45168e-14 0
rhumerus -55.268 5.53168 -87.3798
rradius 99.8304 0 0
rwrist -3.0019 0 0
rhand 8.57023 -11.165 0
rfingers 7.12502 0 0
rthumb 33.7073 -397.49 0
173
root 6.15229 16.1361 -25.5769 3.71289 22.1701 0.952478
lfemur -17.8559 15.5427 -3.7179
ltibia 33.8106 0 0
lfoot -8.77511 -12.9606 0
ltoes 26.195 0 0
rfemur -26.4334 -10.6649 -1.14672
rtibia 59.2585 0 0
rfoot -4.65225 -15.422 0
rtoes 28.806 0 0
lowerback 0.594365 -3.49387 -1.48115
upperback 0.41493 -4.68242 -3.91216
thorax 0.094652 -2.32768 -3.06044
lowerneck -10.9154 -5.89833 0.88496
upperneck 2.19663 -8.26433 5.22285
head 2.8002 -3.89923 1.05828
lclavicle 4.0167e-14 2.46493e-14 0
lhumerus -50.0649 -41.669 111.483
lradius 51.7329 0 0
lwrist 16.2131 0 0
lhand 36.7708 27.0565 0
lfingers 7.12502 0 0
lthumb 59.6412 40.9943 0
rclavicle 4.0167e-14 2.46493e-14 0
rhumerus -55.2377 6.93622 -88.1846
rradius 99.9716 0 0
rwrist -2.76714 0 0
rhand 7.70824 -11.6559 0
rfingers 7.12502 0 0
rthumb 32.8945 -398.21 0
174
root 6.10423 16.1269 -25.5533 3.96949 21.9128 1.07121
lfemur -17.8193 14.8593 -3.09998
ltibia 33.7453 0 0
lfoot -8.80921 -14.4907 0
ltoes 25.599 0 0
rfemur -24.6248 -9.81903 -1.94274
rtibia 56.5455 0 0
rfoot -6.20031 -16.494 0
rtoes 30.6801 0 0
lowerback 0.193334 -3.29575 -1.32018
upperback 0.338182 -4.40223 -4.12041
thorax 0.198426 -2.18842 -3.40143
lowerneck -10.9076 -6.00454 1.02179
upperneck 2.23013 -8.42676 5.24169
head 2.80905 -3.97708 1.03065
lclavicle 4.58799e-14 2.47818e-14 0
lhumerus -50.5893 -41.8567 111.973
lradius 51.881 0 0
lwrist 16.4604 0 0
lhand 37.036 27.4606 0
lfingers 7.12502 0 0
lthumb 59.8717 41.1851 0
rclavicle 4.58799e-14 2.47818e-14 0
rhumerus -55.2074 8.34077 -88.9894
rradius 100.113 0 0
rwrist -2.53239 0 0
rhand 6.84624 -12.1468 0
rfingers 7.12502 0 0
rthumb 32.0816 -398.93 0
175
root 6.05616 16.1177 -25.5298 4.22608 21.6554 1.18995
lfemur -17.7826 14.176 -2.48205
ltibia 33.68 0 0
lfoot -8.84332 -16.0208 0
ltoes 25.003 0 0
rfemur -22.8162 -8.97312 -2.73875
rtibia 53.8325 0 0
rfoot -7.74837 -17.566 0
rtoes 32.5542 0 0
lowerback -0.207697 -3.09763 -1.15921
upperback 0.261435 -4.12204 -4.32867
thorax 0.3022 -2.04917 -3.74242
lowerneck -10.8997 -6.11074 1.15861
upperneck 2.26364 -8.58919 5.26052
head 2.8179 -4.05493 1.00302
lclavicle 5.15929e-14 2.49143e-14 0
lhumerus -51.1136 -42.0444 112.464
lradius 52.029 0 0
lwrist 16.7078 0 0
lhand 37.3012 27.8647 0
lfingers 7.12502 0 0
lthumb 60.1021 41.376 0
rclavicle 5.15929e-14 2.49143e-14 0
rhumerus -55.1771 9.74532 -89.7942
rradius 100.254 0 0
rwrist -2.29763 0 0
rhand 5.98425 -12.6378 0
rfingers 7.12502 0 0
rthumb 31.2688 -399.65 0
176
root 6.0081 16.1084 -25.5063 4.48268 21.3981 1.30868
lfemur -17.746 13.4926 -1.86413
ltibia 33.6147 0 0
lfoot -8.87743 -17.5509 0
ltoes 24.407 0 0
rfemur -21.0076 -8.12722 -3.53476
rtibia 51.1195 0 0
rfoot -9.29642 -18.638 0
rtoes 34.4282 0 0
lowerback -0.608727 -2.8995 -0.998241
upperback 0.184688 -3.84185 -4.53693
thorax 0.405974 -1.90992 -4.08341
lowerneck -10.8919 -6.21695 1.29544
upperneck 2.29714 -8.75162 5.27935
head 2.82675 -4.13278 0.975396
lclavicle 5.73059e-14 2.50468e-14 0
lhumerus -51.638 -42.2321 112.955
lradius 52.1771 0 0
lwrist 16.9552 0 0
lhand 37.5664 28.2688 0
lfingers 7.12502 0 0
lthumb 60.3326 41.5669 0
rclavicle 5.73059e-14 2.50468e-14 0
rhumerus -55.1467 11.1499 -90.5989
rradius 100.395 0 0
rwrist -2.06288 0 0
rhand 5.12226 -13.1287 0
rfingers 7.12502 0 0
rthumb 30.4559 -400.37 0
177
root 5.96003 16.0992 -25.4828 4.73928 21.1407 1.42742
lfemur -17.7094 12.8093 -1.24621
ltibia 33.5493 0 0
lfoot -8.91154 -19.0811 0
ltoes 23.8109 0 0
rfemur -19.199 -7.28131 -4.33077
rtibia 48.4065 0 0
rfoot -10.8445 -19.7101 0
rtoes 36.3023 0 0
lowerback -1.00976 -2.70138 -0.837272
upperback 0.107941 -3.56166 -4.74519
thorax 0.509748 -1.77067 -4.4244
lowerneck -10.8841 -6.32315 1.43227
upperneck 2.33065 -8.91404 5.29818
head 2.8356 -4.21063 0.947769
lclavicle 6.30189e-14 2.51794e-14 0
lhumerus -52.1623 -42.4198 113.446
lradius 52.3251 0 0
lwrist 17.2026 0 0
lhand 37.8316 28.6729 0
lfingers 7.12502 0 0
lthumb 60.5631 41.7578 0
rclavicle 6.30189e-14 2.51794e-14 0
rhumerus -55.1164 12.5544 -91.4037
rradius 100.537 0 0
rwrist -1.82812 0 0
rhand 4.26027 -13.6196 0
rfingers 7.12502 0 0
rthumb 29.6431 -401.09 0
178
root 5.91197 16.09 -25.4592 4.99587 20.8834 1.54615
lfemur -17.6727 12.1259 -0.628288
ltibia 33.484 0 0
lfoot -8.94564 -20.6112 0
ltoes 23.2149 0 0
rfemur -17.3904 -6.4354 -5.12679
rtibia 45.6934 0 0
rfoot -12.3925 -20.7821 0
rtoes 38.1764 0 0
lowerback -1.41079 -2.50326 -0.676303
upperback 0.0311934 -3.28147 -4.95345
thorax 0.613522 -1.63142 -4.76539
lowerneck -10.8763 -6.42936 1.56909
upperneck 2.36415 -9.07647 5.31702
head 2.84445 -4.28848 0.920141
lclavicle 6.87319e-14 2.53119e-14 0
lhumerus -52.6867 -42.6075 113.937
lradius 52.4732 0 0
lwrist 17.4499 0 0
lhand 38.0968 29.077 0
lfingers 7.12502 0 0
lthumb 60.7935 41.9486 0
rclavicle 6.87319e-14 2.53119e-14 0
rhumerus -55.0861 13.959 -92.2085
rradius 100.678 0 0
rwrist -1.59337 0 0
rhand 3.39827 -14.1105 0
rfingers 7.12502 0 0
rthumb 28.8302 -401.81 0
179
root 5.8639 16.0808 -25.4357 5.25247 20.626 1.66489
lfemur -17.6361 11.4426 -0.0103658
ltibia 33.4187 0 0
lfoot -8.97975 -22.1413 0
ltoes 22.6189 0 0
rfemur -15.5818 -5.58949 -5.9228
rtibia 42.9804 0 0
rfoot -13.9406 -21.8541 0
rtoes 40.0505 0 0
lowerback -1.81182 -2.30514 -0.515334
upperback -0.0455538 -3.00128 -5.16171
thorax 0.717296 -1.49217 -5.10638
lowerneck -10.8685 -6.53556 1.70592
upperneck 2.39766 -9.2389 5.33585
head 2.8533 -4.36633 0.892514
lclavicle 7.44449e-14 2.54444e-14 0
lhumerus -53.211 -42.7952 114.428
lradius 52.6212 0 0
lwrist 17.6973 0 0
lhand 38.362 29.4811 0
lfingers 7.12502 0 0
lthumb 61.024 42.1395 0
rclavicle 7.44449e-14 2.54444e-14 0
rhumerus -55.0558 15.3635 -93.0133
rradius 100.819 0 0
rwrist -1.35861 0 0
rhand 2.53628 -14.6014 0
rfingers 7.12502 0 0
rthumb 28.0174 -402.53 0
180
root 5.82256 16.038 -25.4342 5.3265 19.6731 1.84377
lfemur -16.5425 10.8964 0.0148756
ltibia 32.2349 0 0
lfoot -10.1089 -21.7864 0
ltoes 23.6882 0 0
rfemur -16.2166 -6.15864 -6.06592
rtibia 43.2702 0 0
rfoot -14.4949 -20.1647 0
rtoes 40.9136 0 0
lowerback -1.9039 -2.28567 -0.50672
upperback -0.063142 -2.97275 -5.27624
thorax 0.748011 -1.47819 -5.2367
lowerneck -10.9174 -6.23137 1.91354
upperneck 2.44935 -8.86157 5.22182
head 2.8721 -4.1788 0.841215
lclavicle 6.9592e-14 2.21947e-14 0
lhumerus -53.429 -42.941 114.44
lradius 52.6894 0 0
lwrist 18.1672 0 0
lhand 38.408 29.6068 0
lfingers 7.12502 0 0
lthumb 61.0626 42.2193 0
rclavicle 6.9592e-14 2.21947e-14 0
rhumerus -52.9137 14.8969 -89.3701
rradius 99.1228 0 0
rwrist -2.51214 0 0
rhand 2.462 -15.5944 0
rfingers 7.12502 0 0
rthumb 27.9463 -403.534 0
181
root 5.78121 15.9952 -25.4327 5.40054 18.7202 2.02266
lfemur -15.4489 10.3503 0.040117
ltibia 31.0511 0 0
lfoot -11.238 -21.4315 0
ltoes 24.7575 0 0
rfemur -16.8514 -6.7278 -6.20903
rtibia 43.5599 0 0
rfoot -15.0491 -18.4752 0
rtoes 41.7768 0 0
lowerback -1.99598 -2.2662 -0.498105
upperback -0.0807302 -2.94421 -5.39076
thorax 0.778726 -1.46422 -5.36703
lowerneck -10.9663 -5.92718 2.12117
upperneck 2.50105 -8.48425 5.10779
head 2.8909 -3.99126 0.789917
lclavicle 6.4739e-14 1.8945e-14 0
lhumerus -53.647 -43.0867 114.453
lradius 52.7576 0 0
lwrist 18.637 0 0
lhand 38.4539 29.7324 0
lfingers 7.12502 0 0
lthumb 61.1012 42.299 0
rclavicle 6.4739e-14 1.8945e-14 0
rhumerus -50.7717 14.4303 -85.7269
rradius 97.4267 0 0
rwrist -3.66566 0 0
rhand 2.38772 -16.5874 0
rfingers 7.12502 0 0
rthumb 27.8753 -404.538 0
182
root 5.73987 15.9524 -25.4312 5.47457 17.7673 2.20154
lfemur -14.3553 9.80411 0.0653583
ltibia 29.8673 0 0
lfoot -12.3671 -21.0767 0
ltoes 25.8267 0 0
rfemur -17.4862 -7.29695 -6.35215
rtibia 43.8497 0 0
rfoot -15.6034 -16.7858 0
rtoes 42.6399 0 0
lowerback -2.08806 -2.24673 -0.489491
upperback -0.0983183 -2.91568 -5.50529
thorax 0.809441 -1.45024 -5.49735
lowerneck -11.0152 -5.62299 2.32879
upperneck 2.55274 -8.10692 4.99376
head 2.9097 -3.80373 0.738618
lclavicle 5.98861e-14 1.56953e-14 0
lhumerus -53.8651 -43.2325 114.465
lradius 52.8259 0 0
lwrist 19.1069 0 0
lhand 38.4999 29.8581 0
lfingers 7.12502 0 0
lthumb 61.1399 42.3788 0
rclavicle 5.98861e-14 1.56953e-14 0
rhumerus -48.6296 13.9637 -82.0837
rradius 95.7305 0 0
rwrist -4.81919 0 0
rhand 2.31343 -17.5804 0
rfingers 7.12502 0 0
rthumb 27.8042 -405.542 0
183
root 5.69852 15.9096 -25.4297 5.5486 16.8144 2.38042
lfemur -13.2617 9.25795 0.0905997
ltibia 28.6834 0 0
lfoot -13.4962 -20.7218 0
ltoes 26.896 0 0
rfemur -18.1211 -7.8661 -6.49526
rtibia 44.1394 0 0
rfoot -16.1577 -15.0963 0
rtoes 43.5031 0 0
lowerback -2.18014 -2.22726 -0.480877
upperback -0.115907 -2.88714 -5.61981
thorax 0.840156 -1.43626 -5.62768
lowerneck -11.0641 -5.31879 2.53642
upperneck 2.60444 -7.7296 4.87973
head 2.92849 -3.61619 0.68732
lclavicle 5.50331e-14 1.24456e-14 0
lhumerus -54.0831 -43.3782 114.477
lradius 52.8941 0 0
lwrist 19.5768 0 0
lhand 38.5459 29.9838 0
lfingers 7.12502 0 0
lthumb 61.1785 42.4586 0
rclavicle 5.50331e-14 1.24456e-14 0
rhumerus -46.4876 13.4972 -78.4405
rradius 94.0344 0 0
rwrist -5.97271 0 0
rhand 2.23915 -18.5734 0
rfingers 7.12502 0 0
rthumb 27.7332 -406.547 0
184
root 5.65718 15.8668 -25.4282 5.62264 15.8615 2.55931
lfemur -12.1681 8.71179 0.115841
ltibia 27.4996 0 0
lfoot -14.6253 -20.3669 0
ltoes 27.9653 0 0
rfemur -18.7559 -8.43525 -6.63838
rtibia 44.4292 0 0
rfoot -16.7119 -13.4069 0
rtoes 44.3662 0 0
lowerback -2.27222 -2.20779 -0.472263
upperback -0.133495 -2.85861 -5.73434
thorax 0.870871 -1.42229 -5.758
lowerneck -11.113 -5.0146 2.74404
upperneck 2.65613 -7.35227 4.7657
head 2.94729 -3.42866 0.636021
lclavicle 5.01802e-14 9.19592e-15 0
lhumerus -54.3011 -43.524 114.489
lradius 52.9623 0 0
lwrist 20.0466 0 0
lhand 38.5919 30.1094 0
lfingers 7.12502 0 0
lthumb 61.2171 42.5383 0
rclavicle 5.01802e-14 9.19592e-15 0
rhumerus -44.3455 13.0306 -74.7973
rradius 92.3382 0 0
rwrist -7.12624 0 0
rhand 2.16487 -19.5664 0
rfingers 7.12502 0 0
rthumb 27.6621 -407.551 0
185
root 5.61584 15.8241 -25.4268 5.69667 14.9086 2.73819
lfemur -11.0745 8.16563 0.141082
ltibia 26.3158 0 0
lfoot -15.7544 -20.012 0
ltoes 29.0346 0 0
rfemur -19.3907 -9.00441 -6.78149
rtibia 44.719 0 0
rfoot -17.2662 -11.7175 0
rtoes 45.2294 0 0
lowerback -2.3643 -2.18832 -0.463648
upperback -0.151083 -2.83007 -5.84887
thorax 0.901586 -1.40831 -5.88832
lowerneck -11.1618 -4.71041 2.95167
upperneck 2.70783 -6.97495 4.65167
head 2.96609 -3.24112 0.584722
lclavicle 4.53273e-14 5.94623e-15 0
lhumerus -54.5191 -43.6698 114.502
lradius 53.0305 0 0
lwrist 20.5165 0 0
lhand 38.6378 30.2351 0
lfingers 7.12502 0 0
lthumb 61.2557 42.6181 0
rclavicle 4.53273e-14 5.94623e-15 0
rhumerus -42.2035 12.564 -71.1541
rradius 90.6421 0 0
rwrist -8.27976 0 0
rhand 2.09059 -20.5594 0
rfingers 7.12502 0 0
rthumb 27.591 -408.555 0
186
root 5.57449 15.7813 -25.4253 5.7707 13.9557 2.91707
lfemur -9.98087 7.61946 0.166324
ltibia 25.132 0 0
lfoot -16.8835 -19.6572 0
ltoes 30.1038 0 0
rfemur -20.0255 -9.57356 -6.92461
rtibia 45.0087 0 0
rfoot -17.8205 -10.028 0
rtoes 46.0925 0 0
lowerback -2.45638 -2.16885 -0.455034
upperback -0.168671 -2.80154 -5.96339
thorax 0.932301 -1.39433 -6.01865
lowerneck -11.2107 -4.40622 3.15929
upperneck 2.75952 -6.59762 4.53764
head 2.98489 -3.05359 0.533424
lclavicle 4.04743e-14 2.69653e-15 0
lhumerus -54.7371 -43.8155 114.514
lradius 53.0987 0 0
lwrist 20.9864 0 0
lhand 38.6838 30.3608 0
lfingers 7.12502 0 0
lthumb 61.2943 42.6979 0
rclavicle 4.04743e-14 2.69653e-15 0
rhumerus -40.0614 12.0974 -67.5108
rradius 88.9459 0 0
rwrist -9.43329 0 0
rhand 2.01631 -21.5524 0
rfingers 7.12502 0 0
rthumb 27.52 -409.559 0
187
root 5.53315 15.7385 -25.4238 5.84473 13.0028 3.09595
lfemur -8.88726 7.0733 0.191565
ltibia 23.9482 0 0
lfoot -18.0126 -19.3023 0
ltoes 31.1731 0 0
rfemur -20.6603 -10.1427 -7.06773
rtibia 45.2985 0 0
rfoot -18.3747 -8.33859 0
rtoes 46.9556 0 0
lowerback -2.54846 -2.14938 -0.44642
upperback -0.186259 -2.77301 -6.07792
thorax 0.963016 -1.38035 -6.14897
lowerneck -11.2596 -4.10203 3.36691
upperneck 2.81122 -6.2203 4.42361
head 3.00369 -2.86606 0.482125
lclavicle 3.56214e-14 -5.53165e-16 0
lhumerus -54.9551 -43.9613 114.526
lradius 53.1669 0 0
lwrist 21.4563 0 0
lhand 38.7298 30.4864 0
lfingers 7.12502 0 0
lthumb 61.3329 42.7777 0
rclavicle 3.56214e-14 -5.53165e-16 0
rhumerus -37.9193 11.6308 -63.8676
rradius 87.2498 0 0
rwrist -10.5868 0 0
rhand 1.94202 -22.5454 0
rfingers 7.12502 0 0
rthumb 27.4489 -410.563 0
188
root 5.4918 15.6957 -25.4223 5.91877 12.05 3.27484
lfemur -7.79366 6.52714 0.216807
ltibia 22.7644 0 0
lfoot -19.1417 -18.9474 0
ltoes 32.2424 0 0
rfemur -21.2951 -10.7119 -7.21084
rtibia 45.5882 0 0
rfoot -18.929 -6.64915 0
rtoes 47.8188 0 0
lowerback -2.64054 -2.12991 -0.437806
upperback -0.203847 -2.74447 -6.19244
thorax 0.993731 -1.36638 -6.2793
lowerneck -11.3085 -3.79784 3.57454
upperneck 2.86291 -5.84297 4.30958
head 3.02249 -2.67852 0.430827
lclavicle 3.07684e-14 -3.80286e-15 0
lhumerus -55.1732 -44.107 114.538
lradius 53.2352 0 0
lwrist 21.9261 0 0
lhand 38.7758 30.6121 0
lfingers 7.12502 0 0
lthumb 61.3716 42.8574 0
rclavicle 3.07684e-14 -3.80286e-15 0
rhumerus -35.7773 11.1642 -60.2244
rradius 85.5536 0 0
rwrist -11.7403 0 0
rhand 1.86774 -23.5384 0
rfingers 7.12502 0 0
rthumb 27.3779 -411.567 0
189
root 5.45046 15.6529 -25.4208 5.9928 11.0971 3.45372
lfemur -6.70005 5.98098 0.242048
ltibia 21.5806 0 0
lfoot -20.2709 -18.5925 0
ltoes 33.3117 0 0
rfemur -21.9299 -11.281 -7.35396
rtibia 45.878 0 0
rfoot -19.4833 -4.95971 0
rtoes 48.6819 0 0
lowerback -2.73262 -2.11044 -0.429191
upperback -0.221436 -2.71594 -6.30697
thorax 1.02445 -1.3524 -6.40962
lowerneck -11.3574 -3.49365 3.78216
upperneck 2.91461 -5.46565 4.19555
head 3.04129 -2.49099 0.379528
lclavicle 2.59155e-14 -7.05256e-15 0
lhumerus -55.3912 -44.2528 114.551
lradius 53.3034 0 0
lwrist 22.396 0 0
lhand 38.8217 30.7378 0
lfingers 7.12502 0 0
lthumb 61.4102 42.9372 0
rclavicle 2.59155e-14 -7.05256e-15 0
rhumerus -33.6352 10.6976 -56.5812
rradius 83.8575 0 0
rwrist -12.8939 0 0
rhand 1.79346 -24.5314 0
rfingers 7.12502 0 0
rthumb 27.3068 -412.571 0
190
root 5.40912 15.6101 -25.4193 6.06683 10.1442 3.6326
lfemur -5.60645 5.43482 0.267289
ltibia 20.3967 0 0
lfoot -21.4 -18.2376 0
ltoes 34.381 0 0
rfemur -22.5647 -11.8502 -7.49707
rtibia 46.1678 0 0
rfoot -20.0375 -3.27027 0
rtoes 49.5451 0 0
lowerback -2.8247 -2.09097 -0.420577
upperback -0.239024 -2.6874 -6.4215
thorax 1.05516 -1.33842 -6.53994
lowerneck -11.4063 -3.18945 3.98979
upperneck 2.9663 -5.08832 4.08152
head 3.06009 -2.30345 0.328229
lclavicle 2.10626e-14 -1.03023e-14 0
lhumerus -55.6092 -44.3986 114.563
lradius 53.3716 0 0
lwrist 22.8659 0 0
lhand 38.8677 30.8634 0
lfingers 7.12502 0 0
lthumb 61.4488 43.017 0
rclavicle 2.10626e-14 -1.03023e-14 0
rhumerus -31.4932 10.2311 -52.938
rradius 82.1613 0 0
rwrist -14.0474 0 0
rhand 1.71918 -25.5244 0
rfingers 7.12502 0 0
rthumb 27.2357 -413.575 0
191
root 5.36777 15.5673 -25.4178 6.14087 9.19127 3.81149
lfemur -4.51284 4.88865 0.292531
ltibia 19.2129 0 0
lfoot -22.5291 -17.8828 0
ltoes 35.4502 0 0
rfemur -23.1996 -12.4193 -7.64019
rtibia 46.4575 0 0
rfoot -20.5918 -1.58083 0
rtoes 50.4082 0 0
lowerback -2.91677 -2.0715 -0.411963
upperback -0.256612 -2.65887 -6.53602
thorax 1.08588 -1.32445 -6.67027
lowerneck -11.4552 -2.88526 4.19741
upperneck 3.018 -4.71099 3.96749
head 3.07888 -2.11592 0.276931
lclavicle 1.62096e-14 -1.35519e-14 0
lhumerus -55.8272 -44.5443 114.575
lradius 53.4398 0 0
lwrist 23.3357 0 0
lhand 38.9137 30.9891 0
lfingers 7.12502 0 0
lthumb 61.4874 43.0967 0
rclavicle 1.62096e-14 -1.35519e-14 0
rhumerus -29.3511 9.76447 -49.2948
rradius 80.4652 0 0
rwrist -15.2009 0 0
rhand 1.6449 -26.5175 0
rfingers 7.12502 0 0
rthumb 27.1647 -414.58 0
192
root 5.32643 15.5245 -25.4163 6.2149 8.23837 3.99037
lfemur -3.41924 4.34249 0.317772
ltibia 18.0291 0 0
lfoot -23.6582 -17.5279 0
ltoes 36.5195 0 0
rfemur -23.8344 -12.9885 -7.7833
rtibia 46.7473 0 0
rfoot -21.146 0.108609 0
rtoes 51.2714 0 0
lowerback -3.00885 -2.05203 -0.403349
upperback -0.2742 -2.63033 -6.65055
thorax 1.11659 -1.31047 -6.80059
lowerneck -11.5041 -2.58107 4.40504
upperneck 3.06969 -4.33367 3.85346
head 3.09768 -1.92838 0.225632
lclavicle 1.13567e-14 -1.68016e-14 0
lhumerus -56.0452 -44.6901 114.587
lradius 53.508 0 0
lwrist 23.8056 0 0
lhand 38.9597 31.1147 0
lfingers 7.12502 0 0
lthumb 61.526 43.1765 0
rclavicle 1.13567e-14 -1.68016e-14 0
rhumerus -27.2091 9.29789 -45.6516
rradius 78.769 0 0
rwrist -16.3544 0 0
rhand 1.57061 -27.5105 0
rfingers 7.12502 0 0
rthumb 27.0936 -415.584 0
193
root 5.28509 15.4817 -25.4148 6.28893 7.28548 4.16925
lfemur -2.32563 3.79633 0.343014
ltibia 16.8453 0 0
lfoot -24.7873 -17.173 0
ltoes 37.5888 0 0
rfemur -24.4692 -13.5576 -7.92642
rtibia 47.0371 0 0
rfoot -21.7003 1.79805 0
rtoes 52.1345 0 0
lowerback -3.10093 -2.03256 -0.394734
upperback -0.291788 -2.6018 -6.76508
thorax 1.14731 -1.29649 -6.93091
lowerneck -11.553 -2.27688 4.61266
upperneck 3.12139 -3.95634 3.73943
head 3.11648 -1.74085 0.174333
lclavicle 6.50375e-15 -2.00513e-14 0
lhumerus -56.2632 -44.8359 114.6
lradius 53.5762 0 0
lwrist 24.2755 0 0
lhand 39.0056 31.2404 0
lfingers 7.12502 0 0
lthumb 61.5646 43.2563 0
rclavicle 6.50375e-15 -2.00513e-14 0
rhumerus -25.067 8.8313 -42.0084
rradius 77.0729 0 0
rwrist -17.508 0 0
rhand 1.49633 -28.5035 0
rfingers 7.12502 0 0
rthumb 27.0225 -416.588 0
194
root 5.24374 15.4389 -25.4133 6.36297 6.33258 4.34814
lfemur -1.23203 3.25017 0.368255
ltibia 15.6615 0 0
lfoot -25.9164 -16.8181 0
ltoes 38.6581 0 0
rfemur -25.104 -14.1268 -8.06953
rtibia 47.3268 0 0
rfoot -22.2546 3.48749 0
rtoes 52.9977 0 0
lowerback -3.19301 -2.01309 -0.38612
upperback -0.309377 -2.57326 -6.8796
thorax 1.17802 -1.28252 -7.06124
lowerneck -11.6019 -1.97269 4.82029
upperneck 3.17308 -3.57902 3.6254
head 3.13528 -1.55332 0.123035
lclavicle 1.65081e-15 -2.3301e-14 0
lhumerus -56.4813 -44.9816 114.612
lradius 53.6445 0 0
lwrist 24.7453 0 0
lhand 39.0516 31.3661 0
lfingers 7.12502 0 0
lthumb 61.6033 43.336 0
rclavicle 1.65081e-15 -2.3301e-14 0
rhumerus -22.9249 8.36472 -38.3652
rradius 75.3767 0 0
rwrist -18.6615 0 0
rhand 1.42205 -29.4965 0
rfingers 7.12502 0 0
rthumb 26.9515 -417.592 0
195
root 5.2024 15.3961 -25.4118 6.437 5.37969 4.52702
lfemur -0.138423 2.70401 0.393496
ltibia 14.4777 0 0
lfoot -27.0455 -16.4632 0
ltoes 39.7274 0 0
rfemur -25.7388 -14.6959 -8.21265
rtibia 47.6166 0 0
rfoot -22.8088 5.17693 0
rtoes 53.8608 0 0
lowerback -3.28509 -1.99362 -0.377506
upperback -0.326965 -2.54473 -6.99413
thorax 1.20874 -1.26854 -7.19156
lowerneck -11.6508 -1.6685 5.02791
upperneck 3.22478 -3.20169 3.51137
head 3.15408 -1.36578 0.0717363
lclavicle -3.20213e-15 -2.65507e-14 0
lhumerus -56.6993 -45.1274 114.624
lradius 53.7127 0 0
lwrist 25.2152 0 0
lhand 39.0976 31.4917 0
lfingers 7.12502 0 0
lthumb 61.6419 43.4158 0
rclavicle -3.20213e-15 -2.65507e-14 0
rhumerus -20.7829 7.89813 -34.722
rradius 73.6806 0 0
rwrist -19.815 0 0
rhand 1.34777 -30.4895 0
rfingers 7.12502 0 0
rthumb 26.8804 -418.596 0
196
root 5.16105 15.3533 -25.4103 6.51103 4.4268 4.7059
lfemur 0.955181 2.15784 0.418738
ltibia 13.2939 0 0
lfoot -28.1746 -16.1084 0
ltoes 40.7966 0 0
rfemur -26.3736 -15.2651 -8.35577
rtibia 47.9063 0 0
rfoot -23.3631 6.86637 0
rtoes 54.7239 0 0
lowerback -3.37717 -1.97415 -0.368892
upperback -0.344553 -2.5162 -7.10865
thorax 1.23945 -1.25456 -7.32189
lowerneck -11.6997 -1.36431 5.23553
upperneck 3.27647 -2.82437 3.39734
head 3.17288 -1.17825 0.0204377
lclavicle -8.05507e-15 -2.98004e-14 0
lhumerus -56.9173 -45.2731 114.636
lradius 53.7809 0 0
lwrist 25.6851 0 0
lhand 39.1436 31.6174 0
lfingers 7.12502 0 0
lthumb 61.6805 43.4956 0
rclavicle -8.05507e-15 -2.98004e-14 0
rhumerus -18.6408 7.43154 -31.0788
rradius 71.9844 0 0
rwrist -20.9685 0 0
rhand 1.27349 -31.4825 0
rfingers 7.12502 0 0
rthumb 26.8094 -419.6 0
197
root 5.11971 15.3106 -25.4089 6.58506 3.4739 4.88478
lfemur 2.04879 1.61168 0.443979
ltibia 12.11 0 0
lfoot -29.3037 -15.7535 0
ltoes 41.8659 0 0
rfemur -27.0084 -15.8342 -8.49888
rtibia 48.1961 0 0
rfoot -23.9174 8.5558 0
rtoes 55.5871 0 0
lowerback -3.46925 -1.95468 -0.360277
upperback -0.362141 -2.48766 -7.22318
thorax 1.27017 -1.24058 -7.45221
lowerneck -11.7485 -1.06011 5.44316
upperneck 3.32817 -2.44704 3.28331
head 3.19168 -0.990713 -0.030861
lclavicle -1.2908e-14 -3.30501e-14 0
lhumerus -57.1353 -45.4189 114.649
lradius 53.8491 0 0
lwrist 26.155 0 0
lhand 39.1895 31.7431 0
lfingers 7.12502 0 0
lthumb 61.7191 43.5754 0
rclavicle -1.2908e-14 -3.30501e-14 0
rhumerus -16.4988 6.96496 -27.4356
rradius 70.2883 0 0
rwrist -22.1221 0 0
rhand 1.1992 -32.4755 0
rfingers 7.12502 0 0
rthumb 26.7383 -420.604 0
198
root 5.07837 15.2678 -25.4074 6.6591 2.52101 5.06367
lfemur 3.14239 1.06552 0.46922
ltibia 10.9262 0 0
lfoot -30.4329 -15.3986 0
ltoes 42.9352 0 0
rfemur -27.6432 -16.4034 -8.642
rtibia 48.4859 0 0
rfoot -24.4716 10.2452 0
rtoes 56.4502 0 0
lowerback -3.56133 -1.93521 -0.351663
upperback -0.379729 -2.45913 -7.33771
thorax 1.30088 -1.22661 -7.58253
lowerneck -11.7974 -0.755924 5.65078
upperneck 3.37986 -2.06972 3.16928
head 3.21048 -0.803179 -0.0821596
lclavicle -1.77609e-14 -3.62998e-14 0
lhumerus -57.3533 -45.5647 114.661
lradius 53.9173 0 0
lwrist 26.6248 0 0
lhand 39.2355 31.8687 0
lfingers 7.12502 0 0
lthumb 61.7577 43.6551 0
rclavicle -1.77609e-14 -3.62998e-14 0
rhumerus -14.3567 6.49837 -23.7924
rradius 68.5921 0 0
rwrist -23.2756 0 0
rhand 1.12492 -33.4685 0
rfingers 7.12502 0 0
rthumb 26.6672 -421.608 0
199
root 5.03702 15.225 -25.4059 6.73313 1.56811 5.24255
lfemur 4.236 0.519357 0.494462
ltibia 9.74242 0 0
lfoot -31.562 -15.0437 0
ltoes 44.0045 0 0
rfemur -28.2781 -16.9725 -8.78511
rtibia 48.7756 0 0
rfoot -25.0259 11.9347 0
rtoes 57.3134 0 0
lowerback -3.65341 -1.91574 -0.343049
upperback -0.397317 -2.43059 -7.45223
thorax 1.3316 -1.21263 -7.71286
lowerneck -11.8463 -0.451732 5.85841
upperneck 3.43156 -1.69239 3.05525
head 3.22927 -0.615645 -0.133458
lclavicle -2.26139e-14 -3.95495e-14 0
lhumerus -57.5713 -45.7104 114.673
lradius 53.9855 0 0
lwrist 27.0947 0 0
lhand 39.2815 31.9944 0
lfingers 7.12502 0 0
lthumb 61.7963 43.7349 0
rclavicle -2.26139e-14 -3.95495e-14 0
rhumerus -12.2147 6.03179 -20.1492
rradius 66.896 0 0
rwrist -24.4291 0 0
rhand 1.05064 -34.4615 0
rfingers 7.12502 0 0
rthumb 26.5962 -422.613 0
200
root 4.99568 15.1822 -25.4044 6.80716 0.615219 5.42143
lfemur 5.3296 -0.0268057 0.519703
ltibia 8.55861 0 0
lfoot -32.6911 -14.6889 0
ltoes 45.0737 0 0
rfemur -28.9129 -17.5417 -8.92823
rtibia 49.0654 0 0
rfoot -25.5802 13.6241 0
rtoes 58.1765 0 0
lowerback -3.74549 -1.89627 -0.334435
upperback -0.414906 -2.40206 -7.56676
thorax 1.36231 -1.19865 -7.84318
lowerneck -11.8952 -0.147541 6.06603
upperneck 3.48325 -1.31507 2.94122
head 3.24807 -0.428111 -0.184757
lclavicle -2.74668e-14 -4.27992e-14 0
lhumerus -57.7894 -45.8562 114.685
lradius 54.0538 0 0
lwrist 27.5646 0 0
lhand 39.3275 32.1201 0
lfingers 7.12502 0 0
lthumb 61.835 43.8147 0
rclavicle -2.74668e-14 -4.27992e-14 0
rhumerus -10.0726 5.5652 -16.5059
rradius 65.1998 0 0
rwrist -25.5826 0 0
rhand 0.976357 -35.4545 0
rfingers 7.12502 0 0
rthumb 26.5251 -423.617 0
201
root 4.95433 15.1394 -25.4029 6.8812 -0.337676 5.60032
lfemur 6.42321 -0.572968 0.544945
ltibia 7.37479 0 0
lfoot -33.8202 -14.334 0
ltoes 46.143 0 0
rfemur -29.5477 -18.1108 -9.07134
rtibia 49.3551 0 0
rfoot -26.1344 15.3136 0
rtoes 59.0397 0 0
lowerback -3.83757 -1.8768 -0.32582
upperback -0.432494 -2.37352 -7.68128
thorax 1.39303 -1.18468 -7.97351
lowerneck -11.9441 0.156651 6.27366
upperneck 3.53495 -0.93774 2.82719
head 3.26687 -0.240576 -0.236055
lclavicle -3.23198e-14 -4.60489e-14 0
lhumerus -58.0074 -46.0019 114.698
lradius 54.122 0 0
lwrist 28.0344 0 0
lhand 39.3734 32.2457 0
lfingers 7.12502 0 0
lthumb 61.8736 43.8944 0
rclavicle -3.23198e-14 -4.60489e-14 0
rhumerus -7.93055 5.09862 -12.8627
rradius 63.5037 0 0
rwrist -26.7362 0 0
rhand 0.902075 -36.4475 0
rfingers 7.12502 0 0
rthumb 26.4541 -424.621 0
202
root 4.91299 15.0966 -25.4014 6.95523 -1.29057 5.7792
lfemur 7.51681 -1.11913 0.570186
ltibia 6.19098 0 0
lfoot -34.9493 -13.9791 0
ltoes 47.2123 0 0
rfemur -30.1825 -18.68 -9.21446
rtibia 49.6449 0 0
rfoot -26.6887 17.003 0
rtoes 59.9028 0 0
lowerback -3.92965 -1.85733 -0.317206
upperback -0.450082 -2.34499 -7.79581
thorax 1.42374 -1.1707 -8.10383
lowerneck -11.993 0.460842 6.48128
upperneck 3.58664 -0.560415 2.71316
head 3.28567 -0.0530421 -0.287354
lclavicle -3.71727e-14 -4.92986e-14 0
lhumerus -58.2254 -46.1477 114.71
lradius 54.1902 0 0
lwrist 28.5043 0 0
lhand 39.4194 32.3714 0
lfingers 7.12502 0 0
lthumb 61.9122 43.9742 0
rclavicle -3.71727e-14 -4.92986e-14 0
rhumerus -5.78849 4.63203 -9.21953
rradius 61.8075 0 0
rwrist -27.8897 0 0
rhand 0.827793 -37.4405 0
rfingers 7.12502 0 0
rthumb 26.383 -425.625 0
203
root 4.89377 15.0831 -25.4165 7.02255 -1.32893 5.73261
lfemur 7.49834 -1.30784 0.647271
ltibia 6.08023 0 0
lfoot -35.174 -13.4922 0
ltoes 47.1944 0 0
rfemur -30.5509 -19.0238 -9.02723
rtibia 49.9935 0 0
rfoot -26.6821 17.3065 0
rtoes 59.9852 0 0
lowerback -3.67443 -1.75659 -0.354789
upperback -0.506971 -2.2249 -7.75724
thorax 1.24025 -1.11423 -8.02435
lowerneck -11.8484 0.439909 6.58279
upperneck 3.63755 -0.58691 2.63089
head 3.27504 -0.0674933 -0.333734
lclavicle -2.89629e-14 -4.07111e-14 0
lhumerus -58.4918 -46.3267 115.111
lradius 54.1762 0 0
lwrist 27.778 0 0
lhand 39.6965 31.7625 0
lfingers 7.12502 0 0
lthumb 62.1416 43.0667 0
rclavicle -2.89629e-14 -4.07111e-14 0
rhumerus -5.20819 -2.57118 -10.3667
rradius 60.5988 0 0
rwrist -26.7156 0 0
rhand -8.21343 -42.7878 0
rfingers 7.12502 0 0
rthumb 17.6693 -465.813 0
204
root 4.87455 15.0695 -25.4317 7.08986 -1.36729 5.68602
lfemur 7.47986 -1.49655 0.724356
ltibia 5.96948 0 0
lfoot -35.3987 -13.0053 0
ltoes 47.1766 0 0
rfemur -30.9193 -19.3676 -8.84001
rtibia 50.3422 0 0
rfoot -26.6755 17.6099 0
rtoes 60.0677 0 0
lowerback -3.41921 -1.65585 -0.392371
upperback -0.56386 -2.10481 -7.71867
thorax 1.05676 -1.05776 -7.94487
lowerneck -11.7038 0.418977 6.6843
upperneck 3.68847 -0.613405 2.54862
head 3.26442 -0.0819445 -0.380114
lclavicle -2.07531e-14 -3.21236e-14 0
lhumerus -58.7581 -46.5057 115.512
lradius 54.1622 0 0
lwrist 27.0517 0 0
lhand 39.9737 31.1536 0
lfingers 7.12502 0 0
lthumb 62.371 42.1591 0
rclavicle -2.07531e-14 -3.21236e-14 0
rhumerus -4.6279 -9.77438 -11.5138
rradius 59.3901 0 0
rwrist -25.5414 0 0
rhand -17.2546 -48.135 0
rfingers 7.12502 0 0
rthumb 8.95568 -506 0
205
root 4.85532 15.056 -25.4468 7.15718 -1.40566 5.63942
lfemur 7.46139 -1.68526 0.801442
ltibia 5.85873 0 0
lfoot -35.6234 -12.5185 0
ltoes 47.1587 0 0
rfemur -31.2876 -19.7113 -8.65278
rtibia 50.6908 0 0
rfoot -26.6688 17.9134 0
rtoes 60.1501 0 0
lowerback -3.16398 -1.55512 -0.429954
upperback -0.620748 -1.98473 -7.68011
thorax 0.873277 -1.00129 -7.86538
lowerneck -11.5591 0.398044 6.7858
upperneck 3.73938 -0.6399 2.46635
head 3.25379 -0.0963956 -0.426494
lclavicle -1.25433e-14 -2.35361e-14 0
lhumerus -59.0245 -46.6848 115.914
lradius 54.1483 0 0
lwrist 26.3255 0 0
lhand 40.2508 30.5448 0
lfingers 7.12502 0 0
lthumb 62.6004 41.2516 0
rclavicle -1.25433e-14 -2.35361e-14 0
rhumerus -4.0476 -16.9776 -12.661
rradius 58.1814 0 0
rwrist -24.3673 0 0
rhand -26.2959 -53.4823 0
rfingers 7.12502 0 0
rthumb 0.24202 -546.188 0
206
root 4.8361 15.0424 -25.462 7.22449 -1.44402 5.59283
lfemur 7.44291 -1.87397 0.878527
ltibia 5.74798 0 0
lfoot -35.8481 -12.0316 0
ltoes 47.1409 0 0
rfemur -31.656 -20.0551 -8.46556
rtibia 51.0395 0 0
rfoot -26.6622 18.2168 0
rtoes 60.2326 0 0
lowerback -2.90876 -1.45438 -0.467536
upperback -0.677637 -1.86464 -7.64154
thorax 0.689789 -0.944814 -7.7859
lowerneck -11.4145 0.377112 6.88731
upperneck 3.7903 -0.666395 2.38408
head 3.24317 -0.110847 -0.472874
lclavicle -4.3335e-15 -1.49486e-14 0
lhumerus -59.2908 -46.8638 116.315
lradius 54.1343 0 0
lwrist 25.5992 0 0
lhand 40.528 29.9359 0
lfingers 7.12502 0 0
lthumb 62.8298 40.344 0
rclavicle -4.3335e-15 -1.49486e-14 0
rhumerus -3.46731 -24.1808 -13.8081
rradius 56.9727 0 0
rwrist -23.1931 0 0
rhand -35.3371 -58.8295 0
rfingers 7.12502 0 0
rthumb -8.47164 -586.375 0
207
root 4.81688 15.0289 -25.4771 7.29181 -1.48238 5.54624
lfemur 7.42444 -2.06268 0.955612
ltibia 5.63723 0 0
lfoot -36.0728 -11.5447 0
ltoes 47.123 0 0
rfemur -32.0244 -20.3989 -8.27833
rtibia 51.3881 0 0
rfoot -26.6556 18.5203 0
rtoes 60.315 0 0
lowerback -2.65354 -1.35364 -0.505119
upperback -0.734526 -1.74455 -7.60297
thorax 0.506301 -0.888343 -7.70642
lowerneck -11.2699 0.356179 6.98882
upperneck 3.84121 -0.69289 2.30181
head 3.23254 -0.125298 -0.519254
lclavicle 3.8763e-15 -6.36111e-15 0
lhumerus -59.5572 -47.0428 116.716
lradius 54.1203 0 0
lwrist 24.8729 0 0
lhand 40.8051 29.327 0
lfingers 7.12502 0 0
lthumb 63.0592 39.4365 0
rclavicle 3.8763e-15 -6.36111e-15 0
rhumerus -2.88701 -31.384 -14.9553
rradius 55.764 0 0
rwrist -22.019 0 0
rhand -44.3783 -64.1768 0
rfingers 7.12502 0 0
rthumb -17.1853 -626.563 0
208
root 4.79481 15.034 -25.4941 7.39783 -1.22762 5.31786
lfemur 6.66106 -2.48754 1.30677
ltibia 6.50304 0 0
lfoot -35.6743 -11.2943 0
ltoes 47.3793 0 0
rfemur -32.1102 -20.4734 -7.88903
rtibia 51.4512 0 0
rfoot -26.8262 18.3984 0
rtoes 60.2878 0 0
lowerback -2.4017 -1.47201 -0.551364
upperback -0.708209 -1.91265 -7.37578
thorax 0.383378 -0.973244 -7.42946
lowerneck -11.1701 0.509731 6.86958
upperneck 3.68964 -0.452172 2.22815
head 3.16645 -0.0163148 -0.507583
lclavicle 2.38542e-15 -3.49861e-15 0
lhumerus -59.567 -46.6244 116.732
lradius 54.4055 0 0
lwrist 25.2011 0 0
lhand 39.4893 29.1658 0
lfingers 7.12502 0 0
lthumb 61.9396 40.4924 0
rclavicle 2.38542e-15 -3.49861e-15 0
rhumerus -4.38949 -30.5288 -15.4916
rradius 59.5972 0 0
rwrist -21.8423 0 0
rhand -45.5033 -62.995 0
rfingers 7.12502 0 0
rthumb -18.2667 -662.644 0
209
root 4.77273 15.0391 -25.5111 7.50385 -0.972859 5.08948
lfemur 5.89768 -2.9124 1.65792
ltibia 7.36885 0 0
lfoot -35.2759 -11.0439 0
ltoes 47.6355 0 0
rfemur -32.196 -20.5479 -7.49972
rtibia 51.5144 0 0
rfoot -26.9968 18.2765 0
rtoes 60.2606 0 0
lowerback -2.14987 -1.59039 -0.597609
upperback -0.681891 -2.08075 -7.14858
thorax 0.260455 -1.05815 -7.1525
lowerneck -11.0702 0.663283 6.75034
upperneck 3.53808 -0.211454 2.15448
head 3.10036 0.0926684 -0.495913
lclavicle 8.94532e-16 -6.3611e-16 0
lhumerus -59.5769 -46.2061 116.749
lradius 54.6907 0 0
lwrist 25.5293 0 0
lhand 38.1736 29.0045 0
lfingers 7.12502 0 0
lthumb 60.82 41.5483 0
rclavicle 8.94532e-16 -6.3611e-16 0
rhumerus -5.89197 -29.6736 -16.0279
rradius 63.4303 0 0
rwrist -21.6655 0 0
rhand -46.6284 -61.8132 0
rfingers 7.12502 0 0
rthumb -19.3482 -698.724 0
210
root 4.75066 15.0441 -25.5281 7.60986 -0.718098 4.86111
lfemur 5.13431 -3.33727 2.00908
ltibia 8.23465 0 0
lfoot -34.8774 -10.7935 0
ltoes 47.8918 0 0
rfemur -32.2819 -20.6223 -7.11042
rtibia 51.5775 0 0
rfoot -27.1674 18.1545 0
rtoes 60.2334 0 0
lowerback -1.89803 -1.70876 -0.643854
upperback -0.655574 -2.24884 -6.92139
thorax 0.137531 -1.14305 -6.87553
lowerneck -10.9704 0.816836 6.6311
upperneck 3.38651 0.0292634 2.08082
head 3.03426 0.201652 -0.484242
lclavicle -5.96352e-16 2.22639e-15 0
lhumerus -59.5867 -45.7877 116.765
lradius 54.9759 0 0
lwrist 25.8574 0 0
lhand 36.8578 28.8433 0
lfingers 7.12502 0 0
lthumb 59.7003 42.6043 0
rclavicle -5.96352e-16 2.22639e-15 0
rhumerus -7.39444 -28.8184 -16.5641
rradius 67.2635 0 0
rwrist -21.4888 0 0
rhand -47.7534 -60.6314 0
rfingers 7.12502 0 0
rthumb -20.4296 -734.805 0
211
root 4.72858 15.0492 -25.5451 7.71588 -0.463338 4.63273
lfemur 4.37093 -3.76213 2.36023
ltibia 9.10046 0 0
lfoot -34.479 -10.5431 0
ltoes 48.148 0 0
rfemur -32.3677 -20.6968 -6.72111
rtibia 51.6407 0 0
rfoot -27.338 18.0326 0
rtoes 60.2062 0 0
lowerback -1.6462 -1.82714 -0.690099
upperback -0.629256 -2.41694 -6.69419
thorax 0.0146082 -1.22795 -6.59857
lowerneck -10.8705 0.970388 6.51186
upperneck 3.23495 0.269981 2.00715
head 2.96817 0.310635 -0.472572
lclavicle -2.08724e-15 5.08889e-15 0
lhumerus -59.5966 -45.3694 116.782
lradius 55.2611 0 0
lwrist 26.1856 0 0
lhand 35.5421 28.682 0
lfingers 7.12502 0 0
lthumb 58.5807 43.6602 0
rclavicle -2.08724e-15 5.08889e-15 0
rhumerus -8.89692 -27.9632 -17.1004
rradius 71.0966 0 0
rwrist -21.312 0 0
rhand -48.8785 -59.4496 0
rfingers 7.12502 0 0
rthumb -21.5111 -770.885 0
212
root 4.70651 15.0543 -25.5621 7.8219 -0.208577 4.40435
lfemur 3.60755 -4.18699 2.71139
ltibia 9.96627 0 0
lfoot -34.0805 -10.2927 0
ltoes 48.4043 0 0
rfemur -32.4535 -20.7713 -6.33181
rtibia 51.7038 0 0
rfoot -27.5086 17.9107 0
rtoes 60.179 0 0
lowerback -1.39436 -1.94551 -0.736344
upperback -0.602939 -2.58504 -6.467
thorax -0.108315 -1.31285 -6.32161
lowerneck -10.7707 1.12394 6.39262
upperneck 3.08338 0.510699 1.93349
head 2.90208 0.419618 -0.460901
lclavicle -3.57812e-15 7.95139e-15 0
lhumerus -59.6064 -44.951 116.798
lradius 55.5463 0 0
lwrist 26.5138 0 0
lhand 34.2263 28.5208 0
lfingers 7.12502 0 0
lthumb 57.4611 44.7161 0
rclavicle -3.57812e-15 7.95139e-15 0
rhumerus -10.3994 -27.108 -17.6367
rradius 74.9298 0 0
rwrist -21.1353 0 0
rhand -50.0035 -58.2678 0
rfingers 7.12502 0 0
rthumb -22.5925 -806.966 0
213
root 4.70901 15.0752 -25.5858 7.92597 0.206541 3.83134
lfemur 1.88489 -2.0714 3.06592
ltibia 12.3126 0 0
lfoot -32.989 -9.53216 0
ltoes 43.8183 0 0
rfemur -32.239 -20.724 -5.64685
rtibia 51.1983 0 0
rfoot -27.608 17.5087 0
rtoes 60.1184 0 0
lowerback -1.16171 -1.97754 -0.611042
upperback -0.530122 -2.62729 -6.06212
thorax -0.151775 -1.33265 -5.96341
lowerneck -10.9267 1.11344 6.15294
upperneck 3.01086 0.528861 1.86267
head 2.90562 0.421985 -0.440653
lclavicle -4.50105e-15 7.61062e-15 0
lhumerus -59.2752 -44.8006 116.928
lradius 55.7159 0 0
lwrist 25.9805 0 0
lhand 33.1495 27.7478 0
lfingers 7.12502 0 0
lthumb 56.4813 44.499 0
rclavicle -4.50105e-15 7.61062e-15 0
rhumerus -11.6952 -23.584 -20.458
rradius 77.2584 0 0
rwrist -19.3584 0 0
rhand -41.8065 -54.7837 0
rfingers 7.12502 0 0
rthumb -15.6271 -797.867 0
214
root 4.71152 15.0961 -25.6095 8.03003 0.621658 3.25833
lfemur 0.162229 0.0441943 3.42045
ltibia 14.6589 0 0
lfoot -31.8975 -8.77162 0
ltoes 39.2323 0 0
rfemur -32.0246 -20.6768 -4.96188
rtibia 50.6928 0 0
rfoot -27.7074 17.1067 0
rtoes 60.0579 0 0
lowerback -0.929063 -2.00957 -0.485741
upperback -0.457305 -2.66954 -5.65725
thorax -0.195235 -1.35245 -5.60521
lowerneck -11.0827 1.10294 5.91327
upperneck 2.93833 0.547023 1.79186
head 2.90915 0.424351 -0.420405
lclavicle -5.42397e-15 7.26984e-15 0
lhumerus -58.944 -44.6502 117.057
lradius 55.8856 0 0
lwrist 25.4473 0 0
lhand 32.0728 26.9748 0
lfingers 7.12502 0 0
lthumb 55.5015 44.2819 0
rclavicle -5.42397e-15 7.26984e-15 0
rhumerus -12.991 -20.06 -23.2793
rradius 79.587 0 0
rwrist -17.5815 0 0
rhand -33.6095 -51.2995 0
rfingers 7.12502 0 0
rthumb -8.66169 -788.769 0
215
root 4.71402 15.1169 -25.6332 8.1341 1.03678 2.68532
lfemur -1.56043 2.15979 3.77498
ltibia 17.0052 0 0
lfoot -30.806 -8.01107 0
ltoes 34.6463 0 0
rfemur -31.8101 -20.6295 -4.27692
rtibia 50.1873 0 0
rfoot -27.8069 16.7047 0
rtoes 59.9973 0 0
lowerback -0.696414 -2.0416 -0.360439
upperback -0.384488 -2.71179 -5.25237
thorax -0.238695 -1.37225 -5.24701
lowerneck -11.2388 1.09244 5.67359
upperneck 2.86581 0.565186 1.72104
head 2.91269 0.426718 -0.400157
lclavicle -6.3469e-15 6.92907e-15 0
lhumerus -58.6128 -44.4998 117.187
lradius 56.0552 0 0
lwrist 24.914 0 0
lhand 30.996 26.2018 0
lfingers 7.12502 0 0
lthumb 54.5217 44.0648 0
rclavicle -6.3469e-15 6.92907e-15 0
rhumerus -14.2868 -16.536 -26.1006
rradius 81.9156 0 0
rwrist -15.8046 0 0
rhand -25.4125 -47.8154 0
rfingers 7.12502 0 0
rthumb -1.69628 -779.67 0
216
root 4.71652 15.1378 -25.6569 8.23817 1.45189 2.1123
lfemur -3.28309 4.27538 4.1295
ltibia 19.3515 0 0
lfoot -29.7145 -7.25053 0
ltoes 30.0603 0 0
rfemur -31.5957 -20.5822 -3.59195
rtibia 49.6818 0 0
rfoot -27.9063 16.3027 0
rtoes 59.9367 0 0
lowerback -0.463766 -2.07363 -0.235137
upperback -0.311671 -2.75405 -4.84749
thorax -0.282155 -1.39205 -4.8888
lowerneck -11.3948 1.08194 5.43392
upperneck 2.79328 0.583348 1.65023
head 2.91623 0.429084 -0.379908
lclavicle -7.26983e-15 6.58829e-15 0
lhumerus -58.2816 -44.3495 117.317
lradius 56.2249 0 0
lwrist 24.3807 0 0
lhand 29.9192 25.4288 0
lfingers 7.12502 0 0
lthumb 53.5419 43.8477 0
rclavicle -7.26983e-15 6.58829e-15 0
rhumerus -15.5827 -13.012 -28.9218
rradius 84.2441 0 0
rwrist -14.0277 0 0
rhand -17.2155 -44.3312 0
rfingers 7.12502 0 0
rthumb 5.26913 -770.571 0
217
root 4.71903 15.1587 -25.6806 8.34224 1.86701 1.53929
lfemur -5.00575 6.39097 4.48403
ltibia 21.6979 0 0
lfoot -28.623 -6.48999 0
ltoes 25.4743 0 0
rfemur -31.3812 -20.535 -2.90699
rtibia 49.1763 0 0
rfoot -28.0057 15.9007 0
rtoes 59.8762 0 0
lowerback -0.231117 -2.10566 -0.109835
upperback -0.238854 -2.7963 -4.44262
thorax -0.325615 -1.41185 -4.5306
lowerneck -11.5508 1.07144 5.19424
upperneck 2.72076 0.60151 1.57941
head 2.91976 0.431451 -0.35966
lclavicle -8.19276e-15 6.24752e-15 0
lhumerus -57.9504 -44.1991 117.446
lradius 56.3945 0 0
lwrist 23.8475 0 0
lhand 28.8424 24.6558 0
lfingers 7.12502 0 0
lthumb 52.5621 43.6306 0
rclavicle -8.19276e-15 6.24752e-15 0
rhumerus -16.8785 -9.48796 -31.7431
rradius 86.5727 0 0
rwrist -12.2507 0 0
rhand -9.01854 -40.8471 0
rfingers 7.12502 0 0
rthumb 12.2345 -761.473 0
218
root 4.72153 15.1796 -25.7043 8.4463 2.28213 0.966281
lfemur -6.72841 8.50656 4.83856
ltibia 24.0442 0 0
lfoot -27.5315 -5.72945 0
ltoes 20.8883 0 0
rfemur -31.1668 -20.4877 -2.22202
rtibia 48.6708 0 0
rfoot -28.1051 15.4987 0
rtoes 59.8156 0 0
lowerback 0.00153143 -2.13769 0.0154663
upperback -0.166037 -2.83855 -4.03774
thorax -0.369075 -1.43165 -4.1724
lowerneck -11.7068 1.06094 4.95457
upperneck 2.64823 0.619672 1.5086
head 2.9233 0.433817 -0.339412
lclavicle -9.11568e-15 5.90674e-15 0
lhumerus -57.6192 -44.0487 117.576
lradius 56.5642 0 0
lwrist 23.3142 0 0
lhand 27.7657 23.8828 0
lfingers 7.12502 0 0
lthumb 51.5823 43.4135 0
rclavicle -9.11568e-15 5.90674e-15 0
rhumerus -18.1743 -5.96396 -34.5644
rradius 88.9013 0 0
rwrist -10.4738 0 0
rhand -0.821543 -37.3629 0
rfingers 7.12502 0 0
rthumb 19.1999 -752.374 0
219
root 4.72403 15.2005 -25.728 8.55037 2.69725 0.39327
lfemur -8.45107 10.6222 5.19309
ltibia 26.3905 0 0
lfoot -26.44 -4.9689 0
ltoes 16.3023 0 0
rfemur -30.9523 -20.4404 -1.53706
rtibia 48.1653 0 0
rfoot -28.2046 15.0967 0
rtoes 59.755 0 0
lowerback 0.23418 -2.16972 0.140768
upperback -0.0932195 -2.8808 -3.63286
thorax -0.412535 -1.45145 -3.8142
lowerneck -11.8628 1.05044 4.71489
upperneck 2.57571 0.637835 1.43778
head 2.92684 0.436184 -0.319164
lclavicle -1.00386e-14 5.56597e-15 0
lhumerus -57.288 -43.8983 117.706
lradius 56.7338 0 0
lwrist 22.781 0 0
lhand 26.6889 23.1099 0
lfingers 7.12502 0 0
lthumb 50.6025 43.1964 0
rclavicle -1.00386e-14 5.56597e-15 0
rhumerus -19.4701 -2.43995 -37.3857
rradius 91.2299 0 0
rwrist -8.69692 0 0
rhand 7.37545 -33.8788 0
rfingers 7.12502 0 0
rthumb 26.1653 -743.275 0
220
root 4.72654 15.2213 -25.7518 8.65444 3.11236 -0.179741
lfemur -10.1737 12.7377 5.54762
ltibia 28.7368 0 0
lfoot -25.3486 -4.20836 0
ltoes 11.7162 0 0
rfemur -30.7379 -20.3932 -0.852096
rtibia 47.6597 0 0
rfoot -28.304 14.6946 0
rtoes 59.6945 0 0
lowerback 0.466829 -2.20174 0.26607
upperback -0.0204024 -2.92305 -3.22799
thorax -0.455995 -1.47125 -3.456
lowerneck -12.0189 1.03994 4.47521
upperneck 2.50319 0.655997 1.36697
head 2.93037 0.438551 -0.298916
lclavicle -1.09615e-14 5.2252e-15 0
lhumerus -56.9569 -43.7479 117.835
lradius 56.9034 0 0
lwrist 22.2477 0 0
lhand 25.6121 22.3369 0
lfingers 7.12502 0 0
lthumb 49.6226 42.9793 0
rclavicle -1.09615e-14 5.2252e-15 0
rhumerus -20.7659 1.08406 -40.207
rradius 93.5585 0 0
rwrist -6.92001 0 0
rhand 15.5724 -30.3946 0
rfingers 7.12502 0 0
rthumb 33.1308 -734.177 0
221
root 4.72904 15.2422 -25.7755 8.7585 3.52748 -0.752753
lfemur -11.8964 14.8533 5.90215
ltibia 31.0831 0 0
lfoot -24.2571 -3.44782 0
ltoes 7.13024 0 0
rfemur -30.5234 -20.3459 -0.167131
rtibia 47.1542 0 0
rfoot -28.4034 14.2926 0
rtoes 59.6339 0 0
lowerback 0.699477 -2.23377 0.391371
upperback 0.0524146 -2.9653 -2.82311
thorax -0.499455 -1.49105 -3.0978
lowerneck -12.1749 1.02945 4.23554
upperneck 2.43066 0.674159 1.29615
head 2.93391 0.440917 -0.278668
lclavicle -1.18845e-14 4.88442e-15 0
lhumerus -56.6257 -43.5975 117.965
lradius 57.0731 0 0
lwrist 21.7144 0 0
lhand 24.5354 21.5639 0
lfingers 7.12502 0 0
lthumb 48.6428 42.7622 0
rclavicle -1.18845e-14 4.88442e-15 0
rhumerus -22.0617 4.60806 -43.0283
rradius 95.8871 0 0
rwrist -5.1431 0 0
rhand 23.7694 -26.9105 0
rfingers 7.12502 0 0
rthumb 40.0962 -725.078 0
222
root 4.73155 15.2631 -25.7992 8.86257 3.9426 -1.32576
lfemur -13.6191 16.9689 6.25668
ltibia 33.4294 0 0
lfoot -23.1656 -2.68728 0
ltoes 2.54423 0 0
rfemur -30.309 -20.2987 0.517833
rtibia 46.6487 0 0
rfoot -28.5028 13.8906 0
rtoes 59.5734 0 0
lowerback 0.932126 -2.2658 0.516673
upperback 0.125232 -3.00755 -2.41823
thorax -0.542915 -1.51085 -2.7396
lowerneck -12.3309 1.01895 3.99586
upperneck 2.35814 0.692321 1.22533
head 2.93744 0.443284 -0.25842
lclavicle -1.28074e-14 4.54365e-15 0
lhumerus -56.2945 -43.4471 118.094
lradius 57.2427 0 0
lwrist 21.1812 0 0
lhand 23.4586 20.7909 0
lfingers 7.12502 0 0
lthumb 47.663 42.5451 0
rclavicle -1.28074e-14 4.54365e-15 0
rhumerus -23.3575 8.13207 -45.8496
rradius 98.2157 0 0
rwrist -3.36619 0 0
rhand 31.9664 -23.4264 0
rfingers 7.12502 0 0
rthumb 47.0616 -715.98 0
223
root 4.73405 15.284 -25.8229 8.96664 4.35772 -1.89878
lfemur -15.3417 19.0845 6.6112
ltibia 35.7758 0 0
lfoot -22.0741 -1.92673 0
ltoes -2.04178 0 0
rfemur -30.0946 -20.2514 1.2028
rtibia 46.1432 0 0
rfoot -28.6022 13.4886 0
rtoes 59.5128 0 0
lowerback 1.16477 -2.29783 0.641975
upperback 0.198049 -3.04981 -2.01336
thorax -0.586375 -1.53065 -2.38139
lowerneck -12.4869 1.00845 3.75619
upperneck 2.28561 0.710483 1.15452
head 2.94098 0.44565 -0.238171
lclavicle -1.37303e-14 4.20287e-15 0
lhumerus -55.9633 -43.2968 118.224
lradius 57.4124 0 0
lwrist 20.6479 0 0
lhand 22.3818 20.0179 0
lfingers 7.12502 0 0
lthumb 46.6832 42.328 0
rclavicle -1.37303e-14 4.20287e-15 0
rhumerus -24.6534 11.6561 -48.6708
rradius 100.544 0 0
rwrist -1.58927 0 0
rhand 40.1634 -19.9422 0
rfingers 7.12502 0 0
rthumb 54.027 -706.881 0
224
root 4.73655 15.3048 -25.8466 9.07071 4.77283 -2.47179
lfemur -17.0644 21.2001 6.96573
ltibia 38.1221 0 0
lfoot -20.9826 -1.16619 0
ltoes -6.62779 0 0
rfemur -29.8801 -20.2041 1.88776
rtibia 45.6377 0 0
rfoot -28.7017 13.0866 0
rtoes 59.4522 0 0
lowerback 1.39742 -2.32986 0.767277
upperback 0.270866 -3.09206 -1.60848
thorax -0.629835 -1.55045 -2.02319
lowerneck -12.643 0.997947 3.51651
upperneck 2.21309 0.728646 1.0837
head 2.94452 0.448017 -0.217923
lclavicle -1.46532e-14 3.8621e-15 0
lhumerus -55.6321 -43.1464 118.354
lradius 57.582 0 0
lwrist 20.1146 0 0
lhand 21.305 19.2449 0
lfingers 7.12502 0 0
lthumb 45.7034 42.1109 0
rclavicle -1.46532e-14 3.8621e-15 0
rhumerus -25.9492 15.1801 -51.4921
rradius 102.873 0 0
rwrist 0.187637 0 0
rhand 48.3604 -16.4581 0
rfingers 7.12502 0 0
rthumb 60.9924 -697.782 0
225
root 4.73906 15.3257 -25.8703 9.17477 5.18795 -3.0448
lfemur -18.787 23.3157 7.32026
ltibia 40.4684 0 0
lfoot -19.8911 -0.40565 0
ltoes -11.2138 0 0
rfemur -29.6656 -20.1569 2.57273
rtibia 45.1322 0 0
rfoot -28.8011 12.6846 0
rtoes 59.3917 0 0
lowerback 1.63007 -2.36189 0.892578
upperback 0.343683 -3.13431 -1.2036
thorax -0.673295 -1.57025 -1.66499
lowerneck -12.799 0.987447 3.27684
upperneck 2.14056 0.746808 1.01289
head 2.94805 0.450383 -0.197675
lclavicle -1.55762e-14 3.52132e-15 0
lhumerus -55.3009 -42.996 118.483
lradius 57.7517 0 0
lwrist 19.5814 0 0
lhand 20.2283 18.4719 0
lfingers 7.12502 0 0
lthumb 44.7236 41.8938 0
rclavicle -1.55762e-14 3.52132e-15 0
rhumerus -27.245 18.7041 -54.3134
rradius 105.201 0 0
rwrist 1.96455 0 0
rhand 56.5574 -12.9739 0
rfingers 7.12502 0 0
rthumb 67.9578 -688.684 0
226
root 4.74156 15.3466 -25.894 9.27884 5.60307 -3.61781
lfemur -20.5097 25.4313 7.67479
ltibia 42.8147 0 0
lfoot -18.7996 0.354892 0
ltoes -15.7998 0 0
rfemur -29.4512 -20.1096 3.25769
rtibia 44.6267 0 0
rfoot -28.9005 12.2826 0
rtoes 59.3311 0 0
lowerback 1.86272 -2.39392 1.01788
upperback 0.4165 -3.17656 -0.798728
thorax -0.716755 -1.59005 -1.30679
lowerneck -12.955 0.976948 3.03716
upperneck 2.06804 0.76497 0.942072
head 2.95159 0.45275 -0.177427
lclavicle -1.64991e-14 3.18055e-15 0
lhumerus -54.9697 -42.8456 118.613
lradius 57.9213 0 0
lwrist 19.0481 0 0
lhand 19.1515 17.6989 0
lfingers 7.12502 0 0
lthumb 43.7438 41.6767 0
rclavicle -1.64991e-14 3.18055e-15 0
rhumerus -28.5408 22.2281 -57.1347
rradius 107.53 0 0
rwrist 3.74146 0 0
rhand 64.7544 -9.48978 0
rfingers 7.12502 0 0
rthumb 74.9232 -679.585 0
227
root 4.78584 15.3687 -25.8982 9.55033 6.93134 -4.05952
lfemur -23.1721 27.0179 6.52251
ltibia 44.7098 0 0
lfoot -17.8915 1.3261 0
ltoes -16.4411 0 0
rfemur -28.7775 -20.2561 3.62331
rtibia 43.7151 0 0
rfoot -29.3786 11.2431 0
rtoes 59.2109 0 0
lowerback 1.80792 -2.30221 1.20163
upperback 0.265343 -3.04615 -0.373822
thorax -0.825694 -1.52616 -0.977126
lowerneck -12.8096 0.695811 2.66409
upperneck 1.85009 0.459855 0.855612
head 2.84675 0.292067 -0.158746
lclavicle -1.23047e-14 -2.3059e-15 0
lhumerus -54.7442 -42.2285 118.946
lradius 58.3672 0 0
lwrist 18.8988 0 0
lhand 18.2569 17.3816 0
lfingers 7.12502 0 0
lthumb 42.9048 41.636 0
rclavicle -1.23047e-14 -2.3059e-15 0
rhumerus -29.5358 18.6428 -59.5033
rradius 107.978 0 0
rwrist -2.05239 0 0
rhand 63.027 -13.533 0
rfingers 7.12502 0 0
rthumb 74.6044 -689.688 0
228
root 4.83012 15.3909 -25.9024 9.82182 8.2596 -4.50122
lfemur -25.8346 28.6045 5.37023
ltibia 46.6049 0 0
lfoot -16.9834 2.29732 0
ltoes -17.0825 0 0
rfemur -28.1038 -20.4026 3.98893
rtibia 42.8036 0 0
rfoot -29.8568 10.2036 0
rtoes 59.0907 0 0
lowerback 1.75311 -2.2105 1.38538
upperback 0.114185 -2.91574 0.0510832
thorax -0.934633 -1.46227 -0.647462
lowerneck -12.6643 0.414674 2.29102
upperneck 1.63213 0.154741 0.769151
head 2.74191 0.131384 -0.140066
lclavicle -8.1104e-15 -7.79235e-15 0
lhumerus -54.5188 -41.6114 119.279
lradius 58.8131 0 0
lwrist 18.7495 0 0
lhand 17.3622 17.0644 0
lfingers 7.12502 0 0
lthumb 42.0658 41.5953 0
rclavicle -8.1104e-15 -7.79235e-15 0
rhumerus -30.5308 15.0575 -61.8719
rradius 108.426 0 0
rwrist -7.84624 0 0
rhand 61.2996 -17.5762 0
rfingers 7.12502 0 0
rthumb 74.2855 -699.791 0
229
root 4.8744 15.413 -25.9067 10.0933 9.58787 -4.94293
lfemur -28.497 30.191 4.21796
ltibia 48.5001 0 0
lfoot -16.0752 3.26853 0
ltoes -17.7238 0 0
rfemur -27.4301 -20.549 4.35454
rtibia 41.892 0 0
rfoot -30.3349 9.16407 0
rtoes 58.9706 0 0
lowerback 1.69831 -2.11878 1.56913
upperback -0.0369722 -2.78533 0.475989
thorax -1.04357 -1.39839 -0.317798
lowerneck -12.5189 0.133538 1.91795
upperneck 1.41418 -0.150374 0.682691
head 2.63707 -0.0292984 -0.121385
lclavicle -3.91604e-15 -1.32788e-14 0
lhumerus -54.2933 -40.9942 119.611
lradius 59.2591 0 0
lwrist 18.6003 0 0
lhand 16.4676 16.7471 0
lfingers 7.12502 0 0
lthumb 41.2267 41.5546 0
rclavicle -3.91604e-15 -1.32788e-14 0
rhumerus -31.5257 11.4722 -64.2405
rradius 108.874 0 0
rwrist -13.6401 0 0
rhand 59.5721 -21.6195 0
rfingers 7.12502 0 0
rthumb 73.9667 -709.893 0
230
root 4.91868 15.4352 -25.9109 10.3648 10.9161 -5.38463
lfemur -31.1595 31.7776 3.06568
ltibia 50.3952 0 0
lfoot -15.1671 4.23974 0
ltoes -18.3652 0 0
rfemur -26.7564 -20.6955 4.72016
rtibia 40.9805 0 0
rfoot -30.8131 8.12456 0
rtoes 58.8504 0 0
lowerback 1.6435 -2.02707 1.75288
upperback -0.18813 -2.65492 0.900894
thorax -1.15251 -1.3345 0.011866
lowerneck -12.3736 -0.147599 1.54488
upperneck 1.19622 -0.455488 0.59623
head 2.53223 -0.189981 -0.102704
lclavicle 2.78308e-16 -1.87653e-14 0
lhumerus -54.0679 -40.3771 119.944
lradius 59.705 0 0
lwrist 18.451 0 0
lhand 15.5729 16.4299 0
lfingers 7.12502 0 0
lthumb 40.3877 41.5139 0
rclavicle 2.78308e-16 -1.87653e-14 0
rhumerus -32.5207 7.88691 -66.6091
rradius 109.322 0 0
rwrist -19.4339 0 0
rhand 57.8447 -25.6627 0
rfingers 7.12502 0 0
rthumb 73.6478 -719.996 0
231
root 4.96296 15.4573 -25.9151 10.6363 12.2444 -5.82634
lfemur -33.8219 33.3642 1.9134
ltibia 52.2903 0 0
lfoot -14.259 5.21095 0
ltoes -19.0065 0 0
rfemur -26.0827 -20.842 5.08578
rtibia 40.0689 0 0
rfoot -31.2912 7.08505 0
rtoes 58.7302 0 0
lowerback 1.5887 -1.93536 1.93663
upperback -0.339287 -2.52451 1.3258
thorax -1.26145 -1.27061 0.34153
lowerneck -12.2282 -0.428736 1.17181
upperneck 0.978271 -0.760603 0.50977
head 2.42739 -0.350664 -0.0840238
lclavicle 4.47266e-15 -2.42517e-14 0
lhumerus -53.8424 -39.76 120.277
lradius 60.1509 0 0
lwrist 18.3017 0 0
lhand 14.6783 16.1126 0
lfingers 7.12502 0 0
lthumb 39.5487 41.4732 0
rclavicle 4.47266e-15 -2.42517e-14 0
rhumerus -33.5157 4.30161 -68.9777
rradius 109.77 0 0
rwrist -25.2278 0 0
rhand 56.1173 -29.7059 0
rfingers 7.12502 0 0
rthumb 73.329 -730.099 0
232
root 5.02722 15.478 -25.9099 10.7425 13.8172 -6.28953
lfemur -36.2135 34.3553 0.403842
ltibia 53.4793 0 0
lfoot -13.585 6.26007 0
ltoes -18.3131 0 0
rfemur -25.0485 -20.5139 5.33498
rtibia 39.0497 0 0
rfoot -32.0854 5.49327 0
rtoes 58.4938 0 0
lowerback 1.49401 -1.92653 2.25055
upperback -0.523822 -2.499 1.76019
thorax -1.39169 -1.25995 0.611178
lowerneck -11.9396 -0.657991 0.855668
upperneck 0.874505 -1.00818 0.364138
head 2.33872 -0.481994 -0.0884383
lclavicle 1.70955e-14 -1.66979e-14 0
lhumerus -53.864 -38.7571 120.616
lradius 60.6677 0 0
lwrist 18.7587 0 0
lhand 13.4304 16.0067 0
lfingers 7.12502 0 0
lthumb 38.3722 41.7036 0
rclavicle 1.70955e-14 -1.66979e-14 0
rhumerus -33.7809 -1.0179 -69.9926
rradius 109.562 0 0
rwrist -31.4069 0 0
rhand 47.0818 -28.645 0
rfingers 7.12502 0 0
rthumb 67.9354 -750.023 0
233
root 5.13059 15.5121 -25.8991 10.6618 15.4902 -6.08634
lfemur -36.2443 33.7538 -0.477408
ltibia 53.0256 0 0
lfoot -13.7983 5.66258 0
ltoes -14.806 0 0
rfemur -24.4743 -19.1941 5.15523
rtibia 39.7827 0 0
rfoot -30.0959 3.57892 0
rtoes 56.7122 0 0
lowerback 1.45263 -1.96641 2.13484
upperback -0.543983 -2.55351 1.82822
thorax -1.37826 -1.28577 0.745282
lowerneck -11.835 -0.997253 0.732585
upperneck 0.950492 -1.44544 0.385526
head 2.35062 -0.699875 -0.0835076
lclavicle 1.30309e-14 -1.53796e-14 0
lhumerus -53.78 -38.4936 120.593
lradius 60.7215 0 0
lwrist 18.782 0 0
lhand 13.0563 15.8391 0
lfingers 7.12502 0 0
lthumb 38.0174 41.6193 0
rclavicle 1.30309e-14 -1.53796e-14 0
rhumerus -34.2116 -1.45447 -69.6916
rradius 106.221 0 0
rwrist -27.5835 0 0
rhand 43.5735 -27.3189 0
rfingers 7.12502 0 0
rthumb 64.715 -750.197 0
234
root 5.23396 15.5462 -25.8883 10.5811 17.1632 -5.88316
lfemur -36.275 33.1523 -1.35866
ltibia 52.572 0 0
lfoot -14.0116 5.06508 0
ltoes -11.2989 0 0
rfemur -23.9002 -17.8743 4.97548
rtibia 40.5158 0 0
rfoot -28.1065 1.66458 0
rtoes 54.9306 0 0
lowerback 1.41124 -2.00628 2.01913
upperback -0.564143 -2.60802 1.89626
thorax -1.36482 -1.31158 0.879387
lowerneck -11.7304 -1.33651 0.609502
upperneck 1.02648 -1.88269 0.406914
head 2.36253 -0.917757 -0.0785769
lclavicle 8.96625e-15 -1.40614e-14 0
lhumerus -53.6959 -38.2301 120.571
lradius 60.7753 0 0
lwrist 18.8052 0 0
lhand 12.6822 15.6714 0
lfingers 7.12502 0 0
lthumb 37.6625 41.5349 0
rclavicle 8.96625e-15 -1.40614e-14 0
rhumerus -34.6422 -1.89104 -69.3906
rradius 102.88 0 0
rwrist -23.7601 0 0
rhand 40.0651 -25.9927 0
rfingers 7.12502 0 0
rthumb 61.4947 -750.37 0
235
root 5.33733 15.5803 -25.8775 10.5004 18.8362 -5.67997
lfemur -36.3058 32.5508 -2.23991
ltibia 52.1183 0 0
lfoot -14.2249 4.46759 0
ltoes -7.79183 0 0
rfemur -23.326 -16.5544 4.79573
rtibia 41.2488 0 0
rfoot -26.117 -0.249767 0
rtoes 53.149 0 0
lowerback 1.36986 -2.04616 1.90341
upperback -0.584304 -2.66252 1.96429
thorax -1.35139 -1.3374 1.01349
lowerneck -11.6258 -1.67578 0.486419
upperneck 1.10247 -2.31995 0.428302
head 2.37443 -1.13564 -0.0736462
lclavicle 4.90162e-15 -1.27431e-14 0
lhumerus -53.6119 -37.9665 120.548
lradius 60.8291 0 0
lwrist 18.8285 0 0
lhand 12.308 15.5038 0
lfingers 7.12502 0 0
lthumb 37.3077 41.4506 0
rclavicle 4.90162e-15 -1.27431e-14 0
rhumerus -35.0729 -2.32761 -69.0896
rradius 99.5397 0 0
rwrist -19.9367 0 0
rhand 36.5568 -24.6666 0
rfingers 7.12502 0 0
rthumb 58.2743 -750.544 0
236
root 5.4407 15.6144 -25.8667 10.4197 20.5092 -5.47678
lfemur -36.3366 31.9493 -3.12116
ltibia 51.6646 0 0
lfoot -14.4383 3.8701 0
ltoes -4.28474 0 0
rfemur -22.7518 -15.2346 4.61598
rtibia 41.9818 0 0
rfoot -24.1275 -2.16411 0
rtoes 51.3675 0 0
lowerback 1.32847 -2.08604 1.7877
upperback -0.604464 -2.71703 2.03232
thorax -1.33796 -1.36322 1.1476
lowerneck -11.5212 -2.01504 0.363336
upperneck 1.17845 -2.75721 0.44969
head 2.38634 -1.35352 -0.0687155
lclavicle 8.36995e-16 -1.14249e-14 0
lhumerus -53.5278 -37.703 120.526
lradius 60.883 0 0
lwrist 18.8518 0 0
lhand 11.9339 15.3362 0
lfingers 7.12502 0 0
lthumb 36.9528 41.3663 0
rclavicle 8.36995e-16 -1.14249e-14 0
rhumerus -35.5035 -2.76418 -68.7886
rradius 96.1989 0 0
rwrist -16.1133 0 0
rhand 33.0485 -23.3405 0
rfingers 7.12502 0 0
rthumb 55.054 -750.717 0
237
root 5.54407 15.6485 -25.8559 10.339 22.1821 -5.2736
lfemur -36.3673 31.3478 -4.00241
ltibia 51.2109 0 0
lfoot -14.6516 3.2726 0
ltoes -0.777653 0 0
rfemur -22.1777 -13.9148 4.43624
rtibia 42.7149 0 0
rfoot -22.1381 -4.07846 0
rtoes 49.5859 0 0
lowerback 1.28709 -2.12592 1.67199
upperback -0.624625 -2.77154 2.10035
thorax -1.32453 -1.38904 1.2817
lowerneck -11.4166 -2.3543 0.240253
upperneck 1.25444 -3.19447 0.471078
head 2.39824 -1.5714 -0.0637848
lclavicle -3.22763e-15 -1.01066e-14 0
lhumerus -53.4438 -37.4395 120.503
lradius 60.9368 0 0
lwrist 18.875 0 0
lhand 11.5598 15.1686 0
lfingers 7.12502 0 0
lthumb 36.598 41.2819 0
rclavicle -3.22763e-15 -1.01066e-14 0
rhumerus -35.9342 -3.20075 -68.4876
rradius 92.8582 0 0
rwrist -12.2899 0 0
rhand 29.5401 -22.0143 0
rfingers 7.12502 0 0
rthumb 51.8336 -750.891 0
238
root 5.64744 15.6826 -25.8451 10.2583 23.8551 -5.07041
lfemur -36.3981 30.7463 -4.88366
ltibia 50.7573 0 0
lfoot -14.8649 2.67511 0
ltoes 2.72944 0 0
rfemur -21.6035 -12.595 4.25649
rtibia 43.4479 0 0
rfoot -20.1486 -5.9928 0
rtoes 47.8043 0 0
lowerback 1.24571 -2.16579 1.55628
upperback -0.644785 -2.82605 2.16839
thorax -1.31109 -1.41485 1.4158
lowerneck -11.312 -2.69356 0.11717
upperneck 1.33043 -3.63172 0.492466
head 2.41015 -1.78928 -0.0588541
lclavicle -7.29226e-15 -8.78837e-15 0
lhumerus -53.3597 -37.176 120.481
lradius 60.9906 0 0
lwrist 18.8983 0 0
lhand 11.1857 15.0009 0
lfingers 7.12502 0 0
lthumb 36.2431 41.1976 0
rclavicle -7.29226e-15 -8.78837e-15 0
rhumerus -36.3648 -3.63732 -68.1866
rradius 89.5174 0 0
rwrist -8.46647 0 0
rhand 26.0318 -20.6882 0
rfingers 7.12502 0 0
rthumb 48.6133 -751.064 0
239
root 5.75081 15.7167 -25.8343 10.1777 25.5281 -4.86722
lfemur -36.4288 30.1448 -5.76491
ltibia 50.3036 0 0
lfoot -15.0782 2.07761 0
ltoes 6.23653 0 0
rfemur -21.0293 -11.2752 4.07674
rtibia 44.1809 0 0
rfoot -18.1592 -7.90715 0
rtoes 46.0227 0 0
lowerback 1.20432 -2.20567 1.44056
upperback -0.664946 -2.88056 2.23642
thorax -1.29766 -1.44067 1.54991
lowerneck -11.2074 -3.03282 -0.00591337
upperneck 1.40641 -4.06898 0.513854
head 2.42205 -2.00716 -0.0539234
lclavicle -1.13569e-14 -7.47011e-15 0
lhumerus -53.2757 -36.9125 120.458
lradius 61.0444 0 0
lwrist 18.9216 0 0
lhand 10.8115 14.8333 0
lfingers 7.12502 0 0
lthumb 35.8883 41.1132 0
rclavicle -1.13569e-14 -7.47011e-15 0
rhumerus -36.7955 -4.07389 -67.8856
rradius 86.1766 0 0
rwrist -4.64306 0 0
rhand 22.5235 -19.3621 0
rfingers 7.12502 0 0
rthumb 45.3929 -751.238 0
240
root 5.85418 15.7508 -25.8235 10.097 27.2011 -4.66404
lfemur -36.4596 29.5433 -6.64615
ltibia 49.8499 0 0
lfoot -15.2915 1.48012 0
ltoes 9.74362 0 0
rfemur -20.4552 -9.95535 3.89699
rtibia 44.914 0 0
rfoot -16.1697 -9.8215 0
rtoes 44.2411 0 0
lowerback 1.16294 -2.24555 1.32485
upperback -0.685106 -2.93506 2.30445
thorax -1.28423 -1.46649 1.68401
lowerneck -11.1028 -3.37208 -0.128996
upperneck 1.4824 -4.50624 0.535242
head 2.43396 -2.22504 -0.0489926
lclavicle -1.54215e-14 -6.15185e-15 0
lhumerus -53.1917 -36.6489 120.436
lradius 61.0982 0 0
lwrist 18.9448 0 0
lhand 10.4374 14.6657 0
lfingers 7.12502 0 0
lthumb 35.5335 41.0289 0
rclavicle -1.54215e-14 -6.15185e-15 0
rhumerus -37.2262 -4.51046 -67.5846
rradius 82.8359 0 0
rwrist -0.819658 0 0
rhand 19.0151 -18.0359 0
rfingers 7.12502 0 0
rthumb 42.1725 -751.412 0
241
root 5.95755 15.7849 -25.8127 10.0163 28.8741 -4.46085
lfemur -36.4904 28.9418 -7.5274
ltibia 49.3962 0 0
lfoot -15.5048 0.882627 0
ltoes 13.2507 0 0
rfemur -19.881 -8.63553 3.71724
rtibia 45.647 0 0
rfoot -14.1802 -11.7358 0
rtoes 42.4595 0 0
lowerback 1.12155 -2.28543 1.20914
upperback -0.705267 -2.98957 2.37248
thorax -1.2708 -1.49231 1.81812
lowerneck -10.9982 -3.71134 -0.252079
upperneck 1.55839 -4.9435 0.55663
head 2.44586 -2.44293 -0.0440619
lclavicle -1.94861e-14 -4.8336e-15 0
lhumerus -53.1076 -36.3854 120.413
lradius 61.152 0 0
lwrist 18.9681 0 0
lhand 10.0633 14.4981 0
lfingers 7.12502 0 0
lthumb 35.1786 40.9446 0
rclavicle -1.94861e-14 -4.8336e-15 0
rhumerus -37.6568 -4.94703 -67.2836
rradius 79.4951 0 0
rwrist 3.00375 0 0
rhand 15.5068 -16.7098 0
rfingers 7.12502 0 0
rthumb 38.9522 -751.585 0
242
root 6.06092 15.8189 -25.8019 9.93558 30.5471 -4.25766
lfemur -36.5211 28.3403 -8.40865
ltibia 48.9426 0 0
lfoot -15.7182 0.285133 0
ltoes 16.7578 0 0
rfemur -19.3068 -7.31572 3.53749
rtibia 46.38 0 0
rfoot -12.1908 -13.6502 0
rtoes 40.678 0 0
lowerback 1.08017 -2.3253 1.09343
upperback -0.725427 -3.04408 2.44052
thorax -1.25736 -1.51812 1.95222
lowerneck -10.8936 -4.05061 -0.375163
upperneck 1.63438 -5.38075 0.578018
head 2.45777 -2.66081 -0.0391312
lclavicle -2.35508e-14 -3.51534e-15 0
lhumerus -53.0236 -36.1219 120.391
lradius 61.2059 0 0
lwrist 18.9914 0 0
lhand 9.68917 14.3304 0
lfingers 7.12502 0 0
lthumb 34.8238 40.8602 0
rclavicle -2.35508e-14 -3.51534e-15 0
rhumerus -38.0875 -5.38359 -66.9825
rradius 76.1543 0 0
rwrist 6.82715 0 0
rhand 11.9985 -15.3837 0
rfingers 7.12502 0 0
rthumb 35.7318 -751.759 0
243
root 6.16429 15.853 -25.7911 9.85489 32.2201 -4.05447
lfemur -36.5519 27.7388 -9.2899
ltibia 48.4889 0 0
lfoot -15.9315 -0.312361 0
ltoes 20.2649 0 0
rfemur -18.7326 -5.9959 3.35774
rtibia 47.113 0 0
rfoot -10.2013 -15.5645 0
rtoes 38.8964 0 0
lowerback 1.03878 -2.36518 0.977716
upperback -0.745588 -3.09859 2.50855
thorax -1.24393 -1.54394 2.08633
lowerneck -10.789 -4.38987 -0.498246
upperneck 1.71036 -5.81801 0.599406
head 2.46967 -2.87869 -0.0342005
lclavicle -2.76154e-14 -2.19709e-15 0
lhumerus -52.9395 -35.8584 120.368
lradius 61.2597 0 0
lwrist 19.0147 0 0
lhand 9.31505 14.1628 0
lfingers 7.12502 0 0
lthumb 34.4689 40.7759 0
rclavicle -2.76154e-14 -2.19709e-15 0
rhumerus -38.5181 -5.82016 -66.6815
rradius 72.8135 0 0
rwrist 10.6506 0 0
rhand 8.49015 -14.0576 0
rfingers 7.12502 0 0
rthumb 32.5115 -751.932 0
244
root 6.26766 15.8871 -25.7803 9.77419 33.8931 -3.85129
lfemur -36.5827 27.1373 -10.1712
ltibia 48.0352 0 0
lfoot -16.1448 -0.909854 0
ltoes 23.772 0 0
rfemur -18.1585 -4.67608 3.17799
rtibia 47.8461 0 0
rfoot -8.21184 -17.4789 0
rtoes 37.1148 0 0
lowerback 0.9974 -2.40506 0.862004
upperback -0.765748 -3.15309 2.57658
thorax -1.2305 -1.56976 2.22043
lowerneck -10.6844 -4.72913 -0.621329
upperneck 1.78635 -6.25527 0.620794
head 2.48158 -3.09657 -0.0292698
lclavicle -3.168e-14 -8.78831e-16 0
lhumerus -52.8555 -35.5948 120.346
lradius 61.3135 0 0
lwrist 19.0379 0 0
lhand 8.94093 13.9952 0
lfingers 7.12502 0 0
lthumb 34.1141 40.6916 0
rclavicle -3.168e-14 -8.78831e-16 0
rhumerus -38.9488 -6.25673 -66.3805
rradius 69.4728 0 0
rwrist 14.474 0 0
rhand 4.98182 -12.7314 0
rfingers 7.12502 0 0
rthumb 29.2911 -752.106 0
245
root 6.37103 15.9212 -25.7695 9.6935 35.5661 -3.6481
lfemur -36.6134 26.5358 -11.0524
ltibia 47.5815 0 0
lfoot -16.3581 -1.50735 0
ltoes 27.2791 0 0
rfemur -17.5843 -3.35626 2.99824
rtibia 48.5791 0 0
rfoot -6.22238 -19.3932 0
rtoes 35.3332 0 0
lowerback 0.956016 -2.44494 0.746292
upperback -0.785909 -3.2076 2.64461
thorax -1.21707 -1.59558 2.35453
lowerneck -10.5798 -5.06839 -0.744412
upperneck 1.86234 -6.69253 0.642182
head 2.49348 -3.31445 -0.0243391
lclavicle -3.57446e-14 4.39425e-16 0
lhumerus -52.7715 -35.3313 120.323
lradius 61.3673 0 0
lwrist 19.0612 0 0
lhand 8.56681 13.8276 0
lfingers 7.12502 0 0
lthumb 33.7593 40.6072 0
rclavicle -3.57446e-14 4.39425e-16 0
rhumerus -39.3795 -6.6933 -66.0795
rradius 66.132 0 0
rwrist 18.2974 0 0
rhand 1.47349 -11.4053 0
rfingers 7.12502 0 0
rthumb 26.0708 -752.28 0
246
root 6.4744 15.9553 -25.7587 9.61281 37.2391 -3.44491
lfemur -36.6442 25.9343 -11.9337
ltibia 47.1279 0 0
lfoot -16.5714 -2.10484 0
ltoes 30.7862 0 0
rfemur -17.0101 -2.03644 2.81849
rtibia 49.3121 0 0
rfoot -4.23292 -21.3076 0
rtoes 33.5516 0 0
lowerback 0.914632 -2.48481 0.630579
upperback -0.806069 -3.26211 2.71265
thorax -1.20363 -1.62139 2.48864
lowerneck -10.4751 -5.40765 -0.867495
upperneck 1.93832 -7.12978 0.66357
head 2.50539 -3.53233 -0.0194084
lclavicle -3.98093e-14 1.75768e-15 0
lhumerus -52.6874 -35.0678 120.301
lradius 61.4211 0 0
lwrist 19.0845 0 0
lhand 8.19268 13.6599 0
lfingers 7.12502 0 0
lthumb 33.4044 40.5229 0
rclavicle -3.98093e-14 1.75768e-15 0
rhumerus -39.8101 -7.12987 -65.7785
rradius 62.7912 0 0
rwrist 22.1208 0 0
rhand -2.03484 -10.0792 0
rfingers 7.12502 0 0
rthumb 22.8504 -752.453 0
247
root 6.57777 15.9894 -25.7479 9.53212 38.912 -3.24173
lfemur -36.6749 25.3328 -12.8149
ltibia 46.6742 0 0
lfoot -16.7847 -2.70234 0
ltoes 34.2932 0 0
rfemur -16.436 -0.716624 2.63875
rtibia 50.0452 0 0
rfoot -2.24345 -23.2219 0
rtoes 31.77 0 0
lowerback 0.873248 -2.52469 0.514867
upperback -0.82623 -3.31662 2.78068
thorax -1.1902 -1.64721 2.62274
lowerneck -10.3705 -5.74691 -0.990578
upperneck 2.01431 -7.56704 0.684958
head 2.51729 -3.75021 -0.0144777
lclavicle -4.38739e-14 3.07594e-15 0
lhumerus -52.6034 -34.8043 120.278
lradius 61.4749 0 0
lwrist 19.1077 0 0
lhand 7.81856 13.4923 0
lfingers 7.12502 0 0
lthumb 33.0496 40.4385 0
rclavicle -4.38739e-14 3.07594e-15 0
rhumerus -40.2408 -7.56644 -65.4775
rradius 59.4505 0 0
rwrist 25.9442 0 0
rhand -5.54317 -8.75303 0
rfingers 7.12502 0 0
rthumb 19.63 -752.627 0
248
root 6.68114 16.0235 -25.7371 9.45143 40.585 -3.03854
lfemur -36.7057 24.7313 -13.6962
ltibia 46.2205 0 0
lfoot -16.9981 -3.29983 0
ltoes 37.8003 0 0
rfemur -15.8618 0.603195 2.459
rtibia 50.7782 0 0
rfoot -0.253989 -25.1363 0
rtoes 29.9885 0 0
lowerback 0.831863 -2.56457 0.399155
upperback -0.84639 -3.37113 2.84871
thorax -1.17677 -1.67303 2.75685
lowerneck -10.2659 -6.08618 -1.11366
upperneck 2.0903 -8.0043 0.706346
head 2.5292 -3.9681 -0.00954699
lclavicle -4.79385e-14 4.39419e-15 0
lhumerus -52.5193 -34.5408 120.256
lradius 61.5288 0 0
lwrist 19.131 0 0
lhand 7.44444 13.3247 0
lfingers 7.12502 0 0
lthumb 32.6947 40.3542 0
rclavicle -4.79385e-14 4.39419e-15 0
rhumerus -40.6714 -8.00301 -65.1765
rradius 56.1097 0 0
rwrist 29.7676 0 0
rhand -9.05151 -7.42689 0
rfingers 7.12502 0 0
rthumb 16.4097 -752.8 0
249
root 6.78451 16.0576 -25.7263 9.37073 42.258 -2.83535
lfemur -36.7365 24.1298 -14.5774
ltibia 45.7668 0 0
lfoot -17.2114 -3.89732 0
ltoes 41.3074 0 0
rfemur -15.2876 1.92301 2.27925
rtibia 51.5112 0 0
rfoot 1.73547 -27.0506 0
rtoes 28.2069 0 0
lowerback 0.790479 -2.60445 0.283443
upperback -0.866551 -3.42563 2.91674
thorax -1.16334 -1.69885 2.89095
lowerneck -10.1613 -6.42544 -1.23674
upperneck 2.16629 -8.44156 0.727734
head 2.5411 -4.18598 -0.00461628
lclavicle -5.20031e-14 5.71245e-15 0
lhumerus -52.4353 -34.2772 120.233
lradius 61.5826 0 0
lwrist 19.1543 0 0
lhand 7.07032 13.1571 0
lfingers 7.12502 0 0
lthumb 32.3399 40.2699 0
rclavicle -5.20031e-14 5.71245e-15 0
rhumerus -41.1021 -8.43958 -64.8755
rradius 52.7689 0 0
rwrist 33.591 0 0
rhand -12.5598 -6.10076 0
rfingers 7.12502 0 0
rthumb 13.1893 -752.974 0
250
root 6.88788 16.0917 -25.7155 9.29004 43.931 -2.63217
lfemur -36.7672 23.5283 -15.4587
ltibia 45.3132 0 0
lfoot -17.4247 -4.49482 0
ltoes 44.8145 0 0
rfemur -14.7135 3.24283 2.0995
rtibia 52.2443 0 0
rfoot 3.72494 -28.965 0
rtoes 26.4253 0 0
lowerback 0.749095 -2.64432 0.167731
upperback -0.886711 -3.48014 2.98478
thorax -1.1499 -1.72466 3.02506
lowerneck -10.0567 -6.7647 -1.35983
upperneck 2.24227 -8.87881 0.749122
head 2.55301 -4.40386 0.000314423
lclavicle -5.60678e-14 7.0307e-15 0
lhumerus -52.3512 -34.0137 120.211
lradius 61.6364 0 0
lwrist 19.1775 0 0
lhand 6.69619 12.9894 0
lfingers 7.12502 0 0
lthumb 31.985 40.1855 0
rclavicle -5.60678e-14 7.0307e-15 0
rhumerus -41.5327 -8.87615 -64.5745
rradius 49.4282 0 0
rwrist 37.4144 0 0
rhand -16.0682 -4.77463 0
rfingers 7.12502 0 0
rthumb 9.96898 -753.147 0
251
root 6.99125 16.1258 -25.7047 9.20935 45.604 -2.42898
lfemur -36.798 22.9268 -16.3399
ltibia 44.8595 0 0
lfoot -17.638 -5.09231 0
ltoes 48.3216 0 0
rfemur -14.1393 4.56265 1.91975
rtibia 52.9773 0 0
rfoot 5.7144 -30.8793 0
rtoes 24.6437 0 0
lowerback 0.707711 -2.6842 0.0520184
upperback -0.906872 -3.53465 3.05281
thorax -1.13647 -1.75048 3.15916
lowerneck -9.95213 -7.10396 -1.48291
upperneck 2.31826 -9.31607 0.77051
head 2.56491 -4.62174 0.00524513
lclavicle -6.01324e-14 8.34896e-15 0
lhumerus -52.2672 -33.7502 120.188
lradius 61.6902 0 0
lwrist 19.2008 0 0
lhand 6.32207 12.8218 0
lfingers 7.12502 0 0
lthumb 31.6302 40.1012 0
rclavicle -6.01324e-14 8.34896e-15 0
rhumerus -41.9634 -9.31272 -64.2735
rradius 46.0874 0 0
rwrist 41.2378 0 0
rhand -19.5765 -3.4485 0
rfingers 7.12502 0 0
rthumb 6.74862 -753.321 0
252
root 7.07441 16.1575 -25.7021 9.35083 46.818 -1.63079
lfemur -35.8723 22.096 -16.8424
ltibia 44.2221 0 0
lfoot -17.0943 -6.85435 0
ltoes 51.0042 0 0
rfemur -15.6832 4.51616 1.548
rtibia 57.0463 0 0
rfoot 14.3368 -23.1993 0
rtoes 7.30316 0 0
lowerback 1.11503 -2.59497 -0.504216
upperback -0.819784 -3.42329 2.95579
thorax -1.25483 -1.69049 3.38765
lowerneck -9.89112 -7.47454 -1.75607
upperneck 2.39462 -9.77588 0.726411
head 2.59657 -4.85497 0.010683
lclavicle -5.26779e-15 3.97569e-16 0
lhumerus -51.6941 -33.8121 119.685
lradius 61.5249 0 0
lwrist 19.6645 0 0
lhand 6.7101 12.5515 0
lfingers 7.12502 0 0
lthumb 31.9997 39.7575 0
rclavicle -5.26779e-15 3.97569e-16 0
rhumerus -42.2806 -7.78615 -64.9811
rradius 43.1051 0 0
rwrist 43.3362 0 0
rhand -19.2122 -1.87951 0
rfingers 7.12502 0 0
rthumb 7.10036 -751.74 0
253
root 7.11007 16.1445 -25.6674 9.40451 47.0244 -1.31347
lfemur -35.5171 22.0409 -16.8625
ltibia 44.3656 0 0
lfoot -17.0982 -7.20083 0
ltoes 51.1422 0 0
rfemur -16.3985 4.04986 2.20015
rtibia 57.0596 0 0
rfoot 14.389 -22.462 0
rtoes 7.16487 0 0
lowerback 1.27182 -2.60595 -0.649851
upperback -0.711692 -3.44834 2.82732
thorax -1.22701 -1.70394 3.3426
lowerneck -9.81231 -7.52702 -1.76541
upperneck 2.3025 -9.84733 0.908102
head 2.5692 -4.88926 0.071922
lclavicle -5.77921e-15 1.30113e-16 0
lhumerus -51.5252 -33.9706 119.312
lradius 61.4812 0 0
lwrist 19.6959 0 0
lhand 6.83473 12.5316 0
lfingers 7.12502 0 0
lthumb 32.1179 39.7095 0
rclavicle -5.77921e-15 1.30113e-16 0
rhumerus -42.1289 -6.35428 -65.0532
rradius 43.7985 0 0
rwrist 42.6198 0 0
rhand -18.7634 -1.94929 0
rfingers 7.12502 0 0
rthumb 7.53162 -751.766 0
254
root 7.14572 16.1315 -25.6326 9.4582 47.2308 -0.996154
lfemur -35.1618 21.9857 -16.8825
ltibia 44.5091 0 0
lfoot -17.1021 -7.54731 0
ltoes 51.2801 0 0
rfemur -17.1139 3.58357 2.85229
rtibia 57.0729 0 0
rfoot 14.4412 -21.7247 0
rtoes 7.02658 0 0
lowerback 1.42862 -2.61692 -0.795486
upperback -0.603601 -3.4734 2.69885
thorax -1.19919 -1.71738 3.29755
lowerneck -9.7335 -7.5795 -1.77476
upperneck 2.21039 -9.91877 1.08979
head 2.54184 -4.92356 0.133161
lclavicle -6.29063e-15 -1.37343e-16 0
lhumerus -51.3564 -34.1291 118.938
lradius 61.4375 0 0
lwrist 19.7273 0 0
lhand 6.95935 12.5117 0
lfingers 7.12502 0 0
lthumb 32.236 39.6615 0
rclavicle -6.29063e-15 -1.37343e-16 0
rhumerus -41.9771 -4.92241 -65.1252
rradius 44.492 0 0
rwrist 41.9033 0 0
rhand -18.3146 -2.01907 0
rfingers 7.12502 0 0
rthumb 7.96288 -751.791 0
255
root 7.18138 16.1185 -25.5979 9.51188 47.4372 -0.678836
lfemur -34.8066 21.9306 -16.9026
ltibia 44.6527 0 0
lfoot -17.1061 -7.89379 0
ltoes 51.4181 0 0
rfemur -17.8292 3.11727 3.50444
rtibia 57.0862 0 0
rfoot 14.4934 -20.9874 0
rtoes 6.88829 0 0
lowerback 1.58541 -2.6279 -0.94112
upperback -0.495509 -3.49845 2.57038
thorax -1.17137 -1.73083 3.2525
lowerneck -9.65469 -7.63198 -1.7841
upperneck 2.11827 -9.99022 1.27148
head 2.51447 -4.95785 0.1944
lclavicle -6.80205e-15 -4.04798e-16 0
lhumerus -51.1875 -34.2876 118.565
lradius 61.3938 0 0
lwrist 19.7587 0 0
lhand 7.08398 12.4917 0
lfingers 7.12502 0 0
lthumb 32.3542 39.6135 0
rclavicle -6.80205e-15 -4.04798e-16 0
rhumerus -41.8254 -3.49054 -65.1973
rradius 45.1854 0 0
rwrist 41.1869 0 0
rhand -17.8658 -2.08884 0
rfingers 7.12502 0 0
rthumb 8.39414 -751.817 0
256
root 7.21704 16.1055 -25.5631 9.56556 47.6436 -0.361518
lfemur -34.4514 21.8754 -16.9226
ltibia 44.7962 0 0
lfoot -17.11 -8.24027 0
ltoes 51.556 0 0
rfemur -18.5445 2.65098 4.15659
rtibia 57.0995 0 0
rfoot 14.5456 -20.2501 0
rtoes 6.75 0 0
lowerback 1.74221 -2.63887 -1.08676
upperback -0.387418 -3.52351 2.4419
thorax -1.14355 -1.74427 3.20745
lowerneck -9.57588 -7.68446 -1.79345
upperneck 2.02615 -10.0617 1.45317
head 2.48711 -4.99214 0.255639
lclavicle -7.31346e-15 -6.72254e-16 0
lhumerus -51.0186 -34.4462 118.192
lradius 61.3501 0 0
lwrist 19.7901 0 0
lhand 7.20861 12.4718 0
lfingers 7.12502 0 0
lthumb 32.4724 39.5655 0
rclavicle -7.31346e-15 -6.72254e-16 0
rhumerus -41.6737 -2.05867 -65.2694
rradius 45.8789 0 0
rwrist 40.4705 0 0
rhand -17.417 -2.15862 0
rfingers 7.12502 0 0
rthumb 8.8254 -751.843 0
257
root 7.2527 16.0925 -25.5284 9.61925 47.8501 -0.0442
lfemur -34.0961 21.8203 -16.9427
ltibia 44.9397 0 0
lfoot -17.1139 -8.58675 0
ltoes 51.694 0 0
rfemur -19.2599 2.18468 4.80874
rtibia 57.1128 0 0
rfoot 14.5978 -19.5128 0
rtoes 6.61171 0 0
lowerback 1.899 -2.64985 -1.23239
upperback -0.279326 -3.54856 2.31343
thorax -1.11573 -1.75772 3.1624
lowerneck -9.49706 -7.73695 -1.80279
upperneck 1.93404 -10.1331 1.63486
head 2.45974 -5.02643 0.316878
lclavicle -7.82488e-15 -9.3971e-16 0
lhumerus -50.8498 -34.6047 117.819
lradius 61.3064 0 0
lwrist 19.8215 0 0
lhand 7.33324 12.4519 0
lfingers 7.12502 0 0
lthumb 32.5905 39.5175 0
rclavicle -7.82488e-15 -9.3971e-16 0
rhumerus -41.522 -0.6268 -65.3414
rradius 46.5723 0 0
rwrist 39.7541 0 0
rhand -16.9682 -2.2284 0
rfingers 7.12502 0 0
rthumb 9.25665 -751.868 0
258
root 7.28835 16.0795 -25.4936 9.67293 48.0565 0.273118
lfemur -33.7409 21.7651 -16.9627
ltibia 45.0832 0 0
lfoot -17.1178 -8.93322 0
ltoes 51.8319 0 0
rfemur -19.9752 1.71839 5.46088
rtibia 57.1261 0 0
rfoot 14.65 -18.7755 0
rtoes 6.47342 0 0
lowerback 2.0558 -2.66082 -1.37802
upperback -0.171235 -3.57362 2.18496
thorax -1.08791 -1.77116 3.11735
lowerneck -9.41825 -7.78943 -1.81214
upperneck 1.84192 -10.2046 1.81656
head 2.43238 -5.06073 0.378117
lclavicle -8.3363e-15 -1.20717e-15 0
lhumerus -50.6809 -34.7632 117.445
lradius 61.2628 0 0
lwrist 19.8529 0 0
lhand 7.45786 12.432 0
lfingers 7.12502 0 0
lthumb 32.7087 39.4695 0
rclavicle -8.3363e-15 -1.20717e-15 0
rhumerus -41.3702 0.80507 -65.4135
rradius 47.2658 0 0
rwrist 39.0376 0 0
rhand -16.5194 -2.29818 0
rfingers 7.12502 0 0
rthumb 9.68791 -751.894 0
259
root 7.32401 16.0665 -25.4589 9.72661 48.2629 0.590436
lfemur -33.3857 21.71 -16.9828
ltibia 45.2267 0 0
lfoot -17.1217 -9.2797 0
ltoes 51.9699 0 0
rfemur -20.6905 1.25209 6.11303
rtibia 57.1395 0 0
rfoot 14.7022 -18.0382 0
rtoes 6.33514 0 0
lowerback 2.21259 -2.6718 -1.52366
upperback -0.0631433 -3.59867 2.05649
thorax -1.06009 -1.78461 3.0723
lowerneck -9.33944 -7.84191 -1.82148
upperneck 1.7498 -10.276 1.99825
head 2.40501 -5.09502 0.439356
lclavicle -8.84772e-15 -1.47462e-15 0
lhumerus -50.512 -34.9217 117.072
lradius 61.2191 0 0
lwrist 19.8843 0 0
lhand 7.58249 12.412 0
lfingers 7.12502 0 0
lthumb 32.8269 39.4215 0
rclavicle -8.84772e-15 -1.47462e-15 0
rhumerus -41.2185 2.23694 -65.4856
rradius 47.9592 0 0
rwrist 38.3212 0 0
rhand -16.0706 -2.36796 0
rfingers 7.12502 0 0
rthumb 10.1192 -751.92 0
260
root 7.35967 16.0535 -25.4241 9.78029 48.4693 0.907754
lfemur -33.0305 21.6548 -17.0029
ltibia 45.3702 0 0
lfoot -17.1257 -9.62618 0
ltoes 52.1078 0 0
rfemur -21.4059 0.785795 6.76518
rtibia 57.1528 0 0
rfoot 14.7544 -17.3009 0
rtoes 6.19685 0 0
lowerback 2.36938 -2.68277 -1.66929
upperback 0.0449482 -3.62372 1.92802
thorax -1.03227 -1.79806 3.02725
lowerneck -9.26063 -7.89439 -1.83083
upperneck 1.65769 -10.3474 2.17994
head 2.37764 -5.12931 0.500595
lclavicle -9.35914e-15 -1.74208e-15 0
lhumerus -50.3432 -35.0802 116.699
lradius 61.1754 0 0
lwrist 19.9157 0 0
lhand 7.70712 12.3921 0
lfingers 7.12502 0 0
lthumb 32.945 39.3735 0
rclavicle -9.35914e-15 -1.74208e-15 0
rhumerus -41.0668 3.66881 -65.5577
rradius 48.6526 0 0
rwrist 37.6048 0 0
rhand -15.6218 -2.43773 0
rfingers 7.12502 0 0
rthumb 10.5504 -751.946 0
261
root 7.39533 16.0405 -25.3894 9.83398 48.6757 1.22507
lfemur -32.6752 21.5997 -17.0229
ltibia 45.5138 0 0
lfoot -17.1296 -9.97266 0
ltoes 52.2458 0 0
rfemur -22.1212 0.319499 7.41733
rtibia 57.1661 0 0
rfoot 14.8066 -16.5636 0
rtoes 6.05856 0 0
lowerback 2.52618 -2.69375 -1.81493
upperback 0.15304 -3.64878 1.79955
thorax -1.00446 -1.8115 2.9822
lowerneck -9.18182 -7.94687 -1.84017
upperneck 1.56557 -10.4189 2.36163
head 2.35028 -5.16361 0.561834
lclavicle -9.87056e-15 -2.00953e-15 0
lhumerus -50.1743 -35.2387 116.325
lradius 61.1317 0 0
lwrist 19.9471 0 0
lhand 7.83175 12.3722 0
lfingers 7.12502 0 0
lthumb 33.0632 39.3255 0
rclavicle -9.87056e-15 -2.00953e-15 0
rhumerus -40.9151 5.10068 -65.6297
rradius 49.3461 0 0
rwrist 36.8883 0 0
rhand -15.1731 -2.50751 0
rfingers 7.12502 0 0
rthumb 10.9817 -751.971 0
262
root 7.43098 16.0275 -25.3546 9.88766 48.8821 1.54239
lfemur -32.32 21.5445 -17.043
ltibia 45.6573 0 0
lfoot -17.1335 -10.3191 0
ltoes 52.3837 0 0
rfemur -22.8365 -0.146796 8.06947
rtibia 57.1794 0 0
rfoot 14.8589 -15.8263 0
rtoes 5.92027 0 0
lowerback 2.68297 -2.70472 -1.96056
upperback 0.261131 -3.67383 1.67107
thorax -0.976636 -1.82495 2.93715
lowerneck -9.10301 -7.99935 -1.84952
upperneck 1.47345 -10.4903 2.54332
head 2.32291 -5.1979 0.623073
lclavicle -1.0382e-14 -2.27699e-15 0
lhumerus -50.0054 -35.3972 115.952
lradius 61.088 0 0
lwrist 19.9785 0 0
lhand 7.95637 12.3523 0
lfingers 7.12502 0 0
lthumb 33.1814 39.2775 0
rclavicle -1.0382e-14 -2.27699e-15 0
rhumerus -40.7633 6.53255 -65.7018
rradius 50.0395 0 0
rwrist 36.1719 0 0
rhand -14.7243 -2.57729 0
rfingers 7.12502 0 0
rthumb 11.4129 -751.997 0
263
root 7.46664 16.0145 -25.3199 9.94134 49.0885 1.85971
lfemur -31.9648 21.4894 -17.063
ltibia 45.8008 0 0
lfoot -17.1374 -10.6656 0
ltoes 52.5217 0 0
rfemur -23.5519 -0.613092 8.72162
rtibia 57.1927 0 0
rfoot 14.9111 -15.089 0
rtoes 5.78198 0 0
lowerback 2.83977 -2.7157 -2.1062
upperback 0.369223 -3.69889 1.5426
thorax -0.948817 -1.83839 2.8921
lowerneck -9.0242 -8.05183 -1.85886
upperneck 1.38134 -10.5618 2.72501
head 2.29555 -5.23219 0.684312
lclavicle -1.08934e-14 -2.54444e-15 0
lhumerus -49.8366 -35.5558 115.579
lradius 61.0443 0 0
lwrist 20.0099 0 0
lhand 8.081 12.3324 0
lfingers 7.12502 0 0
lthumb 33.2995 39.2295 0
rclavicle -1.08934e-14 -2.54444e-15 0
rhumerus -40.6116 7.96442 -65.7739
rradius 50.733 0 0
rwrist 35.4555 0 0
rhand -14.2755 -2.64707 0
rfingers 7.12502 0 0
rthumb 11.8442 -752.023 0
264
root 7.5023 16.0015 -25.2851 9.99503 49.2949 2.17703
lfemur -31.6095 21.4342 -17.0831
ltibia 45.9443 0 0
lfoot -17.1413 -11.0121 0
ltoes 52.6597 0 0
rfemur -24.2672 -1.07939 9.37377
rtibia 57.206 0 0
rfoot 14.9633 -14.3517 0
rtoes 5.64369 0 0
lowerback 2.99656 -2.72668 -2.25183
upperback 0.477314 -3.72394 1.41413
thorax -0.920997 -1.85184 2.84705
lowerneck -8.94539 -8.10431 -1.8682
upperneck 1.28922 -10.6332 2.9067
head 2.26818 -5.26648 0.745551
lclavicle -1.14048e-14 -2.8119e-15 0
lhumerus -49.6677 -35.7143 115.206
lradius 61.0006 0 0
lwrist 20.0413 0 0
lhand 8.20563 12.3124 0
lfingers 7.12502 0 0
lthumb 33.4177 39.1815 0
rclavicle -1.14048e-14 -2.8119e-15 0
rhumerus -40.4599 9.39629 -65.8459
rradius 51.4264 0 0
rwrist 34.7391 0 0
rhand -13.8267 -2.71685 0
rfingers 7.12502 0 0
rthumb 12.2755 -752.048 0
265
root 7.53795 15.9885 -25.2504 10.0487 49.5013 2.49434
lfemur -31.2543 21.3791 -17.1032
ltibia 46.0878 0 0
lfoot -17.1453 -11.3586 0
ltoes 52.7976 0 0
rfemur -24.9825 -1.54568 10.0259
rtibia 57.2193 0 0
rfoot 15.0155 -13.6144 0
rtoes 5.5054 0 0
lowerback 3.15335 -2.73765 -2.39747
upperback 0.585406 -3.74899 1.28566
thorax -0.893178 -1.86528 2.802
lowerneck -8.86658 -8.15679 -1.87755
upperneck 1.1971 -10.7047 3.08839
head 2.24082 -5.30078 0.80679
lclavicle -1.19162e-14 -3.07936e-15 0
lhumerus -49.4988 -35.8728 114.832
lradius 60.9569 0 0
lwrist 20.0727 0 0
lhand 8.33025 12.2925 0
lfingers 7.12502 0 0
lthumb 33.5359 39.1335 0
rclavicle -1.19162e-14 -3.07936e-15 0
rhumerus -40.3082 10.8282 -65.918
rradius 52.1199 0 0
rwrist 34.0226 0 0
rhand -13.3779 -2.78662 0
rfingers 7.12502 0 0
rthumb 12.7067 -752.074 0
266
root 7.57361 15.9755 -25.2156 10.1024 49.7078 2.81166
lfemur -30.8991 21.3239 -17.1232
ltibia 46.2314 0 0
lfoot -17.1492 -11.7051 0
ltoes 52.9356 0 0
rfemur -25.6979 -2.01198 10.6781
rtibia 57.2326 0 0
rfoot 15.0677 -12.8772 0
rtoes 5.36711 0 0
lowerback 3.31015 -2.74863 -2.5431
upperback 0.693497 -3.77405 1.15719
thorax -0.865358 -1.87873 2.75696
lowerneck -8.78776 -8.20928 -1.88689
upperneck 1.10499 -10.7761 3.27008
head 2.21345 -5.33507 0.86803
lclavicle -1.24276e-14 -3.34681e-15 0
lhumerus -49.33 -36.0313 114.459
lradius 60.9132 0 0
lwrist 20.1041 0 0
lhand 8.45488 12.2726 0
lfingers 7.12502 0 0
lthumb 33.654 39.0855 0
rclavicle -1.24276e-14 -3.34681e-15 0
rhumerus -40.1564 12.26 -65.9901
rradius 52.8133 0 0
rwrist 33.3062 0 0
rhand -12.9291 -2.8564 0
rfingers 7.12502 0 0
rthumb 13.138 -752.1 0
267
root 7.60927 15.9625 -25.1809 10.1561 49.9142 3.12898
lfemur -30.5438 21.2688 -17.1433
ltibia 46.3749 0 0
lfoot -17.1531 -12.0515 0
ltoes 53.0735 0 0
rfemur -26.4132 -2.47827 11.3302
rtibia 57.2459 0 0
rfoot 15.1199 -12.1399 0
rtoes 5.22882 0 0
lowerback 3.46694 -2.7596 -2.68874
upperback 0.801589 -3.7991 1.02872
thorax -0.837539 -1.89217 2.71191
lowerneck -8.70895 -8.26176 -1.89624
upperneck 1.01287 -10.8476 3.45177
head 2.18609 -5.36936 0.929269
lclavicle -1.29391e-14 -3.61427e-15 0
lhumerus -49.1611 -36.1898 114.086
lradius 60.8695 0 0
lwrist 20.1355 0 0
lhand 8.57951 12.2527 0
lfingers 7.12502 0 0
lthumb 33.7722 39.0375 0
rclavicle -1.29391e-14 -3.61427e-15 0
rhumerus -40.0047 13.6919 -66.0621
rradius 53.5068 0 0
rwrist 32.5898 0 0
rhand -12.4803 -2.92618 0
rfingers 7.12502 0 0
rthumb 13.5692 -752.125 0
268
root 7.64493 15.9495 -25.1461 10.2098 50.1206 3.4463
lfemur -30.1886 21.2136 -17.1633
ltibia 46.5184 0 0
lfoot -17.157 -12.398 0
ltoes 53.2115 0 0
rfemur -27.1286 -2.94457 11.9824
rtibia 57.2592 0 0
rfoot 15.1721 -11.4026 0
rtoes 5.09053 0 0
lowerback 3.62374 -2.77058 -2.83437
upperback 0.90968 -3.82416 0.900244
thorax -0.80972 -1.90562 2.66686
lowerneck -8.63014 -8.31424 -1.90558
upperneck 0.920752 -10.919 3.63346
head 2.15872 -5.40366 0.990508
lclavicle -1.34505e-14 -3.88172e-15 0
lhumerus -48.9923 -36.3483 113.712
lradius 60.8258 0 0
lwrist 20.1669 0 0
lhand 8.70414 12.2328 0
lfingers 7.12502 0 0
lthumb 33.8903 38.9895 0
rclavicle -1.34505e-14 -3.88172e-15 0
rhumerus -39.853 15.1238 -66.1342
rradius 54.2002 0 0
rwrist 31.8733 0 0
rhand -12.0315 -2.99596 0
rfingers 7.12502 0 0
rthumb 14.0005 -752.151 0
269
root 7.68058 15.9365 -25.1114 10.2634 50.327 3.76362
lfemur -29.8334 21.1585 -17.1834
ltibia 46.6619 0 0
lfoot -17.1609 -12.7445 0
ltoes 53.3494 0 0
rfemur -27.8439 -3.41087 12.6345
rtibia 57.2725 0 0
rfoot 15.2243 -10.6653 0
rtoes 4.95224 0 0
lowerback 3.78053 -2.78155 -2.98001
upperback 1.01777 -3.84921 0.771772
thorax -0.7819 -1.91907 2.62181
lowerneck -8.55133 -8.36672 -1.91493
upperneck 0.828636 -10.9905 3.81515
head 2.13135 -5.43795 1.05175
lclavicle -1.39619e-14 -4.14918e-15 0
lhumerus -48.8234 -36.5068 113.339
lradius 60.7822 0 0
lwrist 20.1983 0 0
lhand 8.82876 12.2128 0
lfingers 7.12502 0 0
lthumb 34.0085 38.9415 0
rclavicle -1.39619e-14 -4.14918e-15 0
rhumerus -39.7013 16.5556 -66.2063
rradius 54.8936 0 0
rwrist 31.1569 0 0
rhand -11.5827 -3.06574 0
rfingers 7.12502 0 0
rthumb 14.4318 -752.177 0
270
root 7.71624 15.9235 -25.0766 10.3171 50.5334 4.08093
lfemur -29.4781 21.1033 -17.2034
ltibia 46.8054 0 0
lfoot -17.1649 -13.091 0
ltoes 53.4874 0 0
rfemur -28.5592 -3.87716 13.2867
rtibia 57.2858 0 0
rfoot 15.2765 -9.92797 0
rtoes 4.81395 0 0
lowerback 3.93733 -2.79253 -3.12564
upperback 1.12586 -3.87427 0.643301
thorax -0.754081 -1.93251 2.57676
lowerneck -8.47252 -8.4192 -1.92427
upperneck 0.736519 -11.0619 3.99684
head 2.10399 -5.47224 1.11299
lclavicle -1.44733e-14 -4.41664e-15 0
lhumerus -48.6545 -36.6654 112.966
lradius 60.7385 0 0
lwrist 20.2297 0 0
lhand 8.95339 12.1929 0
lfingers 7.12502 0 0
lthumb 34.1267 38.8935 0
rclavicle -1.44733e-14 -4.41664e-15 0
rhumerus -39.5495 17.9875 -66.2783
rradius 55.5871 0 0
rwrist 30.4405 0 0
rhand -11.1339 -3.13551 0
rfingers 7.12502 0 0
rthumb 14.863 -752.202 0
271
root 7.7519 15.9105 -25.0419 10.3708 50.7398 4.39825
lfemur -29.1229 21.0482 -17.2235
ltibia 46.9489 0 0
lfoot -17.1688 -13.4375 0
ltoes 53.6253 0 0
rfemur -29.2746 -4.34346 13.9388
rtibia 57.2991 0 0
rfoot 15.3287 -9.19067 0
rtoes 4.67566 0 0
lowerback 4.09412 -2.8035 -3.27128
upperback 1.23396 -3.89932 0.514829
thorax -0.726261 -1.94596 2.53171
lowerneck -8.39371 -8.47168 -1.93362
upperneck 0.644402 -11.1334 4.17853
head 2.07662 -5.50654 1.17422
lclavicle -1.49847e-14 -4.68409e-15 0
lhumerus -48.4857 -36.8239 112.593
lradius 60.6948 0 0
lwrist 20.2611 0 0
lhand 9.07802 12.173 0
lfingers 7.12502 0 0
lthumb 34.2448 38.8455 0
rclavicle -1.49847e-14 -4.68409e-15 0
rhumerus -39.3978 19.4194 -66.3504
rradius 56.2805 0 0
rwrist 29.7241 0 0
rhand -10.6851 -3.20529 0
rfingers 7.12502 0 0
rthumb 15.2943 -752.228 0
272
root 7.78756 15.8975 -25.0071 10.4245 50.9462 4.71557
lfemur -28.7677 20.9931 -17.2436
ltibia 47.0925 0 0
lfoot -17.1727 -13.7839 0
ltoes 53.7633 0 0
rfemur -29.9899 -4.80975 14.5909
rtibia 57.3124 0 0
rfoot 15.3809 -8.45337 0
rtoes 4.53737 0 0
lowerback 4.25091 -2.81448 -3.41691
upperback 1.34205 -3.92437 0.386357
thorax -0.698442 -1.9594 2.48666
lowerneck -8.3149 -8.52416 -1.94296
upperneck 0.552285 -11.2048 4.36023
head 2.04926 -5.54083 1.23546
lclavicle -1.54962e-14 -4.95155e-15 0
lhumerus -48.3168 -36.9824 112.219
lradius 60.6511 0 0
lwrist 20.2925 0 0
lhand 9.20265 12.1531 0
lfingers 7.12502 0 0
lthumb 34.363 38.7975 0
rclavicle -1.54962e-14 -4.95155e-15 0
rhumerus -39.2461 20.8513 -66.4225
rradius 56.974 0 0
rwrist 29.0076 0 0
rhand -10.2363 -3.27507 0
rfingers 7.12502 0 0
rthumb 15.7255 -752.254 0
273
root 7.82321 15.8845 -24.9724 10.4782 51.1526 5.03289
lfemur -28.4125 20.9379 -17.2636
ltibia 47.236 0 0
lfoot -17.1766 -14.1304 0
ltoes 53.9012 0 0
rfemur -30.7052 -5.27605 15.2431
rtibia 57.3258 0 0
rfoot 15.4331 -7.71608 0
rtoes 4.39909 0 0
lowerback 4.40771 -2.82545 -3.56255
upperback 1.45014 -3.94943 0.257886
thorax -0.670623 -1.97285 2.44161
lowerneck -8.23609 -8.57664 -1.95231
upperneck 0.460169 -11.2762 4.54192
head 2.02189 -5.57512 1.2967
lclavicle -1.60076e-14 -5.219e-15 0
lhumerus -48.1479 -37.1409 111.846
lradius 60.6074 0 0
lwrist 20.3239 0 0
lhand 9.32727 12.1331 0
lfingers 7.12502 0 0
lthumb 34.4812 38.7495 0
rclavicle -1.60076e-14 -5.219e-15 0
rhumerus -39.0944 22.2831 -66.4946
rradius 57.6674 0 0
rwrist 28.2912 0 0
rhand -9.78752 -3.34485 0
rfingers 7.12502 0 0
rthumb 16.1568 -752.28 0
274
root 7.85887 15.8715 -24.9376 10.5319 51.359 5.35021
lfemur -28.0572 20.8828 -17.2837
ltibia 47.3795 0 0
lfoot -17.1805 -14.4769 0
ltoes 54.0392 0 0
rfemur -31.4206 -5.74234 15.8952
rtibia 57.3391 0 0
rfoot 15.4853 -6.97878 0
rtoes 4.2608 0 0
lowerback 4.5645 -2.83643 -3.70818
upperback 1.55823 -3.97448 0.129414
thorax -0.642803 -1.98629 2.39656
lowerneck -8.15728 -8.62912 -1.96165
upperneck 0.368052 -11.3477 4.72361
head 1.99453 -5.60941 1.35794
lclavicle -1.6519e-14 -5.48646e-15 0
lhumerus -47.9791 -37.2994 111.473
lradius 60.5637 0 0
lwrist 20.3553 0 0
lhand 9.4519 12.1132 0
lfingers 7.12502 0 0
lthumb 34.5993 38.7015 0
rclavicle -1.6519e-14 -5.48646e-15 0
rhumerus -38.9426 23.715 -66.5666
rradius 58.3609 0 0
rwrist 27.5748 0 0
rhand -9.33872 -3.41463 0
rfingers 7.12502 0 0
rthumb 16.5881 -752.305 0
275
root 7.89453 15.8585 -24.9029 10.5855 51.5655 5.66752
lfemur -27.702 20.8276 -17.3037
ltibia 47.523 0 0
lfoot -17.1845 -14.8234 0
ltoes 54.1772 0 0
rfemur -32.1359 -6.20864 16.5474
rtibia 57.3524 0 0
rfoot 15.5375 -6.24148 0
rtoes 4.12251 0 0
lowerback 4.7213 -2.84741 -3.85382
upperback 1.66632 -3.99954 0.000942364
thorax -0.614984 -1.99974 2.35151
lowerneck -8.07846 -8.68161 -1.97099
upperneck 0.275935 -11.4191 4.9053
head 1.96716 -5.64371 1.41918
lclavicle -1.70304e-14 -5.75391e-15 0
lhumerus -47.8102 -37.4579 111.1
lradius 60.52 0 0
lwrist 20.3867 0 0
lhand 9.57653 12.0933 0
lfingers 7.12502 0 0
lthumb 34.7175 38.6535 0
rclavicle -1.70304e-14 -5.75391e-15 0
rhumerus -38.7909 25.1469 -66.6387
rradius 59.0543 0 0
rwrist 26.8583 0 0
rhand -8.88993 -3.4844 0
rfingers 7.12502 0 0
rthumb 17.0193 -752.331 0
276
root 7.93018 15.8455 -24.8681 10.6392 51.7719 5.98484
lfemur -27.3468 20.7725 -17.3238
ltibia 47.6665 0 0
lfoot -17.1884 -15.1698 0
ltoes 54.3151 0 0
rfemur -32.8512 -6.67494 17.1995
rtibia 57.3657 0 0
rfoot 15.5897 -5.50419 0
rtoes 3.98422 0 0
lowerback 4.87809 -2.85838 -3.99945
upperback 1.77441 -4.02459 -0.127529
thorax -0.587164 -2.01319 2.30646
lowerneck -7.99965 -8.73409 -1.98034
upperneck 0.183819 -11.4906 5.08699
head 1.93979 -5.678 1.48042
lclavicle -1.75418e-14 -6.02137e-15 0
lhumerus -47.6413 -37.6164 110.726
lradius 60.4763 0 0
lwrist 20.4181 0 0
lhand 9.70115 12.0734 0
lfingers 7.12502 0 0
lthumb 34.8357 38.6055 0
rclavicle -1.75418e-14 -6.02137e-15 0
rhumerus -38.6392 26.5787 -66.7108
rradius 59.7477 0 0
rwrist 26.1419 0 0
rhand -8.44114 -3.55418 0
rfingers 7.12502 0 0
rthumb 17.4506 -752.357 0
277
root 7.96584 15.8325 -24.8334 10.6929 51.9783 6.30216
lfemur -26.9915 20.7173 -17.3439
ltibia 47.8101 0 0
lfoot -17.1923 -15.5163 0
ltoes 54.4531 0 0
rfemur -33.5666 -7.14123 17.8517
rtibia 57.379 0 0
rfoot 15.6419 -4.76689 0
rtoes 3.84593 0 0
lowerback 5.03488 -2.86936 -4.14509
upperback 1.8825 -4.04964 -0.256001
thorax -0.559345 -2.02663 2.26141
lowerneck -7.92084 -8.78657 -1.98968
upperneck 0.0917018 -11.562 5.26868
head 1.91243 -5.71229 1.54166
lclavicle -1.80532e-14 -6.28883e-15 0
lhumerus -47.4725 -37.775 110.353
lradius 60.4326 0 0
lwrist 20.4495 0 0
lhand 9.82578 12.0535 0
lfingers 7.12502 0 0
lthumb 34.9538 38.5575 0
rclavicle -1.80532e-14 -6.28883e-15 0
rhumerus -38.4875 28.0106 -66.7828
rradius 60.4412 0 0
rwrist 25.4255 0 0
rhand -7.99234 -3.62396 0
rfingers 7.12502 0 0
rthumb 17.8818 -752.382 0
278
root 8.0015 15.8195 -24.7986 10.7466 52.1847 6.61948
lfemur -26.6363 20.6622 -17.3639
ltibia 47.9536 0 0
lfoot -17.1962 -15.8628 0
ltoes 54.591 0 0
rfemur -34.2819 -7.60753 18.5038
rtibia 57.3923 0 0
rfoot 15.6941 -4.02959 0
rtoes 3.70764 0 0
lowerback 5.19168 -2.88033 -4.29072
upperback 1.9906 -4.0747 -0.384473
thorax -0.531526 -2.04008 2.21636
lowerneck -7.84203 -8.83905 -1.99903
upperneck -0.000414909 -11.6335 5.45037
head 1.88506 -5.74659 1.6029
lclavicle -1.85647e-14 -6.55628e-15 0
lhumerus -47.3036 -37.9335 109.98
lradius 60.3889 0 0
lwrist 20.4809 0 0
lhand 9.95041 12.0335 0
lfingers 7.12502 0 0
lthumb 35.072 38.5095 0
rclavicle -1.85647e-14 -6.55628e-15 0
rhumerus -38.3357 29.4425 -66.8549
rradius 61.1346 0 0
rwrist 24.7091 0 0
rhand -7.54355 -3.69374 0
rfingers 7.12502 0 0
rthumb 18.3131 -752.408 0
279
root 8.03716 15.8065 -24.7639 10.8003 52.3911 6.9368
lfemur -26.2811 20.607 -17.384
ltibia 48.0971 0 0
lfoot -17.2001 -16.2093 0
ltoes 54.729 0 0
rfemur -34.9972 -8.07382 19.156
rtibia 57.4056 0 0
rfoot 15.7463 -3.2923 0
rtoes 3.56935 0 0
lowerback 5.34847 -2.89131 -4.43636
upperback 2.09869 -4.09975 -0.512944
thorax -0.503706 -2.05352 2.17131
lowerneck -7.76322 -8.89153 -2.00837
upperneck -0.0925316 -11.7049 5.63206
head 1.8577 -5.78088 1.66414
lclavicle -1.90761e-14 -6.82374e-15 0
lhumerus -47.1347 -38.092 109.606
lradius 60.3452 0 0
lwrist 20.5123 0 0
lhand 10.075 12.0136 0
lfingers 7.12502 0 0
lthumb 35.1902 38.4615 0
rclavicle -1.90761e-14 -6.82374e-15 0
rhumerus -38.184 30.8743 -66.927
rradius 61.8281 0 0
rwrist 23.9926 0 0
rhand -7.09475 -3.76352 0
rfingers 7.12502 0 0
rthumb 18.7444 -752.434 0
280
root 8.07281 15.7936 -24.7291 10.854 52.5975 7.25411
lfemur -25.9258 20.5519 -17.404
ltibia 48.2406 0 0
lfoot -17.2041 -16.5558 0
ltoes 54.8669 0 0
rfemur -35.7126 -8.54012 19.8081
rtibia 57.4189 0 0
rfoot 15.7986 -2.555 0
rtoes 3.43106 0 0
lowerback 5.50527 -2.90228 -4.58199
upperback 2.20678 -4.12481 -0.641416
thorax -0.475887 -2.06697 2.12626
lowerneck -7.68441 -8.94401 -2.01772
upperneck -0.184648 -11.7764 5.81375
head 1.83033 -5.81517 1.72538
lclavicle -1.95875e-14 -7.09119e-15 0
lhumerus -46.9659 -38.2505 109.233
lradius 60.3016 0 0
lwrist 20.5436 0 0
lhand 10.1997 11.9937 0
lfingers 7.12502 0 0
lthumb 35.3083 38.4136 0
rclavicle -1.95875e-14 -7.09119e-15 0
rhumerus -38.0323 32.3062 -66.999
rradius 62.5215 0 0
rwrist 23.2762 0 0
rhand -6.64596 -3.83329 0
rfingers 7.12502 0 0
rthumb 19.1756 -752.459 0
281
root 8.10847 15.7806 -24.6944 10.9076 52.8039 7.57143
lfemur -25.5706 20.4967 -17.4241
ltibia 48.3841 0 0
lfoot -17.208 -16.9022 0
ltoes 55.0049 0 0
rfemur -36.4279 -9.00641 20.4603
rtibia 57.4322 0 0
rfoot 15.8508 -1.81771 0
rtoes 3.29277 0 0
lowerback 5.66206 -2.91326 -4.72763
upperback 2.31487 -4.14986 -0.769887
thorax -0.448067 -2.08041 2.08121
lowerneck -7.6056 -8.99649 -2.02706
upperneck -0.276765 -11.8478 5.99544
head 1.80297 -5.84946 1.78662
lclavicle -2.00989e-14 -7.35865e-15 0
lhumerus -46.797 -38.409 108.86
lradius 60.2579 0 0
lwrist 20.575 0 0
lhand 10.3243 11.9738 0
lfingers 7.12502 0 0
lthumb 35.4265 38.3656 0
rclavicle -2.00989e-14 -7.35865e-15 0
rhumerus -37.8806 33.7381 -67.0711
rradius 63.215 0 0
rwrist 22.5598 0 0
rhand -6.19716 -3.90307 0
rfingers 7.12502 0 0
rthumb 19.6069 -752.485 0
282
root 8.14413 15.7676 -24.6596 10.9613 53.0103 7.88875
lfemur -25.2154 20.4416 -17.4441
ltibia 48.5276 0 0
lfoot -17.2119 -17.2487 0
ltoes 55.1428 0 0
rfemur -37.1432 -9.47271 21.1124
rtibia 57.4455 0 0
rfoot 15.903 -1.08041 0
rtoes 3.15448 0 0
lowerback 5.81886 -2.92423 -4.87326
upperback 2.42296 -4.17492 -0.898359
thorax -0.420248 -2.09386 2.03616
lowerneck -7.52679 -9.04897 -2.03641
upperneck -0.368882 -11.9193 6.17713
head 1.7756 -5.88376 1.84785
lclavicle -2.06103e-14 -7.6261e-15 0
lhumerus -46.6281 -38.5675 108.487
lradius 60.2142 0 0
lwrist 20.6064 0 0
lhand 10.4489 11.9538 0
lfingers 7.12502 0 0
lthumb 35.5447 38.3176 0
rclavicle -2.06103e-14 -7.6261e-15 0
rhumerus -37.7288 35.17 -67.1432
rradius 63.9084 0 0
rwrist 21.8433 0 0
rhand -5.74837 -3.97285 0
rfingers 7.12502 0 0
rthumb 20.0381 -752.511 0
283
root 8.17979 15.7546 -24.6249 11.015 53.2167 8.20607
lfemur -24.8601 20.3864 -17.4642
ltibia 48.6712 0 0
lfoot -17.2158 -17.5952 0
ltoes 55.2808 0 0
rfemur -37.8586 -9.939 21.7646
rtibia 57.4588 0 0
rfoot 15.9552 -0.343113 0
rtoes 3.01619 0 0
lowerback 5.97565 -2.93521 -5.01889
upperback 2.53105 -4.19997 -1.02683
thorax -0.392429 -2.1073 1.99111
lowerneck -7.44798 -9.10145 -2.04575
upperneck -0.460999 -11.9907 6.35882
head 1.74824 -5.91805 1.90909
lclavicle -2.11218e-14 -7.89356e-15 0
lhumerus -46.4593 -38.7261 108.113
lradius 60.1705 0 0
lwrist 20.6378 0 0
lhand 10.5735 11.9339 0
lfingers 7.12502 0 0
lthumb 35.6628 38.2696 0
rclavicle -2.11218e-14 -7.89356e-15 0
rhumerus -37.5771 36.6018 -67.2152
rradius 64.6019 0 0
rwrist 21.1269 0 0
rhand -5.29957 -4.04263 0
rfingers 7.12502 0 0
rthumb 20.4694 -752.536 0
284
root 8.21544 15.7416 -24.5901 11.0687 53.4231 8.52339
lfemur -24.5049 20.3313 -17.4843
ltibia 48.8147 0 0
lfoot -17.2197 -17.9417 0
ltoes 55.4187 0 0
rfemur -38.5739 -10.4053 22.4167
rtibia 57.4721 0 0
rfoot 16.0074 0.394184 0
rtoes 2.8779 0 0
lowerback 6.13244 -2.94618 -5.16453
upperback 2.63914 -4.22502 -1.1553
thorax -0.364609 -2.12075 1.94606
lowerneck -7.36917 -9.15393 -2.0551
upperneck -0.553115 -12.0621 6.54051
head 1.72087 -5.95234 1.97033
lclavicle -2.16332e-14 -8.16102e-15 0
lhumerus -46.2904 -38.8846 107.74
lradius 60.1268 0 0
lwrist 20.6692 0 0
lhand 10.6982 11.914 0
lfingers 7.12502 0 0
lthumb 35.781 38.2216 0
rclavicle -2.16332e-14 -8.16102e-15 0
rhumerus -37.4254 38.0337 -67.2873
rradius 65.2953 0 0
rwrist 20.4105 0 0
rhand -4.85078 -4.11241 0
rfingers 7.12502 0 0
rthumb 20.9006 -752.562 0
285
root 8.2511 15.7286 -24.5554 11.1224 53.6296 8.8407
lfemur -24.1497 20.2761 -17.5043
ltibia 48.9582 0 0
lfoot -17.2237 -18.2882 0
ltoes 55.5567 0 0
rfemur -39.2892 -10.8716 23.0689
rtibia 57.4854 0 0
rfoot 16.0596 1.13148 0
rtoes 2.73961 0 0
lowerback 6.28924 -2.95716 -5.31016
upperback 2.74724 -4.25008 -1.28377
thorax -0.33679 -2.1342 1.90101
lowerneck -7.29035 -9.20642 -2.06444
upperneck -0.645232 -12.1336 6.7222
head 1.6935 -5.98664 2.03157
lclavicle -2.21446e-14 -8.42847e-15 0
lhumerus -46.1215 -39.0431 107.367
lradius 60.0831 0 0
lwrist 20.7006 0 0
lhand 10.8228 11.8941 0
lfingers 7.12502 0 0
lthumb 35.8992 38.1736 0
rclavicle -2.21446e-14 -8.42847e-15 0
rhumerus -37.2737 39.4656 -67.3594
rradius 65.9887 0 0
rwrist 19.6941 0 0
rhand -4.40199 -4.18218 0
rfingers 7.12502 0 0
rthumb 21.3319 -752.588 0
286
root 8.28676 15.7156 -24.5206 11.1761 53.836 9.15802
lfemur -23.7944 20.221 -17.5244
ltibia 49.1017 0 0
lfoot -17.2276 -18.6346 0
ltoes 55.6947 0 0
rfemur -40.0046 -11.3379 23.721
rtibia 57.4987 0 0
rfoot 16.1118 1.86878 0
rtoes 2.60132 0 0
lowerback 6.44603 -2.96814 -5.4558
upperback 2.85533 -4.27513 -1.41225
thorax -0.30897 -2.14764 1.85596
lowerneck -7.21154 -9.2589 -2.07378
upperneck -0.737349 -12.205 6.9039
head 1.66614 -6.02093 2.09281
lclavicle -2.2656e-14 -8.69593e-15 0
lhumerus -45.9527 -39.2016 106.993
lradius 60.0394 0 0
lwrist 20.732 0 0
lhand 10.9474 11.8742 0
lfingers 7.12502 0 0
lthumb 36.0173 38.1256 0
rclavicle -2.2656e-14 -8.69593e-15 0
rhumerus -37.1219 40.8974 -67.4314
rradius 66.6822 0 0
rwrist 18.9776 0 0
rhand -3.95319 -4.25196 0
rfingers 7.12502 0 0
rthumb 21.7632 -752.613 0
287
root 8.32241 15.7026 -24.4859 11.2297 54.0424 9.47534
lfemur -23.4392 20.1658 -17.5444
ltibia 49.2452 0 0
lfoot -17.2315 -18.9811 0
ltoes 55.8326 0 0
rfemur -40.7199 -11.8042 24.3732
rtibia 57.5121 0 0
rfoot 16.164 2.60607 0
rtoes 2.46304 0 0
lowerback 6.60283 -2.97911 -5.60143
upperback 2.96342 -4.30019 -1.54072
thorax -0.281151 -2.16109 1.81091
lowerneck -7.13273 -9.31138 -2.08313
upperneck -0.829465 -12.2765 7.08559
head 1.63877 -6.05522 2.15405
lclavicle -2.31674e-14 -8.96338e-15 0
lhumerus -45.7838 -39.3601 106.62
lradius 59.9957 0 0
lwrist 20.7634 0 0
lhand 11.0721 11.8542 0
lfingers 7.12502 0 0
lthumb 36.1355 38.0776 0
rclavicle -2.31674e-14 -8.96338e-15 0
rhumerus -36.9702 42.3293 -67.5035
rradius 67.3756 0 0
rwrist 18.2612 0 0
rhand -3.5044 -4.32174 0
rfingers 7.12502 0 0
rthumb 22.1944 -752.639 0
288
root 8.35807 15.6896 -24.4511 11.2834 54.2488 9.79266
lfemur -23.084 20.1107 -17.5645
ltibia 49.3888 0 0
lfoot -17.2354 -19.3276 0
ltoes 55.9706 0 0
rfemur -41.4352 -12.2705 25.0253
rtibia 57.5254 0 0
rfoot 16.2162 3.34337 0
rtoes 2.32475 0 0
lowerback 6.75962 -2.99009 -5.74707
upperback 3.07151 -4.32524 -1.66919
thorax -0.253332 -2.17453 1.76586
lowerneck -7.05392 -9.36386 -2.09247
upperneck -0.921582 -12.3479 7.26728
head 1.61141 -6.08951 2.21529
lclavicle -2.36789e-14 -9.23084e-15 0
lhumerus -45.6149 -39.5186 106.247
lradius 59.952 0 0
lwrist 20.7948 0 0
lhand 11.1967 11.8343 0
lfingers 7.12502 0 0
lthumb 36.2537 38.0296 0
rclavicle -2.36789e-14 -9.23084e-15 0
rhumerus -36.8185 43.7612 -67.5756
rradius 68.0691 0 0
rwrist 17.5448 0 0
rhand -3.0556 -4.39152 0
rfingers 7.12502 0 0
rthumb 22.6257 -752.665 0
289
root 8.39373 15.6766 -24.4164 11.3371 54.4552 10.11
lfemur -22.7288 20.0556 -17.5846
ltibia 49.5323 0 0
lfoot -17.2393 -19.6741 0
ltoes 56.1085 0 0
rfemur -42.1506 -12.7368 25.6774
rtibia 57.5387 0 0
rfoot 16.2684 4.08067 0
rtoes 2.18646 0 0
lowerback 6.91641 -3.00106 -5.8927
upperback 3.1796 -4.35029 -1.79766
thorax -0.225512 -2.18798 1.72081
lowerneck -6.97511 -9.41634 -2.10182
upperneck -1.0137 -12.4194 7.44897
head 1.58404 -6.12381 2.27653
lclavicle -2.41903e-14 -9.4983e-15 0
lhumerus -45.4461 -39.6771 105.874
lradius 59.9083 0 0
lwrist 20.8262 0 0
lhand 11.3213 11.8144 0
lfingers 7.12502 0 0
lthumb 36.3718 37.9816 0
rclavicle -2.41903e-14 -9.4983e-15 0
rhumerus -36.6668 45.193 -67.6477
rradius 68.7625 0 0
rwrist 16.8283 0 0
rhand -2.60681 -4.4613 0
rfingers 7.12502 0 0
rthumb 23.0569 -752.691 0
290
root 8.42939 15.6636 -24.3816 11.3908 54.6616 10.4273
lfemur -22.3735 20.0004 -17.6046
ltibia 49.6758 0 0
lfoot -17.2433 -20.0206 0
ltoes 56.2465 0 0
rfemur -42.8659 -13.2031 26.3296
rtibia 57.552 0 0
rfoot 16.3206 4.81796 0
rtoes 2.04817 0 0
lowerback 7.07321 -3.01204 -6.03834
upperback 3.28769 -4.37535 -1.92613
thorax -0.197693 -2.20142 1.67576
lowerneck -6.8963 -9.46882 -2.11116
upperneck -1.10582 -12.4908 7.63066
head 1.55668 -6.1581 2.33777
lclavicle -2.47017e-14 -9.76575e-15 0
lhumerus -45.2772 -39.8357 105.5
lradius 59.8646 0 0
lwrist 20.8576 0 0
lhand 11.4459 11.7945 0
lfingers 7.12502 0 0
lthumb 36.49 37.9336 0
rclavicle -2.47017e-14 -9.76575e-15 0
rhumerus -36.515 46.6249 -67.7197
rradius 69.456 0 0
rwrist 16.1119 0 0
rhand -2.15801 -4.53107 0
rfingers 7.12502 0 0
rthumb 23.4882 -752.716 0
291
root 8.46504 15.6506 -24.3469 11.4445 54.868 10.7446
lfemur -22.0183 19.9453 -17.6247
ltibia 49.8193 0 0
lfoot -17.2472 -20.367 0
ltoes 56.3844 0 0
rfemur -43.5812 -13.6694 26.9817
rtibia 57.5653 0 0
rfoot 16.3728 5.55526 0
rtoes 1.90988 0 0
lowerback 7.23 -3.02301 -6.18397
upperback 3.39579 -4.4004 -2.0546
thorax -0.169873 -2.21487 1.63071
lowerneck -6.81749 -9.5213 -2.12051
upperneck -1.19793 -12.5623 7.81235
head 1.52931 -6.19239 2.39901
lclavicle -2.52131e-14 -1.00332e-14 0
lhumerus -45.1083 -39.9942 105.127
lradius 59.821 0 0
lwrist 20.889 0 0
lhand 11.5706 11.7745 0
lfingers 7.12502 0 0
lthumb 36.6082 37.8856 0
rclavicle -2.52131e-14 -1.00332e-14 0
rhumerus -36.3633 48.0568 -67.7918
rradius 70.1494 0 0
rwrist 15.3955 0 0
rhand -1.70922 -4.60085 0
rfingers 7.12502 0 0
rthumb 23.9195 -752.742 0
292
root 8.5007 15.6376 -24.3121 11.4982 55.0744 11.0619
lfemur -21.6631 19.8901 -17.6447
ltibia 49.9628 0 0
lfoot -17.2511 -20.7135 0
ltoes 56.5224 0 0
rfemur -44.2966 -14.1357 27.6339
rtibia 57.5786 0 0
rfoot 16.425 6.29255 0
rtoes 1.77159 0 0
lowerback 7.3868 -3.03399 -6.32961
upperback 3.50388 -4.42546 -2.18308
thorax -0.142054 -2.22832 1.58567
lowerneck -6.73868 -9.57378 -2.12985
upperneck -1.29005 -12.6337 7.99404
head 1.50194 -6.22669 2.46024
lclavicle -2.57245e-14 -1.03007e-14 0
lhumerus -44.9395 -40.1527 104.754
lradius 59.7773 0 0
lwrist 20.9204 0 0
lhand 11.6952 11.7546 0
lfingers 7.12502 0 0
lthumb 36.7263 37.8376 0
rclavicle -2.57245e-14 -1.03007e-14 0
rhumerus -36.2116 49.4886 -67.8639
rradius 70.8428 0 0
rwrist 14.6791 0 0
rhand -1.26043 -4.67063 0
rfingers 7.12502 0 0
rthumb 24.3507 -752.768 0
293
root 8.53636 15.6246 -24.2774 11.5518 55.2808 11.3792
lfemur -21.3078 19.835 -17.6648
ltibia 50.1063 0 0
lfoot -17.255 -21.06 0
ltoes 56.6603 0 0
rfemur -45.0119 -14.602 28.286
rtibia 57.5919 0 0
rfoot 16.4772 7.02985 0
rtoes 1.6333 0 0
lowerback 7.54359 -3.04496 -6.47524
upperback 3.61197 -4.45051 -2.31155
thorax -0.114235 -2.24176 1.54062
lowerneck -6.65987 -9.62626 -2.1392
upperneck -1.38217 -12.7052 8.17573
head 1.47458 -6.26098 2.52148
lclavicle -2.62359e-14 -1.05681e-14 0
lhumerus -44.7706 -40.3112 104.38
lradius 59.7336 0 0
lwrist 20.9518 0 0
lhand 11.8198 11.7347 0
lfingers 7.12502 0 0
lthumb 36.8445 37.7896 0
rclavicle -2.62359e-14 -1.05681e-14 0
rhumerus -36.0599 50.9205 -67.9359
rradius 71.5363 0 0
rwrist 13.9626 0 0
rhand -0.811631 -4.74041 0
rfingers 7.12502 0 0
rthumb 24.782 -752.793 0
294
root 8.57202 15.6116 -24.2426 11.6055 55.4873 11.6966
lfemur -20.9526 19.7798 -17.6848
ltibia 50.2499 0 0
lfoot -17.2589 -21.4065 0
ltoes 56.7983 0 0
rfemur -45.7273 -15.0683 28.9382
rtibia 57.6052 0 0
rfoot 16.5294 7.76715 0
rtoes 1.49501 0 0
lowerback 7.70039 -3.05594 -6.62088
upperback 3.72006 -4.47557 -2.44002
thorax -0.0864152 -2.25521 1.49557
lowerneck -6.58105 -9.67875 -2.14854
upperneck -1.47428 -12.7766 8.35742
head 1.44721 -6.29527 2.58272
lclavicle -2.67474e-14 -1.08356e-14 0
lhumerus -44.6018 -40.4697 104.007
lradius 59.6899 0 0
lwrist 20.9832 0 0
lhand 11.9444 11.7148 0
lfingers 7.12502 0 0
lthumb 36.9626 37.7416 0
rclavicle -2.67474e-14 -1.08356e-14 0
rhumerus -35.9081 52.3524 -68.008
rradius 72.2297 0 0
rwrist 13.2462 0 0
rhand -0.362837 -4.81019 0
rfingers 7.12502 0 0
rthumb 25.2132 -752.819 0
295
root 8.60767 15.5986 -24.2079 11.6592 55.6937 12.0139
lfemur -20.5974 19.7247 -17.7049
ltibia 50.3934 0 0
lfoot -17.2629 -21.753 0
ltoes 56.9362 0 0
rfemur -46.4426 -15.5346 29.5903
rtibia 57.6185 0 0
rfoot 16.5816 8.50444 0
rtoes 1.35672 0 0
lowerback 7.85718 -3.06691 -6.76651
upperback 3.82815 -4.50062 -2.56849
thorax -0.0585958 -2.26865 1.45052
lowerneck -6.50224 -9.73123 -2.15789
upperneck -1.5664 -12.8481 8.53911
head 1.41985 -6.32957 2.64396
lclavicle -2.72588e-14 -1.1103e-14 0
lhumerus -44.4329 -40.6282 103.634
lradius 59.6462 0 0
lwrist 21.0146 0 0
lhand 12.0691 11.6949 0
lfingers 7.12502 0 0
lthumb 37.0808 37.6936 0
rclavicle -2.72588e-14 -1.1103e-14 0
rhumerus -35.7564 53.7843 -68.0801
rradius 72.9232 0 0
rwrist 12.5298 0 0
rhand 0.0859576 -4.87996 0
rfingers 7.12502 0 0
rthumb 25.6445 -752.845 0
296
root 8.64333 15.5856 -24.1731 11.7129 55.9001 12.3312
lfemur -20.2421 19.6695 -17.725
ltibia 50.5369 0 0
lfoot -17.2668 -22.0994 0
ltoes 57.0742 0 0
rfemur -47.1579 -16.0008 30.2425
rtibia 57.6318 0 0
rfoot 16.6338 9.24174 0
rtoes 1.21843 0 0
lowerback 8.01397 -3.07789 -6.91215
upperback 3.93624 -4.52567 -2.69696
thorax -0.0307764 -2.2821 1.40547
lowerneck -6.42343 -9.78371 -2.16723
upperneck -1.65852 -12.9195 8.7208
head 1.39248 -6.36386 2.7052
lclavicle -2.77702e-14 -1.13705e-14 0
lhumerus -44.264 -40.7867 103.261
lradius 59.6025 0 0
lwrist 21.046 0 0
lhand 12.1937 11.6749 0
lfingers 7.12502 0 0
lthumb 37.199 37.6456 0
rclavicle -2.77702e-14 -1.13705e-14 0
rhumerus -35.6047 55.2161 -68.1521
rradius 73.6166 0 0
rwrist 11.8133 0 0
rhand 0.534752 -4.94974 0
rfingers 7.12502 0 0
rthumb 26.0758 -752.87 0
297
root 8.67899 15.5726 -24.1384 11.7666 56.1065 12.6485
lfemur -19.8869 19.6144 -17.745
ltibia 50.6804 0 0
lfoot -17.2707 -22.4459 0
ltoes 57.2122 0 0
rfemur -47.8733 -16.4671 30.8946
rtibia 57.6451 0 0
rfoot 16.686 9.97904 0
rtoes 1.08014 0 0
lowerback 8.17077 -3.08887 -7.05778
upperback 4.04433 -4.55073 -2.82543
thorax -0.002957 -2.29554 1.36042
lowerneck -6.34462 -9.83619 -2.17657
upperneck -1.75063 -12.9909 8.90249
head 1.36512 -6.39815 2.76644
lclavicle -2.82816e-14 -1.16379e-14 0
lhumerus -44.0952 -40.9453 102.887
lradius 59.5588 0 0
lwrist 21.0774 0 0
lhand 12.3183 11.655 0
lfingers 7.12502 0 0
lthumb 37.3171 37.5976 0
rclavicle -2.82816e-14 -1.16379e-14 0
rhumerus -35.453 56.648 -68.2242
rradius 74.3101 0 0
rwrist 11.0969 0 0
rhand 0.983546 -5.01952 0
rfingers 7.12502 0 0
rthumb 26.507 -752.896 0
298
root 8.71464 15.5596 -24.1036 11.8203 56.3129 12.9658
lfemur -19.5317 19.5592 -17.7651
ltibia 50.8239 0 0
lfoot -17.2746 -22.7924 0
ltoes 57.3501 0 0
rfemur -48.5886 -16.9334 31.5468
rtibia 57.6584 0 0
rfoot 16.7383 10.7163 0
rtoes 0.941853 0 0
lowerback 8.32756 -3.09984 -7.20342
upperback 4.15243 -4.57578 -2.95391
thorax 0.0248624 -2.30899 1.31537
lowerneck -6.26581 -9.88867 -2.18592
upperneck -1.84275 -13.0624 9.08418
head 1.33775 -6.43244 2.82768
lclavicle -2.8793e-14 -1.19054e-14 0
lhumerus -43.9263 -41.1038 102.514
lradius 59.5151 0 0
lwrist 21.1088 0 0
lhand 12.443 11.6351 0
lfingers 7.12502 0 0
lthumb 37.4353 37.5496 0
rclavicle -2.8793e-14 -1.19054e-14 0
rhumerus -35.3012 58.0799 -68.2963
rradius 75.0035 0 0
rwrist 10.3805 0 0
rhand 1.43234 -5.0893 0
rfingers 7.12502 0 0
rthumb 26.9383 -752.922 0
299
root 8.7503 15.5466 -24.0689 11.8739 56.5193 13.2832
lfemur -19.1764 19.5041 -17.7851
ltibia 50.9675 0 0
lfoot -17.2785 -23.1389 0
ltoes 57.4881 0 0
rfemur -49.3039 -17.3997 32.1989
rtibia 57.6717 0 0
rfoot 16.7905 11.4536 0
rtoes 0.803564 0 0
lowerback 8.48436 -3.11082 -7.34905
upperback 4.26052 -4.60084 -3.08238
thorax 0.0526818 -2.32243 1.27032
lowerneck -6.187 -9.94115 -2.19526
upperneck -1.93487 -13.1338 9.26587
head 1.31039 -6.46674 2.88892
lclavicle -2.93045e-14 -1.21729e-14 0
lhumerus -43.7574 -41.2623 102.141
lradius 59.4714 0 0
lwrist 21.1402 0 0
lhand 12.5676 11.6152 0
lfingers 7.12502 0 0
lthumb 37.5535 37.5016 0
rclavicle -2.93045e-14 -1.21729e-14 0
rhumerus -35.1495 59.5117 -68.3683
rradius 75.697 0 0
rwrist 9.66406 0 0
rhand 1.88114 -5.15908 0
rfingers 7.12502 0 0
rthumb 27.3695 -752.947 0
300
root 8.78596 15.5336 -24.0341 11.9276 56.7257 13.6005
lfemur -18.8212 19.4489 -17.8052
ltibia 51.111 0 0
lfoot -17.2825 -23.4853 0
ltoes 57.626 0 0
rfemur -50.0193 -17.866 32.8511
rtibia 57.685 0 0
rfoot 16.8427 12.1909 0
rtoes 0.665275 0 0
lowerback 8.64115 -3.12179 -7.49469
upperback 4.36861 -4.62589 -3.21085
thorax 0.0805012 -2.33588 1.22527
lowerneck -6.10819 -9.99363 -2.20461
upperneck -2.02698 -13.2053 9.44757
head 1.28302 -6.50103 2.95016
lclavicle -2.98159e-14 -1.24403e-14 0
lhumerus -43.5886 -41.4208 101.767
lradius 59.4277 0 0
lwrist 21.1716 0 0
lhand 12.6922 11.5953 0
lfingers 7.12502 0 0
lthumb 37.6716 37.4536 0
rclavicle -2.98159e-14 -1.24403e-14 0
rhumerus -34.9978 60.9436 -68.4404
rradius 76.3904 0 0
rwrist 8.94763 0 0
rhand 2.32993 -5.22885 0
rfingers 7.12502 0 0
rthumb 27.8008 -752.973 0
301
root 8.82162 15.5206 -23.9994 11.9813 56.9321 13.9178
lfemur -18.466 19.3938 -17.8253
ltibia 51.2545 0 0
lfoot -17.2864 -23.8318 0
ltoes 57.764 0 0
rfemur -50.7346 -18.3323 33.5032
rtibia 57.6984 0 0
rfoot 16.8949 12.9282 0
rtoes 0.526986 0 0
lowerback 8.79794 -3.13277 -7.64032
upperback 4.4767 -4.65094 -3.33932
thorax 0.108321 -2.34933 1.18022
lowerneck -6.02938 -10.0461 -2.21395
upperneck -2.1191 -13.2767 9.62926
head 1.25565 -6.53532 3.0114
lclavicle -3.03273e-14 -1.27078e-14 0
lhumerus -43.4197 -41.5793 101.394
lradius 59.384 0 0
lwrist 21.203 0 0
lhand 12.8168 11.5753 0
lfingers 7.12502 0 0
lthumb 37.7898 37.4056 0
rclavicle -3.03273e-14 -1.27078e-14 0
rhumerus -34.8461 62.3755 -68.5125
rradius 77.0838 0 0
rwrist 8.2312 0 0
rhand 2.77872 -5.29863 0
rfingers 7.12502 0 0
rthumb 28.232 -752.999 0
302
root 8.85727 15.5076 -23.9646 12.035 57.1385 14.2351
lfemur -18.1108 19.3386 -17.8453
ltibia 51.398 0 0
lfoot -17.2903 -24.1783 0
ltoes 57.9019 0 0
rfemur -51.4499 -18.7986 34.1554
rtibia 57.7117 0 0
rfoot 16.9471 13.6655 0
rtoes 0.388696 0 0
lowerback 8.95474 -3.14374 -7.78596
upperback 4.58479 -4.676 -3.46779
thorax 0.13614 -2.36277 1.13517
lowerneck -5.95057 -10.0986 -2.2233
upperneck -2.21122 -13.3482 9.81095
head 1.22829 -6.56962 3.07263
lclavicle -3.08387e-14 -1.29752e-14 0
lhumerus -43.2508 -41.7378 101.021
lradius 59.3404 0 0
lwrist 21.2344 0 0
lhand 12.9415 11.5554 0
lfingers 7.12502 0 0
lthumb 37.908 37.3576 0
rclavicle -3.08387e-14 -1.29752e-14 0
rhumerus -34.6943 63.8073 -68.5846
rradius 77.7773 0 0
rwrist 7.51477 0 0
rhand 3.22752 -5.36841 0
rfingers 7.12502 0 0
rthumb 28.6633 -753.025 0
303
root 8.89293 15.4946 -23.9299 12.0887 57.345 14.5524
lfemur -17.7555 19.2835 -17.8654
ltibia 51.5415 0 0
lfoot -17.2942 -24.5248 0
ltoes 58.0399 0 0
rfemur -52.1653 -19.2649 34.8075
rtibia 57.725 0 0
rfoot 16.9993 14.4028 0
rtoes 0.250407 0 0
lowerback 9.11153 -3.15472 -7.93159
upperback 4.69288 -4.70105 -3.59626
thorax 0.163959 -2.37622 1.09012
lowerneck -5.87175 -10.1511 -2.23264
upperneck -2.30333 -13.4196 9.99264
head 1.20092 -6.60391 3.13387
lclavicle -3.13501e-14 -1.32427e-14 0
lhumerus -43.082 -41.8963 100.648
lradius 59.2967 0 0
lwrist 21.2658 0 0
lhand 13.0661 11.5355 0
lfingers 7.12502 0 0
lthumb 38.0261 37.3096 0
rclavicle -3.13501e-14 -1.32427e-14 0
rhumerus -34.5426 65.2392 -68.6566
rradius 78.4707 0 0
rwrist 6.79834 0 0
rhand 3.67631 -5.43819 0
rfingers 7.12502 0 0
rthumb 29.0946 -753.05 0
304
root 8.92859 15.4816 -23.8951 12.1424 57.5514 14.8697
lfemur -17.4003 19.2283 -17.8854
ltibia 51.685 0 0
lfoot -17.2981 -24.8713 0
ltoes 58.1778 0 0
rfemur -52.8806 -19.7312 35.4597
rtibia 57.7383 0 0
rfoot 17.0515 15.1401 0
rtoes 0.112118 0 0
lowerback 9.26833 -3.16569 -8.07723
upperback 4.80098 -4.72611 -3.72474
thorax 0.191779 -2.38966 1.04507
lowerneck -5.79294 -10.2036 -2.24199
upperneck -2.39545 -13.4911 10.1743
head 1.17356 -6.6382 3.19511
lclavicle -3.18615e-14 -1.35101e-14 0
lhumerus -42.9131 -42.0549 100.274
lradius 59.253 0 0
lwrist 21.2972 0 0
lhand 13.1907 11.5156 0
lfingers 7.12502 0 0
lthumb 38.1443 37.2616 0
rclavicle -3.18615e-14 -1.35101e-14 0
rhumerus -34.3909 66.6711 -68.7287
rradius 79.1642 0 0
rwrist 6.08192 0 0
rhand 4.12511 -5.50797 0
rfingers 7.12502 0 0
rthumb 29.5258 -753.076 0
305
root 8.96425 15.4686 -23.8604 12.196 57.7578 15.1871
lfemur -17.0451 19.1732 -17.9055
ltibia 51.8286 0 0
lfoot -17.3021 -25.2177 0
ltoes 58.3158 0 0
rfemur -53.5959 -20.1975 36.1118
rtibia 57.7516 0 0
rfoot 17.1037 15.8774 0
rtoes -0.0261715 0 0
lowerback 9.42512 -3.17667 -8.22286
upperback 4.90907 -4.75116 -3.85321
thorax 0.219598 -2.40311 1.00002
lowerneck -5.71413 -10.256 -2.25133
upperneck -2.48757 -13.5625 10.356
head 1.14619 -6.67249 3.25635
lclavicle -3.2373e-14 -1.37776e-14 0
lhumerus -42.7442 -42.2134 99.9011
lradius 59.2093 0 0
lwrist 21.3286 0 0
lhand 13.3153 11.4956 0
lfingers 7.12502 0 0
lthumb 38.2625 37.2136 0
rclavicle -3.2373e-14 -1.37776e-14 0
rhumerus -34.2392 68.103 -68.8008
rradius 79.8576 0 0
rwrist 5.36549 0 0
rhand 4.5739 -5.57774 0
rfingers 7.12502 0 0
rthumb 29.9571 -753.102 0
306
root 8.9999 15.4556 -23.8256 12.2497 57.9642 15.5044
lfemur -16.6898 19.118 -17.9255
ltibia 51.9721 0 0
lfoot -17.306 -25.5642 0
ltoes 58.4537 0 0
rfemur -54.3113 -20.6638 36.764
rtibia 57.7649 0 0
rfoot 17.1559 16.6147 0
rtoes -0.164461 0 0
lowerback 9.58192 -3.18764 -8.3685
upperback 5.01716 -4.77622 -3.98168
thorax 0.247418 -2.41655 0.954971
lowerneck -5.63532 -10.3085 -2.26068
upperneck -2.57968 -13.634 10.5377
head 1.11883 -6.70679 3.31759
lclavicle -3.28844e-14 -1.4045e-14 0
lhumerus -42.5754 -42.3719 99.5278
lradius 59.1656 0 0
lwrist 21.36 0 0
lhand 13.44 11.4757 0
lfingers 7.12502 0 0
lthumb 38.3806 37.1656 0
rclavicle -3.28844e-14 -1.4045e-14 0
rhumerus -34.0874 69.5348 -68.8728
rradius 80.5511 0 0
rwrist 4.64906 0 0
rhand 5.0227 -5.64752 0
rfingers 7.12502 0 0
rthumb 30.3883 -753.127 0
307
root 9.03556 15.4426 -23.7909 12.3034 58.1706 15.8217
lfemur -16.3346 19.0629 -17.9456
ltibia 52.1156 0 0
lfoot -17.3099 -25.9107 0
ltoes 58.5917 0 0
rfemur -55.0266 -21.1301 37.4161
rtibia 57.7782 0 0
rfoot 17.2081 17.352 0
rtoes -0.30275 0 0
lowerback 9.73871 -3.19862 -8.51413
upperback 5.12525 -4.80127 -4.11015
thorax 0.275237 -2.43 0.909921
lowerneck -5.55651 -10.361 -2.27002
upperneck -2.6718 -13.7054 10.7194
head 1.09146 -6.74108 3.37883
lclavicle -3.33958e-14 -1.43125e-14 0
lhumerus -42.4065 -42.5304 99.1545
lradius 59.1219 0 0
lwrist 21.3914 0 0
lhand 13.5646 11.4558 0
lfingers 7.12502 0 0
lthumb 38.4988 37.1176 0
rclavicle -3.33958e-14 -1.43125e-14 0
rhumerus -33.9357 70.9667 -68.9449
rradius 81.2445 0 0
rwrist 3.93263 0 0
rhand 5.47149 -5.7173 0
rfingers 7.12502 0 0
rthumb 30.8196 -753.153 0
308
root 9.01396 15.4579 -23.7247 12.1645 57.3528 15.4794
lfemur -16.096 19.1855 -17.7266
ltibia 51.5815 0 0
lfoot -17.7211 -24.394 0
ltoes 56.6373 0 0
rfemur -54.7205 -20.4968 35.5834
rtibia 57.6745 0 0
rfoot 16.813 15.854 0
rtoes 1.27868 0 0
lowerback 9.60674 -3.07741 -8.29102
upperback 5.07555 -4.62184 -3.98827
thorax 0.278416 -2.34001 0.895929
lowerneck -5.4538 -10.4586 -2.04928
upperneck -2.85842 -13.8299 10.543
head 0.98798 -6.81501 3.30012
lclavicle -3.63502e-14 -1.29111e-14 0
lhumerus -42.8746 -43.1062 99.9881
lradius 59.1605 0 0
lwrist 21.1018 0 0
lhand 13.6184 11.5519 0
lfingers 7.12502 0 0
lthumb 38.5495 37.1991 0
rclavicle -3.63502e-14 -1.29111e-14 0
rhumerus -32.6074 67.8371 -68.4673
rradius 81.1512 0 0
rwrist 3.14437 0 0
rhand 2.60802 -7.77863 0
rfingers 7.12502 0 0
rthumb 28.0629 -755.266 0
309
root 8.99235 15.4732 -23.6585 12.0257 56.535 15.1371
lfemur -15.8574 19.3081 -17.5076
ltibia 51.0474 0 0
lfoot -18.1323 -22.8772 0
ltoes 54.6829 0 0
rfemur -54.4144 -19.8636 33.7507
rtibia 57.5707 0 0
rfoot 16.418 14.3561 0
rtoes 2.86012 0 0
lowerback 9.47477 -2.9562 -8.06791
upperback 5.02585 -4.44242 -3.86639
thorax 0.281595 -2.25002 0.881938
lowerneck -5.3511 -10.5562 -1.82855
upperneck -3.04504 -13.9544 10.3665
head 0.8845 -6.88893 3.22141
lclavicle -3.93047e-14 -1.15096e-14 0
lhumerus -43.3428 -43.682 100.822
lradius 59.1991 0 0
lwrist 20.8123 0 0
lhand 13.6721 11.6479 0
lfingers 7.12502 0 0
lthumb 38.6002 37.2807 0
rclavicle -3.93047e-14 -1.15096e-14 0
rhumerus -31.2791 64.7075 -67.9897
rradius 81.0578 0 0
rwrist 2.35611 0 0
rhand -0.255459 -9.83997 0
rfingers 7.12502 0 0
rthumb 25.3063 -757.38 0
310
root 8.97075 15.4885 -23.5923 11.8868 55.7173 14.7948
lfemur -15.6188 19.4307 -17.2887
ltibia 50.5132 0 0
lfoot -18.5435 -21.3605 0
ltoes 52.7285 0 0
rfemur -54.1083 -19.2303 31.918
rtibia 57.467 0 0
rfoot 16.0229 12.8581 0
rtoes 4.44155 0 0
lowerback 9.3428 -2.83499 -7.8448
upperback 4.97616 -4.26299 -3.74451
thorax 0.284775 -2.16003 0.867946
lowerneck -5.24839 -10.6539 -1.60781
upperneck -3.23165 -14.0789 10.1901
head 0.781019 -6.96286 3.14271
lclavicle -4.22591e-14 -1.01082e-14 0
lhumerus -43.8109 -44.2577 101.655
lradius 59.2377 0 0
lwrist 20.5227 0 0
lhand 13.7259 11.744 0
lfingers 7.12502 0 0
lthumb 38.6509 37.3622 0
rclavicle -4.22591e-14 -1.01082e-14 0
rhumerus -29.9508 61.5779 -67.5121
rradius 80.9645 0 0
rwrist 1.56785 0 0
rhand -3.11893 -11.9013 0
rfingers 7.12502 0 0
rthumb 22.5496 -759.493 0
311
root 8.94914 15.5038 -23.5261 11.7479 54.8995 14.4525
lfemur -15.3802 19.5533 -17.0697
ltibia 49.9791 0 0
lfoot -18.9547 -19.8437 0
ltoes 50.7741 0 0
rfemur -53.8022 -18.5971 30.0854
rtibia 57.3632 0 0
rfoot 15.6279 11.3601 0
rtoes 6.02298 0 0
lowerback 9.21083 -2.71378 -7.62169
upperback 4.92646 -4.08356 -3.62263
thorax 0.287954 -2.07004 0.853954
lowerneck -5.14569 -10.7515 -1.38707
upperneck -3.41827 -14.2034 10.0136
head 0.677539 -7.03678 3.064
lclavicle -4.52136e-14 -8.70678e-15 0
lhumerus -44.2791 -44.8335 102.489
lradius 59.2763 0 0
lwrist 20.2332 0 0
lhand 13.7796 11.84 0
lfingers 7.12502 0 0
lthumb 38.7015 37.4437 0
rclavicle -4.52136e-14 -8.70678e-15 0
rhumerus -28.6225 58.4483 -67.0345
rradius 80.8711 0 0
rwrist 0.779584 0 0
rhand -5.98241 -13.9626 0
rfingers 7.12502 0 0
rthumb 19.7929 -761.607 0
312
root 8.92754 15.5191 -23.4599 11.6091 54.0817 14.1102
lfemur -15.1416 19.6759 -16.8507
ltibia 49.445 0 0
lfoot -19.3659 -18.327 0
ltoes 48.8197 0 0
rfemur -53.4961 -17.9638 28.2527
rtibia 57.2595 0 0
rfoot 15.2328 9.86215 0
rtoes 7.60441 0 0
lowerback 9.07886 -2.59257 -7.39858
upperback 4.87676 -3.90414 -3.50075
thorax 0.291133 -1.98005 0.839963
lowerneck -5.04298 -10.8491 -1.16634
upperneck -3.60489 -14.3278 9.83716
head 0.574059 -7.11071 2.98529
lclavicle -4.8168e-14 -7.30535e-15 0
lhumerus -44.7472 -45.4093 103.323
lradius 59.3149 0 0
lwrist 19.9436 0 0
lhand 13.8334 11.9361 0
lfingers 7.12502 0 0
lthumb 38.7522 37.5252 0
rclavicle -4.8168e-14 -7.30535e-15 0
rhumerus -27.2942 55.3187 -66.557
rradius 80.7778 0 0
rwrist -0.0086775 0 0
rhand -8.84588 -16.024 0
rfingers 7.12502 0 0
rthumb 17.0362 -763.72 0
313
root 8.90593 15.5345 -23.3936 11.4702 53.2639 13.7679
lfemur -14.903 19.7985 -16.6317
ltibia 48.9108 0 0
lfoot -19.7771 -16.8102 0
ltoes 46.8652 0 0
rfemur -53.1899 -17.3306 26.42
rtibia 57.1558 0 0
rfoot 14.8378 8.36418 0
rtoes 9.18584 0 0
lowerback 8.94689 -2.47135 -7.17547
upperback 4.82707 -3.72471 -3.37887
thorax 0.294312 -1.89006 0.825971
lowerneck -4.94028 -10.9467 -0.945601
upperneck -3.79151 -14.4523 9.66071
head 0.470578 -7.18463 2.90658
lclavicle -5.11224e-14 -5.90392e-15 0
lhumerus -45.2153 -45.9851 104.156
lradius 59.3535 0 0
lwrist 19.6541 0 0
lhand 13.8872 12.0321 0
lfingers 7.12502 0 0
lthumb 38.8029 37.6068 0
rclavicle -5.11224e-14 -5.90392e-15 0
rhumerus -25.9659 52.1891 -66.0794
rradius 80.6845 0 0
rwrist -0.796939 0 0
rhand -11.7094 -18.0853 0
rfingers 7.12502 0 0
rthumb 14.2795 -765.834 0
314
root 8.88433 15.5498 -23.3274 11.3313 52.4461 13.4255
lfemur -14.6644 19.9211 -16.4127
ltibia 48.3767 0 0
lfoot -20.1883 -15.2935 0
ltoes 44.9108 0 0
rfemur -52.8838 -16.6973 24.5873
rtibia 57.052 0 0
rfoot 14.4427 6.86621 0
rtoes 10.7673 0 0
lowerback 8.81492 -2.35014 -6.95236
upperback 4.77737 -3.54528 -3.25699
thorax 0.297492 -1.80007 0.811979
lowerneck -4.83757 -11.0443 -0.724865
upperneck -3.97813 -14.5768 9.48426
head 0.367098 -7.25856 2.82787
lclavicle -5.40769e-14 -4.50249e-15 0
lhumerus -45.6835 -46.5608 104.99
lradius 59.3921 0 0
lwrist 19.3645 0 0
lhand 13.9409 12.1282 0
lfingers 7.12502 0 0
lthumb 38.8536 37.6883 0
rclavicle -5.40769e-14 -4.50249e-15 0
rhumerus -24.6376 49.0595 -65.6018
rradius 80.5911 0 0
rwrist -1.5852 0 0
rhand -14.5728 -20.1466 0
rfingers 7.12502 0 0
rthumb 11.5229 -767.947 0
315
root 8.86272 15.5651 -23.2612 11.1925 51.6284 13.0832
lfemur -14.4258 20.0437 -16.1938
ltibia 47.8426 0 0
lfoot -20.5995 -13.7768 0
ltoes 42.9564 0 0
rfemur -52.5777 -16.0641 22.7546
rtibia 56.9483 0 0
rfoot 14.0477 5.36824 0
rtoes 12.3487 0 0
lowerback 8.68295 -2.22893 -6.72925
upperback 4.72767 -3.36585 -3.13511
thorax 0.300671 -1.71008 0.797987
lowerneck -4.73487 -11.142 -0.504128
upperneck -4.16474 -14.7013 9.30782
head 0.263618 -7.33248 2.74917
lclavicle -5.70313e-14 -3.10106e-15 0
lhumerus -46.1516 -47.1366 105.823
lradius 59.4307 0 0
lwrist 19.075 0 0
lhand 13.9947 12.2242 0
lfingers 7.12502 0 0
lthumb 38.9043 37.7698 0
rclavicle -5.70313e-14 -3.10106e-15 0
rhumerus -23.3094 45.9299 -65.1242
rradius 80.4978 0 0
rwrist -2.37346 0 0
rhand -17.4363 -22.208 0
rfingers 7.12502 0 0
rthumb 8.7662 -770.061 0
316
root 8.84112 15.5804 -23.195 11.0536 50.8106 12.7409
lfemur -14.1872 20.1663 -15.9748
ltibia 47.3085 0 0
lfoot -21.0107 -12.26 0
ltoes 41.002 0 0
rfemur -52.2716 -15.4308 20.9219
rtibia 56.8445 0 0
rfoot 13.6526 3.87027 0
rtoes 13.9301 0 0
lowerback 8.55098 -2.10772 -6.50614
upperback 4.67797 -3.18643 -3.01323
thorax 0.30385 -1.62009 0.783996
lowerneck -4.63216 -11.2396 -0.283392
upperneck -4.35136 -14.8258 9.13137
head 0.160138 -7.40641 2.67046
lclavicle -5.99858e-14 -1.69963e-15 0
lhumerus -46.6198 -47.7124 106.657
lradius 59.4693 0 0
lwrist 18.7854 0 0
lhand 14.0484 12.3203 0
lfingers 7.12502 0 0
lthumb 38.955 37.8514 0
rclavicle -5.99858e-14 -1.69963e-15 0
rhumerus -21.9811 42.8003 -64.6466
rradius 80.4044 0 0
rwrist -3.16172 0 0
rhand -20.2998 -24.2693 0
rfingers 7.12502 0 0
rthumb 6.00953 -772.174 0
317
root 8.81952 15.5957 -23.1288 10.9147 49.9928 12.3986
lfemur -13.9486 20.2889 -15.7558
ltibia 46.7743 0 0
lfoot -21.4218 -10.7433 0
ltoes 39.0476 0 0
rfemur -51.9655 -14.7975 19.0893
rtibia 56.7408 0 0
rfoot 13.2576 2.3723 0
rtoes 15.5116 0 0
lowerback 8.41901 -1.98651 -6.28303
upperback 4.62828 -3.007 -2.89134
thorax 0.30703 -1.5301 0.770004
lowerneck -4.52946 -11.3372 -0.062655
upperneck -4.53798 -14.9503 8.95492
head 0.0566575 -7.48034 2.59175
lclavicle -6.29402e-14 -2.982e-16 0
lhumerus -47.0879 -48.2882 107.491
lradius 59.5078 0 0
lwrist 18.4959 0 0
lhand 14.1022 12.4163 0
lfingers 7.12502 0 0
lthumb 39.0057 37.9329 0
rclavicle -6.29402e-14 -2.982e-16 0
rhumerus -20.6528 39.6707 -64.169
rradius 80.3111 0 0
rwrist -3.94998 0 0
rhand -23.1633 -26.3307 0
rfingers 7.12502 0 0
rthumb 3.25285 -774.288 0
318
root 8.79791 15.611 -23.0626 10.7759 49.175 12.0563
lfemur -13.71 20.4114 -15.5368
ltibia 46.2402 0 0
lfoot -21.833 -9.22652 0
ltoes 37.0932 0 0
rfemur -51.6594 -14.1643 17.2566
rtibia 56.6371 0 0
rfoot 12.8625 0.87433 0
rtoes 17.093 0 0
lowerback 8.28703 -1.8653 -6.05993
upperback 4.57858 -2.82757 -2.76946
thorax 0.310209 -1.44011 0.756012
lowerneck -4.42675 -11.4348 0.158081
upperneck -4.7246 -15.0748 8.77847
head -0.0468228 -7.55426 2.51304
lclavicle -6.58946e-14 1.10323e-15 0
lhumerus -47.556 -48.8639 108.324
lradius 59.5464 0 0
lwrist 18.2063 0 0
lhand 14.156 12.5124 0
lfingers 7.12502 0 0
lthumb 39.0563 38.0144 0
rclavicle -6.58946e-14 1.10323e-15 0
rhumerus -19.3245 36.5411 -63.6914
rradius 80.2178 0 0
rwrist -4.73825 0 0
rhand -26.0267 -28.392 0
rfingers 7.12502 0 0
rthumb 0.496175 -776.401 0
319
root 8.77631 15.6263 -22.9964 10.637 48.3572 11.714
lfemur -13.4714 20.534 -15.3178
ltibia 45.7061 0 0
lfoot -22.2442 -7.70978 0
ltoes 35.1388 0 0
rfemur -51.3533 -13.531 15.4239
rtibia 56.5333 0 0
rfoot 12.4675 -0.62364 0
rtoes 18.6744 0 0
lowerback 8.15506 -1.74409 -5.83682
upperback 4.52888 -2.64815 -2.64758
thorax 0.313388 -1.35012 0.742021
lowerneck -4.32404 -11.5324 0.378818
upperneck -4.91122 -15.1993 8.60202
head -0.150303 -7.62819 2.43433
lclavicle -6.88491e-14 2.50466e-15 0
lhumerus -48.0242 -49.4397 109.158
lradius 59.585 0 0
lwrist 17.9167 0 0
lhand 14.2097 12.6085 0
lfingers 7.12502 0 0
lthumb 39.107 38.096 0
rclavicle -6.88491e-14 2.50466e-15 0
rhumerus -17.9962 33.4115 -63.2138
rradius 80.1244 0 0
rwrist -5.52651 0 0
rhand -28.8902 -30.4533 0
rfingers 7.12502 0 0
rthumb -2.2605 -778.514 0
320
root 8.7547 15.6416 -22.9302 10.4981 47.5395 11.3717
lfemur -13.2328 20.6566 -15.0989
ltibia 45.172 0 0
lfoot -22.6554 -6.19303 0
ltoes 33.1844 0 0
rfemur -51.0472 -12.8978 13.5912
rtibia 56.4296 0 0
rfoot 12.0724 -2.12161 0
rtoes 20.2559 0 0
lowerback 8.02309 -1.62288 -5.61371
upperback 4.47918 -2.46872 -2.5257
thorax 0.316567 -1.26013 0.728029
lowerneck -4.22134 -11.6301 0.599555
upperneck -5.09783 -15.3238 8.42558
head -0.253783 -7.70211 2.35563
lclavicle -7.18035e-14 3.90609e-15 0
lhumerus -48.4923 -50.0155 109.992
lradius 59.6236 0 0
lwrist 17.6272 0 0
lhand 14.2635 12.7045 0
lfingers 7.12502 0 0
lthumb 39.1577 38.1775 0
rclavicle -7.18035e-14 3.90609e-15 0
rhumerus -16.6679 30.2818 -62.7362
rradius 80.0311 0 0
rwrist -6.31477 0 0
rhand -31.7537 -32.5147 0
rfingers 7.12502 0 0
rthumb -5.01718 -780.628 0
321
root 8.7331 15.6569 -22.864 10.3593 46.7217 11.0294
lfemur -12.9942 20.7792 -14.8799
ltibia 44.6379 0 0
lfoot -23.0666 -4.67629 0
ltoes 31.23 0 0
rfemur -50.7411 -12.2645 11.7585
rtibia 56.3258 0 0
rfoot 11.6774 -3.61958 0
rtoes 21.8373 0 0
lowerback 7.89112 -1.50167 -5.3906
upperback 4.42949 -2.28929 -2.40382
thorax 0.319746 -1.17014 0.714037
lowerneck -4.11863 -11.7277 0.820291
upperneck -5.28445 -15.4483 8.24913
head -0.357263 -7.77604 2.27692
lclavicle -7.4758e-14 5.30752e-15 0
lhumerus -48.9605 -50.5913 110.825
lradius 59.6622 0 0
lwrist 17.3376 0 0
lhand 14.3172 12.8006 0
lfingers 7.12502 0 0
lthumb 39.2084 38.259 0
rclavicle -7.4758e-14 5.30752e-15 0
rhumerus -15.3396 27.1522 -62.2586
rradius 79.9377 0 0
rwrist -7.10303 0 0
rhand -34.6172 -34.576 0
rfingers 7.12502 0 0
rthumb -7.77385 -782.741 0
322
root 8.71149 15.6723 -22.7978 10.2204 45.9039 10.6871
lfemur -12.7556 20.9018 -14.6609
ltibia 44.1037 0 0
lfoot -23.4778 -3.15955 0
ltoes 29.2755 0 0
rfemur -50.435 -11.6313 9.92585
rtibia 56.2221 0 0
rfoot 11.2823 -5.11755 0
rtoes 23.4187 0 0
lowerback 7.75915 -1.38046 -5.16749
upperback 4.37979 -2.10987 -2.28194
thorax 0.322926 -1.08015 0.700045
lowerneck -4.01593 -11.8253 1.04103
upperneck -5.47107 -15.5727 8.07268
head -0.460744 -7.84996 2.19821
lclavicle -7.77124e-14 6.70895e-15 0
lhumerus -49.4286 -51.167 111.659
lradius 59.7008 0 0
lwrist 17.0481 0 0
lhand 14.371 12.8966 0
lfingers 7.12502 0 0
lthumb 39.2591 38.3406 0
rclavicle -7.77124e-14 6.70895e-15 0
rhumerus -14.0113 24.0226 -61.781
rradius 79.8444 0 0
rwrist -7.89129 0 0
rhand -37.4806 -36.6373 0
rfingers 7.12502 0 0
rthumb -10.5305 -784.855 0
323
root 8.68989 15.6876 -22.7315 10.0815 45.0861 10.3448
lfemur -12.517 21.0244 -14.4419
ltibia 43.5696 0 0
lfoot -23.889 -1.6428 0
ltoes 27.3211 0 0
rfemur -50.1288 -10.998 8.09316
rtibia 56.1184 0 0
rfoot 10.8872 -6.61552 0
rtoes 25.0002 0 0
lowerback 7.62718 -1.25924 -4.94438
upperback 4.33009 -1.93044 -2.16006
thorax 0.326105 -0.990162 0.686054
lowerneck -3.91322 -11.9229 1.26176
upperneck -5.65769 -15.6972 7.89623
head -0.564224 -7.92389 2.1195
lclavicle -8.06668e-14 8.11038e-15 0
lhumerus -49.8967 -51.7428 112.493
lradius 59.7394 0 0
lwrist 16.7585 0 0
lhand 14.4248 12.9927 0
lfingers 7.12502 0 0
lthumb 39.3098 38.4221 0
rclavicle -8.06668e-14 8.11038e-15 0
rhumerus -12.683 20.893 -61.3035
rradius 79.7511 0 0
rwrist -8.67955 0 0
rhand -40.3441 -38.6987 0
rfingers 7.12502 0 0
rthumb -13.2872 -786.968 0
324
root 8.66828 15.7029 -22.6653 9.94267 44.2683 10.0025
lfemur -12.2784 21.147 -14.2229
ltibia 43.0355 0 0
lfoot -24.3002 -0.126061 0
ltoes 25.3667 0 0
rfemur -49.8227 -10.3647 6.26048
rtibia 56.0146 0 0
rfoot 10.4922 -8.11349 0
rtoes 26.5816 0 0
lowerback 7.49521 -1.13803 -4.72127
upperback 4.28039 -1.75101 -2.03818
thorax 0.329284 -0.900173 0.672062
lowerneck -3.81052 -12.0205 1.4825
upperneck -5.84431 -15.8217 7.71978
head -0.667704 -7.99781 2.04079
lclavicle -8.36213e-14 9.51181e-15 0
lhumerus -50.3649 -52.3186 113.326
lradius 59.778 0 0
lwrist 16.469 0 0
lhand 14.4785 13.0887 0
lfingers 7.12502 0 0
lthumb 39.3604 38.5036 0
rclavicle -8.36213e-14 9.51181e-15 0
rhumerus -11.3547 17.7634 -60.8259
rradius 79.6577 0 0
rwrist -9.46782 0 0
rhand -43.2076 -40.76 0
rfingers 7.12502 0 0
rthumb -16.0439 -789.082 0
325
root 8.64668 15.7182 -22.5991 9.8038 43.4506 9.66016
lfemur -12.0398 21.2696 -14.004
ltibia 42.5014 0 0
lfoot -24.7114 1.39068 0
ltoes 23.4123 0 0
rfemur -49.5166 -9.73149 4.4278
rtibia 55.9109 0 0
rfoot 10.0971 -9.61146 0
rtoes 28.163 0 0
lowerback 7.36324 -1.01682 -4.49816
upperback 4.2307 -1.57158 -1.9163
thorax 0.332464 -0.810183 0.65807
lowerneck -3.70781 -12.1182 1.70324
upperneck -6.03092 -15.9462 7.54334
head -0.771185 -8.07174 1.96209
lclavicle -8.65757e-14 1.09132e-14 0
lhumerus -50.833 -52.8944 114.16
lradius 59.8166 0 0
lwrist 16.1794 0 0
lhand 14.5323 13.1848 0
lfingers 7.12502 0 0
lthumb 39.4111 38.5851 0
rclavicle -8.65757e-14 1.09132e-14 0
rhumerus -10.0264 14.6338 -60.3483
rradius 79.5644 0 0
rwrist -10.2561 0 0
rhand -46.0711 -42.8213 0
rfingers 7.12502 0 0
rthumb -18.8006 -791.195 0
326
root 8.62507 15.7335 -22.5329 9.66494 42.6328 9.31786
lfemur -11.8012 21.3922 -13.785
ltibia 41.9672 0 0
lfoot -25.1226 2.90743 0
ltoes 21.4579 0 0
rfemur -49.2105 -9.09824 2.59511
rtibia 55.8071 0 0
rfoot 9.70208 -11.1094 0
rtoes 29.7445 0 0
lowerback 7.23127 -0.895612 -4.27505
upperback 4.181 -1.39216 -1.79442
thorax 0.335643 -0.720193 0.644079
lowerneck -3.60511 -12.2158 1.92397
upperneck -6.21754 -16.0707 7.36689
head -0.874665 -8.14566 1.88338
lclavicle -8.95302e-14 1.23147e-14 0
lhumerus -51.3012 -53.4701 114.993
lradius 59.8552 0 0
lwrist 15.8899 0 0
lhand 14.586 13.2808 0
lfingers 7.12502 0 0
lthumb 39.4618 38.6667 0
rclavicle -8.95302e-14 1.23147e-14 0
rhumerus -8.69812 11.5042 -59.8707
rradius 79.471 0 0
rwrist -11.0443 0 0
rhand -48.9345 -44.8827 0
rfingers 7.12502 0 0
rthumb -21.5572 -793.309 0
327
root 8.60347 15.7488 -22.4667 9.52607 41.815 8.97555
lfemur -11.5626 21.5148 -13.566
ltibia 41.4331 0 0
lfoot -25.5338 4.42417 0
ltoes 19.5035 0 0
rfemur -48.9044 -8.46498 0.762431
rtibia 55.7034 0 0
rfoot 9.30703 -12.6074 0
rtoes 31.3259 0 0
lowerback 7.0993 -0.774401 -4.05194
upperback 4.1313 -1.21273 -1.67254
thorax 0.338822 -0.630203 0.630087
lowerneck -3.5024 -12.3134 2.14471
upperneck -6.40416 -16.1952 7.19044
head -0.978145 -8.21959 1.80467
lclavicle -9.24846e-14 1.37161e-14 0
lhumerus -51.7693 -54.0459 115.827
lradius 59.8938 0 0
lwrist 15.6003 0 0
lhand 14.6398 13.3769 0
lfingers 7.12502 0 0
lthumb 39.5125 38.7482 0
rclavicle -9.24846e-14 1.37161e-14 0
rhumerus -7.36983 8.37462 -59.3931
rradius 79.3777 0 0
rwrist -11.8326 0 0
rhand -51.798 -46.944 0
rfingers 7.12502 0 0
rthumb -24.3139 -795.422 0
328
root 8.59837 15.7674 -22.3451 9.74844 40.9219 8.85958
lfemur -11.879 22.3586 -13.7466
ltibia 41.373 0 0
lfoot -22.8111 12.0804 0
ltoes -6.25371 0 0
rfemur -48.1673 -7.9921 -0.404652
rtibia 55.4317 0 0
rfoot 9.28539 -15.1136 0
rtoes 34.6148 0 0
lowerback 6.37192 -0.978164 -3.82888
upperback 3.96029 -1.44593 -1.57647
thorax 0.569659 -0.749337 0.606812
lowerneck -3.62936 -12.13 1.89812
upperneck -6.05405 -15.9722 7.16612
head -0.834565 -8.09124 1.80702
lclavicle 3.80176e-14 -6.75868e-15 0
lhumerus -51.257 -52.8041 115.311
lradius 59.8831 0 0
lwrist 15.0167 0 0
lhand 14.2965 13.5109 0
lfingers 7.12502 0 0
lthumb 39.189 38.9765 0
rclavicle 3.80176e-14 -6.75868e-15 0
rhumerus -8.24089 11.155 -58.984
rradius 80.1119 0 0
rwrist -8.1824 0 0
rhand -46.9537 -38.8608 0
rfingers 7.12502 0 0
rthumb -19.6628 -787.886 0
329
root 8.59249 15.7894 -22.2181 10.0692 39.9154 8.74866
lfemur -12.287 23.1961 -14.0008
ltibia 41.3051 0 0
lfoot -19.0349 17.1637 0
ltoes -21.4227 0 0
rfemur -47.6685 -7.80376 -1.20565
rtibia 55.2832 0 0
rfoot 9.10105 -17.425 0
rtoes 37.0327 0 0
lowerback 5.56182 -1.20888 -3.62448
upperback 3.7516 -1.71718 -1.48822
thorax 0.809649 -0.887318 0.581635
lowerneck -3.77864 -11.8886 1.56728
upperneck -5.675 -15.6704 7.17871
head -0.671689 -7.92137 1.83222
lclavicle -2.39536e-14 1.80894e-14 0
lhumerus -50.6768 -51.2634 114.641
lradius 59.8301 0 0
lwrist 14.5498 0 0
lhand 13.8439 13.5475 0
lfingers 7.12502 0 0
lthumb 38.7623 39.1352 0
rclavicle -2.39536e-14 1.80894e-14 0
rhumerus -9.07449 13.8493 -58.7747
rradius 80.9253 0 0
rwrist -4.81128 0 0
rhand -40.4183 -29.8606 0
rfingers 7.12502 0 0
rthumb -13.371 -779.412 0
330
root 8.58468 15.813 -22.0854 10.4534 38.7972 8.62779
lfemur -12.6834 23.8784 -14.2621
ltibia 41.1881 0 0
lfoot -15.6071 20.0242 0
ltoes -28.1191 0 0
rfemur -47.3963 -7.9013 -1.6416
rtibia 55.2658 0 0
rfoot 8.79919 -19.3896 0
rtoes 38.3329 0 0
lowerback 4.69882 -1.44483 -3.4493
upperback 3.51269 -1.99883 -1.39189
thorax 1.0501 -1.03051 0.574695
lowerneck -3.93455 -11.6034 1.18067
upperneck -5.29409 -15.3075 7.19918
head -0.505312 -7.7204 1.87119
lclavicle -2.23434e-13 2.18663e-14 0
lhumerus -50.0959 -49.4933 113.915
lradius 59.7305 0 0
lwrist 14.2806 0 0
lhand 13.2778 13.4958 0
lfingers 7.12502 0 0
lthumb 38.2281 39.2326 0
rclavicle -2.23434e-13 2.18663e-14 0
rhumerus -9.86253 16.2767 -58.8004
rradius 81.764 0 0
rwrist -1.89408 0 0
rhand -32.1083 -21.2545 0
rfingers 7.12502 0 0
rthumb -5.3533 -771.167 0
331
root 8.57293 15.8377 -21.9461 10.8431 37.577 8.46522
lfemur -12.9705 24.275 -14.4457
ltibia 40.993 0 0
lfoot -12.7299 21.6843 0
ltoes -31.1461 0 0
rfemur -47.319 -8.25444 -1.68593
rtibia 55.3633 0 0
rfoot 8.41304 -20.8818 0
rtoes 38.2772 0 0
lowerback 3.82717 -1.66105 -3.29785
upperback 3.25674 -2.25818 -1.28091
thorax 1.27937 -1.16236 0.589324
lowerneck -4.08898 -11.2936 0.785994
upperneck -4.93063 -14.909 7.20743
head -0.347568 -7.50255 1.91272
lclavicle -4.36332e-14 -9.93923e-15 0
lhumerus -49.5856 -47.6115 113.22
lradius 59.5853 0 0
lwrist 14.2967 0 0
lhand 12.6044 13.3929 0
lfingers 7.12502 0 0
lthumb 37.5921 39.302 0
rclavicle -4.36332e-14 -9.93923e-15 0
rhumerus -10.65 18.266 -59.1401
rradius 82.5495 0 0
rwrist 0.415191 0 0
rhand -22.5052 -13.923 0
rfingers 7.12502 0 0
rthumb 3.92096 -763.867 0
332
root 8.55644 15.8622 -21.8003 11.2052 36.2694 8.24668
lfemur -13.0881 24.3158 -14.5015
ltibia 40.7121 0 0
lfoot -10.2011 22.7955 0
ltoes -32.6269 0 0
rfemur -47.3957 -8.81666 -1.3662
rtibia 55.5505 0 0
rfoot 7.99756 -21.8782 0
rtoes 36.7827 0 0
lowerback 2.97145 -1.84449 -3.16237
upperback 2.99526 -2.47764 -1.15184
thorax 1.49515 -1.27398 0.62586
lowerneck -4.23601 -10.973 0.413611
upperneck -4.59632 -14.4933 7.1916
head -0.205629 -7.278 1.94915
lclavicle -3.65764e-14 -1.03368e-14 0
lhumerus -49.1689 -45.6999 112.597
lradius 59.3992 0 0
lwrist 14.617 0 0
lhand 11.8486 13.2608 0
lfingers 7.12502 0 0
lthumb 36.8775 39.3568 0
rclavicle -3.65764e-14 -1.03368e-14 0
rhumerus -11.4757 19.782 -59.797
rradius 83.2464 0 0
rwrist 2.07143 0 0
rhand -12.0263 -8.1556 0
rfingers 7.12502 0 0
rthumb 14.0317 -757.662 0
333
root 8.53412 15.886 -21.6475 11.4816 34.8848 7.95627
lfemur -12.9672 23.9713 -14.377
ltibia 40.3581 0 0
lfoot -7.81691 23.6803 0
ltoes -33.3881 0 0
rfemur -47.5552 -9.5175 -0.704288
rtibia 55.7861 0 0
rfoot 7.56653 -22.3979 0
rtoes 33.7423 0 0
lowerback 2.18204 -1.98144 -3.03308
upperback 2.74668 -2.63956 -1.00951
thorax 1.68701 -1.35629 0.676875
lowerneck -4.37583 -10.6546 0.0951235
upperneck -4.29223 -14.0788 7.14999
head -0.0813648 -7.05633 1.97416
lclavicle 1.14301e-13 -2.10712e-14 0
lhumerus -48.8602 -43.845 112.066
lradius 59.1806 0 0
lwrist 15.2407 0 0
lhand 11.0412 13.1312 0
lfingers 7.12502 0 0
lthumb 36.1132 39.4199 0
rclavicle 1.14301e-13 -2.10712e-14 0
rhumerus -12.3956 20.8079 -60.789
rradius 83.8325 0 0
rwrist 3.07075 0 0
rhand -1.51514 -4.18669 0
rfingers 7.12502 0 0
rthumb 24.1384 -752.688 0
334
root 8.50558 15.9087 -21.4883 11.6794 33.4423 7.58742
lfemur -12.6446 23.2624 -14.0781
ltibia 39.9632 0 0
lfoot -5.44954 24.4881 0
ltoes -33.7793 0 0
rfemur -47.7811 -10.3117 0.269728
rtibia 56.0275 0 0
rfoot 7.10969 -22.5075 0
rtoes 29.1499 0 0
lowerback 1.44897 -2.0705 -2.89092
upperback 2.51302 -2.74114 -0.860984
thorax 1.86101 -1.40766 0.726229
lowerneck -4.51374 -10.3463 -0.152914
upperneck -4.00948 -13.6778 7.0886
head 0.0289796 -6.84339 1.98524
lclavicle -2.80286e-14 -9.93923e-15 0
lhumerus -48.6551 -42.1056 111.624
lradius 58.9388 0 0
lwrist 16.1241 0 0
lhand 10.2155 13.0268 0
lfingers 7.12502 0 0
lthumb 35.3307 39.505 0
rclavicle -2.80286e-14 -9.93923e-15 0
rhumerus -13.4542 21.3705 -62.108
rradius 84.3077 0 0
rwrist 3.4905 0 0
rhand 8.01731 -2.12026 0
rfingers 7.12502 0 0
rthumb 33.2435 -749.069 0
335
root 8.44704 15.9387 -21.3109 11.4995 31.8077 7.01348
lfemur -12.0356 22.0473 -13.39
ltibia 40.2516 0 0
lfoot -3.82137 24.9952 0
ltoes -32.1728 0 0
rfemur -47.688 -10.9589 1.97004
rtibia 55.7916 0 0
rfoot 6.24099 -21.6324 0
rtoes 25.8925 0 0
lowerback 1.17255 -2.00567 -2.66954
upperback 2.42604 -2.6564 -0.734569
thorax 1.92085 -1.36292 0.726584
lowerneck -4.70223 -10.0667 -0.196889
upperneck -3.68186 -13.3221 6.99179
head 0.148193 -6.65547 1.9566
lclavicle -2.95782e-14 -8.45738e-15 0
lhumerus -48.5904 -40.9611 111.306
lradius 58.6753 0 0
lwrist 16.513 0 0
lhand 9.56766 12.8102 0
lfingers 7.12502 0 0
lthumb 34.7139 39.4123 0
rclavicle -2.95782e-14 -8.45738e-15 0
rhumerus -14.9178 20.8475 -64.0256
rradius 84.2436 0 0
rwrist 3.42505 0 0
rhand 4.76734 -3.57725 0
rfingers 7.12502 0 0
rthumb 30.1189 -750.801 0
336
root 8.38851 15.9687 -21.1336 11.3195 30.1731 6.43954
lfemur -11.4266 20.8322 -12.7019
ltibia 40.5399 0 0
lfoot -2.19321 25.5023 0
ltoes -30.5662 0 0
rfemur -47.5948 -11.6061 3.67036
rtibia 55.5557 0 0
rfoot 5.37229 -20.7573 0
rtoes 22.6351 0 0
lowerback 0.896123 -1.94084 -2.44815
upperback 2.33907 -2.57167 -0.608154
thorax 1.98069 -1.31817 0.72694
lowerneck -4.89073 -9.78718 -0.240865
upperneck -3.35424 -12.9664 6.89497
head 0.267407 -6.46756 1.92797
lclavicle -3.11278e-14 -6.97553e-15 0
lhumerus -48.5257 -39.8165 110.988
lradius 58.4118 0 0
lwrist 16.9018 0 0
lhand 8.91982 12.5936 0
lfingers 7.12502 0 0
lthumb 34.0971 39.3196 0
rclavicle -3.11278e-14 -6.97553e-15 0
rhumerus -16.3815 20.3244 -65.9432
rradius 84.1795 0 0
rwrist 3.3596 0 0
rhand 1.51736 -5.03425 0
rfingers 7.12502 0 0
rthumb 26.9942 -752.534 0
337
root 8.32997 15.9988 -20.9562 11.1396 28.5385 5.8656
lfemur -10.8176 19.6171 -12.0138
ltibia 40.8283 0 0
lfoot -0.565038 26.0095 0
ltoes -28.9597 0 0
rfemur -47.5017 -12.2534 5.37067
rtibia 55.3198 0 0
rfoot 4.50358 -19.8821 0
rtoes 19.3777 0 0
lowerback 0.619699 -1.87601 -2.22677
upperback 2.25209 -2.48693 -0.481739
thorax 2.04053 -1.27343 0.727295
lowerneck -5.07922 -9.50762 -0.28484
upperneck -3.02663 -12.6107 6.79816
head 0.386621 -6.27964 1.89933
lclavicle -3.26775e-14 -5.49368e-15 0
lhumerus -48.461 -38.672 110.67
lradius 58.1484 0 0
lwrist 17.2907 0 0
lhand 8.27198 12.377 0
lfingers 7.12502 0 0
lthumb 33.4803 39.2269 0
rclavicle -3.26775e-14 -5.49368e-15 0
rhumerus -17.8451 19.8014 -67.8607
rradius 84.1154 0 0
rwrist 3.29415 0 0
rhand -1.73261 -6.49124 0
rfingers 7.12502 0 0
rthumb 23.8696 -754.266 0
338
root 8.27143 16.0288 -20.7788 10.9597 26.9039 5.29166
lfemur -10.2086 18.4019 -11.3258
ltibia 41.1167 0 0
lfoot 1.06313 26.5166 0
ltoes -27.3532 0 0
rfemur -47.4086 -12.9006 7.07099
rtibia 55.0839 0 0
rfoot 3.63488 -19.007 0
rtoes 16.1203 0 0
lowerback 0.343275 -1.81118 -2.00539
upperback 2.16511 -2.40219 -0.355324
thorax 2.10037 -1.22868 0.72765
lowerneck -5.26771 -9.22806 -0.328815
upperneck -2.69901 -12.255 6.70135
head 0.505834 -6.09172 1.87069
lclavicle -3.42271e-14 -4.01183e-15 0
lhumerus -48.3963 -37.5274 110.352
lradius 57.8849 0 0
lwrist 17.6796 0 0
lhand 7.62414 12.1604 0
lfingers 7.12502 0 0
lthumb 32.8635 39.1342 0
rclavicle -3.42271e-14 -4.01183e-15 0
rhumerus -19.3088 19.2783 -69.7783
rradius 84.0513 0 0
rwrist 3.2287 0 0
rhand -4.98258 -7.94824 0
rfingers 7.12502 0 0
rthumb 20.745 -755.998 0
339
root 8.21289 16.0588 -20.6014 10.7797 25.2693 4.71772
lfemur -9.5996 17.1868 -10.6377
ltibia 41.405 0 0
lfoot 2.6913 27.0237 0
ltoes -25.7466 0 0
rfemur -47.3155 -13.5478 8.77131
rtibia 54.848 0 0
rfoot 2.76618 -18.1319 0
rtoes 12.8629 0 0
lowerback 0.0668518 -1.74635 -1.784
upperback 2.07814 -2.31745 -0.228909
thorax 2.16021 -1.18394 0.728005
lowerneck -5.45621 -8.9485 -0.372791
upperneck -2.37139 -11.8993 6.60454
head 0.625048 -5.90381 1.84205
lclavicle -3.57767e-14 -2.52998e-15 0
lhumerus -48.3316 -36.3829 110.034
lradius 57.6214 0 0
lwrist 18.0685 0 0
lhand 6.9763 11.9438 0
lfingers 7.12502 0 0
lthumb 32.2467 39.0415 0
rclavicle -3.57767e-14 -2.52998e-15 0
rhumerus -20.7724 18.7553 -71.6959
rradius 83.9872 0 0
rwrist 3.16325 0 0
rhand -8.23256 -9.40523 0
rfingers 7.12502 0 0
rthumb 17.6203 -757.73 0
340
root 8.15436 16.0888 -20.4241 10.5998 23.6346 4.14379
lfemur -8.9906 15.9717 -9.94959
ltibia 41.6934 0 0
lfoot 4.31946 27.5308 0
ltoes -24.1401 0 0
rfemur -47.2223 -14.195 10.4716
rtibia 54.6121 0 0
rfoot 1.89748 -17.2568 0
rtoes 9.60555 0 0
lowerback -0.209572 -1.68153 -1.56262
upperback 1.99116 -2.23272 -0.102494
thorax 2.22006 -1.1392 0.728361
lowerneck -5.6447 -8.66894 -0.416766
upperneck -2.04377 -11.5436 6.50772
head 0.744262 -5.71589 1.81342
lclavicle -3.73263e-14 -1.04814e-15 0
lhumerus -48.2668 -35.2383 109.716
lradius 57.3579 0 0
lwrist 18.4573 0 0
lhand 6.32845 11.7273 0
lfingers 7.12502 0 0
lthumb 31.6298 38.9487 0
rclavicle -3.73263e-14 -1.04814e-15 0
rhumerus -22.2361 18.2322 -73.6135
rradius 83.9232 0 0
rwrist 3.0978 0 0
rhand -11.4825 -10.8622 0
rfingers 7.12502 0 0
rthumb 14.4957 -759.463 0
341
root 8.09582 16.1188 -20.2467 10.4199 22 3.56985
lfemur -8.3816 14.7566 -9.26151
ltibia 41.9817 0 0
lfoot 5.94763 28.0379 0
ltoes -22.5335 0 0
rfemur -47.1292 -14.8422 12.1719
rtibia 54.3762 0 0
rfoot 1.02878 -16.3817 0
rtoes 6.34816 0 0
lowerback -0.485995 -1.6167 -1.34124
upperback 1.90419 -2.14798 0.023921
thorax 2.2799 -1.09445 0.728716
lowerneck -5.8332 -8.38938 -0.460742
upperneck -1.71616 -11.1879 6.41091
head 0.863475 -5.52798 1.78478
lclavicle -3.88759e-14 4.33714e-16 0
lhumerus -48.2021 -34.0938 109.398
lradius 57.0944 0 0
lwrist 18.8462 0 0
lhand 5.68061 11.5107 0
lfingers 7.12502 0 0
lthumb 31.013 38.856 0
rclavicle -3.88759e-14 4.33714e-16 0
rhumerus -23.6997 17.7092 -75.5311
rradius 83.8591 0 0
rwrist 3.03235 0 0
rhand -14.7325 -12.3192 0
rfingers 7.12502 0 0
rthumb 11.3711 -761.195 0
342
root 8.03728 16.1488 -20.0693 10.2399 20.3654 2.99591
lfemur -7.7726 13.5415 -8.57342
ltibia 42.2701 0 0
lfoot 7.5758 28.545 0
ltoes -20.927 0 0
rfemur -47.0361 -15.4894 13.8723
rtibia 54.1403 0 0
rfoot 0.160075 -15.5066 0
rtoes 3.09077 0 0
lowerback -0.762419 -1.55187 -1.11986
upperback 1.81721 -2.06324 0.150336
thorax 2.33974 -1.04971 0.729071
lowerneck -6.02169 -8.10982 -0.504717
upperneck -1.38854 -10.8322 6.3141
head 0.982689 -5.34006 1.75614
lclavicle -4.04255e-14 1.91556e-15 0
lhumerus -48.1374 -32.9492 109.08
lradius 56.8309 0 0
lwrist 19.2351 0 0
lhand 5.03277 11.2941 0
lfingers 7.12502 0 0
lthumb 30.3962 38.7633 0
rclavicle -4.04255e-14 1.91556e-15 0
rhumerus -25.1634 17.1861 -77.4487
rradius 83.795 0 0
rwrist 2.9669 0 0
rhand -17.9825 -13.7762 0
rfingers 7.12502 0 0
rthumb 8.24645 -762.927 0
343
root 7.97874 16.1789 -19.8919 10.06 18.7308 2.42197
lfemur -7.1636 12.3264 -7.88534
ltibia 42.5585 0 0
lfoot 9.20397 29.0522 0
ltoes -19.3205 0 0
rfemur -46.943 -16.1367 15.5726
rtibia 53.9044 0 0
rfoot -0.708626 -14.6314 0
rtoes -0.166618 0 0
lowerback -1.03884 -1.48704 -0.898473
upperback 1.73023 -1.9785 0.276751
thorax 2.39958 -1.00496 0.729426
lowerneck -6.21018 -7.83026 -0.548692
upperneck -1.06092 -10.4765 6.21729
head 1.1019 -5.15214 1.7275
lclavicle -4.19752e-14 3.39741e-15 0
lhumerus -48.0727 -31.8047 108.762
lradius 56.5675 0 0
lwrist 19.624 0 0
lhand 4.38493 11.0775 0
lfingers 7.12502 0 0
lthumb 29.7794 38.6706 0
rclavicle -4.19752e-14 3.39741e-15 0
rhumerus -26.627 16.6631 -79.3662
rradius 83.7309 0 0
rwrist 2.90145 0 0
rhand -21.2325 -15.2332 0
rfingers 7.12502 0 0
rthumb 5.12182 -764.659 0
344
root 7.92021 16.2089 -19.7146 9.88005 17.0962 1.84803
lfemur -6.5546 11.1112 -7.19725
ltibia 42.8468 0 0
lfoot 10.8321 29.5593 0
ltoes -17.7139 0 0
rfemur -46.8498 -16.7839 17.2729
rtibia 53.6685 0 0
rfoot -1.57733 -13.7563 0
rtoes -3.42401 0 0
lowerback -1.31527 -1.42221 -0.67709
upperback 1.64326 -1.89377 0.403166
thorax 2.45942 -0.960221 0.729782
lowerneck -6.39868 -7.5507 -0.592668
upperneck -0.733303 -10.1209 6.12047
head 1.22112 -4.96423 1.69887
lclavicle -4.35248e-14 4.87926e-15 0
lhumerus -48.008 -30.6601 108.444
lradius 56.304 0 0
lwrist 20.0128 0 0
lhand 3.73709 10.8609 0
lfingers 7.12502 0 0
lthumb 29.1626 38.5779 0
rclavicle -4.35248e-14 4.87926e-15 0
rhumerus -28.0907 16.14 -81.2838
rradius 83.6668 0 0
rwrist 2.836 0 0
rhand -24.4824 -16.6902 0
rfingers 7.12502 0 0
rthumb 1.99719 -766.392 0
345
root 7.86167 16.2389 -19.5372 9.70011 15.4616 1.27409
lfemur -5.9456 9.89612 -6.50917
ltibia 43.1352 0 0
lfoot 12.4603 30.0664 0
ltoes -16.1074 0 0
rfemur -46.7567 -17.4311 18.9732
rtibia 53.4326 0 0
rfoot -2.44603 -12.8812 0
rtoes -6.6814 0 0
lowerback -1.59169 -1.35738 -0.455707
upperback 1.55628 -1.80903 0.529581
thorax 2.51926 -0.915477 0.730137
lowerneck -6.58717 -7.27114 -0.636643
upperneck -0.405685 -9.76516 6.02366
head 1.34033 -4.77631 1.67023
lclavicle -4.50744e-14 6.36111e-15 0
lhumerus -47.9433 -29.5156 108.126
lradius 56.0405 0 0
lwrist 20.4017 0 0
lhand 3.08925 10.6443 0
lfingers 7.12502 0 0
lthumb 28.5458 38.4852 0
rclavicle -4.50744e-14 6.36111e-15 0
rhumerus -29.5543 15.617 -83.2014
rradius 83.6027 0 0
rwrist 2.77055 0 0
rhand -27.7324 -18.1472 0
rfingers 7.12502 0 0
rthumb -1.12744 -768.124 0
346
root 7.78295 16.2697 -19.3663 9.31665 13.8756 0.823627
lfemur -5.79106 9.24958 -5.8678
ltibia 44.7449 0 0
lfoot 12.3404 29.0951 0
ltoes -8.6513 0 0
rfemur -45.8264 -17.7877 20.2249
rtibia 52.8359 0 0
rfoot -3.80764 -11.4292 0
rtoes -5.67473 0 0
lowerback -1.40386 -1.27359 -0.346586
upperback 1.6135 -1.70267 0.638167
thorax 2.47072 -0.861587 0.787983
lowerneck -6.69946 -6.99915 -0.630199
upperneck -0.113313 -9.41383 5.83421
head 1.431 -4.59672 1.61484
lclavicle -9.1441e-15 8.24956e-15 0
lhumerus -47.7853 -28.8173 107.811
lradius 55.8715 0 0
lwrist 19.818 0 0
lhand 2.38145 10.274 0
lfingers 7.12502 0 0
lthumb 27.8691 38.2246 0
rclavicle -9.1441e-15 8.24956e-15 0
rhumerus -30.7126 14.9055 -84.6883
rradius 82.9562 0 0
rwrist 3.53378 0 0
rhand -33.9404 -21.7091 0
rfingers 7.12502 0 0
rthumb -7.11912 -771.482 0
347
root 7.70423 16.3004 -19.1954 8.93319 12.2896 0.373163
lfemur -5.63653 8.60304 -5.22642
ltibia 46.3546 0 0
lfoot 12.2204 28.1238 0
ltoes -1.1952 0 0
rfemur -44.8961 -18.1443 21.4767
rtibia 52.2392 0 0
rfoot -5.16925 -9.97722 0
rtoes -4.66805 0 0
lowerback -1.21603 -1.1898 -0.237465
upperback 1.67073 -1.59632 0.746753
thorax 2.42219 -0.807697 0.845829
lowerneck -6.81175 -6.72716 -0.623755
upperneck 0.17906 -9.0625 5.64476
head 1.52166 -4.41713 1.55945
lclavicle 2.67862e-14 1.0138e-14 0
lhumerus -47.6272 -28.1189 107.496
lradius 55.7026 0 0
lwrist 19.2344 0 0
lhand 1.67365 9.90366 0
lfingers 7.12502 0 0
lthumb 27.1924 37.9641 0
rclavicle 2.67862e-14 1.0138e-14 0
rhumerus -31.8709 14.1939 -86.1752
rradius 82.3096 0 0
rwrist 4.29702 0 0
rhand -40.1484 -25.2709 0
rfingers 7.12502 0 0
rthumb -13.1108 -774.839 0
348
root 7.62365 16.3243 -19.0308 8.53969 10.8162 -0.0105951
lfemur -5.69393 8.25865 -4.60801
ltibia 48.2302 0 0
lfoot 12.3294 26.0847 0
ltoes 6.45103 0 0
rfemur -43.7702 -18.4464 22.4514
rtibia 51.6171 0 0
rfoot -6.64163 -8.47936 0
rtoes -3.63759 0 0
lowerback -0.948375 -1.1151 -0.193731
upperback 1.74012 -1.49967 0.854117
thorax 2.34309 -0.759811 0.939497
lowerneck -6.88269 -6.47745 -0.615155
upperneck 0.440531 -8.73789 5.45648
head 1.59737 -4.25278 1.50565
lclavicle 1.54058e-14 -2.38542e-15 0
lhumerus -47.4502 -27.5763 107.214
lradius 55.5983 0 0
lwrist 18.7454 0 0
lhand 0.925138 9.67515 0
lfingers 7.12502 0 0
lthumb 26.4762 37.8456 0
rclavicle 1.54058e-14 -2.38542e-15 0
rhumerus -32.9439 13.3749 -87.4253
rradius 81.648 0 0
rwrist 5.16975 0 0
rhand -44.3678 -30.5705 0
rfingers 7.12502 0 0
rthumb -17.1752 -779.831 0
349
root 7.54253 16.3437 -18.8708 8.14827 9.42614 -0.357441
lfemur -5.91172 8.13241 -4.00295
ltibia 50.2502 0 0
lfoot 12.6374 23.2568 0
ltoes 12.8824 0 0
rfemur -42.5525 -18.7157 23.2727
rtibia 50.9783 0 0
rfoot -8.14352 -6.994 0
rtoes -2.57335 0 0
lowerback -0.637742 -1.04244 -0.186248
upperback 1.81156 -1.40453 0.96141
thorax 2.24265 -0.713279 1.05352
lowerneck -6.93046 -6.24695 -0.603369
upperneck 0.679795 -8.43744 5.27793
head 1.66377 -4.1014 1.45479
lclavicle -2.40529e-14 1.70955e-14 0
lhumerus -47.2581 -27.1376 106.953
lradius 55.5442 0 0
lwrist 18.3532 0 0
lhand 0.185788 9.55885 0
lfingers 7.12502 0 0
lthumb 25.7683 37.8339 0
rclavicle -2.40529e-14 1.70955e-14 0
rhumerus -33.9752 12.4665 -88.4992
rradius 81.0217 0 0
rwrist 5.94647 0 0
rhand -47.1311 -36.3958 0
rfingers 7.12502 0 0
rthumb -19.8333 -785.404 0
350
root 7.48622 16.3375 -18.7512 8.08073 8.91627 -0.438897
lfemur -6.20933 8.13555 -3.99463
ltibia 50.3107 0 0
lfoot 12.1798 23.0297 0
ltoes 12.6135 0 0
rfemur -42.4663 -18.4202 23.0161
rtibia 50.9282 0 0
rfoot -7.96196 -6.87986 0
rtoes -2.73056 0 0
lowerback -0.541556 -0.99562 -0.143216
upperback 1.81471 -1.33978 0.938157
thorax 2.19488 -0.680803 1.00259
lowerneck -6.92396 -6.11225 -0.472892
upperneck 0.725801 -8.26537 5.17511
head 1.67864 -4.01603 1.40583
lclavicle -2.40662e-14 1.69948e-14 0
lhumerus -47.2105 -27.0787 106.808
lradius 55.4549 0 0
lwrist 18.275 0 0
lhand -0.0930078 9.42296 0
lfingers 7.12502 0 0
lthumb 25.4999 37.7197 0
rclavicle -2.40662e-14 1.69948e-14 0
rhumerus -34.1508 12.3467 -88.4975
rradius 80.8681 0 0
rwrist 6.03075 0 0
rhand -46.9211 -36.2083 0
rfingers 7.12502 0 0
rthumb -19.6309 -785.229 0
351
root 7.42991 16.3313 -18.6316 8.01319 8.40639 -0.520353
lfemur -6.50695 8.13868 -3.98631
ltibia 50.3711 0 0
lfoot 11.7223 22.8026 0
ltoes 12.3447 0 0
rfemur -42.3802 -18.1246 22.7594
rtibia 50.8781 0 0
rfoot -7.78039 -6.76572 0
rtoes -2.88778 0 0
lowerback -0.44537 -0.9488 -0.100184
upperback 1.81785 -1.27503 0.914904
thorax 2.14712 -0.648327 0.951664
lowerneck -6.91745 -5.97755 -0.342415
upperneck 0.771808 -8.09329 5.07228
head 1.6935 -3.93065 1.35686
lclavicle -2.40794e-14 1.68941e-14 0
lhumerus -47.1629 -27.0199 106.663
lradius 55.3655 0 0
lwrist 18.1968 0 0
lhand -0.371804 9.28707 0
lfingers 7.12502 0 0
lthumb 25.2316 37.6056 0
rclavicle -2.40794e-14 1.68941e-14 0
rhumerus -34.3265 12.2268 -88.4959
rradius 80.7145 0 0
rwrist 6.11502 0 0
rhand -46.7111 -36.0208 0
rfingers 7.12502 0 0
rthumb -19.4284 -785.054 0
352
root 7.3736 16.3251 -18.512 7.94565 7.89652 -0.601809
lfemur -6.80456 8.14182 -3.97799
ltibia 50.4316 0 0
lfoot 11.2647 22.5756 0
ltoes 12.0758 0 0
rfemur -42.294 -17.8291 22.5028
rtibia 50.828 0 0
rfoot -7.59883 -6.65157 0
rtoes -3.04499 0 0
lowerback -0.349185 -0.90198 -0.0571521
upperback 1.821 -1.21028 0.891652
thorax 2.09935 -0.615851 0.900736
lowerneck -6.91095 -5.84285 -0.211938
upperneck 0.817814 -7.92122 4.96946
head 1.70837 -3.84528 1.3079
lclavicle -2.40927e-14 1.67933e-14 0
lhumerus -47.1153 -26.961 106.518
lradius 55.2762 0 0
lwrist 18.1187 0 0
lhand -0.6506 9.15118 0
lfingers 7.12502 0 0
lthumb 24.9632 37.4914 0
rclavicle -2.40927e-14 1.67933e-14 0
rhumerus -34.5021 12.107 -88.4942
rradius 80.5609 0 0
rwrist 6.1993 0 0
rhand -46.5011 -35.8333 0
rfingers 7.12502 0 0
rthumb -19.226 -784.878 0
353
root 7.31728 16.3189 -18.3925 7.87811 7.38664 -0.683264
lfemur -7.10218 8.14495 -3.96967
ltibia 50.4921 0 0
lfoot 10.8071 22.3485 0
ltoes 11.807 0 0
rfemur -42.2078 -17.5336 22.2461
rtibia 50.7778 0 0
rfoot -7.41727 -6.53743 0
rtoes -3.20221 0 0
lowerback -0.252999 -0.855159 -0.0141201
upperback 1.82414 -1.14553 0.868399
thorax 2.05159 -0.583376 0.849807
lowerneck -6.90445 -5.70815 -0.0814613
upperneck 0.86382 -7.74914 4.86664
head 1.72324 -3.75991 1.25894
lclavicle -2.41059e-14 1.66926e-14 0
lhumerus -47.0677 -26.9022 106.374
lradius 55.1869 0 0
lwrist 18.0405 0 0
lhand -0.929395 9.0153 0
lfingers 7.12502 0 0
lthumb 24.6948 37.3773 0
rclavicle -2.41059e-14 1.66926e-14 0
rhumerus -34.6778 11.9872 -88.4925
rradius 80.4073 0 0
rwrist 6.28357 0 0
rhand -46.2911 -35.6458 0
rfingers 7.12502 0 0
rthumb -19.0235 -784.703 0
354
root 7.26097 16.3127 -18.2729 7.81057 6.87677 -0.76472
lfemur -7.39979 8.14809 -3.96135
ltibia 50.5526 0 0
lfoot 10.3495 22.1214 0
ltoes 11.5381 0 0
rfemur -42.1217 -17.2381 21.9895
rtibia 50.7277 0 0
rfoot -7.2357 -6.42329 0
rtoes -3.35942 0 0
lowerback -0.156813 -0.808339 0.0289119
upperback 1.82729 -1.08078 0.845146
thorax 2.00382 -0.5509 0.798879
lowerneck -6.89795 -5.57345 0.0490156
upperneck 0.909827 -7.57707 4.76381
head 1.7381 -3.67454 1.20997
lclavicle -2.41192e-14 1.65919e-14 0
lhumerus -47.02 -26.8433 106.229
lradius 55.0976 0 0
lwrist 17.9623 0 0
lhand -1.20819 8.87941 0
lfingers 7.12502 0 0
lthumb 24.4265 37.2631 0
rclavicle -2.41192e-14 1.65919e-14 0
rhumerus -34.8534 11.8673 -88.4909
rradius 80.2537 0 0
rwrist 6.36785 0 0
rhand -46.081 -35.4583 0
rfingers 7.12502 0 0
rthumb -18.8211 -784.528 0
355
root 7.20466 16.3065 -18.1533 7.74303 6.3669 -0.846176
lfemur -7.69741 8.15123 -3.95303
ltibia 50.613 0 0
lfoot 9.89197 21.8943 0
ltoes 11.2693 0 0
rfemur -42.0355 -16.9425 21.7328
rtibia 50.6776 0 0
rfoot -7.05414 -6.30915 0
rtoes -3.51663 0 0
lowerback -0.0606274 -0.761519 0.0719438
upperback 1.83044 -1.01603 0.821893
thorax 1.95605 -0.518424 0.747951
lowerneck -6.89144 -5.43876 0.179493
upperneck 0.955833 -7.405 4.66099
head 1.75297 -3.58916 1.16101
lclavicle -2.41324e-14 1.64912e-14 0
lhumerus -46.9724 -26.7845 106.084
lradius 55.0082 0 0
lwrist 17.8841 0 0
lhand -1.48699 8.74352 0
lfingers 7.12502 0 0
lthumb 24.1581 37.149 0
rclavicle -2.41324e-14 1.64912e-14 0
rhumerus -35.0291 11.7475 -88.4892
rradius 80.1001 0 0
rwrist 6.45212 0 0
rhand -45.871 -35.2708 0
rfingers 7.12502 0 0
rthumb -18.6187 -784.353 0
356
root 7.14835 16.3003 -18.0337 7.67549 5.85702 -0.927632
lfemur -7.99502 8.15436 -3.94471
ltibia 50.6735 0 0
lfoot 9.4344 21.6672 0
ltoes 11.0004 0 0
rfemur -41.9494 -16.647 21.4762
rtibia 50.6275 0 0
rfoot -6.87257 -6.195 0
rtoes -3.67385 0 0
lowerback 0.0355583 -0.714699 0.114976
upperback 1.83358 -0.951282 0.798641
thorax 1.90829 -0.485948 0.697023
lowerneck -6.88494 -5.30406 0.309969
upperneck 1.00184 -7.23292 4.55817
head 1.76784 -3.50379 1.11205
lclavicle -2.41457e-14 1.63905e-14 0
lhumerus -46.9248 -26.7256 105.939
lradius 54.9189 0 0
lwrist 17.8059 0 0
lhand -1.76578 8.60763 0
lfingers 7.12502 0 0
lthumb 23.8897 37.0348 0
rclavicle -2.41457e-14 1.63905e-14 0
rhumerus -35.2047 11.6277 -88.4876
rradius 79.9465 0 0
rwrist 6.5364 0 0
rhand -45.661 -35.0833 0
rfingers 7.12502 0 0
rthumb -18.4162 -784.177 0
357
root 7.09204 16.2941 -17.9141 7.60795 5.34715 -1.00909
lfemur -8.29264 8.1575 -3.93639
ltibia 50.734 0 0
lfoot 8.97682 21.4402 0
ltoes 10.7316 0 0
rfemur -41.8632 -16.3515 21.2195
rtibia 50.5774 0 0
rfoot -6.69101 -6.08086 0
rtoes -3.83106 0 0
lowerback 0.131744 -0.667879 0.158008
upperback 1.83673 -0.886532 0.775388
thorax 1.86052 -0.453472 0.646095
lowerneck -6.87844 -5.16936 0.440446
upperneck 1.04785 -7.06085 4.45534
head 1.7827 -3.41842 1.06308
lclavicle -2.41589e-14 1.62898e-14 0
lhumerus -46.8772 -26.6668 105.794
lradius 54.8296 0 0
lwrist 17.7277 0 0
lhand -2.04458 8.47174 0
lfingers 7.12502 0 0
lthumb 23.6214 36.9206 0
rclavicle -2.41589e-14 1.62898e-14 0
rhumerus -35.3804 11.5079 -88.4859
rradius 79.7929 0 0
rwrist 6.62067 0 0
rhand -45.451 -34.8958 0
rfingers 7.12502 0 0
rthumb -18.2138 -784.002 0
358
root 7.03573 16.2879 -17.7945 7.54041 4.83728 -1.09054
lfemur -8.59025 8.16063 -3.92807
ltibia 50.7945 0 0
lfoot 8.51925 21.2131 0
ltoes 10.4627 0 0
rfemur -41.777 -16.0559 20.9629
rtibia 50.5273 0 0
rfoot -6.50945 -5.96672 0
rtoes -3.98828 0 0
lowerback 0.22793 -0.621059 0.20104
upperback 1.83987 -0.821782 0.752135
thorax 1.81276 -0.420996 0.595167
lowerneck -6.87193 -5.03466 0.570923
upperneck 1.09385 -6.88877 4.35252
head 1.79757 -3.33305 1.01412
lclavicle -2.41722e-14 1.6189e-14 0
lhumerus -46.8296 -26.6079 105.649
lradius 54.7402 0 0
lwrist 17.6496 0 0
lhand -2.32337 8.33585 0
lfingers 7.12502 0 0
lthumb 23.353 36.8065 0
rclavicle -2.41722e-14 1.6189e-14 0
rhumerus -35.556 11.388 -88.4842
rradius 79.6393 0 0
rwrist 6.70495 0 0
rhand -45.241 -34.7083 0
rfingers 7.12502 0 0
rthumb -18.0113 -783.827 0
359
root 6.97941 16.2817 -17.675 7.47287 4.3274 -1.172
lfemur -8.88786 8.16377 -3.91975
ltibia 50.8549 0 0
lfoot 8.06168 20.986 0
ltoes 10.1939 0 0
rfemur -41.6909 -15.7604 20.7063
rtibia 50.4772 0 0
rfoot -6.32788 -5.85258 0
rtoes -4.14549 0 0
lowerback 0.324116 -0.574239 0.244072
upperback 1.84302 -0.757033 0.728882
thorax 1.76499 -0.38852 0.544239
lowerneck -6.86543 -4.89996 0.7014
upperneck 1.13986 -6.7167 4.2497
head 1.81244 -3.24767 0.965155
lclavicle -2.41854e-14 1.60883e-14 0
lhumerus -46.782 -26.5491 105.504
lradius 54.6509 0 0
lwrist 17.5714 0 0
lhand -2.60217 8.19997 0
lfingers 7.12502 0 0
lthumb 23.0847 36.6923 0
rclavicle -2.41854e-14 1.60883e-14 0
rhumerus -35.7317 11.2682 -88.4826
rradius 79.4857 0 0
rwrist 6.78922 0 0
rhand -45.031 -34.5208 0
rfingers 7.12502 0 0
rthumb -17.8089 -783.652 0
360
root 6.9231 16.2755 -17.5554 7.40533 3.81753 -1.25346
lfemur -9.18548 8.16691 -3.91143
ltibia 50.9154 0 0
lfoot 7.60411 20.7589 0
ltoes 9.92504 0 0
rfemur -41.6047 -15.4649 20.4496
rtibia 50.427 0 0
rfoot -6.14632 -5.73844 0
rtoes -4.3027 0 0
lowerback 0.420301 -0.527419 0.287104
upperback 1.84616 -0.692283 0.705629
thorax 1.71722 -0.356045 0.493311
lowerneck -6.85893 -4.76526 0.831877
upperneck 1.18586 -6.54462 4.14687
head 1.8273 -3.1623 0.916192
lclavicle -2.41987e-14 1.59876e-14 0
lhumerus -46.7344 -26.4902 105.359
lradius 54.5616 0 0
lwrist 17.4932 0 0
lhand -2.88097 8.06408 0
lfingers 7.12502 0 0
lthumb 22.8163 36.5782 0
rclavicle -2.41987e-14 1.59876e-14 0
rhumerus -35.9073 11.1484 -88.4809
rradius 79.3321 0 0
rwrist 6.8735 0 0
rhand -44.821 -34.3333 0
rfingers 7.12502 0 0
rthumb -17.6065 -783.477 0
361
root 6.86679 16.2693 -17.4358 7.33779 3.30765 -1.33491
lfemur -9.48309 8.17004 -3.90311
ltibia 50.9759 0 0
lfoot 7.14654 20.5318 0
ltoes 9.65619 0 0
rfemur -41.5185 -15.1694 20.193
rtibia 50.3769 0 0
rfoot -5.96476 -5.62429 0
rtoes -4.45992 0 0
lowerback 0.516487 -0.480598 0.330136
upperback 1.84931 -0.627533 0.682377
thorax 1.66946 -0.323569 0.442382
lowerneck -6.85243 -4.63056 0.962354
upperneck 1.23187 -6.37255 4.04405
head 1.84217 -3.07693 0.867228
lclavicle -2.42119e-14 1.58869e-14 0
lhumerus -46.6868 -26.4314 105.215
lradius 54.4722 0 0
lwrist 17.415 0 0
lhand -3.15976 7.92819 0
lfingers 7.12502 0 0
lthumb 22.5479 36.464 0
rclavicle -2.42119e-14 1.58869e-14 0
rhumerus -36.083 11.0285 -88.4792
rradius 79.1785 0 0
rwrist 6.95777 0 0
rhand -44.611 -34.1458 0
rfingers 7.12502 0 0
rthumb -17.404 -783.301 0
362
root 6.81048 16.2631 -17.3162 7.27026 2.79778 -1.41637
lfemur -9.78071 8.17318 -3.89478
ltibia 51.0364 0 0
lfoot 6.68896 20.3048 0
ltoes 9.38734 0 0
rfemur -41.4324 -14.8738 19.9363
rtibia 50.3268 0 0
rfoot -5.78319 -5.51015 0
rtoes -4.61713 0 0
lowerback 0.612673 -0.433778 0.373168
upperback 1.85246 -0.562783 0.659124
thorax 1.62169 -0.291093 0.391454
lowerneck -6.84592 -4.49586 1.09283
upperneck 1.27788 -6.20048 3.94123
head 1.85704 -2.99156 0.818265
lclavicle -2.42252e-14 1.57862e-14 0
lhumerus -46.6391 -26.3725 105.07
lradius 54.3829 0 0
lwrist 17.3368 0 0
lhand -3.43856 7.7923 0
lfingers 7.12502 0 0
lthumb 22.2796 36.3499 0
rclavicle -2.42252e-14 1.57862e-14 0
rhumerus -36.2586 10.9087 -88.4776
rradius 79.0249 0 0
rwrist 7.04205 0 0
rhand -44.4009 -33.9582 0
rfingers 7.12502 0 0
rthumb -17.2016 -783.126 0
363
root 6.75417 16.2569 -17.1966 7.20272 2.28791 -1.49782
lfemur -10.0783 8.17631 -3.88646
ltibia 51.0968 0 0
lfoot 6.23139 20.0777 0
ltoes 9.11849 0 0
rfemur -41.3462 -14.5783 19.6797
rtibia 50.2767 0 0
rfoot -5.60163 -5.39601 0
rtoes -4.77435 0 0
lowerback 0.708859 -0.386958 0.4162
upperback 1.8556 -0.498034 0.635871
thorax 1.57393 -0.258617 0.340526
lowerneck -6.83942 -4.36116 1.22331
upperneck 1.32388 -6.0284 3.83841
head 1.8719 -2.90618 0.769301
lclavicle -2.42384e-14 1.56854e-14 0
lhumerus -46.5915 -26.3137 104.925
lradius 54.2936 0 0
lwrist 17.2587 0 0
lhand -3.71735 7.65641 0
lfingers 7.12502 0 0
lthumb 22.0112 36.2357 0
rclavicle -2.42384e-14 1.56854e-14 0
rhumerus -36.4343 10.7889 -88.4759
rradius 78.8713 0 0
rwrist 7.12632 0 0
rhand -44.1909 -33.7707 0
rfingers 7.12502 0 0
rthumb -16.9991 -782.951 0
364
root 6.69786 16.2507 -17.077 7.13518 1.77803 -1.57928
lfemur -10.3759 8.17945 -3.87814
ltibia 51.1573 0 0
lfoot 5.77382 19.8506 0
ltoes 8.84964 0 0
rfemur -41.2601 -14.2828 19.423
rtibia 50.2266 0 0
rfoot -5.42006 -5.28187 0
rtoes -4.93156 0 0
lowerback 0.805044 -0.340138 0.459232
upperback 1.85875 -0.433284 0.612618
thorax 1.52616 -0.226141 0.289598
lowerneck -6.83292 -4.22646 1.35378
upperneck 1.36989 -5.85633 3.73558
head 1.88677 -2.82081 0.720338
lclavicle -2.42517e-14 1.55847e-14 0
lhumerus -46.5439 -26.2548 104.78
lradius 54.2043 0 0
lwrist 17.1805 0 0
lhand -3.99615 7.52052 0
lfingers 7.12502 0 0
lthumb 21.7428 36.1215 0
rclavicle -2.42517e-14 1.55847e-14 0
rhumerus -36.6099 10.669 -88.4742
rradius 78.7177 0 0
rwrist 7.2106 0 0
rhand -43.9809 -33.5832 0
rfingers 7.12502 0 0
rthumb -16.7967 -782.776 0
365
root 6.64154 16.2445 -16.9575 7.06764 1.26816 -1.66073
lfemur -10.6736 8.18259 -3.86982
ltibia 51.2178 0 0
lfoot 5.31625 19.6235 0
ltoes 8.58079 0 0
rfemur -41.1739 -13.9872 19.1664
rtibia 50.1765 0 0
rfoot -5.2385 -5.16772 0
rtoes -5.08877 0 0
lowerback 0.90123 -0.293318 0.502264
upperback 1.86189 -0.368534 0.589366
thorax 1.47839 -0.193665 0.23867
lowerneck -6.82642 -4.09176 1.48426
upperneck 1.4159 -5.68425 3.63276
head 1.90164 -2.73544 0.671375
lclavicle -2.4265e-14 1.5484e-14 0
lhumerus -46.4963 -26.1959 104.635
lradius 54.1149 0 0
lwrist 17.1023 0 0
lhand -4.27495 7.38464 0
lfingers 7.12502 0 0
lthumb 21.4745 36.0074 0
rclavicle -2.4265e-14 1.5484e-14 0
rhumerus -36.7856 10.5492 -88.4726
rradius 78.5641 0 0
rwrist 7.29487 0 0
rhand -43.7709 -33.3957 0
rfingers 7.12502 0 0
rthumb -16.5943 -782.6 0
366
root 6.58523 16.2383 -16.8379 7.0001 0.758284 -1.74219
lfemur -10.9712 8.18572 -3.8615
ltibia 51.2783 0 0
lfoot 4.85868 19.3965 0
ltoes 8.31194 0 0
rfemur -41.0877 -13.6917 18.9097
rtibia 50.1264 0 0
rfoot -5.05694 -5.05358 0
rtoes -5.24599 0 0
lowerback 0.997416 -0.246498 0.545296
upperback 1.86504 -0.303785 0.566113
thorax 1.43063 -0.161189 0.187742
lowerneck -6.81991 -3.95707 1.61474
upperneck 1.4619 -5.51218 3.52994
head 1.9165 -2.65006 0.622411
lclavicle -2.42782e-14 1.53833e-14 0
lhumerus -46.4487 -26.1371 104.49
lradius 54.0256 0 0
lwrist 17.0241 0 0
lhand -4.55374 7.24875 0
lfingers 7.12502 0 0
lthumb 21.2061 35.8932 0
rclavicle -2.42782e-14 1.53833e-14 0
rhumerus -36.9612 10.4294 -88.4709
rradius 78.4105 0 0
rwrist 7.37915 0 0
rhand -43.5609 -33.2082 0
rfingers 7.12502 0 0
rthumb -16.3918 -782.425 0
367
root 6.52892 16.2321 -16.7183 6.93256 0.24841 -1.82365
lfemur -11.2688 8.18886 -3.85318
ltibia 51.3387 0 0
lfoot 4.4011 19.1694 0
ltoes 8.04309 0 0
rfemur -41.0016 -13.3962 18.6531
rtibia 50.0762 0 0
rfoot -4.87537 -4.93944 0
rtoes -5.4032 0 0
lowerback 1.0936 -0.199678 0.588328
upperback 1.86819 -0.239035 0.54286
thorax 1.38286 -0.128714 0.136814
lowerneck -6.81341 -3.82237 1.74522
upperneck 1.50791 -5.34011 3.42711
head 1.93137 -2.56469 0.573448
lclavicle -2.42915e-14 1.52826e-14 0
lhumerus -46.4011 -26.0782 104.345
lradius 53.9363 0 0
lwrist 16.9459 0 0
lhand -4.83254 7.11286 0
lfingers 7.12502 0 0
lthumb 20.9377 35.7791 0
rclavicle -2.42915e-14 1.52826e-14 0
rhumerus -37.1369 10.3095 -88.4692
rradius 78.2569 0 0
rwrist 7.46342 0 0
rhand -43.3509 -33.0207 0
rfingers 7.12502 0 0
rthumb -16.1894 -782.25 0
368
root 6.47261 16.2258 -16.5987 6.86502 -0.261463 -1.9051
lfemur -11.5664 8.19199 -3.84486
ltibia 51.3992 0 0
lfoot 3.94353 18.9423 0
ltoes 7.77424 0 0
rfemur -40.9154 -13.1007 18.3964
rtibia 50.0261 0 0
rfoot -4.69381 -4.8253 0
rtoes -5.56042 0 0
lowerback 1.18979 -0.152857 0.631359
upperback 1.87133 -0.174285 0.519607
thorax 1.3351 -0.0962378 0.0858855
lowerneck -6.80691 -3.68767 1.87569
upperneck 1.55392 -5.16803 3.32429
head 1.94624 -2.47932 0.524484
lclavicle -2.43047e-14 1.51819e-14 0
lhumerus -46.3535 -26.0194 104.2
lradius 53.8469 0 0
lwrist 16.8678 0 0
lhand -5.11133 6.97697 0
lfingers 7.12502 0 0
lthumb 20.6694 35.6649 0
rclavicle -2.43047e-14 1.51819e-14 0
rhumerus -37.3125 10.1897 -88.4676
rradius 78.1033 0 0
rwrist 7.5477 0 0
rhand -43.1409 -32.8332 0
rfingers 7.12502 0 0
rthumb -15.9869 -782.075 0
369
root 6.4163 16.2196 -16.4791 6.79748 -0.771337 -1.98656
lfemur -11.864 8.19513 -3.83654
ltibia 51.4597 0 0
lfoot 3.48596 18.7152 0
ltoes 7.50539 0 0
rfemur -40.8292 -12.8051 18.1398
rtibia 49.976 0 0
rfoot -4.51225 -4.71115 0
rtoes -5.71763 0 0
lowerback 1.28597 -0.106037 0.674391
upperback 1.87448 -0.109535 0.496355
thorax 1.28733 -0.0637619 0.0349573
lowerneck -6.8004 -3.55297 2.00617
upperneck 1.59992 -4.99596 3.22147
head 1.9611 -2.39395 0.475521
lclavicle -2.4318e-14 1.50811e-14 0
lhumerus -46.3059 -25.9605 104.056
lradius 53.7576 0 0
lwrist 16.7896 0 0
lhand -5.39013 6.84108 0
lfingers 7.12502 0 0
lthumb 20.401 35.5508 0
rclavicle -2.4318e-14 1.50811e-14 0
rhumerus -37.4882 10.0699 -88.4659
rradius 77.9497 0 0
rwrist 7.63197 0 0
rhand -42.9309 -32.6457 0
rfingers 7.12502 0 0
rthumb -15.7845 -781.899 0
370
root 6.35999 16.2134 -16.3595 6.72994 -1.28121 -2.06801
lfemur -12.1616 8.19827 -3.82822
ltibia 51.5202 0 0
lfoot 3.02839 18.4881 0
ltoes 7.23654 0 0
rfemur -40.7431 -12.5096 17.8832
rtibia 49.9259 0 0
rfoot -4.33068 -4.59701 0
rtoes -5.87484 0 0
lowerback 1.38216 -0.0592172 0.717423
upperback 1.87762 -0.0447856 0.473102
thorax 1.23956 -0.0312861 -0.0159708
lowerneck -6.7939 -3.41827 2.13665
upperneck 1.64593 -4.82388 3.11864
head 1.97597 -2.30857 0.426557
lclavicle -2.43312e-14 1.49804e-14 0
lhumerus -46.2582 -25.9017 103.911
lradius 53.6683 0 0
lwrist 16.7114 0 0
lhand -5.66892 6.70519 0
lfingers 7.12502 0 0
lthumb 20.1326 35.4366 0
rclavicle -2.43312e-14 1.49804e-14 0
rhumerus -37.6638 9.95005 -88.4643
rradius 77.7961 0 0
rwrist 7.71625 0 0
rhand -42.7208 -32.4582 0
rfingers 7.12502 0 0
rthumb -15.5821 -781.724 0
371
root 6.30367 16.2072 -16.24 6.6624 -1.79109 -2.14947
lfemur -12.4592 8.2014 -3.8199
ltibia 51.5806 0 0
lfoot 2.57082 18.2611 0
ltoes 6.96769 0 0
rfemur -40.6569 -12.2141 17.6265
rtibia 49.8758 0 0
rfoot -4.14912 -4.48287 0
rtoes -6.03206 0 0
lowerback 1.47834 -0.0123971 0.760455
upperback 1.88077 0.0199641 0.449849
thorax 1.1918 0.00118977 -0.0668989
lowerneck -6.7874 -3.28357 2.26712
upperneck 1.69193 -4.65181 3.01582
head 1.99084 -2.2232 0.377594
lclavicle -2.43445e-14 1.48797e-14 0
lhumerus -46.2106 -25.8428 103.766
lradius 53.579 0 0
lwrist 16.6332 0 0
lhand -5.94772 6.56931 0
lfingers 7.12502 0 0
lthumb 19.8643 35.3224 0
rclavicle -2.43445e-14 1.48797e-14 0
rhumerus -37.8395 9.83022 -88.4626
rradius 77.6425 0 0
rwrist 7.80052 0 0
rhand -42.5108 -32.2707 0
rfingers 7.12502 0 0
rthumb -15.3796 -781.549 0
372
root 6.24736 16.201 -16.1204 6.59486 -2.30096 -2.23093
lfemur -12.7569 8.20454 -3.81158
ltibia 51.6411 0 0
lfoot 2.11324 18.034 0
ltoes 6.69884 0 0
rfemur -40.5708 -11.9185 17.3699
rtibia 49.8257 0 0
rfoot -3.96755 -4.36873 0
rtoes -6.18927 0 0
lowerback 1.57453 0.0344231 0.803487
upperback 1.88391 0.0847139 0.426596
thorax 1.14403 0.0336656 -0.117827
lowerneck -6.7809 -3.14887 2.3976
upperneck 1.73794 -4.47973 2.913
head 2.0057 -2.13783 0.32863
lclavicle -2.43577e-14 1.4779e-14 0
lhumerus -46.163 -25.784 103.621
lradius 53.4896 0 0
lwrist 16.555 0 0
lhand -6.22652 6.43342 0
lfingers 7.12502 0 0
lthumb 19.5959 35.2083 0
rclavicle -2.43577e-14 1.4779e-14 0
rhumerus -38.0151 9.71039 -88.4609
rradius 77.4889 0 0
rwrist 7.8848 0 0
rhand -42.3008 -32.0832 0
rfingers 7.12502 0 0
rthumb -15.1772 -781.374 0
373
root 6.19105 16.1948 -16.0008 6.52732 -2.81083 -2.31238
lfemur -13.0545 8.20767 -3.80326
ltibia 51.7016 0 0
lfoot 1.65567 17.8069 0
ltoes 6.42999 0 0
rfemur -40.4846 -11.623 17.1132
rtibia 49.7755 0 0
rfoot -3.78599 -4.25459 0
rtoes -6.34649 0 0
lowerback 1.67072 0.0812432 0.846519
upperback 1.88706 0.149464 0.403343
thorax 1.09627 0.0661415 -0.168755
lowerneck -6.77439 -3.01417 2.52808
upperneck 1.78395 -4.30766 2.81017
head 2.02057 -2.05246 0.279667
lclavicle -2.4371e-14 1.46783e-14 0
lhumerus -46.1154 -25.7251 103.476
lradius 53.4003 0 0
lwrist 16.4768 0 0
lhand -6.50531 6.29753 0
lfingers 7.12502 0 0
lthumb 19.3276 35.0941 0
rclavicle -2.4371e-14 1.46783e-14 0
rhumerus -38.1908 9.59056 -88.4593
rradius 77.3353 0 0
rwrist 7.96907 0 0
rhand -42.0908 -31.8957 0
rfingers 7.12502 0 0
rthumb -14.9747 -781.199 0
374
root 6.13474 16.1886 -15.8812 6.45978 -3.32071 -2.39384
lfemur -13.3521 8.21081 -3.79494
ltibia 51.7621 0 0
lfoot 1.1981 17.5798 0
ltoes 6.16114 0 0
rfemur -40.3984 -11.3275 16.8566
rtibia 49.7254 0 0
rfoot -3.60443 -4.14044 0
rtoes -6.5037 0 0
lowerback 1.7669 0.128063 0.889551
upperback 1.89021 0.214213 0.380091
thorax 1.0485 0.0986173 -0.219683
lowerneck -6.76789 -2.87947 2.65855
upperneck 1.82995 -4.13559 2.70735
head 2.03544 -1.96708 0.230703
lclavicle -2.43842e-14 1.45776e-14 0
lhumerus -46.0678 -25.6663 103.331
lradius 53.311 0 0
lwrist 16.3987 0 0
lhand -6.78411 6.16164 0
lfingers 7.12502 0 0
lthumb 19.0592 34.98 0
rclavicle -2.43842e-14 1.45776e-14 0
rhumerus -38.3664 9.47073 -88.4576
rradius 77.1817 0 0
rwrist 8.05335 0 0
rhand -41.8808 -31.7082 0
rfingers 7.12502 0 0
rthumb -14.7723 -781.023 0
375
root 6.07843 16.1824 -15.7616 6.39224 -3.83058 -2.47529
lfemur -13.6497 8.21395 -3.78662
ltibia 51.8225 0 0
lfoot 0.740528 17.3527 0
ltoes 5.89229 0 0
rfemur -40.3123 -11.032 16.5999
rtibia 49.6753 0 0
rfoot -3.42286 -4.0263 0
rtoes -6.66091 0 0
lowerback 1.86309 0.174883 0.932583
upperback 1.89335 0.278963 0.356838
thorax 1.00073 0.131093 -0.270611
lowerneck -6.76139 -2.74477 2.78903
upperneck 1.87596 -3.96351 2.60453
head 2.0503 -1.88171 0.18174
lclavicle -2.43975e-14 1.44768e-14 0
lhumerus -46.0202 -25.6074 103.186
lradius 53.2216 0 0
lwrist 16.3205 0 0
lhand -7.0629 6.02575 0
lfingers 7.12502 0 0
lthumb 18.7908 34.8658 0
rclavicle -2.43975e-14 1.44768e-14 0
rhumerus -38.5421 9.3509 -88.4559
rradius 77.0281 0 0
rwrist 8.13762 0 0
rhand -41.6708 -31.5207 0
rfingers 7.12502 0 0
rthumb -14.5699 -780.848 0
376
root 6.02212 16.1762 -15.642 6.3247 -4.34045 -2.55675
lfemur -13.9473 8.21708 -3.7783
ltibia 51.883 0 0
lfoot 0.282956 17.1257 0
ltoes 5.62344 0 0
rfemur -40.2261 -10.7364 16.3433
rtibia 49.6252 0 0
rfoot -3.2413 -3.91216 0
rtoes -6.81813 0 0
lowerback 1.95927 0.221704 0.975615
upperback 1.8965 0.343713 0.333585
thorax 0.952968 0.163569 -0.32154
lowerneck -6.75488 -2.61008 2.91951
upperneck 1.92197 -3.79144 2.5017
head 2.06517 -1.79634 0.132776
lclavicle -2.44107e-14 1.43761e-14 0
lhumerus -45.9726 -25.5486 103.041
lradius 53.1323 0 0
lwrist 16.2423 0 0
lhand -7.3417 5.88986 0
lfingers 7.12502 0 0
lthumb 18.5225 34.7517 0
rclavicle -2.44107e-14 1.43761e-14 0
rhumerus -38.7177 9.23106 -88.4543
rradius 76.8745 0 0
rwrist 8.2219 0 0
rhand -41.4608 -31.3332 0
rfingers 7.12502 0 0
rthumb -14.3674 -780.673 0
377
root 5.96581 16.17 -15.5225 6.25716 -4.85033 -2.6382
lfemur -14.2449 8.22022 -3.76998
ltibia 51.9435 0 0
lfoot -0.174616 16.8986 0
ltoes 5.35459 0 0
rfemur -40.1399 -10.4409 16.0866
rtibia 49.5751 0 0
rfoot -3.05974 -3.79802 0
rtoes -6.97534 0 0
lowerback 2.05546 0.268524 1.01865
upperback 1.89964 0.408463 0.310332
thorax 0.905202 0.196045 -0.372468
lowerneck -6.74838 -2.47538 3.04998
upperneck 1.96797 -3.61936 2.39888
head 2.08004 -1.71097 0.0838129
lclavicle -2.4424e-14 1.42754e-14 0
lhumerus -45.925 -25.4897 102.897
lradius 53.043 0 0
lwrist 16.1641 0 0
lhand -7.6205 5.75398 0
lfingers 7.12502 0 0
lthumb 18.2541 34.6375 0
rclavicle -2.4424e-14 1.42754e-14 0
rhumerus -38.8934 9.11123 -88.4526
rradius 76.7209 0 0
rwrist 8.30617 0 0
rhand -41.2508 -31.1457 0
rfingers 7.12502 0 0
rthumb -14.165 -780.498 0
378
root 5.90949 16.1638 -15.4029 6.18962 -5.3602 -2.71966
lfemur -14.5425 8.22335 -3.76166
ltibia 52.004 0 0
lfoot -0.632188 16.6715 0
ltoes 5.08573 0 0
rfemur -40.0538 -10.1454 15.83
rtibia 49.525 0 0
rfoot -2.87817 -3.68387 0
rtoes -7.13256 0 0
lowerback 2.15165 0.315344 1.06168
upperback 1.90279 0.473212 0.28708
thorax 0.857436 0.228521 -0.423396
lowerneck -6.74188 -2.34068 3.18046
upperneck 2.01398 -3.44729 2.29606
head 2.0949 -1.62559 0.0348495
lclavicle -2.44372e-14 1.41747e-14 0
lhumerus -45.8774 -25.4309 102.752
lradius 52.9536 0 0
lwrist 16.0859 0 0
lhand -7.89929 5.61809 0
lfingers 7.12502 0 0
lthumb 17.9857 34.5233 0
rclavicle -2.44372e-14 1.41747e-14 0
rhumerus -39.069 8.9914 -88.4509
rradius 76.5673 0 0
rwrist 8.39045 0 0
rhand -41.0408 -30.9582 0
rfingers 7.12502 0 0
rthumb -13.9625 -780.322 0
379
root 5.85318 16.1576 -15.2833 6.12208 -5.87008 -2.80112
lfemur -14.8402 8.22649 -3.75334
ltibia 52.0644 0 0
lfoot -1.08976 16.4444 0
ltoes 4.81688 0 0
rfemur -39.9676 -9.84984 15.5734
rtibia 49.4749 0 0
rfoot -2.69661 -3.56973 0
rtoes -7.28977 0 0
lowerback 2.24783 0.362164 1.10471
upperback 1.90594 0.537962 0.263827
thorax 0.80967 0.260997 -0.474324
lowerneck -6.73538 -2.20598 3.31094
upperneck 2.05999 -3.27522 2.19323
head 2.10977 -1.54022 -0.014114
lclavicle -2.44505e-14 1.4074e-14 0
lhumerus -45.8297 -25.372 102.607
lradius 52.8643 0 0
lwrist 16.0078 0 0
lhand -8.17809 5.4822 0
lfingers 7.12502 0 0
lthumb 17.7174 34.4092 0
rclavicle -2.44505e-14 1.4074e-14 0
rhumerus -39.2447 8.87157 -88.4493
rradius 76.4137 0 0
rwrist 8.47472 0 0
rhand -40.8307 -30.7707 0
rfingers 7.12502 0 0
rthumb -13.7601 -780.147 0
380
root 5.79687 16.1514 -15.1637 6.05454 -6.37995 -2.88257
lfemur -15.1378 8.22963 -3.74502
ltibia 52.1249 0 0
lfoot -1.54733 16.2173 0
ltoes 4.54803 0 0
rfemur -39.8815 -9.55431 15.3167
rtibia 49.4247 0 0
rfoot -2.51504 -3.45559 0
rtoes -7.44698 0 0
lowerback 2.34402 0.408984 1.14774
upperback 1.90908 0.602712 0.240574
thorax 0.761904 0.293472 -0.525252
lowerneck -6.72887 -2.07128 3.44142
upperneck 2.10599 -3.10314 2.09041
head 2.12464 -1.45485 -0.0630775
lclavicle -2.44638e-14 1.39732e-14 0
lhumerus -45.7821 -25.3131 102.462
lradius 52.775 0 0
lwrist 15.9296 0 0
lhand -8.45688 5.34631 0
lfingers 7.12502 0 0
lthumb 17.449 34.295 0
rclavicle -2.44638e-14 1.39732e-14 0
rhumerus -39.4203 8.75174 -88.4476
rradius 76.2601 0 0
rwrist 8.559 0 0
rhand -40.6207 -30.5832 0
rfingers 7.12502 0 0
rthumb -13.5577 -779.972 0
381
root 5.74056 16.1452 -15.0441 5.987 -6.88982 -2.96403
lfemur -15.4354 8.23276 -3.7367
ltibia 52.1854 0 0
lfoot -2.0049 15.9903 0
ltoes 4.27918 0 0
rfemur -39.7953 -9.25878 15.0601
rtibia 49.3746 0 0
rfoot -2.33348 -3.34145 0
rtoes -7.6042 0 0
lowerback 2.4402 0.455804 1.19078
upperback 1.91223 0.667461 0.217321
thorax 0.714138 0.325948 -0.57618
lowerneck -6.72237 -1.93658 3.57189
upperneck 2.152 -2.93107 1.98759
head 2.1395 -1.36947 -0.112041
lclavicle -2.4477e-14 1.38725e-14 0
lhumerus -45.7345 -25.2543 102.317
lradius 52.6857 0 0
lwrist 15.8514 0 0
lhand -8.73568 5.21042 0
lfingers 7.12502 0 0
lthumb 17.1806 34.1809 0
rclavicle -2.4477e-14 1.38725e-14 0
rhumerus -39.596 8.63191 -88.446
rradius 76.1065 0 0
rwrist 8.64327 0 0
rhand -40.4107 -30.3957 0
rfingers 7.12502 0 0
rthumb -13.3552 -779.797 0
382
root 5.68425 16.139 -14.9245 5.91946 -7.3997 -3.04548
lfemur -15.733 8.2359 -3.72838
ltibia 52.2459 0 0
lfoot -2.46248 15.7632 0
ltoes 4.01033 0 0
rfemur -39.7091 -8.96325 14.8034
rtibia 49.3245 0 0
rfoot -2.15192 -3.22731 0
rtoes -7.76141 0 0
lowerback 2.53639 0.502624 1.23381
upperback 1.91537 0.732211 0.194068
thorax 0.666372 0.358424 -0.627108
lowerneck -6.71587 -1.80188 3.70237
upperneck 2.198 -2.75899 1.88476
head 2.15437 -1.2841 -0.161004
lclavicle -2.44903e-14 1.37718e-14 0
lhumerus -45.6869 -25.1954 102.172
lradius 52.5963 0 0
lwrist 15.7732 0 0
lhand -9.01447 5.07453 0
lfingers 7.12502 0 0
lthumb 16.9123 34.0667 0
rclavicle -2.44903e-14 1.37718e-14 0
rhumerus -39.7716 8.51208 -88.4443
rradius 75.9529 0 0
rwrist 8.72755 0 0
rhand -40.2007 -30.2082 0
rfingers 7.12502 0 0
rthumb -13.1528 -779.622 0
383
root 5.62794 16.1328 -14.805 5.85192 -7.90957 -3.12694
lfemur -16.0306 8.23903 -3.72006
ltibia 52.3063 0 0
lfoot -2.92005 15.5361 0
ltoes 3.74148 0 0
rfemur -39.623 -8.66773 14.5468
rtibia 49.2744 0 0
rfoot -1.97035 -3.11316 0
rtoes -7.91863 0 0
lowerback 2.63257 0.549445 1.27684
upperback 1.91852 0.796961 0.170816
thorax 0.618606 0.3909 -0.678037
lowerneck -6.70936 -1.66718 3.83285
upperneck 2.24401 -2.58692 1.78194
head 2.16924 -1.19873 -0.209968
lclavicle -2.45035e-14 1.36711e-14 0
lhumerus -45.6393 -25.1366 102.027
lradius 52.507 0 0
lwrist 15.695 0 0
lhand -9.29327 4.93864 0
lfingers 7.12502 0 0
lthumb 16.6439 33.9526 0
rclavicle -2.45035e-14 1.36711e-14 0
rhumerus -39.9473 8.39225 -88.4426
rradius 75.7993 0 0
rwrist 8.81182 0 0
rhand -39.9907 -30.0207 0
rfingers 7.12502 0 0
rthumb -12.9503 -779.446 0
384
root 5.57162 16.1266 -14.6854 5.78438 -8.41945 -3.2084
lfemur -16.3282 8.24217 -3.71174
ltibia 52.3668 0 0
lfoot -3.37762 15.309 0
ltoes 3.47263 0 0
rfemur -39.5368 -8.3722 14.2901
rtibia 49.2243 0 0
rfoot -1.78879 -2.99902 0
rtoes -8.07584 0 0
lowerback 2.72876 0.596265 1.31987
upperback 1.92167 0.861711 0.147563
thorax 0.57084 0.423376 -0.728965
lowerneck -6.70286 -1.53248 3.96332
upperneck 2.29002 -2.41485 1.67912
head 2.1841 -1.11336 -0.258931
lclavicle -2.45168e-14 1.35704e-14 0
lhumerus -45.5917 -25.0777 101.882
lradius 52.4177 0 0
lwrist 15.6169 0 0
lhand -9.57207 4.80276 0
lfingers 7.12502 0 0
lthumb 16.3755 33.8384 0
rclavicle -2.45168e-14 1.35704e-14 0
rhumerus -40.1229 8.27242 -88.441
rradius 75.6457 0 0
rwrist 8.8961 0 0
rhand -39.7807 -29.8332 0
rfingers 7.12502 0 0
rthumb -12.7479 -779.271 0
385
root 5.51531 16.1204 -14.5658 5.71684 -8.92932 -3.28985
lfemur -16.6258 8.24531 -3.70342
ltibia 52.4273 0 0
lfoot -3.83519 15.0819 0
ltoes 3.20378 0 0
rfemur -39.4506 -8.07667 14.0335
rtibia 49.1742 0 0
rfoot -1.60723 -2.88488 0
rtoes -8.23305 0 0
lowerback 2.82495 0.643085 1.3629
upperback 1.92481 0.92646 0.12431
thorax 0.523074 0.455852 -0.779893
lowerneck -6.69636 -1.39778 4.0938
upperneck 2.33602 -2.24277 1.57629
head 2.19897 -1.02798 -0.307895
lclavicle -2.453e-14 1.34697e-14 0
lhumerus -45.5441 -25.0189 101.738
lradius 52.3283 0 0
lwrist 15.5387 0 0
lhand -9.85086 4.66687 0
lfingers 7.12502 0 0
lthumb 16.1072 33.7242 0
rclavicle -2.453e-14 1.34697e-14 0
rhumerus -40.2986 8.15259 -88.4393
rradius 75.4921 0 0
rwrist 8.98037 0 0
rhand -39.5707 -29.6457 0
rfingers 7.12502 0 0
rthumb -12.5455 -779.096 0
386
root 5.459 16.1142 -14.4462 5.6493 -9.43919 -3.37131
lfemur -16.9235 8.24844 -3.6951
ltibia 52.4878 0 0
lfoot -4.29276 14.8549 0
ltoes 2.93493 0 0
rfemur -39.3645 -7.78114 13.7768
rtibia 49.1241 0 0
rfoot -1.42566 -2.77074 0
rtoes -8.39027 0 0
lowerback 2.92113 0.689905 1.40594
upperback 1.92796 0.99121 0.101057
thorax 0.475308 0.488328 -0.830821
lowerneck -6.68986 -1.26308 4.22428
upperneck 2.38203 -2.0707 1.47347
head 2.21384 -0.942611 -0.356858
lclavicle -2.45433e-14 1.33689e-14 0
lhumerus -45.4965 -24.96 101.593
lradius 52.239 0 0
lwrist 15.4605 0 0
lhand -10.1297 4.53098 0
lfingers 7.12502 0 0
lthumb 15.8388 33.6101 0
rclavicle -2.45433e-14 1.33689e-14 0
rhumerus -40.4742 8.03276 -88.4376
rradius 75.3385 0 0
rwrist 9.06465 0 0
rhand -39.3607 -29.4582 0
rfingers 7.12502 0 0
rthumb -12.343 -778.921 0
387
root 5.40269 16.108 -14.3266 5.58177 -9.94907 -3.45276
lfemur -17.2211 8.25158 -3.68677
ltibia 52.5482 0 0
lfoot -4.75034 14.6278 0
ltoes 2.66608 0 0
rfemur -39.2783 -7.48561 13.5202
rtibia 49.0739 0 0
rfoot -1.2441 -2.65659 0
rtoes -8.54748 0 0
lowerback 3.01732 0.736725 1.44897
upperback 1.9311 1.05596 0.0778046
thorax 0.427542 0.520803 -0.881749
lowerneck -6.68335 -1.12839 4.35475
upperneck 2.42804 -1.89862 1.37065
head 2.2287 -0.857239 -0.405822
lclavicle -2.45565e-14 1.32682e-14 0
lhumerus -45.4488 -24.9012 101.448
lradius 52.1497 0 0
lwrist 15.3823 0 0
lhand -10.4085 4.39509 0
lfingers 7.12502 0 0
lthumb 15.5705 33.4959 0
rclavicle -2.45565e-14 1.32682e-14 0
rhumerus -40.6499 7.91292 -88.436
rradius 75.185 0 0
rwrist 9.14892 0 0
rhand -39.1506 -29.2706 0
rfingers 7.12502 0 0
rthumb -12.1406 -778.745 0
388
root 5.34638 16.1018 -14.207 5.51423 -10.4589 -3.53422
lfemur -17.5187 8.25471 -3.67845
ltibia 52.6087 0 0
lfoot -5.20791 14.4007 0
ltoes 2.39723 0 0
rfemur -39.1922 -7.19008 13.2636
rtibia 49.0238 0 0
rfoot -1.06253 -2.54245 0
rtoes -8.7047 0 0
lowerback 3.1135 0.783545 1.492
upperback 1.93425 1.12071 0.0545518
thorax 0.379776 0.553279 -0.932677
lowerneck -6.67685 -0.993686 4.48523
upperneck 2.47404 -1.72655 1.26783
head 2.24357 -0.771866 -0.454785
lclavicle -2.45698e-14 1.31675e-14 0
lhumerus -45.4012 -24.8423 101.303
lradius 52.0604 0 0
lwrist 15.3041 0 0
lhand -10.6872 4.2592 0
lfingers 7.12502 0 0
lthumb 15.3021 33.3818 0
rclavicle -2.45698e-14 1.31675e-14 0
rhumerus -40.8255 7.79309 -88.4343
rradius 75.0314 0 0
rwrist 9.2332 0 0
rhand -38.9406 -29.0831 0
rfingers 7.12502 0 0
rthumb -11.9381 -778.57 0
389
root 5.29007 16.0956 -14.0875 5.44669 -10.9688 -3.61568
lfemur -17.8163 8.25785 -3.67013
ltibia 52.6692 0 0
lfoot -5.66548 14.1736 0
ltoes 2.12838 0 0
rfemur -39.106 -6.89455 13.0069
rtibia 48.9737 0 0
rfoot -0.880971 -2.42831 0
rtoes -8.86191 0 0
lowerback 3.20969 0.830365 1.53503
upperback 1.93739 1.18546 0.0312991
thorax 0.33201 0.585755 -0.983605
lowerneck -6.67035 -0.858987 4.61571
upperneck 2.52005 -1.55447 1.165
head 2.25844 -0.686493 -0.503749
lclavicle -2.4583e-14 1.30668e-14 0
lhumerus -45.3536 -24.7835 101.158
lradius 51.971 0 0
lwrist 15.2259 0 0
lhand -10.966 4.12331 0
lfingers 7.12502 0 0
lthumb 15.0337 33.2676 0
rclavicle -2.4583e-14 1.30668e-14 0
rhumerus -41.0012 7.67326 -88.4326
rradius 74.8778 0 0
rwrist 9.31747 0 0
rhand -38.7306 -28.8956 0
rfingers 7.12502 0 0
rthumb -11.7357 -778.395 0
390
root 5.23375 16.0894 -13.9679 5.37915 -11.4787 -3.69713
lfemur -18.1139 8.26099 -3.66181
ltibia 52.7297 0 0
lfoot -6.12305 13.9465 0
ltoes 1.85953 0 0
rfemur -39.0198 -6.59902 12.7503
rtibia 48.9236 0 0
rfoot -0.699407 -2.31417 0
rtoes -9.01912 0 0
lowerback 3.30587 0.877185 1.57806
upperback 1.94054 1.25021 0.00804629
thorax 0.284244 0.618231 -1.03453
lowerneck -6.66385 -0.724288 4.74618
upperneck 2.56605 -1.3824 1.06218
head 2.2733 -0.601121 -0.552712
lclavicle -2.45963e-14 1.29661e-14 0
lhumerus -45.306 -24.7246 101.013
lradius 51.8817 0 0
lwrist 15.1478 0 0
lhand -11.2448 3.98743 0
lfingers 7.12502 0 0
lthumb 14.7654 33.1534 0
rclavicle -2.45963e-14 1.29661e-14 0
rhumerus -41.1768 7.55343 -88.431
rradius 74.7242 0 0
rwrist 9.40175 0 0
rhand -38.5206 -28.7081 0
rfingers 7.12502 0 0
rthumb -11.5332 -778.22 0
391
root 5.17744 16.0832 -13.8483 5.31161 -11.9886 -3.77859
lfemur -18.4115 8.26412 -3.65349
ltibia 52.7901 0 0
lfoot -6.58062 13.7195 0
ltoes 1.59068 0 0
rfemur -38.9337 -6.3035 12.4936
rtibia 48.8735 0 0
rfoot -0.517843 -2.20002 0
rtoes -9.17634 0 0
lowerback 3.40206 0.924006 1.62109
upperback 1.94369 1.31496 -0.0152065
thorax 0.236478 0.650707 -1.08546
lowerneck -6.65734 -0.589589 4.87666
upperneck 2.61206 -1.21033 0.959356
head 2.28817 -0.515748 -0.601676
lclavicle -2.46095e-14 1.28653e-14 0
lhumerus -45.2584 -24.6658 100.868
lradius 51.7924 0 0
lwrist 15.0696 0 0
lhand -11.5236 3.85154 0
lfingers 7.12502 0 0
lthumb 14.497 33.0393 0
rclavicle -2.46095e-14 1.28653e-14 0
rhumerus -41.3525 7.4336 -88.4293
rradius 74.5706 0 0
rwrist 9.48602 0 0
rhand -38.3106 -28.5206 0
rfingers 7.12502 0 0
rthumb -11.3308 -778.044 0
392
root 5.12113 16.077 -13.7287 5.24407 -12.4984 -3.86004
lfemur -18.7091 8.26726 -3.64517
ltibia 52.8506 0 0
lfoot -7.0382 13.4924 0
ltoes 1.32183 0 0
rfemur -38.8475 -6.00797 12.237
rtibia 48.8234 0 0
rfoot -0.336279 -2.08588 0
rtoes -9.33355 0 0
lowerback 3.49825 0.970826 1.66413
upperback 1.94683 1.37971 -0.0384593
thorax 0.188712 0.683183 -1.13639
lowerneck -6.65084 -0.45489 5.00714
upperneck 2.65807 -1.03825 0.856532
head 2.30304 -0.430375 -0.650639
lclavicle -2.46228e-14 1.27646e-14 0
lhumerus -45.2108 -24.6069 100.724
lradius 51.703 0 0
lwrist 14.9914 0 0
lhand -11.8024 3.71565 0
lfingers 7.12502 0 0
lthumb 14.2286 32.9251 0
rclavicle -2.46228e-14 1.27646e-14 0
rhumerus -41.5281 7.31377 -88.4276
rradius 74.417 0 0
rwrist 9.5703 0 0
rhand -38.1006 -28.3331 0
rfingers 7.12502 0 0
rthumb -11.1284 -777.869 0
393
root 5.06482 16.0708 -13.6091 5.17653 -13.0083 -3.9415
lfemur -19.0068 8.27039 -3.63685
ltibia 52.9111 0 0
lfoot -7.49577 13.2653 0
ltoes 1.05298 0 0
rfemur -38.7613 -5.71244 11.9803
rtibia 48.7733 0 0
rfoot -0.154716 -1.97174 0
rtoes -9.49077 0 0
lowerback 3.59443 1.01765 1.70716
upperback 1.94998 1.44446 -0.061712
thorax 0.140946 0.715659 -1.18732
lowerneck -6.64434 -0.320191 5.13762
upperneck 2.70407 -0.866178 0.753709
head 2.3179 -0.345003 -0.699603
lclavicle -2.4636e-14 1.26639e-14 0
lhumerus -45.1632 -24.5481 100.579
lradius 51.6137 0 0
lwrist 14.9132 0 0
lhand -12.0812 3.57976 0
lfingers 7.12502 0 0
lthumb 13.9603 32.811 0
rclavicle -2.4636e-14 1.26639e-14 0
rhumerus -41.7038 7.19394 -88.426
rradius 74.2634 0 0
rwrist 9.65457 0 0
rhand -37.8906 -28.1456 0
rfingers 7.12502 0 0
rthumb -10.9259 -777.694 0
394
root 5.00851 16.0646 -13.4895 5.10899 -13.5182 -4.02295
lfemur -19.3044 8.27353 -3.62853
ltibia 52.9716 0 0
lfoot -7.95334 13.0382 0
ltoes 0.784126 0 0
rfemur -38.6752 -5.41691 11.7237
rtibia 48.7231 0 0
rfoot 0.026848 -1.8576 0
rtoes -9.64798 0 0
lowerback 3.69062 1.06447 1.75019
upperback 1.95312 1.50921 -0.0849648
thorax 0.09318 0.748134 -1.23825
lowerneck -6.63783 -0.185492 5.26809
upperneck 2.75008 -0.694104 0.650886
head 2.33277 -0.25963 -0.748566
lclavicle -2.46493e-14 1.25632e-14 0
lhumerus -45.1156 -24.4892 100.434
lradius 51.5244 0 0
lwrist 14.835 0 0
lhand -12.36 3.44387 0
lfingers 7.12502 0 0
lthumb 13.6919 32.6968 0
rclavicle -2.46493e-14 1.25632e-14 0
rhumerus -41.8794 7.07411 -88.4243
rradius 74.1098 0 0
rwrist 9.73885 0 0
rhand -37.6806 -27.9581 0
rfingers 7.12502 0 0
rthumb -10.7235 -777.519 0
395
root 4.9522 16.0584 -13.3699 5.04145 -14.0281 -4.10441
lfemur -19.602 8.27667 -3.62021
ltibia 53.032 0 0
lfoot -8.41091 12.8112 0
ltoes 0.515275 0 0
rfemur -38.589 -5.12138 11.467
rtibia 48.673 0 0
rfoot 0.208412 -1.74346 0
rtoes -9.80519 0 0
lowerback 3.7868 1.11129 1.79322
upperback 1.95627 1.57396 -0.108218
thorax 0.045414 0.78061 -1.28917
lowerneck -6.63133 -0.0507929 5.39857
upperneck 2.79609 -0.52203 0.548063
head 2.34764 -0.174257 -0.797529
lclavicle -2.46626e-14 1.24625e-14 0
lhumerus -45.0679 -24.4303 100.289
lradius 51.4351 0 0
lwrist 14.7569 0 0
lhand -12.6388 3.30798 0
lfingers 7.12502 0 0
lthumb 13.4235 32.5827 0
rclavicle -2.46626e-14 1.24625e-14 0
rhumerus -42.0551 6.95428 -88.4227
rradius 73.9562 0 0
rwrist 9.82312 0 0
rhand -37.4705 -27.7706 0
rfingers 7.12502 0 0
rthumb -10.521 -777.344 0
396
root 4.89588 16.0522 -13.2504 4.97391 -14.5379 -4.18587
lfemur -19.8996 8.2798 -3.61189
ltibia 53.0925 0 0
lfoot -8.86848 12.5841 0
ltoes 0.246425 0 0
rfemur -38.5029 -4.82585 11.2104
rtibia 48.6229 0 0
rfoot 0.389975 -1.62931 0
rtoes -9.96241 0 0
lowerback 3.88299 1.15811 1.83625
upperback 1.95942 1.63871 -0.13147
thorax -0.002352 0.813086 -1.3401
lowerneck -6.62483 0.0839061 5.52905
upperneck 2.84209 -0.349956 0.44524
head 2.3625 -0.0888847 -0.846493
lclavicle -2.46758e-14 1.23618e-14 0
lhumerus -45.0203 -24.3715 100.144
lradius 51.3457 0 0
lwrist 14.6787 0 0
lhand -12.9176 3.1721 0
lfingers 7.12502 0 0
lthumb 13.1552 32.4685 0
rclavicle -2.46758e-14 1.23618e-14 0
rhumerus -42.2307 6.83445 -88.421
rradius 73.8026 0 0
rwrist 9.9074 0 0
rhand -37.2605 -27.5831 0
rfingers 7.12502 0 0
rthumb -10.3186 -777.168 0
397
root 4.83957 16.046 -13.1308 4.90637 -15.0478 -4.26732
lfemur -20.1972 8.28294 -3.60357
ltibia 53.153 0 0
lfoot -9.32606 12.357 0
ltoes -0.0224256 0 0
rfemur -38.4167 -4.53032 10.9537
rtibia 48.5728 0 0
rfoot 0.571539 -1.51517 0
rtoes -10.1196 0 0
lowerback 3.97917 1.20493 1.87929
upperback 1.96256 1.70346 -0.154723
thorax -0.050118 0.845562 -1.39103
lowerneck -6.61833 0.218605 5.65952
upperneck 2.8881 -0.177882 0.342416
head 2.37737 -0.003512 -0.895456
lclavicle -2.46891e-14 1.2261e-14 0
lhumerus -44.9727 -24.3126 99.9991
lradius 51.2564 0 0
lwrist 14.6005 0 0
lhand -13.1964 3.03621 0
lfingers 7.12502 0 0
lthumb 12.8868 32.3543 0
rclavicle -2.46891e-14 1.2261e-14 0
rhumerus -42.4064 6.71462 -88.4193
rradius 73.649 0 0
rwrist 9.99167 0 0
rhand -37.0505 -27.3956 0
rfingers 7.12502 0 0
rthumb -10.1162 -776.993 0
398
root 4.78326 16.0398 -13.0112 4.83883 -15.5577 -4.34878
lfemur -20.4948 8.28607 -3.59525
ltibia 53.2135 0 0
lfoot -9.78363 12.1299 0
ltoes -0.291276 0 0
rfemur -38.3305 -4.2348 10.6971
rtibia 48.5227 0 0
rfoot 0.753103 -1.40103 0
rtoes -10.2768 0 0
lowerback 4.07536 1.25175 1.92232
upperback 1.96571 1.76821 -0.177976
thorax -0.097884 0.878038 -1.44196
lowerneck -6.61182 0.353304 5.79
upperneck 2.93411 -0.00580747 0.239593
head 2.39224 0.0818607 -0.94442
lclavicle -2.47023e-14 1.21603e-14 0
lhumerus -44.9251 -24.2538 99.8543
lradius 51.1671 0 0
lwrist 14.5223 0 0
lhand -13.4752 2.90032 0
lfingers 7.12502 0 0
lthumb 12.6184 32.2402 0
rclavicle -2.47023e-14 1.21603e-14 0
rhumerus -42.582 6.59478 -88.4177
rradius 73.4954 0 0
rwrist 10.0759 0 0
rhand -36.8405 -27.2081 0
rfingers 7.12502 0 0
rthumb -9.91373 -776.818 0
399
root 4.72695 16.0336 -12.8916 4.77129 -16.0676 -4.43023
lfemur -20.7924 8.28921 -3.58693
ltibia 53.2739 0 0
lfoot -10.2412 11.9028 0
ltoes -0.560127 0 0
rfemur -38.2444 -3.93927 10.4405
rtibia 48.4726 0 0
rfoot 0.934667 -1.28689 0
rtoes -10.434 0 0
lowerback 4.17155 1.29857 1.96535
upperback 1.96885 1.83296 -0.201229
thorax -0.14565 0.910514 -1.49289
lowerneck -6.60532 0.488003 5.92048
upperneck 2.98011 0.166267 0.13677
head 2.4071 0.167233 -0.993383
lclavicle -2.47156e-14 1.20596e-14 0
lhumerus -44.8775 -24.1949 99.7094
lradius 51.0777 0 0
lwrist 14.4441 0 0
lhand -13.754 2.76443 0
lfingers 7.12502 0 0
lthumb 12.3501 32.126 0
rclavicle -2.47156e-14 1.20596e-14 0
rhumerus -42.7577 6.47495 -88.416
rradius 73.3418 0 0
rwrist 10.1602 0 0
rhand -36.6305 -27.0206 0
rfingers 7.12502 0 0
rthumb -9.71129 -776.643 0
400
root 4.67064 16.0274 -12.772 4.70375 -16.5774 -4.51169
lfemur -21.0901 8.29235 -3.57861
ltibia 53.3344 0 0
lfoot -10.6988 11.6758 0
ltoes -0.828977 0 0
rfemur -38.1582 -3.64374 10.1838
rtibia 48.4225 0 0
rfoot 1.11623 -1.17274 0
rtoes -10.5913 0 0
lowerback 4.26773 1.34539 2.00838
upperback 1.972 1.89771 -0.224481
thorax -0.193416 0.94299 -1.54381
lowerneck -6.59882 0.622702 6.05095
upperneck 3.02612 0.338341 0.0339468
head 2.42197 0.252606 -1.04235
lclavicle -2.47288e-14 1.19589e-14 0
lhumerus -44.8299 -24.1361 99.5645
lradius 50.9884 0 0
lwrist 14.366 0 0
lhand -14.0328 2.62854 0
lfingers 7.12502 0 0
lthumb 12.0817 32.0119 0
rclavicle -2.47288e-14 1.19589e-14 0
rhumerus -42.9333 6.35512 -88.4143
rradius 73.1882 0 0
rwrist 10.2445 0 0
rhand -36.4205 -26.8331 0
rfingers 7.12502 0 0
rthumb -9.50885 -776.467 0
401
root 4.61433 16.0212 -12.6524 4.63621 -17.0873 -4.59315
lfemur -21.3877 8.29548 -3.57029
ltibia 53.3949 0 0
lfoot -11.1563 11.4487 0
ltoes -1.09783 0 0
rfemur -38.072 -3.34821 9.92717
rtibia 48.3723 0 0
rfoot 1.29779 -1.0586 0
rtoes -10.7485 0 0
lowerback 4.36392 1.39221 2.05141
upperback 1.97515 1.96246 -0.247734
thorax -0.241182 0.975465 -1.59474
lowerneck -6.59231 0.757401 6.18143
upperneck 3.07212 0.510415 -0.0688764
head 2.43684 0.337979 -1.09131
lclavicle -2.47421e-14 1.18582e-14 0
lhumerus -44.7823 -24.0772 99.4197
lradius 50.8991 0 0
lwrist 14.2878 0 0
lhand -14.3116 2.49265 0
lfingers 7.12502 0 0
lthumb 11.8134 31.8977 0
rclavicle -2.47421e-14 1.18582e-14 0
rhumerus -43.109 6.23529 -88.4127
rradius 73.0346 0 0
rwrist 10.3288 0 0
rhand -36.2105 -26.6456 0
rfingers 7.12502 0 0
rthumb -9.30641 -776.292 0
402
root 4.55802 16.015 -12.5329 4.56867 -17.5972 -4.6746
lfemur -21.6853 8.29862 -3.56197
ltibia 53.4554 0 0
lfoot -11.6139 11.2216 0
ltoes -1.36668 0 0
rfemur -37.9859 -3.05268 9.67053
rtibia 48.3222 0 0
rfoot 1.47936 -0.94446 0
rtoes -10.9057 0 0
lowerback 4.4601 1.43903 2.09445
upperback 1.97829 2.02721 -0.270987
thorax -0.288948 1.00794 -1.64567
lowerneck -6.58581 0.892101 6.31191
upperneck 3.11813 0.682489 -0.1717
head 2.4517 0.423351 -1.14027
lclavicle -2.47553e-14 1.17575e-14 0
lhumerus -44.7347 -24.0184 99.2748
lradius 50.8097 0 0
lwrist 14.2096 0 0
lhand -14.5904 2.35677 0
lfingers 7.12502 0 0
lthumb 11.545 31.7836 0
rclavicle -2.47553e-14 1.17575e-14 0
rhumerus -43.2846 6.11546 -88.411
rradius 72.881 0 0
rwrist 10.413 0 0
rhand -36.0005 -26.4581 0
rfingers 7.12502 0 0
rthumb -9.10397 -776.117 0
403
root 4.5017 16.0088 -12.4133 4.50113 -18.107 -4.75606
lfemur -21.9829 8.30175 -3.55365
ltibia 53.5158 0 0
lfoot -12.0715 10.9945 0
ltoes -1.63553 0 0
rfemur -37.8997 -2.75715 9.41388
rtibia 48.2721 0 0
rfoot 1.66092 -0.830318 0
rtoes -11.0629 0 0
lowerback 4.55629 1.48585 2.13748
upperback 1.98144 2.09196 -0.29424
thorax -0.336714 1.04042 -1.6966
lowerneck -6.57931 1.0268 6.44238
upperneck 3.16414 0.854563 -0.274523
head 2.46657 0.508724 -1.18924
lclavicle -2.47686e-14 1.16567e-14 0
lhumerus -44.6871 -23.9595 99.1299
lradius 50.7204 0 0
lwrist 14.1314 0 0
lhand -14.8692 2.22088 0
lfingers 7.12502 0 0
lthumb 11.2766 31.6694 0
rclavicle -2.47686e-14 1.16567e-14 0
rhumerus -43.4603 5.99563 -88.4093
rradius 72.7274 0 0
rwrist 10.4973 0 0
rhand -35.7905 -26.2706 0
rfingers 7.12502 0 0
rthumb -8.90153 -775.942 0
404
root 4.44539 16.0026 -12.2937 4.43359 -18.6169 -4.83751
lfemur -22.2805 8.30489 -3.54533
ltibia 53.5763 0 0
lfoot -12.5291 10.7674 0
ltoes -1.90438 0 0
rfemur -37.8136 -2.46162 9.15724
rtibia 48.222 0 0
rfoot 1.84249 -0.716175 0
rtoes -11.2201 0 0
lowerback 4.65247 1.53267 2.18051
upperback 1.98458 2.15671 -0.317493
thorax -0.38448 1.07289 -1.74753
lowerneck -6.57281 1.1615 6.57286
upperneck 3.21014 1.02664 -0.377346
head 2.48144 0.594097 -1.2382
lclavicle -2.47818e-14 1.1556e-14 0
lhumerus -44.6394 -23.9007 98.985
lradius 50.6311 0 0
lwrist 14.0532 0 0
lhand -15.148 2.08499 0
lfingers 7.12502 0 0
lthumb 11.0083 31.5552 0
rclavicle -2.47818e-14 1.1556e-14 0
rhumerus -43.6359 5.8758 -88.4077
rradius 72.5738 0 0
rwrist 10.5816 0 0
rhand -35.5804 -26.0831 0
rfingers 7.12502 0 0
rthumb -8.69909 -775.767 0
405
root 4.38908 15.9964 -12.1741 4.36605 -19.1268 -4.91897
lfemur -22.5781 8.30803 -3.53701
ltibia 53.6368 0 0
lfoot -12.9866 10.5404 0
ltoes -2.17323 0 0
rfemur -37.7274 -2.16609 8.90059
rtibia 48.1719 0 0
rfoot 2.02405 -0.602033 0
rtoes -11.3773 0 0
lowerback 4.74866 1.57949 2.22354
upperback 1.98773 2.22146 -0.340745
thorax -0.432246 1.10537 -1.79846
lowerneck -6.5663 1.2962 6.70334
upperneck 3.25615 1.19871 -0.480169
head 2.4963 0.679469 -1.28716
lclavicle -2.47951e-14 1.14553e-14 0
lhumerus -44.5918 -23.8418 98.8402
lradius 50.5418 0 0
lwrist 13.975 0 0
lhand -15.4268 1.9491 0
lfingers 7.12502 0 0
lthumb 10.7399 31.4411 0
rclavicle -2.47951e-14 1.14553e-14 0
rhumerus -43.8116 5.75597 -88.406
rradius 72.4202 0 0
rwrist 10.6659 0 0
rhand -35.3704 -25.8956 0
rfingers 7.12502 0 0
rthumb -8.49665 -775.591 0
406
root 4.33277 15.9901 -12.0545 4.29851 -19.6367 -5.00042
lfemur -22.8757 8.31116 -3.52869
ltibia 53.6973 0 0
lfoot -13.4442 10.3133 0
ltoes -2.44208 0 0
rfemur -37.6412 -1.87057 8.64395
rtibia 48.1218 0 0
rfoot 2.20561 -0.487891 0
rtoes -11.5345 0 0
lowerback 4.84485 1.62631 2.26657
upperback 1.99087 2.2862 -0.363998
thorax -0.480012 1.13784 -1.84938
lowerneck -6.5598 1.4309 6.83382
upperneck 3.30216 1.37079 -0.582992
head 2.51117 0.764842 -1.33613
lclavicle -2.48083e-14 1.13546e-14 0
lhumerus -44.5442 -23.783 98.6953
lradius 50.4524 0 0
lwrist 13.8969 0 0
lhand -15.7056 1.81321 0
lfingers 7.12502 0 0
lthumb 10.4715 31.3269 0
rclavicle -2.48083e-14 1.13546e-14 0
rhumerus -43.9872 5.63614 -88.4044
rradius 72.2666 0 0
rwrist 10.7501 0 0
rhand -35.1604 -25.7081 0
rfingers 7.12502 0 0
rthumb -8.2942 -775.416 0
407
root 4.27646 15.9839 -11.9349 4.23097 -20.1465 -5.08188
lfemur -23.1734 8.3143 -3.52037
ltibia 53.7577 0 0
lfoot -13.9018 10.0862 0
ltoes -2.71093 0 0
rfemur -37.5551 -1.57504 8.3873
rtibia 48.0716 0 0
rfoot 2.38718 -0.373749 0
rtoes -11.6918 0 0
lowerback 4.94103 1.67313 2.30961
upperback 1.99402 2.35095 -0.387251
thorax -0.527778 1.17032 -1.90031
lowerneck -6.5533 1.5656 6.96429
upperneck 3.34816 1.54286 -0.685816
head 2.52604 0.850215 -1.38509
lclavicle -2.48216e-14 1.12539e-14 0
lhumerus -44.4966 -23.7241 98.5504
lradius 50.3631 0 0
lwrist 13.8187 0 0
lhand -15.9844 1.67732 0
lfingers 7.12502 0 0
lthumb 10.2032 31.2128 0
rclavicle -2.48216e-14 1.12539e-14 0
rhumerus -44.1629 5.51631 -88.4027
rradius 72.113 0 0
rwrist 10.8344 0 0
rhand -34.9504 -25.5206 0
rfingers 7.12502 0 0
rthumb -8.09176 -775.241 0
408
root 4.22015 15.9777 -11.8154 4.16343 -20.6564 -5.16334
lfemur -23.471 8.31743 -3.51205
ltibia 53.8182 0 0
lfoot -14.3593 9.85912 0
ltoes -2.97978 0 0
rfemur -37.4689 -1.27951 8.13066
rtibia 48.0215 0 0
rfoot 2.56874 -0.259606 0
rtoes -11.849 0 0
lowerback 5.03722 1.71995 2.35264
upperback 1.99717 2.4157 -0.410504
thorax -0.575544 1.2028 -1.95124
lowerneck -6.54679 1.70029 7.09477
upperneck 3.39417 1.71493 -0.788639
head 2.5409 0.935587 -1.43405
lclavicle -2.48348e-14 1.11531e-14 0
lhumerus -44.449 -23.6653 98.4056
lradius 50.2738 0 0
lwrist 13.7405 0 0
lhand -16.2632 1.54144 0
lfingers 7.12502 0 0
lthumb 9.9348 31.0986 0
rclavicle -2.48348e-14 1.11531e-14 0
rhumerus -44.3385 5.39647 -88.401
rradius 71.9594 0 0
rwrist 10.9187 0 0
rhand -34.7404 -25.3331 0
rfingers 7.12502 0 0
rthumb -7.88932 -775.066 0
409
root 4.16383 15.9715 -11.6958 4.09589 -21.1663 -5.24479
lfemur -23.7686 8.32057 -3.50373
ltibia 53.8787 0 0
lfoot -14.8169 9.63204 0
ltoes -3.24863 0 0
rfemur -37.3827 -0.98398 7.87401
rtibia 47.9714 0 0
rfoot 2.7503 -0.145464 0
rtoes -12.0062 0 0
lowerback 5.1334 1.76677 2.39567
upperback 2.00031 2.48045 -0.433756
thorax -0.62331 1.23527 -2.00217
lowerneck -6.54029 1.83499 7.22525
upperneck 3.44018 1.88701 -0.891462
head 2.55577 1.02096 -1.48302
lclavicle -2.48481e-14 1.10524e-14 0
lhumerus -44.4014 -23.6064 98.2607
lradius 50.1844 0 0
lwrist 13.6623 0 0
lhand -16.542 1.40555 0
lfingers 7.12502 0 0
lthumb 9.66644 30.9845 0
rclavicle -2.48481e-14 1.10524e-14 0
rhumerus -44.5142 5.27664 -88.3994
rradius 71.8058 0 0
rwrist 11.003 0 0
rhand -34.5304 -25.1456 0
rfingers 7.12502 0 0
rthumb -7.68688 -774.89 0
410
root 4.10752 15.9653 -11.5762 4.02835 -21.6762 -5.32625
lfemur -24.0662 8.32371 -3.49541
ltibia 53.9392 0 0
lfoot -15.2745 9.40496 0
ltoes -3.51748 0 0
rfemur -37.2966 -0.688451 7.61737
rtibia 47.9213 0 0
rfoot 2.93187 -0.0313217 0
rtoes -12.1634 0 0
lowerback 5.22959 1.81359 2.4387
upperback 2.00346 2.5452 -0.457009
thorax -0.671076 1.26775 -2.0531
lowerneck -6.53379 1.96969 7.35572
upperneck 3.48618 2.05908 -0.994285
head 2.57064 1.10633 -1.53198
lclavicle -2.48614e-14 1.09517e-14 0
lhumerus -44.3538 -23.5475 98.1158
lradius 50.0951 0 0
lwrist 13.5841 0 0
lhand -16.8208 1.26966 0
lfingers 7.12502 0 0
lthumb 9.39807 30.8703 0
rclavicle -2.48614e-14 1.09517e-14 0
rhumerus -44.6898 5.15681 -88.3977
rradius 71.6522 0 0
rwrist 11.0872 0 0
rhand -34.3204 -24.9581 0
rfingers 7.12502 0 0
rthumb -7.48444 -774.715 0
411
root 4.05121 15.9591 -11.4566 3.96081 -22.186 -5.4077
lfemur -24.3638 8.32684 -3.48709
ltibia 53.9996 0 0
lfoot -15.7321 9.17788 0
ltoes -3.78633 0 0
rfemur -37.2104 -0.392923 7.36072
rtibia 47.8712 0 0
rfoot 3.11343 0.0828205 0
rtoes -12.3206 0 0
lowerback 5.32578 1.86041 2.48173
upperback 2.0066 2.60995 -0.480262
thorax -0.718842 1.30022 -2.10402
lowerneck -6.52729 2.10439 7.4862
upperneck 3.53219 2.23116 -1.09711
head 2.5855 1.19171 -1.58094
lclavicle -2.48746e-14 1.0851e-14 0
lhumerus -44.3062 -23.4887 97.9709
lradius 50.0058 0 0
lwrist 13.506 0 0
lhand -17.0996 1.13377 0
lfingers 7.12502 0 0
lthumb 9.12971 30.7561 0
rclavicle -2.48746e-14 1.0851e-14 0
rhumerus -44.8655 5.03698 -88.396
rradius 71.4986 0 0
rwrist 11.1715 0 0
rhand -34.1104 -24.7706 0
rfingers 7.12502 0 0
rthumb -7.282 -774.54 0
412
root 3.9949 15.9529 -11.337 3.89328 -22.6959 -5.48916
lfemur -24.6614 8.32998 -3.47876
ltibia 54.0601 0 0
lfoot -16.1896 8.9508 0
ltoes -4.05518 0 0
rfemur -37.1243 -0.097394 7.10408
rtibia 47.8211 0 0
rfoot 3.295 0.196963 0
rtoes -12.4778 0 0
lowerback 5.42196 1.90723 2.52477
upperback 2.00975 2.6747 -0.503515
thorax -0.766608 1.3327 -2.15495
lowerneck -6.52078 2.23909 7.61668
upperneck 3.57819 2.40323 -1.19993
head 2.60037 1.27708 -1.62991
lclavicle -2.48879e-14 1.07503e-14 0
lhumerus -44.2585 -23.4298 97.8261
lradius 49.9165 0 0
lwrist 13.4278 0 0
lhand -17.3783 0.997882 0
lfingers 7.12502 0 0
lthumb 8.86134 30.642 0
rclavicle -2.48879e-14 1.07503e-14 0
rhumerus -45.0411 4.91715 -88.3944
rradius 71.345 0 0
rwrist 11.2558 0 0
rhand -33.9003 -24.583 0
rfingers 7.12502 0 0
rthumb -7.07956 -774.365 0
413
root 3.93859 15.9467 -11.2174 3.82574 -23.2058 -5.57062
lfemur -24.959 8.33311 -3.47044
ltibia 54.1206 0 0
lfoot -16.6472 8.72372 0
ltoes -4.32403 0 0
rfemur -37.0381 0.198135 6.84743
rtibia 47.771 0 0
rfoot 3.47656 0.311105 0
rtoes -12.635 0 0
lowerback 5.51815 1.95405 2.5678
upperback 2.0129 2.73945 -0.526767
thorax -0.814374 1.36518 -2.20588
lowerneck -6.51428 2.37379 7.74715
upperneck 3.6242 2.5753 -1.30275
head 2.61524 1.36245 -1.67887
lclavicle -2.49011e-14 1.06496e-14 0
lhumerus -44.2109 -23.371 97.6812
lradius 49.8271 0 0
lwrist 13.3496 0 0
lhand -17.6571 0.861993 0
lfingers 7.12502 0 0
lthumb 8.59298 30.5278 0
rclavicle -2.49011e-14 1.06496e-14 0
rhumerus -45.2168 4.79732 -88.3927
rradius 71.1914 0 0
rwrist 11.3401 0 0
rhand -33.6903 -24.3955 0
rfingers 7.12502 0 0
rthumb -6.87712 -774.189 0
414
root 3.88228 15.9405 -11.0979 3.7582 -23.7157 -5.65207
lfemur -25.2567 8.33625 -3.46212
ltibia 54.1811 0 0
lfoot -17.1048 8.49664 0
ltoes -4.59288 0 0
rfemur -36.9519 0.493663 6.59079
rtibia 47.7208 0 0
rfoot 3.65812 0.425247 0
rtoes -12.7923 0 0
lowerback 5.61433 2.00087 2.61083
upperback 2.01604 2.8042 -0.55002
thorax -0.86214 1.39765 -2.25681
lowerneck -6.50778 2.50849 7.87763
upperneck 3.67021 2.74738 -1.40558
head 2.6301 1.44782 -1.72784
lclavicle -2.49144e-14 1.05488e-14 0
lhumerus -44.1633 -23.3121 97.5363
lradius 49.7378 0 0
lwrist 13.2714 0 0
lhand -17.9359 0.726105 0
lfingers 7.12502 0 0
lthumb 8.32461 30.4137 0
rclavicle -2.49144e-14 1.05488e-14 0
rhumerus -45.3924 4.67749 -88.391
rradius 71.0378 0 0
rwrist 11.4243 0 0
rhand -33.4803 -24.208 0
rfingers 7.12502 0 0
rthumb -6.67468 -774.014 0
415
root 3.82596 15.9343 -10.9783 3.69066 -24.2255 -5.73353
lfemur -25.5543 8.33939 -3.4538
ltibia 54.2415 0 0
lfoot -17.5624 8.26956 0
ltoes -4.86174 0 0
rfemur -36.8658 0.789192 6.33414
rtibia 47.6707 0 0
rfoot 3.83969 0.53939 0
rtoes -12.9495 0 0
lowerback 5.71052 2.04769 2.65386
upperback 2.01919 2.86895 -0.573273
thorax -0.909906 1.43013 -2.30774
lowerneck -6.50128 2.64319 8.00811
upperneck 3.71621 2.91945 -1.5084
head 2.64497 1.5332 -1.7768
lclavicle -2.49276e-14 1.04481e-14 0
lhumerus -44.1157 -23.2533 97.3914
lradius 49.6485 0 0
lwrist 13.1932 0 0
lhand -18.2147 0.590216 0
lfingers 7.12502 0 0
lthumb 8.05625 30.2995 0
rclavicle -2.49276e-14 1.04481e-14 0
rhumerus -45.5681 4.55766 -88.3894
rradius 70.8842 0 0
rwrist 11.5086 0 0
rhand -33.2703 -24.0205 0
rfingers 7.12502 0 0
rthumb -6.47224 -773.839 0
416
root 3.76965 15.9281 -10.8587 3.62312 -24.7354 -5.81498
lfemur -25.8519 8.34252 -3.44548
ltibia 54.302 0 0
lfoot -18.0199 8.04248 0
ltoes -5.13059 0 0
rfemur -36.7796 1.08472 6.0775
rtibia 47.6206 0 0
rfoot 4.02125 0.653532 0
rtoes -13.1067 0 0
lowerback 5.8067 2.09451 2.69689
upperback 2.02233 2.9337 -0.596526
thorax -0.957672 1.4626 -2.35866
lowerneck -6.49477 2.77789 8.13858
upperneck 3.76222 3.09153 -1.61122
head 2.65984 1.61857 -1.82576
lclavicle -2.49409e-14 1.03474e-14 0
lhumerus -44.0681 -23.1944 97.2466
lradius 49.5591 0 0
lwrist 13.1151 0 0
lhand -18.4935 0.454328 0
lfingers 7.12502 0 0
lthumb 7.78789 30.1854 0
rclavicle -2.49409e-14 1.03474e-14 0
rhumerus -45.7437 4.43783 -88.3877
rradius 70.7306 0 0
rwrist 11.5929 0 0
rhand -33.0603 -23.833 0
rfingers 7.12502 0 0
rthumb -6.2698 -773.664 0
417
root 3.71334 15.9219 -10.7391 3.55558 -25.2453 -5.89644
lfemur -26.1495 8.34566 -3.43716
ltibia 54.3625 0 0
lfoot -18.4775 7.81541 0
ltoes -5.39944 0 0
rfemur -36.6934 1.38025 5.82085
rtibia 47.5705 0 0
rfoot 4.20281 0.767674 0
rtoes -13.2639 0 0
lowerback 5.90289 2.14133 2.73993
upperback 2.02548 2.99845 -0.619779
thorax -1.00544 1.49508 -2.40959
lowerneck -6.48827 2.91259 8.26906
upperneck 3.80823 3.2636 -1.71405
head 2.6747 1.70394 -1.87473
lclavicle -2.49541e-14 1.02467e-14 0
lhumerus -44.0205 -23.1356 97.1017
lradius 49.4698 0 0
lwrist 13.0369 0 0
lhand -18.7723 0.31844 0
lfingers 7.12502 0 0
lthumb 7.51952 30.0712 0
rclavicle -2.49541e-14 1.02467e-14 0
rhumerus -45.9194 4.318 -88.386
rradius 70.577 0 0
rwrist 11.6772 0 0
rhand -32.8503 -23.6455 0
rfingers 7.12502 0 0
rthumb -6.06736 -773.489 0
418
root 3.65703 15.9157 -10.6195 3.48804 -25.7552 -5.97789
lfemur -26.4471 8.34879 -3.42884
ltibia 54.423 0 0
lfoot -18.9351 7.58833 0
ltoes -5.66829 0 0
rfemur -36.6073 1.67578 5.56421
rtibia 47.5204 0 0
rfoot 4.38438 0.881816 0
rtoes -13.4211 0 0
lowerback 5.99908 2.18815 2.78296
upperback 2.02862 3.0632 -0.643031
thorax -1.0532 1.52755 -2.46052
lowerneck -6.48177 3.04729 8.39954
upperneck 3.85423 3.43568 -1.81687
head 2.68957 1.78931 -1.92369
lclavicle -2.49674e-14 1.0146e-14 0
lhumerus -43.9729 -23.0767 96.9568
lradius 49.3805 0 0
lwrist 12.9587 0 0
lhand -19.0511 0.182551 0
lfingers 7.12502 0 0
lthumb 7.25116 29.957 0
rclavicle -2.49674e-14 1.0146e-14 0
rhumerus -46.095 4.19817 -88.3844
rradius 70.4234 0 0
rwrist 11.7614 0 0
rhand -32.6403 -23.458 0
rfingers 7.12502 0 0
rthumb -5.86492 -773.313 0
419
root 3.60072 15.9095 -10.4999 3.4205 -26.265 -6.05935
lfemur -26.7447 8.35193 -3.42052
ltibia 54.4834 0 0
lfoot -19.3926 7.36125 0
ltoes -5.93714 0 0
rfemur -36.5211 1.97131 5.30756
rtibia 47.4703 0 0
rfoot 4.56594 0.995959 0
rtoes -13.5783 0 0
lowerback 6.09526 2.23497 2.82599
upperback 2.03177 3.12795 -0.666284
thorax -1.10097 1.56003 -2.51145
lowerneck -6.47526 3.18198 8.53002
upperneck 3.90024 3.60775 -1.91969
head 2.70444 1.87469 -1.97265
lclavicle -2.49806e-14 1.00452e-14 0
lhumerus -43.9253 -23.0179 96.812
lradius 49.2911 0 0
lwrist 12.8805 0 0
lhand -19.3299 0.0466629 0
lfingers 7.12502 0 0
lthumb 6.98279 29.8429 0
rclavicle -2.49806e-14 1.00452e-14 0
rhumerus -46.2707 4.07833 -88.3827
rradius 70.2698 0 0
rwrist 11.8457 0 0
rhand -32.4303 -23.2705 0
rfingers 7.12502 0 0
rthumb -5.66248 -773.138 0
420
root 3.54441 15.9033 -10.3804 3.35296 -26.7749 -6.14081
lfemur -27.0423 8.35507 -3.4122
ltibia 54.5439 0 0
lfoot -19.8502 7.13417 0
ltoes -6.20599 0 0
rfemur -36.435 2.26684 5.05092
rtibia 47.4202 0 0
rfoot 4.74751 1.1101 0
rtoes -13.7355 0 0
lowerback 6.19145 2.28179 2.86902
upperback 2.03492 3.1927 -0.689537
thorax -1.14874 1.59251 -2.56238
lowerneck -6.46876 3.31668 8.66049
upperneck 3.94624 3.77982 -2.02252
head 2.7193 1.96006 -2.02162
lclavicle -2.49939e-14 9.94453e-15 0
lhumerus -43.8776 -22.959 96.6671
lradius 49.2018 0 0
lwrist 12.8023 0 0
lhand -19.6087 -0.0892255 0
lfingers 7.12502 0 0
lthumb 6.71443 29.7287 0
rclavicle -2.49939e-14 9.94453e-15 0
rhumerus -46.4463 3.9585 -88.3811
rradius 70.1162 0 0
rwrist 11.93 0 0
rhand -32.2202 -23.083 0
rfingers 7.12502 0 0
rthumb -5.46004 -772.963 0
421
root 3.48809 15.8971 -10.2608 3.28542 -27.2848 -6.22226
lfemur -27.34 8.3582 -3.40388
ltibia 54.6044 0 0
lfoot -20.3078 6.90709 0
ltoes -6.47484 0 0
rfemur -36.3488 2.56236 4.79427
rtibia 47.37 0 0
rfoot 4.92907 1.22424 0
rtoes -13.8928 0 0
lowerback 6.28763 2.32861 2.91205
upperback 2.03806 3.25745 -0.71279
thorax -1.1965 1.62498 -2.61331
lowerneck -6.46226 3.45138 8.79097
upperneck 3.99225 3.9519 -2.12534
head 2.73417 2.04543 -2.07058
lclavicle -2.50071e-14 9.84381e-15 0
lhumerus -43.83 -22.9002 96.5222
lradius 49.1125 0 0
lwrist 12.7241 0 0
lhand -19.8875 -0.225114 0
lfingers 7.12502 0 0
lthumb 6.44606 29.6146 0
rclavicle -2.50071e-14 9.84381e-15 0
rhumerus -46.622 3.83867 -88.3794
rradius 69.9626 0 0
rwrist 12.0143 0 0
rhand -32.0102 -22.8955 0
rfingers 7.12502 0 0
rthumb -5.2576 -772.788 0
422
root 3.43178 15.8909 -10.1412 3.21788 -27.7947 -6.30372
lfemur -27.6376 8.36134 -3.39556
ltibia 54.6649 0 0
lfoot -20.7654 6.68001 0
ltoes -6.74369 0 0
rfemur -36.2626 2.85789 4.53763
rtibia 47.3199 0 0
rfoot 5.11063 1.33839 0
rtoes -14.05 0 0
lowerback 6.38382 2.37543 2.95509
upperback 2.04121 3.3222 -0.736042
thorax -1.24427 1.65746 -2.66423
lowerneck -6.45576 3.58608 8.92145
upperneck 4.03826 4.12397 -2.22816
head 2.74904 2.1308 -2.11954
lclavicle -2.50204e-14 9.7431e-15 0
lhumerus -43.7824 -22.8413 96.3773
lradius 49.0232 0 0
lwrist 12.646 0 0
lhand -20.1663 -0.361002 0
lfingers 7.12502 0 0
lthumb 6.1777 29.5004 0
rclavicle -2.50204e-14 9.7431e-15 0
rhumerus -46.7976 3.71884 -88.3777
rradius 69.809 0 0
rwrist 12.0985 0 0
rhand -31.8002 -22.708 0
rfingers 7.12502 0 0
rthumb -5.05516 -772.612 0
423
root 3.37547 15.8847 -10.0216 3.15034 -28.3045 -6.38517
lfemur -27.9352 8.36447 -3.38724
ltibia 54.7253 0 0
lfoot -21.2229 6.45293 0
ltoes -7.01254 0 0
rfemur -36.1765 3.15342 4.28098
rtibia 47.2698 0 0
rfoot 5.2922 1.45253 0
rtoes -14.2072 0 0
lowerback 6.48 2.42225 2.99812
upperback 2.04435 3.38695 -0.759295
thorax -1.29203 1.68993 -2.71516
lowerneck -6.44925 3.72078 9.05192
upperneck 4.08426 4.29605 -2.33099
head 2.7639 2.21618 -2.16851
lclavicle -2.50336e-14 9.64238e-15 0
lhumerus -43.7348 -22.7825 96.2325
lradius 48.9338 0 0
lwrist 12.5678 0 0
lhand -20.4451 -0.496891 0
lfingers 7.12502 0 0
lthumb 5.90933 29.3863 0
rclavicle -2.50336e-14 9.64238e-15 0
rhumerus -46.9733 3.59901 -88.3761
rradius 69.6554 0 0
rwrist 12.1828 0 0
rhand -31.5902 -22.5205 0
rfingers 7.12502 0 0
rthumb -4.85272 -772.437 0
424
root 3.31916 15.8785 -9.90202 3.0828 -28.8144 -6.46663
lfemur -28.2328 8.36761 -3.37892
ltibia 54.7858 0 0
lfoot -21.6805 6.22585 0
ltoes -7.28139 0 0
rfemur -36.0903 3.44895 4.02434
rtibia 47.2197 0 0
rfoot 5.47376 1.56667 0
rtoes -14.3644 0 0
lowerback 6.57619 2.46907 3.04115
upperback 2.0475 3.4517 -0.782548
thorax -1.3398 1.72241 -2.76609
lowerneck -6.44275 3.85548 9.1824
upperneck 4.13027 4.46812 -2.43381
head 2.77877 2.30155 -2.21747
lclavicle -2.50469e-14 9.54166e-15 0
lhumerus -43.6872 -22.7236 96.0876
lradius 48.8445 0 0
lwrist 12.4896 0 0
lhand -20.7239 -0.632779 0
lfingers 7.12502 0 0
lthumb 5.64097 29.2721 0
rclavicle -2.50469e-14 9.54166e-15 0
rhumerus -47.1489 3.47918 -88.3744
rradius 69.5018 0 0
rwrist 12.2671 0 0
rhand -31.3802 -22.333 0
rfingers 7.12502 0 0
rthumb -4.65028 -772.262 0
425
root 3.34551 15.8863 -9.84788 2.6354 -27.2686 -6.87107
lfemur -28.1992 8.00887 -3.62863
ltibia 54.6794 0 0
lfoot -21.7209 6.04651 0
ltoes -6.97021 0 0
rfemur -36.3884 3.49227 4.08515
rtibia 47.5464 0 0
rfoot 5.50909 1.69869 0
rtoes -14.3852 0 0
lowerback 6.56897 2.4314 2.98303
upperback 2.02556 3.39888 -0.754425
thorax -1.36113 1.69648 -2.70051
lowerneck -6.47753 3.67488 9.03521
upperneck 4.19563 4.23594 -2.37806
head 2.80078 2.18647 -2.18835
lclavicle -2.4872e-14 9.40565e-15 0
lhumerus -43.7552 -22.8651 96.3557
lradius 48.9423 0 0
lwrist 12.3811 0 0
lhand -20.3405 -0.614281 0
lfingers 7.12502 0 0
lthumb 6.00912 29.2506 0
rclavicle -2.4872e-14 9.40565e-15 0
rhumerus -47.0487 3.96633 -88.4609
rradius 69.81 0 0
rwrist 12.4253 0 0
rhand -30.9592 -22.2333 0
rfingers 7.12502 0 0
rthumb -4.24466 -772.14 0
426
root 3.37186 15.8942 -9.79373 2.18801 -25.7229 -7.27551
lfemur -28.1655 7.65014 -3.87833
ltibia 54.573 0 0
lfoot -21.7613 5.86716 0
ltoes -6.65903 0 0
rfemur -36.6864 3.5356 4.14597
rtibia 47.8732 0 0
rfoot 5.54442 1.83071 0
rtoes -14.4061 0 0
lowerback 6.56175 2.39372 2.92491
upperback 2.00362 3.34606 -0.726303
thorax -1.38246 1.67056 -2.63494
lowerneck -6.51231 3.49427 8.88802
upperneck 4.26099 4.00375 -2.32232
head 2.82279 2.07139 -2.15923
lclavicle -2.46971e-14 9.26964e-15 0
lhumerus -43.8232 -23.0065 96.6238
lradius 49.04 0 0
lwrist 12.2725 0 0
lhand -19.9571 -0.595784 0
lfingers 7.12502 0 0
lthumb 6.37727 29.2292 0
rclavicle -2.46971e-14 9.26964e-15 0
rhumerus -46.9484 4.45348 -88.5474
rradius 70.1182 0 0
rwrist 12.5835 0 0
rhand -30.5383 -22.1336 0
rfingers 7.12502 0 0
rthumb -3.83903 -772.017 0
427
root 3.39822 15.902 -9.73959 1.74061 -24.1771 -7.67996
lfemur -28.1319 7.2914 -4.12804
ltibia 54.4666 0 0
lfoot -21.8017 5.68782 0
ltoes -6.34785 0 0
rfemur -36.9845 3.57892 4.20678
rtibia 48.1999 0 0
rfoot 5.57975 1.96272 0
rtoes -14.4269 0 0
lowerback 6.55453 2.35605 2.86679
upperback 1.98168 3.29325 -0.69818
thorax -1.4038 1.64463 -2.56936
lowerneck -6.54709 3.31367 8.74082
upperneck 4.32635 3.77157 -2.26657
head 2.8448 1.95631 -2.13011
lclavicle -2.45221e-14 9.13363e-15 0
lhumerus -43.8911 -23.148 96.8919
lradius 49.1378 0 0
lwrist 12.164 0 0
lhand -19.5737 -0.577286 0
lfingers 7.12502 0 0
lthumb 6.74542 29.2077 0
rclavicle -2.45221e-14 9.13363e-15 0
rhumerus -46.8482 4.94063 -88.6339
rradius 70.4264 0 0
rwrist 12.7417 0 0
rhand -30.1173 -22.0339 0
rfingers 7.12502 0 0
rthumb -3.43341 -771.895 0
428
root 3.42457 15.9099 -9.68545 1.29321 -22.6313 -8.0844
lfemur -28.0982 6.93267 -4.37775
ltibia 54.3601 0 0
lfoot -21.8421 5.50847 0
ltoes -6.03667 0 0
rfemur -37.2826 3.62225 4.2676
rtibia 48.5266 0 0
rfoot 5.61508 2.09474 0
rtoes -14.4478 0 0
lowerback 6.54731 2.31837 2.80866
upperback 1.95973 3.24043 -0.670057
thorax -1.42513 1.61871 -2.50379
lowerneck -6.58186 3.13307 8.59363
upperneck 4.39171 3.53939 -2.21083
head 2.86681 1.84123 -2.10099
lclavicle -2.43472e-14 8.99762e-15 0
lhumerus -43.9591 -23.2895 97.1599
lradius 49.2356 0 0
lwrist 12.0554 0 0
lhand -19.1903 -0.558789 0
lfingers 7.12502 0 0
lthumb 7.11357 29.1862 0
rclavicle -2.43472e-14 8.99762e-15 0
rhumerus -46.748 5.42778 -88.7204
rradius 70.7346 0 0
rwrist 12.8999 0 0
rhand -29.6964 -21.9341 0
rfingers 7.12502 0 0
rthumb -3.02779 -771.773 0
429
root 3.45092 15.9177 -9.6313 0.845813 -21.0855 -8.48884
lfemur -28.0646 6.57393 -4.62745
ltibia 54.2537 0 0
lfoot -21.8824 5.32913 0
ltoes -5.7255 0 0
rfemur -37.5806 3.66557 4.32841
rtibia 48.8533 0 0
rfoot 5.6504 2.22676 0
rtoes -14.4686 0 0
lowerback 6.54009 2.2807 2.75054
upperback 1.93779 3.18761 -0.641934
thorax -1.44646 1.59278 -2.43821
lowerneck -6.61664 2.95246 8.44644
upperneck 4.45708 3.3072 -2.15508
head 2.88882 1.72614 -2.07187
lclavicle -2.41723e-14 8.86161e-15 0
lhumerus -44.0271 -23.431 97.428
lradius 49.3334 0 0
lwrist 11.9469 0 0
lhand -18.807 -0.540291 0
lfingers 7.12502 0 0
lthumb 7.48172 29.1647 0
rclavicle -2.41723e-14 8.86161e-15 0
rhumerus -46.6478 5.91493 -88.8069
rradius 71.0428 0 0
rwrist 13.0581 0 0
rhand -29.2754 -21.8344 0
rfingers 7.12502 0 0
rthumb -2.62216 -771.651 0
430
root 3.47727 15.9255 -9.57716 0.398416 -19.5398 -8.89328
lfemur -28.0309 6.2152 -4.87716
ltibia 54.1473 0 0
lfoot -21.9228 5.14978 0
ltoes -5.41432 0 0
rfemur -37.8787 3.7089 4.38922
rtibia 49.1801 0 0
rfoot 5.68573 2.35877 0
rtoes -14.4894 0 0
lowerback 6.53287 2.24302 2.69242
upperback 1.91585 3.13479 -0.613812
thorax -1.46779 1.56686 -2.37264
lowerneck -6.65142 2.77186 8.29925
upperneck 4.52244 3.07502 -2.09934
head 2.91083 1.61106 -2.04276
lclavicle -2.39974e-14 8.7256e-15 0
lhumerus -44.0951 -23.5724 97.6961
lradius 49.4311 0 0
lwrist 11.8384 0 0
lhand -18.4236 -0.521794 0
lfingers 7.12502 0 0
lthumb 7.84986 29.1433 0
rclavicle -2.39974e-14 8.7256e-15 0
rhumerus -46.5475 6.40208 -88.8934
rradius 71.351 0 0
rwrist 13.2163 0 0
rhand -28.8544 -21.7347 0
rfingers 7.12502 0 0
rthumb -2.21654 -771.528 0
431
root 3.50362 15.9334 -9.52302 -0.0489816 -17.994 -9.29772
lfemur -27.9973 5.85646 -5.12686
ltibia 54.0409 0 0
lfoot -21.9632 4.97044 0
ltoes -5.10314 0 0
rfemur -38.1767 3.75222 4.45004
rtibia 49.5068 0 0
rfoot 5.72106 2.49079 0
rtoes -14.5103 0 0
lowerback 6.52565 2.20535 2.6343
upperback 1.89391 3.08198 -0.585689
thorax -1.48912 1.54093 -2.30706
lowerneck -6.6862 2.59126 8.15206
upperneck 4.5878 2.84284 -2.04359
head 2.93284 1.49598 -2.01364
lclavicle -2.38225e-14 8.58959e-15 0
lhumerus -44.1631 -23.7139 97.9642
lradius 49.5289 0 0
lwrist 11.7298 0 0
lhand -18.0402 -0.503296 0
lfingers 7.12502 0 0
lthumb 8.21801 29.1218 0
rclavicle -2.38225e-14 8.58959e-15 0
rhumerus -46.4473 6.88923 -88.9799
rradius 71.6592 0 0
rwrist 13.3745 0 0
rhand -28.4335 -21.635 0
rfingers 7.12502 0 0
rthumb -1.81092 -771.406 0
432
root 3.52998 15.9412 -9.46887 -0.496379 -16.4482 -9.70216
lfemur -27.9636 5.49772 -5.37657
ltibia 53.9345 0 0
lfoot -22.0036 4.7911 0
ltoes -4.79196 0 0
rfemur -38.4748 3.79555 4.51085
rtibia 49.8335 0 0
rfoot 5.75639 2.62281 0
rtoes -14.5311 0 0
lowerback 6.51843 2.16767 2.57618
upperback 1.87197 3.02916 -0.557566
thorax -1.51046 1.51501 -2.24149
lowerneck -6.72098 2.41065 8.00486
upperneck 4.65316 2.61065 -1.98785
head 2.95485 1.3809 -1.98452
lclavicle -2.36476e-14 8.45358e-15 0
lhumerus -44.231 -23.8554 98.2323
lradius 49.6267 0 0
lwrist 11.6213 0 0
lhand -17.6568 -0.484798 0
lfingers 7.12502 0 0
lthumb 8.58616 29.1003 0
rclavicle -2.36476e-14 8.45358e-15 0
rhumerus -46.3471 7.37638 -89.0664
rradius 71.9674 0 0
rwrist 13.5327 0 0
rhand -28.0125 -21.5353 0
rfingers 7.12502 0 0
rthumb -1.40529 -771.284 0
433
root 3.55633 15.9491 -9.41473 -0.943776 -14.9024 -10.1066
lfemur -27.93 5.13899 -5.62628
ltibia 53.8281 0 0
lfoot -22.044 4.61175 0
ltoes -4.48078 0 0
rfemur -38.7729 3.83887 4.57167
rtibia 50.1602 0 0
rfoot 5.79172 2.75483 0
rtoes -14.552 0 0
lowerback 6.51121 2.13 2.51806
upperback 1.85003 2.97634 -0.529443
thorax -1.53179 1.48908 -2.17591
lowerneck -6.75576 2.23005 7.85767
upperneck 4.71852 2.37847 -1.9321
head 2.97686 1.26582 -1.9554
lclavicle -2.34726e-14 8.31757e-15 0
lhumerus -44.299 -23.9969 98.5004
lradius 49.7245 0 0
lwrist 11.5128 0 0
lhand -17.2734 -0.466301 0
lfingers 7.12502 0 0
lthumb 8.95431 29.0789 0
rclavicle -2.34726e-14 8.31757e-15 0
rhumerus -46.2468 7.86353 -89.1529
rradius 72.2756 0 0
rwrist 13.6909 0 0
rhand -27.5916 -21.4356 0
rfingers 7.12502 0 0
rthumb -0.999669 -771.162 0
434
root 3.58268 15.9569 -9.36059 -1.39117 -13.3567 -10.511
lfemur -27.8963 4.78025 -5.87598
ltibia 53.7216 0 0
lfoot -22.0844 4.43241 0
ltoes -4.1696 0 0
rfemur -39.0709 3.8822 4.63248
rtibia 50.487 0 0
rfoot 5.82705 2.88685 0
rtoes -14.5728 0 0
lowerback 6.50398 2.09232 2.45993
upperback 1.82809 2.92352 -0.501321
thorax -1.55312 1.46315 -2.11034
lowerneck -6.79054 2.04945 7.71048
upperneck 4.78388 2.14629 -1.87636
head 2.99887 1.15074 -1.92628
lclavicle -2.32977e-14 8.18155e-15 0
lhumerus -44.367 -24.1383 98.7684
lradius 49.8222 0 0
lwrist 11.4042 0 0
lhand -16.89 -0.447803 0
lfingers 7.12502 0 0
lthumb 9.32246 29.0574 0
rclavicle -2.32977e-14 8.18155e-15 0
rhumerus -46.1466 8.35068 -89.2394
rradius 72.5837 0 0
rwrist 13.8491 0 0
rhand -27.1706 -21.3359 0
rfingers 7.12502 0 0
rthumb -0.594046 -771.039 0
435
root 3.60903 15.9647 -9.30645 -1.83857 -11.8109 -10.9155
lfemur -27.8627 4.42152 -6.12569
ltibia 53.6152 0 0
lfoot -22.1248 4.25306 0
ltoes -3.85842 0 0
rfemur -39.369 3.92552 4.69329
rtibia 50.8137 0 0
rfoot 5.86238 3.01886 0
rtoes -14.5936 0 0
lowerback 6.49676 2.05465 2.40181
upperback 1.80614 2.87071 -0.473198
thorax -1.57445 1.43723 -2.04476
lowerneck -6.82531 1.86884 7.56329
upperneck 4.84924 1.91411 -1.82061
head 3.02088 1.03566 -1.89716
lclavicle -2.31228e-14 8.04554e-15 0
lhumerus -44.435 -24.2798 99.0365
lradius 49.92 0 0
lwrist 11.2957 0 0
lhand -16.5066 -0.429306 0
lfingers 7.12502 0 0
lthumb 9.69061 29.0359 0
rclavicle -2.31228e-14 8.04554e-15 0
rhumerus -46.0464 8.83783 -89.3259
rradius 72.8919 0 0
rwrist 14.0073 0 0
rhand -26.7497 -21.2362 0
rfingers 7.12502 0 0
rthumb -0.188422 -770.917 0
436
root 3.63539 15.9726 -9.2523 -2.28597 -10.2651 -11.3199
lfemur -27.829 4.06278 -6.3754
ltibia 53.5088 0 0
lfoot -22.1652 4.07372 0
ltoes -3.54724 0 0
rfemur -39.6671 3.96885 4.75411
rtibia 51.1404 0 0
rfoot 5.89771 3.15088 0
rtoes -14.6145 0 0
lowerback 6.48954 2.01697 2.34369
upperback 1.7842 2.81789 -0.445075
thorax -1.59579 1.4113 -1.97919
lowerneck -6.86009 1.68824 7.4161
upperneck 4.9146 1.68192 -1.76487
head 3.04289 0.920576 -1.86804
lclavicle -2.29479e-14 7.90953e-15 0
lhumerus -44.503 -24.4213 99.3046
lradius 50.0178 0 0
lwrist 11.1871 0 0
lhand -16.1232 -0.410808 0
lfingers 7.12502 0 0
lthumb 10.0588 29.0144 0
rclavicle -2.29479e-14 7.90953e-15 0
rhumerus -45.9462 9.32498 -89.4124
rradius 73.2001 0 0
rwrist 14.1655 0 0
rhand -26.3287 -21.1364 0
rfingers 7.12502 0 0
rthumb 0.217201 -770.795 0
437
root 3.66174 15.9804 -9.19816 -2.73337 -8.71934 -11.7244
lfemur -27.7954 3.70405 -6.6251
ltibia 53.4024 0 0
lfoot -22.2056 3.89437 0
ltoes -3.23607 0 0
rfemur -39.9651 4.01217 4.81492
rtibia 51.4672 0 0
rfoot 5.93303 3.2829 0
rtoes -14.6353 0 0
lowerback 6.48232 1.9793 2.28557
upperback 1.76226 2.76507 -0.416952
thorax -1.61712 1.38538 -1.91361
lowerneck -6.89487 1.50764 7.2689
upperneck 4.97996 1.44974 -1.70912
head 3.06491 0.805495 -1.83892
lclavicle -2.2773e-14 7.77352e-15 0
lhumerus -44.5709 -24.5627 99.5727
lradius 50.1156 0 0
lwrist 11.0786 0 0
lhand -15.7398 -0.39231 0
lfingers 7.12502 0 0
lthumb 10.4269 28.993 0
rclavicle -2.2773e-14 7.77352e-15 0
rhumerus -45.8459 9.81213 -89.4989
rradius 73.5083 0 0
rwrist 14.3237 0 0
rhand -25.9077 -21.0367 0
rfingers 7.12502 0 0
rthumb 0.622824 -770.673 0
438
root 3.68809 15.9883 -9.14402 -3.18076 -7.17357 -12.1288
lfemur -27.7617 3.34531 -6.87481
ltibia 53.296 0 0
lfoot -22.246 3.71503 0
ltoes -2.92489 0 0
rfemur -40.2632 4.0555 4.87574
rtibia 51.7939 0 0
rfoot 5.96836 3.41491 0
rtoes -14.6562 0 0
lowerback 6.4751 1.94162 2.22745
upperback 1.74032 2.71225 -0.38883
thorax -1.63845 1.35945 -1.84804
lowerneck -6.92965 1.32703 7.12171
upperneck 5.04532 1.21756 -1.65338
head 3.08692 0.690413 -1.8098
lclavicle -2.2598e-14 7.63751e-15 0
lhumerus -44.6389 -24.7042 99.8408
lradius 50.2133 0 0
lwrist 10.9701 0 0
lhand -15.3564 -0.373813 0
lfingers 7.12502 0 0
lthumb 10.7951 28.9715 0
rclavicle -2.2598e-14 7.63751e-15 0
rhumerus -45.7457 10.2993 -89.5854
rradius 73.8165 0 0
rwrist 14.4819 0 0
rhand -25.4868 -20.937 0
rfingers 7.12502 0 0
rthumb 1.02845 -770.55 0
439
root 3.71444 15.9961 -9.08987 -3.62816 -5.62779 -12.5333
lfemur -27.7281 2.98658 -7.12451
ltibia 53.1896 0 0
lfoot -22.2863 3.53568 0
ltoes -2.61371 0 0
rfemur -40.5612 4.09882 4.93655
rtibia 52.1206 0 0
rfoot 6.00369 3.54693 0
rtoes -14.677 0 0
lowerback 6.46788 1.90395 2.16933
upperback 1.71838 2.65943 -0.360707
thorax -1.65978 1.33353 -1.78246
lowerneck -6.96443 1.14643 6.97452
upperneck 5.11069 0.985373 -1.59763
head 3.10893 0.575332 -1.78068
lclavicle -2.24231e-14 7.5015e-15 0
lhumerus -44.7069 -24.8457 100.109
lradius 50.3111 0 0
lwrist 10.8615 0 0
lhand -14.9731 -0.355315 0
lfingers 7.12502 0 0
lthumb 11.1632 28.95 0
rclavicle -2.24231e-14 7.5015e-15 0
rhumerus -45.6455 10.7864 -89.6719
rradius 74.1247 0 0
rwrist 14.6401 0 0
rhand -25.0658 -20.8373 0
rfingers 7.12502 0 0
rthumb 1.43407 -770.428 0
440
root 3.74079 16.0039 -9.03573 -4.07556 -4.08202 -12.9377
lfemur -27.6944 2.62784 -7.37422
ltibia 53.0831 0 0
lfoot -22.3267 3.35634 0
ltoes -2.30253 0 0
rfemur -40.8593 4.14215 4.99736
rtibia 52.4473 0 0
rfoot 6.03902 3.67895 0
rtoes -14.6979 0 0
lowerback 6.46066 1.86627 2.1112
upperback 1.69644 2.60662 -0.332584
thorax -1.68111 1.3076 -1.71689
lowerneck -6.99921 0.965825 6.82733
upperneck 5.17605 0.753189 -1.54189
head 3.13094 0.460251 -1.75156
lclavicle -2.22482e-14 7.36549e-15 0
lhumerus -44.7749 -24.9872 100.377
lradius 50.4089 0 0
lwrist 10.753 0 0
lhand -14.5897 -0.336818 0
lfingers 7.12502 0 0
lthumb 11.5314 28.9286 0
rclavicle -2.22482e-14 7.36549e-15 0
rhumerus -45.5452 11.2736 -89.7584
rradius 74.4329 0 0
rwrist 14.7983 0 0
rhand -24.6449 -20.7376 0
rfingers 7.12502 0 0
rthumb 1.83969 -770.306 0
441
root 3.76715 16.0118 -8.98159 -4.52296 -2.53625 -13.3421
lfemur -27.6608 2.2691 -7.62393
ltibia 52.9767 0 0
lfoot -22.3671 3.177 0
ltoes -1.99135 0 0
rfemur -41.1574 4.18547 5.05818
rtibia 52.7741 0 0
rfoot 6.07435 3.81097 0
rtoes -14.7187 0 0
lowerback 6.45344 1.8286 2.05308
upperback 1.6745 2.5538 -0.304461
thorax -1.70245 1.28168 -1.65131
lowerneck -7.03399 0.785222 6.68014
upperneck 5.24141 0.521006 -1.48614
head 3.15295 0.34517 -1.72245
lclavicle -2.20733e-14 7.22948e-15 0
lhumerus -44.8429 -25.1286 100.645
lradius 50.5067 0 0
lwrist 10.6445 0 0
lhand -14.2063 -0.31832 0
lfingers 7.12502 0 0
lthumb 11.8995 28.9071 0
rclavicle -2.20733e-14 7.22948e-15 0
rhumerus -45.445 11.7607 -89.8449
rradius 74.7411 0 0
rwrist 14.9565 0 0
rhand -24.2239 -20.6379 0
rfingers 7.12502 0 0
rthumb 2.24532 -770.184 0
442
root 3.7935 16.0196 -8.92744 -4.97035 -0.990474 -13.7466
lfemur -27.6271 1.91037 -7.87363
ltibia 52.8703 0 0
lfoot -22.4075 2.99765 0
ltoes -1.68017 0 0
rfemur -41.4554 4.2288 5.11899
rtibia 53.1008 0 0
rfoot 6.10968 3.94298 0
rtoes -14.7395 0 0
lowerback 6.44622 1.79092 1.99496
upperback 1.65256 2.50098 -0.276339
thorax -1.72378 1.25575 -1.58574
lowerneck -7.06876 0.604618 6.53294
upperneck 5.30677 0.288823 -1.4304
head 3.17496 0.230089 -1.69333
lclavicle -2.18984e-14 7.09347e-15 0
lhumerus -44.9108 -25.2701 100.913
lradius 50.6044 0 0
lwrist 10.5359 0 0
lhand -13.8229 -0.299823 0
lfingers 7.12502 0 0
lthumb 12.2677 28.8856 0
rclavicle -2.18984e-14 7.09347e-15 0
rhumerus -45.3448 12.2479 -89.9314
rradius 75.0493 0 0
rwrist 15.1147 0 0
rhand -23.8029 -20.5382 0
rfingers 7.12502 0 0
rthumb 2.65094 -770.061 0
443
root 3.81985 16.0275 -8.8733 -5.41775 0.5553 -14.151
lfemur -27.5935 1.55163 -8.12334
ltibia 52.7639 0 0
lfoot -22.4479 2.81831 0
ltoes -1.36899 0 0
rfemur -41.7535 4.27212 5.1798
rtibia 53.4275 0 0
rfoot 6.14501 4.075 0
rtoes -14.7604 0 0
lowerback 6.439 1.75325 1.93684
upperback 1.63061 2.44816 -0.248216
thorax -1.74511 1.22982 -1.52016
lowerneck -7.10354 0.424015 6.38575
upperneck 5.37213 0.05664 -1.37465
head 3.19697 0.115008 -1.66421
lclavicle -2.17234e-14 6.95746e-15 0
lhumerus -44.9788 -25.4116 101.181
lradius 50.7022 0 0
lwrist 10.4274 0 0
lhand -13.4395 -0.281325 0
lfingers 7.12502 0 0
lthumb 12.6358 28.8641 0
rclavicle -2.17234e-14 6.95746e-15 0
rhumerus -45.2445 12.735 -90.0179
rradius 75.3575 0 0
rwrist 15.2729 0 0
rhand -23.382 -20.4384 0
rfingers 7.12502 0 0
rthumb 3.05656 -769.939 0
444
root 3.8462 16.0353 -8.81916 -5.86515 2.10107 -14.5555
lfemur -27.5599 1.1929 -8.37305
ltibia 52.6575 0 0
lfoot -22.4883 2.63896 0
ltoes -1.05781 0 0
rfemur -42.0516 4.31545 5.24062
rtibia 53.7543 0 0
rfoot 6.18034 4.20702 0
rtoes -14.7812 0 0
lowerback 6.43178 1.71557 1.87872
upperback 1.60867 2.39535 -0.220093
thorax -1.76644 1.2039 -1.45458
lowerneck -7.13832 0.243412 6.23856
upperneck 5.43749 -0.175543 -1.31891
head 3.21898 -7.36842e-05 -1.63509
lclavicle -2.15485e-14 6.82145e-15 0
lhumerus -45.0468 -25.553 101.449
lradius 50.8 0 0
lwrist 10.3188 0 0
lhand -13.0561 -0.262827 0
lfingers 7.12502 0 0
lthumb 13.004 28.8427 0
rclavicle -2.15485e-14 6.82145e-15 0
rhumerus -45.1443 13.2222 -90.1044
rradius 75.6657 0 0
rwrist 15.4312 0 0
rhand -22.961 -20.3387 0
rfingers 7.12502 0 0
rthumb 3.46219 -769.817 0
445
root 3.87255 16.0431 -8.76501 -6.31254 3.64685 -14.9599
lfemur -27.5262 0.834161 -8.62275
ltibia 52.5511 0 0
lfoot -22.5287 2.45962 0
ltoes -0.746635 0 0
rfemur -42.3496 4.35877 5.30143
rtibia 54.081 0 0
rfoot 6.21567 4.33904 0
rtoes -14.8021 0 0
lowerback 6.42456 1.6779 1.8206
upperback 1.58673 2.34253 -0.191971
thorax -1.78777 1.17797 -1.38901
lowerneck -7.1731 0.0628082 6.09137
upperneck 5.50285 -0.407726 -1.26316
head 3.24099 -0.115155 -1.60597
lclavicle -2.13736e-14 6.68544e-15 0
lhumerus -45.1148 -25.6945 101.717
lradius 50.8977 0 0
lwrist 10.2103 0 0
lhand -12.6727 -0.24433 0
lfingers 7.12502 0 0
lthumb 13.3721 28.8212 0
rclavicle -2.13736e-14 6.68544e-15 0
rhumerus -45.0441 13.7093 -90.1909
rradius 75.9739 0 0
rwrist 15.5894 0 0
rhand -22.5401 -20.239 0
rfingers 7.12502 0 0
rthumb 3.86781 -769.694 0
446
root 3.89891 16.051 -8.71087 -6.75994 5.19262 -15.3643
lfemur -27.4926 0.475426 -8.87246
ltibia 52.4447 0 0
lfoot -22.5691 2.28027 0
ltoes -0.435456 0 0
rfemur -42.6477 4.4021 5.36225
rtibia 54.4077 0 0
rfoot 6.25099 4.47105 0
rtoes -14.8229 0 0
lowerback 6.41734 1.64022 1.76248
upperback 1.56479 2.28971 -0.163848
thorax -1.80911 1.15205 -1.32343
lowerneck -7.20788 -0.117795 5.94418
upperneck 5.56821 -0.639909 -1.20742
head 3.263 -0.230236 -1.57685
lclavicle -2.11987e-14 6.54943e-15 0
lhumerus -45.1828 -25.836 101.985
lradius 50.9955 0 0
lwrist 10.1018 0 0
lhand -12.2893 -0.225832 0
lfingers 7.12502 0 0
lthumb 13.7402 28.7997 0
rclavicle -2.11987e-14 6.54943e-15 0
rhumerus -44.9439 14.1965 -90.2774
rradius 76.2821 0 0
rwrist 15.7476 0 0
rhand -22.1191 -20.1393 0
rfingers 7.12502 0 0
rthumb 4.27344 -769.572 0
447
root 3.92526 16.0588 -8.65673 -7.20734 6.73839 -15.7688
lfemur -27.4589 0.11669 -9.12217
ltibia 52.3382 0 0
lfoot -22.6095 2.10093 0
ltoes -0.124277 0 0
rfemur -42.9458 4.44542 5.42306
rtibia 54.7344 0 0
rfoot 6.28632 4.60307 0
rtoes -14.8437 0 0
lowerback 6.41012 1.60255 1.70435
upperback 1.54285 2.23689 -0.135725
thorax -1.83044 1.12612 -1.25786
lowerneck -7.24266 -0.298399 5.79698
upperneck 5.63357 -0.872093 -1.15168
head 3.28501 -0.345317 -1.54773
lclavicle -2.10238e-14 6.41342e-15 0
lhumerus -45.2507 -25.9775 102.254
lradius 51.0933 0 0
lwrist 9.99323 0 0
lhand -11.9059 -0.207335 0
lfingers 7.12502 0 0
lthumb 14.1084 28.7783 0
rclavicle -2.10238e-14 6.41342e-15 0
rhumerus -44.8436 14.6836 -90.3639
rradius 76.5903 0 0
rwrist 15.9058 0 0
rhand -21.6981 -20.0396 0
rfingers 7.12502 0 0
rthumb 4.67906 -769.45 0
448
root 3.95161 16.0666 -8.60258 -7.65474 8.28417 -16.1732
lfemur -27.4253 -0.242046 -9.37187
ltibia 52.2318 0 0
lfoot -22.6498 1.92159 0
ltoes 0.186902 0 0
rfemur -43.2438 4.48875 5.48387
rtibia 55.0612 0 0
rfoot 6.32165 4.73509 0
rtoes -14.8646 0 0
lowerback 6.4029 1.56487 1.64623
upperback 1.52091 2.18408 -0.107602
thorax -1.85177 1.1002 -1.19228
lowerneck -7.27744 -0.479002 5.64979
upperneck 5.69894 -1.10428 -1.09593
head 3.30702 -0.460398 -1.51861
lclavicle -2.08489e-14 6.27741e-15 0
lhumerus -45.3187 -26.1189 102.522
lradius 51.1911 0 0
lwrist 9.88469 0 0
lhand -11.5225 -0.188837 0
lfingers 7.12502 0 0
lthumb 14.4765 28.7568 0
rclavicle -2.08489e-14 6.27741e-15 0
rhumerus -44.7434 15.1708 -90.4504
rradius 76.8985 0 0
rwrist 16.064 0 0
rhand -21.2772 -19.9399 0
rfingers 7.12502 0 0
rthumb 5.08468 -769.328 0
449
root 3.97796 16.0745 -8.54844 -8.10213 9.82994 -16.5777
lfemur -27.3916 -0.600781 -9.62158
ltibia 52.1254 0 0
lfoot -22.6902 1.74224 0
ltoes 0.49808 0 0
rfemur -43.5419 4.53207 5.54469
rtibia 55.3879 0 0
rfoot 6.35698 4.86711 0
rtoes -14.8854 0 0
lowerback 6.39568 1.5272 1.58811
upperback 1.49897 2.13126 -0.0794796
thorax -1.8731 1.07427 -1.12671
lowerneck -7.31221 -0.659606 5.5026
upperneck 5.7643 -1.33646 -1.04018
head 3.32903 -0.57548 -1.48949
lclavicle -2.06739e-14 6.1414e-15 0
lhumerus -45.3867 -26.2604 102.79
lradius 51.2888 0 0
lwrist 9.77616 0 0
lhand -11.1392 -0.17034 0
lfingers 7.12502 0 0
lthumb 14.8447 28.7353 0
rclavicle -2.06739e-14 6.1414e-15 0
rhumerus -44.6432 15.6579 -90.5369
rradius 77.2067 0 0
rwrist 16.2222 0 0
rhand -20.8562 -19.8402 0
rfingers 7.12502 0 0
rthumb 5.49031 -769.205 0
450
root 4.00431 16.0823 -8.4943 -8.54953 11.3757 -16.9821
lfemur -27.358 -0.959517 -9.87128
ltibia 52.019 0 0
lfoot -22.7306 1.5629 0
ltoes 0.809259 0 0
rfemur -43.8399 4.5754 5.6055
rtibia 55.7146 0 0
rfoot 6.39231 4.99913 0
rtoes -14.9063 0 0
lowerback 6.38846 1.48952 1.52999
upperback 1.47702 2.07844 -0.0513568
thorax -1.89443 1.04834 -1.06113
lowerneck -7.34699 -0.840209 5.35541
upperneck 5.82966 -1.56864 -0.98444
head 3.35104 -0.690561 -1.46037
lclavicle -2.0499e-14 6.00539e-15 0
lhumerus -45.4547 -26.4019 103.058
lradius 51.3866 0 0
lwrist 9.66762 0 0
lhand -10.7558 -0.151842 0
lfingers 7.12502 0 0
lthumb 15.2128 28.7139 0
rclavicle -2.0499e-14 6.00539e-15 0
rhumerus -44.5429 16.1451 -90.6234
rradius 77.5149 0 0
rwrist 16.3804 0 0
rhand -20.4353 -19.7405 0
rfingers 7.12502 0 0
rthumb 5.89593 -769.083 0
451
root 4.03067 16.0902 -8.44015 -8.99693 12.9215 -17.3866
lfemur -27.3243 -1.31825 -10.121
ltibia 51.9126 0 0
lfoot -22.771 1.38355 0
ltoes 1.12044 0 0
rfemur -44.138 4.61872 5.66632
rtibia 56.0413 0 0
rfoot 6.42764 5.13114 0
rtoes -14.9271 0 0
lowerback 6.38124 1.45185 1.47187
upperback 1.45508 2.02562 -0.0232341
thorax -1.91577 1.02242 -0.995558
lowerneck -7.38177 -1.02081 5.20822
upperneck 5.89502 -1.80083 -0.928695
head 3.37305 -0.805642 -1.43126
lclavicle -2.03241e-14 5.86938e-15 0
lhumerus -45.5227 -26.5434 103.326
lradius 51.4844 0 0
lwrist 9.55908 0 0
lhand -10.3724 -0.133344 0
lfingers 7.12502 0 0
lthumb 15.581 28.6924 0
rclavicle -2.03241e-14 5.86938e-15 0
rhumerus -44.4427 16.6322 -90.7099
rradius 77.8231 0 0
rwrist 16.5386 0 0
rhand -20.0143 -19.6407 0
rfingers 7.12502 0 0
rthumb 6.30155 -768.961 0
452
root 4.05702 16.098 -8.38601 -9.44433 14.4673 -17.791
lfemur -27.2907 -1.67699 -10.3707
ltibia 51.8062 0 0
lfoot -22.8114 1.20421 0
ltoes 1.43162 0 0
rfemur -44.4361 4.66205 5.72713
rtibia 56.3681 0 0
rfoot 6.46297 5.26316 0
rtoes -14.9479 0 0
lowerback 6.37402 1.41417 1.41375
upperback 1.43314 1.97281 0.00488863
thorax -1.9371 0.996494 -0.929983
lowerneck -7.41655 -1.20142 5.06102
upperneck 5.96038 -2.03301 -0.87295
head 3.39506 -0.920723 -1.40214
lclavicle -2.01492e-14 5.73337e-15 0
lhumerus -45.5906 -26.6848 103.594
lradius 51.5822 0 0
lwrist 9.45054 0 0
lhand -9.98899 -0.114847 0
lfingers 7.12502 0 0
lthumb 15.9491 28.6709 0
rclavicle -2.01492e-14 5.73337e-15 0
rhumerus -44.3425 17.1194 -90.7964
rradius 78.1313 0 0
rwrist 16.6968 0 0
rhand -19.5934 -19.541 0
rfingers 7.12502 0 0
rthumb 6.70718 -768.839 0
453
root 4.08337 16.1058 -8.33187 -9.89172 16.013 -18.1954
lfemur -27.257 -2.03572 -10.6204
ltibia 51.6997 0 0
lfoot -22.8518 1.02486 0
ltoes 1.7428 0 0
rfemur -44.7341 4.70537 5.78794
rtibia 56.6948 0 0
rfoot 6.4983 5.39518 0
rtoes -14.9688 0 0
lowerback 6.36679 1.3765 1.35562
upperback 1.4112 1.91999 0.0330114
thorax -1.95843 0.970568 -0.864407
lowerneck -7.45133 -1.38202 4.91383
upperneck 6.02574 -2.26519 -0.817205
head 3.41707 -1.0358 -1.37302
lclavicle -1.99743e-14 5.59736e-15 0
lhumerus -45.6586 -26.8263 103.862
lradius 51.6799 0 0
lwrist 9.342 0 0
lhand -9.6056 -0.0963492 0
lfingers 7.12502 0 0
lthumb 16.3173 28.6494 0
rclavicle -1.99743e-14 5.59736e-15 0
rhumerus -44.2423 17.6065 -90.8829
rradius 78.4394 0 0
rwrist 16.855 0 0
rhand -19.1724 -19.4413 0
rfingers 7.12502 0 0
rthumb 7.1128 -768.716 0
454
root 4.10972 16.1137 -8.27773 -10.3391 17.5588 -18.5999
lfemur -27.2234 -2.39446 -10.8701
ltibia 51.5933 0 0
lfoot -22.8922 0.84552 0
ltoes 2.05397 0 0
rfemur -45.0322 4.7487 5.84876
rtibia 57.0215 0 0
rfoot 6.53362 5.52719 0
rtoes -14.9896 0 0
lowerback 6.35957 1.33882 1.2975
upperback 1.38926 1.86717 0.0611341
thorax -1.97976 0.944643 -0.798832
lowerneck -7.48611 -1.56262 4.76664
upperneck 6.0911 -2.49737 -0.76146
head 3.43908 -1.15089 -1.3439
lclavicle -1.97993e-14 5.46134e-15 0
lhumerus -45.7266 -26.9678 104.13
lradius 51.7777 0 0
lwrist 9.23347 0 0
lhand -9.22221 -0.0778516 0
lfingers 7.12502 0 0
lthumb 16.6854 28.628 0
rclavicle -1.97993e-14 5.46134e-15 0
rhumerus -44.142 18.0937 -90.9694
rradius 78.7476 0 0
rwrist 17.0132 0 0
rhand -18.7514 -19.3416 0
rfingers 7.12502 0 0
rthumb 7.51842 -768.594 0
455
root 4.13608 16.1215 -8.22358 -10.7865 19.1046 -19.0043
lfemur -27.1897 -2.7532 -11.1198
ltibia 51.4869 0 0
lfoot -22.9326 0.666175 0
ltoes 2.36515 0 0
rfemur -45.3303 4.79202 5.90957
rtibia 57.3483 0 0
rfoot 6.56895 5.65921 0
rtoes -15.0105 0 0
lowerback 6.35235 1.30115 1.23938
upperback 1.36732 1.81435 0.0892568
thorax -2.0011 0.918717 -0.733257
lowerneck -7.52089 -1.74323 4.61945
upperneck 6.15646 -2.72956 -0.705715
head 3.46109 -1.26597 -1.31478
lclavicle -1.96244e-14 5.32533e-15 0
lhumerus -45.7946 -27.1092 104.398
lradius 51.8755 0 0
lwrist 9.12493 0 0
lhand -8.83882 -0.0593541 0
lfingers 7.12502 0 0
lthumb 17.0536 28.6065 0
rclavicle -1.96244e-14 5.32533e-15 0
rhumerus -44.0418 18.5808 -91.0559
rradius 79.0558 0 0
rwrist 17.1714 0 0
rhand -18.3305 -19.2419 0
rfingers 7.12502 0 0
rthumb 7.92405 -768.472 0
456
root 4.16243 16.1294 -8.16944 -11.2339 20.6504 -19.4088
lfemur -27.1561 -3.11193 -11.3695
ltibia 51.3805 0 0
lfoot -22.973 0.486831 0
ltoes 2.67633 0 0
rfemur -45.6283 4.83535 5.97039
rtibia 57.675 0 0
rfoot 6.60428 5.79123 0
rtoes -15.0313 0 0
lowerback 6.34513 1.26347 1.18126
upperback 1.34538 1.76153 0.11738
thorax -2.02243 0.892791 -0.667682
lowerneck -7.55566 -1.92383 4.47226
upperneck 6.22182 -2.96174 -0.64997
head 3.4831 -1.38105 -1.28566
lclavicle -1.94495e-14 5.18932e-15 0
lhumerus -45.8626 -27.2507 104.666
lradius 51.9733 0 0
lwrist 9.01639 0 0
lhand -8.45543 -0.0408565 0
lfingers 7.12502 0 0
lthumb 17.4217 28.585 0
rclavicle -1.94495e-14 5.18932e-15 0
rhumerus -43.9416 19.068 -91.1424
rradius 79.364 0 0
rwrist 17.3296 0 0
rhand -17.9095 -19.1422 0
rfingers 7.12502 0 0
rthumb 8.32967 -768.35 0
457
root 4.18878 16.1372 -8.1153 -11.6813 22.1961 -19.8132
lfemur -27.1224 -3.47067 -11.6192
ltibia 51.2741 0 0
lfoot -23.0134 0.307487 0
ltoes 2.98751 0 0
rfemur -45.9264 4.87867 6.0312
rtibia 58.0017 0 0
rfoot 6.63961 5.92325 0
rtoes -15.0521 0 0
lowerback 6.33791 1.2258 1.12314
upperback 1.32343 1.70872 0.145502
thorax -2.04376 0.866866 -0.602106
lowerneck -7.59044 -2.10443 4.32506
upperneck 6.28718 -3.19392 -0.594225
head 3.50511 -1.49613 -1.25654
lclavicle -1.92746e-14 5.05331e-15 0
lhumerus -45.9305 -27.3922 104.934
lradius 52.071 0 0
lwrist 8.90785 0 0
lhand -8.07204 -0.0223589 0
lfingers 7.12502 0 0
lthumb 17.7899 28.5636 0
rclavicle -1.92746e-14 5.05331e-15 0
rhumerus -43.8413 19.5551 -91.2289
rradius 79.6722 0 0
rwrist 17.4878 0 0
rhand -17.4886 -19.0425 0
rfingers 7.12502 0 0
rthumb 8.73529 -768.227 0
458
root 4.21513 16.145 -8.06115 -12.1287 23.7419 -20.2176
lfemur -27.0888 -3.8294 -11.8689
ltibia 51.1677 0 0
lfoot -23.0537 0.128142 0
ltoes 3.29869 0 0
rfemur -46.2244 4.922 6.09201
rtibia 58.3284 0 0
rfoot 6.67494 6.05526 0
rtoes -15.073 0 0
lowerback 6.33069 1.18812 1.06502
upperback 1.30149 1.6559 0.173625
thorax -2.06509 0.84094 -0.536531
lowerneck -7.62522 -2.28504 4.17787
upperneck 6.35255 -3.42611 -0.53848
head 3.52712 -1.61121 -1.22742
lclavicle -1.90997e-14 4.9173e-15 0
lhumerus -45.9985 -27.5337 105.202
lradius 52.1688 0 0
lwrist 8.79932 0 0
lhand -7.68865 -0.00386132 0
lfingers 7.12502 0 0
lthumb 18.158 28.5421 0
rclavicle -1.90997e-14 4.9173e-15 0
rhumerus -43.7411 20.0423 -91.3154
rradius 79.9804 0 0
rwrist 17.646 0 0
rhand -17.0676 -18.9428 0
rfingers 7.12502 0 0
rthumb 9.14092 -768.105 0
459
root 4.24148 16.1529 -8.00701 -12.5761 25.2877 -20.6221
lfemur -27.0551 -4.18814 -12.1186
ltibia 51.0612 0 0
lfoot -23.0941 -0.051202 0
ltoes 3.60987 0 0
rfemur -46.5225 4.96532 6.15283
rtibia 58.6552 0 0
rfoot 6.71027 6.18728 0
rtoes -15.0938 0 0
lowerback 6.32347 1.15045 1.00689
upperback 1.27955 1.60308 0.201748
thorax -2.08642 0.815015 -0.470956
lowerneck -7.66 -2.46564 4.03068
upperneck 6.41791 -3.65829 -0.482735
head 3.54913 -1.72629 -1.1983
lclavicle -1.89248e-14 4.78129e-15 0
lhumerus -46.0665 -27.6751 105.471
lradius 52.2666 0 0
lwrist 8.69078 0 0
lhand -7.30526 0.0146363 0
lfingers 7.12502 0 0
lthumb 18.5262 28.5206 0
rclavicle -1.89248e-14 4.78129e-15 0
rhumerus -43.6409 20.5294 -91.4019
rradius 80.2886 0 0
rwrist 17.8042 0 0
rhand -16.6466 -18.843 0
rfingers 7.12502 0 0
rthumb 9.54654 -767.983 0
460
root 4.26784 16.1607 -7.95287 -13.0235 26.8335 -21.0265
lfemur -27.0215 -4.54687 -12.3683
ltibia 50.9548 0 0
lfoot -23.1345 -0.230546 0
ltoes 3.92105 0 0
rfemur -46.8206 5.00865 6.21364
rtibia 58.9819 0 0
rfoot 6.7456 6.3193 0
rtoes -15.1147 0 0
lowerback 6.31625 1.11277 0.948773
upperback 1.25761 1.55026 0.229871
thorax -2.10776 0.789089 -0.405381
lowerneck -7.69478 -2.64624 3.88349
upperneck 6.48327 -3.89047 -0.42699
head 3.57114 -1.84137 -1.16918
lclavicle -1.87498e-14 4.64528e-15 0
lhumerus -46.1345 -27.8166 105.739
lradius 52.3644 0 0
lwrist 8.58224 0 0
lhand -6.92187 0.0331338 0
lfingers 7.12502 0 0
lthumb 18.8943 28.4991 0
rclavicle -1.87498e-14 4.64528e-15 0
rhumerus -43.5407 21.0166 -91.4884
rradius 80.5968 0 0
rwrist 17.9624 0 0
rhand -16.2257 -18.7433 0
rfingers 7.12502 0 0
rthumb 9.95216 -767.861 0
461
root 4.29419 16.1686 -7.89872 -13.4709 28.3792 -21.431
lfemur -26.9878 -4.90561 -12.6181
ltibia 50.8484 0 0
lfoot -23.1749 -0.409891 0
ltoes 4.23223 0 0
rfemur -47.1186 5.05197 6.27446
rtibia 59.3086 0 0
rfoot 6.78093 6.45132 0
rtoes -15.1355 0 0
lowerback 6.30903 1.0751 0.890652
upperback 1.23567 1.49745 0.257993
thorax -2.12909 0.763164 -0.339805
lowerneck -7.72956 -2.82685 3.7363
upperneck 6.54863 -4.12266 -0.371245
head 3.59315 -1.95645 -1.14006
lclavicle -1.85749e-14 4.50927e-15 0
lhumerus -46.2025 -27.9581 106.007
lradius 52.4621 0 0
lwrist 8.4737 0 0
lhand -6.53848 0.0516314 0
lfingers 7.12502 0 0
lthumb 19.2625 28.4777 0
rclavicle -1.85749e-14 4.50927e-15 0
rhumerus -43.4404 21.5037 -91.5749
rradius 80.905 0 0
rwrist 18.1206 0 0
rhand -15.8047 -18.6436 0
rfingers 7.12502 0 0
rthumb 10.3578 -767.738 0
462
root 4.32054 16.1764 -7.84458 -13.9183 29.925 -21.8354
lfemur -26.9542 -5.26434 -12.8678
ltibia 50.742 0 0
lfoot -23.2153 -0.589235 0
ltoes 4.54341 0 0
rfemur -47.4167 5.0953 6.33527
rtibia 59.6354 0 0
rfoot 6.81625 6.58333 0
rtoes -15.1563 0 0
lowerback 6.30181 1.03742 0.83253
upperback 1.21373 1.44463 0.286116
thorax -2.15042 0.737238 -0.27423
lowerneck -7.76433 -3.00745 3.5891
upperneck 6.61399 -4.35484 -0.3155
head 3.61517 -2.07153 -1.11095
lclavicle -1.84e-14 4.37326e-15 0
lhumerus -46.2704 -28.0996 106.275
lradius 52.5599 0 0
lwrist 8.36516 0 0
lhand -6.15509 0.070129 0
lfingers 7.12502 0 0
lthumb 19.6306 28.4562 0
rclavicle -1.84e-14 4.37326e-15 0
rhumerus -43.3402 21.9909 -91.6614
rradius 81.2132 0 0
rwrist 18.2788 0 0
rhand -15.3838 -18.5439 0
rfingers 7.12502 0 0
rthumb 10.7634 -767.616 0
463
root 4.34689 16.1842 -7.79044 -14.3657 31.4708 -22.2399
lfemur -26.9206 -5.62308 -13.1175
ltibia 50.6356 0 0
lfoot -23.2557 -0.768579 0
ltoes 4.85458 0 0
rfemur -47.7148 5.13862 6.39608
rtibia 59.9621 0 0
rfoot 6.85158 6.71535 0
rtoes -15.1772 0 0
lowerback 6.29459 0.999746 0.774408
upperback 1.19179 1.39181 0.314239
thorax -2.17175 0.711312 -0.208655
lowerneck -7.79911 -3.18805 3.44191
upperneck 6.67935 -4.58702 -0.259755
head 3.63718 -2.18662 -1.08183
lclavicle -1.82251e-14 4.23725e-15 0
lhumerus -46.3384 -28.241 106.543
lradius 52.6577 0 0
lwrist 8.25663 0 0
lhand -5.7717 0.0886266 0
lfingers 7.12502 0 0
lthumb 19.9988 28.4347 0
rclavicle -1.82251e-14 4.23725e-15 0
rhumerus -43.24 22.478 -91.7479
rradius 81.5214 0 0
rwrist 18.437 0 0
rhand -14.9628 -18.4442 0
rfingers 7.12502 0 0
rthumb 11.169 -767.494 0
464
root 4.37324 16.1921 -7.73629 -14.8131 33.0165 -22.6443
lfemur -26.8869 -5.98182 -13.3672
ltibia 50.5292 0 0
lfoot -23.2961 -0.947924 0
ltoes 5.16576 0 0
rfemur -48.0128 5.18194 6.4569
rtibia 60.2888 0 0
rfoot 6.88691 6.84737 0
rtoes -15.198 0 0
lowerback 6.28737 0.962071 0.716287
upperback 1.16985 1.33899 0.342361
thorax -2.19308 0.685387 -0.143079
lowerneck -7.83389 -3.36866 3.29472
upperneck 6.74471 -4.81921 -0.20401
head 3.65919 -2.3017 -1.05271
lclavicle -1.80502e-14 4.10124e-15 0
lhumerus -46.4064 -28.3825 106.811
lradius 52.7554 0 0
lwrist 8.14809 0 0
lhand -5.38831 0.107124 0
lfingers 7.12502 0 0
lthumb 20.3669 28.4133 0
rclavicle -1.80502e-14 4.10124e-15 0
rhumerus -43.1397 22.9652 -91.8344
rradius 81.8296 0 0
rwrist 18.5952 0 0
rhand -14.5419 -18.3445 0
rfingers 7.12502 0 0
rthumb 11.5747 -767.371 0
465
root 4.3996 16.1999 -7.68215 -15.2605 34.5623 -23.0487
lfemur -26.8533 -6.34055 -13.6169
ltibia 50.4228 0 0
lfoot -23.3365 -1.12727 0
ltoes 5.47694 0 0
rfemur -48.3109 5.22527 6.51771
rtibia 60.6155 0 0
rfoot 6.92224 6.97939 0
rtoes -15.2189 0 0
lowerback 6.28015 0.924396 0.658165
upperback 1.1479 1.28618 0.370484
thorax -2.21442 0.659461 -0.0775042
lowerneck -7.86867 -3.54926 3.14753
upperneck 6.81007 -5.05139 -0.148265
head 3.6812 -2.41678 -1.02359
lclavicle -1.78752e-14 3.96523e-15 0
lhumerus -46.4744 -28.524 107.079
lradius 52.8532 0 0
lwrist 8.03955 0 0
lhand -5.00492 0.125622 0
lfingers 7.12502 0 0
lthumb 20.7351 28.3918 0
rclavicle -1.78752e-14 3.96523e-15 0
rhumerus -43.0395 23.4523 -91.9209
rradius 82.1378 0 0
rwrist 18.7534 0 0
rhand -14.1209 -18.2448 0
rfingers 7.12502 0 0
rthumb 11.9803 -767.249 0
466
root 4.42595 16.2078 -7.62801 -15.7079 36.1081 -23.4532
lfemur -26.8196 -6.69929 -13.8666
ltibia 50.3163 0 0
lfoot -23.3769 -1.30661 0
ltoes 5.78812 0 0
rfemur -48.609 5.26859 6.57853
rtibia 60.9423 0 0
rfoot 6.95757 7.11141 0
rtoes -15.2397 0 0
lowerback 6.27293 0.886721 0.600044
upperback 1.12596 1.23336 0.398607
thorax -2.23575 0.633536 -0.0119289
lowerneck -7.90345 -3.72986 3.00034
upperneck 6.87543 -5.28357 -0.09252
head 3.70321 -2.53186 -0.994469
lclavicle -1.77003e-14 3.82922e-15 0
lhumerus -46.5424 -28.6654 107.347
lradius 52.951 0 0
lwrist 7.93101 0 0
lhand -4.62153 0.144119 0
lfingers 7.12502 0 0
lthumb 21.1032 28.3703 0
rclavicle -1.77003e-14 3.82922e-15 0
rhumerus -42.9393 23.9395 -92.0074
rradius 82.446 0 0
rwrist 18.9116 0 0
rhand -13.6999 -18.145 0
rfingers 7.12502 0 0
rthumb 12.3859 -767.127 0
467
root 4.4523 16.2156 -7.57386 -16.1553 37.6539 -23.8576
lfemur -26.786 -7.05802 -14.1163
ltibia 50.2099 0 0
lfoot -23.4172 -1.48596 0
ltoes 6.0993 0 0
rfemur -48.907 5.31192 6.63934
rtibia 61.269 0 0
rfoot 6.9929 7.24342 0
rtoes -15.2606 0 0
lowerback 6.26571 0.849046 0.541922
upperback 1.10402 1.18054 0.42673
thorax -2.25708 0.60761 0.0536463
lowerneck -7.93823 -3.91047 2.85315
upperneck 6.9408 -5.51576 -0.036775
head 3.72522 -2.64694 -0.96535
lclavicle -1.75254e-14 3.69321e-15 0
lhumerus -46.6104 -28.8069 107.615
lradius 53.0488 0 0
lwrist 7.82248 0 0
lhand -4.23814 0.162617 0
lfingers 7.12502 0 0
lthumb 21.4714 28.3488 0
rclavicle -1.75254e-14 3.69321e-15 0
rhumerus -42.8391 24.4266 -92.0939
rradius 82.7542 0 0
rwrist 19.0698 0 0
rhand -13.279 -18.0453 0
rfingers 7.12502 0 0
rthumb 12.7915 -767.005 0
468
root 4.47865 16.2234 -7.51972 -16.6027 39.1996 -24.2621
lfemur -26.7523 -7.41676 -14.366
ltibia 50.1035 0 0
lfoot -23.4576 -1.6653 0
ltoes 6.41048 0 0
rfemur -49.2051 5.35524 6.70015
rtibia 61.5957 0 0
rfoot 7.02823 7.37544 0
rtoes -15.2814 0 0
lowerback 6.25849 0.811371 0.483801
upperback 1.08208 1.12772 0.454852
thorax -2.27841 0.581685 0.119222
lowerneck -7.97301 -4.09107 2.70595
upperneck 7.00616 -5.74794 0.01897
head 3.74723 -2.76202 -0.936231
lclavicle -1.73505e-14 3.5572e-15 0
lhumerus -46.6783 -28.9484 107.883
lradius 53.1465 0 0
lwrist 7.71394 0 0
lhand -3.85475 0.181114 0
lfingers 7.12502 0 0
lthumb 21.8395 28.3274 0
rclavicle -1.73505e-14 3.5572e-15 0
rhumerus -42.7388 24.9138 -92.1804
rradius 83.0624 0 0
rwrist 19.228 0 0
rhand -12.858 -17.9456 0
rfingers 7.12502 0 0
rthumb 13.1972 -766.882 0
469
root 4.505 16.2313 -7.46558 -17.0501 40.7454 -24.6665
lfemur -26.7187 -7.77549 -14.6157
ltibia 49.9971 0 0
lfoot -23.498 -1.84465 0
ltoes 6.72166 0 0
rfemur -49.5031 5.39857 6.76097
rtibia 61.9224 0 0
rfoot 7.06356 7.50746 0
rtoes -15.3022 0 0
lowerback 6.25127 0.773696 0.425679
upperback 1.06014 1.0749 0.482975
thorax -2.29974 0.555759 0.184797
lowerneck -8.00778 -4.27167 2.55876
upperneck 7.07152 -5.98012 0.074715
head 3.76924 -2.8771 -0.907112
lclavicle -1.71756e-14 3.42119e-15 0
lhumerus -46.7463 -29.0899 108.151
lradius 53.2443 0 0
lwrist 7.6054 0 0
lhand -3.47136 0.199612 0
lfingers 7.12502 0 0
lthumb 22.2077 28.3059 0
rclavicle -1.71756e-14 3.42119e-15 0
rhumerus -42.6386 25.4009 -92.2669
rradius 83.3706 0 0
rwrist 19.3862 0 0
rhand -12.4371 -17.8459 0
rfingers 7.12502 0 0
rthumb 13.6028 -766.76 0
470
root 4.53136 16.2391 -7.41143 -17.4975 42.2912 -25.0709
lfemur -26.685 -8.13423 -14.8654
ltibia 49.8907 0 0
lfoot -23.5384 -2.02399 0
ltoes 7.03284 0 0
rfemur -49.8012 5.44189 6.82178
rtibia 62.2492 0 0
rfoot 7.09889 7.63948 0
rtoes -15.3231 0 0
lowerback 6.24405 0.736021 0.367557
upperback 1.0382 1.02209 0.511098
thorax -2.32108 0.529833 0.250372
lowerneck -8.04256 -4.45228 2.41157
upperneck 7.13688 -6.21231 0.13046
head 3.79125 -2.99218 -0.877993
lclavicle -1.70007e-14 3.28518e-15 0
lhumerus -46.8143 -29.2313 108.419
lradius 53.3421 0 0
lwrist 7.49686 0 0
lhand -3.08797 0.21811 0
lfingers 7.12502 0 0
lthumb 22.5758 28.2844 0
rclavicle -1.70007e-14 3.28518e-15 0
rhumerus -42.5384 25.8881 -92.3534
rradius 83.6788 0 0
rwrist 19.5444 0 0
rhand -12.0161 -17.7462 0
rfingers 7.12502 0 0
rthumb 14.0084 -766.638 0
471
root 4.55771 16.247 -7.35729 -17.9449 43.837 -25.4754
lfemur -26.6514 -8.49297 -15.1151
ltibia 49.7843 0 0
lfoot -23.5788 -2.20333 0
ltoes 7.34401 0 0
rfemur -50.0993 5.48522 6.8826
rtibia 62.5759 0 0
rfoot 7.13421 7.77149 0
rtoes -15.3439 0 0
lowerback 6.23683 0.698346 0.309436
upperback 1.01626 0.969269 0.539221
thorax -2.34241 0.503908 0.315947
lowerneck -8.07734 -4.63288 2.26438
upperneck 7.20224 -6.44449 0.186205
head 3.81326 -3.10727 -0.848874
lclavicle -1.68257e-14 3.14917e-15 0
lhumerus -46.8823 -29.3728 108.688
lradius 53.4399 0 0
lwrist 7.38833 0 0
lhand -2.70458 0.236607 0
lfingers 7.12502 0 0
lthumb 22.944 28.263 0
rclavicle -1.68257e-14 3.14917e-15 0
rhumerus -42.4381 26.3752 -92.4399
rradius 83.987 0 0
rwrist 19.7026 0 0
rhand -11.5951 -17.6465 0
rfingers 7.12502 0 0
rthumb 14.414 -766.516 0
472
root 4.58406 16.2548 -7.30315 -18.3923 45.3827 -25.8798
lfemur -26.6177 -8.8517 -15.3648
ltibia 49.6778 0 0
lfoot -23.6192 -2.38268 0
ltoes 7.65519 0 0
rfemur -50.3973 5.52854 6.94341
rtibia 62.9026 0 0
rfoot 7.16954 7.90351 0
rtoes -15.3648 0 0
lowerback 6.2296 0.660671 0.251314
upperback 0.994314 0.916452 0.567343
thorax -2.36374 0.477982 0.381523
lowerneck -8.11212 -4.81348 2.11719
upperneck 7.2676 -6.67667 0.24195
head 3.83527 -3.22235 -0.819755
lclavicle -1.66508e-14 3.01316e-15 0
lhumerus -46.9503 -29.5143 108.956
lradius 53.5376 0 0
lwrist 7.27979 0 0
lhand -2.32119 0.255105 0
lfingers 7.12502 0 0
lthumb 23.3121 28.2415 0
rclavicle -1.66508e-14 3.01316e-15 0
rhumerus -42.3379 26.8624 -92.5264
rradius 84.2951 0 0
rwrist 19.8608 0 0
rhand -11.1742 -17.5468 0
rfingers 7.12502 0 0
rthumb 14.8196 -766.393 0
473
root 4.61041 16.2626 -7.24901 -18.8397 46.9285 -26.2843
lfemur -26.5841 -9.21044 -15.6145
ltibia 49.5714 0 0
lfoot -23.6596 -2.56202 0
ltoes 7.96637 0 0
rfemur -50.6954 5.57187 7.00422
rtibia 63.2294 0 0
rfoot 7.20487 8.03553 0
rtoes -15.3856 0 0
lowerback 6.22238 0.622996 0.193193
upperback 0.972373 0.863634 0.595466
thorax -2.38507 0.452057 0.447098
lowerneck -8.1469 -4.99409 1.96999
upperneck 7.33296 -6.90885 0.297695
head 3.85728 -3.33743 -0.790636
lclavicle -1.64759e-14 2.87714e-15 0
lhumerus -47.0182 -29.6557 109.224
lradius 53.6354 0 0
lwrist 7.17125 0 0
lhand -1.9378 0.273602 0
lfingers 7.12502 0 0
lthumb 23.6803 28.22 0
rclavicle -1.64759e-14 2.87714e-15 0
rhumerus -42.2377 27.3495 -92.6129
rradius 84.6033 0 0
rwrist 20.019 0 0
rhand -10.7532 -17.4471 0
rfingers 7.12502 0 0
rthumb 15.2253 -766.271 0
474
root 4.63677 16.2705 -7.19486 -19.2871 48.4743 -26.6887
lfemur -26.5504 -9.56917 -15.8642
ltibia 49.465 0 0
lfoot -23.7 -2.74137 0
ltoes 8.27755 0 0
rfemur -50.9935 5.61519 7.06504
rtibia 63.5561 0 0
rfoot 7.2402 8.16755 0
rtoes -15.4064 0 0
lowerback 6.21516 0.585321 0.135071
upperback 0.950432 0.810816 0.623589
thorax -2.40641 0.426131 0.512673
lowerneck -8.18168 -5.17469 1.8228
upperneck 7.39832 -7.14104 0.35344
head 3.87929 -3.45251 -0.761517
lclavicle -1.6301e-14 2.74113e-15 0
lhumerus -47.0862 -29.7972 109.492
lradius 53.7332 0 0
lwrist 7.06271 0 0
lhand -1.55441 0.2921 0
lfingers 7.12502 0 0
lthumb 24.0484 28.1985 0
rclavicle -1.6301e-14 2.74113e-15 0
rhumerus -42.1375 27.8367 -92.6994
rradius 84.9115 0 0
rwrist 20.1772 0 0
rhand -10.3323 -17.3473 0
rfingers 7.12502 0 0
rthumb 15.6309 -766.149 0
475
root 4.66312 16.2783 -7.14072 -19.7345 50.0201 -27.0932
lfemur -26.5168 -9.92791 -16.1139
ltibia 49.3586 0 0
lfoot -23.7404 -2.92071 0
ltoes 8.58873 0 0
rfemur -51.2915 5.65852 7.12585
rtibia 63.8828 0 0
rfoot 7.27553 8.29956 0
rtoes -15.4273 0 0
lowerback 6.20794 0.547646 0.0769495
upperback 0.92849 0.757999 0.651712
thorax -2.42774 0.400205 0.578248
lowerneck -8.21646 -5.35529 1.67561
upperneck 7.46368 -7.37322 0.409185
head 3.9013 -3.56759 -0.732397
lclavicle -1.61261e-14 2.60512e-15 0
lhumerus -47.1542 -29.9387 109.76
lradius 53.831 0 0
lwrist 6.95417 0 0
lhand -1.17102 0.310598 0
lfingers 7.12502 0 0
lthumb 24.4166 28.1771 0
rclavicle -1.61261e-14 2.60512e-15 0
rhumerus -42.0372 28.3238 -92.7859
rradius 85.2197 0 0
rwrist 20.3354 0 0
rhand -9.9113 -17.2476 0
rfingers 7.12502 0 0
rthumb 16.0365 -766.027 0
476
root 4.68947 16.2862 -7.08658 -20.1819 51.5658 -27.4976
lfemur -26.4831 -10.2866 -16.3636
ltibia 49.2522 0 0
lfoot -23.7808 -3.10006 0
ltoes 8.89991 0 0
rfemur -51.5896 5.70184 7.18667
rtibia 64.2095 0 0
rfoot 7.31086 8.43158 0
rtoes -15.4481 0 0
lowerback 6.20072 0.509971 0.0188279
upperback 0.906549 0.705181 0.679834
thorax -2.44907 0.37428 0.643824
lowerneck -8.25123 -5.5359 1.52842
upperneck 7.52904 -7.6054 0.46493
head 3.92331 -3.68267 -0.703278
lclavicle -1.59511e-14 2.46911e-15 0
lhumerus -47.2222 -30.0802 110.028
lradius 53.9287 0 0
lwrist 6.84564 0 0
lhand -0.787634 0.329095 0
lfingers 7.12502 0 0
lthumb 24.7847 28.1556 0
rclavicle -1.59511e-14 2.46911e-15 0
rhumerus -41.937 28.811 -92.8724
rradius 85.5279 0 0
rwrist 20.4936 0 0
rhand -9.49034 -17.1479 0
rfingers 7.12502 0 0
rthumb 16.4421 -765.904 0
477
root 4.71582 16.294 -7.03243 -20.6293 53.1116 -27.902
lfemur -26.4495 -10.6454 -16.6134
ltibia 49.1458 0 0
lfoot -23.8211 -3.2794 0
ltoes 9.21109 0 0
rfemur -51.8876 5.74517 7.24748
rtibia 64.5363 0 0
rfoot 7.34619 8.5636 0
rtoes -15.469 0 0
lowerback 6.1935 0.472296 -0.0392937
upperback 0.884607 0.652363 0.707957
thorax -2.4704 0.348354 0.709399
lowerneck -8.28601 -5.7165 1.38123
upperneck 7.59441 -7.83759 0.520675
head 3.94532 -3.79775 -0.674159
lclavicle -1.57762e-14 2.3331e-15 0
lhumerus -47.2902 -30.2216 110.296
lradius 54.0265 0 0
lwrist 6.7371 0 0
lhand -0.404244 0.347593 0
lfingers 7.12502 0 0
lthumb 25.1529 28.1341 0
rclavicle -1.57762e-14 2.3331e-15 0
rhumerus -41.8368 29.2981 -92.9589
rradius 85.8361 0 0
rwrist 20.6518 0 0
rhand -9.06939 -17.0482 0
rfingers 7.12502 0 0
rthumb 16.8478 -765.782 0
478
root 4.74217 16.3018 -6.97829 -21.0767 54.6574 -28.3065
lfemur -26.4158 -11.0041 -16.8631
ltibia 49.0393 0 0
lfoot -23.8615 -3.45874 0
ltoes 9.52227 0 0
rfemur -52.1857 5.78849 7.30829
rtibia 64.863 0 0
rfoot 7.38152 8.69562 0
rtoes -15.4898 0 0
lowerback 6.18628 0.434621 -0.0974153
upperback 0.862666 0.599546 0.73608
thorax -2.49173 0.322429 0.774974
lowerneck -8.32079 -5.8971 1.23403
upperneck 7.65977 -8.06977 0.57642
head 3.96733 -3.91283 -0.64504
lclavicle -1.56013e-14 2.19709e-15 0
lhumerus -47.3581 -30.3631 110.564
lradius 54.1243 0 0
lwrist 6.62856 0 0
lhand -0.0208542 0.36609 0
lfingers 7.12502 0 0
lthumb 25.521 28.1127 0
rclavicle -1.56013e-14 2.19709e-15 0
rhumerus -41.7365 29.7853 -93.0454
rradius 86.1443 0 0
rwrist 20.81 0 0
rhand -8.64843 -16.9485 0
rfingers 7.12502 0 0
rthumb 17.2534 -765.66 0
479
root 4.76853 16.3097 -6.92415 -21.5241 56.2032 -28.7109
lfemur -26.3822 -11.3629 -17.1128
ltibia 48.9329 0 0
lfoot -23.9019 -3.63809 0
ltoes 9.83344 0 0
rfemur -52.4838 5.83182 7.36911
rtibia 65.1897 0 0
rfoot 7.41684 8.82763 0
rtoes -15.5106 0 0
lowerback 6.17906 0.396946 -0.155537
upperback 0.840725 0.546728 0.764203
thorax -2.51307 0.296503 0.840549
lowerneck -8.35557 -6.07771 1.08684
upperneck 7.72513 -8.30195 0.632165
head 3.98934 -4.02792 -0.615921
lclavicle -1.54264e-14 2.06108e-15 0
lhumerus -47.4261 -30.5046 110.832
lradius 54.2221 0 0
lwrist 6.52002 0 0
lhand 0.362536 0.384588 0
lfingers 7.12502 0 0
lthumb 25.8892 28.0912 0
rclavicle -1.54264e-14 2.06108e-15 0
rhumerus -41.6363 30.2724 -93.1319
rradius 86.4525 0 0
rwrist 20.9682 0 0
rhand -8.22747 -16.8488 0
rfingers 7.12502 0 0
rthumb 17.659 -765.538 0
480
root 4.79488 16.3175 -6.87 -21.9715 57.7489 -29.1154
lfemur -26.3485 -11.7216 -17.3625
ltibia 48.8265 0 0
lfoot -23.9423 -3.81743 0
ltoes 10.1446 0 0
rfemur -52.7818 5.87514 7.42992
rtibia 65.5164 0 0
rfoot 7.45217 8.95965 0
rtoes -15.5315 0 0
lowerback 6.17184 0.359271 -0.213658
upperback 0.818783 0.49391 0.792325
thorax -2.5344 0.270578 0.906125
lowerneck -8.39035 -6.25831 0.939649
upperneck 7.79049 -8.53414 0.68791
head 4.01135 -4.143 -0.586802
lclavicle -1.52515e-14 1.92507e-15 0
lhumerus -47.4941 -30.6461 111.1
lradius 54.3198 0 0
lwrist 6.41149 0 0
lhand 0.745925 0.403085 0
lfingers 7.12502 0 0
lthumb 26.2573 28.0697 0
rclavicle -1.52515e-14 1.92507e-15 0
rhumerus -41.5361 30.7596 -93.2184
rradius 86.7607 0 0
rwrist 21.1264 0 0
rhand -7.80651 -16.7491 0
rfingers 7.12502 0 0
rthumb 18.0646 -765.415 0
481
root 4.82123 16.3254 -6.81586 -22.4188 59.2947 -29.5198
lfemur -26.3149 -12.0803 -17.6122
ltibia 48.7201 0 0
lfoot -23.9827 -3.99678 0
ltoes 10.4558 0 0
rfemur -53.0799 5.91847 7.49073
rtibia 65.8432 0 0
rfoot 7.4875 9.09167 0
rtoes -15.5523 0 0
lowerback 6.16462 0.321596 -0.27178
upperback 0.796842 0.441093 0.820448
thorax -2.55573 0.244652 0.9717
lowerneck -8.42513 -6.43892 0.792457
upperneck 7.85585 -8.76632 0.743655
head 4.03336 -4.25808 -0.557683
lclavicle -1.50766e-14 1.78906e-15 0
lhumerus -47.5621 -30.7875 111.368
lradius 54.4176 0 0
lwrist 6.30295 0 0
lhand 1.12932 0.421583 0
lfingers 7.12502 0 0
lthumb 26.6255 28.0482 0
rclavicle -1.50766e-14 1.78906e-15 0
rhumerus -41.4359 31.2467 -93.3049
rradius 87.0689 0 0
rwrist 21.2846 0 0
rhand -7.38555 -16.6493 0
rfingers 7.12502 0 0
rthumb 18.4703 -765.293 0
482
root 4.84758 16.3332 -6.76172 -22.8662 60.8405 -29.9242
lfemur -26.2813 -12.4391 -17.8619
ltibia 48.6137 0 0
lfoot -24.0231 -4.17612 0
ltoes 10.767 0 0
rfemur -53.378 5.96179 7.55155
rtibia 66.1699 0 0
rfoot 7.52283 9.22368 0
rtoes -15.5732 0 0
lowerback 6.1574 0.283921 -0.329902
upperback 0.774901 0.388275 0.848571
thorax -2.57706 0.218726 1.03728
lowerneck -8.45991 -6.61952 0.645266
upperneck 7.92121 -8.9985 0.7994
head 4.05537 -4.37316 -0.528564
lclavicle -1.49016e-14 1.65305e-15 0
lhumerus -47.6301 -30.929 111.636
lradius 54.5154 0 0
lwrist 6.19441 0 0
lhand 1.5127 0.440081 0
lfingers 7.12502 0 0
lthumb 26.9936 28.0268 0
rclavicle -1.49016e-14 1.65305e-15 0
rhumerus -41.3356 31.7339 -93.3914
rradius 87.3771 0 0
rwrist 21.4429 0 0
rhand -6.96459 -16.5496 0
rfingers 7.12502 0 0
rthumb 18.8759 -765.171 0
483
root 4.87393 16.341 -6.70757 -23.3136 62.3862 -30.3287
lfemur -26.2476 -12.7978 -18.1116
ltibia 48.5073 0 0
lfoot -24.0635 -4.35547 0
ltoes 11.0782 0 0
rfemur -53.676 6.00512 7.61236
rtibia 66.4966 0 0
rfoot 7.55816 9.3557 0
rtoes -15.594 0 0
lowerback 6.15018 0.246246 -0.388023
upperback 0.752959 0.335457 0.876693
thorax -2.59839 0.192801 1.10285
lowerneck -8.49468 -6.80012 0.498074
upperneck 7.98657 -9.23069 0.855145
head 4.07738 -4.48824 -0.499445
lclavicle -1.47267e-14 1.51704e-15 0
lhumerus -47.698 -31.0705 111.905
lradius 54.6131 0 0
lwrist 6.08587 0 0
lhand 1.89609 0.458578 0
lfingers 7.12502 0 0
lthumb 27.3618 28.0053 0
rclavicle -1.47267e-14 1.51704e-15 0
rhumerus -41.2354 32.221 -93.4779
rradius 87.6853 0 0
rwrist 21.6011 0 0
rhand -6.54363 -16.4499 0
rfingers 7.12502 0 0
rthumb 19.2815 -765.048 0
484
root 4.90029 16.3489 -6.65343 -23.761 63.932 -30.7331
lfemur -26.214 -13.1565 -18.3613
ltibia 48.4009 0 0
lfoot -24.1039 -4.53481 0
ltoes 11.3893 0 0
rfemur -53.9741 6.04844 7.67318
rtibia 66.8234 0 0
rfoot 7.59349 9.48772 0
rtoes -15.6148 0 0
lowerback 6.14296 0.208571 -0.446145
upperback 0.731018 0.28264 0.904816
thorax -2.61973 0.166875 1.16843
lowerneck -8.52946 -6.98073 0.350882
upperneck 8.05193 -9.46287 0.91089
head 4.09939 -4.60332 -0.470326
lclavicle -1.45518e-14 1.38103e-15 0
lhumerus -47.766 -31.2119 112.173
lradius 54.7109 0 0
lwrist 5.97733 0 0
lhand 2.27948 0.477076 0
lfingers 7.12502 0 0
lthumb 27.7299 27.9838 0
rclavicle -1.45518e-14 1.38103e-15 0
rhumerus -41.1352 32.7082 -93.5644
rradius 87.9935 0 0
rwrist 21.7593 0 0
rhand -6.12267 -16.3502 0
rfingers 7.12502 0 0
rthumb 19.6871 -764.926 0
485
root 4.92664 16.3567 -6.59929 -24.2084 65.4778 -31.1376
lfemur -26.1803 -13.5153 -18.611
ltibia 48.2944 0 0
lfoot -24.1443 -4.71415 0
ltoes 11.7005 0 0
rfemur -54.2722 6.09177 7.73399
rtibia 67.1501 0 0
rfoot 7.62882 9.61974 0
rtoes -15.6357 0 0
lowerback 6.13574 0.170896 -0.504266
upperback 0.709077 0.229822 0.932939
thorax -2.64106 0.14095 1.234
lowerneck -8.56424 -7.16133 0.20369
upperneck 8.11729 -9.69505 0.966635
head 4.1214 -4.7184 -0.441207
lclavicle -1.43769e-14 1.24502e-15 0
lhumerus -47.834 -31.3534 112.441
lradius 54.8087 0 0
lwrist 5.8688 0 0
lhand 2.66287 0.495573 0
lfingers 7.12502 0 0
lthumb 28.0981 27.9624 0
rclavicle -1.43769e-14 1.24502e-15 0
rhumerus -41.0349 33.1953 -93.6509
rradius 88.3017 0 0
rwrist 21.9175 0 0
rhand -5.70172 -16.2505 0
rfingers 7.12502 0 0
rthumb 20.0927 -764.804 0
486
root 4.95299 16.3645 -6.54514 -24.6558 67.0236 -31.542
lfemur -26.1467 -13.874 -18.8607
ltibia 48.188 0 0
lfoot -24.1846 -4.8935 0
ltoes 12.0117 0 0
rfemur -54.5702 6.13509 7.7948
rtibia 67.4768 0 0
rfoot 7.66415 9.75175 0
rtoes -15.6565 0 0
lowerback 6.12852 0.133221 -0.562388
upperback 0.687135 0.177004 0.961062
thorax -2.66239 0.115024 1.29958
lowerneck -8.59902 -7.34193 0.0564976
upperneck 8.18266 -9.92724 1.02238
head 4.14341 -4.83348 -0.412088
lclavicle -1.4202e-14 1.10901e-15 0
lhumerus -47.902 -31.4949 112.709
lradius 54.9065 0 0
lwrist 5.76026 0 0
lhand 3.04626 0.514071 0
lfingers 7.12502 0 0
lthumb 28.4662 27.9409 0
rclavicle -1.4202e-14 1.10901e-15 0
rhumerus -40.9347 33.6825 -93.7374
rradius 88.6099 0 0
rwrist 22.0757 0 0
rhand -5.28076 -16.1508 0
rfingers 7.12502 0 0
rthumb 20.4984 -764.682 0
487
root 4.97934 16.3724 -6.491 -25.1032 68.5693 -31.9465
lfemur -26.113 -14.2327 -19.1104
ltibia 48.0816 0 0
lfoot -24.225 -5.07284 0
ltoes 12.3229 0 0
rfemur -54.8683 6.17842 7.85562
rtibia 67.8035 0 0
rfoot 7.69948 9.88377 0
rtoes -15.6774 0 0
lowerback 6.1213 0.0955458 -0.620509
upperback 0.665194 0.124187 0.989184
thorax -2.68372 0.0890985 1.36515
lowerneck -8.6338 -7.52254 -0.0906943
upperneck 8.24802 -10.1594 1.07812
head 4.16542 -4.94856 -0.382969
lclavicle -1.4027e-14 9.72998e-16 0
lhumerus -47.97 -31.6364 112.977
lradius 55.0042 0 0
lwrist 5.65172 0 0
lhand 3.42965 0.532568 0
lfingers 7.12502 0 0
lthumb 28.8344 27.9194 0
rclavicle -1.4027e-14 9.72998e-16 0
rhumerus -40.8345 34.1696 -93.8239
rradius 88.9181 0 0
rwrist 22.2339 0 0
rhand -4.8598 -16.0511 0
rfingers 7.12502 0 0
rthumb 20.904 -764.559 0
488
root 5.00569 16.3802 -6.43686 -25.5506 70.1151 -32.3509
lfemur -26.0794 -14.5915 -19.3601
ltibia 47.9752 0 0
lfoot -24.2654 -5.25219 0
ltoes 12.6341 0 0
rfemur -55.1663 6.22174 7.91643
rtibia 68.1303 0 0
rfoot 7.7348 10.0158 0
rtoes -15.6982 0 0
lowerback 6.11408 0.0578708 -0.678631
upperback 0.643252 0.0713691 1.01731
thorax -2.70505 0.0631729 1.43073
lowerneck -8.66858 -7.70314 -0.237886
upperneck 8.31338 -10.3916 1.13387
head 4.18744 -5.06365 -0.35385
lclavicle -1.38521e-14 8.36987e-16 0
lhumerus -48.0379 -31.7778 113.245
lradius 55.102 0 0
lwrist 5.54318 0 0
lhand 3.81304 0.551066 0
lfingers 7.12502 0 0
lthumb 29.2025 27.898 0
rclavicle -1.38521e-14 8.36987e-16 0
rhumerus -40.7342 34.6568 -93.9104
rradius 89.2263 0 0
rwrist 22.3921 0 0
rhand -4.43884 -15.9514 0
rfingers 7.12502 0 0
rthumb 21.3096 -764.437 0
489
root 5.03205 16.3881 -6.38271 -25.998 71.6609 -32.7553
lfemur -26.0457 -14.9502 -19.6098
ltibia 47.8688 0 0
lfoot -24.3058 -5.43153 0
ltoes 12.9452 0 0
rfemur -55.4644 6.26507 7.97725
rtibia 68.457 0 0
rfoot 7.77013 10.1478 0
rtoes -15.7191 0 0
lowerback 6.10686 0.0201959 -0.736753
upperback 0.621311 0.0185514 1.04543
thorax -2.72639 0.0372474 1.4963
lowerneck -8.70336 -7.88374 -0.385078
upperneck 8.37874 -10.6238 1.18962
head 4.20945 -5.17873 -0.32473
lclavicle -1.36772e-14 7.00977e-16 0
lhumerus -48.1059 -31.9193 113.513
lradius 55.1998 0 0
lwrist 5.43465 0 0
lhand 4.19643 0.569564 0
lfingers 7.12502 0 0
lthumb 29.5707 27.8765 0
rclavicle -1.36772e-14 7.00977e-16 0
rhumerus -40.634 35.1439 -93.9969
rradius 89.5345 0 0
rwrist 22.5503 0 0
rhand -4.01788 -15.8516 0
rfingers 7.12502 0 0
rthumb 21.7152 -764.315 0
490
root 5.0584 16.3959 -6.32857 -26.4454 73.2067 -33.1598
lfemur -26.0121 -15.3089 -19.8595
ltibia 47.7624 0 0
lfoot -24.3462 -5.61088 0
ltoes 13.2564 0 0
rfemur -55.7625 6.30839 8.03806
rtibia 68.7837 0 0
rfoot 7.80546 10.2798 0
rtoes -15.7399 0 0
lowerback 6.09964 -0.0174791 -0.794874
upperback 0.59937 -0.0342663 1.07355
thorax -2.74772 0.0113218 1.56188
lowerneck -8.73813 -8.06435 -0.53227
upperneck 8.4441 -10.856 1.24536
head 4.23146 -5.29381 -0.295611
lclavicle -1.35023e-14 5.64966e-16 0
lhumerus -48.1739 -32.0608 113.781
lradius 55.2976 0 0
lwrist 5.32611 0 0
lhand 4.57982 0.588061 0
lfingers 7.12502 0 0
lthumb 29.9388 27.855 0
rclavicle -1.35023e-14 5.64966e-16 0
rhumerus -40.5338 35.6311 -94.0834
rradius 89.8427 0 0
rwrist 22.7085 0 0
rhand -3.59692 -15.7519 0
rfingers 7.12502 0 0
rthumb 22.1209 -764.193 0
491
root 5.08475 16.4037 -6.27443 -26.8928 74.7524 -33.5642
lfemur -25.9784 -15.6677 -20.1092
ltibia 47.6559 0 0
lfoot -24.3866 -5.79022 0
ltoes 13.5676 0 0
rfemur -56.0605 6.35172 8.09887
rtibia 69.1105 0 0
rfoot 7.84079 10.4118 0
rtoes -15.7607 0 0
lowerback 6.09241 -0.0551541 -0.852996
upperback 0.577428 -0.087084 1.10168
thorax -2.76905 -0.0146038 1.62745
lowerneck -8.77291 -8.24495 -0.679462
upperneck 8.50946 -11.0882 1.3011
head 4.25347 -5.40889 -0.266492
lclavicle -1.33274e-14 4.28956e-16 0
lhumerus -48.2419 -32.2022 114.049
lradius 55.3953 0 0
lwrist 5.21757 0 0
lhand 4.96321 0.606559 0
lfingers 7.12502 0 0
lthumb 30.307 27.8335 0
rclavicle -1.33274e-14 4.28956e-16 0
rhumerus -40.4336 36.1182 -94.1699
rradius 90.1508 0 0
rwrist 22.8667 0 0
rhand -3.17596 -15.6522 0
rfingers 7.12502 0 0
rthumb 22.5265 -764.07 0
492
root 5.1111 16.4116 -6.22029 -27.3402 76.2982 -33.9687
lfemur -25.9448 -16.0264 -20.3589
ltibia 47.5495 0 0
lfoot -24.427 -5.96957 0
ltoes 13.8788 0 0
rfemur -56.3586 6.39504 8.15969
rtibia 69.4372 0 0
rfoot 7.87612 10.5439 0
rtoes -15.7816 0 0
lowerback 6.08519 -0.0928291 -0.911117
upperback 0.555487 -0.139902 1.1298
thorax -2.79038 -0.0405294 1.69303
lowerneck -8.80769 -8.42555 -0.826654
upperneck 8.57482 -11.3203 1.35685
head 4.27548 -5.52397 -0.237373
lclavicle -1.31524e-14 2.92945e-16 0
lhumerus -48.3099 -32.3437 114.317
lradius 55.4931 0 0
lwrist 5.10903 0 0
lhand 5.3466 0.625056 0
lfingers 7.12502 0 0
lthumb 30.6751 27.8121 0
rclavicle -1.31524e-14 2.92945e-16 0
rhumerus -40.3333 36.6054 -94.2564
rradius 90.459 0 0
rwrist 23.0249 0 0
rhand -2.755 -15.5525 0
rfingers 7.12502 0 0
rthumb 22.9321 -763.948 0
493
root 5.13746 16.4194 -6.16614 -27.7876 77.844 -34.3731
lfemur -25.9111 -16.3852 -20.6087
ltibia 47.4431 0 0
lfoot -24.4674 -6.14891 0
ltoes 14.1899 0 0
rfemur -56.6567 6.43837 8.2205
rtibia 69.7639 0 0
rfoot 7.91145 10.6759 0
rtoes -15.8024 0 0
lowerback 6.07797 -0.130504 -0.969239
upperback 0.533546 -0.192719 1.15792
thorax -2.81172 -0.0664549 1.7586
lowerneck -8.84247 -8.60616 -0.973846
upperneck 8.64018 -11.5525 1.4126
head 4.29749 -5.63905 -0.208254
lclavicle -1.29775e-14 1.56935e-16 0
lhumerus -48.3778 -32.4852 114.585
lradius 55.5909 0 0
lwrist 5.00049 0 0
lhand 5.72999 0.643554 0
lfingers 7.12502 0 0
lthumb 31.0433 27.7906 0
rclavicle -1.29775e-14 1.56935e-16 0
rhumerus -40.2331 37.0925 -94.3429
rradius 90.7672 0 0
rwrist 23.1831 0 0
rhand -2.33405 -15.4528 0
rfingers 7.12502 0 0
rthumb 23.3377 -763.826 0
494
root 5.16381 16.4273 -6.112 -28.235 79.3898 -34.7775
lfemur -25.8775 -16.7439 -20.8584
ltibia 47.3367 0 0
lfoot -24.5078 -6.32825 0
ltoes 14.5011 0 0
rfemur -56.9547 6.48169 8.28132
rtibia 70.0906 0 0
rfoot 7.94678 10.8079 0
rtoes -15.8233 0 0
lowerback 6.07075 -0.168179 -1.02736
upperback 0.511604 -0.245537 1.18604
thorax -2.83305 -0.0923805 1.82418
lowerneck -8.87725 -8.78676 -1.12104
upperneck 8.70554 -11.7847 1.46834
head 4.3195 -5.75413 -0.179135
lclavicle -1.28026e-14 2.09241e-17 0
lhumerus -48.4458 -32.6267 114.853
lradius 55.6887 0 0
lwrist 4.89196 0 0
lhand 6.11338 0.662052 0
lfingers 7.12502 0 0
lthumb 31.4114 27.7691 0
rclavicle -1.28026e-14 2.09241e-17 0
rhumerus -40.1329 37.5797 -94.4294
rradius 91.0754 0 0
rwrist 23.3413 0 0
rhand -1.91309 -15.3531 0
rfingers 7.12502 0 0
rthumb 23.7434 -763.704 0
495
root 5.19016 16.4351 -6.05786 -28.6824 80.9355 -35.182
lfemur -25.8438 -17.1026 -21.1081
ltibia 47.2303 0 0
lfoot -24.5482 -6.5076 0
ltoes 14.8123 0 0
rfemur -57.2528 6.52502 8.34213
rtibia 70.4174 0 0
rfoot 7.98211 10.9399 0
rtoes -15.8441 0 0
lowerback 6.06353 -0.205854 -1.08548
upperback 0.489663 -0.298355 1.21417
thorax -2.85438 -0.118306 1.88975
lowerneck -8.91203 -8.96736 -1.26823
upperneck 8.7709 -12.0169 1.52409
head 4.34151 -5.86921 -0.150016
lclavicle -1.26277e-14 -1.15086e-16 0
lhumerus -48.5138 -32.7681 115.122
lradius 55.7864 0 0
lwrist 4.78342 0 0
lhand 6.49677 0.680549 0
lfingers 7.12502 0 0
lthumb 31.7796 27.7477 0
rclavicle -1.26277e-14 -1.15086e-16 0
rhumerus -40.0326 38.0668 -94.5159
rradius 91.3836 0 0
rwrist 23.4995 0 0
rhand -1.49213 -15.2534 0
rfingers 7.12502 0 0
rthumb 24.149 -763.581 0
496
root 5.21651 16.4429 -6.00371 -29.1298 82.4813 -35.5864
lfemur -25.8102 -17.4614 -21.3578
ltibia 47.1239 0 0
lfoot -24.5885 -6.68694 0
ltoes 15.1235 0 0
rfemur -57.5508 6.56834 8.40294
rtibia 70.7441 0 0
rfoot 8.01743 11.0719 0
rtoes -15.8649 0 0
lowerback 6.05631 -0.243529 -1.1436
upperback 0.467721 -0.351172 1.24229
thorax -2.87571 -0.144232 1.95533
lowerneck -8.94681 -9.14797 -1.41542
upperneck 8.83627 -12.2491 1.57983
head 4.36352 -5.9843 -0.120897
lclavicle -1.24528e-14 -2.51097e-16 0
lhumerus -48.5818 -32.9096 115.39
lradius 55.8842 0 0
lwrist 4.67488 0 0
lhand 6.88016 0.699047 0
lfingers 7.12502 0 0
lthumb 32.1477 27.7262 0
rclavicle -1.24528e-14 -2.51097e-16 0
rhumerus -39.9324 38.554 -94.6024
rradius 91.6918 0 0
rwrist 23.6577 0 0
rhand -1.07117 -15.1537 0
rfingers 7.12502 0 0
rthumb 24.5546 -763.459 0
497
root 5.24286 16.4508 -5.94957 -29.5772 84.0271 -35.9909
lfemur -25.7765 -17.8201 -21.6075
ltibia 47.0174 0 0
lfoot -24.6289 -6.86629 0
ltoes 15.4347 0 0
rfemur -57.8489 6.61167 8.46376
rtibia 71.0708 0 0
rfoot 8.05276 11.2039 0
rtoes -15.8858 0 0
lowerback 6.04909 -0.281204 -1.20173
upperback 0.44578 -0.40399 1.27041
thorax -2.89704 -0.170157 2.0209
lowerneck -8.98158 -9.32857 -1.56261
upperneck 8.90163 -12.4813 1.63558
head 4.38553 -6.09938 -0.0917779
lclavicle -1.22779e-14 -3.87107e-16 0
lhumerus -48.6498 -33.0511 115.658
lradius 55.982 0 0
lwrist 4.56634 0 0
lhand 7.26355 0.717544 0
lfingers 7.12502 0 0
lthumb 32.5159 27.7047 0
rclavicle -1.22779e-14 -3.87107e-16 0
rhumerus -39.8322 39.0411 -94.6889
rradius 92 0 0
rwrist 23.8159 0 0
rhand -0.650211 -15.0539 0
rfingers 7.12502 0 0
rthumb 24.9602 -763.337 0
498
root 5.26922 16.4586 -5.89543 -30.0246 85.5729 -36.3953
lfemur -25.7429 -18.1788 -21.8572
ltibia 46.911 0 0
lfoot -24.6693 -7.04563 0
ltoes 15.7458 0 0
rfemur -58.147 6.65499 8.52457
rtibia 71.3975 0 0
rfoot 8.08809 11.336 0
rtoes -15.9066 0 0
lowerback 6.04187 -0.318879 -1.25985
upperback 0.423839 -0.456808 1.29853
thorax -2.91838 -0.196083 2.08648
lowerneck -9.01636 -9.50917 -1.70981
upperneck 8.96699 -12.7134 1.69132
head 4.40754 -6.21446 -0.0626588
lclavicle -1.21029e-14 -5.23118e-16 0
lhumerus -48.7177 -33.1926 115.926
lradius 56.0798 0 0
lwrist 4.45781 0 0
lhand 7.64694 0.736042 0
lfingers 7.12502 0 0
lthumb 32.884 27.6832 0
rclavicle -1.21029e-14 -5.23118e-16 0
rhumerus -39.732 39.5283 -94.7754
rradius 92.3082 0 0
rwrist 23.9741 0 0
rhand -0.229252 -14.9542 0
rfingers 7.12502 0 0
rthumb 25.3659 -763.215 0
499
root 5.29557 16.4665 -5.84128 -30.472 87.1186 -36.7998
lfemur -25.7092 -18.5376 -22.1069
ltibia 46.8046 0 0
lfoot -24.7097 -7.22498 0
ltoes 16.057 0 0
rfemur -58.445 6.69832 8.58539
rtibia 71.7243 0 0
rfoot 8.12342 11.468 0
rtoes -15.9275 0 0
lowerback 6.03465 -0.356554 -1.31797
upperback 0.401897 -0.509625 1.32666
thorax -2.93971 -0.222008 2.15205
lowerneck -9.05114 -9.68978 -1.857
upperneck 9.03235 -12.9456 1.74706
head 4.42955 -6.32954 -0.0335398
lclavicle -1.1928e-14 -6.59128e-16 0
lhumerus -48.7857 -33.334 116.194
lradius 56.1775 0 0
lwrist 4.34927 0 0
lhand 8.03033 0.754539 0
lfingers 7.12502 0 0
lthumb 33.2522 27.6618 0
rclavicle -1.1928e-14 -6.59128e-16 0
rhumerus -39.6317 40.0154 -94.8619
rradius 92.6164 0 0
rwrist 24.1323 0 0
rhand 0.191706 -14.8545 0
rfingers 7.12502 0 0
rthumb 25.7715 -763.092 0
500
root 5.32192 16.4743 -5.78714 -30.9194 88.6644 -37.2042
lfemur -25.6756 -18.8963 -22.3566
ltibia 46.6982 0 0
lfoot -24.7501 -7.40432 0
ltoes 16.3682 0 0
rfemur -58.7431 6.74164 8.6462
rtibia 72.051 0 0
rfoot 8.15875 11.6 0
rtoes -15.9483 0 0
lowerback 6.02743 -0.394229 -1.37609
upperback 0.379956 -0.562443 1.35478
thorax -2.96104 -0.247934 2.21763
lowerneck -9.08592 -9.87038 -2.00419
upperneck 9.09771 -13.1778 1.80281
head 4.45156 -6.44462 -0.00442069
lclavicle -1.17531e-14 -7.95139e-16 0
lhumerus -48.8537 -33.4755 116.462
lradius 56.2753 0 0
lwrist 4.24073 0 0
lhand 8.41372 0.773037 0
lfingers 7.12502 0 0
lthumb 33.6203 27.6403 0
rclavicle -1.17531e-14 -7.95139e-16 0
rhumerus -39.5315 40.5026 -94.9484
rradius 92.9246 0 0
rwrist 24.2905 0 0
rhand 0.612665 -14.7548 0
rfingers 7.12502 0 0
rthumb 26.1771 -762.97 0
501
root 5.38262 16.4675 -5.72667 -99.7233 89.0547 -105.786
lfemur -25.4084 -18.9092 -22.2939
ltibia 47.1687 0 0
lfoot -25.0138 -7.62975 0
ltoes 15.6556 0 0
rfemur -58.9857 6.9689 8.24345
rtibia 70.7219 0 0
rfoot 7.93546 11.25 0
rtoes -16.1388 0 0
lowerback 6.38393 -0.348886 -1.35466
upperback 0.470518 -0.496259 1.48019
thorax -3.06954 -0.212637 2.33295
lowerneck -9.11718 -10.0906 -2.17916
upperneck 9.44633 -13.4651 1.86556
head 4.58559 -6.5815 0.00490397
lclavicle 1.88845e-15 2.98177e-15 0
lhumerus -48.7579 -33.7526 116.751
lradius 56.3329 0 0
lwrist 4.41023 0 0
lhand 8.51103 0.72498 0
lfingers 7.12502 0 0
lthumb 33.7128 27.572 0
rclavicle 1.88845e-15 2.98177e-15 0
rhumerus -37.7269 42.5791 -93.568
rradius 95.5372 0 0
rwrist 22.1843 0 0
rhand 2.17309 -14.0028 0
rfingers 7.12502 0 0
rthumb 27.6701 -761.988 0
502
root 5.44209 16.4594 -5.66718 -141.464 88.1169 -147.305
lfemur -25.1723 -18.814 -22.2697
ltibia 47.7119 0 0
lfoot -25.2252 -7.69817 0
ltoes 14.8111 0 0
rfemur -59.1278 7.11862 7.85168
rtibia 69.3756 0 0
rfoot 7.95175 10.7468 0
rtoes -16.2542 0 0
lowerback 6.74902 -0.293557 -1.3065
upperback 0.572519 -0.413335 1.61501
thorax -3.17212 -0.169161 2.44105
lowerneck -9.13175 -10.3295 -2.36748
upperneck 9.78536 -13.7767 1.93609
head 4.71683 -6.73031 0.0168942
lclavicle -3.97569e-16 -7.95139e-15 0
lhumerus -48.6365 -34.0293 117.02
lradius 56.3903 0 0
lwrist 4.62031 0 0
lhand 8.55565 0.67326 0
lfingers 7.12502 0 0
lthumb 33.7552 27.511 0
rclavicle -3.97569e-16 -7.95139e-15 0
rhumerus -35.6426 44.3886 -91.8271
rradius 98.1819 0 0
rwrist 19.4469 0 0
rhand 3.7269 -13.2975 0
rfingers 7.12502 0 0
rthumb 29.1549 -761.034 0
503
root 5.45093 16.4585 -5.64184 -140.785 88.1071 -146.621
lfemur -25.0839 -18.4905 -22.2325
ltibia 47.6812 0 0
lfoot -25.2973 -7.47188 0
ltoes 14.6473 0 0
rfemur -58.9692 6.9133 7.93989
rtibia 69.2086 0 0
rfoot 7.94824 10.7265 0
rtoes -16.3226 0 0
lowerback 6.72318 -0.304216 -1.35552
upperback 0.588108 -0.4293 1.62011
thorax -3.13894 -0.177946 2.47442
lowerneck -9.09059 -10.3596 -2.38334
upperneck 9.81758 -13.824 1.98782
head 4.72746 -6.75043 0.0316638
lclavicle -4.31252e-16 -7.82549e-15 0
lhumerus -48.3676 -33.9542 116.665
lradius 56.3563 0 0
lwrist 4.84375 0 0
lhand 8.24574 0.638451 0
lfingers 7.12502 0 0
lthumb 33.4577 27.5098 0
rclavicle -4.31252e-16 -7.82549e-15 0
rhumerus -34.9728 44.078 -91.6193
rradius 98.5747 0 0
rwrist 18.7326 0 0
rhand 3.3901 -13.3678 0
rfingers 7.12502 0 0
rthumb 28.8307 -761.129 0
504
root 5.45977 16.4577 -5.61649 -140.106 88.0973 -145.937
lfemur -24.9954 -18.167 -22.1953
ltibia 47.6506 0 0
lfoot -25.3693 -7.24559 0
ltoes 14.4835 0 0
rfemur -58.8105 6.70798 8.0281
rtibia 69.0417 0 0
rfoot 7.94472 10.7062 0
rtoes -16.391 0 0
lowerback 6.69735 -0.314876 -1.40455
upperback 0.603697 -0.445264 1.62521
thorax -3.10575 -0.186731 2.50779
lowerneck -9.04944 -10.3896 -2.3992
upperneck 9.8498 -13.8712 2.03955
head 4.73808 -6.77056 0.0464334
lclavicle -4.64935e-16 -7.6996e-15 0
lhumerus -48.0987 -33.8791 116.31
lradius 56.3222 0 0
lwrist 5.0672 0 0
lhand 7.93582 0.603641 0
lfingers 7.12502 0 0
lthumb 33.1602 27.5087 0
rclavicle -4.64935e-16 -7.6996e-15 0
rhumerus -34.3029 43.7675 -91.4115
rradius 98.9675 0 0
rwrist 18.0183 0 0
rhand 3.0533 -13.438 0
rfingers 7.12502 0 0
rthumb 28.5066 -761.224 0
505
root 5.46861 16.4568 -5.59115 -139.427 88.0875 -145.253
lfemur -24.907 -17.8435 -22.1581
ltibia 47.6199 0 0
lfoot -25.4414 -7.0193 0
ltoes 14.3197 0 0
rfemur -58.6519 6.50265 8.11631
rtibia 68.8747 0 0
rfoot 7.94121 10.6859 0
rtoes -16.4593 0 0
lowerback 6.67151 -0.325535 -1.45357
upperback 0.619286 -0.461229 1.63032
thorax -3.07257 -0.195517 2.54117
lowerneck -9.00828 -10.4197 -2.41506
upperneck 9.88201 -13.9185 2.09129
head 4.74871 -6.79068 0.0612031
lclavicle -4.98618e-16 -7.5737e-15 0
lhumerus -47.8297 -33.804 115.956
lradius 56.2882 0 0
lwrist 5.29064 0 0
lhand 7.62591 0.568832 0
lfingers 7.12502 0 0
lthumb 32.8627 27.5075 0
rclavicle -4.98618e-16 -7.5737e-15 0
rhumerus -33.6331 43.4569 -91.2038
rradius 99.3603 0 0
rwrist 17.304 0 0
rhand 2.71651 -13.5083 0
rfingers 7.12502 0 0
rthumb 28.1824 -761.32 0
506
root 5.47746 16.456 -5.56581 -138.749 88.0776 -144.569
lfemur -24.8186 -17.52 -22.1208
ltibia 47.5892 0 0
lfoot -25.5134 -6.79302 0
ltoes 14.1559 0 0
rfemur -58.4932 6.29733 8.20452
rtibia 68.7077 0 0
rfoot 7.93769 10.6656 0
rtoes -16.5277 0 0
lowerback 6.64567 -0.336194 -1.50259
upperback 0.634875 -0.477194 1.63542
thorax -3.03939 -0.204302 2.57454
lowerneck -8.96713 -10.4498 -2.43092
upperneck 9.91423 -13.9657 2.14302
head 4.75933 -6.81081 0.0759727
lclavicle -5.32301e-16 -7.4478e-15 0
lhumerus -47.5608 -33.7289 115.601
lradius 56.2541 0 0
lwrist 5.51408 0 0
lhand 7.316 0.534022 0
lfingers 7.12502 0 0
lthumb 32.5652 27.5063 0
rclavicle -5.32301e-16 -7.4478e-15 0
rhumerus -32.9633 43.1464 -90.996
rradius 99.7531 0 0
rwrist 16.5897 0 0
rhand 2.37971 -13.5786 0
rfingers 7.12502 0 0
rthumb 27.8583 -761.415 0
507
root 5.4863 16.4551 -5.54047 -138.07 88.0678 -143.885
lfemur -24.7302 -17.1966 -22.0836
ltibia 47.5586 0 0
lfoot -25.5855 -6.56673 0
ltoes 13.9921 0 0
rfemur -58.3346 6.09201 8.29273
rtibia 68.5408 0 0
rfoot 7.93418 10.6453 0
rtoes -16.5961 0 0
lowerback 6.61983 -0.346854 -1.55161
upperback 0.650465 -0.493159 1.64052
thorax -3.0062 -0.213087 2.60791
lowerneck -8.92597 -10.4799 -2.44678
upperneck 9.94645 -14.013 2.19475
head 4.76996 -6.83093 0.0907423
lclavicle -5.65984e-16 -7.32191e-15 0
lhumerus -47.2919 -33.6538 115.246
lradius 56.2201 0 0
lwrist 5.73753 0 0
lhand 7.00609 0.499213 0
lfingers 7.12502 0 0
lthumb 32.2677 27.5051 0
rclavicle -5.65984e-16 -7.32191e-15 0
rhumerus -32.2935 42.8358 -90.7882
rradius 100.146 0 0
rwrist 15.8754 0 0
rhand 2.04291 -13.6489 0
rfingers 7.12502 0 0
rthumb 27.5341 -761.51 0
508
root 5.49514 16.4543 -5.51512 -137.391 88.058 -143.2
lfemur -24.6417 -16.8731 -22.0464
ltibia 47.5279 0 0
lfoot -25.6576 -6.34044 0
ltoes 13.8284 0 0
rfemur -58.1759 5.88669 8.38094
rtibia 68.3738 0 0
rfoot 7.93066 10.625 0
rtoes -16.6645 0 0
lowerback 6.594 -0.357513 -1.60064
upperback 0.666054 -0.509123 1.64562
thorax -2.97302 -0.221872 2.64128
lowerneck -8.88482 -10.5099 -2.46264
upperneck 9.97867 -14.0602 2.24648
head 4.78058 -6.85106 0.105512
lclavicle -5.99667e-16 -7.19601e-15 0
lhumerus -47.023 -33.5787 114.891
lradius 56.186 0 0
lwrist 5.96097 0 0
lhand 6.69617 0.464403 0
lfingers 7.12502 0 0
lthumb 31.9702 27.504 0
rclavicle -5.99667e-16 -7.19601e-15 0
rhumerus -31.6236 42.5253 -90.5804
rradius 100.539 0 0
rwrist 15.1612 0 0
rhand 1.70611 -13.7191 0
rfingers 7.12502 0 0
rthumb 27.21 -761.605 0
509
root 5.50398 16.4534 -5.48978 -136.712 88.0482 -142.516
lfemur -24.5533 -16.5496 -22.0092
ltibia 47.4972 0 0
lfoot -25.7296 -6.11415 0
ltoes 13.6646 0 0
rfemur -58.0173 5.68136 8.46915
rtibia 68.2068 0 0
rfoot 7.92715 10.6047 0
rtoes -16.7328 0 0
lowerback 6.56816 -0.368173 -1.64966
upperback 0.681643 -0.525088 1.65072
thorax -2.93983 -0.230658 2.67465
lowerneck -8.84366 -10.54 -2.4785
upperneck 10.0109 -14.1075 2.29821
head 4.79121 -6.87118 0.120282
lclavicle -6.3335e-16 -7.07011e-15 0
lhumerus -46.7541 -33.5035 114.536
lradius 56.152 0 0
lwrist 6.18441 0 0
lhand 6.38626 0.429594 0
lfingers 7.12502 0 0
lthumb 31.6727 27.5028 0
rclavicle -6.3335e-16 -7.07011e-15 0
rhumerus -30.9538 42.2147 -90.3726
rradius 100.932 0 0
rwrist 14.4469 0 0
rhand 1.36932 -13.7894 0
rfingers 7.12502 0 0
rthumb 26.8858 -761.7 0
510
root 5.51282 16.4525 -5.46444 -136.033 88.0384 -141.832
lfemur -24.4649 -16.2261 -21.972
ltibia 47.4666 0 0
lfoot -25.8017 -5.88786 0
ltoes 13.5008 0 0
rfemur -57.8586 5.47604 8.55736
rtibia 68.0398 0 0
rfoot 7.92363 10.5844 0
rtoes -16.8012 0 0
lowerback 6.54232 -0.378832 -1.69868
upperback 0.697232 -0.541053 1.65583
thorax -2.90665 -0.239443 2.70802
lowerneck -8.80251 -10.5701 -2.49436
upperneck 10.0431 -14.1547 2.34995
head 4.80183 -6.89131 0.135051
lclavicle -6.67033e-16 -6.94421e-15 0
lhumerus -46.4851 -33.4284 114.182
lradius 56.1179 0 0
lwrist 6.40786 0 0
lhand 6.07635 0.394784 0
lfingers 7.12502 0 0
lthumb 31.3752 27.5016 0
rclavicle -6.67033e-16 -6.94421e-15 0
rhumerus -30.284 41.9042 -90.1649
rradius 101.324 0 0
rwrist 13.7326 0 0
rhand 1.03252 -13.8597 0
rfingers 7.12502 0 0
rthumb 26.5617 -761.796 0
511
root 5.52166 16.4517 -5.43909 -135.354 88.0286 -141.148
lfemur -24.3765 -15.9026 -21.9348
ltibia 47.4359 0 0
lfoot -25.8737 -5.66157 0
ltoes 13.337 0 0
rfemur -57.7 5.27072 8.64557
rtibia 67.8729 0 0
rfoot 7.92012 10.5641 0
rtoes -16.8696 0 0
lowerback 6.51648 -0.389491 -1.74771
upperback 0.712821 -0.557018 1.66093
thorax -2.87347 -0.248228 2.7414
lowerneck -8.76135 -10.6001 -2.51023
upperneck 10.0753 -14.202 2.40168
head 4.81246 -6.91143 0.149821
lclavicle -7.00716e-16 -6.81832e-15 0
lhumerus -46.2162 -33.3533 113.827
lradius 56.0839 0 0
lwrist 6.6313 0 0
lhand 5.76644 0.359975 0
lfingers 7.12502 0 0
lthumb 31.0777 27.5004 0
rclavicle -7.00716e-16 -6.81832e-15 0
rhumerus -29.6142 41.5936 -89.9571
rradius 101.717 0 0
rwrist 13.0183 0 0
rhand 0.69572 -13.93 0
rfingers 7.12502 0 0
rthumb 26.2375 -761.891 0
512
root 5.5305 16.4508 -5.41375 -134.675 88.0188 -140.464
lfemur -24.288 -15.5791 -21.8975
ltibia 47.4052 0 0
lfoot -25.9458 -5.43528 0
ltoes 13.1732 0 0
rfemur -57.5414 5.0654 8.73378
rtibia 67.7059 0 0
rfoot 7.9166 10.5438 0
rtoes -16.938 0 0
lowerback 6.49065 -0.400151 -1.79673
upperback 0.72841 -0.572982 1.66603
thorax -2.84028 -0.257013 2.77477
lowerneck -8.7202 -10.6302 -2.52609
upperneck 10.1075 -14.2493 2.45341
head 4.82308 -6.93156 0.16459
lclavicle -7.34399e-16 -6.69242e-15 0
lhumerus -45.9473 -33.2782 113.472
lradius 56.0498 0 0
lwrist 6.85474 0 0
lhand 5.45652 0.325166 0
lfingers 7.12502 0 0
lthumb 30.7802 27.4993 0
rclavicle -7.34399e-16 -6.69242e-15 0
rhumerus -28.9443 41.2831 -89.7493
rradius 102.11 0 0
rwrist 12.304 0 0
rhand 0.358922 -14.0002 0
rfingers 7.12502 0 0
rthumb 25.9133 -761.986 0
513
root 5.53934 16.45 -5.38841 -133.997 88.009 -139.78
lfemur -24.1996 -15.2556 -21.8603
ltibia 47.3746 0 0
lfoot -26.0178 -5.209 0
ltoes 13.0094 0 0
rfemur -57.3827 4.86007 8.82199
rtibia 67.5389 0 0
rfoot 7.91309 10.5235 0
rtoes -17.0063 0 0
lowerback 6.46481 -0.41081 -1.84575
upperback 0.743999 -0.588947 1.67113
thorax -2.8071 -0.265798 2.80814
lowerneck -8.67904 -10.6603 -2.54195
upperneck 10.1398 -14.2965 2.50514
head 4.83371 -6.95168 0.17936
lclavicle -7.68082e-16 -6.56652e-15 0
lhumerus -45.6784 -33.2031 113.117
lradius 56.0158 0 0
lwrist 7.07819 0 0
lhand 5.14661 0.290356 0
lfingers 7.12502 0 0
lthumb 30.4827 27.4981 0
rclavicle -7.68082e-16 -6.56652e-15 0
rhumerus -28.2745 40.9725 -89.5415
rradius 102.503 0 0
rwrist 11.5897 0 0
rhand 0.0221244 -14.0705 0
rfingers 7.12502 0 0
rthumb 25.5892 -762.081 0
514
root 5.54819 16.4491 -5.36306 -133.318 87.9991 -139.096
lfemur -24.1112 -14.9321 -21.8231
ltibia 47.3439 0 0
lfoot -26.0899 -4.98271 0
ltoes 12.8456 0 0
rfemur -57.2241 4.65475 8.9102
rtibia 67.372 0 0
rfoot 7.90958 10.5032 0
rtoes -17.0747 0 0
lowerback 6.43897 -0.421469 -1.89478
upperback 0.759588 -0.604912 1.67623
thorax -2.77392 -0.274584 2.84151
lowerneck -8.63789 -10.6904 -2.55781
upperneck 10.172 -14.3438 2.55687
head 4.84433 -6.97181 0.19413
lclavicle -8.01765e-16 -6.44063e-15 0
lhumerus -45.4095 -33.128 112.762
lradius 55.9817 0 0
lwrist 7.30163 0 0
lhand 4.8367 0.255547 0
lfingers 7.12502 0 0
lthumb 30.1852 27.4969 0
rclavicle -8.01765e-16 -6.44063e-15 0
rhumerus -27.6047 40.662 -89.3337
rradius 102.896 0 0
rwrist 10.8754 0 0
rhand -0.314673 -14.1408 0
rfingers 7.12502 0 0
rthumb 25.265 -762.176 0
515
root 5.55703 16.4483 -5.33772 -132.639 87.9893 -138.412
lfemur -24.0227 -14.6087 -21.7859
ltibia 47.3132 0 0
lfoot -26.162 -4.75642 0
ltoes 12.6818 0 0
rfemur -57.0654 4.44943 8.99841
rtibia 67.205 0 0
rfoot 7.90606 10.4829 0
rtoes -17.1431 0 0
lowerback 6.41313 -0.432129 -1.9438
upperback 0.775178 -0.620876 1.68133
thorax -2.74073 -0.283369 2.87488
lowerneck -8.59673 -10.7204 -2.57367
upperneck 10.2042 -14.391 2.60861
head 4.85496 -6.99193 0.208899
lclavicle -8.35448e-16 -6.31473e-15 0
lhumerus -45.1406 -33.0529 112.408
lradius 55.9477 0 0
lwrist 7.52507 0 0
lhand 4.52678 0.220737 0
lfingers 7.12502 0 0
lthumb 29.8877 27.4957 0
rclavicle -8.35448e-16 -6.31473e-15 0
rhumerus -26.9349 40.3514 -89.126
rradius 103.288 0 0
rwrist 10.1611 0 0
rhand -0.651471 -14.211 0
rfingers 7.12502 0 0
rthumb 24.9409 -762.272 0
516
root 5.56587 16.4474 -5.31238 -131.96 87.9795 -137.728
lfemur -23.9343 -14.2852 -21.7487
ltibia 47.2826 0 0
lfoot -26.234 -4.53013 0
ltoes 12.518 0 0
rfemur -56.9068 4.24411 9.08662
rtibia 67.038 0 0
rfoot 7.90255 10.4626 0
rtoes -17.2115 0 0
lowerback 6.3873 -0.442788 -1.99282
upperback 0.790767 -0.636841 1.68644
thorax -2.70755 -0.292154 2.90825
lowerneck -8.55558 -10.7505 -2.58953
upperneck 10.2364 -14.4383 2.66034
head 4.86558 -7.01206 0.223669
lclavicle -8.69131e-16 -6.18883e-15 0
lhumerus -44.8716 -32.9778 112.053
lradius 55.9136 0 0
lwrist 7.74852 0 0
lhand 4.21687 0.185928 0
lfingers 7.12502 0 0
lthumb 29.5902 27.4946 0
rclavicle -8.69131e-16 -6.18883e-15 0
rhumerus -26.265 40.0409 -88.9182
rradius 103.681 0 0
rwrist 9.44684 0 0
rhand -0.988269 -14.2813 0
rfingers 7.12502 0 0
rthumb 24.6167 -762.367 0
517
root 5.57471 16.4466 -5.28703 -131.281 87.9697 -137.044
lfemur -23.8459 -13.9617 -21.7115
ltibia 47.2519 0 0
lfoot -26.3061 -4.30384 0
ltoes 12.3542 0 0
rfemur -56.7481 4.03878 9.17483
rtibia 66.8711 0 0
rfoot 7.89903 10.4423 0
rtoes -17.2798 0 0
lowerback 6.36146 -0.453448 -2.04184
upperback 0.806356 -0.652806 1.69154
thorax -2.67437 -0.300939 2.94163
lowerneck -8.51442 -10.7806 -2.60539
upperneck 10.2686 -14.4855 2.71207
head 4.87621 -7.03218 0.238438
lclavicle -9.02814e-16 -6.06293e-15 0
lhumerus -44.6027 -32.9027 111.698
lradius 55.8796 0 0
lwrist 7.97196 0 0
lhand 3.90696 0.151118 0
lfingers 7.12502 0 0
lthumb 29.2927 27.4934 0
rclavicle -9.02814e-16 -6.06293e-15 0
rhumerus -25.5952 39.7303 -88.7104
rradius 104.074 0 0
rwrist 8.73255 0 0
rhand -1.32507 -14.3516 0
rfingers 7.12502 0 0
rthumb 24.2926 -762.462 0
518
root 5.58355 16.4457 -5.26169 -130.602 87.9599 -136.36
lfemur -23.7575 -13.6382 -21.6742
ltibia 47.2213 0 0
lfoot -26.3781 -4.07755 0
ltoes 12.1904 0 0
rfemur -56.5895 3.83346 9.26304
rtibia 66.7041 0 0
rfoot 7.89552 10.422 0
rtoes -17.3482 0 0
lowerback 6.33562 -0.464107 -2.09087
upperback 0.821945 -0.668771 1.69664
thorax -2.64118 -0.309725 2.975
lowerneck -8.47327 -10.8107 -2.62125
upperneck 10.3009 -14.5328 2.7638
head 4.88683 -7.05231 0.253208
lclavicle -9.36497e-16 -5.93704e-15 0
lhumerus -44.3338 -32.8276 111.343
lradius 55.8455 0 0
lwrist 8.1954 0 0
lhand 3.59705 0.116309 0
lfingers 7.12502 0 0
lthumb 28.9952 27.4922 0
rclavicle -9.36497e-16 -5.93704e-15 0
rhumerus -24.9254 39.4197 -88.5026
rradius 104.467 0 0
rwrist 8.01826 0 0
rhand -1.66186 -14.4219 0
rfingers 7.12502 0 0
rthumb 23.9684 -762.557 0
519
root 5.59239 16.4448 -5.23635 -129.923 87.9501 -135.675
lfemur -23.669 -13.3147 -21.637
ltibia 47.1906 0 0
lfoot -26.4502 -3.85126 0
ltoes 12.0267 0 0
rfemur -56.4308 3.62814 9.35125
rtibia 66.5371 0 0
rfoot 7.892 10.4017 0
rtoes -17.4166 0 0
lowerback 6.30979 -0.474766 -2.13989
upperback 0.837534 -0.684735 1.70174
thorax -2.608 -0.31851 3.00837
lowerneck -8.43211 -10.8407 -2.63711
upperneck 10.3331 -14.58 2.81553
head 4.89746 -7.07243 0.267978
lclavicle -9.7018e-16 -5.81114e-15 0
lhumerus -44.0649 -32.7525 110.988
lradius 55.8115 0 0
lwrist 8.41884 0 0
lhand 3.28713 0.0814994 0
lfingers 7.12502 0 0
lthumb 28.6977 27.491 0
rclavicle -9.7018e-16 -5.81114e-15 0
rhumerus -24.2555 39.1092 -88.2948
rradius 104.86 0 0
rwrist 7.30397 0 0
rhand -1.99866 -14.4921 0
rfingers 7.12502 0 0
rthumb 23.6442 -762.652 0
520
root 5.60123 16.444 -5.21101 -129.245 87.9403 -134.991
lfemur -23.5806 -12.9912 -21.5998
ltibia 47.1599 0 0
lfoot -26.5223 -3.62498 0
ltoes 11.8629 0 0
rfemur -56.2722 3.42282 9.43946
rtibia 66.3701 0 0
rfoot 7.88849 10.3814 0
rtoes -17.485 0 0
lowerback 6.28395 -0.485426 -2.18891
upperback 0.853123 -0.7007 1.70684
thorax -2.57482 -0.327295 3.04174
lowerneck -8.39096 -10.8708 -2.65297
upperneck 10.3653 -14.6273 2.86727
head 4.90808 -7.09256 0.282747
lclavicle -1.00386e-15 -5.68524e-15 0
lhumerus -43.796 -32.6774 110.634
lradius 55.7774 0 0
lwrist 8.64229 0 0
lhand 2.97722 0.04669 0
lfingers 7.12502 0 0
lthumb 28.4002 27.4899 0
rclavicle -1.00386e-15 -5.68524e-15 0
rhumerus -23.5857 38.7986 -88.0871
rradius 105.252 0 0
rwrist 6.58968 0 0
rhand -2.33546 -14.5624 0
rfingers 7.12502 0 0
rthumb 23.3201 -762.748 0
521
root 5.61008 16.4431 -5.18566 -128.566 87.9304 -134.307
lfemur -23.4922 -12.6677 -21.5626
ltibia 47.1293 0 0
lfoot -26.5943 -3.39869 0
ltoes 11.6991 0 0
rfemur -56.1136 3.21749 9.52767
rtibia 66.2032 0 0
rfoot 7.88497 10.3611 0
rtoes -17.5533 0 0
lowerback 6.25811 -0.496085 -2.23794
upperback 0.868712 -0.716665 1.71195
thorax -2.54163 -0.33608 3.07511
lowerneck -8.3498 -10.9009 -2.66883
upperneck 10.3975 -14.6746 2.919
head 4.91871 -7.11268 0.297517
lclavicle -1.03755e-15 -5.55935e-15 0
lhumerus -43.527 -32.6023 110.279
lradius 55.7433 0 0
lwrist 8.86573 0 0
lhand 2.66731 0.0118806 0
lfingers 7.12502 0 0
lthumb 28.1027 27.4887 0
rclavicle -1.03755e-15 -5.55935e-15 0
rhumerus -22.9159 38.4881 -87.8793
rradius 105.645 0 0
rwrist 5.87539 0 0
rhand -2.67226 -14.6327 0
rfingers 7.12502 0 0
rthumb 22.9959 -762.843 0
522
root 5.61892 16.4423 -5.16032 -127.887 87.9206 -133.623
lfemur -23.4037 -12.3442 -21.5254
ltibia 47.0986 0 0
lfoot -26.6664 -3.1724 0
ltoes 11.5353 0 0
rfemur -55.9549 3.01217 9.61588
rtibia 66.0362 0 0
rfoot 7.88146 10.3408 0
rtoes -17.6217 0 0
lowerback 6.23227 -0.506744 -2.28696
upperback 0.884301 -0.732629 1.71705
thorax -2.50845 -0.344865 3.10848
lowerneck -8.30865 -10.9309 -2.68469
upperneck 10.4297 -14.7218 2.97073
head 4.92933 -7.13281 0.312287
lclavicle -1.07123e-15 -5.43345e-15 0
lhumerus -43.2581 -32.5271 109.924
lradius 55.7093 0 0
lwrist 9.08917 0 0
lhand 2.35739 -0.0229289 0
lfingers 7.12502 0 0
lthumb 27.8052 27.4875 0
rclavicle -1.07123e-15 -5.43345e-15 0
rhumerus -22.2461 38.1775 -87.6715
rradius 106.038 0 0
rwrist 5.1611 0 0
rhand -3.00906 -14.7029 0
rfingers 7.12502 0 0
rthumb 22.6718 -762.938 0
523
root 5.62776 16.4414 -5.13498 -127.208 87.9108 -132.939
lfemur -23.3153 -12.0208 -21.4881
ltibia 47.0679 0 0
lfoot -26.7384 -2.94611 0
ltoes 11.3715 0 0
rfemur -55.7963 2.80685 9.70409
rtibia 65.8692 0 0
rfoot 7.87794 10.3205 0
rtoes -17.6901 0 0
lowerback 6.20644 -0.517404 -2.33598
upperback 0.899891 -0.748594 1.72215
thorax -2.47526 -0.353651 3.14185
lowerneck -8.26749 -10.961 -2.70055
upperneck 10.4619 -14.7691 3.02246
head 4.93996 -7.15293 0.327056
lclavicle -1.10491e-15 -5.30755e-15 0
lhumerus -42.9892 -32.452 109.569
lradius 55.6752 0 0
lwrist 9.31262 0 0
lhand 2.04748 -0.0577383 0
lfingers 7.12502 0 0
lthumb 27.5077 27.4863 0
rclavicle -1.10491e-15 -5.30755e-15 0
rhumerus -21.5762 37.867 -87.4637
rradius 106.431 0 0
rwrist 4.44681 0 0
rhand -3.34585 -14.7732 0
rfingers 7.12502 0 0
rthumb 22.3476 -763.033 0
524
root 5.6366 16.4406 -5.10963 -126.529 87.901 -132.255
lfemur -23.2269 -11.6973 -21.4509
ltibia 47.0373 0 0
lfoot -26.8105 -2.71982 0
ltoes 11.2077 0 0
rfemur -55.6376 2.60153 9.7923
rtibia 65.7023 0 0
rfoot 7.87443 10.3002 0
rtoes -17.7585 0 0
lowerback 6.1806 -0.528063 -2.38501
upperback 0.91548 -0.764559 1.72725
thorax -2.44208 -0.362436 3.17523
lowerneck -8.22634 -10.9911 -2.71641
upperneck 10.4942 -14.8163 3.07419
head 4.95058 -7.17306 0.341826
lclavicle -1.1386e-15 -5.18166e-15 0
lhumerus -42.7203 -32.3769 109.214
lradius 55.6412 0 0
lwrist 9.53606 0 0
lhand 1.73757 -0.0925478 0
lfingers 7.12502 0 0
lthumb 27.2102 27.4852 0
rclavicle -1.1386e-15 -5.18166e-15 0
rhumerus -20.9064 37.5564 -87.2559
rradius 106.824 0 0
rwrist 3.73252 0 0
rhand -3.68265 -14.8435 0
rfingers 7.12502 0 0
rthumb 22.0235 -763.128 0
525
root 5.64544 16.4397 -5.08429 -125.85 87.8912 -131.571
lfemur -23.1385 -11.3738 -21.4137
ltibia 47.0066 0 0
lfoot -26.8826 -2.49353 0
ltoes 11.0439 0 0
rfemur -55.479 2.3962 9.88052
rtibia 65.5353 0 0
rfoot 7.87092 10.2799 0
rtoes -17.8268 0 0
lowerback 6.15476 -0.538722 -2.43403
upperback 0.931069 -0.780524 1.73235
thorax -2.4089 -0.371221 3.2086
lowerneck -8.18518 -11.0212 -2.73227
upperneck 10.5264 -14.8636 3.12593
head 4.96121 -7.19318 0.356595
lclavicle -1.17228e-15 -5.05576e-15 0
lhumerus -42.4514 -32.3018 108.859
lradius 55.6072 0 0
lwrist 9.7595 0 0
lhand 1.42766 -0.127357 0
lfingers 7.12502 0 0
lthumb 26.9127 27.484 0
rclavicle -1.17228e-15 -5.05576e-15 0
rhumerus -20.2366 37.2459 -87.0482
rradius 107.216 0 0
rwrist 3.01823 0 0
rhand -4.01945 -14.9138 0
rfingers 7.12502 0 0
rthumb 21.6993 -763.224 0
526
root 5.65428 16.4388 -5.05895 -125.171 87.8814 -130.887
lfemur -23.05 -11.0503 -21.3765
ltibia 46.9759 0 0
lfoot -26.9546 -2.26724 0
ltoes 10.8801 0 0
rfemur -55.3203 2.19088 9.96873
rtibia 65.3683 0 0
rfoot 7.8674 10.2596 0
rtoes -17.8952 0 0
lowerback 6.12892 -0.549382 -2.48305
upperback 0.946658 -0.796488 1.73746
thorax -2.37571 -0.380006 3.24197
lowerneck -8.14402 -11.0512 -2.74813
upperneck 10.5586 -14.9108 3.17766
head 4.97183 -7.21331 0.371365
lclavicle -1.20596e-15 -4.92986e-15 0
lhumerus -42.1824 -32.2267 108.505
lradius 55.5731 0 0
lwrist 9.98295 0 0
lhand 1.11774 -0.162167 0
lfingers 7.12502 0 0
lthumb 26.6152 27.4828 0
rclavicle -1.20596e-15 -4.92986e-15 0
rhumerus -19.5668 36.9353 -86.8404
rradius 107.609 0 0
rwrist 2.30394 0 0
rhand -4.35625 -14.984 0
rfingers 7.12502 0 0
rthumb 21.3752 -763.319 0
527
root 5.66312 16.438 -5.0336 -124.493 87.8716 -130.203
lfemur -22.9616 -10.7268 -21.3393
ltibia 46.9453 0 0
lfoot -27.0267 -2.04096 0
ltoes 10.7163 0 0
rfemur -55.1617 1.98556 10.0569
rtibia 65.2014 0 0
rfoot 7.86389 10.2393 0
rtoes -17.9636 0 0
lowerback 6.10309 -0.560041 -2.53207
upperback 0.962247 -0.812453 1.74256
thorax -2.34253 -0.388792 3.27534
lowerneck -8.10287 -11.0813 -2.76399
upperneck 10.5908 -14.9581 3.22939
head 4.98246 -7.23343 0.386135
lclavicle -1.23964e-15 -4.80396e-15 0
lhumerus -41.9135 -32.1516 108.15
lradius 55.5391 0 0
lwrist 10.2064 0 0
lhand 0.807831 -0.196976 0
lfingers 7.12502 0 0
lthumb 26.3177 27.4816 0
rclavicle -1.23964e-15 -4.80396e-15 0
rhumerus -18.8969 36.6248 -86.6326
rradius 108.002 0 0
rwrist 1.58965 0 0
rhand -4.69304 -15.0543 0
rfingers 7.12502 0 0
rthumb 21.051 -763.414 0
528
root 5.67196 16.4371 -5.00826 -123.814 87.8618 -129.519
lfemur -22.8732 -10.4033 -21.3021
ltibia 46.9146 0 0
lfoot -27.0987 -1.81467 0
ltoes 10.5525 0 0
rfemur -55.003 1.78024 10.1451
rtibia 65.0344 0 0
rfoot 7.86037 10.219 0
rtoes -18.032 0 0
lowerback 6.07725 -0.570701 -2.5811
upperback 0.977836 -0.828418 1.74766
thorax -2.30935 -0.397577 3.30871
lowerneck -8.06171 -11.1114 -2.77985
upperneck 10.623 -15.0053 3.28112
head 4.99308 -7.25356 0.400904
lclavicle -1.27333e-15 -4.67807e-15 0
lhumerus -41.6446 -32.0765 107.795
lradius 55.505 0 0
lwrist 10.4298 0 0
lhand 0.497918 -0.231786 0
lfingers 7.12502 0 0
lthumb 26.0202 27.4805 0
rclavicle -1.27333e-15 -4.67807e-15 0
rhumerus -18.2271 36.3142 -86.4248
rradius 108.395 0 0
rwrist 0.87536 0 0
rhand -5.02984 -15.1246 0
rfingers 7.12502 0 0
rthumb 20.7268 -763.509 0
529
root 5.68081 16.4363 -4.98292 -123.135 87.8519 -128.835
lfemur -22.7847 -10.0798 -21.2648
ltibia 46.8839 0 0
lfoot -27.1708 -1.58838 0
ltoes 10.3887 0 0
rfemur -54.8444 1.57491 10.2334
rtibia 64.8674 0 0
rfoot 7.85686 10.1987 0
rtoes -18.1003 0 0
lowerback 6.05141 -0.58136 -2.63012
upperback 0.993425 -0.844383 1.75276
thorax -2.27616 -0.406362 3.34208
lowerneck -8.02056 -11.1414 -2.79571
upperneck 10.6553 -15.0526 3.33285
head 5.00371 -7.27368 0.415674
lclavicle -1.30701e-15 -4.55217e-15 0
lhumerus -41.3757 -32.0014 107.44
lradius 55.471 0 0
lwrist 10.6533 0 0
lhand 0.188005 -0.266595 0
lfingers 7.12502 0 0
lthumb 25.7227 27.4793 0
rclavicle -1.30701e-15 -4.55217e-15 0
rhumerus -17.5573 36.0037 -86.217
rradius 108.788 0 0
rwrist 0.16107 0 0
rhand -5.36664 -15.1948 0
rfingers 7.12502 0 0
rthumb 20.4027 -763.604 0
530
root 5.68965 16.4354 -4.95758 -122.456 87.8421 -128.151
lfemur -22.6963 -9.75634 -21.2276
ltibia 46.8533 0 0
lfoot -27.2428 -1.36209 0
ltoes 10.225 0 0
rfemur -54.6858 1.36959 10.3216
rtibia 64.7004 0 0
rfoot 7.85334 10.1784 0
rtoes -18.1687 0 0
lowerback 6.02557 -0.592019 -2.67914
upperback 1.00901 -0.860347 1.75786
thorax -2.24298 -0.415147 3.37546
lowerneck -7.9794 -11.1715 -2.81158
upperneck 10.6875 -15.0999 3.38459
head 5.01433 -7.29381 0.430444
lclavicle -1.34069e-15 -4.42627e-15 0
lhumerus -41.1068 -31.9263 107.085
lradius 55.4369 0 0
lwrist 10.8767 0 0
lhand -0.121908 -0.301404 0
lfingers 7.12502 0 0
lthumb 25.4252 27.4781 0
rclavicle -1.34069e-15 -4.42627e-15 0
rhumerus -16.8875 35.6931 -86.0093
rradius 109.18 0 0
rwrist -0.55322 0 0
rhand -5.70344 -15.2651 0
rfingers 7.12502 0 0
rthumb 20.0785 -763.7 0
531
root 5.69849 16.4346 -4.93223 -121.777 87.8323 -127.466
lfemur -22.6079 -9.43285 -21.1904
ltibia 46.8226 0 0
lfoot -27.3149 -1.1358 0
ltoes 10.0612 0 0
rfemur -54.5271 1.16427 10.4098
rtibia 64.5335 0 0
rfoot 7.84983 10.1581 0
rtoes -18.2371 0 0
lowerback 5.99974 -0.602679 -2.72817
upperback 1.0246 -0.876312 1.76296
thorax -2.2098 -0.423932 3.40883
lowerneck -7.93825 -11.2016 -2.82744
upperneck 10.7197 -15.1471 3.43632
head 5.02496 -7.31393 0.445213
lclavicle -1.37438e-15 -4.30038e-15 0
lhumerus -40.8379 -31.8512 106.731
lradius 55.4029 0 0
lwrist 11.1002 0 0
lhand -0.431821 -0.336214 0
lfingers 7.12502 0 0
lthumb 25.1277 27.4769 0
rclavicle -1.37438e-15 -4.30038e-15 0
rhumerus -16.2176 35.3826 -85.8015
rradius 109.573 0 0
rwrist -1.26751 0 0
rhand -6.04024 -15.3354 0
rfingers 7.12502 0 0
rthumb 19.7544 -763.795 0
532
root 5.70733 16.4337 -4.90689 -121.098 87.8225 -126.782
lfemur -22.5195 -9.10937 -21.1532
ltibia 46.7919 0 0
lfoot -27.387 -0.909513 0
ltoes 9.89737 0 0
rfemur -54.3685 0.958947 10.498
rtibia 64.3665 0 0
rfoot 7.84631 10.1378 0
rtoes -18.3055 0 0
lowerback 5.9739 -0.613338 -2.77719
upperback 1.04019 -0.892277 1.76807
thorax -2.17661 -0.432718 3.4422
lowerneck -7.89709 -11.2317 -2.8433
upperneck 10.7519 -15.1944 3.48805
head 5.03558 -7.33406 0.459983
lclavicle -1.40806e-15 -4.17448e-15 0
lhumerus -40.5689 -31.7761 106.376
lradius 55.3688 0 0
lwrist 11.3236 0 0
lhand -0.741733 -0.371023 0
lfingers 7.12502 0 0
lthumb 24.8303 27.4758 0
rclavicle -1.40806e-15 -4.17448e-15 0
rhumerus -15.5478 35.072 -85.5937
rradius 109.966 0 0
rwrist -1.9818 0 0
rhand -6.37703 -15.4057 0
rfingers 7.12502 0 0
rthumb 19.4302 -763.89 0
533
root 5.71617 16.4328 -4.88155 -120.42 87.8127 -126.098
lfemur -22.431 -8.78588 -21.116
ltibia 46.7613 0 0
lfoot -27.459 -0.683225 0
ltoes 9.73358 0 0
rfemur -54.2098 0.753624 10.5862
rtibia 64.1995 0 0
rfoot 7.8428 10.1175 0
rtoes -18.3738 0 0
lowerback 5.94806 -0.623997 -2.82621
upperback 1.05578 -0.908241 1.77317
thorax -2.14343 -0.441503 3.47557
lowerneck -7.85594 -11.2617 -2.85916
upperneck 10.7841 -15.2416 3.53978
head 5.04621 -7.35418 0.474752
lclavicle -1.44174e-15 -4.04858e-15 0
lhumerus -40.3 -31.701 106.021
lradius 55.3347 0 0
lwrist 11.547 0 0
lhand -1.05165 -0.405833 0
lfingers 7.12502 0 0
lthumb 24.5328 27.4746 0
rclavicle -1.44174e-15 -4.04858e-15 0
rhumerus -14.878 34.7614 -85.3859
rradius 110.359 0 0
rwrist -2.69609 0 0
rhand -6.71383 -15.4759 0
rfingers 7.12502 0 0
rthumb 19.1061 -763.985 0
534
root 5.72501 16.432 -4.8562 -119.741 87.8029 -125.414
lfemur -22.3426 -8.46239 -21.0788
ltibia 46.7306 0 0
lfoot -27.5311 -0.456936 0
ltoes 9.56979 0 0
rfemur -54.0512 0.548302 10.6744
rtibia 64.0326 0 0
rfoot 7.83928 10.0972 0
rtoes -18.4422 0 0
lowerback 5.92223 -0.634657 -2.87524
upperback 1.07137 -0.924206 1.77827
thorax -2.11024 -0.450288 3.50894
lowerneck -7.81478 -11.2918 -2.87502
upperneck 10.8163 -15.2889 3.59151
head 5.05683 -7.37431 0.489522
lclavicle -1.47543e-15 -3.92269e-15 0
lhumerus -40.0311 -31.6259 105.666
lradius 55.3007 0 0
lwrist 11.7705 0 0
lhand -1.36156 -0.440642 0
lfingers 7.12502 0 0
lthumb 24.2353 27.4734 0
rclavicle -1.47543e-15 -3.92269e-15 0
rhumerus -14.2081 34.4509 -85.1781
rradius 110.752 0 0
rwrist -3.41038 0 0
rhand -7.05063 -15.5462 0
rfingers 7.12502 0 0
rthumb 18.7819 -764.08 0
535
root 5.73385 16.4311 -4.83086 -119.062 87.7931 -124.73
lfemur -22.2542 -8.1389 -21.0416
ltibia 46.6999 0 0
lfoot -27.6031 -0.230648 0
ltoes 9.406 0 0
rfemur -53.8925 0.342979 10.7626
rtibia 63.8656 0 0
rfoot 7.83577 10.0769 0
rtoes -18.5106 0 0
lowerback 5.89639 -0.645316 -2.92426
upperback 1.08696 -0.940171 1.78337
thorax -2.07706 -0.459073 3.54231
lowerneck -7.77363 -11.3219 -2.89088
upperneck 10.8486 -15.3361 3.64325
head 5.06746 -7.39443 0.504292
lclavicle -1.50911e-15 -3.79679e-15 0
lhumerus -39.7622 -31.5507 105.311
lradius 55.2666 0 0
lwrist 11.9939 0 0
lhand -1.67147 -0.475452 0
lfingers 7.12502 0 0
lthumb 23.9378 27.4722 0
rclavicle -1.50911e-15 -3.79679e-15 0
rhumerus -13.5383 34.1403 -84.9704
rradius 111.144 0 0
rwrist -4.12467 0 0
rhand -7.38743 -15.6165 0
rfingers 7.12502 0 0
rthumb 18.4578 -764.176 0
536
root 5.7427 16.4303 -4.80552 -118.383 87.7832 -124.046
lfemur -22.1658 -7.81542 -21.0043
ltibia 46.6693 0 0
lfoot -27.6752 -0.00435911 0
ltoes 9.24221 0 0
rfemur -53.7339 0.137657 10.8508
rtibia 63.6986 0 0
rfoot 7.83226 10.0566 0
rtoes -18.579 0 0
lowerback 5.87055 -0.655975 -2.97328
upperback 1.10255 -0.956136 1.78847
thorax -2.04388 -0.467859 3.57569
lowerneck -7.73247 -11.352 -2.90674
upperneck 10.8808 -15.3834 3.69498
head 5.07808 -7.41456 0.519061
lclavicle -1.54279e-15 -3.67089e-15 0
lhumerus -39.4933 -31.4756 104.957
lradius 55.2326 0 0
lwrist 12.2174 0 0
lhand -1.98138 -0.510261 0
lfingers 7.12502 0 0
lthumb 23.6403 27.4711 0
rclavicle -1.54279e-15 -3.67089e-15 0
rhumerus -12.8685 33.8298 -84.7626
rradius 111.537 0 0
rwrist -4.83896 0 0
rhand -7.72422 -15.6868 0
rfingers 7.12502 0 0
rthumb 18.1336 -764.271 0
537
root 5.75154 16.4294 -4.78017 -117.704 87.7734 -123.362
lfemur -22.0773 -7.49193 -20.9671
ltibia 46.6386 0 0
lfoot -27.7473 0.221929 0
ltoes 9.07842 0 0
rfemur -53.5752 -0.0676656 10.939
rtibia 63.5317 0 0
rfoot 7.82874 10.0363 0
rtoes -18.6473 0 0
lowerback 5.84471 -0.666635 -3.02231
upperback 1.11814 -0.9721 1.79358
thorax -2.01069 -0.476644 3.60906
lowerneck -7.69132 -11.382 -2.9226
upperneck 10.913 -15.4306 3.74671
head 5.08871 -7.43468 0.533831
lclavicle -1.57647e-15 -3.54499e-15 0
lhumerus -39.2243 -31.4005 104.602
lradius 55.1985 0 0
lwrist 12.4408 0 0
lhand -2.2913 -0.545071 0
lfingers 7.12502 0 0
lthumb 23.3428 27.4699 0
rclavicle -1.57647e-15 -3.54499e-15 0
rhumerus -12.1987 33.5192 -84.5548
rradius 111.93 0 0
rwrist -5.55325 0 0
rhand -8.06102 -15.757 0
rfingers 7.12502 0 0
rthumb 17.8094 -764.366 0
538
root 5.76038 16.4286 -4.75483 -117.025 87.7636 -122.678
lfemur -21.9889 -7.16844 -20.9299
ltibia 46.6079 0 0
lfoot -27.8193 0.448218 0
ltoes 8.91463 0 0
rfemur -53.4166 -0.272988 11.0272
rtibia 63.3647 0 0
rfoot 7.82523 10.016 0
rtoes -18.7157 0 0
lowerback 5.81888 -0.677294 -3.07133
upperback 1.13373 -0.988065 1.79868
thorax -1.97751 -0.485429 3.64243
lowerneck -7.65016 -11.4121 -2.93846
upperneck 10.9452 -15.4779 3.79844
head 5.09933 -7.45481 0.548601
lclavicle -1.61016e-15 -3.4191e-15 0
lhumerus -38.9554 -31.3254 104.247
lradius 55.1645 0 0
lwrist 12.6643 0 0
lhand -2.60121 -0.57988 0
lfingers 7.12502 0 0
lthumb 23.0453 27.4687 0
rclavicle -1.61016e-15 -3.4191e-15 0
rhumerus -11.5288 33.2087 -84.347
rradius 112.323 0 0
rwrist -6.26754 0 0
rhand -8.39782 -15.8273 0
rfingers 7.12502 0 0
rthumb 17.4853 -764.461 0
539
root 5.76922 16.4277 -4.72949 -116.346 87.7538 -121.994
lfemur -21.9005 -6.84495 -20.8927
ltibia 46.5773 0 0
lfoot -27.8914 0.674507 0
ltoes 8.75084 0 0
rfemur -53.258 -0.47831 11.1155
rtibia 63.1977 0 0
rfoot 7.82171 9.99573 0
rtoes -18.7841 0 0
lowerback 5.79304 -0.687954 -3.12035
upperback 1.14932 -1.00403 1.80378
thorax -1.94433 -0.494214 3.6758
lowerneck -7.60901 -11.4422 -2.95432
upperneck 10.9774 -15.5252 3.85017
head 5.10996 -7.47493 0.56337
lclavicle -1.64384e-15 -3.2932e-15 0
lhumerus -38.6865 -31.2503 103.892
lradius 55.1305 0 0
lwrist 12.8877 0 0
lhand -2.91112 -0.614689 0
lfingers 7.12502 0 0
lthumb 22.7478 27.4675 0
rclavicle -1.64384e-15 -3.2932e-15 0
rhumerus -10.859 32.8981 -84.1392
rradius 112.716 0 0
rwrist -6.98183 0 0
rhand -8.73462 -15.8976 0
rfingers 7.12502 0 0
rthumb 17.1611 -764.556 0
540
root 5.77806 16.4268 -4.70415 -115.668 87.744 -121.31
lfemur -21.812 -6.52146 -20.8555
ltibia 46.5466 0 0
lfoot -27.9634 0.900795 0
ltoes 8.58705 0 0
rfemur -53.0993 -0.683633 11.2037
rtibia 63.0307 0 0
rfoot 7.8182 9.97543 0
rtoes -18.8525 0 0
lowerback 5.7672 -0.698613 -3.16937
upperback 1.16491 -1.01999 1.80888
thorax -1.91114 -0.502999 3.70917
lowerneck -7.56785 -11.4722 -2.97018
upperneck 11.0097 -15.5724 3.90191
head 5.12058 -7.49506 0.57814
lclavicle -1.67752e-15 -3.1673e-15 0
lhumerus -38.4176 -31.1752 103.537
lradius 55.0964 0 0
lwrist 13.1112 0 0
lhand -3.22104 -0.649499 0
lfingers 7.12502 0 0
lthumb 22.4503 27.4664 0
rclavicle -1.67752e-15 -3.1673e-15 0
rhumerus -10.1892 32.5876 -83.9315
rradius 113.108 0 0
rwrist -7.69612 0 0
rhand -9.07142 -15.9678 0
rfingers 7.12502 0 0
rthumb 16.837 -764.652 0
541
root 5.7869 16.426 -4.6788 -114.989 87.7342 -120.626
lfemur -21.7236 -6.19798 -20.8182
ltibia 46.5159 0 0
lfoot -28.0355 1.12708 0
ltoes 8.42326 0 0
rfemur -52.9407 -0.888955 11.2919
rtibia 62.8638 0 0
rfoot 7.81468 9.95513 0
rtoes -18.9208 0 0
lowerback 5.74136 -0.709272 -3.2184
upperback 1.18049 -1.03596 1.81398
thorax -1.87796 -0.511785 3.74255
lowerneck -7.5267 -11.5023 -2.98604
upperneck 11.0419 -15.6197 3.95364
head 5.13121 -7.51518 0.592909
lclavicle -1.71121e-15 -3.04141e-15 0
lhumerus -38.1487 -31.1001 103.183
lradius 55.0624 0 0
lwrist 13.3346 0 0
lhand -3.53095 -0.684308 0
lfingers 7.12502 0 0
lthumb 22.1528 27.4652 0
rclavicle -1.71121e-15 -3.04141e-15 0
rhumerus -9.51936 32.277 -83.7237
rradius 113.501 0 0
rwrist -8.41041 0 0
rhand -9.40821 -16.0381 0
rfingers 7.12502 0 0
rthumb 16.5128 -764.747 0
542
root 5.79574 16.4251 -4.65346 -114.31 87.7244 -119.941
lfemur -21.6352 -5.87449 -20.781
ltibia 46.4853 0 0
lfoot -28.1076 1.35337 0
ltoes 8.25947 0 0
rfemur -52.782 -1.09428 11.3801
rtibia 62.6968 0 0
rfoot 7.81117 9.93483 0
rtoes -18.9892 0 0
lowerback 5.71553 -0.719932 -3.26742
upperback 1.19608 -1.05192 1.81909
thorax -1.84478 -0.52057 3.77592
lowerneck -7.48554 -11.5324 -3.0019
upperneck 11.0741 -15.6669 4.00537
head 5.14183 -7.53531 0.607679
lclavicle -1.74489e-15 -2.91551e-15 0
lhumerus -37.8797 -31.025 102.828
lradius 55.0283 0 0
lwrist 13.558 0 0
lhand -3.84086 -0.719118 0
lfingers 7.12502 0 0
lthumb 21.8553 27.464 0
rclavicle -1.74489e-15 -2.91551e-15 0
rhumerus -8.84953 31.9665 -83.5159
rradius 113.894 0 0
rwrist -9.1247 0 0
rhand -9.74501 -16.1084 0
rfingers 7.12502 0 0
rthumb 16.1887 -764.842 0
543
root 5.80458 16.4243 -4.62812 -113.631 87.7146 -119.257
lfemur -21.5468 -5.551 -20.7438
ltibia 46.4546 0 0
lfoot -28.1796 1.57966 0
ltoes 8.09568 0 0
rfemur -52.6234 -1.2996 11.4683
rtibia 62.5298 0 0
rfoot 7.80765 9.91453 0
rtoes -19.0576 0 0
lowerback 5.68969 -0.730591 -3.31644
upperback 1.21167 -1.06789 1.82419
thorax -1.81159 -0.529355 3.80929
lowerneck -7.44439 -11.5625 -3.01776
upperneck 11.1063 -15.7142 4.0571
head 5.15246 -7.55543 0.622449
lclavicle -1.77857e-15 -2.78961e-15 0
lhumerus -37.6108 -30.9499 102.473
lradius 54.9943 0 0
lwrist 13.7815 0 0
lhand -4.15077 -0.753927 0
lfingers 7.12502 0 0
lthumb 21.5578 27.4628 0
rclavicle -1.77857e-15 -2.78961e-15 0
rhumerus -8.17971 31.6559 -83.3081
rradius 114.287 0 0
rwrist -9.83899 0 0
rhand -10.0818 -16.1787 0
rfingers 7.12502 0 0
rthumb 15.8645 -764.937 0
544
root 5.81343 16.4234 -4.60277 -112.952 87.7047 -118.573
lfemur -21.4583 -5.22751 -20.7066
ltibia 46.4239 0 0
lfoot -28.2517 1.80595 0
ltoes 7.93188 0 0
rfemur -52.4647 -1.50492 11.5565
rtibia 62.3629 0 0
rfoot 7.80414 9.89423 0
rtoes -19.126 0 0
lowerback 5.66385 -0.74125 -3.36547
upperback 1.22726 -1.08385 1.82929
thorax -1.77841 -0.53814 3.84266
lowerneck -7.40323 -11.5925 -3.03362
upperneck 11.1385 -15.7614 4.10883
head 5.16308 -7.57556 0.637218
lclavicle -1.81226e-15 -2.66372e-15 0
lhumerus -37.3419 -30.8748 102.118
lradius 54.9602 0 0
lwrist 14.0049 0 0
lhand -4.46069 -0.788737 0
lfingers 7.12502 0 0
lthumb 21.2603 27.4617 0
rclavicle -1.81226e-15 -2.66372e-15 0
rhumerus -7.50988 31.3454 -83.1003
rradius 114.68 0 0
rwrist -10.5533 0 0
rhand -10.4186 -16.2489 0
rfingers 7.12502 0 0
rthumb 15.5404 -765.032 0
545
root 5.82227 16.4226 -4.57743 -112.273 87.6949 -117.889
lfemur -21.3699 -4.90403 -20.6694
ltibia 46.3933 0 0
lfoot -28.3237 2.03224 0
ltoes 7.76809 0 0
rfemur -52.3061 -1.71025 11.6447
rtibia 62.1959 0 0
rfoot 7.80062 9.87393 0
rtoes -19.1943 0 0
lowerback 5.63801 -0.75191 -3.41449
upperback 1.24285 -1.09982 1.83439
thorax -1.74522 -0.546926 3.87603
lowerneck -7.36208 -11.6226 -3.04948
upperneck 11.1707 -15.8087 4.16057
head 5.17371 -7.59568 0.651988
lclavicle -1.84594e-15 -2.53782e-15 0
lhumerus -37.073 -30.7997 101.763
lradius 54.9261 0 0
lwrist 14.2284 0 0
lhand -4.7706 -0.823546 0
lfingers 7.12502 0 0
lthumb 20.9628 27.4605 0
rclavicle -1.84594e-15 -2.53782e-15 0
rhumerus -6.84005 31.0348 -82.8926
rradius 115.072 0 0
rwrist -11.2676 0 0
rhand -10.7554 -16.3192 0
rfingers 7.12502 0 0
rthumb 15.2162 -765.128 0
546
root 5.83111 16.4217 -4.55209 -111.594 87.6851 -117.205
lfemur -21.2815 -4.58054 -20.6322
ltibia 46.3626 0 0
lfoot -28.3958 2.25853 0
ltoes 7.6043 0 0
rfemur -52.1474 -1.91557 11.7329
rtibia 62.0289 0 0
rfoot 7.79711 9.85363 0
rtoes -19.2627 0 0
lowerback 5.61218 -0.762569 -3.46351
upperback 1.25844 -1.11578 1.83949
thorax -1.71204 -0.555711 3.9094
lowerneck -7.32092 -11.6527 -3.06534
upperneck 11.203 -15.8559 4.2123
head 5.18433 -7.61581 0.666757
lclavicle -1.87962e-15 -2.41192e-15 0
lhumerus -36.8041 -30.7246 101.409
lradius 54.8921 0 0
lwrist 14.4518 0 0
lhand -5.08051 -0.858356 0
lfingers 7.12502 0 0
lthumb 20.6653 27.4593 0
rclavicle -1.87962e-15 -2.41192e-15 0
rhumerus -6.17023 30.7243 -82.6848
rradius 115.465 0 0
rwrist -11.9819 0 0
rhand -11.0922 -16.3895 0
rfingers 7.12502 0 0
rthumb 14.892 -765.223 0
547
root 5.83995 16.4208 -4.52675 -110.916 87.6753 -116.521
lfemur -21.193 -4.25705 -20.595
ltibia 46.3319 0 0
lfoot -28.4678 2.48481 0
ltoes 7.44051 0 0
rfemur -51.9888 -2.12089 11.8211
rtibia 61.862 0 0
rfoot 7.79359 9.83333 0
rtoes -19.3311 0 0
lowerback 5.58634 -0.773228 -3.51253
upperback 1.27403 -1.13175 1.84459
thorax -1.67886 -0.564496 3.94278
lowerneck -7.27977 -11.6827 -3.0812
upperneck 11.2352 -15.9032 4.26403
head 5.19496 -7.63593 0.681527
lclavicle -1.9133e-15 -2.28602e-15 0
lhumerus -36.5352 -30.6495 101.054
lradius 54.8581 0 0
lwrist 14.6753 0 0
lhand -5.39043 -0.893165 0
lfingers 7.12502 0 0
lthumb 20.3678 27.4581 0
rclavicle -1.9133e-15 -2.28602e-15 0
rhumerus -5.5004 30.4137 -82.477
rradius 115.858 0 0
rwrist -12.6961 0 0
rhand -11.429 -16.4597 0
rfingers 7.12502 0 0
rthumb 14.5679 -765.318 0
548
root 5.84879 16.42 -4.5014 -110.237 87.6655 -115.837
lfemur -21.1046 -3.93356 -20.5577
ltibia 46.3013 0 0
lfoot -28.5399 2.7111 0
ltoes 7.27672 0 0
rfemur -51.8302 -2.32621 11.9094
rtibia 61.695 0 0
rfoot 7.79008 9.81304 0
rtoes -19.3995 0 0
lowerback 5.5605 -0.783888 -3.56156
upperback 1.28962 -1.14771 1.8497
thorax -1.64567 -0.573281 3.97615
lowerneck -7.23861 -11.7128 -3.09707
upperneck 11.2674 -15.9505 4.31576
head 5.20559 -7.65605 0.696297
lclavicle -1.94699e-15 -2.16013e-15 0
lhumerus -36.2662 -30.5743 100.699
lradius 54.824 0 0
lwrist 14.8987 0 0
lhand -5.70034 -0.927974 0
lfingers 7.12502 0 0
lthumb 20.0703 27.457 0
rclavicle -1.94699e-15 -2.16013e-15 0
rhumerus -4.83057 30.1031 -82.2692
rradius 116.251 0 0
rwrist -13.4104 0 0
rhand -11.7658 -16.53 0
rfingers 7.12502 0 0
rthumb 14.2437 -765.413 0
549
root 5.85763 16.4191 -4.47606 -109.558 87.6557 -115.153
lfemur -21.0162 -3.61007 -20.5205
ltibia 46.2706 0 0
lfoot -28.612 2.93739 0
ltoes 7.11293 0 0
rfemur -51.6715 -2.53153 11.9976
rtibia 61.528 0 0
rfoot 7.78657 9.79274 0
rtoes -19.4679 0 0
lowerback 5.53467 -0.794547 -3.61058
upperback 1.30521 -1.16368 1.8548
thorax -1.61249 -0.582066 4.00952
lowerneck -7.19745 -11.7429 -3.11293
upperneck 11.2996 -15.9977 4.36749
head 5.21621 -7.67618 0.711066
lclavicle -1.98067e-15 -2.03423e-15 0
lhumerus -35.9973 -30.4992 100.344
lradius 54.79 0 0
lwrist 15.1221 0 0
lhand -6.01025 -0.962784 0
lfingers 7.12502 0 0
lthumb 19.7728 27.4558 0
rclavicle -1.98067e-15 -2.03423e-15 0
rhumerus -4.16075 29.7926 -82.0614
rradius 116.644 0 0
rwrist -14.1247 0 0
rhand -12.1026 -16.6003 0
rfingers 7.12502 0 0
rthumb 13.9196 -765.508 0
550
root 5.86647 16.4183 -4.45072 -108.879 87.6459 -114.469
lfemur -20.9278 -3.28659 -20.4833
ltibia 46.24 0 0
lfoot -28.684 3.16368 0
ltoes 6.94914 0 0
rfemur -51.5129 -2.73686 12.0858
rtibia 61.361 0 0
rfoot 7.78305 9.77244 0
rtoes -19.5362 0 0
lowerback 5.50883 -0.805207 -3.6596
upperback 1.3208 -1.17964 1.8599
thorax -1.57931 -0.590852 4.04289
lowerneck -7.1563 -11.773 -3.12879
upperneck 11.3318 -16.045 4.41923
head 5.22684 -7.6963 0.725836
lclavicle -2.01435e-15 -1.90833e-15 0
lhumerus -35.7284 -30.4241 99.9894
lradius 54.7559 0 0
lwrist 15.3456 0 0
lhand -6.32016 -0.997593 0
lfingers 7.12502 0 0
lthumb 19.4753 27.4546 0
rclavicle -2.01435e-15 -1.90833e-15 0
rhumerus -3.49092 29.482 -81.8537
rradius 117.036 0 0
rwrist -14.839 0 0
rhand -12.4394 -16.6706 0
rfingers 7.12502 0 0
rthumb 13.5954 -765.604 0
551
root 5.87532 16.4174 -4.42537 -108.2 87.636 -113.785
lfemur -20.8393 -2.9631 -20.4461
ltibia 46.2093 0 0
lfoot -28.7561 3.38997 0
ltoes 6.78535 0 0
rfemur -51.3542 -2.94218 12.174
rtibia 61.1941 0 0
rfoot 7.77954 9.75214 0
rtoes -19.6046 0 0
lowerback 5.48299 -0.815866 -3.70863
upperback 1.33639 -1.19561 1.865
thorax -1.54612 -0.599637 4.07626
lowerneck -7.11514 -11.803 -3.14465
upperneck 11.3641 -16.0922 4.47096
head 5.23746 -7.71643 0.740606
lclavicle -2.04804e-15 -1.78244e-15 0
lhumerus -35.4595 -30.349 99.6346
lradius 54.7219 0 0
lwrist 15.569 0 0
lhand -6.63008 -1.0324 0
lfingers 7.12502 0 0
lthumb 19.1778 27.4535 0
rclavicle -2.04804e-15 -1.78244e-15 0
rhumerus -2.82109 29.1715 -81.6459
rradius 117.429 0 0
rwrist -15.5533 0 0
rhand -12.7762 -16.7408 0
rfingers 7.12502 0 0
rthumb 13.2713 -765.699 0
552
root 5.88416 16.4166 -4.40003 -107.521 87.6262 -113.101
lfemur -20.7509 -2.63961 -20.4089
ltibia 46.1786 0 0
lfoot -28.8281 3.61626 0
ltoes 6.62156 0 0
rfemur -51.1956 -3.1475 12.2622
rtibia 61.0271 0 0
rfoot 7.77602 9.73184 0
rtoes -19.673 0 0
lowerback 5.45715 -0.826525 -3.75765
upperback 1.35198 -1.21157 1.8701
thorax -1.51294 -0.608422 4.10963
lowerneck -7.07399 -11.8331 -3.16051
upperneck 11.3963 -16.1395 4.52269
head 5.24809 -7.73655 0.755375
lclavicle -2.08172e-15 -1.65654e-15 0
lhumerus -35.1906 -30.2739 99.2798
lradius 54.6878 0 0
lwrist 15.7925 0 0
lhand -6.93999 -1.06721 0
lfingers 7.12502 0 0
lthumb 18.8803 27.4523 0
rclavicle -2.08172e-15 -1.65654e-15 0
rhumerus -2.15127 28.8609 -81.4381
rradius 117.822 0 0
rwrist -16.2676 0 0
rhand -13.113 -16.8111 0
rfingers 7.12502 0 0
rthumb 12.9471 -765.794 0
553
root 5.893 16.4157 -4.37469 -106.842 87.6164 -112.416
lfemur -20.6625 -2.31612 -20.3717
ltibia 46.148 0 0
lfoot -28.9002 3.84255 0
ltoes 6.45777 0 0
rfemur -51.0369 -3.35282 12.3504
rtibia 60.8601 0 0
rfoot 7.77251 9.71154 0
rtoes -19.7414 0 0
lowerback 5.43132 -0.837185 -3.80667
upperback 1.36756 -1.22754 1.87521
thorax -1.47976 -0.617207 4.143
lowerneck -7.03283 -11.8632 -3.17637
upperneck 11.4285 -16.1867 4.57442
head 5.25871 -7.75668 0.770145
lclavicle -2.1154e-15 -1.53064e-15 0
lhumerus -34.9216 -30.1988 98.925
lradius 54.6538 0 0
lwrist 16.0159 0 0
lhand -7.2499 -1.10202 0
lfingers 7.12502 0 0
lthumb 18.5828 27.4511 0
rclavicle -2.1154e-15 -1.53064e-15 0
rhumerus -1.48144 28.5504 -81.2303
rradius 118.215 0 0
rwrist -16.9819 0 0
rhand -13.4498 -16.8814 0
rfingers 7.12502 0 0
rthumb 12.6229 -765.889 0
554
root 5.90184 16.4149 -4.34934 -106.164 87.6066 -111.732
lfemur -20.5741 -1.99264 -20.3344
ltibia 46.1173 0 0
lfoot -28.9723 4.06883 0
ltoes 6.29398 0 0
rfemur -50.8783 -3.55815 12.4386
rtibia 60.6932 0 0
rfoot 7.76899 9.69124 0
rtoes -19.8097 0 0
lowerback 5.40548 -0.847844 -3.8557
upperback 1.38315 -1.2435 1.88031
thorax -1.44657 -0.625993 4.17638
lowerneck -6.99168 -11.8933 -3.19223
upperneck 11.4607 -16.234 4.62615
head 5.26934 -7.7768 0.784914
lclavicle -2.14909e-15 -1.40475e-15 0
lhumerus -34.6527 -30.1237 98.5702
lradius 54.6197 0 0
lwrist 16.2394 0 0
lhand -7.55981 -1.13683 0
lfingers 7.12502 0 0
lthumb 18.2853 27.4499 0
rclavicle -2.14909e-15 -1.40475e-15 0
rhumerus -0.811613 28.2398 -81.0225
rradius 118.608 0 0
rwrist -17.6962 0 0
rhand -13.7866 -16.9517 0
rfingers 7.12502 0 0
rthumb 12.2988 -765.984 0
555
root 5.91068 16.414 -4.324 -105.485 87.5968 -111.048
lfemur -20.4856 -1.66915 -20.2972
ltibia 46.0866 0 0
lfoot -29.0443 4.29512 0
ltoes 6.13019 0 0
rfemur -50.7196 -3.76347 12.5268
rtibia 60.5262 0 0
rfoot 7.76548 9.67094 0
rtoes -19.8781 0 0
lowerback 5.37964 -0.858503 -3.90472
upperback 1.39874 -1.25947 1.88541
thorax -1.41339 -0.634778 4.20975
lowerneck -6.95052 -11.9233 -3.20809
upperneck 11.4929 -16.2812 4.67789
head 5.27996 -7.79693 0.799684
lclavicle -2.18277e-15 -1.27885e-15 0
lhumerus -34.3838 -30.0486 98.2154
lradius 54.5857 0 0
lwrist 16.4628 0 0
lhand -7.86973 -1.17164 0
lfingers 7.12502 0 0
lthumb 17.9878 27.4488 0
rclavicle -2.18277e-15 -1.27885e-15 0
rhumerus -0.141787 27.9293 -80.8148
rradius 119 0 0
rwrist -18.4105 0 0
rhand -14.1234 -17.0219 0
rfingers 7.12502 0 0
rthumb 11.9746 -766.08 0
556
root 5.91952 16.4131 -4.29866 -104.806 87.587 -110.364
lfemur -20.3972 -1.34566 -20.26
ltibia 46.056 0 0
lfoot -29.1164 4.52141 0
ltoes 5.96639 0 0
rfemur -50.561 -3.96879 12.615
rtibia 60.3592 0 0
rfoot 7.76196 9.65064 0
rtoes -19.9465 0 0
lowerback 5.3538 -0.869163 -3.95374
upperback 1.41433 -1.27543 1.89051
thorax -1.38021 -0.643563 4.24312
lowerneck -6.90937 -11.9534 -3.22395
upperneck 11.5251 -16.3285 4.72962
head 5.29059 -7.81705 0.814454
lclavicle -2.21645e-15 -1.15295e-15 0
lhumerus -34.1149 -29.9735 97.8606
lradius 54.5516 0 0
lwrist 16.6862 0 0
lhand -8.17964 -1.20645 0
lfingers 7.12502 0 0
lthumb 17.6903 27.4476 0
rclavicle -2.21645e-15 -1.15295e-15 0
rhumerus 0.52804 27.6187 -80.607
rradius 119.393 0 0
rwrist -19.1248 0 0
rhand -14.4602 -17.0922 0
rfingers 7.12502 0 0
rthumb 11.6505 -766.175 0
557
root 5.92836 16.4123 -4.27332 -104.127 87.5772 -109.68
lfemur -20.3088 -1.02217 -20.2228
ltibia 46.0253 0 0
lfoot -29.1884 4.7477 0
ltoes 5.8026 0 0
rfemur -50.4024 -4.17411 12.7032
rtibia 60.1923 0 0
rfoot 7.75845 9.63034 0
rtoes -20.0149 0 0
lowerback 5.32797 -0.879822 -4.00277
upperback 1.42992 -1.29139 1.89561
thorax -1.34702 -0.652348 4.27649
lowerneck -6.86821 -11.9835 -3.23981
upperneck 11.5574 -16.3758 4.78135
head 5.30121 -7.83718 0.829223
lclavicle -2.25013e-15 -1.02705e-15 0
lhumerus -33.846 -29.8984 97.5058
lradius 54.5175 0 0
lwrist 16.9097 0 0
lhand -8.48955 -1.24126 0
lfingers 7.12502 0 0
lthumb 17.3928 27.4464 0
rclavicle -2.25013e-15 -1.02705e-15 0
rhumerus 1.19787 27.3082 -80.3992
rradius 119.786 0 0
rwrist -19.8391 0 0
rhand -14.797 -17.1625 0
rfingers 7.12502 0 0
rthumb 11.3263 -766.27 0
558
root 5.9372 16.4114 -4.24797 -103.448 87.5674 -108.996
lfemur -20.2203 -0.698684 -20.1856
ltibia 45.9946 0 0
lfoot -29.2605 4.97399 0
ltoes 5.63881 0 0
rfemur -50.2437 -4.37944 12.7915
rtibia 60.0253 0 0
rfoot 7.75493 9.61004 0
rtoes -20.0832 0 0
lowerback 5.30213 -0.890482 -4.05179
upperback 1.44551 -1.30736 1.90072
thorax -1.31384 -0.661133 4.30986
lowerneck -6.82706 -12.0135 -3.25567
upperneck 11.5896 -16.423 4.83308
head 5.31184 -7.8573 0.843993
lclavicle -2.28382e-15 -9.01158e-16 0
lhumerus -33.577 -29.8233 97.151
lradius 54.4835 0 0
lwrist 17.1331 0 0
lhand -8.79947 -1.27607 0
lfingers 7.12502 0 0
lthumb 17.0953 27.4452 0
rclavicle -2.28382e-15 -9.01158e-16 0
rhumerus 1.86769 26.9976 -80.1914
rradius 120.179 0 0
rwrist -20.5533 0 0
rhand -15.1338 -17.2327 0
rfingers 7.12502 0 0
rthumb 11.0022 -766.365 0
559
root 5.94605 16.4106 -4.22263 -102.769 87.5575 -108.312
lfemur -20.1319 -0.375197 -20.1484
ltibia 45.964 0 0
lfoot -29.3326 5.20028 0
ltoes 5.47502 0 0
rfemur -50.0851 -4.58476 12.8797
rtibia 59.8583 0 0
rfoot 7.75142 9.58974 0
rtoes -20.1516 0 0
lowerback 5.27629 -0.901141 -4.10081
upperback 1.4611 -1.32332 1.90582
thorax -1.28065 -0.669919 4.34323
lowerneck -6.7859 -12.0436 -3.27153
upperneck 11.6218 -16.4703 4.88481
head 5.32246 -7.87743 0.858763
lclavicle -2.3175e-15 -7.75261e-16 0
lhumerus -33.3081 -29.7482 96.7961
lradius 54.4494 0 0
lwrist 17.3566 0 0
lhand -9.10938 -1.31088 0
lfingers 7.12502 0 0
lthumb 16.7978 27.4441 0
rclavicle -2.3175e-15 -7.75261e-16 0
rhumerus 2.53752 26.6871 -79.9836
rradius 120.572 0 0
rwrist -21.2676 0 0
rhand -15.4706 -17.303 0
rfingers 7.12502 0 0
rthumb 10.678 -766.46 0
560
root 5.95489 16.4097 -4.19729 -102.09 87.5477 -107.628
lfemur -20.0435 -0.0517089 -20.1111
ltibia 45.9333 0 0
lfoot -29.4046 5.42657 0
ltoes 5.31123 0 0
rfemur -49.9264 -4.79008 12.9679
rtibia 59.6913 0 0
rfoot 7.74791 9.56945 0
rtoes -20.22 0 0
lowerback 5.25045 -0.9118 -4.14983
upperback 1.47669 -1.33929 1.91092
thorax -1.24747 -0.678704 4.37661
lowerneck -6.74475 -12.0737 -3.28739
upperneck 11.654 -16.5175 4.93655
head 5.33309 -7.89755 0.873532
lclavicle -2.35118e-15 -6.49364e-16 0
lhumerus -33.0392 -29.673 96.4413
lradius 54.4154 0 0
lwrist 17.58 0 0
lhand -9.41929 -1.34569 0
lfingers 7.12502 0 0
lthumb 16.5003 27.4429 0
rclavicle -2.35118e-15 -6.49364e-16 0
rhumerus 3.20735 26.3765 -79.7759
rradius 120.964 0 0
rwrist -21.9819 0 0
rhand -15.8074 -17.3733 0
rfingers 7.12502 0 0
rthumb 10.3539 -766.556 0
561
root 5.96373 16.4089 -4.17194 -101.412 87.5379 -106.944
lfemur -19.9551 0.271779 -20.0739
ltibia 45.9026 0 0
lfoot -29.4767 5.65285 0
ltoes 5.14744 0 0
rfemur -49.7678 -4.9954 13.0561
rtibia 59.5244 0 0
rfoot 7.74439 9.54915 0
rtoes -20.2884 0 0
lowerback 5.22462 -0.92246 -4.19886
upperback 1.49228 -1.35525 1.91602
thorax -1.21429 -0.687489 4.40998
lowerneck -6.70359 -12.1038 -3.30325
upperneck 11.6862 -16.5648 4.98828
head 5.34371 -7.91768 0.888302
lclavicle -2.38487e-15 -5.23467e-16 0
lhumerus -32.7703 -29.5979 96.0865
lradius 54.3814 0 0
lwrist 17.8035 0 0
lhand -9.7292 -1.3805 0
lfingers 7.12502 0 0
lthumb 16.2028 27.4417 0
rclavicle -2.38487e-15 -5.23467e-16 0
rhumerus 3.87717 26.066 -79.5681
rradius 121.357 0 0
rwrist -22.6962 0 0
rhand -16.1442 -17.4436 0
rfingers 7.12502 0 0
rthumb 10.0297 -766.651 0
562
root 5.97257 16.408 -4.1466 -100.733 87.5281 -106.26
lfemur -19.8666 0.595267 -20.0367
ltibia 45.872 0 0
lfoot -29.5487 5.87914 0
ltoes 4.98365 0 0
rfemur -49.6091 -5.20073 13.1443
rtibia 59.3574 0 0
rfoot 7.74088 9.52885 0
rtoes -20.3567 0 0
lowerback 5.19878 -0.933119 -4.24788
upperback 1.50787 -1.37122 1.92112
thorax -1.1811 -0.696274 4.44335
lowerneck -6.66244 -12.1338 -3.31911
upperneck 11.7185 -16.612 5.04001
head 5.35434 -7.9378 0.903071
lclavicle -2.41855e-15 -3.9757e-16 0
lhumerus -32.5014 -29.5228 95.7317
lradius 54.3473 0 0
lwrist 18.0269 0 0
lhand -10.0391 -1.41531 0
lfingers 7.12502 0 0
lthumb 15.9053 27.4405 0
rclavicle -2.41855e-15 -3.9757e-16 0
rhumerus 4.547 25.7554 -79.3603
rradius 121.75 0 0
rwrist -23.4105 0 0
rhand -16.481 -17.5138 0
rfingers 7.12502 0 0
rthumb 9.70555 -766.746 0
563
root 5.98141 16.4071 -4.12126 -100.054 87.5183 -105.576
lfemur -19.7782 0.918754 -19.9995
ltibia 45.8413 0 0
lfoot -29.6208 6.10543 0
ltoes 4.81986 0 0
rfemur -49.4505 -5.40605 13.2325
rtibia 59.1904 0 0
rfoot 7.73736 9.50855 0
rtoes -20.4251 0 0
lowerback 5.17294 -0.943778 -4.2969
upperback 1.52346 -1.38718 1.92623
thorax -1.14792 -0.70506 4.47672
lowerneck -6.62128 -12.1639 -3.33497
upperneck 11.7507 -16.6593 5.09174
head 5.36496 -7.95793 0.917841
lclavicle -2.45223e-15 -2.71673e-16 0
lhumerus -32.2324 -29.4477 95.3769
lradius 54.3133 0 0
lwrist 18.2503 0 0
lhand -10.349 -1.45012 0
lfingers 7.12502 0 0
lthumb 15.6078 27.4394 0
rclavicle -2.45223e-15 -2.71673e-16 0
rhumerus 5.21683 25.4448 -79.1525
rradius 122.143 0 0
rwrist -24.1248 0 0
rhand -16.8178 -17.5841 0
rfingers 7.12502 0 0
rthumb 9.38139 -766.841 0
564
root 5.99025 16.4063 -4.09591 -99.375 87.5085 -104.891
lfemur -19.6898 1.24224 -19.9623
ltibia 45.8106 0 0
lfoot -29.6929 6.33172 0
ltoes 4.65607 0 0
rfemur -49.2918 -5.61137 13.3207
rtibia 59.0235 0 0
rfoot 7.73385 9.48825 0
rtoes -20.4935 0 0
lowerback 5.14711 -0.954438 -4.34593
upperback 1.53904 -1.40315 1.93133
thorax -1.11474 -0.713845 4.51009
lowerneck -6.58013 -12.194 -3.35083
upperneck 11.7829 -16.7065 5.14347
head 5.37559 -7.97805 0.932611
lclavicle -2.48592e-15 -1.45776e-16 0
lhumerus -31.9635 -29.3726 95.0221
lradius 54.2792 0 0
lwrist 18.4738 0 0
lhand -10.6589 -1.48493 0
lfingers 7.12502 0 0
lthumb 15.3103 27.4382 0
rclavicle -2.48592e-15 -1.45776e-16 0
rhumerus 5.88665 25.1343 -78.9447
rradius 122.536 0 0
rwrist -24.8391 0 0
rhand -17.1546 -17.6544 0
rfingers 7.12502 0 0
rthumb 9.05723 -766.936 0
565
root 5.99909 16.4054 -4.07057 -98.6962 87.4987 -104.207
lfemur -19.6014 1.56573 -19.925
ltibia 45.78 0 0
lfoot -29.7649 6.55801 0
ltoes 4.49228 0 0
rfemur -49.1332 -5.81669 13.4089
rtibia 58.8565 0 0
rfoot 7.73033 9.46795 0
rtoes -20.5619 0 0
lowerback 5.12127 -0.965097 -4.39495
upperback 1.55463 -1.41911 1.93643
thorax -1.08155 -0.72263 4.54346
lowerneck -6.53897 -12.2241 -3.36669
upperneck 11.8151 -16.7538 5.19521
head 5.38621 -7.99818 0.94738
lclavicle -2.5196e-15 -1.9879e-17 0
lhumerus -31.6946 -29.2975 94.6673
lradius 54.2452 0 0
lwrist 18.6972 0 0
lhand -10.9689 -1.51973 0
lfingers 7.12502 0 0
lthumb 15.0128 27.437 0
rclavicle -2.5196e-15 -1.9879e-17 0
rhumerus 6.55648 24.8237 -78.737
rradius 122.928 0 0
rwrist -25.5534 0 0
rhand -17.4914 -17.7247 0
rfingers 7.12502 0 0
rthumb 8.73308 -767.032 0
566
root 6.00794 16.4046 -4.04523 -98.0173 87.4888 -103.523
lfemur -19.5129 1.88922 -19.8878
ltibia 45.7493 0 0
lfoot -29.837 6.7843 0
ltoes 4.32849 0 0
rfemur -48.9746 -6.02202 13.4971
rtibia 58.6895 0 0
rfoot 7.72682 9.44765 0
rtoes -20.6302 0 0
lowerback 5.09543 -0.975756 -4.44397
upperback 1.57022 -1.43508 1.94153
thorax -1.04837 -0.731415 4.57684
lowerneck -6.49782 -12.2541 -3.38256
upperneck 11.8473 -16.8011 5.24694
head 5.39684 -8.0183 0.96215
lclavicle -2.55328e-15 1.06018e-16 0
lhumerus -31.4257 -29.2224 94.3125
lradius 54.2111 0 0
lwrist 18.9207 0 0
lhand -11.2788 -1.55454 0
lfingers 7.12502 0 0
lthumb 14.7153 27.4358 0
rclavicle -2.55328e-15 1.06018e-16 0
rhumerus 7.22631 24.5132 -78.5292
rradius 123.321 0 0
rwrist -26.2677 0 0
rhand -17.8282 -17.7949 0
rfingers 7.12502 0 0
rthumb 8.40892 -767.127 0
567
root 6.01678 16.4037 -4.01989 -97.3385 87.479 -102.839
lfemur -19.4245 2.21271 -19.8506
ltibia 45.7186 0 0
lfoot -29.909 7.01059 0
ltoes 4.1647 0 0
rfemur -48.8159 -6.22734 13.5853
rtibia 58.5226 0 0
rfoot 7.7233 9.42735 0
rtoes -20.6986 0 0
lowerback 5.06959 -0.986416 -4.49299
upperback 1.58581 -1.45104 1.94663
thorax -1.01519 -0.7402 4.61021
lowerneck -6.45666 -12.2842 -3.39842
upperneck 11.8795 -16.8483 5.29867
head 5.40746 -8.03843 0.97692
lclavicle -2.58696e-15 2.31915e-16 0
lhumerus -31.1568 -29.1473 93.9577
lradius 54.1771 0 0
lwrist 19.1441 0 0
lhand -11.5887 -1.58935 0
lfingers 7.12502 0 0
lthumb 14.4178 27.4347 0
rclavicle -2.58696e-15 2.31915e-16 0
rhumerus 7.89613 24.2026 -78.3214
rradius 123.714 0 0
rwrist -26.9819 0 0
rhand -18.165 -17.8652 0
rfingers 7.12502 0 0
rthumb 8.08477 -767.222 0
568
root 6.02562 16.4029 -3.99454 -96.6596 87.4692 -102.155
lfemur -19.3361 2.53619 -19.8134
ltibia 45.688 0 0
lfoot -29.9811 7.23687 0
ltoes 4.0009 0 0
rfemur -48.6573 -6.43266 13.6736
rtibia 58.3556 0 0
rfoot 7.71979 9.40705 0
rtoes -20.767 0 0
lowerback 5.04376 -0.997075 -4.54202
upperback 1.6014 -1.46701 1.95173
thorax -0.982002 -0.748986 4.64358
lowerneck -6.41551 -12.3143 -3.41428
upperneck 11.9118 -16.8956 5.3504
head 5.41809 -8.05855 0.991689
lclavicle -2.62065e-15 3.57812e-16 0
lhumerus -30.8879 -29.0722 93.6029
lradius 54.143 0 0
lwrist 19.3676 0 0
lhand -11.8986 -1.62416 0
lfingers 7.12502 0 0
lthumb 14.1203 27.4335 0
rclavicle -2.62065e-15 3.57812e-16 0
rhumerus 8.56596 23.8921 -78.1136
rradius 124.107 0 0
rwrist -27.6962 0 0
rhand -18.5018 -17.9355 0
rfingers 7.12502 0 0
rthumb 7.76061 -767.317 0
569
root 6.03446 16.402 -3.9692 -95.9808 87.4594 -101.471
lfemur -19.2476 2.85968 -19.7762
ltibia 45.6573 0 0
lfoot -30.0531 7.46316 0
ltoes 3.83711 0 0
rfemur -48.4986 -6.63798 13.7618
rtibia 58.1886 0 0
rfoot 7.71627 9.38675 0
rtoes -20.8354 0 0
lowerback 5.01792 -1.00773 -4.59104
upperback 1.61699 -1.48297 1.95684
thorax -0.948818 -0.757771 4.67695
lowerneck -6.37435 -12.3443 -3.43014
upperneck 11.944 -16.9428 5.40213
head 5.42871 -8.07868 1.00646
lclavicle -2.65433e-15 4.83709e-16 0
lhumerus -30.6189 -28.9971 93.2481
lradius 54.109 0 0
lwrist 19.591 0 0
lhand -12.2085 -1.65897 0
lfingers 7.12502 0 0
lthumb 13.8228 27.4323 0
rclavicle -2.65433e-15 4.83709e-16 0
rhumerus 9.23579 23.5815 -77.9058
rradius 124.5 0 0
rwrist -28.4105 0 0
rhand -18.8386 -18.0057 0
rfingers 7.12502 0 0
rthumb 7.43645 -767.412 0
570
root 6.0433 16.4011 -3.94386 -95.3019 87.4496 -100.787
lfemur -19.1592 3.18317 -19.739
ltibia 45.6266 0 0
lfoot -30.1252 7.68945 0
ltoes 3.67332 0 0
rfemur -48.34 -6.84331 13.85
rtibia 58.0216 0 0
rfoot 7.71276 9.36645 0
rtoes -20.9037 0 0
lowerback 4.99208 -1.01839 -4.64006
upperback 1.63258 -1.49894 1.96194
thorax -0.915634 -0.766556 4.71032
lowerneck -6.33319 -12.3744 -3.446
upperneck 11.9762 -16.9901 5.45387
head 5.43934 -8.0988 1.02123
lclavicle -2.68801e-15 6.09606e-16 0
lhumerus -30.35 -28.922 92.8933
lradius 54.0749 0 0
lwrist 19.8144 0 0
lhand -12.5184 -1.69378 0
lfingers 7.12502 0 0
lthumb 13.5253 27.4311 0
rclavicle -2.68801e-15 6.09606e-16 0
rhumerus 9.90561 23.271 -77.6981
rradius 124.892 0 0
rwrist -29.1248 0 0
rhand -19.1753 -18.076 0
rfingers 7.12502 0 0
rthumb 7.1123 -767.508 0
571
root 6.05214 16.4003 -3.91851 -94.623 87.4398 -100.103
lfemur -19.0708 3.50666 -19.7018
ltibia 45.596 0 0
lfoot -30.1973 7.91574 0
ltoes 3.50953 0 0
rfemur -48.1813 -7.04863 13.9382
rtibia 57.8547 0 0
rfoot 7.70925 9.34615 0
rtoes -20.9721 0 0
lowerback 4.96624 -1.02905 -4.68909
upperback 1.64817 -1.5149 1.96704
thorax -0.882451 -0.775341 4.74369
lowerneck -6.29204 -12.4045 -3.46186
upperneck 12.0084 -17.0373 5.5056
head 5.44996 -8.11893 1.036
lclavicle -2.7217e-15 7.35503e-16 0
lhumerus -30.0811 -28.8469 92.5385
lradius 54.0408 0 0
lwrist 20.0379 0 0
lhand -12.8283 -1.72859 0
lfingers 7.12502 0 0
lthumb 13.2278 27.43 0
rclavicle -2.7217e-15 7.35503e-16 0
rhumerus 10.5754 22.9604 -77.4903
rradius 125.285 0 0
rwrist -29.8391 0 0
rhand -19.5121 -18.1463 0
rfingers 7.12502 0 0
rthumb 6.78814 -767.603 0
572
root 6.06098 16.3994 -3.89317 -93.9442 87.43 -99.4188
lfemur -18.9824 3.83014 -19.6645
ltibia 45.5653 0 0
lfoot -30.2693 8.14203 0
ltoes 3.34574 0 0
rfemur -48.0227 -7.25395 14.0264
rtibia 57.6877 0 0
rfoot 7.70573 9.32585 0
rtoes -21.0405 0 0
lowerback 4.94041 -1.03971 -4.73811
upperback 1.66376 -1.53087 1.97214
thorax -0.849267 -0.784127 4.77707
lowerneck -6.25088 -12.4346 -3.47772
upperneck 12.0406 -17.0846 5.55733
head 5.46059 -8.13905 1.05077
lclavicle -2.75538e-15 8.614e-16 0
lhumerus -29.8122 -28.7718 92.1837
lradius 54.0068 0 0
lwrist 20.2613 0 0
lhand -13.1382 -1.7634 0
lfingers 7.12502 0 0
lthumb 12.9303 27.4288 0
rclavicle -2.75538e-15 8.614e-16 0
rhumerus 11.2453 22.6499 -77.2825
rradius 125.678 0 0
rwrist -30.5534 0 0
rhand -19.8489 -18.2166 0
rfingers 7.12502 0 0
rthumb 6.46399 -767.698 0
573
root 6.06982 16.3986 -3.86783 -93.2653 87.4202 -98.7347
lfemur -18.8939 4.15363 -19.6273
ltibia 45.5346 0 0
lfoot -30.3414 8.36832 0
ltoes 3.18195 0 0
rfemur -47.864 -7.45927 14.1146
rtibia 57.5207 0 0
rfoot 7.70222 9.30556 0
rtoes -21.1089 0 0
lowerback 4.91457 -1.05037 -4.78713
upperback 1.67935 -1.54683 1.97724
thorax -0.816084 -0.792912 4.81044
lowerneck -6.20973 -12.4646 -3.49358
upperneck 12.0729 -17.1318 5.60906
head 5.47121 -8.15918 1.06554
lclavicle -2.78906e-15 9.87297e-16 0
lhumerus -29.5433 -28.6966 91.8289
lradius 53.9727 0 0
lwrist 20.4848 0 0
lhand -13.4482 -1.79821 0
lfingers 7.12502 0 0
lthumb 12.6328 27.4276 0
rclavicle -2.78906e-15 9.87297e-16 0
rhumerus 11.9151 22.3393 -77.0747
rradius 126.071 0 0
rwrist -31.2677 0 0
rhand -20.1857 -18.2868 0
rfingers 7.12502 0 0
rthumb 6.13983 -767.793 0
574
root 6.07867 16.3977 -3.84248 -92.5865 87.4103 -98.0506
lfemur -18.8055 4.47712 -19.5901
ltibia 45.504 0 0
lfoot -30.4134 8.59461 0
ltoes 3.01816 0 0
rfemur -47.7054 -7.6646 14.2028
rtibia 57.3538 0 0
rfoot 7.6987 9.28526 0
rtoes -21.1772 0 0
lowerback 4.88873 -1.06103 -4.83616
upperback 1.69494 -1.5628 1.98235
thorax -0.7829 -0.801697 4.84381
lowerneck -6.16857 -12.4947 -3.50944
upperneck 12.1051 -17.1791 5.66079
head 5.48184 -8.1793 1.08031
lclavicle -2.82275e-15 1.11319e-15 0
lhumerus -29.2743 -28.6215 91.4741
lradius 53.9387 0 0
lwrist 20.7082 0 0
lhand -13.7581 -1.83302 0
lfingers 7.12502 0 0
lthumb 12.3353 27.4264 0
rclavicle -2.82275e-15 1.11319e-15 0
rhumerus 12.5849 22.0288 -76.8669
rradius 126.464 0 0
rwrist -31.982 0 0
rhand -20.5225 -18.3571 0
rfingers 7.12502 0 0
rthumb 5.81567 -767.888 0
575
root 6.08751 16.3969 -3.81714 -91.9076 87.4005 -97.3665
lfemur -18.7171 4.80061 -19.5529
ltibia 45.4733 0 0
lfoot -30.4855 8.82089 0
ltoes 2.85437 0 0
rfemur -47.5468 -7.86992 14.291
rtibia 57.1868 0 0
rfoot 7.69519 9.26496 0
rtoes -21.2456 0 0
lowerback 4.86289 -1.07169 -4.88518
upperback 1.71052 -1.57876 1.98745
thorax -0.749716 -0.810482 4.87718
lowerneck -6.12742 -12.5248 -3.5253
upperneck 12.1373 -17.2264 5.71253
head 5.49246 -8.19943 1.09508
lclavicle -2.85643e-15 1.23909e-15 0
lhumerus -29.0054 -28.5464 91.1193
lradius 53.9046 0 0
lwrist 20.9317 0 0
lhand -14.068 -1.86783 0
lfingers 7.12502 0 0
lthumb 12.0378 27.4253 0
rclavicle -2.85643e-15 1.23909e-15 0
rhumerus 13.2547 21.7182 -76.6592
rradius 126.856 0 0
rwrist -32.6963 0 0
rhand -20.8593 -18.4274 0
rfingers 7.12502 0 0
rthumb 5.49152 -767.984 0
576
root 6.09635 16.396 -3.7918 -91.2288 87.3907 -96.6824
lfemur -18.6286 5.1241 -19.5157
ltibia 45.4426 0 0
lfoot -30.5576 9.04718 0
ltoes 2.69058 0 0
rfemur -47.3881 -8.07524 14.3792
rtibia 57.0198 0 0
rfoot 7.69167 9.24466 0
rtoes -21.314 0 0
lowerback 4.83706 -1.08235 -4.9342
upperback 1.72611 -1.59472 1.99255
thorax -0.716533 -0.819267 4.91055
lowerneck -6.08626 -12.5548 -3.54116
upperneck 12.1695 -17.2736 5.76426
head 5.50309 -8.21955 1.10985
lclavicle -2.89011e-15 1.36499e-15 0
lhumerus -28.7365 -28.4713 90.7645
lradius 53.8706 0 0
lwrist 21.1551 0 0
lhand -14.3779 -1.90264 0
lfingers 7.12502 0 0
lthumb 11.7403 27.4241 0
rclavicle -2.89011e-15 1.36499e-15 0
rhumerus 13.9246 21.4077 -76.4514
rradius 127.249 0 0
rwrist -33.4106 0 0
rhand -21.1961 -18.4976 0
rfingers 7.12502 0 0
rthumb 5.16736 -768.079 0
577
root 6.10519 16.3952 -3.76646 -90.5499 87.3809 -95.9983
lfemur -18.5402 5.44758 -19.4784
ltibia 45.412 0 0
lfoot -30.6296 9.27347 0
ltoes 2.52679 0 0
rfemur -47.2295 -8.28056 14.4674
rtibia 56.8528 0 0
rfoot 7.68816 9.22436 0
rtoes -21.3824 0 0
lowerback 4.81122 -1.09301 -4.98323
upperback 1.7417 -1.61069 1.99765
thorax -0.683349 -0.828053 4.94393
lowerneck -6.04511 -12.5849 -3.55702
upperneck 12.2017 -17.3209 5.81599
head 5.51371 -8.23968 1.12462
lclavicle -2.92379e-15 1.49089e-15 0
lhumerus -28.4676 -28.3962 90.4097
lradius 53.8366 0 0
lwrist 21.3786 0 0
lhand -14.6878 -1.93745 0
lfingers 7.12502 0 0
lthumb 11.4428 27.4229 0
rclavicle -2.92379e-15 1.49089e-15 0
rhumerus 14.5944 21.0971 -76.2436
rradius 127.642 0 0
rwrist -34.1249 0 0
rhand -21.5329 -18.5679 0
rfingers 7.12502 0 0
rthumb 4.84321 -768.174 0
578
root 6.11403 16.3943 -3.74111 -89.8711 87.3711 -95.3142
lfemur -18.4518 5.77107 -19.4412
ltibia 45.3813 0 0
lfoot -30.7017 9.49976 0
ltoes 2.363 0 0
rfemur -47.0708 -8.48589 14.5557
rtibia 56.6859 0 0
rfoot 7.68464 9.20406 0
rtoes -21.4507 0 0
lowerback 4.78538 -1.10367 -5.03225
upperback 1.75729 -1.62665 2.00275
thorax -0.650166 -0.836838 4.9773
lowerneck -6.00395 -12.615 -3.57288
upperneck 12.2339 -17.3681 5.86772
head 5.52434 -8.2598 1.13939
lclavicle -2.95748e-15 1.61678e-15 0
lhumerus -28.1987 -28.3211 90.0549
lradius 53.8025 0 0
lwrist 21.602 0 0
lhand -14.9977 -1.97226 0
lfingers 7.12502 0 0
lthumb 11.1453 27.4217 0
rclavicle -2.95748e-15 1.61678e-15 0
rhumerus 15.2642 20.7865 -76.0358
rradius 128.035 0 0
rwrist -34.8391 0 0
rhand -21.8697 -18.6382 0
rfingers 7.12502 0 0
rthumb 4.51905 -768.269 0
579
root 6.12287 16.3934 -3.71577 -89.1922 87.3613 -94.6302
lfemur -18.3634 6.09456 -19.404
ltibia 45.3507 0 0
lfoot -30.7737 9.72605 0
ltoes 2.19921 0 0
rfemur -46.9122 -8.69121 14.6439
rtibia 56.5189 0 0
rfoot 7.68113 9.18376 0
rtoes -21.5191 0 0
lowerback 4.75955 -1.11433 -5.08127
upperback 1.77288 -1.64262 2.00786
thorax -0.616982 -0.845623 5.01067
lowerneck -5.9628 -12.6451 -3.58874
upperneck 12.2662 -17.4154 5.91945
head 5.53496 -8.27993 1.15415
lclavicle -2.99116e-15 1.74268e-15 0
lhumerus -27.9297 -28.246 89.7001
lradius 53.7685 0 0
lwrist 21.8254 0 0
lhand -15.3076 -2.00707 0
lfingers 7.12502 0 0
lthumb 10.8478 27.4206 0
rclavicle -2.99116e-15 1.74268e-15 0
rhumerus 15.9341 20.476 -75.828
rradius 128.428 0 0
rwrist -35.5534 0 0
rhand -22.2065 -18.7085 0
rfingers 7.12502 0 0
rthumb 4.19489 -768.364 0
580
root 6.13171 16.3926 -3.69043 -88.5134 87.3515 -93.9461
lfemur -18.2749 6.41805 -19.3668
ltibia 45.32 0 0
lfoot -30.8458 9.95234 0
ltoes 2.03541 0 0
rfemur -46.7535 -8.89653 14.7321
rtibia 56.3519 0 0
rfoot 7.67761 9.16346 0
rtoes -21.5875 0 0
lowerback 4.73371 -1.12499 -5.13029
upperback 1.78847 -1.65858 2.01296
thorax -0.583798 -0.854408 5.04404
lowerneck -5.92164 -12.6751 -3.6046
upperneck 12.2984 -17.4626 5.97119
head 5.54559 -8.30005 1.16892
lclavicle -3.02484e-15 1.86858e-15 0
lhumerus -27.6608 -28.1709 89.3453
lradius 53.7344 0 0
lwrist 22.0489 0 0
lhand -15.6175 -2.04188 0
lfingers 7.12502 0 0
lthumb 10.5503 27.4194 0
rclavicle -3.02484e-15 1.86858e-15 0
rhumerus 16.6039 20.1654 -75.6203
rradius 128.82 0 0
rwrist -36.2677 0 0
rhand -22.5433 -18.7787 0
rfingers 7.12502 0 0
rthumb 3.87074 -768.46 0
581
root 6.14056 16.3917 -3.66508 -87.8345 87.3416 -93.262
lfemur -18.1865 6.74153 -19.3296
ltibia 45.2893 0 0
lfoot -30.9179 10.1786 0
ltoes 1.87162 0 0
rfemur -46.5949 -9.10185 14.8203
rtibia 56.185 0 0
rfoot 7.6741 9.14316 0
rtoes -21.6559 0 0
lowerback 4.70787 -1.13565 -5.17932
upperback 1.80406 -1.67455 2.01806
thorax -0.550615 -0.863194 5.07741
lowerneck -5.88049 -12.7052 -3.62046
upperneck 12.3306 -17.5099 6.02292
head 5.55621 -8.32018 1.18369
lclavicle -3.05853e-15 1.99447e-15 0
lhumerus -27.3919 -28.0958 88.9904
lradius 53.7004 0 0
lwrist 22.2723 0 0
lhand -15.9275 -2.07669 0
lfingers 7.12502 0 0
lthumb 10.2528 27.4182 0
rclavicle -3.05853e-15 1.99447e-15 0
rhumerus 17.2737 19.8549 -75.4125
rradius 129.213 0 0
rwrist -36.982 0 0
rhand -22.8801 -18.849 0
rfingers 7.12502 0 0
rthumb 3.54658 -768.555 0
582
root 6.1494 16.3909 -3.63974 -87.1556 87.3318 -92.5779
lfemur -18.0981 7.06502 -19.2924
ltibia 45.2587 0 0
lfoot -30.9899 10.4049 0
ltoes 1.70783 0 0
rfemur -46.4362 -9.30718 14.9085
rtibia 56.018 0 0
rfoot 7.67059 9.12286 0
rtoes -21.7242 0 0
lowerback 4.68203 -1.14631 -5.22834
upperback 1.81965 -1.69051 2.02316
thorax -0.517431 -0.871979 5.11078
lowerneck -5.83933 -12.7353 -3.63632
upperneck 12.3628 -17.5571 6.07465
head 5.56684 -8.3403 1.19846
lclavicle -3.09221e-15 2.12037e-15 0
lhumerus -27.123 -28.0207 88.6356
lradius 53.6663 0 0
lwrist 22.4958 0 0
lhand -16.2374 -2.1115 0
lfingers 7.12502 0 0
lthumb 9.95533 27.417 0
rclavicle -3.09221e-15 2.12037e-15 0
rhumerus 17.9435 19.5443 -75.2047
rradius 129.606 0 0
rwrist -37.6963 0 0
rhand -23.2169 -18.9193 0
rfingers 7.12502 0 0
rthumb 3.22243 -768.65 0
583
root 6.15824 16.39 -3.6144 -86.4768 87.322 -91.8938
lfemur -18.0097 7.38851 -19.2552
ltibia 45.228 0 0
lfoot -31.062 10.6312 0
ltoes 1.54404 0 0
rfemur -46.2776 -9.5125 14.9967
rtibia 55.851 0 0
rfoot 7.66707 9.10256 0
rtoes -21.7926 0 0
lowerback 4.6562 -1.15697 -5.27736
upperback 1.83524 -1.70648 2.02826
thorax -0.484247 -0.880764 5.14416
lowerneck -5.79818 -12.7653 -3.65218
upperneck 12.395 -17.6044 6.12638
head 5.57746 -8.36043 1.21323
lclavicle -3.12589e-15 2.24627e-15 0
lhumerus -26.8541 -27.9456 88.2808
lradius 53.6322 0 0
lwrist 22.7192 0 0
lhand -16.5473 -2.1463 0
lfingers 7.12502 0 0
lthumb 9.65783 27.4159 0
rclavicle -3.12589e-15 2.24627e-15 0
rhumerus 18.6134 19.2338 -74.9969
rradius 129.999 0 0
rwrist -38.4106 0 0
rhand -23.5537 -18.9896 0
rfingers 7.12502 0 0
rthumb 2.89827 -768.745 0
584
root 6.16708 16.3892 -3.58905 -85.7979 87.3122 -91.2097
lfemur -17.9212 7.712 -19.2179
ltibia 45.1973 0 0
lfoot -31.134 10.8575 0
ltoes 1.38025 0 0
rfemur -46.119 -9.71782 15.0849
rtibia 55.6841 0 0
rfoot 7.66356 9.08226 0
rtoes -21.861 0 0
lowerback 4.63036 -1.16763 -5.32639
upperback 1.85083 -1.72244 2.03336
thorax -0.451064 -0.889549 5.17753
lowerneck -5.75702 -12.7954 -3.66805
upperneck 12.4273 -17.6517 6.17811
head 5.58809 -8.38055 1.228
lclavicle -3.15958e-15 2.37216e-15 0
lhumerus -26.5852 -27.8705 87.926
lradius 53.5982 0 0
lwrist 22.9427 0 0
lhand -16.8572 -2.18111 0
lfingers 7.12502 0 0
lthumb 9.36034 27.4147 0
rclavicle -3.15958e-15 2.37216e-15 0
rhumerus 19.2832 18.9232 -74.7891
rradius 130.392 0 0
rwrist -39.1249 0 0
rhand -23.8905 -19.0598 0
rfingers 7.12502 0 0
rthumb 2.57412 -768.84 0
585
root 6.17592 16.3883 -3.56371 -85.1191 87.3024 -90.5256
lfemur -17.8328 8.03549 -19.1807
ltibia 45.1667 0 0
lfoot -31.2061 11.0838 0
ltoes 1.21646 0 0
rfemur -45.9603 -9.92314 15.1731
rtibia 55.5171 0 0
rfoot 7.66004 9.06196 0
rtoes -21.9294 0 0
lowerback 4.60452 -1.17828 -5.37541
upperback 1.86642 -1.73841 2.03847
thorax -0.41788 -0.898334 5.2109
lowerneck -5.71587 -12.8255 -3.68391
upperneck 12.4595 -17.6989 6.22985
head 5.59871 -8.40068 1.24277
lclavicle -3.19326e-15 2.49806e-15 0
lhumerus -26.3162 -27.7954 87.5712
lradius 53.5641 0 0
lwrist 23.1661 0 0
lhand -17.1671 -2.21592 0
lfingers 7.12502 0 0
lthumb 9.06284 27.4135 0
rclavicle -3.19326e-15 2.49806e-15 0
rhumerus 19.953 18.6127 -74.5814
rradius 130.784 0 0
rwrist -39.8392 0 0
rhand -24.2273 -19.1301 0
rfingers 7.12502 0 0
rthumb 2.24996 -768.936 0
586
root 6.18476 16.3874 -3.53837 -84.4402 87.2926 -89.8415
lfemur -17.7444 8.35897 -19.1435
ltibia 45.136 0 0
lfoot -31.2781 11.3101 0
ltoes 1.05267 0 0
rfemur -45.8017 -10.1285 15.2613
rtibia 55.3501 0 0
rfoot 7.65653 9.04167 0
rtoes -21.9977 0 0
lowerback 4.57868 -1.18894 -5.42443
upperback 1.88201 -1.75437 2.04357
thorax -0.384697 -0.90712 5.24427
lowerneck -5.67471 -12.8556 -3.69977
upperneck 12.4917 -17.7462 6.28158
head 5.60934 -8.4208 1.25754
lclavicle -3.22694e-15 2.62396e-15 0
lhumerus -26.0473 -27.7202 87.2164
lradius 53.5301 0 0
lwrist 23.3895 0 0
lhand -17.477 -2.25073 0
lfingers 7.12502 0 0
lthumb 8.76534 27.4123 0
rclavicle -3.22694e-15 2.62396e-15 0
rhumerus 20.6228 18.3021 -74.3736
rradius 131.177 0 0
rwrist -40.5535 0 0
rhand -24.5641 -19.2004 0
rfingers 7.12502 0 0
rthumb 1.9258 -769.031 0
587
root 6.1936 16.3866 -3.51302 -83.7614 87.2828 -89.1574
lfemur -17.6559 8.68246 -19.1063
ltibia 45.1053 0 0
lfoot -31.3502 11.5364 0
ltoes 0.888878 0 0
rfemur -45.643 -10.3338 15.3495
rtibia 55.1831 0 0
rfoot 7.65301 9.02137 0
rtoes -22.0661 0 0
lowerback 4.55285 -1.1996 -5.47345
upperback 1.89759 -1.77034 2.04867
thorax -0.351513 -0.915905 5.27764
lowerneck -5.63356 -12.8856 -3.71563
upperneck 12.5239 -17.7934 6.33331
head 5.61996 -8.44093 1.27231
lclavicle -3.26062e-15 2.74985e-15 0
lhumerus -25.7784 -27.6451 86.8616
lradius 53.496 0 0
lwrist 23.613 0 0
lhand -17.7869 -2.28554 0
lfingers 7.12502 0 0
lthumb 8.46784 27.4112 0
rclavicle -3.26062e-15 2.74985e-15 0
rhumerus 21.2927 17.9916 -74.1658
rradius 131.57 0 0
rwrist -41.2677 0 0
rhand -24.9009 -19.2706 0
rfingers 7.12502 0 0
rthumb 1.60165 -769.126 0
588
root 6.20244 16.3857 -3.48768 -83.0825 87.273 -88.4734
lfemur -17.5675 9.00595 -19.0691
ltibia 45.0747 0 0
lfoot -31.4223 11.7626 0
ltoes 0.725088 0 0
rfemur -45.4844 -10.5391 15.4378
rtibia 55.0162 0 0
rfoot 7.6495 9.00107 0
rtoes -22.1345 0 0
lowerback 4.52701 -1.21026 -5.52248
upperback 1.91318 -1.7863 2.05377
thorax -0.318329 -0.92469 5.31101
lowerneck -5.5924 -12.9157 -3.73149
upperneck 12.5561 -17.8407 6.38504
head 5.63059 -8.46105 1.28708
lclavicle -3.29431e-15 2.87575e-15 0
lhumerus -25.5095 -27.57 86.5068
lradius 53.462 0 0
lwrist 23.8364 0 0
lhand -18.0968 -2.32035 0
lfingers 7.12502 0 0
lthumb 8.17034 27.41 0
rclavicle -3.29431e-15 2.87575e-15 0
rhumerus 21.9625 17.681 -73.958
rradius 131.963 0 0
rwrist -41.982 0 0
rhand -25.2377 -19.3409 0
rfingers 7.12502 0 0
rthumb 1.27749 -769.221 0
589
root 6.21129 16.3849 -3.46234 -82.4037 87.2631 -87.7893
lfemur -17.4791 9.32944 -19.0318
ltibia 45.044 0 0
lfoot -31.4943 11.9889 0
ltoes 0.561297 0 0
rfemur -45.3257 -10.7444 15.526
rtibia 54.8492 0 0
rfoot 7.64598 8.98077 0
rtoes -22.2029 0 0
lowerback 4.50117 -1.22092 -5.5715
upperback 1.92877 -1.80227 2.05887
thorax -0.285146 -0.933475 5.34438
lowerneck -5.55125 -12.9458 -3.74735
upperneck 12.5883 -17.8879 6.43677
head 5.64121 -8.48118 1.30185
lclavicle -3.32799e-15 3.00165e-15 0
lhumerus -25.2406 -27.4949 86.152
lradius 53.428 0 0
lwrist 24.0599 0 0
lhand -18.4068 -2.35516 0
lfingers 7.12502 0 0
lthumb 7.87284 27.4088 0
rclavicle -3.32799e-15 3.00165e-15 0
rhumerus 22.6323 17.3705 -73.7502
rradius 132.356 0 0
rwrist -42.6963 0 0
rhand -25.5745 -19.4112 0
rfingers 7.12502 0 0
rthumb 0.953336 -769.316 0
590
root 6.22013 16.384 -3.437 -81.7248 87.2533 -87.1052
lfemur -17.3907 9.65292 -18.9946
ltibia 45.0133 0 0
lfoot -31.5664 12.2152 0
ltoes 0.397506 0 0
rfemur -45.1671 -10.9498 15.6142
rtibia 54.6822 0 0
rfoot 7.64247 8.96047 0
rtoes -22.2712 0 0
lowerback 4.47533 -1.23158 -5.62052
upperback 1.94436 -1.81823 2.06398
thorax -0.251962 -0.942261 5.37776
lowerneck -5.51009 -12.9759 -3.76321
upperneck 12.6206 -17.9352 6.48851
head 5.65184 -8.5013 1.31662
lclavicle -3.36167e-15 3.12755e-15 0
lhumerus -24.9716 -27.4198 85.7972
lradius 53.3939 0 0
lwrist 24.2833 0 0
lhand -18.7167 -2.38997 0
lfingers 7.12502 0 0
lthumb 7.57535 27.4076 0
rclavicle -3.36167e-15 3.12755e-15 0
rhumerus 23.3021 17.0599 -73.5425
rradius 132.748 0 0
rwrist -43.4106 0 0
rhand -25.9113 -19.4815 0
rfingers 7.12502 0 0
rthumb 0.62918 -769.412 0
591
root 6.22897 16.3832 -3.41165 -81.046 87.2435 -86.4211
lfemur -17.3022 9.97641 -18.9574
ltibia 44.9827 0 0
lfoot -31.6384 12.4415 0
ltoes 0.233715 0 0
rfemur -45.0084 -11.1551 15.7024
rtibia 54.5153 0 0
rfoot 7.63895 8.94017 0
rtoes -22.3396 0 0
lowerback 4.4495 -1.24224 -5.66955
upperback 1.95995 -1.8342 2.06908
thorax -0.218779 -0.951046 5.41113
lowerneck -5.46894 -13.0059 -3.77907
upperneck 12.6528 -17.9824 6.54024
head 5.66246 -8.52143 1.33139
lclavicle -3.39536e-15 3.25344e-15 0
lhumerus -24.7027 -27.3447 85.4424
lradius 53.3599 0 0
lwrist 24.5068 0 0
lhand -19.0266 -2.42478 0
lfingers 7.12502 0 0
lthumb 7.27785 27.4065 0
rclavicle -3.39536e-15 3.25344e-15 0
rhumerus 23.972 16.7494 -73.3347
rradius 133.141 0 0
rwrist -44.1249 0 0
rhand -26.2481 -19.5517 0
rfingers 7.12502 0 0
rthumb 0.305024 -769.507 0
592
root 6.23781 16.3823 -3.38631 -80.3671 87.2337 -85.737
lfemur -17.2138 10.2999 -18.9202
ltibia 44.952 0 0
lfoot -31.7105 12.6678 0
ltoes 0.0699242 0 0
rfemur -44.8498 -11.3604 15.7906
rtibia 54.3483 0 0
rfoot 7.63544 8.91987 0
rtoes -22.408 0 0
lowerback 4.42366 -1.2529 -5.71857
upperback 1.97554 -1.85016 2.07418
thorax -0.185595 -0.959831 5.4445
lowerneck -5.42778 -13.036 -3.79493
upperneck 12.685 -18.0297 6.59197
head 5.67309 -8.54155 1.34616
lclavicle -3.42904e-15 3.37934e-15 0
lhumerus -24.4338 -27.2696 85.0876
lradius 53.3258 0 0
lwrist 24.7302 0 0
lhand -19.3365 -2.45959 0
lfingers 7.12502 0 0
lthumb 6.98035 27.4053 0
rclavicle -3.42904e-15 3.37934e-15 0
rhumerus 24.6418 16.4388 -73.1269
rradius 133.534 0 0
rwrist -44.8392 0 0
rhand -26.5849 -19.622 0
rfingers 7.12502 0 0
rthumb -0.0191319 -769.602 0
593
root 6.19206 16.3843 -3.3857 -51.5444 86.6358 -56.9893
lfemur -17.3687 11.937 -18.9783
ltibia 44.993 0 0
lfoot -31.6569 12.7743 0
ltoes -0.17467 0 0
rfemur -44.446 -11.0051 16.2443
rtibia 52.9512 0 0
rfoot 6.63711 9.69047 0
rtoes -23.7933 0 0
lowerback 4.21685 -1.3117 -5.96887
upperback 1.89982 -1.93293 1.9414
thorax -0.132868 -1.00365 5.44557
lowerneck -5.45849 -12.9508 -3.75997
upperneck 12.8833 -17.9491 6.69502
head 5.74285 -8.48645 1.36976
lclavicle -2.19657e-14 0 0
lhumerus -23.9429 -27.7352 85.1314
lradius 53.4226 0 0
lwrist 24.7876 0 0
lhand -19.0791 -2.48137 0
lfingers 7.12502 0 0
lthumb 7.2288 27.3752 0
rclavicle -2.19657e-14 0 0
rhumerus 24.3659 16.1965 -73.223
rradius 133.323 0 0
rwrist -45.3556 0 0
rhand -26.9399 -19.9285 0
rfingers 7.12502 0 0
rthumb -0.362069 -769.908 0
594
root 6.14549 16.3892 -3.38918 -33.3815 85.379 -38.9495
lfemur -17.5457 13.5945 -19.0508
ltibia 44.9856 0 0
lfoot -31.5945 12.9037 0
ltoes -0.249614 0 0
rfemur -44.2184 -10.7706 16.7995
rtibia 51.5974 0 0
rfoot 5.95449 10.7834 0
rtoes -25.0241 0 0
lowerback 4.00601 -1.37185 -6.17394
upperback 1.81202 -2.01442 1.81347
thorax -0.0917959 -1.04567 5.42561
lowerneck -5.51946 -12.8504 -3.71043
upperneck 13.0753 -17.8471 6.7812
head 5.81165 -8.42094 1.38682
lclavicle -9.64106e-15 -1.31198e-14 0
lhumerus -23.5399 -28.1942 85.2585
lradius 53.5209 0 0
lwrist 24.8222 0 0
lhand -18.7789 -2.46787 0
lfingers 7.12502 0 0
lthumb 7.5186 27.3785 0
rclavicle -9.64106e-15 -1.31198e-14 0
rhumerus 24.1254 15.8527 -73.3088
rradius 133.076 0 0
rwrist -46.0171 0 0
rhand -27.2882 -20.3059 0
rfingers 7.12502 0 0
rthumb -0.698465 -770.285 0
595
root 6.09812 16.3973 -3.3967 -23.1241 83.7521 -28.8525
lfemur -17.7349 15.2435 -19.1338
ltibia 44.9311 0 0
lfoot -31.5217 13.0772 0
ltoes -0.180943 0 0
rfemur -44.1576 -10.6798 17.4586
rtibia 50.3311 0 0
rfoot 5.61365 12.1788 0
rtoes -25.9941 0 0
lowerback 3.807 -1.43452 -6.33226
upperback 1.71604 -2.09722 1.69572
thorax -0.0668831 -1.0871 5.38992
lowerneck -5.61118 -12.7345 -3.6435
upperneck 13.2507 -17.723 6.85165
head 5.8762 -8.3449 1.39765
lclavicle 2.34566e-14 -4.37326e-15 0
lhumerus -23.2184 -28.6645 85.4675
lradius 53.6188 0 0
lwrist 24.8355 0 0
lhand -18.4576 -2.42212 0
lfingers 7.12502 0 0
lthumb 7.82873 27.4129 0
rclavicle 2.34566e-14 -4.37326e-15 0
rhumerus 23.9287 15.4051 -73.3727
rradius 132.785 0 0
rwrist -46.8088 0 0
rhand -27.6156 -20.7422 0
rfingers 7.12502 0 0
rthumb -1.01463 -770.72 0
596
root 6.08929 16.3909 -3.35119 -22.6091 82.4878 -28.4736
lfemur -17.8633 15.4069 -19.1649
ltibia 45.3747 0 0
lfoot -31.0763 12.8617 0
ltoes -0.168132 0 0
rfemur -44.1915 -10.765 17.6179
rtibia 50.5477 0 0
rfoot 5.23677 11.9237 0
rtoes -25.6316 0 0
lowerback 3.74636 -1.49947 -6.2587
upperback 1.66785 -2.18153 1.68778
thorax -0.0830884 -1.12865 5.33921
lowerneck -5.67057 -12.6272 -3.59208
upperneck 13.1011 -17.5727 6.79715
head 5.83087 -8.2752 1.38561
lclavicle 2.33521e-14 -4.40384e-15 0
lhumerus -22.9856 -29.203 85.4539
lradius 54.0365 0 0
lwrist 24.8749 0 0
lhand -18.3732 -2.39296 0
lfingers 7.12502 0 0
lthumb 7.91012 27.4377 0
rclavicle 2.33521e-14 -4.40384e-15 0
rhumerus 22.9689 15.0439 -73.0827
rradius 131.931 0 0
rwrist -46.4667 0 0
rhand -27.6143 -21.0962 0
rfingers 7.12502 0 0
rthumb -1.01342 -771.074 0
597
root 6.08045 16.3844 -3.30569 -22.0941 81.2235 -28.0947
lfemur -17.9916 15.5703 -19.1959
ltibia 45.8184 0 0
lfoot -30.6309 12.6461 0
ltoes -0.155321 0 0
rfemur -44.2254 -10.8502 17.7772
rtibia 50.7644 0 0
rfoot 4.85988 11.6687 0
rtoes -25.269 0 0
lowerback 3.68573 -1.56443 -6.18514
upperback 1.61966 -2.26585 1.67984
thorax -0.0992938 -1.1702 5.28849
lowerneck -5.72995 -12.52 -3.54065
upperneck 12.9515 -17.4225 6.74265
head 5.78554 -8.2055 1.37356
lclavicle 2.32476e-14 -4.43442e-15 0
lhumerus -22.7528 -29.7415 85.4402
lradius 54.4542 0 0
lwrist 24.9144 0 0
lhand -18.2888 -2.3638 0
lfingers 7.12502 0 0
lthumb 7.99151 27.4625 0
rclavicle 2.32476e-14 -4.43442e-15 0
rhumerus 22.009 14.6827 -72.7927
rradius 131.077 0 0
rwrist -46.1246 0 0
rhand -27.6131 -21.4501 0
rfingers 7.12502 0 0
rthumb -1.01221 -771.428 0
598
root 6.07162 16.378 -3.26018 -21.5791 79.9592 -27.7158
lfemur -18.12 15.7338 -19.227
ltibia 46.262 0 0
lfoot -30.1855 12.4306 0
ltoes -0.142509 0 0
rfemur -44.2593 -10.9354 17.9365
rtibia 50.981 0 0
rfoot 4.483 11.4136 0
rtoes -24.9065 0 0
lowerback 3.62509 -1.62938 -6.11158
upperback 1.57147 -2.35016 1.6719
thorax -0.115499 -1.21174 5.23778
lowerneck -5.78934 -12.4127 -3.48923
upperneck 12.8018 -17.2722 6.68815
head 5.7402 -8.13581 1.36152
lclavicle 2.31431e-14 -4.46501e-15 0
lhumerus -22.5201 -30.2801 85.4266
lradius 54.8719 0 0
lwrist 24.9538 0 0
lhand -18.2044 -2.33464 0
lfingers 7.12502 0 0
lthumb 8.0729 27.4874 0
rclavicle 2.31431e-14 -4.46501e-15 0
rhumerus 21.0492 14.3215 -72.5027
rradius 130.223 0 0
rwrist -45.7825 0 0
rhand -27.6118 -21.8041 0
rfingers 7.12502 0 0
rthumb -1.011 -771.782 0
599
root 6.06278 16.3716 -3.21468 -21.0641 78.6949 -27.3369
lfemur -18.2484 15.8972 -19.2581
ltibia 46.7056 0 0
lfoot -29.7401 12.215 0
ltoes -0.129698 0 0
rfemur -44.2932 -11.0206 18.0958
rtibia 51.1976 0 0
rfoot 4.10611 11.1585 0
rtoes -24.544 0 0
lowerback 3.56445 -1.69433 -6.03802
upperback 1.52327 -2.43448 1.66396
thorax -0.131704 -1.25329 5.18707
lowerneck -5.84873 -12.3054 -3.43781
upperneck 12.6522 -17.1219 6.63365
head 5.69487 -8.06611 1.34947
lclavicle 2.30386e-14 -4.49559e-15 0
lhumerus -22.2873 -30.8186 85.413
lradius 55.2896 0 0
lwrist 24.9933 0 0
lhand -18.12 -2.30548 0
lfingers 7.12502 0 0
lthumb 8.15429 27.5122 0
rclavicle 2.30386e-14 -4.49559e-15 0
rhumerus 20.0894 13.9603 -72.2128
rradius 129.369 0 0
rwrist -45.4404 0 0
rhand -27.6106 -22.1581 0
rfingers 7.12502 0 0
rthumb -1.00979 -772.136 0
600
root 6.05395 16.3651 -3.16917 -20.5491 77.4305 -26.9581
lfemur -18.3767 16.0606 -19.2891
ltibia 47.1493 0 0
lfoot -29.2947 11.9995 0
ltoes -0.116887 0 0
rfemur -44.3271 -11.1059 18.2551
rtibia 51.4143 0 0
rfoot 3.72923 10.9035 0
rtoes -24.1814 0 0
lowerback 3.50382 -1.75929 -5.96446
upperback 1.47508 -2.51879 1.65602
thorax -0.14791 -1.29484 5.13636
lowerneck -5.90812 -12.1982 -3.38639
upperneck 12.5026 -16.9716 6.57915
head 5.64954 -7.99641 1.33743
lclavicle 2.29342e-14 -4.52617e-15 0
lhumerus -22.0545 -31.3571 85.3993
lradius 55.7072 0 0
lwrist 25.0327 0 0
lhand -18.0357 -2.27632 0
lfingers 7.12502 0 0
lthumb 8.23568 27.537 0
rclavicle 2.29342e-14 -4.52617e-15 0
rhumerus 19.1295 13.5992 -71.9228
rradius 128.515 0 0
rwrist -45.0983 0 0
rhand -27.6093 -22.5121 0
rfingers 7.12502 0 0
rthumb -1.00858 -772.49 0
601
root 6.04512 16.3587 -3.12367 -20.0341 76.1662 -26.5792
lfemur -18.5051 16.224 -19.3202
ltibia 47.5929 0 0
lfoot -28.8493 11.784 0
ltoes -0.104076 0 0
rfemur -44.361 -11.1911 18.4144
rtibia 51.6309 0 0
rfoot 3.35235 10.6484 0
rtoes -23.8189 0 0
lowerback 3.44318 -1.82424 -5.8909
upperback 1.42689 -2.6031 1.64809
thorax -0.164115 -1.33639 5.08564
lowerneck -5.9675 -12.0909 -3.33496
upperneck 12.353 -16.8214 6.52465
head 5.60421 -7.92671 1.32538
lclavicle 2.28297e-14 -4.55675e-15 0
lhumerus -21.8217 -31.8956 85.3857
lradius 56.1249 0 0
lwrist 25.0722 0 0
lhand -17.9513 -2.24716 0
lfingers 7.12502 0 0
lthumb 8.31707 27.5618 0
rclavicle 2.28297e-14 -4.55675e-15 0
rhumerus 18.1697 13.238 -71.6328
rradius 127.66 0 0
rwrist -44.7562 0 0
rhand -27.6081 -22.866 0
rfingers 7.12502 0 0
rthumb -1.00737 -772.844 0
602
root 6.03628 16.3523 -3.07816 -19.5192 74.9019 -26.2003
lfemur -18.6334 16.3874 -19.3513
ltibia 48.0366 0 0
lfoot -28.4039 11.5684 0
ltoes -0.0912643 0 0
rfemur -44.3949 -11.2763 18.5737
rtibia 51.8475 0 0
rfoot 2.97546 10.3933 0
rtoes -23.4564 0 0
lowerback 3.38254 -1.88919 -5.81734
upperback 1.3787 -2.68742 1.64015
thorax -0.180321 -1.37794 5.03493
lowerneck -6.02689 -11.9836 -3.28354
upperneck 12.2034 -16.6711 6.47015
head 5.55888 -7.85702 1.31334
lclavicle 2.27252e-14 -4.58734e-15 0
lhumerus -21.5889 -32.4342 85.3721
lradius 56.5426 0 0
lwrist 25.1116 0 0
lhand -17.8669 -2.218 0
lfingers 7.12502 0 0
lthumb 8.39846 27.5866 0
rclavicle 2.27252e-14 -4.58734e-15 0
rhumerus 17.2098 12.8768 -71.3428
rradius 126.806 0 0
rwrist -44.4141 0 0
rhand -27.6068 -23.22 0
rfingers 7.12502 0 0
rthumb -1.00616 -773.198 0
603
root 6.02745 16.3458 -3.03265 -19.0042 73.6376 -25.8214
lfemur -18.7618 16.5508 -19.3823
ltibia 48.4802 0 0
lfoot -27.9585 11.3529 0
ltoes -0.0784531 0 0
rfemur -44.4288 -11.3615 18.733
rtibia 52.0642 0 0
rfoot 2.59858 10.1383 0
rtoes -23.0939 0 0
lowerback 3.32191 -1.95414 -5.74378
upperback 1.33051 -2.77173 1.63221
thorax -0.196526 -1.41948 4.98422
lowerneck -6.08628 -11.8763 -3.23212
upperneck 12.0537 -16.5208 6.41565
head 5.51355 -7.78732 1.3013
lclavicle 2.26207e-14 -4.61792e-15 0
lhumerus -21.3561 -32.9727 85.3585
lradius 56.9603 0 0
lwrist 25.1511 0 0
lhand -17.7825 -2.18884 0
lfingers 7.12502 0 0
lthumb 8.47986 27.6114 0
rclavicle 2.26207e-14 -4.61792e-15 0
rhumerus 16.25 12.5156 -71.0528
rradius 125.952 0 0
rwrist -44.072 0 0
rhand -27.6056 -23.574 0
rfingers 7.12502 0 0
rthumb -1.00495 -773.552 0
604
root 6.01862 16.3394 -2.98715 -18.4892 72.3733 -25.4425
lfemur -18.8902 16.7143 -19.4134
ltibia 48.9238 0 0
lfoot -27.5131 11.1373 0
ltoes -0.0656418 0 0
rfemur -44.4627 -11.4467 18.8923
rtibia 52.2808 0 0
rfoot 2.22169 9.88321 0
rtoes -22.7313 0 0
lowerback 3.26127 -2.0191 -5.67022
upperback 1.28232 -2.85604 1.62427
thorax -0.212731 -1.46103 4.9335
lowerneck -6.14567 -11.7691 -3.1807
upperneck 11.9041 -16.3705 6.36115
head 5.46821 -7.71762 1.28925
lclavicle 2.25162e-14 -4.6485e-15 0
lhumerus -21.1234 -33.5112 85.3448
lradius 57.378 0 0
lwrist 25.1905 0 0
lhand -17.6981 -2.15968 0
lfingers 7.12502 0 0
lthumb 8.56125 27.6363 0
rclavicle 2.25162e-14 -4.6485e-15 0
rhumerus 15.2902 12.1544 -70.7628
rradius 125.098 0 0
rwrist -43.7299 0 0
rhand -27.6043 -23.9279 0
rfingers 7.12502 0 0
rthumb -1.00374 -773.906 0
605
root 6.00978 16.333 -2.94164 -17.9742 71.109 -25.0636
lfemur -19.0185 16.8777 -19.4445
ltibia 49.3675 0 0
lfoot -27.0677 10.9218 0
ltoes -0.0528306 0 0
rfemur -44.4966 -11.5319 19.0517
rtibia 52.4974 0 0
rfoot 1.84481 9.62814 0
rtoes -22.3688 0 0
lowerback 3.20063 -2.08405 -5.59666
upperback 1.23413 -2.94036 1.61633
thorax -0.228937 -1.50258 4.88279
lowerneck -6.20505 -11.6618 -3.12927
upperneck 11.7545 -16.2203 6.30665
head 5.42288 -7.64792 1.27721
lclavicle 2.24117e-14 -4.67908e-15 0
lhumerus -20.8906 -34.0497 85.3312
lradius 57.7957 0 0
lwrist 25.23 0 0
lhand -17.6137 -2.13052 0
lfingers 7.12502 0 0
lthumb 8.64264 27.6611 0
rclavicle 2.24117e-14 -4.67908e-15 0
rhumerus 14.3303 11.7932 -70.4728
rradius 124.244 0 0
rwrist -43.3878 0 0
rhand -27.6031 -24.2819 0
rfingers 7.12502 0 0
rthumb -1.00253 -774.26 0
606
root 6.00095 16.3265 -2.89614 -17.4592 69.8447 -24.6847
lfemur -19.1469 17.0411 -19.4755
ltibia 49.8111 0 0
lfoot -26.6223 10.7063 0
ltoes -0.0400193 0 0
rfemur -44.5305 -11.6171 19.211
rtibia 52.7141 0 0
rfoot 1.46793 9.37308 0
rtoes -22.0063 0 0
lowerback 3.14 -2.149 -5.5231
upperback 1.18593 -3.02467 1.60839
thorax -0.245142 -1.54413 4.83208
lowerneck -6.26444 -11.5545 -3.07785
upperneck 11.6049 -16.07 6.25215
head 5.37755 -7.57823 1.26516
lclavicle 2.23072e-14 -4.70967e-15 0
lhumerus -20.6578 -34.5882 85.3176
lradius 58.2134 0 0
lwrist 25.2694 0 0
lhand -17.5293 -2.10136 0
lfingers 7.12502 0 0
lthumb 8.72403 27.6859 0
rclavicle 2.23072e-14 -4.70967e-15 0
rhumerus 13.3705 11.432 -70.1829
rradius 123.39 0 0
rwrist -43.0457 0 0
rhand -27.6018 -24.6359 0
rfingers 7.12502 0 0
rthumb -1.00132 -774.614 0
607
root 5.99211 16.3201 -2.85063 -16.9442 68.5804 -24.3058
lfemur -19.2753 17.2045 -19.5066
ltibia 50.2547 0 0
lfoot -26.1769 10.4907 0
ltoes -0.0272081 0 0
rfemur -44.5644 -11.7023 19.3703
rtibia 52.9307 0 0
rfoot 1.09104 9.11801 0
rtoes -21.6437 0 0
lowerback 3.07936 -2.21396 -5.44954
upperback 1.13774 -3.10899 1.60045
thorax -0.261347 -1.58568 4.78137
lowerneck -6.32383 -11.4473 -3.02643
upperneck 11.4553 -15.9197 6.19765
head 5.33222 -7.50853 1.25312
lclavicle 2.22027e-14 -4.74025e-15 0
lhumerus -20.425 -35.1268 85.3039
lradius 58.6311 0 0
lwrist 25.3089 0 0
lhand -17.4449 -2.0722 0
lfingers 7.12502 0 0
lthumb 8.80542 27.7107 0
rclavicle 2.22027e-14 -4.74025e-15 0
rhumerus 12.4107 11.0708 -69.8929
rradius 122.536 0 0
rwrist -42.7036 0 0
rhand -27.6006 -24.9899 0
rfingers 7.12502 0 0
rthumb -1.00011 -774.968 0
608
root 5.98328 16.3137 -2.80512 -16.4292 67.3161 -23.927
lfemur -19.4036 17.3679 -19.5377
ltibia 50.6984 0 0
lfoot -25.7315 10.2752 0
ltoes -0.0143968 0 0
rfemur -44.5984 -11.7875 19.5296
rtibia 53.1473 0 0
rfoot 0.714158 8.86295 0
rtoes -21.2812 0 0
lowerback 3.01872 -2.27891 -5.37598
upperback 1.08955 -3.1933 1.59251
thorax -0.277553 -1.62722 4.73065
lowerneck -6.38322 -11.34 -2.975
upperneck 11.3056 -15.7694 6.14315
head 5.28689 -7.43883 1.24107
lclavicle 2.20982e-14 -4.77083e-15 0
lhumerus -20.1922 -35.6653 85.2903
lradius 59.0487 0 0
lwrist 25.3483 0 0
lhand -17.3605 -2.04304 0
lfingers 7.12502 0 0
lthumb 8.88681 27.7355 0
rclavicle 2.20982e-14 -4.77083e-15 0
rhumerus 11.4508 10.7096 -69.6029
rradius 121.682 0 0
rwrist -42.3615 0 0
rhand -27.5993 -25.3438 0
rfingers 7.12502 0 0
rthumb -0.9989 -775.322 0
609
root 5.97445 16.3073 -2.75962 -15.9142 66.0518 -23.5481
lfemur -19.532 17.5314 -19.5687
ltibia 51.142 0 0
lfoot -25.2861 10.0596 0
ltoes -0.00158559 0 0
rfemur -44.6323 -11.8727 19.6889
rtibia 53.364 0 0
rfoot 0.337274 8.60788 0
rtoes -20.9187 0 0
lowerback 2.95809 -2.34386 -5.30242
upperback 1.04136 -3.27761 1.58457
thorax -0.293758 -1.66877 4.67994
lowerneck -6.4426 -11.2327 -2.92358
upperneck 11.156 -15.6192 6.08864
head 5.24155 -7.36913 1.22903
lclavicle 2.19937e-14 -4.80141e-15 0
lhumerus -19.9594 -36.2038 85.2767
lradius 59.4664 0 0
lwrist 25.3877 0 0
lhand -17.2762 -2.01388 0
lfingers 7.12502 0 0
lthumb 8.9682 27.7603 0
rclavicle 2.19937e-14 -4.80141e-15 0
rhumerus 10.491 10.3484 -69.3129
rradius 120.828 0 0
rwrist -42.0193 0 0
rhand -27.5981 -25.6978 0
rfingers 7.12502 0 0
rthumb -0.99769 -775.676 0
610
root 5.96561 16.3008 -2.71411 -15.3992 64.7874 -23.1692
lfemur -19.6603 17.6948 -19.5998
ltibia 51.5856 0 0
lfoot -24.8407 9.84411 0
ltoes 0.0112257 0 0
rfemur -44.6662 -11.958 19.8482
rtibia 53.5806 0 0
rfoot -0.0396096 8.35282 0
rtoes -20.5561 0 0
lowerback 2.89745 -2.40882 -5.22886
upperback 0.993169 -3.36193 1.57663
thorax -0.309963 -1.71032 4.62923
lowerneck -6.50199 -11.1255 -2.87216
upperneck 11.0064 -15.4689 6.03414
head 5.19622 -7.29943 1.21698
lclavicle 2.18893e-14 -4.83199e-15 0
lhumerus -19.7267 -36.7423 85.263
lradius 59.8841 0 0
lwrist 25.4272 0 0
lhand -17.1918 -1.98472 0
lfingers 7.12502 0 0
lthumb 9.04959 27.7852 0
rclavicle 2.18893e-14 -4.83199e-15 0
rhumerus 9.53116 9.98725 -69.0229
rradius 119.974 0 0
rwrist -41.6772 0 0
rhand -27.5968 -26.0518 0
rfingers 7.12502 0 0
rthumb -0.99648 -776.03 0
611
root 5.95678 16.2944 -2.66861 -14.8842 63.5231 -22.7903
lfemur -19.7887 17.8582 -19.6309
ltibia 52.0293 0 0
lfoot -24.3953 9.62857 0
ltoes 0.0240369 0 0
rfemur -44.7001 -12.0432 20.0075
rtibia 53.7973 0 0
rfoot -0.416494 8.09775 0
rtoes -20.1936 0 0
lowerback 2.83681 -2.47377 -5.1553
upperback 0.944977 -3.44624 1.56869
thorax -0.326169 -1.75187 4.57851
lowerneck -6.56138 -11.0182 -2.82074
upperneck 10.8568 -15.3186 5.97964
head 5.15089 -7.22974 1.20494
lclavicle 2.17848e-14 -4.86258e-15 0
lhumerus -19.4939 -37.2808 85.2494
lradius 60.3018 0 0
lwrist 25.4666 0 0
lhand -17.1074 -1.95557 0
lfingers 7.12502 0 0
lthumb 9.13098 27.81 0
rclavicle 2.17848e-14 -4.86258e-15 0
rhumerus 8.57133 9.62606 -68.7329
rradius 119.12 0 0
rwrist -41.3351 0 0
rhand -27.5956 -26.4057 0
rfingers 7.12502 0 0
rthumb -0.99527 -776.384 0
612
root 5.94794 16.288 -2.6231 -14.3692 62.2588 -22.4114
lfemur -19.9171 18.0216 -19.6619
ltibia 52.4729 0 0
lfoot -23.9499 9.41303 0
ltoes 0.0368481 0 0
rfemur -44.734 -12.1284 20.1668
rtibia 54.0139 0 0
rfoot -0.793378 7.84269 0
rtoes -19.8311 0 0
lowerback 2.77618 -2.53872 -5.08174
upperback 0.896786 -3.53056 1.56076
thorax -0.342374 -1.79342 4.5278
lowerneck -6.62077 -10.9109 -2.76931
upperneck 10.7072 -15.1683 5.92514
head 5.10556 -7.16004 1.1929
lclavicle 2.16803e-14 -4.89316e-15 0
lhumerus -19.2611 -37.8194 85.2358
lradius 60.7195 0 0
lwrist 25.5061 0 0
lhand -17.023 -1.92641 0
lfingers 7.12502 0 0
lthumb 9.21237 27.8348 0
rclavicle 2.16803e-14 -4.89316e-15 0
rhumerus 7.61149 9.26487 -68.4429
rradius 118.265 0 0
rwrist -40.993 0 0
rhand -27.5943 -26.7597 0
rfingers 7.12502 0 0
rthumb -0.99406 -776.738 0
613
root 5.93911 16.2815 -2.5776 -13.8542 60.9945 -22.0325
lfemur -20.0454 18.185 -19.693
ltibia 52.9165 0 0
lfoot -23.5045 9.19749 0
ltoes 0.0496594 0 0
rfemur -44.7679 -12.2136 20.3261
rtibia 54.2305 0 0
rfoot -1.17026 7.58762 0
rtoes -19.4686 0 0
lowerback 2.71554 -2.60368 -5.00818
upperback 0.848595 -3.61487 1.55282
thorax -0.358579 -1.83496 4.47709
lowerneck -6.68015 -10.8037 -2.71789
upperneck 10.5575 -15.0181 5.87064
head 5.06023 -7.09034 1.18085
lclavicle 2.15758e-14 -4.92374e-15 0
lhumerus -19.0283 -38.3579 85.2221
lradius 61.1372 0 0
lwrist 25.5455 0 0
lhand -16.9386 -1.89725 0
lfingers 7.12502 0 0
lthumb 9.29376 27.8596 0
rclavicle 2.15758e-14 -4.92374e-15 0
rhumerus 6.65165 8.90368 -68.153
rradius 117.411 0 0
rwrist -40.6509 0 0
rhand -27.5931 -27.1137 0
rfingers 7.12502 0 0
rthumb -0.99285 -777.092 0
614
root 5.93028 16.2751 -2.53209 -13.3392 59.7302 -21.6536
lfemur -20.1738 18.3484 -19.7241
ltibia 53.3602 0 0
lfoot -23.0591 8.98195 0
ltoes 0.0624706 0 0
rfemur -44.8018 -12.2988 20.4854
rtibia 54.4472 0 0
rfoot -1.54715 7.33256 0
rtoes -19.106 0 0
lowerback 2.6549 -2.66863 -4.93462
upperback 0.800403 -3.69918 1.54488
thorax -0.374785 -1.87651 4.42638
lowerneck -6.73954 -10.6964 -2.66647
upperneck 10.4079 -14.8678 5.81614
head 5.0149 -7.02064 1.16881
lclavicle 2.14713e-14 -4.95432e-15 0
lhumerus -18.7955 -38.8964 85.2085
lradius 61.5549 0 0
lwrist 25.585 0 0
lhand -16.8542 -1.86809 0
lfingers 7.12502 0 0
lthumb 9.37515 27.8844 0
rclavicle 2.14713e-14 -4.95432e-15 0
rhumerus 5.69182 8.54249 -67.863
rradius 116.557 0 0
rwrist -40.3088 0 0
rhand -27.5918 -27.4677 0
rfingers 7.12502 0 0
rthumb -0.99164 -777.446 0
615
root 5.92144 16.2687 -2.48658 -12.8243 58.4659 -21.2747
lfemur -20.3022 18.5119 -19.7551
ltibia 53.8038 0 0
lfoot -22.6137 8.76641 0
ltoes 0.0752819 0 0
rfemur -44.8357 -12.384 20.6447
rtibia 54.6638 0 0
rfoot -1.92403 7.07749 0
rtoes -18.7435 0 0
lowerback 2.59427 -2.73358 -4.86106
upperback 0.752212 -3.7835 1.53694
thorax -0.39099 -1.91806 4.37566
lowerneck -6.79893 -10.5891 -2.61505
upperneck 10.2583 -14.7175 5.76164
head 4.96956 -6.95095 1.15676
lclavicle 2.13668e-14 -4.98491e-15 0
lhumerus -18.5627 -39.4349 85.1949
lradius 61.9726 0 0
lwrist 25.6244 0 0
lhand -16.7698 -1.83893 0
lfingers 7.12502 0 0
lthumb 9.45654 27.9092 0
rclavicle 2.13668e-14 -4.98491e-15 0
rhumerus 4.73198 8.18131 -67.573
rradius 115.703 0 0
rwrist -39.9667 0 0
rhand -27.5905 -27.8216 0
rfingers 7.12502 0 0
rthumb -0.99043 -777.799 0
616
root 5.91261 16.2622 -2.44108 -12.3093 57.2016 -20.8959
lfemur -20.4305 18.6753 -19.7862
ltibia 54.2475 0 0
lfoot -22.1683 8.55087 0
ltoes 0.0880931 0 0
rfemur -44.8696 -12.4692 20.804
rtibia 54.8804 0 0
rfoot -2.30091 6.82242 0
rtoes -18.381 0 0
lowerback 2.53363 -2.79853 -4.7875
upperback 0.70402 -3.86781 1.529
thorax -0.407195 -1.95961 4.32495
lowerneck -6.85832 -10.4819 -2.56362
upperneck 10.1087 -14.5672 5.70714
head 4.92423 -6.88125 1.14472
lclavicle 2.12623e-14 -5.01549e-15 0
lhumerus -18.33 -39.9735 85.1813
lradius 62.3903 0 0
lwrist 25.6639 0 0
lhand -16.6854 -1.80977 0
lfingers 7.12502 0 0
lthumb 9.53793 27.934 0
rclavicle 2.12623e-14 -5.01549e-15 0
rhumerus 3.77215 7.82012 -67.283
rradius 114.849 0 0
rwrist -39.6246 0 0
rhand -27.5893 -28.1756 0
rfingers 7.12502 0 0
rthumb -0.98922 -778.153 0
617
root 5.90378 16.2558 -2.39557 -11.7943 55.9373 -20.517
lfemur -20.5589 18.8387 -19.8173
ltibia 54.6911 0 0
lfoot -21.7229 8.33533 0
ltoes 0.100904 0 0
rfemur -44.9035 -12.5544 20.9633
rtibia 55.0971 0 0
rfoot -2.6778 6.56736 0
rtoes -18.0184 0 0
lowerback 2.47299 -2.86349 -4.71394
upperback 0.655829 -3.95212 1.52106
thorax -0.423401 -2.00115 4.27424
lowerneck -6.9177 -10.3746 -2.5122
upperneck 9.95907 -14.417 5.65264
head 4.8789 -6.81155 1.13267
lclavicle 2.11578e-14 -5.04607e-15 0
lhumerus -18.0972 -40.512 85.1676
lradius 62.8079 0 0
lwrist 25.7033 0 0
lhand -16.6011 -1.78061 0
lfingers 7.12502 0 0
lthumb 9.61932 27.9589 0
rclavicle 2.11578e-14 -5.04607e-15 0
rhumerus 2.81231 7.45893 -66.993
rradius 113.995 0 0
rwrist -39.2825 0 0
rhand -27.588 -28.5296 0
rfingers 7.12502 0 0
rthumb -0.98801 -778.507 0
618
root 5.89494 16.2494 -2.35007 -11.2793 54.673 -20.1381
lfemur -20.6872 19.0021 -19.8483
ltibia 55.1347 0 0
lfoot -21.2775 8.11979 0
ltoes 0.113716 0 0
rfemur -44.9374 -12.6396 21.1226
rtibia 55.3137 0 0
rfoot -3.05468 6.31229 0
rtoes -17.6559 0 0
lowerback 2.41236 -2.92844 -4.64038
upperback 0.607638 -4.03644 1.51312
thorax -0.439606 -2.0427 4.22353
lowerneck -6.97709 -10.2673 -2.46078
upperneck 9.80945 -14.2667 5.59814
head 4.83357 -6.74185 1.12063
lclavicle 2.10533e-14 -5.07665e-15 0
lhumerus -17.8644 -41.0505 85.154
lradius 63.2256 0 0
lwrist 25.7428 0 0
lhand -16.5167 -1.75145 0
lfingers 7.12502 0 0
lthumb 9.70071 27.9837 0
rclavicle 2.10533e-14 -5.07665e-15 0
rhumerus 1.85247 7.09774 -66.703
rradius 113.141 0 0
rwrist -38.9404 0 0
rhand -27.5868 -28.8836 0
rfingers 7.12502 0 0
rthumb -0.9868 -778.861 0
619
root 5.88611 16.2429 -2.30456 -10.7643 53.4087 -19.7592
lfemur -20.8156 19.1655 -19.8794
ltibia 55.5784 0 0
lfoot -20.8321 7.90425 0
ltoes 0.126527 0 0
rfemur -44.9713 -12.7248 21.2819
rtibia 55.5303 0 0
rfoot -3.43157 6.05723 0
rtoes -17.2934 0 0
lowerback 2.35172 -2.99339 -4.56682
upperback 0.559446 -4.12075 1.50518
thorax -0.455811 -2.08425 4.17281
lowerneck -7.03648 -10.16 -2.40935
upperneck 9.65983 -14.1164 5.54364
head 4.78824 -6.67216 1.10859
lclavicle 2.09488e-14 -5.10724e-15 0
lhumerus -17.6316 -41.589 85.1404
lradius 63.6433 0 0
lwrist 25.7822 0 0
lhand -16.4323 -1.72229 0
lfingers 7.12502 0 0
lthumb 9.78211 28.0085 0
rclavicle 2.09488e-14 -5.10724e-15 0
rhumerus 0.892638 6.73655 -66.413
rradius 112.287 0 0
rwrist -38.5983 0 0
rhand -27.5855 -29.2375 0
rfingers 7.12502 0 0
rthumb -0.98559 -779.215 0
620
root 5.87727 16.2365 -2.25906 -10.2493 52.1443 -19.3803
lfemur -20.944 19.3289 -19.9105
ltibia 56.022 0 0
lfoot -20.3867 7.68871 0
ltoes 0.139338 0 0
rfemur -45.0052 -12.8101 21.4412
rtibia 55.747 0 0
rfoot -3.80845 5.80216 0
rtoes -16.9308 0 0
lowerback 2.29108 -3.05835 -4.49326
upperback 0.511255 -4.20507 1.49724
thorax -0.472017 -2.1258 4.1221
lowerneck -7.09587 -10.0528 -2.35793
upperneck 9.51021 -13.9661 5.48914
head 4.74291 -6.60246 1.09654
lclavicle 2.08444e-14 -5.13782e-15 0
lhumerus -17.3988 -42.1275 85.1267
lradius 64.061 0 0
lwrist 25.8217 0 0
lhand -16.3479 -1.69313 0
lfingers 7.12502 0 0
lthumb 9.8635 28.0333 0
rclavicle 2.08444e-14 -5.13782e-15 0
rhumerus -0.0671974 6.37536 -66.1231
rradius 111.433 0 0
rwrist -38.2562 0 0
rhand -27.5843 -29.5915 0
rfingers 7.12502 0 0
rthumb -0.98438 -779.569 0
621
root 5.86844 16.2301 -2.21355 -9.7343 50.88 -19.0014
lfemur -21.0723 19.4924 -19.9415
ltibia 56.4656 0 0
lfoot -19.9413 7.47317 0
ltoes 0.152149 0 0
rfemur -45.0391 -12.8953 21.6005
rtibia 55.9636 0 0
rfoot -4.18533 5.5471 0
rtoes -16.5683 0 0
lowerback 2.23045 -3.1233 -4.4197
upperback 0.463063 -4.28938 1.4893
thorax -0.488222 -2.16735 4.07139
lowerneck -7.15525 -9.94551 -2.30651
upperneck 9.36059 -13.8159 5.43464
head 4.69757 -6.53276 1.0845
lclavicle 2.07399e-14 -5.1684e-15 0
lhumerus -17.166 -42.6661 85.1131
lradius 64.4787 0 0
lwrist 25.8611 0 0
lhand -16.2635 -1.66397 0
lfingers 7.12502 0 0
lthumb 9.94489 28.0581 0
rclavicle 2.07399e-14 -5.1684e-15 0
rhumerus -1.02703 6.01417 -65.8331
rradius 110.579 0 0
rwrist -37.9141 0 0
rhand -27.583 -29.9455 0
rfingers 7.12502 0 0
rthumb -0.98317 -779.923 0
622
root 5.85961 16.2236 -2.16804 -9.21931 49.6157 -18.6225
lfemur -21.2007 19.6558 -19.9726
ltibia 56.9093 0 0
lfoot -19.4959 7.25763 0
ltoes 0.164961 0 0
rfemur -45.073 -12.9805 21.7598
rtibia 56.1802 0 0
rfoot -4.56222 5.29203 0
rtoes -16.2058 0 0
lowerback 2.16981 -3.18825 -4.34614
upperback 0.414872 -4.37369 1.48136
thorax -0.504427 -2.20889 4.02067
lowerneck -7.21464 -9.83824 -2.25509
upperneck 9.21097 -13.6656 5.38014
head 4.65224 -6.46306 1.07245
lclavicle 2.06354e-14 -5.19898e-15 0
lhumerus -16.9333 -43.2046 85.0995
lradius 64.8964 0 0
lwrist 25.9005 0 0
lhand -16.1791 -1.63481 0
lfingers 7.12502 0 0
lthumb 10.0263 28.083 0
rclavicle 2.06354e-14 -5.19898e-15 0
rhumerus -1.98687 5.65298 -65.5431
rradius 109.724 0 0
rwrist -37.572 0 0
rhand -27.5818 -30.2994 0
rfingers 7.12502 0 0
rthumb -0.98196 -780.277 0
623
root 5.85077 16.2172 -2.12254 -8.70432 48.3514 -18.2436
lfemur -21.3291 19.8192 -20.0037
ltibia 57.3529 0 0
lfoot -19.0505 7.04209 0
ltoes 0.177772 0 0
rfemur -45.1069 -13.0657 21.9191
rtibia 56.3969 0 0
rfoot -4.9391 5.03697 0
rtoes -15.8432 0 0
lowerback 2.10917 -3.25321 -4.27258
upperback 0.366681 -4.45801 1.47343
thorax -0.520633 -2.25044 3.96996
lowerneck -7.27403 -9.73097 -2.20366
upperneck 9.06135 -13.5153 5.32564
head 4.60691 -6.39336 1.06041
lclavicle 2.05309e-14 -5.22956e-15 0
lhumerus -16.7005 -43.7431 85.0858
lradius 65.3141 0 0
lwrist 25.94 0 0
lhand -16.0947 -1.60565 0
lfingers 7.12502 0 0
lthumb 10.1077 28.1078 0
rclavicle 2.05309e-14 -5.22956e-15 0
rhumerus -2.94671 5.29179 -65.2531
rradius 108.87 0 0
rwrist -37.2299 0 0
rhand -27.5805 -30.6534 0
rfingers 7.12502 0 0
rthumb -0.98075 -780.631 0
624
root 5.84194 16.2108 -2.07703 -8.18932 47.0871 -17.8647
lfemur -21.4574 19.9826 -20.0347
ltibia 57.7965 0 0
lfoot -18.6051 6.82655 0
ltoes 0.190583 0 0
rfemur -45.1408 -13.1509 22.0784
rtibia 56.6135 0 0
rfoot -5.31599 4.7819 0
rtoes -15.4807 0 0
lowerback 2.04854 -3.31816 -4.19902
upperback 0.318489 -4.54232 1.46549
thorax -0.536838 -2.29199 3.91925
lowerneck -7.33342 -9.6237 -2.15224
upperneck 8.91173 -13.365 5.27114
head 4.56158 -6.32367 1.04836
lclavicle 2.04264e-14 -5.26015e-15 0
lhumerus -16.4677 -44.2816 85.0722
lradius 65.7318 0 0
lwrist 25.9794 0 0
lhand -16.0103 -1.57649 0
lfingers 7.12502 0 0
lthumb 10.1891 28.1326 0
rclavicle 2.04264e-14 -5.26015e-15 0
rhumerus -3.90654 4.9306 -64.9631
rradius 108.016 0 0
rwrist -36.8878 0 0
rhand -27.5793 -31.0074 0
rfingers 7.12502 0 0
rthumb -0.97954 -780.985 0
625
root 5.8331 16.2043 -2.03153 -7.67433 45.8228 -17.4859
lfemur -21.5858 20.146 -20.0658
ltibia 58.2402 0 0
lfoot -18.1596 6.61102 0
ltoes 0.203394 0 0
rfemur -45.1747 -13.2361 22.2378
rtibia 56.8301 0 0
rfoot -5.69287 4.52683 0
rtoes -15.1182 0 0
lowerback 1.9879 -3.38311 -4.12546
upperback 0.270298 -4.62664 1.45755
thorax -0.553043 -2.33354 3.86854
lowerneck -7.3928 -9.51643 -2.10082
upperneck 8.76211 -13.2148 5.21664
head 4.51625 -6.25397 1.03632
lclavicle 2.03219e-14 -5.29073e-15 0
lhumerus -16.2349 -44.8202 85.0586
lradius 66.1495 0 0
lwrist 26.0189 0 0
lhand -15.9259 -1.54733 0
lfingers 7.12502 0 0
lthumb 10.2704 28.1574 0
rclavicle 2.03219e-14 -5.29073e-15 0
rhumerus -4.86638 4.56941 -64.6731
rradius 107.162 0 0
rwrist -36.5457 0 0
rhand -27.578 -31.3614 0
rfingers 7.12502 0 0
rthumb -0.97833 -781.339 0
626
root 5.82427 16.1979 -1.98602 -7.15934 44.5585 -17.107
lfemur -21.7141 20.3095 -20.0969
ltibia 58.6838 0 0
lfoot -17.7142 6.39548 0
ltoes 0.216206 0 0
rfemur -45.2086 -13.3213 22.3971
rtibia 57.0468 0 0
rfoot -6.06975 4.27177 0
rtoes -14.7557 0 0
lowerback 1.92726 -3.44807 -4.0519
upperback 0.222106 -4.71095 1.44961
thorax -0.569249 -2.37509 3.81782
lowerneck -7.45219 -9.40917 -2.0494
upperneck 8.61249 -13.0645 5.16214
head 4.47091 -6.18427 1.02427
lclavicle 2.02174e-14 -5.32131e-15 0
lhumerus -16.0021 -45.3587 85.0449
lradius 66.5671 0 0
lwrist 26.0583 0 0
lhand -15.8416 -1.51817 0
lfingers 7.12502 0 0
lthumb 10.3518 28.1822 0
rclavicle 2.02174e-14 -5.32131e-15 0
rhumerus -5.82621 4.20822 -64.3831
rradius 106.308 0 0
rwrist -36.2036 0 0
rhand -27.5768 -31.7153 0
rfingers 7.12502 0 0
rthumb -0.97712 -781.693 0
627
root 5.81544 16.1915 -1.94052 -6.64435 43.2942 -16.7281
lfemur -21.8425 20.4729 -20.1279
ltibia 59.1274 0 0
lfoot -17.2688 6.17994 0
ltoes 0.229017 0 0
rfemur -45.2425 -13.4065 22.5564
rtibia 57.2634 0 0
rfoot -6.44664 4.0167 0
rtoes -14.3931 0 0
lowerback 1.86663 -3.51302 -3.97834
upperback 0.173915 -4.79526 1.44167
thorax -0.585454 -2.41663 3.76711
lowerneck -7.51158 -9.3019 -1.99797
upperneck 8.46287 -12.9142 5.10764
head 4.42558 -6.11457 1.01223
lclavicle 2.01129e-14 -5.35189e-15 0
lhumerus -15.7693 -45.8972 85.0313
lradius 66.9848 0 0
lwrist 26.0978 0 0
lhand -15.7572 -1.48901 0
lfingers 7.12502 0 0
lthumb 10.4332 28.207 0
rclavicle 2.01129e-14 -5.35189e-15 0
rhumerus -6.78605 3.84703 -64.0932
rradius 105.454 0 0
rwrist -35.8615 0 0
rhand -27.5755 -32.0693 0
rfingers 7.12502 0 0
rthumb -0.97591 -782.047 0
628
root 5.8066 16.185 -1.89501 -6.12935 42.0299 -16.3492
lfemur -21.9709 20.6363 -20.159
ltibia 59.5711 0 0
lfoot -16.8234 5.9644 0
ltoes 0.241828 0 0
rfemur -45.2764 -13.4917 22.7157
rtibia 57.48 0 0
rfoot -6.82352 3.76164 0
rtoes -14.0306 0 0
lowerback 1.80599 -3.57797 -3.90478
upperback 0.125723 -4.87958 1.43373
thorax -0.601659 -2.45818 3.7164
lowerneck -7.57097 -9.19463 -1.94655
upperneck 8.31325 -12.7639 5.05314
head 4.38025 -6.04488 1.00019
lclavicle 2.00084e-14 -5.38248e-15 0
lhumerus -15.5366 -46.4357 85.0177
lradius 67.4025 0 0
lwrist 26.1372 0 0
lhand -15.6728 -1.45985 0
lfingers 7.12502 0 0
lthumb 10.5146 28.2319 0
rclavicle 2.00084e-14 -5.38248e-15 0
rhumerus -7.74588 3.48584 -63.8032
rradius 104.6 0 0
rwrist -35.5194 0 0
rhand -27.5743 -32.4233 0
rfingers 7.12502 0 0
rthumb -0.9747 -782.401 0
629
root 5.79777 16.1786 -1.8495 -5.61436 40.7656 -15.9703
lfemur -22.0992 20.7997 -20.1901
ltibia 60.0147 0 0
lfoot -16.378 5.74886 0
ltoes 0.254639 0 0
rfemur -45.3103 -13.5769 22.875
rtibia 57.6967 0 0
rfoot -7.20041 3.50657 0
rtoes -13.6681 0 0
lowerback 1.74535 -3.64292 -3.83122
upperback 0.0775321 -4.96389 1.42579
thorax -0.617865 -2.49973 3.66568
lowerneck -7.63035 -9.08736 -1.89513
upperneck 8.16363 -12.6137 4.99864
head 4.33492 -5.97518 0.988141
lclavicle 1.99039e-14 -5.41306e-15 0
lhumerus -15.3038 -46.9742 85.0041
lradius 67.8202 0 0
lwrist 26.1767 0 0
lhand -15.5884 -1.43069 0
lfingers 7.12502 0 0
lthumb 10.596 28.2567 0
rclavicle 1.99039e-14 -5.41306e-15 0
rhumerus -8.70572 3.12465 -63.5132
rradius 103.746 0 0
rwrist -35.1773 0 0
rhand -27.573 -32.7772 0
rfingers 7.12502 0 0
rthumb -0.97349 -782.755 0
630
root 5.78894 16.1722 -1.804 -5.09937 39.5012 -15.5914
lfemur -22.2276 20.9631 -20.2211
ltibia 60.4584 0 0
lfoot -15.9326 5.53332 0
ltoes 0.267451 0 0
rfemur -45.3442 -13.6622 23.0343
rtibia 57.9133 0 0
rfoot -7.57729 3.25151 0
rtoes -13.3055 0 0
lowerback 1.68472 -3.70788 -3.75766
upperback 0.0293406 -5.0482 1.41785
thorax -0.63407 -2.54128 3.61497
lowerneck -7.68974 -8.98009 -1.8437
upperneck 8.01401 -12.4634 4.94414
head 4.28959 -5.90548 0.976097
lclavicle 1.97995e-14 -5.44364e-15 0
lhumerus -15.071 -47.5128 84.9904
lradius 68.2379 0 0
lwrist 26.2161 0 0
lhand -15.504 -1.40153 0
lfingers 7.12502 0 0
lthumb 10.6774 28.2815 0
rclavicle 1.97995e-14 -5.44364e-15 0
rhumerus -9.66556 2.76346 -63.2232
rradius 102.892 0 0
rwrist -34.8352 0 0
rhand -27.5718 -33.1312 0
rfingers 7.12502 0 0
rthumb -0.97228 -783.109 0
631
root 5.7801 16.1657 -1.75849 -4.58438 38.2369 -15.2125
lfemur -22.356 21.1265 -20.2522
ltibia 60.902 0 0
lfoot -15.4872 5.31778 0
ltoes 0.280262 0 0
rfemur -45.3781 -13.7474 23.1936
rtibia 58.1299 0 0
rfoot -7.95417 2.99644 0
rtoes -12.943 0 0
lowerback 1.62408 -3.77283 -3.6841
upperback -0.0188508 -5.13252 1.40991
thorax -0.650276 -2.58283 3.56426
lowerneck -7.74913 -8.87282 -1.79228
upperneck 7.86439 -12.3131 4.88964
head 4.24426 -5.83578 0.964053
lclavicle 1.9695e-14 -5.47422e-15 0
lhumerus -14.8382 -48.0513 84.9768
lradius 68.6556 0 0
lwrist 26.2556 0 0
lhand -15.4196 -1.37237 0
lfingers 7.12502 0 0
lthumb 10.7588 28.3063 0
rclavicle 1.9695e-14 -5.47422e-15 0
rhumerus -10.6254 2.40227 -62.9332
rradius 102.038 0 0
rwrist -34.4931 0 0
rhand -27.5705 -33.4852 0
rfingers 7.12502 0 0
rthumb -0.97107 -783.463 0
632
root 5.77127 16.1593 -1.71299 -4.06938 36.9726 -14.8336
lfemur -22.4843 21.29 -20.2833
ltibia 61.3456 0 0
lfoot -15.0418 5.10224 0
ltoes 0.293073 0 0
rfemur -45.412 -13.8326 23.3529
rtibia 58.3466 0 0
rfoot -8.33106 2.74138 0
rtoes -12.5805 0 0
lowerback 1.56344 -3.83778 -3.61054
upperback -0.0670422 -5.21683 1.40197
thorax -0.666481 -2.62437 3.51355
lowerneck -7.80852 -8.76555 -1.74086
upperneck 7.71477 -12.1628 4.83514
head 4.19892 -5.76609 0.952008
lclavicle 1.95905e-14 -5.50481e-15 0
lhumerus -14.6054 -48.5898 84.9632
lradius 69.0733 0 0
lwrist 26.295 0 0
lhand -15.3352 -1.34321 0
lfingers 7.12502 0 0
lthumb 10.8402 28.3311 0
rclavicle 1.95905e-14 -5.50481e-15 0
rhumerus -11.5852 2.04108 -62.6432
rradius 101.184 0 0
rwrist -34.151 0 0
rhand -27.5693 -33.8392 0
rfingers 7.12502 0 0
rthumb -0.96986 -783.817 0
633
root 5.76243 16.1529 -1.66748 -3.55439 35.7083 -14.4548
lfemur -22.6127 21.4534 -20.3143
ltibia 61.7893 0 0
lfoot -14.5964 4.8867 0
ltoes 0.305884 0 0
rfemur -45.4459 -13.9178 23.5122
rtibia 58.5632 0 0
rfoot -8.70794 2.48631 0
rtoes -12.2179 0 0
lowerback 1.50281 -3.90274 -3.53698
upperback -0.115234 -5.30115 1.39403
thorax -0.682686 -2.66592 3.46283
lowerneck -7.8679 -8.65828 -1.68944
upperneck 7.56515 -12.0126 4.78064
head 4.15359 -5.69639 0.939964
lclavicle 1.9486e-14 -5.53539e-15 0
lhumerus -14.3726 -49.1283 84.9495
lradius 69.491 0 0
lwrist 26.3345 0 0
lhand -15.2508 -1.31405 0
lfingers 7.12502 0 0
lthumb 10.9216 28.3559 0
rclavicle 1.9486e-14 -5.53539e-15 0
rhumerus -12.5451 1.67989 -62.3532
rradius 100.329 0 0
rwrist -33.8089 0 0
rhand -27.568 -34.1931 0
rfingers 7.12502 0 0
rthumb -0.96865 -784.171 0
634
root 5.7536 16.1465 -1.62197 -3.0394 34.444 -14.0759
lfemur -22.7411 21.6168 -20.3454
ltibia 62.2329 0 0
lfoot -14.151 4.67116 0
ltoes 0.318696 0 0
rfemur -45.4798 -14.003 23.6715
rtibia 58.7798 0 0
rfoot -9.08483 2.23125 0
rtoes -11.8554 0 0
lowerback 1.44217 -3.96769 -3.46342
upperback -0.163425 -5.38546 1.3861
thorax -0.698892 -2.70747 3.41212
lowerneck -7.92729 -8.55101 -1.63801
upperneck 7.41554 -11.8623 4.72614
head 4.10826 -5.62669 0.92792
lclavicle 1.93815e-14 -5.56597e-15 0
lhumerus -14.1399 -49.6669 84.9359
lradius 69.9086 0 0
lwrist 26.3739 0 0
lhand -15.1664 -1.28489 0
lfingers 7.12502 0 0
lthumb 11.003 28.3807 0
rclavicle 1.93815e-14 -5.56597e-15 0
rhumerus -13.5049 1.3187 -62.0632
rradius 99.4753 0 0
rwrist -33.4667 0 0
rhand -27.5667 -34.5471 0
rfingers 7.12502 0 0
rthumb -0.96744 -784.525 0
635
root 5.74477 16.14 -1.57647 -2.52441 33.1797 -13.697
lfemur -22.8694 21.7802 -20.3765
ltibia 62.6765 0 0
lfoot -13.7056 4.45562 0
ltoes 0.331507 0 0
rfemur -45.5138 -14.0882 23.8308
rtibia 58.9965 0 0
rfoot -9.46171 1.97618 0
rtoes -11.4929 0 0
lowerback 1.38153 -4.03264 -3.38986
upperback -0.211616 -5.46977 1.37816
thorax -0.715097 -2.74902 3.36141
lowerneck -7.98668 -8.44375 -1.58659
upperneck 7.26592 -11.712 4.67163
head 4.06293 -5.55699 0.915875
lclavicle 1.9277e-14 -5.59655e-15 0
lhumerus -13.9071 -50.2054 84.9223
lradius 70.3263 0 0
lwrist 26.4133 0 0
lhand -15.0821 -1.25573 0
lfingers 7.12502 0 0
lthumb 11.0844 28.4056 0
rclavicle 1.9277e-14 -5.59655e-15 0
rhumerus -14.4647 0.95751 -61.7733
rradius 98.6213 0 0
rwrist -33.1246 0 0
rhand -27.5655 -34.9011 0
rfingers 7.12502 0 0
rthumb -0.966229 -784.879 0
636
root 5.73593 16.1336 -1.53096 -2.00942 31.9154 -13.3181
lfemur -22.9978 21.9436 -20.4075
ltibia 63.1202 0 0
lfoot -13.2602 4.24008 0
ltoes 0.344318 0 0
rfemur -45.5477 -14.1734 23.9901
rtibia 59.2131 0 0
rfoot -9.83859 1.72111 0
rtoes -11.1304 0 0
lowerback 1.3209 -4.0976 -3.3163
upperback -0.259808 -5.55409 1.37022
thorax -0.731302 -2.79057 3.31069
lowerneck -8.04606 -8.33648 -1.53517
upperneck 7.1163 -11.5617 4.61713
head 4.0176 -5.48729 0.903831
lclavicle 1.91725e-14 -5.62713e-15 0
lhumerus -13.6743 -50.7439 84.9086
lradius 70.744 0 0
lwrist 26.4528 0 0
lhand -14.9977 -1.22657 0
lfingers 7.12502 0 0
lthumb 11.1657 28.4304 0
rclavicle 1.91725e-14 -5.62713e-15 0
rhumerus -15.4246 0.596321 -61.4833
rradius 97.7672 0 0
rwrist -32.7825 0 0
rhand -27.5642 -35.255 0
rfingers 7.12502 0 0
rthumb -0.965019 -785.233 0
637
root 5.7271 16.1272 -1.48546 -1.49442 30.6511 -12.9392
lfemur -23.1261 22.1071 -20.4386
ltibia 63.5638 0 0
lfoot -12.8148 4.02454 0
ltoes 0.357129 0 0
rfemur -45.5816 -14.2586 24.1494
rtibia 59.4298 0 0
rfoot -10.2155 1.46605 0
rtoes -10.7678 0 0
lowerback 1.26026 -4.16255 -3.24274
upperback -0.307999 -5.6384 1.36228
thorax -0.747508 -2.83211 3.25998
lowerneck -8.10545 -8.22921 -1.48375
upperneck 6.96668 -11.4115 4.56263
head 3.97226 -5.4176 0.891786
lclavicle 1.9068e-14 -5.65772e-15 0
lhumerus -13.4415 -51.2824 84.895
lradius 71.1617 0 0
lwrist 26.4922 0 0
lhand -14.9133 -1.19741 0
lfingers 7.12502 0 0
lthumb 11.2471 28.4552 0
rclavicle 1.9068e-14 -5.65772e-15 0
rhumerus -16.3844 0.235131 -61.1933
rradius 96.9131 0 0
rwrist -32.4404 0 0
rhand -27.563 -35.609 0
rfingers 7.12502 0 0
rthumb -0.963809 -785.587 0
638
root 5.71826 16.1207 -1.43995 -0.979431 29.3868 -12.5603
lfemur -23.2545 22.2705 -20.4697
ltibia 64.0074 0 0
lfoot -12.3694 3.809 0
ltoes 0.36994 0 0
rfemur -45.6155 -14.3438 24.3087
rtibia 59.6464 0 0
rfoot -10.5924 1.21098 0
rtoes -10.4053 0 0
lowerback 1.19962 -4.2275 -3.16918
upperback -0.356191 -5.72272 1.35434
thorax -0.763713 -2.87366 3.20927
lowerneck -8.16484 -8.12194 -1.43232
upperneck 6.81706 -11.2612 4.50813
head 3.92693 -5.3479 0.879742
lclavicle 1.89635e-14 -5.6883e-15 0
lhumerus -13.2087 -51.8209 84.8814
lradius 71.5794 0 0
lwrist 26.5317 0 0
lhand -14.8289 -1.16825 0
lfingers 7.12502 0 0
lthumb 11.3285 28.48 0
rclavicle 1.89635e-14 -5.6883e-15 0
rhumerus -17.3442 -0.126059 -60.9033
rradius 96.059 0 0
rwrist -32.0983 0 0
rhand -27.5617 -35.963 0
rfingers 7.12502 0 0
rthumb -0.962599 -785.941 0
639
root 5.70943 16.1143 -1.39445 -0.464438 28.1224 -12.1814
lfemur -23.3829 22.4339 -20.5007
ltibia 64.4511 0 0
lfoot -11.924 3.59346 0
ltoes 0.382752 0 0
rfemur -45.6494 -14.4291 24.468
rtibia 59.863 0 0
rfoot -10.9692 0.955917 0
rtoes -10.0428 0 0
lowerback 1.13899 -4.29246 -3.09561
upperback -0.404382 -5.80703 1.3464
thorax -0.779918 -2.91521 3.15856
lowerneck -8.22423 -8.01467 -1.3809
upperneck 6.66744 -11.1109 4.45363
head 3.8816 -5.2782 0.867698
lclavicle 1.88591e-14 -5.71888e-15 0
lhumerus -12.9759 -52.3595 84.8677
lradius 71.9971 0 0
lwrist 26.5711 0 0
lhand -14.7445 -1.13909 0
lfingers 7.12502 0 0
lthumb 11.4099 28.5048 0
rclavicle 1.88591e-14 -5.71888e-15 0
rhumerus -18.3041 -0.487249 -60.6133
rradius 95.2049 0 0
rwrist -31.7562 0 0
rhand -27.5605 -36.317 0
rfingers 7.12502 0 0
rthumb -0.961389 -786.295 0
640
root 5.7006 16.1079 -1.34894 0.0505538 26.8581 -11.8025
lfemur -23.5112 22.5973 -20.5318
ltibia 64.8947 0 0
lfoot -11.4786 3.37792 0
ltoes 0.395563 0 0
rfemur -45.6833 -14.5143 24.6273
rtibia 60.0797 0 0
rfoot -11.3461 0.700852 0
rtoes -9.68023 0 0
lowerback 1.07835 -4.35741 -3.02205
upperback -0.452573 -5.89134 1.33846
thorax -0.796124 -2.95676 3.10784
lowerneck -8.28361 -7.9074 -1.32948
upperneck 6.51782 -10.9606 4.39913
head 3.83627 -5.2085 0.855653
lclavicle 1.87546e-14 -5.74946e-15 0
lhumerus -12.7432 -52.898 84.8541
lradius 72.4148 0 0
lwrist 26.6106 0 0
lhand -14.6601 -1.10993 0
lfingers 7.12502 0 0
lthumb 11.4913 28.5297 0
rclavicle 1.87546e-14 -5.74946e-15 0
rhumerus -19.2639 -0.848438 -60.3233
rradius 94.3508 0 0
rwrist -31.4141 0 0
rhand -27.5592 -36.6709 0
rfingers 7.12502 0 0
rthumb -0.960179 -786.649 0
641
root 5.69176 16.1014 -1.30343 0.565546 25.5938 -11.4237
lfemur -23.6396 22.7607 -20.5629
ltibia 65.3384 0 0
lfoot -11.0332 3.16238 0
ltoes 0.408374 0 0
rfemur -45.7172 -14.5995 24.7866
rtibia 60.2963 0 0
rfoot -11.723 0.445786 0
rtoes -9.3177 0 0
lowerback 1.01771 -4.42236 -2.94849
upperback -0.500765 -5.97566 1.33052
thorax -0.812329 -2.99831 3.05713
lowerneck -8.343 -7.80013 -1.27805
upperneck 6.3682 -10.8104 4.34463
head 3.79094 -5.13881 0.843609
lclavicle 1.86501e-14 -5.78005e-15 0
lhumerus -12.5104 -53.4365 84.8405
lradius 72.8325 0 0
lwrist 26.65 0 0
lhand -14.5757 -1.08077 0
lfingers 7.12502 0 0
lthumb 11.5727 28.5545 0
rclavicle 1.86501e-14 -5.78005e-15 0
rhumerus -20.2238 -1.20963 -60.0333
rradius 93.4967 0 0
rwrist -31.072 0 0
rhand -27.558 -37.0249 0
rfingers 7.12502 0 0
rthumb -0.958969 -787.003 0
642
root 5.68293 16.095 -1.25793 1.08054 24.3295 -11.0448
lfemur -23.768 22.9241 -20.5939
ltibia 65.782 0 0
lfoot -10.5878 2.94684 0
ltoes 0.421185 0 0
rfemur -45.7511 -14.6847 24.9459
rtibia 60.5129 0 0
rfoot -12.0999 0.190721 0
rtoes -8.95517 0 0
lowerback 0.957078 -4.48731 -2.87493
upperback -0.548956 -6.05997 1.32258
thorax -0.828534 -3.03985 3.00642
lowerneck -8.40239 -7.69286 -1.22663
upperneck 6.21858 -10.6601 4.29013
head 3.74561 -5.06911 0.831565
lclavicle 1.85456e-14 -5.81063e-15 0
lhumerus -12.2776 -53.975 84.8269
lradius 73.2502 0 0
lwrist 26.6895 0 0
lhand -14.4913 -1.05162 0
lfingers 7.12502 0 0
lthumb 11.6541 28.5793 0
rclavicle 1.85456e-14 -5.81063e-15 0
rhumerus -21.1836 -1.57082 -59.7434
rradius 92.6426 0 0
rwrist -30.7299 0 0
rhand -27.5567 -37.3789 0
rfingers 7.12502 0 0
rthumb -0.957759 -787.357 0
643
root 5.6741 16.0886 -1.21242 1.59553 23.0652 -10.6659
lfemur -23.8963 23.0876 -20.625
ltibia 66.2256 0 0
lfoot -10.1424 2.7313 0
ltoes 0.433997 0 0
rfemur -45.785 -14.7699 25.1052
rtibia 60.7296 0 0
rfoot -12.4768 -0.0643446 0
rtoes -8.59264 0 0
lowerback 0.896441 -4.55227 -2.80137
upperback -0.597148 -6.14428 1.31464
thorax -0.84474 -3.0814 2.9557
lowerneck -8.46178 -7.5856 -1.17521
upperneck 6.06896 -10.5098 4.23563
head 3.70027 -4.99941 0.81952
lclavicle 1.84411e-14 -5.84121e-15 0
lhumerus -12.0448 -54.5135 84.8132
lradius 73.6678 0 0
lwrist 26.7289 0 0
lhand -14.407 -1.02246 0
lfingers 7.12502 0 0
lthumb 11.7355 28.6041 0
rclavicle 1.84411e-14 -5.84121e-15 0
rhumerus -22.1434 -1.93201 -59.4534
rradius 91.7885 0 0
rwrist -30.3878 0 0
rhand -27.5555 -37.7328 0
rfingers 7.12502 0 0
rthumb -0.956549 -787.711 0
644
root 5.66526 16.0821 -1.16692 2.11052 21.8009 -10.287
lfemur -24.0247 23.251 -20.6561
ltibia 66.6693 0 0
lfoot -9.69702 2.51577 0
ltoes 0.446808 0 0
rfemur -45.8189 -14.8551 25.2646
rtibia 60.9462 0 0
rfoot -12.8537 -0.31941 0
rtoes -8.23011 0 0
lowerback 0.835805 -4.61722 -2.72781
upperback -0.645339 -6.2286 1.3067
thorax -0.860945 -3.12295 2.90499
lowerneck -8.52116 -7.47833 -1.12379
upperneck 5.91934 -10.3596 4.18113
head 3.65494 -4.92971 0.807476
lclavicle 1.83366e-14 -5.87179e-15 0
lhumerus -11.812 -55.0521 84.7996
lradius 74.0855 0 0
lwrist 26.7684 0 0
lhand -14.3226 -0.993296 0
lfingers 7.12502 0 0
lthumb 11.8169 28.6289 0
rclavicle 1.83366e-14 -5.87179e-15 0
rhumerus -23.1033 -2.2932 -59.1634
rradius 90.9344 0 0
rwrist -30.0457 0 0
rhand -27.5542 -38.0868 0
rfingers 7.12502 0 0
rthumb -0.955339 -788.065 0
645
root 5.65643 16.0757 -1.12141 2.62552 20.5366 -9.9081
lfemur -24.153 23.4144 -20.6871
ltibia 67.1129 0 0
lfoot -9.25162 2.30023 0
ltoes 0.459619 0 0
rfemur -45.8528 -14.9403 25.4239
rtibia 61.1628 0 0
rfoot -13.2305 -0.574476 0
rtoes -7.86758 0 0
lowerback 0.775168 -4.68217 -2.65425
upperback -0.693531 -6.31291 1.29876
thorax -0.87715 -3.1645 2.85428
lowerneck -8.58055 -7.37106 -1.07236
upperneck 5.76972 -10.2093 4.12663
head 3.60961 -4.86002 0.795431
lclavicle 1.82321e-14 -5.90238e-15 0
lhumerus -11.5792 -55.5906 84.786
lradius 74.5032 0 0
lwrist 26.8078 0 0
lhand -14.2382 -0.964136 0
lfingers 7.12502 0 0
lthumb 11.8983 28.6537 0
rclavicle 1.82321e-14 -5.90238e-15 0
rhumerus -24.0631 -2.65439 -58.8734
rradius 90.0803 0 0
rwrist -29.7036 0 0
rhand -27.553 -38.4408 0
rfingers 7.12502 0 0
rthumb -0.954129 -788.419 0
646
root 5.64759 16.0693 -1.07591 3.14051 19.2723 -9.52922
lfemur -24.2814 23.5778 -20.7182
ltibia 67.5565 0 0
lfoot -8.80621 2.08469 0
ltoes 0.47243 0 0
rfemur -45.8867 -15.0255 25.5832
rtibia 61.3795 0 0
rfoot -13.6074 -0.829541 0
rtoes -7.50505 0 0
lowerback 0.714531 -4.74713 -2.58069
upperback -0.741722 -6.39723 1.29083
thorax -0.893356 -3.20605 2.80357
lowerneck -8.63994 -7.26379 -1.02094
upperneck 5.6201 -10.059 4.07213
head 3.56428 -4.79032 0.783387
lclavicle 1.81276e-14 -5.93296e-15 0
lhumerus -11.3465 -56.1291 84.7723
lradius 74.9209 0 0
lwrist 26.8473 0 0
lhand -14.1538 -0.934976 0
lfingers 7.12502 0 0
lthumb 11.9797 28.6786 0
rclavicle 1.81276e-14 -5.93296e-15 0
rhumerus -25.0229 -3.01558 -58.5834
rradius 89.2262 0 0
rwrist -29.3615 0 0
rhand -27.5517 -38.7948 0
rfingers 7.12502 0 0
rthumb -0.952919 -788.773 0
647
root 5.63876 16.0628 -1.0304 3.6555 18.008 -9.15033
lfemur -24.4098 23.7412 -20.7493
ltibia 68.0002 0 0
lfoot -8.36081 1.86915 0
ltoes 0.485242 0 0
rfemur -45.9206 -15.1107 25.7425
rtibia 61.5961 0 0
rfoot -13.9843 -1.08461 0
rtoes -7.14252 0 0
lowerback 0.653895 -4.81208 -2.50713
upperback -0.789913 -6.48154 1.28289
thorax -0.909561 -3.24759 2.75285
lowerneck -8.69933 -7.15652 -0.969519
upperneck 5.47048 -9.90873 4.01763
head 3.51895 -4.72062 0.771343
lclavicle 1.80231e-14 -5.96354e-15 0
lhumerus -11.1137 -56.6676 84.7587
lradius 75.3386 0 0
lwrist 26.8867 0 0
lhand -14.0694 -0.905817 0
lfingers 7.12502 0 0
lthumb 12.061 28.7034 0
rclavicle 1.80231e-14 -5.96354e-15 0
rhumerus -25.9828 -3.37677 -58.2934
rradius 88.3721 0 0
rwrist -29.0194 0 0
rhand -27.5505 -39.1487 0
rfingers 7.12502 0 0
rthumb -0.951709 -789.127 0
648
root 5.62993 16.0564 -0.984894 4.17049 16.7437 -8.77144
lfemur -24.5381 23.9047 -20.7803
ltibia 68.4438 0 0
lfoot -7.91541 1.65361 0
ltoes 0.498053 0 0
rfemur -45.9545 -15.1959 25.9018
rtibia 61.8127 0 0
rfoot -14.3612 -1.33967 0
rtoes -6.77999 0 0
lowerback 0.593258 -4.87703 -2.43357
upperback -0.838105 -6.56585 1.27495
thorax -0.925766 -3.28914 2.70214
lowerneck -8.75871 -7.04925 -0.918096
upperneck 5.32086 -9.75845 3.96313
head 3.47361 -4.65092 0.759298
lclavicle 1.79186e-14 -5.99412e-15 0
lhumerus -10.8809 -57.2062 84.7451
lradius 75.7563 0 0
lwrist 26.9261 0 0
lhand -13.985 -0.876657 0
lfingers 7.12502 0 0
lthumb 12.1424 28.7282 0
rclavicle 1.79186e-14 -5.99412e-15 0
rhumerus -26.9426 -3.73796 -58.0034
rradius 87.518 0 0
rwrist -28.6773 0 0
rhand -27.5492 -39.5027 0
rfingers 7.12502 0 0
rthumb -0.950499 -789.481 0
649
root 5.62109 16.05 -0.939388 4.68548 15.4793 -8.39255
lfemur -24.6665 24.0681 -20.8114
ltibia 68.8874 0 0
lfoot -7.47001 1.43807 0
ltoes 0.510864 0 0
rfemur -45.9884 -15.2812 26.0611
rtibia 62.0294 0 0
rfoot -14.7381 -1.59474 0
rtoes -6.41746 0 0
lowerback 0.532621 -4.94199 -2.36001
upperback -0.886296 -6.65017 1.26701
thorax -0.941972 -3.33069 2.65143
lowerneck -8.8181 -6.94198 -0.866673
upperneck 5.17124 -9.60818 3.90863
head 3.42828 -4.58122 0.747254
lclavicle 1.78142e-14 -6.0247e-15 0
lhumerus -10.6481 -57.7447 84.7314
lradius 76.174 0 0
lwrist 26.9656 0 0
lhand -13.9006 -0.847497 0
lfingers 7.12502 0 0
lthumb 12.2238 28.753 0
rclavicle 1.78142e-14 -6.0247e-15 0
rhumerus -27.9024 -4.09915 -57.7135
rradius 86.6639 0 0
rwrist -28.3352 0 0
rhand -27.548 -39.8567 0
rfingers 7.12502 0 0
rthumb -0.949289 -789.835 0
650
root 5.61226 16.0435 -0.893883 5.20048 14.215 -8.01366
lfemur -24.7949 24.2315 -20.8425
ltibia 69.3311 0 0
lfoot -7.02461 1.22253 0
ltoes 0.523675 0 0
rfemur -46.0223 -15.3664 26.2204
rtibia 62.246 0 0
rfoot -15.115 -1.8498 0
rtoes -6.05493 0 0
lowerback 0.471985 -5.00694 -2.28645
upperback -0.934488 -6.73448 1.25907
thorax -0.958177 -3.37224 2.60071
lowerneck -8.87749 -6.83471 -0.815251
upperneck 5.02162 -9.4579 3.85413
head 3.38295 -4.51153 0.73521
lclavicle 1.77097e-14 -6.05529e-15 0
lhumerus -10.4153 -58.2832 84.7178
lradius 76.5917 0 0
lwrist 27.005 0 0
lhand -13.8162 -0.818338 0
lfingers 7.12502 0 0
lthumb 12.3052 28.7778 0
rclavicle 1.77097e-14 -6.05529e-15 0
rhumerus -28.8623 -4.46034 -57.4235
rradius 85.8099 0 0
rwrist -27.9931 0 0
rhand -27.5467 -40.2106 0
rfingers 7.12502 0 0
rthumb -0.948079 -790.189 0
651
root 5.60342 16.0371 -0.848377 5.71547 12.9507 -7.63478
lfemur -24.9232 24.3949 -20.8735
ltibia 69.7747 0 0
lfoot -6.57921 1.00699 0
ltoes 0.536487 0 0
rfemur -46.0562 -15.4516 26.3797
rtibia 62.4626 0 0
rfoot -15.4919 -2.10487 0
rtoes -5.6924 0 0
lowerback 0.411348 -5.07189 -2.21289
upperback -0.982679 -6.8188 1.25113
thorax -0.974382 -3.41379 2.55
lowerneck -8.93688 -6.72744 -0.763828
upperneck 4.872 -9.30763 3.79963
head 3.33762 -4.44183 0.723165
lclavicle 1.76052e-14 -6.08587e-15 0
lhumerus -10.1825 -58.8217 84.7042
lradius 77.0094 0 0
lwrist 27.0445 0 0
lhand -13.7318 -0.789178 0
lfingers 7.12502 0 0
lthumb 12.3866 28.8026 0
rclavicle 1.76052e-14 -6.08587e-15 0
rhumerus -29.8221 -4.82153 -57.1335
rradius 84.9558 0 0
rwrist -27.651 0 0
rhand -27.5455 -40.5646 0
rfingers 7.12502 0 0
rthumb -0.946869 -790.543 0
652
root 5.59459 16.0307 -0.802871 6.23046 11.6864 -7.25589
lfemur -25.0516 24.5583 -20.9046
ltibia 70.2183 0 0
lfoot -6.13381 0.791449 0
ltoes 0.549298 0 0
rfemur -46.0901 -15.5368 26.539
rtibia 62.6793 0 0
rfoot -15.8687 -2.35993 0
rtoes -5.32987 0 0
lowerback 0.350711 -5.13685 -2.13933
upperback -1.03087 -6.90311 1.24319
thorax -0.990588 -3.45533 2.49929
lowerneck -8.99626 -6.62018 -0.712405
upperneck 4.72238 -9.15735 3.74513
head 3.29229 -4.37213 0.711121
lclavicle 1.75007e-14 -6.11645e-15 0
lhumerus -9.94976 -59.3602 84.6905
lradius 77.427 0 0
lwrist 27.0839 0 0
lhand -13.6475 -0.760018 0
lfingers 7.12502 0 0
lthumb 12.468 28.8275 0
rclavicle 1.75007e-14 -6.11645e-15 0
rhumerus -30.7819 -5.18272 -56.8435
rradius 84.1017 0 0
rwrist -27.3089 0 0
rhand -27.5442 -40.9186 0
rfingers 7.12502 0 0
rthumb -0.945659 -790.897 0
653
root 5.58576 16.0242 -0.757365 6.74545 10.4221 -6.877
lfemur -25.1799 24.7217 -20.9357
ltibia 70.662 0 0
lfoot -5.6884 0.57591 0
ltoes 0.562109 0 0
rfemur -46.124 -15.622 26.6983
rtibia 62.8959 0 0
rfoot -16.2456 -2.615 0
rtoes -4.96734 0 0
lowerback 0.290075 -5.2018 -2.06577
upperback -1.07906 -6.98742 1.23525
thorax -1.00679 -3.49688 2.44858
lowerneck -9.05565 -6.51291 -0.660982
upperneck 4.57276 -9.00708 3.69063
head 3.24696 -4.30243 0.699076
lclavicle 1.73962e-14 -6.14703e-15 0
lhumerus -9.71697 -59.8988 84.6769
lradius 77.8447 0 0
lwrist 27.1234 0 0
lhand -13.5631 -0.730859 0
lfingers 7.12502 0 0
lthumb 12.5494 28.8523 0
rclavicle 1.73962e-14 -6.14703e-15 0
rhumerus -31.7418 -5.54391 -56.5535
rradius 83.2476 0 0
rwrist -26.9668 0 0
rhand -27.543 -41.2726 0
rfingers 7.12502 0 0
rthumb -0.944449 -791.251 0
654
root 5.57692 16.0178 -0.71186 7.26045 9.15779 -6.49811
lfemur -25.3083 24.8852 -20.9667
ltibia 71.1056 0 0
lfoot -5.243 0.36037 0
ltoes 0.57492 0 0
rfemur -46.1579 -15.7072 26.8576
rtibia 63.1125 0 0
rfoot -16.6225 -2.87007 0
rtoes -4.60481 0 0
lowerback 0.229438 -5.26675 -1.99221
upperback -1.12725 -7.07174 1.22731
thorax -1.023 -3.53843 2.39786
lowerneck -9.11504 -6.40564 -0.60956
upperneck 4.42314 -8.85681 3.63613
head 3.20162 -4.23274 0.687032
lclavicle 1.72917e-14 -6.17762e-15 0
lhumerus -9.48419 -60.4373 84.6633
lradius 78.2624 0 0
lwrist 27.1628 0 0
lhand -13.4787 -0.701699 0
lfingers 7.12502 0 0
lthumb 12.6308 28.8771 0
rclavicle 1.72917e-14 -6.17762e-15 0
rhumerus -32.7016 -5.90509 -56.2635
rradius 82.3935 0 0
rwrist -26.6247 0 0
rhand -27.5417 -41.6265 0
rfingers 7.12502 0 0
rthumb -0.943239 -791.604 0
655
root 5.56809 16.0114 -0.666354 7.77544 7.89348 -6.11922
lfemur -25.4367 25.0486 -20.9978
ltibia 71.5493 0 0
lfoot -4.7976 0.144831 0
ltoes 0.587732 0 0
rfemur -46.1918 -15.7924 27.0169
rtibia 63.3292 0 0
rfoot -16.9994 -3.12513 0
rtoes -4.24228 0 0
lowerback 0.168802 -5.3317 -1.91865
upperback -1.17544 -7.15605 1.21937
thorax -1.0392 -3.57998 2.34715
lowerneck -9.17443 -6.29837 -0.558137
upperneck 4.27352 -8.70653 3.58163
head 3.15629 -4.16304 0.674988
lclavicle 1.71872e-14 -6.2082e-15 0
lhumerus -9.25141 -60.9758 84.6497
lradius 78.6801 0 0
lwrist 27.2023 0 0
lhand -13.3943 -0.672539 0
lfingers 7.12502 0 0
lthumb 12.7122 28.9019 0
rclavicle 1.71872e-14 -6.2082e-15 0
rhumerus -33.6615 -6.26628 -55.9735
rradius 81.5394 0 0
rwrist -26.2826 0 0
rhand -27.5404 -41.9805 0
rfingers 7.12502 0 0
rthumb -0.942029 -791.958 0
656
root 5.55926 16.0049 -0.620848 8.29043 6.62917 -5.74034
lfemur -25.565 25.212 -21.0289
ltibia 71.9929 0 0
lfoot -4.3522 -0.0707087 0
ltoes 0.600543 0 0
rfemur -46.2257 -15.8776 27.1762
rtibia 63.5458 0 0
rfoot -17.3763 -3.3802 0
rtoes -3.87975 0 0
lowerback 0.108165 -5.39666 -1.84509
upperback -1.22364 -7.24036 1.21143
thorax -1.05541 -3.62152 2.29644
lowerneck -9.23381 -6.1911 -0.506714
upperneck 4.1239 -8.55626 3.52713
head 3.11096 -4.09334 0.662943
lclavicle 1.70827e-14 -6.23878e-15 0
lhumerus -9.01862 -61.5143 84.636
lradius 79.0978 0 0
lwrist 27.2417 0 0
lhand -13.3099 -0.64338 0
lfingers 7.12502 0 0
lthumb 12.7936 28.9267 0
rclavicle 1.70827e-14 -6.23878e-15 0
rhumerus -34.6213 -6.62747 -55.6836
rradius 80.6853 0 0
rwrist -25.9405 0 0
rhand -27.5392 -42.3345 0
rfingers 7.12502 0 0
rthumb -0.940819 -792.312 0
657
root 5.55042 15.9985 -0.575342 8.80542 5.36486 -5.36145
lfemur -25.6934 25.3754 -21.0599
ltibia 72.4365 0 0
lfoot -3.9068 -0.286248 0
ltoes 0.613354 0 0
rfemur -46.2596 -15.9628 27.3355
rtibia 63.7624 0 0
rfoot -17.7532 -3.63526 0
rtoes -3.51722 0 0
lowerback 0.0475283 -5.46161 -1.77153
upperback -1.27183 -7.32468 1.2035
thorax -1.07161 -3.66307 2.24573
lowerneck -9.2932 -6.08383 -0.455291
upperneck 3.97428 -8.40598 3.47263
head 3.06563 -4.02364 0.650899
lclavicle 1.69782e-14 -6.26936e-15 0
lhumerus -8.78584 -62.0529 84.6224
lradius 79.5155 0 0
lwrist 27.2812 0 0
lhand -13.2255 -0.61422 0
lfingers 7.12502 0 0
lthumb 12.8749 28.9515 0
rclavicle 1.69782e-14 -6.26936e-15 0
rhumerus -35.5811 -6.98866 -55.3936
rradius 79.8312 0 0
rwrist -25.5984 0 0
rhand -27.5379 -42.6885 0
rfingers 7.12502 0 0
rthumb -0.939609 -792.666 0
658
root 5.54159 15.9921 -0.529837 9.32042 4.10055 -4.98256
lfemur -25.8218 25.5388 -21.091
ltibia 72.8802 0 0
lfoot -3.46139 -0.501788 0
ltoes 0.626165 0 0
rfemur -46.2935 -16.048 27.4948
rtibia 63.9791 0 0
rfoot -18.13 -3.89033 0
rtoes -3.15469 0 0
lowerback -0.0131084 -5.52656 -1.69797
upperback -1.32002 -7.40899 1.19556
thorax -1.08782 -3.70462 2.19501
lowerneck -9.35259 -5.97656 -0.403869
upperneck 3.82466 -8.25571 3.41813
head 3.0203 -3.95395 0.638855
lclavicle 1.68737e-14 -6.29995e-15 0
lhumerus -8.55306 -62.5914 84.6088
lradius 79.9332 0 0
lwrist 27.3206 0 0
lhand -13.1411 -0.58506 0
lfingers 7.12502 0 0
lthumb 12.9563 28.9764 0
rclavicle 1.68737e-14 -6.29995e-15 0
rhumerus -36.541 -7.34985 -55.1036
rradius 78.9771 0 0
rwrist -25.2563 0 0
rhand -27.5367 -43.0424 0
rfingers 7.12502 0 0
rthumb -0.938399 -793.02 0
659
root 5.53275 15.9856 -0.484331 9.83541 2.83624 -4.60367
lfemur -25.9501 25.7022 -21.1221
ltibia 73.3238 0 0
lfoot -3.01599 -0.717327 0
ltoes 0.638977 0 0
rfemur -46.3274 -16.1333 27.6541
rtibia 64.1957 0 0
rfoot -18.5069 -4.14539 0
rtoes -2.79216 0 0
lowerback -0.073745 -5.59152 -1.62441
upperback -1.36821 -7.49331 1.18762
thorax -1.10403 -3.74617 2.1443
lowerneck -9.41198 -5.86929 -0.352446
upperneck 3.67504 -8.10543 3.36363
head 2.97497 -3.88425 0.62681
lclavicle 1.67693e-14 -6.33053e-15 0
lhumerus -8.32027 -63.1299 84.5951
lradius 80.3509 0 0
lwrist 27.3601 0 0
lhand -13.0567 -0.555901 0
lfingers 7.12502 0 0
lthumb 13.0377 29.0012 0
rclavicle 1.67693e-14 -6.33053e-15 0
rhumerus -37.5008 -7.71104 -54.8136
rradius 78.123 0 0
rwrist -24.9142 0 0
rhand -27.5354 -43.3964 0
rfingers 7.12502 0 0
rthumb -0.937189 -793.374 0
660
root 5.52392 15.9792 -0.438825 10.3504 1.57193 -4.22478
lfemur -26.0785 25.8657 -21.1531
ltibia 73.7674 0 0
lfoot -2.57059 -0.932867 0
ltoes 0.651788 0 0
rfemur -46.3614 -16.2185 27.8134
rtibia 64.4124 0 0
rfoot -18.8838 -4.40046 0
rtoes -2.42962 0 0
lowerback -0.134382 -5.65647 -1.55085
upperback -1.4164 -7.57762 1.17968
thorax -1.12023 -3.78772 2.09359
lowerneck -9.47136 -5.76202 -0.301023
upperneck 3.52542 -7.95516 3.30912
head 2.92963 -3.81455 0.614766
lclavicle 1.66648e-14 -6.36111e-15 0
lhumerus -8.08749 -63.6684 84.5815
lradius 80.7685 0 0
lwrist 27.3995 0 0
lhand -12.9723 -0.526741 0
lfingers 7.12502 0 0
lthumb 13.1191 29.026 0
rclavicle 1.66648e-14 -6.36111e-15 0
rhumerus -38.4606 -8.07223 -54.5236
rradius 77.2689 0 0
rwrist -24.572 0 0
rhand -27.5342 -43.7504 0
rfingers 7.12502 0 0
rthumb -0.935979 -793.728 0
661
root 5.51509 15.9728 -0.393319 10.8654 0.307623 -3.8459
lfemur -26.2068 26.0291 -21.1842
ltibia 74.2111 0 0
lfoot -2.12519 -1.14841 0
ltoes 0.664599 0 0
rfemur -46.3953 -16.3037 27.9727
rtibia 64.629 0 0
rfoot -19.2607 -4.65552 0
rtoes -2.06709 0 0
lowerback -0.195018 -5.72142 -1.47729
upperback -1.46459 -7.66193 1.17174
thorax -1.13644 -3.82926 2.04287
lowerneck -9.53075 -5.65476 -0.249601
upperneck 3.37581 -7.80488 3.25462
head 2.8843 -3.74485 0.602721
lclavicle 1.65603e-14 -6.39169e-15 0
lhumerus -7.85471 -64.2069 84.5679
lradius 81.1862 0 0
lwrist 27.4389 0 0
lhand -12.888 -0.497581 0
lfingers 7.12502 0 0
lthumb 13.2005 29.0508 0
rclavicle 1.65603e-14 -6.39169e-15 0
rhumerus -39.4205 -8.43342 -54.2336
rradius 76.4148 0 0
rwrist -24.2299 0 0
rhand -27.5329 -44.1043 0
rfingers 7.12502 0 0
rthumb -0.934769 -794.082 0
662
root 5.50625 15.9664 -0.347813 11.3804 -0.956687 -3.46701
lfemur -26.3352 26.1925 -21.2153
ltibia 74.6547 0 0
lfoot -1.67979 -1.36395 0
ltoes 0.67741 0 0
rfemur -46.4292 -16.3889 28.132
rtibia 64.8456 0 0
rfoot -19.6376 -4.91059 0
rtoes -1.70456 0 0
lowerback -0.255655 -5.78638 -1.40373
upperback -1.51278 -7.74625 1.1638
thorax -1.15264 -3.87081 1.99216
lowerneck -9.59014 -5.54749 -0.198178
upperneck 3.22619 -7.65461 3.20012
head 2.83897 -3.67515 0.590677
lclavicle 1.64558e-14 -6.42227e-15 0
lhumerus -7.62193 -64.7455 84.5542
lradius 81.6039 0 0
lwrist 27.4784 0 0
lhand -12.8036 -0.468421 0
lfingers 7.12502 0 0
lthumb 13.2819 29.0756 0
rclavicle 1.64558e-14 -6.42227e-15 0
rhumerus -40.3803 -8.79461 -53.9436
rradius 75.5607 0 0
rwrist -23.8878 0 0
rhand -27.5317 -44.4583 0
rfingers 7.12502 0 0
rthumb -0.933559 -794.436 0
663
root 5.49742 15.9599 -0.302308 11.8954 -2.221 -3.08812
lfemur -26.4636 26.3559 -21.2463
ltibia 75.0983 0 0
lfoot -1.23439 -1.57949 0
ltoes 0.690222 0 0
rfemur -46.4631 -16.4741 28.2913
rtibia 65.0623 0 0
rfoot -20.0145 -5.16565 0
rtoes -1.34203 0 0
lowerback -0.316292 -5.85133 -1.33017
upperback -1.56098 -7.83056 1.15586
thorax -1.16885 -3.91236 1.94145
lowerneck -9.64953 -5.44022 -0.146755
upperneck 3.07657 -7.50433 3.14562
head 2.79364 -3.60546 0.578633
lclavicle 1.63513e-14 -6.45286e-15 0
lhumerus -7.38914 -65.284 84.5406
lradius 82.0216 0 0
lwrist 27.5178 0 0
lhand -12.7192 -0.439262 0
lfingers 7.12502 0 0
lthumb 13.3633 29.1004 0
rclavicle 1.63513e-14 -6.45286e-15 0
rhumerus -41.3401 -9.1558 -53.6537
rradius 74.7066 0 0
rwrist -23.5457 0 0
rhand -27.5304 -44.8123 0
rfingers 7.12502 0 0
rthumb -0.932349 -794.79 0
664
root 5.48858 15.9535 -0.256802 12.4104 -3.48531 -2.70923
lfemur -26.5919 26.5193 -21.2774
ltibia 75.542 0 0
lfoot -0.788985 -1.79502 0
ltoes 0.703033 0 0
rfemur -46.497 -16.5593 28.4507
rtibia 65.2789 0 0
rfoot -20.3913 -5.42072 0
rtoes -0.979503 0 0
lowerback -0.376928 -5.91628 -1.25661
upperback -1.60917 -7.91488 1.14792
thorax -1.18505 -3.95391 1.89074
lowerneck -9.70891 -5.33295 -0.0953325
upperneck 2.92695 -7.35406 3.09112
head 2.74831 -3.53576 0.566588
lclavicle 1.62468e-14 -6.48344e-15 0
lhumerus -7.15636 -65.8225 84.527
lradius 82.4393 0 0
lwrist 27.5573 0 0
lhand -12.6348 -0.410102 0
lfingers 7.12502 0 0
lthumb 13.4447 29.1253 0
rclavicle 1.62468e-14 -6.48344e-15 0
rhumerus -42.3 -9.51699 -53.3637
rradius 73.8525 0 0
rwrist -23.2036 0 0
rhand -27.5292 -45.1663 0
rfingers 7.12502 0 0
rthumb -0.931139 -795.144 0
665
root 5.47975 15.9471 -0.211296 12.9254 -4.74962 -2.33034
lfemur -26.7203 26.6828 -21.3085
ltibia 75.9856 0 0
lfoot -0.343583 -2.01056 0
ltoes 0.715844 0 0
rfemur -46.5309 -16.6445 28.61
rtibia 65.4955 0 0
rfoot -20.7682 -5.67579 0
rtoes -0.616973 0 0
lowerback -0.437565 -5.98124 -1.18305
upperback -1.65736 -7.99919 1.13998
thorax -1.20126 -3.99546 1.84002
lowerneck -9.7683 -5.22568 -0.0439097
upperneck 2.77733 -7.20379 3.03662
head 2.70297 -3.46606 0.554544
lclavicle 1.61423e-14 -6.51402e-15 0
lhumerus -6.92358 -66.361 84.5133
lradius 82.857 0 0
lwrist 27.5967 0 0
lhand -12.5504 -0.380942 0
lfingers 7.12502 0 0
lthumb 13.5261 29.1501 0
rclavicle 1.61423e-14 -6.51402e-15 0
rhumerus -43.2598 -9.87818 -53.0737
rradius 72.9984 0 0
rwrist -22.8615 0 0
rhand -27.5279 -45.5202 0
rfingers 7.12502 0 0
rthumb -0.929929 -795.498 0
666
root 5.47092 15.9406 -0.16579 13.4404 -6.01393 -1.95146
lfemur -26.8487 26.8462 -21.3395
ltibia 76.4292 0 0
lfoot 0.101818 -2.2261 0
ltoes 0.728655 0 0
rfemur -46.5648 -16.7297 28.7693
rtibia 65.7122 0 0
rfoot -21.1451 -5.93085 0
rtoes -0.254443 0 0
lowerback -0.498202 -6.04619 -1.10949
upperback -1.70555 -8.0835 1.13204
thorax -1.21746 -4.037 1.78931
lowerneck -9.82769 -5.11841 0.00751297
upperneck 2.62771 -7.05351 2.98212
head 2.65764 -3.39636 0.5425
lclavicle 1.60378e-14 -6.5446e-15 0
lhumerus -6.69079 -66.8995 84.4997
lradius 83.2747 0 0
lwrist 27.6362 0 0
lhand -12.466 -0.351783 0
lfingers 7.12502 0 0
lthumb 13.6075 29.1749 0
rclavicle 1.60378e-14 -6.5446e-15 0
rhumerus -44.2196 -10.2394 -52.7837
rradius 72.1444 0 0
rwrist -22.5194 0 0
rhand -27.5267 -45.8742 0
rfingers 7.12502 0 0
rthumb -0.928719 -795.852 0
667
root 5.46208 15.9342 -0.120285 13.9553 -7.27824 -1.57257
lfemur -26.977 27.0096 -21.3706
ltibia 76.8729 0 0
lfoot 0.54722 -2.44164 0
ltoes 0.741467 0 0
rfemur -46.5987 -16.8149 28.9286
rtibia 65.9288 0 0
rfoot -21.522 -6.18592 0
rtoes 0.108088 0 0
lowerback -0.558838 -6.11114 -1.03593
upperback -1.75374 -8.16782 1.1241
thorax -1.23367 -4.07855 1.7386
lowerneck -9.88708 -5.01114 0.0589357
upperneck 2.47809 -6.90324 2.92762
head 2.61231 -3.32667 0.530455
lclavicle 1.59333e-14 -6.57519e-15 0
lhumerus -6.45801 -67.4381 84.4861
lradius 83.6924 0 0
lwrist 27.6756 0 0
lhand -12.3816 -0.322623 0
lfingers 7.12502 0 0
lthumb 13.6889 29.1997 0
rclavicle 1.59333e-14 -6.57519e-15 0
rhumerus -45.1795 -10.6006 -52.4937
rradius 71.2903 0 0
rwrist -22.1773 0 0
rhand -27.5254 -46.2282 0
rfingers 7.12502 0 0
rthumb -0.927509 -796.206 0
668
root 5.45325 15.9278 -0.0747788 14.4703 -8.54255 -1.19368
lfemur -27.1054 27.173 -21.4017
ltibia 77.3165 0 0
lfoot 0.992622 -2.65718 0
ltoes 0.754278 0 0
rfemur -46.6326 -16.9001 29.0879
rtibia 66.1454 0 0
rfoot -21.8989 -6.44098 0
rtoes 0.470618 0 0
lowerback -0.619475 -6.17609 -0.962372
upperback -1.80193 -8.25213 1.11617
thorax -1.24987 -4.1201 1.68788
lowerneck -9.94646 -4.90387 0.110358
upperneck 2.32847 -6.75296 2.87312
head 2.56698 -3.25697 0.518411
lclavicle 1.58288e-14 -6.60577e-15 0
lhumerus -6.22523 -67.9766 84.4725
lradius 84.1101 0 0
lwrist 27.7151 0 0
lhand -12.2972 -0.293463 0
lfingers 7.12502 0 0
lthumb 13.7702 29.2245 0
rclavicle 1.58288e-14 -6.60577e-15 0
rhumerus -46.1393 -10.9618 -52.2037
rradius 70.4362 0 0
rwrist -21.8352 0 0
rhand -27.5242 -46.5821 0
rfingers 7.12502 0 0
rthumb -0.926299 -796.56 0
669
root 5.44442 15.9213 -0.0292731 14.9853 -9.80686 -0.814793
lfemur -27.2337 27.3364 -21.4327
ltibia 77.7602 0 0
lfoot 1.43802 -2.87272 0
ltoes 0.767089 0 0
rfemur -46.6665 -16.9854 29.2472
rtibia 66.3621 0 0
rfoot -22.2758 -6.69605 0
rtoes 0.833148 0 0
lowerback -0.680111 -6.24105 -0.888811
upperback -1.85012 -8.33644 1.10823
thorax -1.26608 -4.16165 1.63717
lowerneck -10.0059 -4.79661 0.161781
upperneck 2.17885 -6.60269 2.81862
head 2.52165 -3.18727 0.506366
lclavicle 1.57244e-14 -6.63635e-15 0
lhumerus -5.99244 -68.5151 84.4588
lradius 84.5277 0 0
lwrist 27.7545 0 0
lhand -12.2129 -0.264304 0
lfingers 7.12502 0 0
lthumb 13.8516 29.2493 0
rclavicle 1.57244e-14 -6.63635e-15 0
rhumerus -47.0992 -11.3229 -51.9137
rradius 69.5821 0 0
rwrist -21.4931 0 0
rhand -27.5229 -46.9361 0
rfingers 7.12502 0 0
rthumb -0.925089 -796.914 0
670
root 5.43558 15.9149 0.0162327 15.5003 -11.0712 -0.435905
lfemur -27.3621 27.4998 -21.4638
ltibia 78.2038 0 0
lfoot 1.88343 -3.08826 0
ltoes 0.7799 0 0
rfemur -46.7004 -17.0706 29.4065
rtibia 66.5787 0 0
rfoot -22.6526 -6.95111 0
rtoes 1.19568 0 0
lowerback -0.740748 -6.306 -0.815251
upperback -1.89832 -8.42076 1.10029
thorax -1.28228 -4.2032 1.58646
lowerneck -10.0652 -4.68934 0.213204
upperneck 2.02923 -6.45241 2.76412
head 2.47632 -3.11757 0.494322
lclavicle 1.56199e-14 -6.66693e-15 0
lhumerus -5.75966 -69.0536 84.4452
lradius 84.9454 0 0
lwrist 27.794 0 0
lhand -12.1285 -0.235144 0
lfingers 7.12502 0 0
lthumb 13.933 29.2741 0
rclavicle 1.56199e-14 -6.66693e-15 0
rhumerus -48.059 -11.6841 -51.6238
rradius 68.728 0 0
rwrist -21.151 0 0
rhand -27.5217 -47.2901 0
rfingers 7.12502 0 0
rthumb -0.923879 -797.268 0
671
root 5.42675 15.9085 0.0617385 16.0153 -12.3355 -0.0570169
lfemur -27.4905 27.6633 -21.4949
ltibia 78.6474 0 0
lfoot 2.32883 -3.3038 0
ltoes 0.792712 0 0
rfemur -46.7343 -17.1558 29.5658
rtibia 66.7953 0 0
rfoot -23.0295 -7.20618 0
rtoes 1.55821 0 0
lowerback -0.801385 -6.37095 -0.741691
upperback -1.94651 -8.50507 1.09235
thorax -1.29849 -4.24474 1.53575
lowerneck -10.1246 -4.58207 0.264627
upperneck 1.87961 -6.30214 2.70962
head 2.43098 -3.04788 0.482278
lclavicle 1.55154e-14 -6.69752e-15 0
lhumerus -5.52688 -69.5922 84.4316
lradius 85.3631 0 0
lwrist 27.8334 0 0
lhand -12.0441 -0.205984 0
lfingers 7.12502 0 0
lthumb 14.0144 29.299 0
rclavicle 1.55154e-14 -6.69752e-15 0
rhumerus -49.0188 -12.0453 -51.3338
rradius 67.8739 0 0
rwrist -20.8089 0 0
rhand -27.5204 -47.6441 0
rfingers 7.12502 0 0
rthumb -0.922669 -797.622 0
672
root 5.41791 15.902 0.107244 16.5303 -13.5998 0.321871
lfemur -27.6188 27.8267 -21.5259
ltibia 79.0911 0 0
lfoot 2.77423 -3.51934 0
ltoes 0.805523 0 0
rfemur -46.7682 -17.241 29.7251
rtibia 67.012 0 0
rfoot -23.4064 -7.46124 0
rtoes 1.92074 0 0
lowerback -0.862021 -6.43591 -0.668131
upperback -1.9947 -8.58939 1.08441
thorax -1.31469 -4.28629 1.48503
lowerneck -10.184 -4.4748 0.316049
upperneck 1.72999 -6.15186 2.65512
head 2.38565 -2.97818 0.470233
lclavicle 1.54109e-14 -6.7281e-15 0
lhumerus -5.29409 -70.1307 84.4179
lradius 85.7808 0 0
lwrist 27.8729 0 0
lhand -11.9597 -0.176825 0
lfingers 7.12502 0 0
lthumb 14.0958 29.3238 0
rclavicle 1.54109e-14 -6.7281e-15 0
rhumerus -49.9787 -12.4065 -51.0438
rradius 67.0198 0 0
rwrist -20.4668 0 0
rhand -27.5192 -47.998 0
rfingers 7.12502 0 0
rthumb -0.921459 -797.976 0
673
root 5.40908 15.8956 0.15275 17.0453 -14.8641 0.700759
lfemur -27.7472 27.9901 -21.557
ltibia 79.5347 0 0
lfoot 3.21963 -3.73488 0
ltoes 0.818334 0 0
rfemur -46.8021 -17.3262 29.8844
rtibia 67.2286 0 0
rfoot -23.7833 -7.71631 0
rtoes 2.28327 0 0
lowerback -0.922658 -6.50086 -0.594571
upperback -2.04289 -8.6737 1.07647
thorax -1.3309 -4.32784 1.43432
lowerneck -10.2434 -4.36753 0.367472
upperneck 1.58037 -6.00159 2.60062
head 2.34032 -2.90848 0.458189
lclavicle 1.53064e-14 -6.75868e-15 0
lhumerus -5.06131 -70.6692 84.4043
lradius 86.1985 0 0
lwrist 27.9123 0 0
lhand -11.8753 -0.147665 0
lfingers 7.12502 0 0
lthumb 14.1772 29.3486 0
rclavicle 1.53064e-14 -6.75868e-15 0
rhumerus -50.9385 -12.7677 -50.7538
rradius 66.1657 0 0
rwrist -20.1247 0 0
rhand -27.5179 -48.352 0
rfingers 7.12502 0 0
rthumb -0.920249 -798.33 0
674
root 5.40313 16.0138 0.301627 16.85 -16.4484 0.79287
lfemur -28.7426 27.4201 -19.4037
ltibia 81.8356 0 0
lfoot 3.51653 -3.73777 0
ltoes 2.27552 0 0
rfemur -44.9234 -16.5399 29.0974
rtibia 64.3775 0 0
rfoot -22.2078 -7.20532 0
rtoes 2.28336 0 0
lowerback -0.741927 -6.3989 -0.680529
upperback -2.03072 -8.54803 0.906455
thorax -1.43285 -4.26423 1.3242
lowerneck -10.0551 -4.38224 0.348525
upperneck 1.70429 -6.02955 2.73267
head 2.35411 -2.9187 0.505475
lclavicle 1.34037e-14 -5.2252e-15 0
lhumerus -3.29082 -68.6067 81.0066
lradius 85.9597 0 0
lwrist 28.0102 0 0
lhand -12.3415 -0.441205 0
lfingers 7.12502 0 0
lthumb 13.7274 29.0756 0
rclavicle 1.34037e-14 -5.2252e-15 0
rhumerus -50.272 -12.5819 -49.1037
rradius 67.8289 0 0
rwrist -19.6912 0 0
rhand -27.8296 -48.0195 0
rfingers 7.12502 0 0
rthumb -1.22128 -797.992 0
675
root 5.39717 16.1319 0.450503 16.6546 -18.0328 0.884982
lfemur -29.7379 26.85 -17.2505
ltibia 84.1365 0 0
lfoot 3.81343 -3.74067 0
ltoes 3.7327 0 0
rfemur -43.0447 -15.7536 28.3104
rtibia 61.5265 0 0
rfoot -20.6324 -6.69434 0
rtoes 2.28346 0 0
lowerback -0.561196 -6.29694 -0.766486
upperback -2.01856 -8.42236 0.73644
thorax -1.53481 -4.20061 1.21409
lowerneck -9.86682 -4.39696 0.329577
upperneck 1.8282 -6.05752 2.86472
head 2.3679 -2.92893 0.552761
lclavicle 1.15011e-14 -3.69172e-15 0
lhumerus -1.52033 -66.5443 77.6089
lradius 85.7209 0 0
lwrist 28.1082 0 0
lhand -12.8078 -0.734745 0
lfingers 7.12502 0 0
lthumb 13.2775 28.8026 0
rclavicle 1.15011e-14 -3.69172e-15 0
rhumerus -49.6055 -12.396 -47.4536
rradius 69.4921 0 0
rwrist -19.2577 0 0
rhand -28.1414 -47.6869 0
rfingers 7.12502 0 0
rthumb -1.52231 -797.653 0
676
root 5.39122 16.2501 0.59938 16.4593 -19.6171 0.977093
lfemur -30.7333 26.28 -15.0972
ltibia 86.4375 0 0
lfoot 4.11033 -3.74356 0
ltoes 5.18989 0 0
rfemur -41.1659 -14.9672 27.5234
rtibia 58.6754 0 0
rfoot -19.0569 -6.18335 0
rtoes 2.28355 0 0
lowerback -0.380465 -6.19499 -0.852444
upperback -2.00639 -8.29669 0.566426
thorax -1.63676 -4.137 1.10397
lowerneck -9.67852 -4.41167 0.31063
upperneck 1.95212 -6.08548 2.99677
head 2.38168 -2.93915 0.600046
lclavicle 9.59844e-15 -2.15824e-15 0
lhumerus 0.250163 -64.4818 74.2112
lradius 85.4821 0 0
lwrist 28.2061 0 0
lhand -13.274 -1.02829 0
lfingers 7.12502 0 0
lthumb 12.8277 28.5295 0
rclavicle 9.59844e-15 -2.15824e-15 0
rhumerus -48.939 -12.2102 -45.8035
rradius 71.1553 0 0
rwrist -18.8242 0 0
rhand -28.4531 -47.3544 0
rfingers 7.12502 0 0
rthumb -1.82334 -797.315 0
677
root 5.38526 16.3682 0.748257 16.2639 -21.2015 1.0692
lfemur -31.7286 25.7099 -12.9439
ltibia 88.7384 0 0
lfoot 4.40722 -3.74645 0
ltoes 6.64707 0 0
rfemur -39.2872 -14.1809 26.7364
rtibia 55.8243 0 0
rfoot -17.4815 -5.67237 0
rtoes 2.28364 0 0
lowerback -0.199735 -6.09303 -0.938401
upperback -1.99423 -8.17103 0.396411
thorax -1.73872 -4.07338 0.993852
lowerneck -9.49023 -4.42639 0.291682
upperneck 2.07603 -6.11345 3.12882
head 2.39547 -2.94937 0.647332
lclavicle 7.69579e-15 -6.2476e-16 0
lhumerus 2.02065 -62.4194 70.8135
lradius 85.2433 0 0
lwrist 28.304 0 0
lhand -13.7403 -1.32183 0
lfingers 7.12502 0 0
lthumb 12.3779 28.2565 0
rclavicle 7.69579e-15 -6.2476e-16 0
rhumerus -48.2725 -12.0243 -44.1534
rradius 72.8185 0 0
rwrist -18.3907 0 0
rhand -28.7649 -47.0218 0
rfingers 7.12502 0 0
rthumb -2.12437 -796.977 0
678
root 5.37931 16.4864 0.897133 16.0686 -22.7858 1.16132
lfemur -32.724 25.1399 -10.7906
ltibia 91.0393 0 0
lfoot 4.70412 -3.74935 0
ltoes 8.10425 0 0
rfemur -37.4085 -13.3946 25.9494
rtibia 52.9732 0 0
rfoot -15.906 -5.16138 0
rtoes 2.28374 0 0
lowerback -0.0190037 -5.99107 -1.02436
upperback -1.98206 -8.04536 0.226396
thorax -1.84067 -4.00977 0.883735
lowerneck -9.30194 -4.4411 0.272735
upperneck 2.19995 -6.14141 3.26087
head 2.40926 -2.9596 0.694618
lclavicle 5.79314e-15 9.0872e-16 0
lhumerus 3.79114 -60.3569 67.4158
lradius 85.0045 0 0
lwrist 28.4019 0 0
lhand -14.2065 -1.61537 0
lfingers 7.12502 0 0
lthumb 11.9281 27.9835 0
rclavicle 5.79314e-15 9.0872e-16 0
rhumerus -47.606 -11.8385 -42.5033
rradius 74.4817 0 0
rwrist -17.9572 0 0
rhand -29.0766 -46.6893 0
rfingers 7.12502 0 0
rthumb -2.4254 -796.638 0
679
root 5.37335 16.6046 1.04601 15.8732 -24.3702 1.25343
lfemur -33.7193 24.5698 -8.63737
ltibia 93.3402 0 0
lfoot 5.00102 -3.75224 0
ltoes 9.56144 0 0
rfemur -35.5298 -12.6083 25.1625
rtibia 50.1222 0 0
rfoot -14.3305 -4.6504 0
rtoes 2.28383 0 0
lowerback 0.161727 -5.88911 -1.11032
upperback -1.9699 -7.91969 0.0563814
thorax -1.94263 -3.94616 0.773617
lowerneck -9.11365 -4.45582 0.253788
upperneck 2.32386 -6.16938 3.39292
head 2.42305 -2.96982 0.741904
lclavicle 3.89049e-15 2.4422e-15 0
lhumerus 5.56164 -58.2944 64.0182
lradius 84.7657 0 0
lwrist 28.4999 0 0
lhand -14.6728 -1.90891 0
lfingers 7.12502 0 0
lthumb 11.4782 27.7105 0
rclavicle 3.89049e-15 2.4422e-15 0
rhumerus -46.9395 -11.6527 -40.8532
rradius 76.1449 0 0
rwrist -17.5238 0 0
rhand -29.3884 -46.3567 0
rfingers 7.12502 0 0
rthumb -2.72643 -796.3 0
680
root 5.3674 16.7227 1.19489 15.6779 -25.9545 1.34554
lfemur -34.7147 23.9998 -6.4841
ltibia 95.6411 0 0
lfoot 5.29792 -3.75513 0
ltoes 11.0186 0 0
rfemur -33.651 -11.8219 24.3755
rtibia 47.2711 0 0
rfoot -12.7551 -4.13941 0
rtoes 2.28392 0 0
lowerback 0.342458 -5.78715 -1.19627
upperback -1.95773 -7.79402 -0.113633
thorax -2.04458 -3.88254 0.6635
lowerneck -8.92536 -4.47053 0.23484
upperneck 2.44778 -6.19734 3.52497
head 2.43683 -2.98004 0.789189
lclavicle 1.98783e-15 3.97568e-15 0
lhumerus 7.33213 -56.232 60.6205
lradius 84.5269 0 0
lwrist 28.5978 0 0
lhand -15.139 -2.20245 0
lfingers 7.12502 0 0
lthumb 11.0284 27.4375 0
rclavicle 1.98783e-15 3.97568e-15 0
rhumerus -46.273 -11.4668 -39.2031
rradius 77.8081 0 0
rwrist -17.0903 0 0
rhand -29.7001 -46.0242 0
rfingers 7.12502 0 0
rthumb -3.02747 -795.962 0
681
root 5.36145 16.8409 1.34376 15.4826 -27.5389 1.43765
lfemur -35.71 23.4298 -4.33083
ltibia 97.9421 0 0
lfoot 5.59482 -3.75803 0
ltoes 12.4758 0 0
rfemur -31.7723 -11.0356 23.5885
rtibia 44.42 0 0
rfoot -11.1796 -3.62842 0
rtoes 2.28402 0 0
lowerback 0.523189 -5.6852 -1.28223
upperback -1.94557 -7.66835 -0.283648
thorax -2.14653 -3.81893 0.553383
lowerneck -8.73706 -4.48524 0.215893
upperneck 2.57169 -6.22531 3.65702
head 2.45062 -2.99027 0.836475
lclavicle 8.5181e-17 5.50916e-15 0
lhumerus 9.10262 -54.1695 57.2228
lradius 84.2881 0 0
lwrist 28.6957 0 0
lhand -15.6053 -2.49599 0
lfingers 7.12502 0 0
lthumb 10.5786 27.1644 0
rclavicle 8.5181e-17 5.50916e-15 0
rhumerus -45.6065 -11.281 -37.553
rradius 79.4713 0 0
rwrist -16.6568 0 0
rhand -30.0119 -45.6917 0
rfingers 7.12502 0 0
rthumb -3.3285 -795.623 0
682
root 5.35549 16.9591 1.49264 15.2872 -29.1232 1.52976
lfemur -36.7054 22.8597 -2.17756
ltibia 100.243 0 0
lfoot 5.89172 -3.76092 0
ltoes 13.933 0 0
rfemur -29.8936 -10.2493 22.8015
rtibia 41.569 0 0
rfoot -9.60414 -3.11744 0
rtoes 2.28411 0 0
lowerback 0.70392 -5.58324 -1.36819
upperback -1.9334 -7.54268 -0.453663
thorax -2.24849 -3.75532 0.443266
lowerneck -8.54877 -4.49996 0.196946
upperneck 2.69561 -6.25327 3.78907
head 2.46441 -3.00049 0.883761
lclavicle -1.81747e-15 7.04264e-15 0
lhumerus 10.8731 -52.107 53.8251
lradius 84.0493 0 0
lwrist 28.7937 0 0
lhand -16.0715 -2.78953 0
lfingers 7.12502 0 0
lthumb 10.1287 26.8914 0
rclavicle -1.81747e-15 7.04264e-15 0
rhumerus -44.94 -11.0951 -35.9029
rradius 81.1345 0 0
rwrist -16.2233 0 0
rhand -30.3236 -45.3591 0
rfingers 7.12502 0 0
rthumb -3.62953 -795.285 0
683
root 5.34954 17.0772 1.64152 15.0919 -30.7076 1.62187
lfemur -37.7007 22.2897 -0.0242857
ltibia 102.544 0 0
lfoot 6.18862 -3.76381 0
ltoes 15.3902 0 0
rfemur -28.0149 -9.46298 22.0145
rtibia 38.7179 0 0
rfoot -8.02868 -2.60645 0
rtoes 2.2842 0 0
lowerback 0.884651 -5.48128 -1.45415
upperback -1.92124 -7.41701 -0.623678
thorax -2.35044 -3.6917 0.333149
lowerneck -8.36048 -4.51467 0.177998
upperneck 2.81952 -6.28124 3.92112
head 2.4782 -3.01071 0.931047
lclavicle -3.72012e-15 8.57612e-15 0
lhumerus 12.6436 -50.0446 50.4274
lradius 83.8105 0 0
lwrist 28.8916 0 0
lhand -16.5378 -3.08307 0
lfingers 7.12502 0 0
lthumb 9.67891 26.6184 0
rclavicle -3.72012e-15 8.57612e-15 0
rhumerus -44.2735 -10.9093 -34.2528
rradius 82.7977 0 0
rwrist -15.7898 0 0
rhand -30.6354 -45.0266 0
rfingers 7.12502 0 0
rthumb -3.93056 -794.947 0
684
root 5.34358 17.1954 1.79039 14.8965 -32.2919 1.71399
lfemur -38.6961 21.7196 2.12899
ltibia 104.845 0 0
lfoot 6.48551 -3.76671 0
ltoes 16.8474 0 0
rfemur -26.1361 -8.67666 21.2275
rtibia 35.8668 0 0
rfoot -6.45321 -2.09547 0
rtoes 2.2843 0 0
lowerback 1.06538 -5.37932 -1.5401
upperback -1.90907 -7.29135 -0.793692
thorax -2.4524 -3.62809 0.223032
lowerneck -8.17219 -4.52939 0.159051
upperneck 2.94344 -6.3092 4.05316
head 2.49198 -3.02094 0.978332
lclavicle -5.62278e-15 1.01096e-14 0
lhumerus 14.4141 -47.9821 47.0297
lradius 83.5716 0 0
lwrist 28.9895 0 0
lhand -17.004 -3.37661 0
lfingers 7.12502 0 0
lthumb 9.22908 26.3454 0
rclavicle -5.62278e-15 1.01096e-14 0
rhumerus -43.6069 -10.7235 -32.6028
rradius 84.461 0 0
rwrist -15.3563 0 0
rhand -30.9471 -44.694 0
rfingers 7.12502 0 0
rthumb -4.23159 -794.608 0
685
root 5.33763 17.3135 1.93927 14.7012 -33.8763 1.8061
lfemur -39.6914 21.1496 4.28226
ltibia 107.146 0 0
lfoot 6.78241 -3.7696 0
ltoes 18.3045 0 0
rfemur -24.2574 -7.89034 20.4405
rtibia 33.0157 0 0
rfoot -4.87775 -1.58448 0
rtoes 2.28439 0 0
lowerback 1.24611 -5.27736 -1.62606
upperback -1.89691 -7.16568 -0.963707
thorax -2.55435 -3.56447 0.112915
lowerneck -7.9839 -4.5441 0.140103
upperneck 3.06735 -6.33717 4.18521
head 2.50577 -3.03116 1.02562
lclavicle -7.52543e-15 1.16431e-14 0
lhumerus 16.1846 -45.9197 43.632
lradius 83.3328 0 0
lwrist 29.0874 0 0
lhand -17.4703 -3.67015 0
lfingers 7.12502 0 0
lthumb 8.77925 26.0724 0
rclavicle -7.52543e-15 1.16431e-14 0
rhumerus -42.9404 -10.5376 -30.9527
rradius 86.1242 0 0
rwrist -14.9228 0 0
rhand -31.2589 -44.3615 0
rfingers 7.12502 0 0
rthumb -4.53262 -794.27 0
686
root 5.33167 17.4317 2.08815 14.5058 -35.4606 1.89821
lfemur -40.6868 20.5795 6.43553
ltibia 109.447 0 0
lfoot 7.07931 -3.77249 0
ltoes 19.7617 0 0
rfemur -22.3787 -7.10402 19.6535
rtibia 30.1647 0 0
rfoot -3.30229 -1.0735 0
rtoes 2.28448 0 0
lowerback 1.42684 -5.1754 -1.71202
upperback -1.88474 -7.04001 -1.13372
thorax -2.65631 -3.50086 0.00279776
lowerneck -7.79561 -4.55882 0.121156
upperneck 3.19127 -6.36513 4.31726
head 2.51956 -3.04138 1.0729
lclavicle -9.42808e-15 1.31766e-14 0
lhumerus 17.9551 -43.8572 40.2343
lradius 83.094 0 0
lwrist 29.1854 0 0
lhand -17.9365 -3.96369 0
lfingers 7.12502 0 0
lthumb 8.32942 25.7994 0
rclavicle -9.42808e-15 1.31766e-14 0
rhumerus -42.2739 -10.3518 -29.3026
rradius 87.7874 0 0
rwrist -14.4893 0 0
rhand -31.5706 -44.0289 0
rfingers 7.12502 0 0
rthumb -4.83365 -793.932 0
687
root 5.32572 17.5499 2.23702 14.3105 -37.045 1.99032
lfemur -41.6821 20.0095 8.5888
ltibia 111.748 0 0
lfoot 7.37621 -3.77539 0
ltoes 21.2189 0 0
rfemur -20.5 -6.31769 18.8665
rtibia 27.3136 0 0
rfoot -1.72683 -0.56251 0
rtoes 2.28458 0 0
lowerback 1.60757 -5.07345 -1.79798
upperback -1.87258 -6.91434 -1.30374
thorax -2.75826 -3.43725 -0.107319
lowerneck -7.60731 -4.57353 0.102209
upperneck 3.31518 -6.3931 4.44931
head 2.53335 -3.05161 1.12019
lclavicle -1.13307e-14 1.471e-14 0
lhumerus 19.7256 -41.7947 36.8366
lradius 82.8552 0 0
lwrist 29.2833 0 0
lhand -18.4028 -4.25723 0
lfingers 7.12502 0 0
lthumb 7.87959 25.5263 0
rclavicle -1.13307e-14 1.471e-14 0
rhumerus -41.6074 -10.1659 -27.6525
rradius 89.4506 0 0
rwrist -14.0558 0 0
rhand -31.8824 -43.6964 0
rfingers 7.12502 0 0
rthumb -5.13468 -793.593 0
688
root 5.31977 17.668 2.3859 14.1152 -38.6293 2.08243
lfemur -42.6775 19.4395 10.7421
ltibia 114.048 0 0
lfoot 7.67311 -3.77828 0
ltoes 22.6761 0 0
rfemur -18.6212 -5.53137 18.0795
rtibia 24.4625 0 0
rfoot -0.151364 -0.0515243 0
rtoes 2.28467 0 0
lowerback 1.7883 -4.97149 -1.88393
upperback -1.86041 -6.78867 -1.47375
thorax -2.86021 -3.37363 -0.217436
lowerneck -7.41902 -4.58824 0.0832613
upperneck 3.4391 -6.42106 4.58136
head 2.54713 -3.06183 1.16748
lclavicle -1.32334e-14 1.62435e-14 0
lhumerus 21.4961 -39.7323 33.4389
lradius 82.6164 0 0
lwrist 29.3812 0 0
lhand -18.869 -4.55077 0
lfingers 7.12502 0 0
lthumb 7.42976 25.2533 0
rclavicle -1.32334e-14 1.62435e-14 0
rhumerus -40.9409 -9.98011 -26.0024
rradius 91.1138 0 0
rwrist -13.6223 0 0
rhand -32.1941 -43.3639 0
rfingers 7.12502 0 0
rthumb -5.43571 -793.255 0
689
root 5.31381 17.7862 2.53478 13.9198 -40.2137 2.17454
lfemur -43.6728 18.8694 12.8953
ltibia 116.349 0 0
lfoot 7.97001 -3.78117 0
ltoes 24.1333 0 0
rfemur -16.7425 -4.74505 17.2926
rtibia 21.6115 0 0
rfoot 1.4241 0.459461 0
rtoes 2.28476 0 0
lowerback 1.96904 -4.86953 -1.96989
upperback -1.84825 -6.663 -1.64377
thorax -2.96217 -3.31002 -0.327554
lowerneck -7.23073 -4.60296 0.0643139
upperneck 3.56301 -6.44903 4.71341
head 2.56092 -3.07205 1.21476
lclavicle -1.5136e-14 1.7777e-14 0
lhumerus 23.2665 -37.6698 30.0413
lradius 82.3776 0 0
lwrist 29.4792 0 0
lhand -19.3353 -4.84431 0
lfingers 7.12502 0 0
lthumb 6.97994 24.9803 0
rclavicle -1.5136e-14 1.7777e-14 0
rhumerus -40.2744 -9.79427 -24.3523
rradius 92.777 0 0
rwrist -13.1889 0 0
rhand -32.5059 -43.0313 0
rfingers 7.12502 0 0
rthumb -5.73674 -792.917 0
690
root 5.30786 17.9044 2.68365 13.7245 -41.798 2.26665
lfemur -44.6682 18.2994 15.0486
ltibia 118.65 0 0
lfoot 8.26691 -3.78407 0
ltoes 25.5905 0 0
rfemur -14.8638 -3.95873 16.5056
rtibia 18.7604 0 0
rfoot 2.99956 0.970447 0
rtoes 2.28486 0 0
lowerback 2.14977 -4.76757 -2.05585
upperback -1.83608 -6.53733 -1.81378
thorax -3.06412 -3.24641 -0.437671
lowerneck -7.04244 -4.61767 0.0453665
upperneck 3.68693 -6.47699 4.84546
head 2.57471 -3.08228 1.26205
lclavicle -1.70387e-14 1.93105e-14 0
lhumerus 25.037 -35.6073 26.6436
lradius 82.1388 0 0
lwrist 29.5771 0 0
lhand -19.8015 -5.13785 0
lfingers 7.12502 0 0
lthumb 6.53011 24.7073 0
rclavicle -1.70387e-14 1.93105e-14 0
rhumerus -39.6079 -9.60843 -22.7022
rradius 94.4402 0 0
rwrist -12.7554 0 0
rhand -32.8176 -42.6988 0
rfingers 7.12502 0 0
rthumb -6.03778 -792.578 0
691
root 5.3019 18.0225 2.83253 13.5291 -43.3824 2.35877
lfemur -45.6635 17.7293 17.2019
ltibia 120.951 0 0
lfoot 8.5638 -3.78696 0
ltoes 27.0476 0 0
rfemur -12.9851 -3.17241 15.7186
rtibia 15.9093 0 0
rfoot 4.57502 1.48143 0
rtoes 2.28495 0 0
lowerback 2.3305 -4.66561 -2.14181
upperback -1.82392 -6.41167 -1.9838
thorax -3.16608 -3.18279 -0.547788
lowerneck -6.85415 -4.63239 0.0264191
upperneck 3.81084 -6.50496 4.97751
head 2.5885 -3.0925 1.30933
lclavicle -1.89413e-14 2.0844e-14 0
lhumerus 26.8075 -33.5449 23.2459
lradius 81.9 0 0
lwrist 29.675 0 0
lhand -20.2678 -5.43139 0
lfingers 7.12502 0 0
lthumb 6.08028 24.4343 0
rclavicle -1.89413e-14 2.0844e-14 0
rhumerus -38.9414 -9.42259 -21.0521
rradius 96.1034 0 0
rwrist -12.3219 0 0
rhand -33.1294 -42.3662 0
rfingers 7.12502 0 0
rthumb -6.33881 -792.24 0
692
root 5.29595 18.1407 2.98141 13.3338 -44.9667 2.45088
lfemur -46.6589 17.1593 19.3552
ltibia 123.252 0 0
lfoot 8.8607 -3.78985 0
ltoes 28.5048 0 0
rfemur -11.1064 -2.38609 14.9316
rtibia 13.0583 0 0
rfoot 6.15049 1.99242 0
rtoes 2.28504 0 0
lowerback 2.51123 -4.56366 -2.22776
upperback -1.81175 -6.286 -2.15381
thorax -3.26803 -3.11918 -0.657905
lowerneck -6.66585 -4.6471 0.00747176
upperneck 3.93476 -6.53292 5.10956
head 2.60228 -3.10272 1.35662
lclavicle -2.0844e-14 2.23774e-14 0
lhumerus 28.578 -31.4824 19.8482
lradius 81.6612 0 0
lwrist 29.7729 0 0
lhand -20.734 -5.72493 0
lfingers 7.12502 0 0
lthumb 5.63045 24.1612 0
rclavicle -2.0844e-14 2.23774e-14 0
rhumerus -38.2749 -9.23675 -19.402
rradius 97.7666 0 0
rwrist -11.8884 0 0
rhand -33.4411 -42.0337 0
rfingers 7.12502 0 0
rthumb -6.63984 -791.902 0
693
root 5.28999 18.2588 3.13028 13.1384 -46.5511 2.54299
lfemur -47.6542 16.5892 21.5084
ltibia 125.553 0 0
lfoot 9.1576 -3.79275 0
ltoes 29.962 0 0
rfemur -9.22763 -1.59976 14.1446
rtibia 10.2072 0 0
rfoot 7.72595 2.5034 0
rtoes 2.28514 0 0
lowerback 2.69196 -4.4617 -2.31372
upperback -1.79959 -6.16033 -2.32383
thorax -3.36999 -3.05556 -0.768022
lowerneck -6.47756 -4.66182 -0.0114756
upperneck 4.05867 -6.56089 5.24161
head 2.61607 -3.11295 1.4039
lclavicle -2.27466e-14 2.39109e-14 0
lhumerus 30.3485 -29.42 16.4505
lradius 81.4224 0 0
lwrist 29.8709 0 0
lhand -21.2003 -6.01847 0
lfingers 7.12502 0 0
lthumb 5.18062 23.8882 0
rclavicle -2.27466e-14 2.39109e-14 0
rhumerus -37.6084 -9.05091 -17.7519
rradius 99.4298 0 0
rwrist -11.4549 0 0
rhand -33.7529 -41.7011 0
rfingers 7.12502 0 0
rthumb -6.94087 -791.563 0
694
root 5.28404 18.377 3.27916 12.9431 -48.1354 2.6351
lfemur -48.6496 16.0192 23.6617
ltibia 127.854 0 0
lfoot 9.4545 -3.79564 0
ltoes 31.4192 0 0
rfemur -7.34891 -0.813442 13.3576
rtibia 7.35611 0 0
rfoot 9.30141 3.01439 0
rtoes 2.28523 0 0
lowerback 2.87269 -4.35974 -2.39968
upperback -1.78742 -6.03466 -2.49384
thorax -3.47194 -2.99195 -0.878139
lowerneck -6.28927 -4.67653 -0.030423
upperneck 4.18259 -6.58885 5.37366
head 2.62986 -3.12317 1.45119
lclavicle -2.46493e-14 2.54444e-14 0
lhumerus 32.119 -27.3575 13.0528
lradius 81.1836 0 0
lwrist 29.9688 0 0
lhand -21.6665 -6.31201 0
lfingers 7.12502 0 0
lthumb 4.73079 23.6152 0
rclavicle -2.46493e-14 2.54444e-14 0
rhumerus -36.9419 -8.86507 -16.1018
rradius 101.093 0 0
rwrist -11.0214 0 0
rhand -34.0646 -41.3686 0
rfingers 7.12502 0 0
rthumb -7.2419 -791.225 0
695
root 5.30897 18.6071 3.49159 13.2028 -50.8015 2.55402
lfemur -47.9425 14.6553 23.1629
ltibia 125.666 0 0
lfoot 8.95317 -3.21436 0
ltoes 31.7236 0 0
rfemur -7.86538 -0.791164 12.6929
rtibia 7.78418 0 0
rfoot 11.3075 1.72888 0
rtoes 2.74909 0 0
lowerback 2.91754 -4.0543 -2.39974
upperback -1.78848 -5.62669 -2.44251
thorax -3.49454 -2.78774 -0.846634
lowerneck -6.35843 -4.71763 -0.0693099
upperneck 3.93807 -6.62353 5.26524
head 2.55859 -3.14791 1.42176
lclavicle -1.51325e-14 2.50468e-14 0
lhumerus 30.5144 -26.371 12.8998
lradius 79.4223 0 0
lwrist 30.2177 0 0
lhand -21.6866 -5.9743 0
lfingers 7.12502 0 0
lthumb 4.71138 23.9533 0
rclavicle -1.51325e-14 2.50468e-14 0
rhumerus -35.2831 -9.15202 -15.9879
rradius 100.915 0 0
rwrist -10.543 0 0
rhand -34.2502 -41.2676 0
rfingers 7.12502 0 0
rthumb -7.42104 -791.117 0
696
root 5.3339 18.8372 3.70402 13.4625 -53.4675 2.47294
lfemur -47.2354 13.2913 22.6641
ltibia 123.477 0 0
lfoot 8.45184 -2.63309 0
ltoes 32.0281 0 0
rfemur -8.38186 -0.768885 12.0281
rtibia 8.21226 0 0
rfoot 13.3137 0.443362 0
rtoes 3.21294 0 0
lowerback 2.96239 -3.74886 -2.3998
upperback -1.78953 -5.21873 -2.39117
thorax -3.51715 -2.58353 -0.81513
lowerneck -6.4276 -4.75872 -0.108197
upperneck 3.69356 -6.65822 5.15681
head 2.48732 -3.17265 1.39234
lclavicle -5.61567e-15 2.46493e-14 0
lhumerus 28.9098 -25.3844 12.7467
lradius 77.6609 0 0
lwrist 30.4666 0 0
lhand -21.7067 -5.63659 0
lfingers 7.12502 0 0
lthumb 4.69197 24.2915 0
rclavicle -5.61567e-15 2.46493e-14 0
rhumerus -33.6243 -9.43898 -15.874
rradius 100.737 0 0
rwrist -10.0645 0 0
rhand -34.4358 -41.1665 0
rfingers 7.12502 0 0
rthumb -7.60019 -791.009 0
697
root 5.35883 19.0672 3.91644 13.7222 -56.1336 2.39186
lfemur -46.5283 11.9274 22.1654
ltibia 121.289 0 0
lfoot 7.95051 -2.05181 0
ltoes 32.3325 0 0
rfemur -8.89833 -0.746607 11.3634
rtibia 8.64033 0 0
rfoot 15.3198 -0.842151 0
rtoes 3.67679 0 0
lowerback 3.00725 -3.44342 -2.39986
upperback -1.79059 -4.81076 -2.33983
thorax -3.53975 -2.37932 -0.783625
lowerneck -6.49676 -4.79982 -0.147084
upperneck 3.44905 -6.6929 5.04839
head 2.41605 -3.1974 1.36292
lclavicle 3.90114e-15 2.42517e-14 0
lhumerus 27.3053 -24.3979 12.5937
lradius 75.8996 0 0
lwrist 30.7155 0 0
lhand -21.7268 -5.29888 0
lfingers 7.12502 0 0
lthumb 4.67256 24.6296 0
rclavicle 3.90114e-15 2.42517e-14 0
rhumerus -31.9655 -9.72593 -15.76
rradius 100.558 0 0
rwrist -9.58607 0 0
rhand -34.6214 -41.0655 0
rfingers 7.12502 0 0
rthumb -7.77933 -790.901 0
698
root 5.38376 19.2973 4.12887 13.9818 -58.7996 2.31078
lfemur -45.8212 10.5635 21.6666
ltibia 119.1 0 0
lfoot 7.44918 -1.47053 0
ltoes 32.637 0 0
rfemur -9.41481 -0.724329 10.6987
rtibia 9.06841 0 0
rfoot 17.326 -2.12767 0
rtoes 4.14065 0 0
lowerback 3.0521 -3.13799 -2.39992
upperback -1.79164 -4.40279 -2.2885
thorax -3.56236 -2.17511 -0.75212
lowerneck -6.56593 -4.84091 -0.18597
upperneck 3.20453 -6.72759 4.93997
head 2.34478 -3.22214 1.33349
lclavicle 1.3418e-14 2.38541e-14 0
lhumerus 25.7007 -23.4113 12.4406
lradius 74.1382 0 0
lwrist 30.9644 0 0
lhand -21.7469 -4.96117 0
lfingers 7.12502 0 0
lthumb 4.65315 24.9677 0
rclavicle 1.3418e-14 2.38541e-14 0
rhumerus -30.3068 -10.0129 -15.6461
rradius 100.38 0 0
rwrist -9.10763 0 0
rhand -34.8071 -40.9644 0
rfingers 7.12502 0 0
rthumb -7.95847 -790.793 0
699
root 5.40869 19.5274 4.3413 14.2415 -61.4657 2.22969
lfemur -45.1142 9.19953 21.1678
ltibia 116.912 0 0
lfoot 6.94786 -0.889258 0
ltoes 32.9415 0 0
rfemur -9.93128 -0.702051 10.0339
rtibia 9.49648 0 0
rfoot 19.3321 -3.41318 0
rtoes 4.6045 0 0
lowerback 3.09695 -2.83255 -2.39997
upperback -1.7927 -3.99483 -2.23717
thorax -3.58496 -1.97089 -0.720616
lowerneck -6.63509 -4.88201 -0.224857
upperneck 2.96001 -6.76227 4.83155
head 2.27351 -3.24688 1.30407
lclavicle 2.29348e-14 2.34566e-14 0
lhumerus 24.0961 -22.4248 12.2876
lradius 72.3769 0 0
lwrist 31.2134 0 0
lhand -21.767 -4.62347 0
lfingers 7.12502 0 0
lthumb 4.63373 25.3058 0
rclavicle 2.29348e-14 2.34566e-14 0
rhumerus -28.648 -10.2998 -15.5322
rradius 100.202 0 0
rwrist -8.62919 0 0
rhand -34.9927 -40.8634 0
rfingers 7.12502 0 0
rthumb -8.13762 -790.686 0
700
root 5.43362 19.7574 4.55373 14.5012 -64.1318 2.14861
lfemur -44.4071 7.8356 20.6691
ltibia 114.724 0 0
lfoot 6.44653 -0.307981 0
ltoes 33.2459 0 0
rfemur -10.4478 -0.679773 9.36918
rtibia 9.92455 0 0
rfoot 21.3382 -4.69869 0
rtoes 5.06836 0 0
lowerback 3.14181 -2.52711 -2.40003
upperback -1.79376 -3.58686 -2.18583
thorax -3.60756 -1.76668 -0.689111
lowerneck -6.70425 -4.92311 -0.263744
upperneck 2.7155 -6.79696 4.72313
head 2.20224 -3.27162 1.27464
lclavicle 3.24516e-14 2.3059e-14 0
lhumerus 22.4916 -21.4383 12.1346
lradius 70.6156 0 0
lwrist 31.4623 0 0
lhand -21.7871 -4.28576 0
lfingers 7.12502 0 0
lthumb 4.61432 25.644 0
rclavicle 3.24516e-14 2.3059e-14 0
rhumerus -26.9892 -10.5868 -15.4183
rradius 100.024 0 0
rwrist -8.15075 0 0
rhand -35.1783 -40.7624 0
rfingers 7.12502 0 0
rthumb -8.31676 -790.578 0
701
root 5.45855 19.9875 4.76615 14.7609 -66.7978 2.06753
lfemur -43.7 6.47166 20.1703
ltibia 112.535 0 0
lfoot 5.9452 0.273295 0
ltoes 33.5503 0 0
rfemur -10.9642 -0.657494 8.70445
rtibia 10.3526 0 0
rfoot 23.3444 -5.98421 0
rtoes 5.53221 0 0
lowerback 3.18666 -2.22167 -2.40009
upperback -1.79481 -3.1789 -2.13449
thorax -3.63017 -1.56247 -0.657607
lowerneck -6.77342 -4.9642 -0.302631
upperneck 2.47099 -6.83164 4.6147
head 2.13097 -3.29637 1.24521
lclavicle 4.19684e-14 2.26615e-14 0
lhumerus 20.887 -20.4517 11.9815
lradius 68.8542 0 0
lwrist 31.7112 0 0
lhand -21.8072 -3.94805 0
lfingers 7.12502 0 0
lthumb 4.59491 25.9821 0
rclavicle 4.19684e-14 2.26615e-14 0
rhumerus -25.3304 -10.8737 -15.3043
rradius 99.8458 0 0
rwrist -7.6723 0 0
rhand -35.3639 -40.6613 0
rfingers 7.12502 0 0
rthumb -8.49591 -790.47 0
702
root 5.48348 20.2176 4.97858 15.0206 -69.4639 1.98645
lfemur -42.9929 5.10773 19.6715
ltibia 110.347 0 0
lfoot 5.44387 0.854572 0
ltoes 33.8548 0 0
rfemur -11.4807 -0.635216 8.03971
rtibia 10.7807 0 0
rfoot 25.3505 -7.26972 0
rtoes 5.99607 0 0
lowerback 3.23151 -1.91623 -2.40015
upperback -1.79587 -2.77093 -2.08316
thorax -3.65277 -1.35826 -0.626102
lowerneck -6.84258 -5.0053 -0.341518
upperneck 2.22647 -6.86633 4.50628
head 2.0597 -3.32111 1.21579
lclavicle 5.14852e-14 2.22639e-14 0
lhumerus 19.2824 -19.4652 11.8285
lradius 67.0929 0 0
lwrist 31.9601 0 0
lhand -21.8273 -3.61034 0
lfingers 7.12502 0 0
lthumb 4.5755 26.3202 0
rclavicle 5.14852e-14 2.22639e-14 0
rhumerus -23.6716 -11.1607 -15.1904
rradius 99.6676 0 0
rwrist -7.19386 0 0
rhand -35.5495 -40.5603 0
rfingers 7.12502 0 0
rthumb -8.67505 -790.362 0
703
root 5.49108 20.3424 5.19734 12.4956 -71.2745 4.41736
lfemur -42.2652 3.45298 18.7584
ltibia 106.995 0 0
lfoot 5.41096 0.0814088 0
ltoes 33.6768 0 0
rfemur -13.4733 -0.64404 7.24914
rtibia 17.6746 0 0
rfoot 24.7626 -8.23144 0
rtoes 9.03272 0 0
lowerback 3.54138 -1.81777 -2.35078
upperback -1.73488 -2.64249 -2.03452
thorax -3.76518 -1.29368 -0.606508
lowerneck -6.82807 -5.10472 -0.524136
upperneck 1.99348 -6.97811 4.54529
head 1.9948 -3.38164 1.25761
lclavicle 4.62373e-14 1.66979e-14 0
lhumerus 17.6928 -19.6297 12.1271
lradius 65.0797 0 0
lwrist 31.1879 0 0
lhand -21.7656 -3.56007 0
lfingers 7.12502 0 0
lthumb 4.63504 26.3691 0
rclavicle 4.62373e-14 1.66979e-14 0
rhumerus -22.6136 -10.4755 -16.2222
rradius 99.6315 0 0
rwrist -7.41177 0 0
rhand -34.9555 -40.2118 0
rfingers 7.12502 0 0
rthumb -8.10156 -790.029 0
704
root 5.49868 20.4671 5.4161 9.97058 -73.0851 6.84826
lfemur -41.5375 1.79822 17.8452
ltibia 103.643 0 0
lfoot 5.37805 -0.691754 0
ltoes 33.4988 0 0
rfemur -15.466 -0.652863 6.45857
rtibia 24.5686 0 0
rfoot 24.1747 -9.19316 0
rtoes 12.0694 0 0
lowerback 3.85125 -1.71931 -2.30141
upperback -1.67389 -2.51404 -1.98589
thorax -3.87759 -1.22911 -0.586914
lowerneck -6.81355 -5.20414 -0.706754
upperneck 1.76048 -7.08988 4.5843
head 1.9299 -3.44216 1.29942
lclavicle 4.09894e-14 1.1132e-14 0
lhumerus 16.1031 -19.7942 12.4256
lradius 63.0664 0 0
lwrist 30.4156 0 0
lhand -21.704 -3.50981 0
lfingers 7.12502 0 0
lthumb 4.69458 26.418 0
rclavicle 4.09894e-14 1.1132e-14 0
rhumerus -21.5556 -9.79023 -17.254
rradius 99.5954 0 0
rwrist -7.62968 0 0
rhand -34.3615 -39.8633 0
rfingers 7.12502 0 0
rthumb -7.52807 -789.697 0
705
root 5.50629 20.5919 5.63486 7.44557 -74.8957 9.27917
lfemur -40.8099 0.143471 16.9321
ltibia 100.291 0 0
lfoot 5.34515 -1.46492 0
ltoes 33.3209 0 0
rfemur -17.4586 -0.661687 5.668
rtibia 31.4626 0 0
rfoot 23.5868 -10.1549 0
rtoes 15.106 0 0
lowerback 4.16112 -1.62086 -2.25204
upperback -1.6129 -2.38559 -1.93725
thorax -3.99 -1.16453 -0.56732
lowerneck -6.79904 -5.30356 -0.889373
upperneck 1.52749 -7.20166 4.62331
head 1.86501 -3.50269 1.34124
lclavicle 3.57415e-14 5.56599e-15 0
lhumerus 14.5134 -19.9586 12.7241
lradius 61.0532 0 0
lwrist 29.6434 0 0
lhand -21.6423 -3.45954 0
lfingers 7.12502 0 0
lthumb 4.75412 26.4669 0
rclavicle 3.57415e-14 5.56599e-15 0
rhumerus -20.4975 -9.10499 -18.2858
rradius 99.5593 0 0
rwrist -7.8476 0 0
rhand -33.7674 -39.5149 0
rfingers 7.12502 0 0
rthumb -6.95457 -789.364 0
706
root 5.51389 20.7166 5.85362 4.92056 -76.7063 11.7101
lfemur -40.0822 -1.51128 16.019
ltibia 96.9386 0 0
lfoot 5.31224 -2.23808 0
ltoes 33.1429 0 0
rfemur -19.4513 -0.670511 4.87742
rtibia 38.3565 0 0
rfoot 22.9989 -11.1166 0
rtoes 18.1427 0 0
lowerback 4.47099 -1.5224 -2.20267
upperback -1.55191 -2.25715 -1.88861
thorax -4.10241 -1.09995 -0.547726
lowerneck -6.78453 -5.40298 -1.07199
upperneck 1.2945 -7.31344 4.66232
head 1.80011 -3.56321 1.38306
lclavicle 3.04936e-14 2e-20 0
lhumerus 12.9238 -20.1231 13.0227
lradius 59.0399 0 0
lwrist 28.8712 0 0
lhand -21.5807 -3.40927 0
lfingers 7.12502 0 0
lthumb 4.81366 26.5158 0
rclavicle 3.04936e-14 2e-20 0
rhumerus -19.4395 -8.41975 -19.3176
rradius 99.5232 0 0
rwrist -8.06551 0 0
rhand -33.1734 -39.1664 0
rfingers 7.12502 0 0
rthumb -6.38108 -789.031 0
707
root 5.52149 20.8414 6.07238 2.39555 -78.5169 14.141
lfemur -39.3545 -3.16603 15.1059
ltibia 93.5864 0 0
lfoot 5.27933 -3.01124 0
ltoes 32.9649 0 0
rfemur -21.4439 -0.679334 4.08685
rtibia 45.2505 0 0
rfoot 22.411 -12.0783 0
rtoes 21.1793 0 0
lowerback 4.78085 -1.42394 -2.15329
upperback -1.49092 -2.12871 -1.83997
thorax -4.21482 -1.03538 -0.528133
lowerneck -6.77001 -5.50239 -1.25461
upperneck 1.0615 -7.42521 4.70133
head 1.73521 -3.62374 1.42488
lclavicle 2.52456e-14 -5.56595e-15 0
lhumerus 11.3341 -20.2876 13.3212
lradius 57.0267 0 0
lwrist 28.099 0 0
lhand -21.519 -3.359 0
lfingers 7.12502 0 0
lthumb 4.87321 26.5647 0
rclavicle 2.52456e-14 -5.56595e-15 0
rhumerus -18.3815 -7.73452 -20.3494
rradius 99.4871 0 0
rwrist -8.28342 0 0
rhand -32.5794 -38.8179 0
rfingers 7.12502 0 0
rthumb -5.80759 -788.698 0
708
root 5.52909 20.9662 6.29114 -0.12946 -80.3275 16.5719
lfemur -38.6268 -4.82079 14.1927
ltibia 90.2343 0 0
lfoot 5.24642 -3.78441 0
ltoes 32.7869 0 0
rfemur -23.4365 -0.688158 3.29628
rtibia 52.1444 0 0
rfoot 21.8231 -13.04 0
rtoes 24.216 0 0
lowerback 5.09072 -1.32548 -2.10392
upperback -1.42993 -2.00026 -1.79134
thorax -4.32723 -0.9708 -0.508539
lowerneck -6.7555 -5.60181 -1.43723
upperneck 0.828512 -7.53699 4.74033
head 1.67031 -3.68427 1.46669
lclavicle 1.99977e-14 -1.11319e-14 0
lhumerus 9.7445 -20.4521 13.6198
lradius 55.0134 0 0
lwrist 27.3267 0 0
lhand -21.4573 -3.30874 0
lfingers 7.12502 0 0
lthumb 4.93275 26.6136 0
rclavicle 1.99977e-14 -1.11319e-14 0
rhumerus -17.3235 -7.04928 -21.3812
rradius 99.4511 0 0
rwrist -8.50133 0 0
rhand -31.9854 -38.4694 0
rfingers 7.12502 0 0
rthumb -5.2341 -788.366 0
709
root 5.53669 21.0909 6.5099 -2.65447 -82.1381 19.0028
lfemur -37.8991 -6.47554 13.2796
ltibia 86.8822 0 0
lfoot 5.21351 -4.55757 0
ltoes 32.6089 0 0
rfemur -25.4292 -0.696982 2.50571
rtibia 59.0384 0 0
rfoot 21.2352 -14.0017 0
rtoes 27.2526 0 0
lowerback 5.40059 -1.22702 -2.05455
upperback -1.36894 -1.87182 -1.7427
thorax -4.43964 -0.906223 -0.488945
lowerneck -6.74099 -5.70123 -1.61985
upperneck 0.595519 -7.64877 4.77934
head 1.60541 -3.74479 1.50851
lclavicle 1.47498e-14 -1.66979e-14 0
lhumerus 8.15485 -20.6166 13.9184
lradius 53.0001 0 0
lwrist 26.5545 0 0
lhand -21.3957 -3.25847 0
lfingers 7.12502 0 0
lthumb 4.99229 26.6625 0
rclavicle 1.47498e-14 -1.66979e-14 0
rhumerus -16.2655 -6.36404 -22.413
rradius 99.415 0 0
rwrist -8.71924 0 0
rhand -31.3914 -38.1209 0
rfingers 7.12502 0 0
rthumb -4.66061 -788.033 0
710
root 5.5443 21.2157 6.72866 -5.17948 -83.9487 21.4337
lfemur -37.1715 -8.13029 12.3665
ltibia 83.5301 0 0
lfoot 5.18061 -5.33073 0
ltoes 32.431 0 0
rfemur -27.4218 -0.705806 1.71514
rtibia 65.9323 0 0
rfoot 20.6473 -14.9635 0
rtoes 30.2893 0 0
lowerback 5.71046 -1.12856 -2.00518
upperback -1.30795 -1.74337 -1.69406
thorax -4.55205 -0.841646 -0.469351
lowerneck -6.72648 -5.80065 -1.80246
upperneck 0.362526 -7.76055 4.81835
head 1.54052 -3.80532 1.55033
lclavicle 9.5019e-15 -2.22639e-14 0
lhumerus 6.5652 -20.781 14.2169
lradius 50.9869 0 0
lwrist 25.7823 0 0
lhand -21.334 -3.2082 0
lfingers 7.12502 0 0
lthumb 5.05183 26.7114 0
rclavicle 9.5019e-15 -2.22639e-14 0
rhumerus -15.2074 -5.6788 -23.4448
rradius 99.3789 0 0
rwrist -8.93716 0 0
rhand -30.7973 -37.7725 0
rfingers 7.12502 0 0
rthumb -4.08711 -787.7 0
711
root 5.5519 21.3404 6.94742 -7.70449 -85.7593 23.8646
lfemur -36.4438 -9.78505 11.4533
ltibia 80.178 0 0
lfoot 5.1477 -6.1039 0
ltoes 32.253 0 0
rfemur -29.4145 -0.714629 0.924566
rtibia 72.8263 0 0
rfoot 20.0594 -15.9252 0
rtoes 33.3259 0 0
lowerback 6.02033 -1.03011 -1.95581
upperback -1.24696 -1.61492 -1.64543
thorax -4.66446 -0.77707 -0.449757
lowerneck -6.71196 -5.90007 -1.98508
upperneck 0.129533 -7.87232 4.85736
head 1.47562 -3.86584 1.59214
lclavicle 4.25399e-15 -2.78298e-14 0
lhumerus 4.97555 -20.9455 14.5155
lradius 48.9736 0 0
lwrist 25.01 0 0
lhand -21.2724 -3.15794 0
lfingers 7.12502 0 0
lthumb 5.11137 26.7603 0
rclavicle 4.25399e-15 -2.78298e-14 0
rhumerus -14.1494 -4.99357 -24.4766
rradius 99.3428 0 0
rwrist -9.15507 0 0
rhand -30.2033 -37.424 0
rfingers 7.12502 0 0
rthumb -3.51362 -787.368 0
712
root 5.5595 21.4652 7.16618 -10.2295 -87.5699 26.2955
lfemur -35.7161 -11.4398 10.5402
ltibia 76.8259 0 0
lfoot 5.11479 -6.87706 0
ltoes 32.075 0 0
rfemur -31.4071 -0.723453 0.133994
rtibia 79.7202 0 0
rfoot 19.4715 -16.8869 0
rtoes 36.3626 0 0
lowerback 6.3302 -0.931647 -1.90644
upperback -1.18597 -1.48648 -1.59679
thorax -4.77687 -0.712493 -0.430163
lowerneck -6.69745 -5.99949 -2.1677
upperneck -0.10346 -7.9841 4.89637
head 1.41072 -3.92637 1.63396
lclavicle -9.93923e-16 -3.33958e-14 0
lhumerus 3.3859 -21.11 14.814
lradius 46.9604 0 0
lwrist 24.2378 0 0
lhand -21.2107 -3.10767 0
lfingers 7.12502 0 0
lthumb 5.17091 26.8092 0
rclavicle -9.93923e-16 -3.33958e-14 0
rhumerus -13.0914 -4.30833 -25.5084
rradius 99.3067 0 0
rwrist -9.37298 0 0
rhand -29.6093 -37.0755 0
rfingers 7.12502 0 0
rthumb -2.94013 -787.035 0
713
root 5.53939 21.5033 7.37602 -44.6884 -88.7415 60.8466
lfemur -34.9956 -12.498 9.82684
ltibia 72.9483 0 0
lfoot 5.88796 -7.45612 0
ltoes 31.4781 0 0
rfemur -32.4126 -0.866112 -0.557946
rtibia 85.7264 0 0
rfoot 20.2108 -17.8752 0
rtoes 38.6021 0 0
lowerback 6.25975 -0.823868 -1.884
upperback -1.21556 -1.33879 -1.58353
thorax -4.76869 -0.63977 -0.445101
lowerneck -6.74521 -6.14589 -2.26055
upperneck -0.212131 -8.17026 4.91549
head 1.39624 -4.02082 1.64825
lclavicle -1.2921e-14 -4.41302e-14 0
lhumerus 1.71129 -20.9172 15.4022
lradius 45.9936 0 0
lwrist 23.5511 0 0
lhand -21.4933 -3.18174 0
lfingers 7.12502 0 0
lthumb 4.89802 26.7416 0
rclavicle -1.2921e-14 -4.41302e-14 0
rhumerus -12.3454 -3.453 -26.3227
rradius 99.2425 0 0
rwrist -9.46951 0 0
rhand -28.5883 -36.048 0
rfingers 7.12502 0 0
rthumb -1.95411 -786.019 0
714
root 5.51632 21.5248 7.5857 -114.811 -88.5347 131.091
lfemur -34.2732 -13.513 9.15372
ltibia 69.0394 0 0
lfoot 6.68345 -8.29926 0
ltoes 30.7132 0 0
rfemur -33.219 -1.14835 -1.23526
rtibia 91.4966 0 0
rfoot 20.8563 -19.1874 0
rtoes 40.821 0 0
lowerback 6.14711 -0.699867 -1.84115
upperback -1.26194 -1.16723 -1.5753
thorax -4.75466 -0.555866 -0.47938
lowerneck -6.80973 -6.29731 -2.34534
upperneck -0.317173 -8.36323 4.91648
head 1.38488 -4.11871 1.65447
lclavicle 3.77691e-15 -7.95139e-16 0
lhumerus -0.00677256 -20.6113 16.0088
lradius 45.2287 0 0
lwrist 22.9737 0 0
lhand -21.8284 -3.2593 0
lfingers 7.12502 0 0
lthumb 4.57444 26.6713 0
rclavicle 3.77691e-15 -7.95139e-16 0
rhumerus -11.6072 -2.62759 -27.0112
rradius 99.2225 0 0
rwrist -9.63092 0 0
rhand -27.5551 -34.9797 0
rfingers 7.12502 0 0
rthumb -0.956194 -784.957 0
715
root 5.45689 21.4407 7.75594 -114 -85.7868 133.607
lfemur -34.3689 -12.9723 8.72056
ltibia 68.7822 0 0
lfoot 6.19448 -7.80583 0
ltoes 30.5916 0 0
rfemur -32.9392 -1.55506 -0.854946
rtibia 90.8953 0 0
rfoot 20.2145 -19.4601 0
rtoes 39.8187 0 0
lowerback 6.06626 -0.613976 -1.83573
upperback -1.26049 -1.04938 -1.61498
thorax -4.70291 -0.497062 -0.527118
lowerneck -6.78492 -6.31 -2.32574
upperneck -0.35809 -8.37786 4.93087
head 1.368 -4.12573 1.65678
lclavicle 3.60337e-15 -1.11067e-15 0
lhumerus -0.889181 -20.469 17.2559
lradius 45.6333 0 0
lwrist 22.7866 0 0
lhand -21.7947 -3.30794 0
lfingers 7.12502 0 0
lthumb 4.60694 26.6218 0
rclavicle 3.60337e-15 -1.11067e-15 0
rhumerus -11.8836 -1.81036 -28.3395
rradius 98.9197 0 0
rwrist -9.37177 0 0
rhand -27.4732 -34.7361 0
rfingers 7.12502 0 0
rthumb -0.877059 -784.713 0
716
root 5.39746 21.3567 7.92618 -113.189 -83.0389 136.123
lfemur -34.4646 -12.4315 8.2874
ltibia 68.525 0 0
lfoot 5.70551 -7.31239 0
ltoes 30.47 0 0
rfemur -32.6594 -1.96176 -0.474633
rtibia 90.2941 0 0
rfoot 19.5727 -19.7328 0
rtoes 38.8164 0 0
lowerback 5.98541 -0.528085 -1.83031
upperback -1.25903 -0.931535 -1.65466
thorax -4.65116 -0.438257 -0.574855
lowerneck -6.76011 -6.32269 -2.30613
upperneck -0.399007 -8.39248 4.94525
head 1.35112 -4.13275 1.6591
lclavicle 3.42983e-15 -1.4262e-15 0
lhumerus -1.77159 -20.3267 18.5029
lradius 46.0379 0 0
lwrist 22.5994 0 0
lhand -21.7611 -3.35658 0
lfingers 7.12502 0 0
lthumb 4.63945 26.5723 0
rclavicle 3.42983e-15 -1.4262e-15 0
rhumerus -12.1601 -0.99314 -29.6678
rradius 98.6168 0 0
rwrist -9.11262 0 0
rhand -27.3912 -34.4924 0
rfingers 7.12502 0 0
rthumb -0.797925 -784.469 0
717
root 5.33803 21.2726 8.09642 -112.378 -80.2909 138.639
lfemur -34.5603 -11.8908 7.85423
ltibia 68.2679 0 0
lfoot 5.21653 -6.81896 0
ltoes 30.3484 0 0
rfemur -32.3796 -2.36847 -0.094319
rtibia 89.6928 0 0
rfoot 18.9309 -20.0055 0
rtoes 37.8142 0 0
lowerback 5.90456 -0.442193 -1.82489
upperback -1.25758 -0.813688 -1.69434
thorax -4.59942 -0.379453 -0.622593
lowerneck -6.73529 -6.33538 -2.28653
upperneck -0.439924 -8.40711 4.95964
head 1.33424 -4.13977 1.66141
lclavicle 3.25628e-15 -1.74173e-15 0
lhumerus -2.654 -20.1845 19.75
lradius 46.4424 0 0
lwrist 22.4123 0 0
lhand -21.7274 -3.40523 0
lfingers 7.12502 0 0
lthumb 4.67195 26.5228 0
rclavicle 3.25628e-15 -1.74173e-15 0
rhumerus -12.4365 -0.175914 -30.9961
rradius 98.314 0 0
rwrist -8.85347 0 0
rhand -27.3093 -34.2488 0
rfingers 7.12502 0 0
rthumb -0.71879 -784.224 0
718
root 5.2786 21.1886 8.26667 -111.567 -77.543 141.155
lfemur -34.656 -11.35 7.42107
ltibia 68.0107 0 0
lfoot 4.72756 -6.32553 0
ltoes 30.2268 0 0
rfemur -32.0999 -2.77517 0.285995
rtibia 89.0915 0 0
rfoot 18.2891 -20.2782 0
rtoes 36.8119 0 0
lowerback 5.8237 -0.356302 -1.81946
upperback -1.25613 -0.695841 -1.73401
thorax -4.54767 -0.320648 -0.67033
lowerneck -6.71048 -6.34807 -2.26692
upperneck -0.480841 -8.42173 4.97402
head 1.31736 -4.1468 1.66372
lclavicle 3.08274e-15 -2.05726e-15 0
lhumerus -3.53641 -20.0422 20.997
lradius 46.847 0 0
lwrist 22.2251 0 0
lhand -21.6937 -3.45387 0
lfingers 7.12502 0 0
lthumb 4.70446 26.4733 0
rclavicle 3.08274e-15 -2.05726e-15 0
rhumerus -12.7129 0.641311 -32.3245
rradius 98.0111 0 0
rwrist -8.59432 0 0
rhand -27.2273 -34.0052 0
rfingers 7.12502 0 0
rthumb -0.639655 -783.98 0
719
root 5.21917 21.1045 8.43691 -110.756 -74.7951 143.671
lfemur -34.7517 -10.8093 6.98791
ltibia 67.7535 0 0
lfoot 4.23859 -5.8321 0
ltoes 30.1052 0 0
rfemur -31.8201 -3.18188 0.666308
rtibia 88.4902 0 0
rfoot 17.6473 -20.5509 0
rtoes 35.8096 0 0
lowerback 5.74285 -0.270411 -1.81404
upperback -1.25468 -0.577993 -1.77369
thorax -4.49592 -0.261844 -0.718068
lowerneck -6.68567 -6.36076 -2.24732
upperneck -0.521758 -8.43636 4.98841
head 1.30048 -4.15382 1.66604
lclavicle 2.9092e-15 -2.37279e-15 0
lhumerus -4.41881 -19.8999 22.2441
lradius 47.2516 0 0
lwrist 22.038 0 0
lhand -21.6601 -3.50251 0
lfingers 7.12502 0 0
lthumb 4.73696 26.4238 0
rclavicle 2.9092e-15 -2.37279e-15 0
rhumerus -12.9894 1.45854 -33.6528
rradius 97.7083 0 0
rwrist -8.33517 0 0
rhand -27.1454 -33.7615 0
rfingers 7.12502 0 0
rthumb -0.560521 -783.736 0
720
root 5.15974 21.0204 8.60715 -109.945 -72.0472 146.187
lfemur -34.8474 -10.2685 6.55475
ltibia 67.4963 0 0
lfoot 3.74962 -5.33866 0
ltoes 29.9836 0 0
rfemur -31.5403 -3.58858 1.04662
rtibia 87.889 0 0
rfoot 17.0055 -20.8236 0
rtoes 34.8073 0 0
lowerback 5.662 -0.18452 -1.80862
upperback -1.25322 -0.460146 -1.81337
thorax -4.44417 -0.20304 -0.765806
lowerneck -6.66086 -6.37345 -2.22771
upperneck -0.562676 -8.45099 5.00279
head 1.2836 -4.16084 1.66835
lclavicle 2.73566e-15 -2.68833e-15 0
lhumerus -5.30122 -19.7576 23.4911
lradius 47.6562 0 0
lwrist 21.8508 0 0
lhand -21.6264 -3.55115 0
lfingers 7.12502 0 0
lthumb 4.76947 26.3743 0
rclavicle 2.73566e-15 -2.68833e-15 0
rhumerus -13.2658 2.27576 -34.9811
rradius 97.4054 0 0
rwrist -8.07602 0 0
rhand -27.0635 -33.5179 0
rfingers 7.12502 0 0
rthumb -0.481386 -783.492 0
721
root 5.10031 20.9364 8.77739 -109.134 -69.2993 148.703
lfemur -34.9431 -9.72777 6.12158
ltibia 67.2391 0 0
lfoot 3.26064 -4.84523 0
ltoes 29.862 0 0
rfemur -31.2605 -3.99529 1.42694
rtibia 87.2877 0 0
rfoot 16.3636 -21.0963 0
rtoes 33.805 0 0
lowerback 5.58115 -0.0986284 -1.8032
upperback -1.25177 -0.342299 -1.85305
thorax -4.39243 -0.144235 -0.813543
lowerneck -6.63605 -6.38614 -2.20811
upperneck -0.603593 -8.46561 5.01718
head 1.26672 -4.16786 1.67066
lclavicle 2.56211e-15 -3.00386e-15 0
lhumerus -6.18363 -19.6154 24.7382
lradius 48.0608 0 0
lwrist 21.6637 0 0
lhand -21.5927 -3.59979 0
lfingers 7.12502 0 0
lthumb 4.80197 26.3248 0
rclavicle 2.56211e-15 -3.00386e-15 0
rhumerus -13.5422 3.09299 -36.3094
rradius 97.1026 0 0
rwrist -7.81687 0 0
rhand -26.9815 -33.2743 0
rfingers 7.12502 0 0
rthumb -0.402251 -783.248 0
722
root 5.04088 20.8523 8.94763 -108.323 -66.5513 151.219
lfemur -35.0388 -9.18702 5.68842
ltibia 66.9819 0 0
lfoot 2.77167 -4.3518 0
ltoes 29.7404 0 0
rfemur -30.9807 -4.40199 1.80725
rtibia 86.6864 0 0
rfoot 15.7218 -21.369 0
rtoes 32.8028 0 0
lowerback 5.5003 -0.0127372 -1.79778
upperback -1.25032 -0.224452 -1.89273
thorax -4.34068 -0.085431 -0.861281
lowerneck -6.61123 -6.39883 -2.1885
upperneck -0.64451 -8.48024 5.03156
head 1.24984 -4.17488 1.67297
lclavicle 2.38857e-15 -3.31939e-15 0
lhumerus -7.06604 -19.4731 25.9852
lradius 48.4654 0 0
lwrist 21.4765 0 0
lhand -21.5591 -3.64844 0
lfingers 7.12502 0 0
lthumb 4.83448 26.2753 0
rclavicle 2.38857e-15 -3.31939e-15 0
rhumerus -13.8187 3.91021 -37.6377
rradius 96.7997 0 0
rwrist -7.55772 0 0
rhand -26.8996 -33.0306 0
rfingers 7.12502 0 0
rthumb -0.323117 -783.003 0
723
root 4.98145 20.7682 9.11787 -107.512 -63.8034 153.735
lfemur -35.1345 -8.64627 5.25526
ltibia 66.7248 0 0
lfoot 2.2827 -3.85837 0
ltoes 29.6188 0 0
rfemur -30.7009 -4.8087 2.18756
rtibia 86.0851 0 0
rfoot 15.08 -21.6417 0
rtoes 31.8005 0 0
lowerback 5.41945 0.073154 -1.79236
upperback -1.24887 -0.106604 -1.93241
thorax -4.28893 -0.0266266 -0.909019
lowerneck -6.58642 -6.41152 -2.1689
upperneck -0.685427 -8.49487 5.04595
head 1.23296 -4.1819 1.67529
lclavicle 2.21503e-15 -3.63492e-15 0
lhumerus -7.94845 -19.3308 27.2323
lradius 48.8699 0 0
lwrist 21.2894 0 0
lhand -21.5254 -3.69708 0
lfingers 7.12502 0 0
lthumb 4.86698 26.2258 0
rclavicle 2.21503e-15 -3.63492e-15 0
rhumerus -14.0951 4.72744 -38.966
rradius 96.4969 0 0
rwrist -7.29857 0 0
rhand -26.8177 -32.787 0
rfingers 7.12502 0 0
rthumb -0.243982 -782.759 0
724
root 4.92202 20.6842 9.28811 -106.701 -61.0555 156.251
lfemur -35.2302 -8.10552 4.8221
ltibia 66.4676 0 0
lfoot 1.79373 -3.36493 0
ltoes 29.4972 0 0
rfemur -30.4211 -5.21541 2.56788
rtibia 85.4839 0 0
rfoot 14.4382 -21.9144 0
rtoes 30.7982 0 0
lowerback 5.33859 0.159045 -1.78694
upperback -1.24741 0.011243 -1.97209
thorax -4.23718 0.0321778 -0.956756
lowerneck -6.56161 -6.42421 -2.14929
upperneck -0.726344 -8.50949 5.06033
head 1.21608 -4.18892 1.6776
lclavicle 2.04149e-15 -3.95045e-15 0
lhumerus -8.83086 -19.1885 28.4794
lradius 49.2745 0 0
lwrist 21.1022 0 0
lhand -21.4917 -3.74572 0
lfingers 7.12502 0 0
lthumb 4.89948 26.1763 0
rclavicle 2.04149e-15 -3.95045e-15 0
rhumerus -14.3715 5.54466 -40.2943
rradius 96.194 0 0
rwrist -7.03942 0 0
rhand -26.7357 -32.5434 0
rfingers 7.12502 0 0
rthumb -0.164847 -782.515 0
725
root 4.86259 20.6001 9.45835 -105.89 -58.3076 158.768
lfemur -35.3259 -7.56478 4.38894
ltibia 66.2104 0 0
lfoot 1.30476 -2.8715 0
ltoes 29.3756 0 0
rfemur -30.1413 -5.62211 2.94819
rtibia 84.8826 0 0
rfoot 13.7964 -22.1871 0
rtoes 29.7959 0 0
lowerback 5.25774 0.244936 -1.78151
upperback -1.24596 0.12909 -2.01177
thorax -4.18543 0.0909822 -1.00449
lowerneck -6.5368 -6.4369 -2.12969
upperneck -0.767261 -8.52412 5.07472
head 1.1992 -4.19595 1.67991
lclavicle 1.86795e-15 -4.26598e-15 0
lhumerus -9.71326 -19.0463 29.7264
lradius 49.6791 0 0
lwrist 20.9151 0 0
lhand -21.4581 -3.79436 0
lfingers 7.12502 0 0
lthumb 4.93199 26.1268 0
rclavicle 1.86795e-15 -4.26598e-15 0
rhumerus -14.648 6.36189 -41.6227
rradius 95.8912 0 0
rwrist -6.78026 0 0
rhand -26.6538 -32.2997 0
rfingers 7.12502 0 0
rthumb -0.0857127 -782.271 0
726
root 4.80316 20.5161 9.6286 -105.079 -55.5597 161.284
lfemur -35.4216 -7.02403 3.95577
ltibia 65.9532 0 0
lfoot 0.815783 -2.37807 0
ltoes 29.254 0 0
rfemur -29.8616 -6.02882 3.3285
rtibia 84.2813 0 0
rfoot 13.1546 -22.4598 0
rtoes 28.7936 0 0
lowerback 5.17689 0.330828 -1.77609
upperback -1.24451 0.246938 -2.05144
thorax -4.13369 0.149787 -1.05223
lowerneck -6.51199 -6.44959 -2.11008
upperneck -0.808178 -8.53874 5.0891
head 1.18232 -4.20297 1.68223
lclavicle 1.6944e-15 -4.58151e-15 0
lhumerus -10.5957 -18.904 30.9735
lradius 50.0837 0 0
lwrist 20.7279 0 0
lhand -21.4244 -3.843 0
lfingers 7.12502 0 0
lthumb 4.96449 26.0773 0
rclavicle 1.6944e-15 -4.58151e-15 0
rhumerus -14.9244 7.17911 -42.951
rradius 95.5883 0 0
rwrist -6.52111 0 0
rhand -26.5718 -32.0561 0
rfingers 7.12502 0 0
rthumb -0.006578 -782.027 0
727
root 4.74373 20.432 9.79884 -104.268 -52.8117 163.8
lfemur -35.5173 -6.48328 3.52261
ltibia 65.696 0 0
lfoot 0.326811 -1.88463 0
ltoes 29.1324 0 0
rfemur -29.5818 -6.43552 3.70882
rtibia 83.68 0 0
rfoot 12.5128 -22.7325 0
rtoes 27.7914 0 0
lowerback 5.09604 0.416719 -1.77067
upperback -1.24306 0.364785 -2.09112
thorax -4.08194 0.208591 -1.09997
lowerneck -6.48718 -6.46228 -2.09048
upperneck -0.849095 -8.55337 5.10349
head 1.16544 -4.20999 1.68454
lclavicle 1.52086e-15 -4.89704e-15 0
lhumerus -11.4781 -18.7617 32.2205
lradius 50.4883 0 0
lwrist 20.5408 0 0
lhand -21.3908 -3.89165 0
lfingers 7.12502 0 0
lthumb 4.997 26.0278 0
rclavicle 1.52086e-15 -4.89704e-15 0
rhumerus -15.2008 7.99634 -44.2793
rradius 95.2855 0 0
rwrist -6.26196 0 0
rhand -26.4899 -31.8125 0
rfingers 7.12502 0 0
rthumb 0.0725567 -781.782 0
728
root 4.6843 20.3479 9.96908 -103.457 -50.0638 166.316
lfemur -35.613 -5.94253 3.08945
ltibia 65.4388 0 0
lfoot -0.162161 -1.3912 0
ltoes 29.0108 0 0
rfemur -29.302 -6.84223 4.08913
rtibia 83.0788 0 0
rfoot 11.871 -23.0052 0
rtoes 26.7891 0 0
lowerback 5.01519 0.50261 -1.76525
upperback -1.2416 0.482632 -2.1308
thorax -4.03019 0.267395 -1.14771
lowerneck -6.46236 -6.47497 -2.07087
upperneck -0.890012 -8.568 5.11787
head 1.14856 -4.21701 1.68685
lclavicle 1.34732e-15 -5.21257e-15 0
lhumerus -12.3605 -18.6194 33.4676
lradius 50.8929 0 0
lwrist 20.3536 0 0
lhand -21.3571 -3.94029 0
lfingers 7.12502 0 0
lthumb 5.0295 25.9783 0
rclavicle 1.34732e-15 -5.21257e-15 0
rhumerus -15.4773 8.81356 -45.6076
rradius 94.9826 0 0
rwrist -6.00281 0 0
rhand -26.408 -31.5688 0
rfingers 7.12502 0 0
rthumb 0.151691 -781.538 0
729
root 4.62487 20.2639 10.1393 -102.646 -47.3159 168.832
lfemur -35.7087 -5.40179 2.65629
ltibia 65.1817 0 0
lfoot -0.651133 -0.89777 0
ltoes 28.8892 0 0
rfemur -29.0222 -7.24893 4.46944
rtibia 82.4775 0 0
rfoot 11.2292 -23.2779 0
rtoes 25.7868 0 0
lowerback 4.93434 0.588501 -1.75983
upperback -1.24015 0.60048 -2.17048
thorax -3.97844 0.3262 -1.19544
lowerneck -6.43755 -6.48766 -2.05127
upperneck -0.930929 -8.58262 5.13226
head 1.13168 -4.22403 1.68917
lclavicle 1.17378e-15 -5.52811e-15 0
lhumerus -13.2429 -18.4772 34.7146
lradius 51.2974 0 0
lwrist 20.1665 0 0
lhand -21.3234 -3.98893 0
lfingers 7.12502 0 0
lthumb 5.06201 25.9288 0
rclavicle 1.17378e-15 -5.52811e-15 0
rhumerus -15.7537 9.63079 -46.9359
rradius 94.6798 0 0
rwrist -5.74366 0 0
rhand -26.326 -31.3252 0
rfingers 7.12502 0 0
rthumb 0.230826 -781.294 0
730
root 4.56544 20.1798 10.3096 -101.835 -44.568 171.348
lfemur -35.8045 -4.86104 2.22312
ltibia 64.9245 0 0
lfoot -1.14011 -0.404337 0
ltoes 28.7677 0 0
rfemur -28.7424 -7.65564 4.84976
rtibia 81.8762 0 0
rfoot 10.5874 -23.5507 0
rtoes 24.7845 0 0
lowerback 4.85348 0.674393 -1.75441
upperback -1.2387 0.718327 -2.21016
thorax -3.9267 0.385004 -1.24318
lowerneck -6.41274 -6.50035 -2.03166
upperneck -0.971847 -8.59725 5.14664
head 1.1148 -4.23105 1.69148
lclavicle 1.00023e-15 -5.84364e-15 0
lhumerus -14.1253 -18.3349 35.9617
lradius 51.702 0 0
lwrist 19.9793 0 0
lhand -21.2898 -4.03757 0
lfingers 7.12502 0 0
lthumb 5.09451 25.8793 0
rclavicle 1.00023e-15 -5.84364e-15 0
rhumerus -16.0301 10.448 -48.2642
rradius 94.3769 0 0
rwrist -5.48451 0 0
rhand -26.2441 -31.0816 0
rfingers 7.12502 0 0
rthumb 0.309961 -781.05 0
731
root 4.50601 20.0957 10.4798 -101.024 -41.82 173.864
lfemur -35.9002 -4.32029 1.78996
ltibia 64.6673 0 0
lfoot -1.62908 0.0890959 0
ltoes 28.6461 0 0
rfemur -28.4626 -8.06234 5.23007
rtibia 81.2749 0 0
rfoot 9.94557 -23.8234 0
rtoes 23.7823 0 0
lowerback 4.77263 0.760284 -1.74899
upperback -1.23725 0.836174 -2.24984
thorax -3.87495 0.443808 -1.29092
lowerneck -6.38793 -6.51304 -2.01206
upperneck -1.01276 -8.61188 5.16103
head 1.09792 -4.23807 1.69379
lclavicle 8.26692e-16 -6.15917e-15 0
lhumerus -15.0077 -18.1926 37.2087
lradius 52.1066 0 0
lwrist 19.7922 0 0
lhand -21.2561 -4.08622 0
lfingers 7.12502 0 0
lthumb 5.12702 25.8298 0
rclavicle 8.26692e-16 -6.15917e-15 0
rhumerus -16.3066 11.2652 -49.5925
rradius 94.0741 0 0
rwrist -5.22536 0 0
rhand -26.1622 -30.8379 0
rfingers 7.12502 0 0
rthumb 0.389095 -780.805 0
732
root 4.44658 20.0117 10.65 -100.213 -39.0721 176.38
lfemur -35.9959 -3.77954 1.3568
ltibia 64.4101 0 0
lfoot -2.11805 0.582529 0
ltoes 28.5245 0 0
rfemur -28.1828 -8.46905 5.61039
rtibia 80.6737 0 0
rfoot 9.30376 -24.0961 0
rtoes 22.78 0 0
lowerback 4.69178 0.846175 -1.74356
upperback -1.23579 0.954021 -2.28952
thorax -3.8232 0.502613 -1.33866
lowerneck -6.36312 -6.52573 -1.99245
upperneck -1.05368 -8.6265 5.17541
head 1.08104 -4.2451 1.6961
lclavicle 6.5315e-16 -6.4747e-15 0
lhumerus -15.8901 -18.0503 38.4558
lradius 52.5112 0 0
lwrist 19.605 0 0
lhand -21.2224 -4.13486 0
lfingers 7.12502 0 0
lthumb 5.15952 25.7803 0
rclavicle 6.5315e-16 -6.4747e-15 0
rhumerus -16.583 12.0825 -50.9209
rradius 93.7712 0 0
rwrist -4.96621 0 0
rhand -26.0802 -30.5943 0
rfingers 7.12502 0 0
rthumb 0.46823 -780.561 0
733
root 4.38715 19.9276 10.8203 -99.402 -36.3242 178.896
lfemur -36.0916 -3.2388 0.923638
ltibia 64.1529 0 0
lfoot -2.60702 1.07596 0
ltoes 28.4029 0 0
rfemur -27.903 -8.87576 5.9907
rtibia 80.0724 0 0
rfoot 8.66195 -24.3688 0
rtoes 21.7777 0 0
lowerback 4.61093 0.932066 -1.73814
upperback -1.23434 1.07187 -2.3292
thorax -3.77145 0.561417 -1.38639
lowerneck -6.3383 -6.53842 -1.97285
upperneck -1.0946 -8.64113 5.1898
head 1.06416 -4.25212 1.69842
lclavicle 4.79608e-16 -6.79023e-15 0
lhumerus -16.7725 -17.9081 39.7029
lradius 52.9158 0 0
lwrist 19.4179 0 0
lhand -21.1888 -4.1835 0
lfingers 7.12502 0 0
lthumb 5.19202 25.7308 0
rclavicle 4.79608e-16 -6.79023e-15 0
rhumerus -16.8594 12.8997 -52.2492
rradius 93.4684 0 0
rwrist -4.70706 0 0
rhand -25.9983 -30.3507 0
rfingers 7.12502 0 0
rthumb 0.547365 -780.317 0
734
root 4.32772 19.8436 10.9905 -98.591 -33.5763 181.412
lfemur -36.1873 -2.69805 0.490476
ltibia 63.8957 0 0
lfoot -3.09599 1.56939 0
ltoes 28.2813 0 0
rfemur -27.6233 -9.28246 6.37101
rtibia 79.4711 0 0
rfoot 8.02014 -24.6415 0
rtoes 20.7754 0 0
lowerback 4.53008 1.01796 -1.73272
upperback -1.23289 1.18972 -2.36887
thorax -3.7197 0.620222 -1.43413
lowerneck -6.31349 -6.55111 -1.95324
upperneck -1.13551 -8.65575 5.20418
head 1.04728 -4.25914 1.70073
lclavicle 3.06066e-16 -7.10576e-15 0
lhumerus -17.6549 -17.7658 40.9499
lradius 53.3204 0 0
lwrist 19.2307 0 0
lhand -21.1551 -4.23214 0
lfingers 7.12502 0 0
lthumb 5.22453 25.6813 0
rclavicle 3.06066e-16 -7.10576e-15 0
rhumerus -17.1359 13.7169 -53.5775
rradius 93.1655 0 0
rwrist -4.44791 0 0
rhand -25.9163 -30.107 0
rfingers 7.12502 0 0
rthumb 0.626499 -780.073 0
735
root 4.26829 19.7595 11.1608 -97.78 -30.8284 183.928
lfemur -36.283 -2.1573 0.0573133
ltibia 63.6386 0 0
lfoot -3.58497 2.06283 0
ltoes 28.1597 0 0
rfemur -27.3435 -9.68917 6.75133
rtibia 78.8698 0 0
rfoot 7.37833 -24.9142 0
rtoes 19.7731 0 0
lowerback 4.44923 1.10385 -1.7273
upperback -1.23144 1.30756 -2.40855
thorax -3.66796 0.679026 -1.48187
lowerneck -6.28868 -6.5638 -1.93364
upperneck -1.17643 -8.67038 5.21857
head 1.0304 -4.26616 1.70304
lclavicle 1.32523e-16 -7.42129e-15 0
lhumerus -18.5373 -17.6235 42.197
lradius 53.7249 0 0
lwrist 19.0436 0 0
lhand -21.1214 -4.28078 0
lfingers 7.12502 0 0
lthumb 5.25703 25.6318 0
rclavicle 1.32523e-16 -7.42129e-15 0
rhumerus -17.4123 14.5341 -54.9058
rradius 92.8627 0 0
rwrist -4.18876 0 0
rhand -25.8344 -29.8634 0
rfingers 7.12502 0 0
rthumb 0.705634 -779.829 0
736
root 4.20886 19.6754 11.331 -96.969 -28.0804 186.444
lfemur -36.3787 -1.61655 -0.375849
ltibia 63.3814 0 0
lfoot -4.07394 2.55626 0
ltoes 28.0381 0 0
rfemur -27.0637 -10.0959 7.13164
rtibia 78.2686 0 0
rfoot 6.73653 -25.1869 0
rtoes 18.7709 0 0
lowerback 4.36838 1.18974 -1.72188
upperback -1.22998 1.42541 -2.44823
thorax -3.61621 0.73783 -1.52961
lowerneck -6.26387 -6.57649 -1.91403
upperneck -1.21735 -8.68501 5.23295
head 1.01352 -4.27318 1.70536
lclavicle -4.10189e-17 -7.73682e-15 0
lhumerus -19.4198 -17.4812 43.444
lradius 54.1295 0 0
lwrist 18.8565 0 0
lhand -21.0878 -4.32943 0
lfingers 7.12502 0 0
lthumb 5.28954 25.5823 0
rclavicle -4.10189e-17 -7.73682e-15 0
rhumerus -17.6887 15.3514 -56.2341
rradius 92.5598 0 0
rwrist -3.92961 0 0
rhand -25.7525 -29.6198 0
rfingers 7.12502 0 0
rthumb 0.784769 -779.584 0
737
root 4.14943 19.5914 11.5012 -96.158 -25.3325 188.96
lfemur -36.4744 -1.0758 -0.809011
ltibia 63.1242 0 0
lfoot -4.56291 3.04969 0
ltoes 27.9165 0 0
rfemur -26.7839 -10.5026 7.51195
rtibia 77.6673 0 0
rfoot 6.09472 -25.4596 0
rtoes 17.7686 0 0
lowerback 4.28752 1.27563 -1.71646
upperback -1.22853 1.54326 -2.48791
thorax -3.56446 0.796635 -1.57735
lowerneck -6.23906 -6.58918 -1.89443
upperneck -1.25827 -8.69963 5.24734
head 0.996639 -4.2802 1.70767
lclavicle -2.14561e-16 -8.05235e-15 0
lhumerus -20.3022 -17.3389 44.6911
lradius 54.5341 0 0
lwrist 18.6693 0 0
lhand -21.0541 -4.37807 0
lfingers 7.12502 0 0
lthumb 5.32204 25.5328 0
rclavicle -2.14561e-16 -8.05235e-15 0
rhumerus -17.9652 16.1686 -57.5624
rradius 92.257 0 0
rwrist -3.67046 0 0
rhand -25.6705 -29.3761 0
rfingers 7.12502 0 0
rthumb 0.863903 -779.34 0
738
root 4.09 19.5073 11.6715 -95.347 -22.5846 191.476
lfemur -36.5701 -0.535057 -1.24217
ltibia 62.867 0 0
lfoot -5.05188 3.54312 0
ltoes 27.7949 0 0
rfemur -26.5041 -10.9093 7.89227
rtibia 77.066 0 0
rfoot 5.45291 -25.7323 0
rtoes 16.7663 0 0
lowerback 4.20667 1.36152 -1.71104
upperback -1.22708 1.66111 -2.52759
thorax -3.51271 0.855439 -1.62508
lowerneck -6.21424 -6.60187 -1.87482
upperneck -1.29918 -8.71426 5.26172
head 0.979759 -4.28722 1.70998
lclavicle -3.88103e-16 -8.36789e-15 0
lhumerus -21.1846 -17.1967 45.9381
lradius 54.9387 0 0
lwrist 18.4822 0 0
lhand -21.0204 -4.42671 0
lfingers 7.12502 0 0
lthumb 5.35455 25.4833 0
rclavicle -3.88103e-16 -8.36789e-15 0
rhumerus -18.2416 16.9858 -58.8907
rradius 91.9541 0 0
rwrist -3.41131 0 0
rhand -25.5886 -29.1325 0
rfingers 7.12502 0 0
rthumb 0.943038 -779.096 0
739
root 4.03057 19.4233 11.8417 -94.536 -19.8367 193.992
lfemur -36.6658 0.00569048 -1.67534
ltibia 62.6098 0 0
lfoot -5.54086 4.03656 0
ltoes 27.6733 0 0
rfemur -26.2243 -11.316 8.27258
rtibia 76.4647 0 0
rfoot 4.8111 -26.005 0
rtoes 15.764 0 0
lowerback 4.12582 1.44741 -1.70561
upperback -1.22563 1.77895 -2.56727
thorax -3.46097 0.914244 -1.67282
lowerneck -6.18943 -6.61456 -1.85522
upperneck -1.3401 -8.72888 5.27611
head 0.962879 -4.29425 1.7123
lclavicle -5.61646e-16 -8.68342e-15 0
lhumerus -22.067 -17.0544 47.1852
lradius 55.3433 0 0
lwrist 18.295 0 0
lhand -20.9868 -4.47535 0
lfingers 7.12502 0 0
lthumb 5.38705 25.4338 0
rclavicle -5.61646e-16 -8.68342e-15 0
rhumerus -18.518 17.803 -60.2191
rradius 91.6513 0 0
rwrist -3.15216 0 0
rhand -25.5066 -28.8889 0
rfingers 7.12502 0 0
rthumb 1.02217 -778.852 0
740
root 3.97114 19.3392 12.012 -93.725 -17.0888 196.508
lfemur -36.7615 0.546438 -2.1085
ltibia 62.3527 0 0
lfoot -6.02983 4.52999 0
ltoes 27.5517 0 0
rfemur -25.9445 -11.7227 8.65289
rtibia 75.8635 0 0
rfoot 4.16929 -26.2777 0
rtoes 14.7617 0 0
lowerback 4.04497 1.5333 -1.70019
upperback -1.22417 1.8968 -2.60695
thorax -3.40922 0.973048 -1.72056
lowerneck -6.16462 -6.62725 -1.83561
upperneck -1.38102 -8.74351 5.29049
head 0.945999 -4.30127 1.71461
lclavicle -7.35188e-16 -8.99895e-15 0
lhumerus -22.9494 -16.9121 48.4322
lradius 55.7478 0 0
lwrist 18.1079 0 0
lhand -20.9531 -4.52399 0
lfingers 7.12502 0 0
lthumb 5.41956 25.3843 0
rclavicle -7.35188e-16 -8.99895e-15 0
rhumerus -18.7945 18.6203 -61.5474
rradius 91.3484 0 0
rwrist -2.89301 0 0
rhand -25.4247 -28.6452 0
rfingers 7.12502 0 0
rthumb 1.10131 -778.608 0
741
root 3.91171 19.2551 12.1822 -92.914 -14.3408 199.024
lfemur -36.8572 1.08719 -2.54166
ltibia 62.0955 0 0
lfoot -6.5188 5.02342 0
ltoes 27.4301 0 0
rfemur -25.6647 -12.1294 9.03321
rtibia 75.2622 0 0
rfoot 3.52749 -26.5504 0
rtoes 13.7595 0 0
lowerback 3.96412 1.6192 -1.69477
upperback -1.22272 2.01465 -2.64663
thorax -3.35747 1.03185 -1.7683
lowerneck -6.13981 -6.63994 -1.81601
upperneck -1.42193 -8.75814 5.30488
head 0.929119 -4.30829 1.71692
lclavicle -9.0873e-16 -9.31448e-15 0
lhumerus -23.8318 -16.7698 49.6793
lradius 56.1524 0 0
lwrist 17.9207 0 0
lhand -20.9194 -4.57264 0
lfingers 7.12502 0 0
lthumb 5.45206 25.3348 0
rclavicle -9.0873e-16 -9.31448e-15 0
rhumerus -19.0709 19.4375 -62.8757
rradius 91.0456 0 0
rwrist -2.63386 0 0
rhand -25.3428 -28.4016 0
rfingers 7.12502 0 0
rthumb 1.18044 -778.363 0
742
root 3.85228 19.1711 12.3525 -92.103 -11.5929 201.54
lfemur -36.9529 1.62793 -2.97482
ltibia 61.8383 0 0
lfoot -7.00777 5.51686 0
ltoes 27.3085 0 0
rfemur -25.385 -12.5361 9.41352
rtibia 74.6609 0 0
rfoot 2.88568 -26.8231 0
rtoes 12.7572 0 0
lowerback 3.88327 1.70509 -1.68935
upperback -1.22127 2.13249 -2.6863
thorax -3.30572 1.09066 -1.81603
lowerneck -6.115 -6.65263 -1.7964
upperneck -1.46285 -8.77276 5.31926
head 0.912239 -4.31531 1.71923
lclavicle -1.08227e-15 -9.63001e-15 0
lhumerus -24.7142 -16.6276 50.9264
lradius 56.557 0 0
lwrist 17.7336 0 0
lhand -20.8858 -4.62128 0
lfingers 7.12502 0 0
lthumb 5.48456 25.2853 0
rclavicle -1.08227e-15 -9.63001e-15 0
rhumerus -19.3473 20.2547 -64.204
rradius 90.7427 0 0
rwrist -2.37471 0 0
rhand -25.2608 -28.158 0
rfingers 7.12502 0 0
rthumb 1.25958 -778.119 0
743
root 3.79285 19.087 12.5227 -91.292 -8.845 204.056
lfemur -37.0486 2.16868 -3.40798
ltibia 61.5811 0 0
lfoot -7.49674 6.01029 0
ltoes 27.1869 0 0
rfemur -25.1052 -12.9428 9.79384
rtibia 74.0596 0 0
rfoot 2.24387 -27.0958 0
rtoes 11.7549 0 0
lowerback 3.80241 1.79098 -1.68393
upperback -1.21982 2.25034 -2.72598
thorax -3.25397 1.14946 -1.86377
lowerneck -6.09018 -6.66532 -1.7768
upperneck -1.50377 -8.78739 5.33365
head 0.895359 -4.32233 1.72155
lclavicle -1.25581e-15 -9.94554e-15 0
lhumerus -25.5966 -16.4853 52.1734
lradius 56.9616 0 0
lwrist 17.5464 0 0
lhand -20.8521 -4.66992 0
lfingers 7.12502 0 0
lthumb 5.51707 25.2358 0
rclavicle -1.25581e-15 -9.94554e-15 0
rhumerus -19.6238 21.0719 -65.5323
rradius 90.4399 0 0
rwrist -2.11556 0 0
rhand -25.1789 -27.9143 0
rfingers 7.12502 0 0
rthumb 1.33871 -777.875 0
744
root 3.73342 19.0029 12.6929 -90.481 -6.09708 206.572
lfemur -37.1443 2.70943 -3.84115
ltibia 61.3239 0 0
lfoot -7.98572 6.50372 0
ltoes 27.0653 0 0
rfemur -24.8254 -13.3495 10.1741
rtibia 73.4584 0 0
rfoot 1.60206 -27.3685 0
rtoes 10.7526 0 0
lowerback 3.72156 1.87687 -1.67851
upperback -1.21836 2.36819 -2.76566
thorax -3.20223 1.20827 -1.91151
lowerneck -6.06537 -6.67801 -1.75719
upperneck -1.54469 -8.80202 5.34803
head 0.878479 -4.32935 1.72386
lclavicle -1.42936e-15 -1.02611e-14 0
lhumerus -26.479 -16.343 53.4205
lradius 57.3662 0 0
lwrist 17.3593 0 0
lhand -20.8184 -4.71856 0
lfingers 7.12502 0 0
lthumb 5.54957 25.1863 0
rclavicle -1.42936e-15 -1.02611e-14 0
rhumerus -19.9002 21.8892 -66.8606
rradius 90.137 0 0
rwrist -1.85641 0 0
rhand -25.097 -27.6707 0
rfingers 7.12502 0 0
rthumb 1.41785 -777.631 0
745
root 3.67399 18.9189 12.8632 -89.67 -3.34916 209.088
lfemur -37.24 3.25018 -4.27431
ltibia 61.0667 0 0
lfoot -8.47469 6.99715 0
ltoes 26.9437 0 0
rfemur -24.5456 -13.7562 10.5545
rtibia 72.8571 0 0
rfoot 0.960254 -27.6412 0
rtoes 9.75034 0 0
lowerback 3.64071 1.96276 -1.67309
upperback -1.21691 2.48604 -2.80534
thorax -3.15048 1.26707 -1.95925
lowerneck -6.04056 -6.6907 -1.73759
upperneck -1.5856 -8.81664 5.36242
head 0.861599 -4.33637 1.72617
lclavicle -1.6029e-15 -1.05766e-14 0
lhumerus -27.3614 -16.2007 54.6675
lradius 57.7708 0 0
lwrist 17.1721 0 0
lhand -20.7848 -4.7672 0
lfingers 7.12502 0 0
lthumb 5.58208 25.1368 0
rclavicle -1.6029e-15 -1.05766e-14 0
rhumerus -20.1766 22.7064 -68.1889
rradius 89.8342 0 0
rwrist -1.59726 0 0
rhand -25.015 -27.4271 0
rfingers 7.12502 0 0
rthumb 1.49698 -777.387 0
746
root 3.61457 18.8348 13.0334 -88.8589 -0.60124 211.605
lfemur -37.3357 3.79092 -4.70747
ltibia 60.8096 0 0
lfoot -8.96366 7.49059 0
ltoes 26.8221 0 0
rfemur -24.2658 -14.1629 10.9348
rtibia 72.2558 0 0
rfoot 0.318446 -27.9139 0
rtoes 8.74806 0 0
lowerback 3.55986 2.04865 -1.66766
upperback -1.21546 2.60388 -2.84502
thorax -3.09873 1.32587 -2.00698
lowerneck -6.01575 -6.70339 -1.71798
upperneck -1.62652 -8.83127 5.3768
head 0.844718 -4.3434 1.72849
lclavicle -1.77644e-15 -1.08921e-14 0
lhumerus -28.2438 -16.0585 55.9146
lradius 58.1753 0 0
lwrist 16.985 0 0
lhand -20.7511 -4.81585 0
lfingers 7.12502 0 0
lthumb 5.61458 25.0872 0
rclavicle -1.77644e-15 -1.08921e-14 0
rhumerus -20.4531 23.5236 -69.5173
rradius 89.5313 0 0
rwrist -1.3381 0 0
rhand -24.9331 -27.1834 0
rfingers 7.12502 0 0
rthumb 1.57612 -777.142 0
747
root 3.55514 18.7508 13.2037 -88.0479 2.14668 214.121
lfemur -37.4314 4.33167 -5.14063
ltibia 60.5524 0 0
lfoot -9.45263 7.98402 0
ltoes 26.7005 0 0
rfemur -23.986 -14.5696 11.3151
rtibia 71.6545 0 0
rfoot -0.323362 -28.1866 0
rtoes 7.74578 0 0
lowerback 3.47901 2.13454 -1.66224
upperback -1.21401 2.72173 -2.8847
thorax -3.04698 1.38468 -2.05472
lowerneck -5.99094 -6.71608 -1.69838
upperneck -1.66744 -8.84589 5.39119
head 0.827838 -4.35042 1.7308
lclavicle -1.94998e-15 -1.12077e-14 0
lhumerus -29.1262 -15.9162 57.1616
lradius 58.5799 0 0
lwrist 16.7978 0 0
lhand -20.7175 -4.86449 0
lfingers 7.12502 0 0
lthumb 5.64709 25.0377 0
rclavicle -1.94998e-15 -1.12077e-14 0
rhumerus -20.7295 24.3408 -70.8456
rradius 89.2285 0 0
rwrist -1.07895 0 0
rhand -24.8511 -26.9398 0
rfingers 7.12502 0 0
rthumb 1.65525 -776.898 0
748
root 3.49571 18.6667 13.3739 -87.2369 4.8946 216.637
lfemur -37.5271 4.87242 -5.5738
ltibia 60.2952 0 0
lfoot -9.94161 8.47745 0
ltoes 26.5789 0 0
rfemur -23.7062 -14.9763 11.6954
rtibia 71.0533 0 0
rfoot -0.96517 -28.4593 0
rtoes 6.7435 0 0
lowerback 3.39816 2.22043 -1.65682
upperback -1.21255 2.83958 -2.92438
thorax -2.99524 1.44348 -2.10246
lowerneck -5.96613 -6.72877 -1.67877
upperneck -1.70835 -8.86052 5.40557
head 0.810958 -4.35744 1.73311
lclavicle -2.12353e-15 -1.15232e-14 0
lhumerus -30.0087 -15.7739 58.4087
lradius 58.9845 0 0
lwrist 16.6107 0 0
lhand -20.6838 -4.91313 0
lfingers 7.12502 0 0
lthumb 5.67959 24.9882 0
rclavicle -2.12353e-15 -1.15232e-14 0
rhumerus -21.0059 25.1581 -72.1739
rradius 88.9256 0 0
rwrist -0.819804 0 0
rhand -24.7692 -26.6962 0
rfingers 7.12502 0 0
rthumb 1.73438 -776.654 0
749
root 3.43628 18.5826 13.5441 -86.4259 7.64252 219.153
lfemur -37.6228 5.41317 -6.00696
ltibia 60.038 0 0
lfoot -10.4306 8.97088 0
ltoes 26.4573 0 0
rfemur -23.4264 -15.383 12.0757
rtibia 70.452 0 0
rfoot -1.60698 -28.732 0
rtoes 5.74122 0 0
lowerback 3.3173 2.30633 -1.6514
upperback -1.2111 2.95743 -2.96406
thorax -2.94349 1.50229 -2.1502
lowerneck -5.94131 -6.74146 -1.65917
upperneck -1.74927 -8.87515 5.41996
head 0.794078 -4.36446 1.73543
lclavicle -2.29707e-15 -1.18387e-14 0
lhumerus -30.8911 -15.6316 59.6557
lradius 59.3891 0 0
lwrist 16.4235 0 0
lhand -20.6501 -4.96177 0
lfingers 7.12502 0 0
lthumb 5.7121 24.9387 0
rclavicle -2.29707e-15 -1.18387e-14 0
rhumerus -21.2824 25.9753 -73.5022
rradius 88.6228 0 0
rwrist -0.560653 0 0
rhand -24.6873 -26.4525 0
rfingers 7.12502 0 0
rthumb 1.81352 -776.41 0
750
root 3.37685 18.4986 13.7144 -85.6149 10.3904 221.669
lfemur -37.7185 5.95391 -6.44012
ltibia 59.7808 0 0
lfoot -10.9195 9.46432 0
ltoes 26.3357 0 0
rfemur -23.1467 -15.7897 12.456
rtibia 69.8507 0 0
rfoot -2.24879 -29.0047 0
rtoes 4.73894 0 0
lowerback 3.23645 2.39222 -1.64598
upperback -1.20965 3.07527 -3.00373
thorax -2.89174 1.56109 -2.19793
lowerneck -5.9165 -6.75415 -1.63956
upperneck -1.79019 -8.88977 5.43434
head 0.777198 -4.37148 1.73774
lclavicle -2.47061e-15 -1.21543e-14 0
lhumerus -31.7735 -15.4894 60.9028
lradius 59.7937 0 0
lwrist 16.2364 0 0
lhand -20.6165 -5.01041 0
lfingers 7.12502 0 0
lthumb 5.7446 24.8892 0
rclavicle -2.47061e-15 -1.21543e-14 0
rhumerus -21.5588 26.7925 -74.8305
rradius 88.3199 0 0
rwrist -0.301503 0 0
rhand -24.6053 -26.2089 0
rfingers 7.12502 0 0
rthumb 1.89265 -776.166 0
751
root 3.31742 18.4145 13.8846 -84.8039 13.1384 224.185
lfemur -37.8142 6.49466 -6.87328
ltibia 59.5236 0 0
lfoot -11.4085 9.95775 0
ltoes 26.2141 0 0
rfemur -22.8669 -16.1965 12.8363
rtibia 69.2494 0 0
rfoot -2.89059 -29.2774 0
rtoes 3.73666 0 0
lowerback 3.1556 2.47811 -1.64056
upperback -1.2082 3.19312 -3.04341
thorax -2.83999 1.6199 -2.24567
lowerneck -5.89169 -6.76684 -1.61996
upperneck -1.83111 -8.9044 5.44873
head 0.760318 -4.3785 1.74005
lclavicle -2.64415e-15 -1.24698e-14 0
lhumerus -32.6559 -15.3471 62.1499
lradius 60.1983 0 0
lwrist 16.0492 0 0
lhand -20.5828 -5.05906 0
lfingers 7.12502 0 0
lthumb 5.7771 24.8397 0
rclavicle -2.64415e-15 -1.24698e-14 0
rhumerus -21.8352 27.6097 -76.1588
rradius 88.0171 0 0
rwrist -0.0423524 0 0
rhand -24.5234 -25.9653 0
rfingers 7.12502 0 0
rthumb 1.97179 -775.921 0
752
root 3.25799 18.3304 14.0549 -83.9929 15.8863 226.701
lfemur -37.9099 7.03541 -7.30644
ltibia 59.2665 0 0
lfoot -11.8975 10.4512 0
ltoes 26.0925 0 0
rfemur -22.5871 -16.6032 13.2167
rtibia 68.6482 0 0
rfoot -3.5324 -29.5501 0
rtoes 2.73438 0 0
lowerback 3.07475 2.564 -1.63514
upperback -1.20674 3.31097 -3.08309
thorax -2.78824 1.6787 -2.29341
lowerneck -5.86688 -6.77953 -1.60035
upperneck -1.87202 -8.91903 5.46311
head 0.743438 -4.38552 1.74236
lclavicle -2.81769e-15 -1.27853e-14 0
lhumerus -33.5383 -15.2048 63.3969
lradius 60.6028 0 0
lwrist 15.8621 0 0
lhand -20.5491 -5.1077 0
lfingers 7.12502 0 0
lthumb 5.80961 24.7902 0
rclavicle -2.81769e-15 -1.27853e-14 0
rhumerus -22.1117 28.427 -77.4871
rradius 87.7142 0 0
rwrist 0.216798 0 0
rhand -24.4415 -25.7216 0
rfingers 7.12502 0 0
rthumb 2.05092 -775.677 0
753
root 3.19856 18.2464 14.2251 -83.1819 18.6342 229.217
lfemur -38.0056 7.57616 -7.73961
ltibia 59.0093 0 0
lfoot -12.3865 10.9446 0
ltoes 25.9709 0 0
rfemur -22.3073 -17.0099 13.597
rtibia 68.0469 0 0
rfoot -4.17421 -29.8228 0
rtoes 1.7321 0 0
lowerback 2.9939 2.64989 -1.62971
upperback -1.20529 3.42881 -3.12277
thorax -2.7365 1.7375 -2.34115
lowerneck -5.84207 -6.79222 -1.58075
upperneck -1.91294 -8.93365 5.4775
head 0.726558 -4.39255 1.74468
lclavicle -2.99124e-15 -1.31009e-14 0
lhumerus -34.4207 -15.0625 64.644
lradius 61.0074 0 0
lwrist 15.6749 0 0
lhand -20.5155 -5.15634 0
lfingers 7.12502 0 0
lthumb 5.84211 24.7407 0
rclavicle -2.99124e-15 -1.31009e-14 0
rhumerus -22.3881 29.2442 -78.8155
rradius 87.4114 0 0
rwrist 0.475949 0 0
rhand -24.3595 -25.478 0
rfingers 7.12502 0 0
rthumb 2.13006 -775.433 0
754
root 3.13913 18.1623 14.3954 -82.3709 21.3821 231.733
lfemur -38.1013 8.1169 -8.17277
ltibia 58.7521 0 0
lfoot -12.8754 11.438 0
ltoes 25.8493 0 0
rfemur -22.0275 -17.4166 13.9773
rtibia 67.4456 0 0
rfoot -4.81602 -30.0955 0
rtoes 0.729825 0 0
lowerback 2.91305 2.73578 -1.62429
upperback -1.20384 3.54666 -3.16245
thorax -2.68475 1.79631 -2.38888
lowerneck -5.81725 -6.80491 -1.56114
upperneck -1.95386 -8.94828 5.49188
head 0.709678 -4.39957 1.74699
lclavicle -3.16478e-15 -1.34164e-14 0
lhumerus -35.3031 -14.9203 65.891
lradius 61.412 0 0
lwrist 15.4878 0 0
lhand -20.4818 -5.20498 0
lfingers 7.12502 0 0
lthumb 5.87462 24.6912 0
rclavicle -3.16478e-15 -1.34164e-14 0
rhumerus -22.6645 30.0614 -80.1438
rradius 87.1085 0 0
rwrist 0.735099 0 0
rhand -24.2776 -25.2344 0
rfingers 7.12502 0 0
rthumb 2.20919 -775.189 0
755
root 3.0797 18.0783 14.5656 -81.5599 24.13 234.249
lfemur -38.197 8.65765 -8.60593
ltibia 58.4949 0 0
lfoot -13.3644 11.9315 0
ltoes 25.7277 0 0
rfemur -21.7477 -17.8233 14.3576
rtibia 66.8443 0 0
rfoot -5.45783 -30.3682 0
rtoes -0.272454 0 0
lowerback 2.83219 2.82167 -1.61887
upperback -1.20239 3.66451 -3.20213
thorax -2.633 1.85511 -2.43662
lowerneck -5.79244 -6.8176 -1.54154
upperneck -1.99477 -8.9629 5.50627
head 0.692798 -4.40659 1.7493
lclavicle -3.33832e-15 -1.37319e-14 0
lhumerus -36.1855 -14.778 67.1381
lradius 61.8166 0 0
lwrist 15.3006 0 0
lhand -20.4481 -5.25362 0
lfingers 7.12502 0 0
lthumb 5.90712 24.6417 0
rclavicle -3.33832e-15 -1.37319e-14 0
rhumerus -22.941 30.8786 -81.4721
rradius 86.8057 0 0
rwrist 0.99425 0 0
rhand -24.1956 -24.9907 0
rfingers 7.12502 0 0
rthumb 2.28833 -774.945 0
756
root 3.02027 17.9942 14.7358 -80.7489 26.878 236.765
lfemur -38.2927 9.1984 -9.03909
ltibia 58.2377 0 0
lfoot -13.8534 12.4249 0
ltoes 25.6061 0 0
rfemur -21.4679 -18.23 14.7379
rtibia 66.2431 0 0
rfoot -6.09963 -30.6409 0
rtoes -1.27473 0 0
lowerback 2.75134 2.90756 -1.61345
upperback -1.20093 3.78236 -3.24181
thorax -2.58125 1.91392 -2.48436
lowerneck -5.76763 -6.83029 -1.52193
upperneck -2.03569 -8.97753 5.52065
head 0.675918 -4.41361 1.75162
lclavicle -3.51186e-15 -1.40474e-14 0
lhumerus -37.0679 -14.6357 68.3851
lradius 62.2212 0 0
lwrist 15.1135 0 0
lhand -20.4145 -5.30227 0
lfingers 7.12502 0 0
lthumb 5.93963 24.5922 0
rclavicle -3.51186e-15 -1.40474e-14 0
rhumerus -23.2174 31.6959 -82.8004
rradius 86.5028 0 0
rwrist 1.2534 0 0
rhand -24.1137 -24.7471 0
rfingers 7.12502 0 0
rthumb 2.36746 -774.7 0
757
root 2.96084 17.9101 14.9061 -79.9379 29.6259 239.281
lfemur -38.3884 9.73915 -9.47226
ltibia 57.9806 0 0
lfoot -14.3424 12.9183 0
ltoes 25.4845 0 0
rfemur -21.1881 -18.6367 15.1182
rtibia 65.6418 0 0
rfoot -6.74144 -30.9136 0
rtoes -2.27701 0 0
lowerback 2.67049 2.99346 -1.60803
upperback -1.19948 3.9002 -3.28149
thorax -2.52951 1.97272 -2.5321
lowerneck -5.74282 -6.84298 -1.50233
upperneck -2.07661 -8.99216 5.53504
head 0.659038 -4.42063 1.75393
lclavicle -3.68541e-15 -1.4363e-14 0
lhumerus -37.9503 -14.4934 69.6322
lradius 62.6257 0 0
lwrist 14.9264 0 0
lhand -20.3808 -5.35091 0
lfingers 7.12502 0 0
lthumb 5.97213 24.5427 0
rclavicle -3.68541e-15 -1.4363e-14 0
rhumerus -23.4938 32.5131 -84.1287
rradius 86.2 0 0
rwrist 1.51255 0 0
rhand -24.0318 -24.5035 0
rfingers 7.12502 0 0
rthumb 2.4466 -774.456 0
758
root 2.90141 17.8261 15.0763 -79.1269 32.3738 241.797
lfemur -38.4841 10.2799 -9.90542
ltibia 57.7234 0 0
lfoot -14.8313 13.4118 0
ltoes 25.3629 0 0
rfemur -20.9084 -19.0434 15.4985
rtibia 65.0405 0 0
rfoot -7.38325 -31.1863 0
rtoes -3.27929 0 0
lowerback 2.58964 3.07935 -1.60261
upperback -1.19803 4.01805 -3.32116
thorax -2.47776 2.03153 -2.57984
lowerneck -5.71801 -6.85567 -1.48272
upperneck -2.11753 -9.00678 5.54942
head 0.642158 -4.42765 1.75624
lclavicle -3.85895e-15 -1.46785e-14 0
lhumerus -38.8327 -14.3511 70.8792
lradius 63.0303 0 0
lwrist 14.7392 0 0
lhand -20.3471 -5.39955 0
lfingers 7.12502 0 0
lthumb 6.00464 24.4932 0
rclavicle -3.85895e-15 -1.46785e-14 0
rhumerus -23.7703 33.3303 -85.457
rradius 85.8971 0 0
rwrist 1.7717 0 0
rhand -23.9498 -24.2598 0
rfingers 7.12502 0 0
rthumb 2.52573 -774.212 0
759
root 2.84198 17.742 15.2466 -78.3159 35.1217 244.313
lfemur -38.5798 10.8206 -10.3386
ltibia 57.4662 0 0
lfoot -15.3203 13.9052 0
ltoes 25.2413 0 0
rfemur -20.6286 -19.4501 15.8789
rtibia 64.4392 0 0
rfoot -8.02506 -31.459 0
rtoes -4.28157 0 0
lowerback 2.50879 3.16524 -1.59719
upperback -1.19658 4.1359 -3.36084
thorax -2.42601 2.09033 -2.62757
lowerneck -5.69319 -6.86836 -1.46312
upperneck -2.15844 -9.02141 5.56381
head 0.625278 -4.43467 1.75856
lclavicle -4.03249e-15 -1.4994e-14 0
lhumerus -39.7151 -14.2089 72.1263
lradius 63.4349 0 0
lwrist 14.5521 0 0
lhand -20.3135 -5.44819 0
lfingers 7.12502 0 0
lthumb 6.03714 24.4437 0
rclavicle -4.03249e-15 -1.4994e-14 0
rhumerus -24.0467 34.1475 -86.7853
rradius 85.5943 0 0
rwrist 2.03085 0 0
rhand -23.8679 -24.0162 0
rfingers 7.12502 0 0
rthumb 2.60487 -773.968 0
760
root 2.78255 17.658 15.4168 -77.5049 37.8696 246.829
lfemur -38.6755 11.3614 -10.7717
ltibia 57.209 0 0
lfoot -15.8093 14.3986 0
ltoes 25.1197 0 0
rfemur -20.3488 -19.8568 16.2592
rtibia 63.838 0 0
rfoot -8.66687 -31.7317 0
rtoes -5.28385 0 0
lowerback 2.42794 3.25113 -1.59176
upperback -1.19512 4.25375 -3.40052
thorax -2.37426 2.14914 -2.67531
lowerneck -5.66838 -6.88105 -1.44351
upperneck -2.19936 -9.03603 5.57819
head 0.608398 -4.4417 1.76087
lclavicle -4.20603e-15 -1.53096e-14 0
lhumerus -40.5976 -14.0666 73.3734
lradius 63.8395 0 0
lwrist 14.3649 0 0
lhand -20.2798 -5.49683 0
lfingers 7.12502 0 0
lthumb 6.06964 24.3942 0
rclavicle -4.20603e-15 -1.53096e-14 0
rhumerus -24.3231 34.9648 -88.1137
rradius 85.2914 0 0
rwrist 2.29 0 0
rhand -23.7859 -23.7726 0
rfingers 7.12502 0 0
rthumb 2.684 -773.724 0
761
root 2.72312 17.5739 15.587 -76.6939 40.6176 249.345
lfemur -38.7712 11.9021 -11.2049
ltibia 56.9518 0 0
lfoot -16.2982 14.8921 0
ltoes 24.9981 0 0
rfemur -20.069 -20.2635 16.6395
rtibia 63.2367 0 0
rfoot -9.30867 -32.0044 0
rtoes -6.28613 0 0
lowerback 2.34709 3.33702 -1.58634
upperback -1.19367 4.37159 -3.4402
thorax -2.32251 2.20794 -2.72305
lowerneck -5.64357 -6.89374 -1.42391
upperneck -2.24028 -9.05066 5.59258
head 0.591518 -4.44872 1.76318
lclavicle -4.37957e-15 -1.56251e-14 0
lhumerus -41.48 -13.9243 74.6204
lradius 64.2441 0 0
lwrist 14.1778 0 0
lhand -20.2461 -5.54548 0
lfingers 7.12502 0 0
lthumb 6.10215 24.3447 0
rclavicle -4.37957e-15 -1.56251e-14 0
rhumerus -24.5996 35.782 -89.442
rradius 84.9886 0 0
rwrist 2.54915 0 0
rhand -23.704 -23.5289 0
rfingers 7.12502 0 0
rthumb 2.76314 -773.479 0
762
root 2.66369 17.4898 15.7573 -75.8829 43.3655 251.861
lfemur -38.867 12.4429 -11.6381
ltibia 56.6946 0 0
lfoot -16.7872 15.3855 0
ltoes 24.8766 0 0
rfemur -19.7892 -20.6702 17.0198
rtibia 62.6354 0 0
rfoot -9.95048 -32.2772 0
rtoes -7.28841 0 0
lowerback 2.26623 3.42291 -1.58092
upperback -1.19222 4.48944 -3.47988
thorax -2.27077 2.26674 -2.77079
lowerneck -5.61876 -6.90643 -1.4043
upperneck -2.28119 -9.06529 5.60696
head 0.574638 -4.45574 1.76549
lclavicle -4.55312e-15 -1.59406e-14 0
lhumerus -42.3624 -13.782 75.8675
lradius 64.6487 0 0
lwrist 13.9906 0 0
lhand -20.2125 -5.59412 0
lfingers 7.12502 0 0
lthumb 6.13465 24.2952 0
rclavicle -4.55312e-15 -1.59406e-14 0
rhumerus -24.876 36.5992 -90.7703
rradius 84.6857 0 0
rwrist 2.8083 0 0
rhand -23.6221 -23.2853 0
rfingers 7.12502 0 0
rthumb 2.84227 -773.235 0
763
root 2.60426 17.4058 15.9275 -75.0719 46.1134 254.377
lfemur -38.9627 12.9836 -12.0712
ltibia 56.4375 0 0
lfoot -17.2762 15.8789 0
ltoes 24.755 0 0
rfemur -19.5094 -21.0769 17.4001
rtibia 62.0341 0 0
rfoot -10.5923 -32.5499 0
rtoes -8.29069 0 0
lowerback 2.18538 3.5088 -1.5755
upperback -1.19077 4.60729 -3.51956
thorax -2.21902 2.32555 -2.81852
lowerneck -5.59395 -6.91912 -1.3847
upperneck -2.32211 -9.07991 5.62135
head 0.557758 -4.46276 1.76781
lclavicle -4.72666e-15 -1.62562e-14 0
lhumerus -43.2448 -13.6398 77.1145
lradius 65.0532 0 0
lwrist 13.8035 0 0
lhand -20.1788 -5.64276 0
lfingers 7.12502 0 0
lthumb 6.16716 24.2457 0
rclavicle -4.72666e-15 -1.62562e-14 0
rhumerus -25.1524 37.4164 -92.0986
rradius 84.3829 0 0
rwrist 3.06745 0 0
rhand -23.5401 -23.0417 0
rfingers 7.12502 0 0
rthumb 2.9214 -772.991 0
764
root 2.54483 17.3217 16.0978 -74.2609 48.8613 256.893
lfemur -39.0584 13.5244 -12.5044
ltibia 56.1803 0 0
lfoot -17.7652 16.3724 0
ltoes 24.6334 0 0
rfemur -19.2296 -21.4836 17.7804
rtibia 61.4329 0 0
rfoot -11.2341 -32.8226 0
rtoes -9.29297 0 0
lowerback 2.10453 3.59469 -1.57008
upperback -1.18931 4.72514 -3.55924
thorax -2.16727 2.38435 -2.86626
lowerneck -5.56913 -6.93181 -1.36509
upperneck -2.36303 -9.09454 5.63573
head 0.540878 -4.46978 1.77012
lclavicle -4.9002e-15 -1.65717e-14 0
lhumerus -44.1272 -13.4975 78.3616
lradius 65.4578 0 0
lwrist 13.6163 0 0
lhand -20.1451 -5.6914 0
lfingers 7.12502 0 0
lthumb 6.19966 24.1962 0
rclavicle -4.9002e-15 -1.65717e-14 0
rhumerus -25.4289 38.2337 -93.4269
rradius 84.08 0 0
rwrist 3.3266 0 0
rhand -23.4582 -22.798 0
rfingers 7.12502 0 0
rthumb 3.00054 -772.747 0
765
root 2.4854 17.2376 16.268 -73.4499 51.6093 259.409
lfemur -39.1541 14.0651 -12.9376
ltibia 55.9231 0 0
lfoot -18.2541 16.8658 0
ltoes 24.5118 0 0
rfemur -18.9498 -21.8903 18.1607
rtibia 60.8316 0 0
rfoot -11.8759 -33.0953 0
rtoes -10.2952 0 0
lowerback 2.02368 3.68059 -1.56466
upperback -1.18786 4.84298 -3.59892
thorax -2.11552 2.44316 -2.914
lowerneck -5.54432 -6.9445 -1.34549
upperneck -2.40394 -9.10917 5.65012
head 0.523998 -4.4768 1.77243
lclavicle -5.07374e-15 -1.68872e-14 0
lhumerus -45.0096 -13.3552 79.6086
lradius 65.8624 0 0
lwrist 13.4292 0 0
lhand -20.1115 -5.74005 0
lfingers 7.12502 0 0
lthumb 6.23217 24.1467 0
rclavicle -5.07374e-15 -1.68872e-14 0
rhumerus -25.7053 39.0509 -94.7552
rradius 83.7772 0 0
rwrist 3.58575 0 0
rhand -23.3763 -22.5544 0
rfingers 7.12502 0 0
rthumb 3.07967 -772.502 0
766
root 2.42597 17.1536 16.4382 -72.6389 54.3572 261.925
lfemur -39.2498 14.6059 -13.3707
ltibia 55.6659 0 0
lfoot -18.7431 17.3592 0
ltoes 24.3902 0 0
rfemur -18.6701 -22.297 18.541
rtibia 60.2303 0 0
rfoot -12.5177 -33.368 0
rtoes -11.2975 0 0
lowerback 1.94283 3.76648 -1.55924
upperback -1.18641 4.96083 -3.63859
thorax -2.06378 2.50196 -2.96174
lowerneck -5.51951 -6.95719 -1.32588
upperneck -2.44486 -9.12379 5.6645
head 0.507118 -4.48382 1.77475
lclavicle -5.24729e-15 -1.72028e-14 0
lhumerus -45.892 -13.2129 80.8557
lradius 66.267 0 0
lwrist 13.242 0 0
lhand -20.0778 -5.78869 0
lfingers 7.12502 0 0
lthumb 6.26467 24.0972 0
rclavicle -5.24729e-15 -1.72028e-14 0
rhumerus -25.9817 39.8681 -96.0835
rradius 83.4743 0 0
rwrist 3.8449 0 0
rhand -23.2943 -22.3108 0
rfingers 7.12502 0 0
rthumb 3.15881 -772.258 0
767
root 2.36654 17.0695 16.6085 -71.8279 57.1051 264.442
lfemur -39.3455 15.1466 -13.8039
ltibia 55.4087 0 0
lfoot -19.2321 17.8527 0
ltoes 24.2686 0 0
rfemur -18.3903 -22.7037 18.9214
rtibia 59.629 0 0
rfoot -13.1595 -33.6407 0
rtoes -12.2998 0 0
lowerback 1.86198 3.85237 -1.55381
upperback -1.18496 5.07868 -3.67827
thorax -2.01203 2.56077 -3.00947
lowerneck -5.4947 -6.96988 -1.30628
upperneck -2.48578 -9.13842 5.67889
head 0.490237 -4.49085 1.77706
lclavicle -5.42083e-15 -1.75183e-14 0
lhumerus -46.7744 -13.0707 82.1027
lradius 66.6716 0 0
lwrist 13.0549 0 0
lhand -20.0442 -5.83733 0
lfingers 7.12502 0 0
lthumb 6.29718 24.0477 0
rclavicle -5.42083e-15 -1.75183e-14 0
rhumerus -26.2582 40.6853 -97.4119
rradius 83.1715 0 0
rwrist 4.10406 0 0
rhand -23.2124 -22.0671 0
rfingers 7.12502 0 0
rthumb 3.23794 -772.014 0
768
root 2.30711 16.9855 16.7787 -71.0169 59.853 266.958
lfemur -39.4412 15.6874 -14.237
ltibia 55.1515 0 0
lfoot -19.721 18.3461 0
ltoes 24.147 0 0
rfemur -18.1105 -23.1105 19.3017
rtibia 59.0278 0 0
rfoot -13.8013 -33.9134 0
rtoes -13.3021 0 0
lowerback 1.78112 3.93826 -1.54839
upperback -1.1835 5.19652 -3.71795
thorax -1.96028 2.61957 -3.05721
lowerneck -5.46989 -6.98257 -1.28667
upperneck -2.5267 -9.15304 5.69327
head 0.473357 -4.49787 1.77937
lclavicle -5.59437e-15 -1.78338e-14 0
lhumerus -47.6568 -12.9284 83.3498
lradius 67.0762 0 0
lwrist 12.8677 0 0
lhand -20.0105 -5.88597 0
lfingers 7.12502 0 0
lthumb 6.32968 23.9982 0
rclavicle -5.59437e-15 -1.78338e-14 0
rhumerus -26.5346 41.5026 -98.7402
rradius 82.8686 0 0
rwrist 4.36321 0 0
rhand -23.1304 -21.8235 0
rfingers 7.12502 0 0
rthumb 3.31708 -771.77 0
769
root 2.24768 16.9014 16.949 -70.2059 62.6009 269.474
lfemur -39.5369 16.2281 -14.6702
ltibia 54.8944 0 0
lfoot -20.21 18.8395 0
ltoes 24.0254 0 0
rfemur -17.8307 -23.5172 19.682
rtibia 58.4265 0 0
rfoot -14.4431 -34.1861 0
rtoes -14.3044 0 0
lowerback 1.70027 4.02415 -1.54297
upperback -1.18205 5.31437 -3.75763
thorax -1.90853 2.67837 -3.10495
lowerneck -5.44508 -6.99526 -1.26707
upperneck -2.56761 -9.16767 5.70766
head 0.456477 -4.50489 1.78169
lclavicle -5.76791e-15 -1.81494e-14 0
lhumerus -48.5392 -12.7861 84.5969
lradius 67.4807 0 0
lwrist 12.6806 0 0
lhand -19.9768 -5.93461 0
lfingers 7.12502 0 0
lthumb 6.36218 23.9487 0
rclavicle -5.76791e-15 -1.81494e-14 0
rhumerus -26.811 42.3198 -100.068
rradius 82.5658 0 0
rwrist 4.62236 0 0
rhand -23.0485 -21.5799 0
rfingers 7.12502 0 0
rthumb 3.39621 -771.526 0
770
root 2.18825 16.8173 17.1192 -69.3949 65.3489 271.99
lfemur -39.6326 16.7689 -15.1034
ltibia 54.6372 0 0
lfoot -20.699 19.333 0
ltoes 23.9038 0 0
rfemur -17.5509 -23.9239 20.0623
rtibia 57.8252 0 0
rfoot -15.0849 -34.4588 0
rtoes -15.3066 0 0
lowerback 1.61942 4.11004 -1.53755
upperback -1.1806 5.43222 -3.79731
thorax -1.85678 2.73718 -3.15269
lowerneck -5.42026 -7.00795 -1.24746
upperneck -2.60853 -9.1823 5.72204
head 0.439597 -4.51191 1.784
lclavicle -5.94145e-15 -1.84649e-14 0
lhumerus -49.4216 -12.6438 85.8439
lradius 67.8853 0 0
lwrist 12.4934 0 0
lhand -19.9432 -5.98326 0
lfingers 7.12502 0 0
lthumb 6.39469 23.8992 0
rclavicle -5.94145e-15 -1.84649e-14 0
rhumerus -27.0875 43.137 -101.397
rradius 82.2629 0 0
rwrist 4.88151 0 0
rhand -22.9666 -21.3362 0
rfingers 7.12502 0 0
rthumb 3.47535 -771.281 0
771
root 2.12882 16.7333 17.2895 -68.5839 68.0968 274.506
lfemur -39.7283 17.3096 -15.5365
ltibia 54.38 0 0
lfoot -21.188 19.8264 0
ltoes 23.7822 0 0
rfemur -17.2711 -24.3306 20.4426
rtibia 57.2239 0 0
rfoot -15.7268 -34.7315 0
rtoes -16.3089 0 0
lowerback 1.53857 4.19593 -1.53213
upperback -1.17915 5.55007 -3.83699
thorax -1.80504 2.79598 -3.20042
lowerneck -5.39545 -7.02064 -1.22786
upperneck -2.64945 -9.19692 5.73643
head 0.422717 -4.51893 1.78631
lclavicle -6.115e-15 -1.87804e-14 0
lhumerus -50.304 -12.5016 87.091
lradius 68.2899 0 0
lwrist 12.3063 0 0
lhand -19.9095 -6.0319 0
lfingers 7.12502 0 0
lthumb 6.42719 23.8497 0
rclavicle -6.115e-15 -1.87804e-14 0
rhumerus -27.3639 43.9542 -102.725
rradius 81.9601 0 0
rwrist 5.14066 0 0
rhand -22.8846 -21.0926 0
rfingers 7.12502 0 0
rthumb 3.55448 -771.037 0
772
root 2.06939 16.6492 17.4597 -67.7729 70.8447 277.022
lfemur -39.824 17.8504 -15.9697
ltibia 54.1228 0 0
lfoot -21.6769 20.3198 0
ltoes 23.6606 0 0
rfemur -16.9913 -24.7373 20.8229
rtibia 56.6227 0 0
rfoot -16.3686 -35.0042 0
rtoes -17.3112 0 0
lowerback 1.45772 4.28182 -1.52671
upperback -1.17769 5.66791 -3.87667
thorax -1.75329 2.85479 -3.24816
lowerneck -5.37064 -7.03333 -1.20825
upperneck -2.69036 -9.21155 5.75081
head 0.405837 -4.52595 1.78862
lclavicle -6.28854e-15 -1.90959e-14 0
lhumerus -51.1865 -12.3593 88.338
lradius 68.6945 0 0
lwrist 12.1191 0 0
lhand -19.8758 -6.08054 0
lfingers 7.12502 0 0
lthumb 6.4597 23.8002 0
rclavicle -6.28854e-15 -1.90959e-14 0
rhumerus -27.6403 44.7715 -104.053
rradius 81.6572 0 0
rwrist 5.39981 0 0
rhand -22.8027 -20.849 0
rfingers 7.12502 0 0
rthumb 3.63362 -770.793 0
773
root 2.00996 16.5651 17.6299 -66.9619 73.5926 279.538
lfemur -39.9197 18.3911 -16.4029
ltibia 53.8656 0 0
lfoot -22.1659 20.8133 0
ltoes 23.539 0 0
rfemur -16.7115 -25.144 21.2032
rtibia 56.0214 0 0
rfoot -17.0104 -35.2769 0
rtoes -18.3135 0 0
lowerback 1.37687 4.36772 -1.52129
upperback -1.17624 5.78576 -3.91635
thorax -1.70154 2.91359 -3.2959
lowerneck -5.34583 -7.04602 -1.18865
upperneck -2.73128 -9.22618 5.7652
head 0.388957 -4.53297 1.79094
lclavicle -6.46208e-15 -1.94115e-14 0
lhumerus -52.0689 -12.217 89.5851
lradius 69.0991 0 0
lwrist 11.932 0 0
lhand -19.8422 -6.12918 0
lfingers 7.12502 0 0
lthumb 6.4922 23.7507 0
rclavicle -6.46208e-15 -1.94115e-14 0
rhumerus -27.9168 45.5887 -105.382
rradius 81.3544 0 0
rwrist 5.65896 0 0
rhand -22.7208 -20.6053 0
rfingers 7.12502 0 0
rthumb 3.71275 -770.549 0
774
root 1.95053 16.4811 17.8002 -66.1509 76.3405 282.054
lfemur -40.0154 18.9319 -16.836
ltibia 53.6084 0 0
lfoot -22.6549 21.3067 0
ltoes 23.4174 0 0
rfemur -16.4318 -25.5507 21.5836
rtibia 55.4201 0 0
rfoot -17.6522 -35.5496 0
rtoes -19.3158 0 0
lowerback 1.29601 4.45361 -1.51586
upperback -1.17479 5.90361 -3.95602
thorax -1.64979 2.9724 -3.34364
lowerneck -5.32102 -7.05871 -1.16904
upperneck -2.7722 -9.2408 5.77958
head 0.372077 -4.54 1.79325
lclavicle -6.63562e-15 -1.9727e-14 0
lhumerus -52.9513 -12.0747 90.8321
lradius 69.5037 0 0
lwrist 11.7448 0 0
lhand -19.8085 -6.17782 0
lfingers 7.12502 0 0
lthumb 6.52471 23.7012 0
rclavicle -6.63562e-15 -1.9727e-14 0
rhumerus -28.1932 46.4059 -106.71
rradius 81.0515 0 0
rwrist 5.91811 0 0
rhand -22.6388 -20.3617 0
rfingers 7.12502 0 0
rthumb 3.79189 -770.305 0
775
root 1.8911 16.397 17.9704 -65.3399 79.0885 284.57
lfemur -40.1111 19.4726 -17.2692
ltibia 53.3513 0 0
lfoot -23.1439 21.8001 0
ltoes 23.2958 0 0
rfemur -16.152 -25.9574 21.9639
rtibia 54.8188 0 0
rfoot -18.294 -35.8223 0
rtoes -20.318 0 0
lowerback 1.21516 4.5395 -1.51044
upperback -1.17334 6.02146 -3.9957
thorax -1.59805 3.0312 -3.39137
lowerneck -5.2962 -7.0714 -1.14944
upperneck -2.81312 -9.25543 5.79397
head 0.355197 -4.54702 1.79556
lclavicle -6.80917e-15 -2.00425e-14 0
lhumerus -53.8337 -11.9325 92.0792
lradius 69.9082 0 0
lwrist 11.5577 0 0
lhand -19.7748 -6.22647 0
lfingers 7.12502 0 0
lthumb 6.55721 23.6517 0
rclavicle -6.80917e-15 -2.00425e-14 0
rhumerus -28.4696 47.2231 -108.038
rradius 80.7487 0 0
rwrist 6.17726 0 0
rhand -22.5569 -20.1181 0
rfingers 7.12502 0 0
rthumb 3.87102 -770.06 0
776
root 1.83167 16.313 18.1407 -64.5289 81.8364 287.086
lfemur -40.2068 20.0134 -17.7023
ltibia 53.0941 0 0
lfoot -23.6328 22.2936 0
ltoes 23.1742 0 0
rfemur -15.8722 -26.3641 22.3442
rtibia 54.2176 0 0
rfoot -18.9358 -36.095 0
rtoes -21.3203 0 0
lowerback 1.13431 4.62539 -1.50502
upperback -1.17188 6.1393 -4.03538
thorax -1.5463 3.09001 -3.43911
lowerneck -5.27139 -7.08409 -1.12983
upperneck -2.85403 -9.27005 5.80835
head 0.338317 -4.55404 1.79788
lclavicle -6.98271e-15 -2.03581e-14 0
lhumerus -54.7161 -11.7902 93.3262
lradius 70.3128 0 0
lwrist 11.3705 0 0
lhand -19.7412 -6.27511 0
lfingers 7.12502 0 0
lthumb 6.58972 23.6022 0
rclavicle -6.98271e-15 -2.03581e-14 0
rhumerus -28.7461 48.0404 -109.367
rradius 80.4458 0 0
rwrist 6.43641 0 0
rhand -22.4749 -19.8744 0
rfingers 7.12502 0 0
rthumb 3.95016 -769.816 0
777
root 1.77224 16.2289 18.3109 -63.7179 84.5843 289.602
lfemur -40.3025 20.5541 -18.1355
ltibia 52.8369 0 0
lfoot -24.1218 22.787 0
ltoes 23.0526 0 0
rfemur -15.5924 -26.7708 22.7245
rtibia 53.6163 0 0
rfoot -19.5776 -36.3677 0
rtoes -22.3226 0 0
lowerback 1.05346 4.71128 -1.4996
upperback -1.17043 6.25715 -4.07506
thorax -1.49455 3.14881 -3.48685
lowerneck -5.24658 -7.09678 -1.11023
upperneck -2.89495 -9.28468 5.82274
head 0.321437 -4.56106 1.80019
lclavicle -7.15625e-15 -2.06736e-14 0
lhumerus -55.5985 -11.6479 94.5733
lradius 70.7174 0 0
lwrist 11.1834 0 0
lhand -19.7075 -6.32375 0
lfingers 7.12502 0 0
lthumb 6.62222 23.5527 0
rclavicle -7.15625e-15 -2.06736e-14 0
rhumerus -29.0225 48.8576 -110.695
rradius 80.143 0 0
rwrist 6.69556 0 0
rhand -22.393 -19.6308 0
rfingers 7.12502 0 0
rthumb 4.02929 -769.572 0
778
root 1.71585 16.2711 18.3956 -36.3348 82.889 317.137
lfemur -39.0971 18.2878 -16.7971
ltibia 51.9652 0 0
lfoot -23.1964 22.0159 0
ltoes 20.7425 0 0
rfemur -15.612 -25.4638 22.3004
rtibia 53.0533 0 0
rfoot -19.0919 -35.2174 0
rtoes -23.2523 0 0
lowerback 1.10087 4.70124 -1.32553
upperback -1.08526 6.24451 -4.00739
thorax -1.42302 3.1396 -3.51178
lowerneck -5.26281 -6.95872 -0.966349
upperneck -2.84774 -9.11495 5.62801
head 0.315317 -4.4806 1.71808
lclavicle 6.59965e-14 -6.36111e-15 0
lhumerus -55.6669 -11.6592 94.6505
lradius 70.7174 0 0
lwrist 11.698 0 0
lhand -20.1618 -5.93439 0
lfingers 7.12502 0 0
lthumb 6.18364 23.9554 0
rclavicle 6.59965e-14 -6.36111e-15 0
rhumerus -29.5307 48.5159 -111.311
rradius 80.1895 0 0
rwrist 6.45486 0 0
rhand -23.0271 -19.7718 0
rfingers 7.12502 0 0
rthumb 3.41696 -769.724 0
779
root 1.66626 16.3123 18.4789 -21.9229 80.2698 331.719
lfemur -37.9058 15.8757 -15.4832
ltibia 51.1595 0 0
lfoot -22.477 21.3204 0
ltoes 18.3967 0 0
rfemur -15.6082 -24.1296 21.8871
rtibia 52.5392 0 0
rfoot -18.5337 -33.9099 0
rtoes -24.236 0 0
lowerback 1.13365 4.69223 -1.1266
upperback -0.994302 6.23443 -3.91955
thorax -1.3369 3.13171 -3.52803
lowerneck -5.29006 -6.80886 -0.822974
upperneck -2.71007 -8.93503 5.39379
head 0.337516 -4.39427 1.62184
lclavicle -1.86858e-14 -7.95139e-15 0
lhumerus -55.7223 -11.6548 94.7328
lradius 70.6849 0 0
lwrist 12.2941 0 0
lhand -20.6961 -5.51535 0
lfingers 7.12502 0 0
lthumb 5.66773 24.3889 0
rclavicle -1.86858e-14 -7.95139e-15 0
rhumerus -30.0806 48.2789 -111.918
rradius 80.1801 0 0
rwrist 6.19884 0 0
rhand -23.5322 -19.9325 0
rfingers 7.12502 0 0
rthumb 2.92913 -769.892 0
780
root 1.62402 16.3521 18.5615 -14.2346 77.324 339.586
lfemur -36.7625 13.3527 -14.2178
ltibia 50.441 0 0
lfoot -21.9566 20.6377 0
ltoes 16.1624 0 0
rfemur -15.571 -22.8181 21.5018
rtibia 52.0365 0 0
rfoot -18.0088 -32.4903 0
rtoes -25.1921 0 0
lowerback 1.14547 4.68246 -0.903591
upperback -0.901559 6.22454 -3.81377
thorax -1.23671 3.12405 -3.53712
lowerneck -5.33146 -6.65004 -0.68087
upperneck -2.49148 -8.74723 5.13444
head 0.386508 -4.30309 1.51639
lclavicle 5.96354e-15 0 0
lhumerus -55.7812 -11.6402 94.8187
lradius 70.6337 0 0
lwrist 12.9222 0 0
lhand -21.2821 -5.08204 0
lfingers 7.12502 0 0
lthumb 5.10201 24.8365 0
rclavicle 5.96354e-15 0 0
rhumerus -30.6645 48.1272 -112.506
rradius 80.1161 0 0
rwrist 5.92387 0 0
rhand -23.9069 -20.1015 0
rfingers 7.12502 0 0
rthumb 2.56726 -770.066 0
781
root 1.65249 16.3546 18.6904 -14.2399 76.6145 339.816
lfemur -36.48 13.2746 -14.2751
ltibia 50.2606 0 0
lfoot -21.7621 20.071 0
ltoes 16.2526 0 0
rfemur -16.0985 -22.5808 21.3434
rtibia 51.9852 0 0
rfoot -17.7479 -32.0819 0
rtoes -25.0623 0 0
lowerback 1.28932 4.60846 -0.945957
upperback -0.839299 6.11933 -3.78228
thorax -1.25423 3.07147 -3.47492
lowerneck -5.34818 -6.60934 -0.644128
upperneck -2.37169 -8.70119 5.11414
head 0.425799 -4.27796 1.50371
lclavicle 5.82632e-15 1.79852e-16 0
lhumerus -55.537 -11.774 94.6498
lradius 70.4677 0 0
lwrist 13.0409 0 0
lhand -20.9265 -4.97229 0
lfingers 7.12502 0 0
lthumb 5.44353 24.9095 0
rclavicle 5.82632e-15 1.79852e-16 0
rhumerus -30.8984 47.5273 -111.774
rradius 79.7824 0 0
rwrist 5.86671 0 0
rhand -23.7042 -20.2177 0
rfingers 7.12502 0 0
rthumb 2.76268 -770.172 0
782
root 1.68097 16.3571 18.8193 -14.2451 75.905 340.047
lfemur -36.1975 13.1965 -14.3324
ltibia 50.0802 0 0
lfoot -21.5675 19.5044 0
ltoes 16.3428 0 0
rfemur -16.6261 -22.3435 21.1851
rtibia 51.9339 0 0
rfoot -17.4871 -31.6736 0
rtoes -24.9326 0 0
lowerback 1.43318 4.53447 -0.988322
upperback -0.77704 6.01412 -3.7508
thorax -1.27175 3.01888 -3.41271
lowerneck -5.36491 -6.56864 -0.607386
upperneck -2.2519 -8.65515 5.09385
head 0.46509 -4.25282 1.49104
lclavicle 5.6891e-15 3.59705e-16 0
lhumerus -55.2928 -11.9077 94.4808
lradius 70.3017 0 0
lwrist 13.1596 0 0
lhand -20.5708 -4.86253 0
lfingers 7.12502 0 0
lthumb 5.78506 24.9825 0
rclavicle 5.6891e-15 3.59705e-16 0
rhumerus -31.1324 46.9274 -111.043
rradius 79.4486 0 0
rwrist 5.80955 0 0
rhand -23.5016 -20.3338 0
rfingers 7.12502 0 0
rthumb 2.95809 -770.278 0
783
root 1.70944 16.3596 18.9482 -14.2504 75.1954 340.277
lfemur -35.915 13.1184 -14.3898
ltibia 49.8998 0 0
lfoot -21.373 18.9377 0
ltoes 16.433 0 0
rfemur -17.1536 -22.1062 21.0267
rtibia 51.8825 0 0
rfoot -17.2262 -31.2652 0
rtoes -24.8028 0 0
lowerback 1.57703 4.46047 -1.03069
upperback -0.71478 5.90891 -3.71931
thorax -1.28927 2.9663 -3.35051
lowerneck -5.38163 -6.52794 -0.570644
upperneck -2.13211 -8.60911 5.07355
head 0.504381 -4.22769 1.47836
lclavicle 5.55188e-15 5.39557e-16 0
lhumerus -55.0486 -12.0415 94.3119
lradius 70.1357 0 0
lwrist 13.2783 0 0
lhand -20.2152 -4.75278 0
lfingers 7.12502 0 0
lthumb 6.12658 25.0555 0
rclavicle 5.55188e-15 5.39557e-16 0
rhumerus -31.3663 46.3275 -110.311
rradius 79.1149 0 0
rwrist 5.75239 0 0
rhand -23.2989 -20.45 0
rfingers 7.12502 0 0
rthumb 3.15351 -770.383 0
784
root 1.73792 16.3621 19.0771 -14.2557 74.4859 340.508
lfemur -35.6326 13.0403 -14.4471
ltibia 49.7194 0 0
lfoot -21.1784 18.3711 0
ltoes 16.5233 0 0
rfemur -17.6811 -21.869 20.8684
rtibia 51.8312 0 0
rfoot -16.9653 -30.8569 0
rtoes -24.6731 0 0
lowerback 1.72089 4.38648 -1.07305
upperback -0.652521 5.8037 -3.68783
thorax -1.30679 2.91371 -3.2883
lowerneck -5.39835 -6.48724 -0.533902
upperneck -2.01231 -8.56307 5.05325
head 0.543672 -4.20255 1.46568
lclavicle 5.41466e-15 7.1941e-16 0
lhumerus -54.8045 -12.1753 94.1429
lradius 69.9697 0 0
lwrist 13.397 0 0
lhand -19.8595 -4.64302 0
lfingers 7.12502 0 0
lthumb 6.4681 25.1285 0
rclavicle 5.41466e-15 7.1941e-16 0
rhumerus -31.6002 45.7277 -109.579
rradius 78.7812 0 0
rwrist 5.69524 0 0
rhand -23.0963 -20.5662 0
rfingers 7.12502 0 0
rthumb 3.34893 -770.489 0
785
root 1.76639 16.3646 19.206 -14.261 73.7764 340.738
lfemur -35.3501 12.9621 -14.5044
ltibia 49.539 0 0
lfoot -20.9839 17.8044 0
ltoes 16.6135 0 0
rfemur -18.2086 -21.6317 20.71
rtibia 51.7799 0 0
rfoot -16.7044 -30.4485 0
rtoes -24.5433 0 0
lowerback 1.86474 4.31248 -1.11542
upperback -0.590261 5.6985 -3.65634
thorax -1.32431 2.86113 -3.2261
lowerneck -5.41507 -6.44654 -0.49716
upperneck -1.89252 -8.51703 5.03296
head 0.582963 -4.17742 1.453
lclavicle 5.27744e-15 8.99262e-16 0
lhumerus -54.5603 -12.309 93.974
lradius 69.8037 0 0
lwrist 13.5157 0 0
lhand -19.5039 -4.53327 0
lfingers 7.12502 0 0
lthumb 6.80963 25.2014 0
rclavicle 5.27744e-15 8.99262e-16 0
rhumerus -31.8341 45.1278 -108.848
rradius 78.4475 0 0
rwrist 5.63808 0 0
rhand -22.8936 -20.6823 0
rfingers 7.12502 0 0
rthumb 3.54435 -770.595 0
786
root 1.79486 16.3671 19.3349 -14.2662 73.0669 340.969
lfemur -35.0676 12.884 -14.5617
ltibia 49.3587 0 0
lfoot -20.7894 17.2378 0
ltoes 16.7037 0 0
rfemur -18.7362 -21.3944 20.5517
rtibia 51.7286 0 0
rfoot -16.4436 -30.0402 0
rtoes -24.4135 0 0
lowerback 2.00859 4.23849 -1.15778
upperback -0.528002 5.59329 -3.62486
thorax -1.34183 2.80855 -3.16389
lowerneck -5.4318 -6.40584 -0.460418
upperneck -1.77273 -8.47099 5.01266
head 0.622254 -4.15229 1.44033
lclavicle 5.14023e-15 1.07911e-15 0
lhumerus -54.3161 -12.4428 93.805
lradius 69.6377 0 0
lwrist 13.6345 0 0
lhand -19.1482 -4.42351 0
lfingers 7.12502 0 0
lthumb 7.15115 25.2744 0
rclavicle 5.14023e-15 1.07911e-15 0
rhumerus -32.0681 44.5279 -108.116
rradius 78.1137 0 0
rwrist 5.58092 0 0
rhand -22.691 -20.7985 0
rfingers 7.12502 0 0
rthumb 3.73976 -770.701 0
787
root 1.82334 16.3696 19.4639 -14.2715 72.3573 341.199
lfemur -34.7851 12.8059 -14.619
ltibia 49.1783 0 0
lfoot -20.5948 16.6711 0
ltoes 16.7939 0 0
rfemur -19.2637 -21.1571 20.3933
rtibia 51.6773 0 0
rfoot -16.1827 -29.6318 0
rtoes -24.2838 0 0
lowerback 2.15245 4.16449 -1.20015
upperback -0.465742 5.48808 -3.59337
thorax -1.35934 2.75596 -3.10169
lowerneck -5.44852 -6.36514 -0.423676
upperneck -1.65294 -8.42495 4.99236
head 0.661545 -4.12715 1.42765
lclavicle 5.00301e-15 1.25897e-15 0
lhumerus -54.0719 -12.5766 93.6361
lradius 69.4717 0 0
lwrist 13.7532 0 0
lhand -18.7926 -4.31376 0
lfingers 7.12502 0 0
lthumb 7.49268 25.3474 0
rclavicle 5.00301e-15 1.25897e-15 0
rhumerus -32.302 43.928 -107.384
rradius 77.78 0 0
rwrist 5.52376 0 0
rhand -22.4883 -20.9147 0
rfingers 7.12502 0 0
rthumb 3.93518 -770.807 0
788
root 1.85181 16.3721 19.5928 -14.2768 71.6478 341.429
lfemur -34.5026 12.7278 -14.6764
ltibia 48.9979 0 0
lfoot -20.4003 16.1045 0
ltoes 16.8841 0 0
rfemur -19.7912 -20.9198 20.235
rtibia 51.6259 0 0
rfoot -15.9218 -29.2235 0
rtoes -24.154 0 0
lowerback 2.2963 4.0905 -1.24252
upperback -0.403483 5.38287 -3.56189
thorax -1.37686 2.70338 -3.03948
lowerneck -5.46524 -6.32444 -0.386934
upperneck -1.53315 -8.37891 4.97207
head 0.700836 -4.10202 1.41497
lclavicle 4.86579e-15 1.43882e-15 0
lhumerus -53.8277 -12.7104 93.4671
lradius 69.3057 0 0
lwrist 13.8719 0 0
lhand -18.4369 -4.204 0
lfingers 7.12502 0 0
lthumb 7.8342 25.4204 0
rclavicle 4.86579e-15 1.43882e-15 0
rhumerus -32.5359 43.3281 -106.653
rradius 77.4463 0 0
rwrist 5.4666 0 0
rhand -22.2857 -21.0308 0
rfingers 7.12502 0 0
rthumb 4.1306 -770.912 0
789
root 1.88029 16.3746 19.7217 -14.282 70.9383 341.66
lfemur -34.2201 12.6497 -14.7337
ltibia 48.8175 0 0
lfoot -20.2057 15.5378 0
ltoes 16.9743 0 0
rfemur -20.3188 -20.6825 20.0766
rtibia 51.5746 0 0
rfoot -15.661 -28.8151 0
rtoes -24.0242 0 0
lowerback 2.44016 4.0165 -1.28488
upperback -0.341223 5.27766 -3.5304
thorax -1.39438 2.65079 -2.97728
lowerneck -5.48197 -6.28374 -0.350192
upperneck -1.41336 -8.33287 4.95177
head 0.740127 -4.07688 1.4023
lclavicle 4.72857e-15 1.61867e-15 0
lhumerus -53.5835 -12.8441 93.2982
lradius 69.1397 0 0
lwrist 13.9906 0 0
lhand -18.0813 -4.09425 0
lfingers 7.12502 0 0
lthumb 8.17572 25.4934 0
rclavicle 4.72857e-15 1.61867e-15 0
rhumerus -32.7698 42.7282 -105.921
rradius 77.1126 0 0
rwrist 5.40944 0 0
rhand -22.083 -21.147 0
rfingers 7.12502 0 0
rthumb 4.32601 -771.018 0
790
root 1.90876 16.3771 19.8506 -14.2873 70.2288 341.89
lfemur -33.9376 12.5716 -14.791
ltibia 48.6371 0 0
lfoot -20.0112 14.9711 0
ltoes 17.0646 0 0
rfemur -20.8463 -20.4452 19.9183
rtibia 51.5233 0 0
rfoot -15.4001 -28.4068 0
rtoes -23.8945 0 0
lowerback 2.58401 3.94251 -1.32725
upperback -0.278964 5.17245 -3.49892
thorax -1.4119 2.59821 -2.91507
lowerneck -5.49869 -6.24304 -0.31345
upperneck -1.29357 -8.28683 4.93147
head 0.779418 -4.05175 1.38962
lclavicle 4.59135e-15 1.79852e-15 0
lhumerus -53.3394 -12.9779 93.1292
lradius 68.9737 0 0
lwrist 14.1093 0 0
lhand -17.7256 -3.9845 0
lfingers 7.12502 0 0
lthumb 8.51725 25.5664 0
rclavicle 4.59135e-15 1.79852e-15 0
rhumerus -33.0038 42.1284 -105.189
rradius 76.7788 0 0
rwrist 5.35228 0 0
rhand -21.8804 -21.2631 0
rfingers 7.12502 0 0
rthumb 4.52143 -771.124 0
791
root 1.93723 16.3796 19.9795 -14.2926 69.5192 342.121
lfemur -33.6551 12.4935 -14.8483
ltibia 48.4567 0 0
lfoot -19.8166 14.4045 0
ltoes 17.1548 0 0
rfemur -21.3738 -20.208 19.7599
rtibia 51.472 0 0
rfoot -15.1392 -27.9984 0
rtoes -23.7647 0 0
lowerback 2.72786 3.86851 -1.36961
upperback -0.216704 5.06724 -3.46743
thorax -1.42942 2.54563 -2.85287
lowerneck -5.51541 -6.20233 -0.276708
upperneck -1.17378 -8.24079 4.91118
head 0.818709 -4.02661 1.37694
lclavicle 4.45413e-15 1.97838e-15 0
lhumerus -53.0952 -13.1117 92.9603
lradius 68.8077 0 0
lwrist 14.228 0 0
lhand -17.37 -3.87474 0
lfingers 7.12502 0 0
lthumb 8.85877 25.6394 0
rclavicle 4.45413e-15 1.97838e-15 0
rhumerus -33.2377 41.5285 -104.458
rradius 76.4451 0 0
rwrist 5.29513 0 0
rhand -21.6777 -21.3793 0
rfingers 7.12502 0 0
rthumb 4.71685 -771.23 0
792
root 1.96571 16.3821 20.1084 -14.2979 68.8097 342.351
lfemur -33.3727 12.4154 -14.9056
ltibia 48.2763 0 0
lfoot -19.6221 13.8378 0
ltoes 17.245 0 0
rfemur -21.9014 -19.9707 19.6016
rtibia 51.4207 0 0
rfoot -14.8783 -27.5901 0
rtoes -23.635 0 0
lowerback 2.87172 3.79452 -1.41198
upperback -0.154445 4.96203 -3.43594
thorax -1.44694 2.49304 -2.79066
lowerneck -5.53214 -6.16163 -0.239966
upperneck -1.05398 -8.19475 4.89088
head 0.858 -4.00148 1.36426
lclavicle 4.31691e-15 2.15823e-15 0
lhumerus -52.851 -13.2454 92.7913
lradius 68.6417 0 0
lwrist 14.3467 0 0
lhand -17.0143 -3.76499 0
lfingers 7.12502 0 0
lthumb 9.20029 25.7124 0
rclavicle 4.31691e-15 2.15823e-15 0
rhumerus -33.4716 40.9286 -103.726
rradius 76.1114 0 0
rwrist 5.23797 0 0
rhand -21.4751 -21.4955 0
rfingers 7.12502 0 0
rthumb 4.91227 -771.336 0
793
root 1.99418 16.3846 20.2373 -14.3031 68.1002 342.582
lfemur -33.0902 12.3373 -14.9629
ltibia 48.0959 0 0
lfoot -19.4276 13.2712 0
ltoes 17.3352 0 0
rfemur -22.4289 -19.7334 19.4432
rtibia 51.3694 0 0
rfoot -14.6175 -27.1817 0
rtoes -23.5052 0 0
lowerback 3.01557 3.72052 -1.45434
upperback -0.0921853 4.85682 -3.40446
thorax -1.46446 2.44046 -2.72846
lowerneck -5.54886 -6.12093 -0.203224
upperneck -0.934193 -8.14871 4.87058
head 0.897291 -3.97635 1.35159
lclavicle 4.17969e-15 2.33808e-15 0
lhumerus -52.6068 -13.3792 92.6224
lradius 68.4757 0 0
lwrist 14.4654 0 0
lhand -16.6587 -3.65523 0
lfingers 7.12502 0 0
lthumb 9.54182 25.7853 0
rclavicle 4.17969e-15 2.33808e-15 0
rhumerus -33.7055 40.3287 -102.994
rradius 75.7776 0 0
rwrist 5.18081 0 0
rhand -21.2724 -21.6116 0
rfingers 7.12502 0 0
rthumb 5.10768 -771.441 0
794
root 2.02265 16.3871 20.3662 -14.3084 67.3907 342.812
lfemur -32.8077 12.2591 -15.0203
ltibia 47.9155 0 0
lfoot -19.233 12.7045 0
ltoes 17.4254 0 0
rfemur -22.9564 -19.4961 19.2849
rtibia 51.318 0 0
rfoot -14.3566 -26.7734 0
rtoes -23.3754 0 0
lowerback 3.15943 3.64653 -1.49671
upperback -0.0299258 4.75162 -3.37297
thorax -1.48198 2.38787 -2.66625
lowerneck -5.56558 -6.08023 -0.166482
upperneck -0.814402 -8.10267 4.85029
head 0.936582 -3.95121 1.33891
lclavicle 4.04247e-15 2.51793e-15 0
lhumerus -52.3626 -13.513 92.4534
lradius 68.3098 0 0
lwrist 14.5841 0 0
lhand -16.303 -3.54548 0
lfingers 7.12502 0 0
lthumb 9.88334 25.8583 0
rclavicle 4.04247e-15 2.51793e-15 0
rhumerus -33.9395 39.7288 -102.263
rradius 75.4439 0 0
rwrist 5.12365 0 0
rhand -21.0698 -21.7278 0
rfingers 7.12502 0 0
rthumb 5.3031 -771.547 0
795
root 2.05113 16.3896 20.4951 -14.3137 66.6811 343.042
lfemur -32.5252 12.181 -15.0776
ltibia 47.7351 0 0
lfoot -19.0385 12.1379 0
ltoes 17.5156 0 0
rfemur -23.4839 -19.2588 19.1265
rtibia 51.2667 0 0
rfoot -14.0957 -26.365 0
rtoes -23.2457 0 0
lowerback 3.30328 3.57253 -1.53907
upperback 0.0323337 4.64641 -3.34149
thorax -1.4995 2.33529 -2.60405
lowerneck -5.5823 -6.03953 -0.12974
upperneck -0.69461 -8.05664 4.82999
head 0.975873 -3.92608 1.32623
lclavicle 3.90525e-15 2.69779e-15 0
lhumerus -52.1184 -13.6467 92.2845
lradius 68.1438 0 0
lwrist 14.7028 0 0
lhand -15.9474 -3.43572 0
lfingers 7.12502 0 0
lthumb 10.2249 25.9313 0
rclavicle 3.90525e-15 2.69779e-15 0
rhumerus -34.1734 39.1289 -101.531
rradius 75.1102 0 0
rwrist 5.06649 0 0
rhand -20.8671 -21.844 0
rfingers 7.12502 0 0
rthumb 5.49852 -771.653 0
796
root 2.0796 16.3921 20.624 -14.3189 65.9716 343.273
lfemur -32.2427 12.1029 -15.1349
ltibia 47.5548 0 0
lfoot -18.8439 11.5712 0
ltoes 17.6058 0 0
rfemur -24.0115 -19.0215 18.9682
rtibia 51.2154 0 0
rfoot -13.8349 -25.9567 0
rtoes -23.1159 0 0
lowerback 3.44713 3.49854 -1.58144
upperback 0.0945932 4.5412 -3.31
thorax -1.51702 2.28271 -2.54184
lowerneck -5.59903 -5.99883 -0.0929976
upperneck -0.574819 -8.0106 4.8097
head 1.01516 -3.90094 1.31355
lclavicle 3.76804e-15 2.87764e-15 0
lhumerus -51.8742 -13.7805 92.1155
lradius 67.9778 0 0
lwrist 14.8215 0 0
lhand -15.5917 -3.32597 0
lfingers 7.12502 0 0
lthumb 10.5664 26.0043 0
rclavicle 3.76804e-15 2.87764e-15 0
rhumerus -34.4073 38.5291 -100.799
rradius 74.7765 0 0
rwrist 5.00933 0 0
rhand -20.6645 -21.9601 0
rfingers 7.12502 0 0
rthumb 5.69393 -771.759 0
797
root 2.10808 16.3946 20.7529 -14.3242 65.2621 343.503
lfemur -31.9602 12.0248 -15.1922
ltibia 47.3744 0 0
lfoot -18.6494 11.0045 0
ltoes 17.6961 0 0
rfemur -24.539 -18.7842 18.8098
rtibia 51.1641 0 0
rfoot -13.574 -25.5483 0
rtoes -22.9861 0 0
lowerback 3.59099 3.42454 -1.62381
upperback 0.156853 4.43599 -3.27852
thorax -1.53454 2.23012 -2.47964
lowerneck -5.61575 -5.95813 -0.0562556
upperneck -0.455028 -7.96456 4.7894
head 1.05445 -3.87581 1.30088
lclavicle 3.63082e-15 3.05749e-15 0
lhumerus -51.6301 -13.9143 91.9466
lradius 67.8118 0 0
lwrist 14.9402 0 0
lhand -15.2361 -3.21622 0
lfingers 7.12502 0 0
lthumb 10.9079 26.0773 0
rclavicle 3.63082e-15 3.05749e-15 0
rhumerus -34.6412 37.9292 -100.068
rradius 74.4427 0 0
rwrist 4.95217 0 0
rhand -20.4618 -22.0763 0
rfingers 7.12502 0 0
rthumb 5.88935 -771.865 0
798
root 2.13655 16.3971 20.8819 -14.3295 64.5526 343.734
lfemur -31.6777 11.9467 -15.2495
ltibia 47.194 0 0
lfoot -18.4549 10.4379 0
ltoes 17.7863 0 0
rfemur -25.0665 -18.547 18.6515
rtibia 51.1128 0 0
rfoot -13.3131 -25.1399 0
rtoes -22.8564 0 0
lowerback 3.73484 3.35055 -1.66617
upperback 0.219112 4.33078 -3.24703
thorax -1.55205 2.17754 -2.41743
lowerneck -5.63247 -5.91743 -0.0195136
upperneck -0.335236 -7.91852 4.7691
head 1.09375 -3.85067 1.2882
lclavicle 3.4936e-15 3.23734e-15 0
lhumerus -51.3859 -14.048 91.7776
lradius 67.6458 0 0
lwrist 15.0589 0 0
lhand -14.8804 -3.10646 0
lfingers 7.12502 0 0
lthumb 11.2494 26.1503 0
rclavicle 3.4936e-15 3.23734e-15 0
rhumerus -34.8752 37.3293 -99.3359
rradius 74.109 0 0
rwrist 4.89502 0 0
rhand -20.2592 -22.1925 0
rfingers 7.12502 0 0
rthumb 6.08477 -771.97 0
799
root 2.16502 16.3996 21.0108 -14.3348 63.843 343.964
lfemur -31.3952 11.8686 -15.3069
ltibia 47.0136 0 0
lfoot -18.2603 9.87124 0
ltoes 17.8765 0 0
rfemur -25.5941 -18.3097 18.4931
rtibia 51.0614 0 0
rfoot -13.0523 -24.7316 0
rtoes -22.7266 0 0
lowerback 3.87869 3.27655 -1.70854
upperback 0.281372 4.22557 -3.21555
thorax -1.56957 2.12495 -2.35523
lowerneck -5.6492 -5.87673 0.0172285
upperneck -0.215445 -7.87248 4.74881
head 1.13304 -3.82554 1.27552
lclavicle 3.35638e-15 3.4172e-15 0
lhumerus -51.1417 -14.1818 91.6087
lradius 67.4798 0 0
lwrist 15.1777 0 0
lhand -14.5248 -2.99671 0
lfingers 7.12502 0 0
lthumb 11.591 26.2233 0
rclavicle 3.35638e-15 3.4172e-15 0
rhumerus -35.1091 36.7294 -98.6042
rradius 73.7753 0 0
rwrist 4.83786 0 0
rhand -20.0565 -22.3086 0
rfingers 7.12502 0 0
rthumb 6.28019 -772.076 0
800
root 2.1935 16.4021 21.1397 -14.34 63.1335 344.195
lfemur -31.1128 11.7905 -15.3642
ltibia 46.8332 0 0
lfoot -18.0658 9.30458 0
ltoes 17.9667 0 0
rfemur -26.1216 -18.0724 18.3348
rtibia 51.0101 0 0
rfoot -12.7914 -24.3232 0
rtoes -22.5969 0 0
lowerback 4.02255 3.20256 -1.7509
upperback 0.343631 4.12036 -3.18406
thorax -1.58709 2.07237 -2.29302
lowerneck -5.66592 -5.83603 0.0539705
upperneck -0.0956538 -7.82644 4.72851
head 1.17233 -3.80041 1.26285
lclavicle 3.21916e-15 3.59705e-15 0
lhumerus -50.8975 -14.3156 91.4397
lradius 67.3138 0 0
lwrist 15.2964 0 0
lhand -14.1691 -2.88695 0
lfingers 7.12502 0 0
lthumb 11.9325 26.2963 0
rclavicle 3.21916e-15 3.59705e-15 0
rhumerus -35.343 36.1295 -97.8726
rradius 73.4416 0 0
rwrist 4.7807 0 0
rhand -19.8538 -22.4248 0
rfingers 7.12502 0 0
rthumb 6.4756 -772.182 0
801
root 2.22197 16.4046 21.2686 -14.3453 62.424 344.425
lfemur -30.8303 11.7124 -15.4215
ltibia 46.6528 0 0
lfoot -17.8712 8.73793 0
ltoes 18.0569 0 0
rfemur -26.6491 -17.8351 18.1764
rtibia 50.9588 0 0
rfoot -12.5305 -23.9149 0
rtoes -22.4671 0 0
lowerback 4.1664 3.12856 -1.79327
upperback 0.405891 4.01515 -3.15257
thorax -1.60461 2.01978 -2.23082
lowerneck -5.68264 -5.79533 0.0907125
upperneck 0.0241375 -7.7804 4.70821
head 1.21162 -3.77527 1.25017
lclavicle 3.08194e-15 3.7769e-15 0
lhumerus -50.6533 -14.4493 91.2708
lradius 67.1478 0 0
lwrist 15.4151 0 0
lhand -13.8135 -2.7772 0
lfingers 7.12502 0 0
lthumb 12.274 26.3693 0
rclavicle 3.08194e-15 3.7769e-15 0
rhumerus -35.5769 35.5296 -97.1409
rradius 73.1078 0 0
rwrist 4.72354 0 0
rhand -19.6512 -22.541 0
rfingers 7.12502 0 0
rthumb 6.67102 -772.288 0
802
root 2.25045 16.4071 21.3975 -14.3506 61.7145 344.655
lfemur -30.5478 11.6343 -15.4788
ltibia 46.4724 0 0
lfoot -17.6767 8.17127 0
ltoes 18.1471 0 0
rfemur -27.1767 -17.5978 18.0181
rtibia 50.9075 0 0
rfoot -12.2696 -23.5065 0
rtoes -22.3373 0 0
lowerback 4.31026 3.05457 -1.83563
upperback 0.46815 3.90994 -3.12109
thorax -1.62213 1.9672 -2.16862
lowerneck -5.69937 -5.75463 0.127455
upperneck 0.143929 -7.73436 4.68792
head 1.25091 -3.75014 1.23749
lclavicle 2.94472e-15 3.95675e-15 0
lhumerus -50.4091 -14.5831 91.1019
lradius 66.9818 0 0
lwrist 15.5338 0 0
lhand -13.4578 -2.66744 0
lfingers 7.12502 0 0
lthumb 12.6155 26.4422 0
rclavicle 2.94472e-15 3.95675e-15 0
rhumerus -35.8109 34.9298 -96.4092
rradius 72.7741 0 0
rwrist 4.66638 0 0
rhand -19.4485 -22.6571 0
rfingers 7.12502 0 0
rthumb 6.86644 -772.394 0
803
root 2.27892 16.4096 21.5264 -14.3558 61.005 344.886
lfemur -30.2653 11.5562 -15.5361
ltibia 46.292 0 0
lfoot -17.4821 7.60461 0
ltoes 18.2374 0 0
rfemur -27.7042 -17.3605 17.8597
rtibia 50.8562 0 0
rfoot -12.0088 -23.0982 0
rtoes -22.2076 0 0
lowerback 4.45411 2.98057 -1.878
upperback 0.53041 3.80473 -3.0896
thorax -1.63965 1.91462 -2.10641
lowerneck -5.71609 -5.71393 0.164197
upperneck 0.26372 -7.68832 4.66762
head 1.2902 -3.725 1.22481
lclavicle 2.8075e-15 4.1366e-15 0
lhumerus -50.165 -14.7169 90.9329
lradius 66.8158 0 0
lwrist 15.6525 0 0
lhand -13.1022 -2.55769 0
lfingers 7.12502 0 0
lthumb 12.9571 26.5152 0
rclavicle 2.8075e-15 4.1366e-15 0
rhumerus -36.0448 34.3299 -95.6776
rradius 72.4404 0 0
rwrist 4.60922 0 0
rhand -19.2459 -22.7733 0
rfingers 7.12502 0 0
rthumb 7.06185 -772.499 0
804
root 2.30739 16.4121 21.6553 -14.3611 60.2954 345.116
lfemur -29.9828 11.478 -15.5935
ltibia 46.1116 0 0
lfoot -17.2876 7.03796 0
ltoes 18.3276 0 0
rfemur -28.2317 -17.1232 17.7014
rtibia 50.8048 0 0
rfoot -11.7479 -22.6898 0
rtoes -22.0778 0 0
lowerback 4.59796 2.90658 -1.92037
upperback 0.592669 3.69953 -3.05812
thorax -1.65717 1.86203 -2.04421
lowerneck -5.73281 -5.67323 0.200939
upperneck 0.383511 -7.64228 4.64732
head 1.32949 -3.69987 1.21214
lclavicle 2.67028e-15 4.31646e-15 0
lhumerus -49.9208 -14.8507 90.764
lradius 66.6498 0 0
lwrist 15.7712 0 0
lhand -12.7466 -2.44793 0
lfingers 7.12502 0 0
lthumb 13.2986 26.5882 0
rclavicle 2.67028e-15 4.31646e-15 0
rhumerus -36.2787 33.73 -94.9459
rradius 72.1066 0 0
rwrist 4.55206 0 0
rhand -19.0432 -22.8894 0
rfingers 7.12502 0 0
rthumb 7.25727 -772.605 0
805
root 2.33587 16.4146 21.7842 -14.3664 59.5859 345.347
lfemur -29.7003 11.3999 -15.6508
ltibia 45.9312 0 0
lfoot -17.0931 6.4713 0
ltoes 18.4178 0 0
rfemur -28.7592 -16.886 17.543
rtibia 50.7535 0 0
rfoot -11.487 -22.2815 0
rtoes -21.9481 0 0
lowerback 4.74182 2.83258 -1.96273
upperback 0.654929 3.59432 -3.02663
thorax -1.67469 1.80945 -1.982
lowerneck -5.74953 -5.63253 0.237681
upperneck 0.503303 -7.59624 4.62703
head 1.36878 -3.67474 1.19946
lclavicle 2.53306e-15 4.49631e-15 0
lhumerus -49.6766 -14.9844 90.595
lradius 66.4838 0 0
lwrist 15.8899 0 0
lhand -12.3909 -2.33818 0
lfingers 7.12502 0 0
lthumb 13.6401 26.6612 0
rclavicle 2.53306e-15 4.49631e-15 0
rhumerus -36.5127 33.1301 -94.2142
rradius 71.7729 0 0
rwrist 4.49491 0 0
rhand -18.8406 -23.0056 0
rfingers 7.12502 0 0
rthumb 7.45269 -772.711 0
806
root 2.36434 16.4171 21.9131 -14.3717 58.8764 345.577
lfemur -29.4178 11.3218 -15.7081
ltibia 45.7508 0 0
lfoot -16.8985 5.90465 0
ltoes 18.508 0 0
rfemur -29.2868 -16.6487 17.3847
rtibia 50.7022 0 0
rfoot -11.2262 -21.8731 0
rtoes -21.8183 0 0
lowerback 4.88567 2.75859 -2.0051
upperback 0.717188 3.48911 -2.99515
thorax -1.69221 1.75686 -1.9198
lowerneck -5.76626 -5.59183 0.274423
upperneck 0.623094 -7.5502 4.60673
head 1.40807 -3.6496 1.18678
lclavicle 2.39584e-15 4.67616e-15 0
lhumerus -49.4324 -15.1182 90.4261
lradius 66.3178 0 0
lwrist 16.0086 0 0
lhand -12.0353 -2.22843 0
lfingers 7.12502 0 0
lthumb 13.9816 26.7342 0
rclavicle 2.39584e-15 4.67616e-15 0
rhumerus -36.7466 32.5302 -93.4825
rradius 71.4392 0 0
rwrist 4.43775 0 0
rhand -18.6379 -23.1218 0
rfingers 7.12502 0 0
rthumb 7.64811 -772.817 0
807
root 2.39282 16.4196 22.042 -14.3769 58.1669 345.808
lfemur -29.1354 11.2437 -15.7654
ltibia 45.5705 0 0
lfoot -16.704 5.33799 0
ltoes 18.5982 0 0
rfemur -29.8143 -16.4114 17.2263
rtibia 50.6509 0 0
rfoot -10.9653 -21.4648 0
rtoes -21.6885 0 0
lowerback 5.02953 2.68459 -2.04746
upperback 0.779448 3.3839 -2.96366
thorax -1.70973 1.70428 -1.85759
lowerneck -5.78298 -5.55113 0.311165
upperneck 0.742885 -7.50416 4.58643
head 1.44736 -3.62447 1.17411
lclavicle 2.25863e-15 4.85601e-15 0
lhumerus -49.1882 -15.252 90.2571
lradius 66.1518 0 0
lwrist 16.1273 0 0
lhand -11.6796 -2.11867 0
lfingers 7.12502 0 0
lthumb 14.3231 26.8072 0
rclavicle 2.25863e-15 4.85601e-15 0
rhumerus -36.9805 31.9303 -92.7509
rradius 71.1055 0 0
rwrist 4.38059 0 0
rhand -18.4353 -23.2379 0
rfingers 7.12502 0 0
rthumb 7.84352 -772.923 0
808
root 2.42129 16.4221 22.1709 -14.3822 57.4573 346.038
lfemur -28.8529 11.1656 -15.8227
ltibia 45.3901 0 0
lfoot -16.5094 4.77133 0
ltoes 18.6884 0 0
rfemur -30.3418 -16.1741 17.068
rtibia 50.5996 0 0
rfoot -10.7044 -21.0564 0
rtoes -21.5588 0 0
lowerback 5.17338 2.6106 -2.08983
upperback 0.841707 3.27869 -2.93218
thorax -1.72725 1.6517 -1.79539
lowerneck -5.7997 -5.51043 0.347907
upperneck 0.862677 -7.45812 4.56614
head 1.48666 -3.59933 1.16143
lclavicle 2.12141e-15 5.03587e-15 0
lhumerus -48.944 -15.3857 90.0882
lradius 65.9858 0 0
lwrist 16.246 0 0
lhand -11.324 -2.00892 0
lfingers 7.12502 0 0
lthumb 14.6647 26.8802 0
rclavicle 2.12141e-15 5.03587e-15 0
rhumerus -37.2144 31.3305 -92.0192
rradius 70.7717 0 0
rwrist 4.32343 0 0
rhand -18.2326 -23.3541 0
rfingers 7.12502 0 0
rthumb 8.03894 -773.028 0
809
root 2.44976 16.4246 22.2998 -14.3875 56.7478 346.268
lfemur -28.5704 11.0875 -15.8801
ltibia 45.2097 0 0
lfoot -16.3149 4.20468 0
ltoes 18.7786 0 0
rfemur -30.8694 -15.9368 16.9096
rtibia 50.5482 0 0
rfoot -10.4435 -20.6481 0
rtoes -21.429 0 0
lowerback 5.31723 2.5366 -2.13219
upperback 0.903967 3.17348 -2.90069
thorax -1.74477 1.59911 -1.73318
lowerneck -5.81643 -5.46973 0.384649
upperneck 0.982468 -7.41208 4.54584
head 1.52595 -3.5742 1.14875
lclavicle 1.98419e-15 5.21572e-15 0
lhumerus -48.6998 -15.5195 89.9192
lradius 65.8198 0 0
lwrist 16.3647 0 0
lhand -10.9683 -1.89916 0
lfingers 7.12502 0 0
lthumb 15.0062 26.9532 0
rclavicle 1.98419e-15 5.21572e-15 0
rhumerus -37.4484 30.7306 -91.2875
rradius 70.438 0 0
rwrist 4.26627 0 0
rhand -18.03 -23.4703 0
rfingers 7.12502 0 0
rthumb 8.23436 -773.134 0
810
root 2.47824 16.4271 22.4287 -14.3927 56.0383 346.499
lfemur -28.2879 11.0094 -15.9374
ltibia 45.0293 0 0
lfoot -16.1204 3.63802 0
ltoes 18.8689 0 0
rfemur -31.3969 -15.6995 16.7513
rtibia 50.4969 0 0
rfoot -10.1827 -20.2397 0
rtoes -21.2992 0 0
lowerback 5.46109 2.46261 -2.17456
upperback 0.966226 3.06827 -2.86921
thorax -1.76228 1.54653 -1.67098
lowerneck -5.83315 -5.42903 0.421391
upperneck 1.10226 -7.36604 4.52554
head 1.56524 -3.54906 1.13607
lclavicle 1.84697e-15 5.39557e-15 0
lhumerus -48.4557 -15.6533 89.7503
lradius 65.6538 0 0
lwrist 16.4834 0 0
lhand -10.6127 -1.78941 0
lfingers 7.12502 0 0
lthumb 15.3477 27.0261 0
rclavicle 1.84697e-15 5.39557e-15 0
rhumerus -37.6823 30.1307 -90.5559
rradius 70.1043 0 0
rwrist 4.20911 0 0
rhand -17.8273 -23.5864 0
rfingers 7.12502 0 0
rthumb 8.42977 -773.24 0
811
root 2.50671 16.4296 22.5577 -14.398 55.3288 346.729
lfemur -28.0054 10.9313 -15.9947
ltibia 44.8489 0 0
lfoot -15.9258 3.07137 0
ltoes 18.9591 0 0
rfemur -31.9244 -15.4623 16.5929
rtibia 50.4456 0 0
rfoot -9.9218 -19.8314 0
rtoes -21.1695 0 0
lowerback 5.60494 2.38861 -2.21692
upperback 1.02849 2.96306 -2.83772
thorax -1.7798 1.49394 -1.60877
lowerneck -5.84987 -5.38833 0.458133
upperneck 1.22205 -7.32 4.50525
head 1.60453 -3.52393 1.1234
lclavicle 1.70975e-15 5.57542e-15 0
lhumerus -48.2115 -15.787 89.5813
lradius 65.4878 0 0
lwrist 16.6022 0 0
lhand -10.257 -1.67965 0
lfingers 7.12502 0 0
lthumb 15.6892 27.0991 0
rclavicle 1.70975e-15 5.57542e-15 0
rhumerus -37.9162 29.5308 -89.8242
rradius 69.7706 0 0
rwrist 4.15195 0 0
rhand -17.6247 -23.7026 0
rfingers 7.12502 0 0
rthumb 8.62519 -773.346 0
812
root 2.53519 16.4321 22.6866 -14.4033 54.6192 346.96
lfemur -27.7229 10.8532 -16.052
ltibia 44.6685 0 0
lfoot -15.7313 2.50471 0
ltoes 19.0493 0 0
rfemur -32.452 -15.225 16.4346
rtibia 50.3943 0 0
rfoot -9.66093 -19.423 0
rtoes -21.0397 0 0
lowerback 5.7488 2.31462 -2.25929
upperback 1.09075 2.85785 -2.80623
thorax -1.79732 1.44136 -1.54657
lowerneck -5.8666 -5.34762 0.494875
upperneck 1.34184 -7.27396 4.48495
head 1.64382 -3.4988 1.11072
lclavicle 1.57253e-15 5.75528e-15 0
lhumerus -47.9673 -15.9208 89.4124
lradius 65.3218 0 0
lwrist 16.7209 0 0
lhand -9.90137 -1.5699 0
lfingers 7.12502 0 0
lthumb 16.0308 27.1721 0
rclavicle 1.57253e-15 5.75528e-15 0
rhumerus -38.1501 28.9309 -89.0925
rradius 69.4368 0 0
rwrist 4.0948 0 0
rhand -17.422 -23.8188 0
rfingers 7.12502 0 0
rthumb 8.82061 -773.452 0
813
root 2.56366 16.4346 22.8155 -14.4086 53.9097 347.19
lfemur -27.4404 10.775 -16.1093
ltibia 44.4881 0 0
lfoot -15.5367 1.93805 0
ltoes 19.1395 0 0
rfemur -32.9795 -14.9877 16.2762
rtibia 50.343 0 0
rfoot -9.40006 -19.0146 0
rtoes -20.91 0 0
lowerback 5.89265 2.24062 -2.30166
upperback 1.153 2.75265 -2.77475
thorax -1.81484 1.38878 -1.48436
lowerneck -5.88332 -5.30692 0.531617
upperneck 1.46163 -7.22792 4.46465
head 1.68311 -3.47366 1.09804
lclavicle 1.43531e-15 5.93513e-15 0
lhumerus -47.7231 -16.0546 89.2434
lradius 65.1558 0 0
lwrist 16.8396 0 0
lhand -9.54572 -1.46014 0
lfingers 7.12502 0 0
lthumb 16.3723 27.2451 0
rclavicle 1.43531e-15 5.93513e-15 0
rhumerus -38.3841 28.331 -88.3608
rradius 69.1031 0 0
rwrist 4.03764 0 0
rhand -17.2194 -23.9349 0
rfingers 7.12502 0 0
rthumb 9.01603 -773.557 0
814
root 2.59213 16.4371 22.9444 -14.4138 53.2002 347.421
lfemur -27.1579 10.6969 -16.1666
ltibia 44.3077 0 0
lfoot -15.3422 1.3714 0
ltoes 19.2297 0 0
rfemur -33.507 -14.7504 16.1179
rtibia 50.2917 0 0
rfoot -9.13919 -18.6063 0
rtoes -20.7802 0 0
lowerback 6.0365 2.16663 -2.34402
upperback 1.21526 2.64744 -2.74326
thorax -1.83236 1.33619 -1.42216
lowerneck -5.90004 -5.26622 0.568359
upperneck 1.58142 -7.18188 4.44436
head 1.7224 -3.44853 1.08536
lclavicle 1.29809e-15 6.11498e-15 0
lhumerus -47.4789 -16.1883 89.0745
lradius 64.9898 0 0
lwrist 16.9583 0 0
lhand -9.19008 -1.35039 0
lfingers 7.12502 0 0
lthumb 16.7138 27.3181 0
rclavicle 1.29809e-15 6.11498e-15 0
rhumerus -38.618 27.7312 -87.6292
rradius 68.7694 0 0
rwrist 3.98048 0 0
rhand -17.0167 -24.0511 0
rfingers 7.12502 0 0
rthumb 9.21144 -773.663 0
815
root 2.62061 16.4396 23.0733 -14.4191 52.4907 347.651
lfemur -26.8755 10.6188 -16.224
ltibia 44.1273 0 0
lfoot -15.1477 0.804742 0
ltoes 19.3199 0 0
rfemur -34.0345 -14.5131 15.9595
rtibia 50.2403 0 0
rfoot -8.87832 -18.1979 0
rtoes -20.6504 0 0
lowerback 6.18036 2.09263 -2.38639
upperback 1.27752 2.54223 -2.71178
thorax -1.84988 1.28361 -1.35995
lowerneck -5.91676 -5.22552 0.605101
upperneck 1.70122 -7.13584 4.42406
head 1.76169 -3.42339 1.07269
lclavicle 1.16087e-15 6.29483e-15 0
lhumerus -47.2347 -16.3221 88.9055
lradius 64.8238 0 0
lwrist 17.077 0 0
lhand -8.83443 -1.24064 0
lfingers 7.12502 0 0
lthumb 17.0553 27.3911 0
rclavicle 1.16087e-15 6.29483e-15 0
rhumerus -38.8519 27.1313 -86.8975
rradius 68.4356 0 0
rwrist 3.92332 0 0
rhand -16.8141 -24.1672 0
rfingers 7.12502 0 0
rthumb 9.40686 -773.769 0
816
root 2.64908 16.4421 23.2022 -14.4244 51.7811 347.881
lfemur -26.593 10.5407 -16.2813
ltibia 43.9469 0 0
lfoot -14.9531 0.238086 0
ltoes 19.4102 0 0
rfemur -34.5621 -14.2758 15.8012
rtibia 50.189 0 0
rfoot -8.61745 -17.7896 0
rtoes -20.5207 0 0
lowerback 6.32421 2.01864 -2.42875
upperback 1.33978 2.43702 -2.68029
thorax -1.8674 1.23102 -1.29775
lowerneck -5.93349 -5.18482 0.641843
upperneck 1.82101 -7.0898 4.40376
head 1.80098 -3.39826 1.06001
lclavicle 1.02365e-15 6.47469e-15 0
lhumerus -46.9906 -16.4559 88.7366
lradius 64.6578 0 0
lwrist 17.1957 0 0
lhand -8.47878 -1.13088 0
lfingers 7.12502 0 0
lthumb 17.3969 27.4641 0
rclavicle 1.02365e-15 6.47469e-15 0
rhumerus -39.0858 26.5314 -86.1658
rradius 68.1019 0 0
rwrist 3.86616 0 0
rhand -16.6114 -24.2834 0
rfingers 7.12502 0 0
rthumb 9.60228 -773.875 0
817
root 2.67756 16.4446 23.3311 -14.4296 51.0716 348.112
lfemur -26.3105 10.4626 -16.3386
ltibia 43.7666 0 0
lfoot -14.7586 -0.32857 0
ltoes 19.5004 0 0
rfemur -35.0896 -14.0385 15.6428
rtibia 50.1377 0 0
rfoot -8.35657 -17.3812 0
rtoes -20.3909 0 0
lowerback 6.46807 1.94464 -2.47112
upperback 1.40204 2.33181 -2.64881
thorax -1.88492 1.17844 -1.23554
lowerneck -5.95021 -5.14412 0.678585
upperneck 1.9408 -7.04376 4.38347
head 1.84027 -3.37313 1.04733
lclavicle 8.86435e-16 6.65454e-15 0
lhumerus -46.7464 -16.5897 88.5676
lradius 64.4918 0 0
lwrist 17.3144 0 0
lhand -8.12313 -1.02113 0
lfingers 7.12502 0 0
lthumb 17.7384 27.5371 0
rclavicle 8.86435e-16 6.65454e-15 0
rhumerus -39.3198 25.9315 -85.4342
rradius 67.7682 0 0
rwrist 3.809 0 0
rhand -16.4088 -24.3996 0
rfingers 7.12502 0 0
rthumb 9.79769 -773.981 0
818
root 2.70603 16.4471 23.46 -14.4349 50.3621 348.342
lfemur -26.028 10.3845 -16.3959
ltibia 43.5862 0 0
lfoot -14.564 -0.895226 0
ltoes 19.5906 0 0
rfemur -35.6171 -13.8013 15.4845
rtibia 50.0864 0 0
rfoot -8.0957 -16.9729 0
rtoes -20.2611 0 0
lowerback 6.61192 1.87065 -2.51348
upperback 1.4643 2.2266 -2.61732
thorax -1.90244 1.12586 -1.17334
lowerneck -5.96693 -5.10342 0.715327
upperneck 2.06059 -6.99772 4.36317
head 1.87957 -3.34799 1.03466
lclavicle 7.49216e-16 6.83439e-15 0
lhumerus -46.5022 -16.7234 88.3987
lradius 64.3258 0 0
lwrist 17.4331 0 0
lhand -7.76749 -0.911373 0
lfingers 7.12502 0 0
lthumb 18.0799 27.61 0
rclavicle 7.49216e-16 6.83439e-15 0
rhumerus -39.5537 25.3316 -84.7025
rradius 67.4345 0 0
rwrist 3.75184 0 0
rhand -16.2061 -24.5157 0
rfingers 7.12502 0 0
rthumb 9.99311 -774.086 0
819
root 2.7345 16.4496 23.5889 -14.4402 49.6526 348.573
lfemur -25.7455 10.3064 -16.4532
ltibia 43.4058 0 0
lfoot -14.3695 -1.46188 0
ltoes 19.6808 0 0
rfemur -36.1447 -13.564 15.3261
rtibia 50.0351 0 0
rfoot -7.83483 -16.5645 0
rtoes -20.1314 0 0
lowerback 6.75577 1.79665 -2.55585
upperback 1.52656 2.12139 -2.58584
thorax -1.91996 1.07327 -1.11113
lowerneck -5.98366 -5.06272 0.752069
upperneck 2.18038 -6.95168 4.34287
head 1.91886 -3.32286 1.02198
lclavicle 6.11997e-16 7.01424e-15 0
lhumerus -46.258 -16.8572 88.2297
lradius 64.1598 0 0
lwrist 17.5518 0 0
lhand -7.41184 -0.801618 0
lfingers 7.12502 0 0
lthumb 18.4214 27.683 0
rclavicle 6.11997e-16 7.01424e-15 0
rhumerus -39.7876 24.7317 -83.9708
rradius 67.1007 0 0
rwrist 3.69469 0 0
rhand -16.0034 -24.6319 0
rfingers 7.12502 0 0
rthumb 10.1885 -774.192 0
820
root 2.76298 16.4521 23.7178 -14.4455 48.943 348.803
lfemur -25.463 10.2283 -16.5106
ltibia 43.2254 0 0
lfoot -14.1749 -2.02854 0
ltoes 19.771 0 0
rfemur -36.6722 -13.3267 15.1678
rtibia 49.9837 0 0
rfoot -7.57396 -16.1562 0
rtoes -20.0016 0 0
lowerback 6.89963 1.72266 -2.59821
upperback 1.58882 2.01618 -2.55435
thorax -1.93748 1.02069 -1.04893
lowerneck -6.00038 -5.02202 0.788811
upperneck 2.30017 -6.90564 4.32258
head 1.95815 -3.29772 1.0093
lclavicle 4.74778e-16 7.1941e-15 0
lhumerus -46.0138 -16.991 88.0608
lradius 63.9938 0 0
lwrist 17.6705 0 0
lhand -7.05619 -0.691864 0
lfingers 7.12502 0 0
lthumb 18.763 27.756 0
rclavicle 4.74778e-16 7.1941e-15 0
rhumerus -40.0215 24.1318 -83.2391
rradius 66.767 0 0
rwrist 3.63753 0 0
rhand -15.8008 -24.7481 0
rfingers 7.12502 0 0
rthumb 10.3839 -774.298 0
821
root 2.79145 16.4546 23.8467 -14.4507 48.2335 349.034
lfemur -25.1805 10.1502 -16.5679
ltibia 43.045 0 0
lfoot -13.9804 -2.59519 0
ltoes 19.8612 0 0
rfemur -37.1997 -13.0894 15.0094
rtibia 49.9324 0 0
rfoot -7.31309 -15.7478 0
rtoes -19.8719 0 0
lowerback 7.04348 1.64866 -2.64058
upperback 1.65108 1.91097 -2.52287
thorax -1.955 0.968104 -0.986725
lowerneck -6.0171 -4.98132 0.825553
upperneck 2.41996 -6.8596 4.30228
head 1.99744 -3.27259 0.996624
lclavicle 3.37559e-16 7.37395e-15 0
lhumerus -45.7696 -17.1247 87.8918
lradius 63.8278 0 0
lwrist 17.7892 0 0
lhand -6.70054 -0.582109 0
lfingers 7.12502 0 0
lthumb 19.1045 27.829 0
rclavicle 3.37559e-16 7.37395e-15 0
rhumerus -40.2555 23.532 -82.5075
rradius 66.4333 0 0
rwrist 3.58037 0 0
rhand -15.5981 -24.8642 0
rfingers 7.12502 0 0
rthumb 10.5794 -774.404 0
822
root 2.81993 16.4572 23.9757 -14.456 47.524 349.264
lfemur -24.8981 10.072 -16.6252
ltibia 42.8646 0 0
lfoot -13.7859 -3.16185 0
ltoes 19.9515 0 0
rfemur -37.7272 -12.8521 14.8511
rtibia 49.8811 0 0
rfoot -7.05222 -15.3395 0
rtoes -19.7421 0 0
lowerback 7.18734 1.57466 -2.68295
upperback 1.71334 1.80577 -2.49138
thorax -1.97252 0.91552 -0.92452
lowerneck -6.03383 -4.94062 0.862295
upperneck 2.53975 -6.81357 4.28198
head 2.03673 -3.24745 0.983947
lclavicle 2.0034e-16 7.5538e-15 0
lhumerus -45.5254 -17.2585 87.7229
lradius 63.6619 0 0
lwrist 17.9079 0 0
lhand -6.3449 -0.472355 0
lfingers 7.12502 0 0
lthumb 19.446 27.902 0
rclavicle 2.0034e-16 7.5538e-15 0
rhumerus -40.4894 22.9321 -81.7758
rradius 66.0995 0 0
rwrist 3.52321 0 0
rhand -15.3955 -24.9804 0
rfingers 7.12502 0 0
rthumb 10.7748 -774.51 0
823
root 2.8484 16.4597 24.1046 -14.4613 46.8145 349.494
lfemur -24.6156 9.99393 -16.6825
ltibia 42.6842 0 0
lfoot -13.5913 -3.72851 0
ltoes 20.0417 0 0
rfemur -38.2548 -12.6148 14.6927
rtibia 49.8298 0 0
rfoot -6.79135 -14.9311 0
rtoes -19.6123 0 0
lowerback 7.33119 1.50067 -2.72531
upperback 1.7756 1.70056 -2.45989
thorax -1.99003 0.862936 -0.862315
lowerneck -6.05055 -4.89992 0.899037
upperneck 2.65955 -6.76753 4.26169
head 2.07602 -3.22232 0.97127
lclavicle 6.3121e-17 7.73365e-15 0
lhumerus -45.2813 -17.3923 87.554
lradius 63.4959 0 0
lwrist 18.0267 0 0
lhand -5.98925 -0.362601 0
lfingers 7.12502 0 0
lthumb 19.7875 27.975 0
rclavicle 6.3121e-17 7.73365e-15 0
rhumerus -40.7233 22.3322 -81.0441
rradius 65.7658 0 0
rwrist 3.46605 0 0
rhand -15.1928 -25.0966 0
rfingers 7.12502 0 0
rthumb 10.9702 -774.615 0
824
root 2.87687 16.4622 24.2335 -14.4665 46.105 349.725
lfemur -24.3331 9.91582 -16.7398
ltibia 42.5038 0 0
lfoot -13.3968 -4.29516 0
ltoes 20.1319 0 0
rfemur -38.7823 -12.3775 14.5344
rtibia 49.7785 0 0
rfoot -6.53048 -14.5228 0
rtoes -19.4826 0 0
lowerback 7.47504 1.42667 -2.76768
upperback 1.83786 1.59535 -2.42841
thorax -2.00755 0.810352 -0.80011
lowerneck -6.06727 -4.85922 0.935779
upperneck 2.77934 -6.72149 4.24139
head 2.11531 -3.19719 0.958593
lclavicle -7.40981e-17 7.9135e-15 0
lhumerus -45.0371 -17.526 87.385
lradius 63.3299 0 0
lwrist 18.1454 0 0
lhand -5.6336 -0.252846 0
lfingers 7.12502 0 0
lthumb 20.1291 28.048 0
rclavicle -7.40981e-17 7.9135e-15 0
rhumerus -40.9573 21.7323 -80.3125
rradius 65.4321 0 0
rwrist 3.40889 0 0
rhand -14.9902 -25.2127 0
rfingers 7.12502 0 0
rthumb 11.1656 -774.721 0
825
root 2.90535 16.4647 24.3624 -14.4718 45.3954 349.955
lfemur -24.0506 9.83771 -16.7972
ltibia 42.3234 0 0
lfoot -13.2022 -4.86182 0
ltoes 20.2221 0 0
rfemur -39.3098 -12.1403 14.376
rtibia 49.7271 0 0
rfoot -6.26961 -14.1144 0
rtoes -19.3528 0 0
lowerback 7.6189 1.35268 -2.81004
upperback 1.90012 1.49014 -2.39692
thorax -2.02507 0.757768 -0.737906
lowerneck -6.08399 -4.81852 0.972521
upperneck 2.89913 -6.67545 4.2211
head 2.1546 -3.17205 0.945915
lclavicle -2.11317e-16 8.09336e-15 0
lhumerus -44.7929 -17.6598 87.2161
lradius 63.1639 0 0
lwrist 18.2641 0 0
lhand -5.27795 -0.143092 0
lfingers 7.12502 0 0
lthumb 20.4706 28.121 0
rclavicle -2.11317e-16 8.09336e-15 0
rhumerus -41.1912 21.1324 -79.5808
rradius 65.0984 0 0
rwrist 3.35173 0 0
rhand -14.7875 -25.3289 0
rfingers 7.12502 0 0
rthumb 11.361 -774.827 0
826
root 2.93382 16.4672 24.4913 -14.4771 44.6859 350.186
lfemur -23.7681 9.7596 -16.8545
ltibia 42.143 0 0
lfoot -13.0077 -5.42847 0
ltoes 20.3123 0 0
rfemur -39.8374 -11.903 14.2177
rtibia 49.6758 0 0
rfoot -6.00874 -13.7061 0
rtoes -19.2231 0 0
lowerback 7.76275 1.27868 -2.85241
upperback 1.96238 1.38493 -2.36544
thorax -2.04259 0.705184 -0.675701
lowerneck -6.10072 -4.77782 1.00926
upperneck 3.01892 -6.62941 4.2008
head 2.19389 -3.14692 0.933238
lclavicle -3.48536e-16 8.27321e-15 0
lhumerus -44.5487 -17.7936 87.0471
lradius 62.9979 0 0
lwrist 18.3828 0 0
lhand -4.9223 -0.0333374 0
lfingers 7.12502 0 0
lthumb 20.8121 28.194 0
rclavicle -3.48536e-16 8.27321e-15 0
rhumerus -41.4251 20.5325 -78.8491
rradius 64.7646 0 0
rwrist 3.29458 0 0
rhand -14.5849 -25.4451 0
rfingers 7.12502 0 0
rthumb 11.5564 -774.933 0
827
root 2.96229 16.4697 24.6202 -14.4824 43.9764 350.416
lfemur -23.4856 9.68149 -16.9118
ltibia 41.9626 0 0
lfoot -12.8132 -5.99513 0
ltoes 20.4025 0 0
rfemur -40.3649 -11.6657 14.0593
rtibia 49.6245 0 0
rfoot -5.74787 -13.2977 0
rtoes -19.0933 0 0
lowerback 7.9066 1.20469 -2.89477
upperback 2.02464 1.27972 -2.33395
thorax -2.06011 0.6526 -0.613496
lowerneck -6.11744 -4.73712 1.04601
upperneck 3.13871 -6.58337 4.1805
head 2.23318 -3.12178 0.920561
lclavicle -4.85755e-16 8.45306e-15 0
lhumerus -44.3045 -17.9273 86.8782
lradius 62.8319 0 0
lwrist 18.5015 0 0
lhand -4.56666 0.076417 0
lfingers 7.12502 0 0
lthumb 21.1536 28.2669 0
rclavicle -4.85755e-16 8.45306e-15 0
rhumerus -41.659 19.9327 -78.1174
rradius 64.4309 0 0
rwrist 3.23742 0 0
rhand -14.3822 -25.5612 0
rfingers 7.12502 0 0
rthumb 11.7519 -775.038 0
828
root 2.99077 16.4722 24.7491 -14.4876 43.2669 350.647
lfemur -23.2031 9.60338 -16.9691
ltibia 41.7823 0 0
lfoot -12.6186 -6.56179 0
ltoes 20.4927 0 0
rfemur -40.8924 -11.4284 13.901
rtibia 49.5732 0 0
rfoot -5.48699 -12.8894 0
rtoes -18.9635 0 0
lowerback 8.05046 1.13069 -2.93714
upperback 2.0869 1.17451 -2.30247
thorax -2.07763 0.600016 -0.551291
lowerneck -6.13416 -4.69642 1.08275
upperneck 3.2585 -6.53733 4.16021
head 2.27247 -3.09665 0.907884
lclavicle -6.22974e-16 8.63291e-15 0
lhumerus -44.0603 -18.0611 86.7092
lradius 62.6659 0 0
lwrist 18.6202 0 0
lhand -4.21101 0.186171 0
lfingers 7.12502 0 0
lthumb 21.4951 28.3399 0
rclavicle -6.22974e-16 8.63291e-15 0
rhumerus -41.893 19.3328 -77.3858
rradius 64.0972 0 0
rwrist 3.18026 0 0
rhand -14.1796 -25.6774 0
rfingers 7.12502 0 0
rthumb 11.9473 -775.144 0
829
root 3.01924 16.4747 24.878 -14.4929 42.5573 350.877
lfemur -22.9206 9.52527 -17.0264
ltibia 41.6019 0 0
lfoot -12.4241 -7.12844 0
ltoes 20.583 0 0
rfemur -41.42 -11.1911 13.7426
rtibia 49.5219 0 0
rfoot -5.22612 -12.481 0
rtoes -18.8338 0 0
lowerback 8.19431 1.0567 -2.9795
upperback 2.14916 1.0693 -2.27098
thorax -2.09515 0.547432 -0.489087
lowerneck -6.15089 -4.65572 1.11949
upperneck 3.37829 -6.49129 4.13991
head 2.31177 -3.07152 0.895206
lclavicle -7.60193e-16 8.81277e-15 0
lhumerus -43.8162 -18.1949 86.5403
lradius 62.4999 0 0
lwrist 18.7389 0 0
lhand -3.85536 0.295926 0
lfingers 7.12502 0 0
lthumb 21.8367 28.4129 0
rclavicle -7.60193e-16 8.81277e-15 0
rhumerus -42.1269 18.7329 -76.6541
rradius 63.7635 0 0
rwrist 3.1231 0 0
rhand -13.9769 -25.7935 0
rfingers 7.12502 0 0
rthumb 12.1427 -775.25 0
830
root 3.04772 16.4772 25.0069 -14.4982 41.8478 351.107
lfemur -22.6382 9.44716 -17.0838
ltibia 41.4215 0 0
lfoot -12.2295 -7.6951 0
ltoes 20.6732 0 0
rfemur -41.9475 -10.9538 13.5843
rtibia 49.4705 0 0
rfoot -4.96525 -12.0726 0
rtoes -18.704 0 0
lowerback 8.33817 0.982704 -3.02187
upperback 2.21142 0.964094 -2.2395
thorax -2.11267 0.494848 -0.426882
lowerneck -6.16761 -4.61502 1.15623
upperneck 3.49809 -6.44525 4.11961
head 2.35106 -3.04638 0.882529
lclavicle -8.97412e-16 8.99262e-15 0
lhumerus -43.572 -18.3287 86.3713
lradius 62.3339 0 0
lwrist 18.8576 0 0
lhand -3.49971 0.40568 0
lfingers 7.12502 0 0
lthumb 22.1782 28.4859 0
rclavicle -8.97412e-16 8.99262e-15 0
rhumerus -42.3608 18.133 -75.9224
rradius 63.4297 0 0
rwrist 3.06594 0 0
rhand -13.7743 -25.9097 0
rfingers 7.12502 0 0
rthumb 12.3381 -775.356 0
831
root 3.07619 16.4797 25.1358 -14.5034 41.1383 351.338
lfemur -22.3557 9.36905 -17.1411
ltibia 41.2411 0 0
lfoot -12.035 -8.26175 0
ltoes 20.7634 0 0
rfemur -42.475 -10.7165 13.4259
rtibia 49.4192 0 0
rfoot -4.70438 -11.6643 0
rtoes -18.5742 0 0
lowerback 8.48202 0.908709 -3.06424
upperback 2.27368 0.858885 -2.20801
thorax -2.13019 0.442264 -0.364677
lowerneck -6.18433 -4.57432 1.19297
upperneck 3.61788 -6.39921 4.09932
head 2.39035 -3.02125 0.869852
lclavicle -1.03463e-15 9.17247e-15 0
lhumerus -43.3278 -18.4624 86.2024
lradius 62.1679 0 0
lwrist 18.9763 0 0
lhand -3.14407 0.515435 0
lfingers 7.12502 0 0
lthumb 22.5197 28.5589 0
rclavicle -1.03463e-15 9.17247e-15 0
rhumerus -42.5947 17.5331 -75.1908
rradius 63.096 0 0
rwrist 3.00878 0 0
rhand -13.5716 -26.0259 0
rfingers 7.12502 0 0
rthumb 12.5335 -775.462 0
832
root 3.10466 16.4822 25.2647 -14.5087 40.4288 351.568
lfemur -22.0732 9.29094 -17.1984
ltibia 41.0607 0 0
lfoot -11.8405 -8.82841 0
ltoes 20.8536 0 0
rfemur -43.0025 -10.4793 13.2676
rtibia 49.3679 0 0
rfoot -4.44351 -11.2559 0
rtoes -18.4445 0 0
lowerback 8.62587 0.834714 -3.1066
upperback 2.33594 0.753676 -2.17653
thorax -2.14771 0.38968 -0.302472
lowerneck -6.20105 -4.53362 1.22972
upperneck 3.73767 -6.35317 4.07902
head 2.42964 -2.99611 0.857175
lclavicle -1.17185e-15 9.35232e-15 0
lhumerus -43.0836 -18.5962 86.0334
lradius 62.0019 0 0
lwrist 19.095 0 0
lhand -2.78842 0.625189 0
lfingers 7.12502 0 0
lthumb 22.8612 28.6319 0
rclavicle -1.17185e-15 9.35232e-15 0
rhumerus -42.8287 16.9332 -74.4591
rradius 62.7623 0 0
rwrist 2.95162 0 0
rhand -13.369 -26.142 0
rfingers 7.12502 0 0
rthumb 12.729 -775.567 0
833
root 3.13314 16.4847 25.3936 -14.514 39.7192 351.799
lfemur -21.7907 9.21283 -17.2557
ltibia 40.8803 0 0
lfoot -11.6459 -9.39507 0
ltoes 20.9438 0 0
rfemur -43.5301 -10.242 13.1092
rtibia 49.3166 0 0
rfoot -4.18264 -10.8476 0
rtoes -18.3147 0 0
lowerback 8.76973 0.760719 -3.14897
upperback 2.3982 0.648467 -2.14504
thorax -2.16523 0.337095 -0.240268
lowerneck -6.21778 -4.49291 1.26646
upperneck 3.85746 -6.30713 4.05872
head 2.46893 -2.97098 0.844498
lclavicle -1.30907e-15 9.53218e-15 0
lhumerus -42.8394 -18.73 85.8645
lradius 61.8359 0 0
lwrist 19.2137 0 0
lhand -2.43277 0.734943 0
lfingers 7.12502 0 0
lthumb 23.2028 28.7049 0
rclavicle -1.30907e-15 9.53218e-15 0
rhumerus -43.0626 16.3334 -73.7274
rradius 62.4285 0 0
rwrist 2.89447 0 0
rhand -13.1663 -26.2582 0
rfingers 7.12502 0 0
rthumb 12.9244 -775.673 0
834
root 3.16161 16.4872 25.5225 -14.5193 39.0097 352.029
lfemur -21.5082 9.13471 -17.313
ltibia 40.6999 0 0
lfoot -11.4514 -9.96172 0
ltoes 21.034 0 0
rfemur -44.0576 -10.0047 12.9509
rtibia 49.2653 0 0
rfoot -3.92177 -10.4392 0
rtoes -18.185 0 0
lowerback 8.91358 0.686724 -3.19133
upperback 2.46045 0.543258 -2.11355
thorax -2.18275 0.284511 -0.178063
lowerneck -6.2345 -4.45221 1.3032
upperneck 3.97725 -6.26109 4.03843
head 2.50822 -2.94584 0.83182
lclavicle -1.44629e-15 9.71203e-15 0
lhumerus -42.5952 -18.8637 85.6955
lradius 61.6699 0 0
lwrist 19.3325 0 0
lhand -2.07712 0.844698 0
lfingers 7.12502 0 0
lthumb 23.5443 28.7779 0
rclavicle -1.44629e-15 9.71203e-15 0
rhumerus -43.2965 15.7335 -72.9957
rradius 62.0948 0 0
rwrist 2.83731 0 0
rhand -12.9637 -26.3744 0
rfingers 7.12502 0 0
rthumb 13.1198 -775.779 0
835
root 3.19009 16.4897 25.6515 -14.5245 38.3002 352.26
lfemur -21.2257 9.0566 -17.3703
ltibia 40.5195 0 0
lfoot -11.2568 -10.5284 0
ltoes 21.1243 0 0
rfemur -44.5851 -9.7674 12.7925
rtibia 49.214 0 0
rfoot -3.6609 -10.0309 0
rtoes -18.0552 0 0
lowerback 9.05744 0.612728 -3.2337
upperback 2.52271 0.438049 -2.08207
thorax -2.20026 0.231927 -0.115858
lowerneck -6.25122 -4.41151 1.33994
upperneck 4.09704 -6.21505 4.01813
head 2.54751 -2.92071 0.819143
lclavicle -1.58351e-15 9.89188e-15 0
lhumerus -42.3511 -18.9975 85.5266
lradius 61.5039 0 0
lwrist 19.4512 0 0
lhand -1.72147 0.954452 0
lfingers 7.12502 0 0
lthumb 23.8858 28.8508 0
rclavicle -1.58351e-15 9.89188e-15 0
rhumerus -43.5304 15.1336 -72.2641
rradius 61.7611 0 0
rwrist 2.78015 0 0
rhand -12.761 -26.4905 0
rfingers 7.12502 0 0
rthumb 13.3152 -775.885 0
836
root 3.21856 16.4922 25.7804 -14.5298 37.5907 352.49
lfemur -20.9432 8.97849 -17.4277
ltibia 40.3391 0 0
lfoot -11.0623 -11.095 0
ltoes 21.2145 0 0
rfemur -45.1127 -9.53011 12.6342
rtibia 49.1626 0 0
rfoot -3.40003 -9.62253 0
rtoes -17.9254 0 0
lowerback 9.20129 0.538733 -3.27606
upperback 2.58497 0.33284 -2.05058
thorax -2.21778 0.179343 -0.0536533
lowerneck -6.26795 -4.37081 1.37668
upperneck 4.21683 -6.16901 3.99783
head 2.5868 -2.89558 0.806466
lclavicle -1.72073e-15 1.00717e-14 0
lhumerus -42.1069 -19.1313 85.3576
lradius 61.3379 0 0
lwrist 19.5699 0 0
lhand -1.36583 1.06421 0
lfingers 7.12502 0 0
lthumb 24.2273 28.9238 0
rclavicle -1.72073e-15 1.00717e-14 0
rhumerus -43.7644 14.5337 -71.5324
rradius 61.4274 0 0
rwrist 2.72299 0 0
rhand -12.5584 -26.6067 0
rfingers 7.12502 0 0
rthumb 13.5106 -775.991 0
837
root 3.24703 16.4947 25.9093 -14.5351 36.8811 352.72
lfemur -20.6607 8.90038 -17.485
ltibia 40.1587 0 0
lfoot -10.8677 -11.6617 0
ltoes 21.3047 0 0
rfemur -45.6402 -9.29283 12.4758
rtibia 49.1113 0 0
rfoot -3.13916 -9.21417 0
rtoes -17.7957 0 0
lowerback 9.34514 0.464738 -3.31843
upperback 2.64723 0.227631 -2.0191
thorax -2.2353 0.126759 0.00855143
lowerneck -6.28467 -4.33011 1.41343
upperneck 4.33662 -6.12297 3.97754
head 2.62609 -2.87044 0.793789
lclavicle -1.85795e-15 1.02516e-14 0
lhumerus -41.8627 -19.265 85.1887
lradius 61.1719 0 0
lwrist 19.6886 0 0
lhand -1.01018 1.17396 0
lfingers 7.12502 0 0
lthumb 24.5689 28.9968 0
rclavicle -1.85795e-15 1.02516e-14 0
rhumerus -43.9983 13.9338 -70.8007
rradius 61.0936 0 0
rwrist 2.66583 0 0
rhand -12.3557 -26.7229 0
rfingers 7.12502 0 0
rthumb 13.706 -776.096 0
838
root 3.27551 16.4972 26.0382 -14.5403 36.1716 352.951
lfemur -20.3783 8.82227 -17.5423
ltibia 39.9784 0 0
lfoot -10.6732 -12.2283 0
ltoes 21.3949 0 0
rfemur -46.1677 -9.05554 12.3175
rtibia 49.06 0 0
rfoot -2.87828 -8.80582 0
rtoes -17.6659 0 0
lowerback 9.489 0.390743 -3.36079
upperback 2.70949 0.122422 -1.98761
thorax -2.25282 0.0741752 0.0707562
lowerneck -6.30139 -4.28941 1.45017
upperneck 4.45642 -6.07693 3.95724
head 2.66538 -2.84531 0.781112
lclavicle -1.99516e-15 1.04314e-14 0
lhumerus -41.6185 -19.3988 85.0197
lradius 61.0059 0 0
lwrist 19.8073 0 0
lhand -0.654531 1.28372 0
lfingers 7.12502 0 0
lthumb 24.9104 29.0698 0
rclavicle -1.99516e-15 1.04314e-14 0
rhumerus -44.2322 13.3339 -70.0691
rradius 60.7599 0 0
rwrist 2.60867 0 0
rhand -12.153 -26.839 0
rfingers 7.12502 0 0
rthumb 13.9015 -776.202 0
839
root 3.30398 16.4997 26.1671 -14.5456 35.4621 353.181
lfemur -20.0958 8.74416 -17.5996
ltibia 39.798 0 0
lfoot -10.4787 -12.795 0
ltoes 21.4851 0 0
rfemur -46.6953 -8.81826 12.1591
rtibia 49.0087 0 0
rfoot -2.61741 -8.39747 0
rtoes -17.5361 0 0
lowerback 9.63285 0.316748 -3.40316
upperback 2.77175 0.0172132 -1.95613
thorax -2.27034 0.0215912 0.132961
lowerneck -6.31812 -4.24871 1.48691
upperneck 4.57621 -6.03089 3.93694
head 2.70468 -2.82017 0.768434
lclavicle -2.13238e-15 1.06113e-14 0
lhumerus -41.3743 -19.5326 84.8508
lradius 60.8399 0 0
lwrist 19.926 0 0
lhand -0.298883 1.39347 0
lfingers 7.12502 0 0
lthumb 25.2519 29.1428 0
rclavicle -2.13238e-15 1.06113e-14 0
rhumerus -44.4661 12.7341 -69.3374
rradius 60.4262 0 0
rwrist 2.55151 0 0
rhand -11.9504 -26.9552 0
rfingers 7.12502 0 0
rthumb 14.0969 -776.308 0
840
root 3.33246 16.5022 26.296 -14.5509 34.7526 353.412
lfemur -19.8133 8.66605 -17.6569
ltibia 39.6176 0 0
lfoot -10.2841 -13.3617 0
ltoes 21.5753 0 0
rfemur -47.2228 -8.58097 12.0008
rtibia 48.9574 0 0
rfoot -2.35654 -7.98911 0
rtoes -17.4064 0 0
lowerback 9.77671 0.242753 -3.44553
upperback 2.83401 -0.0879957 -1.92464
thorax -2.28786 -0.0309929 0.195166
lowerneck -6.33484 -4.20801 1.52365
upperneck 4.696 -5.98485 3.91665
head 2.74397 -2.79504 0.755757
lclavicle -2.2696e-15 1.07911e-14 0
lhumerus -41.1301 -19.6663 84.6818
lradius 60.6739 0 0
lwrist 20.0447 0 0
lhand 0.0567643 1.50322 0
lfingers 7.12502 0 0
lthumb 25.5934 29.2158 0
rclavicle -2.2696e-15 1.07911e-14 0
rhumerus -44.7001 12.1342 -68.6057
rradius 60.0925 0 0
rwrist 2.49436 0 0
rhand -11.7477 -27.0714 0
rfingers 7.12502 0 0
rthumb 14.2923 -776.414 0
841
root 3.36093 16.5047 26.4249 -14.5562 34.043 353.642
lfemur -19.5308 8.58794 -17.7143
ltibia 39.4372 0 0
lfoot -10.0896 -13.9283 0
ltoes 21.6655 0 0
rfemur -47.7503 -8.34369 11.8424
rtibia 48.906 0 0
rfoot -2.09567 -7.58076 0
rtoes -17.2766 0 0
lowerback 9.92056 0.168758 -3.48789
upperback 2.89627 -0.193205 -1.89316
thorax -2.30538 -0.0835769 0.25737
lowerneck -6.35156 -4.16731 1.56039
upperneck 4.81579 -5.93881 3.89635
head 2.78326 -2.76991 0.74308
lclavicle -2.40682e-15 1.0971e-14 0
lhumerus -40.8859 -19.8001 84.5129
lradius 60.5079 0 0
lwrist 20.1634 0 0
lhand 0.412412 1.61298 0
lfingers 7.12502 0 0
lthumb 25.935 29.2888 0
rclavicle -2.40682e-15 1.0971e-14 0
rhumerus -44.934 11.5343 -67.874
rradius 59.7587 0 0
rwrist 2.4372 0 0
rhand -11.5451 -27.1875 0
rfingers 7.12502 0 0
rthumb 14.4877 -776.52 0
842
root 3.3894 16.5072 26.5538 -14.5614 33.3335 353.873
lfemur -19.2483 8.50983 -17.7716
ltibia 39.2568 0 0
lfoot -9.89504 -14.495 0
ltoes 21.7558 0 0
rfemur -48.2778 -8.1064 11.6841
rtibia 48.8547 0 0
rfoot -1.8348 -7.17241 0
rtoes -17.1469 0 0
lowerback 10.0644 0.0947626 -3.53026
upperback 2.95853 -0.298414 -1.86167
thorax -2.3229 -0.136161 0.319575
lowerneck -6.36828 -4.12661 1.59714
upperneck 4.93558 -5.89277 3.87605
head 2.82255 -2.74477 0.730403
lclavicle -2.54404e-15 1.11508e-14 0
lhumerus -40.6418 -19.9339 84.3439
lradius 60.3419 0 0
lwrist 20.2821 0 0
lhand 0.76806 1.72273 0
lfingers 7.12502 0 0
lthumb 26.2765 29.3618 0
rclavicle -2.54404e-15 1.11508e-14 0
rhumerus -45.1679 10.9344 -67.1424
rradius 59.425 0 0
rwrist 2.38004 0 0
rhand -11.3424 -27.3037 0
rfingers 7.12502 0 0
rthumb 14.6831 -776.625 0
843
root 3.41788 16.5097 26.6827 -14.5667 32.624 354.103
lfemur -18.9658 8.43172 -17.8289
ltibia 39.0764 0 0
lfoot -9.7005 -15.0616 0
ltoes 21.846 0 0
rfemur -48.8054 -7.86912 11.5257
rtibia 48.8034 0 0
rfoot -1.57393 -6.76405 0
rtoes -17.0171 0 0
lowerback 10.2083 0.0207675 -3.57262
upperback 3.02079 -0.403622 -1.83018
thorax -2.34042 -0.188745 0.38178
lowerneck -6.38501 -4.08591 1.63388
upperneck 5.05537 -5.84673 3.85576
head 2.86184 -2.71964 0.717726
lclavicle -2.68126e-15 1.13307e-14 0
lhumerus -40.3976 -20.0677 84.175
lradius 60.1759 0 0
lwrist 20.4008 0 0
lhand 1.12371 1.83249 0
lfingers 7.12502 0 0
lthumb 26.618 29.4348 0
rclavicle -2.68126e-15 1.13307e-14 0
rhumerus -45.4019 10.3345 -66.4107
rradius 59.0913 0 0
rwrist 2.32288 0 0
rhand -11.1398 -27.4199 0
rfingers 7.12502 0 0
rthumb 14.8785 -776.731 0
844
root 3.44635 16.5122 26.8116 -14.572 31.9145 354.333
lfemur -18.6833 8.35361 -17.8862
ltibia 38.896 0 0
lfoot -9.50596 -15.6283 0
ltoes 21.9362 0 0
rfemur -49.3329 -7.63183 11.3674
rtibia 48.7521 0 0
rfoot -1.31306 -6.3557 0
rtoes -16.8873 0 0
lowerback 10.3521 -0.0532276 -3.61499
upperback 3.08305 -0.508831 -1.7987
thorax -2.35794 -0.241329 0.443985
lowerneck -6.40173 -4.04521 1.67062
upperneck 5.17516 -5.80069 3.83546
head 2.90113 -2.6945 0.705048
lclavicle -2.81848e-15 1.15106e-14 0
lhumerus -40.1534 -20.2014 84.0061
lradius 60.0099 0 0
lwrist 20.5195 0 0
lhand 1.47936 1.94224 0
lfingers 7.12502 0 0
lthumb 26.9595 29.5077 0
rclavicle -2.81848e-15 1.15106e-14 0
rhumerus -45.6358 9.73464 -65.679
rradius 58.7575 0 0
rwrist 2.26572 0 0
rhand -10.9371 -27.536 0
rfingers 7.12502 0 0
rthumb 15.074 -776.837 0
845
root 3.47483 16.5147 26.9405 -14.5772 31.205 354.564
lfemur -18.4009 8.2755 -17.9435
ltibia 38.7156 0 0
lfoot -9.31141 -16.1949 0
ltoes 22.0264 0 0
rfemur -49.8604 -7.39454 11.209
rtibia 48.7008 0 0
rfoot -1.05219 -5.94735 0
rtoes -16.7576 0 0
lowerback 10.496 -0.127223 -3.65735
upperback 3.14531 -0.61404 -1.76721
thorax -2.37546 -0.293913 0.50619
lowerneck -6.41845 -4.00451 1.70736
upperneck 5.29496 -5.75465 3.81516
head 2.94042 -2.66937 0.692371
lclavicle -2.9557e-15 1.16904e-14 0
lhumerus -39.9092 -20.3352 83.8371
lradius 59.8439 0 0
lwrist 20.6382 0 0
lhand 1.835 2.052 0
lfingers 7.12502 0 0
lthumb 27.301 29.5807 0
rclavicle -2.9557e-15 1.16904e-14 0
rhumerus -45.8697 9.13475 -64.9474
rradius 58.4238 0 0
rwrist 2.20856 0 0
rhand -10.7345 -27.6522 0
rfingers 7.12502 0 0
rthumb 15.2694 -776.943 0
846
root 3.5033 16.5172 27.0694 -14.5825 30.4954 354.794
lfemur -18.1184 8.19739 -18.0009
ltibia 38.5352 0 0
lfoot -9.11687 -16.7616 0
ltoes 22.1166 0 0
rfemur -50.388 -7.15726 11.0507
rtibia 48.6494 0 0
rfoot -0.791317 -5.539 0
rtoes -16.6278 0 0
lowerback 10.6398 -0.201218 -3.69972
upperback 3.20757 -0.719249 -1.73573
thorax -2.39297 -0.346497 0.568394
lowerneck -6.43518 -3.96381 1.7441
upperneck 5.41475 -5.70861 3.79487
head 2.97971 -2.64424 0.679694
lclavicle -3.09292e-15 1.18703e-14 0
lhumerus -39.665 -20.469 83.6682
lradius 59.6779 0 0
lwrist 20.7569 0 0
lhand 2.19065 2.16175 0
lfingers 7.12502 0 0
lthumb 27.6426 29.6537 0
rclavicle -3.09292e-15 1.18703e-14 0
rhumerus -46.1036 8.53487 -64.2157
rradius 58.0901 0 0
rwrist 2.1514 0 0
rhand -10.5318 -27.7683 0
rfingers 7.12502 0 0
rthumb 15.4648 -777.049 0
847
root 3.53177 16.5197 27.1984 -14.5878 29.7859 355.025
lfemur -17.8359 8.11927 -18.0582
ltibia 38.3548 0 0
lfoot -8.92233 -17.3282 0
ltoes 22.2068 0 0
rfemur -50.9155 -6.91997 10.8923
rtibia 48.5981 0 0
rfoot -0.530446 -5.13064 0
rtoes -16.4981 0 0
lowerback 10.7837 -0.275213 -3.74209
upperback 3.26983 -0.824458 -1.70424
thorax -2.41049 -0.399081 0.630599
lowerneck -6.4519 -3.92311 1.78085
upperneck 5.53454 -5.66257 3.77457
head 3.019 -2.6191 0.667017
lclavicle -3.23014e-15 1.20501e-14 0
lhumerus -39.4208 -20.6027 83.4992
lradius 59.5119 0 0
lwrist 20.8757 0 0
lhand 2.5463 2.27151 0
lfingers 7.12502 0 0
lthumb 27.9841 29.7267 0
rclavicle -3.23014e-15 1.20501e-14 0
rhumerus -46.3376 7.93498 -63.484
rradius 57.7564 0 0
rwrist 2.09425 0 0
rhand -10.3292 -27.8845 0
rfingers 7.12502 0 0
rthumb 15.6602 -777.154 0
848
root 3.56025 16.5222 27.3273 -14.5931 29.0764 355.255
lfemur -17.5534 8.04116 -18.1155
ltibia 38.1744 0 0
lfoot -8.72779 -17.8949 0
ltoes 22.2971 0 0
rfemur -51.443 -6.68269 10.734
rtibia 48.5468 0 0
rfoot -0.269575 -4.72229 0
rtoes -16.3683 0 0
lowerback 10.9275 -0.349208 -3.78445
upperback 3.33209 -0.929667 -1.67276
thorax -2.42801 -0.451665 0.692804
lowerneck -6.46862 -3.88241 1.81759
upperneck 5.65433 -5.61653 3.75427
head 3.05829 -2.59397 0.654339
lclavicle -3.36736e-15 1.223e-14 0
lhumerus -39.1767 -20.7365 83.3303
lradius 59.3459 0 0
lwrist 20.9944 0 0
lhand 2.90195 2.38126 0
lfingers 7.12502 0 0
lthumb 28.3256 29.7997 0
rclavicle -3.36736e-15 1.223e-14 0
rhumerus -46.5715 7.3351 -62.7523
rradius 57.4226 0 0
rwrist 2.03709 0 0
rhand -10.1265 -28.0007 0
rfingers 7.12502 0 0
rthumb 15.8556 -777.26 0
849
root 3.58872 16.5247 27.4562 -14.5983 28.3669 355.486
lfemur -17.2709 7.96305 -18.1728
ltibia 37.9941 0 0
lfoot -8.53325 -18.4616 0
ltoes 22.3873 0 0
rfemur -51.9706 -6.4454 10.5756
rtibia 48.4955 0 0
rfoot -0.00870429 -4.31394 0
rtoes -16.2385 0 0
lowerback 11.0714 -0.423203 -3.82682
upperback 3.39435 -1.03488 -1.64127
thorax -2.44553 -0.504249 0.755009
lowerneck -6.48535 -3.84171 1.85433
upperneck 5.77412 -5.57049 3.73398
head 3.09759 -2.56883 0.641662
lclavicle -3.50457e-15 1.24098e-14 0
lhumerus -38.9325 -20.8703 83.1613
lradius 59.1799 0 0
lwrist 21.1131 0 0
lhand 3.25759 2.49101 0
lfingers 7.12502 0 0
lthumb 28.6671 29.8727 0
rclavicle -3.50457e-15 1.24098e-14 0
rhumerus -46.8054 6.73522 -62.0207
rradius 57.0889 0 0
rwrist 1.97993 0 0
rhand -9.92387 -28.1168 0
rfingers 7.12502 0 0
rthumb 16.051 -777.366 0
850
root 3.6172 16.5272 27.5851 -14.6036 27.6573 355.716
lfemur -16.9884 7.88494 -18.2301
ltibia 37.8137 0 0
lfoot -8.33871 -19.0282 0
ltoes 22.4775 0 0
rfemur -52.4981 -6.20812 10.4173
rtibia 48.4442 0 0
rfoot 0.252167 -3.90558 0
rtoes -16.1088 0 0
lowerback 11.2152 -0.497198 -3.86918
upperback 3.45661 -1.14009 -1.60979
thorax -2.46305 -0.556833 0.817213
lowerneck -6.50207 -3.80101 1.89107
upperneck 5.89391 -5.52446 3.71368
head 3.13688 -2.5437 0.628985
lclavicle -3.64179e-15 1.25897e-14 0
lhumerus -38.6883 -21.004 82.9924
lradius 59.014 0 0
lwrist 21.2318 0 0
lhand 3.61324 2.60077 0
lfingers 7.12502 0 0
lthumb 29.0087 29.9457 0
rclavicle -3.64179e-15 1.25897e-14 0
rhumerus -47.0393 6.13533 -61.289
rradius 56.7552 0 0
rwrist 1.92277 0 0
rhand -9.72122 -28.233 0
rfingers 7.12502 0 0
rthumb 16.2465 -777.472 0
851
root 3.64567 16.5297 27.714 -14.6089 26.9478 355.946
lfemur -16.7059 7.80683 -18.2875
ltibia 37.6333 0 0
lfoot -8.14417 -19.5949 0
ltoes 22.5677 0 0
rfemur -53.0256 -5.97083 10.2589
rtibia 48.3928 0 0
rfoot 0.513038 -3.49723 0
rtoes -15.979 0 0
lowerback 11.3591 -0.571193 -3.91155
upperback 3.51887 -1.24529 -1.5783
thorax -2.48057 -0.609417 0.879418
lowerneck -6.51879 -3.76031 1.92781
upperneck 6.0137 -5.47842 3.69339
head 3.17617 -2.51856 0.616308
lclavicle -3.77901e-15 1.27695e-14 0
lhumerus -38.4441 -21.1378 82.8234
lradius 58.848 0 0
lwrist 21.3505 0 0
lhand 3.96889 2.71052 0
lfingers 7.12502 0 0
lthumb 29.3502 30.0187 0
rclavicle -3.77901e-15 1.27695e-14 0
rhumerus -47.2733 5.53545 -60.5573
rradius 56.4215 0 0
rwrist 1.86561 0 0
rhand -9.51856 -28.3492 0
rfingers 7.12502 0 0
rthumb 16.4419 -777.578 0
852
root 3.67414 16.5322 27.8429 -14.6141 26.2383 356.177
lfemur -16.4234 7.72872 -18.3448
ltibia 37.4529 0 0
lfoot -7.94963 -20.1615 0
ltoes 22.6579 0 0
rfemur -53.5531 -5.73355 10.1006
rtibia 48.3415 0 0
rfoot 0.773909 -3.08888 0
rtoes -15.8492 0 0
lowerback 11.503 -0.645189 -3.95391
upperback 3.58113 -1.3505 -1.54682
thorax -2.49809 -0.662001 0.941623
lowerneck -6.53551 -3.71961 1.96456
upperneck 6.13349 -5.43238 3.67309
head 3.21546 -2.49343 0.603631
lclavicle -3.91623e-15 1.29494e-14 0
lhumerus -38.1999 -21.2716 82.6545
lradius 58.682 0 0
lwrist 21.4692 0 0
lhand 4.32454 2.82028 0
lfingers 7.12502 0 0
lthumb 29.6917 30.0916 0
rclavicle -3.91623e-15 1.29494e-14 0
rhumerus -47.5072 4.93557 -59.8257
rradius 56.0877 0 0
rwrist 1.80845 0 0
rhand -9.31591 -28.4653 0
rfingers 7.12502 0 0
rthumb 16.6373 -777.683 0
853
root 3.70262 16.5347 27.9718 -14.6194 25.5288 356.407
lfemur -16.141 7.65061 -18.4021
ltibia 37.2725 0 0
lfoot -7.75508 -20.7282 0
ltoes 22.7481 0 0
rfemur -54.0807 -5.49626 9.94224
rtibia 48.2902 0 0
rfoot 1.03478 -2.68052 0
rtoes -15.7195 0 0
lowerback 11.6468 -0.719184 -3.99628
upperback 3.64339 -1.45571 -1.51533
thorax -2.51561 -0.714585 1.00383
lowerneck -6.55224 -3.67891 2.0013
upperneck 6.25329 -5.38634 3.65279
head 3.25475 -2.4683 0.590953
lclavicle -4.05345e-15 1.31292e-14 0
lhumerus -37.9557 -21.4053 82.4855
lradius 58.516 0 0
lwrist 21.5879 0 0
lhand 4.68018 2.93003 0
lfingers 7.12502 0 0
lthumb 30.0332 30.1646 0
rclavicle -4.05345e-15 1.31292e-14 0
rhumerus -47.7411 4.33568 -59.094
rradius 55.754 0 0
rwrist 1.75129 0 0
rhand -9.11326 -28.5815 0
rfingers 7.12502 0 0
rthumb 16.8327 -777.789 0
854
root 3.73109 16.5372 28.1007 -14.6247 24.8192 356.638
lfemur -15.8585 7.5725 -18.4594
ltibia 37.0921 0 0
lfoot -7.56054 -21.2948 0
ltoes 22.8383 0 0
rfemur -54.6082 -5.25897 9.78389
rtibia 48.2389 0 0
rfoot 1.29565 -2.27217 0
rtoes -15.5897 0 0
lowerback 11.7907 -0.793179 -4.03864
upperback 3.70564 -1.56092 -1.48384
thorax -2.53313 -0.76717 1.06603
lowerneck -6.56896 -3.6382 2.03804
upperneck 6.37308 -5.3403 3.6325
head 3.29404 -2.44316 0.578276
lclavicle -4.19067e-15 1.33091e-14 0
lhumerus -37.7115 -21.5391 82.3166
lradius 58.35 0 0
lwrist 21.7066 0 0
lhand 5.03583 3.03979 0
lfingers 7.12502 0 0
lthumb 30.3748 30.2376 0
rclavicle -4.19067e-15 1.33091e-14 0
rhumerus -47.975 3.7358 -58.3623
rradius 55.4203 0 0
rwrist 1.69414 0 0
rhand -8.91061 -28.6977 0
rfingers 7.12502 0 0
rthumb 17.0281 -777.895 0
855
root 3.75956 16.5397 28.2296 -14.63 24.1097 356.868
lfemur -15.576 7.49439 -18.5167
ltibia 36.9117 0 0
lfoot -7.366 -21.8615 0
ltoes 22.9286 0 0
rfemur -55.1357 -5.02169 9.62554
rtibia 48.1876 0 0
rfoot 1.55652 -1.86382 0
rtoes -15.46 0 0
lowerback 11.9345 -0.867174 -4.08101
upperback 3.7679 -1.66613 -1.45236
thorax -2.55065 -0.819754 1.12824
lowerneck -6.58568 -3.5975 2.07478
upperneck 6.49287 -5.29426 3.6122
head 3.33333 -2.41803 0.565599
lclavicle -4.32789e-15 1.34889e-14 0
lhumerus -37.4674 -21.6729 82.1476
lradius 58.184 0 0
lwrist 21.8253 0 0
lhand 5.39148 3.14954 0
lfingers 7.12502 0 0
lthumb 30.7163 30.3106 0
rclavicle -4.32789e-15 1.34889e-14 0
rhumerus -48.209 3.13591 -57.6306
rradius 55.0865 0 0
rwrist 1.63698 0 0
rhand -8.70795 -28.8138 0
rfingers 7.12502 0 0
rthumb 17.2235 -778.001 0
856
root 3.78804 16.5422 28.3585 -14.6352 23.4002 357.099
lfemur -15.2935 7.41628 -18.574
ltibia 36.7313 0 0
lfoot -7.17146 -22.4282 0
ltoes 23.0188 0 0
rfemur -55.6633 -4.7844 9.46719
rtibia 48.1363 0 0
rfoot 1.81739 -1.45546 0
rtoes -15.3302 0 0
lowerback 12.0784 -0.941169 -4.12338
upperback 3.83016 -1.77134 -1.42087
thorax -2.56817 -0.872338 1.19044
lowerneck -6.60241 -3.5568 2.11152
upperneck 6.61266 -5.24822 3.5919
head 3.37262 -2.39289 0.552922
lclavicle -4.46511e-15 1.36688e-14 0
lhumerus -37.2232 -21.8066 81.9787
lradius 58.018 0 0
lwrist 21.944 0 0
lhand 5.74713 3.25929 0
lfingers 7.12502 0 0
lthumb 31.0578 30.3836 0
rclavicle -4.46511e-15 1.36688e-14 0
rhumerus -48.4429 2.53603 -56.899
rradius 54.7528 0 0
rwrist 1.57982 0 0
rhand -8.5053 -28.93 0
rfingers 7.12502 0 0
rthumb 17.419 -778.107 0
857
root 3.81651 16.5447 28.4874 -14.6405 22.6907 357.329
lfemur -15.011 7.33817 -18.6314
ltibia 36.5509 0 0
lfoot -6.97692 -22.9948 0
ltoes 23.109 0 0
rfemur -56.1908 -4.54712 9.30884
rtibia 48.0849 0 0
rfoot 2.07826 -1.04711 0
rtoes -15.2004 0 0
lowerback 12.2222 -1.01516 -4.16574
upperback 3.89242 -1.87655 -1.38939
thorax -2.58569 -0.924922 1.25265
lowerneck -6.61913 -3.5161 2.14827
upperneck 6.73245 -5.20218 3.57161
head 3.41191 -2.36776 0.540245
lclavicle -4.60233e-15 1.38486e-14 0
lhumerus -36.979 -21.9404 81.8097
lradius 57.852 0 0
lwrist 22.0627 0 0
lhand 6.10278 3.36905 0
lfingers 7.12502 0 0
lthumb 31.3993 30.4566 0
rclavicle -4.60233e-15 1.38486e-14 0
rhumerus -48.6768 1.93615 -56.1673
rradius 54.4191 0 0
rwrist 1.52266 0 0
rhand -8.30265 -29.0462 0
rfingers 7.12502 0 0
rthumb 17.6144 -778.212 0
858
root 3.84499 16.5472 28.6164 -14.6458 21.9811 357.559
lfemur -14.7285 7.26006 -18.6887
ltibia 36.3705 0 0
lfoot -6.78238 -23.5615 0
ltoes 23.1992 0 0
rfemur -56.7183 -4.30983 9.15049
rtibia 48.0336 0 0
rfoot 2.33913 -0.638759 0
rtoes -15.0707 0 0
lowerback 12.3661 -1.08916 -4.20811
upperback 3.95468 -1.98176 -1.3579
thorax -2.6032 -0.977506 1.31485
lowerneck -6.63585 -3.4754 2.18501
upperneck 6.85224 -5.15614 3.55131
head 3.4512 -2.34262 0.527567
lclavicle -4.73955e-15 1.40285e-14 0
lhumerus -36.7348 -22.0742 81.6408
lradius 57.686 0 0
lwrist 22.1814 0 0
lhand 6.45842 3.4788 0
lfingers 7.12502 0 0
lthumb 31.7409 30.5296 0
rclavicle -4.73955e-15 1.40285e-14 0
rhumerus -48.9107 1.33626 -55.4356
rradius 54.0854 0 0
rwrist 1.4655 0 0
rhand -8.1 -29.1623 0
rfingers 7.12502 0 0
rthumb 17.8098 -778.318 0
859
root 3.87346 16.5497 28.7453 -14.651 21.2716 357.79
lfemur -14.446 7.18194 -18.746
ltibia 36.1902 0 0
lfoot -6.58784 -24.1281 0
ltoes 23.2894 0 0
rfemur -57.2459 -4.07255 8.99214
rtibia 47.9823 0 0
rfoot 2.60001 -0.230405 0
rtoes -14.9409 0 0
lowerback 12.5099 -1.16315 -4.25047
upperback 4.01694 -2.08697 -1.32642
thorax -2.62072 -1.03009 1.37706
lowerneck -6.65258 -3.4347 2.22175
upperneck 6.97203 -5.1101 3.53101
head 3.4905 -2.31749 0.51489
lclavicle -4.87676e-15 1.42083e-14 0
lhumerus -36.4906 -22.208 81.4718
lradius 57.52 0 0
lwrist 22.3002 0 0
lhand 6.81407 3.58856 0
lfingers 7.12502 0 0
lthumb 32.0824 30.6026 0
rclavicle -4.87676e-15 1.42083e-14 0
rhumerus -49.1447 0.736379 -54.704
rradius 53.7516 0 0
rwrist 1.40834 0 0
rhand -7.89734 -29.2785 0
rfingers 7.12502 0 0
rthumb 18.0052 -778.424 0
860
root 3.90193 16.5522 28.8742 -14.6563 20.5621 358.02
lfemur -14.1635 7.10383 -18.8033
ltibia 36.0098 0 0
lfoot -6.3933 -24.6948 0
ltoes 23.3796 0 0
rfemur -57.7734 -3.83526 8.83379
rtibia 47.931 0 0
rfoot 2.86088 0.177948 0
rtoes -14.8111 0 0
lowerback 12.6538 -1.23715 -4.29284
upperback 4.0792 -2.19217 -1.29493
thorax -2.63824 -1.08267 1.43926
lowerneck -6.6693 -3.394 2.25849
upperneck 7.09182 -5.06406 3.51072
head 3.52979 -2.29236 0.502213
lclavicle -5.01398e-15 1.43882e-14 0
lhumerus -36.2464 -22.3417 81.3029
lradius 57.354 0 0
lwrist 22.4189 0 0
lhand 7.16972 3.69831 0
lfingers 7.12502 0 0
lthumb 32.4239 30.6755 0
rclavicle -5.01398e-15 1.43882e-14 0
rhumerus -49.3786 0.136495 -53.9723
rradius 53.4179 0 0
rwrist 1.35118 0 0
rhand -7.69469 -29.3946 0
rfingers 7.12502 0 0
rthumb 18.2006 -778.53 0
861
root 3.93041 16.5547 29.0031 -14.6616 19.8526 358.251
lfemur -13.8811 7.02572 -18.8606
ltibia 35.8294 0 0
lfoot -6.19875 -25.2614 0
ltoes 23.4699 0 0
rfemur -58.3009 -3.59798 8.67544
rtibia 47.8797 0 0
rfoot 3.12175 0.586301 0
rtoes -14.6814 0 0
lowerback 12.7976 -1.31114 -4.3352
upperback 4.14146 -2.29738 -1.26345
thorax -2.65576 -1.13526 1.50147
lowerneck -6.68602 -3.3533 2.29523
upperneck 7.21162 -5.01802 3.49042
head 3.56908 -2.26722 0.489536
lclavicle -5.1512e-15 1.4568e-14 0
lhumerus -36.0023 -22.4755 81.1339
lradius 57.188 0 0
lwrist 22.5376 0 0
lhand 7.52537 3.80807 0
lfingers 7.12502 0 0
lthumb 32.7654 30.7485 0
rclavicle -5.1512e-15 1.4568e-14 0
rhumerus -49.6125 -0.463389 -53.2406
rradius 53.0842 0 0
rwrist 1.29403 0 0
rhand -7.49204 -29.5108 0
rfingers 7.12502 0 0
rthumb 18.396 -778.636 0
862
root 3.95888 16.5572 29.132 -14.6669 19.143 358.481
lfemur -13.5986 6.94761 -18.918
ltibia 35.649 0 0
lfoot -6.00421 -25.8281 0
ltoes 23.5601 0 0
rfemur -58.8284 -3.36069 8.51709
rtibia 47.8283 0 0
rfoot 3.38262 0.994654 0
rtoes -14.5516 0 0
lowerback 12.9415 -1.38514 -4.37757
upperback 4.20372 -2.40259 -1.23196
thorax -2.67328 -1.18784 1.56367
lowerneck -6.70274 -3.3126 2.33198
upperneck 7.33141 -4.97198 3.47012
head 3.60837 -2.24209 0.476858
lclavicle -5.28842e-15 1.47479e-14 0
lhumerus -35.7581 -22.6093 80.965
lradius 57.022 0 0
lwrist 22.6563 0 0
lhand 7.88101 3.91782 0
lfingers 7.12502 0 0
lthumb 33.107 30.8215 0
rclavicle -5.28842e-15 1.47479e-14 0
rhumerus -49.8464 -1.06327 -52.5089
rradius 52.7505 0 0
rwrist 1.23687 0 0
rhand -7.28939 -29.627 0
rfingers 7.12502 0 0
rthumb 18.5915 -778.741 0
863
root 3.98736 16.5597 29.2609 -14.6721 18.4335 358.712
lfemur -13.3161 6.8695 -18.9753
ltibia 35.4686 0 0
lfoot -5.80967 -26.3947 0
ltoes 23.6503 0 0
rfemur -59.356 -3.12341 8.35874
rtibia 47.777 0 0
rfoot 3.64349 1.40301 0
rtoes -14.4219 0 0
lowerback 13.0853 -1.45913 -4.41993
upperback 4.26598 -2.5078 -1.20048
thorax -2.6908 -1.24043 1.62588
lowerneck -6.71947 -3.2719 2.36872
upperneck 7.4512 -4.92594 3.44983
head 3.64766 -2.21695 0.464181
lclavicle -5.42564e-15 1.49277e-14 0
lhumerus -35.5139 -22.743 80.796
lradius 56.856 0 0
lwrist 22.775 0 0
lhand 8.23666 4.02758 0
lfingers 7.12502 0 0
lthumb 33.4485 30.8945 0
rclavicle -5.42564e-15 1.49277e-14 0
rhumerus -50.0804 -1.66316 -51.7773
rradius 52.4167 0 0
rwrist 1.17971 0 0
rhand -7.08673 -29.7431 0
rfingers 7.12502 0 0
rthumb 18.7869 -778.847 0
864
root 4.01583 16.5622 29.3898 -14.6774 17.724 358.942
lfemur -13.0336 6.79139 -19.0326
ltibia 35.2882 0 0
lfoot -5.61513 -26.9614 0
ltoes 23.7405 0 0
rfemur -59.8835 -2.88612 8.20039
rtibia 47.7257 0 0
rfoot 3.90436 1.81136 0
rtoes -14.2921 0 0
lowerback 13.2292 -1.53313 -4.4623
upperback 4.32824 -2.61301 -1.16899
thorax -2.70832 -1.29301 1.68808
lowerneck -6.73619 -3.2312 2.40546
upperneck 7.57099 -4.8799 3.42953
head 3.68695 -2.19182 0.451504
lclavicle -5.56286e-15 1.51076e-14 0
lhumerus -35.2697 -22.8768 80.6271
lradius 56.69 0 0
lwrist 22.8937 0 0
lhand 8.59231 4.13733 0
lfingers 7.12502 0 0
lthumb 33.79 30.9675 0
rclavicle -5.56286e-15 1.51076e-14 0
rhumerus -50.3143 -2.26304 -51.0456
rradius 52.083 0 0
rwrist 1.12255 0 0
rhand -6.88408 -29.8593 0
rfingers 7.12502 0 0
rthumb 18.9823 -778.953 0
865
root 4.0135 16.5549 29.4477 -14.6399 17.6689 359.241
lfemur -12.8517 7.24991 -19.2744
ltibia 35.5074 0 0
lfoot -6.16988 -25.7901 0
ltoes 22.2542 0 0
rfemur -61.5149 -4.09574 10.7639
rtibia 49.8556 0 0
rfoot 4.20089 3.0634 0
rtoes -15.3762 0 0
lowerback 13.6397 -1.56358 -4.75751
upperback 4.47375 -2.72849 -1.34814
thorax -2.756 -1.34971 1.69749
lowerneck -6.78589 -3.16502 2.40957
upperneck 7.1816 -4.77999 3.48633
head 3.56429 -2.14914 0.474944
lclavicle 3.74151e-15 1.27834e-14 0
lhumerus -35.1104 -23.7111 80.7183
lradius 57.3381 0 0
lwrist 23.0751 0 0
lhand 9.35831 4.46451 0
lfingers 7.12502 0 0
lthumb 34.5125 31.0909 0
rclavicle 3.74151e-15 1.27834e-14 0
rhumerus -50.1469 -4.03261 -50.4303
rradius 52.7357 0 0
rwrist 0.0330846 0 0
rhand -8.03894 -29.6185 0
rfingers 7.12502 0 0
rthumb 17.8689 -778.777 0
866
root 4.01117 16.5476 29.5057 -14.6024 17.6137 359.541
lfemur -12.6698 7.70842 -19.5162
ltibia 35.7267 0 0
lfoot -6.72463 -24.6187 0
ltoes 20.7679 0 0
rfemur -63.1463 -5.30536 13.3274
rtibia 51.9856 0 0
rfoot 4.49741 4.31544 0
rtoes -16.4603 0 0
lowerback 14.0502 -1.59403 -5.05272
upperback 4.61927 -2.84397 -1.52728
thorax -2.80368 -1.4064 1.7069
lowerneck -6.83559 -3.09885 2.41369
upperneck 6.79222 -4.68008 3.54313
head 3.44162 -2.10646 0.498384
lclavicle 1.30459e-14 1.04591e-14 0
lhumerus -34.951 -24.5455 80.8094
lradius 57.9862 0 0
lwrist 23.2565 0 0
lhand 10.1243 4.79169 0
lfingers 7.12502 0 0
lthumb 35.235 31.2143 0
rclavicle 1.30459e-14 1.04591e-14 0
rhumerus -49.9795 -5.80217 -49.815
rradius 53.3883 0 0
rwrist -1.05638 0 0
rhand -9.19379 -29.3776 0
rfingers 7.12502 0 0
rthumb 16.7555 -778.6 0
867
root 4.00884 16.5403 29.5636 -14.565 17.5586 359.84
lfemur -12.4879 8.16694 -19.7579
ltibia 35.9459 0 0
lfoot -7.27938 -23.4474 0
ltoes 19.2816 0 0
rfemur -64.7777 -6.51498 15.8908
rtibia 54.1155 0 0
rfoot 4.79394 5.56748 0
rtoes -17.5444 0 0
lowerback 14.4608 -1.62449 -5.34792
upperback 4.76478 -2.95946 -1.70643
thorax -2.85136 -1.4631 1.71632
lowerneck -6.88529 -3.03267 2.4178
upperneck 6.40283 -4.58017 3.59993
head 3.31896 -2.06378 0.521823
lclavicle 2.23503e-14 8.13486e-15 0
lhumerus -34.7917 -25.3798 80.9006
lradius 58.6343 0 0
lwrist 23.438 0 0
lhand 10.8903 5.11888 0
lfingers 7.12502 0 0
lthumb 35.9575 31.3377 0
rclavicle 2.23503e-14 8.13486e-15 0
rhumerus -49.812 -7.57174 -49.1998
rradius 54.041 0 0
rwrist -2.14585 0 0
rhand -10.3486 -29.1368 0
rfingers 7.12502 0 0
rthumb 15.6421 -778.424 0
868
root 4.00652 16.533 29.6216 -14.5275 17.5035 360.14
lfemur -12.306 8.62545 -19.9997
ltibia 36.1652 0 0
lfoot -7.83414 -22.276 0
ltoes 17.7953 0 0
rfemur -66.4091 -7.72461 18.4543
rtibia 56.2455 0 0
rfoot 5.09046 6.81953 0
rtoes -18.6285 0 0
lowerback 14.8713 -1.65494 -5.64313
upperback 4.91029 -3.07494 -1.88558
thorax -2.89904 -1.5198 1.72573
lowerneck -6.93499 -2.96649 2.42192
upperneck 6.01345 -4.48027 3.65673
head 3.19629 -2.02109 0.545263
lclavicle 3.16546e-14 5.81062e-15 0
lhumerus -34.6323 -26.2142 80.9917
lradius 59.2824 0 0
lwrist 23.6194 0 0
lhand 11.6563 5.44606 0
lfingers 7.12502 0 0
lthumb 36.6799 31.4612 0
rclavicle 3.16546e-14 5.81062e-15 0
rhumerus -49.6446 -9.3413 -48.5845
rradius 54.6936 0 0
rwrist -3.23531 0 0
rhand -11.5035 -28.8959 0
rfingers 7.12502 0 0
rthumb 14.5287 -778.247 0
869
root 4.00419 16.5257 29.6795 -14.49 17.4483 360.439
lfemur -12.1241 9.08397 -20.2415
ltibia 36.3844 0 0
lfoot -8.38889 -21.1047 0
ltoes 16.309 0 0
rfemur -68.0405 -8.93423 21.0178
rtibia 58.3754 0 0
rfoot 5.38699 8.07157 0
rtoes -19.7126 0 0
lowerback 15.2818 -1.68539 -5.93834
upperback 5.05581 -3.19042 -2.06472
thorax -2.94672 -1.57649 1.73514
lowerneck -6.98469 -2.90032 2.42603
upperneck 5.62406 -4.38036 3.71353
head 3.07363 -1.97841 0.568703
lclavicle 4.0959e-14 3.48637e-15 0
lhumerus -34.473 -27.0485 81.0829
lradius 59.9305 0 0
lwrist 23.8008 0 0
lhand 12.4223 5.77324 0
lfingers 7.12502 0 0
lthumb 37.4024 31.5846 0
rclavicle 4.0959e-14 3.48637e-15 0
rhumerus -49.4772 -11.1109 -47.9692
rradius 55.3463 0 0
rwrist -4.32478 0 0
rhand -12.6584 -28.6551 0
rfingers 7.12502 0 0
rthumb 13.4153 -778.071 0
870
root 4.00186 16.5184 29.7375 -14.4525 17.3932 360.738
lfemur -11.9422 9.54249 -20.4833
ltibia 36.6037 0 0
lfoot -8.94364 -19.9334 0
ltoes 14.8227 0 0
rfemur -69.6719 -10.1438 23.5813
rtibia 60.5053 0 0
rfoot 5.68351 9.32361 0
rtoes -20.7967 0 0
lowerback 15.6923 -1.71584 -6.23355
upperback 5.20132 -3.3059 -2.24387
thorax -2.9944 -1.63319 1.74455
lowerneck -7.03439 -2.83414 2.43014
upperneck 5.23467 -4.28045 3.77033
head 2.95097 -1.93573 0.592143
lclavicle 5.02634e-14 1.16212e-15 0
lhumerus -34.3136 -27.8828 81.174
lradius 60.5786 0 0
lwrist 23.9822 0 0
lhand 13.1883 6.10042 0
lfingers 7.12502 0 0
lthumb 38.1249 31.708 0
rclavicle 5.02634e-14 1.16212e-15 0
rhumerus -49.3098 -12.8804 -47.3539
rradius 55.9989 0 0
rwrist -5.41424 0 0
rhand -13.8132 -28.4143 0
rfingers 7.12502 0 0
rthumb 12.3019 -777.895 0
871
root 3.99953 16.5112 29.7954 -14.4151 17.3381 361.038
lfemur -11.7604 10.001 -20.725
ltibia 36.8229 0 0
lfoot -9.49839 -18.762 0
ltoes 13.3364 0 0
rfemur -71.3032 -11.3535 26.1448
rtibia 62.6353 0 0
rfoot 5.98004 10.5757 0
rtoes -21.8807 0 0
lowerback 16.1029 -1.7463 -6.52875
upperback 5.34683 -3.42139 -2.42302
thorax -3.04207 -1.68989 1.75397
lowerneck -7.08408 -2.76796 2.43426
upperneck 4.84529 -4.18054 3.82712
head 2.8283 -1.89305 0.615582
lclavicle 5.95678e-14 -1.16212e-15 0
lhumerus -34.1543 -28.7172 81.2652
lradius 61.2266 0 0
lwrist 24.1637 0 0
lhand 13.9543 6.42761 0
lfingers 7.12502 0 0
lthumb 38.8474 31.8314 0
rclavicle 5.95678e-14 -1.16212e-15 0
rhumerus -49.1423 -14.65 -46.7387
rradius 56.6516 0 0
rwrist -6.50371 0 0
rhand -14.9681 -28.1734 0
rfingers 7.12502 0 0
rthumb 11.1885 -777.718 0
872
root 3.9972 16.5039 29.8534 -14.3776 17.283 361.337
lfemur -11.5785 10.4595 -20.9668
ltibia 37.0422 0 0
lfoot -10.0531 -17.5907 0
ltoes 11.8501 0 0
rfemur -72.9346 -12.5631 28.7083
rtibia 64.7652 0 0
rfoot 6.27656 11.8277 0
rtoes -22.9648 0 0
lowerback 16.5134 -1.77675 -6.82396
upperback 5.49234 -3.53687 -2.60217
thorax -3.08975 -1.74659 1.76338
lowerneck -7.13378 -2.70178 2.43837
upperneck 4.4559 -4.08063 3.88392
head 2.70564 -1.85037 0.639022
lclavicle 6.88721e-14 -3.48637e-15 0
lhumerus -33.9949 -29.5515 81.3563
lradius 61.8747 0 0
lwrist 24.3451 0 0
lhand 14.7203 6.75479 0
lfingers 7.12502 0 0
lthumb 39.5699 31.9548 0
rclavicle 6.88721e-14 -3.48637e-15 0
rhumerus -48.9749 -16.4196 -46.1234
rradius 57.3042 0 0
rwrist -7.59317 0 0
rhand -16.1229 -27.9326 0
rfingers 7.12502 0 0
rthumb 10.0751 -777.542 0
873
root 3.99487 16.4966 29.9113 -14.3401 17.2278 361.636
lfemur -11.3966 10.918 -21.2086
ltibia 37.2614 0 0
lfoot -10.6079 -16.4194 0
ltoes 10.3638 0 0
rfemur -74.566 -13.7727 31.2718
rtibia 66.8951 0 0
rfoot 6.57309 13.0797 0
rtoes -24.0489 0 0
lowerback 16.9239 -1.8072 -7.11917
upperback 5.63786 -3.65235 -2.78131
thorax -3.13743 -1.80328 1.77279
lowerneck -7.18348 -2.63561 2.44248
upperneck 4.06651 -3.98072 3.94072
head 2.58298 -1.80769 0.662462
lclavicle 7.81765e-14 -5.81062e-15 0
lhumerus -33.8356 -30.3858 81.4475
lradius 62.5228 0 0
lwrist 24.5265 0 0
lhand 15.4863 7.08197 0
lfingers 7.12502 0 0
lthumb 40.2924 32.0782 0
rclavicle 7.81765e-14 -5.81062e-15 0
rhumerus -48.8075 -18.1891 -45.5081
rradius 57.9569 0 0
rwrist -8.68264 0 0
rhand -17.2778 -27.6918 0
rfingers 7.12502 0 0
rthumb 8.96169 -777.366 0
874
root 3.99255 16.4893 29.9693 -14.3026 17.1727 361.936
lfemur -11.2147 11.3766 -21.4504
ltibia 37.4807 0 0
lfoot -11.1626 -15.248 0
ltoes 8.87748 0 0
rfemur -76.1974 -14.9823 33.8352
rtibia 69.0251 0 0
rfoot 6.86961 14.3318 0
rtoes -25.133 0 0
lowerback 17.3344 -1.83765 -7.41438
upperback 5.78337 -3.76783 -2.96046
thorax -3.18511 -1.85998 1.7822
lowerneck -7.23318 -2.56943 2.4466
upperneck 3.67713 -3.88082 3.99752
head 2.46031 -1.765 0.685902
lclavicle 8.74809e-14 -8.13486e-15 0
lhumerus -33.6762 -31.2202 81.5386
lradius 63.1709 0 0
lwrist 24.7079 0 0
lhand 16.2523 7.40915 0
lfingers 7.12502 0 0
lthumb 41.0148 32.2017 0
rclavicle 8.74809e-14 -8.13486e-15 0
rhumerus -48.6401 -19.9587 -44.8928
rradius 58.6095 0 0
rwrist -9.7721 0 0
rhand -18.4326 -27.4509 0
rfingers 7.12502 0 0
rthumb 7.84828 -777.189 0
875
root 3.99022 16.482 30.0272 -14.2652 17.1176 362.235
lfemur -11.0328 11.8351 -21.6921
ltibia 37.6999 0 0
lfoot -11.7174 -14.0767 0
ltoes 7.39118 0 0
rfemur -77.8288 -16.192 36.3987
rtibia 71.155 0 0
rfoot 7.16614 15.5838 0
rtoes -26.2171 0 0
lowerback 17.745 -1.86811 -7.70958
upperback 5.92888 -3.88332 -3.13961
thorax -3.23279 -1.91668 1.79162
lowerneck -7.28288 -2.50325 2.45071
upperneck 3.28774 -3.78091 4.05432
head 2.33765 -1.72232 0.709341
lclavicle 9.67853e-14 -1.04591e-14 0
lhumerus -33.5169 -32.0545 81.6298
lradius 63.819 0 0
lwrist 24.8894 0 0
lhand 17.0183 7.73634 0
lfingers 7.12502 0 0
lthumb 41.7373 32.3251 0
rclavicle 9.67853e-14 -1.04591e-14 0
rhumerus -48.4726 -21.7283 -44.2776
rradius 59.2622 0 0
rwrist -10.8616 0 0
rhand -19.5875 -27.2101 0
rfingers 7.12502 0 0
rthumb 6.73488 -777.013 0
876
root 3.98789 16.4747 30.0852 -14.2277 17.0624 362.535
lfemur -10.8509 12.2936 -21.9339
ltibia 37.9192 0 0
lfoot -12.2721 -12.9053 0
ltoes 5.90488 0 0
rfemur -79.4602 -17.4016 38.9622
rtibia 73.285 0 0
rfoot 7.46266 16.8359 0
rtoes -27.3012 0 0
lowerback 18.1555 -1.89856 -8.00479
upperback 6.0744 -3.9988 -3.31875
thorax -3.28047 -1.97337 1.80103
lowerneck -7.33258 -2.43708 2.45483
upperneck 2.89836 -3.681 4.11112
head 2.21498 -1.67964 0.732781
lclavicle 1.0609e-13 -1.27834e-14 0
lhumerus -33.3575 -32.8889 81.7209
lradius 64.4671 0 0
lwrist 25.0708 0 0
lhand 17.7843 8.06352 0
lfingers 7.12502 0 0
lthumb 42.4598 32.4485 0
rclavicle 1.0609e-13 -1.27834e-14 0
rhumerus -48.3052 -23.4978 -43.6623
rradius 59.9148 0 0
rwrist -11.951 0 0
rhand -20.7423 -26.9692 0
rfingers 7.12502 0 0
rthumb 5.62148 -776.836 0
877
root 3.98556 16.4674 30.1431 -14.1902 17.0073 362.834
lfemur -10.669 12.7521 -22.1757
ltibia 38.1384 0 0
lfoot -12.8269 -11.734 0
ltoes 4.41858 0 0
rfemur -81.0916 -18.6112 41.5257
rtibia 75.4149 0 0
rfoot 7.75919 18.0879 0
rtoes -28.3853 0 0
lowerback 18.566 -1.92901 -8.3
upperback 6.21991 -4.11428 -3.4979
thorax -3.32815 -2.03007 1.81044
lowerneck -7.38228 -2.3709 2.45894
upperneck 2.50897 -3.58109 4.16792
head 2.09232 -1.63696 0.756221
lclavicle 1.15394e-13 -1.51076e-14 0
lhumerus -33.1982 -33.7232 81.8121
lradius 65.1152 0 0
lwrist 25.2522 0 0
lhand 18.5503 8.3907 0
lfingers 7.12502 0 0
lthumb 43.1823 32.5719 0
rclavicle 1.15394e-13 -1.51076e-14 0
rhumerus -48.1378 -25.2674 -43.047
rradius 60.5675 0 0
rwrist -13.0405 0 0
rhand -21.8972 -26.7284 0
rfingers 7.12502 0 0
rthumb 4.50808 -776.66 0
878
root 3.96646 16.4753 30.2021 -13.7603 18.1157 362.441
lfemur -11.2155 13.5965 -21.7907
ltibia 38.4132 0 0
lfoot -13.0719 -10.0466 0
ltoes 2.70624 0 0
rfemur -81.9036 -19.2226 40.7651
rtibia 80.3672 0 0
rfoot 9.60058 20.5686 0
rtoes -26.6786 0 0
lowerback 18.2519 -2.30577 -8.16191
upperback 6.14534 -4.54849 -3.41742
thorax -3.21149 -2.24683 1.88868
lowerneck -7.34725 -2.46977 2.3522
upperneck 2.68827 -3.71791 4.32626
head 2.15306 -1.69765 0.819088
lclavicle -8.84592e-15 5.1684e-14 0
lhumerus -32.9671 -34.9216 82.5924
lradius 64.4648 0 0
lwrist 24.832 0 0
lhand 19.7685 9.17922 0
lfingers 7.12502 0 0
lthumb 44.3194 32.9419 0
rclavicle -8.84592e-15 5.1684e-14 0
rhumerus -48.3204 -26.5548 -43.2909
rradius 62.2394 0 0
rwrist -16.2513 0 0
rhand -27.1368 -28.8165 0
rfingers 7.12502 0 0
rthumb -0.552174 -778.796 0
879
root 3.94497 16.4863 30.2635 -13.2433 19.2928 361.916
lfemur -11.9503 14.583 -21.2876
ltibia 38.7618 0 0
lfoot -13.1904 -8.04217 0
ltoes 1.15203 0 0
rfemur -82.4639 -20.0259 40.0056
rtibia 85.1061 0 0
rfoot 11.6313 22.9565 0
rtoes -24.0828 0 0
lowerback 17.7758 -2.69619 -7.93175
upperback 6.00627 -4.97327 -3.27626
thorax -3.08273 -2.45904 1.96685
lowerneck -7.36038 -2.59305 2.23741
upperneck 2.99664 -3.89575 4.49189
head 2.26706 -1.77458 0.883126
lclavicle 8.37877e-14 1.11319e-14 0
lhumerus -32.7444 -36.1396 83.5077
lradius 63.6594 0 0
lwrist 24.1848 0 0
lhand 21.0465 9.94934 0
lfingers 7.12502 0 0
lthumb 45.5087 33.2457 0
rclavicle 8.37877e-14 1.11319e-14 0
rhumerus -48.5571 -27.6772 -43.6502
rradius 64.0301 0 0
rwrist -18.8761 0 0
rhand -32.3235 -31.7781 0
rfingers 7.12502 0 0
rthumb -5.56111 -781.685 0
880
root 3.922 16.499 30.327 -12.6689 20.4783 361.298
lfemur -12.8295 15.7281 -20.7108
ltibia 39.1738 0 0
lfoot -13.1776 -5.82273 0
ltoes -0.0852093 0 0
rfemur -82.6886 -20.9871 39.2422
rtibia 89.5917 0 0
rfoot 13.8262 24.8719 0
rtoes -20.5112 0 0
lowerback 17.1762 -3.0775 -7.63205
upperback 5.80932 -5.36947 -3.08606
thorax -2.95487 -2.65691 2.04166
lowerneck -7.41953 -2.73557 2.11677
upperneck 3.39586 -4.10532 4.6451
head 2.42134 -1.86457 0.942072
lclavicle 8.41853e-14 -3.73715e-14 0
lhumerus -32.5829 -37.3419 84.5518
lradius 62.7825 0 0
lwrist 23.3104 0 0
lhand 22.3456 10.6477 0
lfingers 7.12502 0 0
lthumb 46.7136 33.4391 0
rclavicle 8.41853e-14 -3.73715e-14 0
rhumerus -48.8057 -28.5912 -44.159
rradius 65.931 0 0
rwrist -20.828 0 0
rhand -37.2326 -35.8404 0
rfingers 7.12502 0 0
rthumb -10.299 -785.568 0
881
root 3.89842 16.5116 30.3928 -12.0634 21.6234 360.633
lfemur -13.8042 17.031 -20.1088
ltibia 39.6343 0 0
lfoot -13.0849 -3.58051 0
ltoes -0.902245 0 0
rfemur -82.5037 -22.0685 38.4419
rtibia 93.7871 0 0
rfoot 15.9989 26.0786 0
rtoes -16.2502 0 0
lowerback 16.4923 -3.43098 -7.29414
upperback 5.56416 -5.7236 -2.86213
thorax -2.83686 -2.83359 2.1133
lowerneck -7.51179 -2.89324 1.99053
upperneck 3.83756 -4.3375 4.7726
head 2.59748 -1.96488 0.992072
lclavicle 3.74709e-14 7.95139e-15 0
lhumerus -32.5419 -38.494 85.7151
lradius 61.9255 0 0
lwrist 22.23 0 0
lhand 23.6165 11.2232 0
lfingers 7.12502 0 0
lthumb 47.888 33.4881 0
rclavicle 3.74709e-14 7.95139e-15 0
rhumerus -49.0251 -29.2525 -44.8559
rradius 67.9407 0 0
rwrist -22.1383 0 0
rhand -41.5964 -41.1356 0
rfingers 7.12502 0 0
rthumb -14.5063 -790.608 0
882
root 3.87494 16.5225 30.4609 -11.4453 22.6945 359.969
lfemur -14.829 18.4697 -19.5282
ltibia 40.1253 0 0
lfoot -13.0012 -1.54277 0
ltoes -1.30249 0 0
rfemur -81.8539 -23.233 37.5542
rtibia 97.6548 0 0
rfoot 17.8718 26.5071 0
rtoes -11.9104 0 0
lowerback 15.7593 -3.74424 -6.95379
upperback 5.28198 -6.02903 -2.6212
thorax -2.73297 -2.98578 2.18497
lowerneck -7.61831 -3.06352 1.85747
upperneck 4.27285 -4.58492 4.86985
head 2.77554 -2.07368 1.0323
lclavicle 5.20816e-14 -9.54166e-15 0
lhumerus -32.6772 -39.5671 86.9847
lradius 61.1743 0 0
lwrist 20.9881 0 0
lhand 24.7997 11.636 0
lfingers 7.12502 0 0
lthumb 48.9772 33.3797 0
rclavicle 5.20816e-14 -9.54166e-15 0
rhumerus -49.1819 -29.6226 -45.7767
rradius 70.0621 0 0
rwrist -22.9294 0 0
rhand -45.1612 -47.5347 0
rfingers 7.12502 0 0
rthumb -17.9387 -796.727 0
883
root 3.85132 16.5379 30.5304 -10.8228 23.591 359.443
lfemur -15.7679 19.999 -19.1233
ltibia 40.4476 0 0
lfoot -13.0477 -0.455047 0
ltoes -1.24122 0 0
rfemur -80.1276 -24.4648 36.2747
rtibia 100.642 0 0
rfoot 18.6788 25.6734 0
rtoes -9.17391 0 0
lowerback 15.0106 -3.9693 -6.72379
upperback 4.96348 -6.24711 -2.40074
thorax -2.65119 -3.09423 2.27233
lowerneck -7.69306 -3.25615 1.70799
upperneck 4.57629 -4.85037 4.92891
head 2.90529 -2.19704 1.06196
lclavicle 3.02815e-14 -1.37824e-14 0
lhumerus -33.272 -40.4367 88.4079
lradius 60.8202 0 0
lwrist 19.662 0 0
lhand 25.6199 11.7118 0
lfingers 7.12502 0 0
lthumb 49.7275 33.0587 0
rclavicle 3.02815e-14 -1.37824e-14 0
rhumerus -49.1702 -29.3395 -47.219
rradius 72.4158 0 0
rwrist -23.211 0 0
rhand -46.8313 -53.764 0
rfingers 7.12502 0 0
rthumb -19.5437 -859.518 0
884
root 3.82769 16.5533 30.6 -10.2002 24.4874 358.917
lfemur -16.7068 21.5284 -18.7184
ltibia 40.77 0 0
lfoot -13.0942 0.632677 0
ltoes -1.17994 0 0
rfemur -78.4014 -25.6966 34.9953
rtibia 103.629 0 0
rfoot 19.4859 24.8398 0
rtoes -6.43743 0 0
lowerback 14.2618 -4.19437 -6.4938
upperback 4.64497 -6.46519 -2.18029
thorax -2.56942 -3.20269 2.35968
lowerneck -7.7678 -3.44878 1.55851
upperneck 4.87972 -5.11583 4.98796
head 3.03505 -2.32039 1.09162
lclavicle 8.48147e-15 -1.80232e-14 0
lhumerus -33.8667 -41.3063 89.831
lradius 60.4662 0 0
lwrist 18.3359 0 0
lhand 26.4402 11.7875 0
lfingers 7.12502 0 0
lthumb 50.4777 32.7376 0
rclavicle 8.48147e-15 -1.80232e-14 0
rhumerus -49.1586 -29.0563 -48.6614
rradius 74.7695 0 0
rwrist -23.4925 0 0
rhand -48.5015 -59.9934 0
rfingers 7.12502 0 0
rthumb -21.1488 -922.308 0
885
root 3.80407 16.5687 30.6695 -9.57769 25.3839 358.391
lfemur -17.6457 23.0577 -18.3135
ltibia 41.0923 0 0
lfoot -13.1407 1.7204 0
ltoes -1.11867 0 0
rfemur -76.6751 -26.9284 33.7158
rtibia 106.616 0 0
rfoot 20.2929 24.0061 0
rtoes -3.70094 0 0
lowerback 13.5131 -4.41943 -6.2638
upperback 4.32647 -6.68327 -1.95983
thorax -2.48764 -3.31114 2.44704
lowerneck -7.84255 -3.64141 1.40903
upperneck 5.18316 -5.38128 5.04702
head 3.1648 -2.44375 1.12128
lclavicle -1.33186e-14 -2.22639e-14 0
lhumerus -34.4615 -42.1759 91.2542
lradius 60.1121 0 0
lwrist 17.0098 0 0
lhand 27.2604 11.8633 0
lfingers 7.12502 0 0
lthumb 51.228 32.4166 0
rclavicle -1.33186e-14 -2.22639e-14 0
rhumerus -49.1469 -28.7732 -50.1037
rradius 77.1232 0 0
rwrist -23.7741 0 0
rhand -50.1716 -66.2227 0
rfingers 7.12502 0 0
rthumb -22.7538 -985.099 0
886
root 3.78689 16.5645 30.7459 -8.92665 25.9727 358.331
lfemur -18.4611 24.043 -18.3885
ltibia 41.4116 0 0
lfoot -13.4334 1.38619 0
ltoes -0.971211 0 0
rfemur -73.4211 -27.5541 31.2651
rtibia 107.741 0 0
rfoot 19.9409 22.2903 0
rtoes -3.76814 0 0
lowerback 12.8176 -4.51616 -6.33402
upperback 4.02892 -6.78222 -1.87955
thorax -2.39385 -3.36039 2.52842
lowerneck -7.81262 -3.8714 1.22635
upperneck 5.18564 -5.67384 5.1032
head 3.17636 -2.59094 1.15614
lclavicle -2.31087e-14 -1.84472e-14 0
lhumerus -35.7631 -42.6548 92.7714
lradius 60.4517 0 0
lwrist 16.3238 0 0
lhand 27.2704 11.8492 0
lfingers 7.12502 0 0
lthumb 51.2371 32.3973 0
rclavicle -2.31087e-14 -1.84472e-14 0
rhumerus -48.9407 -27.2926 -52.4557
rradius 79.7756 0 0
rwrist -23.4253 0 0
rhand -48.9385 -64.7908 0
rfingers 7.12502 0 0
rthumb -21.5684 -949.75 0
887
root 3.76971 16.5604 30.8223 -8.27561 26.5614 358.272
lfemur -19.2765 25.0282 -18.4635
ltibia 41.7309 0 0
lfoot -13.726 1.05198 0
ltoes -0.823751 0 0
rfemur -70.167 -28.1798 28.8143
rtibia 108.866 0 0
rfoot 19.589 20.5745 0
rtoes -3.83535 0 0
lowerback 12.1221 -4.6129 -6.40424
upperback 3.73137 -6.88116 -1.79927
thorax -2.30006 -3.40964 2.60979
lowerneck -7.78269 -4.10138 1.04368
upperneck 5.18812 -5.9664 5.15938
head 3.18792 -2.73813 1.191
lclavicle -3.28989e-14 -1.46306e-14 0
lhumerus -37.0648 -43.1337 94.2885
lradius 60.7912 0 0
lwrist 15.6378 0 0
lhand 27.2805 11.8351 0
lfingers 7.12502 0 0
lthumb 51.2462 32.378 0
rclavicle -3.28989e-14 -1.46306e-14 0
rhumerus -48.7346 -25.812 -54.8078
rradius 82.4281 0 0
rwrist -23.0765 0 0
rhand -47.7054 -63.3589 0
rfingers 7.12502 0 0
rthumb -20.3831 -914.401 0
888
root 3.75254 16.5562 30.8986 -7.62456 27.1502 358.212
lfemur -20.0918 26.0135 -18.5384
ltibia 42.0501 0 0
lfoot -14.0187 0.717763 0
ltoes -0.676292 0 0
rfemur -66.913 -28.8056 26.3636
rtibia 109.991 0 0
rfoot 19.237 18.8588 0
rtoes -3.90255 0 0
lowerback 11.4267 -4.70963 -6.47447
upperback 3.43383 -6.98011 -1.719
thorax -2.20628 -3.45889 2.69117
lowerneck -7.75275 -4.33137 0.861003
upperneck 5.19061 -6.25896 5.21556
head 3.19948 -2.88533 1.22586
lclavicle -4.2689e-14 -1.08139e-14 0
lhumerus -38.3664 -43.6125 95.8057
lradius 61.1308 0 0
lwrist 14.9518 0 0
lhand 27.2905 11.8209 0
lfingers 7.12502 0 0
lthumb 51.2554 32.3587 0
rclavicle -4.2689e-14 -1.08139e-14 0
rhumerus -48.5284 -24.3313 -57.1598
rradius 85.0805 0 0
rwrist -22.7277 0 0
rhand -46.4722 -61.9271 0
rfingers 7.12502 0 0
rthumb -19.1977 -879.052 0
889
root 3.73536 16.5521 30.975 -6.97352 27.7389 358.153
lfemur -20.9072 26.9987 -18.6134
ltibia 42.3694 0 0
lfoot -14.3113 0.38355 0
ltoes -0.528832 0 0
rfemur -63.6589 -29.4313 23.9128
rtibia 111.116 0 0
rfoot 18.8851 17.143 0
rtoes -3.96976 0 0
lowerback 10.7312 -4.80637 -6.54469
upperback 3.13628 -7.07905 -1.63872
thorax -2.11249 -3.50814 2.77254
lowerneck -7.72282 -4.56135 0.678328
upperneck 5.19309 -6.55152 5.27174
head 3.21104 -3.03252 1.26072
lclavicle -5.24792e-14 -6.99722e-15 0
lhumerus -39.6681 -44.0914 97.3228
lradius 61.4703 0 0
lwrist 14.2658 0 0
lhand 27.3006 11.8068 0
lfingers 7.12502 0 0
lthumb 51.2645 32.3394 0
rclavicle -5.24792e-14 -6.99722e-15 0
rhumerus -48.3223 -22.8507 -59.5119
rradius 87.733 0 0
rwrist -22.3789 0 0
rhand -45.2391 -60.4952 0
rfingers 7.12502 0 0
rthumb -18.0124 -843.703 0
890
root 3.71818 16.5479 31.0514 -6.32248 28.3277 358.093
lfemur -21.7226 27.984 -18.6884
ltibia 42.6887 0 0
lfoot -14.604 0.0493379 0
ltoes -0.381373 0 0
rfemur -60.4049 -30.057 21.4621
rtibia 112.241 0 0
rfoot 18.5331 15.4272 0
rtoes -4.03696 0 0
lowerback 10.0357 -4.9031 -6.61491
upperback 2.83873 -7.178 -1.55844
thorax -2.0187 -3.55739 2.85392
lowerneck -7.69289 -4.79134 0.495652
upperneck 5.19557 -6.84408 5.32792
head 3.2226 -3.17971 1.29558
lclavicle -6.22693e-14 -3.18055e-15 0
lhumerus -40.9697 -44.5703 98.84
lradius 61.8099 0 0
lwrist 13.5798 0 0
lhand 27.3106 11.7927 0
lfingers 7.12502 0 0
lthumb 51.2736 32.3201 0
rclavicle -6.22693e-14 -3.18055e-15 0
rhumerus -48.1161 -21.3701 -61.8639
rradius 90.3854 0 0
rwrist -22.0301 0 0
rhand -44.006 -59.0633 0
rfingers 7.12502 0 0
rthumb -16.827 -808.354 0
891
root 3.67104 16.525 31.0867 -6.06258 27.6923 358.235
lfemur -21.1938 27.4241 -18.2685
ltibia 41.9407 0 0
lfoot -14.9357 -0.253747 0
ltoes -0.991933 0 0
rfemur -59.7877 -29.6482 20.8405
rtibia 110.92 0 0
rfoot 17.8397 15.0919 0
rtoes -4.85395 0 0
lowerback 9.76203 -4.82244 -6.48922
upperback 2.75103 -7.05644 -1.67468
thorax -1.97268 -3.49786 2.64567
lowerneck -7.67771 -4.68142 0.553361
upperneck 5.1328 -6.6973 5.29639
head 3.19455 -3.10864 1.28218
lclavicle -6.096e-14 -4.38137e-15 0
lhumerus -41.3364 -44.551 99.0979
lradius 61.6838 0 0
lwrist 13.8278 0 0
lhand 27.5997 12.0455 0
lfingers 7.12502 0 0
lthumb 51.5253 32.3446 0
rclavicle -6.096e-14 -4.38137e-15 0
rhumerus -47.2079 -20.8088 -60.753
rradius 89.3953 0 0
rwrist -21.9341 0 0
rhand -43.4521 -58.6349 0
rfingers 7.12502 0 0
rthumb -16.2924 -807.935 0
892
root 3.6239 16.502 31.1219 -5.80268 27.0569 358.376
lfemur -20.665 26.8641 -17.8485
ltibia 41.1927 0 0
lfoot -15.2675 -0.556831 0
ltoes -1.60249 0 0
rfemur -59.1705 -29.2394 20.2189
rtibia 109.599 0 0
rfoot 17.1463 14.7566 0
rtoes -5.67095 0 0
lowerback 9.48836 -4.74178 -6.36352
upperback 2.66333 -6.93488 -1.79092
thorax -1.92665 -3.43833 2.43742
lowerneck -7.66253 -4.5715 0.611069
upperneck 5.07004 -6.55051 5.26486
head 3.16649 -3.03756 1.26878
lclavicle -5.96506e-14 -5.58219e-15 0
lhumerus -41.7031 -44.5318 99.3557
lradius 61.5576 0 0
lwrist 14.0759 0 0
lhand 27.8888 12.2984 0
lfingers 7.12502 0 0
lthumb 51.777 32.3691 0
rclavicle -5.96506e-14 -5.58219e-15 0
rhumerus -46.2998 -20.2474 -59.6422
rradius 88.4052 0 0
rwrist -21.8381 0 0
rhand -42.8981 -58.2065 0
rfingers 7.12502 0 0
rthumb -15.7578 -807.517 0
893
root 3.57677 16.4791 31.1572 -5.54278 26.4215 358.518
lfemur -20.1363 26.3042 -17.4286
ltibia 40.4448 0 0
lfoot -15.5992 -0.859915 0
ltoes -2.21305 0 0
rfemur -58.5534 -28.8305 19.5973
rtibia 108.278 0 0
rfoot 16.4529 14.4213 0
rtoes -6.48794 0 0
lowerback 9.21469 -4.66112 -6.23783
upperback 2.57563 -6.81333 -1.90716
thorax -1.88063 -3.37881 2.22916
lowerneck -7.64735 -4.46159 0.668778
upperneck 5.00727 -6.40373 5.23333
head 3.13844 -2.96649 1.25538
lclavicle -5.83413e-14 -6.78301e-15 0
lhumerus -42.0698 -44.5125 99.6136
lradius 61.4315 0 0
lwrist 14.3239 0 0
lhand 28.1779 12.5512 0
lfingers 7.12502 0 0
lthumb 52.0287 32.3936 0
rclavicle -5.83413e-14 -6.78301e-15 0
rhumerus -45.3916 -19.6861 -58.5313
rradius 87.4152 0 0
rwrist -21.742 0 0
rhand -42.3442 -57.7782 0
rfingers 7.12502 0 0
rthumb -15.2232 -807.098 0
894
root 3.52963 16.4561 31.1925 -5.28289 25.7861 358.66
lfemur -19.6075 25.7443 -17.0087
ltibia 39.6968 0 0
lfoot -15.9309 -1.163 0
ltoes -2.82361 0 0
rfemur -57.9362 -28.4217 18.9758
rtibia 106.958 0 0
rfoot 15.7594 14.0861 0
rtoes -7.30493 0 0
lowerback 8.94102 -4.58046 -6.11214
upperback 2.48793 -6.69177 -2.0234
thorax -1.8346 -3.31928 2.02091
lowerneck -7.63217 -4.35167 0.726487
upperneck 4.9445 -6.25695 5.2018
head 3.11038 -2.89542 1.24198
lclavicle -5.70319e-14 -7.98384e-15 0
lhumerus -42.4365 -44.4933 99.8714
lradius 61.3054 0 0
lwrist 14.572 0 0
lhand 28.4669 12.8041 0
lfingers 7.12502 0 0
lthumb 52.2804 32.4181 0
rclavicle -5.70319e-14 -7.98384e-15 0
rhumerus -44.4834 -19.1248 -57.4205
rradius 86.4251 0 0
rwrist -21.646 0 0
rhand -41.7902 -57.3498 0
rfingers 7.12502 0 0
rthumb -14.6887 -806.68 0
895
root 3.48249 16.4332 31.2277 -5.02299 25.1506 358.801
lfemur -19.0787 25.1843 -16.5887
ltibia 38.9488 0 0
lfoot -16.2626 -1.46608 0
ltoes -3.43417 0 0
rfemur -57.319 -28.0129 18.3542
rtibia 105.637 0 0
rfoot 15.066 13.7508 0
rtoes -8.12192 0 0
lowerback 8.66735 -4.4998 -5.98645
upperback 2.40023 -6.57021 -2.13964
thorax -1.78858 -3.25975 1.81266
lowerneck -7.61699 -4.24175 0.784196
upperneck 4.88174 -6.11017 5.17026
head 3.08233 -2.82434 1.22858
lclavicle -5.57226e-14 -9.18466e-15 0
lhumerus -42.8033 -44.474 100.129
lradius 61.1792 0 0
lwrist 14.82 0 0
lhand 28.756 13.0569 0
lfingers 7.12502 0 0
lthumb 52.5321 32.4426 0
rclavicle -5.57226e-14 -9.18466e-15 0
rhumerus -43.5753 -18.5634 -56.3096
rradius 85.435 0 0
rwrist -21.55 0 0
rhand -41.2363 -56.9214 0
rfingers 7.12502 0 0
rthumb -14.1541 -806.261 0
896
root 3.43535 16.4103 31.263 -4.76309 24.5152 358.943
lfemur -18.5499 24.6244 -16.1688
ltibia 38.2008 0 0
lfoot -16.5944 -1.76917 0
ltoes -4.04473 0 0
rfemur -56.7018 -27.6041 17.7326
rtibia 104.316 0 0
rfoot 14.3726 13.4155 0
rtoes -8.93892 0 0
lowerback 8.39368 -4.41914 -5.86075
upperback 2.31253 -6.44865 -2.25588
thorax -1.74255 -3.20022 1.60441
lowerneck -7.60181 -4.13183 0.841904
upperneck 4.81897 -5.96338 5.13873
head 3.05427 -2.75327 1.21519
lclavicle -5.44132e-14 -1.03855e-14 0
lhumerus -43.17 -44.4548 100.387
lradius 61.0531 0 0
lwrist 15.0681 0 0
lhand 29.0451 13.3098 0
lfingers 7.12502 0 0
lthumb 52.7838 32.4671 0
rclavicle -5.44132e-14 -1.03855e-14 0
rhumerus -42.6671 -18.0021 -55.1988
rradius 84.4449 0 0
rwrist -21.454 0 0
rhand -40.6824 -56.493 0
rfingers 7.12502 0 0
rthumb -13.6195 -805.843 0
897
root 3.38821 16.3873 31.2983 -4.50319 23.8798 359.085
lfemur -18.0211 24.0645 -15.7489
ltibia 37.4528 0 0
lfoot -16.9261 -2.07225 0
ltoes -4.65529 0 0
rfemur -56.0846 -27.1952 17.111
rtibia 102.995 0 0
rfoot 13.6792 13.0802 0
rtoes -9.75591 0 0
lowerback 8.12001 -4.33848 -5.73506
upperback 2.22483 -6.3271 -2.37212
thorax -1.69653 -3.1407 1.39616
lowerneck -7.58662 -4.02191 0.899613
upperneck 4.7562 -5.8166 5.1072
head 3.02622 -2.6822 1.20179
lclavicle -5.31039e-14 -1.15863e-14 0
lhumerus -43.5367 -44.4355 100.645
lradius 60.9269 0 0
lwrist 15.3161 0 0
lhand 29.3342 13.5626 0
lfingers 7.12502 0 0
lthumb 53.0355 32.4916 0
rclavicle -5.31039e-14 -1.15863e-14 0
rhumerus -41.7589 -17.4408 -54.0879
rradius 83.4549 0 0
rwrist -21.3579 0 0
rhand -40.1284 -56.0646 0
rfingers 7.12502 0 0
rthumb -13.0849 -805.424 0
898
root 3.34107 16.3644 31.3336 -4.24329 23.2444 359.226
lfemur -17.4924 23.5045 -15.3289
ltibia 36.7049 0 0
lfoot -17.2578 -2.37534 0
ltoes -5.26585 0 0
rfemur -55.4674 -26.7864 16.4894
rtibia 101.674 0 0
rfoot 12.9858 12.7449 0
rtoes -10.5729 0 0
lowerback 7.84634 -4.25782 -5.60937
upperback 2.13713 -6.20554 -2.48836
thorax -1.6505 -3.08117 1.18791
lowerneck -7.57144 -3.912 0.957322
upperneck 4.69343 -5.66982 5.07567
head 2.99816 -2.61112 1.18839
lclavicle -5.17946e-14 -1.27871e-14 0
lhumerus -43.9034 -44.4163 100.903
lradius 60.8008 0 0
lwrist 15.5641 0 0
lhand 29.6233 13.8155 0
lfingers 7.12502 0 0
lthumb 53.2872 32.5161 0
rclavicle -5.17946e-14 -1.27871e-14 0
rhumerus -40.8508 -16.8795 -52.977
rradius 82.4648 0 0
rwrist -21.2619 0 0
rhand -39.5745 -55.6363 0
rfingers 7.12502 0 0
rthumb -12.5503 -805.006 0
899
root 3.29394 16.3414 31.3688 -3.98339 22.609 359.368
lfemur -16.9636 22.9446 -14.909
ltibia 35.9569 0 0
lfoot -17.5896 -2.67842 0
ltoes -5.87641 0 0
rfemur -54.8503 -26.3776 15.8678
rtibia 100.353 0 0
rfoot 12.2924 12.4096 0
rtoes -11.3899 0 0
lowerback 7.57267 -4.17716 -5.48368
upperback 2.04943 -6.08398 -2.6046
thorax -1.60448 -3.02164 0.979653
lowerneck -7.55626 -3.80208 1.01503
upperneck 4.63067 -5.52304 5.04414
head 2.97011 -2.54005 1.17499
lclavicle -5.04852e-14 -1.39879e-14 0
lhumerus -44.2701 -44.397 101.161
lradius 60.6747 0 0
lwrist 15.8122 0 0
lhand 29.9124 14.0683 0
lfingers 7.12502 0 0
lthumb 53.5389 32.5406 0
rclavicle -5.04852e-14 -1.39879e-14 0
rhumerus -39.9426 -16.3181 -51.8662
rradius 81.4747 0 0
rwrist -21.1659 0 0
rhand -39.0205 -55.2079 0
rfingers 7.12502 0 0
rthumb -12.0157 -804.587 0
900
root 3.2468 16.3185 31.4041 -3.72349 21.9736 359.51
lfemur -16.4348 22.3847 -14.489
ltibia 35.2089 0 0
lfoot -17.9213 -2.98151 0
ltoes -6.48697 0 0
rfemur -54.2331 -25.9688 15.2463
rtibia 99.0323 0 0
rfoot 11.599 12.0743 0
rtoes -12.2069 0 0
lowerback 7.299 -4.09651 -5.35798
upperback 1.96173 -5.96242 -2.72084
thorax -1.55845 -2.96211 0.771402
lowerneck -7.54108 -3.69216 1.07274
upperneck 4.5679 -5.37625 5.01261
head 2.94205 -2.46897 1.16159
lclavicle -4.91759e-14 -1.51888e-14 0
lhumerus -44.6368 -44.3777 101.419
lradius 60.5485 0 0
lwrist 16.0602 0 0
lhand 30.2015 14.3211 0
lfingers 7.12502 0 0
lthumb 53.7906 32.5651 0
rclavicle -4.91759e-14 -1.51888e-14 0
rhumerus -39.0344 -15.7568 -50.7553
rradius 80.4846 0 0
rwrist -21.0699 0 0
rhand -38.4666 -54.7795 0
rfingers 7.12502 0 0
rthumb -11.4812 -804.168 0
901
root 3.19966 16.2956 31.4394 -3.4636 21.3382 359.651
lfemur -15.906 21.8247 -14.0691
ltibia 34.4609 0 0
lfoot -18.253 -3.28459 0
ltoes -7.09753 0 0
rfemur -53.6159 -25.5599 14.6247
rtibia 97.7114 0 0
rfoot 10.9055 11.739 0
rtoes -13.0239 0 0
lowerback 7.02533 -4.01585 -5.23229
upperback 1.87403 -5.84087 -2.83708
thorax -1.51243 -2.90259 0.56315
lowerneck -7.5259 -3.58224 1.13045
upperneck 4.50513 -5.22947 4.98108
head 2.914 -2.3979 1.14819
lclavicle -4.78665e-14 -1.63896e-14 0
lhumerus -45.0035 -44.3585 101.676
lradius 60.4224 0 0
lwrist 16.3083 0 0
lhand 30.4905 14.574 0
lfingers 7.12502 0 0
lthumb 54.0423 32.5896 0
rclavicle -4.78665e-14 -1.63896e-14 0
rhumerus -38.1263 -15.1955 -49.6445
rradius 79.4945 0 0
rwrist -20.9739 0 0
rhand -37.9127 -54.3511 0
rfingers 7.12502 0 0
rthumb -10.9466 -803.75 0
902
root 3.15252 16.2726 31.4746 -3.2037 20.7028 359.793
lfemur -15.3773 21.2648 -13.6492
ltibia 33.7129 0 0
lfoot -18.5847 -3.58768 0
ltoes -7.70809 0 0
rfemur -52.9987 -25.1511 14.0031
rtibia 96.3905 0 0
rfoot 10.2121 11.4038 0
rtoes -13.8409 0 0
lowerback 6.75166 -3.93519 -5.1066
upperback 1.78633 -5.71931 -2.95332
thorax -1.4664 -2.84306 0.354898
lowerneck -7.51072 -3.47233 1.18816
upperneck 4.44237 -5.08269 4.94955
head 2.88594 -2.32683 1.13479
lclavicle -4.65572e-14 -1.75904e-14 0
lhumerus -45.3702 -44.3392 101.934
lradius 60.2963 0 0
lwrist 16.5563 0 0
lhand 30.7796 14.8268 0
lfingers 7.12502 0 0
lthumb 54.294 32.6141 0
rclavicle -4.65572e-14 -1.75904e-14 0
rhumerus -37.2181 -14.6341 -48.5336
rradius 78.5045 0 0
rwrist -20.8778 0 0
rhand -37.3587 -53.9227 0
rfingers 7.12502 0 0
rthumb -10.412 -803.331 0
903
root 3.10538 16.2497 31.5099 -2.9438 20.0673 359.934
lfemur -14.8485 20.7049 -13.2292
ltibia 32.9649 0 0
lfoot -18.9165 -3.89076 0
ltoes -8.31865 0 0
rfemur -52.3815 -24.7423 13.3815
rtibia 95.0696 0 0
rfoot 9.51871 11.0685 0
rtoes -14.6579 0 0
lowerback 6.478 -3.85453 -4.98091
upperback 1.69863 -5.59775 -3.06957
thorax -1.42038 -2.78353 0.146646
lowerneck -7.49554 -3.36241 1.24587
upperneck 4.3796 -4.9359 4.91802
head 2.85789 -2.25575 1.12139
lclavicle -4.52479e-14 -1.87912e-14 0
lhumerus -45.7369 -44.32 102.192
lradius 60.1701 0 0
lwrist 16.8044 0 0
lhand 31.0687 15.0797 0
lfingers 7.12502 0 0
lthumb 54.5456 32.6385 0
rclavicle -4.52479e-14 -1.87912e-14 0
rhumerus -36.3099 -14.0728 -47.4227
rradius 77.5144 0 0
rwrist -20.7818 0 0
rhand -36.8048 -53.4944 0
rfingers 7.12502 0 0
rthumb -9.87741 -802.913 0
904
root 3.05825 16.2267 31.5452 -2.6839 19.4319 360.076
lfemur -14.3197 20.1449 -12.8093
ltibia 32.217 0 0
lfoot -19.2482 -4.19384 0
ltoes -8.92921 0 0
rfemur -51.7644 -24.3335 12.7599
rtibia 93.7488 0 0
rfoot 8.8253 10.7332 0
rtoes -15.4749 0 0
lowerback 6.20433 -3.77387 -4.85521
upperback 1.61093 -5.47619 -3.18581
thorax -1.37435 -2.724 -0.0616057
lowerneck -7.48036 -3.25249 1.30357
upperneck 4.31683 -4.78912 4.88649
head 2.82983 -2.18468 1.10799
lclavicle -4.39385e-14 -1.9992e-14 0
lhumerus -46.1036 -44.3007 102.45
lradius 60.044 0 0
lwrist 17.0524 0 0
lhand 31.3578 15.3325 0
lfingers 7.12502 0 0
lthumb 54.7973 32.663 0
rclavicle -4.39385e-14 -1.9992e-14 0
rhumerus -35.4018 -13.5115 -46.3119
rradius 76.5243 0 0
rwrist -20.6858 0 0
rhand -36.2508 -53.066 0
rfingers 7.12502 0 0
rthumb -9.34283 -802.494 0
905
root 3.01111 16.2038 31.5804 -2.424 18.7965 360.218
lfemur -13.7909 19.585 -12.3894
ltibia 31.469 0 0
lfoot -19.5799 -4.49693 0
ltoes -9.53977 0 0
rfemur -51.1472 -23.9246 12.1383
rtibia 92.4279 0 0
rfoot 8.13189 10.3979 0
rtoes -16.2918 0 0
lowerback 5.93066 -3.69321 -4.72952
upperback 1.52323 -5.35464 -3.30205
thorax -1.32833 -2.66448 -0.269858
lowerneck -7.46518 -3.14257 1.36128
upperneck 4.25407 -4.64234 4.85495
head 2.80178 -2.11361 1.09459
lclavicle -4.26292e-14 -2.11929e-14 0
lhumerus -46.4704 -44.2815 102.708
lradius 59.9178 0 0
lwrist 17.3004 0 0
lhand 31.6469 15.5854 0
lfingers 7.12502 0 0
lthumb 55.049 32.6875 0
rclavicle -4.26292e-14 -2.11929e-14 0
rhumerus -34.4936 -12.9501 -45.201
rradius 75.5342 0 0
rwrist -20.5898 0 0
rhand -35.6969 -52.6376 0
rfingers 7.12502 0 0
rthumb -8.80825 -802.076 0
906
root 2.96397 16.1808 31.6157 -2.1641 18.1611 360.359
lfemur -13.2621 19.0251 -11.9694
ltibia 30.721 0 0
lfoot -19.9117 -4.80001 0
ltoes -10.1503 0 0
rfemur -50.53 -23.5158 11.5168
rtibia 91.107 0 0
rfoot 7.43847 10.0626 0
rtoes -17.1088 0 0
lowerback 5.65699 -3.61255 -4.60383
upperback 1.43553 -5.23308 -3.41829
thorax -1.2823 -2.60495 -0.478109
lowerneck -7.45 -3.03265 1.41899
upperneck 4.1913 -4.49556 4.82342
head 2.77372 -2.04253 1.08119
lclavicle -4.13198e-14 -2.23937e-14 0
lhumerus -46.8371 -44.2622 102.966
lradius 59.7917 0 0
lwrist 17.5485 0 0
lhand 31.936 15.8382 0
lfingers 7.12502 0 0
lthumb 55.3007 32.712 0
rclavicle -4.13198e-14 -2.23937e-14 0
rhumerus -33.5854 -12.3888 -44.0902
rradius 74.5442 0 0
rwrist -20.4937 0 0
rhand -35.1429 -52.2092 0
rfingers 7.12502 0 0
rthumb -8.27366 -801.657 0
907
root 2.91683 16.1579 31.651 -1.9042 17.5257 360.501
lfemur -12.7334 18.4651 -11.5495
ltibia 29.973 0 0
lfoot -20.2434 -5.1031 0
ltoes -10.7609 0 0
rfemur -49.9128 -23.107 10.8952
rtibia 89.7862 0 0
rfoot 6.74506 9.72732 0
rtoes -17.9258 0 0
lowerback 5.38332 -3.53189 -4.47814
upperback 1.34783 -5.11152 -3.53453
thorax -1.23628 -2.54542 -0.686361
lowerneck -7.43482 -2.92274 1.4767
upperneck 4.12853 -4.34877 4.79189
head 2.74567 -1.97146 1.06779
lclavicle -4.00105e-14 -2.35945e-14 0
lhumerus -47.2038 -44.243 103.224
lradius 59.6656 0 0
lwrist 17.7965 0 0
lhand 32.2251 16.0911 0
lfingers 7.12502 0 0
lthumb 55.5524 32.7365 0
rclavicle -4.00105e-14 -2.35945e-14 0
rhumerus -32.6772 -11.8275 -42.9793
rradius 73.5541 0 0
rwrist -20.3977 0 0
rhand -34.589 -51.7808 0
rfingers 7.12502 0 0
rthumb -7.73908 -801.239 0
908
root 2.86969 16.135 31.6862 -1.64431 16.8903 360.643
lfemur -12.2046 17.9052 -11.1296
ltibia 29.225 0 0
lfoot -20.5751 -5.40618 0
ltoes -11.3714 0 0
rfemur -49.2956 -22.6982 10.2736
rtibia 88.4653 0 0
rfoot 6.05164 9.39203 0
rtoes -18.7428 0 0
lowerback 5.10965 -3.45123 -4.35244
upperback 1.26013 -4.98996 -3.65077
thorax -1.19026 -2.48589 -0.894613
lowerneck -7.41964 -2.81282 1.53441
upperneck 4.06577 -4.20199 4.76036
head 2.71761 -1.90039 1.0544
lclavicle -3.87011e-14 -2.47953e-14 0
lhumerus -47.5705 -44.2237 103.481
lradius 59.5394 0 0
lwrist 18.0446 0 0
lhand 32.5141 16.3439 0
lfingers 7.12502 0 0
lthumb 55.8041 32.761 0
rclavicle -3.87011e-14 -2.47953e-14 0
rhumerus -31.7691 -11.2661 -41.8685
rradius 72.564 0 0
rwrist -20.3017 0 0
rhand -34.0351 -51.3525 0
rfingers 7.12502 0 0
rthumb -7.2045 -800.82 0
909
root 2.82255 16.112 31.7215 -1.38441 16.2549 360.784
lfemur -11.6758 17.3453 -10.7096
ltibia 28.4771 0 0
lfoot -20.9068 -5.70927 0
ltoes -11.982 0 0
rfemur -48.6784 -22.2893 9.652
rtibia 87.1444 0 0
rfoot 5.35823 9.05674 0
rtoes -19.5598 0 0
lowerback 4.83598 -3.37057 -4.22675
upperback 1.17243 -4.86841 -3.76701
thorax -1.14423 -2.42637 -1.10286
lowerneck -7.40445 -2.7029 1.59212
upperneck 4.003 -4.05521 4.72883
head 2.68956 -1.82931 1.041
lclavicle -3.73918e-14 -2.59962e-14 0
lhumerus -47.9372 -44.2045 103.739
lradius 59.4133 0 0
lwrist 18.2926 0 0
lhand 32.8032 16.5968 0
lfingers 7.12502 0 0
lthumb 56.0558 32.7855 0
rclavicle -3.73918e-14 -2.59962e-14 0
rhumerus -30.8609 -10.7048 -40.7576
rradius 71.5739 0 0
rwrist -20.2057 0 0
rhand -33.4811 -50.9241 0
rfingers 7.12502 0 0
rthumb -6.66991 -800.402 0
910
root 2.77542 16.0891 31.7568 -1.12451 15.6195 360.926
lfemur -11.147 16.7853 -10.2897
ltibia 27.7291 0 0
lfoot -21.2386 -6.01235 0
ltoes -12.5926 0 0
rfemur -48.0613 -21.8805 9.03042
rtibia 85.8235 0 0
rfoot 4.66481 8.72145 0
rtoes -20.3768 0 0
lowerback 4.56231 -3.28991 -4.10106
upperback 1.08473 -4.74685 -3.88325
thorax -1.09821 -2.36684 -1.31112
lowerneck -7.38927 -2.59298 1.64983
upperneck 3.94023 -3.90842 4.6973
head 2.6615 -1.75824 1.0276
lclavicle -3.60825e-14 -2.7197e-14 0
lhumerus -48.3039 -44.1852 103.997
lradius 59.2872 0 0
lwrist 18.5407 0 0
lhand 33.0923 16.8496 0
lfingers 7.12502 0 0
lthumb 56.3075 32.81 0
rclavicle -3.60825e-14 -2.7197e-14 0
rhumerus -29.9527 -10.1435 -39.6467
rradius 70.5838 0 0
rwrist -20.1097 0 0
rhand -32.9272 -50.4957 0
rfingers 7.12502 0 0
rthumb -6.13533 -799.983 0
911
root 2.72828 16.0661 31.7921 -0.86461 14.984 361.068
lfemur -10.6182 16.2254 -9.86976
ltibia 26.9811 0 0
lfoot -21.5703 -6.31544 0
ltoes -13.2031 0 0
rfemur -47.4441 -21.4717 8.40883
rtibia 84.5027 0 0
rfoot 3.9714 8.38617 0
rtoes -21.1938 0 0
lowerback 4.28864 -3.20925 -3.97537
upperback 0.997026 -4.62529 -3.99949
thorax -1.05218 -2.30731 -1.51937
lowerneck -7.37409 -2.48306 1.70754
upperneck 3.87746 -3.76164 4.66577
head 2.63345 -1.68717 1.0142
lclavicle -3.47731e-14 -2.83978e-14 0
lhumerus -48.6706 -44.1659 104.255
lradius 59.161 0 0
lwrist 18.7887 0 0
lhand 33.3814 17.1024 0
lfingers 7.12502 0 0
lthumb 56.5592 32.8345 0
rclavicle -3.47731e-14 -2.83978e-14 0
rhumerus -29.0446 -9.58214 -38.5359
rradius 69.5938 0 0
rwrist -20.0136 0 0
rhand -32.3732 -50.0673 0
rfingers 7.12502 0 0
rthumb -5.60075 -799.564 0
912
root 2.68114 16.0432 31.8273 -0.604711 14.3486 361.209
lfemur -10.0895 15.6655 -9.44982
ltibia 26.2331 0 0
lfoot -21.902 -6.61852 0
ltoes -13.8137 0 0
rfemur -46.8269 -21.0629 7.78725
rtibia 83.1818 0 0
rfoot 3.27799 8.05088 0
rtoes -22.0108 0 0
lowerback 4.01497 -3.12859 -3.84967
upperback 0.909326 -4.50373 -4.11573
thorax -1.00616 -2.24778 -1.72762
lowerneck -7.35891 -2.37315 1.76524
upperneck 3.8147 -3.61486 4.63424
head 2.60539 -1.61609 1.0008
lclavicle -3.34638e-14 -2.95986e-14 0
lhumerus -49.0373 -44.1467 104.513
lradius 59.0349 0 0
lwrist 19.0367 0 0
lhand 33.6705 17.3553 0
lfingers 7.12502 0 0
lthumb 56.8109 32.859 0
rclavicle -3.34638e-14 -2.95986e-14 0
rhumerus -28.1364 -9.02081 -37.425
rradius 68.6037 0 0
rwrist -19.9176 0 0
rhand -31.8193 -49.6389 0
rfingers 7.12502 0 0
rthumb -5.06616 -799.146 0
913
root 2.634 16.0203 31.8626 -0.344813 13.7132 361.351
lfemur -9.56068 15.1055 -9.02989
ltibia 25.4851 0 0
lfoot -22.2338 -6.9216 0
ltoes -14.4242 0 0
rfemur -46.2097 -20.654 7.16567
rtibia 81.8609 0 0
rfoot 2.58457 7.71559 0
rtoes -22.8278 0 0
lowerback 3.7413 -3.04793 -3.72398
upperback 0.821625 -4.38218 -4.23197
thorax -0.960132 -2.18826 -1.93587
lowerneck -7.34373 -2.26323 1.82295
upperneck 3.75193 -3.46808 4.60271
head 2.57734 -1.54502 0.9874
lclavicle -3.21544e-14 -3.07994e-14 0
lhumerus -49.404 -44.1274 104.771
lradius 58.9088 0 0
lwrist 19.2848 0 0
lhand 33.9596 17.6081 0
lfingers 7.12502 0 0
lthumb 57.0626 32.8835 0
rclavicle -3.21544e-14 -3.07994e-14 0
rhumerus -27.2282 -8.45948 -36.3142
rradius 67.6136 0 0
rwrist -19.8216 0 0
rhand -31.2654 -49.2106 0
rfingers 7.12502 0 0
rthumb -4.53158 -798.727 0
914
root 2.58686 15.9973 31.8979 -0.0849143 13.0778 361.493
lfemur -9.0319 14.5456 -8.60995
ltibia 24.7372 0 0
lfoot -22.5655 -7.22469 0
ltoes -15.0348 0 0
rfemur -45.5925 -20.2452 6.54408
rtibia 80.54 0 0
rfoot 1.89116 7.3803 0
rtoes -23.6448 0 0
lowerback 3.46763 -2.96727 -3.59829
upperback 0.733925 -4.26062 -4.34821
thorax -0.914107 -2.12873 -2.14412
lowerneck -7.32855 -2.15331 1.88066
upperneck 3.68916 -3.32129 4.57118
head 2.54928 -1.47395 0.974001
lclavicle -3.08451e-14 -3.20003e-14 0
lhumerus -49.7707 -44.1082 105.029
lradius 58.7826 0 0
lwrist 19.5328 0 0
lhand 34.2487 17.861 0
lfingers 7.12502 0 0
lthumb 57.3143 32.908 0
rclavicle -3.08451e-14 -3.20003e-14 0
rhumerus -26.3201 -7.89815 -35.2033
rradius 66.6235 0 0
rwrist -19.7256 0 0
rhand -30.7114 -48.7822 0
rfingers 7.12502 0 0
rthumb -3.997 -798.309 0
915
root 2.53973 15.9744 31.9331 0.174984 12.4424 361.634
lfemur -8.50313 13.9857 -8.19002
ltibia 23.9892 0 0
lfoot -22.8972 -7.52777 0
ltoes -15.6454 0 0
rfemur -44.9754 -19.8364 5.9225
rtibia 79.2192 0 0
rfoot 1.19774 7.04502 0
rtoes -24.4618 0 0
lowerback 3.19396 -2.88661 -3.47259
upperback 0.646225 -4.13906 -4.46445
thorax -0.868082 -2.0692 -2.35238
lowerneck -7.31337 -2.04339 1.93837
upperneck 3.6264 -3.17451 4.53964
head 2.52123 -1.40287 0.960601
lclavicle -2.95358e-14 -3.32011e-14 0
lhumerus -50.1375 -44.0889 105.286
lradius 58.6565 0 0
lwrist 19.7809 0 0
lhand 34.5377 18.1138 0
lfingers 7.12502 0 0
lthumb 57.566 32.9325 0
rclavicle -2.95358e-14 -3.32011e-14 0
rhumerus -25.4119 -7.33682 -34.0925
rradius 65.6335 0 0
rwrist -19.6295 0 0
rhand -30.1575 -48.3538 0
rfingers 7.12502 0 0
rthumb -3.46241 -797.89 0
916
root 2.49259 15.9514 31.9684 0.434883 11.807 361.776
lfemur -7.97435 13.4257 -7.77008
ltibia 23.2412 0 0
lfoot -23.2289 -7.83086 0
ltoes -16.2559 0 0
rfemur -44.3582 -19.4276 5.30091
rtibia 77.8983 0 0
rfoot 0.504329 6.70973 0
rtoes -25.2788 0 0
lowerback 2.92029 -2.80595 -3.3469
upperback 0.558525 -4.0175 -4.58069
thorax -0.822057 -2.00967 -2.56063
lowerneck -7.29819 -1.93347 1.99608
upperneck 3.56363 -3.02773 4.50811
head 2.49317 -1.3318 0.947202
lclavicle -2.82264e-14 -3.44019e-14 0
lhumerus -50.5042 -44.0697 105.544
lradius 58.5303 0 0
lwrist 20.0289 0 0
lhand 34.8268 18.3667 0
lfingers 7.12502 0 0
lthumb 57.8177 32.957 0
rclavicle -2.82264e-14 -3.44019e-14 0
rhumerus -24.5037 -6.77549 -32.9816
rradius 64.6434 0 0
rwrist -19.5335 0 0
rhand -29.6035 -47.9254 0
rfingers 7.12502 0 0
rthumb -2.92783 -797.472 0
917
root 2.44545 15.9285 32.0037 0.694781 11.1716 361.918
lfemur -7.44557 12.8658 -7.35015
ltibia 22.4932 0 0
lfoot -23.5607 -8.13394 0
ltoes -16.8665 0 0
rfemur -43.741 -19.0187 4.67933
rtibia 76.5774 0 0
rfoot -0.189086 6.37444 0
rtoes -26.0958 0 0
lowerback 2.64662 -2.72529 -3.22121
upperback 0.470824 -3.89595 -4.69693
thorax -0.776033 -1.95015 -2.76888
lowerneck -7.28301 -1.82356 2.05379
upperneck 3.50086 -2.88095 4.47658
head 2.46512 -1.26072 0.933803
lclavicle -2.69171e-14 -3.56027e-14 0
lhumerus -50.8709 -44.0504 105.802
lradius 58.4042 0 0
lwrist 20.277 0 0
lhand 35.1159 18.6195 0
lfingers 7.12502 0 0
lthumb 58.0694 32.9815 0
rclavicle -2.69171e-14 -3.56027e-14 0
rhumerus -23.5956 -6.21416 -31.8707
rradius 63.6533 0 0
rwrist -19.4375 0 0
rhand -29.0496 -47.4971 0
rfingers 7.12502 0 0
rthumb -2.39325 -797.053 0
918
root 2.39831 15.9056 32.0389 0.95468 10.5362 362.059
lfemur -6.91679 12.3059 -6.93021
ltibia 21.7452 0 0
lfoot -23.8924 -8.43703 0
ltoes -17.477 0 0
rfemur -43.1238 -18.6099 4.05775
rtibia 75.2565 0 0
rfoot -0.8825 6.03915 0
rtoes -26.9128 0 0
lowerback 2.37295 -2.64464 -3.09552
upperback 0.383124 -3.77439 -4.81317
thorax -0.730008 -1.89062 -2.97713
lowerneck -7.26783 -1.71364 2.1115
upperneck 3.4381 -2.73416 4.44505
head 2.43706 -1.18965 0.920404
lclavicle -2.56077e-14 -3.68035e-14 0
lhumerus -51.2376 -44.0312 106.06
lradius 58.2781 0 0
lwrist 20.525 0 0
lhand 35.405 18.8724 0
lfingers 7.12502 0 0
lthumb 58.3211 33.006 0
rclavicle -2.56077e-14 -3.68035e-14 0
rhumerus -22.6874 -5.65283 -30.7599
rradius 62.6632 0 0
rwrist -19.3415 0 0
rhand -28.4957 -47.0687 0
rfingers 7.12502 0 0
rthumb -1.85866 -796.635 0
919
root 2.35117 15.8826 32.0742 1.21458 9.90074 362.201
lfemur -6.38801 11.7459 -6.51028
ltibia 20.9973 0 0
lfoot -24.2241 -8.74011 0
ltoes -18.0876 0 0
rfemur -42.5066 -18.2011 3.43616
rtibia 73.9357 0 0
rfoot -1.57591 5.70387 0
rtoes -27.7297 0 0
lowerback 2.09928 -2.56398 -2.96982
upperback 0.295424 -3.65283 -4.92941
thorax -0.683983 -1.83109 -3.18538
lowerneck -7.25265 -1.60372 2.16921
upperneck 3.37533 -2.58738 4.41352
head 2.40901 -1.11858 0.907005
lclavicle -2.42984e-14 -3.80044e-14 0
lhumerus -51.6043 -44.0119 106.318
lradius 58.1519 0 0
lwrist 20.773 0 0
lhand 35.6941 19.1252 0
lfingers 7.12502 0 0
lthumb 58.5728 33.0305 0
rclavicle -2.42984e-14 -3.80044e-14 0
rhumerus -21.7792 -5.09149 -29.649
rradius 61.6732 0 0
rwrist -19.2454 0 0
rhand -27.9417 -46.6403 0
rfingers 7.12502 0 0
rthumb -1.32408 -796.216 0
920
root 2.30404 15.8597 32.1095 1.47448 9.26533 362.343
lfemur -5.85923 11.186 -6.09034
ltibia 20.2493 0 0
lfoot -24.5559 -9.0432 0
ltoes -18.6982 0 0
rfemur -41.8895 -17.7923 2.81458
rtibia 72.6148 0 0
rfoot -2.26933 5.36858 0
rtoes -28.5467 0 0
lowerback 1.82561 -2.48332 -2.84413
upperback 0.207724 -3.53127 -5.04565
thorax -0.637959 -1.77156 -3.39364
lowerneck -7.23747 -1.4938 2.22691
upperneck 3.31256 -2.4406 4.38199
head 2.38095 -1.0475 0.893606
lclavicle -2.2989e-14 -3.92052e-14 0
lhumerus -51.971 -43.9926 106.576
lradius 58.0258 0 0
lwrist 21.0211 0 0
lhand 35.9832 19.378 0
lfingers 7.12502 0 0
lthumb 58.8245 33.055 0
rclavicle -2.2989e-14 -3.92052e-14 0
rhumerus -20.8711 -4.53016 -28.5382
rradius 60.6831 0 0
rwrist -19.1494 0 0
rhand -27.3878 -46.2119 0
rfingers 7.12502 0 0
rthumb -0.789496 -795.797 0
921
root 2.2569 15.8367 32.1448 1.73438 8.62992 362.484
lfemur -5.33045 10.6261 -5.67041
ltibia 19.5013 0 0
lfoot -24.8876 -9.34628 0
ltoes -19.3087 0 0
rfemur -41.2723 -17.3834 2.19299
rtibia 71.2939 0 0
rfoot -2.96274 5.03329 0
rtoes -29.3637 0 0
lowerback 1.55194 -2.40266 -2.71844
upperback 0.120024 -3.40972 -5.16189
thorax -0.591934 -1.71204 -3.60189
lowerneck -7.22228 -1.38389 2.28462
upperneck 3.24979 -2.29381 4.35046
head 2.3529 -0.976431 0.880207
lclavicle -2.16797e-14 -4.0406e-14 0
lhumerus -52.3377 -43.9734 106.834
lradius 57.8997 0 0
lwrist 21.2691 0 0
lhand 36.2723 19.6309 0
lfingers 7.12502 0 0
lthumb 59.0762 33.0795 0
rclavicle -2.16797e-14 -4.0406e-14 0
rhumerus -19.9629 -3.96883 -27.4273
rradius 59.693 0 0
rwrist -19.0534 0 0
rhand -26.8338 -45.7835 0
rfingers 7.12502 0 0
rthumb -0.254912 -795.379 0
922
root 2.20976 15.8138 32.18 1.99427 7.99451 362.626
lfemur -4.80167 10.0661 -5.25047
ltibia 18.7533 0 0
lfoot -25.2193 -9.64936 0
ltoes -19.9193 0 0
rfemur -40.6551 -16.9746 1.57141
rtibia 69.973 0 0
rfoot -3.65616 4.698 0
rtoes -30.1807 0 0
lowerback 1.27827 -2.322 -2.59275
upperback 0.0323235 -3.28816 -5.27813
thorax -0.545909 -1.65251 -3.81014
lowerneck -7.2071 -1.27397 2.34233
upperneck 3.18703 -2.14703 4.31893
head 2.32484 -0.905357 0.866807
lclavicle -2.03704e-14 -4.16068e-14 0
lhumerus -52.7044 -43.9541 107.091
lradius 57.7735 0 0
lwrist 21.5172 0 0
lhand 36.5613 19.8837 0
lfingers 7.12502 0 0
lthumb 59.3279 33.104 0
rclavicle -2.03704e-14 -4.16068e-14 0
rhumerus -19.0547 -3.4075 -26.3164
rradius 58.7029 0 0
rwrist -18.9574 0 0
rhand -26.2799 -45.3552 0
rfingers 7.12502 0 0
rthumb 0.279671 -794.96 0
923
root 2.16262 15.7909 32.2153 2.25417 7.3591 362.768
lfemur -4.27289 9.5062 -4.83053
ltibia 18.0053 0 0
lfoot -25.551 -9.95245 0
ltoes -20.5298 0 0
rfemur -40.0379 -16.5658 0.949825
rtibia 68.6522 0 0
rfoot -4.34957 4.36272 0
rtoes -30.9977 0 0
lowerback 1.0046 -2.24134 -2.46705
upperback -0.0553767 -3.1666 -5.39437
thorax -0.499884 -1.59298 -4.01839
lowerneck -7.19192 -1.16405 2.40004
upperneck 3.12426 -2.00025 4.2874
head 2.29679 -0.834283 0.853408
lclavicle -1.9061e-14 -4.28077e-14 0
lhumerus -53.0711 -43.9349 107.349
lradius 57.6474 0 0
lwrist 21.7652 0 0
lhand 36.8504 20.1366 0
lfingers 7.12502 0 0
lthumb 59.5796 33.1285 0
rclavicle -1.9061e-14 -4.28077e-14 0
rhumerus -18.1466 -2.84617 -25.2056
rradius 57.7128 0 0
rwrist -18.8614 0 0
rhand -25.726 -44.9268 0
rfingers 7.12502 0 0
rthumb 0.814254 -794.542 0
924
root 2.11548 15.7679 32.2506 2.51407 6.72368 362.909
lfemur -3.74411 8.94626 -4.4106
ltibia 17.2573 0 0
lfoot -25.8828 -10.2555 0
ltoes -21.1404 0 0
rfemur -39.4207 -16.157 0.328241
rtibia 67.3313 0 0
rfoot -5.04299 4.02743 0
rtoes -31.8147 0 0
lowerback 0.730934 -2.16068 -2.34136
upperback -0.143077 -3.04504 -5.51061
thorax -0.45386 -1.53345 -4.22664
lowerneck -7.17674 -1.05413 2.45775
upperneck 3.06149 -1.85347 4.25587
head 2.26873 -0.76321 0.840009
lclavicle -1.77517e-14 -4.40085e-14 0
lhumerus -53.4378 -43.9156 107.607
lradius 57.5213 0 0
lwrist 22.0133 0 0
lhand 37.1395 20.3894 0
lfingers 7.12502 0 0
lthumb 59.8313 33.153 0
rclavicle -1.77517e-14 -4.40085e-14 0
rhumerus -17.2384 -2.28484 -24.0947
rradius 56.7228 0 0
rwrist -18.7653 0 0
rhand -25.172 -44.4984 0
rfingers 7.12502 0 0
rthumb 1.34884 -794.123 0
925
root 2.06834 15.745 32.2858 2.77397 6.08827 363.051
lfemur -3.21534 8.38633 -3.99066
ltibia 16.5094 0 0
lfoot -26.2145 -10.5586 0
ltoes -21.751 0 0
rfemur -38.8035 -15.7481 -0.293343
rtibia 66.0104 0 0
rfoot -5.7364 3.69214 0
rtoes -32.6317 0 0
lowerback 0.457264 -2.08002 -2.21567
upperback -0.230777 -2.92349 -5.62685
thorax -0.407835 -1.47392 -4.43489
lowerneck -7.16156 -0.944214 2.51546
upperneck 2.99873 -1.70668 4.22433
head 2.24068 -0.692136 0.82661
lclavicle -1.64423e-14 -4.52093e-14 0
lhumerus -53.8046 -43.8964 107.865
lradius 57.3951 0 0
lwrist 22.2613 0 0
lhand 37.4286 20.6423 0
lfingers 7.12502 0 0
lthumb 60.083 33.1775 0
rclavicle -1.64423e-14 -4.52093e-14 0
rhumerus -16.3302 -1.72351 -22.9839
rradius 55.7327 0 0
rwrist -18.6693 0 0
rhand -24.6181 -44.07 0
rfingers 7.12502 0 0
rthumb 1.88342 -793.705 0
926
root 2.02121 15.722 32.3211 3.03387 5.45286 363.193
lfemur -2.68656 7.8264 -3.57073
ltibia 15.7614 0 0
lfoot -26.5462 -10.8617 0
ltoes -22.3615 0 0
rfemur -38.1864 -15.3393 -0.914927
rtibia 64.6896 0 0
rfoot -6.42981 3.35686 0
rtoes -33.4487 0 0
lowerback 0.183595 -1.99936 -2.08998
upperback -0.318477 -2.80193 -5.74309
thorax -0.36181 -1.4144 -4.64315
lowerneck -7.14638 -0.834296 2.57317
upperneck 2.93596 -1.5599 4.1928
head 2.21262 -0.621063 0.813211
lclavicle -1.5133e-14 -4.64101e-14 0
lhumerus -54.1713 -43.8771 108.123
lradius 57.269 0 0
lwrist 22.5093 0 0
lhand 37.7177 20.8951 0
lfingers 7.12502 0 0
lthumb 60.3347 33.202 0
rclavicle -1.5133e-14 -4.64101e-14 0
rhumerus -15.4221 -1.16218 -21.873
rradius 54.7426 0 0
rwrist -18.5733 0 0
rhand -24.0641 -43.6416 0
rfingers 7.12502 0 0
rthumb 2.418 -793.286 0
927
root 1.97407 15.6991 32.3564 3.29377 4.81745 363.334
lfemur -2.15778 7.26646 -3.15079
ltibia 15.0134 0 0
lfoot -26.878 -11.1648 0
ltoes -22.9721 0 0
rfemur -37.5692 -14.9305 -1.53651
rtibia 63.3687 0 0
rfoot -7.12323 3.02157 0
rtoes -34.2657 0 0
lowerback -0.0900749 -1.9187 -1.96428
upperback -0.406178 -2.68037 -5.85934
thorax -0.315786 -1.35487 -4.8514
lowerneck -7.1312 -0.724378 2.63088
upperneck 2.87319 -1.41312 4.16127
head 2.18457 -0.549989 0.799812
lclavicle -1.38237e-14 -4.76109e-14 0
lhumerus -54.538 -43.8579 108.381
lradius 57.1428 0 0
lwrist 22.7574 0 0
lhand 38.0068 21.148 0
lfingers 7.12502 0 0
lthumb 60.5863 33.2264 0
rclavicle -1.38237e-14 -4.76109e-14 0
rhumerus -14.5139 -0.600845 -20.7622
rradius 53.7525 0 0
rwrist -18.4773 0 0
rhand -23.5102 -43.2133 0
rfingers 7.12502 0 0
rthumb 2.95259 -792.868 0
928
root 1.92693 15.6761 32.3916 3.55367 4.18203 363.476
lfemur -1.629 6.70653 -2.73086
ltibia 14.2654 0 0
lfoot -27.2097 -11.4679 0
ltoes -23.5826 0 0
rfemur -36.952 -14.5217 -2.1581
rtibia 62.0478 0 0
rfoot -7.81664 2.68628 0
rtoes -35.0827 0 0
lowerback -0.363744 -1.83804 -1.83859
upperback -0.493878 -2.55881 -5.97558
thorax -0.269761 -1.29534 -5.05965
lowerneck -7.11602 -0.61446 2.68858
upperneck 2.81043 -1.26634 4.12974
head 2.15651 -0.478916 0.786413
lclavicle -1.25143e-14 -4.88118e-14 0
lhumerus -54.9047 -43.8386 108.639
lradius 57.0167 0 0
lwrist 23.0054 0 0
lhand 38.2959 21.4008 0
lfingers 7.12502 0 0
lthumb 60.838 33.2509 0
rclavicle -1.25143e-14 -4.88118e-14 0
rhumerus -13.6057 -0.0395135 -19.6513
rradius 52.7625 0 0
rwrist -18.3812 0 0
rhand -22.9562 -42.7849 0
rfingers 7.12502 0 0
rthumb 3.48717 -792.449 0
929
root 1.87979 15.6532 32.4269 3.81356 3.54662 363.617
lfemur -1.10022 6.1466 -2.31092
ltibia 13.5174 0 0
lfoot -27.5414 -11.771 0
ltoes -24.1932 0 0
rfemur -36.3348 -14.1128 -2.77968
rtibia 60.7269 0 0
rfoot -8.51006 2.35099 0
rtoes -35.8997 0 0
lowerback -0.637414 -1.75738 -1.7129
upperback -0.581578 -2.43726 -6.09182
thorax -0.223736 -1.23581 -5.2679
lowerneck -7.10084 -0.504542 2.74629
upperneck 2.74766 -1.11955 4.09821
head 2.12846 -0.407842 0.773013
lclavicle -1.1205e-14 -5.00126e-14 0
lhumerus -55.2714 -43.8194 108.896
lradius 56.8906 0 0
lwrist 23.2535 0 0
lhand 38.5849 21.6537 0
lfingers 7.12502 0 0
lthumb 61.0897 33.2754 0
rclavicle -1.1205e-14 -5.00126e-14 0
rhumerus -12.6976 0.521818 -18.5404
rradius 51.7724 0 0
rwrist -18.2852 0 0
rhand -22.4023 -42.3565 0
rfingers 7.12502 0 0
rthumb 4.02176 -792.031 0
930
root 1.83265 15.6303 32.4622 4.07346 2.91121 363.759
lfemur -0.571441 5.58666 -1.89099
ltibia 12.7695 0 0
lfoot -27.8731 -12.074 0
ltoes -24.8038 0 0
rfemur -35.7176 -13.704 -3.40126
rtibia 59.4061 0 0
rfoot -9.20347 2.01571 0
rtoes -36.7167 0 0
lowerback -0.911084 -1.67672 -1.58721
upperback -0.669278 -2.3157 -6.20806
thorax -0.177711 -1.17629 -5.47615
lowerneck -7.08566 -0.394624 2.804
upperneck 2.68489 -0.97277 4.06668
head 2.1004 -0.336769 0.759614
lclavicle -9.89563e-15 -5.12134e-14 0
lhumerus -55.6381 -43.8001 109.154
lradius 56.7644 0 0
lwrist 23.5015 0 0
lhand 38.874 21.9065 0
lfingers 7.12502 0 0
lthumb 61.3414 33.2999 0
rclavicle -9.89563e-15 -5.12134e-14 0
rhumerus -11.7894 1.08315 -17.4296
rradius 50.7823 0 0
rwrist -18.1892 0 0
rhand -21.8484 -41.9281 0
rfingers 7.12502 0 0
rthumb 4.55634 -791.612 0
931
root 1.78552 15.6073 32.4974 4.33336 2.2758 363.901
lfemur -0.0426618 5.02673 -1.47105
ltibia 12.0215 0 0
lfoot -28.2049 -12.3771 0
ltoes -25.4143 0 0
rfemur -35.1005 -13.2952 -4.02285
rtibia 58.0852 0 0
rfoot -9.89689 1.68042 0
rtoes -37.5337 0 0
lowerback -1.18475 -1.59606 -1.46151
upperback -0.756978 -2.19414 -6.3243
thorax -0.131687 -1.11676 -5.68441
lowerneck -7.07048 -0.284706 2.86171
upperneck 2.62213 -0.825987 4.03515
head 2.07235 -0.265695 0.746215
lclavicle -8.58628e-15 -5.24142e-14 0
lhumerus -56.0048 -43.7808 109.412
lradius 56.6383 0 0
lwrist 23.7496 0 0
lhand 39.1631 22.1593 0
lfingers 7.12502 0 0
lthumb 61.5931 33.3244 0
rclavicle -8.58628e-15 -5.24142e-14 0
rhumerus -10.8812 1.64448 -16.3187
rradius 49.7922 0 0
rwrist -18.0932 0 0
rhand -21.2944 -41.4997 0
rfingers 7.12502 0 0
rthumb 5.09092 -791.193 0
932
root 1.73838 15.5844 32.5327 4.59326 1.64039 364.042
lfemur 0.486117 4.4668 -1.05112
ltibia 11.2735 0 0
lfoot -28.5366 -12.6802 0
ltoes -26.0249 0 0
rfemur -34.4833 -12.8864 -4.64443
rtibia 56.7643 0 0
rfoot -10.5903 1.34513 0
rtoes -38.3507 0 0
lowerback -1.45842 -1.5154 -1.33582
upperback -0.844679 -2.07258 -6.44054
thorax -0.085662 -1.05723 -5.89266
lowerneck -7.0553 -0.174788 2.91942
upperneck 2.55936 -0.679204 4.00362
head 2.04429 -0.194622 0.732816
lclavicle -7.27694e-15 -5.3615e-14 0
lhumerus -56.3715 -43.7616 109.67
lradius 56.5122 0 0
lwrist 23.9976 0 0
lhand 39.4522 22.4122 0
lfingers 7.12502 0 0
lthumb 61.8448 33.3489 0
rclavicle -7.27694e-15 -5.3615e-14 0
rhumerus -9.97305 2.20581 -15.2079
rradius 48.8021 0 0
rwrist -17.9972 0 0
rhand -20.7405 -41.0714 0
rfingers 7.12502 0 0
rthumb 5.62551 -790.775 0
933
root 1.69124 15.5614 32.568 4.85316 1.00497 364.184
lfemur 1.0149 3.90686 -0.631182
ltibia 10.5255 0 0
lfoot -28.8683 -12.9833 0
ltoes -26.6354 0 0
rfemur -33.8661 -12.4775 -5.26602
rtibia 55.4434 0 0
rfoot -11.2837 1.00984 0
rtoes -39.1676 0 0
lowerback -1.73209 -1.43474 -1.21013
upperback -0.932379 -1.95103 -6.55678
thorax -0.0396373 -0.997704 -6.10091
lowerneck -7.04011 -0.0648704 2.97713
upperneck 2.49659 -0.532422 3.97209
head 2.01624 -0.123548 0.719417
lclavicle -5.9676e-15 -5.48159e-14 0
lhumerus -56.7382 -43.7423 109.928
lradius 56.386 0 0
lwrist 24.2456 0 0
lhand 39.7413 22.665 0
lfingers 7.12502 0 0
lthumb 62.0965 33.3734 0
rclavicle -5.9676e-15 -5.48159e-14 0
rhumerus -9.06489 2.76714 -14.097
rradius 47.8121 0 0
rwrist -17.9011 0 0
rhand -20.1865 -40.643 0
rfingers 7.12502 0 0
rthumb 6.16009 -790.356 0
934
root 1.6441 15.5385 32.6033 5.11306 0.369561 364.326
lfemur 1.54368 3.34693 -0.211247
ltibia 9.77754 0 0
lfoot -29.2001 -13.2864 0
ltoes -27.246 0 0
rfemur -33.2489 -12.0687 -5.8876
rtibia 54.1226 0 0
rfoot -11.9771 0.674557 0
rtoes -39.9846 0 0
lowerback -2.00576 -1.35408 -1.08444
upperback -1.02008 -1.82947 -6.67302
thorax 0.00638743 -0.938177 -6.30916
lowerneck -7.02493 0.0450475 3.03484
upperneck 2.43382 -0.385639 3.94056
head 1.98818 -0.0524747 0.706018
lclavicle -4.65826e-15 -5.60167e-14 0
lhumerus -57.1049 -43.7231 110.186
lradius 56.2599 0 0
lwrist 24.4937 0 0
lhand 40.0304 22.9179 0
lfingers 7.12502 0 0
lthumb 62.3482 33.3979 0
rclavicle -4.65826e-15 -5.60167e-14 0
rhumerus -8.15672 3.32847 -12.9861
rradius 46.822 0 0
rwrist -17.8051 0 0
rhand -19.6326 -40.2146 0
rfingers 7.12502 0 0
rthumb 6.69467 -789.938 0
935
root 1.59696 15.5156 32.6385 5.37296 -0.265851 364.467
lfemur 2.07245 2.787 0.208689
ltibia 9.02955 0 0
lfoot -29.5318 -13.5895 0
ltoes -27.8566 0 0
rfemur -32.6317 -11.6599 -6.50918
rtibia 52.8017 0 0
rfoot -12.6705 0.339269 0
rtoes -40.8016 0 0
lowerback -2.27943 -1.27342 -0.958742
upperback -1.10778 -1.70791 -6.78926
thorax 0.0524121 -0.878649 -6.51741
lowerneck -7.00975 0.154965 3.09255
upperneck 2.37106 -0.238856 3.90902
head 1.96013 0.0185989 0.692619
lclavicle -3.34892e-15 -5.72175e-14 0
lhumerus -57.4717 -43.7038 110.444
lradius 56.1337 0 0
lwrist 24.7417 0 0
lhand 40.3195 23.1707 0
lfingers 7.12502 0 0
lthumb 62.5999 33.4224 0
rclavicle -3.34892e-15 -5.72175e-14 0
rhumerus -7.24855 3.88981 -11.8753
rradius 45.8319 0 0
rwrist -17.7091 0 0
rhand -19.0787 -39.7862 0
rfingers 7.12502 0 0
rthumb 7.22926 -789.519 0
936
root 1.54982 15.4926 32.6738 5.63285 -0.901263 364.609
lfemur 2.60123 2.22706 0.628624
ltibia 8.28157 0 0
lfoot -29.8635 -13.8925 0
ltoes -28.4671 0 0
rfemur -32.0145 -11.2511 -7.13077
rtibia 51.4808 0 0
rfoot -13.364 0.00398204 0
rtoes -41.6186 0 0
lowerback -2.5531 -1.19277 -0.83305
upperback -1.19548 -1.58635 -6.9055
thorax 0.0984369 -0.819122 -6.72566
lowerneck -6.99457 0.264883 3.15025
upperneck 2.30829 -0.0920733 3.87749
head 1.93207 0.0896724 0.679219
lclavicle -2.03958e-15 -5.84183e-14 0
lhumerus -57.8384 -43.6846 110.701
lradius 56.0076 0 0
lwrist 24.9898 0 0
lhand 40.6085 23.4236 0
lfingers 7.12502 0 0
lthumb 62.8516 33.4469 0
rclavicle -2.03958e-15 -5.84183e-14 0
rhumerus -6.34038 4.45114 -10.7644
rradius 44.8418 0 0
rwrist -17.6131 0 0
rhand -18.5247 -39.3578 0
rfingers 7.12502 0 0
rthumb 7.76384 -789.101 0
937
root 1.50269 15.4697 32.7091 5.89275 -1.53668 364.751
lfemur 3.13001 1.66713 1.04856
ltibia 7.53359 0 0
lfoot -30.1952 -14.1956 0
ltoes -29.0777 0 0
rfemur -31.3974 -10.8422 -7.75235
rtibia 50.1599 0 0
rfoot -14.0574 -0.331305 0
rtoes -42.4356 0 0
lowerback -2.82677 -1.11211 -0.707357
upperback -1.28318 -1.4648 -7.02174
thorax 0.144462 -0.759594 -6.93392
lowerneck -6.97939 0.374801 3.20796
upperneck 2.24552 0.0547095 3.84596
head 1.90402 0.160746 0.66582
lclavicle -7.30234e-16 -5.96192e-14 0
lhumerus -58.2051 -43.6653 110.959
lradius 55.8815 0 0
lwrist 25.2378 0 0
lhand 40.8976 23.6764 0
lfingers 7.12502 0 0
lthumb 63.1033 33.4714 0
rclavicle -7.30234e-16 -5.96192e-14 0
rhumerus -5.43222 5.01247 -9.65358
rradius 43.8518 0 0
rwrist -17.517 0 0
rhand -17.9708 -38.9295 0
rfingers 7.12502 0 0
rthumb 8.29842 -788.682 0
938
root 1.45555 15.4467 32.7443 6.15265 -2.17209 364.892
lfemur 3.65879 1.1072 1.46849
ltibia 6.78561 0 0
lfoot -30.527 -14.4987 0
ltoes -29.6882 0 0
rfemur -30.7802 -10.4334 -8.37394
rtibia 48.8391 0 0
rfoot -14.7508 -0.666593 0
rtoes -43.2526 0 0
lowerback -3.10044 -1.03145 -0.581665
upperback -1.37088 -1.34324 -7.13798
thorax 0.190486 -0.700067 -7.14217
lowerneck -6.96421 0.484719 3.26567
upperneck 2.18276 0.201492 3.81443
head 1.87596 0.231819 0.652421
lclavicle 5.79108e-16 -6.082e-14 0
lhumerus -58.5718 -43.6461 111.217
lradius 55.7553 0 0
lwrist 25.4859 0 0
lhand 41.1867 23.9293 0
lfingers 7.12502 0 0
lthumb 63.355 33.4959 0
rclavicle 5.79108e-16 -6.082e-14 0
rhumerus -4.52405 5.5738 -8.54272
rradius 42.8617 0 0
rwrist -17.421 0 0
rhand -17.4168 -38.5011 0
rfingers 7.12502 0 0
rthumb 8.83301 -788.264 0
939
root 1.40841 15.4238 32.7796 6.41255 -2.8075 365.034
lfemur 4.18757 0.547263 1.88843
ltibia 6.03763 0 0
lfoot -30.8587 -14.8018 0
ltoes -30.2988 0 0
rfemur -30.163 -10.0246 -8.99552
rtibia 47.5182 0 0
rfoot -15.4442 -1.00188 0
rtoes -44.0696 0 0
lowerback -3.37411 -0.950787 -0.455972
upperback -1.45858 -1.22168 -7.25422
thorax 0.236511 -0.640539 -7.35042
lowerneck -6.94903 0.594637 3.32338
upperneck 2.11999 0.348275 3.7829
head 1.84791 0.302893 0.639022
lclavicle 1.88845e-15 -6.20208e-14 0
lhumerus -58.9385 -43.6268 111.475
lradius 55.6292 0 0
lwrist 25.7339 0 0
lhand 41.4758 24.1821 0
lfingers 7.12502 0 0
lthumb 63.6067 33.5204 0
rclavicle 1.88845e-15 -6.20208e-14 0
rhumerus -3.61588 6.13513 -7.43186
rradius 41.8716 0 0
rwrist -17.325 0 0
rhand -16.8629 -38.0727 0
rfingers 7.12502 0 0
rthumb 9.36759 -787.845 0
940
root 1.40746 15.4221 32.7789 6.40335 -2.81288 365.021
lfemur 4.20961 0.549022 1.90979
ltibia 6.02194 0 0
lfoot -30.8692 -14.7717 0
ltoes -30.3259 0 0
rfemur -30.1644 -10.0574 -8.97802
rtibia 47.5309 0 0
rfoot -15.4874 -0.961828 0
rtoes -44.0493 0 0
lowerback -3.36557 -0.944609 -0.456769
upperback -1.45217 -1.2134 -7.24514
thorax 0.239377 -0.6362 -7.33992
lowerneck -6.95337 0.594915 3.34354
upperneck 2.12042 0.346435 3.78385
head 1.84887 0.302259 0.635859
lclavicle 1.88169e-15 -6.13609e-14 0
lhumerus -58.9342 -43.6473 111.501
lradius 55.6294 0 0
lwrist 25.7328 0 0
lhand 41.4501 24.1902 0
lfingers 7.12502 0 0
lthumb 63.5853 33.5554 0
rclavicle 1.88169e-15 -6.13609e-14 0
rhumerus -3.5784 5.93944 -7.37824
rradius 41.7744 0 0
rwrist -17.2683 0 0
rhand -16.956 -38.0938 0
rfingers 7.12502 0 0
rthumb 9.27772 -787.867 0
941
root 1.40651 15.4204 32.7783 6.39415 -2.81827 365.009
lfemur 4.23165 0.55078 1.93114
ltibia 6.00625 0 0
lfoot -30.8797 -14.7416 0
ltoes -30.353 0 0
rfemur -30.1659 -10.0902 -8.96052
rtibia 47.5436 0 0
rfoot -15.5306 -0.921776 0
rtoes -44.0289 0 0
lowerback -3.35704 -0.938432 -0.457567
upperback -1.44577 -1.20511 -7.23606
thorax 0.242244 -0.631862 -7.32942
lowerneck -6.95771 0.595192 3.36371
upperneck 2.12085 0.344596 3.78481
head 1.84983 0.301626 0.632695
lclavicle 1.87493e-15 -6.0701e-14 0
lhumerus -58.9298 -43.6679 111.528
lradius 55.6296 0 0
lwrist 25.7318 0 0
lhand 41.4243 24.1984 0
lfingers 7.12502 0 0
lthumb 63.5639 33.5905 0
rclavicle 1.87493e-15 -6.0701e-14 0
rhumerus -3.54092 5.74374 -7.32461
rradius 41.6772 0 0
rwrist -17.2116 0 0
rhand -17.0491 -38.1149 0
rfingers 7.12502 0 0
rthumb 9.18784 -787.89 0
942
root 1.40557 15.4186 32.7776 6.38495 -2.82365 364.996
lfemur 4.2537 0.552539 1.9525
ltibia 5.99056 0 0
lfoot -30.8902 -14.7114 0
ltoes -30.3801 0 0
rfemur -30.1673 -10.123 -8.94303
rtibia 47.5563 0 0
rfoot -15.5739 -0.881724 0
rtoes -44.0086 0 0
lowerback -3.3485 -0.932254 -0.458364
upperback -1.43936 -1.19683 -7.22698
thorax 0.24511 -0.627523 -7.31892
lowerneck -6.96205 0.59547 3.38387
upperneck 2.12128 0.342756 3.78576
head 1.85079 0.300992 0.629532
lclavicle 1.86817e-15 -6.00411e-14 0
lhumerus -58.9255 -43.6884 111.554
lradius 55.6299 0 0
lwrist 25.7307 0 0
lhand 41.3986 24.2065 0
lfingers 7.12502 0 0
lthumb 63.5424 33.6255 0
rclavicle 1.86817e-15 -6.00411e-14 0
rhumerus -3.50344 5.54805 -7.27099
rradius 41.5801 0 0
rwrist -17.1549 0 0
rhand -17.1421 -38.136 0
rfingers 7.12502 0 0
rthumb 9.09797 -787.912 0
943
root 1.40462 15.4169 32.777 6.37575 -2.82903 364.983
lfemur 4.27574 0.554297 1.97386
ltibia 5.97487 0 0
lfoot -30.9007 -14.6813 0
ltoes -30.4072 0 0
rfemur -30.1688 -10.1558 -8.92553
rtibia 47.569 0 0
rfoot -15.6171 -0.841672 0
rtoes -43.9883 0 0
lowerback -3.33996 -0.926076 -0.459162
upperback -1.43295 -1.18854 -7.21789
thorax 0.247977 -0.623184 -7.30842
lowerneck -6.96639 0.595748 3.40403
upperneck 2.12171 0.340917 3.78671
head 1.85175 0.300358 0.626368
lclavicle 1.8614e-15 -5.93812e-14 0
lhumerus -58.9212 -43.7089 111.581
lradius 55.6301 0 0
lwrist 25.7297 0 0
lhand 41.3729 24.2147 0
lfingers 7.12502 0 0
lthumb 63.521 33.6605 0
rclavicle 1.8614e-15 -5.93812e-14 0
rhumerus -3.46596 5.35235 -7.21736
rradius 41.4829 0 0
rwrist -17.0982 0 0
rhand -17.2352 -38.1571 0
rfingers 7.12502 0 0
rthumb 9.00809 -787.934 0
944
root 1.40367 15.4152 32.7763 6.36655 -2.83441 364.971
lfemur 4.29778 0.556056 1.99522
ltibia 5.95919 0 0
lfoot -30.9112 -14.6512 0
ltoes -30.4343 0 0
rfemur -30.1702 -10.1886 -8.90803
rtibia 47.5816 0 0
rfoot -15.6603 -0.80162 0
rtoes -43.9679 0 0
lowerback -3.33142 -0.919899 -0.459959
upperback -1.42654 -1.18026 -7.20881
thorax 0.250843 -0.618846 -7.29792
lowerneck -6.97073 0.596026 3.42419
upperneck 2.12214 0.339077 3.78767
head 1.85271 0.299725 0.623205
lclavicle 1.85464e-15 -5.87212e-14 0
lhumerus -58.9168 -43.7295 111.607
lradius 55.6303 0 0
lwrist 25.7286 0 0
lhand 41.3472 24.2228 0
lfingers 7.12502 0 0
lthumb 63.4996 33.6956 0
rclavicle 1.85464e-15 -5.87212e-14 0
rhumerus -3.42848 5.15666 -7.16374
rradius 41.3857 0 0
rwrist -17.0415 0 0
rhand -17.3283 -38.1782 0
rfingers 7.12502 0 0
rthumb 8.91822 -787.956 0
945
root 1.40272 15.4135 32.7757 6.35735 -2.8398 364.958
lfemur 4.31982 0.557814 2.01657
ltibia 5.9435 0 0
lfoot -30.9217 -14.6211 0
ltoes -30.4614 0 0
rfemur -30.1717 -10.2214 -8.89053
rtibia 47.5943 0 0
rfoot -15.7035 -0.761569 0
rtoes -43.9476 0 0
lowerback -3.32289 -0.913721 -0.460756
upperback -1.42014 -1.17197 -7.19973
thorax 0.25371 -0.614507 -7.28742
lowerneck -6.97507 0.596303 3.44436
upperneck 2.12256 0.337238 3.78862
head 1.85367 0.299091 0.620041
lclavicle 1.84788e-15 -5.80613e-14 0
lhumerus -58.9125 -43.75 111.634
lradius 55.6305 0 0
lwrist 25.7276 0 0
lhand 41.3214 24.231 0
lfingers 7.12502 0 0
lthumb 63.4782 33.7306 0
rclavicle 1.84788e-15 -5.80613e-14 0
rhumerus -3.391 4.96096 -7.11012
rradius 41.2885 0 0
rwrist -16.9848 0 0
rhand -17.4214 -38.1993 0
rfingers 7.12502 0 0
rthumb 8.82834 -787.979 0
946
root 1.40177 15.4118 32.775 6.34815 -2.84518 364.946
lfemur 4.34186 0.559573 2.03793
ltibia 5.92781 0 0
lfoot -30.9322 -14.5909 0
ltoes -30.4885 0 0
rfemur -30.1731 -10.2542 -8.87304
rtibia 47.607 0 0
rfoot -15.7467 -0.721517 0
rtoes -43.9273 0 0
lowerback -3.31435 -0.907543 -0.461554
upperback -1.41373 -1.16369 -7.19065
thorax 0.256576 -0.610168 -7.27692
lowerneck -6.97941 0.596581 3.46452
upperneck 2.12299 0.335398 3.78958
head 1.85464 0.298457 0.616878
lclavicle 1.84112e-15 -5.74014e-14 0
lhumerus -58.9082 -43.7705 111.66
lradius 55.6307 0 0
lwrist 25.7265 0 0
lhand 41.2957 24.2391 0
lfingers 7.12502 0 0
lthumb 63.4567 33.7656 0
rclavicle 1.84112e-15 -5.74014e-14 0
rhumerus -3.35352 4.76527 -7.05649
rradius 41.1914 0 0
rwrist -16.9281 0 0
rhand -17.5144 -38.2204 0
rfingers 7.12502 0 0
rthumb 8.73847 -788.001 0
947
root 1.40083 15.41 32.7744 6.33895 -2.85056 364.933
lfemur 4.36391 0.561331 2.05929
ltibia 5.91212 0 0
lfoot -30.9427 -14.5608 0
ltoes -30.5156 0 0
rfemur -30.1746 -10.287 -8.85554
rtibia 47.6197 0 0
rfoot -15.7899 -0.681465 0
rtoes -43.9069 0 0
lowerback -3.30581 -0.901366 -0.462351
upperback -1.40732 -1.15541 -7.18157
thorax 0.259443 -0.605829 -7.26641
lowerneck -6.98375 0.596859 3.48468
upperneck 2.12342 0.333559 3.79053
head 1.8556 0.297824 0.613714
lclavicle 1.83436e-15 -5.67415e-14 0
lhumerus -58.9038 -43.7911 111.687
lradius 55.631 0 0
lwrist 25.7255 0 0
lhand 41.27 24.2473 0
lfingers 7.12502 0 0
lthumb 63.4353 33.8007 0
rclavicle 1.83436e-15 -5.67415e-14 0
rhumerus -3.31604 4.56957 -7.00287
rradius 41.0942 0 0
rwrist -16.8714 0 0
rhand -17.6075 -38.2415 0
rfingers 7.12502 0 0
rthumb 8.64859 -788.023 0
948
root 1.39988 15.4083 32.7737 6.32975 -2.85594 364.92
lfemur 4.38595 0.56309 2.08065
ltibia 5.89643 0 0
lfoot -30.9532 -14.5307 0
ltoes -30.5427 0 0
rfemur -30.176 -10.3198 -8.83804
rtibia 47.6324 0 0
rfoot -15.8332 -0.641413 0
rtoes -43.8866 0 0
lowerback -3.29728 -0.895188 -0.463149
upperback -1.40091 -1.14712 -7.17249
thorax 0.262309 -0.601491 -7.25591
lowerneck -6.9881 0.597136 3.50485
upperneck 2.12385 0.331719 3.79148
head 1.85656 0.29719 0.610551
lclavicle 1.8276e-15 -5.60816e-14 0
lhumerus -58.8995 -43.8116 111.713
lradius 55.6312 0 0
lwrist 25.7244 0 0
lhand 41.2443 24.2554 0
lfingers 7.12502 0 0
lthumb 63.4139 33.8357 0
rclavicle 1.8276e-15 -5.60816e-14 0
rhumerus -3.27856 4.37388 -6.94925
rradius 40.997 0 0
rwrist -16.8147 0 0
rhand -17.7006 -38.2626 0
rfingers 7.12502 0 0
rthumb 8.55872 -788.046 0
949
root 1.39893 15.4066 32.7731 6.32055 -2.86133 364.908
lfemur 4.40799 0.564848 2.102
ltibia 5.88074 0 0
lfoot -30.9637 -14.5006 0
ltoes -30.5698 0 0
rfemur -30.1775 -10.3526 -8.82054
rtibia 47.6451 0 0
rfoot -15.8764 -0.601361 0
rtoes -43.8663 0 0
lowerback -3.28874 -0.88901 -0.463946
upperback -1.39451 -1.13884 -7.1634
thorax 0.265175 -0.597152 -7.24541
lowerneck -6.99244 0.597414 3.52501
upperneck 2.12428 0.32988 3.79244
head 1.85752 0.296557 0.607387
lclavicle 1.82084e-15 -5.54217e-14 0
lhumerus -58.8951 -43.8321 111.739
lradius 55.6314 0 0
lwrist 25.7234 0 0
lhand 41.2185 24.2636 0
lfingers 7.12502 0 0
lthumb 63.3925 33.8708 0
rclavicle 1.82084e-15 -5.54217e-14 0
rhumerus -3.24108 4.17818 -6.89562
rradius 40.8998 0 0
rwrist -16.758 0 0
rhand -17.7937 -38.2838 0
rfingers 7.12502 0 0
rthumb 8.46884 -788.068 0
950
root 1.39798 15.4049 32.7724 6.31135 -2.86671 364.895
lfemur 4.43003 0.566607 2.12336
ltibia 5.86505 0 0
lfoot -30.9742 -14.4704 0
ltoes -30.597 0 0
rfemur -30.1789 -10.3854 -8.80305
rtibia 47.6578 0 0
rfoot -15.9196 -0.561309 0
rtoes -43.8459 0 0
lowerback -3.2802 -0.882833 -0.464743
upperback -1.3881 -1.13055 -7.15432
thorax 0.268042 -0.592813 -7.23491
lowerneck -6.99678 0.597692 3.54517
upperneck 2.12471 0.32804 3.79339
head 1.85848 0.295923 0.604224
lclavicle 1.81408e-15 -5.47618e-14 0
lhumerus -58.8908 -43.8527 111.766
lradius 55.6316 0 0
lwrist 25.7223 0 0
lhand 41.1928 24.2717 0
lfingers 7.12502 0 0
lthumb 63.3711 33.9058 0
rclavicle 1.81408e-15 -5.47618e-14 0
rhumerus -3.20361 3.98249 -6.842
rradius 40.8027 0 0
rwrist -16.7013 0 0
rhand -17.8868 -38.3049 0
rfingers 7.12502 0 0
rthumb 8.37897 -788.09 0
951
root 1.39703 15.4032 32.7718 6.30215 -2.87209 364.882
lfemur 4.45207 0.568366 2.14472
ltibia 5.84936 0 0
lfoot -30.9847 -14.4403 0
ltoes -30.6241 0 0
rfemur -30.1804 -10.4182 -8.78555
rtibia 47.6705 0 0
rfoot -15.9628 -0.521257 0
rtoes -43.8256 0 0
lowerback -3.27166 -0.876655 -0.465541
upperback -1.38169 -1.12227 -7.14524
thorax 0.270908 -0.588475 -7.22441
lowerneck -7.00112 0.59797 3.56534
upperneck 2.12514 0.326201 3.79434
head 1.85944 0.295289 0.601061
lclavicle 1.80731e-15 -5.41019e-14 0
lhumerus -58.8865 -43.8732 111.792
lradius 55.6319 0 0
lwrist 25.7213 0 0
lhand 41.1671 24.2799 0
lfingers 7.12502 0 0
lthumb 63.3496 33.9408 0
rclavicle 1.80731e-15 -5.41019e-14 0
rhumerus -3.16613 3.78679 -6.78837
rradius 40.7055 0 0
rwrist -16.6446 0 0
rhand -17.9798 -38.326 0
rfingers 7.12502 0 0
rthumb 8.28909 -788.112 0
952
root 1.39609 15.4014 32.7711 6.29295 -2.87747 364.87
lfemur 4.47412 0.570124 2.16608
ltibia 5.83368 0 0
lfoot -30.9952 -14.4102 0
ltoes -30.6512 0 0
rfemur -30.1818 -10.451 -8.76805
rtibia 47.6832 0 0
rfoot -16.006 -0.481205 0
rtoes -43.8053 0 0
lowerback -3.26313 -0.870477 -0.466338
upperback -1.37528 -1.11398 -7.13616
thorax 0.273775 -0.584136 -7.21391
lowerneck -7.00546 0.598247 3.5855
upperneck 2.12557 0.324361 3.7953
head 1.8604 0.294656 0.597897
lclavicle 1.80055e-15 -5.3442e-14 0
lhumerus -58.8821 -43.8937 111.819
lradius 55.6321 0 0
lwrist 25.7202 0 0
lhand 41.1414 24.288 0
lfingers 7.12502 0 0
lthumb 63.3282 33.9759 0
rclavicle 1.80055e-15 -5.3442e-14 0
rhumerus -3.12865 3.5911 -6.73475
rradius 40.6083 0 0
rwrist -16.588 0 0
rhand -18.0729 -38.3471 0
rfingers 7.12502 0 0
rthumb 8.19922 -788.135 0
953
root 1.39514 15.3997 32.7705 6.28375 -2.88286 364.857
lfemur 4.49616 0.571883 2.18743
ltibia 5.81799 0 0
lfoot -31.0057 -14.3801 0
ltoes -30.6783 0 0
rfemur -30.1833 -10.4838 -8.75055
rtibia 47.6959 0 0
rfoot -16.0493 -0.441153 0
rtoes -43.7849 0 0
lowerback -3.25459 -0.8643 -0.467136
upperback -1.36888 -1.1057 -7.12708
thorax 0.276641 -0.579797 -7.20341
lowerneck -7.0098 0.598525 3.60566
upperneck 2.126 0.322521 3.79625
head 1.86136 0.294022 0.594734
lclavicle 1.79379e-15 -5.2782e-14 0
lhumerus -58.8778 -43.9143 111.845
lradius 55.6323 0 0
lwrist 25.7192 0 0
lhand 41.1156 24.2962 0
lfingers 7.12502 0 0
lthumb 63.3068 34.0109 0
rclavicle 1.79379e-15 -5.2782e-14 0
rhumerus -3.09117 3.3954 -6.68113
rradius 40.5111 0 0
rwrist -16.5313 0 0
rhand -18.166 -38.3682 0
rfingers 7.12502 0 0
rthumb 8.10934 -788.157 0
954
root 1.39419 15.398 32.7698 6.27456 -2.88824 364.845
lfemur 4.5182 0.573641 2.20879
ltibia 5.8023 0 0
lfoot -31.0162 -14.3499 0
ltoes -30.7054 0 0
rfemur -30.1847 -10.5166 -8.73305
rtibia 47.7085 0 0
rfoot -16.0925 -0.401101 0
rtoes -43.7646 0 0
lowerback -3.24605 -0.858122 -0.467933
upperback -1.36247 -1.09742 -7.118
thorax 0.279508 -0.575459 -7.19291
lowerneck -7.01414 0.598803 3.62582
upperneck 2.12643 0.320682 3.79721
head 1.86232 0.293388 0.59157
lclavicle 1.78703e-15 -5.21221e-14 0
lhumerus -58.8735 -43.9348 111.872
lradius 55.6325 0 0
lwrist 25.7181 0 0
lhand 41.0899 24.3043 0
lfingers 7.12502 0 0
lthumb 63.2854 34.0459 0
rclavicle 1.78703e-15 -5.21221e-14 0
rhumerus -3.05369 3.19971 -6.6275
rradius 40.414 0 0
rwrist -16.4746 0 0
rhand -18.2591 -38.3893 0
rfingers 7.12502 0 0
rthumb 8.01947 -788.179 0
955
root 1.39324 15.3963 32.7692 6.26536 -2.89362 364.832
lfemur 4.54024 0.5754 2.23015
ltibia 5.78661 0 0
lfoot -31.0267 -14.3198 0
ltoes -30.7325 0 0
rfemur -30.1862 -10.5494 -8.71556
rtibia 47.7212 0 0
rfoot -16.1357 -0.36105 0
rtoes -43.7443 0 0
lowerback -3.23751 -0.851944 -0.468731
upperback -1.35606 -1.08913 -7.10891
thorax 0.282374 -0.57112 -7.18241
lowerneck -7.01848 0.599081 3.64599
upperneck 2.12686 0.318842 3.79816
head 1.86328 0.292755 0.588407
lclavicle 1.78027e-15 -5.14622e-14 0
lhumerus -58.8691 -43.9553 111.898
lradius 55.6327 0 0
lwrist 25.7171 0 0
lhand 41.0642 24.3125 0
lfingers 7.12502 0 0
lthumb 63.264 34.081 0
rclavicle 1.78027e-15 -5.14622e-14 0
rhumerus -3.01621 3.00401 -6.57388
rradius 40.3168 0 0
rwrist -16.4179 0 0
rhand -18.3521 -38.4104 0
rfingers 7.12502 0 0
rthumb 7.92959 -788.201 0
956
root 1.39229 15.3946 32.7685 6.25616 -2.89901 364.819
lfemur 4.56228 0.577158 2.25151
ltibia 5.77092 0 0
lfoot -31.0372 -14.2897 0
ltoes -30.7596 0 0
rfemur -30.1876 -10.5822 -8.69806
rtibia 47.7339 0 0
rfoot -16.1789 -0.320998 0
rtoes -43.7239 0 0
lowerback -3.22898 -0.845766 -0.469528
upperback -1.34966 -1.08085 -7.09983
thorax 0.285241 -0.566781 -7.17191
lowerneck -7.02282 0.599358 3.66615
upperneck 2.12728 0.317003 3.79911
head 1.86424 0.292121 0.585243
lclavicle 1.77351e-15 -5.08023e-14 0
lhumerus -58.8648 -43.9759 111.925
lradius 55.633 0 0
lwrist 25.716 0 0
lhand 41.0384 24.3206 0
lfingers 7.12502 0 0
lthumb 63.2425 34.116 0
rclavicle 1.77351e-15 -5.08023e-14 0
rhumerus -2.97873 2.80832 -6.52025
rradius 40.2196 0 0
rwrist -16.3612 0 0
rhand -18.4452 -38.4315 0
rfingers 7.12502 0 0
rthumb 7.83972 -788.224 0
957
root 1.39135 15.3928 32.7679 6.24696 -2.90439 364.807
lfemur 4.58433 0.578917 2.27286
ltibia 5.75523 0 0
lfoot -31.0477 -14.2596 0
ltoes -30.7867 0 0
rfemur -30.189 -10.615 -8.68056
rtibia 47.7466 0 0
rfoot -16.2221 -0.280946 0
rtoes -43.7036 0 0
lowerback -3.22044 -0.839589 -0.470325
upperback -1.34325 -1.07256 -7.09075
thorax 0.288107 -0.562442 -7.16141
lowerneck -7.02716 0.599636 3.68631
upperneck 2.12771 0.315163 3.80007
head 1.8652 0.291487 0.58208
lclavicle 1.76675e-15 -5.01424e-14 0
lhumerus -58.8605 -43.9964 111.951
lradius 55.6332 0 0
lwrist 25.715 0 0
lhand 41.0127 24.3288 0
lfingers 7.12502 0 0
lthumb 63.2211 34.151 0
rclavicle 1.76675e-15 -5.01424e-14 0
rhumerus -2.94125 2.61262 -6.46663
rradius 40.1224 0 0
rwrist -16.3045 0 0
rhand -18.5383 -38.4526 0
rfingers 7.12502 0 0
rthumb 7.74984 -788.246 0
958
root 1.3904 15.3911 32.7672 6.23776 -2.90977 364.794
lfemur 4.60637 0.580675 2.29422
ltibia 5.73954 0 0
lfoot -31.0582 -14.2294 0
ltoes -30.8138 0 0
rfemur -30.1905 -10.6478 -8.66306
rtibia 47.7593 0 0
rfoot -16.2653 -0.240894 0
rtoes -43.6833 0 0
lowerback -3.2119 -0.833411 -0.471123
upperback -1.33684 -1.06428 -7.08167
thorax 0.290973 -0.558104 -7.15091
lowerneck -7.0315 0.599914 3.70648
upperneck 2.12814 0.313324 3.80102
head 1.86617 0.290854 0.578916
lclavicle 1.75998e-15 -4.94825e-14 0
lhumerus -58.8561 -44.0169 111.977
lradius 55.6334 0 0
lwrist 25.7139 0 0
lhand 40.987 24.3369 0
lfingers 7.12502 0 0
lthumb 63.1997 34.1861 0
rclavicle 1.75998e-15 -4.94825e-14 0
rhumerus -2.90377 2.41693 -6.41301
rradius 40.0253 0 0
rwrist -16.2478 0 0
rhand -18.6314 -38.4737 0
rfingers 7.12502 0 0
rthumb 7.65997 -788.268 0
959
root 1.38945 15.3894 32.7666 6.22856 -2.91515 364.781
lfemur 4.62841 0.582434 2.31558
ltibia 5.72385 0 0
lfoot -31.0687 -14.1993 0
ltoes -30.8409 0 0
rfemur -30.1919 -10.6806 -8.64557
rtibia 47.772 0 0
rfoot -16.3086 -0.200842 0
rtoes -43.6629 0 0
lowerback -3.20337 -0.827233 -0.47192
upperback -1.33043 -1.05599 -7.07259
thorax 0.29384 -0.553765 -7.14041
lowerneck -7.03584 0.600191 3.72664
upperneck 2.12857 0.311484 3.80197
head 1.86713 0.29022 0.575753
lclavicle 1.75322e-15 -4.88226e-14 0
lhumerus -58.8518 -44.0375 112.004
lradius 55.6336 0 0
lwrist 25.7129 0 0
lhand 40.9613 24.3451 0
lfingers 7.12502 0 0
lthumb 63.1783 34.2211 0
rclavicle 1.75322e-15 -4.88226e-14 0
rhumerus -2.86629 2.22123 -6.35938
rradius 39.9281 0 0
rwrist -16.1911 0 0
rhand -18.7245 -38.4948 0
rfingers 7.12502 0 0
rthumb 7.57009 -788.291 0
960
root 1.3885 15.3877 32.7659 6.21936 -2.92054 364.769
lfemur 4.65045 0.584192 2.33694
ltibia 5.70817 0 0
lfoot -31.0792 -14.1692 0
ltoes -30.868 0 0
rfemur -30.1934 -10.7134 -8.62807
rtibia 47.7847 0 0
rfoot -16.3518 -0.16079 0
rtoes -43.6426 0 0
lowerback -3.19483 -0.821056 -0.472718
upperback -1.32403 -1.04771 -7.06351
thorax 0.296706 -0.549426 -7.12991
lowerneck -7.04018 0.600469 3.7468
upperneck 2.129 0.309645 3.80293
head 1.86809 0.289586 0.572589
lclavicle 1.74646e-15 -4.81627e-14 0
lhumerus -58.8475 -44.058 112.03
lradius 55.6338 0 0
lwrist 25.7118 0 0
lhand 40.9355 24.3532 0
lfingers 7.12502 0 0
lthumb 63.1568 34.2561 0
rclavicle 1.74646e-15 -4.81627e-14 0
rhumerus -2.82881 2.02554 -6.30576
rradius 39.8309 0 0
rwrist -16.1344 0 0
rhand -18.8175 -38.5159 0
rfingers 7.12502 0 0
rthumb 7.48022 -788.313 0
961
root 1.38755 15.386 32.7653 6.21016 -2.92592 364.756
lfemur 4.67249 0.585951 2.35829
ltibia 5.69248 0 0
lfoot -31.0897 -14.1391 0
ltoes -30.8951 0 0
rfemur -30.1948 -10.7462 -8.61057
rtibia 47.7974 0 0
rfoot -16.395 -0.120738 0
rtoes -43.6223 0 0
lowerback -3.18629 -0.814878 -0.473515
upperback -1.31762 -1.03943 -7.05442
thorax 0.299573 -0.545088 -7.11941
lowerneck -7.04452 0.600747 3.76696
upperneck 2.12943 0.307805 3.80388
head 1.86905 0.288953 0.569426
lclavicle 1.7397e-15 -4.75028e-14 0
lhumerus -58.8431 -44.0785 112.057
lradius 55.6341 0 0
lwrist 25.7108 0 0
lhand 40.9098 24.3614 0
lfingers 7.12502 0 0
lthumb 63.1354 34.2912 0
rclavicle 1.7397e-15 -4.75028e-14 0
rhumerus -2.79133 1.82985 -6.25214
rradius 39.7337 0 0
rwrist -16.0777 0 0
rhand -18.9106 -38.537 0
rfingers 7.12502 0 0
rthumb 7.39034 -788.335 0
962
root 1.38661 15.3842 32.7646 6.20096 -2.9313 364.743
lfemur 4.69454 0.58771 2.37965
ltibia 5.67679 0 0
lfoot -31.1002 -14.1089 0
ltoes -30.9222 0 0
rfemur -30.1963 -10.779 -8.59307
rtibia 47.8101 0 0
rfoot -16.4382 -0.0806862 0
rtoes -43.6019 0 0
lowerback -3.17775 -0.8087 -0.474312
upperback -1.31121 -1.03114 -7.04534
thorax 0.302439 -0.540749 -7.1089
lowerneck -7.04886 0.601025 3.78713
upperneck 2.12986 0.305966 3.80484
head 1.87001 0.288319 0.566263
lclavicle 1.73294e-15 -4.68428e-14 0
lhumerus -58.8388 -44.0991 112.083
lradius 55.6343 0 0
lwrist 25.7097 0 0
lhand 40.8841 24.3695 0
lfingers 7.12502 0 0
lthumb 63.114 34.3262 0
rclavicle 1.73294e-15 -4.68428e-14 0
rhumerus -2.75385 1.63415 -6.19851
rradius 39.6366 0 0
rwrist -16.021 0 0
rhand -19.0037 -38.5581 0
rfingers 7.12502 0 0
rthumb 7.30047 -788.357 0
963
root 1.38566 15.3825 32.764 6.19176 -2.93668 364.731
lfemur 4.71658 0.589468 2.40101
ltibia 5.6611 0 0
lfoot -31.1107 -14.0788 0
ltoes -30.9493 0 0
rfemur -30.1977 -10.8118 -8.57558
rtibia 47.8228 0 0
rfoot -16.4814 -0.0406343 0
rtoes -43.5816 0 0
lowerback -3.16922 -0.802523 -0.47511
upperback -1.3048 -1.02286 -7.03626
thorax 0.305306 -0.53641 -7.0984
lowerneck -7.0532 0.601302 3.80729
upperneck 2.13029 0.304126 3.80579
head 1.87097 0.287685 0.563099
lclavicle 1.72618e-15 -4.61829e-14 0
lhumerus -58.8345 -44.1196 112.11
lradius 55.6345 0 0
lwrist 25.7087 0 0
lhand 40.8584 24.3777 0
lfingers 7.12502 0 0
lthumb 63.0926 34.3612 0
rclavicle 1.72618e-15 -4.61829e-14 0
rhumerus -2.71637 1.43846 -6.14489
rradius 39.5394 0 0
rwrist -15.9643 0 0
rhand -19.0968 -38.5792 0
rfingers 7.12502 0 0
rthumb 7.21059 -788.38 0
964
root 1.38471 15.3808 32.7633 6.18256 -2.94207 364.718
lfemur 4.73862 0.591227 2.42237
ltibia 5.64541 0 0
lfoot -31.1211 -14.0487 0
ltoes -30.9764 0 0
rfemur -30.1992 -10.8446 -8.55808
rtibia 47.8354 0 0
rfoot -16.5247 -0.000582381 0
rtoes -43.5613 0 0
lowerback -3.16068 -0.796345 -0.475907
upperback -1.2984 -1.01457 -7.02718
thorax 0.308172 -0.532072 -7.0879
lowerneck -7.05755 0.60158 3.82745
upperneck 2.13072 0.302286 3.80674
head 1.87193 0.287052 0.559936
lclavicle 1.71942e-15 -4.5523e-14 0
lhumerus -58.8301 -44.1401 112.136
lradius 55.6347 0 0
lwrist 25.7076 0 0
lhand 40.8326 24.3858 0
lfingers 7.12502 0 0
lthumb 63.0712 34.3963 0
rclavicle 1.71942e-15 -4.5523e-14 0
rhumerus -2.67889 1.24276 -6.09126
rradius 39.4422 0 0
rwrist -15.9076 0 0
rhand -19.1898 -38.6003 0
rfingers 7.12502 0 0
rthumb 7.12072 -788.402 0
965
root 1.38376 15.3791 32.7627 6.17336 -2.94745 364.706
lfemur 4.76066 0.592985 2.44372
ltibia 5.62972 0 0
lfoot -31.1316 -14.0186 0
ltoes -31.0035 0 0
rfemur -30.2006 -10.8774 -8.54058
rtibia 47.8481 0 0
rfoot -16.5679 0.0394695 0
rtoes -43.541 0 0
lowerback -3.15214 -0.790167 -0.476705
upperback -1.29199 -1.00629 -7.0181
thorax 0.311038 -0.527733 -7.0774
lowerneck -7.06189 0.601858 3.84762
upperneck 2.13115 0.300447 3.8077
head 1.87289 0.286418 0.556772
lclavicle 1.71265e-15 -4.48631e-14 0
lhumerus -58.8258 -44.1606 112.162
lradius 55.6349 0 0
lwrist 25.7066 0 0
lhand 40.8069 24.394 0
lfingers 7.12502 0 0
lthumb 63.0497 34.4313 0
rclavicle 1.71265e-15 -4.48631e-14 0
rhumerus -2.64141 1.04707 -6.03764
rradius 39.345 0 0
rwrist -15.8509 0 0
rhand -19.2829 -38.6214 0
rfingers 7.12502 0 0
rthumb 7.03084 -788.424 0
966
root 1.38282 15.3773 32.762 6.16416 -2.95283 364.693
lfemur 4.7827 0.594744 2.46508
ltibia 5.61403 0 0
lfoot -31.1421 -13.9884 0
ltoes -31.0306 0 0
rfemur -30.2021 -10.9102 -8.52308
rtibia 47.8608 0 0
rfoot -16.6111 0.0795214 0
rtoes -43.5206 0 0
lowerback -3.14361 -0.78399 -0.477502
upperback -1.28558 -0.998005 -7.00902
thorax 0.313905 -0.523394 -7.0669
lowerneck -7.06623 0.602135 3.86778
upperneck 2.13158 0.298607 3.80865
head 1.87385 0.285785 0.553609
lclavicle 1.70589e-15 -4.42032e-14 0
lhumerus -58.8214 -44.1812 112.189
lradius 55.6352 0 0
lwrist 25.7055 0 0
lhand 40.7812 24.4021 0
lfingers 7.12502 0 0
lthumb 63.0283 34.4664 0
rclavicle 1.70589e-15 -4.42032e-14 0
rhumerus -2.60393 0.851371 -5.98402
rradius 39.2479 0 0
rwrist -15.7942 0 0
rhand -19.376 -38.6425 0
rfingers 7.12502 0 0
rthumb 6.94097 -788.447 0
967
root 1.38187 15.3756 32.7614 6.15496 -2.95821 364.68
lfemur 4.80475 0.596502 2.48644
ltibia 5.59834 0 0
lfoot -31.1526 -13.9583 0
ltoes -31.0577 0 0
rfemur -30.2035 -10.943 -8.50558
rtibia 47.8735 0 0
rfoot -16.6543 0.119573 0
rtoes -43.5003 0 0
lowerback -3.13507 -0.777812 -0.478299
upperback -1.27918 -0.989721 -6.99993
thorax 0.316771 -0.519056 -7.0564
lowerneck -7.07057 0.602413 3.88794
upperneck 2.13201 0.296768 3.8096
head 1.87481 0.285151 0.550445
lclavicle 1.69913e-15 -4.35433e-14 0
lhumerus -58.8171 -44.2017 112.215
lradius 55.6354 0 0
lwrist 25.7045 0 0
lhand 40.7555 24.4103 0
lfingers 7.12502 0 0
lthumb 63.0069 34.5014 0
rclavicle 1.69913e-15 -4.35433e-14 0
rhumerus -2.56645 0.655677 -5.93039
rradius 39.1507 0 0
rwrist -15.7375 0 0
rhand -19.4691 -38.6637 0
rfingers 7.12502 0 0
rthumb 6.85109 -788.469 0
968
root 1.38092 15.3739 32.7607 6.14576 -2.9636 364.668
lfemur 4.82679 0.598261 2.5078
ltibia 5.58266 0 0
lfoot -31.1631 -13.9282 0
ltoes -31.0848 0 0
rfemur -30.205 -10.9758 -8.48809
rtibia 47.8862 0 0
rfoot -16.6975 0.159625 0
rtoes -43.48 0 0
lowerback -3.12653 -0.771634 -0.479097
upperback -1.27277 -0.981437 -6.99085
thorax 0.319638 -0.514717 -7.0459
lowerneck -7.07491 0.602691 3.9081
upperneck 2.13243 0.294928 3.81056
head 1.87577 0.284517 0.547282
lclavicle 1.69237e-15 -4.28834e-14 0
lhumerus -58.8128 -44.2222 112.242
lradius 55.6356 0 0
lwrist 25.7034 0 0
lhand 40.7297 24.4184 0
lfingers 7.12502 0 0
lthumb 62.9855 34.5364 0
rclavicle 1.69237e-15 -4.28834e-14 0
rhumerus -2.52897 0.459982 -5.87677
rradius 39.0535 0 0
rwrist -15.6808 0 0
rhand -19.5621 -38.6848 0
rfingers 7.12502 0 0
rthumb 6.76122 -788.491 0
969
root 1.37997 15.3722 32.7601 6.13656 -2.96898 364.655
lfemur 4.84883 0.600019 2.52915
ltibia 5.56697 0 0
lfoot -31.1736 -13.8981 0
ltoes -31.1119 0 0
rfemur -30.2064 -11.0086 -8.47059
rtibia 47.8989 0 0
rfoot -16.7408 0.199677 0
rtoes -43.4596 0 0
lowerback -3.11799 -0.765457 -0.479894
upperback -1.26636 -0.973152 -6.98177
thorax 0.322504 -0.510378 -7.0354
lowerneck -7.07925 0.602969 3.92827
upperneck 2.13286 0.293089 3.81151
head 1.87673 0.283884 0.544118
lclavicle 1.68561e-15 -4.22235e-14 0
lhumerus -58.8084 -44.2428 112.268
lradius 55.6358 0 0
lwrist 25.7024 0 0
lhand 40.704 24.4265 0
lfingers 7.12502 0 0
lthumb 62.964 34.5715 0
rclavicle 1.68561e-15 -4.22235e-14 0
rhumerus -2.49149 0.264287 -5.82314
rradius 38.9563 0 0
rwrist -15.6241 0 0
rhand -19.6552 -38.7059 0
rfingers 7.12502 0 0
rthumb 6.67135 -788.513 0
970
root 1.37902 15.3705 32.7594 6.12736 -2.97436 364.642
lfemur 4.87087 0.601778 2.55051
ltibia 5.55128 0 0
lfoot -31.1841 -13.8679 0
ltoes -31.139 0 0
rfemur -30.2079 -11.0414 -8.45309
rtibia 47.9116 0 0
rfoot -16.784 0.239729 0
rtoes -43.4393 0 0
lowerback -3.10946 -0.759279 -0.480692
upperback -1.25995 -0.964868 -6.97269
thorax 0.325371 -0.506039 -7.0249
lowerneck -7.08359 0.603246 3.94843
upperneck 2.13329 0.291249 3.81247
head 1.8777 0.28325 0.540955
lclavicle 1.67885e-15 -4.15636e-14 0
lhumerus -58.8041 -44.2633 112.295
lradius 55.6361 0 0
lwrist 25.7013 0 0
lhand 40.6783 24.4347 0
lfingers 7.12502 0 0
lthumb 62.9426 34.6065 0
rclavicle 1.67885e-15 -4.15636e-14 0
rhumerus -2.45401 0.0685924 -5.76952
rradius 38.8592 0 0
rwrist -15.5674 0 0
rhand -19.7483 -38.727 0
rfingers 7.12502 0 0
rthumb 6.58147 -788.536 0
971
root 1.37808 15.3687 32.7588 6.11816 -2.97974 364.63
lfemur 4.89291 0.603536 2.57187
ltibia 5.53559 0 0
lfoot -31.1946 -13.8378 0
ltoes -31.1662 0 0
rfemur -30.2093 -11.0742 -8.43559
rtibia 47.9243 0 0
rfoot -16.8272 0.279781 0
rtoes -43.419 0 0
lowerback -3.10092 -0.753101 -0.481489
upperback -1.25355 -0.956584 -6.96361
thorax 0.328237 -0.501701 -7.0144
lowerneck -7.08793 0.603524 3.96859
upperneck 2.13372 0.28941 3.81342
head 1.87866 0.282616 0.537791
lclavicle 1.67209e-15 -4.09037e-14 0
lhumerus -58.7998 -44.2838 112.321
lradius 55.6363 0 0
lwrist 25.7003 0 0
lhand 40.6526 24.4428 0
lfingers 7.12502 0 0
lthumb 62.9212 34.6415 0
rclavicle 1.67209e-15 -4.09037e-14 0
rhumerus -2.41654 -0.127102 -5.7159
rradius 38.762 0 0
rwrist -15.5107 0 0
rhand -19.8414 -38.7481 0
rfingers 7.12502 0 0
rthumb 6.4916 -788.558 0
972
root 1.37713 15.367 32.7581 6.10896 -2.98513 364.617
lfemur 4.91496 0.605295 2.59323
ltibia 5.5199 0 0
lfoot -31.2051 -13.8077 0
ltoes -31.1933 0 0
rfemur -30.2107 -11.107 -8.4181
rtibia 47.937 0 0
rfoot -16.8704 0.319833 0
rtoes -43.3986 0 0
lowerback -3.09238 -0.746924 -0.482286
upperback -1.24714 -0.948299 -6.95453
thorax 0.331104 -0.497362 -7.0039
lowerneck -7.09227 0.603802 3.98876
upperneck 2.13415 0.28757 3.81437
head 1.87962 0.281983 0.534628
lclavicle 1.66533e-15 -4.02437e-14 0
lhumerus -58.7954 -44.3044 112.348
lradius 55.6365 0 0
lwrist 25.6992 0 0
lhand 40.6268 24.451 0
lfingers 7.12502 0 0
lthumb 62.8998 34.6766 0
rclavicle 1.66533e-15 -4.02437e-14 0
rhumerus -2.37906 -0.322797 -5.66227
rradius 38.6648 0 0
rwrist -15.454 0 0
rhand -19.9345 -38.7692 0
rfingers 7.12502 0 0
rthumb 6.40172 -788.58 0
973
root 1.37618 15.3653 32.7575 6.09976 -2.99051 364.604
lfemur 4.937 0.607054 2.61458
ltibia 5.50421 0 0
lfoot -31.2156 -13.7776 0
ltoes -31.2204 0 0
rfemur -30.2122 -11.1398 -8.4006
rtibia 47.9497 0 0
rfoot -16.9136 0.359885 0
rtoes -43.3783 0 0
lowerback -3.08384 -0.740746 -0.483084
upperback -1.24073 -0.940015 -6.94544
thorax 0.33397 -0.493023 -6.9934
lowerneck -7.09661 0.60408 4.00892
upperneck 2.13458 0.285731 3.81533
head 1.88058 0.281349 0.531465
lclavicle 1.65856e-15 -3.95838e-14 0
lhumerus -58.7911 -44.3249 112.374
lradius 55.6367 0 0
lwrist 25.6982 0 0
lhand 40.6011 24.4591 0
lfingers 7.12502 0 0
lthumb 62.8784 34.7116 0
rclavicle 1.65856e-15 -3.95838e-14 0
rhumerus -2.34158 -0.518492 -5.60865
rradius 38.5676 0 0
rwrist -15.3973 0 0
rhand -20.0275 -38.7903 0
rfingers 7.12502 0 0
rthumb 6.31185 -788.602 0
974
root 1.37523 15.3636 32.7568 6.09056 -2.99589 364.592
lfemur 4.95904 0.608812 2.63594
ltibia 5.48852 0 0
lfoot -31.2261 -13.7474 0
ltoes -31.2475 0 0
rfemur -30.2136 -11.1726 -8.3831
rtibia 47.9623 0 0
rfoot -16.9568 0.399937 0
rtoes -43.358 0 0
lowerback -3.07531 -0.734568 -0.483881
upperback -1.23432 -0.931731 -6.93636
thorax 0.336836 -0.488685 -6.9829
lowerneck -7.10095 0.604357 4.02908
upperneck 2.13501 0.283891 3.81628
head 1.88154 0.280715 0.528301
lclavicle 1.6518e-15 -3.89239e-14 0
lhumerus -58.7868 -44.3454 112.4
lradius 55.6369 0 0
lwrist 25.6971 0 0
lhand 40.5754 24.4673 0
lfingers 7.12502 0 0
lthumb 62.8569 34.7466 0
rclavicle 1.6518e-15 -3.89239e-14 0
rhumerus -2.3041 -0.714187 -5.55503
rradius 38.4705 0 0
rwrist -15.3406 0 0
rhand -20.1206 -38.8114 0
rfingers 7.12502 0 0
rthumb 6.22197 -788.625 0
975
root 1.37428 15.3619 32.7562 6.08136 -3.00128 364.579
lfemur 4.98108 0.610571 2.6573
ltibia 5.47283 0 0
lfoot -31.2366 -13.7173 0
ltoes -31.2746 0 0
rfemur -30.2151 -11.2054 -8.3656
rtibia 47.975 0 0
rfoot -17.0001 0.439989 0
rtoes -43.3376 0 0
lowerback -3.06677 -0.728391 -0.484679
upperback -1.22792 -0.923447 -6.92728
thorax 0.339703 -0.484346 -6.9724
lowerneck -7.10529 0.604635 4.04925
upperneck 2.13544 0.282052 3.81723
head 1.8825 0.280082 0.525138
lclavicle 1.64504e-15 -3.8264e-14 0
lhumerus -58.7824 -44.366 112.427
lradius 55.6372 0 0
lwrist 25.6961 0 0
lhand 40.5496 24.4754 0
lfingers 7.12502 0 0
lthumb 62.8355 34.7817 0
rclavicle 1.64504e-15 -3.8264e-14 0
rhumerus -2.26662 -0.909881 -5.5014
rradius 38.3733 0 0
rwrist -15.2839 0 0
rhand -20.2137 -38.8325 0
rfingers 7.12502 0 0
rthumb 6.1321 -788.647 0
976
root 1.37334 15.3601 32.7555 6.07216 -3.00666 364.567
lfemur 5.00312 0.612329 2.67866
ltibia 5.45715 0 0
lfoot -31.2471 -13.6872 0
ltoes -31.3017 0 0
rfemur -30.2165 -11.2382 -8.34811
rtibia 47.9877 0 0
rfoot -17.0433 0.48004 0
rtoes -43.3173 0 0
lowerback -3.05823 -0.722213 -0.485476
upperback -1.22151 -0.915162 -6.9182
thorax 0.342569 -0.480007 -6.96189
lowerneck -7.10963 0.604913 4.06941
upperneck 2.13587 0.280212 3.81819
head 1.88346 0.279448 0.521974
lclavicle 1.63828e-15 -3.76041e-14 0
lhumerus -58.7781 -44.3865 112.453
lradius 55.6374 0 0
lwrist 25.695 0 0
lhand 40.5239 24.4836 0
lfingers 7.12502 0 0
lthumb 62.8141 34.8167 0
rclavicle 1.63828e-15 -3.76041e-14 0
rhumerus -2.22914 -1.10558 -5.44778
rradius 38.2761 0 0
rwrist -15.2272 0 0
rhand -20.3068 -38.8536 0
rfingers 7.12502 0 0
rthumb 6.04222 -788.669 0
977
root 1.37239 15.3584 32.7549 6.06296 -3.01204 364.554
lfemur 5.02516 0.614088 2.70001
ltibia 5.44146 0 0
lfoot -31.2576 -13.6571 0
ltoes -31.3288 0 0
rfemur -30.218 -11.271 -8.33061
rtibia 48.0004 0 0
rfoot -17.0865 0.520092 0
rtoes -43.297 0 0
lowerback -3.0497 -0.716035 -0.486274
upperback -1.2151 -0.906878 -6.90912
thorax 0.345436 -0.475669 -6.95139
lowerneck -7.11397 0.60519 4.08957
upperneck 2.1363 0.278372 3.81914
head 1.88442 0.278814 0.518811
lclavicle 1.63152e-15 -3.69442e-14 0
lhumerus -58.7738 -44.407 112.48
lradius 55.6376 0 0
lwrist 25.694 0 0
lhand 40.4982 24.4917 0
lfingers 7.12502 0 0
lthumb 62.7927 34.8517 0
rclavicle 1.63152e-15 -3.69442e-14 0
rhumerus -2.19166 -1.30127 -5.39415
rradius 38.1789 0 0
rwrist -15.1706 0 0
rhand -20.3998 -38.8747 0
rfingers 7.12502 0 0
rthumb 5.95235 -788.692 0
978
root 1.37144 15.3567 32.7542 6.05376 -3.01742 364.541
lfemur 5.04721 0.615846 2.72137
ltibia 5.42577 0 0
lfoot -31.2681 -13.6269 0
ltoes -31.3559 0 0
rfemur -30.2194 -11.3038 -8.31311
rtibia 48.0131 0 0
rfoot -17.1297 0.560144 0
rtoes -43.2766 0 0
lowerback -3.04116 -0.709858 -0.487071
upperback -1.20869 -0.898594 -6.90004
thorax 0.348302 -0.47133 -6.94089
lowerneck -7.11831 0.605468 4.10973
upperneck 2.13673 0.276533 3.8201
head 1.88538 0.278181 0.515647
lclavicle 1.62476e-15 -3.62843e-14 0
lhumerus -58.7694 -44.4276 112.506
lradius 55.6378 0 0
lwrist 25.6929 0 0
lhand 40.4725 24.4999 0
lfingers 7.12502 0 0
lthumb 62.7713 34.8868 0
rclavicle 1.62476e-15 -3.62843e-14 0
rhumerus -2.15418 -1.49697 -5.34053
rradius 38.0818 0 0
rwrist -15.1139 0 0
rhand -20.4929 -38.8958 0
rfingers 7.12502 0 0
rthumb 5.86247 -788.714 0
979
root 1.37049 15.355 32.7536 6.04456 -3.02281 364.529
lfemur 5.06925 0.617605 2.74273
ltibia 5.41008 0 0
lfoot -31.2786 -13.5968 0
ltoes -31.383 0 0
rfemur -30.2209 -11.3366 -8.29561
rtibia 48.0258 0 0
rfoot -17.1729 0.600196 0
rtoes -43.2563 0 0
lowerback -3.03262 -0.70368 -0.487868
upperback -1.20229 -0.89031 -6.89095
thorax 0.351169 -0.466991 -6.93039
lowerneck -7.12265 0.605746 4.1299
upperneck 2.13715 0.274693 3.82105
head 1.88634 0.277547 0.512484
lclavicle 1.618e-15 -3.56244e-14 0
lhumerus -58.7651 -44.4481 112.533
lradius 55.638 0 0
lwrist 25.6919 0 0
lhand 40.4467 24.508 0
lfingers 7.12502 0 0
lthumb 62.7498 34.9218 0
rclavicle 1.618e-15 -3.56244e-14 0
rhumerus -2.1167 -1.69266 -5.28691
rradius 37.9846 0 0
rwrist -15.0572 0 0
rhand -20.586 -38.9169 0
rfingers 7.12502 0 0
rthumb 5.7726 -788.736 0
980
root 1.36954 15.3533 32.7529 6.03536 -3.02819 364.516
lfemur 5.09129 0.619363 2.76409
ltibia 5.39439 0 0
lfoot -31.2891 -13.5667 0
ltoes -31.4101 0 0
rfemur -30.2223 -11.3694 -8.27811
rtibia 48.0385 0 0
rfoot -17.2162 0.640248 0
rtoes -43.236 0 0
lowerback -3.02408 -0.697502 -0.488666
upperback -1.19588 -0.882025 -6.88187
thorax 0.354035 -0.462652 -6.91989
lowerneck -7.127 0.606024 4.15006
upperneck 2.13758 0.272854 3.822
head 1.8873 0.276914 0.50932
lclavicle 1.61123e-15 -3.49645e-14 0
lhumerus -58.7607 -44.4686 112.559
lradius 55.6383 0 0
lwrist 25.6908 0 0
lhand 40.421 24.5162 0
lfingers 7.12502 0 0
lthumb 62.7284 34.9569 0
rclavicle 1.61123e-15 -3.49645e-14 0
rhumerus -2.07922 -1.88836 -5.23328
rradius 37.8874 0 0
rwrist -15.0005 0 0
rhand -20.6791 -38.938 0
rfingers 7.12502 0 0
rthumb 5.68272 -788.758 0
981
root 1.3686 15.3515 32.7523 6.02616 -3.03357 364.503
lfemur 5.11333 0.621122 2.78544
ltibia 5.3787 0 0
lfoot -31.2996 -13.5366 0
ltoes -31.4372 0 0
rfemur -30.2238 -11.4022 -8.26062
rtibia 48.0512 0 0
rfoot -17.2594 0.6803 0
rtoes -43.2156 0 0
lowerback -3.01555 -0.691325 -0.489463
upperback -1.18947 -0.873741 -6.87279
thorax 0.356902 -0.458314 -6.90939
lowerneck -7.13134 0.606301 4.17022
upperneck 2.13801 0.271014 3.82296
head 1.88826 0.27628 0.506157
lclavicle 1.60447e-15 -3.43045e-14 0
lhumerus -58.7564 -44.4892 112.586
lradius 55.6385 0 0
lwrist 25.6898 0 0
lhand 40.3953 24.5243 0
lfingers 7.12502 0 0
lthumb 62.707 34.9919 0
rclavicle 1.60447e-15 -3.43045e-14 0
rhumerus -2.04174 -2.08405 -5.17966
rradius 37.7902 0 0
rwrist -14.9438 0 0
rhand -20.7722 -38.9591 0
rfingers 7.12502 0 0
rthumb 5.59285 -788.781 0
982
root 1.36765 15.3498 32.7516 6.01696 -3.03895 364.491
lfemur 5.13537 0.62288 2.8068
ltibia 5.36301 0 0
lfoot -31.3101 -13.5064 0
ltoes -31.4643 0 0
rfemur -30.2252 -11.435 -8.24312
rtibia 48.0639 0 0
rfoot -17.3026 0.720352 0
rtoes -43.1953 0 0
lowerback -3.00701 -0.685147 -0.490261
upperback -1.18307 -0.865457 -6.86371
thorax 0.359768 -0.453975 -6.89889
lowerneck -7.13568 0.606579 4.19039
upperneck 2.13844 0.269175 3.82391
head 1.88923 0.275646 0.502993
lclavicle 1.59771e-15 -3.36446e-14 0
lhumerus -58.7521 -44.5097 112.612
lradius 55.6387 0 0
lwrist 25.6887 0 0
lhand 40.3696 24.5325 0
lfingers 7.12502 0 0
lthumb 62.6856 35.0269 0
rclavicle 1.59771e-15 -3.36446e-14 0
rhumerus -2.00426 -2.27974 -5.12604
rradius 37.6931 0 0
rwrist -14.8871 0 0
rhand -20.8652 -38.9802 0
rfingers 7.12502 0 0
rthumb 5.50297 -788.803 0
983
root 1.3667 15.3481 32.751 6.00776 -3.04434 364.478
lfemur 5.15742 0.624639 2.82816
ltibia 5.34732 0 0
lfoot -31.3206 -13.4763 0
ltoes -31.4914 0 0
rfemur -30.2267 -11.4678 -8.22562
rtibia 48.0766 0 0
rfoot -17.3458 0.760404 0
rtoes -43.175 0 0
lowerback -2.99847 -0.678969 -0.491058
upperback -1.17666 -0.857173 -6.85463
thorax 0.362634 -0.449636 -6.88839
lowerneck -7.14002 0.606857 4.21055
upperneck 2.13887 0.267335 3.82486
head 1.89019 0.275013 0.49983
lclavicle 1.59095e-15 -3.29847e-14 0
lhumerus -58.7477 -44.5302 112.638
lradius 55.6389 0 0
lwrist 25.6877 0 0
lhand 40.3438 24.5406 0
lfingers 7.12502 0 0
lthumb 62.6641 35.062 0
rclavicle 1.59095e-15 -3.29847e-14 0
rhumerus -1.96678 -2.47544 -5.07241
rradius 37.5959 0 0
rwrist -14.8304 0 0
rhand -20.9583 -39.0013 0
rfingers 7.12502 0 0
rthumb 5.4131 -788.825 0
984
root 1.36575 15.3464 32.7503 5.99857 -3.04972 364.466
lfemur 5.17946 0.626397 2.84952
ltibia 5.33164 0 0
lfoot -31.3311 -13.4462 0
ltoes -31.5185 0 0
rfemur -30.2281 -11.5006 -8.20812
rtibia 48.0892 0 0
rfoot -17.389 0.800456 0
rtoes -43.1546 0 0
lowerback -2.98994 -0.672792 -0.491855
upperback -1.17025 -0.848888 -6.84555
thorax 0.365501 -0.445298 -6.87789
lowerneck -7.14436 0.607134 4.23071
upperneck 2.1393 0.265496 3.82582
head 1.89115 0.274379 0.496666
lclavicle 1.58419e-15 -3.23248e-14 0
lhumerus -58.7434 -44.5508 112.665
lradius 55.6391 0 0
lwrist 25.6866 0 0
lhand 40.3181 24.5488 0
lfingers 7.12502 0 0
lthumb 62.6427 35.097 0
rclavicle 1.58419e-15 -3.23248e-14 0
rhumerus -1.9293 -2.67113 -5.01879
rradius 37.4987 0 0
rwrist -14.7737 0 0
rhand -21.0514 -39.0224 0
rfingers 7.12502 0 0
rthumb 5.32322 -788.848 0
985
root 1.3648 15.3447 32.7497 5.98937 -3.0551 364.453
lfemur 5.2015 0.628156 2.87087
ltibia 5.31595 0 0
lfoot -31.3416 -13.4161 0
ltoes -31.5456 0 0
rfemur -30.2296 -11.5334 -8.19063
rtibia 48.1019 0 0
rfoot -17.4322 0.840508 0
rtoes -43.1343 0 0
lowerback -2.9814 -0.666614 -0.492653
upperback -1.16384 -0.840604 -6.83646
thorax 0.368367 -0.440959 -6.86739
lowerneck -7.1487 0.607412 4.25087
upperneck 2.13973 0.263656 3.82677
head 1.89211 0.273745 0.493503
lclavicle 1.57743e-15 -3.16649e-14 0
lhumerus -58.7391 -44.5713 112.691
lradius 55.6394 0 0
lwrist 25.6856 0 0
lhand 40.2924 24.5569 0
lfingers 7.12502 0 0
lthumb 62.6213 35.132 0
rclavicle 1.57743e-15 -3.16649e-14 0
rhumerus -1.89182 -2.86683 -4.96516
rradius 37.4015 0 0
rwrist -14.717 0 0
rhand -21.1445 -39.0436 0
rfingers 7.12502 0 0
rthumb 5.23335 -788.87 0
986
root 1.36386 15.3429 32.749 5.98017 -3.06048 364.44
lfemur 5.22354 0.629915 2.89223
ltibia 5.30026 0 0
lfoot -31.3521 -13.3859 0
ltoes -31.5727 0 0
rfemur -30.231 -11.5662 -8.17313
rtibia 48.1146 0 0
rfoot -17.4755 0.88056 0
rtoes -43.114 0 0
lowerback -2.97286 -0.660436 -0.49345
upperback -1.15744 -0.83232 -6.82738
thorax 0.371234 -0.43662 -6.85689
lowerneck -7.15304 0.60769 4.27104
upperneck 2.14016 0.261817 3.82773
head 1.89307 0.273112 0.49034
lclavicle 1.57067e-15 -3.1005e-14 0
lhumerus -58.7347 -44.5918 112.718
lradius 55.6396 0 0
lwrist 25.6845 0 0
lhand 40.2667 24.5651 0
lfingers 7.12502 0 0
lthumb 62.5999 35.1671 0
rclavicle 1.57067e-15 -3.1005e-14 0
rhumerus -1.85434 -3.06252 -4.91154
rradius 37.3044 0 0
rwrist -14.6603 0 0
rhand -21.2375 -39.0647 0
rfingers 7.12502 0 0
rthumb 5.14347 -788.892 0
987
root 1.36291 15.3412 32.7484 5.97097 -3.06587 364.428
lfemur 5.24558 0.631673 2.91359
ltibia 5.28457 0 0
lfoot -31.3626 -13.3558 0
ltoes -31.5998 0 0
rfemur -30.2325 -11.599 -8.15563
rtibia 48.1273 0 0
rfoot -17.5187 0.920611 0
rtoes -43.0936 0 0
lowerback -2.96432 -0.654258 -0.494248
upperback -1.15103 -0.824036 -6.8183
thorax 0.3741 -0.432282 -6.84639
lowerneck -7.15738 0.607968 4.2912
upperneck 2.14059 0.259977 3.82868
head 1.89403 0.272478 0.487176
lclavicle 1.56391e-15 -3.03451e-14 0
lhumerus -58.7304 -44.6124 112.744
lradius 55.6398 0 0
lwrist 25.6835 0 0
lhand 40.2409 24.5732 0
lfingers 7.12502 0 0
lthumb 62.5785 35.2021 0
rclavicle 1.56391e-15 -3.03451e-14 0
rhumerus -1.81686 -3.25822 -4.85792
rradius 37.2072 0 0
rwrist -14.6036 0 0
rhand -21.3306 -39.0858 0
rfingers 7.12502 0 0
rthumb 5.0536 -788.914 0
988
root 1.36196 15.3395 32.7477 5.96177 -3.07125 364.415
lfemur 5.26763 0.633432 2.93495
ltibia 5.26888 0 0
lfoot -31.3731 -13.3257 0
ltoes -31.6269 0 0
rfemur -30.2339 -11.6318 -8.13813
rtibia 48.14 0 0
rfoot -17.5619 0.960663 0
rtoes -43.0733 0 0
lowerback -2.95579 -0.648081 -0.495045
upperback -1.14462 -0.815751 -6.80922
thorax 0.376967 -0.427943 -6.83589
lowerneck -7.16172 0.608245 4.31136
upperneck 2.14102 0.258138 3.82963
head 1.89499 0.271844 0.484013
lclavicle 1.55714e-15 -2.96852e-14 0
lhumerus -58.7261 -44.6329 112.771
lradius 55.64 0 0
lwrist 25.6824 0 0
lhand 40.2152 24.5814 0
lfingers 7.12502 0 0
lthumb 62.557 35.2371 0
rclavicle 1.55714e-15 -2.96852e-14 0
rhumerus -1.77938 -3.45391 -4.80429
rradius 37.11 0 0
rwrist -14.5469 0 0
rhand -21.4237 -39.1069 0
rfingers 7.12502 0 0
rthumb 4.96372 -788.937 0
989
root 1.36101 15.3378 32.747 5.95257 -3.07663 364.402
lfemur 5.28967 0.63519 2.9563
ltibia 5.25319 0 0
lfoot -31.3836 -13.2956 0
ltoes -31.654 0 0
rfemur -30.2353 -11.6646 -8.12064
rtibia 48.1527 0 0
rfoot -17.6051 1.00072 0
rtoes -43.053 0 0
lowerback -2.94725 -0.641903 -0.495842
upperback -1.13821 -0.807467 -6.80014
thorax 0.379833 -0.423604 -6.82539
lowerneck -7.16606 0.608523 4.33153
upperneck 2.14145 0.256298 3.83059
head 1.89595 0.271211 0.480849
lclavicle 1.55038e-15 -2.90253e-14 0
lhumerus -58.7217 -44.6534 112.797
lradius 55.6403 0 0
lwrist 25.6813 0 0
lhand 40.1895 24.5895 0
lfingers 7.12502 0 0
lthumb 62.5356 35.2722 0
rclavicle 1.55038e-15 -2.90253e-14 0
rhumerus -1.7419 -3.64961 -4.75067
rradius 37.0128 0 0
rwrist -14.4902 0 0
rhand -21.5168 -39.128 0
rfingers 7.12502 0 0
rthumb 4.87385 -788.959 0
990
root 1.36006 15.3361 32.7464 5.94337 -3.08202 364.39
lfemur 5.31171 0.636949 2.97766
ltibia 5.2375 0 0
lfoot -31.3941 -13.2655 0
ltoes -31.6811 0 0
rfemur -30.2368 -11.6974 -8.10314
rtibia 48.1654 0 0
rfoot -17.6483 1.04077 0
rtoes -43.0326 0 0
lowerback -2.93871 -0.635725 -0.49664
upperback -1.13181 -0.799183 -6.79106
thorax 0.3827 -0.419266 -6.81489
lowerneck -7.1704 0.608801 4.35169
upperneck 2.14187 0.254458 3.83154
head 1.89691 0.270577 0.477686
lclavicle 1.54362e-15 -2.83653e-14 0
lhumerus -58.7174 -44.674 112.824
lradius 55.6405 0 0
lwrist 25.6803 0 0
lhand 40.1637 24.5977 0
lfingers 7.12502 0 0
lthumb 62.5142 35.3072 0
rclavicle 1.54362e-15 -2.83653e-14 0
rhumerus -1.70442 -3.8453 -4.69704
rradius 36.9156 0 0
rwrist -14.4335 0 0
rhand -21.6099 -39.1491 0
rfingers 7.12502 0 0
rthumb 4.78397 -788.981 0
991
root 1.35912 15.3343 32.7457 5.93417 -3.0874 364.377
lfemur 5.33375 0.638707 2.99902
ltibia 5.22181 0 0
lfoot -31.4046 -13.2353 0
ltoes -31.7082 0 0
rfemur -30.2382 -11.7302 -8.08564
rtibia 48.1781 0 0
rfoot -17.6916 1.08082 0
rtoes -43.0123 0 0
lowerback -2.93018 -0.629548 -0.497437
upperback -1.1254 -0.790899 -6.78198
thorax 0.385566 -0.414927 -6.80438
lowerneck -7.17474 0.609078 4.37185
upperneck 2.1423 0.252619 3.83249
head 1.89787 0.269943 0.474522
lclavicle 1.53686e-15 -2.77054e-14 0
lhumerus -58.7131 -44.6945 112.85
lradius 55.6407 0 0
lwrist 25.6792 0 0
lhand 40.138 24.6058 0
lfingers 7.12502 0 0
lthumb 62.4928 35.3422 0
rclavicle 1.53686e-15 -2.77054e-14 0
rhumerus -1.66694 -4.041 -4.64342
rradius 36.8185 0 0
rwrist -14.3768 0 0
rhand -21.7029 -39.1702 0
rfingers 7.12502 0 0
rthumb 4.6941 -789.004 0
992
root 1.35817 15.3326 32.7451 5.92497 -3.09278 364.364
lfemur 5.35579 0.640466 3.02038
ltibia 5.20612 0 0
lfoot -31.4151 -13.2052 0
ltoes -31.7354 0 0
rfemur -30.2397 -11.763 -8.06814
rtibia 48.1908 0 0
rfoot -17.7348 1.12087 0
rtoes -42.992 0 0
lowerback -2.92164 -0.62337 -0.498235
upperback -1.11899 -0.782614 -6.77289
thorax 0.388432 -0.410588 -6.79388
lowerneck -7.17908 0.609356 4.39202
upperneck 2.14273 0.250779 3.83345
head 1.89883 0.26931 0.471359
lclavicle 1.5301e-15 -2.70455e-14 0
lhumerus -58.7087 -44.715 112.876
lradius 55.6409 0 0
lwrist 25.6782 0 0
lhand 40.1123 24.614 0
lfingers 7.12502 0 0
lthumb 62.4713 35.3773 0
rclavicle 1.5301e-15 -2.70455e-14 0
rhumerus -1.62947 -4.23669 -4.5898
rradius 36.7213 0 0
rwrist -14.3201 0 0
rhand -21.796 -39.1913 0
rfingers 7.12502 0 0
rthumb 4.60422 -789.026 0
993
root 1.35722 15.3309 32.7444 5.91577 -3.09816 364.352
lfemur 5.37784 0.642224 3.04173
ltibia 5.19044 0 0
lfoot -31.4256 -13.1751 0
ltoes -31.7625 0 0
rfemur -30.2411 -11.7958 -8.05064
rtibia 48.2034 0 0
rfoot -17.778 1.16092 0
rtoes -42.9716 0 0
lowerback -2.9131 -0.617192 -0.499032
upperback -1.11259 -0.77433 -6.76381
thorax 0.391299 -0.406249 -6.78338
lowerneck -7.18342 0.609634 4.41218
upperneck 2.14316 0.24894 3.8344
head 1.89979 0.268676 0.468195
lclavicle 1.52334e-15 -2.63856e-14 0
lhumerus -58.7044 -44.7356 112.903
lradius 55.6411 0 0
lwrist 25.6771 0 0
lhand 40.0866 24.6221 0
lfingers 7.12502 0 0
lthumb 62.4499 35.4123 0
rclavicle 1.52334e-15 -2.63856e-14 0
rhumerus -1.59199 -4.43239 -4.53617
rradius 36.6241 0 0
rwrist -14.2634 0 0
rhand -21.8891 -39.2124 0
rfingers 7.12502 0 0
rthumb 4.51435 -789.048 0
994
root 1.35627 15.3292 32.7438 5.90657 -3.10355 364.339
lfemur 5.39988 0.643983 3.06309
ltibia 5.17475 0 0
lfoot -31.4361 -13.145 0
ltoes -31.7896 0 0
rfemur -30.2426 -11.8286 -8.03315
rtibia 48.2161 0 0
rfoot -17.8212 1.20097 0
rtoes -42.9513 0 0
lowerback -2.90456 -0.611015 -0.499829
upperback -1.10618 -0.766046 -6.75473
thorax 0.394165 -0.401911 -6.77288
lowerneck -7.18776 0.609912 4.43234
upperneck 2.14359 0.2471 3.83536
head 1.90075 0.268042 0.465032
lclavicle 1.51658e-15 -2.57257e-14 0
lhumerus -58.7001 -44.7561 112.929
lradius 55.6414 0 0
lwrist 25.6761 0 0
lhand 40.0608 24.6303 0
lfingers 7.12502 0 0
lthumb 62.4285 35.4473 0
rclavicle 1.51658e-15 -2.57257e-14 0
rhumerus -1.55451 -4.62808 -4.48255
rradius 36.5269 0 0
rwrist -14.2067 0 0
rhand -21.9822 -39.2335 0
rfingers 7.12502 0 0
rthumb 4.42447 -789.07 0
995
root 1.35532 15.3275 32.7431 5.89737 -3.10893 364.327
lfemur 5.42192 0.645741 3.08445
ltibia 5.15906 0 0
lfoot -31.4466 -13.1148 0
ltoes -31.8167 0 0
rfemur -30.244 -11.8614 -8.01565
rtibia 48.2288 0 0
rfoot -17.8644 1.24103 0
rtoes -42.931 0 0
lowerback -2.89603 -0.604837 -0.500627
upperback -1.09977 -0.757762 -6.74565
thorax 0.397032 -0.397572 -6.76238
lowerneck -7.1921 0.610189 4.4525
upperneck 2.14402 0.245261 3.83631
head 1.90172 0.267409 0.461868
lclavicle 1.50981e-15 -2.50658e-14 0
lhumerus -58.6957 -44.7766 112.956
lradius 55.6416 0 0
lwrist 25.675 0 0
lhand 40.0351 24.6384 0
lfingers 7.12502 0 0
lthumb 62.4071 35.4824 0
rclavicle 1.50981e-15 -2.50658e-14 0
rhumerus -1.51703 -4.82378 -4.42893
rradius 36.4298 0 0
rwrist -14.15 0 0
rhand -22.0752 -39.2546 0
rfingers 7.12502 0 0
rthumb 4.3346 -789.093 0
996
root 1.35438 15.3257 32.7425 5.88817 -3.11431 364.314
lfemur 5.44396 0.6475 3.10581
ltibia 5.14337 0 0
lfoot -31.4571 -13.0847 0
ltoes -31.8438 0 0
rfemur -30.2455 -11.8942 -7.99815
rtibia 48.2415 0 0
rfoot -17.9076 1.28108 0
rtoes -42.9106 0 0
lowerback -2.88749 -0.598659 -0.501424
upperback -1.09336 -0.749477 -6.73657
thorax 0.399898 -0.393233 -6.75188
lowerneck -7.19644 0.610467 4.47267
upperneck 2.14445 0.243421 3.83726
head 1.90268 0.266775 0.458705
lclavicle 1.50305e-15 -2.44059e-14 0
lhumerus -58.6914 -44.7972 112.982
lradius 55.6418 0 0
lwrist 25.674 0 0
lhand 40.0094 24.6466 0
lfingers 7.12502 0 0
lthumb 62.3857 35.5174 0
rclavicle 1.50305e-15 -2.44059e-14 0
rhumerus -1.47955 -5.01947 -4.3753
rradius 36.3326 0 0
rwrist -14.0933 0 0
rhand -22.1683 -39.2757 0
rfingers 7.12502 0 0
rthumb 4.24472 -789.115 0
997
root 1.35343 15.324 32.7418 5.87897 -3.11969 364.301
lfemur 5.466 0.649259 3.12716
ltibia 5.12768 0 0
lfoot -31.4676 -13.0546 0
ltoes -31.8709 0 0
rfemur -30.2469 -11.927 -7.98065
rtibia 48.2542 0 0
rfoot -17.9509 1.32113 0
rtoes -42.8903 0 0
lowerback -2.87895 -0.592482 -0.502222
upperback -1.08696 -0.741193 -6.72749
thorax 0.402765 -0.388895 -6.74138
lowerneck -7.20079 0.610745 4.49283
upperneck 2.14488 0.241582 3.83822
head 1.90364 0.266142 0.455542
lclavicle 1.49629e-15 -2.3746e-14 0
lhumerus -58.687 -44.8177 113.009
lradius 55.642 0 0
lwrist 25.6729 0 0
lhand 39.9837 24.6547 0
lfingers 7.12502 0 0
lthumb 62.3642 35.5525 0
rclavicle 1.49629e-15 -2.3746e-14 0
rhumerus -1.44207 -5.21517 -4.32168
rradius 36.2354 0 0
rwrist -14.0366 0 0
rhand -22.2614 -39.2968 0
rfingers 7.12502 0 0
rthumb 4.15485 -789.137 0
998
root 1.35248 15.3223 32.7412 5.86977 -3.12508 364.289
lfemur 5.48805 0.651017 3.14852
ltibia 5.11199 0 0
lfoot -31.4781 -13.0245 0
ltoes -31.898 0 0
rfemur -30.2484 -11.9598 -7.96316
rtibia 48.2669 0 0
rfoot -17.9941 1.36118 0
rtoes -42.87 0 0
lowerback -2.87041 -0.586304 -0.503019
upperback -1.08055 -0.732909 -6.7184
thorax 0.405631 -0.384556 -6.73088
lowerneck -7.20513 0.611023 4.51299
upperneck 2.14531 0.239742 3.83917
head 1.9046 0.265508 0.452378
lclavicle 1.48953e-15 -2.30861e-14 0
lhumerus -58.6827 -44.8382 113.035
lradius 55.6422 0 0
lwrist 25.6719 0 0
lhand 39.9579 24.6628 0
lfingers 7.12502 0 0
lthumb 62.3428 35.5875 0
rclavicle 1.48953e-15 -2.30861e-14 0
rhumerus -1.40459 -5.41086 -4.26805
rradius 36.1382 0 0
rwrist -13.9799 0 0
rhand -22.3545 -39.3179 0
rfingers 7.12502 0 0
rthumb 4.06498 -789.159 0
999
root 1.35153 15.3206 32.7405 5.86057 -3.13046 364.276
lfemur 5.51009 0.652776 3.16988
ltibia 5.0963 0 0
lfoot -31.4886 -12.9943 0
ltoes -31.9251 0 0
rfemur -30.2498 -11.9926 -7.94566
rtibia 48.2796 0 0
rfoot -18.0373 1.40123 0
rtoes -42.8496 0 0
lowerback -2.86188 -0.580126 -0.503816
upperback -1.07414 -0.724625 -6.70932
thorax 0.408498 -0.380217 -6.72038
lowerneck -7.20947 0.6113 4.53316
upperneck 2.14574 0.237903 3.84012
head 1.90556 0.264874 0.449215
lclavicle 1.48277e-15 -2.24261e-14 0
lhumerus -58.6784 -44.8588 113.062
lradius 55.6425 0 0
lwrist 25.6708 0 0
lhand 39.9322 24.671 0
lfingers 7.12502 0 0
lthumb 62.3214 35.6225 0
rclavicle 1.48277e-15 -2.24261e-14 0
rhumerus -1.36711 -5.60656 -4.21443
rradius 36.0411 0 0
rwrist -13.9232 0 0
rhand -22.4476 -39.339 0
rfingers 7.12502 0 0
rthumb 3.9751 -789.182 0
1000
root 1.35058 15.3189 32.7399 5.85137 -3.13584 364.263
lfemur 5.53213 0.654534 3.19124
ltibia 5.08061 0 0
lfoot -31.4991 -12.9642 0
ltoes -31.9522 0 0
rfemur -30.2513 -12.0254 -7.92816
rtibia 48.2923 0 0
rfoot -18.0805 1.44129 0
rtoes -42.8293 0 0
lowerback -2.85334 -0.573949 -0.504614
upperback -1.06773 -0.71634 -6.70024
thorax 0.411364 -0.375879 -6.70988
lowerneck -7.21381 0.611578 4.55332
upperneck 2.14617 0.236063 3.84108
head 1.90652 0.264241 0.446051
lclavicle 1.47601e-15 -2.17662e-14 0
lhumerus -58.674 -44.8793 113.088
lradius 55.6427 0 0
lwrist 25.6698 0 0
lhand 39.9065 24.6791 0
lfingers 7.12502 0 0
lthumb 62.3 35.6576 0
rclavicle 1.47601e-15 -2.17662e-14 0
rhumerus -1.32963 -5.80225 -4.16081
rradius 35.9439 0 0
rwrist -13.8665 0 0
rhand -22.5406 -39.3601 0
rfingers 7.12502 0 0
rthumb 3.88523 -789.204 0
1001
root 1.34964 15.3171 32.7392 5.84217 -3.14122 364.251
lfemur 5.55417 0.656293 3.21259
ltibia 5.06493 0 0
lfoot -31.5096 -12.9341 0
ltoes -31.9793 0 0
rfemur -30.2527 -12.0582 -7.91066
rtibia 48.305 0 0
rfoot -18.1237 1.48134 0
rtoes -42.809 0 0
lowerback -2.8448 -0.567771 -0.505411
upperback -1.06133 -0.708056 -6.69116
thorax 0.41423 -0.37154 -6.69938
lowerneck -7.21815 0.611856 4.57348
upperneck 2.1466 0.234224 3.84203
head 1.90748 0.263607 0.442888
lclavicle 1.46925e-15 -2.11063e-14 0
lhumerus -58.6697 -44.8998 113.114
lradius 55.6429 0 0
lwrist 25.6687 0 0
lhand 39.8808 24.6873 0
lfingers 7.12502 0 0
lthumb 62.2786 35.6926 0
rclavicle 1.46925e-15 -2.11063e-14 0
rhumerus -1.29215 -5.99795 -4.10718
rradius 35.8467 0 0
rwrist -13.8098 0 0
rhand -22.6337 -39.3812 0
rfingers 7.12502 0 0
rthumb 3.79535 -789.226 0
1002
root 1.34869 15.3154 32.7386 5.83297 -3.14661 364.238
lfemur 5.57621 0.658051 3.23395
ltibia 5.04924 0 0
lfoot -31.5201 -12.904 0
ltoes -32.0064 0 0
rfemur -30.2542 -12.091 -7.89317
rtibia 48.3177 0 0
rfoot -18.167 1.52139 0
rtoes -42.7886 0 0
lowerback -2.83627 -0.561593 -0.506209
upperback -1.05492 -0.699772 -6.68208
thorax 0.417097 -0.367201 -6.68888
lowerneck -7.22249 0.612133 4.59364
upperneck 2.14702 0.232384 3.84299
head 1.90844 0.262973 0.439724
lclavicle 1.46248e-15 -2.04464e-14 0
lhumerus -58.6654 -44.9204 113.141
lradius 55.6431 0 0
lwrist 25.6677 0 0
lhand 39.855 24.6954 0
lfingers 7.12502 0 0
lthumb 62.2571 35.7276 0
rclavicle 1.46248e-15 -2.04464e-14 0
rhumerus -1.25467 -6.19364 -4.05356
rradius 35.7495 0 0
rwrist -13.7532 0 0
rhand -22.7268 -39.4023 0
rfingers 7.12502 0 0
rthumb 3.70548 -789.249 0
1003
root 1.34774 15.3137 32.7379 5.82377 -3.15199 364.226
lfemur 5.59826 0.65981 3.25531
ltibia 5.03355 0 0
lfoot -31.5306 -12.8738 0
ltoes -32.0335 0 0
rfemur -30.2556 -12.1238 -7.87567
rtibia 48.3303 0 0
rfoot -18.2102 1.56144 0
rtoes -42.7683 0 0
lowerback -2.82773 -0.555416 -0.507006
upperback -1.04851 -0.691487 -6.673
thorax 0.419963 -0.362862 -6.67838
lowerneck -7.22683 0.612411 4.61381
upperneck 2.14745 0.230544 3.84394
head 1.9094 0.26234 0.436561
lclavicle 1.45572e-15 -1.97865e-14 0
lhumerus -58.661 -44.9409 113.167
lradius 55.6433 0 0
lwrist 25.6666 0 0
lhand 39.8293 24.7036 0
lfingers 7.12502 0 0
lthumb 62.2357 35.7627 0
rclavicle 1.45572e-15 -1.97865e-14 0
rhumerus -1.21719 -6.38933 -3.99993
rradius 35.6524 0 0
rwrist -13.6965 0 0
rhand -22.8199 -39.4234 0
rfingers 7.12502 0 0
rthumb 3.6156 -789.271 0
1004
root 1.34679 15.312 32.7373 5.81457 -3.15737 364.213
lfemur 5.6203 0.661568 3.27667
ltibia 5.01786 0 0
lfoot -31.5411 -12.8437 0
ltoes -32.0606 0 0
rfemur -30.2571 -12.1566 -7.85817
rtibia 48.343 0 0
rfoot -18.2534 1.60149 0
rtoes -42.748 0 0
lowerback -2.81919 -0.549238 -0.507804
upperback -1.0421 -0.683203 -6.66391
thorax 0.42283 -0.358524 -6.66788
lowerneck -7.23117 0.612689 4.63397
upperneck 2.14788 0.228705 3.84489
head 1.91036 0.261706 0.433397
lclavicle 1.44896e-15 -1.91266e-14 0
lhumerus -58.6567 -44.9614 113.194
lradius 55.6436 0 0
lwrist 25.6656 0 0
lhand 39.8036 24.7117 0
lfingers 7.12502 0 0
lthumb 62.2143 35.7977 0
rclavicle 1.44896e-15 -1.91266e-14 0
rhumerus -1.17971 -6.58503 -3.94631
rradius 35.5552 0 0
rwrist -13.6398 0 0
rhand -22.9129 -39.4446 0
rfingers 7.12502 0 0
rthumb 3.52573 -789.293 0
1005
root 1.34584 15.3103 32.7366 5.80537 -3.16276 364.2
lfemur 5.64234 0.663327 3.29802
ltibia 5.00217 0 0
lfoot -31.5516 -12.8136 0
ltoes -32.0877 0 0
rfemur -30.2585 -12.1894 -7.84067
rtibia 48.3557 0 0
rfoot -18.2966 1.64155 0
rtoes -42.7276 0 0
lowerback -2.81065 -0.54306 -0.508601
upperback -1.0357 -0.674919 -6.65483
thorax 0.425696 -0.354185 -6.65738
lowerneck -7.23551 0.612967 4.65413
upperneck 2.14831 0.226865 3.84585
head 1.91132 0.261072 0.430234
lclavicle 1.4422e-15 -1.84667e-14 0
lhumerus -58.6524 -44.982 113.22
lradius 55.6438 0 0
lwrist 25.6645 0 0
lhand 39.7778 24.7199 0
lfingers 7.12502 0 0
lthumb 62.1929 35.8327 0
rclavicle 1.4422e-15 -1.84667e-14 0
rhumerus -1.14223 -6.78072 -3.89269
rradius 35.458 0 0
rwrist -13.5831 0 0
rhand -23.006 -39.4657 0
rfingers 7.12502 0 0
rthumb 3.43585 -789.315 0
1006
root 1.3449 15.3085 32.736 5.79617 -3.16814 364.188
lfemur 5.66438 0.665085 3.31938
ltibia 4.98648 0 0
lfoot -31.5621 -12.7835 0
ltoes -32.1148 0 0
rfemur -30.2599 -12.2222 -7.82317
rtibia 48.3684 0 0
rfoot -18.3398 1.6816 0
rtoes -42.7073 0 0
lowerback -2.80212 -0.536883 -0.509398
upperback -1.02929 -0.666635 -6.64575
thorax 0.428563 -0.349846 -6.64687
lowerneck -7.23985 0.613244 4.6743
upperneck 2.14874 0.225026 3.8468
head 1.91228 0.260439 0.42707
lclavicle 1.43544e-15 -1.78068e-14 0
lhumerus -58.648 -45.0025 113.247
lradius 55.644 0 0
lwrist 25.6635 0 0
lhand 39.7521 24.728 0
lfingers 7.12502 0 0
lthumb 62.1714 35.8678 0
rclavicle 1.43544e-15 -1.78068e-14 0
rhumerus -1.10475 -6.97642 -3.83906
rradius 35.3608 0 0
rwrist -13.5264 0 0
rhand -23.0991 -39.4868 0
rfingers 7.12502 0 0
rthumb 3.34598 -789.338 0
1007
root 1.34395 15.3068 32.7353 5.78697 -3.17352 364.175
lfemur 5.68642 0.666844 3.34074
ltibia 4.97079 0 0
lfoot -31.5726 -12.7533 0
ltoes -32.1419 0 0
rfemur -30.2614 -12.255 -7.80568
rtibia 48.3811 0 0
rfoot -18.383 1.72165 0
rtoes -42.687 0 0
lowerback -2.79358 -0.530705 -0.510196
upperback -1.02288 -0.65835 -6.63667
thorax 0.431429 -0.345508 -6.63637
lowerneck -7.24419 0.613522 4.69446
upperneck 2.14917 0.223186 3.84775
head 1.91325 0.259805 0.423907
lclavicle 1.42868e-15 -1.71469e-14 0
lhumerus -58.6437 -45.023 113.273
lradius 55.6442 0 0
lwrist 25.6624 0 0
lhand 39.7264 24.7362 0
lfingers 7.12502 0 0
lthumb 62.15 35.9028 0
rclavicle 1.42868e-15 -1.71469e-14 0
rhumerus -1.06727 -7.17211 -3.78544
rradius 35.2637 0 0
rwrist -13.4697 0 0
rhand -23.1922 -39.5079 0
rfingers 7.12502 0 0
rthumb 3.2561 -789.36 0
1008
root 1.343 15.3051 32.7347 5.77777 -3.1789 364.162
lfemur 5.70847 0.668603 3.3621
ltibia 4.9551 0 0
lfoot -31.5831 -12.7232 0
ltoes -32.169 0 0
rfemur -30.2628 -12.2878 -7.78818
rtibia 48.3938 0 0
rfoot -18.4263 1.7617 0
rtoes -42.6666 0 0
lowerback -2.78504 -0.524527 -0.510993
upperback -1.01648 -0.650066 -6.62759
thorax 0.434296 -0.341169 -6.62587
lowerneck -7.24853 0.6138 4.71462
upperneck 2.1496 0.221347 3.84871
head 1.91421 0.259171 0.420744
lclavicle 1.42192e-15 -1.64869e-14 0
lhumerus -58.6394 -45.0436 113.3
lradius 55.6445 0 0
lwrist 25.6614 0 0
lhand 39.7007 24.7443 0
lfingers 7.12502 0 0
lthumb 62.1286 35.9378 0
rclavicle 1.42192e-15 -1.64869e-14 0
rhumerus -1.02979 -7.36781 -3.73182
rradius 35.1665 0 0
rwrist -13.413 0 0
rhand -23.2853 -39.529 0
rfingers 7.12502 0 0
rthumb 3.16623 -789.382 0
1009
root 1.34205 15.3034 32.734 5.76857 -3.18429 364.15
lfemur 5.73051 0.670361 3.38345
ltibia 4.93942 0 0
lfoot -31.5936 -12.6931 0
ltoes -32.1961 0 0
rfemur -30.2643 -12.3206 -7.77068
rtibia 48.4065 0 0
rfoot -18.4695 1.80175 0
rtoes -42.6463 0 0
lowerback -2.77651 -0.51835 -0.511791
upperback -1.01007 -0.641782 -6.61851
thorax 0.437162 -0.33683 -6.61537
lowerneck -7.25287 0.614077 4.73478
upperneck 2.15003 0.219507 3.84966
head 1.91517 0.258538 0.41758
lclavicle 1.41516e-15 -1.5827e-14 0
lhumerus -58.635 -45.0641 113.326
lradius 55.6447 0 0
lwrist 25.6603 0 0
lhand 39.6749 24.7525 0
lfingers 7.12502 0 0
lthumb 62.1072 35.9729 0
rclavicle 1.41516e-15 -1.5827e-14 0
rhumerus -0.992313 -7.5635 -3.67819
rradius 35.0693 0 0
rwrist -13.3563 0 0
rhand -23.3783 -39.5501 0
rfingers 7.12502 0 0
rthumb 3.07635 -789.405 0
1010
root 1.3411 15.3017 32.7334 5.75937 -3.18967 364.137
lfemur 5.75255 0.67212 3.40481
ltibia 4.92373 0 0
lfoot -31.6041 -12.663 0
ltoes -32.2232 0 0
rfemur -30.2657 -12.3534 -7.75318
rtibia 48.4192 0 0
rfoot -18.5127 1.84181 0
rtoes -42.626 0 0
lowerback -2.76797 -0.512172 -0.512588
upperback -1.00366 -0.633498 -6.60942
thorax 0.440028 -0.332492 -6.60487
lowerneck -7.25721 0.614355 4.75495
upperneck 2.15046 0.217668 3.85062
head 1.91613 0.257904 0.414417
lclavicle 1.40839e-15 -1.51671e-14 0
lhumerus -58.6307 -45.0846 113.352
lradius 55.6449 0 0
lwrist 25.6593 0 0
lhand 39.6492 24.7606 0
lfingers 7.12502 0 0
lthumb 62.0858 36.0079 0
rclavicle 1.40839e-15 -1.51671e-14 0
rhumerus -0.954834 -7.7592 -3.62457
rradius 34.9721 0 0
rwrist -13.2996 0 0
rhand -23.4714 -39.5712 0
rfingers 7.12502 0 0
rthumb 2.98648 -789.427 0
1011
root 1.34016 15.2999 32.7327 5.75017 -3.19505 364.124
lfemur 5.77459 0.673878 3.42617
ltibia 4.90804 0 0
lfoot -31.6146 -12.6328 0
ltoes -32.2503 0 0
rfemur -30.2672 -12.3862 -7.73569
rtibia 48.4319 0 0
rfoot -18.5559 1.88186 0
rtoes -42.6056 0 0
lowerback -2.75943 -0.505994 -0.513385
upperback -0.997253 -0.625213 -6.60034
thorax 0.442895 -0.328153 -6.59437
lowerneck -7.26155 0.614633 4.77511
upperneck 2.15089 0.215828 3.85157
head 1.91709 0.25727 0.411253
lclavicle 1.40163e-15 -1.45072e-14 0
lhumerus -58.6264 -45.1052 113.379
lradius 55.6451 0 0
lwrist 25.6582 0 0
lhand 39.6235 24.7688 0
lfingers 7.12502 0 0
lthumb 62.0643 36.0429 0
rclavicle 1.40163e-15 -1.45072e-14 0
rhumerus -0.917354 -7.95489 -3.57094
rradius 34.875 0 0
rwrist -13.2429 0 0
rhand -23.5645 -39.5923 0
rfingers 7.12502 0 0
rthumb 2.8966 -789.449 0
1012
root 1.33921 15.2982 32.7321 5.74097 -3.20043 364.112
lfemur 5.79663 0.675637 3.44753
ltibia 4.89235 0 0
lfoot -31.6251 -12.6027 0
ltoes -32.2774 0 0
rfemur -30.2686 -12.419 -7.71819
rtibia 48.4446 0 0
rfoot -18.5991 1.92191 0
rtoes -42.5853 0 0
lowerback -2.75089 -0.499817 -0.514183
upperback -0.990846 -0.616929 -6.59126
thorax 0.445761 -0.323814 -6.58387
lowerneck -7.26589 0.614911 4.79527
upperneck 2.15132 0.213989 3.85252
head 1.91805 0.256637 0.40809
lclavicle 1.39487e-15 -1.38473e-14 0
lhumerus -58.622 -45.1257 113.405
lradius 55.6453 0 0
lwrist 25.6572 0 0
lhand 39.5978 24.7769 0
lfingers 7.12502 0 0
lthumb 62.0429 36.078 0
rclavicle 1.39487e-15 -1.38473e-14 0
rhumerus -0.879875 -8.15059 -3.51732
rradius 34.7778 0 0
rwrist -13.1862 0 0
rhand -23.6576 -39.6134 0
rfingers 7.12502 0 0
rthumb 2.80673 -789.471 0
1013
root 1.33826 15.2965 32.7314 5.73178 -3.20582 364.099
lfemur 5.81868 0.677395 3.46888
ltibia 4.87666 0 0
lfoot -31.6355 -12.5726 0
ltoes -32.3046 0 0
rfemur -30.2701 -12.4519 -7.70069
rtibia 48.4572 0 0
rfoot -18.6424 1.96196 0
rtoes -42.565 0 0
lowerback -2.74236 -0.493639 -0.51498
upperback -0.984439 -0.608645 -6.58218
thorax 0.448628 -0.319476 -6.57337
lowerneck -7.27024 0.615188 4.81544
upperneck 2.15174 0.212149 3.85348
head 1.91901 0.256003 0.404926
lclavicle 1.38811e-15 -1.31874e-14 0
lhumerus -58.6177 -45.1462 113.432
lradius 55.6456 0 0
lwrist 25.6561 0 0
lhand 39.572 24.7851 0
lfingers 7.12502 0 0
lthumb 62.0215 36.113 0
rclavicle 1.38811e-15 -1.31874e-14 0
rhumerus -0.842395 -8.34628 -3.4637
rradius 34.6806 0 0
rwrist -13.1295 0 0
rhand -23.7506 -39.6345 0
rfingers 7.12502 0 0
rthumb 2.71685 -789.494 0
1014
root 1.33731 15.2948 32.7308 5.72258 -3.2112 364.087
lfemur 5.84072 0.679154 3.49024
ltibia 4.86097 0 0
lfoot -31.646 -12.5425 0
ltoes -32.3317 0 0
rfemur -30.2715 -12.4847 -7.68319
rtibia 48.4699 0 0
rfoot -18.6856 2.00201 0
rtoes -42.5447 0 0
lowerback -2.73382 -0.487461 -0.515778
upperback -0.978032 -0.600361 -6.5731
thorax 0.451494 -0.315137 -6.56287
lowerneck -7.27458 0.615466 4.8356
upperneck 2.15217 0.210309 3.85443
head 1.91997 0.25537 0.401763
lclavicle 1.38135e-15 -1.25275e-14 0
lhumerus -58.6133 -45.1667 113.458
lradius 55.6458 0 0
lwrist 25.6551 0 0
lhand 39.5463 24.7932 0
lfingers 7.12502 0 0
lthumb 62.0001 36.1481 0
rclavicle 1.38135e-15 -1.25275e-14 0
rhumerus -0.804916 -8.54198 -3.41007
rradius 34.5834 0 0
rwrist -13.0728 0 0
rhand -23.8437 -39.6556 0
rfingers 7.12502 0 0
rthumb 2.62698 -789.516 0
1015
root 1.33637 15.293 32.7301 5.71338 -3.21658 364.074
lfemur 5.86276 0.680912 3.5116
ltibia 4.84528 0 0
lfoot -31.6565 -12.5123 0
ltoes -32.3588 0 0
rfemur -30.273 -12.5175 -7.6657
rtibia 48.4826 0 0
rfoot -18.7288 2.04206 0
rtoes -42.5243 0 0
lowerback -2.72528 -0.481284 -0.516575
upperback -0.971624 -0.592076 -6.56402
thorax 0.454361 -0.310798 -6.55237
lowerneck -7.27892 0.615744 4.85576
upperneck 2.1526 0.20847 3.85538
head 1.92093 0.254736 0.398599
lclavicle 1.37459e-15 -1.18676e-14 0
lhumerus -58.609 -45.1873 113.485
lradius 55.646 0 0
lwrist 25.654 0 0
lhand 39.5206 24.8014 0
lfingers 7.12502 0 0
lthumb 61.9786 36.1831 0
rclavicle 1.37459e-15 -1.18676e-14 0
rhumerus -0.767436 -8.73767 -3.35645
rradius 34.4863 0 0
rwrist -13.0161 0 0
rhand -23.9368 -39.6767 0
rfingers 7.12502 0 0
rthumb 2.5371 -789.538 0
1016
root 1.33542 15.2913 32.7295 5.70418 -3.22196 364.061
lfemur 5.8848 0.682671 3.53296
ltibia 4.82959 0 0
lfoot -31.667 -12.4822 0
ltoes -32.3859 0 0
rfemur -30.2744 -12.5503 -7.6482
rtibia 48.4953 0 0
rfoot -18.772 2.08212 0
rtoes -42.504 0 0
lowerback -2.71674 -0.475106 -0.517372
upperback -0.965217 -0.583792 -6.55493
thorax 0.457227 -0.306459 -6.54187
lowerneck -7.28326 0.616022 4.87593
upperneck 2.15303 0.20663 3.85634
head 1.92189 0.254102 0.395436
lclavicle 1.36783e-15 -1.12077e-14 0
lhumerus -58.6047 -45.2078 113.511
lradius 55.6462 0 0
lwrist 25.653 0 0
lhand 39.4949 24.8095 0
lfingers 7.12502 0 0
lthumb 61.9572 36.2181 0
rclavicle 1.36783e-15 -1.12077e-14 0
rhumerus -0.729957 -8.93337 -3.30282
rradius 34.3891 0 0
rwrist -12.9594 0 0
rhand -24.0299 -39.6978 0
rfingers 7.12502 0 0
rthumb 2.44723 -789.56 0
1017
root 1.33447 15.2896 32.7288 5.69498 -3.22735 364.049
lfemur 5.90684 0.684429 3.55431
ltibia 4.81391 0 0
lfoot -31.6775 -12.4521 0
ltoes -32.413 0 0
rfemur -30.2759 -12.5831 -7.6307
rtibia 48.508 0 0
rfoot -18.8152 2.12217 0
rtoes -42.4837 0 0
lowerback -2.70821 -0.468928 -0.51817
upperback -0.95881 -0.575508 -6.54585
thorax 0.460093 -0.302121 -6.53137
lowerneck -7.2876 0.616299 4.89609
upperneck 2.15346 0.204791 3.85729
head 1.92285 0.253469 0.392272
lclavicle 1.36106e-15 -1.05478e-14 0
lhumerus -58.6003 -45.2283 113.537
lradius 55.6464 0 0
lwrist 25.6519 0 0
lhand 39.4691 24.8177 0
lfingers 7.12502 0 0
lthumb 61.9358 36.2532 0
rclavicle 1.36106e-15 -1.05478e-14 0
rhumerus -0.692477 -9.12906 -3.2492
rradius 34.2919 0 0
rwrist -12.9027 0 0
rhand -24.1229 -39.7189 0
rfingers 7.12502 0 0
rthumb 2.35735 -789.583 0
1018
root 1.33352 15.2879 32.7282 5.68578 -3.23273 364.036
lfemur 5.92889 0.686188 3.57567
ltibia 4.79822 0 0
lfoot -31.688 -12.422 0
ltoes -32.4401 0 0
rfemur -30.2773 -12.6159 -7.6132
rtibia 48.5207 0 0
rfoot -18.8585 2.16222 0
rtoes -42.4633 0 0
lowerback -2.69967 -0.46275 -0.518967
upperback -0.952402 -0.567224 -6.53677
thorax 0.46296 -0.297782 -6.52087
lowerneck -7.29194 0.616577 4.91625
upperneck 2.15389 0.202951 3.85825
head 1.92381 0.252835 0.389109
lclavicle 1.3543e-15 -9.88784e-15 0
lhumerus -58.596 -45.2489 113.564
lradius 55.6467 0 0
lwrist 25.6509 0 0
lhand 39.4434 24.8258 0
lfingers 7.12502 0 0
lthumb 61.9144 36.2882 0
rclavicle 1.3543e-15 -9.88784e-15 0
rhumerus -0.654998 -9.32476 -3.19558
rradius 34.1947 0 0
rwrist -12.846 0 0
rhand -24.216 -39.74 0
rfingers 7.12502 0 0
rthumb 2.26748 -789.605 0
1019
root 1.33257 15.2862 32.7275 5.67658 -3.23811 364.023
lfemur 5.95093 0.687947 3.59703
ltibia 4.78253 0 0
lfoot -31.6985 -12.3918 0
ltoes -32.4672 0 0
rfemur -30.2788 -12.6487 -7.59571
rtibia 48.5334 0 0
rfoot -18.9017 2.20227 0
rtoes -42.443 0 0
lowerback -2.69113 -0.456573 -0.519765
upperback -0.945995 -0.558939 -6.52769
thorax 0.465826 -0.293443 -6.51037
lowerneck -7.29628 0.616855 4.93641
upperneck 2.15432 0.201112 3.8592
head 1.92478 0.252201 0.385946
lclavicle 1.34754e-15 -9.22793e-15 0
lhumerus -58.5917 -45.2694 113.59
lradius 55.6469 0 0
lwrist 25.6498 0 0
lhand 39.4177 24.834 0
lfingers 7.12502 0 0
lthumb 61.893 36.3232 0
rclavicle 1.34754e-15 -9.22793e-15 0
rhumerus -0.617518 -9.52045 -3.14195
rradius 34.0976 0 0
rwrist -12.7893 0 0
rhand -24.3091 -39.7611 0
rfingers 7.12502 0 0
rthumb 2.1776 -789.627 0
1020
root 1.33163 15.2844 32.7269 5.66738 -3.24349 364.011
lfemur 5.97297 0.689705 3.61839
ltibia 4.76684 0 0
lfoot -31.709 -12.3617 0
ltoes -32.4943 0 0
rfemur -30.2802 -12.6815 -7.57821
rtibia 48.5461 0 0
rfoot -18.9449 2.24232 0
rtoes -42.4227 0 0
lowerback -2.6826 -0.450395 -0.520562
upperback -0.939588 -0.550655 -6.51861
thorax 0.468693 -0.289105 -6.49986
lowerneck -7.30062 0.617132 4.95658
upperneck 2.15475 0.199272 3.86015
head 1.92574 0.251568 0.382782
lclavicle 1.34078e-15 -8.56802e-15 0
lhumerus -58.5873 -45.2899 113.617
lradius 55.6471 0 0
lwrist 25.6488 0 0
lhand 39.392 24.8421 0
lfingers 7.12502 0 0
lthumb 61.8715 36.3583 0
rclavicle 1.34078e-15 -8.56802e-15 0
rhumerus -0.580039 -9.71615 -3.08833
rradius 34.0004 0 0
rwrist -12.7326 0 0
rhand -24.4022 -39.7822 0
rfingers 7.12502 0 0
rthumb 2.08773 -789.65 0
1021
root 1.33068 15.2827 32.7262 5.65818 -3.24888 363.998
lfemur 5.99501 0.691464 3.63974
ltibia 4.75115 0 0
lfoot -31.7195 -12.3316 0
ltoes -32.5214 0 0
rfemur -30.2816 -12.7143 -7.56071
rtibia 48.5588 0 0
rfoot -18.9881 2.28238 0
rtoes -42.4023 0 0
lowerback -2.67406 -0.444217 -0.521359
upperback -0.93318 -0.542371 -6.50953
thorax 0.471559 -0.284766 -6.48936
lowerneck -7.30496 0.61741 4.97674
upperneck 2.15518 0.197433 3.86111
head 1.9267 0.250934 0.379619
lclavicle 1.33402e-15 -7.90811e-15 0
lhumerus -58.583 -45.3105 113.643
lradius 55.6473 0 0
lwrist 25.6477 0 0
lhand 39.3662 24.8503 0
lfingers 7.12502 0 0
lthumb 61.8501 36.3933 0
rclavicle 1.33402e-15 -7.90811e-15 0
rhumerus -0.542559 -9.91184 -3.03471
rradius 33.9032 0 0
rwrist -12.6759 0 0
rhand -24.4953 -39.8033 0
rfingers 7.12502 0 0
rthumb 1.99785 -789.672 0
1022
root 1.32973 15.281 32.7256 5.64898 -3.25426 363.985
lfemur 6.01705 0.693222 3.6611
ltibia 4.73546 0 0
lfoot -31.73 -12.3015 0
ltoes -32.5485 0 0
rfemur -30.2831 -12.7471 -7.54321
rtibia 48.5715 0 0
rfoot -19.0313 2.32243 0
rtoes -42.382 0 0
lowerback -2.66552 -0.43804 -0.522157
upperback -0.926773 -0.534087 -6.50044
thorax 0.474426 -0.280427 -6.47886
lowerneck -7.3093 0.617688 4.9969
upperneck 2.15561 0.195593 3.86206
head 1.92766 0.2503 0.376455
lclavicle 1.32726e-15 -7.2482e-15 0
lhumerus -58.5787 -45.331 113.67
lradius 55.6476 0 0
lwrist 25.6467 0 0
lhand 39.3405 24.8584 0
lfingers 7.12502 0 0
lthumb 61.8287 36.4283 0
rclavicle 1.32726e-15 -7.2482e-15 0
rhumerus -0.50508 -10.1075 -2.98108
rradius 33.806 0 0
rwrist -12.6192 0 0
rhand -24.5883 -39.8245 0
rfingers 7.12502 0 0
rthumb 1.90798 -789.694 0
1023
root 1.32878 15.2793 32.7249 5.63978 -3.25964 363.973
lfemur 6.0391 0.694981 3.68246
ltibia 4.71977 0 0
lfoot -31.7405 -12.2713 0
ltoes -32.5756 0 0
rfemur -30.2845 -12.7799 -7.52571
rtibia 48.5841 0 0
rfoot -19.0745 2.36248 0
rtoes -42.3617 0 0
lowerback -2.65698 -0.431862 -0.522954
upperback -0.920366 -0.525802 -6.49136
thorax 0.477292 -0.276089 -6.46836
lowerneck -7.31364 0.617966 5.01707
upperneck 2.15604 0.193754 3.86301
head 1.92862 0.249667 0.373292
lclavicle 1.3205e-15 -6.58829e-15 0
lhumerus -58.5743 -45.3515 113.696
lradius 55.6478 0 0
lwrist 25.6456 0 0
lhand 39.3148 24.8666 0
lfingers 7.12502 0 0
lthumb 61.8073 36.4634 0
rclavicle 1.3205e-15 -6.58829e-15 0
rhumerus -0.4676 -10.3032 -2.92746
rradius 33.7089 0 0
rwrist -12.5625 0 0
rhand -24.6814 -39.8456 0
rfingers 7.12502 0 0
rthumb 1.8181 -789.716 0
1024
root 1.32783 15.2776 32.7243 5.63058 -3.26503 363.96
lfemur 6.06114 0.696739 3.70382
ltibia 4.70408 0 0
lfoot -31.751 -12.2412 0
ltoes -32.6027 0 0
rfemur -30.286 -12.8127 -7.50822
rtibia 48.5968 0 0
rfoot -19.1178 2.40253 0
rtoes -42.3413 0 0
lowerback -2.64845 -0.425684 -0.523752
upperback -0.913958 -0.517518 -6.48228
thorax 0.480159 -0.27175 -6.45786
lowerneck -7.31798 0.618243 5.03723
upperneck 2.15646 0.191914 3.86397
head 1.92958 0.249033 0.370128
lclavicle 1.31373e-15 -5.92837e-15 0
lhumerus -58.57 -45.3721 113.723
lradius 55.648 0 0
lwrist 25.6446 0 0
lhand 39.289 24.8747 0
lfingers 7.12502 0 0
lthumb 61.7858 36.4984 0
rclavicle 1.31373e-15 -5.92837e-15 0
rhumerus -0.43012 -10.4989 -2.87383
rradius 33.6117 0 0
rwrist -12.5058 0 0
rhand -24.7745 -39.8667 0
rfingers 7.12502 0 0
rthumb 1.72823 -789.739 0
1025
root 1.32689 15.2758 32.7236 5.62138 -3.27041 363.948
lfemur 6.08318 0.698498 3.72517
ltibia 4.6884 0 0
lfoot -31.7615 -12.2111 0
ltoes -32.6298 0 0
rfemur -30.2874 -12.8455 -7.49072
rtibia 48.6095 0 0
rfoot -19.161 2.44258 0
rtoes -42.321 0 0
lowerback -2.63991 -0.419507 -0.524549
upperback -0.907551 -0.509234 -6.4732
thorax 0.483025 -0.267411 -6.44736
lowerneck -7.32232 0.618521 5.05739
upperneck 2.15689 0.190075 3.86492
head 1.93054 0.248399 0.366965
lclavicle 1.30697e-15 -5.26846e-15 0
lhumerus -58.5657 -45.3926 113.749
lradius 55.6482 0 0
lwrist 25.6435 0 0
lhand 39.2633 24.8829 0
lfingers 7.12502 0 0
lthumb 61.7644 36.5334 0
rclavicle 1.30697e-15 -5.26846e-15 0
rhumerus -0.392641 -10.6946 -2.82021
rradius 33.5145 0 0
rwrist -12.4491 0 0
rhand -24.8676 -39.8878 0
rfingers 7.12502 0 0
rthumb 1.63835 -789.761 0
1026
root 1.32594 15.2741 32.723 5.61218 -3.27579 363.935
lfemur 6.10522 0.700256 3.74653
ltibia 4.67271 0 0
lfoot -31.772 -12.181 0
ltoes -32.6569 0 0
rfemur -30.2889 -12.8783 -7.47322
rtibia 48.6222 0 0
rfoot -19.2042 2.48264 0
rtoes -42.3007 0 0
lowerback -2.63137 -0.413329 -0.525347
upperback -0.901144 -0.50095 -6.46412
thorax 0.485891 -0.263072 -6.43686
lowerneck -7.32666 0.618799 5.07755
upperneck 2.15732 0.188235 3.86588
head 1.9315 0.247766 0.363801
lclavicle 1.30021e-15 -4.60855e-15 0
lhumerus -58.5613 -45.4131 113.775
lradius 55.6484 0 0
lwrist 25.6425 0 0
lhand 39.2376 24.891 0
lfingers 7.12502 0 0
lthumb 61.743 36.5685 0
rclavicle 1.30021e-15 -4.60855e-15 0
rhumerus -0.355161 -10.8903 -2.76659
rradius 33.4173 0 0
rwrist -12.3924 0 0
rhand -24.9606 -39.9089 0
rfingers 7.12502 0 0
rthumb 1.54848 -789.783 0
1027
root 1.32499 15.2724 32.7223 5.60298 -3.28117 363.922
lfemur 6.12726 0.702015 3.76789
ltibia 4.65702 0 0
lfoot -31.7825 -12.1508 0
ltoes -32.684 0 0
rfemur -30.2903 -12.9111 -7.45572
rtibia 48.6349 0 0
rfoot -19.2474 2.52269 0
rtoes -42.2803 0 0
lowerback -2.62284 -0.407151 -0.526144
upperback -0.894736 -0.492665 -6.45504
thorax 0.488758 -0.258734 -6.42636
lowerneck -7.331 0.619076 5.09772
upperneck 2.15775 0.186395 3.86683
head 1.93246 0.247132 0.360638
lclavicle 1.29345e-15 -3.94864e-15 0
lhumerus -58.557 -45.4337 113.802
lradius 55.6487 0 0
lwrist 25.6414 0 0
lhand 39.2119 24.8992 0
lfingers 7.12502 0 0
lthumb 61.7216 36.6035 0
rclavicle 1.29345e-15 -3.94864e-15 0
rhumerus -0.317682 -11.086 -2.71296
rradius 33.3202 0 0
rwrist -12.3358 0 0
rhand -25.0537 -39.93 0
rfingers 7.12502 0 0
rthumb 1.4586 -789.806 0
1028
root 1.32404 15.2707 32.7217 5.59378 -3.28656 363.91
lfemur 6.14931 0.703773 3.78925
ltibia 4.64133 0 0
lfoot -31.793 -12.1207 0
ltoes -32.7111 0 0
rfemur -30.2918 -12.9439 -7.43823
rtibia 48.6476 0 0
rfoot -19.2906 2.56274 0
rtoes -42.26 0 0
lowerback -2.6143 -0.400974 -0.526941
upperback -0.888329 -0.484381 -6.44595
thorax 0.491624 -0.254395 -6.41586
lowerneck -7.33534 0.619354 5.11788
upperneck 2.15818 0.184556 3.86778
head 1.93342 0.246498 0.357474
lclavicle 1.28669e-15 -3.28873e-15 0
lhumerus -58.5527 -45.4542 113.828
lradius 55.6489 0 0
lwrist 25.6404 0 0
lhand 39.1861 24.9073 0
lfingers 7.12502 0 0
lthumb 61.7002 36.6385 0
rclavicle 1.28669e-15 -3.28873e-15 0
rhumerus -0.280202 -11.2817 -2.65934
rradius 33.223 0 0
rwrist -12.2791 0 0
rhand -25.1468 -39.9511 0
rfingers 7.12502 0 0
rthumb 1.36873 -789.828 0
1029
root 1.32309 15.269 32.721 5.58458 -3.29194 363.897
lfemur 6.17135 0.705532 3.8106
ltibia 4.62564 0 0
lfoot -31.8035 -12.0906 0
ltoes -32.7382 0 0
rfemur -30.2932 -12.9767 -7.42073
rtibia 48.6603 0 0
rfoot -19.3339 2.60279 0
rtoes -42.2397 0 0
lowerback -2.60576 -0.394796 -0.527739
upperback -0.881922 -0.476097 -6.43687
thorax 0.494491 -0.250056 -6.40536
lowerneck -7.33969 0.619632 5.13804
upperneck 2.15861 0.182716 3.86874
head 1.93438 0.245865 0.354311
lclavicle 1.27993e-15 -2.62882e-15 0
lhumerus -58.5483 -45.4747 113.855
lradius 55.6491 0 0
lwrist 25.6393 0 0
lhand 39.1604 24.9154 0
lfingers 7.12502 0 0
lthumb 61.6787 36.6736 0
rclavicle 1.27993e-15 -2.62882e-15 0
rhumerus -0.242723 -11.4774 -2.60571
rradius 33.1258 0 0
rwrist -12.2224 0 0
rhand -25.2399 -39.9722 0
rfingers 7.12502 0 0
rthumb 1.27886 -789.85 0
1030
root 1.32215 15.2672 32.7204 5.57538 -3.29732 363.884
lfemur 6.19339 0.707291 3.83196
ltibia 4.60995 0 0
lfoot -31.814 -12.0605 0
ltoes -32.7653 0 0
rfemur -30.2947 -13.0095 -7.40323
rtibia 48.673 0 0
rfoot -19.3771 2.64284 0
rtoes -42.2193 0 0
lowerback -2.59722 -0.388618 -0.528536
upperback -0.875515 -0.467813 -6.42779
thorax 0.497357 -0.245718 -6.39486
lowerneck -7.34403 0.61991 5.15821
upperneck 2.15904 0.180877 3.86969
head 1.93534 0.245231 0.351148
lclavicle 1.27317e-15 -1.96891e-15 0
lhumerus -58.544 -45.4953 113.881
lradius 55.6493 0 0
lwrist 25.6383 0 0
lhand 39.1347 24.9236 0
lfingers 7.12502 0 0
lthumb 61.6573 36.7086 0
rclavicle 1.27317e-15 -1.96891e-15 0
rhumerus -0.205243 -11.6731 -2.55209
rradius 33.0286 0 0
rwrist -12.1657 0 0
rhand -25.333 -39.9933 0
rfingers 7.12502 0 0
rthumb 1.18898 -789.872 0
1031
root 1.3212 15.2655 32.7197 5.56618 -3.3027 363.872
lfemur 6.21543 0.709049 3.85332
ltibia 4.59426 0 0
lfoot -31.8245 -12.0303 0
ltoes -32.7924 0 0
rfemur -30.2961 -13.0423 -7.38573
rtibia 48.6857 0 0
rfoot -19.4203 2.6829 0
rtoes -42.199 0 0
lowerback -2.58869 -0.382441 -0.529334
upperback -0.869107 -0.459528 -6.41871
thorax 0.500224 -0.241379 -6.38436
lowerneck -7.34837 0.620187 5.17837
upperneck 2.15947 0.179037 3.87064
head 1.93631 0.244598 0.347984
lclavicle 1.26641e-15 -1.309e-15 0
lhumerus -58.5396 -45.5158 113.908
lradius 55.6495 0 0
lwrist 25.6372 0 0
lhand 39.109 24.9317 0
lfingers 7.12502 0 0
lthumb 61.6359 36.7437 0
rclavicle 1.26641e-15 -1.309e-15 0
rhumerus -0.167764 -11.8688 -2.49847
rradius 32.9315 0 0
rwrist -12.109 0 0
rhand -25.426 -40.0144 0
rfingers 7.12502 0 0
rthumb 1.09911 -789.895 0
1032
root 1.32025 15.2638 32.7191 5.55698 -3.30809 363.859
lfemur 6.23747 0.710808 3.87468
ltibia 4.57857 0 0
lfoot -31.835 -12.0002 0
ltoes -32.8195 0 0
rfemur -30.2976 -13.0751 -7.36824
rtibia 48.6984 0 0
rfoot -19.4635 2.72295 0
rtoes -42.1787 0 0
lowerback -2.58015 -0.376263 -0.530131
upperback -0.8627 -0.451244 -6.40963
thorax 0.50309 -0.23704 -6.37386
lowerneck -7.35271 0.620465 5.19853
upperneck 2.1599 0.177198 3.8716
head 1.93727 0.243964 0.344821
lclavicle 1.25964e-15 -6.49088e-16 0
lhumerus -58.5353 -45.5363 113.934
lradius 55.6498 0 0
lwrist 25.6362 0 0
lhand 39.0832 24.9399 0
lfingers 7.12502 0 0
lthumb 61.6145 36.7787 0
rclavicle 1.25964e-15 -6.49088e-16 0
rhumerus -0.130284 -12.0645 -2.44484
rradius 32.8343 0 0
rwrist -12.0523 0 0
rhand -25.5191 -40.0355 0
rfingers 7.12502 0 0
rthumb 1.00923 -789.917 0
1033
root 1.3193 15.2621 32.7184 5.54778 -3.31347 363.847
lfemur 6.25952 0.712566 3.89603
ltibia 4.56289 0 0
lfoot -31.8455 -11.9701 0
ltoes -32.8466 0 0
rfemur -30.299 -13.1079 -7.35074
rtibia 48.711 0 0
rfoot -19.5067 2.763 0
rtoes -42.1583 0 0
lowerback -2.57161 -0.370085 -0.530928
upperback -0.856293 -0.44296 -6.40055
thorax 0.505957 -0.232702 -6.36336
lowerneck -7.35705 0.620743 5.21869
upperneck 2.16033 0.175358 3.87255
head 1.93823 0.24333 0.341657
lclavicle 1.25288e-15 1.08231e-17 0
lhumerus -58.531 -45.5569 113.961
lradius 55.65 0 0
lwrist 25.6351 0 0
lhand 39.0575 24.948 0
lfingers 7.12502 0 0
lthumb 61.5931 36.8137 0
rclavicle 1.25288e-15 1.08231e-17 0
rhumerus -0.0928048 -12.2602 -2.39122
rradius 32.7371 0 0
rwrist -11.9956 0 0
rhand -25.6122 -40.0566 0
rfingers 7.12502 0 0
rthumb 0.919356 -789.939 0
1034
root 1.31835 15.2604 32.7178 5.53858 -3.31885 363.834
lfemur 6.28156 0.714325 3.91739
ltibia 4.5472 0 0
lfoot -31.856 -11.94 0
ltoes -32.8738 0 0
rfemur -30.3005 -13.1407 -7.33324
rtibia 48.7237 0 0
rfoot -19.5499 2.80305 0
rtoes -42.138 0 0
lowerback -2.56307 -0.363908 -0.531726
upperback -0.849885 -0.434676 -6.39146
thorax 0.508823 -0.228363 -6.35286
lowerneck -7.36139 0.621021 5.23886
upperneck 2.16076 0.173519 3.87351
head 1.93919 0.242697 0.338494
lclavicle 1.24612e-15 6.70734e-16 0
lhumerus -58.5266 -45.5774 113.987
lradius 55.6502 0 0
lwrist 25.6341 0 0
lhand 39.0318 24.9562 0
lfingers 7.12502 0 0
lthumb 61.5716 36.8488 0
rclavicle 1.24612e-15 6.70734e-16 0
rhumerus -0.0553252 -12.4559 -2.3376
rradius 32.6399 0 0
rwrist -11.9389 0 0
rhand -25.7053 -40.0777 0
rfingers 7.12502 0 0
rthumb 0.829481 -789.961 0
1035
root 1.31741 15.2586 32.7171 5.52938 -3.32423 363.821
lfemur 6.3036 0.716083 3.93875
ltibia 4.53151 0 0
lfoot -31.8665 -11.9098 0
ltoes -32.9009 0 0
rfemur -30.3019 -13.1735 -7.31574
rtibia 48.7364 0 0
rfoot -19.5932 2.8431 0
rtoes -42.1177 0 0
lowerback -2.55454 -0.35773 -0.532523
upperback -0.843478 -0.426391 -6.38238
thorax 0.511689 -0.224024 -6.34235
lowerneck -7.36573 0.621298 5.25902
upperneck 2.16119 0.171679 3.87446
head 1.94015 0.242063 0.33533
lclavicle 1.23936e-15 1.33064e-15 0
lhumerus -58.5223 -45.5979 114.013
lradius 55.6504 0 0
lwrist 25.633 0 0
lhand 39.0061 24.9643 0
lfingers 7.12502 0 0
lthumb 61.5502 36.8838 0
rclavicle 1.23936e-15 1.33064e-15 0
rhumerus -0.0178457 -12.6516 -2.28397
rradius 32.5428 0 0
rwrist -11.8822 0 0
rhand -25.7983 -40.0988 0
rfingers 7.12502 0 0
rthumb 0.739606 -789.984 0
1036
root 1.31646 15.2569 32.7165 5.52018 -3.32962 363.809
lfemur 6.32564 0.717842 3.96011
ltibia 4.51582 0 0
lfoot -31.877 -11.8797 0
ltoes -32.928 0 0
rfemur -30.3034 -13.2063 -7.29824
rtibia 48.7491 0 0
rfoot -19.6364 2.88315 0
rtoes -42.0973 0 0
lowerback -2.546 -0.351552 -0.533321
upperback -0.837071 -0.418107 -6.3733
thorax 0.514556 -0.219685 -6.33185
lowerneck -7.37007 0.621576 5.27918
upperneck 2.16161 0.16984 3.87541
head 1.94111 0.241429 0.332167
lclavicle 1.2326e-15 1.99056e-15 0
lhumerus -58.518 -45.6185 114.04
lradius 55.6506 0 0
lwrist 25.632 0 0
lhand 38.9803 24.9725 0
lfingers 7.12502 0 0
lthumb 61.5288 36.9188 0
rclavicle 1.2326e-15 1.99056e-15 0
rhumerus 0.0196338 -12.8473 -2.23035
rradius 32.4456 0 0
rwrist -11.8255 0 0
rhand -25.8914 -40.1199 0
rfingers 7.12502 0 0
rthumb 0.649731 -790.006 0
1037
root 1.31551 15.2552 32.7158 5.51098 -3.335 363.796
lfemur 6.34768 0.7196 3.98146
ltibia 4.50013 0 0
lfoot -31.8875 -11.8496 0
ltoes -32.9551 0 0
rfemur -30.3048 -13.2391 -7.28075
rtibia 48.7618 0 0
rfoot -19.6796 2.92321 0
rtoes -42.077 0 0
lowerback -2.53746 -0.345375 -0.534118
upperback -0.830663 -0.409823 -6.36422
thorax 0.517422 -0.215347 -6.32135
lowerneck -7.37441 0.621854 5.29935
upperneck 2.16204 0.168 3.87637
head 1.94207 0.240796 0.329003
lclavicle 1.22584e-15 2.65047e-15 0
lhumerus -58.5136 -45.639 114.066
lradius 55.6509 0 0
lwrist 25.6309 0 0
lhand 38.9546 24.9806 0
lfingers 7.12502 0 0
lthumb 61.5074 36.9539 0
rclavicle 1.22584e-15 2.65047e-15 0
rhumerus 0.0571133 -13.043 -2.17672
rradius 32.3484 0 0
rwrist -11.7688 0 0
rhand -25.9845 -40.141 0
rfingers 7.12502 0 0
rthumb 0.559857 -790.028 0
1038
root 1.31456 15.2535 32.7151 5.50178 -3.34038 363.783
lfemur 6.36973 0.721359 4.00282
ltibia 4.48444 0 0
lfoot -31.898 -11.8195 0
ltoes -32.9822 0 0
rfemur -30.3062 -13.2719 -7.26325
rtibia 48.7745 0 0
rfoot -19.7228 2.96326 0
rtoes -42.0567 0 0
lowerback -2.52893 -0.339197 -0.534915
upperback -0.824256 -0.401538 -6.35514
thorax 0.520289 -0.211008 -6.31085
lowerneck -7.37875 0.622131 5.31951
upperneck 2.16247 0.166161 3.87732
head 1.94303 0.240162 0.32584
lclavicle 1.21908e-15 3.31038e-15 0
lhumerus -58.5093 -45.6595 114.093
lradius 55.6511 0 0
lwrist 25.6298 0 0
lhand 38.9289 24.9888 0
lfingers 7.12502 0 0
lthumb 61.4859 36.9889 0
rclavicle 1.21908e-15 3.31038e-15 0
rhumerus 0.0945929 -13.2387 -2.1231
rradius 32.2512 0 0
rwrist -11.7121 0 0
rhand -26.0776 -40.1621 0
rfingers 7.12502 0 0
rthumb 0.469982 -790.051 0
1039
root 1.31361 15.2518 32.7145 5.49258 -3.34577 363.771
lfemur 6.39177 0.723117 4.02418
ltibia 4.46875 0 0
lfoot -31.9085 -11.7894 0
ltoes -33.0093 0 0
rfemur -30.3077 -13.3047 -7.24575
rtibia 48.7872 0 0
rfoot -19.766 3.00331 0
rtoes -42.0363 0 0
lowerback -2.52039 -0.333019 -0.535713
upperback -0.817849 -0.393254 -6.34606
thorax 0.523155 -0.206669 -6.30035
lowerneck -7.38309 0.622409 5.33967
upperneck 2.1629 0.164321 3.87827
head 1.94399 0.239528 0.322676
lclavicle 1.21231e-15 3.97029e-15 0
lhumerus -58.505 -45.6801 114.119
lradius 55.6513 0 0
lwrist 25.6288 0 0
lhand 38.9031 24.9969 0
lfingers 7.12502 0 0
lthumb 61.4645 37.0239 0
rclavicle 1.21231e-15 3.97029e-15 0
rhumerus 0.132072 -13.4343 -2.06948
rradius 32.154 0 0
rwrist -11.6554 0 0
rhand -26.1707 -40.1832 0
rfingers 7.12502 0 0
rthumb 0.380107 -790.073 0
1040
root 1.31267 15.25 32.7138 5.48338 -3.35115 363.758
lfemur 6.41381 0.724876 4.04554
ltibia 4.45306 0 0
lfoot -31.919 -11.7592 0
ltoes -33.0364 0 0
rfemur -30.3091 -13.3375 -7.22825
rtibia 48.7999 0 0
rfoot -19.8093 3.04336 0
rtoes -42.016 0 0
lowerback -2.51185 -0.326842 -0.53651
upperback -0.811441 -0.38497 -6.33698
thorax 0.526022 -0.202331 -6.28985
lowerneck -7.38743 0.622687 5.35984
upperneck 2.16333 0.162481 3.87923
head 1.94495 0.238895 0.319513
lclavicle 1.20555e-15 4.6302e-15 0
lhumerus -58.5006 -45.7006 114.146
lradius 55.6515 0 0
lwrist 25.6277 0 0
lhand 38.8774 25.0051 0
lfingers 7.12502 0 0
lthumb 61.4431 37.059 0
rclavicle 1.20555e-15 4.6302e-15 0
rhumerus 0.169552 -13.63 -2.01585
rradius 32.0569 0 0
rwrist -11.5987 0 0
rhand -26.2637 -40.2043 0
rfingers 7.12502 0 0
rthumb 0.290232 -790.095 0
1041
root 1.31172 15.2483 32.7132 5.47418 -3.35653 363.745
lfemur 6.43585 0.726635 4.06689
ltibia 4.43737 0 0
lfoot -31.9295 -11.7291 0
ltoes -33.0635 0 0
rfemur -30.3106 -13.3703 -7.21076
rtibia 48.8126 0 0
rfoot -19.8525 3.08341 0
rtoes -41.9957 0 0
lowerback -2.50331 -0.320664 -0.537308
upperback -0.805034 -0.376686 -6.32789
thorax 0.528888 -0.197992 -6.27935
lowerneck -7.39177 0.622965 5.38
upperneck 2.16376 0.160642 3.88018
head 1.94591 0.238261 0.31635
lclavicle 1.19879e-15 5.29011e-15 0
lhumerus -58.4963 -45.7211 114.172
lradius 55.6518 0 0
lwrist 25.6267 0 0
lhand 38.8517 25.0132 0
lfingers 7.12502 0 0
lthumb 61.4217 37.094 0
rclavicle 1.19879e-15 5.29011e-15 0
rhumerus 0.207031 -13.8257 -1.96223
rradius 31.9597 0 0
rwrist -11.542 0 0
rhand -26.3568 -40.2255 0
rfingers 7.12502 0 0
rthumb 0.200357 -790.117 0
1042
root 1.31077 15.2466 32.7125 5.46499 -3.36191 363.733
lfemur 6.45789 0.728393 4.08825
ltibia 4.42169 0 0
lfoot -31.94 -11.699 0
ltoes -33.0906 0 0
rfemur -30.312 -13.4031 -7.19326
rtibia 48.8252 0 0
rfoot -19.8957 3.12347 0
rtoes -41.9753 0 0
lowerback -2.49478 -0.314486 -0.538105
upperback -0.798627 -0.368401 -6.31881
thorax 0.531755 -0.193653 -6.26885
lowerneck -7.39611 0.623242 5.40016
upperneck 2.16419 0.158802 3.88114
head 1.94687 0.237627 0.313186
lclavicle 1.19203e-15 5.95002e-15 0
lhumerus -58.492 -45.7417 114.199
lradius 55.652 0 0
lwrist 25.6256 0 0
lhand 38.826 25.0214 0
lfingers 7.12502 0 0
lthumb 61.4003 37.129 0
rclavicle 1.19203e-15 5.95002e-15 0
rhumerus 0.244511 -14.0214 -1.9086
rradius 31.8625 0 0
rwrist -11.4853 0 0
rhand -26.4499 -40.2466 0
rfingers 7.12502 0 0
rthumb 0.110483 -790.14 0
1043
root 1.30982 15.2449 32.7119 5.45579 -3.3673 363.72
lfemur 6.47994 0.730152 4.10961
ltibia 4.406 0 0
lfoot -31.9505 -11.6689 0
ltoes -33.1177 0 0
rfemur -30.3135 -13.4359 -7.17576
rtibia 48.8379 0 0
rfoot -19.9389 3.16352 0
rtoes -41.955 0 0
lowerback -2.48624 -0.308309 -0.538902
upperback -0.792219 -0.360117 -6.30973
thorax 0.534621 -0.189315 -6.25835
lowerneck -7.40045 0.62352 5.42032
upperneck 2.16462 0.156963 3.88209
head 1.94783 0.236994 0.310023
lclavicle 1.18527e-15 6.60993e-15 0
lhumerus -58.4876 -45.7622 114.225
lradius 55.6522 0 0
lwrist 25.6246 0 0
lhand 38.8002 25.0295 0
lfingers 7.12502 0 0
lthumb 61.3788 37.1641 0
rclavicle 1.18527e-15 6.60993e-15 0
rhumerus 0.28199 -14.2171 -1.85498
rradius 31.7653 0 0
rwrist -11.4286 0 0
rhand -26.543 -40.2677 0
rfingers 7.12502 0 0
rthumb 0.0206077 -790.162 0
1044
root 1.30887 15.2432 32.7112 5.44659 -3.37268 363.708
lfemur 6.50198 0.73191 4.13097
ltibia 4.39031 0 0
lfoot -31.961 -11.6387 0
ltoes -33.1448 0 0
rfemur -30.3149 -13.4687 -7.15826
rtibia 48.8506 0 0
rfoot -19.9821 3.20357 0
rtoes -41.9347 0 0
lowerback -2.4777 -0.302131 -0.5397
upperback -0.785812 -0.351833 -6.30065
thorax 0.537487 -0.184976 -6.24785
lowerneck -7.40479 0.623798 5.44049
upperneck 2.16505 0.155123 3.88304
head 1.9488 0.23636 0.306859
lclavicle 1.17851e-15 7.26984e-15 0
lhumerus -58.4833 -45.7827 114.251
lradius 55.6524 0 0
lwrist 25.6235 0 0
lhand 38.7745 25.0377 0
lfingers 7.12502 0 0
lthumb 61.3574 37.1991 0
rclavicle 1.17851e-15 7.26984e-15 0
rhumerus 0.31947 -14.4128 -1.80136
rradius 31.6682 0 0
rwrist -11.3719 0 0
rhand -26.636 -40.2888 0
rfingers 7.12502 0 0
rthumb -0.0692671 -790.184 0
1045
root 1.30793 15.2414 32.7106 5.43739 -3.37806 363.695
lfemur 6.52402 0.733669 4.15232
ltibia 4.37462 0 0
lfoot -31.9715 -11.6086 0
ltoes -33.1719 0 0
rfemur -30.3164 -13.5015 -7.14077
rtibia 48.8633 0 0
rfoot -20.0253 3.24362 0
rtoes -41.9143 0 0
lowerback -2.46917 -0.295953 -0.540497
upperback -0.779405 -0.343549 -6.29157
thorax 0.540354 -0.180637 -6.23735
lowerneck -7.40913 0.624075 5.46065
upperneck 2.16548 0.153284 3.884
head 1.94976 0.235726 0.303696
lclavicle 1.17175e-15 7.92975e-15 0
lhumerus -58.479 -45.8033 114.278
lradius 55.6526 0 0
lwrist 25.6225 0 0
lhand 38.7488 25.0458 0
lfingers 7.12502 0 0
lthumb 61.336 37.2341 0
rclavicle 1.17175e-15 7.92975e-15 0
rhumerus 0.35695 -14.6085 -1.74773
rradius 31.571 0 0
rwrist -11.3152 0 0
rhand -26.7291 -40.3099 0
rfingers 7.12502 0 0
rthumb -0.159142 -790.207 0
1046
root 1.30698 15.2397 32.7099 5.42819 -3.38344 363.682
lfemur 6.54606 0.735427 4.17368
ltibia 4.35893 0 0
lfoot -31.982 -11.5785 0
ltoes -33.199 0 0
rfemur -30.3178 -13.5343 -7.12327
rtibia 48.876 0 0
rfoot -20.0686 3.28367 0
rtoes -41.894 0 0
lowerback -2.46063 -0.289776 -0.541295
upperback -0.772998 -0.335264 -6.28249
thorax 0.54322 -0.176299 -6.22685
lowerneck -7.41348 0.624353 5.48081
upperneck 2.16591 0.151444 3.88495
head 1.95072 0.235093 0.300532
lclavicle 1.16499e-15 8.58966e-15 0
lhumerus -58.4746 -45.8238 114.304
lradius 55.6529 0 0
lwrist 25.6214 0 0
lhand 38.7231 25.054 0
lfingers 7.12502 0 0
lthumb 61.3146 37.2692 0
rclavicle 1.16499e-15 8.58966e-15 0
rhumerus 0.394429 -14.8042 -1.69411
rradius 31.4738 0 0
rwrist -11.2585 0 0
rhand -26.8222 -40.331 0
rfingers 7.12502 0 0
rthumb -0.249017 -790.229 0
1047
root 1.30603 15.238 32.7093 5.41899 -3.38883 363.67
lfemur 6.5681 0.737186 4.19504
ltibia 4.34324 0 0
lfoot -31.9925 -11.5484 0
ltoes -33.2261 0 0
rfemur -30.3193 -13.5671 -7.10577
rtibia 48.8887 0 0
rfoot -20.1118 3.32373 0
rtoes -41.8737 0 0
lowerback -2.45209 -0.283598 -0.542092
upperback -0.76659 -0.32698 -6.2734
thorax 0.546087 -0.17196 -6.21635
lowerneck -7.41782 0.624631 5.50098
upperneck 2.16633 0.149605 3.8859
head 1.95168 0.234459 0.297369
lclavicle 1.15822e-15 9.24958e-15 0
lhumerus -58.4703 -45.8443 114.331
lradius 55.6531 0 0
lwrist 25.6204 0 0
lhand 38.6973 25.0621 0
lfingers 7.12502 0 0
lthumb 61.2931 37.3042 0
rclavicle 1.15822e-15 9.24958e-15 0
rhumerus 0.431909 -14.9999 -1.64049
rradius 31.3766 0 0
rwrist -11.2018 0 0
rhand -26.9153 -40.3521 0
rfingers 7.12502 0 0
rthumb -0.338892 -790.251 0
1048
root 1.30508 15.2363 32.7086 5.40979 -3.39421 363.657
lfemur 6.59015 0.738944 4.2164
ltibia 4.32755 0 0
lfoot -32.003 -11.5182 0
ltoes -33.2532 0 0
rfemur -30.3207 -13.5999 -7.08827
rtibia 48.9014 0 0
rfoot -20.155 3.36378 0
rtoes -41.8533 0 0
lowerback -2.44355 -0.27742 -0.542889
upperback -0.760183 -0.318696 -6.26432
thorax 0.548953 -0.167621 -6.20585
lowerneck -7.42216 0.624909 5.52114
upperneck 2.16676 0.147765 3.88686
head 1.95264 0.233826 0.294205
lclavicle 1.15146e-15 9.90949e-15 0
lhumerus -58.4659 -45.8649 114.357
lradius 55.6533 0 0
lwrist 25.6193 0 0
lhand 38.6716 25.0703 0
lfingers 7.12502 0 0
lthumb 61.2717 37.3393 0
rclavicle 1.15146e-15 9.90949e-15 0
rhumerus 0.469388 -15.1956 -1.58686
rradius 31.2795 0 0
rwrist -11.1451 0 0
rhand -27.0084 -40.3732 0
rfingers 7.12502 0 0
rthumb -0.428766 -790.273 0
1049
root 1.30413 15.2346 32.708 5.40059 -3.39959 363.644
lfemur 6.61219 0.740703 4.23775
ltibia 4.31186 0 0
lfoot -32.0135 -11.4881 0
ltoes -33.2803 0 0
rfemur -30.3222 -13.6327 -7.07077
rtibia 48.9141 0 0
rfoot -20.1982 3.40383 0
rtoes -41.833 0 0
lowerback -2.43502 -0.271242 -0.543687
upperback -0.753776 -0.310412 -6.25524
thorax 0.55182 -0.163282 -6.19535
lowerneck -7.4265 0.625186 5.5413
upperneck 2.16719 0.145926 3.88781
head 1.9536 0.233192 0.291042
lclavicle 1.1447e-15 1.05694e-14 0
lhumerus -58.4616 -45.8854 114.384
lradius 55.6535 0 0
lwrist 25.6183 0 0
lhand 38.6459 25.0784 0
lfingers 7.12502 0 0
lthumb 61.2503 37.3743 0
rclavicle 1.1447e-15 1.05694e-14 0
rhumerus 0.506868 -15.3913 -1.53324
rradius 31.1823 0 0
rwrist -11.0884 0 0
rhand -27.1014 -40.3943 0
rfingers 7.12502 0 0
rthumb -0.518641 -790.296 0
1050
root 1.30319 15.2328 32.7073 5.39139 -3.40497 363.632
lfemur 6.63423 0.742461 4.25911
ltibia 4.29618 0 0
lfoot -32.024 -11.458 0
ltoes -33.3074 0 0
rfemur -30.3236 -13.6655 -7.05328
rtibia 48.9268 0 0
rfoot -20.2414 3.44388 0
rtoes -41.8127 0 0
lowerback -2.42648 -0.265065 -0.544484
upperback -0.747368 -0.302127 -6.24616
thorax 0.554686 -0.158944 -6.18484
lowerneck -7.43084 0.625464 5.56146
upperneck 2.16762 0.144086 3.88877
head 1.95456 0.232558 0.287878
lclavicle 1.13794e-15 1.12293e-14 0
lhumerus -58.4573 -45.9059 114.41
lradius 55.6537 0 0
lwrist 25.6172 0 0
lhand 38.6202 25.0866 0
lfingers 7.12502 0 0
lthumb 61.2289 37.4093 0
rclavicle 1.13794e-15 1.12293e-14 0
rhumerus 0.544347 -15.587 -1.47961
rradius 31.0851 0 0
rwrist -11.0317 0 0
rhand -27.1945 -40.4154 0
rfingers 7.12502 0 0
rthumb -0.608516 -790.318 0
1051
root 1.30224 15.2311 32.7067 5.38219 -3.41036 363.619
lfemur 6.65627 0.74422 4.28047
ltibia 4.28049 0 0
lfoot -32.0345 -11.4279 0
ltoes -33.3345 0 0
rfemur -30.3251 -13.6983 -7.03578
rtibia 48.9395 0 0
rfoot -20.2847 3.48393 0
rtoes -41.7923 0 0
lowerback -2.41794 -0.258887 -0.545282
upperback -0.740961 -0.293843 -6.23708
thorax 0.557553 -0.154605 -6.17434
lowerneck -7.43518 0.625742 5.58163
upperneck 2.16805 0.142247 3.88972
head 1.95552 0.231925 0.284715
lclavicle 1.13118e-15 1.18892e-14 0
lhumerus -58.4529 -45.9265 114.437
lradius 55.654 0 0
lwrist 25.6162 0 0
lhand 38.5944 25.0947 0
lfingers 7.12502 0 0
lthumb 61.2075 37.4444 0
rclavicle 1.13118e-15 1.18892e-14 0
rhumerus 0.581827 -15.7827 -1.42599
rradius 30.9879 0 0
rwrist -10.975 0 0
rhand -27.2876 -40.4365 0
rfingers 7.12502 0 0
rthumb -0.698391 -790.34 0
1052
root 1.30129 15.2294 32.706 5.37299 -3.41574 363.607
lfemur 6.67831 0.745978 4.30183
ltibia 4.2648 0 0
lfoot -32.045 -11.3977 0
ltoes -33.3616 0 0
rfemur -30.3265 -13.7311 -7.01828
rtibia 48.9521 0 0
rfoot -20.3279 3.52399 0
rtoes -41.772 0 0
lowerback -2.40941 -0.252709 -0.546079
upperback -0.734554 -0.285559 -6.228
thorax 0.560419 -0.150266 -6.16384
lowerneck -7.43952 0.626019 5.60179
upperneck 2.16848 0.140407 3.89067
head 1.95648 0.231291 0.281551
lclavicle 1.12442e-15 1.25491e-14 0
lhumerus -58.4486 -45.947 114.463
lradius 55.6542 0 0
lwrist 25.6151 0 0
lhand 38.5687 25.1029 0
lfingers 7.12502 0 0
lthumb 61.186 37.4794 0
rclavicle 1.12442e-15 1.25491e-14 0
rhumerus 0.619306 -15.9784 -1.37237
rradius 30.8908 0 0
rwrist -10.9184 0 0
rhand -27.3807 -40.4576 0
rfingers 7.12502 0 0
rthumb -0.788266 -790.363 0
1053
root 1.30034 15.2277 32.7054 5.36379 -3.42112 363.594
lfemur 6.70035 0.747737 4.32318
ltibia 4.24911 0 0
lfoot -32.0555 -11.3676 0
ltoes -33.3887 0 0
rfemur -30.328 -13.7639 -7.00078
rtibia 48.9648 0 0
rfoot -20.3711 3.56404 0
rtoes -41.7517 0 0
lowerback -2.40087 -0.246532 -0.546877
upperback -0.728146 -0.277275 -6.21891
thorax 0.563285 -0.145928 -6.15334
lowerneck -7.44386 0.626297 5.62195
upperneck 2.16891 0.138567 3.89163
head 1.95744 0.230657 0.278388
lclavicle 1.11766e-15 1.3209e-14 0
lhumerus -58.4443 -45.9675 114.489
lradius 55.6544 0 0
lwrist 25.6141 0 0
lhand 38.543 25.111 0
lfingers 7.12502 0 0
lthumb 61.1646 37.5144 0
rclavicle 1.11766e-15 1.3209e-14 0
rhumerus 0.656786 -16.1741 -1.31874
rradius 30.7936 0 0
rwrist -10.8617 0 0
rhand -27.4737 -40.4787 0
rfingers 7.12502 0 0
rthumb -0.878141 -790.385 0
1054
root 1.29939 15.226 32.7047 5.35459 -3.42651 363.581
lfemur 6.7224 0.749496 4.34454
ltibia 4.23342 0 0
lfoot -32.066 -11.3375 0
ltoes -33.4158 0 0
rfemur -30.3294 -13.7967 -6.98329
rtibia 48.9775 0 0
rfoot -20.4143 3.60409 0
rtoes -41.7313 0 0
lowerback -2.39233 -0.240354 -0.547674
upperback -0.721739 -0.26899 -6.20983
thorax 0.566152 -0.141589 -6.14284
lowerneck -7.4482 0.626575 5.64212
upperneck 2.16934 0.136728 3.89258
head 1.9584 0.230024 0.275225
lclavicle 1.11089e-15 1.3869e-14 0
lhumerus -58.4399 -45.9881 114.516
lradius 55.6546 0 0
lwrist 25.613 0 0
lhand 38.5172 25.1192 0
lfingers 7.12502 0 0
lthumb 61.1432 37.5495 0
rclavicle 1.11089e-15 1.3869e-14 0
rhumerus 0.694265 -16.3698 -1.26512
rradius 30.6964 0 0
rwrist -10.805 0 0
rhand -27.5668 -40.4998 0
rfingers 7.12502 0 0
rthumb -0.968015 -790.407 0
1055
root 1.29845 15.2242 32.7041 5.34539 -3.43189 363.569
lfemur 6.74444 0.751254 4.3659
ltibia 4.21773 0 0
lfoot -32.0765 -11.3074 0
ltoes -33.443 0 0
rfemur -30.3308 -13.8295 -6.96579
rtibia 48.9902 0 0
rfoot -20.4575 3.64414 0
rtoes -41.711 0 0
lowerback -2.38379 -0.234176 -0.548471
upperback -0.715332 -0.260706 -6.20075
thorax 0.569018 -0.13725 -6.13234
lowerneck -7.45254 0.626853 5.66228
upperneck 2.16977 0.134888 3.89353
head 1.95936 0.22939 0.272061
lclavicle 1.10413e-15 1.45289e-14 0
lhumerus -58.4356 -46.0086 114.542
lradius 55.6548 0 0
lwrist 25.612 0 0
lhand 38.4915 25.1273 0
lfingers 7.12502 0 0
lthumb 61.1218 37.5845 0
rclavicle 1.10413e-15 1.45289e-14 0
rhumerus 0.731745 -16.5655 -1.21149
rradius 30.5992 0 0
rwrist -10.7483 0 0
rhand -27.6599 -40.5209 0
rfingers 7.12502 0 0
rthumb -1.05789 -790.429 0
1056
root 1.2975 15.2225 32.7034 5.33619 -3.43727 363.556
lfemur 6.76648 0.753013 4.38726
ltibia 4.20204 0 0
lfoot -32.087 -11.2772 0
ltoes -33.4701 0 0
rfemur -30.3323 -13.8623 -6.94829
rtibia 49.0029 0 0
rfoot -20.5007 3.68419 0
rtoes -41.6907 0 0
lowerback -2.37526 -0.227999 -0.549269
upperback -0.708924 -0.252422 -6.19167
thorax 0.571885 -0.132912 -6.12184
lowerneck -7.45688 0.62713 5.68244
upperneck 2.1702 0.133049 3.89449
head 1.96033 0.228756 0.268898
lclavicle 1.09737e-15 1.51888e-14 0
lhumerus -58.4313 -46.0291 114.569
lradius 55.6551 0 0
lwrist 25.6109 0 0
lhand 38.4658 25.1355 0
lfingers 7.12502 0 0
lthumb 61.1004 37.6195 0
rclavicle 1.09737e-15 1.51888e-14 0
rhumerus 0.769224 -16.7612 -1.15787
rradius 30.5021 0 0
rwrist -10.6916 0 0
rhand -27.753 -40.542 0
rfingers 7.12502 0 0
rthumb -1.14777 -790.452 0
1057
root 1.29655 15.2208 32.7028 5.32699 -3.44265 363.543
lfemur 6.78852 0.754771 4.40861
ltibia 4.18635 0 0
lfoot -32.0975 -11.2471 0
ltoes -33.4972 0 0
rfemur -30.3337 -13.8951 -6.93079
rtibia 49.0156 0 0
rfoot -20.544 3.72424 0
rtoes -41.6703 0 0
lowerback -2.36672 -0.221821 -0.550066
upperback -0.702517 -0.244138 -6.18259
thorax 0.574751 -0.128573 -6.11134
lowerneck -7.46122 0.627408 5.70261
upperneck 2.17063 0.131209 3.89544
head 1.96129 0.228123 0.265734
lclavicle 1.09061e-15 1.58487e-14 0
lhumerus -58.4269 -46.0497 114.595
lradius 55.6553 0 0
lwrist 25.6099 0 0
lhand 38.4401 25.1436 0
lfingers 7.12502 0 0
lthumb 61.0789 37.6546 0
rclavicle 1.09061e-15 1.58487e-14 0
rhumerus 0.806704 -16.9569 -1.10425
rradius 30.4049 0 0
rwrist -10.6349 0 0
rhand -27.8461 -40.5631 0
rfingers 7.12502 0 0
rthumb -1.23764 -790.474 0
1058
root 1.2956 15.2191 32.7021 5.31779 -3.44804 363.531
lfemur 6.81056 0.75653 4.42997
ltibia 4.17067 0 0
lfoot -32.108 -11.217 0
ltoes -33.5243 0 0
rfemur -30.3352 -13.9279 -6.9133
rtibia 49.0283 0 0
rfoot -20.5872 3.7643 0
rtoes -41.65 0 0
lowerback -2.35818 -0.215643 -0.550864
upperback -0.69611 -0.235853 -6.17351
thorax 0.577618 -0.124234 -6.10084
lowerneck -7.46556 0.627686 5.72277
upperneck 2.17105 0.12937 3.8964
head 1.96225 0.227489 0.262571
lclavicle 1.08385e-15 1.65086e-14 0
lhumerus -58.4226 -46.0702 114.622
lradius 55.6555 0 0
lwrist 25.6088 0 0
lhand 38.4143 25.1517 0
lfingers 7.12502 0 0
lthumb 61.0575 37.6896 0
rclavicle 1.08385e-15 1.65086e-14 0
rhumerus 0.844183 -17.1525 -1.05062
rradius 30.3077 0 0
rwrist -10.5782 0 0
rhand -27.9391 -40.5842 0
rfingers 7.12502 0 0
rthumb -1.32751 -790.496 0
1059
root 1.29465 15.2174 32.7015 5.30859 -3.45342 363.518
lfemur 6.83261 0.758288 4.45133
ltibia 4.15498 0 0
lfoot -32.1185 -11.1869 0
ltoes -33.5514 0 0
rfemur -30.3366 -13.9607 -6.8958
rtibia 49.041 0 0
rfoot -20.6304 3.80435 0
rtoes -41.6297 0 0
lowerback -2.34964 -0.209466 -0.551661
upperback -0.689702 -0.227569 -6.16442
thorax 0.580484 -0.119895 -6.09034
lowerneck -7.4699 0.627964 5.74293
upperneck 2.17148 0.12753 3.89735
head 1.96321 0.226855 0.259407
lclavicle 1.07709e-15 1.71685e-14 0
lhumerus -58.4183 -46.0907 114.648
lradius 55.6557 0 0
lwrist 25.6078 0 0
lhand 38.3886 25.1599 0
lfingers 7.12502 0 0
lthumb 61.0361 37.7246 0
rclavicle 1.07709e-15 1.71685e-14 0
rhumerus 0.881663 -17.3482 -0.997
rradius 30.2105 0 0
rwrist -10.5215 0 0
rhand -28.0322 -40.6054 0
rfingers 7.12502 0 0
rthumb -1.41739 -790.518 0
1060
root 1.29371 15.2156 32.7008 5.29939 -3.4588 363.505
lfemur 6.85465 0.760047 4.47269
ltibia 4.13929 0 0
lfoot -32.129 -11.1567 0
ltoes -33.5785 0 0
rfemur -30.3381 -13.9935 -6.8783
rtibia 49.0537 0 0
rfoot -20.6736 3.8444 0
rtoes -41.6093 0 0
lowerback -2.34111 -0.203288 -0.552458
upperback -0.683295 -0.219285 -6.15534
thorax 0.583351 -0.115557 -6.07984
lowerneck -7.47424 0.628241 5.76309
upperneck 2.17191 0.125691 3.8983
head 1.96417 0.226222 0.256244
lclavicle 1.07033e-15 1.78284e-14 0
lhumerus -58.4139 -46.1113 114.675
lradius 55.656 0 0
lwrist 25.6067 0 0
lhand 38.3629 25.168 0
lfingers 7.12502 0 0
lthumb 61.0147 37.7597 0
rclavicle 1.07033e-15 1.78284e-14 0
rhumerus 0.919142 -17.5439 -0.943376
rradius 30.1134 0 0
rwrist -10.4648 0 0
rhand -28.1253 -40.6265 0
rfingers 7.12502 0 0
rthumb -1.50726 -790.541 0
1061
root 1.29276 15.2139 32.7002 5.29019 -3.46418 363.493
lfemur 6.87669 0.761805 4.49404
ltibia 4.1236 0 0
lfoot -32.1395 -11.1266 0
ltoes -33.6056 0 0
rfemur -30.3395 -14.0263 -6.8608
rtibia 49.0664 0 0
rfoot -20.7168 3.88445 0
rtoes -41.589 0 0
lowerback -2.33257 -0.19711 -0.553256
upperback -0.676888 -0.211001 -6.14626
thorax 0.586217 -0.111218 -6.06934
lowerneck -7.47858 0.628519 5.78326
upperneck 2.17234 0.123851 3.89926
head 1.96513 0.225588 0.25308
lclavicle 1.06356e-15 1.84883e-14 0
lhumerus -58.4096 -46.1318 114.701
lradius 55.6562 0 0
lwrist 25.6057 0 0
lhand 38.3372 25.1762 0
lfingers 7.12502 0 0
lthumb 60.9932 37.7947 0
rclavicle 1.06356e-15 1.84883e-14 0
rhumerus 0.956622 -17.7396 -0.889752
rradius 30.0162 0 0
rwrist -10.4081 0 0
rhand -28.2184 -40.6476 0
rfingers 7.12502 0 0
rthumb -1.59714 -790.563 0
1062
root 1.29181 15.2122 32.6995 5.28099 -3.46957 363.48
lfemur 6.89873 0.763564 4.5154
ltibia 4.10791 0 0
lfoot -32.1499 -11.0965 0
ltoes -33.6327 0 0
rfemur -30.341 -14.0591 -6.8433
rtibia 49.079 0 0
rfoot -20.7601 3.9245 0
rtoes -41.5687 0 0
lowerback -2.32403 -0.190933 -0.554053
upperback -0.670481 -0.202716 -6.13718
thorax 0.589083 -0.106879 -6.05884
lowerneck -7.48293 0.628797 5.80342
upperneck 2.17277 0.122012 3.90021
head 1.96609 0.224955 0.249917
lclavicle 1.0568e-15 1.91482e-14 0
lhumerus -58.4052 -46.1523 114.727
lradius 55.6564 0 0
lwrist 25.6046 0 0
lhand 38.3114 25.1843 0
lfingers 7.12502 0 0
lthumb 60.9718 37.8298 0
rclavicle 1.0568e-15 1.91482e-14 0
rhumerus 0.994101 -17.9353 -0.836128
rradius 29.919 0 0
rwrist -10.3514 0 0
rhand -28.3114 -40.6687 0
rfingers 7.12502 0 0
rthumb -1.68701 -790.585 0
1063
root 1.29086 15.2105 32.6989 5.27179 -3.47495 363.468
lfemur 6.92077 0.765322 4.53676
ltibia 4.09222 0 0
lfoot -32.1604 -11.0664 0
ltoes -33.6598 0 0
rfemur -30.3424 -14.0919 -6.82581
rtibia 49.0917 0 0
rfoot -20.8033 3.96456 0
rtoes -41.5484 0 0
lowerback -2.3155 -0.184755 -0.554851
upperback -0.664073 -0.194432 -6.1281
thorax 0.59195 -0.102541 -6.04834
lowerneck -7.48727 0.629074 5.82358
upperneck 2.1732 0.120172 3.90116
head 1.96705 0.224321 0.246753
lclavicle 1.05004e-15 1.98081e-14 0
lhumerus -58.4009 -46.1728 114.754
lradius 55.6566 0 0
lwrist 25.6036 0 0
lhand 38.2857 25.1925 0
lfingers 7.12502 0 0
lthumb 60.9504 37.8648 0
rclavicle 1.05004e-15 1.98081e-14 0
rhumerus 1.03158 -18.131 -0.782504
rradius 29.8218 0 0
rwrist -10.2947 0 0
rhand -28.4045 -40.6898 0
rfingers 7.12502 0 0
rthumb -1.77689 -790.608 0
1064
root 1.28992 15.2087 32.6982 5.26259 -3.48033 363.455
lfemur 6.94282 0.767081 4.55812
ltibia 4.07653 0 0
lfoot -32.1709 -11.0362 0
ltoes -33.6869 0 0
rfemur -30.3439 -14.1247 -6.80831
rtibia 49.1044 0 0
rfoot -20.8465 4.00461 0
rtoes -41.528 0 0
lowerback -2.30696 -0.178577 -0.555648
upperback -0.657666 -0.186148 -6.11902
thorax 0.594816 -0.098202 -6.03783
lowerneck -7.49161 0.629352 5.84375
upperneck 2.17363 0.118332 3.90212
head 1.96801 0.223687 0.24359
lclavicle 1.04328e-15 2.04681e-14 0
lhumerus -58.3966 -46.1934 114.78
lradius 55.6568 0 0
lwrist 25.6025 0 0
lhand 38.26 25.2006 0
lfingers 7.12502 0 0
lthumb 60.929 37.8998 0
rclavicle 1.04328e-15 2.04681e-14 0
rhumerus 1.06906 -18.3267 -0.72888
rradius 29.7247 0 0
rwrist -10.238 0 0
rhand -28.4976 -40.7109 0
rfingers 7.12502 0 0
rthumb -1.86676 -790.63 0
1065
root 1.28897 15.207 32.6976 5.25339 -3.48571 363.442
lfemur 6.96486 0.76884 4.57947
ltibia 4.06084 0 0
lfoot -32.1814 -11.0061 0
ltoes -33.714 0 0
rfemur -30.3453 -14.1575 -6.79081
rtibia 49.1171 0 0
rfoot -20.8897 4.04466 0
rtoes -41.5077 0 0
lowerback -2.29842 -0.1724 -0.556445
upperback -0.651259 -0.177864 -6.10993
thorax 0.597683 -0.0938633 -6.02733
lowerneck -7.49595 0.62963 5.86391
upperneck 2.17406 0.116493 3.90307
head 1.96897 0.223054 0.240427
lclavicle 1.03652e-15 2.1128e-14 0
lhumerus -58.3922 -46.2139 114.807
lradius 55.6571 0 0
lwrist 25.6015 0 0
lhand 38.2343 25.2088 0
lfingers 7.12502 0 0
lthumb 60.9076 37.9349 0
rclavicle 1.03652e-15 2.1128e-14 0
rhumerus 1.10654 -18.5224 -0.675257
rradius 29.6275 0 0
rwrist -10.1813 0 0
rhand -28.5907 -40.732 0
rfingers 7.12502 0 0
rthumb -1.95664 -790.652 0
1066
root 1.28802 15.2053 32.6969 5.24419 -3.4911 363.43
lfemur 6.9869 0.770598 4.60083
ltibia 4.04516 0 0
lfoot -32.1919 -10.976 0
ltoes -33.7411 0 0
rfemur -30.3468 -14.1903 -6.77331
rtibia 49.1298 0 0
rfoot -20.9329 4.08471 0
rtoes -41.4874 0 0
lowerback -2.28988 -0.166222 -0.557243
upperback -0.644851 -0.169579 -6.10085
thorax 0.600549 -0.0895246 -6.01683
lowerneck -7.50029 0.629908 5.88407
upperneck 2.17449 0.114653 3.90403
head 1.96993 0.22242 0.237263
lclavicle 1.02976e-15 2.17879e-14 0
lhumerus -58.3879 -46.2344 114.833
lradius 55.6573 0 0
lwrist 25.6004 0 0
lhand 38.2085 25.2169 0
lfingers 7.12502 0 0
lthumb 60.8861 37.9699 0
rclavicle 1.02976e-15 2.17879e-14 0
rhumerus 1.14402 -18.7181 -0.621633
rradius 29.5303 0 0
rwrist -10.1246 0 0
rhand -28.6837 -40.7531 0
rfingers 7.12502 0 0
rthumb -2.04651 -790.674 0
1067
root 1.28707 15.2036 32.6963 5.23499 -3.49648 363.417
lfemur 7.00894 0.772357 4.62219
ltibia 4.02947 0 0
lfoot -32.2024 -10.9459 0
ltoes -33.7682 0 0
rfemur -30.3482 -14.2231 -6.75582
rtibia 49.1425 0 0
rfoot -20.9762 4.12476 0
rtoes -41.467 0 0
lowerback -2.28135 -0.160044 -0.55804
upperback -0.638444 -0.161295 -6.09177
thorax 0.603416 -0.0851859 -6.00633
lowerneck -7.50463 0.630185 5.90423
upperneck 2.17492 0.112814 3.90498
head 1.97089 0.221786 0.2341
lclavicle 1.023e-15 2.24478e-14 0
lhumerus -58.3836 -46.255 114.86
lradius 55.6575 0 0
lwrist 25.5994 0 0
lhand 38.1828 25.2251 0
lfingers 7.12502 0 0
lthumb 60.8647 38.0049 0
rclavicle 1.023e-15 2.24478e-14 0
rhumerus 1.1815 -18.9138 -0.568009
rradius 29.4331 0 0
rwrist -10.0679 0 0
rhand -28.7768 -40.7742 0
rfingers 7.12502 0 0
rthumb -2.13639 -790.697 0
1068
root 1.28612 15.2019 32.6956 5.22579 -3.50186 363.404
lfemur 7.03098 0.774115 4.64355
ltibia 4.01378 0 0
lfoot -32.2129 -10.9157 0
ltoes -33.7953 0 0
rfemur -30.3497 -14.2559 -6.73832
rtibia 49.1552 0 0
rfoot -21.0194 4.16482 0
rtoes -41.4467 0 0
lowerback -2.27281 -0.153867 -0.558838
upperback -0.632037 -0.153011 -6.08269
thorax 0.606282 -0.0808472 -5.99583
lowerneck -7.50897 0.630463 5.9244
upperneck 2.17535 0.110974 3.90593
head 1.97186 0.221153 0.230936
lclavicle 1.01624e-15 2.31077e-14 0
lhumerus -58.3792 -46.2755 114.886
lradius 55.6577 0 0
lwrist 25.5983 0 0
lhand 38.1571 25.2332 0
lfingers 7.12502 0 0
lthumb 60.8433 38.04 0
rclavicle 1.01624e-15 2.31077e-14 0
rhumerus 1.21898 -19.1095 -0.514385
rradius 29.336 0 0
rwrist -10.0112 0 0
rhand -28.8699 -40.7953 0
rfingers 7.12502 0 0
rthumb -2.22626 -790.719 0
1069
root 1.28518 15.2001 32.695 5.21659 -3.50724 363.392
lfemur 7.05303 0.775874 4.6649
ltibia 3.99809 0 0
lfoot -32.2234 -10.8856 0
ltoes -33.8224 0 0
rfemur -30.3511 -14.2887 -6.72082
rtibia 49.1679 0 0
rfoot -21.0626 4.20487 0
rtoes -41.4264 0 0
lowerback -2.26427 -0.147689 -0.559635
upperback -0.625629 -0.144726 -6.07361
thorax 0.609148 -0.0765085 -5.98533
lowerneck -7.51331 0.630741 5.94456
upperneck 2.17578 0.109135 3.90689
head 1.97282 0.220519 0.227773
lclavicle 1.00947e-15 2.37676e-14 0
lhumerus -58.3749 -46.296 114.912
lradius 55.6579 0 0
lwrist 25.5973 0 0
lhand 38.1314 25.2414 0
lfingers 7.12502 0 0
lthumb 60.8219 38.075 0
rclavicle 1.00947e-15 2.37676e-14 0
rhumerus 1.25646 -19.3052 -0.460761
rradius 29.2388 0 0
rwrist -9.95452 0 0
rhand -28.963 -40.8164 0
rfingers 7.12502 0 0
rthumb -2.31614 -790.741 0
1070
root 1.28423 15.1984 32.6943 5.20739 -3.51263 363.379
lfemur 7.07507 0.777632 4.68626
ltibia 3.9824 0 0
lfoot -32.2339 -10.8555 0
ltoes -33.8495 0 0
rfemur -30.3525 -14.3215 -6.70332
rtibia 49.1806 0 0
rfoot -21.1058 4.24492 0
rtoes -41.406 0 0
lowerback -2.25574 -0.141511 -0.560432
upperback -0.619222 -0.136442 -6.06453
thorax 0.612015 -0.0721698 -5.97483
lowerneck -7.51765 0.631018 5.96472
upperneck 2.1762 0.107295 3.90784
head 1.97378 0.219885 0.224609
lclavicle 1.00271e-15 2.44275e-14 0
lhumerus -58.3706 -46.3166 114.939
lradius 55.6582 0 0
lwrist 25.5962 0 0
lhand 38.1056 25.2495 0
lfingers 7.12502 0 0
lthumb 60.8004 38.11 0
rclavicle 1.00271e-15 2.44275e-14 0
rhumerus 1.29394 -19.5009 -0.407137
rradius 29.1416 0 0
rwrist -9.89783 0 0
rhand -29.0561 -40.8375 0
rfingers 7.12502 0 0
rthumb -2.40601 -790.764 0
1071
root 1.28328 15.1967 32.6937 5.19819 -3.51801 363.366
lfemur 7.09711 0.779391 4.70762
ltibia 3.96671 0 0
lfoot -32.2444 -10.8254 0
ltoes -33.8766 0 0
rfemur -30.354 -14.3543 -6.68583
rtibia 49.1933 0 0
rfoot -21.149 4.28497 0
rtoes -41.3857 0 0
lowerback -2.2472 -0.135334 -0.56123
upperback -0.612815 -0.128158 -6.05544
thorax 0.614881 -0.0678311 -5.96433
lowerneck -7.52199 0.631296 5.98489
upperneck 2.17663 0.105456 3.90879
head 1.97474 0.219252 0.221446
lclavicle 9.95951e-16 2.50874e-14 0
lhumerus -58.3662 -46.3371 114.965
lradius 55.6584 0 0
lwrist 25.5952 0 0
lhand 38.0799 25.2577 0
lfingers 7.12502 0 0
lthumb 60.779 38.1451 0
rclavicle 9.95951e-16 2.50874e-14 0
rhumerus 1.33142 -19.6966 -0.353514
rradius 29.0444 0 0
rwrist -9.84113 0 0
rhand -29.1491 -40.8586 0
rfingers 7.12502 0 0
rthumb -2.49589 -790.786 0
1072
root 1.28233 15.195 32.693 5.189 -3.52339 363.354
lfemur 7.11915 0.781149 4.72898
ltibia 3.95102 0 0
lfoot -32.2549 -10.7952 0
ltoes -33.9037 0 0
rfemur -30.3554 -14.3871 -6.66833
rtibia 49.2059 0 0
rfoot -21.1922 4.32502 0
rtoes -41.3654 0 0
lowerback -2.23866 -0.129156 -0.562027
upperback -0.606407 -0.119874 -6.04636
thorax 0.617748 -0.0634924 -5.95383
lowerneck -7.52633 0.631574 6.00505
upperneck 2.17706 0.103616 3.90975
head 1.9757 0.218618 0.218282
lclavicle 9.8919e-16 2.57473e-14 0
lhumerus -58.3619 -46.3576 114.992
lradius 55.6586 0 0
lwrist 25.5941 0 0
lhand 38.0542 25.2658 0
lfingers 7.12502 0 0
lthumb 60.7576 38.1801 0
rclavicle 9.8919e-16 2.57473e-14 0
rhumerus 1.3689 -19.8923 -0.29989
rradius 28.9473 0 0
rwrist -9.78443 0 0
rhand -29.2422 -40.8797 0
rfingers 7.12502 0 0
rthumb -2.58576 -790.808 0
1073
root 1.28138 15.1933 32.6924 5.1798 -3.52878 363.341
lfemur 7.14119 0.782908 4.75033
ltibia 3.93533 0 0
lfoot -32.2654 -10.7651 0
ltoes -33.9308 0 0
rfemur -30.3569 -14.4199 -6.65083
rtibia 49.2186 0 0
rfoot -21.2355 4.36508 0
rtoes -41.345 0 0
lowerback -2.23012 -0.122978 -0.562825
upperback -0.6 -0.111589 -6.03728
thorax 0.620614 -0.0591537 -5.94333
lowerneck -7.53067 0.631852 6.02521
upperneck 2.17749 0.101777 3.9107
head 1.97666 0.217984 0.215119
lclavicle 9.82429e-16 2.64073e-14 0
lhumerus -58.3576 -46.3782 115.018
lradius 55.6588 0 0
lwrist 25.5931 0 0
lhand 38.0284 25.274 0
lfingers 7.12502 0 0
lthumb 60.7362 38.2151 0
rclavicle 9.82429e-16 2.64073e-14 0
rhumerus 1.40638 -20.088 -0.246266
rradius 28.8501 0 0
rwrist -9.72774 0 0
rhand -29.3353 -40.9008 0
rfingers 7.12502 0 0
rthumb -2.67564 -790.83 0
1074
root 1.28044 15.1915 32.6917 5.1706 -3.53416 363.329
lfemur 7.16324 0.784666 4.77169
ltibia 3.91965 0 0
lfoot -32.2759 -10.735 0
ltoes -33.9579 0 0
rfemur -30.3583 -14.4527 -6.63333
rtibia 49.2313 0 0
rfoot -21.2787 4.40513 0
rtoes -41.3247 0 0
lowerback -2.22159 -0.116801 -0.563622
upperback -0.593593 -0.103305 -6.0282
thorax 0.623481 -0.0548151 -5.93283
lowerneck -7.53501 0.632129 6.04537
upperneck 2.17792 0.0999371 3.91166
head 1.97762 0.217351 0.211955
lclavicle 9.75667e-16 2.70672e-14 0
lhumerus -58.3532 -46.3987 115.045
lradius 55.659 0 0
lwrist 25.592 0 0
lhand 38.0027 25.2821 0
lfingers 7.12502 0 0
lthumb 60.7148 38.2502 0
rclavicle 9.75667e-16 2.70672e-14 0
rhumerus 1.44386 -20.2837 -0.192642
rradius 28.7529 0 0
rwrist -9.67104 0 0
rhand -29.4284 -40.9219 0
rfingers 7.12502 0 0
rthumb -2.76551 -790.853 0
1075
root 1.27949 15.1898 32.6911 5.1614 -3.53954 363.316
lfemur 7.18528 0.786425 4.79305
ltibia 3.90396 0 0
lfoot -32.2864 -10.7049 0
ltoes -33.985 0 0
rfemur -30.3598 -14.4855 -6.61583
rtibia 49.244 0 0
rfoot -21.3219 4.44518 0
rtoes -41.3044 0 0
lowerback -2.21305 -0.110623 -0.56442
upperback -0.587185 -0.0950209 -6.01912
thorax 0.626347 -0.0504764 -5.92233
lowerneck -7.53935 0.632407 6.06554
upperneck 2.17835 0.0980975 3.91261
head 1.97858 0.216717 0.208792
lclavicle 9.68906e-16 2.77271e-14 0
lhumerus -58.3489 -46.4192 115.071
lradius 55.6593 0 0
lwrist 25.591 0 0
lhand 37.977 25.2903 0
lfingers 7.12502 0 0
lthumb 60.6933 38.2852 0
rclavicle 9.68906e-16 2.77271e-14 0
rhumerus 1.48134 -20.4794 -0.139018
rradius 28.6557 0 0
rwrist -9.61435 0 0
rhand -29.5214 -40.943 0
rfingers 7.12502 0 0
rthumb -2.85539 -790.875 0
1076
root 1.27854 15.1881 32.6904 5.1522 -3.54492 363.303
lfemur 7.20732 0.788184 4.81441
ltibia 3.88827 0 0
lfoot -32.2969 -10.6747 0
ltoes -34.0122 0 0
rfemur -30.3612 -14.5183 -6.59834
rtibia 49.2567 0 0
rfoot -21.3651 4.48523 0
rtoes -41.284 0 0
lowerback -2.20451 -0.104445 -0.565217
upperback -0.580778 -0.0867367 -6.01004
thorax 0.629214 -0.0461377 -5.91183
lowerneck -7.54369 0.632685 6.0857
upperneck 2.17878 0.096258 3.91356
head 1.97954 0.216083 0.205629
lclavicle 9.62145e-16 2.8387e-14 0
lhumerus -58.3446 -46.4398 115.098
lradius 55.6595 0 0
lwrist 25.5899 0 0
lhand 37.9513 25.2984 0
lfingers 7.12502 0 0
lthumb 60.6719 38.3202 0
rclavicle 9.62145e-16 2.8387e-14 0
rhumerus 1.51881 -20.6751 -0.0853944
rradius 28.5586 0 0
rwrist -9.55765 0 0
rhand -29.6145 -40.9641 0
rfingers 7.12502 0 0
rthumb -2.94526 -790.897 0
1077
root 1.27759 15.1864 32.6898 5.143 -3.55031 363.291
lfemur 7.22936 0.789942 4.83576
ltibia 3.87258 0 0
lfoot -32.3074 -10.6446 0
ltoes -34.0393 0 0
rfemur -30.3627 -14.5511 -6.58084
rtibia 49.2694 0 0
rfoot -21.4083 4.52528 0
rtoes -41.2637 0 0
lowerback -2.19597 -0.0982675 -0.566014
upperback -0.574371 -0.0784524 -6.00095
thorax 0.63208 -0.041799 -5.90133
lowerneck -7.54803 0.632963 6.10586
upperneck 2.17921 0.0944185 3.91452
head 1.9805 0.21545 0.202465
lclavicle 9.55383e-16 2.90469e-14 0
lhumerus -58.3402 -46.4603 115.124
lradius 55.6597 0 0
lwrist 25.5889 0 0
lhand 37.9255 25.3066 0
lfingers 7.12502 0 0
lthumb 60.6505 38.3553 0
rclavicle 9.55383e-16 2.90469e-14 0
rhumerus 1.55629 -20.8707 -0.0317705
rradius 28.4614 0 0
rwrist -9.50095 0 0
rhand -29.7076 -40.9853 0
rfingers 7.12502 0 0
rthumb -3.03514 -790.919 0
1078
root 1.27664 15.1847 32.6891 5.1338 -3.55569 363.278
lfemur 7.2514 0.791701 4.85712
ltibia 3.85689 0 0
lfoot -32.3179 -10.6145 0
ltoes -34.0664 0 0
rfemur -30.3641 -14.5839 -6.56334
rtibia 49.2821 0 0
rfoot -21.4516 4.56533 0
rtoes -41.2434 0 0
lowerback -2.18744 -0.0920898 -0.566812
upperback -0.567964 -0.0701682 -5.99187
thorax 0.634946 -0.0374603 -5.89083
lowerneck -7.55238 0.63324 6.12603
upperneck 2.17964 0.0925789 3.91547
head 1.98146 0.214816 0.199302
lclavicle 9.48622e-16 2.97068e-14 0
lhumerus -58.3359 -46.4808 115.15
lradius 55.6599 0 0
lwrist 25.5878 0 0
lhand 37.8998 25.3147 0
lfingers 7.12502 0 0
lthumb 60.6291 38.3903 0
rclavicle 9.48622e-16 2.97068e-14 0
rhumerus 1.59377 -21.0664 0.0218533
rradius 28.3642 0 0
rwrist -9.44426 0 0
rhand -29.8007 -41.0064 0
rfingers 7.12502 0 0
rthumb -3.12501 -790.942 0
1079
root 1.2757 15.1829 32.6885 5.1246 -3.56107 363.265
lfemur 7.27345 0.793459 4.87848
ltibia 3.8412 0 0
lfoot -32.3284 -10.5844 0
ltoes -34.0935 0 0
rfemur -30.3656 -14.6167 -6.54584
rtibia 49.2948 0 0
rfoot -21.4948 4.60539 0
rtoes -41.223 0 0
lowerback -2.1789 -0.0859121 -0.567609
upperback -0.561556 -0.0618839 -5.98279
thorax 0.637813 -0.0331216 -5.88032
lowerneck -7.55672 0.633518 6.14619
upperneck 2.18007 0.0907394 3.91642
head 1.98242 0.214183 0.196138
lclavicle 9.4186e-16 3.03667e-14 0
lhumerus -58.3315 -46.5014 115.177
lradius 55.6602 0 0
lwrist 25.5868 0 0
lhand 37.8741 25.3229 0
lfingers 7.12502 0 0
lthumb 60.6077 38.4254 0
rclavicle 9.4186e-16 3.03667e-14 0
rhumerus 1.63125 -21.2621 0.0754771
rradius 28.267 0 0
rwrist -9.38756 0 0
rhand -29.8938 -41.0275 0
rfingers 7.12502 0 0
rthumb -3.21489 -790.964 0
1080
root 1.27475 15.1812 32.6878 5.1154 -3.56645 363.253
lfemur 7.29549 0.795218 4.89984
ltibia 3.82551 0 0
lfoot -32.3389 -10.5542 0
ltoes -34.1206 0 0
rfemur -30.367 -14.6495 -6.52835
rtibia 49.3075 0 0
rfoot -21.538 4.64544 0
rtoes -41.2027 0 0
lowerback -2.17036 -0.0797345 -0.568407
upperback -0.555149 -0.0535996 -5.97371
thorax 0.640679 -0.0287829 -5.86982
lowerneck -7.56106 0.633796 6.16635
upperneck 2.1805 0.0888998 3.91738
head 1.98339 0.213549 0.192975
lclavicle 9.35099e-16 3.10266e-14 0
lhumerus -58.3272 -46.5219 115.203
lradius 55.6604 0 0
lwrist 25.5857 0 0
lhand 37.8484 25.331 0
lfingers 7.12502 0 0
lthumb 60.5862 38.4604 0
rclavicle 9.35099e-16 3.10266e-14 0
rhumerus 1.66873 -21.4578 0.129101
rradius 28.1699 0 0
rwrist -9.33087 0 0
rhand -29.9868 -41.0486 0
rfingers 7.12502 0 0
rthumb -3.30476 -790.986 0
1081
root 1.2738 15.1795 32.6872 5.1062 -3.57184 363.24
lfemur 7.31753 0.796976 4.92119
ltibia 3.80982 0 0
lfoot -32.3494 -10.5241 0
ltoes -34.1477 0 0
rfemur -30.3685 -14.6823 -6.51085
rtibia 49.3202 0 0
rfoot -21.5812 4.68549 0
rtoes -41.1824 0 0
lowerback -2.16183 -0.0735568 -0.569204
upperback -0.548742 -0.0453154 -5.96463
thorax 0.643546 -0.0244442 -5.85932
lowerneck -7.5654 0.634073 6.18652
upperneck 2.18092 0.0870603 3.91833
head 1.98435 0.212915 0.189811
lclavicle 9.28338e-16 3.16865e-14 0
lhumerus -58.3229 -46.5424 115.23
lradius 55.6606 0 0
lwrist 25.5847 0 0
lhand 37.8226 25.3392 0
lfingers 7.12502 0 0
lthumb 60.5648 38.4954 0
rclavicle 9.28338e-16 3.16865e-14 0
rhumerus 1.70621 -21.6535 0.182725
rradius 28.0727 0 0
rwrist -9.27417 0 0
rhand -30.0799 -41.0697 0
rfingers 7.12502 0 0
rthumb -3.39464 -791.009 0
1082
root 1.27285 15.1778 32.6865 5.097 -3.57722 363.228
lfemur 7.33957 0.798735 4.94255
ltibia 3.79414 0 0
lfoot -32.3599 -10.494 0
ltoes -34.1748 0 0
rfemur -30.3699 -14.7151 -6.49335
rtibia 49.3328 0 0
rfoot -21.6244 4.72554 0
rtoes -41.162 0 0
lowerback -2.15329 -0.0673791 -0.570001
upperback -0.542334 -0.0370311 -5.95555
thorax 0.646412 -0.0201055 -5.84882
lowerneck -7.56974 0.634351 6.20668
upperneck 2.18135 0.0852208 3.91929
head 1.98531 0.212282 0.186648
lclavicle 9.21576e-16 3.23465e-14 0
lhumerus -58.3185 -46.563 115.256
lradius 55.6608 0 0
lwrist 25.5836 0 0
lhand 37.7969 25.3473 0
lfingers 7.12502 0 0
lthumb 60.5434 38.5305 0
rclavicle 9.21576e-16 3.23465e-14 0
rhumerus 1.74369 -21.8492 0.236349
rradius 27.9755 0 0
rwrist -9.21747 0 0
rhand -30.173 -41.0908 0
rfingers 7.12502 0 0
rthumb -3.48451 -791.031 0
1083
root 1.2719 15.1761 32.6859 5.0878 -3.5826 363.215
lfemur 7.36161 0.800493 4.96391
ltibia 3.77845 0 0
lfoot -32.3704 -10.4639 0
ltoes -34.2019 0 0
rfemur -30.3714 -14.7479 -6.47585
rtibia 49.3455 0 0
rfoot -21.6676 4.76559 0
rtoes -41.1417 0 0
lowerback -2.14475 -0.0612014 -0.570799
upperback -0.535927 -0.0287469 -5.94646
thorax 0.649279 -0.0157668 -5.83832
lowerneck -7.57408 0.634629 6.22684
upperneck 2.18178 0.0833812 3.92024
head 1.98627 0.211648 0.183484
lclavicle 9.14815e-16 3.30064e-14 0
lhumerus -58.3142 -46.5835 115.283
lradius 55.661 0 0
lwrist 25.5826 0 0
lhand 37.7712 25.3555 0
lfingers 7.12502 0 0
lthumb 60.522 38.5655 0
rclavicle 9.14815e-16 3.30064e-14 0
rhumerus 1.78117 -22.0449 0.289972
rradius 27.8783 0 0
rwrist -9.16078 0 0
rhand -30.2661 -41.1119 0
rfingers 7.12502 0 0
rthumb -3.57439 -791.053 0
1084
root 1.27096 15.1743 32.6852 5.0786 -3.58798 363.202
lfemur 7.38366 0.802252 4.98527
ltibia 3.76276 0 0
lfoot -32.3809 -10.4337 0
ltoes -34.229 0 0
rfemur -30.3728 -14.7807 -6.45836
rtibia 49.3582 0 0
rfoot -21.7109 4.80565 0
rtoes -41.1214 0 0
lowerback -2.13621 -0.0550238 -0.571596
upperback -0.52952 -0.0204626 -5.93738
thorax 0.652145 -0.0114281 -5.82782
lowerneck -7.57842 0.634907 6.247
upperneck 2.18221 0.0815417 3.92119
head 1.98723 0.211014 0.180321
lclavicle 9.08054e-16 3.36663e-14 0
lhumerus -58.3099 -46.604 115.309
lradius 55.6613 0 0
lwrist 25.5815 0 0
lhand 37.7455 25.3636 0
lfingers 7.12502 0 0
lthumb 60.5005 38.6005 0
rclavicle 9.08054e-16 3.36663e-14 0
rhumerus 1.81865 -22.2406 0.343596
rradius 27.7812 0 0
rwrist -9.10408 0 0
rhand -30.3591 -41.133 0
rfingers 7.12502 0 0
rthumb -3.66426 -791.075 0
1085
root 1.27001 15.1726 32.6846 5.0694 -3.59337 363.19
lfemur 7.4057 0.80401 5.00662
ltibia 3.74707 0 0
lfoot -32.3914 -10.4036 0
ltoes -34.2561 0 0
rfemur -30.3743 -14.8135 -6.44086
rtibia 49.3709 0 0
rfoot -21.7541 4.8457 0
rtoes -41.101 0 0
lowerback -2.12768 -0.0488461 -0.572394
upperback -0.523112 -0.0121784 -5.9283
thorax 0.655012 -0.0070894 -5.81732
lowerneck -7.58276 0.635184 6.26717
upperneck 2.18264 0.0797021 3.92215
head 1.98819 0.210381 0.177157
lclavicle 9.01292e-16 3.43262e-14 0
lhumerus -58.3055 -46.6246 115.336
lradius 55.6615 0 0
lwrist 25.5805 0 0
lhand 37.7197 25.3718 0
lfingers 7.12502 0 0
lthumb 60.4791 38.6356 0
rclavicle 9.01292e-16 3.43262e-14 0
rhumerus 1.85613 -22.4363 0.39722
rradius 27.684 0 0
rwrist -9.04739 0 0
rhand -30.4522 -41.1541 0
rfingers 7.12502 0 0
rthumb -3.75414 -791.098 0
1086
root 1.26906 15.1709 32.6839 5.0602 -3.59875 363.177
lfemur 7.42774 0.805769 5.02798
ltibia 3.73138 0 0
lfoot -32.4019 -10.3735 0
ltoes -34.2832 0 0
rfemur -30.3757 -14.8463 -6.42336
rtibia 49.3836 0 0
rfoot -21.7973 4.88575 0
rtoes -41.0807 0 0
lowerback -2.11914 -0.0426684 -0.573191
upperback -0.516705 -0.0038941 -5.91922
thorax 0.657878 -0.0027507 -5.80682
lowerneck -7.5871 0.635462 6.28733
upperneck 2.18307 0.0778626 3.9231
head 1.98915 0.209747 0.173994
lclavicle 8.94531e-16 3.49861e-14 0
lhumerus -58.3012 -46.6451 115.362
lradius 55.6617 0 0
lwrist 25.5794 0 0
lhand 37.694 25.3799 0
lfingers 7.12502 0 0
lthumb 60.4577 38.6706 0
rclavicle 8.94531e-16 3.49861e-14 0
rhumerus 1.89361 -22.632 0.450844
rradius 27.5868 0 0
rwrist -8.99069 0 0
rhand -30.5453 -41.1752 0
rfingers 7.12502 0 0
rthumb -3.84401 -791.12 0
