:FULLY-SPECIFIED
:FORCE-ALL-JOINTS-BE-3DOF
:DEGREES
1
root 6.24314 16.836 -28.1378 9.0217 -2.52979 -3.05774
lfemur -20.3712 2.30257 -19.9954
ltibia 35.927 0 0
lfoot -38.654 3.93715 0
ltoes 38.9541 0 0
rfemur -19.4747 0.22019 19.5256
rtibia 36.0342 0 0
rfoot -30.3779 -10.4967 0
rtoes 21.4483 0 0
lowerback -2.05144 3.66971 -5.03766
upperback -2.66728 5.00355 3.49279
thorax -2.36397 2.67023 6.42441
lowerneck -9.84699 -2.36864 1.94815
upperneck -1.37933 -3.32542 -1.65382
head 1.16433 -1.69823 -0.975663
lclavicle -1.65488e-14 -3.69739e-14 0
lhumerus -41.7253 -10.8128 99.8312
lradius 34.5094 0 0
lwrist 2.17521 0 0
lhand -10.5949 9.65639 0
lfingers 7.12502 0 0
lthumb 15.4107 39.062 0
rclavicle -1.65488e-14 -3.69739e-14 0
rhumerus -43.273 -4.86223 -84.2703
rradius 40.4763 0 0
rwrist 9.89469 0 0
rhand -23.7965 -22.476 0
rfingers 7.12502 0 0
rthumb 2.67393 -52.439 0
2
root 6.23986 16.8415 -28.1214 9.10637 -2.72612 -2.90619
lfemur -20.2393 2.30064 -20.181
ltibia 35.6943 -0 0
lfoot -38.627 4.08266 6.86531e-05
ltoes 38.8958 -0 0
rfemur -19.3193 0.281296 19.3434
rtibia 35.6674 -0 0
rfoot -30.4349 -10.4878 -8.8209e-06
rtoes 21.6752 -0 0
lowerback -2.35909 3.67391 -4.99902
upperback -2.6512 5.01747 3.35264
thorax -2.15973 2.66678 6.2783
lowerneck -9.84029 -2.34024 1.97093
upperneck -1.39185 -3.2916 -1.57275
head 1.16053 -1.67968 -0.952426
lclavicle -4.74019e-14 -3.90943e-14 -1.14181e-30
lhumerus -41.8167 -10.7044 99.6115
lradius 34.5812 -0 0
lwrist 2.28498 0 0
lhand -10.9411 7.50363 0.0130122
lfingers 7.12502 -0 0
lthumb 15.0772 36.9339 0.0123922
rclavicle -4.74019e-14 -3.90943e-14 -1.14181e-30
rhumerus -43.4841 -4.71982 -84.5175
rradius 40.7524 -0 0
rwrist 9.88171 0 0
rhand -23.8607 -22.4454 -3.42873e-05
rfingers 7.12502 -0 0
rthumb 2.61193 -52.4092 -3.22845e-05
3
root 6.23657 16.847 -28.105 9.19053 -2.92268 -2.75491
lfemur -20.1075 2.29913 -20.3666
ltibia 35.4616 -0 0
lfoot -38.5999 4.22816 6.86531e-05
ltoes 38.8374 -0 0
rfemur -19.1642 0.342895 19.1614
rtibia 35.3006 -0 0
rfoot -30.4919 -10.479 -8.8209e-06
rtoes 21.9021 -0 0
lowerback -2.66674 3.67832 -4.9604
upperback -2.63515 5.03144 3.21249
thorax -1.95549 2.66384 6.13219
lowerneck -9.83358 -2.31184 1.99371
upperneck -1.40433 -3.25777 -1.4917
head 1.15673 -1.66113 -0.92919
lclavicle -7.82549e-14 -4.12147e-14 -1.14181e-30
lhumerus -41.9086 -10.5963 99.3917
lradius 34.6529 -0 0
lwrist 2.39475 0 0
lhand -11.2874 5.35082 0.0130122
lfingers 7.12502 -0 0
lthumb 14.7435 34.8059 0.0123922
rclavicle -7.82549e-14 -4.12147e-14 -1.14181e-30
rhumerus -43.6957 -4.57832 -84.7652
rradius 41.0286 -0 0
rwrist 9.86873 0 0
rhand -23.9249 -22.4148 -3.42873e-05
rfingers 7.12502 -0 0
rthumb 2.54992 -52.3793 -3.22845e-05
4
root 6.23329 16.8525 -28.0886 9.27418 -3.11946 -2.60389
lfemur -19.9756 2.29805 -20.5522
ltibia 35.2289 0 0
lfoot -38.5729 4.37367 0
ltoes 38.7791 0 0
rfemur -19.0092 0.404986 18.9796
rtibia 34.9338 0 0
rfoot -30.5489 -10.4701 0
rtoes 22.129 0 0
lowerback -2.97438 3.68294 -4.9218
upperback -2.61913 5.04544 3.07234
thorax -1.75124 2.66143 5.98606
lowerneck -9.82686 -2.28344 2.0165
upperneck -1.41675 -3.22392 -1.41065
head 1.15294 -1.64258 -0.905956
lclavicle -1.09108e-13 -4.33351e-14 0
lhumerus -42.0008 -10.4886 99.1718
lradius 34.7247 0 0
lwrist 2.50452 0 0
lhand -11.6336 3.19806 0
lfingers 7.12502 0 0
lthumb 14.41 32.6778 0
rclavicle -1.09108e-13 -4.33351e-14 0
rhumerus -43.9079 -4.43773 -85.0134
rradius 41.3047 0 0
rwrist 9.85575 0 0
rhand -23.9891 -22.3842 0
rfingers 7.12502 0 0
rthumb 2.48792 -52.3495 0
5
root 6.24471 16.8498 -28.075 9.11932 -3.02711 -2.52754
lfemur -19.872 2.38369 -20.5678
ltibia 35.2369 -0 0
lfoot -38.4193 4.24165 -0.0239809
ltoes 38.7243 -0 0
rfemur -19.5323 0.0495946 19.0827
rtibia 35.3828 -0 0
rfoot -30.1845 -10.2087 0.122704
rtoes 21.691 -0 0
lowerback -2.82415 3.62283 -4.94273
upperback -2.56056 4.95691 3.03955
thorax -1.75969 2.61753 5.97103
lowerneck -9.84646 -2.27099 1.99675
upperneck -1.4046 -3.20645 -1.37343
head 1.16125 -1.63283 -0.89014
lclavicle -1.08267e-13 -4.28901e-14 -4.34183e-31
lhumerus -41.9999 -10.5866 99.1066
lradius 34.8613 -0 0
lwrist 2.62171 0 0
lhand -11.4699 3.22673 0.00551698
lfingers 7.12502 -0 0
lthumb 14.5668 32.6842 0.00117341
rclavicle -1.08267e-13 -4.28901e-14 -4.34183e-31
rhumerus -43.8765 -4.61134 -84.8201
rradius 41.6168 -0 0
rwrist 9.48296 0 0
rhand -24.0286 -22.4179 0.0015477
rfingers 7.12502 -0 0
rthumb 2.44974 -52.3832 0.00149418
6
root 6.25613 16.8472 -28.0615 8.96461 -2.93455 -2.45145
lfemur -19.7684 2.46935 -20.5833
ltibia 35.2449 -0 0
lfoot -38.2657 4.10956 -0.0476078
ltoes 38.6695 -0 0
rfemur -20.056 -0.30484 19.189
rtibia 35.8317 -0 0
rfoot -29.8195 -9.94658 0.243743
rtoes 21.2529 -0 0
lowerback -2.67391 3.56278 -4.96383
upperback -2.50195 4.86841 3.00668
thorax -1.76813 2.57362 5.95601
lowerneck -9.86606 -2.25854 1.977
upperneck -1.39243 -3.189 -1.3362
head 1.16956 -1.62309 -0.874322
lclavicle -1.07427e-13 -4.2445e-14 -8.61836e-31
lhumerus -41.9989 -10.6846 99.0414
lradius 34.9979 -0 0
lwrist 2.73889 0 0
lhand -11.3061 3.25541 0.010952
lfingers 7.12502 -0 0
lthumb 14.7237 32.6906 0.00232937
rclavicle -1.07427e-13 -4.2445e-14 -8.61836e-31
rhumerus -43.8458 -4.78505 -84.6269
rradius 41.929 -0 0
rwrist 9.11016 0 0
rhand -24.0682 -22.4516 0.00307214
rfingers 7.12502 -0 0
rthumb 2.41157 -52.4169 0.00296592
7
root 6.26755 16.8445 -28.0479 8.81002 -2.84178 -2.37562
lfemur -19.6648 2.55505 -20.5985
ltibia 35.2529 -0 0
lfoot -38.112 3.97741 -0.0708804
ltoes 38.6148 -0 0
rfemur -20.5804 -0.658288 19.2985
rtibia 36.2807 -0 0
rfoot -29.454 -9.68366 0.363107
rtoes 20.8149 -0 0
lowerback -2.52365 3.50278 -4.98507
upperback -2.4433 4.77994 2.97372
thorax -1.77656 2.52972 5.941
lowerneck -9.88567 -2.2461 1.95725
upperneck -1.38026 -3.17155 -1.29897
head 1.17787 -1.61335 -0.858503
lclavicle -1.06586e-13 -4.2e-14 -1.28296e-30
lhumerus -41.9978 -10.7826 98.9762
lradius 35.1345 -0 0
lwrist 2.85608 0 0
lhand -11.1424 3.28411 0.016305
lfingers 7.12502 -0 0
lthumb 14.8805 32.6969 0.00346787
rclavicle -1.06586e-13 -4.2e-14 -1.28296e-30
rhumerus -43.8156 -4.95886 -84.4337
rradius 42.2411 -0 0
rwrist 8.73737 0 0
rhand -24.1077 -22.4853 0.00457335
rfingers 7.12502 -0 0
rthumb 2.37339 -52.4506 0.00441522
8
root 6.27897 16.8418 -28.0343 8.65557 -2.74881 -2.30004
lfemur -19.5612 2.64077 -20.6137
ltibia 35.2609 -0 0
lfoot -37.9583 3.8452 -0.0937985
ltoes 38.56 -0 0
rfemur -21.1055 -1.01072 19.4113
rtibia 36.7296 -0 0
rfoot -29.0879 -9.41998 0.480791
rtoes 20.3768 -0 0
lowerback -2.37338 3.44284 -5.00648
upperback -2.3846 4.69151 2.94068
thorax -1.78498 2.48581 5.926
lowerneck -9.90529 -2.23367 1.93749
upperneck -1.36807 -3.1541 -1.26173
head 1.18619 -1.60361 -0.842683
lclavicle -1.05746e-13 -4.15549e-14 -1.69756e-30
lhumerus -41.9965 -10.8806 98.911
lradius 35.2711 -0 0
lwrist 2.97327 0 0
lhand -10.9786 3.31282 0.021576
lfingers 7.12502 -0 0
lthumb 15.0374 32.7033 0.00458889
rclavicle -1.05746e-13 -4.15549e-14 -1.69756e-30
rhumerus -43.786 -5.13277 -84.2406
rradius 42.5532 -0 0
rwrist 8.36457 0 0
rhand -24.1472 -22.519 0.0060513
rfingers 7.12502 -0 0
rthumb 2.33521 -52.4842 0.00584207
9
root 6.2904 16.8392 -28.0207 8.50126 -2.65564 -2.22472
lfemur -19.4576 2.72651 -20.6287
ltibia 35.2689 -0 0
lfoot -37.8045 3.71293 -0.116362
ltoes 38.5052 -0 0
rfemur -21.6314 -1.3621 19.5273
rtibia 37.1786 -0 0
rfoot -28.7213 -9.15555 0.596786
rtoes 19.9388 -0 0
lowerback -2.2231 3.38296 -5.02804
upperback -2.32586 4.60311 2.90754
thorax -1.79339 2.4419 5.911
lowerneck -9.9249 -2.22124 1.91773
upperneck -1.35587 -3.13667 -1.2245
head 1.19451 -1.59387 -0.826861
lclavicle -1.04905e-13 -4.11099e-14 -2.10562e-30
lhumerus -41.9952 -10.9786 98.8457
lradius 35.4077 -0 0
lwrist 3.09046 0 0
lhand -10.8148 3.34155 0.0267649
lfingers 7.12502 -0 0
lthumb 15.1942 32.7097 0.00569244
rclavicle -1.04905e-13 -4.11099e-14 -2.10562e-30
rhumerus -43.7569 -5.30678 -84.0475
rradius 42.8654 -0 0
rwrist 7.99178 0 0
rhand -24.1867 -22.5527 0.007506
rfingers 7.12502 -0 0
rthumb 2.29703 -52.5179 0.00724647
10
root 6.30182 16.8365 -28.0072 8.34708 -2.56227 -2.14966
lfemur -19.3541 2.81229 -20.6435
ltibia 35.2769 -0 0
lfoot -37.6507 3.58059 -0.13857
ltoes 38.4504 -0 0
rfemur -22.1581 -1.7124 19.6466
rtibia 37.6275 -0 0
rfoot -28.3541 -8.89037 0.711086
rtoes 19.5007 -0 0
lowerback -2.0728 3.32313 -5.04975
upperback -2.26707 4.51475 2.87432
thorax -1.80178 2.39798 5.89601
lowerneck -9.94452 -2.20882 1.89796
upperneck -1.34366 -3.11924 -1.18726
head 1.20283 -1.58414 -0.811037
lclavicle -1.04065e-13 -4.06649e-14 -2.50716e-30
lhumerus -41.9937 -11.0767 98.7804
lradius 35.5443 -0 0
lwrist 3.20764 0 0
lhand -10.6511 3.37029 0.0318717
lfingers 7.12502 -0 0
lthumb 15.351 32.7161 0.0067785
rclavicle -1.04065e-13 -4.06649e-14 -2.50716e-30
rhumerus -43.7285 -5.48089 -83.8544
rradius 43.1775 -0 0
rwrist 7.61898 0 0
rhand -24.2263 -22.5864 0.00893746
rfingers 7.12502 -0 0
rthumb 2.25885 -52.5516 0.00862842
11
root 6.31324 16.8338 -27.9936 8.19304 -2.4687 -2.07485
lfemur -19.2505 2.89809 -20.6582
ltibia 35.2849 -0 0
lfoot -37.4968 3.4482 -0.160422
ltoes 38.3956 -0 0
rfemur -22.6856 -2.06159 19.7691
rtibia 38.0765 -0 0
rfoot -27.9864 -8.62447 0.823683
rtoes 19.0627 -0 0
lowerback -1.9225 3.26336 -5.07162
upperback -2.20824 4.42642 2.84102
thorax -1.81017 2.35407 5.88102
lowerneck -9.96415 -2.19641 1.87819
upperneck -1.33144 -3.10182 -1.15001
head 1.21115 -1.57441 -0.795213
lclavicle -1.03224e-13 -4.02198e-14 -2.90217e-30
lhumerus -41.9921 -11.1747 98.7151
lradius 35.6809 -0 0
lwrist 3.32483 0 0
lhand -10.4873 3.39905 0.0368963
lfingers 7.12502 -0 0
lthumb 15.5079 32.7225 0.00784706
rclavicle -1.03224e-13 -4.02198e-14 -2.90217e-30
rhumerus -43.7006 -5.65509 -83.6614
rradius 43.4896 -0 0
rwrist 7.24619 0 0
rhand -24.2658 -22.6201 0.0103457
rfingers 7.12502 -0 0
rthumb 2.22067 -52.5853 0.00998793
12
root 6.32466 16.8311 -27.98 8.03912 -2.37492 -2.0003
lfemur -19.147 2.98392 -20.6727
ltibia 35.2929 -0 0
lfoot -37.3429 3.31575 -0.181919
ltoes 38.3409 -0 0
rfemur -23.214 -2.40963 19.8949
rtibia 38.5254 -0 0
rfoot -27.6182 -8.35783 0.93457
rtoes 18.6246 -0 0
lowerback -1.77217 3.20365 -5.09365
upperback -2.14937 4.33812 2.80762
thorax -1.81854 2.31015 5.86604
lowerneck -9.98378 -2.18401 1.85842
upperneck -1.31921 -3.08441 -1.11277
head 1.21948 -1.56468 -0.779387
lclavicle -1.02383e-13 -3.97748e-14 -3.29065e-30
lhumerus -41.9904 -11.2727 98.6498
lradius 35.8174 -0 0
lwrist 3.44202 0 0
lhand -10.3236 3.42782 0.0418387
lfingers 7.12502 -0 0
lthumb 15.6647 32.7289 0.00889812
rclavicle -1.02383e-13 -3.97748e-14 -3.29065e-30
rhumerus -43.6733 -5.82939 -83.4683
rradius 43.8018 -0 0
rwrist 6.87339 0 0
rhand -24.3053 -22.6538 0.0117306
rfingers 7.12502 -0 0
rthumb 2.18249 -52.619 0.011325
13
root 6.33608 16.8285 -27.9664 7.88534 -2.28094 -1.92601
lfemur -19.0435 3.06977 -20.6871
ltibia 35.3009 -0 0
lfoot -37.1889 3.18324 -0.20306
ltoes 38.2861 -0 0
rfemur -23.7432 -2.7565 20.0239
rtibia 38.9744 -0 0
rfoot -27.2495 -8.09048 1.04374
rtoes 18.1866 -0 0
lowerback -1.62184 3.14399 -5.11583
upperback -2.09045 4.24986 2.77414
thorax -1.8269 2.26623 5.85107
lowerneck -10.0034 -2.17161 1.83864
upperneck -1.30697 -3.06701 -1.07552
head 1.22781 -1.55495 -0.763559
lclavicle -1.01543e-13 -3.93297e-14 -3.6726e-30
lhumerus -41.9886 -11.3707 98.5844
lradius 35.954 -0 0
lwrist 3.5592 0 0
lhand -10.1598 3.45661 0.0466988
lfingers 7.12502 -0 0
lthumb 15.8215 32.7353 0.00993166
rclavicle -1.01543e-13 -3.93297e-14 -3.6726e-30
rhumerus -43.6466 -6.00378 -83.2753
rradius 44.1139 -0 0
rwrist 6.5006 0 0
rhand -24.3449 -22.6875 0.0130923
rfingers 7.12502 -0 0
rthumb 2.1443 -52.6527 0.0126396
14
root 6.3475 16.8258 -27.9529 7.73169 -2.18677 -1.85198
lfemur -18.94 3.15565 -20.7013
ltibia 35.3089 -0 0
lfoot -37.0349 3.05068 -0.223844
ltoes 38.2313 -0 0
rfemur -24.2735 -3.10217 20.1561
rtibia 39.4233 -0 0
rfoot -26.8802 -7.82243 1.15119
rtoes 17.7485 -0 0
lowerback -1.47149 3.08439 -5.13817
upperback -2.03149 4.16163 2.74058
thorax -1.83524 2.22231 5.83611
lowerneck -10.023 -2.15922 1.81885
upperneck -1.29471 -3.04961 -1.03826
head 1.23614 -1.54522 -0.74773
lclavicle -1.00702e-13 -3.88847e-14 -4.04802e-30
lhumerus -41.9867 -11.4687 98.5191
lradius 36.0906 -0 0
lwrist 3.67639 0 0
lhand -9.99602 3.48541 0.0514766
lfingers 7.12502 -0 0
lthumb 15.9784 32.7417 0.0109477
rclavicle -1.00702e-13 -3.88847e-14 -4.04802e-30
rhumerus -43.6205 -6.17825 -83.0824
rradius 44.4261 -0 0
rwrist 6.12781 0 0
rhand -24.3844 -22.7212 0.0144307
rfingers 7.12502 -0 0
rthumb 2.10612 -52.6864 0.0139317
15
root 6.35892 16.8231 -27.9393 7.57818 -2.0924 -1.7782
lfemur -18.8365 3.24156 -20.7154
ltibia 35.3169 -0 0
lfoot -36.8808 2.91806 -0.244272
ltoes 38.1765 -0 0
rfemur -24.8047 -3.4466 20.2916
rtibia 39.8723 -0 0
rfoot -26.5104 -7.55367 1.2569
rtoes 17.3105 -0 0
lowerback -1.32112 3.02485 -5.16066
upperback -1.97248 4.07344 2.70692
thorax -1.84358 2.17839 5.82115
lowerneck -10.0427 -2.14683 1.79907
upperneck -1.28245 -3.03223 -1.00101
head 1.24447 -1.5355 -0.7319
lclavicle -9.98617e-14 -3.84397e-14 -4.41691e-30
lhumerus -41.9846 -11.5667 98.4537
lradius 36.2272 -0 0
lwrist 3.79358 0 0
lhand -9.83224 3.51422 0.0561721
lfingers 7.12502 -0 0
lthumb 16.1352 32.7481 0.0119462
rclavicle -9.98617e-14 -3.84397e-14 -4.41691e-30
rhumerus -43.5949 -6.35281 -82.8894
rradius 44.7382 -0 0
rwrist 5.75501 0 0
rhand -24.424 -22.7549 0.0157459
rfingers 7.12502 -0 0
rthumb 2.06794 -52.7201 0.0152014
16
root 6.37034 16.8205 -27.9257 7.42479 -1.99783 -1.70468
lfemur -18.733 3.32749 -20.7293
ltibia 35.3249 -0 0
lfoot -36.7266 2.78538 -0.264344
ltoes 38.1218 -0 0
rfemur -25.3369 -3.78975 20.4303
rtibia 40.3212 -0 0
rfoot -26.1401 -7.28423 1.36088
rtoes 16.8724 -0 0
lowerback -1.17074 2.96537 -5.18331
upperback -1.91342 3.98528 2.67318
thorax -1.8519 2.13446 5.8062
lowerneck -10.0623 -2.13445 1.77928
upperneck -1.27017 -3.01485 -0.96375
head 1.25281 -1.52578 -0.716068
lclavicle -9.90212e-14 -3.79946e-14 -4.77927e-30
lhumerus -41.9825 -11.6646 98.3882
lradius 36.3638 -0 0
lwrist 3.91077 0 0
lhand -9.66847 3.54305 0.0607852
lfingers 7.12502 -0 0
lthumb 16.2921 32.7545 0.0129271
rclavicle -9.90212e-14 -3.79946e-14 -4.77927e-30
rhumerus -43.57 -6.52745 -82.6965
rradius 45.0503 -0 0
rwrist 5.38222 0 0
rhand -24.4635 -22.7886 0.0170378
rfingers 7.12502 -0 0
rthumb 2.02975 -52.7538 0.0164487
17
root 6.38176 16.8178 -27.9121 7.27154 -1.90307 -1.63142
lfemur -18.6296 3.41344 -20.743
ltibia 35.3329 -0 0
lfoot -36.5725 2.65265 -0.284058
ltoes 38.067 -0 0
rfemur -25.8702 -4.13161 20.5723
rtibia 40.7702 -0 0
rfoot -25.7693 -7.01411 1.46311
rtoes 16.4344 -0 0
lowerback -1.02034 2.90595 -5.20611
upperback -1.85432 3.89716 2.63935
thorax -1.86021 2.09053 5.79126
lowerneck -10.082 -2.12208 1.75948
upperneck -1.25789 -2.99748 -0.926488
head 1.26115 -1.51606 -0.700235
lclavicle -9.81806e-14 -3.75496e-14 -5.13511e-30
lhumerus -41.9802 -11.7626 98.3228
lradius 36.5004 -0 0
lwrist 4.02795 0 0
lhand -9.50469 3.57189 0.0653159
lfingers 7.12502 -0 0
lthumb 16.4489 32.7609 0.0138906
rclavicle -9.81806e-14 -3.75496e-14 -5.13511e-30
rhumerus -43.5456 -6.70218 -82.5035
rradius 45.3625 -0 0
rwrist 5.00942 0 0
rhand -24.503 -22.8223 0.0183065
rfingers 7.12502 -0 0
rthumb 1.99156 -52.7874 0.0176735
18
root 6.39318 16.8151 -27.8986 7.11841 -1.80811 -1.55841
lfemur -18.5261 3.49942 -20.7566
ltibia 35.3409 -0 0
lfoot -36.4182 2.51987 -0.303415
ltoes 38.0122 -0 0
rfemur -26.4046 -4.47213 20.7175
rtibia 41.2191 -0 0
rfoot -25.3981 -6.74332 1.5636
rtoes 15.9963 -0 0
lowerback -0.869928 2.84659 -5.22907
upperback -1.79518 3.80907 2.60543
thorax -1.86852 2.0466 5.77632
lowerneck -10.1016 -2.10972 1.73968
upperneck -1.24559 -2.98011 -0.889223
head 1.26949 -1.50634 -0.684401
lclavicle -9.734e-14 -3.71045e-14 -5.48441e-30
lhumerus -41.9778 -11.8606 98.2573
lradius 36.637 -0 0
lwrist 4.14514 0 0
lhand -9.34091 3.60074 0.0697641
lfingers 7.12502 -0 0
lthumb 16.6057 32.7673 0.0148364
rclavicle -9.734e-14 -3.71045e-14 -5.48441e-30
rhumerus -43.5218 -6.87699 -82.3106
rradius 45.6746 -0 0
rwrist 4.63663 0 0
rhand -24.5426 -22.856 0.0195519
rfingers 7.12502 -0 0
rthumb 1.95338 -52.8211 0.0188758
19
root 6.40461 16.8125 -27.885 6.96541 -1.71295 -1.48567
lfemur -18.4227 3.58542 -20.7701
ltibia 35.3489 -0 0
lfoot -36.264 2.38704 -0.322415
ltoes 37.9574 -0 0
rfemur -26.9401 -4.81128 20.866
rtibia 41.6681 -0 0
rfoot -25.0263 -6.47188 1.66232
rtoes 15.5583 -0 0
lowerback -0.719499 2.78729 -5.25219
upperback -1.73598 3.72101 2.57143
thorax -1.8768 2.00267 5.76139
lowerneck -10.1213 -2.09736 1.71988
upperneck -1.23328 -2.96276 -0.851955
head 1.27784 -1.49663 -0.668565
lclavicle -9.64994e-14 -3.66595e-14 -5.82719e-30
lhumerus -41.9753 -11.9586 98.1917
lradius 36.7736 -0 0
lwrist 4.26233 0 0
lhand -9.17713 3.62961 0.0741299
lfingers 7.12502 -0 0
lthumb 16.7626 32.7737 0.0157648
rclavicle -9.64994e-14 -3.66595e-14 -5.82719e-30
rhumerus -43.4986 -7.05188 -82.1177
rradius 45.9867 -0 0
rwrist 4.26383 0 0
rhand -24.5821 -22.8897 0.0207741
rfingers 7.12502 -0 0
rthumb 1.91519 -52.8548 0.0200557
20
root 6.41603 16.8098 -27.8714 6.81254 -1.6176 -1.41318
lfemur -18.3192 3.67145 -20.7833
ltibia 35.3569 -0 0
lfoot -36.1097 2.25415 -0.341056
ltoes 37.9026 -0 0
rfemur -27.4767 -5.14903 21.0177
rtibia 42.117 -0 0
rfoot -24.654 -6.19978 1.75929
rtoes 15.1202 -0 0
lowerback -0.569053 2.72806 -5.27545
upperback -1.67674 3.633 2.53734
thorax -1.88508 1.95873 5.74646
lowerneck -10.141 -2.08501 1.70007
upperneck -1.22096 -2.94541 -0.814684
head 1.28619 -1.48692 -0.652727
lclavicle -9.56589e-14 -3.62145e-14 -6.16343e-30
lhumerus -41.9727 -12.0566 98.1262
lradius 36.9102 -0 0
lwrist 4.37951 0 0
lhand -9.01335 3.65849 0.0784131
lfingers 7.12502 -0 0
lthumb 16.9194 32.7802 0.0166755
rclavicle -9.56589e-14 -3.62145e-14 -6.16343e-30
rhumerus -43.476 -7.22684 -81.9247
rradius 46.2989 -0 0
rwrist 3.89104 0 0
rhand -24.6216 -22.9234 0.0219729
rfingers 7.12502 -0 0
rthumb 1.877 -52.8885 0.0212131
21
root 6.42745 16.8071 -27.8578 6.6598 -1.52206 -1.34095
lfemur -18.2158 3.75751 -20.7965
ltibia 35.3649 -0 0
lfoot -35.9553 2.12122 -0.35934
ltoes 37.8479 -0 0
rfemur -28.0146 -5.48535 21.1727
rtibia 42.566 -0 0
rfoot -24.2813 -5.92704 1.85448
rtoes 14.6822 -0 0
lowerback -0.418591 2.66888 -5.29888
upperback -1.61746 3.54501 2.50315
thorax -1.89335 1.9148 5.73155
lowerneck -10.1606 -2.07266 1.68026
upperneck -1.20863 -2.92807 -0.777409
head 1.29454 -1.47721 -0.636889
lclavicle -9.48183e-14 -3.57694e-14 -6.49315e-30
lhumerus -41.97 -12.1546 98.0606
lradius 37.0468 -0 0
lwrist 4.4967 0 0
lhand -8.84956 3.68737 0.0826137
lfingers 7.12502 -0 0
lthumb 17.0763 32.7866 0.0175687
rclavicle -9.48183e-14 -3.57694e-14 -6.49315e-30
rhumerus -43.4539 -7.40188 -81.7318
rradius 46.611 -0 0
rwrist 3.51825 0 0
rhand -24.6612 -22.9571 0.0231486
rfingers 7.12502 -0 0
rthumb 1.83881 -52.9222 0.0223481
22
root 6.43887 16.8045 -27.8443 6.50719 -1.42633 -1.26898
lfemur -18.1124 3.84358 -20.8095
ltibia 35.3729 -0 0
lfoot -35.8009 1.98824 -0.377266
ltoes 37.7931 -0 0
rfemur -28.5536 -5.82021 21.331
rtibia 43.015 -0 0
rfoot -23.9081 -5.65368 1.94789
rtoes 14.2441 -0 0
lowerback -0.268112 2.60976 -5.32245
upperback -1.55813 3.45706 2.46889
thorax -1.9016 1.87086 5.71664
lowerneck -10.1803 -2.06032 1.66044
upperneck -1.19629 -2.91074 -0.740132
head 1.30289 -1.4675 -0.621049
lclavicle -9.39777e-14 -3.53244e-14 -6.81634e-30
lhumerus -41.9671 -12.2525 97.995
lradius 37.1834 -0 0
lwrist 4.61389 0 0
lhand -8.68578 3.71628 0.0867318
lfingers 7.12502 -0 0
lthumb 17.2331 32.793 0.0184443
rclavicle -9.39777e-14 -3.53244e-14 -6.81634e-30
rhumerus -43.4325 -7.57699 -81.5388
rradius 46.9231 -0 0
rwrist 3.14545 0 0
rhand -24.7007 -22.9908 0.0243009
rfingers 7.12502 -0 0
rthumb 1.80062 -52.9559 0.0234606
23
root 6.45029 16.8018 -27.8307 6.3547 -1.3304 -1.19727
lfemur -18.009 3.92968 -20.8223
ltibia 35.3809 -0 0
lfoot -35.6465 1.8552 -0.394833
ltoes 37.7383 -0 0
rfemur -29.094 -6.15357 21.4925
rtibia 43.4639 -0 0
rfoot -23.5344 -5.3797 2.03952
rtoes 13.8061 -0 0
lowerback -0.117615 2.55071 -5.34618
upperback -1.49874 3.36915 2.43453
thorax -1.90984 1.82692 5.70173
lowerneck -10.2 -2.04799 1.64062
upperneck -1.18393 -2.89342 -0.702851
head 1.31125 -1.4578 -0.605207
lclavicle -9.31372e-14 -3.48793e-14 -7.133e-30
lhumerus -41.9642 -12.3505 97.9294
lradius 37.32 -0 0
lwrist 4.73108 0 0
lhand -8.52199 3.74519 0.0907672
lfingers 7.12502 -0 0
lthumb 17.3899 32.7994 0.0193023
rclavicle -9.31372e-14 -3.48793e-14 -7.133e-30
rhumerus -43.4116 -7.75217 -81.3459
rradius 47.2353 -0 0
rwrist 2.77266 0 0
rhand -24.7403 -23.0246 0.02543
rfingers 7.12502 -0 0
rthumb 1.76243 -52.9896 0.0245506
24
root 6.46171 16.7991 -27.8171 6.20234 -1.23429 -1.12581
lfemur -17.9056 4.0158 -20.835
ltibia 35.3889 -0 0
lfoot -35.492 1.72213 -0.412041
ltoes 37.6835 -0 0
rfemur -29.6356 -6.4854 21.6572
rtibia 43.9129 -0 0
rfoot -23.1603 -5.10511 2.12937
rtoes 13.368 -0 0
lowerback 0.0328994 2.49172 -5.37007
upperback -1.43932 3.28128 2.40008
thorax -1.91807 1.78297 5.68684
lowerneck -10.2196 -2.03567 1.6208
upperneck -1.17157 -2.8761 -0.665567
head 1.3196 -1.44809 -0.589364
lclavicle -9.22966e-14 -3.44343e-14 -7.44313e-30
lhumerus -41.9611 -12.4485 97.8637
lradius 37.4566 -0 0
lwrist 4.84826 0 0
lhand -8.35819 3.77411 0.0947199
lfingers 7.12502 -0 0
lthumb 17.5468 32.8058 0.0201427
rclavicle -9.22966e-14 -3.44343e-14 -7.44313e-30
rhumerus -43.3914 -7.92742 -81.1529
rradius 47.5474 -0 0
rwrist 2.39986 0 0
rhand -24.7798 -23.0583 0.0265358
rfingers 7.12502 -0 0
rthumb 1.72424 -53.0233 0.0256182
25
root 6.47313 16.7964 -27.8035 6.0501 -1.13798 -1.05462
lfemur -17.8022 4.10195 -20.8475
ltibia 35.3969 -0 0
lfoot -35.3375 1.589 -0.42889
ltoes 37.6287 -0 0
rfemur -30.1785 -6.81566 21.8252
rtibia 44.3618 -0 0
rfoot -22.7857 -4.82992 2.21742
rtoes 12.93 -0 0
lowerback 0.183432 2.43279 -5.39411
upperback -1.37984 3.19343 2.36555
thorax -1.92629 1.73903 5.67195
lowerneck -10.2393 -2.02335 1.60097
upperneck -1.15919 -2.8588 -0.62828
head 1.32797 -1.43839 -0.57352
lclavicle -9.1456e-14 -3.39893e-14 -7.74673e-30
lhumerus -41.9579 -12.5465 97.798
lradius 37.5932 -0 0
lwrist 4.96545 0 0
lhand -8.1944 3.80305 0.09859
lfingers 7.12502 -0 0
lthumb 17.7036 32.8123 0.0209656
rclavicle -9.1456e-14 -3.39893e-14 -7.74673e-30
rhumerus -43.3717 -8.10274 -80.9599
rradius 47.8595 -0 0
rwrist 2.02707 0 0
rhand -24.8194 -23.092 0.0276184
rfingers 7.12502 -0 0
rthumb 1.68605 -53.057 0.0266633
26
root 6.48455 16.7938 -27.79 5.89799 -1.04149 -0.983678
lfemur -17.6989 4.18811 -20.8598
ltibia 35.4049 -0 0
lfoot -35.1829 1.45583 -0.445381
ltoes 37.574 -0 0
rfemur -30.7228 -7.14432 21.9965
rtibia 44.8108 -0 0
rfoot -22.4107 -4.55414 2.30367
rtoes 12.4919 -0 0
lowerback 0.333982 2.37392 -5.4183
upperback -1.32032 3.10563 2.33093
thorax -1.9345 1.69508 5.65707
lowerneck -10.259 -2.01104 1.58114
upperneck -1.1468 -2.8415 -0.590989
head 1.33633 -1.42869 -0.557674
lclavicle -9.06155e-14 -3.35442e-14 -8.0438e-30
lhumerus -41.9546 -12.6444 97.7323
lradius 37.7298 -0 0
lwrist 5.08264 0 0
lhand -8.03061 3.832 0.102377
lfingers 7.12502 -0 0
lthumb 17.8604 32.8187 0.0217708
rclavicle -9.06155e-14 -3.35442e-14 -8.0438e-30
rhumerus -43.3526 -8.27812 -80.7669
rradius 48.1717 -0 0
rwrist 1.65427 0 0
rhand -24.8589 -23.1257 0.0286777
rfingers 7.12502 -0 0
rthumb 1.64786 -53.0907 0.0276859
27
root 6.49597 16.7911 -27.7764 5.746 -0.944806 -0.912998
lfemur -17.5955 4.2743 -20.8721
ltibia 35.4129 -0 0
lfoot -35.0283 1.32262 -0.461512
ltoes 37.5192 -0 0
rfemur -31.2685 -7.47135 22.1711
rtibia 45.2597 -0 0
rfoot -22.0353 -4.27779 2.38811
rtoes 12.0539 -0 0
lowerback 0.484551 2.31512 -5.44265
upperback -1.26075 3.01786 2.29622
thorax -1.9427 1.65113 5.64219
lowerneck -10.2787 -1.99874 1.5613
upperneck -1.13441 -2.82421 -0.553696
head 1.3447 -1.419 -0.541827
lclavicle -8.97749e-14 -3.30992e-14 -8.33435e-30
lhumerus -41.9511 -12.7424 97.6665
lradius 37.8663 -0 0
lwrist 5.19982 0 0
lhand -7.86681 3.86095 0.106082
lfingers 7.12502 -0 0
lthumb 18.0173 32.8251 0.0225584
rclavicle -8.97749e-14 -3.30992e-14 -8.33435e-30
rhumerus -43.334 -8.45356 -80.5738
rradius 48.4838 -0 0
rwrist 1.28148 0 0
rhand -24.8984 -23.1594 0.0297137
rfingers 7.12502 -0 0
rthumb 1.60967 -53.1244 0.0286861
28
root 6.5074 16.7884 -27.7628 5.59414 -0.847937 -0.842577
lfemur -17.4921 4.36051 -20.8841
ltibia 35.4209 -0 0
lfoot -34.8737 1.18936 -0.477283
ltoes 37.4644 -0 0
rfemur -31.8156 -7.79672 22.3489
rtibia 45.7087 -0 0
rfoot -21.6594 -4.00087 2.47074
rtoes 11.6158 -0 0
lowerback 0.635139 2.25639 -5.46715
upperback -1.20113 2.93013 2.26142
thorax -1.95088 1.60718 5.62732
lowerneck -10.2984 -1.98644 1.54146
upperneck -1.122 -2.80693 -0.516399
head 1.35306 -1.4093 -0.525979
lclavicle -8.89343e-14 -3.26541e-14 -8.61836e-30
lhumerus -41.9476 -12.8403 97.6007
lradius 38.0029 -0 0
lwrist 5.31701 0 0
lhand -7.70301 3.88992 0.109704
lfingers 7.12502 -0 0
lthumb 18.1741 32.8316 0.0233284
rclavicle -8.89343e-14 -3.26541e-14 -8.61836e-30
rhumerus -43.3161 -8.62907 -80.3807
rradius 48.7959 -0 0
rwrist 0.908684 0 0
rhand -24.938 -23.1931 0.0307265
rfingers 7.12502 -0 0
rthumb 1.57148 -53.1581 0.0296639
29
root 6.51882 16.7858 -27.7492 5.4424 -0.750882 -0.772415
lfemur -17.3888 4.44674 -20.896
ltibia 35.4289 -0 0
lfoot -34.719 1.05606 -0.492695
ltoes 37.4096 -0 0
rfemur -32.3641 -8.12038 22.53
rtibia 46.1576 -0 0
rfoot -21.2831 -3.72341 2.55155
rtoes 11.1778 -0 0
lowerback 0.785746 2.19771 -5.4918
upperback -1.14146 2.84243 2.22653
thorax -1.95905 1.56322 5.61246
lowerneck -10.3181 -1.97415 1.52162
upperneck -1.10958 -2.78965 -0.479099
head 1.36144 -1.39961 -0.510129
lclavicle -8.80937e-14 -3.22091e-14 -8.89585e-30
lhumerus -41.9439 -12.9383 97.5349
lradius 38.1395 -0 0
lwrist 5.4342 0 0
lhand -7.53921 3.9189 0.113242
lfingers 7.12502 -0 0
lthumb 18.331 32.838 0.0240808
rclavicle -8.80937e-14 -3.22091e-14 -8.89585e-30
rhumerus -43.2988 -8.80463 -80.1876
rradius 49.1081 -0 0
rwrist 0.53589 0 0
rhand -24.9775 -23.2268 0.0317159
rfingers 7.12502 -0 0
rthumb 1.53328 -53.1918 0.0306191
30
root 6.53024 16.7831 -27.7357 5.29078 -0.653642 -0.702511
lfemur -17.2854 4.533 -20.9077
ltibia 35.4369 -0 0
lfoot -34.5643 0.922717 -0.507747
ltoes 37.3548 -0 0
rfemur -32.9142 -8.44232 22.7144
rtibia 46.6066 -0 0
rfoot -20.9064 -3.44539 2.63054
rtoes 10.7397 -0 0
lowerback 0.936372 2.13911 -5.51661
upperback -1.08174 2.75477 2.19156
thorax -1.96721 1.51927 5.5976
lowerneck -10.3378 -1.96187 1.50177
upperneck -1.09715 -2.77238 -0.441796
head 1.36981 -1.38992 -0.494278
lclavicle -8.72532e-14 -3.17641e-14 -9.1668e-30
lhumerus -41.9402 -13.0362 97.4691
lradius 38.2761 -0 0
lwrist 5.55139 0 0
lhand -7.3754 3.94789 0.116698
lfingers 7.12502 -0 0
lthumb 18.4878 32.8445 0.0248156
rclavicle -8.72532e-14 -3.17641e-14 -9.1668e-30
rhumerus -43.282 -8.98025 -79.9944
rradius 49.4202 -0 0
rwrist 0.163096 0 0
rhand -25.0171 -23.2606 0.0326821
rfingers 7.12502 -0 0
rthumb 1.49509 -53.2255 0.0315519
31
root 6.54166 16.7804 -27.7221 5.13928 -0.556217 -0.632866
lfemur -17.1821 4.61927 -20.9193
ltibia 35.4449 -0 0
lfoot -34.4096 0.789335 -0.522439
ltoes 37.3001 -0 0
rfemur -33.4657 -8.76248 22.902
rtibia 47.0555 -0 0
rfoot -20.5293 -3.16685 2.7077
rtoes 10.3017 -0 0
lowerback 1.08702 2.08056 -5.54157
upperback -1.02197 2.66714 2.15649
thorax -1.97536 1.47531 5.58275
lowerneck -10.3575 -1.94959 1.48192
upperneck -1.0847 -2.75513 -0.40449
head 1.37819 -1.38024 -0.478425
lclavicle -8.64126e-14 -3.1319e-14 -9.43123e-30
lhumerus -41.9363 -13.1342 97.4032
lradius 38.4127 -0 0
lwrist 5.66857 0 0
lhand -7.2116 3.97689 0.120072
lfingers 7.12502 -0 0
lthumb 18.6446 32.8509 0.0255327
rclavicle -8.64126e-14 -3.1319e-14 -9.43123e-30
rhumerus -43.2659 -9.15592 -79.8012
rradius 49.7323 -0 0
rwrist -0.209699 0 0
rhand -25.0566 -23.2943 0.0336251
rfingers 7.12502 -0 0
rthumb 1.45689 -53.2592 0.0324622
32
root 6.55308 16.7778 -27.7085 4.98791 -0.458609 -0.563481
lfemur -17.0787 4.70557 -20.9308
ltibia 35.4529 -0 0
lfoot -34.2548 0.655913 -0.53677
ltoes 37.2453 -0 0
rfemur -34.0188 -9.08084 23.0929
rtibia 47.5045 -0 0
rfoot -20.1518 -2.88778 2.78302
rtoes 9.86364 -0 0
lowerback 1.23768 2.02209 -5.56668
upperback -0.962155 2.57956 2.12134
thorax -1.9835 1.43135 5.5679
lowerneck -10.3772 -1.93732 1.46206
upperneck -1.07225 -2.73788 -0.36718
head 1.38657 -1.37055 -0.462571
lclavicle -8.5572e-14 -3.0874e-14 -9.68913e-30
lhumerus -41.9322 -13.2321 97.3373
lradius 38.5493 -0 0
lwrist 5.78576 0 0
lhand -7.04779 4.00589 0.123362
lfingers 7.12502 -0 0
lthumb 18.8015 32.8573 0.0262322
rclavicle -8.5572e-14 -3.0874e-14 -9.68913e-30
rhumerus -43.2503 -9.33165 -79.608
rradius 50.0445 -0 0
rwrist -0.582493 0 0
rhand -25.0962 -23.328 0.0345448
rfingers 7.12502 -0 0
rthumb 1.4187 -53.2929 0.0333501
33
root 6.5645 16.7751 -27.6949 4.83665 -0.360818 -0.494354
lfemur -16.9754 4.79188 -20.9421
ltibia 35.4609 -0 0
lfoot -34.1 0.522453 -0.550741
ltoes 37.1905 -0 0
rfemur -34.5734 -9.39736 23.2871
rtibia 47.9534 -0 0
rfoot -19.7739 -2.60821 2.85651
rtoes 9.42559 -0 0
lowerback 1.38837 1.96368 -5.59194
upperback -0.902288 2.49201 2.0861
thorax -1.99163 1.38739 5.55307
lowerneck -10.3969 -1.92506 1.4422
upperneck -1.05979 -2.72063 -0.329867
head 1.39495 -1.36087 -0.446716
lclavicle -8.47315e-14 -3.04289e-14 -9.9405e-30
lhumerus -41.9281 -13.33 97.2713
lradius 38.6859 -0 0
lwrist 5.90295 0 0
lhand -6.88398 4.03491 0.126569
lfingers 7.12502 -0 0
lthumb 18.9583 32.8638 0.0269141
rclavicle -8.47315e-14 -3.04289e-14 -9.9405e-30
rhumerus -43.2354 -9.50743 -79.4147
rradius 50.3566 -0 0
rwrist -0.955288 0 0
rhand -25.1357 -23.3617 0.0354412
rfingers 7.12502 -0 0
rthumb 1.3805 -53.3266 0.0342155
34
root 6.57592 16.7724 -27.6814 4.68551 -0.262844 -0.425486
lfemur -16.8721 4.87822 -20.9532
ltibia 35.4689 -0 0
lfoot -33.9452 0.388955 -0.564352
ltoes 37.1357 -0 0
rfemur -35.1297 -9.71201 23.4846
rtibia 48.4024 -0 0
rfoot -19.3956 -2.32814 2.92815
rtoes 8.98754 -0 0
lowerback 1.53908 1.90533 -5.61736
upperback -0.842372 2.40449 2.05076
thorax -1.99974 1.34342 5.53824
lowerneck -10.4167 -1.9128 1.42234
upperneck -1.04731 -2.7034 -0.292551
head 1.40334 -1.35119 -0.430859
lclavicle -8.38909e-14 -2.99839e-14 -1.01853e-29
lhumerus -41.9239 -13.428 97.2053
lradius 38.8225 -0 0
lwrist 6.02013 0 0
lhand -6.72017 4.06394 0.129693
lfingers 7.12502 -0 0
lthumb 19.1152 32.8702 0.0275783
rclavicle -8.38909e-14 -2.99839e-14 -1.01853e-29
rhumerus -43.221 -9.68326 -79.2213
rradius 50.6688 -0 0
rwrist -1.32808 0 0
rhand -25.1753 -23.3954 0.0363143
rfingers 7.12502 -0 0
rthumb 1.34231 -53.3603 0.0350584
35
root 6.58734 16.7697 -27.6678 4.53449 -0.16469 -0.356877
lfemur -16.7688 4.96457 -20.9642
ltibia 35.4769 -0 0
lfoot -33.7903 0.255421 -0.577601
ltoes 37.0809 -0 0
rfemur -35.6876 -10.0247 23.6853
rtibia 48.8513 -0 0
rfoot -19.017 -2.04758 2.99795
rtoes 8.5495 -0 0
lowerback 1.68981 1.84706 -5.64293
upperback -0.782405 2.31701 2.01534
thorax -2.00784 1.29945 5.52341
lowerneck -10.4364 -1.90055 1.40247
upperneck -1.03482 -2.68617 -0.255232
head 1.41172 -1.34151 -0.415001
lclavicle -8.30503e-14 -2.95389e-14 -1.04236e-29
lhumerus -41.9195 -13.5259 97.1393
lradius 38.9591 -0 0
lwrist 6.13732 0 0
lhand -6.55636 4.09297 0.132735
lfingers 7.12502 -0 0
lthumb 19.272 32.8767 0.0282248
rclavicle -8.30503e-14 -2.95389e-14 -1.04236e-29
rhumerus -43.2072 -9.85913 -79.0279
rradius 50.9809 -0 0
rwrist -1.70088 0 0
rhand -25.2148 -23.4291 0.0371641
rfingers 7.12502 -0 0
rthumb 1.30411 -53.3941 0.0358788
36
root 6.59876 16.7671 -27.6542 4.38359 -0.0663545 -0.288528
lfemur -16.6654 5.05095 -20.975
ltibia 35.4849 -0 0
lfoot -33.6354 0.121851 -0.59049
ltoes 37.0262 -0 0
rfemur -36.2471 -10.3355 23.8894
rtibia 49.3003 -0 0
rfoot -18.638 -1.76655 3.06589
rtoes 8.11145 -0 0
lowerback 1.84055 1.78885 -5.66866
upperback -0.722388 2.22957 1.97983
thorax -2.01594 1.25549 5.50859
lowerneck -10.4561 -1.88831 1.3826
upperneck -1.02233 -2.66896 -0.21791
head 1.42012 -1.33184 -0.399141
lclavicle -8.22097e-14 -2.90938e-14 -1.06554e-29
lhumerus -41.915 -13.6238 97.0733
lradius 39.0957 -0 0
lwrist 6.25451 0 0
lhand -6.39255 4.12201 0.135693
lfingers 7.12502 -0 0
lthumb 19.4289 32.8831 0.0288537
rclavicle -8.22097e-14 -2.90938e-14 -1.06554e-29
rhumerus -43.194 -10.035 -78.8345
rradius 51.293 -0 0
rwrist -2.07367 0 0
rhand -25.2544 -23.4629 0.0379907
rfingers 7.12502 -0 0
rthumb 1.26591 -53.4278 0.0366768
37
root 6.61018 16.7644 -27.6406 4.23281 0.0321602 -0.220438
lfemur -16.5621 5.13734 -20.9856
ltibia 35.4929 -0 0
lfoot -33.4805 -0.0117531 -0.603017
ltoes 36.9714 -0 0
rfemur -36.8084 -10.6444 24.0967
rtibia 49.7492 -0 0
rfoot -18.2587 -1.48506 3.13197
rtoes 7.6734 -0 0
lowerback 1.99132 1.73071 -5.69453
upperback -0.66232 2.14217 1.94423
thorax -2.02402 1.21151 5.49378
lowerneck -10.4758 -1.87608 1.36272
upperneck -1.00982 -2.65175 -0.180584
head 1.42851 -1.32217 -0.38328
lclavicle -8.13692e-14 -2.86488e-14 -1.08807e-29
lhumerus -41.9104 -13.7217 97.0072
lradius 39.2323 -0 0
lwrist 6.3717 0 0
lhand -6.22873 4.15107 0.138568
lfingers 7.12502 -0 0
lthumb 19.5857 32.8896 0.0294649
rclavicle -8.13692e-14 -2.86488e-14 -1.08807e-29
rhumerus -43.1815 -10.211 -78.6409
rradius 51.6052 -0 0
rwrist -2.44647 0 0
rhand -25.2939 -23.4966 0.038794
rfingers 7.12502 -0 0
rthumb 1.22772 -53.4615 0.0374523
38
root 6.62161 16.7617 -27.6271 4.08214 0.130854 -0.152607
lfemur -16.4588 5.22376 -20.9961
ltibia 35.5009 -0 0
lfoot -33.3255 -0.145391 -0.615183
ltoes 36.9166 -0 0
rfemur -37.3713 -10.9512 24.3073
rtibia 50.1982 -0 0
rfoot -17.879 -1.20312 3.19618
rtoes 7.23535 -0 0
lowerback 2.14212 1.67263 -5.72056
upperback -0.602202 2.05481 1.90854
thorax -2.03208 1.16754 5.47898
lowerneck -10.4956 -1.86385 1.34284
upperneck -0.997297 -2.63454 -0.143255
head 1.4369 -1.31249 -0.367418
lclavicle -8.05286e-14 -2.82037e-14 -1.10994e-29
lhumerus -41.9057 -13.8196 96.941
lradius 39.3689 -0 0
lwrist 6.48888 0 0
lhand -6.06492 4.18013 0.14136
lfingers 7.12502 -0 0
lthumb 19.7425 32.896 0.0300585
rclavicle -8.05286e-14 -2.82037e-14 -1.10994e-29
rhumerus -43.1695 -10.387 -78.4473
rradius 51.9173 -0 0
rwrist -2.81926 0 0
rhand -25.3335 -23.5303 0.039574
rfingers 7.12502 -0 0
rthumb 1.18952 -53.4952 0.0382054
39
root 6.63303 16.7591 -27.6135 3.93159 0.229725 -0.0850352
lfemur -16.3555 5.31019 -21.0065
ltibia 35.5089 -0 0
lfoot -33.1705 -0.279062 -0.626987
ltoes 36.8618 -0 0
rfemur -37.936 -11.2559 24.5212
rtibia 50.6472 -0 0
rfoot -17.4989 -0.920745 3.25853
rtoes 6.7973 -0 0
lowerback 2.29293 1.61463 -5.74674
upperback -0.542031 1.96748 1.87276
thorax -2.04014 1.12357 5.46418
lowerneck -10.5153 -1.85163 1.32295
upperneck -0.984766 -2.61735 -0.105923
head 1.4453 -1.30283 -0.351554
lclavicle -7.9688e-14 -2.77587e-14 -1.13116e-29
lhumerus -41.9008 -13.9175 96.8749
lradius 39.5055 -0 0
lwrist 6.60607 0 0
lhand -5.9011 4.20919 0.14407
lfingers 7.12502 -0 0
lthumb 19.8994 32.9025 0.0306344
rclavicle -7.9688e-14 -2.77587e-14 -1.13116e-29
rhumerus -43.1581 -10.5631 -78.2536
rradius 52.2294 -0 0
rwrist -3.19205 0 0
rhand -25.373 -23.564 0.0403308
rfingers 7.12502 -0 0
rthumb 1.15132 -53.5289 0.0389359
40
root 6.64445 16.7564 -27.5999 3.78116 0.328774 -0.0177232
lfemur -16.2521 5.39664 -21.0167
ltibia 35.5169 -0 0
lfoot -33.0155 -0.412765 -0.63843
ltoes 36.8071 -0 0
rfemur -38.5024 -11.5586 24.7384
rtibia 51.0961 -0 0
rfoot -17.1186 -0.637941 3.31901
rtoes 6.35925 -0 0
lowerback 2.44377 1.55669 -5.77307
upperback -0.48181 1.88019 1.83689
thorax -2.04819 1.07959 5.44939
lowerneck -10.5351 -1.83941 1.30306
upperneck -0.972224 -2.60017 -0.0685875
head 1.4537 -1.29316 -0.335689
lclavicle -7.88475e-14 -2.73136e-14 -1.15173e-29
lhumerus -41.8959 -14.0154 96.8087
lradius 39.6421 -0 0
lwrist 6.72326 0 0
lhand -5.73728 4.23827 0.146695
lfingers 7.12502 -0 0
lthumb 20.0562 32.909 0.0311926
rclavicle -7.88475e-14 -2.73136e-14 -1.15173e-29
rhumerus -43.1473 -10.7391 -78.0599
rradius 52.5416 -0 0
rwrist -3.56485 0 0
rhand -25.4126 -23.5978 0.0410642
rfingers 7.12502 -0 0
rthumb 1.11312 -53.5626 0.039644
41
root 6.65587 16.7537 -27.5863 3.63084 0.427998 0.0493293
lfemur -16.1488 5.48311 -21.0267
ltibia 35.5249 -0 0
lfoot -32.8605 -0.546498 -0.649511
ltoes 36.7523 -0 0
rfemur -39.0706 -11.8591 24.9588
rtibia 51.5451 -0 0
rfoot -16.7379 -0.354724 3.37761
rtoes 5.92121 -0 0
lowerback 2.59463 1.49883 -5.79956
upperback -0.421537 1.79294 1.80093
thorax -2.05622 1.03561 5.4346
lowerneck -10.5548 -1.8272 1.28317
upperneck -0.959672 -2.58299 -0.0312488
head 1.46211 -1.2835 -0.319822
lclavicle -7.80069e-14 -2.68686e-14 -1.17164e-29
lhumerus -41.8908 -14.1133 96.7424
lradius 39.7787 -0 0
lwrist 6.84045 0 0
lhand -5.57346 4.26735 0.149238
lfingers 7.12502 -0 0
lthumb 20.2131 32.9154 0.0317332
rclavicle -7.80069e-14 -2.68686e-14 -1.17164e-29
rhumerus -43.1371 -10.9152 -77.8661
rradius 52.8537 -0 0
rwrist -3.93764 0 0
rhand -25.4521 -23.6315 0.0417744
rfingers 7.12502 -0 0
rthumb 1.07492 -53.5963 0.0403296
42
root 6.66729 16.7511 -27.5728 3.48063 0.527399 0.116122
lfemur -16.0455 5.5696 -21.0366
ltibia 35.5329 -0 0
lfoot -32.7054 -0.680262 -0.66023
ltoes 36.6975 -0 0
rfemur -39.6406 -12.1575 25.1826
rtibia 51.994 -0 0
rfoot -16.3569 -0.0711064 3.43433
rtoes 5.48316 -0 0
lowerback 2.74551 1.44103 -5.82619
upperback -0.361211 1.70572 1.76488
thorax -2.06425 0.991629 5.41982
lowerneck -10.5746 -1.815 1.26327
upperneck -0.947108 -2.56582 0.0060931
head 1.47052 -1.27383 -0.303954
lclavicle -7.71663e-14 -2.64236e-14 -1.1909e-29
lhumerus -41.8856 -14.2112 96.6762
lradius 39.9152 -0 0
lwrist 6.95763 0 0
lhand -5.40964 4.29644 0.151698
lfingers 7.12502 -0 0
lthumb 20.3699 32.9219 0.032256
rclavicle -7.71663e-14 -2.64236e-14 -1.1909e-29
rhumerus -43.1275 -11.0914 -77.6721
rradius 53.1658 -0 0
rwrist -4.31044 0 0
rhand -25.4917 -23.6652 0.0424613
rfingers 7.12502 -0 0
rthumb 1.03672 -53.63 0.0409928
43
root 6.67871 16.7484 -27.5592 3.33054 0.626974 0.182655
lfemur -15.9422 5.6561 -21.0463
ltibia 35.5409 -0 0
lfoot -32.5503 -0.814054 -0.670587
ltoes 36.6427 -0 0
rfemur -40.2125 -12.4537 25.4096
rtibia 52.443 -0 0
rfoot -15.9756 0.2129 3.48917
rtoes 5.04511 -0 0
lowerback 2.89641 1.38331 -5.85298
upperback -0.300834 1.61855 1.72874
thorax -2.07226 0.947645 5.40505
lowerneck -10.5943 -1.80281 1.24337
upperneck -0.934533 -2.54866 0.0434383
head 1.47892 -1.26418 -0.288085
lclavicle -7.63258e-14 -2.59785e-14 -1.20951e-29
lhumerus -41.8803 -14.3091 96.6098
lradius 40.0518 -0 0
lwrist 7.07482 0 0
lhand -5.24582 4.32554 0.154074
lfingers 7.12502 -0 0
lthumb 20.5267 32.9283 0.0327612
rclavicle -7.63258e-14 -2.59785e-14 -1.20951e-29
rhumerus -43.1185 -11.2676 -77.4781
rradius 53.478 -0 0
rwrist -4.68323 0 0
rhand -25.5312 -23.6989 0.0431249
rfingers 7.12502 -0 0
rthumb 0.99852 -53.6637 0.0416335
44
root 6.69013 16.7457 -27.5456 3.18056 0.726723 0.248929
lfemur -15.8389 5.74262 -21.0559
ltibia 35.5489 -0 0
lfoot -32.3952 -0.947874 -0.680582
ltoes 36.5879 -0 0
rfemur -40.7862 -12.7477 25.6399
rtibia 52.8919 -0 0
rfoot -15.5941 0.497281 3.54212
rtoes 4.60706 -0 0
lowerback 3.04734 1.32565 -5.87992
upperback -0.240404 1.53141 1.69251
thorax -2.08026 0.90366 5.39028
lowerneck -10.6141 -1.79062 1.22347
upperneck -0.921947 -2.53151 0.0807868
head 1.48734 -1.25452 -0.272214
lclavicle -7.54852e-14 -2.55335e-14 -1.22746e-29
lhumerus -41.8749 -14.407 96.5435
lradius 40.1884 -0 0
lwrist 7.19201 0 0
lhand -5.08199 4.35464 0.156368
lfingers 7.12502 -0 0
lthumb 20.6836 32.9348 0.0332487
rclavicle -7.54852e-14 -2.55335e-14 -1.22746e-29
rhumerus -43.1101 -11.4438 -77.284
rradius 53.7901 -0 0
rwrist -5.05603 0 0
rhand -25.5708 -23.7326 0.0437653
rfingers 7.12502 -0 0
rthumb 0.96032 -53.6974 0.0422516
45
root 6.70155 16.7431 -27.532 3.0307 0.826645 0.314943
lfemur -15.7356 5.82916 -21.0653
ltibia 35.5569 -0 0
lfoot -32.2401 -1.08172 -0.690215
ltoes 36.5332 -0 0
rfemur -41.3618 -13.0393 25.8735
rtibia 53.3409 -0 0
rfoot -15.2122 0.782026 3.59317
rtoes 4.16901 -0 0
lowerback 3.19829 1.26807 -5.90701
upperback -0.179921 1.44431 1.65619
thorax -2.08824 0.859673 5.37552
lowerneck -10.6338 -1.77844 1.20356
upperneck -0.90935 -2.51436 0.118139
head 1.49575 -1.24486 -0.256342
lclavicle -7.46446e-14 -2.50884e-14 -1.24477e-29
lhumerus -41.8693 -14.5048 96.4771
lradius 40.325 -0 0
lwrist 7.30919 0 0
lhand -4.91817 4.38375 0.158578
lfingers 7.12502 -0 0
lthumb 20.8404 32.9413 0.0337185
rclavicle -7.46446e-14 -2.50884e-14 -1.24477e-29
rhumerus -43.1024 -11.62 -77.0898
rradius 54.1022 -0 0
rwrist -5.42882 0 0
rhand -25.6103 -23.7664 0.0443823
rfingers 7.12502 -0 0
rthumb 0.922119 -53.7311 0.0428474
46
root 6.71297 16.7404 -27.5185 2.88094 0.926739 0.380697
lfemur -15.6322 5.91572 -21.0746
ltibia 35.5649 -0 0
lfoot -32.0849 -1.21559 -0.699485
ltoes 36.4784 -0 0
rfemur -41.9393 -13.3287 26.1103
rtibia 53.7898 -0 0
rfoot -14.8301 1.06712 3.64233
rtoes 3.73096 -0 0
lowerback 3.34927 1.21055 -5.93425
upperback -0.119386 1.35724 1.61977
thorax -2.09622 0.815683 5.36077
lowerneck -10.6536 -1.76627 1.18364
upperneck -0.896742 -2.49722 0.155494
head 1.50417 -1.23521 -0.240469
lclavicle -7.3804e-14 -2.46434e-14 -1.26141e-29
lhumerus -41.8636 -14.6027 96.4107
lradius 40.4616 -0 0
lwrist 7.42638 0 0
lhand -4.75434 4.41287 0.160705
lfingers 7.12502 -0 0
lthumb 20.9973 32.9477 0.0341706
rclavicle -7.3804e-14 -2.46434e-14 -1.26141e-29
rhumerus -43.0952 -11.7963 -76.8956
rradius 54.4144 -0 0
rwrist -5.80161 0 0
rhand -25.6499 -23.8001 0.0449761
rfingers 7.12502 -0 0
rthumb 0.883918 -53.7648 0.0434206
47
root 6.72439 16.7377 -27.5049 2.73129 1.027 0.446191
lfemur -15.5289 6.00229 -21.0837
ltibia 35.5729 -0 0
lfoot -31.9297 -1.34949 -0.708392
ltoes 36.4236 -0 0
rfemur -42.5187 -13.6158 26.3505
rtibia 54.2388 -0 0
rfoot -14.4477 1.35255 3.68959
rtoes 3.29291 -0 0
lowerback 3.50027 1.15311 -5.96164
upperback -0.0587971 1.27022 1.58327
thorax -2.10419 0.771691 5.34602
lowerneck -10.6734 -1.7541 1.16373
upperneck -0.884123 -2.4801 0.192852
head 1.51259 -1.22556 -0.224594
lclavicle -7.29635e-14 -2.41984e-14 -1.27741e-29
lhumerus -41.8578 -14.7006 96.3442
lradius 40.5982 -0 0
lwrist 7.54357 0 0
lhand -4.59052 4.44199 0.162748
lfingers 7.12502 -0 0
lthumb 21.1541 32.9542 0.0346049
rclavicle -7.29635e-14 -2.41984e-14 -1.27741e-29
rhumerus -43.0886 -11.9725 -76.7012
rradius 54.7265 -0 0
rwrist -6.17441 0 0
rhand -25.6894 -23.8338 0.0455466
rfingers 7.12502 -0 0
rthumb 0.845716 -53.7986 0.0439714
48
root 6.73582 16.735 -27.4913 2.58176 1.12744 0.511425
lfemur -15.4256 6.08888 -21.0927
ltibia 35.5809 -0 0
lfoot -31.7745 -1.48341 -0.716937
ltoes 36.3688 -0 0
rfemur -43.1001 -13.9004 26.5939
rtibia 54.6877 -0 0
rfoot -14.0651 1.63831 3.73495
rtoes 2.85487 -0 0
lowerback 3.65129 1.09575 -5.98918
upperback 0.00184524 1.18324 1.54668
thorax -2.11214 0.727698 5.33128
lowerneck -10.6932 -1.74194 1.14381
upperneck -0.871493 -2.46298 0.230214
head 1.52101 -1.21591 -0.208718
lclavicle -7.21229e-14 -2.37533e-14 -1.29275e-29
lhumerus -41.8519 -14.7984 96.2777
lradius 40.7348 -0 0
lwrist 7.66076 0 0
lhand -4.42669 4.47112 0.164708
lfingers 7.12502 -0 0
lthumb 21.3109 32.9607 0.0350216
rclavicle -7.21229e-14 -2.37533e-14 -1.29275e-29
rhumerus -43.0827 -12.1488 -76.5067
rradius 55.0386 -0 0
rwrist -6.5472 0 0
rhand -25.729 -23.8675 0.0460939
rfingers 7.12502 -0 0
rthumb 0.807515 -53.8323 0.0444997
49
root 6.74724 16.7324 -27.4777 2.43233 1.22805 0.576398
lfemur -15.3223 6.17548 -21.1015
ltibia 35.5889 -0 0
lfoot -31.6193 -1.61736 -0.725119
ltoes 36.314 -0 0
rfemur -43.6834 -14.1827 26.8405
rtibia 55.1367 -0 0
rfoot -13.6822 1.92438 3.7784
rtoes 2.41682 -0 0
lowerback 3.80234 1.03845 -6.01687
upperback 0.0625413 1.09629 1.50999
thorax -2.12008 0.683702 5.31655
lowerneck -10.7129 -1.72979 1.12388
upperneck -0.858852 -2.44587 0.267578
head 1.52944 -1.20627 -0.19284
lclavicle -7.12823e-14 -2.33083e-14 -1.30744e-29
lhumerus -41.8459 -14.8963 96.2112
lradius 40.8714 -0 0
lwrist 7.77794 0 0
lhand -4.26286 4.50025 0.166585
lfingers 7.12502 -0 0
lthumb 21.4678 32.9671 0.0354206
rclavicle -7.12823e-14 -2.33083e-14 -1.30744e-29
rhumerus -43.0773 -12.3252 -76.312
rradius 55.3508 -0 0
rwrist -6.92 0 0
rhand -25.7685 -23.9013 0.0466178
rfingers 7.12502 -0 0
rthumb 0.769312 -53.866 0.0450055
50
root 6.75866 16.7297 -27.4642 2.28301 1.32882 0.641112
lfemur -15.2189 6.2621 -21.1101
ltibia 35.5969 -0 0
lfoot -31.464 -1.75132 -0.732938
ltoes 36.2593 -0 0
rfemur -44.2687 -14.4625 27.0905
rtibia 55.5856 -0 0
rfoot -13.2991 2.21075 3.81995
rtoes 1.97877 -0 0
lowerback 3.95342 0.98123 -6.04472
upperback 0.123291 1.00938 1.47322
thorax -2.12802 0.639704 5.30182
lowerneck -10.7327 -1.71764 1.10395
upperneck -0.8462 -2.42876 0.304947
head 1.53786 -1.19663 -0.176961
lclavicle -7.04418e-14 -2.28632e-14 -1.32148e-29
lhumerus -41.8397 -14.9941 96.1446
lradius 41.008 -0 0
lwrist 7.89513 0 0
lhand -4.09903 4.52939 0.168379
lfingers 7.12502 -0 0
lthumb 21.6246 32.9736 0.0358018
rclavicle -7.04418e-14 -2.28632e-14 -1.32148e-29
rhumerus -43.0726 -12.5015 -76.1173
rradius 55.6629 -0 0
rwrist -7.29279 0 0
rhand -25.8081 -23.935 0.0471184
rfingers 7.12502 -0 0
rthumb 0.73111 -53.8997 0.0454888
51
root 6.77008 16.727 -27.4506 2.1338 1.42977 0.705566
lfemur -15.1156 6.34874 -21.1186
ltibia 35.6049 -0 0
lfoot -31.3088 -1.88531 -0.740394
ltoes 36.2045 -0 0
rfemur -44.856 -14.7397 27.3437
rtibia 56.0346 -0 0
rfoot -12.9158 2.4974 3.85958
rtoes 1.54072 -0 0
lowerback 4.10452 0.924081 -6.07271
upperback 0.184095 0.922516 1.43635
thorax -2.13594 0.595704 5.28709
lowerneck -10.7525 -1.7055 1.08402
upperneck -0.833537 -2.41167 0.342318
head 1.54629 -1.18699 -0.161081
lclavicle -6.96012e-14 -2.24182e-14 -1.33487e-29
lhumerus -41.8335 -15.0919 96.0779
lradius 41.1446 -0 0
lwrist 8.01232 0 0
lhand -3.9352 4.55853 0.170089
lfingers 7.12502 -0 0
lthumb 21.7815 32.9801 0.0361654
rclavicle -6.96012e-14 -2.24182e-14 -1.33487e-29
rhumerus -43.0684 -12.6779 -75.9225
rradius 55.975 -0 0
rwrist -7.66559 0 0
rhand -25.8477 -23.9687 0.0475958
rfingers 7.12502 -0 0
rthumb 0.692907 -53.9334 0.0459497
52
root 6.7815 16.7244 -27.437 1.9847 1.53088 0.769759
lfemur -15.0122 6.43539 -21.1269
ltibia 35.6129 -0 0
lfoot -31.1535 -2.01932 -0.747487
ltoes 36.1497 -0 0
rfemur -45.4454 -15.0145 27.6001
rtibia 56.4835 -0 0
rfoot -12.5322 2.78433 3.89729
rtoes 1.10267 -0 0
lowerback 4.25564 0.867007 -6.10086
upperback 0.244954 0.835687 1.39939
thorax -2.14384 0.551703 5.27238
lowerneck -10.7723 -1.69337 1.06408
upperneck -0.820863 -2.39458 0.379693
head 1.55473 -1.17735 -0.145199
lclavicle -6.87606e-14 -2.19732e-14 -1.3476e-29
lhumerus -41.8271 -15.1897 96.0113
lradius 41.2812 -0 0
lwrist 8.1295 0 0
lhand -3.77136 4.58768 0.171716
lfingers 7.12502 -0 0
lthumb 21.9383 32.9866 0.0365112
rclavicle -6.87606e-14 -2.19732e-14 -1.3476e-29
rhumerus -43.0649 -12.8542 -75.7275
rradius 56.2872 -0 0
rwrist -8.03838 0 0
rhand -25.8872 -24.0024 0.0480499
rfingers 7.12502 -0 0
rthumb 0.654704 -53.9671 0.046388
53
root 6.79292 16.7217 -27.4234 1.8357 1.63215 0.833692
lfemur -14.9089 6.52205 -21.1351
ltibia 35.6209 -0 0
lfoot -30.9982 -2.15334 -0.754217
ltoes 36.0949 -0 0
rfemur -46.0367 -15.2867 27.8598
rtibia 56.9325 -0 0
rfoot -12.1485 3.07151 3.93309
rtoes 0.664623 -0 0
lowerback 4.40679 0.810007 -6.12915
upperback 0.305868 0.748898 1.36234
thorax -2.15174 0.507699 5.25767
lowerneck -10.7921 -1.68124 1.04414
upperneck -0.808178 -2.3775 0.417071
head 1.56316 -1.16771 -0.129316
lclavicle -6.79201e-14 -2.15281e-14 -1.35968e-29
lhumerus -41.8206 -15.2876 95.9445
lradius 41.4178 -0 0
lwrist 8.24669 0 0
lhand -3.60753 4.61683 0.17326
lfingers 7.12502 -0 0
lthumb 22.0951 32.993 0.0368393
rclavicle -6.79201e-14 -2.15281e-14 -1.35968e-29
rhumerus -43.062 -13.0306 -75.5324
rradius 56.5993 -0 0
rwrist -8.41118 0 0
rhand -25.9268 -24.0362 0.0484807
rfingers 7.12502 -0 0
rthumb 0.616501 -54.0008 0.0468039
54
root 6.80434 16.719 -27.4099 1.68681 1.7336 0.897365
lfemur -14.8055 6.60873 -21.1431
ltibia 35.6289 -0 0
lfoot -30.8429 -2.28739 -0.760583
ltoes 36.0401 -0 0
rfemur -46.6301 -15.5563 28.1228
rtibia 57.3814 -0 0
rfoot -11.7645 3.35894 3.96697
rtoes 0.226575 -0 0
lowerback 4.55797 0.753083 -6.15759
upperback 0.366836 0.662148 1.3252
thorax -2.15963 0.463693 5.24296
lowerneck -10.8119 -1.66912 1.02419
upperneck -0.795482 -2.36043 0.454453
head 1.5716 -1.15808 -0.113431
lclavicle -6.70795e-14 -2.10831e-14 -1.3711e-29
lhumerus -41.8139 -15.3854 95.8778
lradius 41.5544 -0 0
lwrist 8.36388 0 0
lhand -3.4437 4.64599 0.17472
lfingers 7.12502 -0 0
lthumb 22.252 32.9995 0.0371497
rclavicle -6.70795e-14 -2.10831e-14 -1.3711e-29
rhumerus -43.0597 -13.207 -75.3372
rradius 56.9115 -0 0
rwrist -8.78397 0 0
rhand -25.9663 -24.0699 0.0488882
rfingers 7.12502 -0 0
rthumb 0.578298 -54.0345 0.0471974
55
root 6.81576 16.7164 -27.3963 1.53802 1.83521 0.960777
lfemur -14.7022 6.69542 -21.151
ltibia 35.6369 -0 0
lfoot -30.6876 -2.42145 -0.766586
ltoes 35.9854 -0 0
rfemur -47.2256 -15.8232 28.3889
rtibia 57.8304 -0 0
rfoot -11.3804 3.64661 3.99892
rtoes -0.211474 0 0
lowerback 4.70917 0.696233 -6.18619
upperback 0.42786 0.575437 1.28797
thorax -2.1675 0.419685 5.22826
lowerneck -10.8317 -1.65701 1.00424
upperneck -0.782775 -2.34337 0.491838
head 1.58004 -1.14845 -0.0975451
lclavicle -6.62389e-14 -2.0638e-14 -1.38188e-29
lhumerus -41.8072 -15.4832 95.811
lradius 41.691 -0 0
lwrist 8.48107 0 0
lhand -3.27986 4.67515 0.176097
lfingers 7.12502 -0 0
lthumb 22.4088 33.006 0.0374424
rclavicle -6.62389e-14 -2.0638e-14 -1.38188e-29
rhumerus -43.058 -13.3834 -75.1418
rradius 57.2236 -0 0
rwrist -9.15676 0 0
rhand -26.0059 -24.1036 0.0492725
rfingers 7.12502 -0 0
rthumb 0.540094 -54.0683 0.0475683
56
root 6.82718 16.7137 -27.3827 1.38933 1.93698 1.02393
lfemur -14.5988 6.78213 -21.1587
ltibia 35.6449 -0 0
lfoot -30.5322 -2.55552 -0.772226
ltoes 35.9306 -0 0
rfemur -47.8231 -16.0875 28.6583
rtibia 58.2794 -0 0
rfoot -10.9961 3.93449 4.02895
rtoes -0.649522 0 0
lowerback 4.8604 0.639459 -6.21493
upperback 0.488939 0.488767 1.25064
thorax -2.17537 0.375675 5.21357
lowerneck -10.8515 -1.64491 0.984285
upperneck -0.770057 -2.32632 0.529226
head 1.58849 -1.13882 -0.0816577
lclavicle -6.53983e-14 -2.0193e-14 -1.392e-29
lhumerus -41.8003 -15.581 95.7441
lradius 41.8276 -0 0
lwrist 8.59825 0 0
lhand -3.11603 4.70432 0.177391
lfingers 7.12502 -0 0
lthumb 22.5657 33.0125 0.0377173
rclavicle -6.53983e-14 -2.0193e-14 -1.392e-29
rhumerus -43.057 -13.5598 -74.9463
rradius 57.5357 -0 0
rwrist -9.52956 0 0
rhand -26.0454 -24.1374 0.0496334
rfingers 7.12502 -0 0
rthumb 0.50189 -54.102 0.0479168
57
root 6.83861 16.711 -27.3691 1.24075 2.03891 1.08682
lfemur -14.4954 6.86885 -21.1662
ltibia 35.6529 -0 0
lfoot -30.3769 -2.68962 -0.777502
ltoes 35.8758 -0 0
rfemur -48.4227 -16.349 28.9309
rtibia 58.7283 -0 0
rfoot -10.6117 4.22258 4.05706
rtoes -1.08757 0 0
lowerback 5.01166 0.582761 -6.24382
upperback 0.550074 0.402136 1.21323
thorax -2.18322 0.331663 5.19889
lowerneck -10.8713 -1.63281 0.964327
upperneck -0.757328 -2.30927 0.566617
head 1.59693 -1.12919 -0.065769
lclavicle -6.45578e-14 -1.9748e-14 -1.40146e-29
lhumerus -41.7933 -15.6787 95.6772
lradius 41.9641 -0 0
lwrist 8.71544 0 0
lhand -2.95219 4.73348 0.178601
lfingers 7.12502 -0 0
lthumb 22.7225 33.0189 0.0379745
rclavicle -6.45578e-14 -1.9748e-14 -1.40146e-29
rhumerus -43.0566 -13.7362 -74.7507
rradius 57.8479 -0 0
rwrist -9.90235 0 0
rhand -26.085 -24.1711 0.0499711
rfingers 7.12502 -0 0
rthumb 0.463686 -54.1357 0.0482427
58
root 6.85003 16.7084 -27.3556 1.09228 2.14101 1.14945
lfemur -14.3921 6.95559 -21.1736
ltibia 35.6609 -0 0
lfoot -30.2215 -2.82372 -0.782415
ltoes 35.821 -0 0
rfemur -49.0244 -16.6078 29.2068
rtibia 59.1773 -0 0
rfoot -10.2271 4.51086 4.08323
rtoes -1.52562 0 0
lowerback 5.16294 0.526139 -6.27287
upperback 0.611264 0.315545 1.17572
thorax -2.19106 0.287649 5.18421
lowerneck -10.8912 -1.62072 0.944365
upperneck -0.744588 -2.29223 0.604012
head 1.60538 -1.11957 -0.0498789
lclavicle -6.37172e-14 -1.93029e-14 -1.41028e-29
lhumerus -41.7862 -15.7765 95.6103
lradius 42.1007 -0 0
lwrist 8.83263 0 0
lhand -2.78836 4.76266 0.179727
lfingers 7.12502 -0 0
lthumb 22.8794 33.0254 0.038214
rclavicle -6.37172e-14 -1.93029e-14 -1.41028e-29
rhumerus -43.0567 -13.9126 -74.5549
rradius 58.16 -0 0
rwrist -10.2751 0 0
rhand -26.1246 -24.2048 0.0502854
rfingers 7.12502 -0 0
rthumb 0.425482 -54.1694 0.0485462
59
root 6.86145 16.7057 -27.342 0.943899 2.24327 1.21182
lfemur -14.2887 7.04233 -21.1809
ltibia 35.6689 -0 0
lfoot -30.0661 -2.95784 -0.786964
ltoes 35.7662 -0 0
rfemur -49.6283 -16.8638 29.4858
rtibia 59.6262 -0 0
rfoot -9.84236 4.79932 4.10747
rtoes -1.96367 0 0
lowerback 5.31425 0.469595 -6.30206
upperback 0.672511 0.228995 1.13812
thorax -2.19889 0.243633 5.16953
lowerneck -10.911 -1.60863 0.924398
upperneck -0.731837 -2.27521 0.64141
head 1.61383 -1.10994 -0.0339875
lclavicle -6.28766e-14 -1.88579e-14 -1.41844e-29
lhumerus -41.7789 -15.8743 95.5433
lradius 42.2373 -0 0
lwrist 8.94981 0 0
lhand -2.62452 4.79183 0.180771
lfingers 7.12502 -0 0
lthumb 23.0362 33.0319 0.0384358
rclavicle -6.28766e-14 -1.88579e-14 -1.41844e-29
rhumerus -43.0575 -14.0889 -74.3589
rradius 58.4721 -0 0
rwrist -10.6479 0 0
rhand -26.1641 -24.2385 0.0505765
rfingers 7.12502 -0 0
rthumb 0.387277 -54.2031 0.0488273
60
root 6.87287 16.703 -27.3284 0.795623 2.34569 1.27393
lfemur -14.1853 7.12909 -21.1879
ltibia 35.6769 -0 0
lfoot -29.9107 -3.09197 -0.791149
ltoes 35.7115 -0 0
rfemur -50.2342 -17.117 29.768
rtibia 60.0752 -0 0
rfoot -9.4575 5.08795 4.12978
rtoes -2.40172 0 0
lowerback 5.46559 0.413127 -6.3314
upperback 0.733815 0.142484 1.10043
thorax -2.20671 0.199615 5.15487
lowerneck -10.9308 -1.59656 0.904428
upperneck -0.719075 -2.25818 0.678812
head 1.62229 -1.10032 -0.0180946
lclavicle -6.20361e-14 -1.84128e-14 -1.42595e-29
lhumerus -41.7715 -15.972 95.4763
lradius 42.3739 -0 0
lwrist 9.067 0 0
lhand -2.46068 4.82101 0.18173
lfingers 7.12502 -0 0
lthumb 23.193 33.0384 0.0386398
rclavicle -6.20361e-14 -1.84128e-14 -1.42595e-29
rhumerus -43.059 -14.2653 -74.1628
rradius 58.7843 -0 0
rwrist -11.0207 0 0
rhand -26.2037 -24.2723 0.0508443
rfingers 7.12502 -0 0
rthumb 0.349073 -54.2368 0.0490858
61
root 6.88429 16.7003 -27.3148 0.647448 2.44827 1.33578
lfemur -14.0819 7.21587 -21.1949
ltibia 35.6849 -0 0
lfoot -29.7553 -3.22611 -0.794971
ltoes 35.6567 -0 0
rfemur -50.8423 -17.3672 30.0534
rtibia 60.5241 -0 0
rfoot -9.07251 5.37672 4.15016
rtoes -2.83976 0 0
lowerback 5.61696 0.356738 -6.36089
upperback 0.795175 0.0560142 1.06264
thorax -2.21451 0.155595 5.1402
lowerneck -10.9506 -1.58449 0.884453
upperneck -0.706302 -2.24117 0.716217
head 1.63075 -1.09071 -0.00220039
lclavicle -6.11955e-14 -1.79678e-14 -1.4328e-29
lhumerus -41.7641 -16.0698 95.4092
lradius 42.5105 -0 0
lwrist 9.18419 0 0
lhand -2.29684 4.85019 0.182607
lfingers 7.12502 -0 0
lthumb 23.3499 33.0448 0.0388261
rclavicle -6.11955e-14 -1.79678e-14 -1.4328e-29
rhumerus -43.061 -14.4417 -73.9666
rradius 59.0964 -0 0
rwrist -11.3935 0 0
rhand -26.2432 -24.306 0.0510889
rfingers 7.12502 -0 0
rthumb 0.310868 -54.2705 0.0493219
62
root 6.89571 16.6977 -27.3013 0.499371 2.55101 1.39736
lfemur -13.9785 7.30265 -21.2016
ltibia 35.6929 -0 0
lfoot -29.5999 -3.36026 -0.798428
ltoes 35.6019 -0 0
rfemur -51.4525 -17.6146 30.3419
rtibia 60.9731 -0 0
rfoot -8.68742 5.66564 4.1686
rtoes -3.27781 0 0
lowerback 5.76835 0.300426 -6.39052
upperback 0.856592 -0.0304152 1.02476
thorax -2.22231 0.111574 5.12555
lowerneck -10.9705 -1.57242 0.864475
upperneck -0.693518 -2.22417 0.753625
head 1.63921 -1.08109 0.0136952
lclavicle -6.03549e-14 -1.75228e-14 -1.43901e-29
lhumerus -41.7564 -16.1675 95.3421
lradius 42.6471 -0 0
lwrist 9.30138 0 0
lhand -2.13301 4.87937 0.1834
lfingers 7.12502 -0 0
lthumb 23.5067 33.0513 0.0389946
rclavicle -6.03549e-14 -1.75228e-14 -1.43901e-29
rhumerus -43.0637 -14.6181 -73.7702
rradius 59.4085 -0 0
rwrist -11.7663 0 0
rhand -26.2828 -24.3397 0.0513101
rfingers 7.12502 -0 0
rthumb 0.272663 -54.3043 0.0495354
63
root 6.90713 16.695 -27.2877 0.351393 2.65391 1.45869
lfemur -13.875 7.38945 -21.2082
ltibia 35.7009 -0 0
lfoot -29.4445 -3.49443 -0.801522
ltoes 35.5471 -0 0
rfemur -52.0648 -17.859 30.6336
rtibia 61.422 -0 0
rfoot -8.30224 5.95467 4.1851
rtoes -3.71586 0 0
lowerback 5.91978 0.244193 -6.42031
upperback 0.918067 -0.116804 0.986791
thorax -2.23009 0.0675496 5.1109
lowerneck -10.9903 -1.56037 0.844492
upperneck -0.680723 -2.20717 0.791036
head 1.64767 -1.07148 0.0295922
lclavicle -5.95143e-14 -1.70777e-14 -1.44455e-29
lhumerus -41.7487 -16.2653 95.275
lradius 42.7837 -0 0
lwrist 9.41856 0 0
lhand -1.96917 4.90856 0.184109
lfingers 7.12502 -0 0
lthumb 23.6636 33.0578 0.0391454
rclavicle -5.95143e-14 -1.70777e-14 -1.44455e-29
rhumerus -43.067 -14.7945 -73.5736
rradius 59.7207 -0 0
rwrist -12.1391 0 0
rhand -26.3223 -24.3735 0.051508
rfingers 7.12502 -0 0
rthumb 0.234458 -54.338 0.0497265
64
root 6.91855 16.6923 -27.2741 0.203513 2.75697 1.51976
lfemur -13.7716 7.47626 -21.2147
ltibia 35.7089 -0 0
lfoot -29.2891 -3.62859 -0.804252
ltoes 35.4924 -0 0
rfemur -52.6793 -18.1005 30.9284
rtibia 61.871 -0 0
rfoot -7.91697 6.24382 4.19966
rtoes -4.15391 0 0
lowerback 6.07123 0.188039 -6.45024
upperback 0.979599 -0.203152 0.948727
thorax -2.23787 0.0235237 5.09626
lowerneck -11.0101 -1.54832 0.824505
upperneck -0.667918 -2.19019 0.828451
head 1.65613 -1.06187 0.0454906
lclavicle -5.86738e-14 -1.66327e-14 -1.44945e-29
lhumerus -41.7408 -16.363 95.2077
lradius 42.9203 -0 0
lwrist 9.53575 0 0
lhand -1.80533 4.93774 0.184735
lfingers 7.12502 -0 0
lthumb 23.8204 33.0643 0.0392785
rclavicle -5.86738e-14 -1.66327e-14 -1.44945e-29
rhumerus -43.0709 -14.9708 -73.3768
rradius 60.0328 -0 0
rwrist -12.5119 0 0
rhand -26.3619 -24.4072 0.0516827
rfingers 7.12502 -0 0
rthumb 0.196253 -54.3717 0.0498951
65
root 6.92997 16.6897 -27.2605 0.0557303 2.86019 1.58056
lfemur -13.6682 7.56308 -21.221
ltibia 35.7169 -0 0
lfoot -29.1337 -3.76277 -0.806618
ltoes 35.4376 -0 0
rfemur -53.2959 -18.3389 31.2264
rtibia 62.3199 -0 0
rfoot -7.53162 6.53307 4.21229
rtoes -4.59196 0 0
lowerback 6.22271 0.131964 -6.48033
upperback 1.04119 -0.289459 0.91057
thorax -2.24563 -0.0205042 5.08162
lowerneck -11.03 -1.53627 0.804515
upperneck -0.655101 -2.17321 0.86587
head 1.6646 -1.05226 0.0613903
lclavicle -5.78332e-14 -1.61876e-14 -1.4537e-29
lhumerus -41.7329 -16.4607 95.1405
lradius 43.0569 -0 0
lwrist 9.65294 0 0
lhand -1.64149 4.96693 0.185278
lfingers 7.12502 -0 0
lthumb 23.9772 33.0708 0.0393938
rclavicle -5.78332e-14 -1.61876e-14 -1.4537e-29
rhumerus -43.0755 -15.1472 -73.1799
rradius 60.3449 -0 0
rwrist -12.8847 0 0
rhand -26.4015 -24.4409 0.0518341
rfingers 7.12502 -0 0
rthumb 0.158048 -54.4054 0.0500413
66
root 6.94139 16.687 -27.247 -0.0919565 2.96356 1.6411
lfemur -13.5647 7.64991 -21.2271
ltibia 35.7249 -0 0
lfoot -28.9783 -3.89695 -0.80862
ltoes 35.3828 -0 0
rfemur -53.9147 -18.5742 31.5274
rtibia 62.7689 -0 0
rfoot -7.14621 6.8224 4.22297
rtoes -5.03001 0 0
lowerback 6.37422 0.0759694 -6.51056
upperback 1.10284 -0.375725 0.872321
thorax -2.25338 -0.0645341 5.06699
lowerneck -11.0498 -1.52424 0.78452
upperneck -0.642273 -2.15624 0.903292
head 1.67307 -1.04266 0.0772914
lclavicle -5.69926e-14 -1.57426e-14 -1.45729e-29
lhumerus -41.7248 -16.5584 95.0732
lradius 43.1935 -0 0
lwrist 9.77012 0 0
lhand -1.47765 4.99612 0.185737
lfingers 7.12502 -0 0
lthumb 24.1341 33.0772 0.0394914
rclavicle -5.69926e-14 -1.57426e-14 -1.45729e-29
rhumerus -43.0807 -15.3235 -72.9828
rradius 60.6571 -0 0
rwrist -13.2575 0 0
rhand -26.441 -24.4747 0.0519621
rfingers 7.12502 -0 0
rthumb 0.119842 -54.4391 0.0501649
67
root 6.95282 16.6843 -27.2334 -0.239548 3.06708 1.70138
lfemur -13.4612 7.73675 -21.2331
ltibia 35.7329 -0 0
lfoot -28.8228 -4.03114 -0.810258
ltoes 35.328 -0 0
rfemur -54.5356 -18.8064 31.8315
rtibia 63.2178 -0 0
rfoot -6.76074 7.11179 4.23171
rtoes -5.46806 0 0
lowerback 6.52576 0.0200545 -6.54094
upperback 1.16454 -0.46195 0.833978
thorax -2.26112 -0.108566 5.05236
lowerneck -11.0697 -1.51221 0.764521
upperneck -0.629435 -2.13928 0.940717
head 1.68154 -1.03305 0.0931939
lclavicle -5.61521e-14 -1.52976e-14 -1.46022e-29
lhumerus -41.7165 -16.6561 95.0058
lradius 43.3301 -0 0
lwrist 9.88731 0 0
lhand -1.31381 5.02531 0.186113
lfingers 7.12502 -0 0
lthumb 24.2909 33.0837 0.0395712
rclavicle -5.61521e-14 -1.52976e-14 -1.46022e-29
rhumerus -43.0865 -15.4998 -72.7855
rradius 60.9692 -0 0
rwrist -13.6303 0 0
rhand -26.4806 -24.5084 0.0520669
rfingers 7.12502 -0 0
rthumb 0.0816368 -54.4728 0.0502661
68
root 6.96424 16.6817 -27.2198 -0.387045 3.17076 1.7614
lfemur -13.3578 7.82361 -21.2389
ltibia 35.7409 -0 0
lfoot -28.6674 -4.16533 -0.811533
ltoes 35.2732 -0 0
rfemur -55.1587 -19.0355 32.1387
rtibia 63.6668 -0 0
rfoot -6.37523 7.40125 4.23851
rtoes -5.9061 0 0
lowerback 6.67733 -0.0357798 -6.57146
upperback 1.22631 -0.548133 0.795541
thorax -2.26885 -0.1526 5.03774
lowerneck -11.0896 -1.50019 0.744518
upperneck -0.616585 -2.12232 0.978145
head 1.69002 -1.02345 0.109098
lclavicle -5.53115e-14 -1.48525e-14 -1.46251e-29
lhumerus -41.7082 -16.7538 94.9384
lradius 43.4667 -0 0
lwrist 10.0045 0 0
lhand -1.14997 5.05451 0.186405
lfingers 7.12502 -0 0
lthumb 24.4478 33.0902 0.0396333
rclavicle -5.53115e-14 -1.48525e-14 -1.46251e-29
rhumerus -43.093 -15.6761 -72.588
rradius 61.2813 -0 0
rwrist -14.0031 0 0
rhand -26.5201 -24.5421 0.0521484
rfingers 7.12502 -0 0
rthumb 0.0434314 -54.5066 0.0503448
69
root 6.97566 16.679 -27.2062 -0.534448 3.2746 1.82116
lfemur -13.2543 7.91047 -21.2446
ltibia 35.7489 -0 0
lfoot -28.5119 -4.29952 -0.812443
ltoes 35.2185 -0 0
rfemur -55.784 -19.2614 32.4489
rtibia 64.1157 -0 0
rfoot -5.98969 7.69074 4.24337
rtoes -6.34415 0 0
lowerback 6.82893 -0.0915331 -6.60214
upperback 1.28813 -0.634275 0.757012
thorax -2.27656 -0.196636 5.02313
lowerneck -11.1094 -1.48817 0.724511
upperneck -0.603725 -2.10538 1.01558
head 1.6985 -1.01385 0.125003
lclavicle -5.44709e-14 -1.44075e-14 -1.46414e-29
lhumerus -41.6997 -16.8515 94.871
lradius 43.6033 -0 0
lwrist 10.1217 0 0
lhand -0.98613 5.0837 0.186614
lfingers 7.12502 -0 0
lthumb 24.6046 33.0967 0.0396777
rclavicle -5.44709e-14 -1.44075e-14 -1.46414e-29
rhumerus -43.1001 -15.8524 -72.3903
rradius 61.5935 -0 0
rwrist -14.3759 0 0
rhand -26.5597 -24.5758 0.0522067
rfingers 7.12502 -0 0
rthumb 0.00522598 -54.5403 0.050401
70
root 6.98708 16.6763 -27.1927 -0.681758 3.37858 1.88066
lfemur -13.1508 7.99734 -21.2501
ltibia 35.7569 -0 0
lfoot -28.3565 -4.43372 -0.812989
ltoes 35.1637 -0 0
rfemur -56.4114 -19.4841 32.7622
rtibia 64.5647 -0 0
rfoot -5.60412 7.98026 4.24628
rtoes -6.7822 0 0
lowerback 6.98056 -0.147205 -6.63296
upperback 1.35001 -0.720375 0.718388
thorax -2.28427 -0.240673 5.00852
lowerneck -11.1293 -1.47617 0.7045
upperneck -0.590853 -2.08844 1.05301
head 1.70698 -1.00426 0.14091
lclavicle -5.36304e-14 -1.39624e-14 -1.46512e-29
lhumerus -41.6911 -16.9491 94.8035
lradius 43.7399 -0 0
lwrist 10.2389 0 0
lhand -0.82229 5.11289 0.186739
lfingers 7.12502 -0 0
lthumb 24.7615 33.1032 0.0397043
rclavicle -5.36304e-14 -1.39624e-14 -1.46512e-29
rhumerus -43.1078 -16.0286 -72.1924
rradius 61.9056 -0 0
rwrist -14.7487 0 0
rhand -26.5992 -24.6096 0.0522416
rfingers 7.12502 -0 0
rthumb -0.0329795 -54.574 0.0504347
71
root 6.9985 16.6736 -27.1791 -0.828975 3.48272 1.93989
lfemur -13.0472 8.08423 -21.2555
ltibia 35.7649 -0 0
lfoot -28.201 -4.56792 -0.813171
ltoes 35.1089 -0 0
rfemur -57.0409 -19.7036 33.0785
rtibia 65.0136 -0 0
rfoot -5.21855 8.2698 4.24725
rtoes -7.22025 0 0
lowerback 7.13222 -0.202795 -6.66393
upperback 1.41195 -0.806434 0.679671
thorax -2.29196 -0.284713 4.99392
lowerneck -11.1492 -1.46416 0.684485
upperneck -0.577971 -2.07151 1.09045
head 1.71546 -0.994663 0.156818
lclavicle -5.27898e-14 -1.35174e-14 -1.46545e-29
lhumerus -41.6824 -17.0468 94.7359
lradius 43.8764 -0 0
lwrist 10.3561 0 0
lhand -0.65845 5.14209 0.186781
lfingers 7.12502 -0 0
lthumb 24.9183 33.1096 0.0397132
rclavicle -5.27898e-14 -1.35174e-14 -1.46545e-29
rhumerus -43.1162 -16.2048 -71.9944
rradius 62.2177 -0 0
rwrist -15.1215 0 0
rhand -26.6388 -24.6433 0.0522532
rfingers 7.12502 -0 0
rthumb -0.071185 -54.6077 0.0504459
72
root 7.00992 16.671 -27.1655 -0.976102 3.58702 1.99887
lfemur -12.9437 8.17112 -21.2607
ltibia 35.773 -0 0
lfoot -28.0456 -4.70211 -0.812989
ltoes 35.0541 -0 0
rfemur -57.6726 -19.9197 33.3977
rtibia 65.4626 -0 0
rfoot -4.83298 8.55934 4.24628
rtoes -7.6583 0 0
lowerback 7.28391 -0.258303 -6.69505
upperback 1.47396 -0.89245 0.64086
thorax -2.29965 -0.328755 4.97932
lowerneck -11.169 -1.45217 0.664466
upperneck -0.565078 -2.05459 1.12789
head 1.72395 -0.985072 0.172727
lclavicle -5.19492e-14 -1.30724e-14 -1.46512e-29
lhumerus -41.6735 -17.1445 94.6683
lradius 44.013 -0 0
lwrist 10.4732 0 0
lhand -0.49461 5.17128 0.186739
lfingers 7.12502 -0 0
lthumb 25.0751 33.1161 0.0397043
rclavicle -5.19492e-14 -1.30724e-14 -1.46512e-29
rhumerus -43.1252 -16.381 -71.7961
rradius 62.5299 -0 0
rwrist -15.4943 0 0
rhand -26.6784 -24.677 0.0522416
rfingers 7.12502 -0 0
rthumb -0.10939 -54.6414 0.0504347
73
root 7.02134 16.6683 -27.152 -1.12314 3.69146 2.05758
lfemur -12.8402 8.25802 -21.2657
ltibia 35.781 -0 0
lfoot -27.8902 -4.83631 -0.812443
ltoes 34.9993 -0 0
rfemur -58.3064 -20.1325 33.7199
rtibia 65.9116 -0 0
rfoot -4.44741 8.84886 4.24337
rtoes -8.09635 0 0
lowerback 7.43563 -0.313729 -6.72631
upperback 1.53602 -0.978425 0.601955
thorax -2.30732 -0.372798 4.96473
lowerneck -11.1889 -1.44018 0.644442
upperneck -0.552173 -2.03768 1.16534
head 1.73244 -0.975483 0.188638
lclavicle -5.11086e-14 -1.26273e-14 -1.46414e-29
lhumerus -41.6645 -17.2421 94.6006
lradius 44.1496 -0 0
lwrist 10.5904 0 0
lhand -0.33077 5.20047 0.186614
lfingers 7.12502 -0 0
lthumb 25.232 33.1226 0.0396777
rclavicle -5.11086e-14 -1.26273e-14 -1.46414e-29
rhumerus -43.1349 -16.5571 -71.5976
rradius 62.842 -0 0
rwrist -15.8671 0 0
rhand -26.7179 -24.7108 0.0522067
rfingers 7.12502 -0 0
rthumb -0.147596 -54.6751 0.050401
74
root 7.03276 16.6656 -27.1384 -1.27008 3.79605 2.11603
lfemur -12.7366 8.34493 -21.2706
ltibia 35.789 -0 0
lfoot -27.7347 -4.9705 -0.811533
ltoes 34.9446 -0 0
rfemur -58.9423 -20.342 34.045
rtibia 66.3605 -0 0
rfoot -4.06187 9.13835 4.23851
rtoes -8.5344 0 0
lowerback 7.58738 -0.369071 -6.75772
upperback 1.59814 -1.06436 0.562956
thorax -2.31498 -0.416844 4.95015
lowerneck -11.2088 -1.4282 0.624415
upperneck -0.539258 -2.02078 1.20279
head 1.74093 -0.965896 0.20455
lclavicle -5.02681e-14 -1.21823e-14 -1.46251e-29
lhumerus -41.6554 -17.3397 94.5329
lradius 44.2862 -0 0
lwrist 10.7076 0 0
lhand -0.16693 5.22966 0.186405
lfingers 7.12502 -0 0
lthumb 25.3888 33.1291 0.0396333
rclavicle -5.02681e-14 -1.21823e-14 -1.46251e-29
rhumerus -43.1452 -16.7333 -71.3989
rradius 63.1542 -0 0
rwrist -16.2399 0 0
rhand -26.7575 -24.7445 0.0521484
rfingers 7.12502 -0 0
rthumb -0.185801 -54.7088 0.0503448
75
root 7.04418 16.663 -27.1248 -1.41694 3.90079 2.17422
lfemur -12.633 8.43185 -21.2753
ltibia 35.797 -0 0
lfoot -27.5793 -5.10469 -0.810258
ltoes 34.8898 -0 0
rfemur -59.5804 -20.548 34.373
rtibia 66.8095 -0 0
rfoot -3.67636 9.42781 4.23171
rtoes -8.97244 0 0
lowerback 7.73916 -0.42433 -6.78928
upperback 1.66032 -1.15025 0.523863
thorax -2.32263 -0.460892 4.93557
lowerneck -11.2287 -1.41623 0.604384
upperneck -0.526332 -2.00388 1.24024
head 1.74942 -0.956312 0.220463
lclavicle -4.94275e-14 -1.17372e-14 -1.46022e-29
lhumerus -41.6462 -17.4373 94.4652
lradius 44.4228 -0 0
lwrist 10.8248 0 0
lhand -0.00308964 5.25886 0.186113
lfingers 7.12502 -0 0
lthumb 25.5457 33.1356 0.0395712
rclavicle -4.94275e-14 -1.17372e-14 -1.46022e-29
rhumerus -43.1562 -16.9094 -71.2
rradius 63.4663 -0 0
rwrist -16.6127 0 0
rhand -26.797 -24.7782 0.0520669
rfingers 7.12502 -0 0
rthumb -0.224007 -54.7426 0.0502661
76
root 7.05561 16.6603 -27.1112 -1.56371 4.00568 2.23215
lfemur -12.5294 8.51878 -21.2799
ltibia 35.805 -0 0
lfoot -27.4238 -5.23888 -0.80862
ltoes 34.835 -0 0
rfemur -60.2206 -20.7506 34.7039
rtibia 67.2584 -0 0
rfoot -3.29089 9.7172 4.22297
rtoes -9.41049 0 0
lowerback 7.89098 -0.479506 -6.82098
upperback 1.72256 -1.23609 0.484675
thorax -2.33027 -0.504941 4.921
lowerneck -11.2486 -1.40426 0.584348
upperneck -0.513395 -1.987 1.2777
head 1.75792 -0.94673 0.236378
lclavicle -4.85869e-14 -1.12922e-14 -1.45729e-29
lhumerus -41.6368 -17.535 94.3974
lradius 44.5594 -0 0
lwrist 10.942 0 0
lhand 0.16075 5.28805 0.185737
lfingers 7.12502 -0 0
lthumb 25.7025 33.1421 0.0394914
rclavicle -4.85869e-14 -1.12922e-14 -1.45729e-29
rhumerus -43.1678 -17.0854 -71.0008
rradius 63.7784 -0 0
rwrist -16.9854 0 0
rhand -26.8366 -24.8119 0.0519621
rfingers 7.12502 -0 0
rthumb -0.262212 -54.7763 0.0501649
77
root 7.06703 16.6576 -27.0977 -1.71039 4.11072 2.28981
lfemur -12.4258 8.60571 -21.2843
ltibia 35.813 -0 0
lfoot -27.2684 -5.37306 -0.806618
ltoes 34.7802 -0 0
rfemur -60.8628 -20.9498 35.0377
rtibia 67.7074 -0 0
rfoot -2.90548 10.0065 4.21229
rtoes -9.84854 0 0
lowerback 8.04283 -0.534597 -6.85283
upperback 1.78486 -1.3219 0.445392
thorax -2.33789 -0.548993 4.90643
lowerneck -11.2685 -1.3923 0.564309
upperneck -0.500447 -1.97012 1.31516
head 1.76642 -0.93715 0.252295
lclavicle -4.77464e-14 -1.08472e-14 -1.4537e-29
lhumerus -41.6273 -17.6326 94.3295
lradius 44.696 -0 0
lwrist 11.0592 0 0
lhand 0.32459 5.31724 0.185278
lfingers 7.12502 -0 0
lthumb 25.8594 33.1485 0.0393938
rclavicle -4.77464e-14 -1.08472e-14 -1.4537e-29
rhumerus -43.1801 -17.2614 -70.8015
rradius 64.0906 -0 0
rwrist -17.3582 0 0
rhand -26.8761 -24.8457 0.0518341
rfingers 7.12502 -0 0
rthumb -0.300418 -54.81 0.0500413
78
root 7.07845 16.655 -27.0841 -1.85699 4.2159 2.34721
lfemur -12.3222 8.69266 -21.2886
ltibia 35.821 -0 0
lfoot -27.113 -5.50724 -0.804252
ltoes 34.7254 -0 0
rfemur -61.5072 -21.1454 35.3742
rtibia 68.1563 -0 0
rfoot -2.52013 10.2958 4.19966
rtoes -10.2866 0 0
lowerback 8.19471 -0.589603 -6.88482
upperback 1.84723 -1.40766 0.406015
thorax -2.34551 -0.593046 4.89187
lowerneck -11.2884 -1.38035 0.544266
upperneck -0.487489 -1.95325 1.35262
head 1.77492 -0.927573 0.268212
lclavicle -4.69058e-14 -1.04021e-14 -1.44945e-29
lhumerus -41.6177 -17.7301 94.2616
lradius 44.8326 -0 0
lwrist 11.1764 0 0
lhand 0.488429 5.34643 0.184735
lfingers 7.12502 -0 0
lthumb 26.0162 33.155 0.0392785
rclavicle -4.69058e-14 -1.04021e-14 -1.44945e-29
rhumerus -43.193 -17.4374 -70.6019
rradius 64.4027 -0 0
rwrist -17.731 0 0
rhand -26.9157 -24.8794 0.0516827
rfingers 7.12502 -0 0
rthumb -0.338623 -54.8437 0.0498951
79
root 7.08987 16.6523 -27.0705 -2.00349 4.32123 2.40435
lfemur -12.2185 8.77961 -21.2927
ltibia 35.829 -0 0
lfoot -26.9576 -5.6414 -0.801522
ltoes 34.6707 -0 0
rfemur -62.1536 -21.3374 35.7136
rtibia 68.6053 -0 0
rfoot -2.13486 10.5849 4.1851
rtoes -10.7246 0 0
lowerback 8.34662 -0.644525 -6.91697
upperback 1.90965 -1.49338 0.366543
thorax -2.35312 -0.637101 4.87731
lowerneck -11.3083 -1.36841 0.524218
upperneck -0.474519 -1.93639 1.39008
head 1.78342 -0.917998 0.284131
lclavicle -4.60652e-14 -9.95708e-15 -1.44455e-29
lhumerus -41.608 -17.8277 94.1936
lradius 44.9692 -0 0
lwrist 11.2936 0 0
lhand 0.652268 5.37561 0.184109
lfingers 7.12502 -0 0
lthumb 26.173 33.1615 0.0391454
rclavicle -4.60652e-14 -9.95708e-15 -1.44455e-29
rhumerus -43.2066 -17.6133 -70.402
rradius 64.7148 -0 0
rwrist -18.1038 0 0
rhand -26.9553 -24.9131 0.051508
rfingers 7.12502 -0 0
rthumb -0.376828 -54.8774 0.0497265
80
root 7.10129 16.6496 -27.0569 -2.14992 4.42671 2.46123
lfemur -12.1149 8.86656 -21.2966
ltibia 35.837 -0 0
lfoot -26.8022 -5.77557 -0.798428
ltoes 34.6159 -0 0
rfemur -62.8021 -21.5259 36.0557
rtibia 69.0542 -0 0
rfoot -1.74968 10.874 4.1686
rtoes -11.1627 0 0
lowerback 8.49856 -0.699361 -6.94925
upperback 1.97214 -1.57906 0.326976
thorax -2.36071 -0.681158 4.86276
lowerneck -11.3282 -1.35647 0.504166
upperneck -0.461538 -1.91954 1.42755
head 1.79193 -0.908425 0.300051
lclavicle -4.52247e-14 -9.51204e-15 -1.43901e-29
lhumerus -41.5981 -17.9253 94.1256
lradius 45.1058 -0 0
lwrist 11.4107 0 0
lhand 0.816107 5.4048 0.1834
lfingers 7.12502 -0 0
lthumb 26.3299 33.168 0.0389946
rclavicle -4.52247e-14 -9.51204e-15 -1.43901e-29
rhumerus -43.2208 -17.7892 -70.202
rradius 65.027 -0 0
rwrist -18.4766 0 0
rhand -26.9948 -24.9469 0.0513101
rfingers 7.12502 -0 0
rthumb -0.415033 -54.9111 0.0495354
81
root 7.11271 16.647 -27.0434 -2.29626 4.53233 2.51785
lfemur -12.0112 8.95353 -21.3004
ltibia 35.845 -0 0
lfoot -26.6468 -5.90972 -0.794971
ltoes 34.5611 -0 0
rfemur -63.4526 -21.7108 36.4005
rtibia 69.5032 -0 0
rfoot -1.36459 11.1629 4.15016
rtoes -11.6007 0 0
lowerback 8.65054 -0.754111 -6.98169
upperback 2.03469 -1.66469 0.287314
thorax -2.36829 -0.725218 4.84822
lowerneck -11.3481 -1.34454 0.484111
upperneck -0.448547 -1.90269 1.46503
head 1.80044 -0.898855 0.315973
lclavicle -4.43841e-14 -9.067e-15 -1.4328e-29
lhumerus -41.5881 -18.0228 94.0575
lradius 45.2424 -0 0
lwrist 11.5279 0 0
lhand 0.979945 5.43398 0.182607
lfingers 7.12502 -0 0
lthumb 26.4867 33.1745 0.0388261
rclavicle -4.43841e-14 -9.067e-15 -1.4328e-29
rhumerus -43.2357 -17.965 -70.0016
rradius 65.3391 -0 0
rwrist -18.8494 0 0
rhand -27.0344 -24.9806 0.0510889
rfingers 7.12502 -0 0
rthumb -0.453238 -54.9449 0.0493219
82
root 7.12413 16.6443 -27.0298 -2.44252 4.63809 2.5742
lfemur -11.9075 9.0405 -21.304
ltibia 35.853 -0 0
lfoot -26.4914 -6.04386 -0.791149
ltoes 34.5063 -0 0
rfemur -64.1051 -21.892 36.748
rtibia 69.9521 -0 0
rfoot -0.979605 11.4517 4.12978
rtoes -12.0388 0 0
lowerback 8.80255 -0.808775 -7.01427
upperback 2.0973 -1.75028 0.247556
thorax -2.37586 -0.769279 4.83368
lowerneck -11.368 -1.33261 0.464051
upperneck -0.435545 -1.88586 1.5025
head 1.80895 -0.889287 0.331896
lclavicle -4.35435e-14 -8.62196e-15 -1.42595e-29
lhumerus -41.578 -18.1204 93.9893
lradius 45.379 -0 0
lwrist 11.6451 0 0
lhand 1.14378 5.46316 0.18173
lfingers 7.12502 -0 0
lthumb 26.6436 33.1809 0.0386398
rclavicle -4.35435e-14 -8.62196e-15 -1.42595e-29
rhumerus -43.2512 -18.1408 -69.8011
rradius 65.6512 -0 0
rwrist -19.2222 0 0
rhand -27.0739 -25.0143 0.0508443
rfingers 7.12502 -0 0
rthumb -0.491443 -54.9786 0.0490858
83
root 7.13555 16.6416 -27.0162 -2.58869 4.744 2.63029
lfemur -11.8037 9.12748 -21.3074
ltibia 35.861 -0 0
lfoot -26.336 -6.17799 -0.786964
ltoes 34.4516 -0 0
rfemur -64.7596 -22.0695 37.0981
rtibia 70.4011 -0 0
rfoot -0.594741 11.7403 4.10747
rtoes -12.4768 0 0
lowerback 8.95459 -0.863352 -7.04699
upperback 2.15997 -1.83582 0.207703
thorax -2.38342 -0.813342 4.81915
lowerneck -11.3879 -1.32069 0.443987
upperneck -0.422531 -1.86903 1.53998
head 1.81747 -0.879722 0.347821
lclavicle -4.27029e-14 -8.17692e-15 -1.41844e-29
lhumerus -41.5678 -18.2179 93.9211
lradius 45.5156 -0 0
lwrist 11.7623 0 0
lhand 1.30762 5.49234 0.180771
lfingers 7.12502 -0 0
lthumb 26.8004 33.1874 0.0384358
rclavicle -4.27029e-14 -8.17692e-15 -1.41844e-29
rhumerus -43.2675 -18.3165 -69.6003
rradius 65.9634 -0 0
rwrist -19.595 0 0
rhand -27.1135 -25.0481 0.0505765
rfingers 7.12502 -0 0
rthumb -0.529647 -55.0123 0.0488273
84
root 7.14697 16.6389 -27.0026 -2.73479 4.85005 2.68612
lfemur -11.7 9.21446 -21.3107
ltibia 35.869 -0 0
lfoot -26.1806 -6.31211 -0.782415
ltoes 34.3968 -0 0
rfemur -65.4161 -22.2433 37.4508
rtibia 70.85 -0 0
rfoot -0.210007 12.0287 4.08323
rtoes -12.9149 0 0
lowerback 9.10666 -0.917843 -7.07986
upperback 2.2227 -1.92133 0.167755
thorax -2.39097 -0.857407 4.80462
lowerneck -11.4079 -1.30878 0.42392
upperneck -0.409507 -1.85221 1.57747
head 1.82599 -0.870158 0.363747
lclavicle -4.18624e-14 -7.73188e-15 -1.41028e-29
lhumerus -41.5574 -18.3154 93.8529
lradius 45.6522 -0 0
lwrist 11.8795 0 0
lhand 1.47146 5.52151 0.179727
lfingers 7.12502 -0 0
lthumb 26.9572 33.1939 0.038214
rclavicle -4.18624e-14 -7.73188e-15 -1.41028e-29
rhumerus -43.2843 -18.4922 -69.3992
rradius 66.2755 -0 0
rwrist -19.9678 0 0
rhand -27.153 -25.0818 0.0502854
rfingers 7.12502 -0 0
rthumb -0.567852 -55.046 0.0485462
85
root 7.15839 16.6363 -26.9891 -2.8808 4.95624 2.74168
lfemur -11.5962 9.30145 -21.3139
ltibia 35.877 -0 0
lfoot -26.0252 -6.44621 -0.777502
ltoes 34.342 -0 0
rfemur -66.0746 -22.4133 37.8061
rtibia 71.299 -0 0
rfoot 0.174589 12.317 4.05706
rtoes -13.3529 0 0
lowerback 9.25877 -0.972246 -7.11288
upperback 2.2855 -2.00679 0.127711
thorax -2.39851 -0.901473 4.7901
lowerneck -11.4278 -1.29688 0.403848
upperneck -0.396472 -1.8354 1.61495
head 1.83451 -0.860598 0.379674
lclavicle -4.10218e-14 -7.28684e-15 -1.40146e-29
lhumerus -41.5469 -18.4129 93.7846
lradius 45.7888 -0 0
lwrist 11.9967 0 0
lhand 1.63529 5.55069 0.178601
lfingers 7.12502 -0 0
lthumb 27.1141 33.2004 0.0379745
rclavicle -4.10218e-14 -7.28684e-15 -1.40146e-29
rhumerus -43.3019 -18.6678 -69.1978
rradius 66.5876 -0 0
rwrist -20.3406 0 0
rhand -27.1926 -25.1155 0.0499711
rfingers 7.12502 -0 0
rthumb -0.606056 -55.0797 0.0482427
86
root 7.16982 16.6336 -26.9755 -3.02673 5.06257 2.79699
lfemur -11.4925 9.38845 -21.3169
ltibia 35.885 -0 0
lfoot -25.8699 -6.58031 -0.772226
ltoes 34.2872 -0 0
rfemur -66.735 -22.5795 38.164
rtibia 71.7479 -0 0
rfoot 0.559034 12.6051 4.02895
rtoes -13.791 0 0
lowerback 9.41092 -1.02656 -7.14604
upperback 2.34836 -2.0922 0.0875709
thorax -2.40604 -0.945542 4.77558
lowerneck -11.4477 -1.28498 0.383772
upperneck -0.383426 -1.8186 1.65244
head 1.84303 -0.851039 0.395602
lclavicle -4.01812e-14 -6.8418e-15 -1.392e-29
lhumerus -41.5363 -18.5104 93.7162
lradius 45.9253 -0 0
lwrist 12.1139 0 0
lhand 1.79913 5.57985 0.177391
lfingers 7.12502 -0 0
lthumb 27.2709 33.2068 0.0377173
rclavicle -4.01812e-14 -6.8418e-15 -1.392e-29
rhumerus -43.3201 -18.8433 -68.9962
rradius 66.8998 -0 0
rwrist -20.7134 0 0
rhand -27.2322 -25.1492 0.0496334
rfingers 7.12502 -0 0
rthumb -0.64426 -55.1134 0.0479168
87
root 7.18124 16.6309 -26.9619 -3.17259 5.16904 2.85203
lfemur -11.3886 9.47545 -21.3197
ltibia 35.893 -0 0
lfoot -25.7145 -6.71438 -0.766586
ltoes 34.2324 -0 0
rfemur -67.3973 -22.7419 38.5243
rtibia 72.1969 -0 0
rfoot 0.943319 12.893 3.99892
rtoes -14.229 0 0
lowerback 9.56309 -1.08079 -7.17934
upperback 2.41129 -2.17757 0.047335
thorax -2.41356 -0.989613 4.76107
lowerneck -11.4677 -1.27309 0.363692
upperneck -0.370369 -1.80181 1.68994
head 1.85156 -0.841483 0.411532
lclavicle -3.93407e-14 -6.39676e-15 -1.38188e-29
lhumerus -41.5255 -18.6079 93.6478
lradius 46.0619 -0 0
lwrist 12.2311 0 0
lhand 1.96296 5.60902 0.176097
lfingers 7.12502 -0 0
lthumb 27.4278 33.2133 0.0374424
rclavicle -3.93407e-14 -6.39676e-15 -1.38188e-29
rhumerus -43.339 -19.0188 -68.7943
rradius 67.2119 -0 0
rwrist -21.0862 0 0
rhand -27.2717 -25.183 0.0492725
rfingers 7.12502 -0 0
rthumb -0.682464 -55.1471 0.0475683
88
root 7.19266 16.6283 -26.9483 -3.31836 5.27565 2.9068
lfemur -11.2848 9.56245 -21.3224
ltibia 35.901 -0 0
lfoot -25.5592 -6.84844 -0.760583
ltoes 34.1777 -0 0
rfemur -68.0615 -22.9004 38.887
rtibia 72.6459 -0 0
rfoot 1.32743 13.1807 3.96697
rtoes -14.6671 0 0
lowerback 9.71531 -1.13493 -7.21279
upperback 2.47428 -2.2629 0.00700294
thorax -2.42106 -1.03369 4.74657
lowerneck -11.4876 -1.26121 0.343608
upperneck -0.357302 -1.78502 1.72743
head 1.86008 -0.83193 0.427464
lclavicle -3.85001e-14 -5.95171e-15 -1.3711e-29
lhumerus -41.5146 -18.7054 93.5793
lradius 46.1985 -0 0
lwrist 12.3482 0 0
lhand 2.1268 5.63818 0.17472
lfingers 7.12502 -0 0
lthumb 27.5846 33.2198 0.0371497
rclavicle -3.85001e-14 -5.95171e-15 -1.3711e-29
rhumerus -43.3586 -19.1942 -68.5922
rradius 67.524 -0 0
rwrist -21.459 0 0
rhand -27.3113 -25.2167 0.0488882
rfingers 7.12502 -0 0
rthumb -0.720668 -55.1809 0.0471974
89
root 7.20408 16.6256 -26.9348 -3.46406 5.3824 2.96132
lfemur -11.181 9.64946 -21.3249
ltibia 35.909 -0 0
lfoot -25.4039 -6.98249 -0.754217
ltoes 34.1229 -0 0
rfemur -68.7275 -23.0551 39.2522
rtibia 73.0948 -0 0
rfoot 1.71137 13.4681 3.93309
rtoes -15.1051 0 0
lowerback 9.86755 -1.18897 -7.24638
upperback 2.53733 -2.34818 -0.0334254
thorax -2.42856 -1.07776 4.73207
lowerneck -11.5075 -1.24933 0.32352
upperneck -0.344223 -1.76825 1.76494
head 1.86862 -0.822379 0.443396
lclavicle -3.76595e-14 -5.50667e-15 -1.35968e-29
lhumerus -41.5036 -18.8029 93.5107
lradius 46.3351 -0 0
lwrist 12.4654 0 0
lhand 2.29063 5.66734 0.17326
lfingers 7.12502 -0 0
lthumb 27.7415 33.2263 0.0368393
rclavicle -3.76595e-14 -5.50667e-15 -1.35968e-29
rhumerus -43.3788 -19.3696 -68.3898
rradius 67.8362 -0 0
rwrist -21.8318 0 0
rhand -27.3508 -25.2504 0.0484807
rfingers 7.12502 -0 0
rthumb -0.758871 -55.2146 0.0468039
90
root 7.2155 16.6229 -26.9212 -3.60969 5.48929 3.01557
lfemur -11.0771 9.73647 -21.3272
ltibia 35.917 -0 0
lfoot -25.2486 -7.11651 -0.747487
ltoes 34.0681 -0 0
rfemur -69.3953 -23.2058 39.6196
rtibia 73.5438 -0 0
rfoot 2.09511 13.7553 3.89729
rtoes -15.5432 0 0
lowerback 10.0198 -1.24293 -7.28012
upperback 2.60044 -2.43342 -0.0739501
thorax -2.43604 -1.12184 4.71757
lowerneck -11.5275 -1.23747 0.303428
upperneck -0.331134 -1.75148 1.80244
head 1.87715 -0.81283 0.45933
lclavicle -3.68189e-14 -5.06163e-15 -1.3476e-29
lhumerus -41.4924 -18.9003 93.4421
lradius 46.4717 -0 0
lwrist 12.5826 0 0
lhand 2.45446 5.69649 0.171716
lfingers 7.12502 -0 0
lthumb 27.8983 33.2327 0.0365112
rclavicle -3.68189e-14 -5.06163e-15 -1.3476e-29
rhumerus -43.3998 -19.5449 -68.187
rradius 68.1483 -0 0
rwrist -22.2046 0 0
rhand -27.3904 -25.2842 0.0480499
rfingers 7.12502 -0 0
rthumb -0.797074 -55.2483 0.046388
91
root 7.22692 16.6203 -26.9076 -3.75523 5.59631 3.06955
lfemur -10.9732 9.82349 -21.3294
ltibia 35.925 -0 0
lfoot -25.0933 -7.25052 -0.740394
ltoes 34.0133 -0 0
rfemur -70.0649 -23.3526 39.9894
rtibia 73.9927 -0 0
rfoot 2.47865 14.0422 3.85958
rtoes -15.9812 0 0
lowerback 10.1721 -1.2968 -7.314
upperback 2.66363 -2.51861 -0.114571
thorax -2.44351 -1.16591 4.70308
lowerneck -11.5474 -1.2256 0.283332
upperneck -0.318034 -1.73472 1.83995
head 1.88569 -0.803283 0.475266
lclavicle -3.59784e-14 -4.61659e-15 -1.33487e-29
lhumerus -41.4812 -18.9977 93.3735
lradius 46.6083 -0 0
lwrist 12.6998 0 0
lhand 2.6183 5.72564 0.170089
lfingers 7.12502 -0 0
lthumb 28.0551 33.2392 0.0361654
rclavicle -3.59784e-14 -4.61659e-15 -1.33487e-29
rhumerus -43.4214 -19.7201 -67.984
rradius 68.4605 -0 0
rwrist -22.5774 0 0
rhand -27.4299 -25.3179 0.0475958
rfingers 7.12502 -0 0
rthumb -0.835277 -55.282 0.0459497
92
root 7.23834 16.6176 -26.894 -3.90071 5.70347 3.12328
lfemur -10.8693 9.91051 -21.3314
ltibia 35.933 -0 0
lfoot -24.9381 -7.38451 -0.732938
ltoes 33.9585 -0 0
rfemur -70.7363 -23.4954 40.3615
rtibia 74.4417 -0 0
rfoot 2.86198 14.3289 3.81995
rtoes -16.4193 0 0
lowerback 10.3245 -1.35058 -7.34803
upperback 2.72687 -2.60376 -0.155289
thorax -2.45097 -1.20999 4.6886
lowerneck -11.5674 -1.21375 0.263232
upperneck -0.304923 -1.71797 1.87746
head 1.89422 -0.793739 0.491202
lclavicle -3.51378e-14 -4.17155e-15 -1.32148e-29
lhumerus -41.4698 -19.0952 93.3047
lradius 46.7449 -0 0
lwrist 12.817 0 0
lhand 2.78213 5.75478 0.168379
lfingers 7.12502 -0 0
lthumb 28.212 33.2457 0.0358018
rclavicle -3.51378e-14 -4.17155e-15 -1.32148e-29
rhumerus -43.4436 -19.8953 -67.7807
rradius 68.7726 -0 0
rwrist -22.9502 0 0
rhand -27.4695 -25.3516 0.0471184
rfingers 7.12502 -0 0
rthumb -0.87348 -55.3157 0.0454888
93
root 7.24976 16.6149 -26.8805 -4.04611 5.81077 3.17674
lfemur -10.7653 9.99754 -21.3333
ltibia 35.941 -0 0
lfoot -24.7828 -7.51847 -0.725119
ltoes 33.9038 -0 0
rfemur -71.4094 -23.6341 40.7357
rtibia 74.8906 -0 0
rfoot 3.24509 14.6152 3.7784
rtoes -16.8573 0 0
lowerback 10.4769 -1.40427 -7.38219
upperback 2.79018 -2.68886 -0.196104
thorax -2.45842 -1.25408 4.67412
lowerneck -11.5874 -1.2019 0.243127
upperneck -0.291801 -1.70123 1.91497
head 1.90277 -0.784198 0.507141
lclavicle -3.42972e-14 -3.72651e-15 -1.30744e-29
lhumerus -41.4582 -19.1926 93.2359
lradius 46.8815 -0 0
lwrist 12.9342 0 0
lhand 2.94596 5.78392 0.166585
lfingers 7.12502 -0 0
lthumb 28.3688 33.2522 0.0354206
rclavicle -3.42972e-14 -3.72651e-15 -1.30744e-29
rhumerus -43.4666 -20.0703 -67.5771
rradius 69.0847 -0 0
rwrist -23.323 0 0
rhand -27.5091 -25.3853 0.0466178
rfingers 7.12502 -0 0
rthumb -0.911682 -55.3494 0.0450055
94
root 7.26118 16.6123 -26.8669 -4.19143 5.9182 3.22993
lfemur -10.6614 10.0846 -21.335
ltibia 35.949 -0 0
lfoot -24.6276 -7.65242 -0.716937
ltoes 33.849 -0 0
rfemur -72.0842 -23.7689 41.1121
rtibia 75.3396 -0 0
rfoot 3.62797 14.9013 3.73495
rtoes -17.2954 0 0
lowerback 10.6293 -1.45787 -7.41651
upperback 2.85356 -2.77392 -0.237016
thorax -2.46586 -1.29816 4.65965
lowerneck -11.6073 -1.19006 0.223019
upperneck -0.278668 -1.6845 1.95249
head 1.91131 -0.774658 0.52308
lclavicle -3.34567e-14 -3.28147e-15 -1.29275e-29
lhumerus -41.4466 -19.29 93.1671
lradius 47.0181 -0 0
lwrist 13.0514 0 0
lhand 3.10979 5.81305 0.164708
lfingers 7.12502 -0 0
lthumb 28.5257 33.2586 0.0350216
rclavicle -3.34567e-14 -3.28147e-15 -1.29275e-29
rhumerus -43.4903 -20.2453 -67.3732
rradius 69.3969 -0 0
rwrist -23.6957 0 0
rhand -27.5486 -25.4191 0.0460939
rfingers 7.12502 -0 0
rthumb -0.949885 -55.3831 0.0444997
95
root 7.27261 16.6096 -26.8533 -4.33669 6.02576 3.28287
lfemur -10.5574 10.1716 -21.3365
ltibia 35.957 -0 0
lfoot -24.4724 -7.78634 -0.708392
ltoes 33.7942 -0 0
rfemur -72.7606 -23.8995 41.4906
rtibia 75.7885 -0 0
rfoot 4.0106 15.187 3.68959
rtoes -17.7334 0 0
lowerback 10.7818 -1.51138 -7.45096
upperback 2.917 -2.85893 -0.278025
thorax -2.47329 -1.34225 4.64519
lowerneck -11.6273 -1.17823 0.202907
upperneck -0.265524 -1.66777 1.99001
head 1.91986 -0.765122 0.539021
lclavicle -3.26161e-14 -2.83643e-15 -1.27741e-29
lhumerus -41.4348 -19.3873 93.0982
lradius 47.1547 -0 0
lwrist 13.1686 0 0
lhand 3.27362 5.84218 0.162748
lfingers 7.12502 -0 0
lthumb 28.6825 33.2651 0.0346049
rclavicle -3.26161e-14 -2.83643e-15 -1.27741e-29
rhumerus -43.5146 -20.4202 -67.169
rradius 69.709 -0 0
rwrist -24.0685 0 0
rhand -27.5882 -25.4528 0.0455466
rfingers 7.12502 -0 0
rthumb -0.988086 -55.4168 0.0439714
96
root 7.28403 16.6069 -26.8397 -4.48187 6.13346 3.33553
lfemur -10.4533 10.2586 -21.3379
ltibia 35.965 -0 0
lfoot -24.3172 -7.92024 -0.699485
ltoes 33.7394 -0 0
rfemur -73.4386 -24.0261 41.8711
rtibia 76.2375 -0 0
rfoot 4.39299 15.4725 3.64233
rtoes -18.1715 0 0
lowerback 10.9343 -1.56479 -7.48556
upperback 2.9805 -2.9439 -0.319132
thorax -2.48071 -1.38633 4.63073
lowerneck -11.6473 -1.1664 0.182791
upperneck -0.25237 -1.65106 2.02754
head 1.92841 -0.755587 0.554963
lclavicle -3.17755e-14 -2.39139e-15 -1.26141e-29
lhumerus -41.4228 -19.4847 93.0292
lradius 47.2913 -0 0
lwrist 13.2857 0 0
lhand 3.43744 5.8713 0.160705
lfingers 7.12502 -0 0
lthumb 28.8393 33.2716 0.0341706
rclavicle -3.17755e-14 -2.39139e-15 -1.26141e-29
rhumerus -43.5397 -20.5951 -66.9645
rradius 70.0211 -0 0
rwrist -24.4413 0 0
rhand -27.6277 -25.4865 0.0449761
rfingers 7.12502 -0 0
rthumb -1.02629 -55.4506 0.0434206
97
root 7.29545 16.6042 -26.8262 -4.62699 6.24129 3.38794
lfemur -10.3493 10.3457 -21.3392
ltibia 35.973 -0 0
lfoot -24.162 -8.05411 -0.690215
ltoes 33.6846 -0 0
rfemur -74.1182 -24.1485 42.2536
rtibia 76.6864 -0 0
rfoot 4.77511 15.7576 3.59317
rtoes -18.6095 0 0
lowerback 11.0868 -1.61811 -7.5203
upperback 3.04408 -3.02882 -0.360336
thorax -2.48811 -1.43042 4.61627
lowerneck -11.6672 -1.15458 0.16267
upperneck -0.239204 -1.63435 2.06507
head 1.93696 -0.746055 0.570907
lclavicle -3.0935e-14 -1.94635e-15 -1.24477e-29
lhumerus -41.4108 -19.5821 92.9602
lradius 47.4279 -0 0
lwrist 13.4029 0 0
lhand 3.60127 5.90042 0.158578
lfingers 7.12502 -0 0
lthumb 28.9962 33.278 0.0337185
rclavicle -3.0935e-14 -1.94635e-15 -1.24477e-29
rhumerus -43.5654 -20.7698 -66.7597
rradius 70.3333 -0 0
rwrist -24.8141 0 0
rhand -27.6673 -25.5202 0.0443823
rfingers 7.12502 -0 0
rthumb -1.06449 -55.4843 0.0428474
98
root 7.30687 16.6016 -26.8126 -4.77203 6.34925 3.44008
lfemur -10.2452 10.4327 -21.3402
ltibia 35.981 -0 0
lfoot -24.0069 -8.18796 -0.680582
ltoes 33.6299 -0 0
rfemur -74.7993 -24.2668 42.638
rtibia 77.1354 -0 0
rfoot 5.15696 16.0423 3.54212
rtoes -19.0476 0 0
lowerback 11.2394 -1.67134 -7.55519
upperback 3.10771 -3.11369 -0.401637
thorax -2.49551 -1.47451 4.60182
lowerneck -11.6872 -1.14277 0.142546
upperneck -0.226028 -1.61765 2.1026
head 1.94551 -0.736525 0.586852
lclavicle -3.00944e-14 -1.50131e-15 -1.22746e-29
lhumerus -41.3986 -19.6794 92.8911
lradius 47.5645 -0 0
lwrist 13.5201 0 0
lhand 3.76509 5.92953 0.156368
lfingers 7.12502 -0 0
lthumb 29.153 33.2845 0.0332487
rclavicle -3.00944e-14 -1.50131e-15 -1.22746e-29
rhumerus -43.5919 -20.9445 -66.5545
rradius 70.6454 -0 0
rwrist -25.1869 0 0
rhand -27.7068 -25.554 0.0437653
rfingers 7.12502 -0 0
rthumb -1.10269 -55.518 0.0422516
99
root 7.31829 16.5989 -26.799 -4.91701 6.45734 3.49196
lfemur -10.1411 10.5197 -21.3411
ltibia 35.989 -0 0
lfoot -23.8518 -8.32178 -0.670587
ltoes 33.5751 -0 0
rfemur -75.4819 -24.3808 43.0243
rtibia 77.5843 -0 0
rfoot 5.53854 16.3267 3.48917
rtoes -19.4856 0 0
lowerback 11.392 -1.72448 -7.59022
upperback 3.17142 -3.19852 -0.443036
thorax -2.50289 -1.51861 4.58738
lowerneck -11.7072 -1.13096 0.122418
upperneck -0.212841 -1.60096 2.14014
head 1.95407 -0.726998 0.602798
lclavicle -2.92538e-14 -1.05627e-15 -1.20951e-29
lhumerus -41.3862 -19.7767 92.8219
lradius 47.7011 -0 0
lwrist 13.6373 0 0
lhand 3.92892 5.95863 0.154074
lfingers 7.12502 -0 0
lthumb 29.3099 33.291 0.0327612
rclavicle -2.92538e-14 -1.05627e-15 -1.20951e-29
rhumerus -43.619 -21.119 -66.349
rradius 70.9575 -0 0
rwrist -25.5597 0 0
rhand -27.7464 -25.5877 0.0431249
rfingers 7.12502 -0 0
rthumb -1.14089 -55.5517 0.0416335
100
root 7.32971 16.5962 -26.7854 -5.06192 6.56556 3.54357
lfemur -10.037 10.6068 -21.3419
ltibia 35.997 -0 0
lfoot -23.6967 -8.45557 -0.66023
ltoes 33.5203 -0 0
rfemur -76.1659 -24.4907 43.4124
rtibia 78.0333 -0 0
rfoot 5.91982 16.6107 3.43433
rtoes -19.9237 0 0
lowerback 11.5446 -1.77752 -7.62539
upperback 3.23519 -3.28331 -0.484533
thorax -2.51027 -1.5627 4.57294
lowerneck -11.7272 -1.11916 0.102285
upperneck -0.199643 -1.58428 2.17768
head 1.96263 -0.717473 0.618746
lclavicle -2.84132e-14 -6.11231e-16 -1.1909e-29
lhumerus -41.3738 -19.874 92.7527
lradius 47.8377 -0 0
lwrist 13.7545 0 0
lhand 4.09274 5.98773 0.151698
lfingers 7.12502 -0 0
lthumb 29.4667 33.2974 0.032256
rclavicle -2.84132e-14 -6.11231e-16 -1.1909e-29
rhumerus -43.6469 -21.2935 -66.1432
rradius 71.2697 -0 0
rwrist -25.9325 0 0
rhand -27.7859 -25.6214 0.0424613
rfingers 7.12502 -0 0
rthumb -1.17909 -55.5854 0.0409928
101
root 7.34113 16.5936 -26.7719 -5.20676 6.67391 3.59492
lfemur -9.93281 10.6938 -21.3425
ltibia 36.005 -0 0
lfoot -23.5416 -8.58933 -0.649511
ltoes 33.4655 -0 0
rfemur -76.8514 -24.5964 43.8023
rtibia 78.4822 -0 0
rfoot 6.3008 16.8943 3.37761
rtoes -20.3617 0 0
lowerback 11.6973 -1.83047 -7.6607
upperback 3.29903 -3.36804 -0.526129
thorax -2.51763 -1.6068 4.5585
lowerneck -11.7472 -1.10737 0.0821486
upperneck -0.186435 -1.56761 2.21522
head 1.97119 -0.707951 0.634695
lclavicle -2.75727e-14 -1.66191e-16 -1.17164e-29
lhumerus -41.3612 -19.9713 92.6834
lradius 47.9742 -0 0
lwrist 13.8717 0 0
lhand 4.25656 6.01682 0.149238
lfingers 7.12502 -0 0
lthumb 29.6235 33.3039 0.0317332
rclavicle -2.75727e-14 -1.66191e-16 -1.17164e-29
rhumerus -43.6754 -21.4679 -65.937
rradius 71.5818 -0 0
rwrist -26.3053 0 0
rhand -27.8255 -25.6551 0.0417744
rfingers 7.12502 -0 0
rthumb -1.21729 -55.6191 0.0403296
102
root 7.35255 16.5909 -26.7583 -5.35154 6.78239 3.646
lfemur -9.82862 10.7809 -21.3429
ltibia 36.013 -0 0
lfoot -23.3866 -8.72307 -0.63843
ltoes 33.4107 -0 0
rfemur -77.5381 -24.6978 44.1938
rtibia 78.9312 -0 0
rfoot 6.68148 17.1775 3.31901
rtoes -20.7998 0 0
lowerback 11.85 -1.88333 -7.69615
upperback 3.36294 -3.45274 -0.567822
thorax -2.52498 -1.6509 4.54407
lowerneck -11.7672 -1.09559 0.0620081
upperneck -0.173215 -1.55095 2.25277
head 1.97976 -0.698431 0.650645
lclavicle -2.67321e-14 2.78849e-16 -1.15173e-29
lhumerus -41.3485 -20.0686 92.614
lradius 48.1108 -0 0
lwrist 13.9889 0 0
lhand 4.42038 6.0459 0.146695
lfingers 7.12502 -0 0
lthumb 29.7804 33.3103 0.0311926
rclavicle -2.67321e-14 2.78849e-16 -1.15173e-29
rhumerus -43.7047 -21.6422 -65.7305
rradius 71.8939 -0 0
rwrist -26.6781 0 0
rhand -27.865 -25.6888 0.0410642
rfingers 7.12502 -0 0
rthumb -1.25549 -55.6528 0.039644
103
root 7.36397 16.5882 -26.7447 -5.49625 6.891 3.69682
lfemur -9.7244 10.8679 -21.3431
ltibia 36.021 -0 0
lfoot -23.2316 -8.85677 -0.626987
ltoes 33.356 -0 0
rfemur -78.2262 -24.7949 44.587
rtibia 79.3801 -0 0
rfoot 7.06183 17.4603 3.25853
rtoes -21.2378 0 0
lowerback 12.0027 -1.93609 -7.73175
upperback 3.42691 -3.53738 -0.609614
thorax -2.53232 -1.695 4.52965
lowerneck -11.7872 -1.08381 0.0418636
upperneck -0.159985 -1.53429 2.29032
head 1.98832 -0.688913 0.666597
lclavicle -2.58915e-14 7.2389e-16 -1.13116e-29
lhumerus -41.3356 -20.1659 92.5446
lradius 48.2474 -0 0
lwrist 14.106 0 0
lhand 4.5842 6.07498 0.14407
lfingers 7.12502 -0 0
lthumb 29.9372 33.3168 0.0306344
rclavicle -2.58915e-14 7.2389e-16 -1.13116e-29
rhumerus -43.7347 -21.8164 -65.5237
rradius 72.2061 -0 0
rwrist -27.0509 0 0
rhand -27.9046 -25.7226 0.0403308
rfingers 7.12502 -0 0
rthumb -1.29369 -55.6865 0.0389359
104
root 7.37539 16.5856 -26.7311 -5.6409 6.99973 3.74737
lfemur -9.62015 10.955 -21.3433
ltibia 36.029 -0 0
lfoot -23.0766 -8.99044 -0.615183
ltoes 33.3012 -0 0
rfemur -78.9155 -24.8877 44.9817
rtibia 79.8291 -0 0
rfoot 7.44187 17.7427 3.19618
rtoes -21.6759 0 0
lowerback 12.1555 -1.98875 -7.76749
upperback 3.49095 -3.62198 -0.651504
thorax -2.53965 -1.7391 4.51523
lowerneck -11.8072 -1.07204 0.021715
upperneck -0.146744 -1.51764 2.32787
head 1.99689 -0.679398 0.68255
lclavicle -2.5051e-14 1.16893e-15 -1.10994e-29
lhumerus -41.3226 -20.2631 92.4751
lradius 48.384 -0 0
lwrist 14.2232 0 0
lhand 4.74802 6.10404 0.14136
lfingers 7.12502 -0 0
lthumb 30.0941 33.3233 0.0300585
rclavicle -2.5051e-14 1.16893e-15 -1.10994e-29
rhumerus -43.7654 -21.9904 -65.3165
rradius 72.5182 -0 0
rwrist -27.4237 0 0
rhand -27.9441 -25.7563 0.039574
rfingers 7.12502 -0 0
rthumb -1.33189 -55.7202 0.0382054
105
root 7.38682 16.5829 -26.7176 -5.78549 7.10859 3.79766
lfemur -9.51586 11.042 -21.3432
ltibia 36.037 -0 0
lfoot -22.9216 -9.12408 -0.603017
ltoes 33.2464 -0 0
rfemur -79.606 -24.9762 45.3779
rtibia 80.2781 -0 0
rfoot 7.82156 18.0247 3.13197
rtoes -22.1139 0 0
lowerback 12.3084 -2.04132 -7.80337
upperback 3.55506 -3.70653 -0.693493
thorax -2.54697 -1.78321 4.50082
lowerneck -11.8272 -1.06028 0.00156236
upperneck -0.133492 -1.50101 2.36543
head 2.00547 -0.669885 0.698504
lclavicle -2.42104e-14 1.61397e-15 -1.08807e-29
lhumerus -41.3095 -20.3604 92.4056
lradius 48.5206 -0 0
lwrist 14.3404 0 0
lhand 4.91183 6.1331 0.138568
lfingers 7.12502 -0 0
lthumb 30.2509 33.3297 0.0294649
rclavicle -2.42104e-14 1.61397e-15 -1.08807e-29
rhumerus -43.7968 -22.1644 -65.1089
rradius 72.8303 -0 0
rwrist -27.7965 0 0
rhand -27.9837 -25.79 0.038794
rfingers 7.12502 -0 0
rthumb -1.37009 -55.7539 0.0374523
106
root 7.39824 16.5802 -26.704 -5.93001 7.21758 3.84768
lfemur -9.41155 11.1291 -21.343
ltibia 36.045 -0 0
lfoot -22.7667 -9.25768 -0.59049
ltoes 33.1916 -0 0
rfemur -80.2976 -25.0604 45.7756
rtibia 80.727 -0 0
rfoot 8.20091 18.3062 3.06589
rtoes -22.5519 0 0
lowerback 12.4612 -2.0938 -7.83939
upperback 3.61924 -3.79103 -0.735581
thorax -2.55427 -1.82731 4.48641
lowerneck -11.8472 -1.04852 -0.0185943
upperneck -0.120229 -1.48438 2.40299
head 2.01404 -0.660374 0.71446
lclavicle -2.33698e-14 2.05901e-15 -1.06554e-29
lhumerus -41.2962 -20.4576 92.3359
lradius 48.6572 -0 0
lwrist 14.4576 0 0
lhand 5.07565 6.16216 0.135693
lfingers 7.12502 -0 0
lthumb 30.4077 33.3362 0.0288537
rclavicle -2.33698e-14 2.05901e-15 -1.06554e-29
rhumerus -43.8289 -22.3383 -64.901
rradius 73.1425 -0 0
rwrist -28.1693 0 0
rhand -28.0232 -25.8237 0.0379907
rfingers 7.12502 -0 0
rthumb -1.40828 -55.7876 0.0366768
107
root 7.40966 16.5776 -26.6904 -6.07448 7.32669 3.89744
lfemur -9.30721 11.2161 -21.3426
ltibia 36.053 -0 0
lfoot -22.6118 -9.39125 -0.577601
ltoes 33.1369 -0 0
rfemur -80.9904 -25.1402 46.1746
rtibia 81.176 -0 0
rfoot 8.57991 18.5872 2.99795
rtoes -22.99 0 0
lowerback 12.6141 -2.14618 -7.87555
upperback 3.68348 -3.87549 -0.777768
thorax -2.56157 -1.87142 4.47201
lowerneck -11.8672 -1.03677 -0.038755
upperneck -0.106956 -1.46776 2.44055
head 2.02262 -0.650866 0.730417
lclavicle -2.25293e-14 2.50405e-15 -1.04236e-29
lhumerus -41.2828 -20.5548 92.2662
lradius 48.7938 -0 0
lwrist 14.5748 0 0
lhand 5.23946 6.1912 0.132735
lfingers 7.12502 -0 0
lthumb 30.5646 33.3426 0.0282248
rclavicle -2.25293e-14 2.50405e-15 -1.04236e-29
rhumerus -43.8618 -22.5121 -64.6927
rradius 73.4546 -0 0
rwrist -28.5421 0 0
rhand -28.0628 -25.8575 0.0371641
rfingers 7.12502 -0 0
rthumb -1.44648 -55.8213 0.0358788
108
root 7.42108 16.5749 -26.6768 -6.21888 7.43592 3.94694
lfemur -9.20283 11.3031 -21.342
ltibia 36.061 -0 0
lfoot -22.4569 -9.52479 -0.564352
ltoes 33.0821 -0 0
rfemur -81.6842 -25.2156 46.5749
rtibia 81.6249 -0 0
rfoot 8.95855 18.8677 2.92815
rtoes -23.428 0 0
lowerback 12.7671 -2.19846 -7.91185
upperback 3.7478 -3.9599 -0.820054
thorax -2.56886 -1.91553 4.45762
lowerneck -11.8873 -1.02503 -0.0589197
upperneck -0.0936712 -1.45115 2.47812
head 2.0312 -0.641361 0.746376
lclavicle -2.16887e-14 2.94909e-15 -1.01853e-29
lhumerus -41.2693 -20.652 92.1965
lradius 48.9304 -0 0
lwrist 14.692 0 0
lhand 5.40327 6.22023 0.129693
lfingers 7.12502 -0 0
lthumb 30.7214 33.3491 0.0275783
rclavicle -2.16887e-14 2.94909e-15 -1.01853e-29
rhumerus -43.8953 -22.6857 -64.4841
rradius 73.7667 -0 0
rwrist -28.9149 0 0
rhand -28.1023 -25.8912 0.0363143
rfingers 7.12502 -0 0
rthumb -1.48468 -55.8551 0.0350584
109
root 7.4325 16.5722 -26.6633 -6.36323 7.54528 3.99616
lfemur -9.09843 11.3902 -21.3413
ltibia 36.069 -0 0
lfoot -22.3021 -9.65828 -0.550741
ltoes 33.0273 -0 0
rfemur -82.3789 -25.2866 46.9764
rtibia 82.0739 -0 0
rfoot 9.33681 19.1478 2.85651
rtoes -23.8661 0 0
lowerback 12.92 -2.25064 -7.9483
upperback 3.81218 -4.04426 -0.86244
thorax -2.57613 -1.95964 4.44322
lowerneck -11.9073 -1.01329 -0.0790884
upperneck -0.0803761 -1.43454 2.51569
head 2.03978 -0.631857 0.762336
lclavicle -2.08481e-14 3.39413e-15 -9.9405e-30
lhumerus -41.2556 -20.7492 92.1266
lradius 49.067 -0 0
lwrist 14.8092 0 0
lhand 5.56708 6.24926 0.126569
lfingers 7.12502 -0 0
lthumb 30.8783 33.3555 0.0269141
rclavicle -2.08481e-14 3.39413e-15 -9.9405e-30
rhumerus -43.9297 -22.8593 -64.2751
rradius 74.0789 -0 0
rwrist -29.2877 0 0
rhand -28.1419 -25.9249 0.0354412
rfingers 7.12502 -0 0
rthumb -1.52287 -55.8888 0.0342155
110
root 7.44392 16.5695 -26.6497 -6.50751 7.65476 4.04513
lfemur -8.99398 11.4772 -21.3405
ltibia 36.077 -0 0
lfoot -22.1473 -9.79174 -0.53677
ltoes 32.9725 -0 0
rfemur -83.0746 -25.3532 47.3791
rtibia 82.5228 -0 0
rfoot 9.7147 19.4274 2.78302
rtoes -24.3041 0 0
lowerback 13.0731 -2.30273 -7.98488
upperback 3.87664 -4.12858 -0.904924
thorax -2.5834 -2.00376 4.42884
lowerneck -11.9273 -1.00156 -0.0992612
upperneck -0.0670702 -1.41795 2.55327
head 2.04837 -0.622356 0.778297
lclavicle -2.00075e-14 3.83917e-15 -9.68913e-30
lhumerus -41.2418 -20.8464 92.0567
lradius 49.2036 -0 0
lwrist 14.9264 0 0
lhand 5.73089 6.27828 0.123362
lfingers 7.12502 -0 0
lthumb 31.0351 33.362 0.0262322
rclavicle -2.00075e-14 3.83917e-15 -9.68913e-30
rhumerus -43.9647 -23.0327 -64.0657
rradius 74.391 -0 0
rwrist -29.6605 0 0
rhand -28.1814 -25.9586 0.0345448
rfingers 7.12502 -0 0
rthumb -1.56107 -55.9225 0.0333501
111
root 7.45534 16.5669 -26.6361 -6.65174 7.76436 4.09382
lfemur -8.88951 11.5643 -21.3394
ltibia 36.085 -0 0
lfoot -21.9925 -9.92516 -0.522439
ltoes 32.9177 -0 0
rfemur -83.7712 -25.4154 47.7828
rtibia 82.9718 -0 0
rfoot 10.0922 19.7064 2.7077
rtoes -24.7422 0 0
lowerback 13.2261 -2.35472 -8.02161
upperback 3.94116 -4.21285 -0.947509
thorax -2.59065 -2.04787 4.41446
lowerneck -11.9473 -0.989842 -0.119438
upperneck -0.0537535 -1.40136 2.59084
head 2.05696 -0.612858 0.79426
lclavicle -1.9167e-14 4.28421e-15 -9.43123e-30
lhumerus -41.2279 -20.9435 91.9868
lradius 49.3402 -0 0
lwrist 15.0435 0 0
lhand 5.8947 6.30728 0.120072
lfingers 7.12502 -0 0
lthumb 31.192 33.3684 0.0255327
rclavicle -1.9167e-14 4.28421e-15 -9.43123e-30
rhumerus -44.0005 -23.206 -63.8559
rradius 74.7032 -0 0
rwrist -30.0333 0 0
rhand -28.221 -25.9923 0.0336251
rfingers 7.12502 -0 0
rthumb -1.59926 -55.9562 0.0324622
112
root 7.46676 16.5642 -26.6225 -6.79592 7.87409 4.14225
lfemur -8.785 11.6513 -21.3382
ltibia 36.093 -0 0
lfoot -21.8378 -10.0585 -0.507747
ltoes 32.863 -0 0
rfemur -84.4685 -25.4732 48.1876
rtibia 83.4207 -0 0
rfoot 10.4693 19.985 2.63054
rtoes -25.1802 0 0
lowerback 13.3792 -2.40661 -8.05847
upperback 4.00575 -4.29707 -0.990193
thorax -2.59789 -2.09199 4.40008
lowerneck -11.9674 -0.978128 -0.139619
upperneck -0.040426 -1.38479 2.62843
head 2.06555 -0.603362 0.810224
lclavicle -1.83264e-14 4.72925e-15 -9.1668e-30
lhumerus -41.2138 -21.0406 91.9167
lradius 49.4768 -0 0
lwrist 15.1607 0 0
lhand 6.0585 6.33628 0.116698
lfingers 7.12502 -0 0
lthumb 31.3488 33.3748 0.0248156
rclavicle -1.83264e-14 4.72925e-15 -9.1668e-30
rhumerus -44.037 -23.3792 -63.6457
rradius 75.0153 -0 0
rwrist -30.406 0 0
rhand -28.2605 -26.026 0.0326821
rfingers 7.12502 -0 0
rthumb -1.63746 -55.9899 0.0315519
113
root 7.47818 16.5615 -26.609 -6.94003 7.98393 4.19042
lfemur -8.68045 11.7383 -21.3369
ltibia 36.101 -0 0
lfoot -21.6831 -10.1919 -0.492695
ltoes 32.8082 -0 0
rfemur -85.1667 -25.5265 48.5933
rtibia 83.8697 -0 0
rfoot 10.846 20.263 2.55155
rtoes -25.6183 0 0
lowerback 13.5324 -2.4584 -8.09548
upperback 4.07041 -4.38124 -1.03298
thorax -2.60512 -2.13611 4.38571
lowerneck -11.9874 -0.966421 -0.159804
upperneck -0.0270877 -1.36822 2.66601
head 2.07414 -0.593869 0.826189
lclavicle -1.74858e-14 5.17429e-15 -8.89585e-30
lhumerus -41.1996 -21.1378 91.8466
lradius 49.6134 -0 0
lwrist 15.2779 0 0
lhand 6.22231 6.36527 0.113242
lfingers 7.12502 -0 0
lthumb 31.5056 33.3813 0.0240808
rclavicle -1.74858e-14 5.17429e-15 -8.89585e-30
rhumerus -44.0742 -23.5522 -63.4351
rradius 75.3274 -0 0
rwrist -30.7788 0 0
rhand -28.3001 -26.0598 0.0317159
rfingers 7.12502 -0 0
rthumb -1.67565 -56.0236 0.0306191
114
root 7.4896 16.5589 -26.5954 -7.0841 8.0939 4.23832
lfemur -8.57588 11.8254 -21.3354
ltibia 36.109 -0 0
lfoot -21.5284 -10.3252 -0.477283
ltoes 32.7534 -0 0
rfemur -85.8655 -25.5753 48.9999
rtibia 84.3186 -0 0
rfoot 11.2223 20.5405 2.47074
rtoes -26.0563 0 0
lowerback 13.6855 -2.51009 -8.13262
upperback 4.13515 -4.46536 -1.07586
thorax -2.61234 -2.18023 4.37135
lowerneck -12.0075 -0.954721 -0.179993
upperneck -0.0137387 -1.35166 2.7036
head 2.08274 -0.584377 0.842155
lclavicle -1.66453e-14 5.61933e-15 -8.61836e-30
lhumerus -41.1853 -21.2348 91.7764
lradius 49.75 -0 0
lwrist 15.3951 0 0
lhand 6.38611 6.39425 0.109704
lfingers 7.12502 -0 0
lthumb 31.6625 33.3877 0.0233284
rclavicle -1.66453e-14 5.61933e-15 -8.61836e-30
rhumerus -44.1122 -23.7251 -63.2241
rradius 75.6396 -0 0
rwrist -31.1516 0 0
rhand -28.3396 -26.0935 0.0307265
rfingers 7.12502 -0 0
rthumb -1.71385 -56.0573 0.0296639
115
root 7.50103 16.5562 -26.5818 -7.22811 8.20398 4.28595
lfemur -8.47126 11.9124 -21.3337
ltibia 36.117 -0 0
lfoot -21.3738 -10.4584 -0.461512
ltoes 32.6986 -0 0
rfemur -86.565 -25.6196 49.4072
rtibia 84.7676 -0 0
rfoot 11.5982 20.8174 2.38811
rtoes -26.4944 0 0
lowerback 13.8387 -2.56169 -8.16991
upperback 4.19995 -4.54943 -1.11885
thorax -2.61955 -2.22435 4.35699
lowerneck -12.0275 -0.943028 -0.200185
upperneck -0.000378833 -1.33511 2.7412
head 2.09134 -0.574889 0.858123
lclavicle -1.58047e-14 6.06437e-15 -8.33435e-30
lhumerus -41.1708 -21.3319 91.7061
lradius 49.8866 -0 0
lwrist 15.5123 0 0
lhand 6.54991 6.42322 0.106082
lfingers 7.12502 -0 0
lthumb 31.8193 33.3942 0.0225584
rclavicle -1.58047e-14 6.06437e-15 -8.33435e-30
rhumerus -44.151 -23.8979 -63.0127
rradius 75.9517 -0 0
rwrist -31.5244 0 0
rhand -28.3792 -26.1272 0.0297137
rfingers 7.12502 -0 0
rthumb -1.75204 -56.091 0.0286861
116
root 7.51245 16.5535 -26.5682 -7.37207 8.31418 4.33332
lfemur -8.36661 11.9994 -21.3318
ltibia 36.125 -0 0
lfoot -21.2192 -10.5917 -0.445381
ltoes 32.6438 -0 0
rfemur -87.265 -25.6595 49.8153
rtibia 85.2165 -0 0
rfoot 11.9736 21.0937 2.30367
rtoes -26.9324 0 0
lowerback 13.992 -2.61318 -8.20733
upperback 4.26482 -4.63346 -1.16193
thorax -2.62675 -2.26847 4.34263
lowerneck -12.0476 -0.931342 -0.220382
upperneck 0.0129918 -1.31857 2.77879
head 2.09994 -0.565402 0.874093
lclavicle -1.49641e-14 6.50941e-15 -8.0438e-30
lhumerus -41.1562 -21.429 91.6358
lradius 50.0231 -0 0
lwrist 15.6295 0 0
lhand 6.71371 6.45217 0.102377
lfingers 7.12502 -0 0
lthumb 31.9762 33.4006 0.0217708
rclavicle -1.49641e-14 6.50941e-15 -8.0438e-30
rhumerus -44.1905 -24.0706 -62.8009
rradius 76.2638 -0 0
rwrist -31.8972 0 0
rhand -28.4187 -26.1609 0.0286777
rfingers 7.12502 -0 0
rthumb -1.79023 -56.1247 0.0276859
117
root 7.52387 16.5509 -26.5547 -7.51597 8.4245 4.38041
lfemur -8.26192 12.0864 -21.3298
ltibia 36.133 -0 0
lfoot -21.0646 -10.7248 -0.42889
ltoes 32.5891 -0 0
rfemur -87.9656 -25.6949 50.224
rtibia 85.6655 -0 0
rfoot 12.3486 21.3695 2.21742
rtoes -27.3705 0 0
lowerback 14.1453 -2.66457 -8.2449
upperback 4.32977 -4.71744 -1.20512
thorax -2.63394 -2.3126 4.32828
lowerneck -12.0676 -0.919663 -0.240583
upperneck 0.0263731 -1.30203 2.81639
head 2.10854 -0.555918 0.890064
lclavicle -1.41235e-14 6.95445e-15 -7.74673e-30
lhumerus -41.1414 -21.526 91.5654
lradius 50.1597 -0 0
lwrist 15.7467 0 0
lhand 6.8775 6.48112 0.09859
lfingers 7.12502 -0 0
lthumb 32.133 33.407 0.0209656
rclavicle -1.41235e-14 6.95445e-15 -7.74673e-30
rhumerus -44.2307 -24.2431 -62.5887
rradius 76.576 -0 0
rwrist -32.27 0 0
rhand -28.4582 -26.1946 0.0276184
rfingers 7.12502 -0 0
rthumb -1.82842 -56.1584 0.0266633
118
root 7.53529 16.5482 -26.5411 -7.65983 8.53493 4.42725
lfemur -8.1572 12.1735 -21.3277
ltibia 36.141 -0 0
lfoot -20.9101 -10.858 -0.412041
ltoes 32.5343 -0 0
rfemur -88.6666 -25.7257 50.6332
rtibia 86.1144 -0 0
rfoot 12.7232 21.6447 2.12937
rtoes -27.8085 0 0
lowerback 14.2986 -2.71587 -8.2826
upperback 4.39479 -4.80137 -1.2484
thorax -2.64111 -2.35673 4.31394
lowerneck -12.0877 -0.907991 -0.260788
upperneck 0.0397652 -1.28551 2.854
head 2.11715 -0.546437 0.906036
lclavicle -1.3283e-14 7.39949e-15 -7.44313e-30
lhumerus -41.1265 -21.6231 91.4949
lradius 50.2963 -0 0
lwrist 15.8639 0 0
lhand 7.04129 6.51006 0.0947199
lfingers 7.12502 -0 0
lthumb 32.2898 33.4135 0.0201427
rclavicle -1.3283e-14 7.39949e-15 -7.44313e-30
rhumerus -44.2717 -24.4155 -62.3761
rradius 76.8881 -0 0
rwrist -32.6428 0 0
rhand -28.4978 -26.2283 0.0265358
rfingers 7.12502 -0 0
rthumb -1.86661 -56.1921 0.0256182
119
root 7.54671 16.5455 -26.5275 -7.80364 8.64548 4.47381
lfemur -8.05243 12.2605 -21.3253
ltibia 36.149 -0 0
lfoot -20.7556 -10.991 -0.394833
ltoes 32.4795 -0 0
rfemur -89.368 -25.752 51.043
rtibia 86.5634 -0 0
rfoot 13.0973 21.9193 2.03952
rtoes -28.2466 0 0
lowerback 14.452 -2.76706 -8.32044
upperback 4.45988 -4.88525 -1.29179
thorax -2.64828 -2.40086 4.2996
lowerneck -12.1078 -0.896326 -0.280997
upperneck 0.0531681 -1.26899 2.8916
head 2.12576 -0.536958 0.922009
lclavicle -1.24424e-14 7.84453e-15 -7.133e-30
lhumerus -41.1115 -21.7201 91.4244
lradius 50.4329 -0 0
lwrist 15.981 0 0
lhand 7.20509 6.53898 0.0907672
lfingers 7.12502 -0 0
lthumb 32.4467 33.4199 0.0193023
rclavicle -1.24424e-14 7.84453e-15 -7.133e-30
rhumerus -44.3135 -24.5878 -62.163
rradius 77.2002 -0 0
rwrist -33.0156 0 0
rhand -28.5373 -26.262 0.02543
rfingers 7.12502 -0 0
rthumb -1.9048 -56.2258 0.0245506
120
root 7.55813 16.5428 -26.5139 -7.9474 8.75615 4.52011
lfemur -7.94763 12.3475 -21.3228
ltibia 36.157 -0 0
lfoot -20.6012 -11.1241 -0.377266
ltoes 32.4247 -0 0
rfemur -90.0698 -25.7739 51.4531
rtibia 87.0123 -0 0
rfoot 13.471 22.1933 1.94789
rtoes -28.6846 0 0
lowerback 14.6054 -2.81815 -8.35842
upperback 4.52504 -4.96908 -1.33528
thorax -2.65544 -2.44499 4.28526
lowerneck -12.1278 -0.884669 -0.30121
upperneck 0.0665817 -1.25249 2.92921
head 2.13437 -0.527481 0.937984
lclavicle -1.16018e-14 8.28957e-15 -6.81634e-30
lhumerus -41.0963 -21.8171 91.3537
lradius 50.5695 -0 0
lwrist 16.0982 0 0
lhand 7.36888 6.56789 0.0867318
lfingers 7.12502 -0 0
lthumb 32.6035 33.4263 0.0184443
rclavicle -1.16018e-14 8.28957e-15 -6.81634e-30
rhumerus -44.356 -24.7599 -61.9495
rradius 77.5124 -0 0
rwrist -33.3884 0 0
rhand -28.5769 -26.2958 0.0243009
rfingers 7.12502 -0 0
rthumb -1.94299 -56.2595 0.0234606
121
root 7.56955 16.5402 -26.5004 -8.09111 8.86693 4.56614
lfemur -7.84279 12.4345 -21.3202
ltibia 36.165 -0 0
lfoot -20.4468 -11.257 -0.35934
ltoes 32.3699 -0 0
rfemur -90.7718 -25.7911 51.8636
rtibia 87.4613 -0 0
rfoot 13.8442 22.4666 1.85448
rtoes -29.1227 0 0
lowerback 14.7589 -2.86914 -8.39654
upperback 4.59027 -5.05286 -1.37887
thorax -2.66258 -2.48912 4.27093
lowerneck -12.1479 -0.873018 -0.321427
upperneck 0.0800061 -1.23599 2.96683
head 2.14299 -0.518007 0.95396
lclavicle -1.07613e-14 8.73461e-15 -6.49315e-30
lhumerus -41.081 -21.9141 91.283
lradius 50.7061 -0 0
lwrist 16.2154 0 0
lhand 7.53266 6.5968 0.0826137
lfingers 7.12502 -0 0
lthumb 32.7603 33.4327 0.0175687
rclavicle -1.07613e-14 8.73461e-15 -6.49315e-30
rhumerus -44.3993 -24.9319 -61.7356
rradius 77.8245 -0 0
rwrist -33.7612 0 0
rhand -28.6164 -26.3295 0.0231486
rfingers 7.12502 -0 0
rthumb -1.98118 -56.2932 0.0223481
122
root 7.58097 16.5375 -26.4868 -8.23477 8.97782 4.6119
lfemur -7.73791 12.5215 -21.3173
ltibia 36.173 -0 0
lfoot -20.2924 -11.39 -0.341056
ltoes 32.3152 -0 0
rfemur -91.4741 -25.8039 52.2744
rtibia 87.9103 -0 0
rfoot 14.2169 22.7394 1.75929
rtoes -29.5607 0 0
lowerback 14.9124 -2.92003 -8.4348
upperback 4.65558 -5.13659 -1.42256
thorax -2.66971 -2.53326 4.25661
lowerneck -12.168 -0.861375 -0.341648
upperneck 0.0934413 -1.2195 3.00445
head 2.1516 -0.508536 0.969937
lclavicle -9.9207e-15 9.17966e-15 -6.16343e-30
lhumerus -41.0655 -22.011 91.2122
lradius 50.8427 -0 0
lwrist 16.3326 0 0
lhand 7.69645 6.62568 0.0784131
lfingers 7.12502 -0 0
lthumb 32.9172 33.4391 0.0166755
rclavicle -9.9207e-15 9.17966e-15 -6.16343e-30
rhumerus -44.4433 -25.1037 -61.5212
rradius 78.1366 -0 0
rwrist -34.134 0 0
rhand -28.656 -26.3632 0.0219729
rfingers 7.12502 -0 0
rthumb -2.01937 -56.3269 0.0212131
123
root 7.59239 16.5348 -26.4732 -8.37839 9.08883 4.6574
lfemur -7.63299 12.6085 -21.3144
ltibia 36.181 -0 0
lfoot -20.1381 -11.5229 -0.322415
ltoes 32.2604 -0 0
rfemur -92.1764 -25.8121 52.6853
rtibia 88.3592 -0 0
rfoot 14.5892 23.0115 1.66232
rtoes -29.9988 0 0
lowerback 15.0659 -2.97081 -8.47319
upperback 4.72096 -5.22027 -1.46635
thorax -2.67684 -2.5774 4.24229
lowerneck -12.1881 -0.849738 -0.361873
upperneck 0.106887 -1.20302 3.04207
head 2.16022 -0.499066 0.985916
lclavicle -9.08013e-15 9.6247e-15 -5.82719e-30
lhumerus -41.0499 -22.108 91.1414
lradius 50.9793 -0 0
lwrist 16.4498 0 0
lhand 7.86023 6.65456 0.0741299
lfingers 7.12502 -0 0
lthumb 33.074 33.4456 0.0157648
rclavicle -9.08013e-15 9.6247e-15 -5.82719e-30
rhumerus -44.4882 -25.2754 -61.3064
rradius 78.4488 -0 0
rwrist -34.5068 0 0
rhand -28.6955 -26.3969 0.0207741
rfingers 7.12502 -0 0
rthumb -2.05756 -56.3606 0.0200557
124
root 7.60382 16.5322 -26.4596 -8.52197 9.19995 4.70263
lfemur -7.52803 12.6955 -21.3112
ltibia 36.189 -0 0
lfoot -19.9839 -11.6557 -0.303415
ltoes 32.2056 -0 0
rfemur -92.8789 -25.8158 53.0963
rtibia 88.8082 -0 0
rfoot 14.961 23.2829 1.5636
rtoes -30.4368 0 0
lowerback 15.2195 -3.02149 -8.51173
upperback 4.78641 -5.3039 -1.51025
thorax -2.68395 -2.62153 4.22797
lowerneck -12.2082 -0.838109 -0.382102
upperneck 0.120344 -1.18655 3.0797
head 2.16884 -0.489599 1.0019
lclavicle -8.23956e-15 1.00697e-14 -5.48441e-30
lhumerus -41.0342 -22.2049 91.0704
lradius 51.1159 -0 0
lwrist 16.567 0 0
lhand 8.02401 6.68343 0.0697641
lfingers 7.12502 -0 0
lthumb 33.2309 33.452 0.0148364
rclavicle -8.23956e-15 1.00697e-14 -5.48441e-30
rhumerus -44.5338 -25.4469 -61.0911
rradius 78.7609 -0 0
rwrist -34.8796 0 0
rhand -28.735 -26.4306 0.0195519
rfingers 7.12502 -0 0
rthumb -2.09575 -56.3943 0.0188758
125
root 7.61524 16.5295 -26.4461 -8.6655 9.31118 4.74759
lfemur -7.42303 12.7825 -21.3079
ltibia 36.197 -0 0
lfoot -19.8296 -11.7885 -0.284058
ltoes 32.1508 -0 0
rfemur -93.5814 -25.8149 53.5074
rtibia 89.2571 -0 0
rfoot 15.3322 23.5537 1.46311
rtoes -30.8749 0 0
lowerback 15.3731 -3.07207 -8.5504
upperback 4.85193 -5.38748 -1.55424
thorax -2.69105 -2.66567 4.21366
lowerneck -12.2283 -0.826487 -0.402336
upperneck 0.133811 -1.17009 3.11733
head 2.17747 -0.480135 1.01788
lclavicle -7.39898e-15 1.05148e-14 -5.13511e-30
lhumerus -41.0183 -22.3018 90.9994
lradius 51.2525 -0 0
lwrist 16.6842 0 0
lhand 8.18779 6.71228 0.0653159
lfingers 7.12502 -0 0
lthumb 33.3877 33.4584 0.0138906
rclavicle -7.39898e-15 1.05148e-14 -5.13511e-30
rhumerus -44.5802 -25.6182 -60.8753
rradius 79.073 -0 0
rwrist -35.2524 0 0
rhand -28.7746 -26.4643 0.0183065
rfingers 7.12502 -0 0
rthumb -2.13393 -56.428 0.0176735
126
root 7.62666 16.5268 -26.4325 -8.80899 9.42252 4.79228
lfemur -7.31799 12.8694 -21.3044
ltibia 36.205 -0 0
lfoot -19.6755 -11.9212 -0.264344
ltoes 32.096 -0 0
rfemur -94.2838 -25.8096 53.9184
rtibia 89.7061 -0 0
rfoot 15.703 23.8238 1.36088
rtoes -31.3129 0 0
lowerback 15.5268 -3.12254 -8.58921
upperback 4.91753 -5.47102 -1.59834
thorax -2.69814 -2.70982 4.19936
lowerneck -12.2483 -0.814872 -0.422573
upperneck 0.147289 -1.15363 3.15496
head 2.1861 -0.470673 1.03386
lclavicle -6.55841e-15 1.09598e-14 -4.77927e-30
lhumerus -41.0023 -22.3987 90.9283
lradius 51.3891 -0 0
lwrist 16.8014 0 0
lhand 8.35157 6.74112 0.0607852
lfingers 7.12502 -0 0
lthumb 33.5445 33.4648 0.0129271
rclavicle -6.55841e-15 1.09598e-14 -4.77927e-30
rhumerus -44.6274 -25.7894 -60.6591
rradius 79.3852 -0 0
rwrist -35.6252 0 0
rhand -28.8141 -26.498 0.0170378
rfingers 7.12502 -0 0
rthumb -2.17212 -56.4616 0.0164487
127
root 7.63808 16.5242 -26.4189 -8.95243 9.53397 4.8367
lfemur -7.2129 12.9564 -21.3008
ltibia 36.213 -0 0
lfoot -19.5213 -12.0539 -0.244272
ltoes 32.0413 -0 0
rfemur -94.9862 -25.7996 54.3293
rtibia 90.155 -0 0
rfoot 16.0733 24.0933 1.2569
rtoes -31.751 0 0
lowerback 15.6805 -3.17291 -8.62815
upperback 4.9832 -5.5545 -1.64254
thorax -2.70522 -2.75396 4.18506
lowerneck -12.2684 -0.803264 -0.442814
upperneck 0.160778 -1.13719 3.19259
head 2.19473 -0.461213 1.04984
lclavicle -5.71784e-15 1.14049e-14 -4.41691e-30
lhumerus -40.9861 -22.4956 90.8572
lradius 51.5257 -0 0
lwrist 16.9185 0 0
lhand 8.51534 6.76995 0.0561721
lfingers 7.12502 -0 0
lthumb 33.7014 33.4712 0.0119462
rclavicle -5.71784e-15 1.14049e-14 -4.41691e-30
rhumerus -44.6753 -25.9605 -60.4425
rradius 79.6973 -0 0
rwrist -35.998 0 0
rhand -28.8536 -26.5317 0.0157459
rfingers 7.12502 -0 0
rthumb -2.21031 -56.4953 0.0152014
128
root 7.6495 16.5215 -26.4053 -9.09584 9.64554 4.88086
lfemur -7.10778 13.0434 -21.2969
ltibia 36.221 -0 0
lfoot -19.3672 -12.1865 -0.223844
ltoes 31.9865 -0 0
rfemur -95.6883 -25.7852 54.7399
rtibia 90.604 -0 0
rfoot 16.4431 24.362 1.15119
rtoes -32.189 0 0
lowerback 15.8342 -3.22318 -8.66723
upperback 5.04895 -5.63793 -1.68685
thorax -2.71229 -2.79811 4.17076
lowerneck -12.2885 -0.791663 -0.463059
upperneck 0.174278 -1.12075 3.23023
head 2.20336 -0.451756 1.06583
lclavicle -4.87727e-15 1.18499e-14 -4.04802e-30
lhumerus -40.9699 -22.5924 90.7859
lradius 51.6623 -0 0
lwrist 17.0357 0 0
lhand 8.67912 6.79876 0.0514766
lfingers 7.12502 -0 0
lthumb 33.8582 33.4776 0.0109477
rclavicle -4.87727e-15 1.18499e-14 -4.04802e-30
rhumerus -44.7241 -26.1313 -60.2253
rradius 80.0094 -0 0
rwrist -36.3708 0 0
rhand -28.8932 -26.5654 0.0144307
rfingers 7.12502 -0 0
rthumb -2.24849 -56.529 0.0139317
129
root 7.66092 16.5188 -26.3918 -9.23921 9.75721 4.92474
lfemur -7.0026 13.1303 -21.293
ltibia 36.229 -0 0
lfoot -19.2132 -12.3191 -0.20306
ltoes 31.9317 -0 0
rfemur -96.3903 -25.7662 55.1503
rtibia 91.0529 -0 0
rfoot 16.8124 24.6301 1.04374
rtoes -32.6271 0 0
lowerback 15.988 -3.27334 -8.70645
upperback 5.11477 -5.72131 -1.73125
thorax -2.71935 -2.84225 4.15647
lowerneck -12.3087 -0.780069 -0.483308
upperneck 0.187788 -1.10432 3.26788
head 2.212 -0.442302 1.08182
lclavicle -4.0367e-15 1.22949e-14 -3.6726e-30
lhumerus -40.9534 -22.6893 90.7146
lradius 51.7989 -0 0
lwrist 17.1529 0 0
lhand 8.84289 6.82756 0.0466988
lfingers 7.12502 -0 0
lthumb 34.0151 33.484 0.00993166
rclavicle -4.0367e-15 1.22949e-14 -3.6726e-30
rhumerus -44.7736 -26.3021 -60.0077
rradius 80.3216 -0 0
rwrist -36.7436 0 0
rhand -28.9327 -26.5991 0.0130923
rfingers 7.12502 -0 0
rthumb -2.28667 -56.5627 0.0126396
130
root 7.67234 16.5162 -26.3782 -9.38254 9.86898 4.96836
lfemur -6.89739 13.2173 -21.2888
ltibia 36.237 -0 0
lfoot -19.0592 -12.4516 -0.181919
ltoes 31.8769 -0 0
rfemur -97.0919 -25.7427 55.5603
rtibia 91.5019 -0 0
rfoot 17.1811 24.8974 0.93457
rtoes -33.0651 0 0
lowerback 16.1418 -3.32339 -8.74581
upperback 5.18066 -5.80464 -1.77576
thorax -2.7264 -2.8864 4.14219
lowerneck -12.3288 -0.768482 -0.503561
upperneck 0.201309 -1.08791 3.30553
head 2.22063 -0.432849 1.09781
lclavicle -3.19613e-15 1.274e-14 -3.29065e-30
lhumerus -40.9368 -22.7861 90.6432
lradius 51.9355 -0 0
lwrist 17.2701 0 0
lhand 9.00665 6.85635 0.0418387
lfingers 7.12502 -0 0
lthumb 34.1719 33.4904 0.00889812
rclavicle -3.19613e-15 1.274e-14 -3.29065e-30
rhumerus -44.8239 -26.4726 -59.7895
rradius 80.6337 -0 0
rwrist -37.1163 0 0
rhand -28.9723 -26.6328 0.0117306
rfingers 7.12502 -0 0
rthumb -2.32486 -56.5964 0.011325
131
root 7.68376 16.5135 -26.3646 -9.52583 9.98087 5.01171
lfemur -6.79213 13.3042 -21.2845
ltibia 36.245 -0 0
lfoot -18.9053 -12.584 -0.160422
ltoes 31.8222 -0 0
rfemur -97.7932 -25.7147 55.9699
rtibia 91.9508 -0 0
rfoot 17.5493 25.1641 0.823683
rtoes -33.5032 0 0
lowerback 16.2957 -3.37334 -8.7853
upperback 5.24663 -5.88791 -1.82037
thorax -2.73343 -2.93055 4.12791
lowerneck -12.3489 -0.756903 -0.523818
upperneck 0.21484 -1.0715 3.34318
head 2.22927 -0.4234 1.1138
lclavicle -2.35556e-15 1.3185e-14 -2.90217e-30
lhumerus -40.9201 -22.8829 90.5717
lradius 52.072 -0 0
lwrist 17.3873 0 0
lhand 9.17042 6.88512 0.0368963
lfingers 7.12502 -0 0
lthumb 34.3287 33.4968 0.00784706
rclavicle -2.35556e-15 1.3185e-14 -2.90217e-30
rhumerus -44.8751 -26.643 -59.5709
rradius 80.9459 -0 0
rwrist -37.4891 0 0
rhand -29.0118 -26.6665 0.0103457
rfingers 7.12502 -0 0
rthumb -2.36304 -56.6301 0.00998793
132
root 7.69518 16.5108 -26.351 -9.66908 10.0929 5.05479
lfemur -6.68683 13.3912 -21.28
ltibia 36.253 -0 0
lfoot -18.7514 -12.7164 -0.13857
ltoes 31.7674 -0 0
rfemur -98.494 -25.6821 56.379
rtibia 92.3998 -0 0
rfoot 17.917 25.43 0.711086
rtoes -33.9412 0 0
lowerback 16.4496 -3.42319 -8.82493
upperback 5.31268 -5.97114 -1.86509
thorax -2.74046 -2.97471 4.11363
lowerneck -12.369 -0.74533 -0.54408
upperneck 0.228383 -1.0551 3.38083
head 2.23792 -0.413952 1.12979
lclavicle -1.51499e-15 1.36301e-14 -2.50716e-30
lhumerus -40.9032 -22.9797 90.5001
lradius 52.2086 -0 0
lwrist 17.5045 0 0
lhand 9.33418 6.91388 0.0318717
lfingers 7.12502 -0 0
lthumb 34.4856 33.5032 0.0067785
rclavicle -1.51499e-15 1.36301e-14 -2.50716e-30
rhumerus -44.927 -26.8131 -59.3518
rradius 81.258 -0 0
rwrist -37.8619 0 0
rhand -29.0513 -26.7002 0.00893746
rfingers 7.12502 -0 0
rthumb -2.40122 -56.6638 0.00862842
133
root 7.7066 16.5081 -26.3375 -9.8123 10.205 5.0976
lfemur -6.58148 13.4781 -21.2754
ltibia 36.261 -0 0
lfoot -18.5976 -12.8488 -0.116362
ltoes 31.7126 -0 0
rfemur -99.1944 -25.6451 56.7874
rtibia 92.8487 -0 0
rfoot 18.2842 25.6951 0.596786
rtoes -34.3793 0 0
lowerback 16.6036 -3.47292 -8.8647
upperback 5.3788 -6.05432 -1.90991
thorax -2.74747 -3.01886 4.09936
lowerneck -12.3891 -0.733765 -0.564345
upperneck 0.241936 -1.03871 3.41849
head 2.24656 -0.404508 1.14578
lclavicle -6.74422e-16 1.40751e-14 -2.10562e-30
lhumerus -40.8862 -23.0764 90.4284
lradius 52.3452 -0 0
lwrist 17.6217 0 0
lhand 9.49794 6.94262 0.0267649
lfingers 7.12502 -0 0
lthumb 34.6424 33.5096 0.00569244
rclavicle -6.74422e-16 1.40751e-14 -2.10562e-30
rhumerus -44.9798 -26.9831 -59.1322
rradius 81.5701 -0 0
rwrist -38.2347 0 0
rhand -29.0909 -26.7339 0.007506
rfingers 7.12502 -0 0
rthumb -2.4394 -56.6975 0.00724647
134
root 7.71803 16.5055 -26.3239 -9.95548 10.3172 5.14014
lfemur -6.47609 13.565 -21.2706
ltibia 36.269 -0 0
lfoot -18.4438 -12.981 -0.0937985
ltoes 31.6578 -0 0
rfemur -99.8942 -25.6035 57.1952
rtibia 93.2977 -0 0
rfoot 18.6508 25.9596 0.480791
rtoes -34.8173 0 0
lowerback 16.7576 -3.52256 -8.9046
upperback 5.44499 -6.13744 -1.95483
thorax -2.75448 -3.06302 4.08509
lowerneck -12.4093 -0.722207 -0.584614
upperneck 0.2555 -1.02232 3.45615
head 2.25521 -0.395065 1.16177
lclavicle 1.66149e-16 1.45201e-14 -1.69756e-30
lhumerus -40.8691 -23.1731 90.3567
lradius 52.4818 -0 0
lwrist 17.7389 0 0
lhand 9.6617 6.97135 0.021576
lfingers 7.12502 -0 0
lthumb 34.7992 33.516 0.00458889
rclavicle 1.66149e-16 1.45201e-14 -1.69756e-30
rhumerus -45.0333 -27.153 -58.9121
rradius 81.8823 -0 0
rwrist -38.6075 0 0
rhand -29.1304 -26.7676 0.0060513
rfingers 7.12502 -0 0
rthumb -2.47758 -56.7312 0.00584207
135
root 7.72945 16.5028 -26.3103 -10.0986 10.4295 5.1824
lfemur -6.37065 13.6519 -21.2656
ltibia 36.277 -0 0
lfoot -18.2901 -13.1132 -0.0708804
ltoes 31.603 -0 0
rfemur -100.593 -25.5575 57.6023
rtibia 93.7466 -0 0
rfoot 19.0169 26.2233 0.363107
rtoes -35.2554 0 0
lowerback 16.9116 -3.57208 -8.94464
upperback 5.51127 -6.22051 -1.99985
thorax -2.76147 -3.10718 4.07083
lowerneck -12.4294 -0.710656 -0.604887
upperneck 0.269074 -1.00595 3.49382
head 2.26386 -0.385625 1.17777
lclavicle 1.00672e-15 1.49652e-14 -1.28296e-30
lhumerus -40.8518 -23.2699 90.2849
lradius 52.6184 -0 0
lwrist 17.856 0 0
lhand 9.82545 7.00006 0.016305
lfingers 7.12502 -0 0
lthumb 34.9561 33.5224 0.00346787
rclavicle 1.00672e-15 1.49652e-14 -1.28296e-30
rhumerus -45.0877 -27.3226 -58.6915
rradius 82.1944 -0 0
rwrist -38.9803 0 0
rhand -29.1699 -26.8013 0.00457335
rfingers 7.12502 -0 0
rthumb -2.51576 -56.7648 0.00441522
136
root 7.74087 16.5001 -26.2967 -10.2418 10.5419 5.2244
lfemur -6.26516 13.7388 -21.2605
ltibia 36.285 -0 0
lfoot -18.1364 -13.2454 -0.0476078
ltoes 31.5483 -0 0
rfemur -101.292 -25.507 58.0086
rtibia 94.1956 -0 0
rfoot 19.3824 26.4862 0.243743
rtoes -35.6934 0 0
lowerback 17.0657 -3.62149 -8.98481
upperback 5.57761 -6.30354 -2.04498
thorax -2.76846 -3.15134 4.05658
lowerneck -12.4495 -0.699112 -0.625165
upperneck 0.28266 -0.989585 3.53149
head 2.27252 -0.376188 1.19376
lclavicle 1.84729e-15 1.54102e-14 -8.61836e-31
lhumerus -40.8343 -23.3666 90.213
lradius 52.755 -0 0
lwrist 17.9732 0 0
lhand 9.9892 7.02876 0.010952
lfingers 7.12502 -0 0
lthumb 35.1129 33.5287 0.00232937
rclavicle 1.84729e-15 1.54102e-14 -8.61836e-31
rhumerus -45.1429 -27.4921 -58.4703
rradius 82.5065 -0 0
rwrist -39.3531 0 0
rhand -29.2094 -26.835 0.00307214
rfingers 7.12502 -0 0
rthumb -2.55394 -56.7985 0.00296592
137
root 7.75229 16.4975 -26.2832 -10.3848 10.6544 5.26613
lfemur -6.15963 13.8257 -21.2552
ltibia 36.293 -0 0
lfoot -17.9828 -13.3775 -0.0239809
ltoes 31.4935 -0 0
rfemur -101.99 -25.452 58.4139
rtibia 94.6445 -0 0
rfoot 19.7474 26.7483 0.122704
rtoes -36.1315 0 0
lowerback 17.2198 -3.6708 -9.02512
upperback 5.64404 -6.3865 -2.09021
thorax -2.77543 -3.1955 4.04233
lowerneck -12.4697 -0.687575 -0.645446
upperneck 0.296255 -0.973229 3.56916
head 2.28117 -0.366753 1.20976
lclavicle 2.68786e-15 1.58553e-14 -4.34183e-31
lhumerus -40.8167 -23.4632 90.141
lradius 52.8916 -0 0
lwrist 18.0904 0 0
lhand 10.153 7.05744 0.00551698
lfingers 7.12502 -0 0
lthumb 35.2698 33.5351 0.00117341
rclavicle 2.68786e-15 1.58553e-14 -4.34183e-31
rhumerus -45.1989 -27.6613 -58.2486
rradius 82.8187 -0 0
rwrist -39.7259 0 0
rhand -29.249 -26.8687 0.0015477
rfingers 7.12502 -0 0
rthumb -2.59211 -56.8322 0.00149418
138
root 7.76371 16.4948 -26.2696 -10.5279 10.767 5.30759
lfemur -6.05405 13.9126 -21.2497
ltibia 36.301 0 0
lfoot -17.8292 -13.5095 0
ltoes 31.4387 0 0
rfemur -102.687 -25.3926 58.8183
rtibia 95.0935 0 0
rfoot 20.1118 27.0097 0
rtoes -36.5695 0 0
lowerback 17.374 -3.72 -9.06556
upperback 5.71054 -6.46942 -2.13555
thorax -2.78239 -3.23966 4.02808
lowerneck -12.4898 -0.676045 -0.665731
upperneck 0.309862 -0.956882 3.60684
head 2.28983 -0.35732 1.22576
lclavicle 3.52843e-15 1.63003e-14 0
lhumerus -40.799 -23.5599 90.0689
lradius 53.0282 0 0
lwrist 18.2076 0 0
lhand 10.3167 7.08611 0
lfingers 7.12502 0 0
lthumb 35.4266 33.5415 0
rclavicle 3.52843e-15 1.63003e-14 0
rhumerus -45.2558 -27.8304 -58.0264
rradius 83.1308 0 0
rwrist -40.0987 0 0
rhand -29.2885 -26.9024 0
rfingers 7.12502 0 0
rthumb -2.63029 -56.8659 0
139
root 7.71756 16.4805 -26.2669 -10.0465 11.9082 4.97098
lfemur -6.98791 14.2862 -20.8264
ltibia 36.7829 0 0
lfoot -17.8927 -14.5121 0
ltoes 31.654 0 0
rfemur -102.903 -25.5352 57.3636
rtibia 98.8692 0 0
rfoot 29.3556 22.314 0
rtoes -17.0937 0 0
lowerback 17.1802 -4.06549 -8.86558
upperback 5.54475 -6.87863 -2.15319
thorax -2.83323 -3.43224 3.95824
lowerneck -12.3761 -0.838353 -0.802575
upperneck 0.284744 -1.1632 3.884
head 2.27077 -0.452478 1.32811
lclavicle 5.35725e-14 -1.86858e-14 0
lhumerus -40.1384 -24.6203 90.1707
lradius 52.2274 0 0
lwrist 17.6404 0 0
lhand 11.4487 7.55993 0
lfingers 7.12502 0 0
lthumb 36.499 33.7523 0
rclavicle 5.35725e-14 -1.86858e-14 0
rhumerus -46.1521 -27.9074 -58.8192
rradius 84.1539 0 0
rwrist -38.0524 0 0
rhand -35.3168 -31.2119 0
rfingers 7.12502 0 0
rthumb -8.45048 -61.0228 0
140
root 7.66558 16.4704 -26.2622 -9.47619 12.9341 4.6576
lfemur -7.96788 14.7042 -20.4781
ltibia 37.1457 -0 0
lfoot -18.2118 -14.2181 -0.00327456
ltoes 29.7021 -0 0
rfemur -102.095 -26.1402 55.4793
rtibia 101.834 -0 0
rfoot 30.0648 22.1515 -0.0040223
rtoes -14.9879 0 0
lowerback 16.8745 -4.27996 -8.74481
upperback 5.35086 -7.11947 -2.13682
thorax -2.86315 -3.54386 3.92766
lowerneck -12.2518 -1.05128 -0.853349
upperneck 0.249572 -1.44563 4.08869
head 2.24862 -0.588251 1.38809
lclavicle 3.41314e-14 -1.87653e-14 -5.39506e-32
lhumerus -39.4401 -25.5956 90.4156
lradius 51.4008 -0 0
lwrist 16.4801 0 0
lhand 12.9018 8.13581 0.0292385
lfingers 7.12502 -0 0
lthumb 37.8664 33.9152 0.00778158
rclavicle 3.41314e-14 -1.87653e-14 -5.39506e-32
rhumerus -47.0967 -27.1473 -59.9693
rradius 84.9388 -0 0
rwrist -34.4738 0 0
rhand -37.4502 -37.6131 0.485768
rfingers 7.12502 -0 0
rthumb -9.80457 -30.4199 -2.48278
141
root 7.61359 16.4603 -26.2576 -8.90922 13.963 4.35342
lfemur -8.94711 15.1278 -20.1366
ltibia 37.5085 -0 0
lfoot -18.5309 -13.9241 -0.00491198
ltoes 27.7502 -0 0
rfemur -101.261 -26.7208 53.576
rtibia 104.798 -0 0
rfoot 30.7739 21.9891 -0.00603362
rtoes -12.8821 0 0
lowerback 16.5683 -4.4938 -8.62285
upperback 5.1568 -7.36026 -2.11962
thorax -2.89302 -3.65549 3.89714
lowerneck -12.1272 -1.2641 -0.90459
upperneck 0.213384 -1.72793 4.29359
head 2.22633 -0.724001 1.44812
lclavicle 1.46902e-14 -1.88448e-14 -8.09259e-32
lhumerus -38.7406 -26.5734 90.6492
lradius 50.5741 -0 0
lwrist 15.3197 0 0
lhand 14.355 8.71225 0.0438631
lfingers 7.12502 -0 0
lthumb 39.2338 34.0783 0.0116735
rclavicle 1.46902e-14 -1.88448e-14 -8.09259e-32
rhumerus -48.0518 -26.4043 -61.1257
rradius 85.7237 -0 0
rwrist -30.8952 0 0
rhand -39.6247 -44.0283 0.730361
rfingers 7.12502 -0 0
rthumb -12.2388 0.289728 -3.92836
142
root 7.56161 16.4501 -26.2529 -8.34527 14.9948 4.05837
lfemur -9.92571 15.5571 -19.802
ltibia 37.8713 -0 0
lfoot -18.8499 -13.6301 -0.00491198
ltoes 25.7983 -0 0
rfemur -100.402 -27.2761 51.6537
rtibia 107.763 -0 0
rfoot 31.4831 21.8265 -0.00603362
rtoes -10.7764 0 0
lowerback 16.2616 -4.70698 -8.49971
upperback 4.96256 -7.601 -2.10159
thorax -2.92283 -3.76714 3.86667
lowerneck -12.0025 -1.47681 -0.956298
upperneck 0.176181 -2.01011 4.4987
head 2.2039 -0.859728 1.50821
lclavicle -4.75092e-15 -1.89243e-14 -8.09259e-32
lhumerus -38.0394 -27.5538 90.8714
lradius 49.7475 -0 0
lwrist 14.1594 0 0
lhand 15.8084 9.28888 0.0438631
lfingers 7.12502 -0 0
lthumb 40.6011 34.2413 0.0116735
rclavicle -4.75092e-15 -1.89243e-14 -8.09259e-32
rhumerus -49.0175 -25.6787 -62.2884
rradius 86.5087 -0 0
rwrist -27.3166 0 0
rhand -41.8128 -50.4483 0.730361
rfingers 7.12502 -0 0
rthumb -15.0733 31.0575 -3.92836
143
root 7.50962 16.44 -26.2483 -7.78403 16.0293 3.77242
lfemur -10.9038 15.9918 -19.4743
ltibia 38.2341 -0 0
lfoot -19.169 -13.3361 -0.00327456
ltoes 23.8464 -0 0
rfemur -99.5178 -27.8054 49.7127
rtibia 110.727 -0 0
rfoot 32.1922 21.6641 -0.0040223
rtoes -8.6706 0 0
lowerback 15.9543 -4.9195 -8.37539
upperback 4.76813 -7.84167 -2.08273
thorax -2.95258 -3.8788 3.83625
lowerneck -11.8775 -1.68941 -1.00847
upperneck 0.13796 -2.29216 4.70403
head 2.18132 -0.995431 1.56835
lclavicle -2.41921e-14 -1.90038e-14 -5.39506e-32
lhumerus -37.3362 -28.5366 91.082
lradius 48.9208 -0 0
lwrist 12.999 0 0
lhand 17.2616 9.86532 0.0292385
lfingers 7.12502 -0 0
lthumb 41.9685 34.4044 0.00778158
rclavicle -2.41921e-14 -1.90038e-14 -5.39506e-32
rhumerus -49.9935 -24.9708 -63.4576
rradius 87.2936 -0 0
rwrist -23.738 0 0
rhand -43.9873 -56.8635 0.485768
rfingers 7.12502 -0 0
rthumb -17.5076 61.7671 -2.48278
144
root 7.45764 16.4299 -26.2436 -7.22517 17.0665 3.49555
lfemur -11.8814 16.4318 -19.1537
ltibia 38.5969 0 0
lfoot -19.4881 -13.0421 0
ltoes 21.8945 0 0
rfemur -98.6095 -28.3076 47.7533
rtibia 113.692 0 0
rfoot 32.9014 21.5016 0
rtoes -6.56482 0 0
lowerback 15.6464 -5.13134 -8.24989
upperback 4.57351 -8.08227 -2.06303
thorax -2.98228 -3.99048 3.80589
lowerneck -11.7524 -1.90189 -1.06112
upperneck 0.0987205 -2.57405 4.90958
head 2.1586 -1.13111 1.62855
lclavicle -4.36332e-14 -1.90833e-14 0
lhumerus -36.6304 -29.5215 91.2807
lradius 48.0942 0 0
lwrist 11.8387 0 0
lhand 18.7147 10.4412 0
lfingers 7.12502 0 0
lthumb 43.3359 34.5673 0
rclavicle -4.36332e-14 -1.90833e-14 0
rhumerus -50.9797 -24.2812 -64.6333
rradius 88.0785 0 0
rwrist -20.1594 0 0
rhand -46.1207 -63.2647 0
rfingers 7.12502 0 0
rthumb -18.8617 -267.63 0
145
root 7.40655 16.4296 -26.2333 -6.65507 17.7736 3.23066
lfemur -12.6593 17.2893 -18.8454
ltibia 38.6746 -0 0
lfoot -19.443 -10.1361 0.00229009
ltoes 16.876 -0 0
rfemur -95.932 -29.1551 44.9419
rtibia 114.967 -0 0
rfoot 29.6498 22.2086 -0.040165
rtoes -12.8978 0 0
lowerback 15.1982 -5.19366 -8.19641
upperback 4.39795 -8.12026 -1.94357
thorax -2.91399 -4.00949 3.86714
lowerneck -11.7169 -2.12537 -1.12607
upperneck 0.0289331 -2.86044 4.93717
head 2.14023 -1.2743 1.63303
lclavicle -4.46271e-14 -7.68633e-15 1.97708e-31
lhumerus -36.183 -30.2529 91.799
lradius 47.5834 -0 0
lwrist 10.9327 0 0
lhand 20.0184 10.8372 0.00901214
lfingers 7.12502 -0 0
lthumb 44.5482 34.4807 -0.00183323
rclavicle -4.46271e-14 -7.68633e-15 1.97708e-31
rhumerus -51.8166 -23.0214 -66.0541
rradius 88.9292 -0 0
rwrist -16.6241 0 0
rhand -44.749 -61.2429 0.0484353
rfingers 7.12502 -0 0
rthumb -17.8666 32.7136 -1.7014
146
root 7.35547 16.4294 -26.223 -6.08607 18.4833 2.97211
lfemur -13.436 18.1508 -18.548
ltibia 38.7523 -0 0
lfoot -19.3978 -7.23015 0.00229009
ltoes 11.8575 -0 0
rfemur -93.1888 -29.8851 42.066
rtibia 116.242 -0 0
rfoot 26.3981 22.9166 -0.040165
rtoes -19.2308 0 0
lowerback 14.7498 -5.25556 -8.14243
upperback 4.22229 -8.15788 -1.82398
thorax -2.84572 -4.02857 3.92836
lowerneck -11.6812 -2.34881 -1.19116
upperneck -0.0410112 -3.1468 4.96512
head 2.12185 -1.41748 1.63756
lclavicle -4.56211e-14 3.71063e-15 1.97708e-31
lhumerus -35.7399 -30.9879 92.3146
lradius 47.0725 -0 0
lwrist 10.0267 0 0
lhand 21.3221 11.2333 0.00901214
lfingers 7.12502 -0 0
lthumb 45.7606 34.394 -0.00183323
rclavicle -4.56211e-14 3.71063e-15 1.97708e-31
rhumerus -52.6795 -21.7811 -67.4817
rradius 89.7799 -0 0
rwrist -13.0888 0 0
rhand -43.3763 -59.2204 0.0484353
rfingers 7.12502 -0 0
rthumb -15.8947 -26.9866 -1.7014
147
root 7.30438 16.4291 -26.2127 -5.51809 19.1953 2.71995
lfemur -14.2119 19.016 -18.2614
ltibia 38.83 0 0
lfoot -19.3527 -4.32417 0
ltoes 6.83901 0 0
rfemur -90.388 -30.4932 39.1333
rtibia 117.517 0 0
rfoot 23.1465 23.6236 0
rtoes -25.5638 0 0
lowerback 14.3014 -5.31704 -8.08797
upperback 4.04654 -8.19514 -1.70426
thorax -2.77747 -4.04772 3.98957
lowerneck -11.6452 -2.57221 -1.25641
upperneck -0.111115 -3.43313 4.99343
head 2.10346 -1.56067 1.64213
lclavicle -4.6615e-14 1.51076e-14 0
lhumerus -35.3011 -31.7262 92.8275
lradius 46.5617 0 0
lwrist 9.12072 0 0
lhand 22.6258 11.6293 0
lfingers 7.12502 0 0
lthumb 46.9729 34.3074 0
rclavicle -4.6615e-14 1.51076e-14 0
rhumerus -53.5679 -20.5611 -68.9174
rradius 90.6306 0 0
rwrist -9.55343 0 0
rhand -42.0046 -57.1986 0
rfingers 7.12502 0 0
rthumb -14.8996 -446.643 0
148
root 7.26617 16.4172 -26.189 -4.91687 20.0342 2.19246
lfemur -14.775 20.1535 -17.7616
ltibia 38.3765 -0 0
lfoot -17.893 -1.44646 0.184512
ltoes 10.2545 -0 0
rfemur -86.4235 -30.6415 35.7056
rtibia 116.673 -0 0
rfoot 23.0685 21.5361 0.0071254
rtoes -23.8144 0 0
lowerback 13.529 -5.52284 -7.65593
upperback 3.77784 -8.34872 -1.49056
thorax -2.65592 -4.12632 3.91658
lowerneck -11.5997 -2.7434 -1.31396
upperneck 0.0727457 -3.6594 4.96278
head 2.16524 -1.67243 1.62923
lclavicle -5.28519e-14 1.65654e-14 3.96709e-31
lhumerus -35.7334 -32.5289 93.8967
lradius 46.771 -0 0
lwrist 9.43239 0 0
lhand 23.7695 12.6119 0.0491099
lfingers 7.12502 -0 0
lthumb 48.0189 34.733 0.0194388
rclavicle -5.28519e-14 1.65654e-14 3.96709e-31
rhumerus -53.9636 -20.091 -69.6673
rradius 91.5467 -0 0
rwrist -8.13921 0 0
rhand -35.4611 -49.4451 2.38118
rfingers 7.12502 -0 0
rthumb -8.59939 -78.719 2.34199
149
root 7.22797 16.4054 -26.1653 -4.32064 20.8782 1.67152
lfemur -15.3317 21.2955 -17.27
ltibia 37.923 -0 0
lfoot -16.4258 1.43505 0.295456
ltoes 13.67 -0 0
rfemur -82.4539 -30.5851 32.2727
rtibia 115.83 -0 0
rfoot 22.9903 19.4485 0.0114044
rtoes -22.065 0 0
lowerback 12.7548 -5.72281 -7.22098
upperback 3.50845 -8.50131 -1.27604
thorax -2.53425 -4.20476 3.84342
lowerneck -11.5541 -2.91455 -1.37166
upperneck 0.25678 -3.88558 4.93138
head 2.22705 -1.78418 1.61622
lclavicle -5.90887e-14 1.80231e-14 6.34734e-31
lhumerus -36.1874 -33.3247 94.9828
lradius 46.9803 -0 0
lwrist 9.74407 0 0
lhand 24.9139 13.5954 0.0785894
lfingers 7.12502 -0 0
lthumb 49.065 35.1588 0.0311051
rclavicle -5.90887e-14 1.80231e-14 6.34734e-31
rhumerus -54.3646 -19.6258 -70.4185
rradius 92.4629 -0 0
rwrist -6.72499 0 0
rhand -28.6446 -41.4572 3.84317
rfingers 7.12502 -0 0
rthumb -2.02565 -70.5724 3.7797
150
root 7.18976 16.3935 -26.1416 -3.72926 21.7273 1.15705
lfemur -15.8822 22.4419 -16.7864
ltibia 37.4695 -0 0
lfoot -14.9549 4.31846 0.332476
ltoes 17.0856 -0 0
rfemur -78.5017 -30.3248 28.858
rtibia 114.987 -0 0
rfoot 22.912 17.361 0.0128314
rtoes -20.3156 0 0
lowerback 11.9788 -5.91691 -6.78321
upperback 3.23837 -8.65291 -1.06071
thorax -2.41247 -4.28305 3.77009
lowerneck -11.5082 -3.08565 -1.42951
upperneck 0.440992 -4.11165 4.89926
head 2.28889 -1.89591 1.60308
lclavicle -6.53256e-14 1.94809e-14 7.14076e-31
lhumerus -36.6637 -34.113 96.0866
lradius 47.1896 -0 0
lwrist 10.0558 0 0
lhand 26.0587 14.5792 0.0884182
lfingers 7.12502 -0 0
lthumb 50.1111 35.5848 0.0349944
rclavicle -6.53256e-14 1.94809e-14 7.14076e-31
rhumerus -54.7709 -19.1656 -71.1709
rradius 93.379 -0 0
rwrist -5.31076 0 0
rhand -21.6829 -33.3427 4.33632
rfingers 7.12502 -0 0
rthumb 4.6932 -62.3055 4.26462
151
root 7.15155 16.3816 -26.1179 -3.14256 22.5812 0.648981
lfemur -16.4269 23.5925 -16.3108
ltibia 37.0159 -0 0
lfoot -13.4841 7.20188 0.295456
ltoes 20.5011 -0 0
rfemur -74.5888 -29.8631 25.4845
rtibia 114.143 -0 0
rfoot 22.8336 15.2734 0.0114044
rtoes -18.5662 0 0
lowerback 11.2011 -6.10509 -6.34268
upperback 2.96761 -8.8035 -0.844575
thorax -2.29058 -4.36118 3.69658
lowerneck -11.4622 -3.25671 -1.4875
upperneck 0.625385 -4.33763 4.86639
head 2.35076 -2.00763 1.58982
lclavicle -7.15625e-14 2.09387e-14 6.34734e-31
lhumerus -37.163 -34.8934 97.2087
lradius 47.3989 -0 0
lwrist 10.3674 0 0
lhand 27.2035 15.563 0.0785894
lfingers 7.12502 -0 0
lthumb 51.1572 36.0109 0.0311051
rclavicle -7.15625e-14 2.09387e-14 6.34734e-31
rhumerus -55.1825 -18.7104 -71.9247
rradius 94.2952 -0 0
rwrist -3.89654 0 0
rhand -14.7211 -25.2282 3.84317
rfingers 7.12502 -0 0
rthumb 11.412 -54.0386 3.7797
152
root 7.11335 16.3698 -26.0942 -2.5604 23.4399 0.147231
lfemur -16.966 24.7472 -15.843
ltibia 36.5624 -0 0
lfoot -12.0169 10.0834 0.184512
ltoes 23.9166 -0 0
rfemur -70.7353 -29.2048 22.1734
rtibia 113.299 -0 0
rfoot 22.7554 13.1858 0.0071254
rtoes -16.8168 0 0
lowerback 10.4217 -6.2873 -5.89946
upperback 2.69617 -8.95307 -0.627634
thorax -2.16858 -4.43915 3.6229
lowerneck -11.416 -3.42772 -1.54564
upperneck 0.809962 -4.56349 4.83279
head 2.41266 -2.11933 1.57643
lclavicle -7.77993e-14 2.23964e-14 3.96709e-31
lhumerus -37.6859 -35.6656 98.35
lradius 47.6082 -0 0
lwrist 10.6791 0 0
lhand 28.3479 16.5465 0.0491099
lfingers 7.12502 -0 0
lthumb 52.2033 36.4367 0.0194388
rclavicle -7.77993e-14 2.23964e-14 3.96709e-31
rhumerus -55.5992 -18.2604 -72.68
rradius 95.2113 -0 0
rwrist -2.48232 0 0
rhand -7.90463 -17.2403 2.38118
rfingers 7.12502 -0 0
rthumb 17.9858 -45.892 2.34199
153
root 7.07514 16.3579 -26.0705 -1.98263 24.3032 -0.348268
lfemur -17.4997 25.9059 -15.3827
ltibia 36.1089 0 0
lfoot -10.5572 12.9611 0
ltoes 27.3321 0 0
rfemur -66.9591 -28.3562 18.9439
rtibia 112.456 0 0
rfoot 22.6774 11.0983 0
rtoes -15.0674 0 0
lowerback 9.64064 -6.46349 -5.45364
upperback 2.42405 -9.10162 -0.409897
thorax -2.04646 -4.51697 3.54904
lowerneck -11.3696 -3.59868 -1.60393
upperneck 0.994727 -4.78924 4.79844
head 2.47459 -2.23102 1.56293
lclavicle -8.40362e-14 2.38542e-14 0
lhumerus -38.2328 -36.429 99.5112
lradius 47.8175 0 0
lwrist 10.9908 0 0
lhand 29.4916 17.5291 0
lfingers 7.12502 0 0
lthumb 53.2493 36.8623 0
rclavicle -8.40362e-14 2.38542e-14 0
rhumerus -56.0211 -17.8157 -73.4367
rradius 96.1275 0 0
rwrist -1.0681 0 0
rhand -1.36116 -9.48676 0
rfingers 7.12502 0 0
rthumb 24.286 -397.968 0
154
root 7.04571 16.3299 -26.0362 -1.43682 25.5165 -0.827905
lfemur -17.9794 26.9187 -15.0263
ltibia 35.4895 0 0
lfoot -9.21641 14.1198 0
ltoes 32.7126 0 0
rfemur -62.9621 -27.1957 15.9769
rtibia 110.411 0 0
rfoot 23.0341 7.75787 0
rtoes -10.5147 0 0
lowerback 8.71637 -6.76399 -4.87953
upperback 2.10512 -9.4077 -0.262002
thorax -1.91047 -4.67258 3.31998
lowerneck -11.2194 -3.77995 -1.59084
upperneck 1.30328 -5.04748 4.82868
head 2.56088 -2.3561 1.55615
lclavicle 4.03533e-14 0 0
lhumerus -39.4035 -37.3723 101.051
lradius 48.4507 0 0
lwrist 11.4725 0 0
lhand 30.7514 18.78 0
lfingers 7.12502 0 0
lthumb 54.3812 37.357 0
rclavicle 4.03533e-14 0 0
rhumerus -55.9506 -18.0314 -73.6182
rradius 96.8456 0 0
rwrist -3.51651 0 0
rhand 11.0343 -5.00793 0
rfingers 7.12502 0 0
rthumb 36.1067 -391.298 0
155
root 7.01747 16.302 -26.0004 -0.905852 26.8025 -1.18476
lfemur -18.5153 27.8429 -14.8405
ltibia 34.9864 0 0
lfoot -8.16118 14.5816 0
ltoes 36.9234 0 0
rfemur -58.9881 -25.8913 13.1815
rtibia 108.093 0 0
rfoot 23.2128 3.87445 0
rtoes -4.92754 0 0
lowerback 7.81292 -7.06006 -4.37859
upperback 1.79638 -9.72584 -0.163491
thorax -1.77328 -4.83419 3.07738
lowerneck -11.056 -3.98665 -1.57792
upperneck 1.59353 -5.34063 4.88387
head 2.64092 -2.49795 1.55557
lclavicle -6.26669e-14 2.22639e-14 0
lhumerus -40.6268 -38.2905 102.646
lradius 49.068 0 0
lwrist 11.7604 0 0
lhand 31.997 19.7825 0
lfingers 7.12502 0 0
lthumb 55.4928 37.5586 0
rclavicle -6.26669e-14 2.22639e-14 0
rhumerus -55.7834 -18.3456 -73.6984
rradius 97.4295 0 0
rwrist -6.99274 0 0
rhand 23.2241 -2.81955 0
rfingers 7.12502 0 0
rthumb 47.5258 -385.251 0
156
root 6.9694 16.2928 -25.9769 -0.63609 26.551 -1.04837
lfemur -18.3812 27.1673 -14.1772
ltibia 34.9211 -0 0
lfoot -8.19425 13.0515 0.0104892
ltoes 36.3274 -0 0
rfemur -56.9349 -25.37 12.0338
rtibia 105.38 -0 0
rfoot 21.6881 2.836 0.333705
rtoes -3.05346 0 0
lowerback 7.4039 -6.87534 -4.20122
upperback 1.73091 -9.44263 -0.369104
thorax -1.65989 -4.70226 2.73284
lowerneck -11.0453 -4.09262 -1.44115
upperneck 1.62754 -5.50293 4.90373
head 2.64933 -2.57584 1.5281
lclavicle -5.69539e-14 2.23964e-14 -1.51958e-31
lhumerus -41.109 -38.5157 103.094
lradius 49.216 -0 0
lwrist 12.0078 0 0
lhand 32.2617 20.1862 0.0215139
lfingers 7.12502 -0 0
lthumb 55.7232 37.7493 0.00882969
rclavicle -5.69539e-14 2.23964e-14 -1.51958e-31
rhumerus -55.514 -16.9578 -74.5607
rradius 97.5707 -0 0
rwrist -6.75798 0 0
rhand 22.3648 -3.30575 0.0849814
rfingers 7.12502 -0 0
rthumb 46.7184 -25.9648 0.117538
157
root 6.92134 16.2836 -25.9533 -0.367585 26.299 -0.9136
lfemur -18.2567 26.4903 -13.5197
ltibia 34.8558 -0 0
lfoot -8.2276 11.5214 0.0200916
ltoes 35.7314 -0 0
rfemur -54.9026 -24.8121 10.9126
rtibia 102.667 -0 0
rfoot 20.1576 1.78899 0.639607
rtoes -1.17937 0 0
lowerback 6.99561 -6.68938 -4.02525
upperback 1.66446 -9.15966 -0.574878
thorax -1.54732 -4.56966 2.38863
lowerneck -11.0348 -4.19861 -1.30439
upperneck 1.66149 -5.66524 4.92351
head 2.65778 -2.65373 1.50062
lclavicle -5.12409e-14 2.25289e-14 -2.90702e-31
lhumerus -41.595 -38.738 103.546
lradius 49.3641 -0 0
lwrist 12.2551 0 0
lhand 32.5264 20.5901 0.0411621
lfingers 7.12502 -0 0
lthumb 55.9535 37.9401 0.0168924
rclavicle -5.12409e-14 2.25289e-14 -2.90702e-31
rhumerus -55.2682 -15.5663 -75.4101
rradius 97.7119 -0 0
rwrist -6.52323 0 0
rhand 21.5048 -3.79318 0.162659
rfingers 7.12502 -0 0
rthumb 45.9096 -26.6802 0.224997
158
root 6.87327 16.2744 -25.9298 -0.100321 26.0464 -0.780437
lfemur -18.1415 25.8121 -12.8676
ltibia 34.7904 -0 0
lfoot -8.26118 9.99129 0.0288002
ltoes 35.1353 -0 0
rfemur -52.8919 -24.2187 9.81878
rtibia 99.9539 -0 0
rfoot 18.6216 0.734116 0.917385
rtoes 0.694715 -0 0
lowerback 6.58805 -6.50217 -3.85068
upperback 1.59703 -8.87692 -0.780823
thorax -1.43557 -4.43638 2.04474
lowerneck -11.0246 -4.30462 -1.16763
upperneck 1.69541 -5.82756 4.94319
head 2.66626 -2.73162 1.47313
lclavicle -4.55279e-14 2.26615e-14 -4.16232e-31
lhumerus -42.0847 -38.9572 104.002
lradius 49.5121 -0 0
lwrist 12.5025 0 0
lhand 32.7914 20.994 0.0589433
lfingers 7.12502 -0 0
lthumb 56.184 38.1309 0.0241879
rclavicle -4.55279e-14 2.26615e-14 -4.16232e-31
rhumerus -55.0453 -14.1715 -76.2479
rradius 97.8531 -0 0
rwrist -6.28847 0 0
rhand 20.6442 -4.28172 0.233008
rfingers 7.12502 -0 0
rthumb 45.0995 -27.3971 0.322339
159
root 6.82521 16.2651 -25.9063 0.165718 25.7933 -0.648869
lfemur -18.0355 25.1328 -12.2207
ltibia 34.7251 -0 0
lfoot -8.29499 8.46118 0.0366089
ltoes 34.5393 -0 0
rfemur -50.9035 -23.591 8.75354
rtibia 97.2409 -0 0
rfoot 17.0807 -0.327918 1.16674
rtoes 2.5688 -0 0
lowerback 6.18122 -6.31373 -3.67752
upperback 1.52863 -8.59442 -0.986948
thorax -1.32464 -4.30244 1.70118
lowerneck -11.0146 -4.41066 -1.03087
upperneck 1.72927 -5.9899 4.96278
head 2.67479 -2.80951 1.44562
lclavicle -3.98149e-14 2.2794e-14 -5.28549e-31
lhumerus -42.5782 -39.1734 104.462
lradius 49.6601 -0 0
lwrist 12.7499 0 0
lhand 33.0564 21.398 0.0748563
lfingers 7.12502 -0 0
lthumb 56.4144 38.3218 0.030716
rclavicle -3.98149e-14 2.2794e-14 -5.28549e-31
rhumerus -54.8446 -12.7737 -77.0752
rradius 97.9944 -0 0
rwrist -6.05372 0 0
rhand 19.783 -4.77126 0.29601
rfingers 7.12502 -0 0
rthumb 44.2883 -28.1152 0.409529
160
root 6.77714 16.2559 -25.8828 0.430547 25.5396 -0.518885
lfemur -17.9385 24.4524 -11.5787
ltibia 34.6598 -0 0
lfoot -8.32899 6.93106 0.0435121
ltoes 33.9433 -0 0
rfemur -48.9377 -22.93 7.71773
rtibia 94.5279 -0 0
rfoot 15.5352 -1.39637 1.38741
rtoes 4.44289 -0 0
lowerback 5.77511 -6.12408 -3.50577
upperback 1.45925 -8.31217 -1.19326
thorax -1.21454 -4.16784 1.35794
lowerneck -11.0049 -4.51672 -0.8941
upperneck 1.76309 -6.15224 4.98228
head 2.68335 -2.88739 1.4181
lclavicle -3.41019e-14 2.29265e-14 -6.27652e-31
lhumerus -43.0754 -39.3865 104.925
lradius 49.8082 -0 0
lwrist 12.9973 0 0
lhand 33.3216 21.8021 0.0888997
lfingers 7.12502 -0 0
lthumb 56.6448 38.5126 0.0364764
rclavicle -3.41019e-14 2.29265e-14 -6.27652e-31
rhumerus -54.6656 -11.3732 -77.8932
rradius 98.1356 -0 0
rwrist -5.81896 0 0
rhand 18.9212 -5.2617 0.351644
rfingers 7.12502 -0 0
rthumb 43.476 -28.8346 0.486536
161
root 6.72908 16.2467 -25.8592 0.694182 25.2854 -0.390473
lfemur -17.8503 23.7711 -10.9413
ltibia 34.5945 -0 0
lfoot -8.36317 5.40094 0.0495049
ltoes 33.3473 -0 0
rfemur -46.9947 -22.237 6.71208
rtibia 91.8149 -0 0
rfoot 13.9858 -2.47049 1.57916
rtoes 6.31697 -0 0
lowerback 5.36972 -5.93323 -3.33544
upperback 1.3889 -8.03017 -1.39978
thorax -1.10527 -4.03258 1.01501
lowerneck -10.9955 -4.62281 -0.757334
upperneck 1.79687 -6.3146 5.00169
head 2.69195 -2.96526 1.39057
lclavicle -2.8389e-14 2.3059e-14 -7.13541e-31
lhumerus -43.5763 -39.5965 105.392
lradius 49.9562 -0 0
lwrist 13.2446 0 0
lhand 33.5868 22.2062 0.101073
lfingers 7.12502 -0 0
lthumb 56.8753 38.7035 0.0414692
rclavicle -2.8389e-14 2.3059e-14 -7.13541e-31
rhumerus -54.5077 -9.97042 -78.7031
rradius 98.2768 -0 0
rwrist -5.58421 0 0
rhand 18.0591 -5.75292 0.399894
rfingers 7.12502 -0 0
rthumb 42.6628 -29.5549 0.553331
162
root 6.68101 16.2375 -25.8357 0.956638 25.0307 -0.26362
lfemur -17.7709 23.089 -10.3084
ltibia 34.5292 -0 0
lfoot -8.39749 3.87081 0.0545829
ltoes 32.7513 -0 0
rfemur -45.0747 -21.5131 5.73725
rtibia 89.1018 -0 0
rfoot 12.4329 -3.5495 1.74176
rtoes 8.19106 -0 0
lowerback 4.96503 -5.74118 -3.16653
upperback 1.31756 -7.74842 -1.6065
thorax -0.996835 -3.89667 0.672399
lowerneck -10.9862 -4.72892 -0.620564
upperneck 1.8306 -6.47697 5.02101
head 2.70059 -3.04314 1.36302
lclavicle -2.2676e-14 2.31915e-14 -7.86216e-31
lhumerus -44.081 -39.8032 105.863
lradius 50.1043 -0 0
lwrist 13.492 0 0
lhand 33.8521 22.6104 0.111374
lfingers 7.12502 -0 0
lthumb 57.1058 38.8944 0.045694
rclavicle -2.2676e-14 2.31915e-14 -7.86216e-31
rhumerus -54.3705 -8.56557 -79.5057
rradius 98.4181 -0 0
rwrist -5.34945 0 0
rhand 17.1965 -6.24482 0.440746
rfingers 7.12502 -0 0
rthumb 41.8488 -30.2762 0.609891
163
root 6.63295 16.2283 -25.8122 1.21793 24.7754 -0.138316
lfemur -17.7 22.4061 -9.67968
ltibia 34.4638 -0 0
lfoot -8.43194 2.34068 0.0587426
ltoes 32.1552 -0 0
rfemur -43.1777 -20.7595 4.79374
rtibia 86.3888 -0 0
rfoot 10.8771 -4.63261 1.87505
rtoes 10.0651 -0 0
lowerback 4.56105 -5.54795 -2.99905
upperback 1.24525 -7.46693 -1.81344
thorax -0.88923 -3.76012 0.330102
lowerneck -10.9773 -4.83505 -0.48379
upperneck 1.86428 -6.63935 5.04024
head 2.70926 -3.12101 1.33546
lclavicle -1.6963e-14 2.33241e-14 -8.45678e-31
lhumerus -44.5893 -40.0068 106.338
lradius 50.2524 -0 0
lwrist 13.7394 0 0
lhand 34.1175 23.0146 0.119804
lfingers 7.12502 -0 0
lthumb 57.3363 39.0853 0.0491509
rclavicle -1.6963e-14 2.33241e-14 -8.45678e-31
rhumerus -54.2536 -7.15897 -80.3023
rradius 98.5593 -0 0
rwrist -5.1147 0 0
rhand 16.3336 -6.73727 0.474187
rfingers 7.12502 -0 0
rthumb 41.0341 -30.9981 0.656196
164
root 6.58488 16.219 -25.7886 1.47807 24.5196 -0.0145483
lfemur -17.6375 21.7225 -9.05488
ltibia 34.3985 -0 0
lfoot -8.46648 0.810551 0.061981
ltoes 31.5592 -0 0
rfemur -41.3035 -19.9773 3.88197
rtibia 83.6758 -0 0
rfoot 9.3189 -5.71901 1.97888
rtoes 11.9392 -0 0
lowerback 4.15777 -5.35355 -2.83298
upperback 1.17196 -7.1857 -2.02061
thorax -0.78246 -3.62293 -0.0118853
lowerneck -10.9686 -4.9412 -0.347011
upperneck 1.89793 -6.80174 5.05938
head 2.71798 -3.19887 1.30788
lclavicle -1.125e-14 2.34566e-14 -8.91926e-31
lhumerus -45.1014 -40.2071 106.816
lradius 50.4004 -0 0
lwrist 13.9867 0 0
lhand 34.383 23.4189 0.126361
lfingers 7.12502 -0 0
lthumb 57.5668 39.2762 0.0518397
rclavicle -1.125e-14 2.34566e-14 -8.91926e-31
rhumerus -54.1567 -5.75091 -81.0938
rradius 98.7005 -0 0
rwrist -4.87994 0 0
rhand 15.4705 -7.23018 0.500207
rfingers 7.12502 -0 0
rthumb 40.219 -31.7207 0.692228
165
root 6.53682 16.2098 -25.7651 1.73709 24.2633 0.107693
lfemur -17.5833 21.0383 -8.43379
ltibia 34.3332 -0 0
lfoot -8.5011 -0.719582 0.0642958
ltoes 30.9632 -0 0
rfemur -39.4521 -19.1677 3.00226
rtibia 80.9628 -0 0
rfoot 7.75896 -6.8079 2.05312
rtoes 13.8133 -0 0
lowerback 3.75519 -5.158 -2.66835
upperback 1.0977 -6.90473 -2.22801
thorax -0.676529 -3.48511 -0.353565
lowerneck -10.9601 -5.04737 -0.210226
upperneck 1.93152 -6.96414 5.07843
head 2.72673 -3.27674 1.28029
lclavicle -5.53698e-15 2.35891e-14 -9.2496e-31
lhumerus -45.6172 -40.4042 107.299
lradius 50.5485 -0 0
lwrist 14.2341 0 0
lhand 34.6485 23.8232 0.131045
lfingers 7.12502 -0 0
lthumb 57.7973 39.4672 0.0537603
rclavicle -5.53698e-15 2.35891e-14 -9.2496e-31
rhumerus -54.0795 -4.34165 -81.8812
rradius 98.8418 -0 0
rwrist -4.64519 0 0
rhand 14.6072 -7.72342 0.518799
rfingers 7.12502 -0 0
rthumb 39.4034 -32.4437 0.717975
166
root 6.48875 16.2006 -25.7416 1.99498 24.0065 0.22842
lfemur -17.5372 20.3536 -7.81619
ltibia 34.2679 -0 0
lfoot -8.53577 -2.24972 0.0656854
ltoes 30.3672 -0 0
rfemur -37.6229 -18.3319 2.15483
rtibia 78.2497 -0 0
rfoot 6.19783 -7.89845 2.0977
rtoes 15.6874 -0 0
lowerback 3.35329 -4.96129 -2.50515
upperback 1.02245 -6.62403 -2.43567
thorax -0.571438 -3.34666 -0.694939
lowerneck -10.9519 -5.15356 -0.0734341
upperneck 1.96508 -7.12655 5.09739
head 2.73552 -3.35459 1.25269
lclavicle 1.76008e-16 2.37216e-14 -9.44781e-31
lhumerus -46.1366 -40.5979 107.785
lradius 50.6965 -0 0
lwrist 14.4815 0 0
lhand 34.914 24.2275 0.133856
lfingers 7.12502 -0 0
lthumb 58.0279 39.6581 0.0549126
rclavicle 1.76008e-16 2.37216e-14 -9.44781e-31
rhumerus -54.0219 -2.93146 -82.6654
rradius 98.983 -0 0
rwrist -4.41043 0 0
rhand 13.7437 -8.21689 0.529956
rfingers 7.12502 -0 0
rthumb 38.5876 -33.167 0.733427
167
root 6.44069 16.1914 -25.718 2.25177 23.7492 0.347644
lfemur -17.4992 19.6685 -7.20186
ltibia 34.2026 -0 0
lfoot -8.57046 -3.77985 0.0661487
ltoes 29.7711 -0 0
rfemur -35.8156 -17.4711 1.33984
rtibia 75.5367 -0 0
rfoot 4.6361 -8.98982 2.11256
rtoes 17.5615 -0 0
lowerback 2.95207 -4.76346 -2.34339
upperback 0.946217 -6.34361 -2.64357
thorax -0.46719 -3.20759 -1.03601
lowerneck -10.944 -5.25977 0.0633656
upperneck 1.9986 -7.28898 5.11626
head 2.74435 -3.43245 1.22507
lclavicle 5.889e-15 2.38541e-14 -9.51388e-31
lhumerus -46.6597 -40.7882 108.274
lradius 50.8446 -0 0
lwrist 14.7289 0 0
lhand 35.1795 24.6318 0.134792
lfingers 7.12502 -0 0
lthumb 58.2584 39.8491 0.0552968
rclavicle 5.889e-15 2.38541e-14 -9.51388e-31
rhumerus -53.9836 -1.52062 -83.4475
rradius 99.1242 -0 0
rwrist -4.17567 0 0
rhand 12.8802 -8.71047 0.533675
rfingers 7.12502 -0 0
rthumb 37.7716 -33.8905 0.738578
168
root 6.39262 16.1822 -25.6945 2.50747 23.4915 0.465375
lfemur -17.4692 18.9831 -6.59057
ltibia 34.1372 -0 0
lfoot -8.60516 -5.30998 0.0656854
ltoes 29.1751 -0 0
rfemur -34.0296 -16.5864 0.55737
rtibia 72.8237 -0 0
rfoot 3.07437 -10.0812 2.0977
rtoes 19.4356 -0 0
lowerback 2.55153 -4.5645 -2.18307
upperback 0.869004 -6.06346 -2.85174
thorax -0.363787 -3.0679 -1.37678
lowerneck -10.9363 -5.366 0.200174
upperneck 2.03207 -7.45141 5.13505
head 2.75322 -3.5103 1.19744
lclavicle 1.1602e-14 2.39867e-14 -9.44781e-31
lhumerus -47.1864 -40.9751 108.768
lradius 50.9927 -0 0
lwrist 14.9762 0 0
lhand 35.445 25.0361 0.133856
lfingers 7.12502 -0 0
lthumb 58.4889 40.04 0.0549126
rclavicle 1.1602e-14 2.39867e-14 -9.44781e-31
rhumerus -53.9646 -0.109396 -84.2283
rradius 99.2655 -0 0
rwrist -3.94092 0 0
rhand 12.0167 -9.20406 0.529956
rfingers 7.12502 -0 0
rthumb 36.9556 -34.614 0.733427
169
root 6.34455 16.173 -25.671 2.76209 23.2332 0.581624
lfemur -17.4469 18.2974 -5.98213
ltibia 34.0719 -0 0
lfoot -8.63983 -6.84012 0.0642958
ltoes 28.5791 -0 0
rfemur -32.2645 -15.679 -0.192557
rtibia 70.1107 -0 0
rfoot 1.51324 -11.1718 2.05312
rtoes 21.3097 -0 0
lowerback 2.15166 -4.36443 -2.02419
upperback 0.790809 -5.78359 -3.06019
thorax -0.261231 -2.9276 -1.71726
lowerneck -10.9289 -5.47224 0.336992
upperneck 2.0655 -7.61386 5.15374
head 2.76212 -3.58814 1.16979
lclavicle 1.7315e-14 2.41192e-14 -9.2496e-31
lhumerus -47.7168 -41.1586 109.265
lradius 51.1407 -0 0
lwrist 15.2236 0 0
lhand 35.7105 25.4404 0.131045
lfingers 7.12502 -0 0
lthumb 58.7195 40.2309 0.0537603
rclavicle 1.7315e-14 2.41192e-14 -9.2496e-31
rhumerus -53.9648 1.30196 -85.0089
rradius 99.4067 -0 0
rwrist -3.70616 0 0
rhand 11.1532 -9.69753 0.518799
rfingers 7.12502 -0 0
rthumb 36.1398 -35.3373 0.717975
170
root 6.29649 16.1638 -25.6475 3.01566 22.9745 0.696402
lfemur -17.4324 17.6115 -5.37633
ltibia 34.0066 -0 0
lfoot -8.67445 -8.37025 0.061981
ltoes 27.9831 -0 0
rfemur -30.5194 -14.7499 -0.909966
rtibia 67.3976 -0 0
rfoot -0.0467036 -12.2606 1.97888
rtoes 23.1837 -0 0
lowerback 1.75245 -4.16326 -1.86676
upperback 0.711628 -5.50401 -3.26891
thorax -0.159523 -2.78669 -2.05744
lowerneck -10.9217 -5.57851 0.473821
upperneck 2.09889 -7.77632 5.17235
head 2.77107 -3.66598 1.14213
lclavicle 2.3028e-14 2.42517e-14 -8.91926e-31
lhumerus -48.2507 -41.3386 109.765
lradius 51.2888 -0 0
lwrist 15.471 0 0
lhand 35.976 25.8447 0.126361
lfingers 7.12502 -0 0
lthumb 58.95 40.4219 0.0518397
rclavicle 2.3028e-14 2.42517e-14 -8.91926e-31
rhumerus -53.9842 2.71318 -85.7902
rradius 99.548 -0 0
rwrist -3.47141 0 0
rhand 10.2899 -10.1908 0.500207
rfingers 7.12502 -0 0
rthumb 35.3242 -36.0603 0.692228
171
root 6.24842 16.1545 -25.6239 3.26819 22.7153 0.809719
lfemur -17.4255 16.9255 -4.77295
ltibia 33.9413 -0 0
lfoot -8.70899 -9.90038 0.0587426
ltoes 27.3871 -0 0
rfemur -28.7938 -13.8003 -1.59493
rtibia 64.6846 -0 0
rfoot -1.60487 -13.347 1.87505
rtoes 25.0578 -0 0
lowerback 1.35389 -3.961 -1.71077
upperback 0.631462 -5.22472 -3.47793
thorax -0.0586672 -2.64518 -2.39734
lowerneck -10.9148 -5.68479 0.610662
upperneck 2.13224 -7.93878 5.19087
head 2.78005 -3.74382 1.11445
lclavicle 2.8741e-14 2.43842e-14 -8.45678e-31
lhumerus -48.7881 -41.5151 110.269
lradius 51.4368 -0 0
lwrist 15.7183 0 0
lhand 36.2415 26.249 0.119804
lfingers 7.12502 -0 0
lthumb 59.1805 40.6128 0.0491509
rclavicle 2.8741e-14 2.43842e-14 -8.45678e-31
rhumerus -54.023 4.12401 -86.5731
rradius 99.6892 -0 0
rwrist -3.23665 0 0
rhand 9.42673 -10.6837 0.474187
rfingers 7.12502 -0 0
rthumb 34.5091 -36.7829 0.656196
172
root 6.20036 16.1453 -25.6004 3.51968 22.4557 0.921586
lfemur -17.4262 16.2394 -4.17181
ltibia 33.8759 -0 0
lfoot -8.74344 -11.4305 0.0545829
ltoes 26.791 -0 0
rfemur -27.0867 -12.8312 -2.24754
rtibia 61.9716 -0 0
rfoot -3.16069 -14.4302 1.74176
rtoes 26.9319 -0 0
lowerback 0.955986 -3.75766 -1.55623
upperback 0.550308 -4.94572 -3.68725
thorax 0.0413356 -2.50308 -2.73694
lowerneck -10.9081 -5.79108 0.747515
upperneck 2.16555 -8.10126 5.20929
head 2.78907 -3.82165 1.08676
lclavicle 3.4454e-14 2.45168e-14 -7.86216e-31
lhumerus -49.3291 -41.688 110.777
lradius 51.5849 -0 0
lwrist 15.9657 0 0
lhand 36.5069 26.6532 0.111374
lfingers 7.12502 -0 0
lthumb 59.411 40.8037 0.045694
rclavicle 3.4454e-14 2.45168e-14 -7.86216e-31
rhumerus -54.0812 5.53417 -87.3585
rradius 99.8304 -0 0
rwrist -3.0019 0 0
rhand 8.56386 -11.1761 0.440746
rfingers 7.12502 -0 0
rthumb 33.6944 -37.5048 0.609891
173
root 6.15229 16.1361 -25.5769 3.77015 22.1956 1.03201
lfemur -17.4343 15.5535 -3.57271
ltibia 33.8106 -0 0
lfoot -8.77776 -12.9606 0.0495049
ltoes 26.195 -0 0
rfemur -25.3973 -11.8437 -2.86794
rtibia 59.2586 -0 0
rfoot -4.71359 -15.5092 1.57916
rtoes 28.806 -0 0
lowerback 0.55872 -3.55326 -1.40315
upperback 0.468166 -4.66701 -3.89688
thorax 0.140483 -2.36039 -3.07626
lowerneck -10.9017 -5.89739 0.884382
upperneck 2.19883 -8.26375 5.22764
head 2.79813 -3.89948 1.05906
lclavicle 4.0167e-14 2.46493e-14 -7.13541e-31
lhumerus -49.8735 -41.8573 111.288
lradius 51.733 -0 0
lwrist 16.2131 0 0
lhand 36.7722 27.0574 0.101073
lfingers 7.12502 -0 0
lthumb 59.6415 40.9946 0.0414692
rclavicle 4.0167e-14 2.46493e-14 -7.13541e-31
rhumerus -54.1591 6.94341 -88.1476
rradius 99.9717 -0 0
rwrist -2.76714 0 0
rhand 7.7013 -11.668 0.399894
rfingers 7.12502 -0 0
rthumb 32.8804 -38.2261 0.553331
174
root 6.10423 16.1269 -25.5533 4.01963 21.9351 1.14101
lfemur -17.4498 14.8676 -2.97545
ltibia 33.7453 -0 0
lfoot -8.81194 -14.4908 0.0435121
ltoes 25.599 -0 0
rfemur -23.7249 -10.8389 -3.45628
rtibia 56.5455 -0 0
rfoot -6.26304 -16.5833 1.38741
rtoes 30.6801 -0 0
lowerback 0.162089 -3.34781 -1.25153
upperback 0.385033 -4.38861 -4.10684
thorax 0.238773 -2.21711 -3.4153
lowerneck -10.8955 -6.00372 1.02126
upperneck 2.23206 -8.42625 5.24589
head 2.80723 -3.9773 1.03134
lclavicle 4.58799e-14 2.47818e-14 -6.27652e-31
lhumerus -50.4214 -42.0229 111.803
lradius 51.881 -0 0
lwrist 16.4604 0 0
lhand 37.0374 27.4615 0.0888997
lfingers 7.12502 -0 0
lthumb 59.872 41.1855 0.0364764
rclavicle 4.58799e-14 2.47818e-14 -6.27652e-31
rhumerus -54.2568 8.35144 -88.9412
rradius 100.113 -0 0
rwrist -2.53239 0 0
rhand 6.83914 -12.1593 0.351644
rfingers 7.12502 -0 0
rthumb 32.0672 -38.9464 0.486536
175
root 6.05616 16.1177 -25.5298 4.26812 21.6741 1.24859
lfemur -17.4727 14.1819 -2.37986
ltibia 33.68 -0 0
lfoot -8.84594 -16.0209 0.0366089
ltoes 25.003 -0 0
rfemur -22.0683 -9.81771 -4.01271
rtibia 53.8325 -0 0
rfoot -7.80849 -17.6517 1.16674
rtoes 32.5542 -0 0
lowerback -0.233916 -3.14131 -1.10136
upperback 0.300907 -4.11052 -4.31712
thorax 0.336204 -2.07326 -3.75406
lowerneck -10.8896 -6.11006 1.15816
upperneck 2.26525 -8.58876 5.26406
head 2.81637 -4.05511 1.0036
lclavicle 5.15929e-14 2.49143e-14 -5.28549e-31
lhumerus -50.9727 -42.1849 112.322
lradius 52.0291 -0 0
lwrist 16.7078 0 0
lhand 37.3026 27.8656 0.0748563
lfingers 7.12502 -0 0
lthumb 60.1024 41.3763 0.030716
rclavicle 5.15929e-14 2.49143e-14 -5.28549e-31
rhumerus -54.3746 9.75798 -89.7403
rradius 100.254 -0 0
rwrist -2.29763 0 0
rhand 5.97742 -12.6497 0.29601
rfingers 7.12502 -0 0
rthumb 31.2549 -39.6658 0.409529
176
root 6.0081 16.1084 -25.5063 4.51563 21.4127 1.35475
lfemur -17.5028 13.4965 -1.78573
ltibia 33.6147 -0 0
lfoot -8.87975 -17.551 0.0288002
ltoes 24.407 -0 0
rfemur -20.4268 -8.78121 -4.53741
rtibia 51.1195 -0 0
rfoot -9.34944 -18.7138 0.917385
rtoes 34.4282 -0 0
lowerback -0.629301 -2.93379 -0.952656
upperback 0.215788 -3.83273 -4.52773
thorax 0.432774 -1.92883 -4.09254
lowerneck -10.8839 -6.21642 1.29507
upperneck 2.29841 -8.75128 5.28214
head 2.82554 -4.13293 0.975854
lclavicle 5.73059e-14 2.50468e-14 -4.16232e-31
lhumerus -51.5273 -42.3431 112.843
lradius 52.1771 -0 0
lwrist 16.9552 0 0
lhand 37.5676 28.2696 0.0589433
lfingers 7.12502 -0 0
lthumb 60.3328 41.5672 0.0241879
rclavicle 5.73059e-14 2.50468e-14 -4.16232e-31
rhumerus -54.513 11.1628 -90.546
rradius 100.395 -0 0
rwrist -2.06288 0 0
rhand 5.11622 -13.1392 0.233008
rfingers 7.12502 -0 0
rthumb 30.4437 -40.3839 0.322339
177
root 5.96003 16.0992 -25.4828 4.76218 21.1509 1.45952
lfemur -17.5401 12.8114 -1.19289
ltibia 33.5493 -0 0
lfoot -8.91333 -19.0811 0.0200916
ltoes 23.8109 -0 0
rfemur -18.7992 -7.73038 -5.03055
rtibia 48.4065 -0 0
rfoot -10.8854 -19.7686 0.639607
rtoes 36.3023 -0 0
lowerback -1.02408 -2.72524 -0.805415
upperback 0.129672 -3.55526 -4.7387
thorax 0.52848 -1.78384 -4.43076
lowerneck -10.8785 -6.32279 1.432
upperneck 2.33153 -8.91381 5.30013
head 2.83476 -4.21073 0.948089
lclavicle 6.30189e-14 2.51794e-14 -2.90702e-31
lhumerus -52.0853 -42.4976 113.368
lradius 52.3251 -0 0
lwrist 17.2026 0 0
lhand 37.8326 28.6735 0.0411621
lfingers 7.12502 -0 0
lthumb 60.5633 41.758 0.0168924
rclavicle 6.30189e-14 2.51794e-14 -2.90702e-31
rhumerus -54.6723 12.5655 -91.3593
rradius 100.537 -0 0
rwrist -1.82812 0 0
rhand 4.25558 -13.6278 0.162659
rfingers 7.12502 -0 0
rthumb 29.6336 -41.1008 0.224997
178
root 5.91197 16.09 -25.4592 5.00779 20.8886 1.5629
lfemur -17.5845 12.1268 -0.601163
ltibia 33.484 -0 0
lfoot -8.94668 -20.6112 0.0104892
ltoes 23.2149 -0 0
rfemur -17.1845 -6.66615 -5.49229
rtibia 45.6934 -0 0
rfoot -12.4159 -20.8157 0.333705
rtoes 38.1764 -0 0
lowerback -1.41825 -2.51569 -0.65964
upperback 0.0425593 -3.27811 -4.95002
thorax 0.623322 -1.63828 -4.7687
lowerneck -10.8734 -6.42917 1.56895
upperneck 2.36461 -9.07635 5.31803
head 2.84401 -4.28853 0.920309
lclavicle 6.87319e-14 2.53119e-14 -1.51958e-31
lhumerus -52.6465 -42.6483 113.896
lradius 52.4732 -0 0
lwrist 17.4499 0 0
lhand 38.0973 29.0774 0.0215139
lfingers 7.12502 -0 0
lthumb 60.7936 41.9488 0.00882969
rclavicle 6.87319e-14 2.53119e-14 -1.51958e-31
rhumerus -54.8531 13.9658 -92.1814
rradius 100.678 -0 0
rwrist -1.59337 0 0
rhand 3.39559 -14.1152 0.0849814
rfingers 7.12502 -0 0
rthumb 28.8248 -41.8162 0.117538
179
root 5.8639 16.0808 -25.4357 5.25247 20.626 1.66489
lfemur -17.6361 11.4426 -0.0103658
ltibia 33.4187 0 0
lfoot -8.97975 -22.1413 0
ltoes 22.6189 0 0
rfemur -15.5818 -5.58949 -5.9228
rtibia 42.9804 0 0
rfoot -13.9406 -21.8541 0
rtoes 40.0505 0 0
lowerback -1.81182 -2.30514 -0.515334
upperback -0.0455538 -3.00128 -5.16171
thorax 0.717296 -1.49217 -5.10638
lowerneck -10.8685 -6.53556 1.70592
upperneck 2.39766 -9.2389 5.33585
head 2.8533 -4.36633 0.892514
lclavicle 7.44449e-14 2.54444e-14 0
lhumerus -53.211 -42.7952 114.428
lradius 52.6212 0 0
lwrist 17.6973 0 0
lhand 38.362 29.4811 0
lfingers 7.12502 0 0
lthumb 61.024 42.1395 0
rclavicle 7.44449e-14 2.54444e-14 0
rhumerus -55.0558 15.3635 -93.0133
rradius 100.819 0 0
rwrist -1.35861 0 0
rhand 2.53628 -14.6014 0
rfingers 7.12502 0 0
rthumb 28.0174 -402.53 0
180
root 5.82256 16.038 -25.4342 5.3653 19.6761 1.86794
lfemur -16.5216 10.9094 0.131806
ltibia 32.2349 -0 0
lfoot -10.1072 -21.7918 -0.0769877
ltoes 23.6882 -0 0
rfemur -16.2224 -6.13885 -6.13284
rtibia 43.2702 -0 0
rfoot -14.4761 -20.1709 -0.180083
rtoes 40.9136 -0 0
lowerback -1.90394 -2.28583 -0.506375
upperback -0.0625144 -2.97237 -5.27616
thorax 0.748353 -1.47897 -5.23678
lowerneck -10.9298 -6.23348 1.91751
upperneck 2.4582 -8.86277 5.21694
head 2.87399 -4.17899 0.840423
lclavicle 6.9592e-14 2.21947e-14 -3.02773e-30
lhumerus -53.4228 -42.9412 114.432
lradius 52.6894 -0 0
lwrist 18.1672 0 0
lhand 38.408 29.6067 0.00110907
lfingers 7.12502 -0 0
lthumb 61.0626 42.2193 0.000591389
rclavicle 6.9592e-14 2.21947e-14 -3.02773e-30
rhumerus -52.9462 16.4603 -89.4054
rradius 99.1228 -0 0
rwrist -2.51214 0 0
rhand 2.46286 -15.5943 0.0141692
rfingers 7.12502 -0 0
rthumb 27.9472 -43.5341 0.0137068
181
root 5.78121 15.9952 -25.4327 5.47392 18.7258 2.06784
lfemur -15.4105 10.3736 0.263159
ltibia 31.0511 -0 0
lfoot -11.2351 -21.4408 -0.147081
ltoes 24.7575 -0 0
rfemur -16.8616 -6.6905 -6.33692
rtibia 43.5599 -0 0
rfoot -15.0167 -18.486 -0.344351
rtoes 41.7768 -0 0
lowerback -1.99606 -2.2665 -0.497448
upperback -0.0795328 -2.94349 -5.39062
thorax 0.779381 -1.46569 -5.36718
lowerneck -10.99 -5.93118 2.12865
upperneck 2.5179 -8.48653 5.09854
head 2.89451 -3.99163 0.788412
lclavicle 6.4739e-14 1.8945e-14 -5.78022e-30
lhumerus -53.6351 -43.0873 114.436
lradius 52.7576 -0 0
lwrist 18.637 0 0
lhand 38.4539 29.7324 0.00211737
lfingers 7.12502 -0 0
lthumb 61.1012 42.299 0.00112903
rclavicle 6.4739e-14 1.8945e-14 -5.78022e-30
rhumerus -50.7568 17.4262 -85.7379
rradius 97.4267 -0 0
rwrist -3.66566 0 0
rhand 2.3892 -16.5873 0.027064
rfingers 7.12502 -0 0
rthumb 27.8767 -44.5382 0.0261811
182
root 5.73987 15.9524 -25.4312 5.57846 17.7751 2.26476
lfemur -14.3024 9.83547 0.383724
ltibia 29.8673 -0 0
lfoot -12.3633 -21.0885 -0.210251
ltoes 25.8267 -0 0
rfemur -17.4996 -7.24438 -6.53502
rtibia 43.8497 -0 0
rfoot -15.5619 -16.7997 -0.492648
rtoes 42.6399 -0 0
lowerback -2.08817 -2.24715 -0.488551
upperback -0.0966089 -2.91464 -5.50509
thorax 0.81038 -1.45234 -5.49757
lowerneck -11.049 -5.62866 2.33936
upperneck 2.57675 -8.11016 4.98066
head 2.91485 -3.80425 0.73648
lclavicle 5.98861e-14 1.56953e-14 -8.25745e-30
lhumerus -53.848 -43.2333 114.441
lradius 52.8258 -0 0
lwrist 19.1069 0 0
lhand 38.4999 29.8581 0.00302488
lfingers 7.12502 -0 0
lthumb 61.1398 42.3788 0.00161291
rclavicle 5.98861e-14 1.56953e-14 -8.25745e-30
rhumerus -48.4959 18.2551 -82.0157
rradius 95.7305 -0 0
rwrist -4.81919 0 0
rhand 2.31534 -17.5803 0.0386804
rfingers 7.12502 -0 0
rthumb 27.8061 -45.5423 0.0374189
183
root 5.69852 15.9096 -25.4297 5.67906 16.8241 2.45885
lfemur -13.1972 9.2951 0.493529
ltibia 28.6834 -0 0
lfoot -13.492 -20.735 -0.266471
ltoes 26.896 -0 0
rfemur -18.1365 -7.80042 -6.72713
rtibia 44.1394 -0 0
rfoot -16.1112 -15.112 -0.62483
rtoes 43.5031 -0 0
lowerback -2.18028 -2.22779 -0.479686
upperback -0.113743 -2.88583 -5.61956
thorax 0.841348 -1.43893 -5.62795
lowerneck -11.1069 -5.32592 2.54965
upperneck 2.63477 -7.73367 4.86328
head 2.93502 -3.61685 0.684626
lclavicle 5.50331e-14 1.24456e-14 -1.04594e-29
lhumerus -54.0614 -43.3793 114.447
lradius 52.8941 -0 0
lwrist 19.5768 0 0
lhand 38.5459 29.9837 0.0038316
lfingers 7.12502 -0 0
lthumb 61.1785 42.4586 0.00204305
rclavicle 5.50331e-14 1.24456e-14 -1.04594e-29
rhumerus -46.1728 18.9416 -78.2453
rradius 94.0344 -0 0
rwrist -5.97271 0 0
rhand 2.24128 -18.5733 0.049015
rfingers 7.12502 -0 0
rthumb 27.7352 -46.5464 0.0474168
184
root 5.65718 15.8668 -25.4282 5.77581 15.8728 2.65027
lfemur -12.0948 8.75274 0.592605
ltibia 27.4996 -0 0
lfoot -14.621 -20.3804 -0.315715
ltoes 27.9653 -0 0
rfemur -18.7724 -8.35854 -6.91325
rtibia 44.4292 -0 0
rfoot -16.6642 -13.423 -0.74077
rtoes 44.3662 -0 0
lowerback -2.27239 -2.20842 -0.470852
upperback -0.130934 -2.85705 -5.73405
thorax 0.872286 -1.42544 -5.75833
lowerneck -11.1636 -5.02298 2.75954
upperneck 2.69196 -7.35706 4.74638
head 2.95501 -3.42943 0.632848
lclavicle 5.01802e-14 9.19592e-15 -1.23862e-29
lhumerus -54.2753 -43.5253 114.454
lradius 52.9623 -0 0
lwrist 20.0466 0 0
lhand 38.5918 30.1094 0.00453751
lfingers 7.12502 -0 0
lthumb 61.2171 42.5383 0.00241942
rclavicle 5.01802e-14 9.19592e-15 -1.23862e-29
rhumerus -43.7982 19.481 -74.4344
rradius 92.3382 -0 0
rwrist -7.12624 0 0
rhand 2.16705 -19.5663 0.0580645
rfingers 7.12502 -0 0
rthumb 27.6642 -47.5505 0.0561718
185
root 5.61584 15.8241 -25.4268 5.86883 14.9212 2.83915
lfemur -10.9948 8.20861 0.680979
ltibia 26.3158 -0 0
lfoot -15.7503 -20.025 -0.357964
ltoes 29.0346 -0 0
rfemur -19.4073 -8.91866 -7.09337
rtibia 44.719 -0 0
rfoot -17.2204 -11.733 -0.840358
rtoes 45.2294 -0 0
lowerback -2.36449 -2.18903 -0.462049
upperback -0.148182 -2.8283 -5.84854
thorax 0.903194 -1.41188 -5.88871
lowerneck -11.2192 -4.71983 2.96902
upperneck 2.74832 -6.98034 4.62996
head 2.97483 -3.242 0.581146
lclavicle 4.53273e-14 5.94623e-15 -1.40377e-29
lhumerus -54.4898 -43.6713 114.461
lradius 53.0305 -0 0
lwrist 20.5165 0 0
lhand 38.6378 30.2351 0.00514259
lfingers 7.12502 -0 0
lthumb 61.2557 42.6181 0.00274202
rclavicle 4.53273e-14 5.94623e-15 -1.40377e-29
rhumerus -41.3839 19.8696 -70.592
rradius 90.6421 -0 0
rwrist -8.27976 0 0
rhand 2.09268 -20.5593 0.0658264
rfingers 7.12502 -0 0
rthumb 27.5931 -48.5546 0.0636811
186
root 5.57449 15.7813 -25.4253 5.95823 13.9693 3.02563
lfemur -9.89717 7.6629 0.75868
ltibia 25.132 -0 0
lfoot -16.8798 -19.6688 -0.393199
ltoes 30.1038 -0 0
rfemur -20.0415 -9.48072 -7.26746
rtibia 45.0087 -0 0
rfoot -17.7792 -10.042 -0.923496
rtoes 46.0925 -0 0
lowerback -2.4566 -2.16963 -0.453277
upperback -0.165488 -2.79959 -5.96303
thorax 0.934071 -1.39825 -6.01908
lowerneck -11.2736 -4.41648 3.17813
upperneck 2.80388 -6.60351 4.514
head 2.99447 -3.05455 0.529518
lclavicle 4.04743e-14 2.69653e-15 -1.54139e-29
lhumerus -54.7048 -43.8172 114.469
lradius 53.0987 -0 0
lwrist 20.9864 0 0
lhand 38.6838 30.3607 0.00564685
lfingers 7.12502 -0 0
lthumb 61.2943 42.6979 0.00301087
rclavicle 4.04743e-14 2.69653e-15 -1.54139e-29
rhumerus -38.9426 20.1044 -66.728
rradius 88.9459 -0 0
rwrist -9.43329 0 0
rhand 2.01819 -21.5523 0.0722982
rfingers 7.12502 -0 0
rthumb 27.5218 -49.5588 0.0699423
187
root 5.53315 15.7385 -25.4238 6.04409 13.0171 3.20984
lfemur -8.80163 7.11581 0.825736
ltibia 23.9482 -0 0
lfoot -18.0095 -19.312 -0.421405
ltoes 31.1731 -0 0
rfemur -20.6751 -10.0447 -7.43553
rtibia 45.2985 -0 0
rfoot -18.3404 -8.35026 -0.990104
rtoes 46.9556 -0 0
lowerback -2.54869 -2.15022 -0.444537
upperback -0.182851 -2.77091 -6.07754
thorax 0.964917 -1.38455 -6.14944
lowerneck -11.3269 -4.11293 3.38686
upperneck 2.85862 -6.22657 4.39849
head 3.01395 -2.86708 0.477963
lclavicle 3.56214e-14 -5.53165e-16 -1.65149e-29
lhumerus -54.9203 -43.9631 114.478
lradius 53.1669 -0 0
lwrist 21.4563 0 0
lhand 38.7298 30.4864 0.00605026
lfingers 7.12502 -0 0
lthumb 61.3329 42.7776 0.00322595
rclavicle 3.56214e-14 -5.53165e-16 -1.65149e-29
rhumerus -36.4875 20.1839 -62.853
rradius 87.2498 -0 0
rwrist -10.5868 0 0
rhand 1.94359 -22.5453 0.077478
rfingers 7.12502 -0 0
rthumb 27.4504 -50.5629 0.0749537
188
root 5.4918 15.6957 -25.4223 6.1265 12.0647 3.39191
lfemur -7.70799 6.56755 0.882174
ltibia 22.7644 -0 0
lfoot -19.1394 -18.9547 -0.442571
ltoes 32.2424 -0 0
rfemur -21.3081 -10.6104 -7.59754
rtibia 45.5882 -0 0
rfoot -18.9032 -6.65792 -1.04012
rtoes 47.8188 -0 0
lowerback -2.64079 -2.13079 -0.435828
upperback -0.20027 -2.74227 -6.19205
thorax 0.995733 -1.37078 -6.27979
lowerneck -11.3791 -3.8092 3.59523
upperneck 2.91256 -5.84952 4.28343
head 3.03325 -2.67959 0.42648
lclavicle 3.07684e-14 -3.80286e-15 -1.73407e-29
lhumerus -55.1365 -44.109 114.488
lradius 53.2352 -0 0
lwrist 21.9261 0 0
lhand 38.7757 30.6121 0.00635282
lfingers 7.12502 -0 0
lthumb 61.3716 42.8574 0.00338726
rclavicle 3.07684e-14 -3.80286e-15 -1.73407e-29
rhumerus -34.0323 20.1074 -58.9779
rradius 85.5536 -0 0
rwrist -11.7403 0 0
rhand 1.86892 -23.5383 0.0813642
rfingers 7.12502 -0 0
rthumb 27.379 -51.5671 0.0787135
189
root 5.45046 15.6529 -25.4208 6.20554 11.112 3.57197
lfemur -6.61605 6.01833 0.92802
ltibia 21.5806 -0 0
lfoot -20.2694 -18.597 -0.456686
ltoes 33.3117 -0 0
rfemur -21.9406 -11.1778 -7.75348
rtibia 45.878 -0 0
rfoot -19.4673 -4.96514 -1.07349
rtoes 48.6819 -0 0
lowerback -2.73288 -2.11134 -0.42715
upperback -0.217747 -2.71366 -6.30657
thorax 1.02652 -1.35694 -6.41014
lowerneck -11.4302 -3.50527 3.80326
upperneck 2.96571 -5.47236 4.1688
head 3.05238 -2.49209 0.375067
lclavicle 2.59155e-14 -7.05256e-15 -1.78912e-29
lhumerus -55.3532 -44.2549 114.498
lradius 53.3034 -0 0
lwrist 22.396 0 0
lhand 38.8217 30.7377 0.00655454
lfingers 7.12502 -0 0
lthumb 61.4102 42.9372 0.0034948
rclavicle 2.59155e-14 -7.05256e-15 -1.78912e-29
rhumerus -31.5905 19.8755 -55.1136
rradius 83.8575 -0 0
rwrist -12.8939 0 0
rhand 1.79419 -24.5314 0.0839557
rfingers 7.12502 -0 0
rthumb 27.3075 -52.5713 0.0812208
190
root 5.40912 15.6101 -25.4193 6.2813 10.1591 3.75013
lfemur -5.52561 5.46834 0.9633
ltibia 20.3967 -0 0
lfoot -21.3995 -18.2392 -0.463745
ltoes 34.381 -0 0
rfemur -22.5729 -11.7469 -7.90332
rtibia 46.1678 -0 0
rfoot -20.0321 -3.27211 -1.09018
rtoes 49.5451 -0 0
lowerback -2.82496 -2.09188 -0.418504
upperback -0.235281 -2.68509 -6.42109
thorax 1.05727 -1.34303 -6.54048
lowerneck -11.4801 -3.20117 4.01095
upperneck 3.01806 -5.09509 4.05459
head 3.07134 -2.30456 0.323725
lclavicle 2.10626e-14 -1.03023e-14 -1.81664e-29
lhumerus -55.5704 -44.4007 114.51
lradius 53.3716 -0 0
lwrist 22.8659 0 0
lhand 38.8677 30.8634 0.00665539
lfingers 7.12502 -0 0
lthumb 61.4488 43.017 0.00354857
rclavicle 2.10626e-14 -1.03023e-14 -1.81664e-29
rhumerus -29.1756 19.4899 -51.2707
rradius 82.1613 -0 0
rwrist -14.0474 0 0
rhand 1.71942 -25.5244 0.0852516
rfingers 7.12502 -0 0
rthumb 27.236 -53.5754 0.0824746
191
root 5.36777 15.5673 -25.4178 6.35384 9.20597 3.92651
lfemur -4.43645 4.91777 0.988037
ltibia 19.2129 -0 0
lfoot -22.5296 -17.8812 -0.463745
ltoes 35.4502 -0 0
rfemur -23.2049 -12.3176 -8.04705
rtibia 46.4575 -0 0
rfoot -20.5972 -1.57899 -1.09018
rtoes 50.4082 -0 0
lowerback -2.91704 -2.07241 -0.409889
upperback -0.252871 -2.65655 -6.53562
thorax 1.08799 -1.32906 -6.67081
lowerneck -11.529 -2.89688 4.21831
upperneck 3.06964 -4.71773 3.94079
head 3.09013 -2.11703 0.272451
lclavicle 1.62096e-14 -1.35519e-14 -1.81664e-29
lhumerus -55.7883 -44.5465 114.522
lradius 53.4398 -0 0
lwrist 23.3357 0 0
lhand 38.9137 30.9891 0.00665539
lfingers 7.12502 -0 0
lthumb 61.4874 43.0967 0.00354857
rclavicle 1.62096e-14 -1.35519e-14 -1.81664e-29
rhumerus -26.8001 18.9534 -47.4591
rradius 80.4652 -0 0
rwrist -15.2009 0 0
rhand 1.64465 -26.5175 0.0852516
rfingers 7.12502 -0 0
rthumb 27.1644 -54.5796 0.0824746
192
root 5.32643 15.5245 -25.4163 6.42323 8.25261 4.10122
lfemur -3.34838 4.36684 1.00225
ltibia 18.0291 -0 0
lfoot -23.6596 -17.5234 -0.456686
ltoes 36.5195 -0 0
rfemur -23.8369 -12.8898 -8.18463
rtibia 46.7473 -0 0
rfoot -21.162 0.114043 -1.07349
rtoes 51.2714 -0 0
lowerback -3.00912 -2.05293 -0.401305
upperback -0.270519 -2.62804 -6.65016
thorax 1.11868 -1.31501 -6.80114
lowerneck -11.5767 -2.59242 4.42537
upperneck 3.12043 -4.34026 3.82739
head 3.10875 -1.92947 0.221244
lclavicle 1.13567e-14 -1.68016e-14 -1.78912e-29
lhumerus -56.0068 -44.6923 114.535
lradius 53.508 -0 0
lwrist 23.8056 0 0
lhand 38.9597 31.1148 0.00655454
lfingers 7.12502 -0 0
lthumb 61.526 43.1765 0.0034948
rclavicle 1.13567e-14 -1.68016e-14 -1.78912e-29
rhumerus -24.476 18.2697 -43.6879
rradius 78.769 -0 0
rwrist -16.3544 0 0
rhand 1.56988 -27.5105 0.0839557
rfingers 7.12502 -0 0
rthumb 27.0929 -55.5837 0.0812208
193
root 5.28509 15.4817 -25.4148 6.48953 7.29905 4.27437
lfemur -2.2612 3.81575 1.00597
ltibia 16.8453 -0 0
lfoot -24.7896 -17.1657 -0.442571
ltoes 37.5888 -0 0
rfemur -24.469 -13.4635 -8.31604
rtibia 47.0371 -0 0
rfoot -21.7261 1.80682 -1.04012
rtoes 52.1345 -0 0
lowerback -3.1012 -2.03343 -0.392753
upperback -0.288222 -2.59958 -6.7647
thorax 1.14933 -1.30089 -6.93145
lowerneck -11.6233 -2.28779 4.63212
upperneck 3.17045 -3.96269 3.71438
head 3.1272 -1.7419 0.170104
lclavicle 6.50375e-15 -2.00513e-14 -1.73407e-29
lhumerus -56.2258 -44.8381 114.548
lradius 53.5762 -0 0
lwrist 24.2755 0 0
lhand 39.0057 31.2404 0.00635282
lfingers 7.12502 -0 0
lthumb 61.5646 43.2563 0.00338726
rclavicle 6.50375e-15 -2.00513e-14 -1.73407e-29
rhumerus -22.2138 17.4435 -39.9647
rradius 77.0729 -0 0
rwrist -17.508 0 0
rhand 1.49515 -28.5036 0.0813642
rfingers 7.12502 -0 0
rthumb 27.0214 -56.5879 0.0787135
194
root 5.24374 15.4389 -25.4133 6.5528 6.34529 4.44606
lfemur -1.1747 3.26467 0.999219
ltibia 15.6615 -0 0
lfoot -25.9195 -16.8084 -0.421405
ltoes 38.6581 -0 0
rfemur -25.1013 -14.0385 -8.44123
rtibia 47.3268 -0 0
rfoot -22.2889 3.49916 -0.990104
rtoes 52.9977 -0 0
lowerback -3.19326 -2.01391 -0.384233
upperback -0.305982 -2.57115 -6.87925
thorax 1.17996 -1.2867 -7.06176
lowerneck -11.6688 -1.983 4.83858
upperneck 3.2197 -3.58503 3.60175
head 3.14547 -1.55431 0.119029
lclavicle 1.65081e-15 -2.3301e-14 -1.65149e-29
lhumerus -56.4455 -44.9838 114.563
lradius 53.6445 -0 0
lwrist 24.7453 0 0
lhand 39.0516 31.3661 0.00605026
lfingers 7.12502 -0 0
lthumb 61.6033 43.3361 0.00322595
rclavicle 1.65081e-15 -2.3301e-14 -1.65149e-29
rhumerus -20.0229 16.4802 -36.2961
rradius 75.3767 -0 0
rwrist -18.6615 0 0
rhand 1.42048 -29.4966 0.077478
rfingers 7.12502 -0 0
rthumb 26.95 -57.5921 0.0749537
195
root 5.2024 15.3961 -25.4118 6.61309 5.39135 4.61641
lfemur -0.0886838 2.71383 0.982008
ltibia 14.4777 -0 0
lfoot -27.0492 -16.4516 -0.393199
ltoes 39.7274 -0 0
rfemur -25.7339 -14.6149 -8.56018
rtibia 47.6166 -0 0
rfoot -22.8501 5.1909 -0.923496
rtoes 53.8608 -0 0
lowerback -3.28533 -1.99439 -0.375744
upperback -0.323799 -2.54275 -6.9938
thorax 1.21055 -1.27244 -7.19206
lowerneck -11.7131 -1.67804 5.04477
upperneck 3.26819 -3.20727 3.48949
head 3.16359 -1.36671 0.0680183
lclavicle -3.20213e-15 -2.65507e-14 -1.54139e-29
lhumerus -56.6657 -45.1294 114.578
lradius 53.7127 -0 0
lwrist 25.2152 0 0
lhand 39.0976 31.4918 0.00564685
lfingers 7.12502 -0 0
lthumb 61.6419 43.4158 0.00301087
rclavicle -3.20213e-15 -2.65507e-14 -1.54139e-29
rhumerus -17.9117 15.3858 -32.687
rradius 73.6806 -0 0
rwrist -19.815 0 0
rhand 1.34588 -30.4896 0.0722982
rfingers 7.12502 -0 0
rthumb 26.8786 -58.5962 0.0699423
196
root 5.16105 15.3533 -25.4103 6.67045 4.43724 4.7855
lfemur 0.997056 2.16341 0.954358
ltibia 13.2939 -0 0
lfoot -28.1788 -16.0954 -0.357964
ltoes 40.7966 -0 0
rfemur -26.3669 -15.1924 -8.67286
rtibia 47.9063 -0 0
rfoot -23.4089 6.88187 -0.840358
rtoes 54.7239 -0 0
lowerback -3.37739 -1.97485 -0.367286
upperback -0.341671 -2.51439 -7.10836
thorax 1.2411 -1.25811 -7.32234
lowerneck -11.7564 -1.37292 5.25069
upperneck 3.31592 -2.82942 3.37759
head 3.18153 -1.17909 0.0170705
lclavicle -8.05507e-15 -2.98004e-14 -1.40377e-29
lhumerus -56.8866 -45.275 114.595
lradius 53.7809 -0 0
lwrist 25.6851 0 0
lhand 39.1436 31.6174 0.00514259
lfingers 7.12502 -0 0
lthumb 61.6805 43.4956 0.00274202
rclavicle -8.05507e-15 -2.98004e-14 -1.40377e-29
rhumerus -15.8868 14.1669 -29.1411
rradius 71.9844 -0 0
rwrist -20.9685 0 0
rhand 1.27139 -31.4826 0.0658264
rfingers 7.12502 -0 0
rthumb 26.8073 -59.6004 0.0636811
197
root 5.11971 15.3106 -25.4089 6.72493 3.48296 4.95344
lfemur 2.08272 1.61361 0.916289
ltibia 12.11 -0 0
lfoot -29.3081 -15.74 -0.315715
ltoes 41.8659 -0 0
rfemur -27.0006 -15.7712 -8.7792
rtibia 48.1961 -0 0
rfoot -23.9651 8.57191 -0.74077
rtoes 55.5871 -0 0
lowerback -3.46945 -1.9553 -0.358861
upperback -0.3596 -2.48606 -7.22292
thorax 1.27163 -1.24372 -7.45262
lowerneck -11.7986 -1.06766 5.45635
upperneck 3.3629 -2.45147 3.26603
head 3.1993 -0.991453 -0.0338153
lclavicle -1.2908e-14 -3.30501e-14 -1.23862e-29
lhumerus -57.1081 -45.4206 114.612
lradius 53.8491 -0 0
lwrist 26.155 0 0
lhand 39.1896 31.7431 0.00453751
lfingers 7.12502 -0 0
lthumb 61.7191 43.5754 0.00241942
rclavicle -1.2908e-14 -3.30501e-14 -1.23862e-29
rhumerus -13.9539 12.8303 -25.6604
rradius 70.2883 -0 0
rwrist -22.1221 0 0
rhand 1.19702 -32.4756 0.0580645
rfingers 7.12502 -0 0
rthumb 26.7362 -60.6045 0.0561718
198
root 5.07837 15.2678 -25.4074 6.77655 2.52853 5.12033
lfemur 3.1685 1.06464 0.867816
ltibia 10.9262 -0 0
lfoot -30.437 -15.3854 -0.266471
ltoes 42.9352 -0 0
rfemur -27.635 -16.351 -8.87919
rtibia 48.4859 -0 0
rfoot -24.5181 10.2609 -0.62483
rtoes 56.4502 -0 0
lowerback -3.5615 -1.93573 -0.350466
upperback -0.377585 -2.45778 -7.33749
thorax 1.30212 -1.22925 -7.58288
lowerneck -11.8397 -0.762239 5.66178
upperneck 3.40913 -2.07343 3.15482
head 3.21691 -0.803802 -0.0846403
lclavicle -1.77609e-14 -3.62998e-14 -1.04594e-29
lhumerus -57.3303 -45.5661 114.63
lradius 53.9173 -0 0
lwrist 26.6248 0 0
lhand 39.2355 31.8688 0.0038316
lfingers 7.12502 -0 0
lthumb 61.7577 43.6551 0.00204305
rclavicle -1.77609e-14 -3.62998e-14 -1.04594e-29
rhumerus -12.1173 11.3831 -22.2458
rradius 68.5921 -0 0
rwrist -23.2756 0 0
rhand 1.12279 -33.4686 0.049015
rfingers 7.12502 -0 0
rthumb 26.6652 -61.6086 0.0474168
199
root 5.03702 15.225 -25.4059 6.82536 1.57395 5.28625
lfemur 4.2546 0.516676 0.808955
ltibia 9.74242 -0 0
lfoot -31.5657 -15.0319 -0.210251
ltoes 44.0045 -0 0
rfemur -28.2702 -16.9319 -8.97276
rtibia 48.7756 -0 0
rfoot -25.0674 11.9486 -0.492648
rtoes 57.3134 -0 0
lowerback -3.65354 -1.91615 -0.342104
upperback -0.395626 -2.42952 -7.45207
thorax 1.33257 -1.21472 -7.71314
lowerneck -11.8796 -0.456677 5.86697
upperneck 3.45461 -1.69531 3.04393
head 3.23435 -0.616135 -0.135406
lclavicle -2.26139e-14 -3.95495e-14 -8.25745e-30
lhumerus -57.5531 -45.7116 114.648
lradius 53.9856 -0 0
lwrist 27.0947 0 0
lhand 39.2815 31.9944 0.00302488
lfingers 7.12502 -0 0
lthumb 61.7964 43.7349 0.00161291
rclavicle -2.26139e-14 -3.95495e-14 -8.25745e-30
rhumerus -10.3804 9.83244 -18.8966
rradius 66.896 -0 0
rwrist -24.4291 0 0
rhand 1.04874 -34.4616 0.0386804
rfingers 7.12502 -0 0
rthumb 26.5943 -62.6127 0.0374189
200
root 4.99568 15.1822 -25.4044 6.8714 0.619236 5.45131
lfemur 5.34123 -0.0300705 0.739721
ltibia 8.55861 -0 0
lfoot -32.694 -14.6796 -0.147081
ltoes 45.0737 -0 0
rfemur -28.9064 -17.5137 -9.05986
rtibia 49.0654 -0 0
rfoot -25.6126 13.6349 -0.344351
rtoes 58.1765 -0 0
lowerback -3.74558 -1.89656 -0.333773
upperback -0.413722 -2.40131 -7.56664
thorax 1.363 -1.20011 -7.84338
lowerneck -11.9185 -0.150973 6.07194
upperneck 3.49935 -1.3171 2.93337
head 3.25162 -0.428452 -0.186112
lclavicle -2.74668e-14 -4.27992e-14 -5.78022e-30
lhumerus -57.7765 -45.857 114.668
lradius 54.0538 -0 0
lwrist 27.5646 0 0
lhand 39.3275 32.1201 0.00211737
lfingers 7.12502 -0 0
lthumb 61.835 43.8147 0.00112903
rclavicle -2.74668e-14 -4.27992e-14 -5.78022e-30
rhumerus -8.7456 8.18563 -15.6111
rradius 65.1998 -0 0
rwrist -25.5826 0 0
rhand 0.974868 -35.4546 0.027064
rfingers 7.12502 -0 0
rthumb 26.5237 -63.6168 0.0261811
201
root 4.95433 15.1394 -25.4029 6.91468 -0.335607 5.6156
lfemur 6.42856 -0.575405 0.660127
ltibia 7.37479 -0 0
lfoot -33.8219 -14.3286 -0.0769877
ltoes 46.143 -0 0
rfemur -29.5438 -18.0965 -9.14045
rtibia 49.3551 -0 0
rfoot -26.1532 15.3198 -0.180083
rtoes 59.0397 -0 0
lowerback -3.83762 -1.87695 -0.325474
upperback -0.431874 -2.37313 -7.68122
thorax 1.39339 -1.18544 -7.97361
lowerneck -11.9563 0.154868 6.27671
upperneck 3.54336 -0.938797 2.82311
head 3.26873 -0.240755 -0.236761
lclavicle -3.23198e-14 -4.60489e-14 -3.02773e-30
lhumerus -58.0006 -46.0024 114.689
lradius 54.122 -0 0
lwrist 28.0344 0 0
lhand 39.3734 32.2458 0.00110907
lfingers 7.12502 -0 0
lthumb 61.8736 43.8944 0.000591389
rclavicle -3.23198e-14 -4.60489e-14 -3.02773e-30
rhumerus -7.21458 6.44981 -12.3867
rradius 63.5037 -0 0
rwrist -26.7362 0 0
rhand 0.901213 -36.4476 0.0141692
rfingers 7.12502 -0 0
rthumb 26.4532 -64.6209 0.0137068
202
root 4.91299 15.0966 -25.4014 6.95523 -1.29057 5.7792
lfemur 7.51681 -1.11913 0.570186
ltibia 6.19098 0 0
lfoot -34.9493 -13.9791 0
ltoes 47.2123 0 0
rfemur -30.1825 -18.68 -9.21446
rtibia 49.6449 0 0
rfoot -26.6887 17.003 0
rtoes 59.9028 0 0
lowerback -3.92965 -1.85733 -0.317206
upperback -0.450082 -2.34499 -7.79581
thorax 1.42374 -1.1707 -8.10383
lowerneck -11.993 0.460842 6.48128
upperneck 3.58664 -0.560415 2.71316
head 3.28567 -0.0530421 -0.287354
lclavicle -3.71727e-14 -4.92986e-14 0
lhumerus -58.2254 -46.1477 114.71
lradius 54.1902 0 0
lwrist 28.5043 0 0
lhand 39.4194 32.3714 0
lfingers 7.12502 0 0
lthumb 61.9122 43.9742 0
rclavicle -3.71727e-14 -4.92986e-14 0
rhumerus -5.78849 4.63203 -9.21953
rradius 61.8075 0 0
rwrist -27.8897 0 0
rhand 0.827793 -37.4405 0
rfingers 7.12502 0 0
rthumb 26.383 -425.625 0
203
root 4.89377 15.0831 -25.4165 7.02248 -1.32904 5.7327
lfemur 7.49885 -1.30789 0.647137
ltibia 6.08023 -0 0
lfoot -35.174 -13.4922 -0.00381883
ltoes 47.1944 -0 0
rfemur -30.5469 -19.026 -9.03271
rtibia 49.9935 -0 0
rfoot -26.6821 17.3065 7.01239e-05
rtoes 59.9852 -0 0
lowerback -3.67427 -1.75693 -0.355689
upperback -0.507141 -2.22498 -7.757
thorax 1.24009 -1.11474 -8.02398
lowerneck -11.8483 0.440422 6.58289
upperneck 3.63748 -0.587056 2.63094
head 3.27502 -0.0674761 -0.333739
lclavicle -2.89629e-14 -4.07111e-14 -2.46097e-30
lhumerus -58.4864 -46.3293 115.106
lradius 54.1762 -0 0
lwrist 27.778 0 0
lhand 39.6965 31.7626 -0.00589028
lfingers 7.12502 -0 0
lthumb 62.1415 43.0667 -0.00726784
rclavicle -2.89629e-14 -4.07111e-14 -2.46097e-30
rhumerus -5.51459 -2.58939 -10.1883
rradius 60.5988 -0 0
rwrist -26.7156 0 0
rhand -8.12972 -42.6498 1.70617
rfingers 7.12502 -0 0
rthumb 21.1935 -35.2741 -10.7852
204
root 4.87455 15.0695 -25.4317 7.08977 -1.36746 5.68615
lfemur 7.48063 -1.49662 0.724153
ltibia 5.96948 -0 0
lfoot -35.3987 -13.0054 -0.0057285
ltoes 47.1766 -0 0
rfemur -30.9133 -19.3709 -8.84823
rtibia 50.3422 -0 0
rfoot -26.6755 17.6099 0.000105187
rtoes 60.0677 -0 0
lowerback -3.41897 -1.65636 -0.393723
upperback -0.564115 -2.10493 -7.71831
thorax 1.05652 -1.05852 -7.94432
lowerneck -11.7036 0.419746 6.68445
upperneck 3.68835 -0.613624 2.54869
head 3.26438 -0.0819186 -0.380122
lclavicle -2.07531e-14 -3.21236e-14 -3.69146e-30
lhumerus -58.75 -46.5096 115.505
lradius 54.1622 -0 0
lwrist 27.0517 0 0
lhand 39.9737 31.1537 -0.00883602
lfingers 7.12502 -0 0
lthumb 62.371 42.1591 -0.0109022
rclavicle -2.07531e-14 -3.21236e-14 -3.69146e-30
rhumerus -5.11336 -9.805 -11.2054
rradius 59.3901 -0 0
rwrist -25.5414 0 0
rhand -17.212 -48.0654 2.57408
rfingers 7.12502 -0 0
rthumb 10.8613 -2.8948 -17.3131
205
root 4.85532 15.056 -25.4468 7.15708 -1.40582 5.63956
lfemur 7.46216 -1.68534 0.801237
ltibia 5.85873 -0 0
lfoot -35.6234 -12.5184 -0.0057285
ltoes 47.1587 -0 0
rfemur -31.2817 -19.7148 -8.66102
rtibia 50.6908 -0 0
rfoot -26.6688 17.9134 0.000105187
rtoes 60.1501 -0 0
lowerback -3.16375 -1.55562 -0.431307
upperback -0.621004 -1.98484 -7.67974
thorax 0.873031 -1.00205 -7.86484
lowerneck -11.559 0.398813 6.78596
upperneck 3.73927 -0.640119 2.46642
head 3.25376 -0.0963698 -0.426502
lclavicle -1.25433e-14 -2.35361e-14 -3.69146e-30
lhumerus -59.0164 -46.6886 115.906
lradius 54.1483 -0 0
lwrist 26.3255 0 0
lhand 40.2508 30.5447 -0.00883602
lfingers 7.12502 -0 0
lthumb 62.6004 41.2516 -0.0109022
rclavicle -1.25433e-14 -2.35361e-14 -3.69146e-30
rhumerus -4.56638 -17.012 -12.3062
rradius 58.1814 -0 0
rwrist -24.3673 0 0
rhand -26.3385 -53.5519 2.57408
rfingers 7.12502 -0 0
rthumb -1.66365 30.7068 -17.3131
206
root 4.8361 15.0424 -25.462 7.22443 -1.44413 5.59292
lfemur 7.44343 -1.87402 0.87839
ltibia 5.74798 -0 0
lfoot -35.8481 -12.0316 -0.00381883
ltoes 47.1409 -0 0
rfemur -31.652 -20.0574 -8.47106
rtibia 51.0395 -0 0
rfoot -26.6622 18.2168 7.01239e-05
rtoes 60.2326 -0 0
lowerback -2.9086 -1.45471 -0.468439
upperback -0.677807 -1.86471 -7.64129
thorax 0.689624 -0.945322 -7.78554
lowerneck -11.4144 0.377624 6.88742
upperneck 3.79022 -0.666541 2.38413
head 3.24314 -0.11083 -0.472879
lclavicle -4.3335e-15 -1.49486e-14 -2.46097e-30
lhumerus -59.2854 -46.8664 116.31
lradius 54.1343 -0 0
lwrist 25.5992 0 0
lhand 40.528 29.9358 -0.00589028
lfingers 7.12502 -0 0
lthumb 62.8299 40.344 -0.00726784
rclavicle -4.3335e-15 -1.49486e-14 -2.46097e-30
rhumerus -3.84158 -24.2068 -13.5356
rradius 56.9727 -0 0
rwrist -23.1931 0 0
rhand -35.4208 -58.9675 1.70617
rfingers 7.12502 -0 0
rthumb -11.9958 63.0861 -10.7852
207
root 4.81688 15.0289 -25.4771 7.29181 -1.48238 5.54624
lfemur 7.42444 -2.06268 0.955612
ltibia 5.63723 0 0
lfoot -36.0728 -11.5447 0
ltoes 47.123 0 0
rfemur -32.0244 -20.3989 -8.27833
rtibia 51.3881 0 0
rfoot -26.6556 18.5203 0
rtoes 60.315 0 0
lowerback -2.65354 -1.35364 -0.505119
upperback -0.734526 -1.74455 -7.60297
thorax 0.506301 -0.888343 -7.70642
lowerneck -11.2699 0.356179 6.98882
upperneck 3.84121 -0.69289 2.30181
head 3.23254 -0.125298 -0.519254
lclavicle 3.8763e-15 -6.36111e-15 0
lhumerus -59.5572 -47.0428 116.716
lradius 54.1203 0 0
lwrist 24.8729 0 0
lhand 40.8051 29.327 0
lfingers 7.12502 0 0
lthumb 63.0592 39.4365 0
rclavicle 3.8763e-15 -6.36111e-15 0
rhumerus -2.88701 -31.384 -14.9553
rradius 55.764 0 0
rwrist -22.019 0 0
rhand -44.3783 -64.1768 0
rfingers 7.12502 0 0
rthumb -17.1853 -626.563 0
208
root 4.79481 15.034 -25.4941 7.39987 -1.22847 5.31689
lfemur 6.66684 -2.49679 1.29513
ltibia 6.50304 -0 0
lfoot -35.6744 -11.2943 0.00348277
ltoes 47.3793 -0 0
rfemur -32.1091 -20.4745 -7.88965
rtibia 51.4512 -0 0
rfoot -26.8262 18.3984 0.000726041
rtoes 60.2878 -0 0
lowerback -2.40193 -1.47242 -0.550317
upperback -0.706881 -1.91243 -7.37567
thorax 0.38421 -0.974429 -7.42984
lowerneck -11.1694 0.509313 6.86905
upperneck 3.69026 -0.451788 2.22942
head 3.1664 -0.0163421 -0.507332
lclavicle 2.38542e-15 -3.49861e-15 1.48969e-31
lhumerus -59.5675 -46.6245 116.733
lradius 54.4055 -0 0
lwrist 25.2011 0 0
lhand 39.4894 29.1658 0.00740686
lfingers 7.12502 -0 0
lthumb 61.94 40.492 -0.0412775
rclavicle 2.38542e-15 -3.49861e-15 1.48969e-31
rhumerus -4.39707 -30.5048 -15.4485
rradius 59.5972 -0 0
rwrist -21.8423 0 0
rhand -45.5029 -62.9955 -0.0464234
rfingers 7.12502 -0 0
rthumb -17.7044 129.326 -1.58387
209
root 4.77273 15.0391 -25.5111 7.50691 -0.974131 5.08802
lfemur 5.90641 -2.92637 1.64048
ltibia 7.36885 -0 0
lfoot -35.2759 -11.0439 0.00522434
ltoes 47.6355 -0 0
rfemur -32.1943 -20.5495 -7.50065
rtibia 51.5144 -0 0
rfoot -26.9968 18.2765 0.00108907
rtoes 60.2606 -0 0
lowerback -2.1502 -1.591 -0.596039
upperback -0.679899 -2.08043 -7.14843
thorax 0.261699 -1.05993 -7.15307
lowerneck -11.0693 0.662659 6.74955
upperneck 3.539 -0.210872 2.15639
head 3.10029 0.0926278 -0.495536
lclavicle 8.94532e-16 -6.3611e-16 2.23454e-31
lhumerus -59.5776 -46.2061 116.749
lradius 54.6907 -0 0
lwrist 25.5293 0 0
lhand 38.1736 29.0046 0.0111113
lfingers 7.12502 -0 0
lthumb 60.8202 41.5481 -0.0619237
rclavicle 8.94532e-16 -6.3611e-16 2.23454e-31
rhumerus -5.90251 -29.637 -15.9639
rradius 63.4303 -0 0
rwrist -21.6655 0 0
rhand -46.6281 -61.8134 -0.0696445
rfingers 7.12502 -0 0
rthumb -19.0547 165.257 -2.56228
210
root 4.75066 15.0441 -25.5281 7.61293 -0.719361 4.85965
lfemur 5.14309 -3.35133 1.99165
ltibia 8.23465 -0 0
lfoot -34.8774 -10.7935 0.00522434
ltoes 47.8918 -0 0
rfemur -32.2801 -20.624 -7.11134
rtibia 51.5775 -0 0
rfoot -27.1674 18.1545 0.00108907
rtoes 60.2334 -0 0
lowerback -1.89836 -1.70937 -0.642285
upperback -0.653581 -2.24853 -6.92123
thorax 0.138771 -1.14483 -6.8761
lowerneck -10.9694 0.816213 6.63031
upperneck 3.38744 0.0298506 2.08273
head 3.0342 0.201611 -0.483865
lclavicle -5.96352e-16 2.22639e-15 2.23454e-31
lhumerus -59.5875 -45.7877 116.766
lradius 54.9759 -0 0
lwrist 25.8574 0 0
lhand 36.8578 28.8432 0.0111113
lfingers 7.12502 -0 0
lthumb 59.7001 42.6045 -0.0619237
rclavicle -5.96352e-16 2.22639e-15 2.23454e-31
rhumerus -7.40418 -28.7813 -16.5007
rradius 67.2635 -0 0
rwrist -21.4888 0 0
rhand -47.7537 -60.6312 -0.0696445
rfingers 7.12502 -0 0
rthumb -20.7231 -158.786 -2.56228
211
root 4.72858 15.0492 -25.5451 7.71793 -0.464173 4.63176
lfemur 4.37682 -3.77156 2.34863
ltibia 9.10046 -0 0
lfoot -34.4789 -10.5431 0.00348277
ltoes 48.148 -0 0
rfemur -32.3665 -20.6979 -6.72172
rtibia 51.6407 -0 0
rfoot -27.338 18.0326 0.000726041
rtoes 60.2062 -0 0
lowerback -1.64642 -1.82755 -0.689053
upperback -0.627928 -2.41674 -6.69409
thorax 0.015432 -1.22914 -6.59895
lowerneck -10.8699 0.969975 6.51133
upperneck 3.23557 0.270376 2.00843
head 2.96813 0.310608 -0.47232
lclavicle -2.08724e-15 5.08889e-15 1.48969e-31
lhumerus -59.597 -45.3694 116.782
lradius 55.2611 -0 0
lwrist 26.1856 0 0
lhand 35.542 28.682 0.00740686
lfingers 7.12502 -0 0
lthumb 58.5803 43.6606 -0.0412775
rclavicle -2.08724e-15 5.08889e-15 1.48969e-31
rhumerus -8.9029 -27.9381 -17.0585
rradius 71.0966 -0 0
rwrist -21.312 0 0
rhand -48.8789 -59.4491 -0.0464234
rfingers 7.12502 -0 0
rthumb -22.0734 -122.855 -1.58387
212
root 4.70651 15.0543 -25.5621 7.8219 -0.208577 4.40435
lfemur 3.60755 -4.18699 2.71139
ltibia 9.96627 0 0
lfoot -34.0805 -10.2927 0
ltoes 48.4043 0 0
rfemur -32.4535 -20.7713 -6.33181
rtibia 51.7038 0 0
rfoot -27.5086 17.9107 0
rtoes 60.179 0 0
lowerback -1.39436 -1.94551 -0.736344
upperback -0.602939 -2.58504 -6.467
thorax -0.108315 -1.31285 -6.32161
lowerneck -10.7707 1.12394 6.39262
upperneck 3.08338 0.510699 1.93349
head 2.90208 0.419618 -0.460901
lclavicle -3.57812e-15 7.95139e-15 0
lhumerus -59.6064 -44.951 116.798
lradius 55.5463 0 0
lwrist 26.5138 0 0
lhand 34.2263 28.5208 0
lfingers 7.12502 0 0
lthumb 57.4611 44.7161 0
rclavicle -3.57812e-15 7.95139e-15 0
rhumerus -10.3994 -27.108 -17.6367
rradius 74.9298 0 0
rwrist -21.1353 0 0
rhand -50.0035 -58.2678 0
rfingers 7.12502 0 0
rthumb -22.5925 -806.966 0
213
root 4.70901 15.0752 -25.5858 7.95273 0.199228 3.82695
lfemur 1.81619 -2.16524 3.47344
ltibia 12.3126 -0 0
lfoot -32.9915 -9.53576 0.0942293
ltoes 43.8183 -0 0
rfemur -32.2429 -20.7085 -5.64668
rtibia 51.1983 -0 0
rfoot -27.608 17.5087 0.0045345
rtoes 60.1184 -0 0
lowerback -1.1613 -1.97423 -0.610239
upperback -0.528242 -2.62392 -6.06187
thorax -0.150946 -1.33441 -5.96353
lowerneck -10.927 1.11769 6.15278
upperneck 3.01101 0.529443 1.86283
head 2.90561 0.421993 -0.440654
lclavicle -4.50105e-15 7.61062e-15 -3.568e-32
lhumerus -59.2727 -44.7972 116.922
lradius 55.7159 -0 0
lwrist 25.9805 0 0
lhand 33.1521 27.7514 0.0944797
lfingers 7.12502 -0 0
lthumb 56.4815 44.4998 0.0241399
rclavicle -4.50105e-15 7.61062e-15 -3.568e-32
rhumerus -10.5807 -23.2978 -20.2362
rradius 77.2584 -0 0
rwrist -19.3584 0 0
rhand -42.3078 -55.8301 3.2977
rfingers 7.12502 -0 0
rthumb -18.5308 -80.257 7.12508
214
root 4.71152 15.0961 -25.6095 8.07946 0.608329 3.25045
lfemur 0.0531256 -0.120862 4.17139
ltibia 14.6589 -0 0
lfoot -31.9014 -8.77716 0.174048
ltoes 39.2323 -0 0
rfemur -32.0316 -20.6481 -4.96158
rtibia 50.6928 -0 0
rfoot -27.7073 17.1067 0.00837178
rtoes 60.0579 -0 0
lowerback -0.928299 -2.00345 -0.48425
upperback -0.453821 -2.66333 -5.65678
thorax -0.193711 -1.35569 -5.60543
lowerneck -11.0832 1.11078 5.91295
upperneck 2.93861 0.548097 1.79214
head 2.90914 0.424366 -0.420407
lclavicle -5.42397e-15 7.26984e-15 -6.58708e-32
lhumerus -58.9395 -44.6438 117.047
lradius 55.8856 -0 0
lwrist 25.4473 0 0
lhand 32.0767 26.9803 0.17451
lfingers 7.12502 -0 0
lthumb 55.5018 44.2832 0.0445785
rclavicle -5.42397e-15 7.26984e-15 -6.58708e-32
rhumerus -10.9404 -19.4989 -22.7817
rradius 79.587 -0 0
rwrist -17.5815 0 0
rhand -34.4436 -52.9595 6.23526
rfingers 7.12502 -0 0
rthumb -13.5535 -72.8994 13.7011
215
root 4.71402 15.1169 -25.6332 8.20207 1.01868 2.6748
lfemur -1.6859 1.94388 4.8065
ltibia 17.0052 -0 0
lfoot -30.8103 -8.01718 0.239413
ltoes 34.6463 -0 0
rfemur -31.8196 -20.59 -4.27651
rtibia 50.1873 -0 0
rfoot -27.8068 16.7047 0.0115116
rtoes 59.9973 -0 0
lowerback -0.695359 -2.03319 -0.358378
upperback -0.379677 -2.70327 -5.25173
thorax -0.236608 -1.37671 -5.24731
lowerneck -11.2394 1.10322 5.67315
upperneck 2.86619 0.566663 1.72143
head 2.91268 0.426738 -0.400159
lclavicle -6.3469e-15 6.92907e-15 -9.05723e-32
lhumerus -58.6066 -44.491 117.172
lradius 56.0552 -0 0
lwrist 24.914 0 0
lhand 31.0003 26.2079 0.240048
lfingers 7.12502 -0 0
lthumb 54.522 44.0662 0.0613096
rclavicle -6.3469e-15 6.92907e-15 -9.05723e-32
rhumerus -11.4675 -15.7184 -25.299
rradius 81.9156 -0 0
rwrist -15.8046 0 0
rhand -26.3918 -49.6919 8.74853
rfingers 7.12502 -0 0
rthumb -7.56425 -64.7258 19.5563
216
root 4.71652 15.1378 -25.6569 8.32057 1.43025 2.09994
lfemur -3.40518 4.02684 5.37971
ltibia 19.3515 -0 0
lfoot -29.7184 -7.25608 0.290289
ltoes 30.0603 -0 0
rfemur -31.607 -20.5343 -3.59148
rtibia 49.6818 -0 0
rfoot -27.9062 16.3027 0.0139539
rtoes 59.9367 -0 0
lowerback -0.46248 -2.06344 -0.232626
upperback -0.305816 -2.74372 -4.84672
thorax -0.279637 -1.39747 -4.88917
lowerneck -11.3956 1.095 5.43337
upperneck 2.79374 0.585139 1.6507
head 2.91621 0.429109 -0.379912
lclavicle -7.26983e-15 6.58829e-15 -1.09785e-31
lhumerus -58.2742 -44.3387 117.299
lradius 56.2249 -0 0
lwrist 24.3807 0 0
lhand 29.9232 25.4343 0.291058
lfingers 7.12502 -0 0
lthumb 53.5422 43.849 0.0743279
rclavicle -7.26983e-15 6.58829e-15 -1.09785e-31
rhumerus -12.1551 -11.9636 -27.8111
rradius 84.2441 -0 0
rwrist -14.0277 0 0
rhand -18.1529 -46.0764 10.7774
rfingers 7.12502 -0 0
rthumb -0.495091 -55.614 24.4836
217
root 4.71903 15.1587 -25.6806 8.43496 1.84298 1.52582
lfemur -5.10901 6.12596 5.89169
ltibia 21.6979 -0 0
lfoot -28.6259 -6.49415 0.326649
ltoes 25.4743 -0 0
rfemur -31.3938 -20.481 -2.90647
rtibia 49.1763 -0 0
rfoot -28.0056 15.9007 0.0156985
rtoes 59.8762 -0 0
lowerback -0.229664 -2.09421 -0.106996
upperback -0.23224 -2.7847 -4.44175
thorax -0.322795 -1.41795 -4.53101
lowerneck -11.5518 1.08613 5.19361
upperneck 2.72127 0.603526 1.57994
head 2.91974 0.431479 -0.359664
lclavicle -8.19276e-15 6.24752e-15 -1.23508e-31
lhumerus -57.9421 -44.187 117.426
lradius 56.3945 -0 0
lwrist 23.8475 0 0
lhand 28.8454 24.66 0.327514
lfingers 7.12502 -0 0
lthumb 52.5623 43.6316 0.0836296
rclavicle -8.19276e-15 6.24752e-15 -1.23508e-31
rhumerus -13.0004 -8.24177 -30.3396
rradius 86.5727 -0 0
rwrist -12.2507 0 0
rhand -9.74832 -42.1786 12.2691
rfingers 7.12502 -0 0
rthumb 7.63366 -45.541 28.25
218
root 4.72153 15.1796 -25.7043 8.54524 2.25684 0.952371
lfemur -6.80173 8.23928 6.34276
ltibia 24.0442 -0 0
lfoot -27.5331 -5.73167 0.348473
ltoes 20.8883 -0 0
rfemur -31.1799 -20.4301 -2.22149
rtibia 48.6708 -0 0
rfoot -28.1051 15.4987 0.0167453
rtoes 59.8156 -0 0
lowerback 0.00308867 -2.12548 0.0185109
upperback -0.158954 -2.82619 -4.03681
thorax -0.36608 -1.43816 -4.17284
lowerneck -11.7079 1.07661 4.95387
upperneck 2.64878 0.621823 1.50916
head 2.92328 0.433847 -0.339416
lclavicle -9.11568e-15 5.90674e-15 -1.31742e-31
lhumerus -57.6104 -44.0358 117.555
lradius 56.5642 -0 0
lwrist 23.3142 0 0
lhand 27.7673 23.885 0.349395
lfingers 7.12502 -0 0
lthumb 51.5824 43.414 0.0892118
rclavicle -9.11568e-15 5.90674e-15 -1.31742e-31
rhumerus -14.0033 -4.56057 -32.9045
rradius 88.9013 -0 0
rwrist -10.4738 0 0
rhand -1.21969 -38.0807 13.182
rfingers 7.12502 -0 0
rthumb 16.6441 -34.6486 30.6271
219
root 4.72403 15.2005 -25.728 8.65139 2.67178 0.379545
lfemur -8.48779 10.3649 6.73294
ltibia 26.3905 -0 0
lfoot -26.44 -4.9689 0.355749
ltoes 16.3023 -0 0
rfemur -30.9655 -20.3815 -1.53653
rtibia 48.1652 -0 0
rfoot -28.2046 15.0967 0.0170942
rtoes 59.7551 -0 0
lowerback 0.235777 -2.15726 0.143892
upperback -0.0859599 -2.86821 -3.63191
thorax -0.409491 -1.45811 -3.81465
lowerneck -11.8639 1.06643 4.71417
upperneck 2.57627 0.640031 1.43835
head 2.92681 0.436215 -0.319168
lclavicle -1.00386e-14 5.56597e-15 -1.34486e-31
lhumerus -57.2791 -43.8851 117.684
lradius 56.7338 -0 0
lwrist 22.781 0 0
lhand 26.6889 23.1098 0.35669
lfingers 7.12502 -0 0
lthumb 50.6024 43.1964 0.0910727
rclavicle -1.00386e-14 5.56597e-15 -1.34486e-31
rhumerus -15.1667 -0.928205 -35.5255
rradius 91.2299 -0 0
rwrist -8.69692 0 0
rhand 7.37545 -33.8788 13.4894
rfingers 7.12502 -0 0
rthumb 26.1653 -23.2755 31.4414
220
root 4.72654 15.2213 -25.7518 8.75343 3.08775 -0.19272
lfemur -10.1717 12.5009 7.06185
ltibia 28.7368 -0 0
lfoot -25.347 -4.20614 0.348473
ltoes 11.7162 -0 0
rfemur -30.7506 -20.3354 -0.851593
rtibia 47.6597 -0 0
rfoot -28.304 14.6946 0.0167453
rtoes 59.6945 -0 0
lowerback 0.4684 -2.18955 0.269146
upperback -0.0132626 -2.91073 -3.22706
thorax -0.453027 -1.47778 -3.45643
lowerneck -12.02 1.05561 4.47449
upperneck 2.50373 0.658149 1.36752
head 2.93035 0.438581 -0.29892
lclavicle -1.09615e-14 5.2252e-15 -1.31742e-31
lhumerus -56.9482 -43.7349 117.814
lradius 56.9034 -0 0
lwrist 22.2477 0 0
lhand 25.6105 22.3347 0.349395
lfingers 7.12502 -0 0
lthumb 49.6225 42.9788 0.0892118
rclavicle -1.09615e-14 5.2252e-15 -1.31742e-31
rhumerus -16.4963 2.64637 -38.2223
rradius 93.5585 -0 0
rwrist -6.92001 0 0
rhand 15.9706 -29.6769 13.182
rfingers 7.12502 -0 0
rthumb 35.6866 -11.9024 30.6271
221
root 4.72904 15.2422 -25.7755 8.85134 3.50473 -0.764481
lfemur -11.8582 14.6454 7.32873
ltibia 31.0831 -0 0
lfoot -24.2542 -3.44365 0.326649
ltoes 7.13024 -0 0
rfemur -30.5351 -20.2917 -0.166675
rtibia 47.1542 -0 0
rfoot -28.4035 14.2926 0.0156985
rtoes 59.6339 -0 0
lowerback 0.700957 -2.22234 0.39427
upperback 0.0591348 -2.95377 -2.82224
thorax -0.496685 -1.49717 -3.0982
lowerneck -12.1759 1.04412 4.23485
upperneck 2.43117 0.676177 1.29667
head 2.93389 0.440945 -0.278671
lclavicle -1.18845e-14 4.88442e-15 -1.23508e-31
lhumerus -56.6176 -43.5853 117.945
lradius 57.0731 -0 0
lwrist 21.7144 0 0
lhand 24.5324 21.5597 0.327514
lfingers 7.12502 -0 0
lthumb 48.6426 42.7612 0.0836296
rclavicle -1.18845e-14 4.88442e-15 -1.23508e-31
rhumerus -17.9997 6.15322 -41.0145
rradius 95.8871 -0 0
rwrist -5.1431 0 0
rhand 24.4992 -25.579 12.2691
rfingers 7.12502 -0 0
rthumb 44.697 -1.00995 28.25
222
root 4.73155 15.2631 -25.7992 8.94512 3.92266 -1.3358
lfemur -13.5521 16.7967 7.53241
ltibia 33.4294 -0 0
lfoot -23.1617 -2.68173 0.290289
ltoes 2.54423 -0 0
rfemur -30.3192 -20.2504 0.518226
rtibia 46.6487 -0 0
rfoot -28.5029 13.8906 0.0139539
rtoes 59.5734 -0 0
lowerback 0.933447 -2.25565 0.519262
upperback 0.131229 -2.99732 -2.41746
thorax -0.540464 -1.5163 -2.73996
lowerneck -12.3319 1.03199 3.99524
upperneck 2.35859 0.694116 1.22579
head 2.93743 0.443309 -0.258423
lclavicle -1.28074e-14 4.54365e-15 -1.09785e-31
lhumerus -56.2874 -43.4363 118.077
lradius 57.2427 -0 0
lwrist 21.1812 0 0
lhand 23.4546 20.7854 0.291058
lfingers 7.12502 -0 0
lthumb 47.6627 42.5438 0.0743279
rclavicle -1.28074e-14 4.54365e-15 -1.09785e-31
rhumerus -19.687 9.58123 -43.9223
rradius 98.2157 -0 0
rwrist -3.36619 0 0
rhand 32.9038 -21.6812 10.7774
rfingers 7.12502 -0 0
rthumb 52.8258 9.06298 24.4836
223
root 4.73405 15.284 -25.8229 9.03477 4.3415 -1.90673
lfemur -15.2586 18.9528 7.67127
ltibia 35.7758 -0 0
lfoot -22.0698 -1.92063 0.239413
ltoes -2.04178 0 0
rfemur -30.1028 -20.2116 1.20311
rtibia 46.1432 -0 0
rfoot -28.6023 13.4886 0.0115116
rtoes 59.5128 -0 0
lowerback 1.16587 -2.28946 0.644122
upperback 0.203016 -3.04137 -2.01272
thorax -0.584363 -1.53515 -2.38169
lowerneck -12.4877 1.01921 3.75566
upperneck 2.28598 0.711964 1.1549
head 2.94097 0.445671 -0.238174
lclavicle -1.37303e-14 4.20287e-15 -9.05723e-32
lhumerus -55.9575 -43.2877 118.21
lradius 57.4124 -0 0
lwrist 20.6479 0 0
lhand 22.3775 20.0118 0.240048
lfingers 7.12502 -0 0
lthumb 46.6829 42.3266 0.0613096
rclavicle -1.37303e-14 4.20287e-15 -9.05723e-32
rhumerus -21.5703 12.9179 -46.9667
rradius 100.544 -0 0
rwrist -1.58927 0 0
rhand 41.1427 -18.0657 8.74853
rfingers 7.12502 -0 0
rthumb 59.8949 18.1748 19.5563
224
root 4.73655 15.3048 -25.8466 9.12027 4.76121 -2.47733
lfemur -16.9832 21.1119 7.74317
ltibia 38.1221 -0 0
lfoot -20.9787 -1.16065 0.174048
ltoes -6.62779 0 0
rfemur -29.886 -20.1752 1.88798
rtibia 45.6377 -0 0
rfoot -28.7018 13.0866 0.00837178
rtoes 59.4522 -0 0
lowerback 1.39822 -2.32377 0.768846
upperback 0.274492 -3.08593 -1.60802
thorax -0.628378 -1.55373 -2.02341
lowerneck -12.6435 1.00577 3.51612
upperneck 2.21336 0.729723 1.08398
head 2.94451 0.448032 -0.217925
lclavicle -1.46532e-14 3.8621e-15 -6.58708e-32
lhumerus -55.6279 -43.1398 118.343
lradius 57.582 -0 0
lwrist 20.1146 0 0
lhand 21.3011 19.2394 0.17451
lfingers 7.12502 -0 0
lthumb 45.7031 42.1096 0.0445785
rclavicle -1.46532e-14 3.8621e-15 -6.58708e-32
rhumerus -23.6635 16.149 -50.169
rradius 102.873 -0 0
rwrist 0.187637 0 0
rhand 49.1945 -14.798 6.23526
rfingers 7.12502 -0 0
rthumb 65.8842 26.3484 13.7011
225
root 4.73906 15.3257 -25.8703 9.20163 5.18175 -3.04767
lfemur -18.7314 23.2721 7.74544
ltibia 40.4684 -0 0
lfoot -19.8886 -0.40205 0.0942293
ltoes -11.2138 0 0
rfemur -29.6688 -20.1412 2.57284
rtibia 45.1322 -0 0
rfoot -28.8011 12.6846 0.0045345
rtoes 59.3917 -0 0
lowerback 1.63051 -2.35859 0.893432
upperback 0.345655 -3.131 -1.20335
thorax -0.67251 -1.57203 -1.66511
lowerneck -12.7993 0.991686 3.27662
upperneck 2.14071 0.747392 1.01304
head 2.94805 0.450392 -0.197676
lclavicle -1.55762e-14 3.52132e-15 -3.568e-32
lhumerus -55.2986 -42.9924 118.478
lradius 57.7517 -0 0
lwrist 19.5814 0 0
lhand 20.2257 18.4683 0.0944797
lfingers 7.12502 -0 0
lthumb 44.7234 41.893 0.0241399
rclavicle -1.55762e-14 3.52132e-15 -3.568e-32
rhumerus -25.9817 19.2585 -53.5511
rradius 105.201 -0 0
rwrist 1.96455 0 0
rhand 57.0587 -11.9275 3.2977
rfingers 7.12502 -0 0
rthumb 70.8615 33.706 7.12508
226
root 4.74156 15.3466 -25.894 9.27884 5.60307 -3.61781
lfemur -20.5097 25.4313 7.67479
ltibia 42.8147 0 0
lfoot -18.7996 0.354892 0
ltoes -15.7998 0 0
rfemur -29.4512 -20.1096 3.25769
rtibia 44.6267 0 0
rfoot -28.9005 12.2826 0
rtoes 59.3311 0 0
lowerback 1.86272 -2.39392 1.01788
upperback 0.4165 -3.17656 -0.798728
thorax -0.716755 -1.59005 -1.30679
lowerneck -12.955 0.976948 3.03716
upperneck 2.06804 0.76497 0.942072
head 2.95159 0.45275 -0.177427
lclavicle -1.64991e-14 3.18055e-15 0
lhumerus -54.9697 -42.8456 118.613
lradius 57.9213 0 0
lwrist 19.0481 0 0
lhand 19.1515 17.6989 0
lfingers 7.12502 0 0
lthumb 43.7438 41.6767 0
rclavicle -1.64991e-14 3.18055e-15 0
rhumerus -28.5408 22.2281 -57.1347
rradius 107.53 0 0
rwrist 3.74146 0 0
rhand 64.7544 -9.48978 0
rfingers 7.12502 0 0
rthumb 74.9232 -679.585 0
227
root 4.78584 15.3687 -25.8982 9.56928 6.9271 -4.06946
lfemur -23.0209 27.1062 6.72459
ltibia 44.7098 -0 0
lfoot -17.8917 1.32586 0.0307923
ltoes -16.4411 0 0
rfemur -28.7768 -20.248 3.62625
rtibia 43.7151 -0 0
rfoot -29.3785 11.2432 0.017352
rtoes 59.2109 -0 0
lowerback 1.80732 -2.30256 1.20183
upperback 0.263383 -3.0484 -0.37305
thorax -0.82643 -1.52742 -0.976871
lowerneck -12.8133 0.693942 2.6655
upperneck 1.84916 0.460525 0.853288
head 2.84685 0.292 -0.159334
lclavicle -1.23047e-14 -2.3059e-15 8.03274e-31
lhumerus -54.7495 -42.2265 118.946
lradius 58.3672 -0 0
lwrist 18.8988 0 0
lhand 18.2569 17.3817 0.00990856
lfingers 7.12502 -0 0
lthumb 42.9048 41.636 0.00119208
rclavicle -1.23047e-14 -2.3059e-15 8.03274e-31
rhumerus -29.8855 18.7302 -59.7248
rradius 107.978 -0 0
rwrist -2.05239 0 0
rhand 63.0356 -13.5293 0.244278
rfingers 7.12502 -0 0
rthumb 74.6145 30.3125 0.113627
228
root 4.83012 15.3909 -25.9024 9.85005 8.25335 -4.51573
lfemur -25.6021 28.7415 5.67699
ltibia 46.6049 -0 0
lfoot -16.9835 2.29719 0.0461926
ltoes -17.0825 0 0
rfemur -28.1027 -20.3905 3.99337
rtibia 42.8036 -0 0
rfoot -29.8567 10.2036 0.0260297
rtoes 59.0907 -0 0
lowerback 1.75222 -2.21102 1.38568
upperback 0.111234 -2.91911 0.0522548
thorax -0.935743 -1.46416 -0.647073
lowerneck -12.6698 0.411847 2.29313
upperneck 1.63075 0.155733 0.765668
head 2.74207 0.131283 -0.140948
lclavicle -8.1104e-15 -7.79235e-15 1.20491e-30
lhumerus -54.5267 -41.6084 119.278
lradius 58.8131 -0 0
lwrist 18.7495 0 0
lhand 17.3622 17.0644 0.0148635
lfingers 7.12502 -0 0
lthumb 42.0658 41.5953 0.00178818
rclavicle -8.1104e-15 -7.79235e-15 1.20491e-30
rhumerus -31.0403 15.1803 -62.181
rradius 108.426 -0 0
rwrist -7.84624 0 0
rhand 61.3039 -17.5744 0.366778
rfingers 7.12502 -0 0
rthumb 74.2906 20.2096 0.171336
229
root 4.8744 15.413 -25.9067 10.1214 9.58172 -4.95702
lfemur -28.2591 30.3329 4.52831
ltibia 48.5001 -0 0
lfoot -16.0751 3.26865 0.0461926
ltoes -17.7238 0 0
rfemur -27.429 -20.537 4.35903
rtibia 41.892 -0 0
rfoot -30.335 9.16403 0.0260297
rtoes 58.9706 -0 0
lowerback 1.69741 -2.11931 1.56943
upperback -0.0399344 -2.78868 0.477173
thorax -1.04469 -1.40026 -0.317403
lowerneck -12.5244 0.130686 1.92006
upperneck 1.4128 -0.149393 0.67921
head 2.63723 -0.0294017 -0.122267
lclavicle -3.91604e-15 -1.32788e-14 1.20491e-30
lhumerus -54.3012 -40.9913 119.611
lradius 59.2591 -0 0
lwrist 18.6003 0 0
lhand 16.4676 16.7471 0.0148635
lfingers 7.12502 -0 0
lthumb 41.2267 41.5546 0.00178818
rclavicle -3.91604e-15 -1.32788e-14 1.20491e-30
rhumerus -32.0219 11.5873 -64.5277
rradius 108.874 -0 0
rwrist -13.6401 0 0
rhand 59.5678 -21.6213 0.366778
rfingers 7.12502 -0 0
rthumb 73.9616 10.1064 0.171336
230
root 4.91868 15.4352 -25.9109 10.3834 10.9121 -5.39375
lfemur -30.9973 31.8755 3.27493
ltibia 50.3952 -0 0
lfoot -15.1669 4.23998 0.0307923
ltoes -18.3652 0 0
rfemur -26.7557 -20.6875 4.72318
rtibia 40.9805 -0 0
rfoot -30.8132 8.12449 0.017352
rtoes 58.8504 -0 0
lowerback 1.64291 -2.02742 1.75308
upperback -0.190112 -2.65715 0.901692
thorax -1.15326 -1.33575 0.012134
lowerneck -12.3772 -0.149516 1.54629
upperneck 1.19531 -0.454843 0.593911
head 2.53234 -0.190051 -0.103293
lclavicle 2.78308e-16 -1.87653e-14 8.03274e-31
lhumerus -54.0731 -40.3751 119.944
lradius 59.705 -0 0
lwrist 18.451 0 0
lhand 15.5729 16.4298 0.00990856
lfingers 7.12502 -0 0
lthumb 40.3877 41.5139 0.00119208
rclavicle 2.78308e-16 -1.87653e-14 8.03274e-31
rhumerus -32.8435 7.95879 -66.7866
rradius 109.322 -0 0
rwrist -19.4339 0 0
rhand 57.8361 -25.6664 0.244278
rfingers 7.12502 -0 0
rthumb 73.6377 0.00346476 0.113627
231
root 4.96296 15.4573 -25.9151 10.6363 12.2444 -5.82634
lfemur -33.8219 33.3642 1.9134
ltibia 52.2903 0 0
lfoot -14.259 5.21095 0
ltoes -19.0065 0 0
rfemur -26.0827 -20.842 5.08578
rtibia 40.0689 0 0
rfoot -31.2912 7.08505 0
rtoes 58.7302 0 0
lowerback 1.5887 -1.93536 1.93663
upperback -0.339287 -2.52451 1.3258
thorax -1.26145 -1.27061 0.34153
lowerneck -12.2282 -0.428736 1.17181
upperneck 0.978271 -0.760603 0.50977
head 2.42739 -0.350664 -0.0840238
lclavicle 4.47266e-15 -2.42517e-14 0
lhumerus -53.8424 -39.76 120.277
lradius 60.1509 0 0
lwrist 18.3017 0 0
lhand 14.6783 16.1126 0
lfingers 7.12502 0 0
lthumb 39.5487 41.4732 0
rclavicle 4.47266e-15 -2.42517e-14 0
rhumerus -33.5157 4.30161 -68.9777
rradius 109.77 0 0
rwrist -25.2278 0 0
rhand 56.1173 -29.7059 0
rfingers 7.12502 0 0
rthumb 73.329 -730.099 0
232
root 5.02722 15.478 -25.9099 10.7425 13.8172 -6.28953
lfemur -36.2135 34.3553 0.403842
ltibia 53.4793 0 0
lfoot -13.585 6.26007 0
ltoes -18.3131 0 0
rfemur -25.0485 -20.5139 5.33498
rtibia 39.0497 0 0
rfoot -32.0854 5.49327 0
rtoes 58.4938 0 0
lowerback 1.49401 -1.92653 2.25055
upperback -0.523822 -2.499 1.76019
thorax -1.39169 -1.25995 0.611178
lowerneck -11.9396 -0.657991 0.855668
upperneck 0.874505 -1.00818 0.364138
head 2.33872 -0.481994 -0.0884383
lclavicle 1.70955e-14 -1.66979e-14 0
lhumerus -53.864 -38.7571 120.616
lradius 60.6677 0 0
lwrist 18.7587 0 0
lhand 13.4304 16.0067 0
lfingers 7.12502 0 0
lthumb 38.3722 41.7036 0
rclavicle 1.70955e-14 -1.66979e-14 0
rhumerus -33.7809 -1.0179 -69.9926
rradius 109.562 0 0
rwrist -31.4069 0 0
rhand 47.0818 -28.645 0
rfingers 7.12502 0 0
rthumb 67.9354 -750.023 0
233
root 5.13059 15.5121 -25.8991 10.614 15.4874 -6.08357
lfemur -36.3461 33.7612 -0.533977
ltibia 53.0256 -0 0
lfoot -13.7977 5.66279 0.0200242
ltoes -14.806 0 0
rfemur -24.4015 -19.214 5.01907
rtibia 39.7827 -0 0
rfoot -30.1543 3.63949 -0.600029
rtoes 56.7122 -0 0
lowerback 1.45192 -1.96565 2.13461
upperback -0.54339 -2.55372 1.82802
thorax -1.37772 -1.28548 0.745314
lowerneck -11.8418 -0.9992 0.738396
upperneck 0.951717 -1.44516 0.390677
head 2.35078 -0.699866 -0.083104
lclavicle 1.30309e-14 -1.53796e-14 8.41667e-31
lhumerus -53.776 -38.4938 120.588
lradius 60.7215 -0 0
lwrist 18.782 0 0
lhand 13.0564 15.8393 0.00985166
lfingers 7.12502 -0 0
lthumb 38.0174 41.6193 0.00470109
rclavicle 1.30309e-14 -1.53796e-14 8.41667e-31
rhumerus -34.1892 -1.47378 -69.7226
rradius 106.221 -0 0
rwrist -27.5835 0 0
rhand 43.625 -27.4503 -0.735033
rfingers 7.12502 -0 0
rthumb 64.7158 -30.1823 0.0882306
234
root 5.23396 15.5462 -25.8883 10.4907 17.1581 -5.87977
lfemur -36.4662 33.1654 -1.46374
ltibia 52.572 -0 0
lfoot -14.0106 5.06544 0.0378297
ltoes -11.2989 0 0
rfemur -23.7669 -17.911 4.721
rtibia 40.5158 -0 0
rfoot -28.2045 1.76626 -1.13694
rtoes 54.9306 -0 0
lowerback 1.4099 -2.00485 2.0187
upperback -0.563024 -2.60842 1.89587
thorax -1.3638 -1.31104 0.879448
lowerneck -11.7432 -1.34021 0.620526
upperneck 1.02874 -1.88218 0.416634
head 2.36283 -0.917739 -0.0778153
lclavicle 8.96625e-15 -1.40614e-14 1.58982e-30
lhumerus -53.6886 -38.2305 120.561
lradius 60.7753 -0 0
lwrist 18.8052 0 0
lhand 12.6823 15.6718 0.01861
lfingers 7.12502 -0 0
lthumb 37.6625 41.5351 0.00888032
rclavicle 8.96625e-15 -1.40614e-14 1.58982e-30
rhumerus -34.5997 -1.92772 -69.4492
rradius 102.88 -0 0
rwrist -23.7601 0 0
rhand 40.1529 -26.2131 -1.39653
rfingers 7.12502 -0 0
rthumb 61.496 -30.3463 0.167376
235
root 5.33733 15.5803 -25.8775 10.3725 18.8291 -5.67783
lfemur -36.574 32.5681 -2.38578
ltibia 52.1183 -0 0
lfoot -14.2237 4.46802 0.0534143
ltoes -7.79183 0 0
rfemur -23.1439 -16.6048 4.44011
rtibia 41.2488 -0 0
rfoot -26.2377 -0.124544 -1.60953
rtoes 53.149 -0 0
lowerback 1.36796 -2.04414 1.90281
upperback -0.582723 -2.66309 1.96375
thorax -1.34995 -1.33664 1.01358
lowerneck -11.6439 -1.68101 0.502052
upperneck 1.10559 -2.31923 0.442009
head 2.37485 -1.13561 -0.072572
lclavicle 4.90162e-15 -1.27431e-14 2.24444e-30
lhumerus -53.6016 -37.9672 120.535
lradius 60.8291 -0 0
lwrist 18.8285 0 0
lhand 12.3082 15.5042 0.0262745
lfingers 7.12502 -0 0
lthumb 37.3077 41.4508 0.0125375
rclavicle 4.90162e-15 -1.27431e-14 2.24444e-30
rhumerus -35.0126 -2.37969 -69.1725
rradius 99.5397 -0 0
rwrist -19.9367 0 0
rhand 36.6661 -24.9378 -1.98173
rfingers 7.12502 -0 0
rthumb 58.276 -30.5144 0.237186
236
root 5.4407 15.6144 -25.8667 10.2593 20.5005 -5.47745
lfemur -36.6697 31.9693 -3.30043
ltibia 51.6646 -0 0
lfoot -14.437 3.87055 0.0667761
ltoes -4.28474 0 0
rfemur -22.5315 -15.2959 4.17578
rtibia 41.9818 -0 0
rfoot -24.256 -2.03092 -2.01671
rtoes 51.3675 -0 0
lowerback 1.3261 -2.08352 1.78695
upperback -0.602489 -2.71774 2.03164
thorax -1.33616 -1.36226 1.14771
lowerneck -11.544 -2.02161 0.382964
upperneck 1.18228 -2.75632 0.466806
head 2.38686 -1.35349 -0.0673741
lclavicle 8.36995e-16 -1.14249e-14 2.80556e-30
lhumerus -53.515 -37.7039 120.509
lradius 60.883 -0 0
lwrist 18.8518 0 0
lhand 11.9341 15.3366 0.0328447
lfingers 7.12502 -0 0
lthumb 36.9529 41.3664 0.0156725
rclavicle 8.36995e-16 -1.14249e-14 2.80556e-30
rhumerus -35.4277 -2.82964 -68.8925
rradius 96.1989 -0 0
rwrist -16.1133 0 0
rhand 33.166 -23.6287 -2.48816
rfingers 7.12502 -0 0
rthumb 55.0558 -30.6863 0.297439
237
root 5.54407 15.6485 -25.8559 10.1511 22.1723 -5.27834
lfemur -36.7536 31.3694 -4.20804
ltibia 51.2109 -0 0
lfoot -14.6504 3.27304 0.0779134
ltoes -0.777653 0 0
rfemur -21.9291 -13.9844 3.92746
rtibia 42.7149 -0 0
rfoot -22.2613 -3.95072 -2.35753
rtoes 49.5859 -0 0
lowerback 1.28432 -2.12298 1.67111
upperback -0.62232 -2.77237 2.09956
thorax -1.32242 -1.38793 1.28184
lowerneck -11.4432 -2.36199 0.263254
upperneck 1.2588 -3.19344 0.491027
head 2.39885 -1.57136 -0.0622213
lclavicle -3.22763e-15 -1.01066e-14 3.27315e-30
lhumerus -53.429 -37.4405 120.484
lradius 60.9368 -0 0
lwrist 18.875 0 0
lhand 11.56 15.1689 0.0383205
lfingers 7.12502 -0 0
lthumb 36.598 41.2821 0.0182852
rclavicle -3.22763e-15 -1.01066e-14 3.27315e-30
rhumerus -35.8453 -3.27755 -68.6091
rradius 92.8582 -0 0
rwrist -12.2899 0 0
rhand 29.6538 -22.2906 -2.91365
rfingers 7.12502 -0 0
rthumb 51.8354 -30.8612 0.347944
238
root 5.64744 15.6826 -25.8451 10.048 23.8445 -5.0802
lfemur -36.8259 30.7684 -5.1089
ltibia 50.7573 -0 0
lfoot -14.8638 2.67549 0.0868249
ltoes 2.72944 -0 0
rfemur -21.3357 -12.6704 3.69463
rtibia 43.4479 -0 0
rfoot -20.2558 -5.88168 -2.63119
rtoes 47.8043 -0 0
lowerback 1.24262 -2.16252 1.55529
upperback -0.642218 -2.82697 2.16751
thorax -1.30875 -1.41362 1.41596
lowerneck -11.3418 -2.70217 0.142914
upperneck 1.33517 -3.63059 0.514674
head 2.41082 -1.78924 -0.0571136
lclavicle -7.29226e-15 -8.78837e-15 3.64722e-30
lhumerus -53.3433 -37.177 120.459
lradius 60.9906 -0 0
lwrist 18.8983 0 0
lhand 11.1858 15.0013 0.0427015
lfingers 7.12502 -0 0
lthumb 36.2432 41.1977 0.0203755
rclavicle -7.29226e-15 -8.78837e-15 3.64722e-30
rhumerus -36.2652 -3.72338 -68.3223
rradius 89.5174 -0 0
rwrist -8.46647 0 0
rhand 26.1313 -20.9285 -3.25633
rfingers 7.12502 -0 0
rthumb 48.6148 -31.0387 0.388542
239
root 5.75081 15.7167 -25.8343 9.94983 25.5169 -4.88272
lfemur -36.8868 30.1665 -6.00335
ltibia 50.3036 -0 0
lfoot -15.0774 2.07791 0.0935095
ltoes 6.23653 -0 0
rfemur -20.7507 -11.3541 3.47682
rtibia 44.1809 -0 0
rfoot -18.2419 -7.82142 -2.83702
rtoes 46.0227 -0 0
lowerback 1.20099 -2.20215 1.4395
upperback -0.662181 -2.88155 2.23547
thorax -1.29513 -1.43934 1.55008
lowerneck -11.2396 -3.04213 0.0219353
upperneck 1.4114 -4.06777 0.537749
head 2.42277 -2.00712 -0.0520507
lclavicle -1.13569e-14 -7.47011e-15 3.92778e-30
lhumerus -53.2581 -36.9136 120.435
lradius 61.0444 -0 0
lwrist 18.9216 0 0
lhand 10.8117 14.8336 0.0459874
lfingers 7.12502 -0 0
lthumb 35.8883 41.1134 0.0219433
rclavicle -1.13569e-14 -7.47011e-15 3.92778e-30
rhumerus -36.6876 -4.1671 -68.032
rradius 86.1766 -0 0
rwrist -4.64306 0 0
rhand 22.6006 -19.5474 -3.51469
rfingers 7.12502 -0 0
rthumb 45.3941 -31.2182 0.419104
240
root 5.85418 15.7508 -25.8235 9.85675 27.1897 -4.68558
lfemur -36.9366 29.5639 -6.89167
ltibia 49.8499 -0 0
lfoot -15.291 1.4803 0.0979664
ltoes 9.74362 -0 0
rfemur -20.1733 -10.0358 3.27362
rtibia 44.914 -0 0
rfoot -16.2218 -9.76751 -2.97452
rtoes 44.2411 -0 0
lowerback 1.15945 -2.24187 1.32373
upperback -0.68221 -2.93611 2.30346
thorax -1.28158 -1.4651 1.6842
lowerneck -11.1366 -3.38188 -0.0996911
upperneck 1.4875 -4.50498 0.560254
head 2.4347 -2.225 -0.0470327
lclavicle -1.54215e-14 -6.15185e-15 4.11482e-30
lhumerus -53.1734 -36.6501 120.411
lradius 61.0982 -0 0
lwrist 18.9448 0 0
lhand 10.4375 14.6658 0.0481781
lfingers 7.12502 -0 0
lthumb 35.5335 41.029 0.0229886
rclavicle -1.54215e-14 -6.15185e-15 4.11482e-30
rhumerus -37.1125 -4.60866 -67.7384
rradius 82.8359 -0 0
rwrist -0.819658 0 0
rhand 19.0639 -18.1526 -3.68758
rfingers 7.12502 -0 0
rthumb 42.1733 -31.3992 0.439532
241
root 5.95755 15.7849 -25.8127 9.76877 28.8627 -4.48846
lfemur -36.9753 28.9607 -7.77417
ltibia 49.3962 -0 0
lfoot -15.5047 0.882689 0.100195
ltoes 13.2507 -0 0
rfemur -19.6029 -8.7155 3.08463
rtibia 45.647 -0 0
rfoot -14.198 -11.7174 -3.04335
rtoes 42.4595 -0 0
lowerback 1.11798 -2.28167 1.20799
upperback -0.702305 -2.99065 2.37147
thorax -1.26808 -1.49089 1.81832
lowerneck -11.0329 -3.7214 -0.221974
upperneck 1.56347 -4.94222 0.58219
head 2.44662 -2.44288 -0.0420592
lclavicle -1.94861e-14 -4.8336e-15 4.20833e-30
lhumerus -53.089 -36.3866 120.388
lradius 61.152 -0 0
lwrist 18.9681 0 0
lhand 10.0633 14.4981 0.0492734
lfingers 7.12502 -0 0
lthumb 35.1786 40.9446 0.0235112
rclavicle -1.94861e-14 -4.8336e-15 4.20833e-30
rhumerus -37.5399 -5.04803 -67.4412
rradius 79.4951 -0 0
rwrist 3.00375 0 0
rhand 15.5235 -16.7496 -3.77422
rfingers 7.12502 -0 0
rthumb 38.9524 -31.581 0.449762
242
root 6.06092 15.8189 -25.8019 9.686 30.536 -4.291
lfemur -37.0033 28.357 -8.65115
ltibia 48.9426 -0 0
lfoot -15.7183 0.285071 0.100195
ltoes 16.7578 -0 0
rfemur -19.0386 -7.39344 2.90953
rtibia 46.38 -0 0
rfoot -12.173 -13.6686 -3.04335
rtoes 40.678 -0 0
lowerback 1.07659 -2.32155 1.09227
upperback -0.722465 -3.04516 2.4395
thorax -1.25465 -1.51671 1.95242
lowerneck -10.9284 -4.06071 -0.344922
upperneck 1.63933 -5.37949 0.603558
head 2.45852 -2.66076 -0.0371303
lclavicle -2.35508e-14 -3.51534e-15 4.20833e-30
lhumerus -53.0051 -36.1231 120.366
lradius 61.2059 -0 0
lwrist 18.9914 0 0
lhand 9.68915 14.3304 0.0492734
lfingers 7.12502 -0 0
lthumb 34.8238 40.8602 0.0235112
rclavicle -2.35508e-14 -3.51534e-15 4.20833e-30
rhumerus -37.97 -5.48517 -67.1406
rradius 76.1543 -0 0
rwrist 6.82715 0 0
rhand 11.9818 -15.3439 -3.77422
rfingers 7.12502 -0 0
rthumb 35.7316 -31.763 0.449762
243
root 6.16429 15.853 -25.7911 9.60856 32.2095 -4.09286
lfemur -37.0207 27.7531 -9.52287
ltibia 48.4889 -0 0
lfoot -15.932 -0.312544 0.0979664
ltoes 20.2649 -0 0
rfemur -18.48 -6.06975 2.748
rtibia 47.113 -0 0
rfoot -10.1492 -15.6185 -2.97452
rtoes 38.8964 -0 0
lowerback 1.03528 -2.36151 0.976585
upperback -0.742692 -3.09964 2.50755
thorax -1.24128 -1.54256 2.08653
lowerneck -10.8231 -4.39979 -0.468544
upperneck 1.71508 -5.81679 0.624361
head 2.4704 -2.87864 -0.0322458
lclavicle -2.76154e-14 -2.19709e-15 4.11482e-30
lhumerus -52.9216 -35.8595 120.344
lradius 61.2597 -0 0
lwrist 19.0147 0 0
lhand 9.31498 14.1627 0.0481781
lfingers 7.12502 -0 0
lthumb 34.4689 40.7758 0.0229886
rclavicle -2.76154e-14 -2.19709e-15 4.11482e-30
rhumerus -38.4026 -5.92005 -66.8364
rradius 72.8135 -0 0
rwrist 10.6506 0 0
rhand 8.44139 -13.9409 -3.68758
rfingers 7.12502 -0 0
rthumb 32.5107 -31.9448 0.439532
244
root 6.26766 15.8871 -25.7803 9.5366 33.8833 -3.89364
lfemur -37.0277 27.1489 -10.3896
ltibia 48.0352 -0 0
lfoot -16.1456 -0.910145 0.0935095
ltoes 23.772 -0 0
rfemur -17.9264 -4.74457 2.59978
rtibia 47.8461 -0 0
rfoot -8.12913 -17.5646 -2.83702
rtoes 37.1148 -0 0
lowerback 0.994055 -2.40156 0.860921
upperback -0.762984 -3.1541 2.57563
thorax -1.22796 -1.56845 2.22063
lowerneck -10.7171 -4.73864 -0.59285
upperneck 1.79073 -6.25411 0.644599
head 2.48227 -3.09653 -0.0274056
lclavicle -3.168e-14 -8.78831e-16 3.92778e-30
lhumerus -52.8385 -35.5959 120.323
lradius 61.3135 -0 0
lwrist 19.0379 0 0
lhand 8.94082 13.9949 0.0459874
lfingers 7.12502 -0 0
lthumb 34.1141 40.6914 0.0219433
rclavicle -3.168e-14 -8.78831e-16 3.92778e-30
rhumerus -38.8379 -6.35262 -66.5287
rradius 69.4728 -0 0
rwrist 14.474 0 0
rhand 4.90465 -12.5461 -3.51469
rfingers 7.12502 -0 0
rthumb 29.2899 -32.1258 0.419104
245
root 6.37103 15.9212 -25.7695 9.47032 35.5572 -3.69293
lfemur -37.0244 26.5448 -11.2517
ltibia 47.5815 -0 0
lfoot -16.3592 -1.50773 0.0868249
ltoes 27.2791 -0 0
rfemur -17.3771 -3.41802 2.46464
rtibia 48.5791 -0 0
rfoot -6.11517 -19.5044 -2.63119
rtoes 35.3332 -0 0
lowerback 0.952907 -2.44169 0.745283
upperback -0.783342 -3.20854 2.64373
thorax -1.21471 -1.59436 2.35472
lowerneck -10.6102 -5.07726 -0.717848
upperneck 1.8663 -6.69146 0.664273
head 2.49412 -3.31441 -0.0226095
lclavicle -3.57446e-14 4.39425e-16 3.64722e-30
lhumerus -52.7557 -35.3323 120.302
lradius 61.3673 -0 0
lwrist 19.0612 0 0
lhand 8.56666 13.8272 0.0427015
lfingers 7.12502 -0 0
lthumb 33.7592 40.6071 0.0203755
rclavicle -3.57446e-14 4.39425e-16 3.64722e-30
rhumerus -39.276 -6.78285 -66.2174
rradius 66.132 -0 0
rwrist 18.2974 0 0
rhand 1.37396 -11.165 -3.25633
rfingers 7.12502 -0 0
rthumb 26.0692 -32.3053 0.388542
246
root 6.4744 15.9553 -25.7587 9.40997 37.2313 -3.49028
lfemur -37.011 25.9407 -12.1093
ltibia 47.1279 -0 0
lfoot -16.5726 -2.10528 0.0779134
ltoes 30.7862 -0 0
rfemur -16.8315 -2.09025 2.34238
rtibia 49.3121 -0 0
rfoot -4.10971 -21.4353 -2.35753
rtoes 33.5516 -0 0
lowerback 0.911839 -2.48191 0.629671
upperback -0.803766 -3.26296 2.71185
thorax -1.20152 -1.6203 2.48881
lowerneck -10.5026 -5.41564 -0.843548
upperneck 1.94178 -7.12884 0.683384
head 2.50596 -3.5323 -0.0178575
lclavicle -3.98093e-14 1.75768e-15 3.27315e-30
lhumerus -52.6734 -35.0687 120.282
lradius 61.4211 -0 0
lwrist 19.0845 0 0
lhand 8.19251 13.6596 0.0383205
lfingers 7.12502 -0 0
lthumb 33.4044 40.5227 0.0182852
rclavicle -3.98093e-14 1.75768e-15 3.27315e-30
rhumerus -39.7168 -7.2107 -65.9026
rradius 62.7912 -0 0
rwrist 22.1208 0 0
rhand -2.14848 -9.80287 -2.91365
rfingers 7.12502 -0 0
rthumb 22.8487 -32.4828 0.347944
247
root 6.57777 15.9894 -25.7479 9.35582 38.9056 -3.2852
lfemur -36.9877 25.3369 -12.9628
ltibia 46.6742 -0 0
lfoot -16.786 -2.70279 0.0667761
ltoes 34.2932 -0 0
rfemur -16.2891 -0.761377 2.23284
rtibia 50.0452 -0 0
rfoot -2.11502 -23.3551 -2.01671
rtoes 31.77 -0 0
lowerback 0.870851 -2.5222 0.514086
upperback -0.824256 -3.31734 2.78
thorax -1.18839 -1.64628 2.6229
lowerneck -10.3942 -5.75379 -0.969959
upperneck 2.01718 -7.56624 0.701933
head 2.51778 -3.75018 -0.0131495
lclavicle -4.38739e-14 3.07594e-15 2.80556e-30
lhumerus -52.5914 -34.805 120.262
lradius 61.4749 -0 0
lwrist 19.1077 0 0
lhand 7.81838 13.4919 0.0328447
lfingers 7.12502 -0 0
lthumb 33.0495 40.4384 0.0156725
rclavicle -4.38739e-14 3.07594e-15 2.80556e-30
rhumerus -40.1603 -7.63612 -65.5841
rradius 59.4505 -0 0
rwrist 25.9442 0 0
rhand -5.66066 -8.46478 -2.48816
rfingers 7.12502 -0 0
rthumb 19.6282 -32.6577 0.297439
248
root 6.68114 16.0235 -25.7371 9.30824 40.5801 -3.07716
lfemur -36.9546 24.7335 -13.8123
ltibia 46.2205 -0 0
lfoot -16.9993 -3.30026 0.0534143
ltoes 37.8003 -0 0
rfemur -15.7493 0.56847 2.13589
rtibia 50.7782 -0 0
rfoot -0.133276 -25.2615 -1.60953
rtoes 29.9885 -0 0
lowerback 0.829944 -2.56258 0.398528
upperback -0.844811 -3.37171 2.84817
thorax -1.17532 -1.67228 2.75697
lowerneck -10.2849 -6.0917 -1.09709
upperneck 2.09253 -8.00366 0.71992
head 2.52958 -3.96807 -0.00848532
lclavicle -4.79385e-14 4.39419e-15 2.24444e-30
lhumerus -52.5098 -34.5414 120.243
lradius 61.5288 -0 0
lwrist 19.131 0 0
lhand 7.44427 13.3243 0.0262745
lfingers 7.12502 -0 0
lthumb 32.6947 40.354 0.0125375
rclavicle -4.79385e-14 4.39419e-15 2.24444e-30
rhumerus -40.6068 -8.05907 -65.262
rradius 56.1097 -0 0
rwrist 29.7676 0 0
rhand -9.16084 -7.1557 -1.98173
rfingers 7.12502 -0 0
rthumb 16.408 -32.8296 0.237186
249
root 6.78451 16.0576 -25.7263 9.26762 42.2546 -2.86557
lfemur -36.9119 24.1306 -14.6582
ltibia 45.7668 -0 0
lfoot -17.2124 -3.89768 0.0378297
ltoes 41.3074 -0 0
rfemur -15.2114 1.89917 2.05143
rtibia 51.5112 -0 0
rfoot 1.83346 -27.1523 -1.13694
rtoes 28.2069 -0 0
lowerback 0.789119 -2.60304 0.282997
upperback -0.865432 -3.42605 2.91636
thorax -1.16231 -1.69832 2.89104
lowerneck -10.1748 -6.42937 -1.22495
upperneck 2.16782 -8.44111 0.737345
head 2.54137 -4.18596 -0.00386488
lclavicle -5.20031e-14 5.71245e-15 1.58982e-30
lhumerus -52.4286 -34.2777 120.224
lradius 61.5826 -0 0
lwrist 19.1543 0 0
lhand 7.07018 13.1567 0.01861
lfingers 7.12502 -0 0
lthumb 32.3399 40.2697 0.00888032
rclavicle -5.20031e-14 5.71245e-15 1.58982e-30
rhumerus -41.056 -8.47952 -64.9362
rradius 52.7689 -0 0
rwrist 33.591 0 0
rhand -12.6476 -5.88036 -1.39653
rfingers 7.12502 -0 0
rthumb 13.188 -32.9977 0.167376
250
root 6.88788 16.0917 -25.7155 9.23447 43.9293 -2.64976
lfemur -36.8596 23.5283 -15.5007
ltibia 45.3132 -0 0
lfoot -17.4253 -4.49503 0.0200242
ltoes 44.8145 -0 0
rfemur -14.6749 3.2306 1.97939
rtibia 52.2443 -0 0
rfoot 3.78327 -29.0255 -0.600029
rtoes 26.4253 -0 0
lowerback 0.748374 -2.64358 0.167494
upperback -0.886119 -3.48036 2.98457
thorax -1.14936 -1.72439 3.0251
lowerneck -10.0639 -6.76679 -1.35356
upperneck 2.24306 -8.87858 0.754208
head 2.55315 -4.40385 0.000711902
lclavicle -5.60678e-14 7.0307e-15 8.41667e-31
lhumerus -52.3477 -34.0139 120.206
lradius 61.6364 -0 0
lwrist 19.1775 0 0
lhand 6.69611 12.9892 0.00985166
lfingers 7.12502 -0 0
lthumb 31.985 40.1855 0.00470109
rclavicle -5.60678e-14 7.0307e-15 8.41667e-31
rhumerus -41.5082 -8.89741 -64.6067
rradius 49.4282 -0 0
rwrist 37.4144 0 0
rhand -16.1197 -4.64322 -0.735033
rfingers 7.12502 -0 0
rthumb 9.96818 -33.1617 0.0882306
251
root 6.99125 16.1258 -25.7047 9.20935 45.604 -2.42898
lfemur -36.798 22.9268 -16.3399
ltibia 44.8595 0 0
lfoot -17.638 -5.09231 0
ltoes 48.3216 0 0
rfemur -14.1393 4.56265 1.91975
rtibia 52.9773 0 0
rfoot 5.7144 -30.8793 0
rtoes 24.6437 0 0
lowerback 0.707711 -2.6842 0.0520184
upperback -0.906872 -3.53465 3.05281
thorax -1.13647 -1.75048 3.15916
lowerneck -9.95213 -7.10396 -1.48291
upperneck 2.31826 -9.31607 0.77051
head 2.56491 -4.62174 0.00524513
lclavicle -6.01324e-14 8.34896e-15 0
lhumerus -52.2672 -33.7502 120.188
lradius 61.6902 0 0
lwrist 19.2008 0 0
lhand 6.32207 12.8218 0
lfingers 7.12502 0 0
lthumb 31.6302 40.1012 0
rclavicle -6.01324e-14 8.34896e-15 0
rhumerus -41.9634 -9.31272 -64.2735
rradius 46.0874 0 0
rwrist 41.2378 0 0
rhand -19.5765 -3.4485 0
rfingers 7.12502 0 0
rthumb 6.74862 -753.321 0
252
root 7.07441 16.1575 -25.7021 9.35083 46.818 -1.63079
lfemur -35.8723 22.096 -16.8424
ltibia 44.2221 0 0
lfoot -17.0943 -6.85435 0
ltoes 51.0042 0 0
rfemur -15.6832 4.51616 1.548
rtibia 57.0463 0 0
rfoot 14.3368 -23.1993 0
rtoes 7.30316 0 0
lowerback 1.11503 -2.59497 -0.504216
upperback -0.819784 -3.42329 2.95579
thorax -1.25483 -1.69049 3.38765
lowerneck -9.89112 -7.47454 -1.75607
upperneck 2.39462 -9.77588 0.726411
head 2.59657 -4.85497 0.010683
lclavicle -5.26779e-15 3.97569e-16 0
lhumerus -51.6941 -33.8121 119.685
lradius 61.5249 0 0
lwrist 19.6645 0 0
lhand 6.7101 12.5515 0
lfingers 7.12502 0 0
lthumb 31.9997 39.7575 0
rclavicle -5.26779e-15 3.97569e-16 0
rhumerus -42.2806 -7.78615 -64.9811
rradius 43.1051 0 0
rwrist 43.3362 0 0
rhand -19.2122 -1.87951 0
rfingers 7.12502 0 0
rthumb 7.10036 -751.74 0
253
root 7.11007 16.1445 -25.6674 9.35311 47.0275 -1.35553
lfemur -35.5139 22.0382 -16.8525
ltibia 44.3656 -0 0
lfoot -17.0982 -7.20083 0.000640141
ltoes 51.1422 -0 0
rfemur -16.234 3.86602 2.01955
rtibia 57.0596 -0 0
rfoot 14.3869 -22.4622 0.018152
rtoes 7.16487 -0 0
lowerback 1.27078 -2.61665 -0.648732
upperback -0.71343 -3.45482 2.82881
thorax -1.22731 -1.70452 3.34279
lowerneck -9.81282 -7.52734 -1.76341
upperneck 2.30952 -9.85481 0.903676
head 2.57025 -4.89004 0.0713843
lclavicle -5.77921e-15 1.30113e-16 -6.44569e-32
lhumerus -51.5696 -33.9915 119.348
lradius 61.4812 -0 0
lwrist 19.6959 0 0
lhand 6.83472 12.5316 -0.00117002
lfingers 7.12502 -0 0
lthumb 32.1178 39.7096 -0.0026728
rclavicle -5.77921e-15 1.30113e-16 -6.44569e-32
rhumerus -42.0918 -6.36145 -65.1507
rradius 43.7985 -0 0
rwrist 42.6198 0 0
rhand -18.7636 -1.94826 -0.0147615
rfingers 7.12502 -0 0
rthumb 7.5316 -31.7653 -0.0052224
254
root 7.14572 16.1315 -25.6326 9.35688 47.237 -1.07917
lfemur -35.1557 21.9805 -16.863
ltibia 44.5091 -0 0
lfoot -17.1021 -7.54731 0.00125677
ltoes 51.2801 -0 0
rfemur -16.7898 3.22044 2.49701
rtibia 57.0729 -0 0
rfoot 14.4373 -21.725 0.0356577
rtoes 7.02658 -0 0
lowerback 1.42658 -2.63795 -0.793309
upperback -0.607003 -3.48611 2.70177
thorax -1.19978 -1.71853 3.29793
lowerneck -9.7345 -7.58013 -1.77083
upperneck 2.22416 -9.93349 1.0811
head 2.54388 -4.92508 0.132105
lclavicle -6.29063e-15 -1.37343e-16 -1.26527e-31
lhumerus -51.4436 -34.1704 119.01
lradius 61.4375 -0 0
lwrist 19.7273 0 0
lhand 6.95935 12.5117 -0.00229675
lfingers 7.12502 -0 0
lthumb 32.236 39.6616 -0.00524672
rclavicle -6.29063e-15 -1.37343e-16 -1.26527e-31
rhumerus -41.9077 -4.93622 -65.3152
rradius 44.492 -0 0
rwrist 41.9033 0 0
rhand -18.3149 -2.01713 -0.0289841
rfingers 7.12502 -0 0
rthumb 7.96284 -31.7907 -0.0102539
255
root 7.18138 16.1185 -25.5979 9.36216 47.4466 -0.801691
lfemur -34.7975 21.9228 -16.8739
ltibia 44.6527 -0 0
lfoot -17.106 -7.89379 0.00184987
ltoes 51.4181 -0 0
rfemur -17.3506 2.57954 2.98044
rtibia 57.0862 -0 0
rfoot 14.4879 -20.9878 0.0525141
rtoes 6.88829 -0 0
lowerback 1.58244 -2.65885 -0.937946
upperback -0.500503 -3.51717 2.57467
thorax -1.17223 -1.73252 3.25306
lowerneck -9.65616 -7.63291 -1.77832
upperneck 2.13852 -10.0119 1.25869
head 2.51748 -4.96009 0.192845
lclavicle -6.80205e-15 -4.04798e-16 -1.86209e-31
lhumerus -51.316 -34.3486 118.67
lradius 61.3938 -0 0
lwrist 19.7587 0 0
lhand 7.08397 12.4918 -0.00338019
lfingers 7.12502 -0 0
lthumb 32.3541 39.6136 -0.00772174
rclavicle -6.80205e-15 -4.04798e-16 -1.86209e-31
rhumerus -41.7281 -3.51047 -65.4748
rradius 45.1854 -0 0
rwrist 41.1869 0 0
rhand -17.8662 -2.08611 -0.0426671
rfingers 7.12502 -0 0
rthumb 8.39408 -31.8161 -0.0150942
256
root 7.21704 16.1055 -25.5631 9.36897 47.656 -0.523072
lfemur -34.4396 21.8652 -16.8852
ltibia 44.7962 -0 0
lfoot -17.1099 -8.24027 0.00241942
ltoes 51.556 -0 0
rfemur -17.9166 1.94342 3.46992
rtibia 57.0995 -0 0
rfoot 14.5386 -20.2506 0.0687183
rtoes 6.75 -0 0
lowerback 1.73836 -2.67935 -1.08264
upperback -0.39393 -3.54799 2.4475
thorax -1.14468 -1.74649 3.20818
lowerneck -9.57781 -7.68568 -1.78588
upperneck 2.05262 -10.0901 1.43644
head 2.49104 -4.99507 0.253605
lclavicle -7.31346e-15 -6.72254e-16 -2.43504e-31
lhumerus -51.1868 -34.5261 118.33
lradius 61.3501 -0 0
lwrist 19.7901 0 0
lhand 7.2086 12.4719 -0.00442034
lfingers 7.12502 -0 0
lthumb 32.4723 39.5657 -0.0100979
rclavicle -7.31346e-15 -6.72254e-16 -2.43504e-31
rhumerus -41.5526 -2.08423 -65.6297
rradius 45.8789 -0 0
rwrist 40.4705 0 0
rhand -17.4176 -2.15519 -0.0558094
rfingers 7.12502 -0 0
rthumb 8.82533 -31.8416 -0.0197431
257
root 7.2527 16.0925 -25.5284 9.37732 47.8655 -0.243292
lfemur -34.0817 21.8076 -16.8968
ltibia 44.9397 -0 0
lfoot -17.1138 -8.58674 0.00296539
ltoes 51.694 -0 0
rfemur -18.4878 1.31219 3.9655
rtibia 57.1128 -0 0
rfoot 14.5896 -19.5134 0.0842678
rtoes 6.61171 -0 0
lowerback 1.89433 -2.69946 -1.2274
upperback -0.287286 -3.57857 2.32027
thorax -1.11711 -1.76043 3.16329
lowerneck -9.49944 -7.73844 -1.79352
upperneck 1.96646 -10.1679 1.61435
head 2.46456 -5.03003 0.314384
lclavicle -7.82488e-15 -9.3971e-16 -2.98412e-31
lhumerus -51.0561 -34.7031 117.988
lradius 61.3065 -0 0
lwrist 19.8215 0 0
lhand 7.33322 12.452 -0.00541718
lfingers 7.12502 -0 0
lthumb 32.5904 39.5177 -0.0123751
rclavicle -7.82488e-15 -9.3971e-16 -2.98412e-31
rhumerus -41.3811 -0.657532 -65.7802
rradius 46.5723 -0 0
rwrist 39.7541 0 0
rhand -16.9689 -2.22437 -0.0684105
rfingers 7.12502 -0 0
rthumb 9.25657 -31.8671 -0.0242003
258
root 7.28835 16.0795 -25.4936 9.38724 48.0749 0.0376711
lfemur -33.724 21.7502 -16.9089
ltibia 45.0832 -0 0
lfoot -17.1177 -8.93322 0.00348777
ltoes 51.8319 -0 0
rfemur -19.0644 0.685948 4.46725
rtibia 57.1261 -0 0
rfoot 14.6408 -18.7762 0.0991599
rtoes 6.47342 -0 0
lowerback 2.05035 -2.71918 -1.37221
upperback -0.180571 -3.60892 2.19298
thorax -1.08953 -1.77436 3.1184
lowerneck -9.42105 -7.79119 -1.80123
upperneck 1.88002 -10.2456 1.79243
head 2.43804 -5.06495 0.375182
lclavicle -8.3363e-15 -1.20717e-15 -3.50932e-31
lhumerus -50.9239 -34.8793 117.645
lradius 61.2628 -0 0
lwrist 19.8529 0 0
lhand 7.45785 12.4321 -0.00637072
lfingers 7.12502 -0 0
lthumb 32.7086 39.4697 -0.0145533
rclavicle -8.3363e-15 -1.20717e-15 -3.50932e-31
rhumerus -41.2134 0.769605 -65.9264
rradius 47.2658 -0 0
rwrist 39.0376 0 0
rhand -16.5201 -2.29365 -0.0804693
rfingers 7.12502 -0 0
rthumb 9.68782 -31.8926 -0.0284655
259
root 7.32401 16.0665 -25.4589 9.39874 48.2843 0.319839
lfemur -33.3664 21.6928 -16.9213
ltibia 45.2267 -0 0
lfoot -17.1216 -9.2797 0.00398653
ltoes 51.9699 -0 0
rfemur -19.6463 0.0648102 4.97525
rtibia 57.1395 -0 0
rfoot 14.6922 -18.039 0.113392
rtoes 6.33514 -0 0
lowerback 2.20643 -2.73851 -1.51707
upperback -0.0737841 -3.63903 2.06564
thorax -1.06194 -1.78826 3.07349
lowerneck -9.34265 -7.84392 -1.80901
upperneck 1.79332 -10.3229 1.97066
head 2.41149 -5.09985 0.436
lclavicle -8.84772e-15 -1.47462e-15 -4.01065e-31
lhumerus -50.79 -35.055 117.3
lradius 61.2191 -0 0
lwrist 19.8843 0 0
lhand 7.58247 12.4122 -0.00728094
lfingers 7.12502 -0 0
lthumb 32.8268 39.4217 -0.0166327
rclavicle -8.84772e-15 -1.47462e-15 -4.01065e-31
rhumerus -41.0492 2.19716 -66.0685
rradius 47.9592 -0 0
rwrist 38.3212 0 0
rhand -16.0714 -2.36302 -0.0919852
rfingers 7.12502 -0 0
rthumb 10.1191 -31.9182 -0.0325385
260
root 7.35967 16.0535 -25.4241 9.41185 48.4937 0.603233
lfemur -33.0089 21.6354 -16.9341
ltibia 45.3702 -0 0
lfoot -17.1255 -9.62618 0.00446166
ltoes 52.1078 -0 0
rfemur -20.2338 -0.551111 5.48955
rtibia 57.1528 -0 0
rfoot 14.7438 -17.3017 0.126962
rtoes 6.19685 -0 0
lowerback 2.36255 -2.75744 -1.66199
upperback 0.0330727 -3.66891 1.93823
thorax -1.03434 -1.80214 3.02858
lowerneck -9.26422 -7.89665 -1.81687
upperneck 1.70636 -10.4 2.14906
head 2.38489 -5.13472 0.496837
lclavicle -9.35914e-15 -1.74208e-15 -4.48811e-31
lhumerus -50.6546 -35.23 116.955
lradius 61.1754 -0 0
lwrist 19.9157 0 0
lhand 7.7071 12.3922 -0.00814786
lfingers 7.12502 -0 0
lthumb 32.9449 39.3738 -0.0186131
rclavicle -9.35914e-15 -1.74208e-15 -4.48811e-31
rhumerus -40.8883 3.62511 -66.2067
rradius 48.6526 -0 0
rwrist 37.6048 0 0
rhand -15.6227 -2.43248 -0.102957
rfingers 7.12502 -0 0
rthumb 10.5503 -31.9437 -0.036419
261
root 7.39533 16.0405 -25.3894 9.42658 48.703 0.887876
lfemur -32.6516 21.5782 -16.9473
ltibia 45.5138 -0 0
lfoot -17.1294 -9.97266 0.00491315
ltoes 52.2458 -0 0
rfemur -20.8269 -1.1617 6.01022
rtibia 57.1661 -0 0
rfoot 14.7955 -16.5644 0.139868
rtoes 6.05856 -0 0
lowerback 2.51873 -2.77597 -1.80697
upperback 0.139999 -3.69855 1.81076
thorax -1.00673 -1.816 2.98367
lowerneck -9.18579 -7.94937 -1.8248
upperneck 1.61913 -10.4768 2.32763
head 2.35826 -5.16957 0.557695
lclavicle -9.87056e-15 -2.00953e-15 -4.9417e-31
lhumerus -50.5176 -35.4042 116.608
lradius 61.1317 -0 0
lwrist 19.9471 0 0
lhand 7.83173 12.3723 -0.00897145
lfingers 7.12502 -0 0
lthumb 33.0631 39.3258 -0.0204945
rclavicle -9.87056e-15 -2.00953e-15 -4.9417e-31
rhumerus -40.7306 5.05344 -66.3411
rradius 49.3461 -0 0
rwrist 36.8883 0 0
rhand -15.1739 -2.50202 -0.113385
rfingers 7.12502 -0 0
rthumb 10.9816 -31.9694 -0.0401069
262
root 7.43098 16.0275 -25.3546 9.44295 48.9122 1.17379
lfemur -32.2944 21.521 -16.9608
ltibia 45.6573 -0 0
lfoot -17.1333 -10.3191 0.00534096
ltoes 52.3837 -0 0
rfemur -21.4256 -1.76685 6.53733
rtibia 57.1794 -0 0
rfoot 14.8474 -15.8272 0.152107
rtoes 5.92027 -0 0
lowerback 2.67495 -2.79412 -1.95199
upperback 0.246995 -3.72794 1.68323
thorax -0.979104 -1.82984 2.93874
lowerneck -9.10733 -8.00207 -1.83281
upperneck 1.53163 -10.5534 2.50635
head 2.33159 -5.20438 0.618571
lclavicle -1.0382e-14 -2.27699e-15 -5.37141e-31
lhumerus -50.379 -35.5779 116.26
lradius 61.088 -0 0
lwrist 19.9785 0 0
lhand 7.95635 12.3524 -0.00975171
lfingers 7.12502 -0 0
lthumb 33.1812 39.2778 -0.022277
rclavicle -1.0382e-14 -2.27699e-15 -5.37141e-31
rhumerus -40.5758 6.48213 -66.4719
rradius 50.0395 -0 0
rwrist 36.1719 0 0
rhand -14.7251 -2.57164 -0.123268
rfingers 7.12502 -0 0
rthumb 11.4128 -31.995 -0.0436019
263
root 7.46664 16.0145 -25.3199 9.46098 49.1214 1.461
lfemur -31.9373 21.4639 -16.9748
ltibia 45.8008 -0 0
lfoot -17.1372 -10.6656 0.0057451
ltoes 52.5217 -0 0
rfemur -22.0302 -2.36642 7.07094
rtibia 57.1927 -0 0
rfoot 14.8994 -15.0899 0.163677
rtoes 5.78198 -0 0
lowerback 2.83123 -2.81186 -2.09707
upperback 0.35406 -3.75711 1.55564
thorax -0.951469 -1.84366 2.89381
lowerneck -9.02886 -8.05477 -1.84089
upperneck 1.44387 -10.6297 2.68524
head 2.30488 -5.23917 0.679468
lclavicle -1.08934e-14 -2.54444e-15 -5.77725e-31
lhumerus -50.2389 -35.7508 115.911
lradius 61.0443 -0 0
lwrist 20.0099 0 0
lhand 8.08098 12.3325 -0.0104887
lfingers 7.12502 -0 0
lthumb 33.2994 39.2298 -0.0239604
rclavicle -1.08934e-14 -2.54444e-15 -5.77725e-31
rhumerus -40.4239 7.91117 -66.5993
rradius 50.733 -0 0
rwrist 35.4555 0 0
rhand -14.2764 -2.64134 -0.132606
rfingers 7.12502 -0 0
rthumb 11.8441 -32.0207 -0.0469039
264
root 7.5023 16.0015 -25.2851 9.48071 49.3306 1.74953
lfemur -31.5803 21.4069 -16.9891
ltibia 45.9443 -0 0
lfoot -17.1411 -11.0121 0.00612554
ltoes 52.6597 -0 0
rfemur -22.6405 -2.96031 7.61111
rtibia 57.206 -0 0
rfoot 14.9516 -14.3526 0.174576
rtoes 5.64369 -0 0
lowerback 2.98755 -2.82921 -2.2422
upperback 0.461194 -3.78603 1.42799
thorax -0.923822 -1.85745 2.84887
lowerneck -8.95036 -8.10745 -1.84904
upperneck 1.35585 -10.7057 2.86429
head 2.27813 -5.27393 0.740384
lclavicle -1.14048e-14 -2.8119e-15 -6.15922e-31
lhumerus -50.0971 -35.923 115.56
lradius 61.0006 -0 0
lwrist 20.0413 0 0
lhand 8.20561 12.3126 -0.0111823
lfingers 7.12502 -0 0
lthumb 33.4176 39.1818 -0.0255449
rclavicle -1.14048e-14 -2.8119e-15 -6.15922e-31
rhumerus -40.2746 9.34053 -66.7232
rradius 51.4264 -0 0
rwrist 34.7391 0 0
rhand -13.8276 -2.71111 -0.141397
rfingers 7.12502 -0 0
rthumb 12.2753 -32.0463 -0.0500126
265
root 7.53795 15.9885 -25.2504 9.50214 49.5397 2.03941
lfemur -31.2235 21.35 -17.0038
ltibia 46.0878 -0 0
lfoot -17.1451 -11.3586 0.00648227
ltoes 52.7976 -0 0
rfemur -23.2569 -3.54839 8.1579
rtibia 57.2193 -0 0
rfoot 15.0039 -13.6153 0.184804
rtoes 5.5054 -0 0
lowerback 3.14391 -2.84617 -2.38737
upperback 0.568395 -3.81472 1.30029
thorax -0.896165 -1.87123 2.80393
lowerneck -8.87186 -8.16012 -1.85727
upperneck 1.26756 -10.7815 3.04351
head 2.25134 -5.30866 0.801319
lclavicle -1.19162e-14 -3.07936e-15 -6.51731e-31
lhumerus -49.9537 -36.0945 115.208
lradius 60.9569 -0 0
lwrist 20.0727 0 0
lhand 8.33023 12.2926 -0.0118325
lfingers 7.12502 -0 0
lthumb 33.5357 39.1338 -0.0270304
rclavicle -1.19162e-14 -3.07936e-15 -6.51731e-31
rhumerus -40.1278 10.7702 -66.844
rradius 52.1199 -0 0
rwrist 34.0226 0 0
rhand -13.3788 -2.78095 -0.149641
rfingers 7.12502 -0 0
rthumb 12.7066 -32.0721 -0.0529278
266
root 7.57361 15.9755 -25.2156 9.52529 49.7487 2.33065
lfemur -30.8668 21.2931 -17.0188
ltibia 46.2314 -0 0
lfoot -17.149 -11.7051 0.00681528
ltoes 52.9356 -0 0
rfemur -23.8792 -4.13053 8.71139
rtibia 57.2326 -0 0
rfoot 15.0564 -12.878 0.194357
rtoes 5.36711 -0 0
lowerback 3.30032 -2.86273 -2.5326
upperback 0.675664 -3.84316 1.17253
thorax -0.868496 -1.88498 2.75897
lowerneck -8.79333 -8.21279 -1.86557
upperneck 1.17901 -10.8569 3.22289
head 2.22451 -5.34336 0.862275
lclavicle -1.24276e-14 -3.34681e-15 -6.85153e-31
lhumerus -49.8086 -36.2653 114.855
lradius 60.9132 -0 0
lwrist 20.1041 0 0
lhand 8.45486 12.2727 -0.0124395
lfingers 7.12502 -0 0
lthumb 33.6539 39.0858 -0.028417
rclavicle -1.24276e-14 -3.34681e-15 -6.85153e-31
rhumerus -39.9833 12.2002 -66.9616
rradius 52.8133 -0 0
rwrist 33.3062 0 0
rhand -12.93 -2.85084 -0.157338
rfingers 7.12502 -0 0
rthumb 13.1379 -32.0978 -0.0556494
267
root 7.60927 15.9625 -25.1809 9.5502 49.9576 2.62329
lfemur -30.5102 21.2364 -17.0343
ltibia 46.3749 -0 0
lfoot -17.1529 -12.0515 0.00712455
ltoes 53.0735 -0 0
rfemur -24.5077 -4.70662 9.27161
rtibia 57.2459 -0 0
rfoot 15.1089 -12.1407 0.203234
rtoes 5.22882 -0 0
lowerback 3.45677 -2.87889 -2.67787
upperback 0.782999 -3.87137 1.04471
thorax -0.840816 -1.89871 2.71401
lowerneck -8.71478 -8.26544 -1.87395
upperneck 1.0902 -10.9322 3.40243
head 2.19765 -5.37803 0.92325
lclavicle -1.29391e-14 -3.61427e-15 -7.16188e-31
lhumerus -49.662 -36.4354 114.501
lradius 60.8696 -0 0
lwrist 20.1355 0 0
lhand 8.57949 12.2528 -0.0130031
lfingers 7.12502 -0 0
lthumb 33.7721 39.0378 -0.0297045
rclavicle -1.29391e-14 -3.61427e-15 -7.16188e-31
rhumerus -39.841 13.6304 -67.0761
rradius 53.5068 -0 0
rwrist 32.5898 0 0
rhand -12.4811 -2.9208 -0.164487
rfingers 7.12502 -0 0
rthumb 13.5691 -32.1235 -0.0581773
268
root 7.64493 15.9495 -25.1461 9.57689 50.1664 2.91734
lfemur -30.1537 21.1797 -17.0501
ltibia 46.5184 -0 0
lfoot -17.1568 -12.398 0.00741007
ltoes 53.2115 -0 0
rfemur -25.1423 -5.27651 9.83864
rtibia 57.2592 -0 0
rfoot 15.1616 -11.4033 0.211434
rtoes 5.09053 -0 0
lowerback 3.61327 -2.89466 -2.82318
upperback 0.890401 -3.89934 0.916831
thorax -0.813125 -1.91242 2.66904
lowerneck -8.63622 -8.31808 -1.8824
upperneck 1.00112 -11.0071 3.58214
head 2.17074 -5.41268 0.984245
lclavicle -1.34505e-14 -3.88172e-15 -7.44835e-31
lhumerus -49.5137 -36.6048 114.145
lradius 60.8259 -0 0
lwrist 20.1669 0 0
lhand 8.70412 12.2329 -0.0135233
lfingers 7.12502 -0 0
lthumb 33.8902 38.9898 -0.0308929
rclavicle -1.34505e-14 -3.88172e-15 -7.44835e-31
rhumerus -39.7008 15.0609 -67.1878
rradius 54.2002 -0 0
rwrist 31.8733 0 0
rhand -12.0323 -2.99081 -0.171088
rfingers 7.12502 -0 0
rthumb 14.0004 -32.1493 -0.0605113
269
root 7.68058 15.9365 -25.1114 9.60537 50.3751 3.21284
lfemur -29.7974 21.1231 -17.0663
ltibia 46.6619 -0 0
lfoot -17.1608 -12.7445 0.00767184
ltoes 53.3494 -0 0
rfemur -25.7832 -5.84007 10.4125
rtibia 57.2725 -0 0
rfoot 15.2144 -10.666 0.218956
rtoes 4.95224 -0 0
lowerback 3.76981 -2.91003 -2.96854
upperback 0.997869 -3.92707 0.788898
thorax -0.785423 -1.92611 2.62407
lowerneck -8.55764 -8.3707 -1.89092
upperneck 0.911784 -11.0817 3.76201
head 2.1438 -5.44729 1.04526
lclavicle -1.39619e-14 -4.14918e-15 -7.71096e-31
lhumerus -49.3638 -36.7734 113.788
lradius 60.7822 -0 0
lwrist 20.1983 0 0
lhand 8.82875 12.2129 -0.0140002
lfingers 7.12502 -0 0
lthumb 34.0084 38.9418 -0.0319824
rclavicle -1.39619e-14 -4.14918e-15 -7.71096e-31
rhumerus -39.5625 16.4917 -67.2965
rradius 54.8936 -0 0
rwrist 31.1569 0 0
rhand -11.5835 -3.06087 -0.177141
rfingers 7.12502 -0 0
rthumb 14.4317 -32.1751 -0.0626513
270
root 7.71624 15.9235 -25.0766 9.63567 50.5838 3.50981
lfemur -29.4411 21.0667 -17.0828
ltibia 46.8054 -0 0
lfoot -17.1647 -13.091 0.00790984
ltoes 53.4874 -0 0
rfemur -26.4304 -6.39718 10.9933
rtibia 57.2858 -0 0
rfoot 15.2673 -9.92865 0.225798
rtoes 4.81395 -0 0
lowerback 3.92639 -2.925 -3.11395
upperback 1.1054 -3.95456 0.660908
thorax -0.75771 -1.93977 2.57909
lowerneck -8.47904 -8.42332 -1.89952
upperneck 0.822186 -11.1561 3.94205
head 2.11682 -5.48188 1.10629
lclavicle -1.44733e-14 -4.41664e-15 -7.94969e-31
lhumerus -49.2123 -36.9412 113.429
lradius 60.7385 -0 0
lwrist 20.2297 0 0
lhand 8.95337 12.193 -0.0144338
lfingers 7.12502 -0 0
lthumb 34.1266 38.8937 -0.0329728
rclavicle -1.44733e-14 -4.41664e-15 -7.94969e-31
rhumerus -39.426 17.9228 -67.4025
rradius 55.5871 -0 0
rwrist 30.4405 0 0
rhand -11.1346 -3.13097 -0.182644
rfingers 7.12502 -0 0
rthumb 14.8629 -32.2009 -0.0645971
271
root 7.7519 15.9105 -25.0419 9.66782 50.7923 3.80828
lfemur -29.085 21.0103 -17.0997
ltibia 46.9489 -0 0
lfoot -17.1686 -13.4375 0.00812407
ltoes 53.6253 -0 0
rfemur -27.084 -6.94771 11.5811
rtibia 57.2991 -0 0
rfoot 15.3202 -9.1913 0.231959
rtoes 4.67566 -0 0
lowerback 4.08301 -2.93958 -3.2594
upperback 1.213 -3.98181 0.532863
thorax -0.729986 -1.95342 2.5341
lowerneck -8.40042 -8.47592 -1.90819
upperneck 0.732327 -11.2302 4.12225
head 2.0898 -5.51644 1.16735
lclavicle -1.49847e-14 -4.68409e-15 -8.16454e-31
lhumerus -49.0591 -37.1083 113.069
lradius 60.6948 -0 0
lwrist 20.2611 0 0
lhand 9.078 12.1731 -0.014824
lfingers 7.12502 -0 0
lthumb 34.2448 38.8457 -0.0338642
rclavicle -1.49847e-14 -4.68409e-15 -8.16454e-31
rhumerus -39.2911 19.354 -67.5057
rradius 56.2805 -0 0
rwrist 29.7241 0 0
rhand -10.6858 -3.20112 -0.187598
rfingers 7.12502 -0 0
rthumb 15.2942 -32.2267 -0.0663486
272
root 7.78756 15.8975 -25.0071 9.70183 51.0008 4.10827
lfemur -28.729 20.954 -17.117
ltibia 47.0925 -0 0
lfoot -17.1726 -13.7839 0.00831451
ltoes 53.7633 -0 0
rfemur -27.744 -7.4915 12.1758
rtibia 57.3124 -0 0
rfoot 15.3732 -8.45394 0.237438
rtoes 4.53737 -0 0
lowerback 4.23966 -2.95376 -3.40488
upperback 1.32066 -4.00882 0.404762
thorax -0.70225 -1.96704 2.4891
lowerneck -8.32178 -8.52852 -1.91694
upperneck 0.642207 -11.3041 4.30262
head 2.06274 -5.55097 1.22842
lclavicle -1.54962e-14 -4.95155e-15 -8.35553e-31
lhumerus -48.9042 -37.2746 112.708
lradius 60.6511 -0 0
lwrist 20.2925 0 0
lhand 9.20263 12.1531 -0.0151709
lfingers 7.12502 -0 0
lthumb 34.3629 38.7977 -0.0346566
rclavicle -1.54962e-14 -4.95155e-15 -8.35553e-31
rhumerus -39.1577 20.7855 -67.6063
rradius 56.974 -0 0
rwrist 29.0076 0 0
rhand -10.2369 -3.2713 -0.192003
rfingers 7.12502 -0 0
rthumb 15.7255 -32.2525 -0.0679058
273
root 7.82321 15.8845 -24.9724 9.73775 51.2091 4.40982
lfemur -28.3731 20.8978 -17.1347
ltibia 47.236 -0 0
lfoot -17.1765 -14.1304 0.00848116
ltoes 53.9012 -0 0
rfemur -28.4105 -8.02842 12.7776
rtibia 57.3258 -0 0
rfoot 15.4263 -7.71658 0.242234
rtoes 4.39909 -0 0
lowerback 4.39636 -2.96754 -3.55041
upperback 1.42839 -4.03559 0.276607
thorax -0.674504 -1.98064 2.4441
lowerneck -8.24312 -8.5811 -1.92576
upperneck 0.551828 -11.3776 4.48315
head 2.03564 -5.58547 1.28952
lclavicle -1.60076e-14 -5.219e-15 -8.52264e-31
lhumerus -48.7477 -37.4401 112.345
lradius 60.6074 -0 0
lwrist 20.3239 0 0
lhand 9.32726 12.1332 -0.0154744
lfingers 7.12502 -0 0
lthumb 34.4811 38.7497 -0.03535
rclavicle -1.60076e-14 -5.219e-15 -8.52264e-31
rhumerus -39.0257 22.2172 -67.7043
rradius 57.6674 -0 0
rwrist 28.2912 0 0
rhand -9.78804 -3.34152 -0.195857
rfingers 7.12502 -0 0
rthumb 16.1567 -32.2784 -0.0692685
274
root 7.85887 15.8715 -24.9376 9.77558 51.4173 4.71295
lfemur -28.0174 20.8417 -17.1527
ltibia 47.3795 -0 0
lfoot -17.1804 -14.4769 0.00862402
ltoes 54.0392 -0 0
rfemur -29.0837 -8.55834 13.3865
rtibia 57.3391 -0 0
rfoot 15.4795 -6.97921 0.246346
rtoes 4.2608 -0 0
lowerback 4.55309 -2.98092 -3.69598
upperback 1.53618 -4.06212 0.148397
thorax -0.646746 -1.99422 2.39909
lowerneck -8.16444 -8.63366 -1.93465
upperneck 0.461189 -11.4509 4.66384
head 2.00851 -5.61994 1.35063
lclavicle -1.6519e-14 -5.48646e-15 -8.66587e-31
lhumerus -48.5895 -37.6048 111.982
lradius 60.5637 -0 0
lwrist 20.3553 0 0
lhand 9.45189 12.1133 -0.0157345
lfingers 7.12502 -0 0
lthumb 34.5993 38.7017 -0.0359443
rclavicle -1.6519e-14 -5.48646e-15 -8.66587e-31
rhumerus -38.895 23.6491 -67.7997
rradius 58.3609 -0 0
rwrist 27.5748 0 0
rhand -9.33918 -3.41176 -0.199161
rfingers 7.12502 -0 0
rthumb 16.588 -32.3042 -0.0704367
275
root 7.89453 15.8585 -24.9029 9.81536 51.6254 5.01769
lfemur -27.6617 20.7858 -17.1711
ltibia 47.523 -0 0
lfoot -17.1844 -14.8234 0.00874307
ltoes 54.1772 -0 0
rfemur -29.7634 -9.08111 14.0026
rtibia 57.3524 -0 0
rfoot 15.5327 -6.24184 0.249774
rtoes 4.12251 -0 0
lowerback 4.70985 -2.99391 -3.84159
upperback 1.64403 -4.08841 0.0201331
thorax -0.618978 -2.00777 2.35407
lowerneck -8.08575 -8.68622 -1.94362
upperneck 0.370292 -11.5239 4.84471
head 1.98134 -5.65439 1.41177
lclavicle -1.70304e-14 -5.75391e-15 -8.78524e-31
lhumerus -48.4297 -37.7688 111.616
lradius 60.52 -0 0
lwrist 20.3867 0 0
lhand 9.57652 12.0934 -0.0159513
lfingers 7.12502 -0 0
lthumb 34.7175 38.6537 -0.0364395
rclavicle -1.70304e-14 -5.75391e-15 -8.78524e-31
rhumerus -38.7655 25.0812 -67.8927
rradius 59.0543 -0 0
rwrist 26.8583 0 0
rhand -8.89031 -3.48203 -0.201915
rfingers 7.12502 -0 0
rthumb 17.0193 -32.3301 -0.0714103
276
root 7.93018 15.8455 -24.8681 9.85711 51.8333 5.32406
lfemur -27.3062 20.7299 -17.1898
ltibia 47.6665 -0 0
lfoot -17.1883 -15.1698 0.00883832
ltoes 54.3151 -0 0
rfemur -30.4498 -9.59658 14.6258
rtibia 57.3657 -0 0
rfoot 15.5859 -5.50447 0.252518
rtoes 3.98422 -0 0
lowerback 4.86665 -3.0065 -3.98723
upperback 1.75194 -4.11446 -0.108184
thorax -0.591199 -2.02131 2.30904
lowerneck -8.00703 -8.73876 -1.95266
upperneck 0.279136 -11.5966 5.02573
head 1.95412 -5.6888 1.47292
lclavicle -1.75418e-14 -6.02137e-15 -8.88073e-31
lhumerus -48.2682 -37.9319 111.249
lradius 60.4763 -0 0
lwrist 20.4181 0 0
lhand 9.70115 12.0734 -0.0161248
lfingers 7.12502 -0 0
lthumb 34.8356 38.6056 -0.0368357
rclavicle -1.75418e-14 -6.02137e-15 -8.88073e-31
rhumerus -38.6369 26.5135 -67.9831
rradius 59.7477 -0 0
rwrist 26.1419 0 0
rhand -8.44143 -3.55231 -0.204118
rfingers 7.12502 -0 0
rthumb 17.4505 -32.3559 -0.0721892
277
root 7.96584 15.8325 -24.8334 9.90087 52.0411 5.63211
lfemur -26.9507 20.6742 -17.2089
ltibia 47.8101 -0 0
lfoot -17.1923 -15.5163 0.00890976
ltoes 54.4531 -0 0
rfemur -31.143 -10.1046 15.2562
rtibia 57.379 -0 0
rfoot 15.6392 -4.76709 0.254575
rtoes 3.84593 -0 0
lowerback 5.02349 -3.01869 -4.1329
upperback 1.85992 -4.14027 -0.236555
thorax -0.563409 -2.03482 2.26401
lowerneck -7.9283 -8.7913 -1.96178
upperneck 0.187722 -11.669 5.20692
head 1.92687 -5.72319 1.5341
lclavicle -1.80532e-14 -6.28883e-15 -8.95235e-31
lhumerus -48.1049 -38.0942 110.881
lradius 60.4326 -0 0
lwrist 20.4495 0 0
lhand 9.82578 12.0535 -0.0162548
lfingers 7.12502 -0 0
lthumb 34.9538 38.5576 -0.0371329
rclavicle -1.80532e-14 -6.28883e-15 -8.95235e-31
rhumerus -38.5093 27.946 -68.071
rradius 60.4412 -0 0
rwrist 25.4255 0 0
rhand -7.99255 -3.62261 -0.205771
rfingers 7.12502 -0 0
rthumb 17.8818 -32.3818 -0.0727735
278
root 8.0015 15.8195 -24.7986 9.94665 52.2487 5.94185
lfemur -26.5954 20.6185 -17.2284
ltibia 47.9536 -0 0
lfoot -17.1962 -15.8628 0.00895739
ltoes 54.591 -0 0
rfemur -31.8429 -10.6051 15.8938
rtibia 57.3923 -0 0
rfoot 15.6925 -4.02972 0.255947
rtoes 3.70764 -0 0
lowerback 5.18036 -3.03048 -4.27862
upperback 1.96796 -4.16583 -0.364978
thorax -0.535608 -2.04831 2.21897
lowerneck -7.84954 -8.84381 -1.97097
upperneck 0.0960508 -11.7411 5.38828
head 1.89958 -5.75755 1.59529
lclavicle -1.85647e-14 -6.55628e-15 -9.00009e-31
lhumerus -47.94 -38.2557 110.512
lradius 60.3889 -0 0
lwrist 20.4809 0 0
lhand 9.95041 12.0336 -0.0163415
lfingers 7.12502 -0 0
lthumb 35.072 38.5096 -0.037331
rclavicle -1.85647e-14 -6.55628e-15 -9.00009e-31
rhumerus -38.3824 29.3787 -68.1565
rradius 61.1346 -0 0
rwrist 24.7091 0 0
rhand -7.54367 -3.69293 -0.206873
rfingers 7.12502 -0 0
rthumb 18.3131 -32.4077 -0.073163
279
root 8.03716 15.8065 -24.7639 9.99449 52.4562 6.25333
lfemur -26.2402 20.563 -17.2483
ltibia 48.0971 -0 0
lfoot -17.2001 -16.2093 0.0089812
ltoes 54.729 -0 0
rfemur -32.5496 -11.0978 16.5386
rtibia 57.4056 -0 0
rfoot 15.7458 -3.29234 0.256633
rtoes 3.56935 -0 0
lowerback 5.33725 -3.04187 -4.42436
upperback 2.07606 -4.19116 -0.493454
thorax -0.507796 -2.06178 2.17393
lowerneck -7.77077 -8.89632 -1.98024
upperneck 0.00412278 -11.813 5.5698
head 1.87226 -5.79187 1.65651
lclavicle -1.90761e-14 -6.82374e-15 -9.02397e-31
lhumerus -47.7735 -38.4163 110.141
lradius 60.3452 -0 0
lwrist 20.5123 0 0
lhand 10.075 12.0136 -0.0163849
lfingers 7.12502 -0 0
lthumb 35.1902 38.4616 -0.03743
rclavicle -1.90761e-14 -6.82374e-15 -9.02397e-31
rhumerus -38.2562 30.8115 -68.2396
rradius 61.8281 -0 0
rwrist 23.9926 0 0
rhand -7.0948 -3.76324 -0.207424
rfingers 7.12502 -0 0
rthumb 18.7443 -32.4336 -0.0733578
280
root 8.07281 15.7936 -24.7291 10.0444 52.6635 6.56657
lfemur -25.8851 20.5076 -17.2685
ltibia 48.2406 -0 0
lfoot -17.2041 -16.5558 0.0089812
ltoes 54.8669 -0 0
rfemur -33.2631 -11.5826 17.1907
rtibia 57.4189 -0 0
rfoot 15.7991 -2.55496 0.256633
rtoes 3.43106 -0 0
lowerback 5.49418 -3.05287 -4.57014
upperback 2.18421 -4.21624 -0.621982
thorax -0.479973 -2.07523 2.12887
lowerneck -7.69198 -8.94882 -1.98958
upperneck -0.0880615 -11.8845 5.75149
head 1.84489 -5.82617 1.71774
lclavicle -1.95875e-14 -7.09119e-15 -9.02397e-31
lhumerus -47.6052 -38.5761 109.769
lradius 60.3016 -0 0
lwrist 20.5436 0 0
lhand 10.1997 11.9937 -0.0163849
lfingers 7.12502 -0 0
lthumb 35.3083 38.4135 -0.03743
rclavicle -1.95875e-14 -7.09119e-15 -9.02397e-31
rhumerus -38.1304 32.2444 -68.3202
rradius 62.5215 -0 0
rwrist 23.2762 0 0
rhand -6.64591 -3.83357 -0.207424
rfingers 7.12502 -0 0
rthumb 19.1756 -32.4594 -0.0733578
281
root 8.10847 15.7806 -24.6944 10.0965 52.8707 6.8816
lfemur -25.5301 20.4523 -17.289
ltibia 48.3841 -0 0
lfoot -17.208 -16.9022 0.00895739
ltoes 55.0049 -0 0
rfemur -33.9834 -12.0594 17.8501
rtibia 57.4322 -0 0
rfoot 15.8524 -1.81758 0.255947
rtoes 3.29277 -0 0
lowerback 5.65114 -3.06347 -4.71595
upperback 2.29243 -4.24108 -0.75056
thorax -0.452139 -2.08866 2.08381
lowerneck -7.61316 -9.0013 -1.999
upperneck -0.180502 -11.9558 5.93334
head 1.81748 -5.86044 1.779
lclavicle -2.00989e-14 -7.35865e-15 -9.00009e-31
lhumerus -47.4352 -38.735 109.395
lradius 60.2579 -0 0
lwrist 20.575 0 0
lhand 10.3243 11.9737 -0.0163415
lfingers 7.12502 -0 0
lthumb 35.4265 38.3655 -0.037331
rclavicle -2.00989e-14 -7.35865e-15 -9.00009e-31
rhumerus -38.0051 33.6775 -68.3984
rradius 63.215 -0 0
rwrist 22.5598 0 0
rhand -6.19704 -3.90388 -0.206873
rfingers 7.12502 -0 0
rthumb 19.6069 -32.4853 -0.073163
282
root 8.14413 15.7676 -24.6596 10.1506 53.0777 7.19845
lfemur -25.1752 20.3971 -17.3099
ltibia 48.5276 -0 0
lfoot -17.2119 -17.2487 0.00890976
ltoes 55.1428 -0 0
rfemur -34.7107 -12.528 18.5168
rtibia 57.4455 -0 0
rfoot 15.9057 -1.08021 0.254575
rtoes 3.15448 -0 0
lowerback 5.80812 -3.07366 -4.86179
upperback 2.40071 -4.26568 -0.87919
thorax -0.424295 -2.10206 2.03875
lowerneck -7.53433 -9.05377 -2.00849
upperneck -0.273197 -12.0268 6.11535
head 1.79004 -5.89468 1.84027
lclavicle -2.06103e-14 -7.6261e-15 -8.95235e-31
lhumerus -47.2635 -38.893 109.02
lradius 60.2142 -0 0
lwrist 20.6064 0 0
lhand 10.4489 11.9538 -0.0162548
lfingers 7.12502 -0 0
lthumb 35.5447 38.3175 -0.0371329
rclavicle -2.06103e-14 -7.6261e-15 -8.95235e-31
rhumerus -37.8799 35.1108 -68.474
rradius 63.9084 -0 0
rwrist 21.8433 0 0
rhand -5.74816 -3.9742 -0.205771
rfingers 7.12502 -0 0
rthumb 20.0382 -32.5112 -0.0727735
283
root 8.17979 15.7546 -24.6249 10.207 53.2845 7.51717
lfemur -24.8204 20.3421 -17.3312
ltibia 48.6712 -0 0
lfoot -17.2159 -17.5952 0.00883832
ltoes 55.2808 -0 0
rfemur -35.4448 -12.9882 19.1907
rtibia 57.4588 -0 0
rfoot 15.959 -0.342831 0.252518
rtoes 3.01619 -0 0
lowerback 5.96513 -3.08346 -5.00765
upperback 2.50905 -4.29003 -1.00787
thorax -0.39644 -2.11544 1.99367
lowerneck -7.45547 -9.10622 -2.01805
upperneck -0.366147 -12.0975 6.29754
head 1.76256 -5.9289 1.90157
lclavicle -2.11218e-14 -7.89356e-15 -8.88073e-31
lhumerus -47.0901 -39.0502 108.643
lradius 60.1705 -0 0
lwrist 20.6378 0 0
lhand 10.5736 11.9339 -0.0161248
lfingers 7.12502 -0 0
lthumb 35.6629 38.2695 -0.0368357
rclavicle -2.11218e-14 -7.89356e-15 -8.88073e-31
rhumerus -37.7548 36.5441 -68.5472
rradius 64.6019 -0 0
rwrist 21.1269 0 0
rhand -5.29928 -4.0445 -0.204118
rfingers 7.12502 -0 0
rthumb 20.4694 -32.5371 -0.0721892
284
root 8.21544 15.7416 -24.5901 10.2656 53.4911 7.83778
lfemur -24.4657 20.2871 -17.3528
ltibia 48.8147 -0 0
lfoot -17.2198 -17.9417 0.00874307
ltoes 55.4187 -0 0
rfemur -36.1858 -13.44 19.8719
rtibia 57.4721 -0 0
rfoot 16.0122 0.394542 0.249774
rtoes 2.8779 -0 0
lowerback 6.12217 -3.09286 -5.15355
upperback 2.61744 -4.31415 -1.1366
thorax -0.368574 -2.1288 1.94859
lowerneck -7.3766 -9.15866 -2.02769
upperneck -0.459351 -12.1679 6.47988
head 1.73504 -5.96308 1.96289
lclavicle -2.16332e-14 -8.16102e-15 -8.78524e-31
lhumerus -46.915 -39.2064 108.265
lradius 60.1268 -0 0
lwrist 20.6692 0 0
lhand 10.6982 11.9139 -0.0159513
lfingers 7.12502 -0 0
lthumb 35.781 38.2214 -0.0364395
rclavicle -2.16332e-14 -8.16102e-15 -8.78524e-31
rhumerus -37.6297 37.9777 -68.6178
rradius 65.2953 -0 0
rwrist 20.4105 0 0
rhand -4.8504 -4.11478 -0.201915
rfingers 7.12502 -0 0
rthumb 20.9007 -32.5629 -0.0714103
285
root 8.2511 15.7286 -24.5554 10.3264 53.6975 8.16031
lfemur -24.1112 20.2323 -17.3748
ltibia 48.9582 -0 0
lfoot -17.2238 -18.2882 0.00862402
ltoes 55.5567 -0 0
rfemur -36.9337 -13.8831 20.5604
rtibia 57.4854 -0 0
rfoot 16.0654 1.13191 0.246346
rtoes 2.73961 -0 0
lowerback 6.27923 -3.10186 -5.29947
upperback 2.72589 -4.33802 -1.26538
thorax -0.340698 -2.14214 1.90351
lowerneck -7.2977 -9.21109 -2.0374
upperneck -0.552809 -12.2381 6.6624
head 1.70748 -5.99723 2.02422
lclavicle -2.21446e-14 -8.42847e-15 -8.66587e-31
lhumerus -46.7381 -39.3618 107.885
lradius 60.0831 -0 0
lwrist 20.7006 0 0
lhand 10.8228 11.894 -0.0157345
lfingers 7.12502 -0 0
lthumb 35.8992 38.1734 -0.0359443
rclavicle -2.21446e-14 -8.42847e-15 -8.66587e-31
rhumerus -37.5043 39.4113 -68.6857
rradius 65.9887 -0 0
rwrist 19.6941 0 0
rhand -4.40153 -4.18505 -0.199161
rfingers 7.12502 -0 0
rthumb 21.332 -32.5888 -0.0704367
286
root 8.28676 15.7156 -24.5206 10.3895 53.9037 8.48481
lfemur -23.7567 20.1777 -17.3971
ltibia 49.1017 -0 0
lfoot -17.2277 -18.6346 0.00848116
ltoes 55.6947 -0 0
rfemur -37.6885 -14.3173 21.256
rtibia 57.4987 -0 0
rfoot 16.1186 1.86928 0.242234
rtoes 2.60132 -0 0
lowerback 6.43632 -3.11046 -5.44542
upperback 2.8344 -4.36164 -1.39421
thorax -0.312811 -2.15546 1.85841
lowerneck -7.21879 -9.26351 -2.04719
upperneck -0.64652 -12.3079 6.84507
head 1.67988 -6.03136 2.08558
lclavicle -2.2656e-14 -8.69593e-15 -8.52264e-31
lhumerus -46.5595 -39.5163 107.504
lradius 60.0394 -0 0
lwrist 20.732 0 0
lhand 10.9474 11.8741 -0.0154744
lfingers 7.12502 -0 0
lthumb 36.0174 38.1254 -0.03535
rclavicle -2.2656e-14 -8.69593e-15 -8.52264e-31
rhumerus -37.3785 40.845 -68.751
rradius 66.6822 -0 0
rwrist 18.9776 0 0
rhand -3.95267 -4.25529 -0.195857
rfingers 7.12502 -0 0
rthumb 21.7632 -32.6146 -0.0692685
287
root 8.32241 15.7026 -24.4859 10.4549 54.1096 8.81131
lfemur -23.4023 20.1231 -17.4198
ltibia 49.2452 -0 0
lfoot -17.2316 -18.9811 0.00831451
ltoes 55.8326 -0 0
rfemur -38.4501 -14.7427 21.9589
rtibia 57.5121 -0 0
rfoot 16.1717 2.60664 0.237438
rtoes 2.46304 -0 0
lowerback 6.59343 -3.11866 -5.59139
upperback 2.94296 -4.38503 -1.52309
thorax -0.284913 -2.16875 1.81331
lowerneck -7.13985 -9.31591 -2.05705
upperneck -0.740483 -12.3775 7.02792
head 1.65225 -6.06545 2.14696
lclavicle -2.31674e-14 -8.96338e-15 -8.35553e-31
lhumerus -46.3792 -39.6698 107.122
lradius 59.9957 -0 0
lwrist 20.7634 0 0
lhand 11.0721 11.8542 -0.0151709
lfingers 7.12502 -0 0
lthumb 36.1356 38.0774 -0.0346566
rclavicle -2.31674e-14 -8.96338e-15 -8.35553e-31
rhumerus -37.252 42.2789 -68.8135
rradius 67.3756 -0 0
rwrist 18.2612 0 0
rhand -3.5038 -4.32551 -0.192003
rfingers 7.12502 -0 0
rthumb 22.1945 -32.6405 -0.0679058
288
root 8.35807 15.6896 -24.4511 10.5226 54.3154 9.13984
lfemur -23.048 20.0687 -17.4429
ltibia 49.3888 -0 0
lfoot -17.2356 -19.3276 0.00812407
ltoes 55.9706 -0 0
rfemur -39.2186 -15.1589 22.669
rtibia 57.5254 -0 0
rfoot 16.2247 3.344 0.231959
rtoes 2.32475 -0 0
lowerback 6.75056 -3.12646 -5.73738
upperback 3.05158 -4.40817 -1.65201
thorax -0.257004 -2.18203 1.7682
lowerneck -7.06089 -9.3683 -2.06699
upperneck -0.834698 -12.4467 7.21093
head 1.62457 -6.09951 2.20835
lclavicle -2.36789e-14 -9.23084e-15 -8.16454e-31
lhumerus -46.1972 -39.8224 106.738
lradius 59.952 -0 0
lwrist 20.7948 0 0
lhand 11.1967 11.8342 -0.014824
lfingers 7.12502 -0 0
lthumb 36.2537 38.0294 -0.0338642
rclavicle -2.36789e-14 -9.23084e-15 -8.16454e-31
rhumerus -37.1248 43.7128 -68.873
rradius 68.0691 -0 0
rwrist 17.5448 0 0
rhand -3.05494 -4.39569 -0.187598
rfingers 7.12502 -0 0
rthumb 22.6258 -32.6663 -0.0663486
289
root 8.39373 15.6766 -24.4164 10.5927 54.5209 9.47044
lfemur -22.6939 20.0145 -17.4663
ltibia 49.5323 -0 0
lfoot -17.2395 -19.6741 0.00790984
ltoes 56.1085 -0 0
rfemur -39.9939 -15.5658 23.3862
rtibia 57.5387 -0 0
rfoot 16.2776 4.08135 0.225798
rtoes 2.18646 -0 0
lowerback 6.90771 -3.13386 -5.8834
upperback 3.16026 -4.43106 -1.78099
thorax -0.229085 -2.19528 1.72309
lowerneck -6.98191 -9.42068 -2.077
upperneck -0.929164 -12.5157 7.3941
head 1.59686 -6.13355 2.26977
lclavicle -2.41903e-14 -9.4983e-15 -7.94969e-31
lhumerus -46.0135 -39.9741 106.352
lradius 59.9083 -0 0
lwrist 20.8262 0 0
lhand 11.3213 11.8143 -0.0144338
lfingers 7.12502 -0 0
lthumb 36.3719 37.9814 -0.0329728
rclavicle -2.41903e-14 -9.4983e-15 -7.94969e-31
rhumerus -36.9965 45.1468 -68.9296
rradius 68.7625 -0 0
rwrist 16.8283 0 0
rhand -2.60609 -4.46584 -0.182644
rfingers 7.12502 -0 0
rthumb 23.057 -32.6921 -0.0645971
290
root 8.42939 15.6636 -24.3816 10.6652 54.7262 9.80315
lfemur -22.3398 19.9603 -17.49
ltibia 49.6758 -0 0
lfoot -17.2434 -20.0206 0.00767184
ltoes 56.2465 -0 0
rfemur -40.776 -15.9632 24.1105
rtibia 57.552 -0 0
rfoot 16.3305 4.81869 0.218956
rtoes 2.04817 -0 0
lowerback 7.06488 -3.14087 -6.02944
upperback 3.26899 -4.45371 -1.91001
thorax -0.201156 -2.2085 1.67797
lowerneck -6.90291 -9.47304 -2.08709
upperneck -1.02388 -12.5843 7.57744
head 1.56911 -6.16755 2.33121
lclavicle -2.47017e-14 -9.76575e-15 -7.71096e-31
lhumerus -45.828 -40.1248 105.965
lradius 59.8646 -0 0
lwrist 20.8576 0 0
lhand 11.446 11.7944 -0.0140002
lfingers 7.12502 -0 0
lthumb 36.4901 37.9333 -0.0319824
rclavicle -2.47017e-14 -9.76575e-15 -7.71096e-31
rhumerus -36.8668 46.581 -68.9829
rradius 69.456 -0 0
rwrist 16.1119 0 0
rhand -2.15725 -4.53594 -0.177141
rfingers 7.12502 -0 0
rthumb 23.4883 -32.7179 -0.0626513
291
root 8.46504 15.6506 -24.3469 10.7401 54.9313 10.138
lfemur -21.9858 19.9063 -17.5141
ltibia 49.8193 -0 0
lfoot -17.2474 -20.367 0.00741007
ltoes 56.3844 -0 0
rfemur -41.5648 -16.3511 24.8418
rtibia 57.5653 -0 0
rfoot 16.3833 5.55603 0.211434
rtoes 1.90988 -0 0
lowerback 7.22207 -3.14747 -6.17549
upperback 3.37777 -4.47612 -2.03908
thorax -0.173216 -2.22171 1.63284
lowerneck -6.82389 -9.52539 -2.09725
upperneck -1.11885 -12.6527 7.76095
head 1.54132 -6.20153 2.39267
lclavicle -2.52131e-14 -1.00332e-14 -7.44835e-31
lhumerus -45.6407 -40.2745 105.577
lradius 59.8209 -0 0
lwrist 20.889 0 0
lhand 11.5706 11.7744 -0.0135233
lfingers 7.12502 -0 0
lthumb 36.6083 37.8853 -0.0308929
rclavicle -2.52131e-14 -1.00332e-14 -7.44835e-31
rhumerus -36.7357 48.0152 -69.0329
rradius 70.1494 -0 0
rwrist 15.3955 0 0
rhand -1.70841 -4.606 -0.171088
rfingers 7.12502 -0 0
rthumb 23.9196 -32.7437 -0.0605113
292
root 8.5007 15.6376 -24.3121 10.8175 55.136 10.4751
lfemur -21.6319 19.8525 -17.5385
ltibia 49.9628 -0 0
lfoot -17.2513 -20.7135 0.00712455
ltoes 56.5224 -0 0
rfemur -42.3602 -16.7293 25.5801
rtibia 57.5786 -0 0
rfoot 16.436 6.29336 0.203234
rtoes 1.77159 -0 0
lowerback 7.37928 -3.15367 -6.32157
upperback 3.48661 -4.49828 -2.16819
thorax -0.145265 -2.2349 1.58771
lowerneck -6.74485 -9.57772 -2.10749
upperneck -1.21406 -12.7207 7.94461
head 1.51349 -6.23548 2.45415
lclavicle -2.57245e-14 -1.03007e-14 -7.16188e-31
lhumerus -45.4517 -40.4233 105.187
lradius 59.7772 -0 0
lwrist 20.9204 0 0
lhand 11.6952 11.7545 -0.0130031
lfingers 7.12502 -0 0
lthumb 36.7264 37.8373 -0.0297045
rclavicle -2.57245e-14 -1.03007e-14 -7.16188e-31
rhumerus -36.6026 49.4495 -69.0792
rradius 70.8428 -0 0
rwrist 14.6791 0 0
rhand -1.25958 -4.67601 -0.164487
rfingers 7.12502 -0 0
rthumb 24.3508 -32.7695 -0.0581773
293
root 8.53636 15.6246 -24.2774 10.8975 55.3406 10.8143
lfemur -21.2781 19.7988 -17.5633
ltibia 50.1063 -0 0
lfoot -17.2552 -21.06 0.00681528
ltoes 56.6603 -0 0
rfemur -43.1623 -17.0975 26.3252
rtibia 57.5919 -0 0
rfoot 16.4885 7.03068 0.194357
rtoes 1.6333 -0 0
lowerback 7.5365 -3.15947 -6.46766
upperback 3.5955 -4.5202 -2.29735
thorax -0.117304 -2.24806 1.54257
lowerneck -6.66578 -9.63004 -2.1178
upperneck -1.30953 -12.7885 8.12845
head 1.48562 -6.26939 2.51565
lclavicle -2.62359e-14 -1.05681e-14 -6.85153e-31
lhumerus -45.261 -40.5711 104.795
lradius 59.7336 -0 0
lwrist 20.9518 0 0
lhand 11.8198 11.7346 -0.0124395
lfingers 7.12502 -0 0
lthumb 36.8446 37.7893 -0.028417
rclavicle -2.62359e-14 -1.05681e-14 -6.85153e-31
rhumerus -36.4674 50.8838 -69.1217
rradius 71.5363 -0 0
rwrist 13.9626 0 0
rhand -0.810755 -4.74597 -0.157338
rfingers 7.12502 -0 0
rthumb 24.7821 -32.7952 -0.0556494
294
root 8.57202 15.6116 -24.2426 10.98 55.5448 11.1559
lfemur -20.9245 19.7452 -17.5884
ltibia 50.2499 -0 0
lfoot -17.2591 -21.4065 0.00648227
ltoes 56.7983 -0 0
rfemur -43.9709 -17.4557 27.0772
rtibia 57.6052 -0 0
rfoot 16.541 7.76799 0.184804
rtoes 1.49501 -0 0
lowerback 7.69374 -3.16487 -6.61377
upperback 3.70445 -4.54188 -2.42656
thorax -0.0893324 -2.2612 1.49742
lowerneck -6.58669 -9.68235 -2.12818
upperneck -1.40524 -12.856 8.31245
head 1.45772 -6.30328 2.57717
lclavicle -2.67474e-14 -1.08356e-14 -6.51731e-31
lhumerus -45.0685 -40.7178 104.402
lradius 59.6899 -0 0
lwrist 20.9832 0 0
lhand 11.9445 11.7147 -0.0118325
lfingers 7.12502 -0 0
lthumb 36.9628 37.7413 -0.0270304
rclavicle -2.67474e-14 -1.08356e-14 -6.51731e-31
rhumerus -36.3295 52.3182 -69.16
rradius 72.2297 -0 0
rwrist 13.2462 0 0
rhand -0.361942 -4.81586 -0.149641
rfingers 7.12502 -0 0
rthumb 25.2134 -32.8209 -0.0529278
295
root 8.60767 15.5986 -24.2079 11.0651 55.7488 11.4997
lfemur -20.5709 19.6918 -17.6139
ltibia 50.3934 -0 0
lfoot -17.2631 -21.753 0.00612554
ltoes 56.9362 -0 0
rfemur -44.786 -17.8036 27.8359
rtibia 57.6185 -0 0
rfoot 16.5933 8.5053 0.174576
rtoes 1.35672 -0 0
lowerback 7.85099 -3.16987 -6.75989
upperback 3.81344 -4.5633 -2.55581
thorax -0.0613504 -2.27432 1.45227
lowerneck -6.50758 -9.73464 -2.13864
upperneck -1.5012 -12.9231 8.49661
head 1.42977 -6.33714 2.63871
lclavicle -2.72588e-14 -1.1103e-14 -6.15922e-31
lhumerus -44.8743 -40.8636 104.008
lradius 59.6462 -0 0
lwrist 21.0146 0 0
lhand 12.0691 11.6947 -0.0111823
lfingers 7.12502 -0 0
lthumb 37.0809 37.6933 -0.0255449
rclavicle -2.72588e-14 -1.1103e-14 -6.15922e-31
rhumerus -36.1886 53.7527 -69.1938
rradius 72.9232 -0 0
rwrist 12.5298 0 0
rhand 0.0868605 -4.8857 -0.141397
rfingers 7.12502 -0 0
rthumb 25.6446 -32.8467 -0.0500126
296
root 8.64333 15.5856 -24.1731 11.1528 55.9524 11.8459
lfemur -20.2173 19.6385 -17.6397
ltibia 50.5369 -0 0
lfoot -17.267 -22.0994 0.0057451
ltoes 57.0742 -0 0
rfemur -45.6074 -18.1413 28.6011
rtibia 57.6318 -0 0
rfoot 16.6455 9.24259 0.163677
rtoes 1.21843 -0 0
lowerback 8.00825 -3.17447 -6.90603
upperback 3.92249 -4.58449 -2.6851
thorax -0.033358 -2.28741 1.40711
lowerneck -6.42845 -9.78692 -2.14918
upperneck -1.59741 -12.99 8.68094
head 1.40179 -6.37096 2.70027
lclavicle -2.77702e-14 -1.13705e-14 -5.77725e-31
lhumerus -44.6783 -41.0084 103.612
lradius 59.6025 -0 0
lwrist 21.046 0 0
lhand 12.1937 11.6748 -0.0104887
lfingers 7.12502 -0 0
lthumb 37.1991 37.6453 -0.0239604
rclavicle -2.77702e-14 -1.13705e-14 -5.77725e-31
rhumerus -36.0441 55.1872 -69.2226
rradius 73.6166 -0 0
rwrist 11.8133 0 0
rhand 0.535653 -4.95547 -0.132606
rfingers 7.12502 -0 0
rthumb 26.0759 -32.8723 -0.0469039
297
root 8.67899 15.5726 -24.1384 11.2432 56.1558 12.1945
lfemur -19.8639 19.5854 -17.6658
ltibia 50.6804 -0 0
lfoot -17.2709 -22.4459 0.00534096
ltoes 57.2122 -0 0
rfemur -46.4351 -18.4683 29.3729
rtibia 57.6451 -0 0
rfoot 16.6975 9.97987 0.152107
rtoes 1.08014 -0 0
lowerback 8.16553 -3.17867 -7.05218
upperback 4.03159 -4.60543 -2.81444
thorax -0.00535523 -2.30048 1.36194
lowerneck -6.3493 -9.83918 -2.15979
upperneck -1.69387 -13.0566 8.86544
head 1.37377 -6.40476 2.76186
lclavicle -2.82816e-14 -1.16379e-14 -5.37141e-31
lhumerus -44.4806 -41.1521 103.214
lradius 59.5588 -0 0
lwrist 21.0774 0 0
lhand 12.3183 11.6549 -0.00975171
lfingers 7.12502 -0 0
lthumb 37.3173 37.5973 -0.022277
rclavicle -2.82816e-14 -1.16379e-14 -5.37141e-31
rhumerus -35.8956 56.6217 -69.2459
rradius 74.3101 -0 0
rwrist 11.0969 0 0
rhand 0.984434 -5.02517 -0.123268
rfingers 7.12502 -0 0
rthumb 26.5071 -32.898 -0.0436019
298
root 8.71464 15.5596 -24.1036 11.3363 56.3588 12.5455
lfemur -19.5106 19.5324 -17.6923
ltibia 50.8239 -0 0
lfoot -17.2748 -22.7924 0.00491315
ltoes 57.3501 -0 0
rfemur -47.2689 -18.7848 30.151
rtibia 57.6584 -0 0
rfoot 16.7494 10.7171 0.139868
rtoes 0.941853 -0 0
lowerback 8.32282 -3.18247 -7.19834
upperback 4.14074 -4.62612 -2.94382
thorax 0.0226579 -2.31354 1.31677
lowerneck -6.27012 -9.89143 -2.17047
upperneck -1.79056 -13.1228 9.05009
head 1.34571 -6.43853 2.82346
lclavicle -2.8793e-14 -1.19054e-14 -4.9417e-31
lhumerus -44.2811 -41.2948 102.815
lradius 59.5151 -0 0
lwrist 21.1088 0 0
lhand 12.443 11.635 -0.00897145
lfingers 7.12502 -0 0
lthumb 37.4354 37.5493 -0.0204945
rclavicle -2.8793e-14 -1.19054e-14 -4.9417e-31
rhumerus -35.7422 58.0563 -69.2631
rradius 75.0035 -0 0
rwrist 10.3805 0 0
rhand 1.4332 -5.09479 -0.113385
rfingers 7.12502 -0 0
rthumb 26.9384 -32.9236 -0.0401069
299
root 8.7503 15.5466 -24.0689 11.4321 56.5616 12.899
lfemur -19.1574 19.4796 -17.7191
ltibia 50.9675 -0 0
lfoot -17.2787 -23.1389 0.00446166
ltoes 57.4881 -0 0
rfemur -48.1088 -19.0904 30.9354
rtibia 57.6717 -0 0
rfoot 16.8011 11.4544 0.126962
rtoes 0.803564 -0 0
lowerback 8.48011 -3.18586 -7.34452
upperback 4.24994 -4.64657 -3.07325
thorax 0.0506813 -2.32657 1.27159
lowerneck -6.19092 -9.94366 -2.18123
upperneck -1.88751 -13.1888 9.23492
head 1.31762 -6.47227 2.88509
lclavicle -2.93045e-14 -1.21729e-14 -4.48811e-31
lhumerus -44.0798 -41.4364 102.415
lradius 59.4714 -0 0
lwrist 21.1402 0 0
lhand 12.5676 11.6151 -0.00814786
lfingers 7.12502 -0 0
lthumb 37.5536 37.5013 -0.0186131
rclavicle -2.93045e-14 -1.21729e-14 -4.48811e-31
rhumerus -35.5831 59.4909 -69.2735
rradius 75.697 -0 0
rwrist 9.66406 0 0
rhand 1.88196 -5.16433 -0.102957
rfingers 7.12502 -0 0
rthumb 27.3696 -32.9493 -0.036419
300
root 8.78596 15.5336 -24.0341 11.5308 56.764 13.255
lfemur -18.8042 19.4269 -17.7462
ltibia 51.111 -0 0
lfoot -17.2826 -23.4853 0.00398653
ltoes 57.626 -0 0
rfemur -48.9545 -19.3851 31.7259
rtibia 57.685 -0 0
rfoot 16.8527 12.1917 0.113392
rtoes 0.665275 -0 0
lowerback 8.63742 -3.18886 -7.4907
upperback 4.35919 -4.66677 -3.20272
thorax 0.078715 -2.33957 1.2264
lowerneck -6.1117 -9.99588 -2.19207
upperneck -1.9847 -13.2545 9.4199
head 1.28948 -6.50597 2.94673
lclavicle -2.98159e-14 -1.24403e-14 -4.01065e-31
lhumerus -43.8768 -41.577 102.013
lradius 59.4277 -0 0
lwrist 21.1716 0 0
lhand 12.6922 11.5951 -0.00728094
lfingers 7.12502 -0 0
lthumb 37.6717 37.4534 -0.0166327
rclavicle -2.98159e-14 -1.24403e-14 -4.01065e-31
rhumerus -35.4175 60.9255 -69.2761
rradius 76.3904 -0 0
rwrist 8.94763 0 0
rhand 2.3307 -5.23379 -0.0919852
rfingers 7.12502 -0 0
rthumb 27.8009 -32.9748 -0.0325385
301
root 8.82162 15.5206 -23.9994 11.6323 56.966 13.6136
lfemur -18.4512 19.3744 -17.7737
ltibia 51.2545 -0 0
lfoot -17.2865 -23.8318 0.00348777
ltoes 57.764 -0 0
rfemur -49.806 -19.6687 32.5223
rtibia 57.6984 -0 0
rfoot 16.9041 12.9289 0.0991599
rtoes 0.526986 -0 0
lowerback 8.79473 -3.19146 -7.63689
upperback 4.46848 -4.68672 -3.33223
thorax 0.106759 -2.35256 1.18121
lowerneck -6.03246 -10.0481 -2.20298
upperneck -2.08213 -13.3198 9.60506
head 1.26131 -6.53965 3.0084
lclavicle -3.03273e-14 -1.27078e-14 -3.50932e-31
lhumerus -43.672 -41.7165 101.609
lradius 59.384 -0 0
lwrist 21.203 0 0
lhand 12.8169 11.5752 -0.00637072
lfingers 7.12502 -0 0
lthumb 37.7899 37.4054 -0.0145533
rclavicle -3.03273e-14 -1.27078e-14 -3.50932e-31
rhumerus -35.2442 62.3601 -69.27
rradius 77.0838 -0 0
rwrist 8.2312 0 0
rhand 2.77943 -5.30316 -0.0804693
rfingers 7.12502 -0 0
rthumb 28.2321 -33.0004 -0.0284655
302
root 8.85727 15.5076 -23.9646 11.7367 57.1677 13.9748
lfemur -18.0982 19.3221 -17.8015
ltibia 51.398 -0 0
lfoot -17.2904 -24.1783 0.00296539
ltoes 57.9019 -0 0
rfemur -50.6631 -19.9411 33.3245
rtibia 57.7117 -0 0
rfoot 16.9553 13.6661 0.0842678
rtoes 0.388696 -0 0
lowerback 8.95205 -3.19365 -7.78308
upperback 4.57783 -4.70643 -3.46178
thorax 0.134813 -2.36552 1.13601
lowerneck -5.95319 -10.1003 -2.21396
upperneck -2.17981 -13.3848 9.79037
head 1.2331 -6.5733 3.07008
lclavicle -3.08387e-14 -1.29752e-14 -2.98412e-31
lhumerus -43.4655 -41.8549 101.204
lradius 59.3403 -0 0
lwrist 21.2344 0 0
lhand 12.9415 11.5553 -0.00541718
lfingers 7.12502 -0 0
lthumb 37.9081 37.3574 -0.0123751
rclavicle -3.08387e-14 -1.29752e-14 -2.98412e-31
rhumerus -35.0618 63.7947 -69.2537
rradius 77.7773 -0 0
rwrist 7.51477 0 0
rhand 3.22815 -5.37244 -0.0684105
rfingers 7.12502 -0 0
rthumb 28.6634 -33.0259 -0.0242003
303
root 8.89293 15.4946 -23.9299 11.844 57.3691 14.3386
lfemur -17.7453 19.2699 -17.8297
ltibia 51.5415 -0 0
lfoot -17.2943 -24.5248 0.00241942
ltoes 58.0399 -0 0
rfemur -51.5257 -20.2021 34.1324
rtibia 57.725 -0 0
rfoot 17.0063 14.4033 0.0687183
rtoes 0.250407 -0 0
lowerback 9.10938 -3.19545 -7.92929
upperback 4.68722 -4.72589 -3.59137
thorax 0.162878 -2.37846 1.0908
lowerneck -5.8739 -10.1525 -2.22503
upperneck -2.27772 -13.4496 9.97585
head 1.20485 -6.60692 3.13179
lclavicle -3.13501e-14 -1.32427e-14 -2.43504e-31
lhumerus -43.2572 -41.9923 100.797
lradius 59.2967 -0 0
lwrist 21.2658 0 0
lhand 13.0661 11.5354 -0.00442034
lfingers 7.12502 -0 0
lthumb 38.0262 37.3094 -0.0100979
rclavicle -3.13501e-14 -1.32427e-14 -2.43504e-31
rhumerus -34.8685 65.2292 -69.2256
rradius 78.4707 -0 0
rwrist 6.79834 0 0
rhand 3.67685 -5.44162 -0.0558094
rfingers 7.12502 -0 0
rthumb 29.0946 -33.0514 -0.0197431
304
root 8.92859 15.4816 -23.8951 11.9542 57.5701 14.7052
lfemur -17.3925 19.2179 -17.8582
ltibia 51.685 -0 0
lfoot -17.2982 -24.8713 0.00184987
ltoes 58.1778 -0 0
rfemur -52.3935 -20.4517 34.9456
rtibia 57.7383 -0 0
rfoot 17.057 15.1405 0.0525141
rtoes 0.112118 -0 0
lowerback 9.26671 -3.19684 -8.07549
upperback 4.79666 -4.74511 -3.72101
thorax 0.190952 -2.39138 1.04559
lowerneck -5.79459 -10.2046 -2.23616
upperneck -2.37588 -13.514 10.1615
head 1.17656 -6.6405 3.19352
lclavicle -3.18615e-14 -1.35101e-14 -1.86209e-31
lhumerus -43.0472 -42.1285 100.389
lradius 59.253 -0 0
lwrist 21.2972 0 0
lhand 13.1907 11.5155 -0.00338019
lfingers 7.12502 -0 0
lthumb 38.1444 37.2615 -0.00772174
rclavicle -3.18615e-14 -1.35101e-14 -1.86209e-31
rhumerus -34.6623 66.6638 -69.1836
rradius 79.1642 -0 0
rwrist 6.08192 0 0
rhand 4.12554 -5.5107 -0.0426671
rfingers 7.12502 -0 0
rthumb 29.5259 -33.0769 -0.0150942
305
root 8.96425 15.4686 -23.8604 12.0675 57.7706 15.0746
lfemur -17.0398 19.1661 -17.887
ltibia 51.8286 -0 0
lfoot -17.3021 -25.2177 0.00125677
ltoes 58.3158 -0 0
rfemur -53.2663 -20.6896 35.7641
rtibia 57.7516 -0 0
rfoot 17.1076 15.8777 0.0356577
rtoes -0.0261715 0 0
lowerback 9.42404 -3.19784 -8.2217
upperback 4.90614 -4.76407 -3.85068
thorax 0.219037 -2.40428 1.00037
lowerneck -5.71525 -10.2568 -2.24737
upperneck -2.47428 -13.5781 10.3473
head 1.14823 -6.67406 3.25527
lclavicle -3.2373e-14 -1.37776e-14 -1.26527e-31
lhumerus -42.8354 -42.2636 99.9789
lradius 59.2093 -0 0
lwrist 21.3286 0 0
lhand 13.3154 11.4956 -0.00229675
lfingers 7.12502 -0 0
lthumb 38.2625 37.2135 -0.00524672
rclavicle -3.2373e-14 -1.37776e-14 -1.26527e-31
rhumerus -34.4406 68.0982 -69.1253
rradius 79.8576 -0 0
rwrist 5.36549 0 0
rhand 4.5742 -5.57968 -0.0289841
rfingers 7.12502 -0 0
rthumb 29.9571 -33.1023 -0.0102539
306
root 8.9999 15.4556 -23.8256 12.1839 57.9708 15.4467
lfemur -16.6872 19.1144 -17.9161
ltibia 51.9721 -0 0
lfoot -17.306 -25.5642 0.000640141
ltoes 58.4537 -0 0
rfemur -54.1441 -20.9158 36.5877
rtibia 57.7649 -0 0
rfoot 17.158 16.6149 0.018152
rtoes -0.164461 0 0
lowerback 9.58137 -3.19843 -8.36792
upperback 5.01567 -4.7828 -3.9804
thorax 0.247132 -2.41715 0.955151
lowerneck -5.63589 -10.3089 -2.25866
upperneck -2.57292 -13.6419 10.5333
head 1.11986 -6.70758 3.31704
lclavicle -3.28844e-14 -1.4045e-14 -6.44569e-32
lhumerus -42.6218 -42.3976 99.5675
lradius 59.1656 -0 0
lwrist 21.36 0 0
lhand 13.44 11.4757 -0.00117002
lfingers 7.12502 -0 0
lthumb 38.3807 37.1655 -0.0026728
rclavicle -3.28844e-14 -1.4045e-14 -6.44569e-32
rhumerus -34.1998 69.5325 -69.0472
rradius 80.5511 -0 0
rwrist 4.64906 0 0
rhand 5.02286 -5.64855 -0.0147615
rfingers 7.12502 -0 0
rthumb 30.3884 -33.1277 -0.0052224
307
root 9.03556 15.4426 -23.7909 12.3034 58.1706 15.8217
lfemur -16.3346 19.0629 -17.9456
ltibia 52.1156 0 0
lfoot -17.3099 -25.9107 0
ltoes 58.5917 0 0
rfemur -55.0266 -21.1301 37.4161
rtibia 57.7782 0 0
rfoot 17.2081 17.352 0
rtoes -0.30275 0 0
lowerback 9.73871 -3.19862 -8.51413
upperback 5.12525 -4.80127 -4.11015
thorax 0.275237 -2.43 0.909921
lowerneck -5.55651 -10.361 -2.27002
upperneck -2.6718 -13.7054 10.7194
head 1.09146 -6.74108 3.37883
lclavicle -3.33958e-14 -1.43125e-14 0
lhumerus -42.4065 -42.5304 99.1545
lradius 59.1219 0 0
lwrist 21.3914 0 0
lhand 13.5646 11.4558 0
lfingers 7.12502 0 0
lthumb 38.4988 37.1176 0
rclavicle -3.33958e-14 -1.43125e-14 0
rhumerus -33.9357 70.9667 -68.9449
rradius 81.2445 0 0
rwrist 3.93263 0 0
rhand 5.47149 -5.7173 0
rfingers 7.12502 0 0
rthumb 30.8196 -753.153 0
308
root 9.01396 15.4579 -23.7247 12.0501 57.3591 15.3742
lfemur -16.1026 19.1935 -17.7335
ltibia 51.5815 -0 0
lfoot -17.7128 -24.3962 -0.103532
ltoes 56.6373 -0 0
rfemur -54.5137 -20.6067 35.4882
rtibia 57.6745 -0 0
rfoot 16.8208 15.8561 0.0982332
rtoes 1.27868 -0 0
lowerback 9.60218 -3.08236 -8.28819
upperback 5.07182 -4.62287 -3.98653
thorax 0.278627 -2.34002 0.895875
lowerneck -5.45053 -10.4549 -2.04828
upperneck -2.86116 -13.8246 10.5399
head 0.98718 -6.81365 3.29898
lclavicle -3.63502e-14 -1.29111e-14 6.86511e-31
lhumerus -42.7191 -43.143 99.847
lradius 59.1605 -0 0
lwrist 21.1018 0 0
lhand 13.6184 11.5518 0.000856172
lfingers 7.12502 -0 0
lthumb 38.5495 37.1991 0.000685146
rclavicle -3.63502e-14 -1.29111e-14 6.86511e-31
rhumerus -30.379 67.9723 -66.0787
rradius 81.1512 -0 0
rwrist 3.14437 0 0
rhand 2.7201 -7.62525 0.983105
rfingers 7.12502 -0 0
rthumb 28.176 -35.1207 0.970222
309
root 8.99235 15.4732 -23.6585 11.8138 56.5465 14.9429
lfemur -15.8698 19.3233 -17.5206
ltibia 51.0474 -0 0
lfoot -18.1184 -22.881 -0.196375
ltoes 54.6829 -0 0
rfemur -54.0216 -20.0675 33.5721
rtibia 57.5707 -0 0
rfoot 16.431 14.3595 0.18632
rtoes 2.86012 -0 0
lowerback 9.46613 -2.96556 -8.06255
upperback 5.01878 -4.44436 -3.86311
thorax 0.281994 -2.25004 0.881835
lowerneck -5.34488 -10.5492 -1.82666
upperneck -3.05023 -13.9443 10.3608
head 0.882983 -6.88636 3.21925
lclavicle -3.93047e-14 -1.15096e-14 1.30076e-30
lhumerus -43.0452 -43.7528 100.551
lradius 59.1991 -0 0
lwrist 20.8123 0 0
lhand 13.6721 11.6479 0.00162225
lfingers 7.12502 -0 0
lthumb 38.6002 37.2807 0.00129819
rclavicle -3.93047e-14 -1.15096e-14 1.30076e-30
rhumerus -27.5846 64.9271 -63.9818
rradius 81.0578 -0 0
rwrist 2.35611 0 0
rhand -0.0636157 -9.57897 1.87294
rfingers 7.12502 -0 0
rthumb 25.4996 -37.1319 1.84808
310
root 8.97075 15.4885 -23.5923 11.5933 55.7331 14.5266
lfemur -15.6364 19.4522 -17.307
ltibia 50.5132 -0 0
lfoot -18.5262 -21.3652 -0.278461
ltoes 52.7285 -0 0
rfemur -53.5506 -19.5133 31.6674
rtibia 57.467 -0 0
rfoot 16.0391 12.8624 0.264195
rtoes 4.44155 -0 0
lowerback 9.33055 -2.84823 -7.83721
upperback 4.96614 -4.26574 -3.73988
thorax 0.28534 -2.16006 0.8678
lowerneck -5.23957 -10.6439 -1.60514
upperneck -3.23901 -14.0646 10.182
head 0.778869 -6.95922 3.13963
lclavicle -4.22591e-14 -1.01082e-14 1.84274e-30
lhumerus -43.3851 -44.3596 101.267
lradius 59.2377 -0 0
lwrist 20.5227 0 0
lhand 13.7259 11.7439 0.00229821
lfingers 7.12502 -0 0
lthumb 38.6508 37.3622 0.00183912
rclavicle -4.22591e-14 -1.01082e-14 1.84274e-30
rhumerus -25.3108 61.8482 -62.4139
rradius 80.9645 -0 0
rwrist 1.56785 0 0
rhand -2.87768 -11.5748 2.66633
rfingers 7.12502 -0 0
rthumb 22.7925 -39.183 2.63053
311
root 8.94914 15.5038 -23.5261 11.3876 54.9187 14.1241
lfemur -15.4023 19.5804 -17.0927
ltibia 49.9791 -0 0
lfoot -18.9361 -19.8489 -0.349728
ltoes 50.7741 -0 0
rfemur -53.101 -18.9446 29.7742
rtibia 57.3633 -0 0
rfoot 15.6453 11.3648 0.331803
rtoes 6.02298 -0 0
lowerback 9.19545 -2.73037 -7.61218
upperback 4.9139 -4.087 -3.61685
thorax 0.288663 -2.07007 0.853772
lowerneck -5.13461 -10.739 -1.38373
upperneck -3.42751 -14.1854 10.0035
head 0.674838 -7.03223 3.06014
lclavicle -4.52136e-14 -8.70678e-15 2.31246e-30
lhumerus -43.7392 -44.9633 101.996
lradius 59.2763 -0 0
lwrist 20.2332 0 0
lhand 13.7796 11.84 0.00288407
lfingers 7.12502 -0 0
lthumb 38.7015 37.4437 0.00230793
rclavicle -4.52136e-14 -8.70678e-15 2.31246e-30
rhumerus -23.4053 58.7457 -61.224
rradius 80.8711 -0 0
rwrist 0.779584 0 0
rhand -5.71963 -13.6085 3.36036
rfingers 7.12502 -0 0
rthumb 20.0573 -41.2702 3.3148
312
root 8.92754 15.5191 -23.4599 11.1957 54.1036 13.7346
lfemur -15.1675 19.7077 -16.8777
ltibia 49.445 -0 0
lfoot -19.3477 -18.332 -0.410122
ltoes 48.8197 -0 0
rfemur -52.6729 -18.3623 27.8921
rtibia 57.2595 -0 0
rfoot 15.2499 9.86673 0.389094
rtoes 7.60441 -0 0
lowerback 9.06083 -2.61198 -7.38744
upperback 4.86206 -3.90815 -3.494
thorax 0.291964 -1.98009 0.83975
lowerneck -5.02998 -10.8344 -1.16242
upperneck -3.61571 -14.3069 9.82528
head 0.570891 -7.10538 2.98076
lclavicle -4.8168e-14 -7.30535e-15 2.70991e-30
lhumerus -44.108 -45.5637 102.738
lradius 59.3149 -0 0
lwrist 19.9436 0 0
lhand 13.8334 11.9361 0.0033798
lfingers 7.12502 -0 0
lthumb 38.7522 37.5252 0.00270463
rclavicle -4.8168e-14 -7.30535e-15 2.70991e-30
rhumerus -21.7682 55.6266 -60.3134
rradius 80.7778 -0 0
rwrist -0.0086775 0 0
rhand -8.5865 -15.6757 3.95238
rfingers 7.12502 -0 0
rthumb 17.297 -43.3892 3.89834
313
root 8.90593 15.5345 -23.3936 11.0167 53.2878 13.3572
lfemur -14.932 19.8341 -16.6619
ltibia 48.9108 -0 0
lfoot -19.7608 -16.8147 -0.459598
ltoes 46.8652 -0 0
rfemur -52.2666 -17.767 26.0209
rtibia 57.1558 -0 0
rfoot 14.853 8.36829 0.436026
rtoes 9.18585 -0 0
lowerback 8.92668 -2.49307 -7.163
upperback 4.81061 -3.7292 -3.37134
thorax 0.295242 -1.8901 0.825733
lowerneck -4.9257 -10.9303 -0.941228
upperneck -3.80363 -14.4289 9.6474
head 0.467027 -7.17868 2.9015
lclavicle -5.11224e-14 -5.90392e-15 3.0351e-30
lhumerus -44.4921 -46.1606 103.494
lradius 59.3535 -0 0
lwrist 19.6541 0 0
lhand 13.8871 12.0321 0.00378541
lfingers 7.12502 -0 0
lthumb 38.8029 37.6068 0.00302921
rclavicle -5.11224e-14 -5.90392e-15 3.0351e-30
rhumerus -20.3313 52.4954 -59.6154
rradius 80.6845 -0 0
rwrist -0.796939 0 0
rhand -11.4749 -17.7715 4.44007
rfingers 7.12502 -0 0
rthumb 14.5152 -45.5353 4.37895
314
root 8.88433 15.5498 -23.3274 10.8499 52.4713 12.991
lfemur -14.6958 19.9598 -16.4455
ltibia 48.3767 -0 0
lfoot -20.175 -15.2972 -0.498117
ltoes 44.9108 -0 0
rfemur -51.8821 -17.1595 24.1604
rtibia 57.052 -0 0
rfoot 14.4551 6.86955 0.472564
rtoes 10.7673 -0 0
lowerback 8.79302 -2.37363 -6.93887
upperback 4.75956 -3.55013 -3.24887
thorax 0.298499 -1.80011 0.811723
lowerneck -4.82176 -11.0266 -0.720138
upperneck -3.99126 -14.5515 9.46984
head 0.363246 -7.25212 2.82237
lclavicle -5.40769e-14 -4.50249e-15 3.28803e-30
lhumerus -44.8918 -46.754 104.264
lradius 59.3921 -0 0
lwrist 19.3645 0 0
lhand 13.9409 12.1282 0.00410089
lfingers 7.12502 -0 0
lthumb 38.8536 37.6883 0.00328166
rclavicle -5.40769e-14 -4.50249e-15 3.28803e-30
rhumerus -19.0469 49.3554 -59.0837
rradius 80.5911 -0 0
rwrist -1.5852 0 0
rhand -14.381 -19.8905 4.82148
rfingers 7.12502 -0 0
rthumb 11.7156 -47.7036 4.75477
315
root 8.86272 15.5651 -23.2612 10.6946 51.6541 12.6352
lfemur -14.4589 20.0846 -16.2283
ltibia 47.8426 -0 0
lfoot -20.5901 -13.7793 -0.525652
ltoes 42.9564 -0 0
rfemur -51.5197 -16.5404 22.3102
rtibia 56.9483 -0 0
rfoot 14.0564 5.37059 0.498682
rtoes 12.3487 -0 0
lowerback 8.65983 -2.25367 -6.71503
upperback 4.7089 -3.37095 -3.12659
thorax 0.301733 -1.71012 0.797718
lowerneck -4.71817 -11.1233 -0.499154
upperneck -4.1786 -14.6746 9.29259
head 0.259551 -7.3257 2.74335
lclavicle -5.70313e-14 -3.10106e-15 3.46869e-30
lhumerus -45.3076 -47.3435 105.048
lradius 59.4307 -0 0
lwrist 19.075 0 0
lhand 13.9947 12.2242 0.00432623
lfingers 7.12502 -0 0
lthumb 38.9043 37.7698 0.00346198
rclavicle -5.70313e-14 -3.10106e-15 3.46869e-30
rhumerus -17.8799 46.209 -58.6849
rradius 80.4978 -0 0
rwrist -2.37346 0 0
rhand -17.3007 -22.0272 5.09506
rfingers 7.12502 -0 0
rthumb 8.90236 -49.8887 5.02429
316
root 8.84112 15.5804 -23.195 10.55 50.8364 12.2892
lfemur -14.2213 20.2085 -16.0103
ltibia 47.3085 -0 0
lfoot -21.0058 -12.2613 -0.542182
ltoes 41.002 -0 0
rfemur -51.1794 -15.9104 20.4699
rtibia 56.8445 -0 0
rfoot 13.6571 3.87148 0.514361
rtoes 13.9301 -0 0
lowerback 8.52712 -2.13319 -6.49149
upperback 4.65863 -3.19167 -3.00448
thorax 0.304945 -1.62013 0.783719
lowerneck -4.61493 -11.2203 -0.278274
upperneck -4.36565 -14.7983 9.11566
head 0.155939 -7.39942 2.66446
lclavicle -5.99858e-14 -1.69963e-15 3.57708e-30
lhumerus -45.7402 -47.9291 105.848
lradius 59.4693 -0 0
lwrist 18.7854 0 0
lhand 14.0484 12.3203 0.00446144
lfingers 7.12502 -0 0
lthumb 38.955 37.8514 0.00357017
rclavicle -5.99858e-14 -1.69963e-15 3.57708e-30
rhumerus -16.8046 43.0579 -58.395
rradius 80.4044 -0 0
rwrist -3.16172 0 0
rhand -20.2297 -24.1759 5.25966
rfingers 7.12502 -0 0
rthumb 6.07993 -52.0852 5.18645
317
root 8.81952 15.5957 -23.1288 10.4156 50.0182 11.9524
lfemur -13.983 20.3316 -15.7917
ltibia 46.7744 -0 0
lfoot -21.4218 -10.7433 -0.547693
ltoes 39.0476 -0 0
rfemur -50.8612 -15.2703 18.6392
rtibia 56.7408 -0 0
rfoot 13.2576 2.3723 0.519588
rtoes 15.5116 -0 0
lowerback 8.3949 -2.01219 -6.26824
upperback 4.60875 -3.01228 -2.88255
thorax 0.308135 -1.53014 0.769725
lowerneck -4.51203 -11.3178 -0.0574987
upperneck -4.55241 -14.9225 8.93905
head 0.0524123 -7.47329 2.58568
lclavicle -6.29402e-14 -2.982e-16 3.61322e-30
lhumerus -46.1901 -48.5105 106.663
lradius 59.5078 -0 0
lwrist 18.4959 0 0
lhand 14.1022 12.4164 0.00450651
lfingers 7.12502 -0 0
lthumb 39.0057 37.9329 0.00360624
rclavicle -6.29402e-14 -2.982e-16 3.61322e-30
rhumerus -15.8012 39.9036 -58.1959
rradius 80.3111 -0 0
rwrist -3.94998 0 0
rhand -23.1633 -26.3307 5.31461
rfingers 7.12502 -0 0
rthumb 3.25285 -54.2875 5.24057
318
root 8.79791 15.611 -23.0626 10.2907 49.1995 11.6241
lfemur -13.7441 20.4539 -15.5723
ltibia 46.2402 -0 0
lfoot -21.8379 -9.22519 -0.542182
ltoes 37.0932 -0 0
rfemur -50.5654 -14.6208 16.8178
rtibia 56.6371 -0 0
rfoot 12.858 0.873115 0.514361
rtoes 17.093 -0 0
lowerback 8.26316 -1.89068 -6.04529
upperback 4.55927 -2.83278 -2.7608
thorax 0.311303 -1.44015 0.755737
lowerneck -4.40948 -11.4156 0.163173
upperneck -4.73889 -15.0473 8.76275
head -0.0510295 -7.54729 2.50703
lclavicle -6.58946e-14 1.10323e-15 3.57708e-30
lhumerus -46.6577 -49.0875 107.495
lradius 59.5464 -0 0
lwrist 18.2063 0 0
lhand 14.156 12.5124 0.00446144
lfingers 7.12502 -0 0
lthumb 39.0563 38.0144 0.00357017
rclavicle -6.58946e-14 1.10323e-15 3.57708e-30
rhumerus -14.8542 36.7472 -58.0742
rradius 80.2178 -0 0
rwrist -4.73825 0 0
rhand -26.0968 -28.4854 5.25966
rfingers 7.12502 -0 0
rthumb 0.425769 -56.4898 5.18645
319
root 8.77631 15.6263 -22.9964 10.175 48.3804 11.3038
lfemur -13.5044 20.5752 -15.3523
ltibia 45.7061 -0 0
lfoot -22.2536 -7.70719 -0.525652
ltoes 35.1388 -0 0
rfemur -50.2918 -13.9626 15.0051
rtibia 56.5333 -0 0
rfoot 12.4587 -0.625994 0.498682
rtoes 18.6744 -0 0
lowerback 8.1319 -1.76866 -5.82264
upperback 4.51017 -2.65318 -2.63922
thorax 0.314449 -1.35016 0.741754
lowerneck -4.30728 -11.5139 0.383743
upperneck -4.92507 -15.1727 8.58678
head -0.154386 -7.62144 2.4285
lclavicle -6.88491e-14 2.50466e-15 3.46869e-30
lhumerus -47.1438 -49.66 108.344
lradius 59.585 -0 0
lwrist 17.9167 0 0
lhand 14.2097 12.6085 0.00432623
lfingers 7.12502 -0 0
lthumb 39.107 38.096 0.00346198
rclavicle -6.88491e-14 2.50466e-15 3.46869e-30
rhumerus -13.9513 33.5897 -58.0198
rradius 80.1244 -0 0
rwrist -5.52651 0 0
rhand -29.0258 -30.6341 5.09506
rfingers 7.12502 -0 0
rthumb -2.39666 -58.6863 5.02429
320
root 8.7547 15.6416 -22.9302 10.0679 47.5608 10.991
lfemur -13.2641 20.6958 -15.1315
ltibia 45.172 -0 0
lfoot -22.6687 -6.18936 -0.498117
ltoes 33.1844 -0 0
rfemur -50.0405 -13.2962 13.2007
rtibia 56.4296 -0 0
rfoot 12.06 -2.12495 0.472564
rtoes 20.2559 -0 0
lowerback 8.00112 -1.64613 -5.60028
upperback 4.46146 -2.47348 -2.51781
thorax 0.317573 -1.26016 0.727777
lowerneck -4.20543 -11.6125 0.604211
upperneck -5.11097 -15.2986 8.41112
head -0.257657 -7.69573 2.35009
lclavicle -7.18035e-14 3.90609e-15 3.28803e-30
lhumerus -47.6488 -50.2276 109.21
lradius 59.6236 -0 0
lwrist 17.6272 0 0
lhand 14.2635 12.7045 0.00410089
lfingers 7.12502 -0 0
lthumb 39.1577 38.1775 0.00328166
rclavicle -7.18035e-14 3.90609e-15 3.28803e-30
rhumerus -13.0825 30.4319 -58.0249
rradius 80.0311 -0 0
rwrist -6.31477 0 0
rhand -31.9455 -32.7708 4.82148
rfingers 7.12502 -0 0
rthumb -5.20988 -60.8714 4.75477
321
root 8.7331 15.6569 -22.864 9.96894 46.7409 10.6852
lfemur -13.0231 20.8154 -14.91
ltibia 44.6379 -0 0
lfoot -23.0829 -4.67178 -0.459598
ltoes 31.23 -0 0
rfemur -49.8115 -12.6226 11.4042
rtibia 56.3258 -0 0
rfoot 11.6621 -3.62369 0.436026
rtoes 21.8373 -0 0
lowerback 7.87083 -1.5231 -5.37822
upperback 4.41314 -2.29367 -2.39657
thorax 0.320675 -1.17017 0.713806
lowerneck -4.10393 -11.7115 0.824578
upperneck -5.29658 -15.4251 8.23578
head -0.360843 -7.77015 2.2718
lclavicle -7.4758e-14 5.30752e-15 3.0351e-30
lhumerus -48.1735 -50.7903 110.095
lradius 59.6622 -0 0
lwrist 17.3376 0 0
lhand 14.3173 12.8006 0.00378541
lfingers 7.12502 -0 0
lthumb 39.2084 38.259 0.00302921
rclavicle -7.4758e-14 5.30752e-15 3.0351e-30
rhumerus -12.2394 27.2745 -58.0837
rradius 79.9377 -0 0
rwrist -7.10303 0 0
rhand -34.8516 -34.8898 4.44007
rfingers 7.12502 -0 0
rthumb -8.00949 -63.0397 4.37895
322
root 8.71149 15.6723 -22.7978 9.87775 45.9206 10.386
lfemur -12.7814 20.9342 -14.6877
ltibia 44.1037 -0 0
lfoot -23.496 -3.15453 -0.410122
ltoes 29.2756 -0 0
rfemur -49.6048 -11.9423 9.61505
rtibia 56.2221 -0 0
rfoot 11.2653 -5.12213 0.389094
rtoes 23.4187 -0 0
lowerback 7.74103 -1.39956 -5.15645
upperback 4.3652 -2.11376 -2.27549
thorax 0.323754 -1.08017 0.699839
lowerneck -4.00279 -11.8109 1.04485
upperneck -5.48189 -15.5521 8.06076
head -0.463943 -7.84472 2.19364
lclavicle -7.77124e-14 6.70895e-15 2.70991e-30
lhumerus -48.7183 -51.3476 110.999
lradius 59.7008 -0 0
lwrist 17.0481 0 0
lhand 14.371 12.8966 0.0033798
lfingers 7.12502 -0 0
lthumb 39.2591 38.3406 0.00270463
rclavicle -7.77124e-14 6.70895e-15 2.70991e-30
rhumerus -11.4148 24.1182 -58.1918
rradius 79.8444 -0 0
rwrist -7.89129 0 0
rhand -37.74 -36.9856 3.95238
rfingers 7.12502 -0 0
rthumb -10.7913 -65.1858 3.89834
323
root 8.68989 15.6876 -22.7315 9.79395 45.1 10.093
lfemur -12.539 21.0521 -14.4648
ltibia 43.5696 -0 0
lfoot -23.9076 -1.63768 -0.349728
ltoes 27.3211 -0 0
rfemur -49.4204 -11.256 7.8328
rtibia 56.1183 -0 0
rfoot 10.8698 -6.62019 0.331803
rtoes 25.0002 -0 0
lowerback 7.61171 -1.27552 -4.93496
upperback 4.31765 -1.93375 -2.15458
thorax 0.326812 -0.99018 0.685878
lowerneck -3.902 -11.9106 1.26501
upperneck -5.66693 -15.6796 7.88606
head -0.566956 -7.91942 2.1156
lclavicle -8.06668e-14 8.11038e-15 2.31246e-30
lhumerus -49.2841 -51.8994 111.922
lradius 59.7394 -0 0
lwrist 16.7585 0 0
lhand 14.4248 12.9927 0.00288407
lfingers 7.12502 -0 0
lthumb 39.3098 38.4221 0.00230793
rclavicle -8.06668e-14 8.11038e-15 2.31246e-30
rhumerus -10.6024 20.9636 -58.3461
rradius 79.7511 -0 0
rwrist -8.67955 0 0
rhand -40.6069 -39.0528 3.36036
rfingers 7.12502 -0 0
rthumb -13.5516 -67.3048 3.3148
324
root 8.66828 15.7029 -22.6653 9.7172 44.2791 9.80582
lfemur -12.2959 21.1691 -14.2412
ltibia 43.0355 -0 0
lfoot -24.3175 -0.121307 -0.278461
ltoes 25.3667 -0 0
rfemur -49.2582 -10.5645 6.05694
rtibia 56.0146 -0 0
rfoot 10.476 -8.11782 0.264195
rtoes 26.5816 -0 0
lowerback 7.48287 -1.15098 -4.71377
upperback 4.27049 -1.75365 -2.03384
thorax 0.329847 -0.900185 0.671923
lowerneck -3.80156 -12.0107 1.48508
upperneck -5.85167 -15.8077 7.71167
head -0.669884 -7.99426 2.03768
lclavicle -8.36213e-14 9.51181e-15 1.84274e-30
lhumerus -49.8714 -52.4455 112.866
lradius 59.778 -0 0
lwrist 16.469 0 0
lhand 14.4785 13.0888 0.00229821
lfingers 7.12502 -0 0
lthumb 39.3605 38.5036 0.00183912
rclavicle -8.36213e-14 9.51181e-15 1.84274e-30
rhumerus -9.79676 17.8113 -58.5444
rradius 79.6577 -0 0
rwrist -9.46782 0 0
rhand -43.4488 -41.0865 2.66633
rfingers 7.12502 -0 0
rthumb -16.2868 -69.392 2.63053
325
root 8.64668 15.7182 -22.5991 9.64716 43.458 9.52406
lfemur -12.0521 21.2852 -14.0168
ltibia 42.5014 -0 0
lfoot -24.7253 1.3945 -0.196375
ltoes 23.4123 -0 0
rfemur -49.1181 -9.86834 4.28694
rtibia 55.9109 -0 0
rfoot 10.0841 -9.61494 0.18632
rtoes 28.163 -0 0
lowerback 7.35453 -1.02595 -4.49287
upperback 4.22371 -1.57344 -1.91325
thorax 0.332861 -0.810191 0.657972
lowerneck -3.70148 -12.1113 1.70505
upperneck -6.03612 -15.9363 7.53761
head -0.772724 -8.06923 1.95989
lclavicle -8.65757e-14 1.09132e-14 1.30076e-30
lhumerus -50.4809 -52.9854 113.831
lradius 59.8166 -0 0
lwrist 16.1794 0 0
lhand 14.5323 13.1848 0.00162225
lfingers 7.12502 -0 0
lthumb 39.4111 38.5851 0.00129819
rclavicle -8.65757e-14 1.09132e-14 1.30076e-30
rhumerus -8.99263 14.662 -58.7853
rradius 79.5644 -0 0
rwrist -10.2561 0 0
rhand -46.2629 -43.0823 1.87294
rfingers 7.12502 -0 0
rthumb -18.9939 -71.4431 1.84808
326
root 8.62507 15.7335 -22.5329 9.58354 42.6366 9.2474
lfemur -11.8077 21.4005 -13.7918
ltibia 41.9672 -0 0
lfoot -25.1309 2.90969 -0.103532
ltoes 21.4579 -0 0
rfemur -49.0002 -9.16828 2.52228
rtibia 55.8071 -0 0
rfoot 9.69434 -11.1115 0.0982332
rtoes 29.7445 -0 0
lowerback 7.22667 -0.900419 -4.27226
upperback 4.17731 -1.39313 -1.79282
thorax 0.335852 -0.720197 0.644027
lowerneck -3.60176 -12.2121 1.92493
upperneck -6.22028 -16.0655 7.36386
head -0.875478 -8.14434 1.88222
lclavicle -8.95302e-14 1.23147e-14 6.86511e-31
lhumerus -51.1133 -53.519 114.818
lradius 59.8552 -0 0
lwrist 15.8899 0 0
lhand 14.586 13.2809 0.000856172
lfingers 7.12502 -0 0
lthumb 39.4618 38.6667 0.000685146
rclavicle -8.95302e-14 1.23147e-14 6.86511e-31
rhumerus -8.1852 11.5162 -59.0682
rradius 79.471 -0 0
rwrist -11.0443 0 0
rhand -49.0466 -45.0361 0.983105
rfingers 7.12502 -0 0
rthumb -21.6703 -73.4543 0.970222
327
root 8.60347 15.7488 -22.4667 9.52607 41.815 8.97555
lfemur -11.5626 21.5148 -13.566
ltibia 41.4331 0 0
lfoot -25.5338 4.42417 0
ltoes 19.5035 0 0
rfemur -48.9044 -8.46498 0.762431
rtibia 55.7034 0 0
rfoot 9.30703 -12.6074 0
rtoes 31.3259 0 0
lowerback 7.0993 -0.774401 -4.05194
upperback 4.1313 -1.21273 -1.67254
thorax 0.338822 -0.630203 0.630087
lowerneck -3.5024 -12.3134 2.14471
upperneck -6.40416 -16.1952 7.19044
head -0.978145 -8.21959 1.80467
lclavicle -9.24846e-14 1.37161e-14 0
lhumerus -51.7693 -54.0459 115.827
lradius 59.8938 0 0
lwrist 15.6003 0 0
lhand 14.6398 13.3769 0
lfingers 7.12502 0 0
lthumb 39.5125 38.7482 0
rclavicle -9.24846e-14 1.37161e-14 0
rhumerus -7.36983 8.37462 -59.3931
rradius 79.3777 0 0
rwrist -11.8326 0 0
rhand -51.798 -46.944 0
rfingers 7.12502 0 0
rthumb -24.3139 -795.422 0
328
root 8.59837 15.7674 -22.3451 9.74844 40.9219 8.85958
lfemur -11.879 22.3586 -13.7466
ltibia 41.373 0 0
lfoot -22.8111 12.0804 0
ltoes -6.25371 0 0
rfemur -48.1673 -7.9921 -0.404652
rtibia 55.4317 0 0
rfoot 9.28539 -15.1136 0
rtoes 34.6148 0 0
lowerback 6.37192 -0.978164 -3.82888
upperback 3.96029 -1.44593 -1.57647
thorax 0.569659 -0.749337 0.606812
lowerneck -3.62936 -12.13 1.89812
upperneck -6.05405 -15.9722 7.16612
head -0.834565 -8.09124 1.80702
lclavicle 3.80176e-14 -6.75868e-15 0
lhumerus -51.257 -52.8041 115.311
lradius 59.8831 0 0
lwrist 15.0167 0 0
lhand 14.2965 13.5109 0
lfingers 7.12502 0 0
lthumb 39.189 38.9765 0
rclavicle 3.80176e-14 -6.75868e-15 0
rhumerus -8.24089 11.155 -58.984
rradius 80.1119 0 0
rwrist -8.1824 0 0
rhand -46.9537 -38.8608 0
rfingers 7.12502 0 0
rthumb -19.6628 -787.886 0
329
root 8.59249 15.7894 -22.2181 10.0692 39.9154 8.74866
lfemur -12.287 23.1961 -14.0008
ltibia 41.3051 0 0
lfoot -19.0349 17.1637 0
ltoes -21.4227 0 0
rfemur -47.6685 -7.80376 -1.20565
rtibia 55.2832 0 0
rfoot 9.10105 -17.425 0
rtoes 37.0327 0 0
lowerback 5.56182 -1.20888 -3.62448
upperback 3.7516 -1.71718 -1.48822
thorax 0.809649 -0.887318 0.581635
lowerneck -3.77864 -11.8886 1.56728
upperneck -5.675 -15.6704 7.17871
head -0.671689 -7.92137 1.83222
lclavicle -2.39536e-14 1.80894e-14 0
lhumerus -50.6768 -51.2634 114.641
lradius 59.8301 0 0
lwrist 14.5498 0 0
lhand 13.8439 13.5475 0
lfingers 7.12502 0 0
lthumb 38.7623 39.1352 0
rclavicle -2.39536e-14 1.80894e-14 0
rhumerus -9.07449 13.8493 -58.7747
rradius 80.9253 0 0
rwrist -4.81128 0 0
rhand -40.4183 -29.8606 0
rfingers 7.12502 0 0
rthumb -13.371 -779.412 0
330
root 8.58468 15.813 -22.0854 10.4534 38.7972 8.62779
lfemur -12.6834 23.8784 -14.2621
ltibia 41.1881 0 0
lfoot -15.6071 20.0242 0
ltoes -28.1191 0 0
rfemur -47.3963 -7.9013 -1.6416
rtibia 55.2658 0 0
rfoot 8.79919 -19.3896 0
rtoes 38.3329 0 0
lowerback 4.69882 -1.44483 -3.4493
upperback 3.51269 -1.99883 -1.39189
thorax 1.0501 -1.03051 0.574695
lowerneck -3.93455 -11.6034 1.18067
upperneck -5.29409 -15.3075 7.19918
head -0.505312 -7.7204 1.87119
lclavicle -2.23434e-13 2.18663e-14 0
lhumerus -50.0959 -49.4933 113.915
lradius 59.7305 0 0
lwrist 14.2806 0 0
lhand 13.2778 13.4958 0
lfingers 7.12502 0 0
lthumb 38.2281 39.2326 0
rclavicle -2.23434e-13 2.18663e-14 0
rhumerus -9.86253 16.2767 -58.8004
rradius 81.764 0 0
rwrist -1.89408 0 0
rhand -32.1083 -21.2545 0
rfingers 7.12502 0 0
rthumb -5.3533 -771.167 0
331
root 8.57293 15.8377 -21.9461 10.8431 37.577 8.46522
lfemur -12.9705 24.275 -14.4457
ltibia 40.993 0 0
lfoot -12.7299 21.6843 0
ltoes -31.1461 0 0
rfemur -47.319 -8.25444 -1.68593
rtibia 55.3633 0 0
rfoot 8.41304 -20.8818 0
rtoes 38.2772 0 0
lowerback 3.82717 -1.66105 -3.29785
upperback 3.25674 -2.25818 -1.28091
thorax 1.27937 -1.16236 0.589324
lowerneck -4.08898 -11.2936 0.785994
upperneck -4.93063 -14.909 7.20743
head -0.347568 -7.50255 1.91272
lclavicle -4.36332e-14 -9.93923e-15 0
lhumerus -49.5856 -47.6115 113.22
lradius 59.5853 0 0
lwrist 14.2967 0 0
lhand 12.6044 13.3929 0
lfingers 7.12502 0 0
lthumb 37.5921 39.302 0
rclavicle -4.36332e-14 -9.93923e-15 0
rhumerus -10.65 18.266 -59.1401
rradius 82.5495 0 0
rwrist 0.415191 0 0
rhand -22.5052 -13.923 0
rfingers 7.12502 0 0
rthumb 3.92096 -763.867 0
332
root 8.55644 15.8622 -21.8003 11.2052 36.2694 8.24668
lfemur -13.0881 24.3158 -14.5015
ltibia 40.7121 0 0
lfoot -10.2011 22.7955 0
ltoes -32.6269 0 0
rfemur -47.3957 -8.81666 -1.3662
rtibia 55.5505 0 0
rfoot 7.99756 -21.8782 0
rtoes 36.7827 0 0
lowerback 2.97145 -1.84449 -3.16237
upperback 2.99526 -2.47764 -1.15184
thorax 1.49515 -1.27398 0.62586
lowerneck -4.23601 -10.973 0.413611
upperneck -4.59632 -14.4933 7.1916
head -0.205629 -7.278 1.94915
lclavicle -3.65764e-14 -1.03368e-14 0
lhumerus -49.1689 -45.6999 112.597
lradius 59.3992 0 0
lwrist 14.617 0 0
lhand 11.8486 13.2608 0
lfingers 7.12502 0 0
lthumb 36.8775 39.3568 0
rclavicle -3.65764e-14 -1.03368e-14 0
rhumerus -11.4757 19.782 -59.797
rradius 83.2464 0 0
rwrist 2.07143 0 0
rhand -12.0263 -8.1556 0
rfingers 7.12502 0 0
rthumb 14.0317 -757.662 0
333
root 8.53412 15.886 -21.6475 11.4816 34.8848 7.95627
lfemur -12.9672 23.9713 -14.377
ltibia 40.3581 0 0
lfoot -7.81691 23.6803 0
ltoes -33.3881 0 0
rfemur -47.5552 -9.5175 -0.704288
rtibia 55.7861 0 0
rfoot 7.56653 -22.3979 0
rtoes 33.7423 0 0
lowerback 2.18204 -1.98144 -3.03308
upperback 2.74668 -2.63956 -1.00951
thorax 1.68701 -1.35629 0.676875
lowerneck -4.37583 -10.6546 0.0951235
upperneck -4.29223 -14.0788 7.14999
head -0.0813648 -7.05633 1.97416
lclavicle 1.14301e-13 -2.10712e-14 0
lhumerus -48.8602 -43.845 112.066
lradius 59.1806 0 0
lwrist 15.2407 0 0
lhand 11.0412 13.1312 0
lfingers 7.12502 0 0
lthumb 36.1132 39.4199 0
rclavicle 1.14301e-13 -2.10712e-14 0
rhumerus -12.3956 20.8079 -60.789
rradius 83.8325 0 0
rwrist 3.07075 0 0
rhand -1.51514 -4.18669 0
rfingers 7.12502 0 0
rthumb 24.1384 -752.688 0
334
root 8.50558 15.9087 -21.4883 11.6794 33.4423 7.58742
lfemur -12.6446 23.2624 -14.0781
ltibia 39.9632 0 0
lfoot -5.44954 24.4881 0
ltoes -33.7793 0 0
rfemur -47.7811 -10.3117 0.269728
rtibia 56.0275 0 0
rfoot 7.10969 -22.5075 0
rtoes 29.1499 0 0
lowerback 1.44897 -2.0705 -2.89092
upperback 2.51302 -2.74114 -0.860984
thorax 1.86101 -1.40766 0.726229
lowerneck -4.51374 -10.3463 -0.152914
upperneck -4.00948 -13.6778 7.0886
head 0.0289796 -6.84339 1.98524
lclavicle -2.80286e-14 -9.93923e-15 0
lhumerus -48.6551 -42.1056 111.624
lradius 58.9388 0 0
lwrist 16.1241 0 0
lhand 10.2155 13.0268 0
lfingers 7.12502 0 0
lthumb 35.3307 39.505 0
rclavicle -2.80286e-14 -9.93923e-15 0
rhumerus -13.4542 21.3705 -62.108
rradius 84.3077 0 0
rwrist 3.4905 0 0
rhand 8.01731 -2.12026 0
rfingers 7.12502 0 0
rthumb 33.2435 -749.069 0
335
root 8.44704 15.9387 -21.3109 11.3884 31.8174 6.93607
lfemur -11.9336 22.085 -13.2939
ltibia 40.2515 -0 0
lfoot -3.82234 24.9921 0.0721067
ltoes -32.1728 0 0
rfemur -47.5918 -10.9412 1.95525
rtibia 55.7916 -0 0
rfoot 6.24251 -21.6339 -0.0663669
rtoes 25.8925 -0 0
lowerback 1.17127 -2.01103 -2.66797
upperback 2.42509 -2.65737 -0.73389
thorax 1.92085 -1.36291 0.726351
lowerneck -4.70193 -10.066 -0.192398
upperneck -3.67647 -13.3249 6.98068
head 0.148877 -6.65579 1.95458
lclavicle -2.95782e-14 -8.45738e-15 2.0039e-31
lhumerus -48.5429 -40.9628 111.271
lradius 58.6753 -0 0
lwrist 16.513 0 0
lhand 9.56773 12.8104 0.0122464
lfingers 7.12502 -0 0
lthumb 34.7139 39.4124 0.00499072
rclavicle -2.95782e-14 -8.45738e-15 2.0039e-31
rhumerus -15.0202 21.0875 -64.1153
rradius 84.2436 -0 0
rwrist 3.42505 0 0
rhand 4.78351 -3.54164 0.414527
rfingers 7.12502 -0 0
rthumb 30.1408 -30.7621 0.473834
336
root 8.38851 15.9687 -21.1336 11.1237 30.1898 6.30529
lfemur -11.2457 20.8988 -12.5318
ltibia 40.5399 -0 0
lfoot -2.19456 25.498 0.129869
ltoes -30.5662 0 0
rfemur -47.421 -11.576 3.64235
rtibia 55.5557 -0 0
rfoot 5.37442 -20.7594 -0.119497
rtoes 22.6351 -0 0
lowerback 0.89382 -1.95048 -2.44532
upperback 2.33734 -2.5734 -0.606932
thorax 1.9807 -1.31817 0.726519
lowerneck -4.89015 -9.78593 -0.232782
upperneck -3.34463 -12.9714 6.87502
head 0.268633 -6.46811 1.92434
lclavicle -3.11278e-14 -6.97553e-15 3.60702e-31
lhumerus -48.4418 -39.8195 110.927
lradius 58.4119 -0 0
lwrist 16.9018 0 0
lhand 8.91992 12.5939 0.0220456
lfingers 7.12502 -0 0
lthumb 34.0971 39.3197 0.00898401
rclavicle -3.11278e-14 -6.97553e-15 3.60702e-31
rhumerus -16.5714 20.7537 -66.1094
rradius 84.1795 -0 0
rwrist 3.3596 0 0
rhand 1.54022 -4.98423 0.748091
rfingers 7.12502 -0 0
rthumb 27.0252 -32.4785 0.855136
337
root 8.32997 15.9988 -20.9562 10.8836 28.5599 5.6931
lfemur -10.5799 19.7044 -11.7906
ltibia 40.8283 -0 0
lfoot -0.566327 26.0053 0.173235
ltoes -28.9597 0 0
rfemur -47.2691 -12.2154 5.33146
rtibia 55.3198 -0 0
rfoot 4.50562 -19.8842 -0.159367
rtoes 19.3777 -0 0
lowerback 0.616615 -1.88885 -2.22297
upperback 2.24979 -2.48924 -0.480108
thorax 2.04054 -1.27342 0.726734
lowerneck -5.07841 -9.50594 -0.274065
upperneck -3.01392 -12.6174 6.77161
head 0.388249 -6.28038 1.89449
lclavicle -3.26775e-14 -5.49368e-15 4.80936e-31
lhumerus -48.3511 -38.6758 110.59
lradius 58.1484 -0 0
lwrist 17.2907 0 0
lhand 8.27207 12.3773 0.0293962
lfingers 7.12502 -0 0
lthumb 33.4803 39.227 0.0119794
rclavicle -3.26775e-14 -5.49368e-15 4.80936e-31
rhumerus -18.1057 20.3698 -68.0885
rradius 84.1154 -0 0
rwrist 3.29415 0 0
rhand -1.71069 -6.44349 0.999407
rfingers 7.12502 -0 0
rthumb 23.8993 -34.2132 1.14243
338
root 8.27143 16.0288 -20.7788 10.6666 26.9278 5.09766
lfemur -9.93524 18.502 -11.0696
ltibia 41.1166 -0 0
lfoot 1.06223 26.5137 0.202168
ltoes -27.3532 0 0
rfemur -47.1361 -12.8589 7.02304
rtibia 55.0839 -0 0
rfoot 3.63631 -19.0084 -0.185957
rtoes 16.1203 -0 0
lowerback 0.33966 -1.82615 -2.00093
upperback 2.16243 -2.40488 -0.35342
thorax 2.10038 -1.22868 0.726996
lowerneck -5.26673 -9.22608 -0.316247
upperneck -2.68431 -12.2627 6.67043
head 0.507725 -6.09257 1.86505
lclavicle -3.42271e-14 -4.01183e-15 5.61092e-31
lhumerus -48.2703 -37.5317 110.262
lradius 57.8849 -0 0
lwrist 17.6796 0 0
lhand 7.6242 12.1606 0.0342972
lfingers 7.12502 -0 0
lthumb 32.8635 39.1342 0.0139765
rclavicle -3.42271e-14 -4.01183e-15 5.61092e-31
rhumerus -19.6209 19.9368 -70.0508
rradius 84.0513 -0 0
rwrist 3.2287 0 0
rhand -4.96717 -7.91476 1.1675
rfingers 7.12502 -0 0
rthumb 20.7659 -35.9612 1.3346
339
root 8.21289 16.0588 -20.6014 10.4714 25.2939 4.51733
lfemur -9.31083 17.2922 -10.3676
ltibia 41.405 -0 0
lfoot 2.69097 27.0227 0.21664
ltoes -25.7466 0 0
rfemur -47.0224 -13.5059 8.71755
rtibia 54.848 -0 0
rfoot 2.76669 -18.1324 -0.199255
rtoes 12.8629 -0 0
lowerback 0.0629604 -1.76238 -1.77921
upperback 2.07526 -2.32033 -0.226867
thorax 2.16022 -1.18394 0.727304
lowerneck -5.45511 -8.94636 -0.359327
upperneck -2.35578 -11.9075 6.57147
head 0.627065 -5.9047 1.83601
lclavicle -3.57767e-14 -2.52998e-15 6.0117e-31
lhumerus -48.1988 -36.3873 109.94
lradius 57.6214 -0 0
lwrist 18.0685 0 0
lhand 6.97632 11.9439 0.0367478
lfingers 7.12502 -0 0
lthumb 32.2467 39.0415 0.0149751
rclavicle -3.57767e-14 -2.52998e-15 6.0117e-31
rhumerus -21.1152 19.4556 -71.9947
rradius 83.9872 -0 0
rwrist 3.16325 0 0
rhand -8.22704 -9.39326 1.25171
rfingers 7.12502 -0 0
rthumb 17.6278 -37.7172 1.43087
340
root 8.15436 16.0888 -20.4241 10.2968 23.6583 3.95056
lfemur -8.70585 16.0754 -9.68376
ltibia 41.6934 -0 0
lfoot 4.31979 27.5318 0.21664
ltoes -24.1401 0 0
rfemur -46.9282 -14.1559 10.4155
rtibia 54.6121 -0 0
rfoot 1.89697 -17.2563 -0.199255
rtoes 9.60555 -0 0
lowerback -0.213481 -1.69753 -1.5578
upperback 1.98828 -2.23559 -0.100451
thorax 2.22007 -1.13919 0.72766
lowerneck -5.64356 -8.66679 -0.403304
upperneck -2.0283 -11.5517 6.47472
head 0.74627 -5.71678 1.80738
lclavicle -3.73263e-14 -1.04814e-15 6.0117e-31
lhumerus -48.1363 -35.2425 109.625
lradius 57.3579 -0 0
lwrist 18.4573 0 0
lhand 6.32843 11.7272 0.0367478
lfingers 7.12502 -0 0
lthumb 31.6298 38.9487 0.0149751
rclavicle -3.73263e-14 -1.04814e-15 6.0117e-31
rhumerus -22.5869 18.9272 -73.9187
rradius 83.9232 -0 0
rwrist 3.0978 0 0
rhand -11.488 -10.8742 1.25171
rfingers 7.12502 -0 0
rthumb 14.4882 -39.4758 1.43087
341
root 8.09582 16.1188 -20.2467 10.1418 22.0212 3.39595
lfemur -8.11949 14.8517 -9.01731
ltibia 41.9818 -0 0
lfoot 5.94853 28.0408 0.202168
ltoes -22.5335 0 0
rfemur -46.8536 -14.8084 12.1172
rtibia 54.3762 -0 0
rfoot 1.02735 -16.3803 -0.185957
rtoes 6.34816 -0 0
lowerback -0.48966 -1.63163 -1.33672
upperback 1.90149 -2.15066 0.0258295
thorax 2.27991 -1.09445 0.728062
lowerneck -5.83209 -8.38736 -0.448179
upperneck -1.70184 -11.1954 6.38017
head 0.865342 -5.52879 1.77915
lclavicle -3.88759e-14 4.33714e-16 5.61092e-31
lhumerus -48.0822 -34.0975 109.315
lradius 57.0944 -0 0
lwrist 18.8462 0 0
lhand 5.68055 11.5105 0.0342972
lfingers 7.12502 -0 0
lthumb 31.013 38.856 0.0139765
rclavicle -3.88759e-14 4.33714e-16 5.61092e-31
rhumerus -24.0342 18.3526 -75.8216
rradius 83.8591 -0 0
rwrist 3.03235 0 0
rhand -14.7479 -12.3527 1.1675
rfingers 7.12502 -0 0
rthumb 11.3502 -41.2318 1.3346
342
root 8.03728 16.1488 -20.0693 10.0054 20.3828 2.85218
lfemur -7.55098 13.6217 -8.36739
ltibia 42.2701 -0 0
lfoot 7.57709 28.5492 0.173235
ltoes -20.927 0 0
rfemur -46.799 -15.4628 13.8234
rtibia 54.1403 -0 0
rfoot 0.158042 -15.5045 -0.159367
rtoes 3.09077 -0 0
lowerback -0.765575 -1.56465 -1.11596
upperback 1.8149 -2.06553 0.151973
thorax 2.33975 -1.0497 0.72851
lowerneck -6.02071 -8.10807 -0.49395
upperneck -1.37638 -10.8386 6.28779
head 0.984282 -5.34075 1.75132
lclavicle -4.04255e-14 1.91556e-15 4.80936e-31
lhumerus -48.0362 -32.9523 109.011
lradius 56.8309 -0 0
lwrist 19.2351 0 0
lhand 5.03268 11.2938 0.0293962
lfingers 7.12502 -0 0
lthumb 30.3962 38.7632 0.0119794
rclavicle -4.04255e-14 1.91556e-15 4.80936e-31
rhumerus -25.4558 17.7331 -77.7021
rradius 83.795 -0 0
rwrist 2.9669 0 0
rhand -18.0044 -13.824 0.999407
rfingers 7.12502 -0 0
rthumb 8.21673 -42.9798 1.14243
343
root 7.97874 16.1789 -19.8919 9.88673 18.7433 2.31804
lfemur -6.99962 12.3855 -7.73322
ltibia 42.5585 -0 0
lfoot 9.20532 29.0565 0.129869
ltoes -19.3205 0 0
rfemur -46.7645 -16.1184 15.5345
rtibia 53.9044 -0 0
rfoot -0.710761 -14.6293 -0.119497
rtoes -0.166618 0 0
lowerback -1.04122 -1.49662 -0.89554
upperback 1.7285 -1.98022 0.27798
thorax 2.39958 -1.00496 0.729006
lowerneck -6.20942 -7.82894 -0.540618
upperneck -1.05188 -10.4813 6.19759
head 1.10309 -5.15265 1.72389
lclavicle -4.19752e-14 3.39741e-15 3.60702e-31
lhumerus -47.9979 -31.8069 108.711
lradius 56.5674 -0 0
lwrist 19.624 0 0
lhand 4.38483 11.0772 0.0220456
lfingers 7.12502 -0 0
lthumb 29.7794 38.6705 0.00898401
rclavicle -4.19752e-14 3.39741e-15 3.60702e-31
rhumerus -26.8504 17.0698 -79.5594
rradius 83.7309 -0 0
rwrist 2.90145 0 0
rhand -21.2553 -15.2832 0.748091
rfingers 7.12502 -0 0
rthumb 5.09081 -44.7145 0.855136
344
root 7.92021 16.2089 -19.7146 9.78519 17.1029 1.79237
lfemur -6.4647 11.1436 -7.11405
ltibia 42.8469 -0 0
lfoot 10.8331 29.5624 0.0721067
ltoes -17.7139 0 0
rfemur -46.7503 -16.7747 17.2509
rtibia 53.6685 -0 0
rfoot -1.57885 -13.7548 -0.0663669
rtoes -3.42401 0 0
lowerback -1.31659 -1.42753 -0.675453
upperback 1.64229 -1.89472 0.403849
thorax 2.45942 -0.960218 0.729548
lowerneck -6.39824 -7.54996 -0.588182
upperneck -0.728329 -10.1235 6.10955
head 1.22177 -4.96451 1.69686
lclavicle -4.35248e-14 4.87926e-15 2.0039e-31
lhumerus -47.967 -30.6613 108.417
lradius 56.304 -0 0
lwrist 20.0128 0 0
lhand 3.73702 10.8607 0.0122464
lfingers 7.12502 -0 0
lthumb 29.1626 38.5778 0.00499072
rclavicle -4.35248e-14 4.87926e-15 2.0039e-31
rhumerus -28.2169 16.364 -81.3927
rradius 83.6668 -0 0
rwrist 2.836 0 0
rhand -24.4986 -16.7258 0.414527
rfingers 7.12502 -0 0
rthumb 1.97523 -46.4309 0.473834
345
root 7.86167 16.2389 -19.5372 9.70011 15.4616 1.27409
lfemur -5.9456 9.89612 -6.50917
ltibia 43.1352 0 0
lfoot 12.4603 30.0664 0
ltoes -16.1074 0 0
rfemur -46.7567 -17.4311 18.9732
rtibia 53.4326 0 0
rfoot -2.44603 -12.8812 0
rtoes -6.6814 0 0
lowerback -1.59169 -1.35738 -0.455707
upperback 1.55628 -1.80903 0.529581
thorax 2.51926 -0.915477 0.730137
lowerneck -6.58717 -7.27114 -0.636643
upperneck -0.405685 -9.76516 6.02366
head 1.34033 -4.77631 1.67023
lclavicle -4.50744e-14 6.36111e-15 0
lhumerus -47.9433 -29.5156 108.126
lradius 56.0405 0 0
lwrist 20.4017 0 0
lhand 3.08925 10.6443 0
lfingers 7.12502 0 0
lthumb 28.5458 38.4852 0
rclavicle -4.50744e-14 6.36111e-15 0
rhumerus -29.5543 15.617 -83.2014
rradius 83.6027 0 0
rwrist 2.77055 0 0
rhand -27.7324 -18.1472 0
rfingers 7.12502 0 0
rthumb -1.12744 -768.124 0
346
root 7.78295 16.2697 -19.3663 9.30892 13.8771 0.816619
lfemur -5.78726 9.25043 -5.86632
ltibia 44.7449 -0 0
lfoot 12.3404 29.0951 0.00101674
ltoes -8.6513 0 0
rfemur -45.8232 -17.778 20.2267
rtibia 52.8359 -0 0
rfoot -3.80764 -11.4292 -0.0172547
rtoes -5.67472 0 0
lowerback -1.40394 -1.27341 -0.346722
upperback 1.61341 -1.70262 0.638117
thorax 2.4707 -0.861611 0.788006
lowerneck -6.69951 -6.99916 -0.629929
upperneck -0.112575 -9.41431 5.83321
head 1.43109 -4.59676 1.61469
lclavicle -9.1441e-15 8.24955e-15 -5.92124e-31
lhumerus -47.7825 -28.8176 107.809
lradius 55.8715 -0 0
lwrist 19.818 0 0
lhand 2.38145 10.274 0.0022874
lfingers 7.12502 -0 0
lthumb 27.8691 38.2246 0.00153865
rclavicle -9.1441e-15 8.24955e-15 -5.92124e-31
rhumerus -30.7241 14.92 -84.6982
rradius 82.9562 -0 0
rwrist 3.53379 0 0
rhand -33.9404 -21.7091 0.193214
rfingers 7.12502 -0 0
rthumb -7.11912 -51.4815 0.175765
347
root 7.70423 16.3004 -19.1954 8.93319 12.2896 0.373163
lfemur -5.63653 8.60304 -5.22642
ltibia 46.3546 0 0
lfoot 12.2204 28.1238 0
ltoes -1.1952 0 0
rfemur -44.8961 -18.1443 21.4767
rtibia 52.2392 0 0
rfoot -5.16925 -9.97722 0
rtoes -4.66805 0 0
lowerback -1.21603 -1.1898 -0.237465
upperback 1.67073 -1.59632 0.746753
thorax 2.42219 -0.807697 0.845829
lowerneck -6.81175 -6.72716 -0.623755
upperneck 0.17906 -9.0625 5.64476
head 1.52166 -4.41713 1.55945
lclavicle 2.67862e-14 1.0138e-14 0
lhumerus -47.6272 -28.1189 107.496
lradius 55.7026 0 0
lwrist 19.2344 0 0
lhand 1.67365 9.90366 0
lfingers 7.12502 0 0
lthumb 27.1924 37.9641 0
rclavicle 2.67862e-14 1.0138e-14 0
rhumerus -31.8709 14.1939 -86.1752
rradius 82.3096 0 0
rwrist 4.29702 0 0
rhand -40.1484 -25.2709 0
rfingers 7.12502 0 0
rthumb -13.1108 -774.839 0
348
root 7.62365 16.3243 -19.0308 8.53969 10.8162 -0.0105951
lfemur -5.69393 8.25865 -4.60801
ltibia 48.2302 0 0
lfoot 12.3294 26.0847 0
ltoes 6.45103 0 0
rfemur -43.7702 -18.4464 22.4514
rtibia 51.6171 0 0
rfoot -6.64163 -8.47936 0
rtoes -3.63759 0 0
lowerback -0.948375 -1.1151 -0.193731
upperback 1.74012 -1.49967 0.854117
thorax 2.34309 -0.759811 0.939497
lowerneck -6.88269 -6.47745 -0.615155
upperneck 0.440531 -8.73789 5.45648
head 1.59737 -4.25278 1.50565
lclavicle 1.54058e-14 -2.38542e-15 0
lhumerus -47.4502 -27.5763 107.214
lradius 55.5983 0 0
lwrist 18.7454 0 0
lhand 0.925138 9.67515 0
lfingers 7.12502 0 0
lthumb 26.4762 37.8456 0
rclavicle 1.54058e-14 -2.38542e-15 0
rhumerus -32.9439 13.3749 -87.4253
rradius 81.648 0 0
rwrist 5.16975 0 0
rhand -44.3678 -30.5705 0
rfingers 7.12502 0 0
rthumb -17.1752 -779.831 0
349
root 7.54253 16.3437 -18.8708 8.14827 9.42614 -0.357441
lfemur -5.91172 8.13241 -4.00295
ltibia 50.2502 0 0
lfoot 12.6374 23.2568 0
ltoes 12.8824 0 0
rfemur -42.5525 -18.7157 23.2727
rtibia 50.9783 0 0
rfoot -8.14352 -6.994 0
rtoes -2.57335 0 0
lowerback -0.637742 -1.04244 -0.186248
upperback 1.81156 -1.40453 0.96141
thorax 2.24265 -0.713279 1.05352
lowerneck -6.93046 -6.24695 -0.603369
upperneck 0.679795 -8.43744 5.27793
head 1.66377 -4.1014 1.45479
lclavicle -2.40529e-14 1.70955e-14 0
lhumerus -47.2581 -27.1376 106.953
lradius 55.5442 0 0
lwrist 18.3532 0 0
lhand 0.185788 9.55885 0
lfingers 7.12502 0 0
lthumb 25.7683 37.8339 0
rclavicle -2.40529e-14 1.70955e-14 0
rhumerus -33.9752 12.4665 -88.4992
rradius 81.0217 0 0
rwrist 5.94647 0 0
rhand -47.1311 -36.3958 0
rfingers 7.12502 0 0
rthumb -19.8333 -785.404 0
350
root 7.48622 16.3375 -18.7512 8.05257 8.92055 -0.462642
lfemur -6.20928 8.13393 -3.99412
ltibia 50.3107 -0 0
lfoot 12.1831 23.0363 0.067126
ltoes 12.6135 -0 0
rfemur -42.4112 -18.4375 22.986
rtibia 50.9282 -0 0
rfoot -7.96228 -6.88037 0.0133841
rtoes -2.73056 0 0
lowerback -0.542859 -0.993018 -0.146169
upperback 1.81568 -1.33983 0.938016
thorax 2.19596 -0.679254 1.0036
lowerneck -6.93534 -6.11202 -0.47257
upperneck 0.737832 -8.26873 5.16874
head 1.68138 -4.01653 1.40487
lclavicle -2.40662e-14 1.69948e-14 -8.62007e-34
lhumerus -47.2036 -27.083 106.803
lradius 55.4549 -0 0
lwrist 18.275 0 0
lhand -0.0922979 9.42442 0.0244693
lfingers 7.12502 -0 0
lthumb 25.5004 37.7209 0.0197867
rclavicle -2.40662e-14 1.69948e-14 -8.62007e-34
rhumerus -34.1533 12.347 -88.5114
rradius 80.8681 -0 0
rwrist 6.03075 0 0
rhand -46.9221 -36.2094 0.0254327
rfingers 7.12502 -0 0
rthumb -19.6317 -65.2298 0.0229103
351
root 7.42991 16.3313 -18.6316 7.95794 8.4148 -0.566848
lfemur -6.50683 8.13549 -3.98531
ltibia 50.3711 -0 0
lfoot 11.7286 22.8153 0.132501
ltoes 12.3447 -0 0
rfemur -42.2716 -18.1586 22.7006
rtibia 50.8781 -0 0
rfoot -7.78102 -6.76671 0.0264088
rtoes -2.88778 0 0
lowerback -0.447944 -0.943663 -0.106009
upperback 1.81977 -1.27513 0.914628
thorax 2.14925 -0.64527 0.953661
lowerneck -6.93992 -5.97707 -0.341815
upperneck 0.795519 -8.09991 5.05977
head 1.69891 -3.93164 1.35497
lclavicle -2.40794e-14 1.68941e-14 -1.70072e-33
lhumerus -47.1492 -27.0283 106.654
lradius 55.3655 -0 0
lwrist 18.1968 0 0
lhand -0.370441 9.28986 0.0482857
lfingers 7.12502 -0 0
lthumb 25.2325 37.6078 0.0390448
rclavicle -2.40794e-14 1.68941e-14 -1.70072e-33
rhumerus -34.3314 12.2274 -88.5233
rradius 80.7145 -0 0
rwrist 6.11502 0 0
rhand -46.713 -36.023 0.0501853
rfingers 7.12502 -0 0
rthumb -19.4301 -65.0554 0.0452073
352
root 7.3736 16.3251 -18.512 7.86436 7.90887 -0.670079
lfemur -6.80439 8.13709 -3.9765
ltibia 50.4316 -0 0
lfoot 11.2738 22.5937 0.19612
ltoes 12.0758 -0 0
rfemur -42.1336 -17.8791 22.4162
rtibia 50.828 -0 0
rfoot -7.59973 -6.653 0.0390737
rtoes -3.04499 0 0
lowerback -0.352995 -0.894375 -0.0657682
upperback 1.82384 -1.21043 0.891245
thorax 2.1025 -0.611326 0.90369
lowerneck -6.94418 -5.84212 -0.211103
upperneck 0.852858 -7.93098 4.95101
head 1.71637 -3.84674 1.30511
lclavicle -2.40927e-14 1.67933e-14 -2.51613e-33
lhumerus -47.0951 -26.9734 106.505
lradius 55.2762 -0 0
lwrist 18.1187 0 0
lhand -0.648638 9.1552 0.0714486
lfingers 7.12502 -0 0
lthumb 24.9645 37.4945 0.0577736
rclavicle -2.40927e-14 1.67933e-14 -2.51613e-33
rhumerus -34.5093 12.1079 -88.5347
rradius 80.5609 -0 0
rwrist 6.1993 0 0
rhand -46.5039 -35.8364 0.0742573
rfingers 7.12502 -0 0
rthumb -19.2283 -64.881 0.0668905
353
root 7.31728 16.3189 -18.3925 7.77181 7.40278 -0.772354
lfemur -7.10195 8.13874 -3.96769
ltibia 50.4921 -0 0
lfoot 10.8187 22.3717 0.257978
ltoes 11.807 -0 0
rfemur -41.9974 -17.5989 22.1331
rtibia 50.7778 -0 0
rfoot -7.41841 -6.53925 0.0513788
rtoes -3.20221 0 0
lowerback -0.258012 -0.845153 -0.025446
upperback 1.82788 -1.14573 0.867867
thorax 2.05573 -0.577423 0.853692
lowerneck -6.94813 -5.70716 -0.0804314
upperneck 0.909849 -7.76194 4.84247
head 1.73376 -3.76182 1.25528
lclavicle -2.41059e-14 1.66926e-14 -3.30824e-33
lhumerus -47.0411 -26.9184 106.356
lradius 55.1869 -0 0
lwrist 18.0405 0 0
lhand -0.92689 9.02042 0.0939574
lfingers 7.12502 -0 0
lthumb 24.6965 37.3813 0.0759727
rclavicle -2.41059e-14 1.66926e-14 -3.30824e-33
rhumerus -34.6872 11.9882 -88.5458
rradius 80.4073 -0 0
rwrist 6.28357 0 0
rhand -46.2946 -35.6498 0.0976479
rfingers 7.12502 -0 0
rthumb -19.0266 -64.7066 0.0879595
354
root 7.26097 16.3127 -18.2729 7.68027 6.89652 -0.873692
lfemur -7.39951 8.14044 -3.9589
ltibia 50.5526 -0 0
lfoot 10.3635 22.1492 0.318071
ltoes 11.5381 -0 0
rfemur -41.8628 -17.3181 21.8511
rtibia 50.7277 -0 0
rfoot -7.23707 -6.42547 0.0633238
rtoes -3.35942 0 0
lowerback -0.162997 -0.795998 0.0149573
upperback 1.83189 -1.08103 0.844494
thorax 2.00893 -0.543561 0.803667
lowerneck -6.95177 -5.57219 0.0501999
upperneck 0.966495 -7.5928 4.73414
head 1.75106 -3.67689 1.20548
lclavicle -2.41192e-14 1.65919e-14 -4.07706e-33
lhumerus -46.9873 -26.8633 106.207
lradius 55.0976 -0 0
lwrist 17.9623 0 0
lhand -1.20519 8.88553 0.115811
lfingers 7.12502 -0 0
lthumb 24.4285 37.2679 0.0936417
rclavicle -2.41192e-14 1.65919e-14 -4.07706e-33
rhumerus -34.8649 11.8686 -88.5565
rradius 80.2537 -0 0
rwrist 6.36785 0 0
rhand -46.0853 -35.4631 0.120357
rfingers 7.12502 -0 0
rthumb -18.8247 -64.532 0.108414
355
root 7.20466 16.3065 -18.1533 7.58972 6.39011 -0.974111
lfemur -7.69707 8.14218 -3.95012
ltibia 50.613 -0 0
lfoot 9.90795 21.9262 0.376393
ltoes 11.2693 -0 0
rfemur -41.7298 -17.0367 21.5701
rtibia 50.6776 -0 0
rfoot -7.05571 -6.31164 0.0749086
rtoes -3.51663 0 0
lowerback -0.0679474 -0.74691 0.0554416
upperback 1.83588 -1.01632 0.821126
thorax 1.96209 -0.50974 0.753614
lowerneck -6.9551 -5.43721 0.180793
upperneck 1.0228 -7.42355 4.62602
head 1.7683 -3.59194 1.15571
lclavicle -2.41324e-14 1.64912e-14 -4.82258e-33
lhumerus -46.9337 -26.8081 106.058
lradius 55.0082 -0 0
lwrist 17.8841 0 0
lhand -1.48355 8.75054 0.13701
lfingers 7.12502 -0 0
lthumb 24.1604 37.1544 0.11078
rclavicle -2.41324e-14 1.64912e-14 -4.82258e-33
rhumerus -35.0425 11.7489 -88.5668
rradius 80.1001 -0 0
rwrist 6.45212 0 0
rhand -45.8759 -35.2763 0.142383
rfingers 7.12502 -0 0
rthumb -18.6228 -64.3574 0.128253
356
root 7.14835 16.3003 -18.0337 7.50016 5.88354 -1.07363
lfemur -7.99463 8.14397 -3.94134
ltibia 50.6735 -0 0
lfoot 9.45222 21.7027 0.43294
ltoes 11.0004 -0 0
rfemur -41.5985 -16.7547 21.2903
rtibia 50.6275 -0 0
rfoot -6.87432 -6.19778 0.0861331
rtoes -3.67385 0 0
lowerback 0.0271356 -0.69789 0.0960068
upperback 1.83984 -0.951612 0.797762
thorax 1.91523 -0.47596 0.703534
lowerneck -6.95812 -5.30222 0.311349
upperneck 1.07875 -7.2542 4.51812
head 1.78545 -3.50698 1.10597
lclavicle -2.41457e-14 1.63905e-14 -5.5448e-33
lhumerus -46.8803 -26.7527 105.909
lradius 54.9189 -0 0
lwrist 17.8059 0 0
lhand -1.76195 8.61545 0.157552
lfingers 7.12502 -0 0
lthumb 23.8923 37.0409 0.127387
rclavicle -2.41457e-14 1.63905e-14 -5.5448e-33
rhumerus -35.22 11.6292 -88.5768
rradius 79.9465 -0 0
rwrist 6.5364 0 0
rhand -45.6665 -35.0894 0.163727
rfingers 7.12502 -0 0
rthumb -18.4208 -64.1827 0.147477
357
root 7.09204 16.2941 -17.9141 7.41156 5.37682 -1.17227
lfemur -8.2922 8.1458 -3.93258
ltibia 50.734 -0 0
lfoot 8.99626 21.4789 0.487707
ltoes 10.7316 -0 0
rfemur -41.4688 -16.472 21.0116
rtibia 50.5774 -0 0
rfoot -6.69292 -6.08389 0.096997
rtoes -3.83106 0 0
lowerback 0.122252 -0.648937 0.136653
upperback 1.84377 -0.886903 0.774404
thorax 1.86834 -0.442221 0.653427
lowerneck -6.96083 -5.16723 0.44187
upperneck 1.13437 -7.08474 4.41042
head 1.80253 -3.422 1.05626
lclavicle -2.41589e-14 1.62898e-14 -6.24373e-33
lhumerus -46.827 -26.6973 105.76
lradius 54.8296 -0 0
lwrist 17.7277 0 0
lhand -2.04041 8.48026 0.177437
lfingers 7.12502 -0 0
lthumb 23.6242 36.9273 0.143463
rclavicle -2.41589e-14 1.62898e-14 -6.24373e-33
rhumerus -35.3975 11.5095 -88.5863
rradius 79.7929 -0 0
rwrist 6.62067 0 0
rhand -45.457 -34.9024 0.184387
rfingers 7.12502 -0 0
rthumb -18.2188 -64.008 0.166084
358
root 7.03573 16.2879 -17.7945 7.3239 4.86995 -1.27004
lfemur -8.58976 8.14767 -3.92382
ltibia 50.7945 -0 0
lfoot 8.54009 21.2545 0.540691
ltoes 10.4627 -0 0
rfemur -41.3407 -16.1887 20.734
rtibia 50.5273 -0 0
rfoot -6.51149 -5.96996 0.1075
rtoes -3.98828 0 0
lowerback 0.217403 -0.600051 0.17738
upperback 1.84768 -0.822192 0.751051
thorax 1.82142 -0.408523 0.603292
lowerneck -6.96324 -5.03223 0.572357
upperneck 1.18964 -6.91518 4.30292
head 1.81954 -3.33701 1.00658
lclavicle -2.41722e-14 1.6189e-14 -6.91935e-33
lhumerus -46.774 -26.6417 105.612
lradius 54.7402 -0 0
lwrist 17.6496 0 0
lhand -2.31891 8.34498 0.196666
lfingers 7.12502 -0 0
lthumb 23.3561 36.8136 0.159007
rclavicle -2.41722e-14 1.6189e-14 -6.91935e-33
rhumerus -35.5748 11.3897 -88.5955
rradius 79.6393 -0 0
rwrist 6.70495 0 0
rhand -45.2474 -34.7154 0.204363
rfingers 7.12502 -0 0
rthumb -18.0167 -63.8332 0.184076
359
root 6.97941 16.2817 -17.675 7.23717 4.36293 -1.36697
lfemur -8.88733 8.1496 -3.91508
ltibia 50.8549 -0 0
lfoot 8.08371 21.0298 0.591887
ltoes 10.1939 -0 0
rfemur -41.2143 -15.9049 20.4574
rtibia 50.4772 -0 0
rfoot -6.33004 -5.856 0.117643
rtoes -4.14549 0 0
lowerback 0.312587 -0.551233 0.218188
upperback 1.85156 -0.75748 0.727702
thorax 1.77447 -0.374866 0.553129
lowerneck -6.96533 -4.89723 0.702812
upperneck 1.24458 -6.74551 4.19562
head 1.83647 -3.25201 0.956933
lclavicle -2.41854e-14 1.60883e-14 -7.57168e-33
lhumerus -46.7212 -26.5859 105.463
lradius 54.6509 -0 0
lwrist 17.5714 0 0
lhand -2.59745 8.2096 0.215236
lfingers 7.12502 -0 0
lthumb 23.0879 36.6998 0.174019
rclavicle -2.41854e-14 1.60883e-14 -7.57168e-33
rhumerus -35.7521 11.2699 -88.6042
rradius 79.4857 -0 0
rwrist 6.78922 0 0
rhand -45.0377 -34.5283 0.223655
rfingers 7.12502 -0 0
rthumb -17.8146 -63.6583 0.20145
360
root 6.9231 16.2755 -17.5554 7.15136 3.85576 -1.46306
lfemur -9.18489 8.15156 -3.90634
ltibia 50.9154 -0 0
lfoot 7.62713 20.8046 0.64129
ltoes 9.92504 -0 0
rfemur -41.0894 -15.6204 20.1818
rtibia 50.427 -0 0
rfoot -6.14857 -5.74201 0.127424
rtoes -4.3027 0 0
lowerback 0.407806 -0.502483 0.259076
upperback 1.85542 -0.692766 0.704359
thorax 1.72749 -0.34125 0.50294
lowerneck -6.96711 -4.76222 0.833236
upperneck 1.29917 -6.57575 4.08853
head 1.85332 -3.16698 0.907312
lclavicle -2.41987e-14 1.59876e-14 -8.20071e-33
lhumerus -46.6685 -26.5301 105.315
lradius 54.5616 -0 0
lwrist 17.4932 0 0
lhand -2.87604 8.07414 0.233148
lfingers 7.12502 -0 0
lthumb 22.8196 36.586 0.188498
rclavicle -2.41987e-14 1.59876e-14 -8.20071e-33
rhumerus -35.9292 11.1501 -88.6126
rradius 79.3321 -0 0
rwrist 6.8735 0 0
rhand -44.828 -34.3411 0.242262
rfingers 7.12502 -0 0
rthumb -17.6124 -63.4833 0.218208
361
root 6.86679 16.2693 -17.4358 7.06644 3.34845 -1.55834
lfemur -9.48246 8.15357 -3.89762
ltibia 50.9759 -0 0
lfoot 7.17035 20.5791 0.688898
ltoes 9.65619 -0 0
rfemur -40.9662 -15.3354 19.9073
rtibia 50.3769 -0 0
rfoot -5.96708 -5.62799 0.136844
rtoes -4.45992 0 0
lowerback 0.503058 -0.453801 0.300045
upperback 1.85925 -0.62805 0.68102
thorax 1.68048 -0.307675 0.452723
lowerneck -6.96859 -4.62721 0.96363
upperneck 1.35343 -6.40588 3.98164
head 1.8701 -3.08195 0.85772
lclavicle -2.42119e-14 1.58869e-14 -8.80645e-33
lhumerus -46.616 -26.4741 105.167
lradius 54.4722 -0 0
lwrist 17.415 0 0
lhand -3.15467 7.93859 0.250401
lfingers 7.12502 -0 0
lthumb 22.5514 36.4721 0.202444
rclavicle -2.42119e-14 1.58869e-14 -8.80645e-33
rhumerus -36.1063 11.0302 -88.6206
rradius 79.1785 -0 0
rwrist 6.95777 0 0
rhand -44.6182 -34.1539 0.260184
rfingers 7.12502 -0 0
rthumb -17.4101 -63.3083 0.234347
362
root 6.81048 16.2631 -17.3162 6.98242 2.84101 -1.65282
lfemur -9.78003 8.15563 -3.88891
ltibia 51.0364 -0 0
lfoot 6.71339 20.3532 0.734706
ltoes 9.38734 -0 0
rfemur -40.8445 -15.0499 19.6337
rtibia 50.3268 -0 0
rfoot -5.78558 -5.51393 0.145903
rtoes -4.61713 0 0
lowerback 0.598345 -0.405187 0.341095
upperback 1.86305 -0.563334 0.657685
thorax 1.63345 -0.274142 0.402478
lowerneck -6.96976 -4.4922 1.094
upperneck 1.40735 -6.23592 3.87494
head 1.88681 -2.9969 0.808157
lclavicle -2.42252e-14 1.57862e-14 -9.38889e-33
lhumerus -46.5637 -26.418 105.019
lradius 54.3829 -0 0
lwrist 17.3368 0 0
lhand -3.43334 7.80295 0.266995
lfingers 7.12502 -0 0
lthumb 22.2831 36.3581 0.215856
rclavicle -2.42252e-14 1.57862e-14 -9.38889e-33
rhumerus -36.2832 10.9103 -88.6283
rradius 79.0249 -0 0
rwrist 7.04205 0 0
rhand -44.4084 -33.9666 0.27742
rfingers 7.12502 -0 0
rthumb -17.2079 -63.1333 0.249869
363
root 6.75417 16.2569 -17.1966 6.89926 2.33342 -1.74652
lfemur -10.0776 8.15773 -3.8802
ltibia 51.0968 -0 0
lfoot 6.25624 20.1269 0.77871
ltoes 9.11849 -0 0
rfemur -40.7244 -14.7637 19.3612
rtibia 50.2767 -0 0
rfoot -5.60405 -5.39985 0.154601
rtoes -4.77435 0 0
lowerback 0.693666 -0.356642 0.382225
upperback 1.86682 -0.498615 0.634355
thorax 1.58638 -0.240649 0.352207
lowerneck -6.97062 -4.35718 1.22434
upperneck 1.46094 -6.06585 3.76844
head 1.90344 -2.91183 0.758622
lclavicle -2.42384e-14 1.56854e-14 -9.94803e-33
lhumerus -46.5116 -26.3618 104.871
lradius 54.2936 -0 0
lwrist 17.2587 0 0
lhand -3.71204 7.66724 0.282928
lfingers 7.12502 -0 0
lthumb 22.0148 36.2441 0.228735
rclavicle -2.42384e-14 1.56854e-14 -9.94803e-33
rhumerus -36.4601 10.7904 -88.6355
rradius 78.8713 -0 0
rwrist 7.12632 0 0
rhand -44.1985 -33.7792 0.293969
rfingers 7.12502 -0 0
rthumb -17.0055 -62.9582 0.264773
364
root 6.69786 16.2507 -17.077 6.81696 1.8257 -1.83945
lfemur -10.3752 8.15988 -3.87151
ltibia 51.1573 -0 0
lfoot 5.79892 19.9003 0.820908
ltoes 8.84964 -0 0
rfemur -40.6059 -14.4771 19.0896
rtibia 50.2266 -0 0
rfoot -5.42251 -5.28575 0.162937
rtoes -4.93156 0 0
lowerback 0.789021 -0.308165 0.423436
upperback 1.87057 -0.433895 0.611029
thorax 1.53928 -0.207198 0.301908
lowerneck -6.97117 -4.22216 1.35465
upperneck 1.51419 -5.89569 3.66213
head 1.91999 -2.82676 0.709116
lclavicle -2.42517e-14 1.55847e-14 -1.04839e-32
lhumerus -46.4597 -26.3055 104.724
lradius 54.2043 -0 0
lwrist 17.1805 0 0
lhand -3.99079 7.53145 0.298202
lfingers 7.12502 -0 0
lthumb 21.7465 36.13 0.24108
rclavicle -2.42517e-14 1.55847e-14 -1.04839e-32
rhumerus -36.6369 10.6705 -88.6424
rradius 78.7177 -0 0
rwrist 7.2106 0 0
rhand -43.9886 -33.5918 0.309833
rfingers 7.12502 -0 0
rthumb -16.8031 -62.783 0.279058
365
root 6.64154 16.2445 -16.9575 6.73551 1.31785 -1.93163
lfemur -10.6727 8.16207 -3.86283
ltibia 51.2178 -0 0
lfoot 5.34143 19.6734 0.861295
ltoes 8.58079 -0 0
rfemur -40.4889 -14.1899 18.819
rtibia 50.1765 -0 0
rfoot -5.24095 -5.17161 0.170912
rtoes -5.08877 0 0
lowerback 0.884411 -0.259756 0.464727
upperback 1.87429 -0.369173 0.587708
thorax 1.49216 -0.173789 0.251581
lowerneck -6.97141 -4.08714 1.48494
upperneck 1.56711 -5.72542 3.55601
head 1.93647 -2.74166 0.659638
lclavicle -2.4265e-14 1.5484e-14 -1.09964e-32
lhumerus -46.408 -26.249 104.576
lradius 54.1149 -0 0
lwrist 17.1023 0 0
lhand -4.26957 7.39559 0.312814
lfingers 7.12502 -0 0
lthumb 21.4781 36.0159 0.25289
rclavicle -2.4265e-14 1.5484e-14 -1.09964e-32
rhumerus -36.8136 10.5506 -88.6489
rradius 78.5641 -0 0
rwrist 7.29487 0 0
rhand -43.7786 -33.4043 0.325009
rfingers 7.12502 -0 0
rthumb -16.6007 -62.6078 0.292725
366
root 6.58523 16.2383 -16.8379 6.65488 0.80987 -2.02307
lfemur -10.9703 8.1643 -3.85416
ltibia 51.2783 -0 0
lfoot 4.88378 19.4461 0.899869
ltoes 8.31194 -0 0
rfemur -40.3735 -13.9021 18.5494
rtibia 50.1264 -0 0
rfoot -5.05938 -5.05746 0.178525
rtoes -5.24599 0 0
lowerback 0.979835 -0.211417 0.506099
upperback 1.87799 -0.30445 0.564392
thorax 1.445 -0.140421 0.201227
lowerneck -6.97134 -3.95212 1.61521
upperneck 1.61969 -5.55506 3.45008
head 1.95288 -2.65656 0.610188
lclavicle -2.42782e-14 1.53833e-14 -1.14857e-32
lhumerus -46.3564 -26.1925 104.429
lradius 54.0256 -0 0
lwrist 17.0241 0 0
lhand -4.54839 7.25966 0.326765
lfingers 7.12502 -0 0
lthumb 21.2097 35.9017 0.264166
rclavicle -2.42782e-14 1.53833e-14 -1.14857e-32
rhumerus -36.9903 10.4306 -88.655
rradius 78.4105 -0 0
rwrist 7.37915 0 0
rhand -43.5685 -33.2168 0.339498
rfingers 7.12502 -0 0
rthumb -16.3982 -62.4326 0.305772
367
root 6.52892 16.2321 -16.7183 6.57508 0.301761 -2.11379
lfemur -11.2679 8.16658 -3.8455
ltibia 51.3387 -0 0
lfoot 4.42598 19.2185 0.936626
ltoes 8.04309 -0 0
rfemur -40.2596 -13.6138 18.2806
rtibia 50.0762 -0 0
rfoot -4.87779 -4.94328 0.185776
rtoes -5.4032 0 0
lowerback 1.07529 -0.163146 0.547551
upperback 1.88166 -0.239726 0.541079
thorax 1.39782 -0.107094 0.150846
lowerneck -6.97097 -3.8171 1.74546
upperneck 1.67194 -5.38461 3.34434
head 1.96921 -2.57143 0.560766
lclavicle -2.42915e-14 1.52826e-14 -1.19516e-32
lhumerus -46.3051 -26.1358 104.281
lradius 53.9363 -0 0
lwrist 16.9459 0 0
lhand -4.82724 7.12366 0.340055
lfingers 7.12502 -0 0
lthumb 20.9413 35.7875 0.274906
rclavicle -2.42915e-14 1.52826e-14 -1.19516e-32
rhumerus -37.1668 10.3107 -88.6608
rradius 78.2569 -0 0
rwrist 7.46342 0 0
rhand -43.3585 -33.0292 0.353299
rfingers 7.12502 -0 0
rthumb -16.1957 -62.2573 0.3182
368
root 6.47261 16.2258 -16.5987 6.49608 -0.206473 -2.2038
lfemur -11.5655 8.16891 -3.83686
ltibia 51.3992 -0 0
lfoot 3.96802 18.9907 0.971563
ltoes 7.77424 -0 0
rfemur -40.1472 -13.3251 18.0128
rtibia 50.0261 -0 0
rfoot -4.69619 -4.82907 0.192665
rtoes -5.56042 0 0
lowerback 1.17079 -0.114945 0.589083
upperback 1.8853 -0.175 0.517771
thorax 1.35061 -0.0738089 0.100437
lowerneck -6.97029 -3.68209 1.87569
upperneck 1.72387 -5.21406 3.23879
head 1.98546 -2.4863 0.511372
lclavicle -2.43047e-14 1.51819e-14 -1.23943e-32
lhumerus -46.2539 -26.079 104.134
lradius 53.8469 -0 0
lwrist 16.8678 0 0
lhand -5.10612 6.9876 0.352683
lfingers 7.12502 -0 0
lthumb 20.6729 35.6732 0.285111
rclavicle -2.43047e-14 1.51819e-14 -1.23943e-32
rhumerus -37.3433 10.1907 -88.6661
rradius 78.1033 -0 0
rwrist 7.5477 0 0
rhand -43.1483 -32.8416 0.366412
rfingers 7.12502 -0 0
rthumb -15.9932 -62.0819 0.330008
369
root 6.4163 16.2196 -16.4791 6.41787 -0.714829 -2.29312
lfemur -11.863 8.17127 -3.82822
ltibia 51.4597 -0 0
lfoot 3.50993 18.7626 1.00468
ltoes 7.50539 -0 0
rfemur -40.0363 -13.0358 17.7459
rtibia 49.976 -0 0
rfoot -4.51457 -4.71485 0.199192
rtoes -5.71763 0 0
lowerback 1.26632 -0.0668131 0.630696
upperback 1.88892 -0.110272 0.494467
thorax 1.30336 -0.0405653 0.0500011
lowerneck -6.9693 -3.54707 2.0059
upperneck 1.77546 -5.04341 3.13342
head 2.00164 -2.40115 0.462004
lclavicle -2.4318e-14 1.50811e-14 -1.28136e-32
lhumerus -46.2029 -26.022 103.987
lradius 53.7576 -0 0
lwrist 16.7896 0 0
lhand -5.38502 6.85147 0.364648
lfingers 7.12502 -0 0
lthumb 20.4045 35.5588 0.294781
rclavicle -2.4318e-14 1.50811e-14 -1.28136e-32
rhumerus -37.5197 10.0707 -88.6711
rradius 77.9497 -0 0
rwrist 7.63197 0 0
rhand -42.9381 -32.6539 0.378837
rfingers 7.12502 -0 0
rthumb -15.7906 -61.9065 0.341196
370
root 6.35999 16.2134 -16.3595 6.34044 -1.22331 -2.38175
lfemur -12.1606 8.17369 -3.8196
ltibia 51.5202 -0 0
lfoot 3.05171 18.5342 1.03597
ltoes 7.23654 -0 0
rfemur -39.927 -12.746 17.4799
rtibia 49.9259 -0 0
rfoot -4.33294 -4.6006 0.205357
rtoes -5.87484 0 0
lowerback 1.36188 -0.0187505 0.672389
upperback 1.89251 -0.045543 0.471167
thorax 1.25609 -0.0073633 -0.000462339
lowerneck -6.96801 -3.41206 2.13609
upperneck 1.82673 -4.87267 3.02822
head 2.01775 -2.31599 0.412664
lclavicle -2.43312e-14 1.49804e-14 -1.32097e-32
lhumerus -46.1521 -25.965 103.84
lradius 53.6683 -0 0
lwrist 16.7114 0 0
lhand -5.66396 6.7153 0.37595
lfingers 7.12502 -0 0
lthumb 20.136 35.4445 0.303915
rclavicle -2.43312e-14 1.49804e-14 -1.32097e-32
rhumerus -37.696 9.95064 -88.6757
rradius 77.7961 -0 0
rwrist 7.71625 0 0
rhand -42.7279 -32.4661 0.390574
rfingers 7.12502 -0 0
rthumb -15.588 -61.7311 0.351764
371
root 6.30367 16.2072 -16.24 6.26378 -1.7319 -2.46972
lfemur -12.4582 8.17614 -3.811
ltibia 51.5806 -0 0
lfoot 2.59336 18.3055 1.06543
ltoes 6.96769 -0 0
rfemur -39.8191 -12.4557 17.2147
rtibia 49.8758 -0 0
rfoot -4.1513 -4.48634 0.21116
rtoes -6.03206 0 0
lowerback 1.45748 0.0292425 0.714161
upperback 1.89608 0.0191875 0.447871
thorax 1.20879 0.025797 -0.0509532
lowerneck -6.96641 -3.27705 2.26627
upperneck 1.87766 -4.70184 2.92321
head 2.03378 -2.23081 0.363351
lclavicle -2.43445e-14 1.48797e-14 -1.35824e-32
lhumerus -46.1015 -25.9078 103.693
lradius 53.579 -0 0
lwrist 16.6332 0 0
lhand -5.94293 6.57906 0.386589
lfingers 7.12502 -0 0
lthumb 19.8675 35.33 0.312513
rclavicle -2.43445e-14 1.48797e-14 -1.35824e-32
rhumerus -37.8723 9.83061 -88.68
rradius 77.6425 -0 0
rwrist 7.80052 0 0
rhand -42.5177 -32.2784 0.401621
rfingers 7.12502 -0 0
rthumb -15.3854 -61.5557 0.361711
372
root 6.24736 16.201 -16.1204 6.18788 -2.24062 -2.55703
lfemur -12.7558 8.17865 -3.8024
ltibia 51.6411 -0 0
lfoot 2.13489 18.0767 1.09306
ltoes 6.69884 -0 0
rfemur -39.7128 -12.1649 16.9504
rtibia 49.8257 -0 0
rfoot -3.96965 -4.37205 0.216601
rtoes -6.18927 0 0
lowerback 1.55311 0.0771657 0.756014
upperback 1.89962 0.0839194 0.424579
thorax 1.16146 0.0589156 -0.101471
lowerneck -6.9645 -3.14204 2.39644
upperneck 1.92828 -4.53091 2.81838
head 2.04974 -2.14562 0.314064
lclavicle -2.43577e-14 1.4779e-14 -1.39319e-32
lhumerus -46.0511 -25.8506 103.546
lradius 53.4896 -0 0
lwrist 16.555 0 0
lhand -6.22191 6.44278 0.396565
lfingers 7.12502 -0 0
lthumb 19.599 35.2156 0.320574
rclavicle -2.43577e-14 1.4779e-14 -1.39319e-32
rhumerus -38.0484 9.71056 -88.6838
rradius 77.4889 -0 0
rwrist 7.8848 0 0
rhand -42.3074 -32.0906 0.41198
rfingers 7.12502 -0 0
rthumb -15.1827 -61.3802 0.371038
373
root 6.19105 16.1948 -16.0008 6.11273 -2.74944 -2.64371
lfemur -13.0534 8.18119 -3.79382
ltibia 51.7016 -0 0
lfoot 1.67631 17.8476 1.11887
ltoes 6.42999 -0 0
rfemur -39.6079 -11.8737 16.6869
rtibia 49.7755 -0 0
rfoot -3.78799 -4.25775 0.221679
rtoes -6.34649 0 0
lowerback 1.64878 0.125019 0.797947
upperback 1.90313 0.148653 0.401291
thorax 1.1141 0.0919925 -0.152017
lowerneck -6.96228 -3.00704 2.5266
upperneck 1.97856 -4.35989 2.71372
head 2.06563 -2.06041 0.264804
lclavicle -2.4371e-14 1.46783e-14 -1.42581e-32
lhumerus -46.0009 -25.7932 103.4
lradius 53.4003 -0 0
lwrist 16.4768 0 0
lhand -6.50093 6.30645 0.405877
lfingers 7.12502 -0 0
lthumb 19.3305 35.1011 0.328099
rclavicle -2.4371e-14 1.46783e-14 -1.42581e-32
rhumerus -38.2245 9.5905 -88.6873
rradius 77.3353 -0 0
rwrist 7.96907 0 0
rhand -42.0971 -31.9027 0.421649
rfingers 7.12502 -0 0
rthumb -14.98 -61.2046 0.379744
374
root 6.13474 16.1886 -15.8812 6.03831 -3.25838 -2.72975
lfemur -13.351 8.18378 -3.78525
ltibia 51.7621 -0 0
lfoot 1.21763 17.6183 1.14283
ltoes 6.16114 -0 0
rfemur -39.5046 -11.582 16.4242
rtibia 49.7254 -0 0
rfoot -3.60632 -4.14344 0.226395
rtoes -6.5037 0 0
lowerback 1.74448 0.172802 0.83996
upperback 1.90661 0.213388 0.378007
thorax 1.06672 0.125028 -0.20259
lowerneck -6.95976 -2.87204 2.65674
upperneck 2.02852 -4.18878 2.60924
head 2.08144 -1.9752 0.21557
lclavicle -2.43842e-14 1.45776e-14 -1.45609e-32
lhumerus -45.9508 -25.7357 103.253
lradius 53.311 -0 0
lwrist 16.3987 0 0
lhand -6.77996 6.17008 0.414525
lfingers 7.12502 -0 0
lthumb 19.062 34.9865 0.335087
rclavicle -2.43842e-14 1.45776e-14 -1.45609e-32
rhumerus -38.4006 9.47043 -88.6904
rradius 77.1817 -0 0
rwrist 8.05335 0 0
rhand -41.8867 -31.7148 0.430628
rfingers 7.12502 -0 0
rthumb -14.7773 -61.0291 0.387829
375
root 6.07843 16.1824 -15.7616 5.96462 -3.76743 -2.81518
lfemur -13.6485 8.18641 -3.7767
ltibia 51.8225 -0 0
lfoot 0.758847 17.3888 1.16496
ltoes 5.89229 -0 0
rfemur -39.4026 -11.2898 16.1624
rtibia 49.6753 -0 0
rfoot -3.42463 -4.02911 0.230748
rtoes -6.66091 0 0
lowerback 1.84022 0.220515 0.882052
upperback 1.91007 0.278124 0.354727
thorax 1.0193 0.158021 -0.25319
lowerneck -6.95693 -2.73705 2.78688
upperneck 2.07816 -4.01758 2.50493
head 2.09717 -1.88996 0.166362
lclavicle -2.43975e-14 1.44768e-14 -1.48405e-32
lhumerus -45.901 -25.6781 103.107
lradius 53.2216 -0 0
lwrist 16.3205 0 0
lhand -7.05901 6.03367 0.422509
lfingers 7.12502 -0 0
lthumb 18.7935 34.872 0.341539
rclavicle -2.43975e-14 1.44768e-14 -1.48405e-32
rhumerus -38.5765 9.35036 -88.6931
rradius 77.0281 -0 0
rwrist 8.13762 0 0
rhand -41.6763 -31.5269 0.438917
rfingers 7.12502 -0 0
rthumb -14.5745 -60.8535 0.395293
376
root 6.02212 16.1762 -15.642 5.89164 -4.27659 -2.90001
lfemur -13.9461 8.18909 -3.76816
ltibia 51.883 -0 0
lfoot 0.299979 17.1592 1.18526
ltoes 5.62344 -0 0
rfemur -39.3022 -10.9972 15.9013
rtibia 49.6252 -0 0
rfoot -3.24295 -3.91477 0.234739
rtoes -6.81813 0 0
lowerback 1.936 0.268158 0.924225
upperback 1.91351 0.342861 0.331451
thorax 0.971851 0.190972 -0.303818
lowerneck -6.9538 -2.60207 2.917
upperneck 2.12748 -3.84629 2.40078
head 2.11284 -1.80472 0.11718
lclavicle -2.44107e-14 1.43761e-14 -1.50968e-32
lhumerus -45.8513 -25.6203 102.961
lradius 53.1323 -0 0
lwrist 16.2423 0 0
lhand -7.33809 5.89721 0.429828
lfingers 7.12502 -0 0
lthumb 18.5249 34.7574 0.347453
rclavicle -2.44107e-14 1.43761e-14 -1.50968e-32
rhumerus -38.7524 9.23027 -88.6955
rradius 76.8745 -0 0
rwrist 8.2219 0 0
rhand -41.4659 -31.339 0.446516
rfingers 7.12502 -0 0
rthumb -14.3717 -60.6779 0.402135
377
root 5.96581 16.17 -15.5225 5.81937 -4.78586 -2.98424
lfemur -14.2437 8.19181 -3.75963
ltibia 51.9435 -0 0
lfoot -0.158969 16.9294 1.20371
ltoes 5.35459 -0 0
rfemur -39.2032 -10.7041 15.6411
rtibia 49.5751 -0 0
rfoot -3.06125 -3.80041 0.238367
rtoes -6.97534 0 0
lowerback 2.03181 0.315729 0.966477
upperback 1.91691 0.4076 0.308178
thorax 0.924375 0.223881 -0.354473
lowerneck -6.95035 -2.46709 3.04712
upperneck 2.17647 -3.67491 2.29681
head 2.12842 -1.71946 0.068023
lclavicle -2.4424e-14 1.42754e-14 -1.53297e-32
lhumerus -45.8018 -25.5625 102.815
lradius 53.043 -0 0
lwrist 16.1641 0 0
lhand -7.61717 5.76073 0.436483
lfingers 7.12502 -0 0
lthumb 18.2563 34.6427 0.35283
rclavicle -2.4424e-14 1.42754e-14 -1.53297e-32
rhumerus -38.9283 9.11018 -88.6975
rradius 76.7209 -0 0
rwrist 8.30617 0 0
rhand -41.2555 -31.151 0.453426
rfingers 7.12502 -0 0
rthumb -14.169 -60.5022 0.408356
378
root 5.90949 16.1638 -15.4029 5.7478 -5.29523 -3.0679
lfemur -14.5413 8.19458 -3.75112
ltibia 52.004 -0 0
lfoot -0.617991 16.6994 1.22032
ltoes 5.08573 -0 0
rfemur -39.1057 -10.4106 15.3815
rtibia 49.525 -0 0
rfoot -2.87954 -3.68605 0.241632
rtoes -7.13256 0 0
lowerback 2.12765 0.363231 1.00881
upperback 1.92029 0.472341 0.284909
thorax 0.87687 0.256749 -0.405155
lowerneck -6.94661 -2.33213 3.17724
upperneck 2.22514 -3.50344 2.193
head 2.14394 -1.63419 0.0188917
lclavicle -2.44372e-14 1.41747e-14 -1.55394e-32
lhumerus -45.7525 -25.5045 102.669
lradius 52.9536 -0 0
lwrist 16.0859 0 0
lhand -7.89628 5.62421 0.442472
lfingers 7.12502 -0 0
lthumb 17.9878 34.5281 0.35767
rclavicle -2.44372e-14 1.41747e-14 -1.55394e-32
rhumerus -39.1041 8.99009 -88.6991
rradius 76.5673 -0 0
rwrist 8.39045 0 0
rhand -41.045 -30.963 0.459644
rfingers 7.12502 -0 0
rthumb -13.9661 -60.3266 0.413955
379
root 5.85318 16.1576 -15.2833 5.67691 -5.80471 -3.15099
lfemur -14.8389 8.19739 -3.74262
ltibia 52.0644 -0 0
lfoot -1.07708 16.4694 1.23509
ltoes 4.81688 -0 0
rfemur -39.0096 -10.1167 15.1228
rtibia 49.4749 -0 0
rfoot -2.69783 -3.57167 0.244535
rtoes -7.28977 0 0
lowerback 2.22353 0.410661 1.05122
upperback 1.92365 0.537082 0.261643
thorax 0.829335 0.289574 -0.455865
lowerneck -6.94255 -2.19717 3.30735
upperneck 2.27349 -3.33189 2.08936
head 2.15938 -1.5489 -0.0302145
lclavicle -2.44505e-14 1.4074e-14 -1.57258e-32
lhumerus -45.7034 -25.4464 102.523
lradius 52.8643 -0 0
lwrist 16.0078 0 0
lhand -8.1754 5.48767 0.447797
lfingers 7.12502 -0 0
lthumb 17.7192 34.4134 0.361973
rclavicle -2.44505e-14 1.4074e-14 -1.57258e-32
rhumerus -39.2798 8.86999 -88.7003
rradius 76.4137 -0 0
rwrist 8.47472 0 0
rhand -40.8346 -30.775 0.465172
rfingers 7.12502 -0 0
rthumb -13.7633 -60.1509 0.418932
380
root 5.79687 16.1514 -15.1637 5.60669 -6.31428 -3.23352
lfemur -15.1365 8.20024 -3.73414
ltibia 52.1249 -0 0
lfoot -1.53622 16.2392 1.24802
ltoes 4.54803 -0 0
rfemur -38.9149 -9.82233 14.8647
rtibia 49.4247 -0 0
rfoot -2.51612 -3.45729 0.247075
rtoes -7.44698 0 0
lowerback 2.31945 0.45802 1.09371
upperback 1.92698 0.601825 0.238381
thorax 0.781772 0.322357 -0.506602
lowerneck -6.93819 -2.06222 3.43747
upperneck 2.32153 -3.16025 1.98588
head 2.17475 -1.46361 -0.0792958
lclavicle -2.44638e-14 1.39732e-14 -1.58889e-32
lhumerus -45.6545 -25.3882 102.377
lradius 52.775 -0 0
lwrist 15.9296 0 0
lhand -8.45453 5.3511 0.452456
lfingers 7.12502 -0 0
lthumb 17.4506 34.2987 0.365738
rclavicle -2.44638e-14 1.39732e-14 -1.58889e-32
rhumerus -39.4554 8.74988 -88.7012
rradius 76.2601 -0 0
rwrist 8.559 0 0
rhand -40.6241 -30.5869 0.47001
rfingers 7.12502 -0 0
rthumb -13.5605 -59.9752 0.423288
381
root 5.74056 16.1452 -15.0441 5.53714 -6.82396 -3.31551
lfemur -15.4341 8.20314 -3.72567
ltibia 52.1854 -0 0
lfoot -1.99542 16.0089 1.2591
ltoes 4.27918 -0 0
rfemur -38.8217 -9.52756 14.6074
rtibia 49.3746 -0 0
rfoot -2.3344 -3.3429 0.249252
rtoes -7.6042 0 0
lowerback 2.4154 0.505308 1.13628
upperback 1.93028 0.66657 0.215123
thorax 0.734179 0.355098 -0.557367
lowerneck -6.93352 -1.92728 3.56758
upperneck 2.36924 -2.98852 1.88256
head 2.19004 -1.37829 -0.128352
lclavicle -2.4477e-14 1.38725e-14 -1.60287e-32
lhumerus -45.6058 -25.3299 102.232
lradius 52.6857 -0 0
lwrist 15.8514 0 0
lhand -8.73367 5.21451 0.45645
lfingers 7.12502 -0 0
lthumb 17.182 34.184 0.368965
rclavicle -2.4477e-14 1.38725e-14 -1.60287e-32
rhumerus -39.631 8.62978 -88.7017
rradius 76.1065 -0 0
rwrist 8.64327 0 0
rhand -40.4136 -30.3989 0.474156
rfingers 7.12502 -0 0
rthumb -13.3576 -59.7995 0.427021
382
root 5.68425 16.139 -14.9245 5.46826 -7.33373 -3.39696
lfemur -15.7317 8.20608 -3.71721
ltibia 52.2459 -0 0
lfoot -2.45466 15.7786 1.26833
ltoes 4.01033 -0 0
rfemur -38.7299 -9.23237 14.3508
rtibia 49.3245 -0 0
rfoot -2.15267 -3.2285 0.251066
rtoes -7.76141 0 0
lowerback 2.51139 0.552525 1.17893
upperback 1.93355 0.731316 0.191868
thorax 0.686557 0.387797 -0.608159
lowerneck -6.92855 -1.79235 3.69769
upperneck 2.41664 -2.8167 1.7794
head 2.20526 -1.29297 -0.177384
lclavicle -2.44903e-14 1.37718e-14 -1.61452e-32
lhumerus -45.5572 -25.2715 102.087
lradius 52.5963 -0 0
lwrist 15.7732 0 0
lhand -9.01282 5.0779 0.459779
lfingers 7.12502 -0 0
lthumb 16.9134 34.0693 0.371654
rclavicle -2.44903e-14 1.37718e-14 -1.61452e-32
rhumerus -39.8065 8.50967 -88.7018
rradius 75.9529 -0 0
rwrist 8.72755 0 0
rhand -40.2031 -30.2108 0.477612
rfingers 7.12502 -0 0
rthumb -13.1548 -59.6238 0.430132
383
root 5.62794 16.1328 -14.805 5.40002 -7.8436 -3.4779
lfemur -16.0293 8.20906 -3.70878
ltibia 52.3063 -0 0
lfoot -2.91393 15.5481 1.27572
ltoes 3.74148 -0 0
rfemur -38.6395 -8.93679 14.0949
rtibia 49.2744 -0 0
rfoot -1.97094 -3.1141 0.252518
rtoes -7.91863 0 0
lowerback 2.60741 0.59967 1.22166
upperback 1.9368 0.796063 0.168616
thorax 0.638906 0.420454 -0.658978
lowerneck -6.92327 -1.65744 3.8278
upperneck 2.46372 -2.6448 1.6764
head 2.22041 -1.20763 -0.226392
lclavicle -2.45035e-14 1.36711e-14 -1.62383e-32
lhumerus -45.5089 -25.213 101.941
lradius 52.507 -0 0
lwrist 15.695 0 0
lhand -9.29197 4.94128 0.462442
lfingers 7.12502 -0 0
lthumb 16.6448 33.9546 0.373806
rclavicle -2.45035e-14 1.36711e-14 -1.62383e-32
rhumerus -39.982 8.38956 -88.7015
rradius 75.7993 -0 0
rwrist 8.81182 0 0
rhand -39.9925 -30.0227 0.480376
rfingers 7.12502 -0 0
rthumb -12.9519 -59.4481 0.432621
384
root 5.57162 16.1266 -14.6854 5.33242 -8.35357 -3.55832
lfemur -16.3269 8.21208 -3.70036
ltibia 52.3668 -0 0
lfoot -3.37323 15.3177 1.28127
ltoes 3.47263 -0 0
rfemur -38.5505 -8.64081 13.8397
rtibia 49.2243 -0 0
rfoot -1.78921 -2.99969 0.253607
rtoes -8.07584 0 0
lowerback 2.70347 0.646744 1.26447
upperback 1.94002 0.860811 0.145368
thorax 0.591226 0.453068 -0.709825
lowerneck -6.91768 -1.52253 3.95792
upperneck 2.51049 -2.47282 1.57355
head 2.23548 -1.12228 -0.275376
lclavicle -2.45168e-14 1.35704e-14 -1.63082e-32
lhumerus -45.4607 -25.1544 101.796
lradius 52.4177 -0 0
lwrist 15.6169 0 0
lhand -9.57114 4.80465 0.464439
lfingers 7.12502 -0 0
lthumb 16.3762 33.8399 0.37542
rclavicle -2.45168e-14 1.35704e-14 -1.63082e-32
rhumerus -40.1575 8.26946 -88.7009
rradius 75.6457 -0 0
rwrist 8.8961 0 0
rhand -39.782 -29.8346 0.48245
rfingers 7.12502 -0 0
rthumb -12.749 -59.2724 0.434488
385
root 5.51531 16.1204 -14.5658 5.26546 -8.86362 -3.63824
lfemur -16.6245 8.21515 -3.69195
ltibia 52.4273 -0 0
lfoot -3.83255 15.0871 1.28496
ltoes 3.20378 -0 0
rfemur -38.4629 -8.34444 13.5851
rtibia 49.1742 -0 0
rfoot -1.60748 -2.88528 0.254332
rtoes -8.23305 0 0
lowerback 2.79957 0.693745 1.30736
upperback 1.94322 0.925561 0.122122
thorax 0.543517 0.48564 -0.760699
lowerneck -6.91179 -1.38764 4.08805
upperneck 2.55694 -2.30076 1.47085
head 2.25048 -1.03692 -0.324336
lclavicle -2.453e-14 1.34697e-14 -1.63548e-32
lhumerus -45.4127 -25.0956 101.651
lradius 52.3283 -0 0
lwrist 15.5387 0 0
lhand -9.8503 4.66801 0.465771
lfingers 7.12502 -0 0
lthumb 16.1076 33.7251 0.376496
rclavicle -2.453e-14 1.34697e-14 -1.63548e-32
rhumerus -40.3328 8.14935 -88.6999
rradius 75.4921 -0 0
rwrist 8.98037 0 0
rhand -39.5715 -29.6465 0.483832
rfingers 7.12502 -0 0
rthumb -12.5461 -59.0966 0.435733
386
root 5.459 16.1142 -14.4462 5.19912 -9.37377 -3.71767
lfemur -16.9221 8.21827 -3.68356
ltibia 52.4878 -0 0
lfoot -4.29188 14.8566 1.28681
ltoes 2.93493 -0 0
rfemur -38.3767 -8.04769 13.3312
rtibia 49.1241 -0 0
rfoot -1.42575 -2.77087 0.254695
rtoes -8.39027 0 0
lowerback 2.8957 0.740675 1.35033
upperback 1.94639 0.990312 0.0988804
thorax 0.495778 0.51817 -0.8116
lowerneck -6.90559 -1.25276 4.21818
upperneck 2.60308 -2.12861 1.36831
head 2.2654 -0.951543 -0.373272
lclavicle -2.45433e-14 1.33689e-14 -1.63781e-32
lhumerus -45.3649 -25.0368 101.506
lradius 52.239 -0 0
lwrist 15.4605 0 0
lhand -10.1295 4.53136 0.466436
lfingers 7.12502 -0 0
lthumb 15.8389 33.6104 0.377034
rclavicle -2.45433e-14 1.33689e-14 -1.63781e-32
rhumerus -40.5082 8.02926 -88.6985
rradius 75.3385 -0 0
rwrist 9.06465 0 0
rhand -39.3609 -29.4584 0.484523
rfingers 7.12502 -0 0
rthumb -12.3432 -58.9209 0.436355
387
root 5.40269 16.108 -14.3266 5.1334 -9.88401 -3.79662
lfemur -17.2197 8.22142 -3.67519
ltibia 52.5482 -0 0
lfoot -4.75122 14.6261 1.28681
ltoes 2.66608 -0 0
rfemur -38.2919 -7.75056 13.0779
rtibia 49.0739 -0 0
rfoot -1.24401 -2.65646 0.254695
rtoes -8.54748 0 0
lowerback 2.99187 0.787532 1.39337
upperback 1.94954 1.05506 0.0756415
thorax 0.44801 0.550657 -0.862529
lowerneck -6.89909 -1.1179 4.34832
upperneck 2.6489 -1.95637 1.26592
head 2.28026 -0.866154 -0.422185
lclavicle -2.45565e-14 1.32682e-14 -1.63781e-32
lhumerus -45.3173 -24.9778 101.361
lradius 52.1497 -0 0
lwrist 15.3823 0 0
lhand -10.4086 4.39471 0.466436
lfingers 7.12502 -0 0
lthumb 15.5703 33.4956 0.377034
rclavicle -2.45565e-14 1.32682e-14 -1.63781e-32
rhumerus -40.6834 7.90916 -88.6968
rradius 75.185 -0 0
rwrist 9.14892 0 0
rhand -39.1504 -29.2704 0.484523
rfingers 7.12502 -0 0
rthumb -12.1403 -58.7451 0.436355
388
root 5.34638 16.1018 -14.207 5.06829 -10.3943 -3.87511
lfemur -17.5173 8.22462 -3.66683
ltibia 52.6087 -0 0
lfoot -5.21055 14.3955 1.28496
ltoes 2.39723 -0 0
rfemur -38.2085 -7.45307 12.8252
rtibia 49.0238 -0 0
rfoot -1.06228 -2.54205 0.254332
rtoes -8.7047 0 0
lowerback 3.08807 0.834317 1.4365
upperback 1.95266 1.11982 0.0524056
thorax 0.400214 0.583102 -0.913485
lowerneck -6.89228 -0.983053 4.47846
upperneck 2.69441 -1.78406 1.16367
head 2.29503 -0.780753 -0.471075
lclavicle -2.45698e-14 1.31675e-14 -1.63548e-32
lhumerus -45.2699 -24.9187 101.217
lradius 52.0604 -0 0
lwrist 15.3041 0 0
lhand -10.6878 4.25806 0.465771
lfingers 7.12502 -0 0
lthumb 15.3017 33.3809 0.376496
rclavicle -2.45698e-14 1.31675e-14 -1.63548e-32
rhumerus -40.8587 7.78907 -88.6947
rradius 75.0314 -0 0
rwrist 9.2332 0 0
rhand -38.9398 -29.0823 0.483832
rfingers 7.12502 -0 0
rthumb -11.9375 -58.5694 0.435733
389
root 5.29007 16.0956 -14.0875 5.00378 -10.9048 -3.95313
lfemur -17.8149 8.22786 -3.65849
ltibia 52.6692 -0 0
lfoot -5.66987 14.165 1.28127
ltoes 2.12838 -0 0
rfemur -38.1264 -7.15521 12.5731
rtibia 48.9737 -0 0
rfoot -0.880547 -2.42764 0.253607
rtoes -8.86191 0 0
lowerback 3.18432 0.88103 1.4797
upperback 1.95575 1.18457 0.0291728
thorax 0.352388 0.615504 -0.964469
lowerneck -6.88516 -0.848221 4.60862
upperneck 2.73961 -1.61167 1.06157
head 2.30974 -0.695339 -0.519942
lclavicle -2.4583e-14 1.30668e-14 -1.63082e-32
lhumerus -45.2227 -24.8596 101.072
lradius 51.971 -0 0
lwrist 15.2259 0 0
lhand -10.967 4.12142 0.464439
lfingers 7.12502 -0 0
lthumb 15.0331 33.2661 0.37542
rclavicle -2.4583e-14 1.30668e-14 -1.63082e-32
rhumerus -41.0339 7.66899 -88.6922
rradius 74.8778 -0 0
rwrist 9.31747 0 0
rhand -38.7293 -28.8942 0.48245
rfingers 7.12502 -0 0
rthumb -11.7346 -58.3936 0.434488
390
root 5.23375 16.0894 -13.9679 4.93987 -11.4153 -4.0307
lfemur -18.1126 8.23115 -3.65017
ltibia 52.7297 -0 0
lfoot -6.12917 13.9345 1.27572
ltoes 1.85953 -0 0
rfemur -38.0458 -6.857 12.3216
rtibia 48.9236 -0 0
rfoot -0.698817 -2.31323 0.252518
rtoes -9.01912 0 0
lowerback 3.28059 0.92767 1.52299
upperback 1.95881 1.24933 0.00594285
thorax 0.304533 0.647864 -1.01548
lowerneck -6.87774 -0.713406 4.7388
upperneck 2.7845 -1.43919 0.959616
head 2.32437 -0.609913 -0.568786
lclavicle -2.45963e-14 1.29661e-14 -1.62383e-32
lhumerus -45.1756 -24.8003 100.928
lradius 51.8817 -0 0
lwrist 15.1478 0 0
lhand -11.2461 3.98479 0.462442
lfingers 7.12502 -0 0
lthumb 14.7645 33.1514 0.373806
rclavicle -2.45963e-14 1.29661e-14 -1.62383e-32
rhumerus -41.209 7.54892 -88.6893
rradius 74.7242 -0 0
rwrist 9.40175 0 0
rhand -38.5188 -28.7061 0.480376
rfingers 7.12502 -0 0
rthumb -11.5317 -58.2179 0.432621
391
root 5.17744 16.0832 -13.8483 4.87655 -11.9258 -4.10784
lfemur -18.4102 8.23448 -3.64186
ltibia 52.7901 -0 0
lfoot -6.58844 13.7041 1.26833
ltoes 1.59068 -0 0
rfemur -37.9665 -6.55845 12.0707
rtibia 48.8735 -0 0
rfoot -0.517089 -2.19883 0.251066
rtoes -9.17634 0 0
lowerback 3.37691 0.974237 1.56635
upperback 1.96185 1.31409 -0.0172842
thorax 0.256649 0.680181 -1.06652
lowerneck -6.87001 -0.578608 4.86898
upperneck 2.82907 -1.26664 0.857804
head 2.33893 -0.524474 -0.617607
lclavicle -2.46095e-14 1.28653e-14 -1.61452e-32
lhumerus -45.1288 -24.7409 100.783
lradius 51.7924 -0 0
lwrist 15.0696 0 0
lhand -11.5253 3.84817 0.459779
lfingers 7.12502 -0 0
lthumb 14.4959 33.0367 0.371654
rclavicle -2.46095e-14 1.28653e-14 -1.61452e-32
rhumerus -41.3841 7.42885 -88.6861
rradius 74.5706 -0 0
rwrist 9.48602 0 0
rhand -38.3082 -28.518 0.477612
rfingers 7.12502 -0 0
rthumb -11.3288 -58.0422 0.430132
392
root 5.12113 16.077 -13.7287 4.81381 -12.4365 -4.18455
lfemur -18.7078 8.23785 -3.63358
ltibia 52.8506 -0 0
lfoot -7.04768 13.4737 1.2591
ltoes 1.32183 -0 0
rfemur -37.8885 -6.25955 11.8204
rtibia 48.8234 -0 0
rfoot -0.335364 -2.08443 0.249252
rtoes -9.33355 0 0
lowerback 3.47326 1.02073 1.60979
upperback 1.96487 1.37884 -0.0405084
thorax 0.208736 0.712455 -1.11758
lowerneck -6.86197 -0.443828 4.99918
upperneck 2.87334 -1.09401 0.756131
head 2.35342 -0.439023 -0.666406
lclavicle -2.46228e-14 1.27646e-14 -1.60287e-32
lhumerus -45.0821 -24.6814 100.639
lradius 51.703 -0 0
lwrist 14.9914 0 0
lhand -11.8044 3.71156 0.45645
lfingers 7.12502 -0 0
lthumb 14.2273 32.922 0.368965
rclavicle -2.46228e-14 1.27646e-14 -1.60287e-32
rhumerus -41.5592 7.3088 -88.6825
rradius 74.417 -0 0
rwrist 9.5703 0 0
rhand -38.0977 -28.3299 0.474156
rfingers 7.12502 -0 0
rthumb -11.126 -57.8665 0.427021
393
root 5.06482 16.0708 -13.6091 4.75164 -12.9473 -4.26083
lfemur -19.0054 8.24126 -3.62531
ltibia 52.9111 -0 0
lfoot -7.50688 13.2435 1.24802
ltoes 1.05298 -0 0
rfemur -37.8119 -5.96031 11.5706
rtibia 48.7733 -0 0
rfoot -0.153643 -1.97004 0.247075
rtoes -9.49077 0 0
lowerback 3.56964 1.06715 1.65331
upperback 1.96785 1.4436 -0.0637299
thorax 0.160793 0.744687 -1.16868
lowerneck -6.85363 -0.309066 5.1294
upperneck 2.9173 -0.921296 0.654598
head 2.36783 -0.353559 -0.715183
lclavicle -2.4636e-14 1.26639e-14 -1.58889e-32
lhumerus -45.0356 -24.6218 100.495
lradius 51.6137 -0 0
lwrist 14.9132 0 0
lhand -12.0836 3.57497 0.452456
lfingers 7.12502 -0 0
lthumb 13.9587 32.8073 0.365738
rclavicle -2.4636e-14 1.26639e-14 -1.58889e-32
rhumerus -41.7342 7.18876 -88.6786
rradius 74.2634 -0 0
rwrist 9.65457 0 0
rhand -37.8872 -28.1419 0.47001
rfingers 7.12502 -0 0
rthumb -10.9231 -57.6908 0.423288
394
root 5.00851 16.0646 -13.4895 4.69004 -13.4581 -4.33671
lfemur -19.303 8.24471 -3.61705
ltibia 52.9716 -0 0
lfoot -7.96602 13.0133 1.23509
ltoes 0.784126 -0 0
rfemur -37.7367 -5.66075 11.3213
rtibia 48.7231 -0 0
rfoot 0.0280728 -1.85566 0.244535
rtoes -9.64798 0 0
lowerback 3.66607 1.1135 1.69691
upperback 1.97082 1.50836 -0.0869486
thorax 0.112822 0.776875 -1.2198
lowerneck -6.84499 -0.174324 5.25964
upperneck 2.96095 -0.748508 0.553202
head 2.38218 -0.268083 -0.763939
lclavicle -2.46493e-14 1.25632e-14 -1.57258e-32
lhumerus -44.9893 -24.562 100.351
lradius 51.5244 -0 0
lwrist 14.835 0 0
lhand -12.3627 3.4384 0.447797
lfingers 7.12502 -0 0
lthumb 13.6901 32.6926 0.361973
rclavicle -2.46493e-14 1.25632e-14 -1.57258e-32
rhumerus -41.9092 7.06873 -88.6742
rradius 74.1098 -0 0
rwrist 9.73885 0 0
rhand -37.6767 -27.9538 0.465172
rfingers 7.12502 -0 0
rthumb -10.7203 -57.5151 0.418932
395
root 4.9522 16.0584 -13.3699 4.62901 -13.969 -4.41218
lfemur -19.6007 8.24821 -3.60882
ltibia 53.032 -0 0
lfoot -8.42511 12.7832 1.22032
ltoes 0.515275 -0 0
rfemur -37.6628 -5.36086 11.0726
rtibia 48.673 -0 0
rfoot 0.209783 -1.74128 0.241632
rtoes -9.80519 0 0
lowerback 3.76253 1.15977 1.74059
upperback 1.97375 1.57313 -0.110165
thorax 0.0648215 0.809021 -1.27094
lowerneck -6.83603 -0.0396014 5.3899
upperneck 3.0043 -0.575643 0.451941
head 2.39644 -0.182595 -0.812672
lclavicle -2.46626e-14 1.24625e-14 -1.55394e-32
lhumerus -44.9432 -24.5022 100.207
lradius 51.4351 -0 0
lwrist 14.7569 0 0
lhand -12.6418 3.30186 0.442472
lfingers 7.12502 -0 0
lthumb 13.4215 32.5779 0.35767
rclavicle -2.46626e-14 1.24625e-14 -1.55394e-32
rhumerus -42.0841 6.94871 -88.6696
rradius 73.9562 -0 0
rwrist 9.82312 0 0
rhand -37.4663 -27.7658 0.459644
rfingers 7.12502 -0 0
rthumb -10.5174 -57.3394 0.413955
396
root 4.89588 16.0522 -13.2504 4.56853 -14.48 -4.48727
lfemur -19.8983 8.25175 -3.6006
ltibia 53.0925 -0 0
lfoot -8.88413 12.5533 1.20371
ltoes 0.246425 -0 0
rfemur -37.5903 -5.06066 10.8244
rtibia 48.6229 -0 0
rfoot 0.391488 -1.62692 0.238367
rtoes -9.96241 0 0
lowerback 3.85903 1.20598 1.78434
upperback 1.97666 1.63789 -0.133378
thorax 0.016792 0.841125 -1.32212
lowerneck -6.82677 0.0951002 5.52018
upperneck 3.04734 -0.402701 0.350813
head 2.41064 -0.0970954 -0.861384
lclavicle -2.46758e-14 1.23618e-14 -1.53297e-32
lhumerus -44.8973 -24.4423 100.063
lradius 51.3457 -0 0
lwrist 14.6787 0 0
lhand -12.9209 3.16534 0.436483
lfingers 7.12502 -0 0
lthumb 13.1529 32.4633 0.35283
rclavicle -2.46758e-14 1.23618e-14 -1.53297e-32
rhumerus -42.259 6.82871 -88.6645
rradius 73.8026 -0 0
rwrist 9.9074 0 0
rhand -37.2558 -27.5778 0.453426
rfingers 7.12502 -0 0
rthumb -10.3146 -57.1638 0.408356
397
root 4.83957 16.046 -13.1308 4.50861 -14.991 -4.56197
lfemur -20.1959 8.25533 -3.59241
ltibia 53.153 -0 0
lfoot -9.34308 12.3235 1.18526
ltoes -0.0224256 0 0
rfemur -37.5191 -4.76015 10.5766
rtibia 48.5728 -0 0
rfoot 0.573185 -1.51256 0.234739
rtoes -10.1196 0 0
lowerback 3.95556 1.2521 1.82818
upperback 1.97954 1.70265 -0.156589
thorax -0.0312665 0.873185 -1.37332
lowerneck -6.81721 0.22978 5.65048
upperneck 3.09007 -0.229684 0.249817
head 2.42476 -0.0115834 -0.910075
lclavicle -2.46891e-14 1.2261e-14 -1.50968e-32
lhumerus -44.8516 -24.3823 99.9198
lradius 51.2564 -0 0
lwrist 14.6005 0 0
lhand -13.2 3.02886 0.429828
lfingers 7.12502 -0 0
lthumb 12.8844 32.3486 0.347453
rclavicle -2.46891e-14 1.2261e-14 -1.50968e-32
rhumerus -42.4339 6.70872 -88.6591
rradius 73.649 -0 0
rwrist 9.99167 0 0
rhand -37.0454 -27.3898 0.446516
rfingers 7.12502 -0 0
rthumb -10.1118 -56.9881 0.402135
398
root 4.78326 16.0398 -13.0112 4.44923 -15.5022 -4.6363
lfemur -20.4935 8.25896 -3.58423
ltibia 53.2135 -0 0
lfoot -9.80195 12.0938 1.16496
ltoes -0.291276 0 0
rfemur -37.4492 -4.45934 10.3294
rtibia 48.5227 -0 0
rfoot 0.754875 -1.39822 0.230748
rtoes -10.2768 0 0
lowerback 4.05213 1.29816 1.87209
upperback 1.9824 1.76742 -0.179798
thorax -0.0793542 0.905202 -1.42455
lowerneck -6.80734 0.364438 5.7808
upperneck 3.13249 -0.0565921 0.14895
head 2.43881 0.0739407 -0.958744
lclavicle -2.47023e-14 1.21603e-14 -1.48405e-32
lhumerus -44.806 -24.3221 99.7764
lradius 51.1671 -0 0
lwrist 14.5223 0 0
lhand -13.4791 2.8924 0.422509
lfingers 7.12502 -0 0
lthumb 12.6158 32.234 0.341539
rclavicle -2.47023e-14 1.21603e-14 -1.48405e-32
rhumerus -42.6087 6.58875 -88.6533
rradius 73.4954 -0 0
rwrist 10.0759 0 0
rhand -36.835 -27.2019 0.438917
rfingers 7.12502 -0 0
rthumb -9.90906 -56.8125 0.395293
399
root 4.72695 16.0336 -12.8916 4.39039 -16.0134 -4.71026
lfemur -20.7912 8.26262 -3.57607
ltibia 53.2739 -0 0
lfoot -10.2607 11.8644 1.14283
ltoes -0.560127 0 0
rfemur -37.3807 -4.15822 10.0826
rtibia 48.4726 -0 0
rfoot 0.936556 -1.28389 0.226395
rtoes -10.434 0 0
lowerback 4.14874 1.34413 1.91608
upperback 1.98523 1.83219 -0.203004
thorax -0.127471 0.937176 -1.47581
lowerneck -6.79716 0.499074 5.91115
upperneck 3.17461 0.116574 0.0482122
head 2.45279 0.159477 -1.00739
lclavicle -2.47156e-14 1.20596e-14 -1.45609e-32
lhumerus -44.7607 -24.2619 99.633
lradius 51.0777 -0 0
lwrist 14.4441 0 0
lhand -13.7582 2.75599 0.414525
lfingers 7.12502 -0 0
lthumb 12.3473 32.1195 0.335087
rclavicle -2.47156e-14 1.20596e-14 -1.45609e-32
rhumerus -42.7836 6.4688 -88.6471
rradius 73.3418 -0 0
rwrist 10.1602 0 0
rhand -36.6246 -27.014 0.430628
rfingers 7.12502 -0 0
rthumb -9.70631 -56.6369 0.387829
400
root 4.67064 16.0274 -12.772 4.33209 -16.5247 -4.78388
lfemur -21.0888 8.26633 -3.56793
ltibia 53.3344 -0 0
lfoot -10.7194 11.6351 1.11887
ltoes -0.828977 0 0
rfemur -37.3135 -3.85682 9.83623
rtibia 48.4225 -0 0
rfoot 1.11823 -1.16958 0.221679
rtoes -10.5913 0 0
lowerback 4.24539 1.39004 1.96015
upperback 1.98803 1.89696 -0.226208
thorax -0.175617 0.969107 -1.52709
lowerneck -6.78667 0.633686 6.04153
upperneck 3.21643 0.289815 -0.0523998
head 2.4667 0.245024 -1.05602
lclavicle -2.47288e-14 1.19589e-14 -1.42581e-32
lhumerus -44.7155 -24.2016 99.4898
lradius 50.9884 -0 0
lwrist 14.366 0 0
lhand -14.0372 2.61962 0.405877
lfingers 7.12502 -0 0
lthumb 12.0787 32.0049 0.328099
rclavicle -2.47288e-14 1.19589e-14 -1.42581e-32
rhumerus -42.9584 6.34887 -88.6406
rradius 73.1882 -0 0
rwrist 10.2445 0 0
rhand -36.4142 -26.8261 0.421649
rfingers 7.12502 -0 0
rthumb -9.50358 -56.4614 0.379744
401
root 4.61433 16.0212 -12.6524 4.27431 -17.036 -4.85714
lfemur -21.3864 8.27008 -3.55981
ltibia 53.3949 -0 0
lfoot -11.178 11.406 1.09306
ltoes -1.09783 0 0
rfemur -37.2476 -3.55513 9.59032
rtibia 48.3723 -0 0
rfoot 1.29989 -1.05528 0.216601
rtoes -10.7485 0 0
lowerback 4.34207 1.43587 2.0043
upperback 1.99081 1.96172 -0.249409
thorax -0.223791 1.001 -1.5784
lowerneck -6.77588 0.768273 6.17193
upperneck 3.25794 0.463128 -0.152887
head 2.48053 0.330584 -1.10463
lclavicle -2.47421e-14 1.18582e-14 -1.39319e-32
lhumerus -44.6705 -24.1411 99.3467
lradius 50.8991 -0 0
lwrist 14.2878 0 0
lhand -14.3162 2.48329 0.396565
lfingers 7.12502 -0 0
lthumb 11.8102 31.8904 0.320574
rclavicle -2.47421e-14 1.18582e-14 -1.39319e-32
rhumerus -43.1331 6.22896 -88.6337
rradius 73.0346 -0 0
rwrist 10.3288 0 0
rhand -36.2039 -26.6382 0.41198
rfingers 7.12502 -0 0
rthumb -9.30088 -56.2858 0.371038
402
root 4.55802 16.015 -12.5329 4.21706 -17.5475 -4.93007
lfemur -21.6841 8.27387 -3.55171
ltibia 53.4554 -0 0
lfoot -11.6365 11.1771 1.06543
ltoes -1.36668 0 0
rfemur -37.183 -3.25316 9.34485
rtibia 48.3222 -0 0
rfoot 1.48154 -0.940994 0.21116
rtoes -10.9057 0 0
lowerback 4.43879 1.48163 2.04853
upperback 1.99356 2.02649 -0.272609
thorax -0.271995 1.03284 -1.62974
lowerneck -6.76478 0.902836 6.30237
upperneck 3.29916 0.636514 -0.253252
head 2.49429 0.416155 -1.15322
lclavicle -2.47553e-14 1.17575e-14 -1.35824e-32
lhumerus -44.6257 -24.0806 99.2037
lradius 50.8097 -0 0
lwrist 14.2096 0 0
lhand -14.5952 2.34701 0.386589
lfingers 7.12502 -0 0
lthumb 11.5417 31.776 0.312513
rclavicle -2.47553e-14 1.17575e-14 -1.35824e-32
rhumerus -43.3079 6.10907 -88.6264
rradius 72.881 -0 0
rwrist 10.413 0 0
rhand -35.9936 -26.4504 0.401621
rfingers 7.12502 -0 0
rthumb -9.09821 -56.1103 0.361711
403
root 4.5017 16.0088 -12.4133 4.16033 -18.0589 -5.00267
lfemur -21.9817 8.2777 -3.54363
ltibia 53.5158 -0 0
lfoot -12.0948 10.9485 1.03597
ltoes -1.63553 0 0
rfemur -37.1198 -2.95092 9.09978
rtibia 48.2721 -0 0
rfoot 1.66318 -0.826729 0.205357
rtoes -11.0629 0 0
lowerback 4.53555 1.52731 2.09283
upperback 1.99629 2.09127 -0.295806
thorax -0.320228 1.06464 -1.68111
lowerneck -6.75338 1.03737 6.43284
upperneck 3.34006 0.809972 -0.353496
head 2.50798 0.501738 -1.20178
lclavicle -2.47686e-14 1.16567e-14 -1.32097e-32
lhumerus -44.5811 -24.0199 99.0608
lradius 50.7204 -0 0
lwrist 14.1314 0 0
lhand -14.8742 2.21077 0.37595
lfingers 7.12502 -0 0
lthumb 11.2733 31.6615 0.303915
rclavicle -2.47686e-14 1.16567e-14 -1.32097e-32
rhumerus -43.4826 5.9892 -88.6188
rradius 72.7274 -0 0
rwrist 10.4973 0 0
rhand -35.7834 -26.2627 0.390574
rfingers 7.12502 -0 0
rthumb -8.89557 -55.9349 0.351764
404
root 4.44539 16.0026 -12.2937 4.10412 -18.5705 -5.07495
lfemur -22.2794 8.28158 -3.53557
ltibia 53.5763 -0 0
lfoot -12.553 10.7201 1.00468
ltoes -1.90438 0 0
rfemur -37.0579 -2.64841 8.85511
rtibia 48.222 -0 0
rfoot 1.84481 -0.712484 0.199192
rtoes -11.2201 0 0
lowerback 4.63234 1.57291 2.13721
upperback 1.99899 2.15604 -0.319001
thorax -0.368489 1.0964 -1.7325
lowerneck -6.74166 1.17188 6.56333
upperneck 3.38067 0.983501 -0.453621
head 2.52159 0.587333 -1.25033
lclavicle -2.47818e-14 1.1556e-14 -1.28136e-32
lhumerus -44.5366 -23.9592 98.9181
lradius 50.6311 -0 0
lwrist 14.0532 0 0
lhand -15.1531 2.0746 0.364648
lfingers 7.12502 -0 0
lthumb 11.0048 31.5472 0.294781
rclavicle -2.47818e-14 1.1556e-14 -1.28136e-32
rhumerus -43.6573 5.86936 -88.6108
rradius 72.5738 -0 0
rwrist 10.5816 0 0
rhand -35.5732 -26.0749 0.378837
rfingers 7.12502 -0 0
rthumb -8.69296 -55.7595 0.341196
405
root 4.38908 15.9964 -12.1741 4.04842 -19.0821 -5.14692
lfemur -22.577 8.28549 -3.52753
ltibia 53.6368 -0 0
lfoot -13.0111 10.492 0.971563
ltoes -2.17323 0 0
rfemur -36.9972 -2.34564 8.61083
rtibia 48.1719 -0 0
rfoot 2.02643 -0.598259 0.192665
rtoes -11.3773 0 0
lowerback 4.72918 1.61844 2.18167
upperback 2.00166 2.22081 -0.342194
thorax -0.41678 1.12812 -1.78392
lowerneck -6.72964 1.30637 6.69387
upperneck 3.42098 1.1571 -0.553628
head 2.53513 0.672938 -1.29886
lclavicle -2.47951e-14 1.14553e-14 -1.23943e-32
lhumerus -44.4924 -23.8983 98.7754
lradius 50.5418 -0 0
lwrist 13.975 0 0
lhand -15.432 1.93847 0.352683
lfingers 7.12502 -0 0
lthumb 10.7364 31.4328 0.285111
rclavicle -2.47951e-14 1.14553e-14 -1.23943e-32
rhumerus -43.8319 5.74954 -88.6024
rradius 72.4202 -0 0
rwrist 10.6659 0 0
rhand -35.363 -25.8872 0.366412
rfingers 7.12502 -0 0
rthumb -8.49038 -55.5841 0.330008
406
root 4.33277 15.9901 -12.0545 3.99323 -19.5938 -5.21859
lfemur -22.8747 8.28945 -3.51951
ltibia 53.6973 -0 0
lfoot -13.4691 10.2641 0.936626
ltoes -2.44208 0 0
rfemur -36.9379 -2.04262 8.36691
rtibia 48.1218 -0 0
rfoot 2.20803 -0.484055 0.185776
rtoes -11.5345 0 0
lowerback 4.82605 1.6639 2.22621
upperback 2.00431 2.28559 -0.365385
thorax -0.4651 1.15979 -1.83537
lowerneck -6.71732 1.44082 6.82444
upperneck 3.46098 1.33077 -0.65352
head 2.5486 0.758556 -1.34737
lclavicle -2.48083e-14 1.13546e-14 -1.19516e-32
lhumerus -44.4484 -23.8374 98.6329
lradius 50.4524 -0 0
lwrist 13.8969 0 0
lhand -15.7109 1.80241 0.340055
lfingers 7.12502 -0 0
lthumb 10.4679 31.3185 0.274906
rclavicle -2.48083e-14 1.13546e-14 -1.19516e-32
rhumerus -44.0066 5.62975 -88.5937
rradius 72.2666 -0 0
rwrist 10.7501 0 0
rhand -35.1528 -25.6996 0.353299
rfingers 7.12502 -0 0
rthumb -8.28784 -55.4087 0.3182
407
root 4.27646 15.9839 -11.9349 3.93853 -20.1056 -5.28996
lfemur -23.1723 8.29345 -3.51151
ltibia 53.7577 -0 0
lfoot -13.9269 10.0365 0.899869
ltoes -2.71093 0 0
rfemur -36.8799 -1.73934 8.12335
rtibia 48.0716 -0 0
rfoot 2.38962 -0.369873 0.178525
rtoes -11.6918 0 0
lowerback 4.92295 1.70928 2.27083
upperback 2.00693 2.35036 -0.388574
thorax -0.513449 1.19142 -1.88684
lowerneck -6.70468 1.57525 6.95504
upperneck 3.50069 1.50451 -0.753298
head 2.562 0.844185 -1.39586
lclavicle -2.48216e-14 1.12539e-14 -1.14857e-32
lhumerus -44.4045 -23.7763 98.4905
lradius 50.3631 -0 0
lwrist 13.8187 0 0
lhand -15.9897 1.66641 0.326765
lfingers 7.12502 -0 0
lthumb 10.1995 31.2043 0.264166
rclavicle -2.48216e-14 1.12539e-14 -1.14857e-32
rhumerus -44.1812 5.50998 -88.5846
rradius 72.113 -0 0
rwrist 10.8344 0 0
rhand -34.9428 -25.512 0.339498
rfingers 7.12502 -0 0
rthumb -8.08533 -55.2334 0.305772
408
root 4.22015 15.9777 -11.8154 3.88434 -20.6174 -5.36105
lfemur -23.47 8.29749 -3.50353
ltibia 53.8182 -0 0
lfoot -14.3845 9.80928 0.861295
ltoes -2.97978 0 0
rfemur -36.8231 -1.43583 7.88014
rtibia 48.0215 -0 0
rfoot 2.57119 -0.255716 0.170912
rtoes -11.849 0 0
lowerback 5.0199 1.75459 2.31552
upperback 2.00953 2.41514 -0.411761
thorax -0.561826 1.223 -1.93835
lowerneck -6.69174 1.70965 7.08569
upperneck 3.54009 1.67832 -0.852964
head 2.57533 0.929825 -1.44433
lclavicle -2.48348e-14 1.11531e-14 -1.09964e-32
lhumerus -44.3608 -23.7152 98.3482
lradius 50.2738 -0 0
lwrist 13.7405 0 0
lhand -16.2685 1.53048 0.312814
lfingers 7.12502 -0 0
lthumb 9.93115 31.0901 0.25289
rclavicle -2.48348e-14 1.11531e-14 -1.09964e-32
rhumerus -44.3559 5.39025 -88.5751
rradius 71.9594 -0 0
rwrist 10.9187 0 0
rhand -34.7327 -25.3245 0.325009
rfingers 7.12502 -0 0
rthumb -7.88287 -55.0582 0.292725
409
root 4.16383 15.9715 -11.6958 3.83065 -21.1293 -5.43186
lfemur -23.7676 8.30157 -3.49558
ltibia 53.8787 -0 0
lfoot -14.842 9.58233 0.820908
ltoes -3.24863 0 0
rfemur -36.7677 -1.13207 7.63725
rtibia 47.9714 -0 0
rfoot 2.75275 -0.141582 0.162937
rtoes -12.0062 0 0
lowerback 5.11688 1.79982 2.36029
upperback 2.0121 2.47992 -0.434946
thorax -0.610233 1.25454 -1.98988
lowerneck -6.67849 1.84402 7.21637
upperneck 3.5792 1.85219 -0.95252
head 2.58858 1.01548 -1.49278
lclavicle -2.48481e-14 1.10524e-14 -1.04839e-32
lhumerus -44.3173 -23.6539 98.2061
lradius 50.1844 -0 0
lwrist 13.6623 0 0
lhand -16.5473 1.39462 0.298202
lfingers 7.12502 -0 0
lthumb 9.6628 30.976 0.24108
rclavicle -2.48481e-14 1.10524e-14 -1.04839e-32
rhumerus -44.5305 5.27054 -88.5653
rradius 71.8058 -0 0
rwrist 11.003 0 0
rhand -34.5227 -25.137 0.309833
rfingers 7.12502 -0 0
rthumb -7.68045 -54.883 0.279058
410
root 4.10752 15.9653 -11.5762 3.77744 -21.6412 -5.50241
lfemur -24.0653 8.30569 -3.48764
ltibia 53.9392 -0 0
lfoot -15.2993 9.35572 0.77871
ltoes -3.51748 0 0
rfemur -36.7136 -0.828081 7.39468
rtibia 47.9213 -0 0
rfoot 2.93429 -0.0274752 0.154601
rtoes -12.1634 0 0
lowerback 5.2139 1.84497 2.40514
upperback 2.01464 2.54469 -0.45813
thorax -0.658669 1.28604 -2.04143
lowerneck -6.66494 1.97836 7.3471
upperneck 3.61801 2.02614 -1.05197
head 2.60177 1.10114 -1.54122
lclavicle -2.48614e-14 1.09517e-14 -9.94803e-33
lhumerus -44.274 -23.5926 98.064
lradius 50.0951 -0 0
lwrist 13.5841 0 0
lhand -16.8261 1.25883 0.282928
lfingers 7.12502 -0 0
lthumb 9.39447 30.8619 0.228735
rclavicle -2.48614e-14 1.09517e-14 -9.94803e-33
rhumerus -44.7051 5.15086 -88.5551
rradius 71.6522 -0 0
rwrist 11.0872 0 0
rhand -34.3128 -24.9496 0.293969
rfingers 7.12502 -0 0
rthumb -7.47806 -54.7078 0.264773
411
root 4.05121 15.9591 -11.4566 3.72473 -22.1532 -5.57269
lfemur -24.363 8.30985 -3.47973
ltibia 53.9996 -0 0
lfoot -15.7565 9.12945 0.734706
ltoes -3.78633 0 0
rfemur -36.6607 -0.523867 7.15242
rtibia 47.8712 -0 0
rfoot 3.11582 0.086605 0.145903
rtoes -12.3206 0 0
lowerback 5.31096 1.89005 2.45007
upperback 2.01716 2.60947 -0.481311
thorax -0.707133 1.31749 -2.09302
lowerneck -6.65107 2.11266 7.47787
upperneck 3.65652 2.20015 -1.15131
head 2.61488 1.18681 -1.58963
lclavicle -2.48746e-14 1.0851e-14 -9.38889e-33
lhumerus -44.2309 -23.5311 97.9221
lradius 50.0058 -0 0
lwrist 13.506 0 0
lhand -17.1048 1.12312 0.266995
lfingers 7.12502 -0 0
lthumb 9.12616 30.7479 0.215856
rclavicle -2.48746e-14 1.0851e-14 -9.38889e-33
rhumerus -44.8796 5.03121 -88.5446
rradius 71.4986 -0 0
rwrist 11.1715 0 0
rhand -34.1029 -24.7622 0.27742
rfingers 7.12502 -0 0
rthumb -7.27573 -54.5327 0.249869
412
root 3.9949 15.9529 -11.337 3.6725 -22.6653 -5.64273
lfemur -24.6606 8.31405 -3.47184
ltibia 54.0601 -0 0
lfoot -16.2135 8.90354 0.688898
ltoes -4.05518 0 0
rfemur -36.6091 -0.219432 6.91044
rtibia 47.8211 -0 0
rfoot 3.29732 0.200657 0.136844
rtoes -12.4778 0 0
lowerback 5.40806 1.93505 2.49507
upperback 2.01965 2.67426 -0.504492
thorax -0.755626 1.3489 -2.14463
lowerneck -6.6369 2.24694 7.60868
upperneck 3.69473 2.37422 -1.25054
head 2.62791 1.2725 -1.63803
lclavicle -2.48879e-14 1.07503e-14 -8.80645e-33
lhumerus -44.1879 -23.4696 97.7803
lradius 49.9165 -0 0
lwrist 13.4278 0 0
lhand -17.3834 0.987485 0.250401
lfingers 7.12502 -0 0
lthumb 8.85788 30.6339 0.202444
rclavicle -2.48879e-14 1.07503e-14 -8.80645e-33
rhumerus -45.0542 4.9116 -88.5337
rradius 71.345 -0 0
rwrist 11.2558 0 0
rhand -33.8931 -24.5749 0.260184
rfingers 7.12502 -0 0
rthumb -7.07344 -54.3577 0.234347
413
root 3.93859 15.9467 -11.2174 3.62076 -23.1774 -5.71252
lfemur -24.9583 8.3183 -3.46397
ltibia 54.1206 -0 0
lfoot -16.6702 8.67801 0.64129
ltoes -4.32403 0 0
rfemur -36.5589 0.0852181 6.66874
rtibia 47.771 -0 0
rfoot 3.47881 0.31468 0.127424
rtoes -12.635 0 0
lowerback 5.50519 1.97997 2.54016
upperback 2.02211 2.73904 -0.52767
thorax -0.804149 1.38027 -2.19627
lowerneck -6.62242 2.38118 7.73954
upperneck 3.73265 2.54837 -1.34967
head 2.64088 1.35819 -1.68641
lclavicle -2.49011e-14 1.06496e-14 -8.20071e-33
lhumerus -44.1452 -23.4079 97.6386
lradius 49.8271 -0 0
lwrist 13.3496 0 0
lhand -17.6621 0.851934 0.233148
lfingers 7.12502 -0 0
lthumb 8.58963 30.52 0.188498
rclavicle -2.49011e-14 1.06496e-14 -8.20071e-33
rhumerus -45.2288 4.79202 -88.5224
rradius 71.1914 -0 0
rwrist 11.3401 0 0
rhand -33.6833 -24.3877 0.242262
rfingers 7.12502 -0 0
rthumb -6.8712 -54.1827 0.218208
414
root 3.88228 15.9405 -11.0979 3.56949 -23.6896 -5.78208
lfemur -25.256 8.32258 -3.45612
ltibia 54.1811 -0 0
lfoot -17.1268 8.45286 0.591887
ltoes -4.59288 0 0
rfemur -36.5099 0.390077 6.42729
rtibia 47.7208 -0 0
rfoot 3.66028 0.428672 0.117643
rtoes -12.7923 0 0
lowerback 5.60236 2.02482 2.58532
upperback 2.02455 2.80382 -0.550847
thorax -0.8527 1.41159 -2.24793
lowerneck -6.60763 2.51539 7.87044
upperneck 3.77027 2.72258 -1.4487
head 2.65377 1.4439 -1.73477
lclavicle -2.49144e-14 1.05488e-14 -7.57168e-33
lhumerus -44.1026 -23.3462 97.497
lradius 49.7378 -0 0
lwrist 13.2714 0 0
lhand -17.9407 0.716468 0.215236
lfingers 7.12502 -0 0
lthumb 8.32141 30.4062 0.174019
rclavicle -2.49144e-14 1.05488e-14 -7.57168e-33
rhumerus -45.4033 4.67248 -88.5108
rradius 71.0378 -0 0
rwrist 11.4243 0 0
rhand -33.4736 -24.2005 0.223655
rfingers 7.12502 -0 0
rthumb -6.66901 -54.0077 0.20145
415
root 3.82596 15.9343 -10.9783 3.51871 -24.2019 -5.85141
lfemur -25.5536 8.3269 -3.44829
ltibia 54.2415 -0 0
lfoot -17.5832 8.22812 0.540691
ltoes -4.86174 0 0
rfemur -36.4622 0.69514 6.1861
rtibia 47.6707 -0 0
rfoot 3.84173 0.542633 0.1075
rtoes -12.9495 0 0
lowerback 5.69957 2.06959 2.63055
upperback 2.02696 2.8686 -0.574023
thorax -0.90128 1.44287 -2.29963
lowerneck -6.59254 2.64956 8.0014
upperneck 3.8076 2.89685 -1.54764
head 2.6666 1.52962 -1.78312
lclavicle -2.49276e-14 1.04481e-14 -6.91935e-33
lhumerus -44.0602 -23.2844 97.3556
lradius 49.6485 -0 0
lwrist 13.1932 0 0
lhand -18.2192 0.581092 0.196666
lfingers 7.12502 -0 0
lthumb 8.05322 30.2924 0.159007
rclavicle -2.49276e-14 1.04481e-14 -6.91935e-33
rhumerus -45.5779 4.55297 -88.4988
rradius 70.8842 -0 0
rwrist 11.5086 0 0
rhand -33.2639 -24.0134 0.204363
rfingers 7.12502 -0 0
rthumb -6.46687 -53.8328 0.184076
416
root 3.76965 15.9281 -10.8587 3.4684 -24.7141 -5.92052
lfemur -25.8513 8.33127 -3.44049
ltibia 54.302 -0 0
lfoot -18.0394 8.0038 0.487707
ltoes -5.13059 0 0
rfemur -36.4157 1.0004 5.94515
rtibia 47.6206 -0 0
rfoot 4.02316 0.656561 0.096997
rtoes -13.1067 0 0
lowerback 5.79682 2.11429 2.67587
upperback 2.02935 2.93339 -0.597197
thorax -0.949889 1.47411 -2.35135
lowerneck -6.57713 2.7837 8.1324
upperneck 3.84463 3.07119 -1.64647
head 2.67935 1.61534 -1.83144
lclavicle -2.49409e-14 1.03474e-14 -6.24373e-33
lhumerus -44.0181 -23.2224 97.2142
lradius 49.5591 -0 0
lwrist 13.1151 0 0
lhand -18.4977 0.445807 0.177437
lfingers 7.12502 -0 0
lthumb 7.78505 30.1787 0.143463
rclavicle -2.49409e-14 1.03474e-14 -6.24373e-33
rhumerus -45.7524 4.43349 -88.4864
rradius 70.7306 -0 0
rwrist 11.5929 0 0
rhand -33.0543 -23.8264 0.184387
rfingers 7.12502 -0 0
rthumb -6.26478 -53.658 0.166084
417
root 3.71334 15.9219 -10.7391 3.41856 -25.2265 -5.98943
lfemur -26.149 8.33567 -3.43271
ltibia 54.3625 -0 0
lfoot -18.4953 7.7799 0.43294
ltoes -5.39944 0 0
rfemur -36.3706 1.30585 5.70441
rtibia 47.5705 -0 0
rfoot 4.20456 0.770455 0.0861331
rtoes -13.2639 0 0
lowerback 5.89411 2.15891 2.72126
upperback 2.03171 2.99817 -0.62037
thorax -0.998527 1.5053 -2.40309
lowerneck -6.56142 2.91781 8.26345
upperneck 3.88136 3.24559 -1.7452
head 2.69203 1.70108 -1.87975
lclavicle -2.49541e-14 1.02467e-14 -5.5448e-33
lhumerus -43.976 -23.1604 97.073
lradius 49.4698 -0 0
lwrist 13.0369 0 0
lhand -18.7762 0.310617 0.157552
lfingers 7.12502 -0 0
lthumb 7.51692 30.0651 0.127387
rclavicle -2.49541e-14 1.02467e-14 -5.5448e-33
rhumerus -45.927 4.31406 -88.4737
rradius 70.577 -0 0
rwrist 11.6772 0 0
rhand -32.8448 -23.6394 0.163727
rfingers 7.12502 -0 0
rthumb -6.06276 -53.4833 0.147477
418
root 3.65703 15.9157 -10.6195 3.36919 -25.7389 -6.05813
lfemur -26.4467 8.34012 -3.42496
ltibia 54.423 -0 0
lfoot -18.9511 7.55645 0.376393
ltoes -5.66829 0 0
rfemur -36.3267 1.61149 5.46388
rtibia 47.5204 -0 0
rfoot 4.38595 0.884314 0.0749086
rtoes -13.4211 0 0
lowerback 5.99143 2.20345 2.76673
upperback 2.03404 3.06296 -0.643542
thorax -1.04719 1.53645 -2.45487
lowerneck -6.54539 3.05187 8.39456
upperneck 3.9178 3.42005 -1.84385
head 2.70463 1.78683 -1.92805
lclavicle -2.49674e-14 1.0146e-14 -4.82258e-33
lhumerus -43.9342 -23.0983 96.9319
lradius 49.3805 -0 0
lwrist 12.9587 0 0
lhand -19.0546 0.175526 0.13701
lfingers 7.12502 -0 0
lthumb 7.24882 29.9516 0.11078
rclavicle -2.49674e-14 1.0146e-14 -4.82258e-33
rhumerus -46.1015 4.19466 -88.4606
rradius 70.4234 -0 0
rwrist 11.7614 0 0
rhand -32.6354 -23.4525 0.142383
rfingers 7.12502 -0 0
rthumb -5.86078 -53.3086 0.128253
419
root 3.60072 15.9095 -10.4999 3.3203 -26.2514 -6.12665
lfemur -26.7443 8.3446 -3.41722
ltibia 54.4834 -0 0
lfoot -19.4066 7.33346 0.318071
ltoes -5.93714 0 0
rfemur -36.2841 1.91732 5.22355
rtibia 47.4703 -0 0
rfoot 4.56731 0.998137 0.0633238
rtoes -13.5783 0 0
lowerback 6.0888 2.24791 2.81227
upperback 2.03635 3.12775 -0.666712
thorax -1.09589 1.56755 -2.50667
lowerneck -6.52906 3.18591 8.52572
upperneck 3.95394 3.59458 -1.9424
head 2.71717 1.87259 -1.97633
lclavicle -2.49806e-14 1.00452e-14 -4.07706e-33
lhumerus -43.8926 -23.0361 96.7909
lradius 49.2911 -0 0
lwrist 12.8805 0 0
lhand -19.3329 0.0405365 0.115811
lfingers 7.12502 -0 0
lthumb 6.98076 29.8381 0.0936417
rclavicle -2.49806e-14 1.00452e-14 -4.07706e-33
rhumerus -46.2761 4.07531 -88.4471
rradius 70.2698 -0 0
rwrist 11.8457 0 0
rhand -32.426 -23.2657 0.120357
rfingers 7.12502 -0 0
rthumb -5.65887 -53.134 0.108414
420
root 3.54441 15.9033 -10.3804 3.27187 -26.7639 -6.19498
lfemur -27.042 8.34912 -3.40952
ltibia 54.5439 -0 0
lfoot -19.8618 7.11094 0.257978
ltoes -6.20599 0 0
rfemur -36.2428 2.22331 4.9834
rtibia 47.4202 -0 0
rfoot 4.74865 1.11192 0.0513788
rtoes -13.7355 0 0
lowerback 6.1862 2.2923 2.85789
upperback 2.03863 3.19254 -0.689882
thorax -1.14461 1.59861 -2.5585
lowerneck -6.51242 3.3199 8.65694
upperneck 3.9898 3.76916 -2.04085
head 2.72963 1.95836 -2.02459
lclavicle -2.49939e-14 9.94453e-15 -3.30824e-33
lhumerus -43.8511 -22.9738 96.65
lradius 49.2018 -0 0
lwrist 12.8023 0 0
lhand -19.6112 -0.0943485 0.0939574
lfingers 7.12502 -0 0
lthumb 6.71273 29.7247 0.0759727
rclavicle -2.49939e-14 9.94453e-15 -3.30824e-33
rhumerus -46.4506 3.956 -88.4333
rradius 70.1162 -0 0
rwrist 11.93 0 0
rhand -32.2167 -23.079 0.0976479
rfingers 7.12502 -0 0
rthumb -5.45702 -52.9594 0.0879595
421
root 3.48809 15.8971 -10.2608 3.2239 -27.2764 -6.26313
lfemur -27.3397 8.35369 -3.40183
ltibia 54.6044 -0 0
lfoot -20.3169 6.88891 0.19612
ltoes -6.47484 0 0
rfemur -36.2028 2.52948 4.74342
rtibia 47.37 -0 0
rfoot 4.92997 1.22567 0.0390737
rtoes -13.8928 0 0
lowerback 6.28364 2.33661 2.90359
upperback 2.04089 3.25733 -0.71305
thorax -1.19337 1.62963 -2.61036
lowerneck -6.49547 3.45385 8.78822
upperneck 4.02535 3.94381 -2.13922
head 2.74202 2.04414 -2.07283
lclavicle -2.50071e-14 9.84381e-15 -2.51613e-33
lhumerus -43.8099 -22.9114 96.5092
lradius 49.1125 -0 0
lwrist 12.7241 0 0
lhand -19.8895 -0.229126 0.0714486
lfingers 7.12502 -0 0
lthumb 6.44473 29.6115 0.0577736
rclavicle -2.50071e-14 9.84381e-15 -2.51613e-33
rhumerus -46.6252 3.83673 -88.4191
rradius 69.9626 -0 0
rwrist 12.0143 0 0
rhand -32.0074 -22.8924 0.0742573
rfingers 7.12502 -0 0
rthumb -5.25524 -52.785 0.0668905
422
root 3.43178 15.8909 -10.1412 3.17641 -27.789 -6.33112
lfemur -27.6374 8.35829 -3.39417
ltibia 54.6649 -0 0
lfoot -20.7717 6.66737 0.132501
ltoes -6.74369 0 0
rfemur -36.164 2.83581 4.50359
rtibia 47.3199 -0 0
rfoot 5.11126 1.33938 0.0264088
rtoes -14.05 0 0
lowerback 6.38112 2.38084 2.94937
upperback 2.04312 3.32212 -0.736217
thorax -1.24215 1.6606 -2.66224
lowerneck -6.4782 3.58777 8.91955
upperneck 4.06062 4.11852 -2.2375
head 2.75434 2.12994 -2.12106
lclavicle -2.50204e-14 9.7431e-15 -1.70072e-33
lhumerus -43.7688 -22.8489 96.3686
lradius 49.0232 -0 0
lwrist 12.646 0 0
lhand -20.1677 -0.363792 0.0482857
lfingers 7.12502 -0 0
lthumb 6.17677 29.4982 0.0390448
rclavicle -2.50204e-14 9.7431e-15 -1.70072e-33
rhumerus -46.7998 3.7175 -88.4046
rradius 69.809 -0 0
rwrist 12.0985 0 0
rhand -31.7983 -22.7058 0.0501853
rfingers 7.12502 -0 0
rthumb -5.05352 -52.6106 0.0452073
423
root 3.37547 15.8847 -10.0216 3.12937 -28.3017 -6.39895
lfemur -27.9351 8.36293 -3.38653
ltibia 54.7253 -0 0
lfoot -21.2262 6.44635 0.067126
ltoes -7.01254 0 0
rfemur -36.1265 3.1423 4.2639
rtibia 47.2698 -0 0
rfoot 5.29252 1.45304 0.0133841
rtoes -14.2072 0 0
lowerback 6.47863 2.42499 2.99522
upperback 2.04532 3.38691 -0.759383
thorax -1.29096 1.69153 -2.71415
lowerneck -6.46063 3.72164 9.05094
upperneck 4.09559 4.29329 -2.3357
head 2.76659 2.21574 -2.16927
lclavicle -2.50336e-14 9.64238e-15 -8.62007e-34
lhumerus -43.7279 -22.7863 96.228
lradius 48.9338 -0 0
lwrist 12.5678 0 0
lhand -20.4458 -0.498344 0.0244693
lfingers 7.12502 -0 0
lthumb 5.90885 29.3851 0.0197867
rclavicle -2.50336e-14 9.64238e-15 -8.62007e-34
rhumerus -46.9743 3.59832 -88.3897
rradius 69.6554 -0 0
rwrist 12.1828 0 0
rhand -31.5892 -22.5194 0.0254327
rfingers 7.12502 -0 0
rthumb -4.85186 -52.4362 0.0229103
424
root 3.31916 15.8785 -9.90202 3.0828 -28.8144 -6.46663
lfemur -28.2328 8.36761 -3.37892
ltibia 54.7858 0 0
lfoot -21.6805 6.22585 0
ltoes -7.28139 0 0
rfemur -36.0903 3.44895 4.02434
rtibia 47.2197 0 0
rfoot 5.47376 1.56667 0
rtoes -14.3644 0 0
lowerback 6.57619 2.46907 3.04115
upperback 2.0475 3.4517 -0.782548
thorax -1.3398 1.72241 -2.76609
lowerneck -6.44275 3.85548 9.1824
upperneck 4.13027 4.46812 -2.43381
head 2.77877 2.30155 -2.21747
lclavicle -2.50469e-14 9.54166e-15 0
lhumerus -43.6872 -22.7236 96.0876
lradius 48.8445 0 0
lwrist 12.4896 0 0
lhand -20.7239 -0.632779 0
lfingers 7.12502 0 0
lthumb 5.64097 29.2721 0
rclavicle -2.50469e-14 9.54166e-15 0
rhumerus -47.1489 3.47918 -88.3744
rradius 69.5018 0 0
rwrist 12.2671 0 0
rhand -31.3802 -22.333 0
rfingers 7.12502 0 0
rthumb -4.65028 -772.262 0
425
root 3.34551 15.8863 -9.84788 3.02667 -27.2664 -6.42373
lfemur -28.2582 8.00663 -3.62434
ltibia 54.6794 -0 0
lfoot -21.7207 6.04655 0.00474124
ltoes -6.97021 0 0
rfemur -36.3894 3.4799 4.09275
rtibia 47.5464 -0 0
rfoot 5.509 1.69866 0.0030527
rtoes -14.3852 0 0
lowerback 6.56753 2.43169 2.9828
upperback 2.0265 3.39849 -0.75514
thorax -1.36001 1.69559 -2.70085
lowerneck -6.49496 3.67881 9.03068
upperneck 4.20433 4.23856 -2.36794
head 2.80299 2.18691 -2.18666
lclavicle -2.4872e-14 9.40565e-15 1.5571e-32
lhumerus -43.7247 -22.8739 96.3372
lradius 48.9423 -0 0
lwrist 12.3811 0 0
lhand -20.3405 -0.614666 0.00464287
lfingers 7.12502 -0 0
lthumb 6.00909 29.251 -0.00517486
rclavicle -2.4872e-14 9.40565e-15 1.5571e-32
rhumerus -47.0267 3.95999 -88.488
rradius 69.81 -0 0
rwrist 12.4253 0 0
rhand -30.9598 -22.2358 0.0274821
rfingers 7.12502 -0 0
rthumb -4.24552 -52.1426 0.0324688
426
root 3.37186 15.8942 -9.79373 2.97259 -25.7184 -6.38309
lfemur -28.282 7.64555 -3.86938
ltibia 54.573 -0 0
lfoot -21.7609 5.86724 0.00935664
ltoes -6.65903 0 0
rfemur -36.6884 3.5112 4.161
rtibia 47.8732 -0 0
rfoot 5.54425 1.83066 0.00602421
rtoes -14.4061 0 0
lowerback 6.55891 2.3943 2.92446
upperback 2.00547 3.34529 -0.727714
thorax -1.38026 1.66879 -2.63561
lowerneck -6.54669 3.502 8.87915
upperneck 4.27811 4.00891 -2.30238
head 2.82716 2.07226 -2.15591
lclavicle -2.46971e-14 9.26964e-15 3.07268e-32
lhumerus -43.7629 -23.024 96.5872
lradius 49.04 -0 0
lwrist 12.2725 0 0
lhand -19.9572 -0.596523 0.00916443
lfingers 7.12502 -0 0
lthumb 6.37722 29.2299 -0.0102143
rclavicle -2.46971e-14 9.26964e-15 3.07268e-32
rhumerus -46.9054 4.44104 -88.6007
rradius 70.1182 -0 0
rwrist 12.5835 0 0
rhand -30.5394 -22.1384 0.0542502
rfingers 7.12502 -0 0
rthumb -3.84069 -52.0229 0.0640933
427
root 3.39822 15.902 -9.73959 2.92038 -24.1703 -6.34455
lfemur -28.3042 7.28437 -4.11407
ltibia 54.4666 -0 0
lfoot -21.8012 5.68793 0.0138461
ltoes -6.34785 0 0
rfemur -36.9875 3.54285 4.22909
rtibia 48.1999 -0 0
rfoot 5.57951 1.96266 0.0089145
rtoes -14.4269 0 0
lowerback 6.55033 2.3569 2.86613
upperback 1.98442 3.29209 -0.70027
thorax -1.40054 1.64201 -2.57036
lowerneck -6.59795 3.32505 8.72781
upperneck 4.35161 3.77918 -2.23714
head 2.85125 1.95759 -2.12521
lclavicle -2.45221e-14 9.13363e-15 4.54673e-32
lhumerus -43.802 -23.174 96.8376
lradius 49.1378 -0 0
lwrist 12.164 0 0
lhand -19.5738 -0.578349 0.0135645
lfingers 7.12502 -0 0
lthumb 6.74535 29.2088 -0.0151181
rclavicle -2.45221e-14 9.13363e-15 4.54673e-32
rhumerus -46.7849 4.92233 -88.7124
rradius 70.4264 -0 0
rwrist 12.7417 0 0
rhand -30.119 -22.0408 0.0803028
rfingers 7.12502 -0 0
rthumb -3.4358 -51.9031 0.0948715
428
root 3.42457 15.9099 -9.68545 2.8699 -22.6222 -6.30799
lfemur -28.3248 6.92309 -4.35842
ltibia 54.3601 -0 0
lfoot -21.8414 5.50862 0.0182097
ltoes -6.03667 0 0
rfemur -37.2865 3.57486 4.29701
rtibia 48.5266 -0 0
rfoot 5.61477 2.09466 0.0117236
rtoes -14.4478 0 0
lowerback 6.54179 2.31949 2.8078
upperback 1.96335 3.23891 -0.672808
thorax -1.42084 1.61525 -2.50509
lowerneck -6.64873 3.14797 8.57665
upperneck 4.42482 3.54936 -2.17221
head 2.87529 1.84291 -2.09455
lclavicle -2.43472e-14 8.99762e-15 5.97927e-32
lhumerus -43.8417 -23.3239 97.0884
lradius 49.2356 -0 0
lwrist 12.0554 0 0
lhand -19.1904 -0.560147 0.0178429
lfingers 7.12502 -0 0
lthumb 7.11348 29.1877 -0.0198861
rclavicle -2.43472e-14 8.99762e-15 5.97927e-32
rhumerus -46.6653 5.40385 -88.8232
rradius 70.7346 -0 0
rwrist 12.8999 0 0
rhand -29.6985 -21.943 0.105638
rfingers 7.12502 -0 0
rthumb -3.03085 -51.783 0.124802
429
root 3.45092 15.9177 -9.6313 2.82103 -21.074 -6.27329
lfemur -28.3439 6.56174 -4.60247
ltibia 54.2537 -0 0
lfoot -21.8817 5.3293 0.0224473
ltoes -5.7255 0 0
rfemur -37.5855 3.60723 4.36477
rtibia 48.8533 -0 0
rfoot 5.65004 2.22666 0.0144514
rtoes -14.4686 0 0
lowerback 6.53329 2.28207 2.74948
upperback 1.94225 3.18574 -0.645328
thorax -1.44118 1.58852 -2.43982
lowerneck -6.69903 2.97075 8.42568
upperneck 4.49775 3.31946 -2.10758
head 2.89926 1.72822 -2.06395
lclavicle -2.41723e-14 8.86161e-15 7.37028e-32
lhumerus -43.8822 -23.4735 97.3396
lradius 49.3334 -0 0
lwrist 11.9469 0 0
lhand -18.807 -0.541917 0.0219994
lfingers 7.12502 -0 0
lthumb 7.48161 29.1665 -0.0245181
rclavicle -2.41723e-14 8.86161e-15 7.37028e-32
rhumerus -46.5465 5.8856 -88.9331
rradius 71.0428 -0 0
rwrist 13.0581 0 0
rhand -29.2779 -21.845 0.130256
rfingers 7.12502 -0 0
rthumb -2.62583 -51.6627 0.153883
430
root 3.47727 15.9255 -9.57716 2.77364 -19.5259 -6.24033
lfemur -28.3614 6.2003 -4.84622
ltibia 54.1473 -0 0
lfoot -21.9219 5.14998 0.0265588
ltoes -5.41432 0 0
rfemur -37.8844 3.63994 4.43236
rtibia 49.1801 -0 0
rfoot 5.68531 2.35866 0.0170979
rtoes -14.4894 0 0
lowerback 6.52482 2.24465 2.69117
upperback 1.92112 3.13258 -0.61783
thorax -1.46154 1.56181 -2.37454
lowerneck -6.74885 2.79341 8.27488
upperneck 4.57041 3.08948 -2.04327
head 2.92317 1.61351 -2.03339
lclavicle -2.39974e-14 8.7256e-15 8.71976e-32
lhumerus -43.9235 -23.623 97.5912
lradius 49.4311 -0 0
lwrist 11.8384 0 0
lhand -18.4237 -0.523659 0.0260338
lfingers 7.12502 -0 0
lthumb 7.84975 29.1453 -0.0290139
rclavicle -2.39974e-14 8.7256e-15 8.71976e-32
rhumerus -46.4286 6.36757 -89.042
rradius 71.351 -0 0
rwrist 13.2163 0 0
rhand -28.8574 -21.7469 0.154153
rfingers 7.12502 -0 0
rthumb -2.22075 -51.5422 0.182113
431
root 3.50362 15.9334 -9.52302 2.72762 -17.9777 -6.20902
lfemur -28.3773 5.8388 -5.08969
ltibia 54.0409 -0 0
lfoot -21.9622 4.97066 0.0305443
ltoes -5.10314 0 0
rfemur -38.1833 3.67301 4.49978
rtibia 49.5068 -0 0
rfoot 5.72059 2.49067 0.0196632
rtoes -14.5103 0 0
lowerback 6.51639 2.20721 2.63286
upperback 1.89998 3.07943 -0.590313
thorax -1.48194 1.53513 -2.30926
lowerneck -6.7982 2.61593 8.12427
upperneck 4.6428 2.85942 -1.97926
head 2.94702 1.4988 -2.00289
lclavicle -2.38225e-14 8.58959e-15 1.00277e-31
lhumerus -43.9656 -23.7724 97.8431
lradius 49.5289 -0 0
lwrist 11.7298 0 0
lhand -18.0403 -0.505374 0.0299459
lfingers 7.12502 -0 0
lthumb 8.21788 29.124 -0.0333732
rclavicle -2.38225e-14 8.58959e-15 1.00277e-31
rhumerus -46.3114 6.84976 -89.1501
rradius 71.6592 -0 0
rwrist 13.3745 0 0
rhand -28.4367 -21.6485 0.177329
rfingers 7.12502 -0 0
rthumb -1.81561 -51.4216 0.20949
432
root 3.52998 15.9412 -9.46887 2.68286 -16.4295 -6.17927
lfemur -28.3917 5.47723 -5.33292
ltibia 53.9345 -0 0
lfoot -22.0025 4.79134 0.0344037
ltoes -4.79196 0 0
rfemur -38.4822 3.70643 4.56703
rtibia 49.8335 -0 0
rfoot 5.75588 2.62267 0.0221472
rtoes -14.5311 0 0
lowerback 6.508 2.16977 2.57456
upperback 1.8788 3.02629 -0.562778
thorax -1.50236 1.50847 -2.24396
lowerneck -6.84708 2.43833 7.97382
upperneck 4.71491 2.62928 -1.91556
head 2.9708 1.38407 -1.97243
lclavicle -2.36476e-14 8.45358e-15 1.12942e-31
lhumerus -44.0084 -23.9215 98.0955
lradius 49.6267 -0 0
lwrist 11.6213 0 0
lhand -17.6569 -0.487064 0.0337356
lfingers 7.12502 -0 0
lthumb 8.58602 29.1028 -0.037596
rclavicle -2.36476e-14 8.45358e-15 1.12942e-31
rhumerus -46.1951 7.33218 -89.2573
rradius 71.9674 -0 0
rwrist 13.5327 0 0
rhand -28.0161 -21.5501 0.199783
rfingers 7.12502 -0 0
rthumb -1.41042 -51.3007 0.236013
433
root 3.55633 15.9491 -9.41473 2.63927 -14.8813 -6.15099
lfemur -28.4046 5.11561 -5.57591
ltibia 53.8281 -0 0
lfoot -22.0429 4.61201 0.0381369
ltoes -4.48078 0 0
rfemur -38.7811 3.7402 4.63411
rtibia 50.1602 -0 0
rfoot 5.79117 2.75468 0.0245499
rtoes -14.552 0 0
lowerback 6.49965 2.13232 2.51627
upperback 1.85761 2.97315 -0.535225
thorax -1.52282 1.48183 -2.17866
lowerneck -6.89548 2.26059 7.82355
upperneck 4.78676 2.39906 -1.85215
head 2.99452 1.26932 -1.94203
lclavicle -2.34726e-14 8.31757e-15 1.25191e-31
lhumerus -44.052 -24.0705 98.3484
lradius 49.7245 -0 0
lwrist 11.5128 0 0
lhand -17.2735 -0.468729 0.0374027
lfingers 7.12502 -0 0
lthumb 8.95416 29.0815 -0.041682
rclavicle -2.34726e-14 8.31757e-15 1.25191e-31
rhumerus -46.0795 7.8148 -89.3636
rradius 72.2756 -0 0
rwrist 13.6909 0 0
rhand -27.5954 -21.4514 0.221513
rfingers 7.12502 -0 0
rthumb -1.00517 -51.1796 0.261681
434
root 3.58268 15.9569 -9.36059 2.59676 -13.333 -6.12411
lfemur -28.4159 4.75393 -5.81868
ltibia 53.7216 -0 0
lfoot -22.0832 4.43268 0.0417439
ltoes -4.1696 0 0
rfemur -39.0799 3.77432 4.70101
rtibia 50.487 -0 0
rfoot 5.82647 2.88669 0.0268712
rtoes -14.5728 0 0
lowerback 6.49134 2.09486 2.45799
upperback 1.83639 2.92003 -0.507653
thorax -1.54331 1.45521 -2.11334
lowerneck -6.94341 2.08273 7.67344
upperneck 4.85834 2.16876 -1.78905
head 3.01819 1.15457 -1.91167
lclavicle -2.32977e-14 8.18155e-15 1.37025e-31
lhumerus -44.0963 -24.2193 98.6016
lradius 49.8222 -0 0
lwrist 11.4042 0 0
lhand -16.8901 -0.450369 0.0409471
lfingers 7.12502 -0 0
lthumb 9.3223 29.0601 -0.0456311
rclavicle -2.32977e-14 8.18155e-15 1.37025e-31
rhumerus -45.9647 8.29764 -89.4691
rradius 72.5837 -0 0
rwrist 13.8491 0 0
rhand -27.1746 -21.3526 0.242518
rfingers 7.12502 -0 0
rthumb -0.59986 -51.0584 0.286492
435
root 3.60903 15.9647 -9.30645 2.55525 -11.7847 -6.09857
lfemur -28.4256 4.39221 -6.06126
ltibia 53.6152 -0 0
lfoot -22.1235 4.25335 0.0452247
ltoes -3.85842 0 0
rfemur -39.3787 3.80878 4.76774
rtibia 50.8137 -0 0
rfoot 5.86177 3.0187 0.0291113
rtoes -14.5936 0 0
lowerback 6.48306 2.05739 2.39971
upperback 1.81514 2.86692 -0.480063
thorax -1.56382 1.42862 -2.04802
lowerneck -6.99087 1.90475 7.5235
upperneck 4.92965 1.93838 -1.72624
head 3.04178 1.0398 -1.88136
lclavicle -2.31228e-14 8.04554e-15 1.48444e-31
lhumerus -44.1415 -24.368 98.8552
lradius 49.92 -0 0
lwrist 11.2957 0 0
lhand -16.5067 -0.431986 0.0443685
lfingers 7.12502 -0 0
lthumb 9.69044 29.0388 -0.0494432
rclavicle -2.31228e-14 8.04554e-15 1.48444e-31
rhumerus -45.8506 8.78068 -89.5737
rradius 72.8919 -0 0
rwrist 14.0073 0 0
rhand -26.7539 -21.2536 0.262797
rfingers 7.12502 -0 0
rthumb -0.194502 -50.937 0.310444
436
root 3.63539 15.9726 -9.2523 2.51466 -10.2365 -6.07431
lfemur -28.4339 4.03045 -6.30367
ltibia 53.5088 -0 0
lfoot -22.1639 4.07402 0.0485792
ltoes -3.54724 0 0
rfemur -39.6775 3.84359 4.83428
rtibia 51.1404 -0 0
rfoot 5.89708 3.15071 0.03127
rtoes -14.6145 0 0
lowerback 6.47483 2.01991 2.34144
upperback 1.79387 2.81382 -0.452455
thorax -1.58437 1.40205 -1.98269
lowerneck -7.03786 1.72664 7.37372
upperneck 5.0007 1.70792 -1.66373
head 3.06532 0.92502 -1.8511
lclavicle -2.29479e-14 7.90953e-15 1.59447e-31
lhumerus -44.1874 -24.5164 99.1093
lradius 50.0178 -0 0
lwrist 11.1871 0 0
lhand -16.1234 -0.413581 0.0476668
lfingers 7.12502 -0 0
lthumb 10.0586 29.0174 -0.0531179
rclavicle -2.29479e-14 7.90953e-15 1.59447e-31
rhumerus -45.7373 9.26393 -89.6775
rradius 73.2001 -0 0
rwrist 14.1655 0 0
rhand -26.333 -21.1545 0.282349
rfingers 7.12502 -0 0
rthumb 0.210907 -50.8154 0.333537
437
root 3.66174 15.9804 -9.19816 2.47492 -8.68816 -6.05126
lfemur -28.4405 3.66866 -6.54592
ltibia 53.4024 -0 0
lfoot -22.2042 3.89468 0.0518075
ltoes -3.23607 0 0
rfemur -39.9763 3.87875 4.90065
rtibia 51.4672 -0 0
rfoot 5.93239 3.28273 0.0333473
rtoes -14.6353 0 0
lowerback 6.46663 1.98243 2.28317
upperback 1.77257 2.76073 -0.424828
thorax -1.60495 1.37551 -1.91735
lowerneck -7.08438 1.54841 7.2241
upperneck 5.0715 1.47739 -1.60151
head 3.0888 0.810227 -1.82089
lclavicle -2.2773e-14 7.77352e-15 1.70035e-31
lhumerus -44.234 -24.6647 99.3638
lradius 50.1156 -0 0
lwrist 11.0786 0 0
lhand -15.74 -0.395154 0.0508419
lfingers 7.12502 -0 0
lthumb 10.4267 28.996 -0.0566553
rclavicle -2.2773e-14 7.77352e-15 1.70035e-31
rhumerus -45.6248 9.74738 -89.7804
rradius 73.5083 -0 0
rwrist 14.3237 0 0
rhand -25.9122 -21.0553 0.301172
rfingers 7.12502 -0 0
rthumb 0.616364 -50.6937 0.355769
438
root 3.68809 15.9883 -9.14402 2.43595 -7.13984 -6.02938
lfemur -28.4457 3.30685 -6.78804
ltibia 53.296 -0 0
lfoot -22.2446 3.71534 0.0549094
ltoes -2.92489 0 0
rfemur -40.275 3.91425 4.96684
rtibia 51.7939 -0 0
rfoot 5.96771 3.41474 0.0353432
rtoes -14.6562 0 0
lowerback 6.45847 1.94494 2.22491
upperback 1.75125 2.70765 -0.397182
thorax -1.62555 1.34899 -1.852
lowerneck -7.13043 1.37006 7.07464
upperneck 5.14203 1.24678 -1.53958
head 3.11221 0.695422 -1.79073
lclavicle -2.2598e-14 7.63751e-15 1.80208e-31
lhumerus -44.2815 -24.8127 99.6188
lradius 50.2133 -0 0
lwrist 10.9701 0 0
lhand -15.3566 -0.376707 0.0538937
lfingers 7.12502 -0 0
lthumb 10.7949 28.9746 -0.0600551
rclavicle -2.2598e-14 7.63751e-15 1.80208e-31
rhumerus -45.5129 10.231 -89.8826
rradius 73.8165 -0 0
rwrist 14.4819 0 0
rhand -25.4913 -20.9559 0.319266
rfingers 7.12502 -0 0
rthumb 1.02187 -50.5718 0.377139
439
root 3.71444 15.9961 -9.08987 2.39769 -5.59151 -6.00862
lfemur -28.4493 2.94501 -7.03004
ltibia 53.1896 -0 0
lfoot -22.285 3.536 0.0578849
ltoes -2.61371 0 0
rfemur -40.5737 3.9501 5.03284
rtibia 52.1206 -0 0
rfoot 6.00303 3.54676 0.0372578
rtoes -14.677 0 0
lowerback 6.45035 1.90743 2.16666
upperback 1.72991 2.65458 -0.369518
thorax -1.64619 1.32249 -1.78664
lowerneck -7.17601 1.19159 6.92533
upperneck 5.21231 1.01609 -1.47794
head 3.13557 0.580605 -1.76061
lclavicle -2.24231e-14 7.5015e-15 1.89966e-31
lhumerus -44.3298 -24.9606 99.8742
lradius 50.3111 -0 0
lwrist 10.8615 0 0
lhand -14.9732 -0.358239 0.0568219
lfingers 7.12502 -0 0
lthumb 11.163 28.9532 -0.0633173
rclavicle -2.24231e-14 7.5015e-15 1.89966e-31
rhumerus -45.4017 10.7149 -89.9839
rradius 74.1247 -0 0
rwrist 14.6401 0 0
rhand -25.0704 -20.8564 0.336629
rfingers 7.12502 -0 0
rthumb 1.42742 -50.4498 0.397646
440
root 3.74079 16.0039 -9.03573 2.36008 -4.04316 -5.98895
lfemur -28.4514 2.58317 -7.27195
ltibia 53.0831 -0 0
lfoot -22.3253 3.35666 0.0607341
ltoes -2.30253 0 0
rfemur -40.8724 3.98628 5.09865
rtibia 52.4473 -0 0
rfoot 6.03836 3.67877 0.039091
rtoes -14.6978 0 0
lowerback 6.44227 1.86992 2.10842
upperback 1.70854 2.60152 -0.341836
thorax -1.66686 1.29601 -1.72127
lowerneck -7.22112 1.01301 6.77617
upperneck 5.28234 0.785333 -1.41659
head 3.15886 0.465775 -1.73054
lclavicle -2.22482e-14 7.36549e-15 1.99309e-31
lhumerus -44.3788 -25.1083 100.13
lradius 50.4089 -0 0
lwrist 10.753 0 0
lhand -14.5898 -0.339752 0.0596265
lfingers 7.12502 -0 0
lthumb 11.5312 28.9317 -0.0664416
rclavicle -2.22482e-14 7.36549e-15 1.99309e-31
rhumerus -45.2913 11.1989 -90.0845
rradius 74.4329 -0 0
rwrist 14.7983 0 0
rhand -24.6495 -20.7567 0.35326
rfingers 7.12502 -0 0
rthumb 1.83301 -50.3276 0.417289
441
root 3.76715 16.0118 -8.98159 2.32306 -2.49481 -5.97032
lfemur -28.4519 2.22131 -7.51377
ltibia 52.9767 -0 0
lfoot -22.3657 3.17731 0.0634568
ltoes -1.99135 0 0
rfemur -41.171 4.02281 5.16428
rtibia 52.7741 -0 0
rfoot 6.07369 3.81079 0.0408428
rtoes -14.7187 0 0
lowerback 6.43422 1.83241 2.05018
upperback 1.68714 2.54847 -0.314134
thorax -1.68755 1.26956 -1.6559
lowerneck -7.26577 0.834303 6.62717
upperneck 5.35212 0.554497 -1.35552
head 3.18209 0.350934 -1.70052
lclavicle -2.20733e-14 7.22948e-15 2.08236e-31
lhumerus -44.4286 -25.2558 100.386
lradius 50.5067 -0 0
lwrist 10.6445 0 0
lhand -14.2064 -0.321247 0.0623073
lfingers 7.12502 -0 0
lthumb 11.8993 28.9102 -0.069428
rclavicle -2.20733e-14 7.22948e-15 2.08236e-31
rhumerus -45.1815 11.6831 -90.1843
rradius 74.7411 -0 0
rwrist 14.9565 0 0
rhand -24.2285 -20.657 0.369159
rfingers 7.12502 -0 0
rthumb 2.23865 -50.2053 0.436066
442
root 3.7935 16.0196 -8.92744 2.28658 -0.946438 -5.95271
lfemur -28.451 1.85946 -7.75554
ltibia 52.8703 -0 0
lfoot -22.4061 2.99796 0.0660531
ltoes -1.68017 0 0
rfemur -41.4696 4.05968 5.22972
rtibia 53.1008 -0 0
rfoot 6.10903 3.94281 0.0425132
rtoes -14.7395 0 0
lowerback 6.42622 1.79488 1.99195
upperback 1.66572 2.49543 -0.286414
thorax -1.70828 1.24314 -1.59051
lowerneck -7.30995 0.655483 6.4783
upperneck 5.42165 0.323587 -1.29474
head 3.20526 0.23608 -1.67054
lclavicle -2.18984e-14 7.09347e-15 2.16748e-31
lhumerus -44.4792 -25.403 100.643
lradius 50.6044 -0 0
lwrist 10.5359 0 0
lhand -13.823 -0.302724 0.0648643
lfingers 7.12502 -0 0
lthumb 12.2675 28.8887 -0.0722763
rclavicle -2.18984e-14 7.09347e-15 2.16748e-31
rhumerus -45.0723 12.1675 -90.2833
rradius 75.0493 -0 0
rwrist 15.1147 0 0
rhand -23.8075 -20.5571 0.384325
rfingers 7.12502 -0 0
rthumb 2.64433 -50.0828 0.453976
443
root 3.81985 16.0275 -8.8733 2.25057 0.601941 -5.93609
lfemur -28.4485 1.49762 -7.99727
ltibia 52.7639 -0 0
lfoot -22.4465 2.81861 0.0685228
ltoes -1.36899 0 0
rfemur -41.7682 4.09689 5.29497
rtibia 53.4275 -0 0
rfoot 6.14436 4.07483 0.0441021
rtoes -14.7604 0 0
lowerback 6.41825 1.75735 1.93372
upperback 1.64428 2.4424 -0.258675
thorax -1.72904 1.21673 -1.52512
lowerneck -7.35366 0.476549 6.32958
upperneck 5.49093 0.0926037 -1.23423
head 3.22838 0.121214 -1.64061
lclavicle -2.17235e-14 6.95746e-15 2.24845e-31
lhumerus -44.5306 -25.5501 100.9
lradius 50.7022 -0 0
lwrist 10.4274 0 0
lhand -13.4396 -0.284185 0.0672972
lfingers 7.12502 -0 0
lthumb 12.6356 28.8672 -0.0749864
rclavicle -2.17235e-14 6.95746e-15 2.24845e-31
rhumerus -44.9639 12.6521 -90.3815
rradius 75.3575 -0 0
rwrist 15.273 0 0
rhand -23.3865 -20.4571 0.398756
rfingers 7.12502 -0 0
rthumb 3.05004 -49.9602 0.471019
444
root 3.8462 16.0353 -8.81916 2.21499 2.15033 -5.92043
lfemur -28.4444 1.13579 -8.23898
ltibia 52.6575 -0 0
lfoot -22.487 2.63926 0.0708661
ltoes -1.05781 0 0
rfemur -42.0667 4.13444 5.36003
rtibia 53.7543 -0 0
rfoot 6.17971 4.20685 0.0456096
rtoes -14.7812 0 0
lowerback 6.41032 1.7198 1.8755
upperback 1.62281 2.38939 -0.230918
thorax -1.74982 1.19035 -1.45972
lowerneck -7.39691 0.297503 6.181
upperneck 5.55997 -0.138453 -1.17401
head 3.25143 0.00633562 -1.61073
lclavicle -2.15485e-14 6.82145e-15 2.32527e-31
lhumerus -44.5828 -25.697 101.158
lradius 50.8 -0 0
lwrist 10.3188 0 0
lhand -13.0562 -0.26563 0.069606
lfingers 7.12502 -0 0
lthumb 13.0038 28.8457 -0.0775582
rclavicle -2.15485e-14 6.82145e-15 2.32527e-31
rhumerus -44.856 13.1369 -90.479
rradius 75.6657 -0 0
rwrist 15.4312 0 0
rhand -22.9654 -20.357 0.412452
rfingers 7.12502 -0 0
rthumb 3.45579 -49.8375 0.487194
445
root 3.87255 16.0431 -8.76501 2.17979 3.69873 -5.90571
lfemur -28.4389 0.773982 -8.4807
ltibia 52.5511 -0 0
lfoot -22.5274 2.45991 0.0730829
ltoes -0.746635 0 0
rfemur -42.3653 4.17233 5.42489
rtibia 54.081 -0 0
rfoot 6.21505 4.33887 0.0470357
rtoes -14.8021 0 0
lowerback 6.40243 1.68225 1.81729
upperback 1.60132 2.33638 -0.203141
thorax -1.77064 1.164 -1.39431
lowerneck -7.43969 0.118345 6.03255
upperneck 5.62877 -0.369581 -1.11406
head 3.27442 -0.108554 -1.58089
lclavicle -2.13736e-14 6.68544e-15 2.39793e-31
lhumerus -44.6358 -25.8436 101.416
lradius 50.8977 -0 0
lwrist 10.2103 0 0
lhand -12.6728 -0.247059 0.0717906
lfingers 7.12502 -0 0
lthumb 13.3719 28.8241 -0.0799915
rclavicle -2.13736e-14 6.68544e-15 2.39793e-31
rhumerus -44.7488 13.6219 -90.5757
rradius 75.9739 -0 0
rwrist 15.5894 0 0
rhand -22.5444 -20.2568 0.425412
rfingers 7.12502 -0 0
rthumb 3.86158 -49.7147 0.5025
446
root 3.89891 16.051 -8.71087 2.14491 5.24714 -5.89192
lfemur -28.4318 0.4122 -8.72243
ltibia 52.4447 -0 0
lfoot -22.5678 2.28056 0.0751731
ltoes -0.435456 0 0
rfemur -42.6638 4.21055 5.48956
rtibia 54.4077 -0 0
rfoot 6.2504 4.4709 0.0483804
rtoes -14.8229 0 0
lowerback 6.39458 1.6447 1.75909
upperback 1.5798 2.28338 -0.175346
thorax -1.79149 1.13766 -1.32889
lowerneck -7.48201 -0.0609235 5.88424
upperneck 5.69733 -0.600781 -1.05439
head 3.29735 -0.223456 -1.5511
lclavicle -2.11987e-14 6.54943e-15 2.46645e-31
lhumerus -44.6896 -25.9901 101.675
lradius 50.9955 -0 0
lwrist 10.1018 0 0
lhand -12.2895 -0.228475 0.073851
lfingers 7.12502 -0 0
lthumb 13.7401 28.8026 -0.0822864
rclavicle -2.11987e-14 6.54943e-15 2.46645e-31
rhumerus -44.6423 14.107 -90.6718
rradius 76.2821 -0 0
rwrist 15.7476 0 0
rhand -22.1233 -20.1565 0.437636
rfingers 7.12502 -0 0
rthumb 4.2674 -49.5918 0.516935
447
root 3.92526 16.0588 -8.65673 2.1103 6.79555 -5.87904
lfemur -28.4232 0.0504501 -8.9642
ltibia 52.3382 -0 0
lfoot -22.6082 2.1012 0.0771368
ltoes -0.124277 0 0
rfemur -42.9622 4.24911 5.55403
rtibia 54.7344 -0 0
rfoot 6.28575 4.60292 0.0496435
rtoes -14.8437 0 0
lowerback 6.38676 1.60713 1.70089
upperback 1.55825 2.23039 -0.147532
thorax -1.81236 1.11135 -1.26346
lowerneck -7.52386 -0.240301 5.73606
upperneck 5.76565 -0.832053 -0.994995
head 3.32022 -0.33837 -1.52136
lclavicle -2.10238e-14 6.41342e-15 2.53081e-31
lhumerus -44.7442 -26.1363 101.934
lradius 51.0933 -0 0
lwrist 9.99323 0 0
lhand -11.9061 -0.209877 0.0757869
lfingers 7.12502 -0 0
lthumb 14.1082 28.781 -0.0844427
rclavicle -2.10238e-14 6.41342e-15 2.53081e-31
rhumerus -44.5363 14.5923 -90.767
rradius 76.5903 -0 0
rwrist 15.9058 0 0
rhand -21.7022 -20.0562 0.449123
rfingers 7.12502 -0 0
rthumb 4.67325 -49.4688 0.5305
448
root 3.95161 16.0666 -8.60258 2.07592 8.34397 -5.86705
lfemur -28.4131 -0.31126 -9.20602
ltibia 52.2318 -0 0
lfoot -22.6487 1.92185 0.0789738
ltoes 0.186902 -0 0
rfemur -43.2607 4.28801 5.6183
rtibia 55.0612 -0 0
rfoot 6.3211 4.73494 0.0508253
rtoes -14.8646 0 0
lowerback 6.37899 1.56955 1.64269
upperback 1.53669 2.17742 -0.119699
thorax -1.83327 1.08507 -1.19802
lowerneck -7.56525 -0.419785 5.58801
upperneck 5.83373 -1.06339 -0.935869
head 3.34304 -0.453296 -1.49166
lclavicle -2.08489e-14 6.27741e-15 2.59102e-31
lhumerus -44.7996 -26.2823 102.193
lradius 51.1911 -0 0
lwrist 9.88469 0 0
lhand -11.5227 -0.191266 0.0775983
lfingers 7.12502 -0 0
lthumb 14.4764 28.7594 -0.0864603
rclavicle -2.08489e-14 6.27741e-15 2.59102e-31
rhumerus -44.4309 15.0777 -90.8616
rradius 76.8985 -0 0
rwrist 16.064 0 0
rhand -21.281 -19.9557 0.459871
rfingers 7.12502 -0 0
rthumb 5.07913 -49.3457 0.543193
449
root 3.97796 16.0745 -8.54844 2.04173 9.8924 -5.85596
lfemur -28.4014 -0.672924 -9.44793
ltibia 52.1254 -0 0
lfoot -22.6891 1.74249 0.0806842
ltoes 0.49808 -0 0
rfemur -43.5591 4.32723 5.68237
rtibia 55.3879 -0 0
rfoot 6.35646 4.86697 0.0519255
rtoes -14.8854 0 0
lowerback 6.37125 1.53197 1.5845
upperback 1.51509 2.12445 -0.091847
thorax -1.85421 1.05881 -1.13257
lowerneck -7.60618 -0.599376 5.44009
upperneck 5.90159 -1.29481 -0.877013
head 3.36579 -0.568234 -1.462
lclavicle -2.06739e-14 6.1414e-15 2.64707e-31
lhumerus -44.8558 -26.428 102.453
lradius 51.2888 -0 0
lwrist 9.77616 0 0
lhand -11.1393 -0.172644 0.0792851
lfingers 7.12502 -0 0
lthumb 14.8446 28.7378 -0.0883391
rclavicle -2.06739e-14 6.1414e-15 2.64707e-31
rhumerus -44.3262 15.5634 -90.9555
rradius 77.2067 -0 0
rwrist 16.2222 0 0
rhand -20.8599 -19.8552 0.469881
rfingers 7.12502 -0 0
rthumb 5.48503 -49.2225 0.555013
450
root 4.00431 16.0823 -8.4943 2.00766 11.4408 -5.84575
lfemur -28.3882 -1.03454 -9.68993
ltibia 52.019 -0 0
lfoot -22.7296 1.56313 0.0822681
ltoes 0.809259 -0 0
rfemur -43.8574 4.36679 5.74624
rtibia 55.7146 -0 0
rfoot 6.39182 4.99899 0.0529443
rtoes -14.9063 0 0
lowerback 6.36355 1.49438 1.52632
upperback 1.49347 2.0715 -0.0639759
thorax -1.87517 1.03257 -1.06712
lowerneck -7.64664 -0.779073 5.29228
upperneck 5.96921 -1.52629 -0.818426
head 3.38849 -0.683183 -1.4324
lclavicle -2.0499e-14 6.00539e-15 2.69897e-31
lhumerus -44.9129 -26.5735 102.714
lradius 51.3866 -0 0
lwrist 9.66762 0 0
lhand -10.7559 -0.154011 0.0808473
lfingers 7.12502 -0 0
lthumb 15.2127 28.7162 -0.090079
rclavicle -2.0499e-14 6.00539e-15 2.69897e-31
rhumerus -44.222 16.0492 -91.0487
rradius 77.5149 -0 0
rwrist 16.3804 0 0
rhand -20.4387 -19.7546 0.479151
rfingers 7.12502 -0 0
rthumb 5.89097 -49.0993 0.565961
451
root 4.03067 16.0902 -8.44015 1.97368 12.9893 -5.83643
lfemur -28.3735 -1.39609 -9.93204
ltibia 51.9126 -0 0
lfoot -22.7701 1.38377 0.0837252
ltoes 1.12044 -0 0
rfemur -44.1558 4.40668 5.8099
rtibia 56.0413 -0 0
rfoot 6.42718 5.13102 0.0538816
rtoes -14.9271 0 0
lowerback 6.35589 1.45679 1.46815
upperback 1.47183 2.01855 -0.0360857
thorax -1.89617 1.00636 -1.00165
lowerneck -7.68665 -0.958872 5.1446
upperneck 6.0366 -1.75784 -0.760105
head 3.41112 -0.798144 -1.40283
lclavicle -2.03241e-14 5.86938e-15 2.74673e-31
lhumerus -44.9707 -26.7188 102.975
lradius 51.4844 -0 0
lwrist 9.55908 0 0
lhand -10.3725 -0.135368 0.0822848
lfingers 7.12502 -0 0
lthumb 15.5809 28.6945 -0.09168
rclavicle -2.03241e-14 5.86938e-15 2.74673e-31
rhumerus -44.1183 16.5351 -91.1411
rradius 77.8231 -0 0
rwrist 16.5386 0 0
rhand -20.0175 -19.6539 0.487682
rfingers 7.12502 -0 0
rthumb 6.29692 -48.9759 0.576035
452
root 4.05702 16.098 -8.38601 1.93973 14.5377 -5.82799
lfemur -28.3573 -1.75757 -10.1743
ltibia 51.8062 -0 0
lfoot -22.8105 1.20441 0.0850557
ltoes 1.43162 -0 0
rfemur -44.4541 4.4469 5.87336
rtibia 56.3681 -0 0
rfoot 6.46255 5.26305 0.0547374
rtoes -14.9479 0 0
lowerback 6.34827 1.41918 1.40998
upperback 1.45016 1.96562 -0.00817642
thorax -1.91719 0.980171 -0.936176
lowerneck -7.72619 -1.13877 4.99703
upperneck 6.10377 -1.98946 -0.70205
head 3.4337 -0.913117 -1.37331
lclavicle -2.01492e-14 5.73337e-15 2.79032e-31
lhumerus -45.0294 -26.8639 103.236
lradius 51.5822 -0 0
lwrist 9.45054 0 0
lhand -9.98908 -0.116716 0.0835975
lfingers 7.12502 -0 0
lthumb 15.949 28.6729 -0.093142
rclavicle -2.01492e-14 5.73337e-15 2.79032e-31
rhumerus -44.0152 17.0213 -91.2329
rradius 78.1313 -0 0
rwrist 16.6968 0 0
rhand -19.5963 -19.5532 0.495473
rfingers 7.12502 -0 0
rthumb 6.7029 -48.8525 0.585234
453
root 4.08337 16.1058 -8.33187 1.90576 16.0862 -5.82044
lfemur -28.3395 -2.11899 -10.4167
ltibia 51.6997 -0 0
lfoot -22.851 1.02505 0.0862596
ltoes 1.7428 -0 0
rfemur -44.7524 4.48745 5.93661
rtibia 56.6948 -0 0
rfoot 6.49791 5.39507 0.0555117
rtoes -14.9688 0 0
lowerback 6.34068 1.38157 1.35181
upperback 1.42847 1.91269 0.019752
thorax -1.93825 0.954006 -0.870692
lowerneck -7.76527 -1.31878 4.84958
upperneck 6.17071 -2.22114 -0.644257
head 3.45622 -1.0281 -1.34384
lclavicle -1.99743e-14 5.59736e-15 2.82977e-31
lhumerus -45.0888 -27.0087 103.498
lradius 51.6799 -0 0
lwrist 9.342 0 0
lhand -9.60568 -0.0980552 0.0847853
lfingers 7.12502 -0 0
lthumb 16.3172 28.6513 -0.094465
rclavicle -1.99743e-14 5.59736e-15 2.82977e-31
rhumerus -43.9127 17.5075 -91.324
rradius 78.4394 -0 0
rwrist 16.855 0 0
rhand -19.1751 -19.4524 0.502523
rfingers 7.12502 -0 0
rthumb 7.10889 -48.729 0.59356
454
root 4.10972 16.1137 -8.27773 1.87173 17.6346 -5.8138
lfemur -28.3202 -2.48033 -10.6593
ltibia 51.5933 -0 0
lfoot -22.8915 0.845685 0.0873367
ltoes 2.05397 -0 0
rfemur -45.0507 4.52832 5.99965
rtibia 57.0215 -0 0
rfoot 6.53328 5.5271 0.0562045
rtoes -14.9896 0 0
lowerback 6.33313 1.34395 1.29366
upperback 1.40675 1.85978 0.0476997
thorax -1.95933 0.927865 -0.805199
lowerneck -7.80389 -1.49888 4.70224
upperneck 6.23743 -2.4529 -0.586726
head 3.47868 -1.1431 -1.31441
lclavicle -1.97993e-14 5.46134e-15 2.86507e-31
lhumerus -45.1491 -27.1533 103.761
lradius 51.7777 -0 0
lwrist 9.23347 0 0
lhand -9.22228 -0.079387 0.0858483
lfingers 7.12502 -0 0
lthumb 16.6853 28.6296 -0.0956488
rclavicle -1.97993e-14 5.46134e-15 2.86507e-31
rhumerus -43.8107 17.994 -91.4145
rradius 78.7476 -0 0
rwrist 17.0132 0 0
rhand -18.7539 -19.3516 0.508832
rfingers 7.12502 -0 0
rthumb 7.5149 -48.6055 0.60101
455
root 4.13608 16.1215 -8.22358 1.83759 19.1831 -5.80807
lfemur -28.2993 -2.84158 -10.902
ltibia 51.4869 -0 0
lfoot -22.9319 0.666321 0.0882872
ltoes 2.36515 -0 0
rfemur -45.3489 4.56953 6.06249
rtibia 57.3483 -0 0
rfoot 6.56865 5.65913 0.0568158
rtoes -15.0105 0 0
lowerback 6.32563 1.30632 1.2355
upperback 1.385 1.80688 0.0756665
thorax -1.98045 0.901748 -0.739698
lowerneck -7.84205 -1.67908 4.55501
upperneck 6.30392 -2.68472 -0.529454
head 3.50108 -1.2581 -1.28502
lclavicle -1.96244e-14 5.32533e-15 2.89621e-31
lhumerus -45.2102 -27.2976 104.024
lradius 51.8755 -0 0
lwrist 9.12493 0 0
lhand -8.83889 -0.0607122 0.0867863
lfingers 7.12502 -0 0
lthumb 17.0535 28.608 -0.0966935
rclavicle -1.96244e-14 5.32533e-15 2.89621e-31
rhumerus -43.7092 18.4805 -91.5043
rradius 79.0558 -0 0
rwrist 17.1714 0 0
rhand -18.3326 -19.2507 0.5144
rfingers 7.12502 -0 0
rthumb 7.92093 -48.4819 0.607584
456
root 4.16243 16.1294 -8.16944 1.80327 20.7316 -5.80327
lfemur -28.2769 -3.20274 -11.145
ltibia 51.3805 -0 0
lfoot -22.9724 0.486957 0.0891109
ltoes 2.67633 -0 0
rfemur -45.6471 4.61106 6.1251
rtibia 57.675 -0 0
rfoot 6.60402 5.79116 0.0573457
rtoes -15.0313 0 0
lowerback 6.31816 1.26868 1.17736
upperback 1.36323 1.75399 0.103653
thorax -2.00159 0.875656 -0.674187
lowerneck -7.87975 -1.85938 4.40789
upperneck 6.3702 -2.9166 -0.472441
head 3.52343 -1.37312 -1.25567
lclavicle -1.94495e-14 5.18932e-15 2.9232e-31
lhumerus -45.2722 -27.4417 104.288
lradius 51.9733 -0 0
lwrist 9.01639 0 0
lhand -8.45549 -0.0420315 0.0875994
lfingers 7.12502 -0 0
lthumb 17.4217 28.5863 -0.097599
rclavicle -1.94495e-14 5.18932e-15 2.9232e-31
rhumerus -43.6082 18.9673 -91.5934
rradius 79.364 -0 0
rwrist 17.3296 0 0
rhand -17.9114 -19.1498 0.519226
rfingers 7.12502 -0 0
rthumb 8.32698 -48.3583 0.613283
457
root 4.18878 16.1372 -8.1153 1.76872 22.28 -5.79942
lfemur -28.253 -3.5638 -11.3883
ltibia 51.2741 -0 0
lfoot -23.0129 0.307593 0.0898079
ltoes 2.98751 -0 0
rfemur -45.9453 4.65291 6.18751
rtibia 58.0017 -0 0
rfoot 6.63939 5.92319 0.057794
rtoes -15.0521 0 0
lowerback 6.31073 1.23104 1.11922
upperback 1.34144 1.7011 0.131658
thorax -2.02277 0.849588 -0.608667
lowerneck -7.91699 -2.03978 4.26086
upperneck 6.43626 -3.14855 -0.415684
head 3.54572 -1.48815 -1.22637
lclavicle -1.92746e-14 5.05331e-15 2.94603e-31
lhumerus -45.3349 -27.5855 104.552
lradius 52.071 -0 0
lwrist 8.90785 0 0
lhand -8.07209 -0.0233457 0.0882874
lfingers 7.12502 -0 0
lthumb 17.7898 28.5646 -0.0983652
rclavicle -1.92746e-14 5.05331e-15 2.94603e-31
rhumerus -43.5078 19.4542 -91.6819
rradius 79.6722 -0 0
rwrist 17.4878 0 0
rhand -17.4901 -19.0489 0.52331
rfingers 7.12502 -0 0
rthumb 8.73303 -48.2346 0.618105
458
root 4.21513 16.145 -8.06115 1.73389 23.8285 -5.79655
lfemur -28.2275 -3.92476 -11.6317
ltibia 51.1677 -0 0
lfoot -23.0534 0.128228 0.0903782
ltoes 3.29869 -0 0
rfemur -46.2435 4.69508 6.2497
rtibia 58.3284 -0 0
rfoot 6.67476 6.05522 0.0581608
rtoes -15.073 0 0
lowerback 6.30333 1.19339 1.06108
upperback 1.31962 1.64823 0.159683
thorax -2.04397 0.823543 -0.543137
lowerneck -7.95377 -2.22027 4.11394
upperneck 6.50211 -3.38057 -0.359182
head 3.56794 -1.6032 -1.19712
lclavicle -1.90997e-14 4.9173e-15 2.96472e-31
lhumerus -45.3985 -27.7291 104.816
lradius 52.1688 -0 0
lwrist 8.79932 0 0
lhand -7.68869 -0.00465581 0.0888503
lfingers 7.12502 -0 0
lthumb 18.158 28.5429 -0.0989922
rclavicle -1.90997e-14 4.9173e-15 2.96472e-31
rhumerus -43.4078 19.9412 -91.7698
rradius 79.9804 -0 0
rwrist 17.646 0 0
rhand -17.0689 -18.9479 0.526652
rfingers 7.12502 -0 0
rthumb 9.13909 -48.111 0.622051
459
root 4.24148 16.1529 -8.00701 1.69871 25.377 -5.79468
lfemur -28.2005 -4.2856 -11.8755
ltibia 51.0612 -0 0
lfoot -23.0938 -0.0511376 0.0908218
ltoes 3.60987 -0 0
rfemur -46.5416 4.73758 6.31167
rtibia 58.6552 -0 0
rfoot 6.71013 6.18725 0.0584461
rtoes -15.0938 0 0
lowerback 6.29598 1.15573 1.00295
upperback 1.29777 1.59537 0.187727
thorax -2.0652 0.797524 -0.477599
lowerneck -7.9901 -2.40085 3.96712
upperneck 6.56774 -3.61265 -0.302933
head 3.59012 -1.71825 -1.1679
lclavicle -1.89248e-14 4.78129e-15 2.97925e-31
lhumerus -45.463 -27.8724 105.081
lradius 52.2666 -0 0
lwrist 8.69078 0 0
lhand -7.30529 0.0140375 0.0892882
lfingers 7.12502 -0 0
lthumb 18.5261 28.5213 -0.0994799
rclavicle -1.89248e-14 4.78129e-15 2.97925e-31
rhumerus -43.3083 20.4283 -91.857
rradius 80.2886 -0 0
rwrist 17.8042 0 0
rhand -16.6476 -18.8469 0.529251
rfingers 7.12502 -0 0
rthumb 9.54517 -47.9872 0.625121
460
root 4.26784 16.1607 -7.95287 1.66312 26.9254 -5.79386
lfemur -28.1719 -4.64633 -12.1195
ltibia 50.9548 -0 0
lfoot -23.1343 -0.230503 0.0911386
ltoes 3.92105 -0 0
rfemur -46.8397 4.7804 6.37342
rtibia 58.9819 -0 0
rfoot 6.74551 6.31928 0.0586499
rtoes -15.1147 0 0
lowerback 6.28866 1.11806 0.944831
upperback 1.2759 1.54252 0.215791
thorax -2.08647 0.771528 -0.412051
lowerneck -8.02596 -2.58153 3.82038
upperneck 6.63316 -3.8448 -0.246936
head 3.61223 -1.83331 -1.13873
lclavicle -1.87498e-14 4.64528e-15 2.98963e-31
lhumerus -45.5282 -28.0154 105.347
lradius 52.3644 -0 0
lwrist 8.58224 0 0
lhand -6.92189 0.0327332 0.089601
lfingers 7.12502 -0 0
lthumb 18.8943 28.4996 -0.0998282
rclavicle -1.87498e-14 4.64528e-15 2.98963e-31
rhumerus -43.2093 20.9157 -91.9436
rradius 80.5968 -0 0
rwrist 17.9624 0 0
rhand -16.2263 -18.7459 0.531108
rfingers 7.12502 -0 0
rthumb 9.95124 -47.8635 0.627313
461
root 4.29419 16.1686 -7.89872 1.62705 28.4739 -5.79411
lfemur -28.1418 -5.00694 -12.3638
ltibia 50.8484 -0 0
lfoot -23.1748 -0.409869 0.0913288
ltoes 4.23223 -0 0
rfemur -47.1378 4.82354 6.43496
rtibia 59.3086 -0 0
rfoot 6.78088 6.45131 0.0587721
rtoes -15.1355 0 0
lowerback 6.28138 1.08039 0.886713
upperback 1.25401 1.48969 0.243874
thorax -2.10776 0.745557 -0.346494
lowerneck -8.06137 -2.7623 3.67375
upperneck 6.69838 -4.07701 -0.191188
head 3.63429 -1.94839 -1.1096
lclavicle -1.85749e-14 4.50927e-15 2.99586e-31
lhumerus -45.5943 -28.1582 105.613
lradius 52.4621 -0 0
lwrist 8.4737 0 0
lhand -6.53849 0.0514307 0.0897887
lfingers 7.12502 -0 0
lthumb 19.2625 28.4779 -0.100037
rclavicle -1.85749e-14 4.50927e-15 2.99586e-31
rhumerus -43.1108 21.4031 -92.0296
rradius 80.905 -0 0
rwrist 18.1206 0 0
rhand -15.805 -18.6449 0.532222
rfingers 7.12502 -0 0
rthumb 10.3573 -47.7398 0.628629
462
root 4.32054 16.1764 -7.84458 1.59041 30.0224 -5.7955
lfemur -28.1101 -5.36741 -12.6085
ltibia 50.742 -0 0
lfoot -23.2153 -0.589235 0.0913921
ltoes 4.5434 -0 0
rfemur -47.4358 4.86699 6.49627
rtibia 59.6354 -0 0
rfoot 6.81626 6.58334 0.0588129
rtoes -15.1563 0 0
lowerback 6.27414 1.04271 0.8286
upperback 1.23209 1.43686 0.271977
thorax -2.12908 0.71961 -0.280928
lowerneck -8.09632 -2.94315 3.5272
upperneck 6.76338 -4.30928 -0.13569
head 3.65629 -2.06347 -1.08051
lclavicle -1.84e-14 4.37326e-15 2.99794e-31
lhumerus -45.6613 -28.3007 105.88
lradius 52.5599 -0 0
lwrist 8.36516 0 0
lhand -6.15509 0.070129 0.0898512
lfingers 7.12502 -0 0
lthumb 19.6306 28.4562 -0.100107
rclavicle -1.84e-14 4.37326e-15 2.99794e-31
rhumerus -43.0127 21.8907 -92.115
rradius 81.2132 -0 0
rwrist 18.2788 0 0
rhand -15.3838 -18.5439 0.532593
rfingers 7.12502 -0 0
rthumb 10.7634 -47.616 0.629067
463
root 4.34689 16.1842 -7.79044 1.55314 31.5708 -5.79807
lfemur -28.0768 -5.72774 -12.8535
ltibia 50.6356 -0 0
lfoot -23.2558 -0.768601 0.0913288
ltoes 4.85458 -0 0
rfemur -47.7338 4.91077 6.55735
rtibia 59.9621 -0 0
rfoot 6.85163 6.71536 0.0587721
rtoes -15.1772 0 0
lowerback 6.26694 1.00502 0.770493
upperback 1.21014 1.38404 0.300099
thorax -2.15043 0.693688 -0.215352
lowerneck -8.13081 -3.1241 3.38073
upperneck 6.82818 -4.54161 -0.080438
head 3.67823 -2.17857 -1.05147
lclavicle -1.82251e-14 4.23725e-15 2.99586e-31
lhumerus -45.7291 -28.4429 106.147
lradius 52.6577 -0 0
lwrist 8.25663 0 0
lhand -5.77169 0.0888273 0.0897887
lfingers 7.12502 -0 0
lthumb 19.9988 28.4345 -0.100037
rclavicle -1.82251e-14 4.23725e-15 2.99586e-31
rhumerus -42.915 22.3784 -92.1997
rradius 81.5214 -0 0
rwrist 18.437 0 0
rhand -14.9625 -18.4429 0.532222
rfingers 7.12502 -0 0
rthumb 11.1695 -47.4922 0.628629
464
root 4.37324 16.1921 -7.73629 1.51514 33.1193 -5.80189
lfemur -28.0419 -6.08793 -13.0989
ltibia 50.5292 -0 0
lfoot -23.2963 -0.947967 0.0911386
ltoes 5.16576 -0 0
rfemur -48.0318 4.95486 6.61821
rtibia 60.2888 -0 0
rfoot 6.887 6.84739 0.0586499
rtoes -15.198 0 0
lowerback 6.25978 0.967324 0.712392
upperback 1.18817 1.33123 0.328241
thorax -2.17181 0.66779 -0.149767
lowerneck -8.16485 -3.30513 3.23435
upperneck 6.89278 -4.77401 -0.0254318
head 3.70012 -2.29368 -1.02247
lclavicle -1.80502e-14 4.10124e-15 2.98963e-31
lhumerus -45.7977 -28.5848 106.415
lradius 52.7554 -0 0
lwrist 8.14809 0 0
lhand -5.38829 0.107525 0.089601
lfingers 7.12502 -0 0
lthumb 20.367 28.4128 -0.0998282
rclavicle -1.80502e-14 4.10124e-15 2.98963e-31
rhumerus -42.8178 22.8663 -92.2839
rradius 81.8296 -0 0
rwrist 18.5952 0 0
rhand -14.5412 -18.3419 0.531108
rfingers 7.12502 -0 0
rthumb 11.5756 -47.3685 0.627313
465
root 4.3996 16.1999 -7.68215 1.47632 34.6678 -5.80703
lfemur -28.0055 -6.44797 -13.3447
ltibia 50.4228 -0 0
lfoot -23.3368 -1.12733 0.0908218
ltoes 5.47694 -0 0
rfemur -48.3298 4.99926 6.67885
rtibia 60.6155 -0 0
rfoot 6.92238 6.97942 0.0584461
rtoes -15.2189 0 0
lowerback 6.25266 0.929621 0.654295
upperback 1.16617 1.27844 0.356403
thorax -2.19322 0.641916 -0.0841728
lowerneck -8.19842 -3.48625 3.08805
upperneck 6.95717 -5.00647 0.0293305
head 3.72195 -2.4088 -0.993506
lclavicle -1.78752e-14 3.96523e-15 2.97925e-31
lhumerus -45.8672 -28.7265 106.684
lradius 52.8532 -0 0
lwrist 8.03955 0 0
lhand -5.00489 0.126221 0.0892882
lfingers 7.12502 -0 0
lthumb 20.7351 28.3911 -0.0994799
rclavicle -1.78752e-14 3.96523e-15 2.97925e-31
rhumerus -42.721 23.3542 -92.3674
rradius 82.1378 -0 0
rwrist 18.7534 0 0
rhand -14.1199 -18.2409 0.529251
rfingers 7.12502 -0 0
rthumb 11.9817 -47.2448 0.625121
466
root 4.42595 16.2078 -7.62801 1.43657 36.2162 -5.81356
lfemur -27.9675 -6.80784 -13.5909
ltibia 50.3163 -0 0
lfoot -23.3772 -1.3067 0.0903782
ltoes 5.78812 -0 0
rfemur -48.6277 5.04398 6.73925
rtibia 60.9423 -0 0
rfoot 6.95775 7.11145 0.0581608
rtoes -15.2397 0 0
lowerback 6.24557 0.891912 0.596205
upperback 1.14415 1.22565 0.384584
thorax -2.21466 0.616068 -0.0185693
lowerneck -8.23155 -3.66746 2.94183
upperneck 7.02137 -5.23899 0.0838503
head 3.74372 -2.52393 -0.964586
lclavicle -1.77003e-14 3.82922e-15 2.96472e-31
lhumerus -45.9375 -28.8678 106.953
lradius 52.951 -0 0
lwrist 7.93101 0 0
lhand -4.62149 0.144914 0.0888503
lfingers 7.12502 -0 0
lthumb 21.1033 28.3695 -0.0989922
rclavicle -1.77003e-14 3.82922e-15 2.96472e-31
rhumerus -42.6247 23.8424 -92.4504
rradius 82.446 -0 0
rwrist 18.9116 0 0
rhand -13.6987 -18.1399 0.526652
rfingers 7.12502 -0 0
rthumb 12.3877 -47.121 0.622051
467
root 4.4523 16.2156 -7.57386 1.39578 37.7647 -5.82159
lfemur -27.9279 -7.16756 -13.8375
ltibia 50.2099 -0 0
lfoot -23.4177 -1.48606 0.0898079
ltoes 6.0993 -0 0
rfemur -48.9256 5.08901 6.79943
rtibia 61.269 -0 0
rfoot 6.99312 7.24348 0.057794
rtoes -15.2606 0 0
lowerback 6.23852 0.854195 0.538119
upperback 1.1221 1.17288 0.412785
thorax -2.23613 0.590243 0.0470436
lowerneck -8.26421 -3.84875 2.79568
upperneck 7.08537 -5.47157 0.138129
head 3.76544 -2.63907 -0.935708
lclavicle -1.75254e-14 3.69321e-15 2.94603e-31
lhumerus -46.0087 -29.0089 107.222
lradius 53.0488 -0 0
lwrist 7.82248 0 0
lhand -4.23809 0.163604 0.0882874
lfingers 7.12502 -0 0
lthumb 21.4714 28.3478 -0.0983652
rclavicle -1.75254e-14 3.69321e-15 2.94603e-31
rhumerus -42.5287 24.3306 -92.5328
rradius 82.7542 -0 0
rwrist 19.0698 0 0
rhand -13.2774 -18.0389 0.52331
rfingers 7.12502 -0 0
rthumb 12.7938 -46.9974 0.618105
468
root 4.47865 16.2234 -7.51972 1.35383 39.3131 -5.83122
lfemur -27.8868 -7.5271 -14.0846
ltibia 50.1035 -0 0
lfoot -23.4582 -1.66543 0.0891109
ltoes 6.41048 -0 0
rfemur -49.2235 5.13435 6.85937
rtibia 61.5957 -0 0
rfoot 7.02849 7.37551 0.0573457
rtoes -15.2814 0 0
lowerback 6.23151 0.81647 0.480038
upperback 1.10002 1.12012 0.441006
thorax -2.25763 0.564444 0.112666
lowerneck -8.29642 -4.03012 2.6496
upperneck 7.14917 -5.70421 0.192168
head 3.7871 -2.75423 -0.90687
lclavicle -1.73505e-14 3.5572e-15 2.9232e-31
lhumerus -46.0808 -29.1497 107.492
lradius 53.1465 -0 0
lwrist 7.71394 0 0
lhand -3.85469 0.182289 0.0875994
lfingers 7.12502 -0 0
lthumb 21.8396 28.3261 -0.097599
rclavicle -1.73505e-14 3.5572e-15 2.9232e-31
rhumerus -42.4331 24.819 -92.6146
rradius 83.0624 -0 0
rwrist 19.228 0 0
rhand -12.8562 -17.938 0.519226
rfingers 7.12502 -0 0
rthumb 13.1998 -46.8737 0.613283
469
root 4.505 16.2313 -7.46558 1.31056 40.8616 -5.84257
lfemur -27.844 -7.88646 -14.3321
ltibia 49.9971 -0 0
lfoot -23.4987 -1.84479 0.0882872
ltoes 6.72166 -0 0
rfemur -49.5213 5.18 6.91908
rtibia 61.9224 -0 0
rfoot 7.06386 7.50754 0.0568158
rtoes -15.3022 0 0
lowerback 6.22454 0.778739 0.421963
upperback 1.07792 1.06736 0.469247
thorax -2.27916 0.538668 0.178298
lowerneck -8.32817 -4.21157 2.50359
upperneck 7.21278 -5.93691 0.24597
head 3.80871 -2.86939 -0.878073
lclavicle -1.71756e-14 3.42119e-15 2.89621e-31
lhumerus -46.1537 -29.2902 107.763
lradius 53.2443 -0 0
lwrist 7.6054 0 0
lhand -3.47129 0.20097 0.0867863
lfingers 7.12502 -0 0
lthumb 22.2078 28.3044 -0.0966935
rclavicle -1.71756e-14 3.42119e-15 2.89621e-31
rhumerus -42.338 25.3075 -92.6959
rradius 83.3706 -0 0
rwrist 19.3862 0 0
rhand -12.4349 -17.8371 0.5144
rfingers 7.12502 -0 0
rthumb 13.6059 -46.7501 0.607584
470
root 4.53136 16.2391 -7.41143 1.26583 42.41 -5.85578
lfemur -27.7996 -8.24563 -14.5801
ltibia 49.8907 -0 0
lfoot -23.5391 -2.02415 0.0873367
ltoes 7.03284 -0 0
rfemur -49.8192 5.22596 6.97856
rtibia 62.2492 -0 0
rfoot 7.09923 7.63957 0.0562045
rtoes -15.3231 0 0
lowerback 6.21761 0.741001 0.363893
upperback 1.0558 1.01462 0.497507
thorax -2.30072 0.512918 0.243939
lowerneck -8.35946 -4.3931 2.35765
upperneck 7.27619 -6.16967 0.299534
head 3.83026 -2.98456 -0.849317
lclavicle -1.70007e-14 3.28518e-15 2.86507e-31
lhumerus -46.2275 -29.4303 108.034
lradius 53.3421 -0 0
lwrist 7.49686 0 0
lhand -3.0879 0.219645 0.0858483
lfingers 7.12502 -0 0
lthumb 22.5759 28.2828 -0.0956488
rclavicle -1.70007e-14 3.28518e-15 2.86507e-31
rhumerus -42.2432 25.7961 -92.7765
rradius 83.6788 -0 0
rwrist 19.5444 0 0
rhand -12.0137 -17.7362 0.508832
rfingers 7.12502 -0 0
rthumb 14.0119 -46.6265 0.60101
471
root 4.55771 16.247 -7.35729 1.21945 43.9584 -5.87101
lfemur -27.7536 -8.60461 -14.8287
ltibia 49.7843 -0 0
lfoot -23.5796 -2.20352 0.0862596
ltoes 7.34401 -0 0
rfemur -50.117 5.27223 7.0378
rtibia 62.5759 -0 0
rfoot 7.1346 7.7716 0.0555117
rtoes -15.3439 0 0
lowerback 6.21071 0.703256 0.305828
upperback 1.03365 0.961893 0.525788
thorax -2.32231 0.487192 0.309589
lowerneck -8.3903 -4.57471 2.21177
upperneck 7.33942 -6.40248 0.352863
head 3.85175 -3.09975 -0.8206
lclavicle -1.68257e-14 3.14917e-15 2.82977e-31
lhumerus -46.3021 -29.5702 108.306
lradius 53.4399 -0 0
lwrist 7.38833 0 0
lhand -2.7045 0.238313 0.0847853
lfingers 7.12502 -0 0
lthumb 22.9441 28.2611 -0.094465
rclavicle -1.68257e-14 3.14917e-15 2.82977e-31
rhumerus -42.1488 26.2848 -92.8566
rradius 83.987 -0 0
rwrist 19.7026 0 0
rhand -11.5924 -17.6354 0.502523
rfingers 7.12502 -0 0
rthumb 14.4179 -46.503 0.59356
472
root 4.58406 16.2548 -7.30315 1.17123 45.5068 -5.88843
lfemur -27.706 -8.96339 -15.0778
ltibia 49.6778 -0 0
lfoot -23.6201 -2.38288 0.0850557
ltoes 7.65519 -0 0
rfemur -50.4147 5.3188 7.0968
rtibia 62.9026 -0 0
rfoot 7.16996 7.90362 0.0547374
rtoes -15.3648 0 0
lowerback 6.20386 0.665503 0.247767
upperback 1.01147 0.909173 0.554088
thorax -2.34392 0.461491 0.375249
lowerneck -8.42068 -4.7564 2.06595
upperneck 7.40245 -6.63536 0.405959
head 3.87319 -3.21495 -0.791924
lclavicle -1.66508e-14 3.01316e-15 2.79032e-31
lhumerus -46.3776 -29.7098 108.578
lradius 53.5376 -0 0
lwrist 7.27979 0 0
lhand -2.3211 0.256974 0.0835975
lfingers 7.12502 -0 0
lthumb 23.3122 28.2395 -0.093142
rclavicle -1.66508e-14 3.01316e-15 2.79032e-31
rhumerus -42.0547 26.7736 -92.9362
rradius 84.2951 -0 0
rwrist 19.8608 0 0
rhand -11.1712 -17.5346 0.495473
rfingers 7.12502 -0 0
rthumb 14.8239 -46.3795 0.585234
473
root 4.61041 16.2626 -7.24901 1.12093 47.0553 -5.90828
lfemur -27.6567 -9.32196 -15.3274
ltibia 49.5714 -0 0
lfoot -23.6605 -2.56224 0.0837252
ltoes 7.96637 -0 0
rfemur -50.7125 5.36568 7.15556
rtibia 63.2294 -0 0
rfoot 7.20533 8.03565 0.0538816
rtoes -15.3856 0 0
lowerback 6.19704 0.627744 0.189712
upperback 0.989267 0.856465 0.582409
thorax -2.36557 0.435815 0.440919
lowerneck -8.45061 -4.93817 1.92019
upperneck 7.4653 -6.86829 0.458821
head 3.89458 -3.33015 -0.763288
lclavicle -1.64759e-14 2.87714e-15 2.74673e-31
lhumerus -46.454 -29.849 108.851
lradius 53.6354 -0 0
lwrist 7.17125 0 0
lhand -1.9377 0.275626 0.0822848
lfingers 7.12502 -0 0
lthumb 23.6804 28.2179 -0.09168
rclavicle -1.64759e-14 2.87714e-15 2.74673e-31
rhumerus -41.961 27.2626 -93.0152
rradius 84.6033 -0 0
rwrist 20.019 0 0
rhand -10.75 -17.4339 0.487682
rfingers 7.12502 -0 0
rthumb 15.2299 -46.2561 0.576035
474
root 4.63677 16.2705 -7.19486 1.0683 48.6036 -5.93077
lfemur -27.6059 -9.68031 -15.5776
ltibia 49.465 -0 0
lfoot -23.701 -2.7416 0.0822681
ltoes 8.27755 -0 0
rfemur -51.0102 5.41286 7.21409
rtibia 63.5561 -0 0
rfoot 7.24069 8.16768 0.0529443
rtoes -15.4064 0 0
lowerback 6.19026 0.589978 0.131662
upperback 0.967039 0.803767 0.610749
thorax -2.38724 0.410164 0.506597
lowerneck -8.48008 -5.12001 1.77449
upperneck 7.52796 -7.10129 0.511453
head 3.91591 -3.44537 -0.734692
lclavicle -1.6301e-14 2.74113e-15 2.69897e-31
lhumerus -46.5312 -29.9879 109.125
lradius 53.7332 -0 0
lwrist 7.06271 0 0
lhand -1.55431 0.294269 0.0808473
lfingers 7.12502 -0 0
lthumb 24.0486 28.1962 -0.090079
rclavicle -1.6301e-14 2.74113e-15 2.69897e-31
rhumerus -41.8677 27.7517 -93.0936
rradius 84.9115 -0 0
rwrist 20.1772 0 0
rhand -10.3288 -17.3332 0.479151
rfingers 7.12502 -0 0
rthumb 15.6359 -46.1327 0.565961
475
root 4.66312 16.2783 -7.14072 1.01303 50.152 -5.95621
lfemur -27.5533 -10.0384 -15.8284
ltibia 49.3586 -0 0
lfoot -23.7415 -2.92096 0.0806842
ltoes 8.58873 -0 0
rfemur -51.3079 5.46034 7.27236
rtibia 63.8828 -0 0
rfoot 7.27605 8.2997 0.0519255
rtoes -15.4273 0 0
lowerback 6.18352 0.552205 0.0736163
upperback 0.944785 0.751081 0.63911
thorax -2.40895 0.384537 0.572286
lowerneck -8.50909 -5.30192 1.62883
upperneck 7.59044 -7.33433 0.563855
head 3.93718 -3.5606 -0.706135
lclavicle -1.61261e-14 2.60512e-15 2.64707e-31
lhumerus -46.6093 -30.1266 109.399
lradius 53.831 -0 0
lwrist 6.95417 0 0
lhand -1.17091 0.312902 0.0792851
lfingers 7.12502 -0 0
lthumb 24.4167 28.1746 -0.0883391
rclavicle -1.61261e-14 2.60512e-15 2.64707e-31
rhumerus -41.7746 28.2409 -93.1715
rradius 85.2197 -0 0
rwrist 20.3354 0 0
rhand -9.90766 -17.2326 0.469881
rfingers 7.12502 -0 0
rthumb 16.0418 -46.0095 0.555013
476
root 4.68947 16.2862 -7.08658 0.954788 51.7004 -5.98492
lfemur -27.4992 -10.3963 -16.0798
ltibia 49.2522 -0 0
lfoot -23.7819 -3.10032 0.0789738
ltoes 8.89991 -0 0
rfemur -51.6056 5.50812 7.3304
rtibia 64.2095 -0 0
rfoot 7.31141 8.43173 0.0508253
rtoes -15.4481 0 0
lowerback 6.17681 0.514425 0.0155756
upperback 0.922505 0.698405 0.66749
thorax -2.43068 0.358936 0.637984
lowerneck -8.53765 -5.48391 1.48323
upperneck 7.65274 -7.56744 0.616028
head 3.9584 -3.67584 -0.677617
lclavicle -1.59511e-14 2.46911e-15 2.59102e-31
lhumerus -46.6883 -30.2648 109.674
lradius 53.9287 -0 0
lwrist 6.84564 0 0
lhand -0.787514 0.331524 0.0775983
lfingers 7.12502 -0 0
lthumb 24.7849 28.153 -0.0864603
rclavicle -1.59511e-14 2.46911e-15 2.59102e-31
rhumerus -41.6819 28.7302 -93.2488
rradius 85.5279 -0 0
rwrist 20.4936 0 0
rhand -9.4865 -17.1321 0.459871
rfingers 7.12502 -0 0
rthumb 16.4477 -45.8863 0.543193
477
root 4.71582 16.294 -7.03243 0.893161 53.2487 -6.01728
lfemur -27.4433 -10.754 -16.3319
ltibia 49.1458 -0 0
lfoot -23.8224 -3.27967 0.0771368
ltoes 9.21109 -0 0
rfemur -51.9032 5.55621 7.38819
rtibia 64.5363 -0 0
rfoot 7.34676 8.56375 0.0496435
rtoes -15.469 0 0
lowerback 6.17015 0.476639 -0.0424603
upperback 0.900199 0.645741 0.695891
thorax -2.45245 0.333359 0.703691
lowerneck -8.56575 -5.66597 1.33767
upperneck 7.71486 -7.8006 0.667974
head 3.97956 -3.79109 -0.649138
lclavicle -1.57762e-14 2.3331e-15 2.53081e-31
lhumerus -46.7682 -30.4028 109.949
lradius 54.0265 -0 0
lwrist 6.7371 0 0
lhand -0.404119 0.350135 0.0757869
lfingers 7.12502 -0 0
lthumb 25.153 28.1314 -0.0844427
rclavicle -1.57762e-14 2.3331e-15 2.53081e-31
rhumerus -41.5896 29.2196 -93.3256
rradius 85.8361 -0 0
rwrist 20.6518 0 0
rhand -9.06537 -17.0316 0.449123
rfingers 7.12502 -0 0
rthumb 16.8536 -45.7632 0.5305
478
root 4.74217 16.3018 -6.97829 0.827678 54.7971 -6.05377
lfemur -27.3858 -11.1114 -16.5846
ltibia 49.0393 -0 0
lfoot -23.8628 -3.45903 0.0751731
ltoes 9.52227 -0 0
rfemur -52.2009 5.60459 7.44573
rtibia 64.863 -0 0
rfoot 7.38211 8.69577 0.0483804
rtoes -15.4898 0 0
lowerback 6.16352 0.438846 -0.100492
upperback 0.877867 0.593088 0.724312
thorax -2.47424 0.307808 0.769408
lowerneck -8.5934 -5.8481 1.19215
upperneck 7.7768 -8.03381 0.719694
head 4.00067 -3.90634 -0.620698
lclavicle -1.56013e-14 2.19709e-15 2.46645e-31
lhumerus -46.8489 -30.5404 110.226
lradius 54.1243 -0 0
lwrist 6.62856 0 0
lhand -0.0207241 0.368733 0.073851
lfingers 7.12502 -0 0
lthumb 25.5212 28.1098 -0.0822864
rclavicle -1.56013e-14 2.19709e-15 2.46645e-31
rhumerus -41.4975 29.7091 -93.4019
rradius 86.1443 -0 0
rwrist 20.81 0 0
rhand -8.64425 -16.9313 0.437636
rfingers 7.12502 -0 0
rthumb 17.2594 -45.6402 0.516935
479
root 4.76853 16.3097 -6.92415 0.757783 56.3453 -6.09491
lfemur -27.3266 -11.4686 -16.838
ltibia 48.9329 -0 0
lfoot -23.9032 -3.63838 0.0730829
ltoes 9.83344 -0 0
rfemur -52.4985 5.65327 7.50303
rtibia 65.1897 -0 0
rfoot 7.41746 8.8278 0.0470357
rtoes -15.5106 0 0
lowerback 6.15693 0.401046 -0.158518
upperback 0.855509 0.540445 0.752754
thorax -2.49606 0.282281 0.835135
lowerneck -8.62059 -6.0303 1.04667
upperneck 7.83856 -8.26709 0.77119
head 4.02173 -4.02161 -0.592297
lclavicle -1.54264e-14 2.06108e-15 2.39793e-31
lhumerus -46.9306 -30.6777 110.502
lradius 54.2221 -0 0
lwrist 6.52002 0 0
lhand 0.36267 0.387317 0.0717906
lfingers 7.12502 -0 0
lthumb 25.8893 28.0883 -0.0799915
rclavicle -1.54264e-14 2.06108e-15 2.39793e-31
rhumerus -41.4057 30.1987 -93.4776
rradius 86.4525 -0 0
rwrist 20.9682 0 0
rhand -8.22316 -16.831 0.425412
rfingers 7.12502 -0 0
rthumb 17.6652 -45.5173 0.5025
480
root 4.79488 16.3175 -6.87 0.682812 57.8936 -6.14136
lfemur -27.2657 -11.8255 -17.092
ltibia 48.8265 -0 0
lfoot -23.9436 -3.81773 0.0708661
ltoes 10.1446 -0 0
rfemur -52.7961 5.70224 7.56007
rtibia 65.5164 -0 0
rfoot 7.4528 8.95982 0.0456096
rtoes -15.5315 0 0
lowerback 6.15038 0.363239 -0.21654
upperback 0.833126 0.487814 0.781215
thorax -2.51791 0.256779 0.900871
lowerneck -8.64733 -6.21257 0.901235
upperneck 7.90015 -8.50041 0.822462
head 4.04273 -4.1369 -0.563934
lclavicle -1.52515e-14 1.92507e-15 2.32527e-31
lhumerus -47.0131 -30.8146 110.779
lradius 54.3198 -0 0
lwrist 6.41149 0 0
lhand 0.746063 0.405888 0.069606
lfingers 7.12502 -0 0
lthumb 26.2575 28.0667 -0.0775582
rclavicle -1.52515e-14 1.92507e-15 2.32527e-31
rhumerus -41.3142 30.6884 -93.5528
rradius 86.7607 -0 0
rwrist 21.1264 0 0
rhand -7.80209 -16.7308 0.412452
rfingers 7.12502 -0 0
rthumb 18.071 -45.3945 0.487194
481
root 4.82123 16.3254 -6.81586 0.60197 59.4418 -6.19391
lfemur -27.2032 -12.1821 -17.3469
ltibia 48.7201 -0 0
lfoot -23.9841 -3.99708 0.0685228
ltoes 10.4558 -0 0
rfemur -53.0936 5.75151 7.61686
rtibia 65.8432 -0 0
rfoot 7.48815 9.09184 0.0441021
rtoes -15.5523 0 0
lowerback 6.14387 0.325426 -0.274558
upperback 0.810716 0.435194 0.809697
thorax -2.53979 0.231303 0.966617
lowerneck -8.6736 -6.3949 0.755831
upperneck 7.96157 -8.73379 0.873512
head 4.06367 -4.25219 -0.53561
lclavicle -1.50766e-14 1.78906e-15 2.24845e-31
lhumerus -47.0965 -30.9512 111.057
lradius 54.4176 -0 0
lwrist 6.30295 0 0
lhand 1.12946 0.424443 0.0672972
lfingers 7.12502 -0 0
lthumb 26.6256 28.0452 -0.0749864
rclavicle -1.50766e-14 1.78906e-15 2.24845e-31
rhumerus -41.2231 31.1783 -93.6275
rradius 87.0689 -0 0
rwrist 21.2847 0 0
rhand -7.38104 -16.6307 0.398756
rfingers 7.12502 -0 0
rthumb 18.4768 -45.2718 0.471019
482
root 4.84758 16.3332 -6.76172 0.51429 60.99 -6.2535
lfemur -27.1389 -12.5385 -17.6024
ltibia 48.6137 -0 0
lfoot -24.0245 -4.17643 0.0660531
ltoes 10.767 -0 0
rfemur -53.3911 5.80107 7.6734
rtibia 66.1699 -0 0
rfoot 7.52348 9.22386 0.0425132
rtoes -15.5732 0 0
lowerback 6.1374 0.287606 -0.33257
upperback 0.788281 0.382585 0.8382
thorax -2.5617 0.205852 1.03237
lowerneck -8.69942 -6.5773 0.610458
upperneck 8.02281 -8.96723 0.924341
head 4.08457 -4.36749 -0.507323
lclavicle -1.49016e-14 1.65305e-15 2.16748e-31
lhumerus -47.1808 -31.0875 111.336
lradius 54.5154 -0 0
lwrist 6.19441 0 0
lhand 1.51285 0.442982 0.0648643
lfingers 7.12502 -0 0
lthumb 26.9938 28.0237 -0.0722763
rclavicle -1.49016e-14 1.65305e-15 2.16748e-31
rhumerus -41.1321 31.6682 -93.7016
rradius 87.3771 -0 0
rwrist 21.4429 0 0
rhand -6.96002 -16.5307 0.384325
rfingers 7.12502 -0 0
rthumb 18.8825 -45.1492 0.453976
483
root 4.87393 16.341 -6.70757 0.418593 62.5382 -6.3213
lfemur -27.0729 -12.8946 -17.8588
ltibia 48.5073 -0 0
lfoot -24.0649 -4.35578 0.0634568
ltoes 11.0782 -0 0
rfemur -53.6886 5.85092 7.72969
rtibia 66.4966 -0 0
rfoot 7.55882 9.35588 0.0408428
rtoes -15.594 0 0
lowerback 6.13096 0.24978 -0.390579
upperback 0.765819 0.329988 0.866723
thorax -2.58364 0.180425 1.09814
lowerneck -8.72479 -6.75977 0.465114
upperneck 8.08388 -9.20071 0.97495
head 4.10541 -4.4828 -0.479074
lclavicle -1.47267e-14 1.51704e-15 2.08236e-31
lhumerus -47.266 -31.2234 111.615
lradius 54.6131 -0 0
lwrist 6.08587 0 0
lhand 1.89624 0.461505 0.0623073
lfingers 7.12502 -0 0
lthumb 27.362 28.0022 -0.069428
rclavicle -1.47267e-14 1.51704e-15 2.08236e-31
rhumerus -41.0415 32.1582 -93.7753
rradius 87.6853 -0 0
rwrist 21.6011 0 0
rhand -6.53902 -16.4308 0.369159
rfingers 7.12502 -0 0
rthumb 19.2882 -45.0267 0.436066
484
root 4.90029 16.3489 -6.65343 0.313419 64.0862 -6.39877
lfemur -27.0051 -13.2504 -18.1159
ltibia 48.4009 -0 0
lfoot -24.1053 -4.53513 0.0607341
ltoes 11.3893 -0 0
rfemur -53.9861 5.90106 7.78572
rtibia 66.8234 -0 0
rfoot 7.59415 9.4879 0.039091
rtoes -15.6149 0 0
lowerback 6.12457 0.211947 -0.448583
upperback 0.743331 0.277401 0.895266
thorax -2.60561 0.155024 1.16391
lowerneck -8.7497 -6.94229 0.319796
upperneck 8.14479 -9.43425 1.02534
head 4.12619 -4.59812 -0.450862
lclavicle -1.45518e-14 1.38103e-15 1.99309e-31
lhumerus -47.3521 -31.3589 111.895
lradius 54.7109 -0 0
lwrist 5.97733 0 0
lhand 2.27963 0.48001 0.0596265
lfingers 7.12502 -0 0
lthumb 27.7301 27.9807 -0.0664416
rclavicle -1.45518e-14 1.38103e-15 1.99309e-31
rhumerus -40.9511 32.6484 -93.8484
rradius 87.9935 -0 0
rwrist 21.7593 0 0
rhand -6.11806 -16.3311 0.35326
rfingers 7.12502 -0 0
rthumb 19.6938 -44.9044 0.417289
485
root 4.92664 16.3567 -6.59929 0.196937 65.6342 -6.48771
lfemur -26.9356 -13.6058 -18.3738
ltibia 48.2944 -0 0
lfoot -24.1456 -4.71447 0.0578849
ltoes 11.7005 -0 0
rfemur -54.2836 5.95149 7.84149
rtibia 67.1501 -0 0
rfoot 7.62948 9.61991 0.0372578
rtoes -15.6357 0 0
lowerback 6.11821 0.174108 -0.506583
upperback 0.720818 0.224826 0.92383
thorax -2.62761 0.129649 1.2297
lowerneck -8.77415 -7.12488 0.1745
upperneck 8.20553 -9.66785 1.07551
head 4.14692 -4.71345 -0.422688
lclavicle -1.43769e-14 1.24502e-15 1.89966e-31
lhumerus -47.4391 -31.4941 112.175
lradius 54.8087 -0 0
lwrist 5.8688 0 0
lhand 2.66302 0.498497 0.0568219
lfingers 7.12502 -0 0
lthumb 28.0982 27.9592 -0.0633173
rclavicle -1.43769e-14 1.24502e-15 1.89966e-31
rhumerus -40.8609 33.1386 -93.921
rradius 88.3017 -0 0
rwrist 21.9175 0 0
rhand -5.69712 -16.2314 0.336629
rfingers 7.12502 -0 0
rthumb 20.0994 -44.7822 0.397646
486
root 4.95299 16.3645 -6.54514 0.0668224 67.1822 -6.59045
lfemur -26.8644 -13.961 -18.6326
ltibia 48.188 -0 0
lfoot -24.186 -4.89381 0.0549094
ltoes 12.0117 -0 0
rfemur -54.581 6.00221 7.897
rtibia 67.4768 -0 0
rfoot 7.6648 9.75193 0.0353432
rtoes -15.6565 0 0
lowerback 6.11189 0.136262 -0.564578
upperback 0.698278 0.172262 0.952414
thorax -2.64963 0.104298 1.29549
lowerneck -8.79814 -7.30753 0.0292248
upperneck 8.2661 -9.90149 1.12547
head 4.1676 -4.82879 -0.394551
lclavicle -1.4202e-14 1.10901e-15 1.80208e-31
lhumerus -47.527 -31.6289 112.456
lradius 54.9065 -0 0
lwrist 5.76026 0 0
lhand 3.04641 0.516965 0.0538937
lfingers 7.12502 -0 0
lthumb 28.4664 27.9378 -0.0600551
rclavicle -1.4202e-14 1.10901e-15 1.80208e-31
rhumerus -40.771 33.6289 -93.993
rradius 88.6099 -0 0
rwrist 22.0757 0 0
rhand -5.27621 -16.1319 0.319266
rfingers 7.12502 -0 0
rthumb 20.505 -44.6602 0.377139
487
root 4.97934 16.3724 -6.491 -0.079923 68.73 -6.70996
lfemur -26.7914 -14.3159 -18.8922
ltibia 48.0816 -0 0
lfoot -24.2264 -5.07315 0.0518075
ltoes 12.3229 -0 0
rfemur -54.8785 6.05321 7.95225
rtibia 67.8035 -0 0
rfoot 7.70012 9.88394 0.0333473
rtoes -15.6774 0 0
lowerback 6.10561 0.0984102 -0.622569
upperback 0.675712 0.119709 0.981019
thorax -2.67169 0.078973 1.36129
lowerneck -8.82168 -7.49024 -0.116034
upperneck 8.32651 -10.1352 1.17522
head 4.18823 -4.94414 -0.366451
lclavicle -1.4027e-14 9.72998e-16 1.70035e-31
lhumerus -47.6158 -31.7633 112.738
lradius 55.0042 -0 0
lwrist 5.65172 0 0
lhand 3.42979 0.535412 0.0508419
lfingers 7.12502 -0 0
lthumb 28.8345 27.9164 -0.0566553
rclavicle -1.4027e-14 9.72998e-16 1.70035e-31
rhumerus -40.6813 34.1193 -94.0646
rradius 88.9181 -0 0
rwrist 22.2339 0 0
rhand -4.85533 -16.0325 0.301172
rfingers 7.12502 -0 0
rthumb 20.9105 -44.5383 0.355769
488
root 5.00569 16.3802 -6.43686 -0.247237 70.2777 -6.85018
lfemur -26.7166 -14.6704 -19.1528
ltibia 47.9752 -0 0
lfoot -24.2667 -5.25249 0.0485792
ltoes 12.6341 -0 0
rfemur -55.1759 6.1045 8.00724
rtibia 68.1303 -0 0
rfoot 7.73543 10.016 0.03127
rtoes -15.6982 0 0
lowerback 6.09936 0.0605518 -0.680556
upperback 0.653119 0.0671677 1.00964
thorax -2.69377 0.0536732 1.42711
lowerneck -8.84476 -7.67301 -0.261278
upperneck 8.38676 -10.3689 1.22474
head 4.2088 -5.05951 -0.338388
lclavicle -1.38521e-14 8.36987e-16 1.59447e-31
lhumerus -47.7056 -31.8974 113.021
lradius 55.102 -0 0
lwrist 5.54318 0 0
lhand 3.81318 0.553839 0.0476668
lfingers 7.12502 -0 0
lthumb 29.2027 27.895 -0.0531179
rclavicle -1.38521e-14 8.36987e-16 1.59447e-31
rhumerus -40.5918 34.6098 -94.1356
rradius 89.2263 -0 0
rwrist 22.3921 0 0
rhand -4.43449 -15.9333 0.282349
rfingers 7.12502 -0 0
rthumb 21.3159 -44.4166 0.333537
489
root 5.03205 16.3881 -6.38271 -0.440396 71.8252 -7.01638
lfemur -26.6401 -15.0246 -19.4142
ltibia 47.8688 -0 0
lfoot -24.3071 -5.43182 0.0452247
ltoes 12.9452 -0 0
rfemur -55.4732 6.15607 8.06197
rtibia 68.457 -0 0
rfoot 7.77074 10.148 0.0291113
rtoes -15.7191 0 0
lowerback 6.09316 0.0226871 -0.738539
upperback 0.630501 0.0146375 1.03829
thorax -2.71588 0.0283988 1.49293
lowerneck -8.86738 -7.85584 -0.406512
upperneck 8.44685 -10.6027 1.27406
head 4.22932 -5.17488 -0.310361
lclavicle -1.36772e-14 7.00977e-16 1.48444e-31
lhumerus -47.7962 -32.0311 113.304
lradius 55.1998 -0 0
lwrist 5.43465 0 0
lhand 4.19656 0.572244 0.0443685
lfingers 7.12502 -0 0
lthumb 29.5708 27.8736 -0.0494432
rclavicle -1.36772e-14 7.00977e-16 1.48444e-31
rhumerus -40.5025 35.1004 -94.2062
rradius 89.5345 -0 0
rwrist 22.5503 0 0
rhand -4.01368 -15.8342 0.262797
rfingers 7.12502 -0 0
rthumb 21.7213 -44.295 0.310444
490
root 5.0584 16.3959 -6.32857 -0.666636 73.3725 -7.21577
lfemur -26.5617 -15.3785 -19.6765
ltibia 47.7624 -0 0
lfoot -24.3474 -5.61115 0.0417439
ltoes 13.2564 -0 0
rfemur -55.7706 6.20793 8.11644
rtibia 68.7837 -0 0
rfoot 7.80604 10.28 0.0268712
rtoes -15.7399 0 0
lowerback 6.08699 -0.0151839 -0.796518
upperback 0.607856 -0.0378814 1.06696
thorax -2.73803 0.00314975 1.55876
lowerneck -8.88955 -8.03872 -0.551737
upperneck 8.50678 -10.8366 1.32316
head 4.24978 -5.29026 -0.282371
lclavicle -1.35023e-14 5.64966e-16 1.37025e-31
lhumerus -47.8877 -32.1644 113.587
lradius 55.2976 -0 0
lwrist 5.32611 0 0
lhand 4.57995 0.590627 0.0409471
lfingers 7.12502 -0 0
lthumb 29.939 27.8523 -0.0456311
rclavicle -1.35023e-14 5.64966e-16 1.37025e-31
rhumerus -40.4134 35.5911 -94.2762
rradius 89.8427 -0 0
rwrist 22.7085 0 0
rhand -3.5929 -15.7352 0.242518
rfingers 7.12502 -0 0
rthumb 22.1267 -44.1736 0.286492
491
root 5.08475 16.4037 -6.27443 -0.936155 74.9196 -7.45855
lfemur -26.4815 -15.732 -19.9399
ltibia 47.6559 -0 0
lfoot -24.3877 -5.79048 0.0381369
ltoes 13.5676 -0 0
rfemur -56.0679 6.26006 8.17063
rtibia 69.1105 -0 0
rfoot 7.84134 10.412 0.0245499
rtoes -15.7607 0 0
lowerback 6.08086 -0.053061 -0.854492
upperback 0.585185 -0.0903889 1.09565
thorax -2.7602 -0.0220738 1.62461
lowerneck -8.91125 -8.22166 -0.696957
upperneck 8.56655 -11.0705 1.37206
head 4.2702 -5.40565 -0.254417
lclavicle -1.33274e-14 4.28956e-16 1.25191e-31
lhumerus -47.9802 -32.2973 113.872
lradius 55.3953 -0 0
lwrist 5.21757 0 0
lhand 4.96333 0.608987 0.0374027
lfingers 7.12502 -0 0
lthumb 30.3071 27.8309 -0.041682
rclavicle -1.33274e-14 4.28956e-16 1.25191e-31
rhumerus -40.3246 36.0819 -94.3457
rradius 90.1508 -0 0
rwrist 22.8667 0 0
rhand -3.17216 -15.6364 0.221513
rfingers 7.12502 -0 0
rthumb 22.532 -44.0524 0.261681
492
root 5.1111 16.4116 -6.22029 -1.26381 76.4663 -7.75955
lfemur -26.3995 -16.0851 -20.2041
ltibia 47.5495 -0 0
lfoot -24.4281 -5.96981 0.0344037
ltoes 13.8788 -0 0
rfemur -56.3652 6.31247 8.22456
rtibia 69.4372 -0 0
rfoot 7.87663 10.544 0.0221472
rtoes -15.7816 0 0
lowerback 6.07477 -0.0909444 -0.912463
upperback 0.562487 -0.142885 1.12436
thorax -2.7824 -0.0472719 1.69046
lowerneck -8.9325 -8.40465 -0.842174
upperneck 8.62617 -11.3044 1.42074
head 4.29056 -5.52105 -0.226499
lclavicle -1.31524e-14 2.92945e-16 1.12942e-31
lhumerus -48.0735 -32.4298 114.157
lradius 55.4931 -0 0
lwrist 5.10903 0 0
lhand 5.34671 0.627322 0.0337356
lfingers 7.12502 -0 0
lthumb 30.6753 27.8096 -0.037596
rclavicle -1.31524e-14 2.92945e-16 1.12942e-31
rhumerus -40.2359 36.5727 -94.4147
rradius 90.459 -0 0
rwrist 23.0249 0 0
rhand -2.75146 -15.5377 0.199783
rfingers 7.12502 -0 0
rthumb 22.9372 -43.9313 0.236013
493
root 5.13746 16.4194 -6.16614 -1.6721 78.0124 -8.14128
lfemur -26.3156 -16.4379 -20.4694
ltibia 47.4431 -0 0
lfoot -24.4684 -6.14913 0.0305443
ltoes 14.1899 -0 0
rfemur -56.6625 6.36516 8.27822
rtibia 69.7639 -0 0
rfoot 7.91192 10.676 0.0196632
rtoes -15.8024 0 0
lowerback 6.06872 -0.128834 -0.97043
upperback 0.539764 -0.19537 1.15308
thorax -2.80463 -0.0724444 1.75632
lowerneck -8.95329 -8.58769 -0.987393
upperneck 8.68563 -11.5384 1.46922
head 4.31086 -5.63647 -0.198616
lclavicle -1.29775e-14 1.56935e-16 1.00277e-31
lhumerus -48.1678 -32.562 114.443
lradius 55.5909 -0 0
lwrist 5.00049 0 0
lhand 5.73009 0.645632 0.0299459
lfingers 7.12502 -0 0
lthumb 31.0434 27.7884 -0.0333732
rclavicle -1.29775e-14 1.56935e-16 1.00277e-31
rhumerus -40.1473 37.0637 -94.4832
rradius 90.7672 -0 0
rwrist 23.1831 0 0
rhand -2.3308 -15.4393 0.177329
rfingers 7.12502 -0 0
rthumb 23.3424 -43.8104 0.20949
494
root 5.16381 16.4273 -6.112 -2.19682 79.5579 -8.63952
lfemur -26.2299 -16.7903 -20.7357
ltibia 47.3367 -0 0
lfoot -24.5087 -6.32845 0.0265588
ltoes 14.5011 -0 0
rfemur -56.9598 6.41813 8.33161
rtibia 70.0906 -0 0
rfoot 7.9472 10.808 0.0170979
rtoes -15.8233 0 0
lowerback 6.06271 -0.166729 -1.02839
upperback 0.517013 -0.247843 1.18184
thorax -2.82688 -0.0975913 1.82219
lowerneck -8.97362 -8.77079 -1.13261
upperneck 8.74495 -11.7725 1.51749
head 4.33112 -5.75189 -0.170769
lclavicle -1.28026e-14 2.09241e-17 8.71976e-32
lhumerus -48.263 -32.6937 114.729
lradius 55.6887 -0 0
lwrist 4.89196 0 0
lhand 6.11347 0.663917 0.0260338
lfingers 7.12502 -0 0
lthumb 31.4115 27.7671 -0.0290139
rclavicle -1.28026e-14 2.09241e-17 8.71976e-32
rhumerus -40.0589 37.5547 -94.5512
rradius 91.0754 -0 0
rwrist 23.3413 0 0
rhand -1.91018 -15.3409 0.154153
rfingers 7.12502 -0 0
rthumb 23.7476 -43.6898 0.182113
495
root 5.19016 16.4351 -6.05786 -2.89857 81.1022 -9.31485
lfemur -26.1423 -17.1423 -21.0031
ltibia 47.2303 -0 0
lfoot -24.5489 -6.50777 0.0224473
ltoes 14.8123 -0 0
rfemur -57.2571 6.47137 8.38473
rtibia 70.4174 -0 0
rfoot 7.98247 10.94 0.0144514
rtoes -15.8441 0 0
lowerback 6.05673 -0.204631 -1.08635
upperback 0.494237 -0.300305 1.21061
thorax -2.84917 -0.122713 1.88807
lowerneck -8.99349 -8.95394 -1.27784
upperneck 8.80411 -12.0066 1.56555
head 4.35132 -5.86732 -0.142957
lclavicle -1.26277e-14 -1.15086e-16 7.37028e-32
lhumerus -48.3591 -32.825 115.016
lradius 55.7864 -0 0
lwrist 4.78342 0 0
lhand 6.49685 0.682175 0.0219994
lfingers 7.12502 -0 0
lthumb 31.7797 27.7459 -0.0245181
rclavicle -1.26277e-14 -1.15086e-16 7.37028e-32
rhumerus -39.9707 38.0458 -94.6187
rradius 91.3836 -0 0
rwrist 23.4995 0 0
rhand -1.4896 -15.2428 0.130256
rfingers 7.12502 -0 0
rthumb 24.1526 -43.5693 0.153883
496
root 5.21651 16.4429 -6.00371 -3.88861 82.6447 -10.2785
lfemur -26.0528 -17.494 -21.2716
ltibia 47.1239 -0 0
lfoot -24.5892 -6.68709 0.0182097
ltoes 15.1235 -0 0
rfemur -57.5543 6.52488 8.43758
rtibia 70.7441 -0 0
rfoot 8.01774 11.072 0.0117236
rtoes -15.8649 0 0
lowerback 6.05079 -0.242539 -1.14431
upperback 0.471434 -0.352756 1.2394
thorax -2.87149 -0.147808 1.95396
lowerneck -9.01289 -9.13713 -1.42308
upperneck 8.86312 -12.2407 1.61341
head 4.37147 -5.98276 -0.11518
lclavicle -1.24528e-14 -2.51097e-16 5.97927e-32
lhumerus -48.4562 -32.956 115.304
lradius 55.8842 -0 0
lwrist 4.67488 0 0
lhand 6.88023 0.700405 0.0178429
lfingers 7.12502 -0 0
lthumb 32.1478 27.7247 -0.0198861
rclavicle -1.24528e-14 -2.51097e-16 5.97927e-32
rhumerus -39.8826 38.537 -94.6856
rradius 91.6918 -0 0
rwrist 23.6577 0 0
rhand -1.06906 -15.1448 0.105638
rfingers 7.12502 -0 0
rthumb 24.5577 -43.449 0.124802
497
root 5.24286 16.4508 -5.94957 -5.39546 84.184 -11.759
lfemur -25.9614 -17.8452 -21.5411
ltibia 47.0174 -0 0
lfoot -24.6294 -6.8664 0.0138461
ltoes 15.4347 -0 0
rfemur -57.8515 6.57867 8.49015
rtibia 71.0708 -0 0
rfoot 8.053 11.204 0.0089145
rtoes -15.8858 0 0
lowerback 6.0449 -0.280452 -1.20226
upperback 0.448604 -0.405195 1.26821
thorax -2.89383 -0.172878 2.01987
lowerneck -9.03184 -9.32037 -1.56833
upperneck 8.92198 -12.4749 1.66106
head 4.39157 -6.09821 -0.0874385
lclavicle -1.22779e-14 -3.87107e-16 4.54673e-32
lhumerus -48.5542 -33.0865 115.592
lradius 55.982 -0 0
lwrist 4.56634 0 0
lhand 7.2636 0.718607 0.0135645
lfingers 7.12502 -0 0
lthumb 32.5159 27.7036 -0.0151181
rclavicle -1.22779e-14 -3.87107e-16 4.54673e-32
rhumerus -39.7947 39.0283 -94.7521
rradius 92 -0 0
rwrist 23.8159 0 0
rhand -0.648558 -15.047 0.0803028
rfingers 7.12502 -0 0
rthumb 24.9626 -43.3289 0.0948715
498
root 5.26922 16.4586 -5.89543 -7.97285 85.7165 -14.3101
lfemur -25.8681 -18.196 -21.8118
ltibia 46.911 -0 0
lfoot -24.6697 -7.04571 0.00935664
ltoes 15.7458 -0 0
rfemur -58.1487 6.63272 8.54244
rtibia 71.3975 -0 0
rfoot 8.08826 11.336 0.00602421
rtoes -15.9066 0 0
lowerback 6.03904 -0.318372 -1.26021
upperback 0.425748 -0.457622 1.29705
thorax -2.91621 -0.197923 2.08578
lowerneck -9.05033 -9.50366 -1.7136
upperneck 8.9807 -12.7092 1.70851
head 4.41162 -6.21367 -0.0597315
lclavicle -1.21029e-14 -5.23118e-16 3.07268e-32
lhumerus -48.6531 -33.2166 115.882
lradius 56.0798 -0 0
lwrist 4.45781 0 0
lhand 7.64698 0.736781 0.00916443
lfingers 7.12502 -0 0
lthumb 32.884 27.6825 -0.0102143
rclavicle -1.21029e-14 -5.23118e-16 3.07268e-32
rhumerus -39.7068 39.5197 -94.818
rradius 92.3082 -0 0
rwrist 23.9741 0 0
rhand -0.228105 -14.9494 0.0542502
rfingers 7.12502 -0 0
rthumb 25.3675 -43.2091 0.0640933
499
root 5.29557 16.4665 -5.84128 -13.3761 87.2309 -19.6871
lfemur -25.7728 -18.5464 -22.0836
ltibia 46.8046 -0 0
lfoot -24.7099 -7.22502 0.00474124
ltoes 16.057 -0 0
rfemur -58.4459 6.68705 8.59446
rtibia 71.7243 -0 0
rfoot 8.12351 11.468 0.0030527
rtoes -15.9275 0 0
lowerback 6.03321 -0.356298 -1.31815
upperback 0.402865 -0.510038 1.3259
thorax -2.93861 -0.222941 2.1517
lowerneck -9.06836 -9.687 -1.85888
upperneck 9.03928 -12.9435 1.75576
head 4.43162 -6.32914 -0.0320589
lclavicle -1.1928e-14 -6.59128e-16 1.5571e-32
lhumerus -48.7529 -33.3462 116.171
lradius 56.1775 -0 0
lwrist 4.34927 0 0
lhand 8.03035 0.754924 0.00464287
lfingers 7.12502 -0 0
lthumb 33.2522 27.6614 -0.00517486
rclavicle -1.1928e-14 -6.59128e-16 1.5571e-32
rhumerus -39.6191 40.0111 -94.8835
rradius 92.6164 -0 0
rwrist 24.1323 0 0
rhand 0.192303 -14.852 0.0274821
rfingers 7.12502 -0 0
rthumb 25.7723 -43.0894 0.0324688
500
root 5.32192 16.4743 -5.78714 -30.9194 88.6644 -37.2042
lfemur -25.6756 -18.8963 -22.3566
ltibia 46.6982 0 0
lfoot -24.7501 -7.40432 0
ltoes 16.3682 0 0
rfemur -58.7431 6.74164 8.6462
rtibia 72.051 0 0
rfoot 8.15875 11.6 0
rtoes -15.9483 0 0
lowerback 6.02743 -0.394229 -1.37609
upperback 0.379956 -0.562443 1.35478
thorax -2.96104 -0.247934 2.21763
lowerneck -9.08592 -9.87038 -2.00419
upperneck 9.09771 -13.1778 1.80281
head 4.45156 -6.44462 -0.00442069
lclavicle -1.17531e-14 -7.95139e-16 0
lhumerus -48.8537 -33.4755 116.462
lradius 56.2753 0 0
lwrist 4.24073 0 0
lhand 8.41372 0.773037 0
lfingers 7.12502 0 0
lthumb 33.6203 27.6403 0
rclavicle -1.17531e-14 -7.95139e-16 0
rhumerus -39.5315 40.5026 -94.9484
rradius 92.9246 0 0
rwrist 24.2905 0 0
rhand 0.612665 -14.7548 0
rfingers 7.12502 0 0
rthumb 26.1771 -762.97 0
501
root 5.38262 16.4675 -5.72667 -99.7233 89.0547 -105.786
lfemur -25.4084 -18.9092 -22.2939
ltibia 47.1687 0 0
lfoot -25.0138 -7.62975 0
ltoes 15.6556 0 0
rfemur -58.9857 6.9689 8.24345
rtibia 70.7219 0 0
rfoot 7.93546 11.25 0
rtoes -16.1388 0 0
lowerback 6.38393 -0.348886 -1.35466
upperback 0.470518 -0.496259 1.48019
thorax -3.06954 -0.212637 2.33295
lowerneck -9.11718 -10.0906 -2.17916
upperneck 9.44633 -13.4651 1.86556
head 4.58559 -6.5815 0.00490397
lclavicle 1.88845e-15 2.98177e-15 0
lhumerus -48.7579 -33.7526 116.751
lradius 56.3329 0 0
lwrist 4.41023 0 0
lhand 8.51103 0.72498 0
lfingers 7.12502 0 0
lthumb 33.7128 27.572 0
rclavicle 1.88845e-15 2.98177e-15 0
rhumerus -37.7269 42.5791 -93.568
rradius 95.5372 0 0
rwrist 22.1843 0 0
rhand 2.17309 -14.0028 0
rfingers 7.12502 0 0
rthumb 27.6701 -761.988 0
502
root 5.44209 16.4594 -5.66718 -141.464 88.1169 -147.305
lfemur -25.1723 -18.814 -22.2697
ltibia 47.7119 0 0
lfoot -25.2252 -7.69817 0
ltoes 14.8111 0 0
rfemur -59.1278 7.11862 7.85168
rtibia 69.3756 0 0
rfoot 7.95175 10.7468 0
rtoes -16.2542 0 0
lowerback 6.74902 -0.293557 -1.3065
upperback 0.572519 -0.413335 1.61501
thorax -3.17212 -0.169161 2.44105
lowerneck -9.13175 -10.3295 -2.36748
upperneck 9.78536 -13.7767 1.93609
head 4.71683 -6.73031 0.0168942
lclavicle -3.97569e-16 -7.95139e-15 0
lhumerus -48.6365 -34.0293 117.02
lradius 56.3903 0 0
lwrist 4.62031 0 0
lhand 8.55565 0.67326 0
lfingers 7.12502 0 0
lthumb 33.7552 27.511 0
rclavicle -3.97569e-16 -7.95139e-15 0
rhumerus -35.6426 44.3886 -91.8271
rradius 98.1819 0 0
rwrist 19.4469 0 0
rhand 3.7269 -13.2975 0
rfingers 7.12502 0 0
rthumb 29.1549 -761.034 0
503
root 5.45093 16.4585 -5.64184 -140.643 88.1229 -146.479
lfemur -25.0882 -18.4885 -22.2536
ltibia 47.6812 -0 0
lfoot -25.2965 -7.47212 -0.012666
ltoes 14.6473 -0 0
rfemur -58.9536 6.92553 7.96587
rtibia 69.2086 -0 0
rfoot 7.94824 10.7265 5.54076e-05
rtoes -16.3226 0 0
lowerback 6.72279 -0.303226 -1.35573
upperback 0.588168 -0.429236 1.6203
thorax -3.13872 -0.177082 2.47464
lowerneck -9.09116 -10.3601 -2.38229
upperneck 9.81921 -13.8227 1.98854
head 4.72767 -6.75031 0.0318011
lclavicle -4.31252e-16 -7.82549e-15 3.29355e-33
lhumerus -48.3426 -34.021 116.642
lradius 56.3563 -0 0
lwrist 4.84375 0 0
lhand 8.24581 0.639118 0.00838048
lfingers 7.12502 -0 0
lthumb 33.4577 27.5098 0.00027142
rclavicle -4.31252e-16 -7.82549e-15 3.29355e-33
rhumerus -34.7854 44.2055 -91.3809
rradius 98.5747 -0 0
rwrist 18.7326 0 0
rhand 3.39044 -13.3662 0.0183867
rfingers 7.12502 -0 0
rthumb 28.8313 -41.1272 0.0239736
504
root 5.45977 16.4577 -5.61649 -139.818 88.1285 -145.648
lfemur -25.0041 -18.1631 -22.2371
ltibia 47.6506 -0 0
lfoot -25.3679 -7.24605 -0.0250506
ltoes 14.4835 -0 0
rfemur -58.7798 6.7321 8.07942
rtibia 69.0417 -0 0
rfoot 7.94472 10.7062 0.00010957
rtoes -16.391 0 0
lowerback 6.69657 -0.312918 -1.40495
upperback 0.603816 -0.445139 1.62559
thorax -3.10532 -0.185023 2.50822
lowerneck -9.05055 -10.3906 -2.39712
upperneck 9.85303 -13.8687 2.04098
head 4.7385 -6.77032 0.0467049
lclavicle -4.64935e-16 -7.6996e-15 6.51308e-33
lhumerus -48.0489 -34.0111 116.265
lradius 56.3222 -0 0
lwrist 5.0672 0 0
lhand 7.93597 0.604931 0.0165762
lfingers 7.12502 -0 0
lthumb 33.1602 27.5087 0.000536846
rclavicle -4.64935e-16 -7.6996e-15 6.51308e-33
rhumerus -33.9329 44.0176 -90.94
rradius 98.9675 -0 0
rwrist 18.0183 0 0
rhand 3.05395 -13.435 0.0363697
rfingers 7.12502 -0 0
rthumb 28.5077 -41.2205 0.0474205
505
root 5.46861 16.4568 -5.59115 -138.987 88.1337 -144.813
lfemur -24.9201 -17.8376 -22.22
ltibia 47.6199 -0 0
lfoot -25.4393 -7.01996 -0.0371534
ltoes 14.3197 -0 0
rfemur -58.6064 6.53833 8.19233
rtibia 68.8747 -0 0
rfoot 7.94121 10.6859 0.000162488
rtoes -16.4593 0 0
lowerback 6.67036 -0.322632 -1.45417
upperback 0.619463 -0.461043 1.63088
thorax -3.07193 -0.192984 2.5418
lowerneck -9.00994 -10.4211 -2.41197
upperneck 9.88681 -13.9147 2.0934
head 4.74932 -6.79032 0.0616056
lclavicle -4.98618e-16 -7.5737e-15 9.6586e-33
lhumerus -47.7552 -33.9996 115.887
lradius 56.2882 -0 0
lwrist 5.29064 0 0
lhand 7.62612 0.570701 0.0245869
lfingers 7.12502 -0 0
lthumb 32.8627 27.5075 0.00079627
rclavicle -4.98618e-16 -7.5737e-15 9.6586e-33
rhumerus -33.0851 43.825 -90.5044
rradius 99.3603 -0 0
rwrist 17.304 0 0
rhand 2.71744 -13.5039 0.0539484
rfingers 7.12502 -0 0
rthumb 28.1841 -41.314 0.0703398
506
root 5.47746 16.456 -5.56581 -138.152 88.1385 -143.973
lfemur -24.8361 -17.5122 -22.2026
ltibia 47.5892 -0 0
lfoot -25.5108 -6.79386 -0.0489743
ltoes 14.1559 -0 0
rfemur -58.4335 6.34422 8.30462
rtibia 68.7077 -0 0
rfoot 7.93769 10.6656 0.000214162
rtoes -16.5277 0 0
lowerback 6.64415 -0.332369 -1.50338
upperback 0.635108 -0.476949 1.63616
thorax -3.03854 -0.200964 2.57538
lowerneck -8.96931 -10.4517 -2.42685
upperneck 9.92056 -13.9608 2.1458
head 4.76014 -6.81033 0.0765032
lclavicle -5.32301e-16 -7.4478e-15 1.27301e-32
lhumerus -47.4617 -33.9865 115.51
lradius 56.2541 -0 0
lwrist 5.51408 0 0
lhand 7.31627 0.536427 0.0324124
lfingers 7.12502 -0 0
lthumb 32.5652 27.5064 0.00104969
rclavicle -5.32301e-16 -7.4478e-15 1.27301e-32
rhumerus -32.2421 43.6279 -90.0742
rradius 99.7531 -0 0
rwrist 16.5897 0 0
rhand 2.38092 -13.5728 0.0711222
rfingers 7.12502 -0 0
rthumb 27.8604 -41.4076 0.0927308
507
root 5.4863 16.4551 -5.54047 -137.313 88.1429 -143.128
lfemur -24.7522 -17.1868 -22.1846
ltibia 47.5586 -0 0
lfoot -25.5823 -6.56775 -0.0605131
ltoes 13.9921 -0 0
rfemur -58.2611 6.14977 8.41627
rtibia 68.5408 -0 0
rfoot 7.93418 10.6453 0.00026459
rtoes -16.5961 0 0
lowerback 6.61796 -0.342128 -1.55259
upperback 0.650751 -0.492856 1.64144
thorax -3.00515 -0.208963 2.60895
lowerneck -8.92867 -10.4822 -2.44175
upperneck 9.95426 -14.0069 2.19818
head 4.77096 -6.83035 0.0913976
lclavicle -5.65984e-16 -7.32191e-15 1.57276e-32
lhumerus -47.1684 -33.9718 115.132
lradius 56.2201 -0 0
lwrist 5.73753 0 0
lhand 7.00641 0.502112 0.0400525
lfingers 7.12502 -0 0
lthumb 32.2677 27.5052 0.00129709
rclavicle -5.65984e-16 -7.32191e-15 1.57276e-32
rhumerus -31.404 43.4262 -89.6494
rradius 100.146 -0 0
rwrist 15.8754 0 0
rhand 2.04437 -13.6419 0.0878905
rfingers 7.12502 -0 0
rthumb 27.5367 -41.5013 0.114593
508
root 5.49514 16.4543 -5.51512 -136.471 88.1469 -142.28
lfemur -24.6683 -16.8615 -22.1662
ltibia 47.5279 -0 0
lfoot -25.6539 -6.34162 -0.0717695
ltoes 13.8284 -0 0
rfemur -58.0891 5.95499 8.52729
rtibia 68.3738 -0 0
rfoot 7.93066 10.625 0.000313773
rtoes -16.6645 0 0
lowerback 6.59177 -0.35191 -1.6018
upperback 0.666394 -0.508765 1.64671
thorax -2.97177 -0.216983 2.64252
lowerneck -8.88801 -10.5127 -2.45667
upperneck 9.98793 -14.053 2.25055
head 4.78177 -6.85036 0.106289
lclavicle -5.99667e-16 -7.19601e-15 1.86511e-32
lhumerus -46.8752 -33.9555 114.755
lradius 56.186 -0 0
lwrist 5.96097 0 0
lhand 6.69655 0.467756 0.0475068
lfingers 7.12502 -0 0
lthumb 31.9702 27.5041 0.00153847
rclavicle -5.99667e-16 -7.19601e-15 1.86511e-32
rhumerus -30.5707 43.22 -89.2302
rradius 100.539 -0 0
rwrist 15.1612 0 0
rhand 1.7078 -13.7111 0.104253
rfingers 7.12502 -0 0
rthumb 27.2129 -41.5952 0.135925
509
root 5.50398 16.4534 -5.48978 -135.624 88.1505 -141.429
lfemur -24.5844 -16.5361 -22.1473
ltibia 47.4973 -0 0
lfoot -25.7255 -6.11548 -0.0827434
ltoes 13.6646 -0 0
rfemur -57.9175 5.75988 8.63768
rtibia 68.2068 -0 0
rfoot 7.92715 10.6047 0.000361712
rtoes -16.7328 0 0
lowerback 6.56559 -0.361714 -1.651
upperback 0.682035 -0.524675 1.65198
thorax -2.9384 -0.225021 2.67608
lowerneck -8.84735 -10.5432 -2.47162
upperneck 10.0216 -14.0992 2.30289
head 4.79258 -6.87038 0.121177
lclavicle -6.3335e-16 -7.07011e-15 2.15006e-32
lhumerus -46.5822 -33.9376 114.378
lradius 56.152 -0 0
lwrist 6.18441 0 0
lhand 6.38669 0.43336 0.0547753
lfingers 7.12502 -0 0
lthumb 31.6727 27.5029 0.00177382
rclavicle -6.3335e-16 -7.07011e-15 2.15006e-32
rhumerus -29.7424 43.0094 -88.8165
rradius 100.932 -0 0
rwrist 14.4469 0 0
rhand 1.37121 -13.7804 0.120208
rfingers 7.12502 -0 0
rthumb 26.8892 -41.6891 0.156726
510
root 5.51282 16.4525 -5.46444 -134.775 88.1537 -140.574
lfemur -24.5006 -16.2108 -22.1279
ltibia 47.4666 -0 0
lfoot -25.7971 -5.88932 -0.0934347
ltoes 13.5008 -0 0
rfemur -57.7464 5.56444 8.74745
rtibia 68.0398 -0 0
rfoot 7.92364 10.5844 0.000408405
rtoes -16.8012 0 0
lowerback 6.53942 -0.371541 -1.70019
upperback 0.697674 -0.540587 1.65724
thorax -2.90503 -0.23308 2.70964
lowerneck -8.80667 -10.5737 -2.48659
upperneck 10.0552 -14.1454 2.35522
head 4.80338 -6.8904 0.136062
lclavicle -6.67033e-16 -6.94421e-15 2.4276e-32
lhumerus -46.2895 -33.9181 114.002
lradius 56.1179 -0 0
lwrist 6.40786 0 0
lhand 6.07682 0.398925 0.0618576
lfingers 7.12502 -0 0
lthumb 31.3752 27.5017 0.00200314
rclavicle -6.67033e-16 -6.94421e-15 2.4276e-32
rhumerus -28.919 42.7945 -88.4085
rradius 101.324 -0 0
rwrist 13.7326 0 0
rhand 1.0346 -13.8498 0.135756
rfingers 7.12502 -0 0
rthumb 26.5653 -41.7832 0.176996
511
root 5.52166 16.4517 -5.43909 -133.922 88.1564 -139.716
lfemur -24.4168 -15.8855 -22.1081
ltibia 47.4359 -0 0
lfoot -25.8688 -5.66315 -0.103843
ltoes 13.337 -0 0
rfemur -57.5757 5.36868 8.8566
rtibia 67.8729 -0 0
rfoot 7.92012 10.5641 0.000453854
rtoes -16.8696 0 0
lowerback 6.51326 -0.38139 -1.74939
upperback 0.713313 -0.5565 1.6625
thorax -2.87166 -0.241157 2.74319
lowerneck -8.76598 -10.6041 -2.50159
upperneck 10.0887 -14.1916 2.40754
head 4.81418 -6.91043 0.150944
lclavicle -7.00716e-16 -6.81832e-15 2.69775e-32
lhumerus -45.9969 -33.8971 113.625
lradius 56.0839 -0 0
lwrist 6.6313 0 0
lhand 5.76694 0.364453 0.0687536
lfingers 7.12502 -0 0
lthumb 31.0777 27.5006 0.00222641
rclavicle -7.00716e-16 -6.81832e-15 2.69775e-32
rhumerus -28.1006 42.5754 -88.0061
rradius 101.717 -0 0
rwrist 13.0183 0 0
rhand 0.697977 -13.9193 0.150896
rfingers 7.12502 -0 0
rthumb 26.2415 -41.8774 0.196734
512
root 5.5305 16.4508 -5.41375 -133.068 88.1588 -138.856
lfemur -24.333 -15.5603 -22.0878
ltibia 47.4053 -0 0
lfoot -25.9405 -5.43697 -0.113968
ltoes 13.1732 -0 0
rfemur -57.4055 5.1726 8.96512
rtibia 67.7059 -0 0
rfoot 7.91661 10.5438 0.000498057
rtoes -16.938 0 0
lowerback 6.4871 -0.391262 -1.79857
upperback 0.728949 -0.572415 1.66776
thorax -2.8383 -0.249255 2.77674
lowerneck -8.72528 -10.6346 -2.51661
upperneck 10.1222 -14.2378 2.45983
head 4.82497 -6.93045 0.165823
lclavicle -7.34399e-16 -6.69242e-15 2.96049e-32
lhumerus -45.7046 -33.8744 113.249
lradius 56.0498 -0 0
lwrist 6.85474 0 0
lhand 5.45706 0.329944 0.075463
lfingers 7.12502 -0 0
lthumb 30.7802 27.4994 0.00244364
rclavicle -7.34399e-16 -6.69242e-15 2.96049e-32
rhumerus -27.2872 42.352 -87.6094
rradius 102.11 -0 0
rwrist 12.304 0 0
rhand 0.361332 -13.9888 0.165628
rfingers 7.12502 -0 0
rthumb 25.9176 -41.9717 0.215939
513
root 5.53934 16.45 -5.38841 -132.211 88.1607 -137.995
lfemur -24.2492 -15.2351 -22.0671
ltibia 47.3746 -0 0
lfoot -26.0123 -5.21077 -0.12381
ltoes 13.0094 -0 0
rfemur -57.2356 4.9762 9.07303
rtibia 67.5389 -0 0
rfoot 7.91309 10.5235 0.000541016
rtoes -17.0063 0 0
lowerback 6.46096 -0.401156 -1.84776
upperback 0.744585 -0.588331 1.67301
thorax -2.80495 -0.257372 2.81028
lowerneck -8.68457 -10.665 -2.53165
upperneck 10.1557 -14.2841 2.51211
head 4.83576 -6.95048 0.180699
lclavicle -7.68082e-16 -6.56652e-15 3.21583e-32
lhumerus -45.4126 -33.8501 112.873
lradius 56.0158 -0 0
lwrist 7.07819 0 0
lhand 5.14718 0.295399 0.0819857
lfingers 7.12502 -0 0
lthumb 30.4827 27.4982 0.00265482
rclavicle -7.68082e-16 -6.56652e-15 3.21583e-32
rhumerus -26.4788 42.1246 -87.2184
rradius 102.503 -0 0
rwrist 11.5897 0 0
rhand 0.0246699 -14.0585 0.179951
rfingers 7.12502 -0 0
rthumb 25.5937 -42.0661 0.234611
514
root 5.54819 16.4491 -5.36306 -131.353 88.1623 -137.131
lfemur -24.1655 -14.9099 -22.0459
ltibia 47.3439 -0 0
lfoot -26.0841 -4.98457 -0.133369
ltoes 12.8456 -0 0
rfemur -57.0662 4.77947 9.18032
rtibia 67.372 -0 0
rfoot 7.90958 10.5032 0.00058273
rtoes -17.0747 0 0
lowerback 6.43482 -0.411073 -1.89694
upperback 0.760219 -0.604249 1.67825
thorax -2.77159 -0.265508 2.84382
lowerneck -8.64384 -10.6955 -2.54672
upperneck 10.1892 -14.3304 2.56438
head 4.84655 -6.97052 0.195572
lclavicle -8.01765e-16 -6.44063e-15 3.46377e-32
lhumerus -45.1209 -33.8242 112.497
lradius 55.9817 -0 0
lwrist 7.30163 0 0
lhand 4.8373 0.260819 0.0883215
lfingers 7.12502 -0 0
lthumb 30.1852 27.4971 0.00285994
rclavicle -8.01765e-16 -6.44063e-15 3.46377e-32
rhumerus -25.6754 41.893 -86.8332
rradius 102.896 -0 0
rwrist 10.8754 0 0
rhand -0.31201 -14.1282 0.193865
rfingers 7.12502 -0 0
rthumb 25.2697 -42.1606 0.252749
515
root 5.55703 16.4483 -5.33772 -130.493 88.1634 -136.266
lfemur -24.0817 -14.5847 -22.0242
ltibia 47.3133 -0 0
lfoot -26.1559 -4.75835 -0.142644
ltoes 12.6818 -0 0
rfemur -56.8972 4.58244 9.287
rtibia 67.205 -0 0
rfoot 7.90606 10.4829 0.000623198
rtoes -17.1431 0 0
lowerback 6.40869 -0.421012 -1.94611
upperback 0.775852 -0.620168 1.68349
thorax -2.73825 -0.273664 2.87735
lowerneck -8.60311 -10.7259 -2.5618
upperneck 10.2226 -14.3768 2.61662
head 4.85733 -6.99055 0.210441
lclavicle -8.35448e-16 -6.31473e-15 3.70431e-32
lhumerus -44.8294 -33.7968 112.121
lradius 55.9477 -0 0
lwrist 7.52507 0 0
lhand 4.52741 0.226205 0.0944701
lfingers 7.12502 -0 0
lthumb 29.8877 27.4959 0.00305899
rclavicle -8.35448e-16 -6.31473e-15 3.70431e-32
rhumerus -24.877 41.6576 -86.4538
rradius 103.288 -0 0
rwrist 10.1611 0 0
rhand -0.648707 -14.198 0.207368
rfingers 7.12502 -0 0
rthumb 24.9457 -42.2552 0.270352
516
root 5.56587 16.4474 -5.31238 -129.633 88.1641 -135.401
lfemur -23.9979 -14.2596 -22.0021
ltibia 47.2826 -0 0
lfoot -26.2278 -4.53212 -0.151635
ltoes 12.518 -0 0
rfemur -56.7287 4.38509 9.39306
rtibia 67.038 -0 0
rfoot 7.90255 10.4626 0.000662422
rtoes -17.2115 0 0
lowerback 6.38257 -0.430973 -1.99528
upperback 0.791483 -0.636089 1.68873
thorax -2.70491 -0.281839 2.91088
lowerneck -8.56236 -10.7563 -2.57692
upperneck 10.256 -14.4231 2.66885
head 4.8681 -7.01059 0.225308
lclavicle -8.69131e-16 -6.18883e-15 3.93745e-32
lhumerus -44.5383 -33.7677 111.746
lradius 55.9136 -0 0
lwrist 7.74852 0 0
lhand 4.21751 0.191559 0.100431
lfingers 7.12502 -0 0
lthumb 29.5902 27.4947 0.00325198
rclavicle -8.69131e-16 -6.18883e-15 3.93745e-32
rhumerus -24.0836 41.4181 -86.0802
rradius 103.681 -0 0
rwrist 9.44684 0 0
rhand -0.985421 -14.2679 0.220461
rfingers 7.12502 -0 0
rthumb 24.6217 -42.3499 0.28742
517
root 5.57471 16.4466 -5.28703 -128.772 88.1644 -134.535
lfemur -23.9141 -13.9345 -21.9795
ltibia 47.2519 -0 0
lfoot -26.2997 -4.30588 -0.160343
ltoes 12.3542 -0 0
rfemur -56.5605 4.18743 9.49852
rtibia 66.8711 -0 0
rfoot 7.89904 10.4423 0.000700401
rtoes -17.2798 0 0
lowerback 6.35646 -0.440957 -2.04444
upperback 0.807113 -0.652011 1.69397
thorax -2.67157 -0.290034 2.94441
lowerneck -8.52159 -10.7868 -2.59205
upperneck 10.2893 -14.4695 2.72106
head 4.87887 -7.03063 0.240171
lclavicle -9.02814e-16 -6.06293e-15 4.16319e-32
lhumerus -44.2476 -33.7371 111.371
lradius 55.8796 -0 0
lwrist 7.97196 0 0
lhand 3.90761 0.156881 0.106205
lfingers 7.12502 -0 0
lthumb 29.2927 27.4936 0.00343889
rclavicle -9.02814e-16 -6.06293e-15 4.16319e-32
rhumerus -23.2953 41.1749 -85.7124
rradius 104.074 -0 0
rwrist 8.73255 0 0
rhand -1.32215 -14.3378 0.233143
rfingers 7.12502 -0 0
rthumb 24.2977 -42.4447 0.303952
518
root 5.58355 16.4457 -5.26169 -127.911 88.1643 -133.668
lfemur -23.8303 -13.6094 -21.9564
ltibia 47.2213 -0 0
lfoot -26.3717 -4.07962 -0.168766
ltoes 12.1904 -0 0
rfemur -56.3927 3.98947 9.60337
rtibia 66.7041 -0 0
rfoot 7.89552 10.422 0.000737134
rtoes -17.3482 0 0
lowerback 6.33036 -0.450963 -2.0936
upperback 0.822742 -0.667934 1.6992
thorax -2.63824 -0.298249 2.97792
lowerneck -8.48082 -10.8172 -2.60721
upperneck 10.3226 -14.516 2.77325
head 4.88963 -7.05068 0.255032
lclavicle -9.36497e-16 -5.93704e-15 4.38153e-32
lhumerus -43.9571 -33.7049 110.997
lradius 55.8455 -0 0
lwrist 8.1954 0 0
lhand 3.59771 0.122172 0.111792
lfingers 7.12502 -0 0
lthumb 28.9952 27.4924 0.00361972
rclavicle -9.36497e-16 -5.93704e-15 4.38153e-32
rhumerus -22.512 40.9279 -85.3504
rradius 104.467 -0 0
rwrist 8.01826 0 0
rhand -1.6589 -14.4079 0.245414
rfingers 7.12502 -0 0
rthumb 23.9736 -42.5396 0.319948
519
root 5.59239 16.4448 -5.23635 -127.05 88.1637 -132.802
lfemur -23.7465 -13.2844 -21.9329
ltibia 47.1906 -0 0
lfoot -26.4437 -3.85336 -0.176905
ltoes 12.0267 -0 0
rfemur -56.2254 3.7912 9.70761
rtibia 66.5371 -0 0
rfoot 7.89201 10.4017 0.000772623
rtoes -17.4166 0 0
lowerback 6.30426 -0.460992 -2.14276
upperback 0.838369 -0.683859 1.70442
thorax -2.60491 -0.306483 3.01144
lowerneck -8.44003 -10.8475 -2.6224
upperneck 10.3559 -14.5624 2.82543
head 4.90039 -7.07072 0.269889
lclavicle -9.7018e-16 -5.81114e-15 4.59246e-32
lhumerus -43.6671 -33.6711 110.623
lradius 55.8115 -0 0
lwrist 8.41884 0 0
lhand 3.28781 0.0874333 0.11719
lfingers 7.12502 -0 0
lthumb 28.6977 27.4912 0.00379447
rclavicle -9.7018e-16 -5.81114e-15 4.59246e-32
rhumerus -21.7336 40.6772 -84.9943
rradius 104.86 -0 0
rwrist 7.30397 0 0
rhand -1.99566 -14.478 0.257273
rfingers 7.12502 -0 0
rthumb 23.6496 -42.6346 0.335406
520
root 5.60123 16.444 -5.21101 -126.191 88.1628 -131.937
lfemur -23.6627 -12.9594 -21.909
ltibia 47.1599 -0 0
lfoot -26.5157 -3.62709 -0.18476
ltoes 11.8629 -0 0
rfemur -56.0584 3.59262 9.81125
rtibia 66.3701 -0 0
rfoot 7.88849 10.3814 0.000806866
rtoes -17.485 0 0
lowerback 6.27818 -0.471042 -2.19191
upperback 0.853995 -0.699786 1.70964
thorax -2.57159 -0.314736 3.04495
lowerneck -8.39923 -10.8779 -2.6376
upperneck 10.3891 -14.6089 2.87759
head 4.91115 -7.09077 0.284743
lclavicle -1.00386e-15 -5.68524e-15 4.79599e-32
lhumerus -43.3774 -33.6357 110.249
lradius 55.7774 -0 0
lwrist 8.64229 0 0
lhand 2.9779 0.052666 0.1224
lfingers 7.12502 -0 0
lthumb 28.4002 27.49 0.00396313
rclavicle -1.00386e-15 -5.68524e-15 4.79599e-32
rhumerus -20.9603 40.4229 -84.644
rradius 105.252 -0 0
rwrist 6.58968 0 0
rhand -2.33243 -14.5481 0.26872
rfingers 7.12502 -0 0
rthumb 23.3254 -42.7297 0.350327
521
root 5.61008 16.4431 -5.18566 -125.332 88.1614 -131.073
lfemur -23.5788 -12.6344 -21.8846
ltibia 47.1293 -0 0
lfoot -26.5877 -3.4008 -0.19233
ltoes 11.6991 -0 0
rfemur -55.8918 3.39375 9.91428
rtibia 66.2032 -0 0
rfoot 7.88498 10.3611 0.000839864
rtoes -17.5533 0 0
lowerback 6.2521 -0.481116 -2.24106
upperback 0.86962 -0.715714 1.71486
thorax -2.53827 -0.323009 3.07845
lowerneck -8.35842 -10.9083 -2.65283
upperneck 10.4223 -14.6554 2.92973
head 4.9219 -7.11083 0.299594
lclavicle -1.03755e-15 -5.55935e-15 4.99213e-32
lhumerus -43.0881 -33.5988 109.875
lradius 55.7434 -0 0
lwrist 8.86573 0 0
lhand 2.66799 0.0178711 0.127423
lfingers 7.12502 -0 0
lthumb 28.1027 27.4889 0.00412569
rclavicle -1.03755e-15 -5.55935e-15 4.99213e-32
rhumerus -20.192 40.165 -84.2996
rradius 105.645 -0 0
rwrist 5.87539 0 0
rhand -2.66922 -14.6184 0.279754
rfingers 7.12502 -0 0
rthumb 23.0013 -42.8248 0.36471
522
root 5.61892 16.4423 -5.16032 -124.474 88.1596 -130.211
lfemur -23.4949 -12.3095 -21.8597
ltibia 47.0986 -0 0
lfoot -26.6598 -3.17451 -0.199616
ltoes 11.5353 -0 0
rfemur -55.7256 3.19458 10.0167
rtibia 66.0362 -0 0
rfoot 7.88146 10.3408 0.000871617
rtoes -17.6217 0 0
lowerback 6.22603 -0.491212 -2.2902
upperback 0.885243 -0.731643 1.72007
thorax -2.50496 -0.331301 3.11195
lowerneck -8.3176 -10.9386 -2.66809
upperneck 10.4555 -14.702 2.98186
head 4.93265 -7.13088 0.314442
lclavicle -1.07123e-15 -5.43345e-15 5.18086e-32
lhumerus -42.7993 -33.5603 109.502
lradius 55.7093 -0 0
lwrist 9.08917 0 0
lhand 2.35808 -0.0169505 0.132257
lfingers 7.12502 -0 0
lthumb 27.8052 27.4877 0.00428216
rclavicle -1.07123e-15 -5.43345e-15 5.18086e-32
rhumerus -19.4286 39.9036 -83.961
rradius 106.038 -0 0
rwrist 5.1611 0 0
rhand -3.00602 -14.6887 0.290375
rfingers 7.12502 -0 0
rthumb 22.6771 -42.9201 0.378555
523
root 5.62776 16.4414 -5.13498 -123.619 88.1574 -129.35
lfemur -23.4109 -11.9846 -21.8344
ltibia 47.0679 -0 0
lfoot -26.7319 -2.94821 -0.206617
ltoes 11.3715 -0 0
rfemur -55.5599 2.99511 10.1186
rtibia 65.8692 -0 0
rfoot 7.87795 10.3205 0.000902125
rtoes -17.6901 0 0
lowerback 6.19997 -0.50133 -2.33934
upperback 0.900865 -0.747574 1.72528
thorax -2.47165 -0.339613 3.14545
lowerneck -8.27676 -10.969 -2.68336
upperneck 10.4886 -14.7485 3.03397
head 4.94339 -7.15094 0.329287
lclavicle -1.10491e-15 -5.30755e-15 5.36219e-32
lhumerus -42.5109 -33.5202 109.13
lradius 55.6753 -0 0
lwrist 9.31262 0 0
lhand 2.04816 -0.0517978 0.136902
lfingers 7.12502 -0 0
lthumb 27.5077 27.4865 0.00443253
rclavicle -1.10491e-15 -5.30755e-15 5.36219e-32
rhumerus -18.6701 39.6388 -83.6283
rradius 106.431 -0 0
rwrist 4.44681 0 0
rhand -3.34284 -14.759 0.300583
rfingers 7.12502 -0 0
rthumb 22.3529 -43.0154 0.39186
524
root 5.6366 16.4406 -5.10963 -122.766 88.1548 -128.491
lfemur -23.3269 -11.6597 -21.8086
ltibia 47.0373 -0 0
lfoot -26.804 -2.7219 -0.213334
ltoes 11.2077 -0 0
rfemur -55.3945 2.79535 10.2198
rtibia 65.7023 -0 0
rfoot 7.87443 10.3002 0.000931388
rtoes -17.7585 0 0
lowerback 6.17392 -0.51147 -2.38847
upperback 0.916485 -0.763506 1.73048
thorax -2.43835 -0.347945 3.17894
lowerneck -8.23591 -10.9993 -2.69867
upperneck 10.5217 -14.7951 3.08606
head 4.95412 -7.171 0.344128
lclavicle -1.1386e-15 -5.18166e-15 5.53612e-32
lhumerus -42.223 -33.4786 108.757
lradius 55.6412 -0 0
lwrist 9.53606 0 0
lhand 1.73824 -0.0866696 0.141359
lfingers 7.12502 -0 0
lthumb 27.2102 27.4853 0.00457679
rclavicle -1.1386e-15 -5.18166e-15 5.53612e-32
rhumerus -17.9165 39.3706 -83.3014
rradius 106.824 -0 0
rwrist 3.73252 0 0
rhand -3.67966 -14.8294 0.310376
rfingers 7.12502 -0 0
rthumb 22.0287 -43.1108 0.404626
525
root 5.64544 16.4397 -5.08429 -121.915 88.1517 -127.636
lfemur -23.2429 -11.3349 -21.7824
ltibia 47.0066 -0 0
lfoot -26.8762 -2.49558 -0.219765
ltoes 11.0439 -0 0
rfemur -55.2294 2.5953 10.3204
rtibia 65.5353 -0 0
rfoot 7.87092 10.2799 0.000959406
rtoes -17.8268 0 0
lowerback 6.14788 -0.521633 -2.4376
upperback 0.932104 -0.77944 1.73568
thorax -2.40505 -0.356295 3.21243
lowerneck -8.19505 -11.0296 -2.71399
upperneck 10.5547 -14.8418 3.13814
head 4.96486 -7.19107 0.358967
lclavicle -1.17228e-15 -5.05576e-15 5.70264e-32
lhumerus -41.9355 -33.4354 108.386
lradius 55.6072 -0 0
lwrist 9.7595 0 0
lhand 1.42832 -0.121565 0.145628
lfingers 7.12502 -0 0
lthumb 26.9127 27.4842 0.00471493
rclavicle -1.17228e-15 -5.05576e-15 5.70264e-32
rhumerus -17.1678 39.0992 -82.9803
rradius 107.216 -0 0
rwrist 3.01823 0 0
rhand -4.0165 -14.8999 0.319756
rfingers 7.12502 -0 0
rthumb 21.7045 -43.2062 0.416852
526
root 5.65428 16.4388 -5.05895 -121.067 88.1483 -126.783
lfemur -23.1587 -11.0101 -21.7557
ltibia 46.976 -0 0
lfoot -26.9484 -2.26926 -0.225911
ltoes 10.8801 -0 0
rfemur -55.0648 2.39496 10.4205
rtibia 65.3683 -0 0
rfoot 7.8674 10.2596 0.000986179
rtoes -17.8952 0 0
lowerback 6.12184 -0.531818 -2.48673
upperback 0.947722 -0.795375 1.74087
thorax -2.37175 -0.364666 3.24591
lowerneck -8.15417 -11.06 -2.72934
upperneck 10.5877 -14.8884 3.1902
head 4.97558 -7.21113 0.373802
lclavicle -1.20596e-15 -4.92986e-15 5.86177e-32
lhumerus -41.6485 -33.3907 108.014
lradius 55.5731 -0 0
lwrist 9.98295 0 0
lhand 1.11839 -0.156483 0.149707
lfingers 7.12502 -0 0
lthumb 26.6152 27.483 0.00484697
rclavicle -1.20596e-15 -4.92986e-15 5.86177e-32
rhumerus -16.424 38.8246 -82.665
rradius 107.609 -0 0
rwrist 2.30394 0 0
rhand -4.35336 -14.9705 0.328721
rfingers 7.12502 -0 0
rthumb 21.3803 -43.3018 0.428537
527
root 5.66312 16.438 -5.0336 -120.223 88.1445 -125.933
lfemur -23.0746 -10.6854 -21.7285
ltibia 46.9453 -0 0
lfoot -27.0206 -2.04292 -0.231772
ltoes 10.7163 -0 0
rfemur -54.9005 2.19434 10.52
rtibia 65.2014 -0 0
rfoot 7.86389 10.2393 0.00101171
rtoes -17.9636 0 0
lowerback 6.09582 -0.542025 -2.53585
upperback 0.963338 -0.811311 1.74606
thorax -2.33846 -0.373055 3.27938
lowerneck -8.11329 -11.0903 -2.74471
upperneck 10.6207 -14.9351 3.24224
head 4.9863 -7.2312 0.388635
lclavicle -1.23964e-15 -4.80396e-15 6.0135e-32
lhumerus -41.362 -33.3444 107.643
lradius 55.5391 -0 0
lwrist 10.2064 0 0
lhand 0.808466 -0.191423 0.153598
lfingers 7.12502 -0 0
lthumb 26.3177 27.4818 0.00497289
rclavicle -1.23964e-15 -4.80396e-15 6.0135e-32
rhumerus -15.6849 38.5468 -82.3556
rradius 108.002 -0 0
rwrist 1.58965 0 0
rhand -4.69022 -15.041 0.337272
rfingers 7.12502 -0 0
rthumb 21.056 -43.3973 0.439682
528
root 5.67196 16.4371 -5.00826 -119.382 88.1402 -125.087
lfemur -22.9903 -10.3607 -21.7009
ltibia 46.9146 -0 0
lfoot -27.0928 -1.81658 -0.237348
ltoes 10.5525 -0 0
rfemur -54.7366 1.99343 10.6188
rtibia 65.0344 -0 0
rfoot 7.86038 10.219 0.00103599
rtoes -18.032 0 0
lowerback 6.0698 -0.552255 -2.58496
upperback 0.978953 -0.827249 1.75125
thorax -2.30518 -0.381464 3.31286
lowerneck -8.07239 -11.1206 -2.76011
upperneck 10.6536 -14.9818 3.29427
head 4.99702 -7.25128 0.403464
lclavicle -1.27333e-15 -4.67807e-15 6.15782e-32
lhumerus -41.076 -33.2965 107.273
lradius 55.505 -0 0
lwrist 10.4298 0 0
lhand 0.498536 -0.226383 0.157299
lfingers 7.12502 -0 0
lthumb 26.0202 27.4806 0.00509268
rclavicle -1.27333e-15 -4.67807e-15 6.15782e-32
rhumerus -14.9507 38.2659 -82.0519
rradius 108.395 -0 0
rwrist 0.87536 0 0
rhand -5.02709 -15.1117 0.345407
rfingers 7.12502 -0 0
rthumb 20.7317 -43.493 0.450286
529
root 5.68081 16.4363 -4.98292 -118.546 88.1356 -124.245
lfemur -22.906 -10.036 -21.6729
ltibia 46.884 -0 0
lfoot -27.165 -1.59023 -0.242639
ltoes 10.3887 -0 0
rfemur -54.5731 1.79224 10.7171
rtibia 64.8674 -0 0
rfoot 7.85686 10.1987 0.00105903
rtoes -18.1003 0 0
lowerback 6.0438 -0.562507 -2.63407
upperback 0.994567 -0.843189 1.75643
thorax -2.2719 -0.389893 3.34632
lowerneck -8.03148 -11.1508 -2.77553
upperneck 10.6865 -15.0286 3.34628
head 5.00773 -7.27135 0.41829
lclavicle -1.30701e-15 -4.55217e-15 6.29474e-32
lhumerus -40.7906 -33.2472 106.903
lradius 55.471 -0 0
lwrist 10.6533 0 0
lhand 0.188604 -0.261363 0.160812
lfingers 7.12502 -0 0
lthumb 25.7227 27.4795 0.00520636
rclavicle -1.30701e-15 -4.55217e-15 6.29474e-32
rhumerus -14.2212 37.982 -81.754
rradius 108.788 -0 0
rwrist 0.16107 0 0
rhand -5.36398 -15.1823 0.353127
rfingers 7.12502 -0 0
rthumb 20.4074 -43.5887 0.460348
530
root 5.68965 16.4354 -4.95758 -117.713 88.1305 -123.408
lfemur -22.8216 -9.71138 -21.6444
ltibia 46.8533 -0 0
lfoot -27.2373 -1.36388 -0.247644
ltoes 10.225 -0 0
rfemur -54.4099 1.59077 10.8148
rtibia 64.7004 -0 0
rfoot 7.85335 10.1784 0.00108082
rtoes -18.1687 0 0
lowerback 6.0178 -0.572781 -2.68318
upperback 1.01018 -0.85913 1.76161
thorax -2.23863 -0.398341 3.37978
lowerneck -7.99055 -11.1811 -2.79097
upperneck 10.7194 -15.0753 3.39827
head 5.01844 -7.29143 0.433114
lclavicle -1.34069e-15 -4.42627e-15 6.42426e-32
lhumerus -40.5057 -33.1962 106.534
lradius 55.4369 -0 0
lwrist 10.8767 0 0
lhand -0.12133 -0.296361 0.164135
lfingers 7.12502 -0 0
lthumb 25.4252 27.4783 0.0053139
rclavicle -1.34069e-15 -4.42627e-15 6.42426e-32
rhumerus -13.4963 37.6951 -81.4618
rradius 109.18 -0 0
rwrist -0.55322 0 0
rhand -5.70087 -15.2531 0.360431
rfingers 7.12502 -0 0
rthumb 20.0831 -43.6845 0.469868
531
root 5.69849 16.4346 -4.93223 -116.886 88.1251 -122.575
lfemur -22.7371 -9.3868 -21.6154
ltibia 46.8226 -0 0
lfoot -27.3096 -1.13751 -0.252363
ltoes 10.0612 -0 0
rfemur -54.2471 1.38902 10.9119
rtibia 64.5335 -0 0
rfoot 7.84983 10.1581 0.00110136
rtoes -18.2371 0 0
lowerback 5.99181 -0.583078 -2.73228
upperback 1.02579 -0.875072 1.76678
thorax -2.20536 -0.406809 3.41324
lowerneck -7.94962 -11.2114 -2.80644
upperneck 10.7522 -15.1221 3.45025
head 5.02915 -7.31151 0.447934
lclavicle -1.37438e-15 -4.30038e-15 6.54638e-32
lhumerus -40.2214 -33.1438 106.165
lradius 55.4029 -0 0
lwrist 11.1002 0 0
lhand -0.431267 -0.331376 0.167269
lfingers 7.12502 -0 0
lthumb 25.1277 27.4771 0.00541532
rclavicle -1.37438e-15 -4.30038e-15 6.54638e-32
rhumerus -12.7761 37.4054 -81.1753
rradius 109.573 -0 0
rwrist -1.26751 0 0
rhand -6.03777 -15.3238 0.367319
rfingers 7.12502 -0 0
rthumb 19.7587 -43.7803 0.478846
532
root 5.70733 16.4337 -4.90689 -116.063 88.1193 -121.747
lfemur -22.6526 -9.06226 -21.586
ltibia 46.792 -0 0
lfoot -27.3819 -0.911147 -0.256797
ltoes 9.89737 -0 0
rfemur -54.0846 1.187 11.0085
rtibia 64.3665 -0 0
rfoot 7.84632 10.1378 0.00112067
rtoes -18.3055 0 0
lowerback 5.96582 -0.593397 -2.78138
upperback 1.0414 -0.891016 1.77195
thorax -2.17209 -0.415295 3.44669
lowerneck -7.90867 -11.2416 -2.82193
upperneck 10.785 -15.169 3.50221
head 5.03984 -7.33159 0.462751
lclavicle -1.40806e-15 -4.17448e-15 6.6611e-32
lhumerus -39.9377 -33.0898 105.796
lradius 55.3688 -0 0
lwrist 11.3236 0 0
lhand -0.741205 -0.366408 0.170213
lfingers 7.12502 -0 0
lthumb 24.8303 27.4759 0.0055106
rclavicle -1.40806e-15 -4.17448e-15 6.6611e-32
rhumerus -12.0605 37.1128 -80.8946
rradius 109.966 -0 0
rwrist -1.9818 0 0
rhand -6.37468 -15.3946 0.373791
rfingers 7.12502 -0 0
rthumb 19.4344 -43.8762 0.487281
533
root 5.71617 16.4328 -4.88155 -115.246 88.113 -120.925
lfemur -22.5679 -8.73776 -21.5561
ltibia 46.7613 -0 0
lfoot -27.4542 -0.684775 -0.260945
ltoes 9.73358 -0 0
rfemur -53.9225 0.984709 11.1044
rtibia 64.1995 -0 0
rfoot 7.8428 10.1175 0.00113872
rtoes -18.3738 0 0
lowerback 5.93985 -0.603738 -2.83047
upperback 1.05701 -0.906961 1.77712
thorax -2.13883 -0.423802 3.48014
lowerneck -7.86771 -11.2719 -2.83744
upperneck 10.8178 -15.2158 3.55416
head 5.05054 -7.35168 0.477564
lclavicle -1.44174e-15 -4.04858e-15 6.76842e-32
lhumerus -39.6545 -33.0343 105.429
lradius 55.3348 -0 0
lwrist 11.547 0 0
lhand -1.05114 -0.401456 0.172968
lfingers 7.12502 -0 0
lthumb 24.5328 27.4747 0.00559975
rclavicle -1.44174e-15 -4.04858e-15 6.76842e-32
rhumerus -11.3495 36.8175 -80.6195
rradius 110.359 -0 0
rwrist -2.69609 0 0
rhand -6.7116 -15.4655 0.379846
rfingers 7.12502 -0 0
rthumb 19.11 -43.9721 0.495174
534
root 5.72501 16.432 -4.8562 -114.434 88.1064 -120.108
lfemur -22.4832 -8.41331 -21.5257
ltibia 46.7306 -0 0
lfoot -27.5265 -0.458397 -0.264808
ltoes 9.56979 -0 0
rfemur -53.7608 0.782145 11.1998
rtibia 64.0326 -0 0
rfoot 7.83929 10.0972 0.00115553
rtoes -18.4422 0 0
lowerback 5.91389 -0.614101 -2.87956
upperback 1.07261 -0.922908 1.78228
thorax -2.10558 -0.432327 3.51358
lowerneck -7.82673 -11.3021 -2.85298
upperneck 10.8505 -15.2627 3.60608
head 5.06123 -7.37177 0.492375
lclavicle -1.47543e-15 -3.92269e-15 6.86834e-32
lhumerus -39.372 -32.9773 105.061
lradius 55.3007 -0 0
lwrist 11.7705 0 0
lhand -1.36109 -0.436518 0.175533
lfingers 7.12502 -0 0
lthumb 24.2353 27.4735 0.00568276
rclavicle -1.47543e-15 -3.92269e-15 6.86834e-32
rhumerus -10.643 36.5195 -80.35
rradius 110.752 -0 0
rwrist -3.41038 0 0
rhand -7.04853 -15.5364 0.385485
rfingers 7.12502 -0 0
rthumb 18.7856 -44.068 0.502523
535
root 5.73385 16.4311 -4.83086 -113.628 88.0995 -119.296
lfemur -22.3983 -8.0889 -21.4949
ltibia 46.7 -0 0
lfoot -27.5989 -0.232014 -0.268384
ltoes 9.406 -0 0
rfemur -53.5993 0.579312 11.2946
rtibia 63.8656 -0 0
rfoot 7.83577 10.0769 0.0011711
rtoes -18.5106 0 0
lowerback 5.88793 -0.624486 -2.92864
upperback 1.08822 -0.938856 1.78743
thorax -2.07233 -0.440873 3.54702
lowerneck -7.78574 -11.3323 -2.86854
upperneck 10.8832 -15.3096 3.658
head 5.07191 -7.39186 0.507183
lclavicle -1.50911e-15 -3.79679e-15 6.96085e-32
lhumerus -39.0901 -32.9187 104.695
lradius 55.2667 -0 0
lwrist 11.9939 0 0
lhand -1.67103 -0.471593 0.177908
lfingers 7.12502 -0 0
lthumb 23.9378 27.4724 0.00575963
rclavicle -1.50911e-15 -3.79679e-15 6.96085e-32
rhumerus -9.94094 36.2189 -80.0862
rradius 111.144 -0 0
rwrist -4.12467 0 0
rhand -7.38546 -15.6073 0.390707
rfingers 7.12502 -0 0
rthumb 18.4612 -44.164 0.509329
536
root 5.7427 16.4303 -4.80552 -112.828 88.0921 -118.491
lfemur -22.3133 -7.76454 -21.4636
ltibia 46.6693 -0 0
lfoot -27.6713 -0.00562733 -0.271675
ltoes 9.24221 -0 0
rfemur -53.4383 0.376214 11.3889
rtibia 63.6986 -0 0
rfoot 7.83226 10.0566 0.00118542
rtoes -18.579 0 0
lowerback 5.86199 -0.634894 -2.97772
upperback 1.10382 -0.954805 1.79258
thorax -2.03909 -0.449437 3.58045
lowerneck -7.74474 -11.3625 -2.88412
upperneck 10.9158 -15.3566 3.70989
head 5.08259 -7.41196 0.521988
lclavicle -1.54279e-15 -3.67089e-15 7.04597e-32
lhumerus -38.8088 -32.8587 104.329
lradius 55.2326 -0 0
lwrist 12.2174 0 0
lhand -1.98097 -0.506681 0.180094
lfingers 7.12502 -0 0
lthumb 23.6403 27.4712 0.00583036
rclavicle -1.54279e-15 -3.67089e-15 7.04597e-32
rhumerus -9.24328 35.9156 -79.8279
rradius 111.537 -0 0
rwrist -4.83896 0 0
rhand -7.7224 -15.6782 0.395512
rfingers 7.12502 -0 0
rthumb 18.1368 -44.2601 0.515591
537
root 5.75154 16.4294 -4.78017 -112.034 88.0844 -117.692
lfemur -22.2282 -7.44022 -21.4319
ltibia 46.6386 -0 0
lfoot -27.7436 0.220764 -0.274679
ltoes 9.07842 -0 0
rfemur -53.2775 0.172852 11.4825
rtibia 63.5317 -0 0
rfoot 7.82874 10.0363 0.00119849
rtoes -18.6473 0 0
lowerback 5.83605 -0.645324 -3.02679
upperback 1.11943 -0.970756 1.79773
thorax -2.00585 -0.458021 3.61388
lowerneck -7.70373 -11.3927 -2.89973
upperneck 10.9484 -15.4036 3.76177
head 5.09327 -7.43205 0.536789
lclavicle -1.57647e-15 -3.54499e-15 7.12368e-32
lhumerus -38.5282 -32.7971 103.963
lradius 55.1986 -0 0
lwrist 12.4408 0 0
lhand -2.29092 -0.54178 0.18209
lfingers 7.12502 -0 0
lthumb 23.3428 27.47 0.00589494
rclavicle -1.57647e-15 -3.54499e-15 7.12368e-32
rhumerus -8.54998 35.6099 -79.5752
rradius 111.93 -0 0
rwrist -5.55325 0 0
rhand -8.05934 -15.7492 0.399899
rfingers 7.12502 -0 0
rthumb 17.8124 -44.3561 0.52131
538
root 5.76038 16.4286 -4.75483 -111.247 88.0763 -116.9
lfemur -22.143 -7.11595 -21.3997
ltibia 46.608 -0 0
lfoot -27.816 0.447158 -0.277398
ltoes 8.91463 -0 0
rfemur -53.1171 -0.0307718 11.5756
rtibia 63.3647 -0 0
rfoot 7.82523 10.016 0.00121032
rtoes -18.7157 0 0
lowerback 5.81012 -0.655776 -3.07586
upperback 1.13503 -0.986709 1.80287
thorax -1.97261 -0.466624 3.6473
lowerneck -7.6627 -11.4229 -2.91536
upperneck 10.981 -15.4506 3.81364
head 5.10394 -7.45215 0.551588
lclavicle -1.61016e-15 -3.4191e-15 7.19399e-32
lhumerus -38.2483 -32.734 103.598
lradius 55.1645 -0 0
lwrist 12.6643 0 0
lhand -2.60087 -0.576889 0.183896
lfingers 7.12502 -0 0
lthumb 23.0453 27.4688 0.00595338
rclavicle -1.61016e-15 -3.4191e-15 7.19399e-32
rhumerus -7.86098 35.3017 -79.328
rradius 112.323 -0 0
rwrist -6.26754 0 0
rhand -8.39629 -15.8202 0.40387
rfingers 7.12502 -0 0
rthumb 17.488 -44.4522 0.526485
539
root 5.76922 16.4277 -4.72949 -110.467 88.0678 -116.114
lfemur -22.0577 -6.79173 -21.367
ltibia 46.5773 -0 0
lfoot -27.8884 0.673556 -0.279831
ltoes 8.75084 -0 0
rfemur -52.957 -0.234655 11.6681
rtibia 63.1977 -0 0
rfoot 7.82171 9.99573 0.00122091
rtoes -18.7841 0 0
lowerback 5.7842 -0.666251 -3.12493
upperback 1.15063 -1.00266 1.80801
thorax -1.93938 -0.475247 3.68072
lowerneck -7.62167 -11.4531 -2.93102
upperneck 11.0135 -15.4976 3.86549
head 5.1146 -7.47226 0.566383
lclavicle -1.64384e-15 -3.2932e-15 7.2569e-32
lhumerus -37.969 -32.6695 103.234
lradius 55.1305 -0 0
lwrist 12.8877 0 0
lhand -2.91082 -0.612007 0.185512
lfingers 7.12502 -0 0
lthumb 22.7478 27.4676 0.00600567
rclavicle -1.64384e-15 -3.2932e-15 7.2569e-32
rhumerus -7.17622 34.9911 -79.0863
rradius 112.716 -0 0
rwrist -6.98183 0 0
rhand -8.73325 -15.8912 0.407422
rfingers 7.12502 -0 0
rthumb 17.1635 -44.5484 0.531115
540
root 5.77806 16.4268 -4.70415 -109.694 88.059 -115.336
lfemur -21.9722 -6.46756 -21.3339
ltibia 46.5466 -0 0
lfoot -27.9608 0.899957 -0.281977
ltoes 8.58705 -0 0
rfemur -52.7973 -0.438796 11.7601
rtibia 63.0307 -0 0
rfoot 7.8182 9.97543 0.00123025
rtoes -18.8525 0 0
lowerback 5.75829 -0.676748 -3.17399
upperback 1.16623 -1.01862 1.81315
thorax -1.90616 -0.483889 3.71413
lowerneck -7.58062 -11.4832 -2.9467
upperneck 11.046 -15.5447 3.91732
head 5.12526 -7.49236 0.581175
lclavicle -1.67752e-15 -3.1673e-15 7.31241e-32
lhumerus -37.6905 -32.6034 102.871
lradius 55.0964 -0 0
lwrist 13.1112 0 0
lhand -3.22076 -0.647134 0.186938
lfingers 7.12502 -0 0
lthumb 22.4503 27.4664 0.00605181
rclavicle -1.67752e-15 -3.1673e-15 7.31241e-32
rhumerus -6.49564 34.6782 -78.85
rradius 113.108 -0 0
rwrist -7.69612 0 0
rhand -9.07021 -15.9622 0.410557
rfingers 7.12502 -0 0
rthumb 16.8391 -44.6445 0.535201
541
root 5.7869 16.426 -4.6788 -108.928 88.0498 -114.565
lfemur -21.8867 -6.14344 -21.3003
ltibia 46.516 -0 0
lfoot -28.0332 1.12636 -0.283838
ltoes 8.42326 -0 0
rfemur -52.6379 -0.643192 11.8514
rtibia 62.8638 -0 0
rfoot 7.81468 9.95513 0.00123834
rtoes -18.9208 0 0
lowerback 5.73239 -0.687266 -3.22304
upperback 1.18183 -1.03457 1.81828
thorax -1.87294 -0.492551 3.74754
lowerneck -7.53955 -11.5134 -2.9624
upperneck 11.0785 -15.5917 3.96914
head 5.13592 -7.51247 0.595965
lclavicle -1.71121e-15 -3.04141e-15 7.36052e-32
lhumerus -37.4126 -32.5359 102.508
lradius 55.0624 -0 0
lwrist 13.3346 0 0
lhand -3.53071 -0.682268 0.188173
lfingers 7.12502 -0 0
lthumb 22.1528 27.4653 0.00609181
rclavicle -1.71121e-15 -3.04141e-15 7.36052e-32
rhumerus -5.8192 34.3631 -78.6191
rradius 113.501 -0 0
rwrist -8.41041 0 0
rhand -9.40717 -16.0332 0.413275
rfingers 7.12502 -0 0
rthumb 16.5147 -44.7407 0.538742
542
root 5.79574 16.4251 -4.65346 -108.169 88.0403 -113.8
lfemur -21.8009 -5.81936 -21.2663
ltibia 46.4853 -0 0
lfoot -28.1057 1.35277 -0.285412
ltoes 8.25947 -0 0
rfemur -52.4788 -0.847841 11.9423
rtibia 62.6968 -0 0
rfoot 7.81117 9.93483 0.00124519
rtoes -18.9892 0 0
lowerback 5.7065 -0.697807 -3.2721
upperback 1.19742 -1.05053 1.8234
thorax -1.83972 -0.501231 3.78094
lowerneck -7.49847 -11.5435 -2.97813
upperneck 11.1109 -15.6389 4.02094
head 5.14657 -7.53258 0.610751
lclavicle -1.74489e-15 -2.91551e-15 7.40123e-32
lhumerus -37.1355 -32.4669 102.146
lradius 55.0283 -0 0
lwrist 13.558 0 0
lhand -3.84066 -0.717408 0.189219
lfingers 7.12502 -0 0
lthumb 21.8553 27.4641 0.00612565
rclavicle -1.74489e-15 -2.91551e-15 7.40123e-32
rhumerus -5.14683 34.0457 -78.3936
rradius 113.894 -0 0
rwrist -9.1247 0 0
rhand -9.74414 -16.1043 0.415574
rfingers 7.12502 -0 0
rthumb 16.1902 -44.8369 0.541739
543
root 5.80458 16.4243 -4.62812 -107.417 88.0304 -113.044
lfemur -21.715 -5.49534 -21.2318
ltibia 46.4546 -0 0
lfoot -28.1781 1.57917 -0.2867
ltoes 8.09568 -0 0
rfemur -52.32 -1.05274 12.0325
rtibia 62.5298 -0 0
rfoot 7.80765 9.91453 0.0012508
rtoes -19.0576 0 0
lowerback 5.68061 -0.70837 -3.32114
upperback 1.21302 -1.06649 1.82852
thorax -1.80651 -0.509932 3.81434
lowerneck -7.45739 -11.5736 -2.99388
upperneck 11.1433 -15.686 4.07272
head 5.15721 -7.5527 0.625534
lclavicle -1.77857e-15 -2.78961e-15 7.43453e-32
lhumerus -36.8591 -32.3964 101.784
lradius 54.9943 -0 0
lwrist 13.7815 0 0
lhand -4.15062 -0.752553 0.190075
lfingers 7.12502 -0 0
lthumb 21.5578 27.4629 0.00615334
rclavicle -1.77857e-15 -2.78961e-15 7.43453e-32
rhumerus -4.47847 33.7261 -78.1735
rradius 114.287 -0 0
rwrist -9.83899 0 0
rhand -10.0811 -16.1754 0.417456
rfingers 7.12502 -0 0
rthumb 15.8657 -44.9331 0.544191
544
root 5.81343 16.4234 -4.60277 -106.674 88.0203 -112.295
lfemur -21.629 -5.17137 -21.1968
ltibia 46.424 -0 0
lfoot -28.2505 1.80558 -0.287702
ltoes 7.93188 -0 0
rfemur -52.1615 -1.25789 12.1222
rtibia 62.3629 -0 0
rfoot 7.80414 9.89423 0.00125515
rtoes -19.126 0 0
lowerback 5.65474 -0.718956 -3.37018
upperback 1.22861 -1.08245 1.83364
thorax -1.77331 -0.518651 3.84773
lowerneck -7.41628 -11.6038 -3.00966
upperneck 11.1756 -15.7332 4.12449
head 5.16786 -7.57281 0.640314
lclavicle -1.81226e-15 -2.66372e-15 7.46044e-32
lhumerus -36.5835 -32.3244 101.423
lradius 54.9602 -0 0
lwrist 14.0049 0 0
lhand -4.46057 -0.787703 0.190741
lfingers 7.12502 -0 0
lthumb 21.2603 27.4617 0.00617488
rclavicle -1.81226e-15 -2.66372e-15 7.46044e-32
rhumerus -3.81407 33.4044 -77.9586
rradius 114.68 -0 0
rwrist -10.5533 0 0
rhand -10.4181 -16.2465 0.418919
rfingers 7.12502 -0 0
rthumb 15.5413 -45.0293 0.546099
545
root 5.82227 16.4226 -4.57743 -105.938 88.0097 -111.554
lfemur -21.5428 -4.84746 -21.1613
ltibia 46.3933 -0 0
lfoot -28.323 2.03199 -0.288418
ltoes 7.76809 -0 0
rfemur -52.0033 -1.46329 12.2113
rtibia 62.1959 -0 0
rfoot 7.80062 9.87393 0.00125827
rtoes -19.1943 0 0
lowerback 5.62887 -0.729563 -3.41922
upperback 1.2442 -1.09841 1.83875
thorax -1.74011 -0.52739 3.88112
lowerneck -7.37517 -11.6339 -3.02546
upperneck 11.2079 -15.7804 4.17625
head 5.17849 -7.59293 0.655091
lclavicle -1.84594e-15 -2.53782e-15 7.47894e-32
lhumerus -36.3086 -32.251 101.063
lradius 54.9262 -0 0
lwrist 14.2284 0 0
lhand -4.77052 -0.822855 0.191216
lfingers 7.12502 -0 0
lthumb 20.9628 27.4605 0.00619026
rclavicle -1.84594e-15 -2.53782e-15 7.47894e-32
rhumerus -3.15355 33.0807 -77.749
rradius 115.072 -0 0
rwrist -11.2676 0 0
rhand -10.7551 -16.3176 0.419964
rfingers 7.12502 -0 0
rthumb 15.2168 -45.1255 0.547461
546
root 5.83111 16.4217 -4.55209 -105.21 87.9989 -110.821
lfemur -21.4565 -4.52359 -21.1254
ltibia 46.3626 -0 0
lfoot -28.3954 2.2584 -0.288847
ltoes 7.6043 -0 0
rfemur -51.8454 -1.66893 12.2999
rtibia 62.0289 -0 0
rfoot 7.79711 9.85363 0.00126014
rtoes -19.2627 0 0
lowerback 5.60302 -0.740193 -3.46825
upperback 1.25979 -1.11438 1.84386
thorax -1.70692 -0.536148 3.9145
lowerneck -7.33404 -11.664 -3.04128
upperneck 11.2402 -15.8276 4.22799
head 5.18913 -7.61306 0.669865
lclavicle -1.87962e-15 -2.41192e-15 7.49004e-32
lhumerus -36.0345 -32.1761 100.704
lradius 54.8921 -0 0
lwrist 14.4518 0 0
lhand -5.08047 -0.858009 0.191501
lfingers 7.12502 -0 0
lthumb 20.6653 27.4593 0.00619949
rclavicle -1.87962e-15 -2.41192e-15 7.49004e-32
rhumerus -2.49687 32.755 -77.5446
rradius 115.465 -0 0
rwrist -11.9819 0 0
rhand -11.092 -16.3887 0.420592
rfingers 7.12502 -0 0
rthumb 14.8924 -45.2218 0.548279
547
root 5.83995 16.4208 -4.52675 -104.49 87.9877 -110.095
lfemur -21.37 -4.19978 -21.089
ltibia 46.3319 -0 0
lfoot -28.4679 2.48482 -0.28899
ltoes 7.44051 -0 0
rfemur -51.6879 -1.87481 12.3879
rtibia 61.862 -0 0
rfoot 7.79359 9.83334 0.00126076
rtoes -19.3311 0 0
lowerback 5.57717 -0.750844 -3.51728
upperback 1.27538 -1.13034 1.84897
thorax -1.67373 -0.544926 3.94788
lowerneck -7.2929 -11.694 -3.05712
upperneck 11.2724 -15.8749 4.27971
head 5.19975 -7.63318 0.684636
lclavicle -1.9133e-15 -2.28602e-15 7.49374e-32
lhumerus -35.7612 -32.0998 100.345
lradius 54.858 -0 0
lwrist 14.6753 0 0
lhand -5.39043 -0.893165 0.191596
lfingers 7.12502 -0 0
lthumb 20.3678 27.4581 0.00620257
rclavicle -1.9133e-15 -2.28602e-15 7.49374e-32
rhumerus -1.84396 32.4274 -77.3454
rradius 115.858 -0 0
rwrist -12.6961 0 0
rhand -11.429 -16.4597 0.420801
rfingers 7.12502 -0 0
rthumb 14.5679 -45.318 0.548551
548
root 5.84879 16.42 -4.5014 -103.778 87.9762 -109.378
lfemur -21.2833 -3.87603 -21.0521
ltibia 46.3013 -0 0
lfoot -28.5403 2.71123 -0.288847
ltoes 7.27672 -0 0
rfemur -51.5306 -2.08094 12.4754
rtibia 61.695 -0 0
rfoot 7.79008 9.81304 0.00126014
rtoes -19.3995 0 0
lowerback 5.55133 -0.761518 -3.5663
upperback 1.29097 -1.14631 1.85407
thorax -1.64054 -0.553723 3.98125
lowerneck -7.25174 -11.7241 -3.07299
upperneck 11.3046 -15.9222 4.33142
head 5.21038 -7.65331 0.699403
lclavicle -1.94699e-15 -2.16013e-15 7.49004e-32
lhumerus -35.4887 -32.022 99.9869
lradius 54.824 -0 0
lwrist 14.8987 0 0
lhand -5.70038 -0.928321 0.191501
lfingers 7.12502 -0 0
lthumb 20.0703 27.457 0.00619949
rclavicle -1.94699e-15 -2.16013e-15 7.49004e-32
rhumerus -1.19476 32.0978 -77.1513
rradius 116.251 -0 0
rwrist -13.4104 0 0
rhand -11.766 -16.5308 0.420592
rfingers 7.12502 -0 0
rthumb 14.2434 -45.4142 0.548279
549
root 5.85763 16.4191 -4.47606 -103.074 87.9644 -108.669
lfemur -21.1964 -3.55233 -21.0147
ltibia 46.2706 -0 0
lfoot -28.6127 2.93764 -0.288418
ltoes 7.11293 -0 0
rfemur -51.3736 -2.2873 12.5623
rtibia 61.528 -0 0
rfoot 7.78657 9.79274 0.00125827
rtoes -19.4679 0 0
lowerback 5.5255 -0.772214 -3.61532
upperback 1.30656 -1.16228 1.85916
thorax -1.60736 -0.562539 4.01462
lowerneck -7.21058 -11.7542 -3.08889
upperneck 11.3368 -15.9695 4.38311
head 5.22099 -7.67344 0.714168
lclavicle -1.98067e-15 -2.03423e-15 7.47894e-32
lhumerus -35.217 -31.9428 99.6296
lradius 54.7899 -0 0
lwrist 15.1221 0 0
lhand -6.01033 -0.963475 0.191216
lfingers 7.12502 -0 0
lthumb 19.7728 27.4558 0.00619026
rclavicle -1.98067e-15 -2.03423e-15 7.47894e-32
rhumerus -0.5492 31.7665 -76.9623
rradius 116.644 -0 0
rwrist -14.1247 0 0
rhand -12.1029 -16.6019 0.419964
rfingers 7.12502 -0 0
rthumb 13.9189 -45.5105 0.547461
550
root 5.86647 16.4183 -4.45072 -102.379 87.9523 -107.968
lfemur -21.1094 -3.22869 -20.9769
ltibia 46.2399 -0 0
lfoot -28.6852 3.16405 -0.287702
ltoes 6.94914 -0 0
rfemur -51.2169 -2.4939 12.6486
rtibia 61.361 -0 0
rfoot 7.78305 9.77244 0.00125515
rtoes -19.5362 0 0
lowerback 5.49968 -0.782932 -3.66433
upperback 1.32214 -1.17825 1.86425
thorax -1.57419 -0.571374 4.04798
lowerneck -7.1694 -11.7842 -3.10481
upperneck 11.3689 -16.0168 4.43478
head 5.23161 -7.69357 0.72893
lclavicle -2.01435e-15 -1.90833e-15 7.46044e-32
lhumerus -34.9461 -31.8621 99.2731
lradius 54.7559 -0 0
lwrist 15.3456 0 0
lhand -6.32028 -0.998627 0.190741
lfingers 7.12502 -0 0
lthumb 19.4753 27.4546 0.00617488
rclavicle -2.01435e-15 -1.90833e-15 7.46044e-32
rhumerus 0.0927745 31.4333 -76.7784
rradius 117.036 -0 0
rwrist -14.839 0 0
rhand -12.4399 -16.673 0.418919
rfingers 7.12502 -0 0
rthumb 13.5945 -45.6067 0.546099
551
root 5.87532 16.4174 -4.42537 -101.691 87.9399 -107.276
lfemur -21.0221 -2.90511 -20.9385
ltibia 46.2093 -0 0
lfoot -28.7576 3.39046 -0.2867
ltoes 6.78535 -0 0
rfemur -51.0605 -2.70074 12.7344
rtibia 61.1941 -0 0
rfoot 7.77954 9.75214 0.0012508
rtoes -19.6046 0 0
lowerback 5.47387 -0.793672 -3.71334
upperback 1.33773 -1.19422 1.86934
thorax -1.54102 -0.580229 4.08134
lowerneck -7.1282 -11.8143 -3.12075
upperneck 11.401 -16.0642 4.48644
head 5.24222 -7.71371 0.743688
lclavicle -2.04804e-15 -1.78244e-15 7.43453e-32
lhumerus -34.676 -31.78 98.9174
lradius 54.7218 -0 0
lwrist 15.569 0 0
lhand -6.63023 -1.03378 0.190075
lfingers 7.12502 -0 0
lthumb 19.1778 27.4534 0.00615334
rclavicle -2.04804e-15 -1.78244e-15 7.43453e-32
rhumerus 0.731228 31.0984 -76.5995
rradius 117.429 -0 0
rwrist -15.5533 0 0
rhand -12.7769 -16.7441 0.417456
rfingers 7.12502 -0 0
rthumb 13.27 -45.7029 0.544191
552
root 5.88416 16.4166 -4.40003 -101.012 87.9272 -106.592
lfemur -20.9347 -2.58159 -20.8997
ltibia 46.1786 -0 0
lfoot -28.83 3.61686 -0.285412
ltoes 6.62156 -0 0
rfemur -50.9044 -2.90781 12.8197
rtibia 61.0271 -0 0
rfoot 7.77602 9.73184 0.00124519
rtoes -19.673 0 0
lowerback 5.44807 -0.804434 -3.76235
upperback 1.35331 -1.21019 1.87442
thorax -1.50786 -0.589103 4.11469
lowerneck -7.087 -11.8443 -3.13671
upperneck 11.4331 -16.1116 4.53809
head 5.25282 -7.73385 0.758444
lclavicle -2.08172e-15 -1.65654e-15 7.40123e-32
lhumerus -34.4068 -31.6965 98.5625
lradius 54.6878 -0 0
lwrist 15.7925 0 0
lhand -6.94019 -1.06892 0.189219
lfingers 7.12502 -0 0
lthumb 18.8803 27.4522 0.00612565
rclavicle -2.08172e-15 -1.65654e-15 7.40123e-32
rhumerus 1.36622 30.7619 -76.4256
rradius 117.822 -0 0
rwrist -16.2676 0 0
rhand -13.1139 -16.8152 0.415574
rfingers 7.12502 -0 0
rthumb 12.9456 -45.7991 0.541739
553
root 5.893 16.4157 -4.37469 -100.342 87.9142 -105.916
lfemur -20.8471 -2.25812 -20.8605
ltibia 46.1479 -0 0
lfoot -28.9025 3.84327 -0.283838
ltoes 6.45777 -0 0
rfemur -50.7486 -3.11511 12.9044
rtibia 60.8601 -0 0
rfoot 7.77251 9.71154 0.00123834
rtoes -19.7414 0 0
lowerback 5.42227 -0.815218 -3.81135
upperback 1.36889 -1.22616 1.8795
thorax -1.4747 -0.597997 4.14804
lowerneck -7.04578 -11.8743 -3.1527
upperneck 11.4651 -16.159 4.58972
head 5.26342 -7.75399 0.773196
lclavicle -2.1154e-15 -1.53064e-15 7.36052e-32
lhumerus -34.1385 -31.6116 98.2084
lradius 54.6537 -0 0
lwrist 16.0159 0 0
lhand -7.25014 -1.10406 0.188173
lfingers 7.12502 -0 0
lthumb 18.5828 27.451 0.00609181
rclavicle -2.1154e-15 -1.53064e-15 7.36052e-32
rhumerus 1.99783 30.4237 -76.2566
rradius 118.215 -0 0
rwrist -16.9819 0 0
rhand -13.4508 -16.8863 0.413275
rfingers 7.12502 -0 0
rthumb 12.6211 -45.8953 0.538742
554
root 5.90184 16.4149 -4.34934 -99.68 87.9009 -105.249
lfemur -20.7593 -1.93472 -20.8207
ltibia 46.1173 -0 0
lfoot -28.9749 4.06967 -0.281977
ltoes 6.29398 -0 0
rfemur -50.593 -3.32264 12.9885
rtibia 60.6932 -0 0
rfoot 7.76899 9.69124 0.00123025
rtoes -19.8097 0 0
lowerback 5.39649 -0.826024 -3.86034
upperback 1.38447 -1.24214 1.88457
thorax -1.44154 -0.606909 4.18138
lowerneck -7.00454 -11.9043 -3.16871
upperneck 11.4971 -16.2065 4.64134
head 5.27401 -7.77413 0.787945
lclavicle -2.14909e-15 -1.40475e-15 7.31241e-32
lhumerus -33.871 -31.5253 97.855
lradius 54.6197 -0 0
lwrist 16.2394 0 0
lhand -7.56009 -1.1392 0.186938
lfingers 7.12502 -0 0
lthumb 18.2853 27.4499 0.00605181
rclavicle -2.14909e-15 -1.40475e-15 7.31241e-32
rhumerus 2.6261 30.084 -76.0926
rradius 118.608 -0 0
rwrist -17.6962 0 0
rhand -13.7878 -16.9573 0.410557
rfingers 7.12502 -0 0
rthumb 12.2967 -45.9915 0.535201
555
root 5.91068 16.414 -4.324 -99.0264 87.8873 -104.59
lfemur -20.6712 -1.61138 -20.7804
ltibia 46.0866 -0 0
lfoot -29.0473 4.29607 -0.279831
ltoes 6.13019 -0 0
rfemur -50.4377 -3.53039 13.0721
rtibia 60.5262 -0 0
rfoot 7.76548 9.67094 0.00122091
rtoes -19.8781 0 0
lowerback 5.37072 -0.836853 -3.90933
upperback 1.40005 -1.25811 1.88964
thorax -1.40839 -0.615841 4.21471
lowerneck -6.9633 -11.9343 -3.18475
upperneck 11.529 -16.2539 4.69294
head 5.2846 -7.79428 0.802692
lclavicle -2.18277e-15 -1.27885e-15 7.2569e-32
lhumerus -33.6044 -31.4375 97.5025
lradius 54.5856 -0 0
lwrist 16.4628 0 0
lhand -7.87003 -1.17432 0.185512
lfingers 7.12502 -0 0
lthumb 17.9878 27.4487 0.00600567
rclavicle -2.18277e-15 -1.27885e-15 7.2569e-32
rhumerus 3.2511 29.7427 -75.9334
rradius 119 -0 0
rwrist -18.4105 0 0
rhand -14.1248 -17.0283 0.407422
rfingers 7.12502 -0 0
rthumb 11.9722 -46.0876 0.531115
556
root 5.91952 16.4131 -4.29866 -98.3813 87.8735 -103.94
lfemur -20.583 -1.2881 -20.7397
ltibia 46.0559 -0 0
lfoot -29.1197 4.52247 -0.277398
ltoes 5.96639 -0 0
rfemur -50.2827 -3.73838 13.1552
rtibia 60.3592 -0 0
rfoot 7.76196 9.65064 0.00121032
rtoes -19.9465 0 0
lowerback 5.34495 -0.847703 -3.95832
upperback 1.41563 -1.27409 1.89471
thorax -1.37525 -0.624793 4.24805
lowerneck -6.92204 -11.9643 -3.20081
upperneck 11.5609 -16.3014 4.74452
head 5.29519 -7.81443 0.817435
lclavicle -2.21645e-15 -1.15295e-15 7.19399e-32
lhumerus -33.3387 -31.3484 97.1507
lradius 54.5516 -0 0
lwrist 16.6862 0 0
lhand -8.17998 -1.20944 0.183896
lfingers 7.12502 -0 0
lthumb 17.6903 27.4475 0.00595338
rclavicle -2.21645e-15 -1.15295e-15 7.19399e-32
rhumerus 3.8729 29.3999 -75.779
rradius 119.393 -0 0
rwrist -19.1248 0 0
rhand -14.4617 -17.0993 0.40387
rfingers 7.12502 -0 0
rthumb 11.6478 -46.1838 0.526485
557
root 5.92836 16.4123 -4.27332 -97.7446 87.8594 -103.298
lfemur -20.4945 -0.964879 -20.6984
ltibia 46.0253 -0 0
lfoot -29.1921 4.74887 -0.274679
ltoes 5.8026 -0 0
rfemur -50.1279 -3.94658 13.2377
rtibia 60.1923 -0 0
rfoot 7.75845 9.63034 0.00119849
rtoes -20.0149 0 0
lowerback 5.31919 -0.858575 -4.0073
upperback 1.4312 -1.29007 1.89977
thorax -1.34211 -0.633763 4.28137
lowerneck -6.88077 -11.9943 -3.21689
upperneck 11.5928 -16.349 4.79609
head 5.30577 -7.83458 0.832175
lclavicle -2.25013e-15 -1.02705e-15 7.12368e-32
lhumerus -33.0739 -31.2579 96.7998
lradius 54.5175 -0 0
lwrist 16.9097 0 0
lhand -8.48993 -1.24455 0.18209
lfingers 7.12502 -0 0
lthumb 17.3928 27.4463 0.00589494
rclavicle -2.25013e-15 -1.02705e-15 7.12368e-32
rhumerus 4.49156 29.0557 -75.6294
rradius 119.786 -0 0
rwrist -19.8391 0 0
rhand -14.7987 -17.1703 0.399899
rfingers 7.12502 -0 0
rthumb 11.3234 -46.2799 0.52131
558
root 5.9372 16.4114 -4.24797 -97.1164 87.845 -102.664
lfemur -20.4058 -0.641726 -20.6567
ltibia 45.9946 -0 0
lfoot -29.2644 4.97526 -0.271675
ltoes 5.63881 -0 0
rfemur -49.9734 -4.15501 13.3197
rtibia 60.0253 -0 0
rfoot 7.75493 9.61004 0.00118542
rtoes -20.0832 0 0
lowerback 5.29345 -0.86947 -4.05627
upperback 1.44678 -1.30605 1.90483
thorax -1.30898 -0.642753 4.31469
lowerneck -6.83948 -12.0242 -3.233
upperneck 11.6246 -16.3965 4.84765
head 5.31634 -7.85473 0.846912
lclavicle -2.28382e-15 -9.01158e-16 7.04597e-32
lhumerus -32.81 -31.166 96.4497
lradius 54.4835 -0 0
lwrist 17.1331 0 0
lhand -8.79988 -1.27965 0.180094
lfingers 7.12502 -0 0
lthumb 17.0953 27.4451 0.00583036
rclavicle -2.28382e-15 -9.01158e-16 7.04597e-32
rhumerus 5.10714 28.7101 -75.4845
rradius 120.179 -0 0
rwrist -20.5533 0 0
rhand -15.1356 -17.2413 0.395512
rfingers 7.12502 -0 0
rthumb 10.9989 -46.3759 0.515591
559
root 5.94605 16.4106 -4.22263 -96.4965 87.8304 -102.039
lfemur -20.3169 -0.318638 -20.6144
ltibia 45.9639 -0 0
lfoot -29.3368 5.20164 -0.268384
ltoes 5.47502 -0 0
rfemur -49.8192 -4.36365 13.4011
rtibia 59.8583 -0 0
rfoot 7.75142 9.58974 0.0011711
rtoes -20.1516 0 0
lowerback 5.26771 -0.880386 -4.10524
upperback 1.46235 -1.32203 1.90988
thorax -1.27585 -0.651762 4.34801
lowerneck -6.79818 -12.0542 -3.24913
upperneck 11.6564 -16.4441 4.89919
head 5.32691 -7.87489 0.861646
lclavicle -2.3175e-15 -7.75261e-16 6.96085e-32
lhumerus -32.547 -31.0727 96.1005
lradius 54.4494 -0 0
lwrist 17.3566 0 0
lhand -9.10982 -1.31474 0.177908
lfingers 7.12502 -0 0
lthumb 16.7978 27.4439 0.00575963
rclavicle -2.3175e-15 -7.75261e-16 6.96085e-32
rhumerus 5.7197 28.3632 -75.3443
rradius 120.572 -0 0
rwrist -21.2676 0 0
rhand -15.4725 -17.3122 0.390707
rfingers 7.12502 -0 0
rthumb 10.6745 -46.472 0.509329
560
root 5.95489 16.4097 -4.19729 -95.8851 87.8155 -101.423
lfemur -20.2277 0.00438337 -20.5717
ltibia 45.9333 -0 0
lfoot -29.4092 5.42803 -0.264808
ltoes 5.31123 -0 0
rfemur -49.6652 -4.57252 13.482
rtibia 59.6913 -0 0
rfoot 7.7479 9.56944 0.00115553
rtoes -20.22 0 0
lowerback 5.24198 -0.891324 -4.15421
upperback 1.47792 -1.33801 1.91493
thorax -1.24273 -0.660791 4.38132
lowerneck -6.75687 -12.0841 -3.26529
upperneck 11.6882 -16.4917 4.95071
head 5.33748 -7.89505 0.876377
lclavicle -2.35118e-15 -6.49364e-16 6.86834e-32
lhumerus -32.2849 -30.9781 95.7521
lradius 54.4154 -0 0
lwrist 17.58 0 0
lhand -9.41976 -1.34981 0.175533
lfingers 7.12502 -0 0
lthumb 16.5003 27.4428 0.00568276
rclavicle -2.35118e-15 -6.49364e-16 6.86834e-32
rhumerus 6.32932 28.0149 -75.2088
rradius 120.964 -0 0
rwrist -21.9819 0 0
rhand -15.8095 -17.3831 0.385485
rfingers 7.12502 -0 0
rthumb 10.3501 -46.568 0.502523
561
root 5.96373 16.4089 -4.17194 -95.2821 87.8004 -100.814
lfemur -20.1383 0.327338 -20.5284
ltibia 45.9026 -0 0
lfoot -29.4815 5.6544 -0.260945
ltoes 5.14744 -0 0
rfemur -49.5115 -4.7816 13.5623
rtibia 59.5244 -0 0
rfoot 7.74439 9.54914 0.00113872
rtoes -20.2884 0 0
lowerback 5.21626 -0.902285 -4.20317
upperback 1.49349 -1.354 1.91997
thorax -1.20961 -0.669838 4.41463
lowerneck -6.71555 -12.114 -3.28147
upperneck 11.7199 -16.5394 5.00222
head 5.34804 -7.91521 0.891105
lclavicle -2.38487e-15 -5.23467e-16 6.76842e-32
lhumerus -32.0238 -30.8821 95.4046
lradius 54.3813 -0 0
lwrist 17.8035 0 0
lhand -9.72971 -1.38487 0.172968
lfingers 7.12502 -0 0
lthumb 16.2028 27.4416 0.00559975
rclavicle -2.38487e-15 -5.23467e-16 6.76842e-32
rhumerus 6.93604 27.6655 -75.078
rradius 121.357 -0 0
rwrist -22.6962 0 0
rhand -16.1464 -17.454 0.379846
rfingers 7.12502 -0 0
rthumb 10.0258 -46.6639 0.495174
562
root 5.97257 16.408 -4.1466 -94.6874 87.785 -100.214
lfemur -20.0486 0.650225 -20.4847
ltibia 45.8719 -0 0
lfoot -29.5538 5.88078 -0.256797
ltoes 4.98365 -0 0
rfemur -49.358 -4.99089 13.6422
rtibia 59.3574 -0 0
rfoot 7.74087 9.52884 0.00112067
rtoes -20.3567 0 0
lowerback 5.19055 -0.913267 -4.25213
upperback 1.50906 -1.36998 1.92501
thorax -1.1765 -0.678905 4.44793
lowerneck -6.67421 -12.144 -3.29767
upperneck 11.7516 -16.5871 5.05372
head 5.3586 -7.93538 0.90583
lclavicle -2.41855e-15 -3.9757e-16 6.6611e-32
lhumerus -31.7636 -30.7847 95.0579
lradius 54.3473 -0 0
lwrist 18.0269 0 0
lhand -10.0396 -1.41992 0.170213
lfingers 7.12502 -0 0
lthumb 15.9053 27.4404 0.0055106
rclavicle -2.41855e-15 -3.9757e-16 6.6611e-32
rhumerus 7.53994 27.3148 -74.9517
rradius 121.75 -0 0
rwrist -23.4105 0 0
rhand -16.4833 -17.5249 0.373791
rfingers 7.12502 -0 0
rthumb 9.7014 -46.7598 0.487281
563
root 5.98141 16.4071 -4.12126 -94.101 87.7694 -99.6227
lfemur -19.9587 0.973043 -20.4404
ltibia 45.8413 -0 0
lfoot -29.6261 6.10714 -0.252363
ltoes 4.81986 -0 0
rfemur -49.2047 -5.20039 13.7214
rtibia 59.1904 -0 0
rfoot 7.73736 9.50854 0.00110136
rtoes -20.4251 0 0
lowerback 5.16485 -0.924271 -4.30108
upperback 1.52463 -1.38597 1.93004
thorax -1.14339 -0.687991 4.48122
lowerneck -6.63286 -12.1739 -3.3139
upperneck 11.7832 -16.6348 5.1052
head 5.36915 -7.95555 0.920552
lclavicle -2.45223e-15 -2.71673e-16 6.54638e-32
lhumerus -31.5044 -30.686 94.7121
lradius 54.3132 -0 0
lwrist 18.2503 0 0
lhand -10.3496 -1.45495 0.167269
lfingers 7.12502 -0 0
lthumb 15.6078 27.4392 0.00541532
rclavicle -2.45223e-15 -2.71673e-16 6.54638e-32
rhumerus 8.14108 26.963 -74.8299
rradius 122.143 -0 0
rwrist -24.1248 0 0
rhand -16.8202 -17.5957 0.367319
rfingers 7.12502 -0 0
rthumb 9.37704 -46.8557 0.478846
564
root 5.99025 16.4063 -4.09591 -93.5229 87.7536 -99.0394
lfemur -19.8685 1.29579 -20.3956
ltibia 45.8106 -0 0
lfoot -29.6984 6.33351 -0.247644
ltoes 4.65607 -0 0
rfemur -49.0517 -5.41011 13.8002
rtibia 59.0235 -0 0
rfoot 7.73384 9.48824 0.00108082
rtoes -20.4935 0 0
lowerback 5.13916 -0.935297 -4.35002
upperback 1.5402 -1.40196 1.93507
thorax -1.11029 -0.697097 4.51451
lowerneck -6.59149 -12.2038 -3.33015
upperneck 11.8149 -16.6825 5.15666
head 5.3797 -7.97572 0.93527
lclavicle -2.48592e-15 -1.45776e-16 6.42426e-32
lhumerus -31.2461 -30.5859 94.3672
lradius 54.2792 -0 0
lwrist 18.4738 0 0
lhand -10.6595 -1.48997 0.164135
lfingers 7.12502 -0 0
lthumb 15.3103 27.438 0.0053139
rclavicle -2.48592e-15 -1.45776e-16 6.42426e-32
rhumerus 8.73951 26.61 -74.7127
rradius 122.536 -0 0
rwrist -24.8391 0 0
rhand -17.1571 -17.6664 0.360431
rfingers 7.12502 -0 0
rthumb 9.0527 -46.9515 0.469868
565
root 5.99909 16.4054 -4.07057 -92.9529 87.7375 -98.4642
lfemur -19.7781 1.61847 -20.3503
ltibia 45.7799 -0 0
lfoot -29.7707 6.55986 -0.242639
ltoes 4.49228 -0 0
rfemur -48.8989 -5.62003 13.8784
rtibia 58.8565 -0 0
rfoot 7.73033 9.46794 0.00105903
rtoes -20.5619 0 0
lowerback 5.11348 -0.946345 -4.39897
upperback 1.55576 -1.41795 1.9401
thorax -1.07719 -0.706221 4.5478
lowerneck -6.55012 -12.2336 -3.34643
upperneck 11.8464 -16.7302 5.20812
head 5.39024 -7.99589 0.949986
lclavicle -2.5196e-15 -1.9879e-17 6.29474e-32
lhumerus -30.9888 -30.4846 94.0231
lradius 54.2451 -0 0
lwrist 18.6972 0 0
lhand -10.9695 -1.52497 0.160812
lfingers 7.12502 -0 0
lthumb 15.0128 27.4368 0.00520636
rclavicle -2.5196e-15 -1.9879e-17 6.29474e-32
rhumerus 9.33531 26.256 -74.6
rradius 122.928 -0 0
rwrist -25.5534 0 0
rhand -17.494 -17.7372 0.353127
rfingers 7.12502 -0 0
rthumb 8.72838 -47.0473 0.460348
566
root 6.00794 16.4046 -4.04523 -92.3911 87.7213 -97.8971
lfemur -19.6874 1.94107 -20.3045
ltibia 45.7493 -0 0
lfoot -29.8429 6.78621 -0.237348
ltoes 4.32849 -0 0
rfemur -48.7464 -5.83017 13.956
rtibia 58.6895 -0 0
rfoot 7.72681 9.44764 0.00103599
rtoes -20.6302 0 0
lowerback 5.0878 -0.957415 -4.4479
upperback 1.57133 -1.43394 1.94512
thorax -1.0441 -0.715365 4.58108
lowerneck -6.50872 -12.2635 -3.36273
upperneck 11.878 -16.778 5.25955
head 5.40078 -8.01607 0.964699
lclavicle -2.55328e-15 1.06018e-16 6.15782e-32
lhumerus -30.7325 -30.3819 93.68
lradius 54.2111 -0 0
lwrist 18.9207 0 0
lhand -11.2794 -1.55995 0.157299
lfingers 7.12502 -0 0
lthumb 14.7153 27.4357 0.00509268
rclavicle -2.55328e-15 1.06018e-16 6.15782e-32
rhumerus 9.92853 25.9009 -74.4917
rradius 123.321 -0 0
rwrist -26.2677 0 0
rhand -17.8309 -17.8078 0.345407
rfingers 7.12502 -0 0
rthumb 8.40407 -47.143 0.450286
567
root 6.01678 16.4037 -4.01989 -91.8373 87.7048 -97.3381
lfemur -19.5964 2.2636 -20.2582
ltibia 45.7186 -0 0
lfoot -29.9151 7.01255 -0.231772
ltoes 4.1647 -0 0
rfemur -48.5941 -6.0405 14.0332
rtibia 58.5226 -0 0
rfoot 7.7233 9.42734 0.00101171
rtoes -20.6986 0 0
lowerback 5.06214 -0.968507 -4.49684
upperback 1.58689 -1.44993 1.95014
thorax -1.01102 -0.724528 4.61435
lowerneck -6.46732 -12.2934 -3.37905
upperneck 11.9095 -16.8258 5.31098
head 5.41131 -8.03625 0.979408
lclavicle -2.58696e-15 2.31915e-16 6.0135e-32
lhumerus -30.4772 -30.2778 93.3377
lradius 54.177 -0 0
lwrist 19.1441 0 0
lhand -11.5893 -1.59491 0.153598
lfingers 7.12502 -0 0
lthumb 14.4178 27.4345 0.00497289
rclavicle -2.58696e-15 2.31915e-16 6.0135e-32
rhumerus 10.5192 25.5449 -74.3878
rradius 123.714 -0 0
rwrist -26.9819 0 0
rhand -18.1678 -17.8785 0.337272
rfingers 7.12502 -0 0
rthumb 8.07978 -47.2387 0.439682
568
root 6.02562 16.4029 -3.99454 -91.2915 87.688 -96.787
lfemur -19.5052 2.58606 -20.2114
ltibia 45.6879 -0 0
lfoot -29.9873 7.23889 -0.225911
ltoes 4.0009 -0 0
rfemur -48.442 -6.25104 14.1098
rtibia 58.3556 -0 0
rfoot 7.71979 9.40704 0.000986179
rtoes -20.767 0 0
lowerback 5.03649 -0.979621 -4.54576
upperback 1.60245 -1.46592 1.95515
thorax -0.977935 -0.73371 4.64762
lowerneck -6.4259 -12.3232 -3.3954
upperneck 11.9409 -16.8737 5.36238
head 5.42184 -8.05643 0.994115
lclavicle -2.62065e-15 3.57812e-16 5.86177e-32
lhumerus -30.2229 -30.1725 92.9964
lradius 54.143 -0 0
lwrist 19.3676 0 0
lhand -11.8992 -1.62985 0.149707
lfingers 7.12502 -0 0
lthumb 14.1203 27.4333 0.00484697
rclavicle -2.62065e-15 3.57812e-16 5.86177e-32
rhumerus 11.1075 25.1879 -74.2882
rradius 124.107 -0 0
rwrist -27.6962 0 0
rhand -18.5046 -17.949 0.328721
rfingers 7.12502 -0 0
rthumb 7.75551 -47.3342 0.428537
569
root 6.03446 16.402 -3.9692 -90.7536 87.6711 -96.2439
lfemur -19.4136 2.90844 -20.164
ltibia 45.6573 -0 0
lfoot -30.0595 7.46521 -0.219765
ltoes 3.83711 -0 0
rfemur -48.2901 -6.46178 14.1858
rtibia 58.1886 -0 0
rfoot 7.71627 9.38674 0.000959406
rtoes -20.8354 0 0
lowerback 5.01084 -0.990757 -4.59469
upperback 1.61801 -1.48192 1.96016
thorax -0.944859 -0.742912 4.68089
lowerneck -6.38447 -12.353 -3.41177
upperneck 11.9724 -16.9215 5.41378
head 5.43236 -8.07661 1.00882
lclavicle -2.65433e-15 4.83709e-16 5.70264e-32
lhumerus -29.9695 -30.0658 92.6559
lradius 54.1089 -0 0
lwrist 19.591 0 0
lhand -12.2092 -1.66476 0.145628
lfingers 7.12502 -0 0
lthumb 13.8228 27.4321 0.00471493
rclavicle -2.65433e-15 4.83709e-16 5.70264e-32
rhumerus 11.6933 24.83 -74.193
rradius 124.5 -0 0
rwrist -28.4105 0 0
rhand -18.8415 -18.0196 0.319756
rfingers 7.12502 -0 0
rthumb 7.43126 -47.4298 0.416852
570
root 6.0433 16.4011 -3.94386 -90.2236 87.654 -95.7087
lfemur -19.3218 3.23075 -20.1161
ltibia 45.6266 -0 0
lfoot -30.1317 7.69153 -0.213334
ltoes 3.67332 -0 0
rfemur -48.1385 -6.67272 14.2614
rtibia 58.0216 -0 0
rfoot 7.71276 9.36644 0.000931388
rtoes -20.9037 0 0
lowerback 4.98521 -1.00191 -4.6436
upperback 1.63357 -1.49791 1.96517
thorax -0.911789 -0.752132 4.71415
lowerneck -6.34302 -12.3829 -3.42816
upperneck 12.0038 -16.9694 5.46516
head 5.44288 -8.0968 1.02352
lclavicle -2.68801e-15 6.09606e-16 5.53612e-32
lhumerus -29.7172 -29.9579 92.3164
lradius 54.0749 -0 0
lwrist 19.8144 0 0
lhand -12.5191 -1.69966 0.141359
lfingers 7.12502 -0 0
lthumb 13.5253 27.431 0.00457679
rclavicle -2.68801e-15 6.09606e-16 5.53612e-32
rhumerus 12.2769 24.4713 -74.1021
rradius 124.892 -0 0
rwrist -29.1248 0 0
rhand -19.1783 -18.0901 0.310376
rfingers 7.12502 -0 0
rthumb 7.10703 -47.5252 0.404626
571
root 6.05214 16.4003 -3.91851 -89.7014 87.6367 -95.1812
lfemur -19.2296 3.55298 -20.0676
ltibia 45.596 -0 0
lfoot -30.2038 7.91784 -0.206617
ltoes 3.50953 -0 0
rfemur -47.987 -6.88386 14.3364
rtibia 57.8547 -0 0
rfoot 7.70924 9.34615 0.000902125
rtoes -20.9721 0 0
lowerback 4.95958 -1.01309 -4.69252
upperback 1.64913 -1.51391 1.97017
thorax -0.878724 -0.761372 4.7474
lowerneck -6.30156 -12.4127 -3.44458
upperneck 12.0351 -17.0173 5.51652
head 5.45339 -8.11699 1.03822
lclavicle -2.7217e-15 7.35503e-16 5.36219e-32
lhumerus -29.4659 -29.8486 91.9778
lradius 54.0408 -0 0
lwrist 20.0379 0 0
lhand -12.829 -1.73453 0.136902
lfingers 7.12502 -0 0
lthumb 13.2278 27.4298 0.00443253
rclavicle -2.7217e-15 7.35503e-16 5.36219e-32
rhumerus 12.8581 24.1117 -74.0155
rradius 125.285 -0 0
rwrist -29.8391 0 0
rhand -19.5152 -18.1605 0.300583
rfingers 7.12502 -0 0
rthumb 6.78282 -47.6206 0.39186
572
root 6.06098 16.3994 -3.89317 -89.1868 87.6191 -94.6614
lfemur -19.1371 3.87513 -20.0187
ltibia 45.5653 -0 0
lfoot -30.2759 8.14414 -0.199616
ltoes 3.34574 -0 0
rfemur -47.8358 -7.09519 14.4109
rtibia 57.6877 -0 0
rfoot 7.70573 9.32585 0.000871617
rtoes -21.0405 0 0
lowerback 4.93397 -1.0243 -4.74143
upperback 1.66469 -1.52991 1.97516
thorax -0.845664 -0.770631 4.78065
lowerneck -6.26009 -12.4425 -3.46103
upperneck 12.0664 -17.0653 5.56787
head 5.4639 -8.13718 1.05291
lclavicle -2.75538e-15 8.614e-16 5.18086e-32
lhumerus -29.2157 -29.7381 91.6401
lradius 54.0068 -0 0
lwrist 20.2613 0 0
lhand -13.1389 -1.76938 0.132257
lfingers 7.12502 -0 0
lthumb 12.9303 27.4286 0.00428216
rclavicle -2.75538e-15 8.614e-16 5.18086e-32
rhumerus 13.4371 23.7514 -73.9331
rradius 125.678 -0 0
rwrist -30.5534 0 0
rhand -19.852 -18.2308 0.290375
rfingers 7.12502 -0 0
rthumb 6.45863 -47.7159 0.378555
573
root 6.06982 16.3986 -3.86783 -88.6798 87.6014 -94.1492
lfemur -19.0444 4.1972 -19.9691
ltibia 45.5346 -0 0
lfoot -30.348 8.37043 -0.19233
ltoes 3.18195 -0 0
rfemur -47.6848 -7.30672 14.4848
rtibia 57.5207 -0 0
rfoot 7.70221 9.30555 0.000839864
rtoes -21.1089 0 0
lowerback 4.90836 -1.03552 -4.79033
upperback 1.68024 -1.54591 1.98016
thorax -0.812609 -0.779909 4.81389
lowerneck -6.21861 -12.4723 -3.47749
upperneck 12.0977 -17.1132 5.61921
head 5.47441 -8.15737 1.0676
lclavicle -2.78906e-15 9.87297e-16 4.99213e-32
lhumerus -28.9664 -29.6263 91.3034
lradius 53.9727 -0 0
lwrist 20.4848 0 0
lhand -13.4488 -1.8042 0.127423
lfingers 7.12502 -0 0
lthumb 12.6328 27.4274 0.00412569
rclavicle -2.78906e-15 9.87297e-16 4.99213e-32
rhumerus 14.014 23.3903 -73.8549
rradius 126.071 -0 0
rwrist -31.2677 0 0
rhand -20.1888 -18.3011 0.279754
rfingers 7.12502 -0 0
rthumb 6.13447 -47.8112 0.36471
574
root 6.07867 16.3977 -3.84248 -88.1804 87.5835 -93.6445
lfemur -18.9513 4.51919 -19.9191
ltibia 45.504 -0 0
lfoot -30.42 8.59672 -0.18476
ltoes 3.01816 -0 0
rfemur -47.534 -7.51844 14.5583
rtibia 57.3538 -0 0
rfoot 7.6987 9.28525 0.000806866
rtoes -21.1772 0 0
lowerback 4.88276 -1.04676 -4.83923
upperback 1.6958 -1.56191 1.98514
thorax -0.77956 -0.789207 4.84713
lowerneck -6.17711 -12.502 -3.49398
upperneck 12.1289 -17.1612 5.67053
head 5.48491 -8.17757 1.08229
lclavicle -2.82275e-15 1.11319e-15 4.79599e-32
lhumerus -28.7182 -29.5133 90.9676
lradius 53.9387 -0 0
lwrist 20.7082 0 0
lhand -13.7588 -1.839 0.1224
lfingers 7.12502 -0 0
lthumb 12.3353 27.4263 0.00396313
rclavicle -2.82275e-15 1.11319e-15 4.79599e-32
rhumerus 14.5888 23.0285 -73.7808
rradius 126.464 -0 0
rwrist -31.982 0 0
rhand -20.5256 -18.3714 0.26872
rfingers 7.12502 -0 0
rthumb 5.81033 -47.9063 0.350327
575
root 6.08751 16.3969 -3.81714 -87.6883 87.5654 -93.1472
lfemur -18.8579 4.8411 -19.8685
ltibia 45.4733 -0 0
lfoot -30.492 8.82299 -0.176905
ltoes 2.85437 -0 0
rfemur -47.3834 -7.73035 14.6312
rtibia 57.1868 -0 0
rfoot 7.69518 9.26495 0.000772623
rtoes -21.2456 0 0
lowerback 4.85718 -1.05803 -4.88812
upperback 1.71135 -1.57791 1.99013
thorax -0.746516 -0.798523 4.88036
lowerneck -6.13559 -12.5318 -3.5105
upperneck 12.1602 -17.2093 5.72184
head 5.4954 -8.19777 1.09698
lclavicle -2.85643e-15 1.23909e-15 4.59246e-32
lhumerus -28.471 -29.3989 90.6327
lradius 53.9046 -0 0
lwrist 20.9317 0 0
lhand -14.0687 -1.87376 0.11719
lfingers 7.12502 -0 0
lthumb 12.0378 27.4251 0.00379447
rclavicle -2.85643e-15 1.23909e-15 4.59246e-32
rhumerus 15.1616 22.666 -73.7109
rradius 126.856 -0 0
rwrist -32.6963 0 0
rhand -20.8623 -18.4415 0.257273
rfingers 7.12502 -0 0
rthumb 5.48621 -48.0014 0.335406
576
root 6.09635 16.396 -3.7918 -87.2036 87.5472 -92.6573
lfemur -18.7641 5.16293 -19.8173
ltibia 45.4426 -0 0
lfoot -30.564 9.04925 -0.168766
ltoes 2.69058 -0 0
rfemur -47.2329 -7.94245 14.7036
rtibia 57.0198 -0 0
rfoot 7.69167 9.24465 0.000737134
rtoes -21.314 0 0
lowerback 4.8316 -1.06932 -4.93701
upperback 1.7269 -1.59392 1.99511
thorax -0.713478 -0.807859 4.91359
lowerneck -6.09407 -12.5616 -3.52704
upperneck 12.1913 -17.2573 5.77313
head 5.50589 -8.21797 1.11166
lclavicle -2.89011e-15 1.36499e-15 4.38153e-32
lhumerus -28.2249 -29.2833 90.2988
lradius 53.8706 -0 0
lwrist 21.1551 0 0
lhand -14.3786 -1.9085 0.111792
lfingers 7.12502 -0 0
lthumb 11.7403 27.4239 0.00361972
rclavicle -2.89011e-15 1.36499e-15 4.38153e-32
rhumerus 15.7323 22.303 -73.6451
rradius 127.249 -0 0
rwrist -33.4106 0 0
rhand -21.1991 -18.5116 0.245414
rfingers 7.12502 -0 0
rthumb 5.16213 -48.0964 0.319948
577
root 6.10519 16.3952 -3.76646 -86.7262 87.5288 -92.1746
lfemur -18.67 5.48467 -19.7656
ltibia 45.412 -0 0
lfoot -30.636 9.27551 -0.160343
ltoes 2.52679 -0 0
rfemur -47.0827 -8.15474 14.7754
rtibia 56.8529 -0 0
rfoot 7.68815 9.22435 0.000700401
rtoes -21.3824 0 0
lowerback 4.80603 -1.08063 -4.9859
upperback 1.74245 -1.60992 2.00008
thorax -0.680445 -0.817214 4.94681
lowerneck -6.05253 -12.5913 -3.5436
upperneck 12.2225 -17.3054 5.82441
head 5.51638 -8.23817 1.12634
lclavicle -2.92379e-15 1.49089e-15 4.16319e-32
lhumerus -27.9798 -29.1665 89.9658
lradius 53.8365 -0 0
lwrist 21.3786 0 0
lhand -14.6885 -1.94321 0.106205
lfingers 7.12502 -0 0
lthumb 11.4428 27.4227 0.00343889
rclavicle -2.92379e-15 1.49089e-15 4.16319e-32
rhumerus 16.3012 21.9393 -73.5834
rradius 127.642 -0 0
rwrist -34.1249 0 0
rhand -21.5359 -18.5817 0.233143
rfingers 7.12502 -0 0
rthumb 4.83806 -48.1913 0.303952
578
root 6.11403 16.3943 -3.74111 -86.2558 87.5101 -91.699
lfemur -18.5756 5.80633 -19.7133
ltibia 45.3813 -0 0
lfoot -30.7079 9.50175 -0.151635
ltoes 2.363 -0 0
rfemur -46.9327 -8.36721 14.8467
rtibia 56.6859 -0 0
rfoot 7.68464 9.20405 0.000662422
rtoes -21.4507 0 0
lowerback 4.78047 -1.09196 -5.03477
upperback 1.758 -1.62593 2.00505
thorax -0.647417 -0.826588 4.98003
lowerneck -6.01097 -12.621 -3.56019
upperneck 12.2536 -17.3535 5.87568
head 5.52686 -8.25838 1.14101
lclavicle -2.95748e-15 1.61678e-15 3.93745e-32
lhumerus -27.7358 -29.0484 89.6338
lradius 53.8025 -0 0
lwrist 21.602 0 0
lhand -14.9984 -1.97789 0.100431
lfingers 7.12502 -0 0
lthumb 11.1453 27.4216 0.00325198
rclavicle -2.95748e-15 1.61678e-15 3.93745e-32
rhumerus 16.8682 21.5751 -73.5257
rradius 128.035 -0 0
rwrist -34.8391 0 0
rhand -21.8726 -18.6516 0.220461
rfingers 7.12502 -0 0
rthumb 4.51403 -48.2861 0.28742
579
root 6.12287 16.3934 -3.71577 -85.7926 87.4914 -91.2305
lfemur -18.4808 6.1279 -19.6605
ltibia 45.3506 -0 0
lfoot -30.7798 9.72798 -0.142644
ltoes 2.19921 -0 0
rfemur -46.7828 -8.57987 14.9175
rtibia 56.5189 -0 0
rfoot 7.68113 9.18375 0.000623198
rtoes -21.5191 0 0
lowerback 4.75492 -1.10332 -5.08365
upperback 1.77354 -1.64194 2.01002
thorax -0.614395 -0.835981 5.01324
lowerneck -5.96941 -12.6507 -3.5768
upperneck 12.2846 -17.4016 5.92693
head 5.53733 -8.27859 1.15569
lclavicle -2.99116e-15 1.74268e-15 3.70431e-32
lhumerus -27.4929 -28.9291 89.3027
lradius 53.7684 -0 0
lwrist 21.8254 0 0
lhand -15.3083 -2.01254 0.0944701
lfingers 7.12502 -0 0
lthumb 10.8478 27.4204 0.00305899
rclavicle -2.99116e-15 1.74268e-15 3.70431e-32
rhumerus 17.4334 21.2104 -73.472
rradius 128.428 -0 0
rwrist -35.5534 0 0
rhand -22.2093 -18.7215 0.207368
rfingers 7.12502 -0 0
rthumb 4.19002 -48.3808 0.270352
580
root 6.13171 16.3926 -3.69043 -85.3362 87.4724 -90.769
lfemur -18.3857 6.44939 -19.6071
ltibia 45.32 -0 0
lfoot -30.8516 9.9542 -0.133369
ltoes 2.03541 -0 0
rfemur -46.6331 -8.79271 14.9878
rtibia 56.3519 -0 0
rfoot 7.67761 9.16345 0.00058273
rtoes -21.5875 0 0
lowerback 4.72938 -1.11469 -5.13252
upperback 1.78909 -1.65795 2.01498
thorax -0.581377 -0.845393 5.04645
lowerneck -5.92783 -12.6805 -3.59343
upperneck 12.3156 -17.4498 5.97817
head 5.5478 -8.2988 1.17036
lclavicle -3.02484e-15 1.86858e-15 3.46377e-32
lhumerus -27.251 -28.8086 88.9726
lradius 53.7344 -0 0
lwrist 22.0489 0 0
lhand -15.6181 -2.04715 0.0883215
lfingers 7.12502 -0 0
lthumb 10.5503 27.4192 0.00285994
rclavicle -3.02484e-15 1.86858e-15 3.46377e-32
rhumerus 17.9968 20.8452 -73.4223
rradius 128.82 -0 0
rwrist -36.2677 0 0
rhand -22.546 -18.7913 0.193865
rfingers 7.12502 -0 0
rthumb 3.86604 -48.4754 0.252749
581
root 6.14056 16.3917 -3.66508 -84.8868 87.4533 -90.3143
lfemur -18.2902 6.77078 -19.5531
ltibia 45.2893 -0 0
lfoot -30.9234 10.1804 -0.12381
ltoes 1.87162 -0 0
rfemur -46.4836 -9.00573 15.0576
rtibia 56.185 -0 0
rfoot 7.6741 9.14315 0.000541016
rtoes -21.6559 0 0
lowerback 4.70385 -1.12609 -5.18138
upperback 1.80464 -1.67396 2.01994
thorax -0.548366 -0.854825 5.07965
lowerneck -5.88623 -12.7101 -3.61009
upperneck 12.3466 -17.498 6.02939
head 5.55827 -8.31902 1.18502
lclavicle -3.05853e-15 1.99447e-15 3.21583e-32
lhumerus -27.0103 -28.6869 88.6435
lradius 53.7003 -0 0
lwrist 22.2723 0 0
lhand -15.928 -2.08173 0.0819857
lfingers 7.12502 -0 0
lthumb 10.2528 27.4181 0.00265482
rclavicle -3.05853e-15 1.99447e-15 3.21583e-32
rhumerus 18.5586 20.4795 -73.3765
rradius 129.213 -0 0
rwrist -36.982 0 0
rhand -22.8827 -18.861 0.179951
rfingers 7.12502 -0 0
rthumb 3.54209 -48.5699 0.234611
582
root 6.1494 16.3909 -3.63974 -84.4441 87.4341 -89.8663
lfemur -18.1943 7.09209 -19.4985
ltibia 45.2586 -0 0
lfoot -30.9952 10.4066 -0.113968
ltoes 1.70783 -0 0
rfemur -46.3343 -9.21892 15.1268
rtibia 56.018 -0 0
rfoot 7.67058 9.12286 0.000498057
rtoes -21.7242 0 0
lowerback 4.67833 -1.13751 -5.23024
upperback 1.82018 -1.68997 2.02489
thorax -0.51536 -0.864275 5.11284
lowerneck -5.84462 -12.7398 -3.62678
upperneck 12.3776 -17.5462 6.0806
head 5.56873 -8.33924 1.19969
lclavicle -3.09221e-15 2.12037e-15 2.96049e-32
lhumerus -26.7705 -28.5639 88.3153
lradius 53.6663 -0 0
lwrist 22.4958 0 0
lhand -16.2379 -2.11627 0.075463
lfingers 7.12502 -0 0
lthumb 9.95533 27.4169 0.00244364
rclavicle -3.09221e-15 2.12037e-15 2.96049e-32
rhumerus 19.1187 20.1135 -73.3347
rradius 129.606 -0 0
rwrist -37.6963 0 0
rhand -23.2193 -18.9307 0.165628
rfingers 7.12502 -0 0
rthumb 3.21817 -48.6643 0.215939
583
root 6.15824 16.39 -3.6144 -84.008 87.4147 -89.425
lfemur -18.0981 7.4133 -19.4434
ltibia 45.228 -0 0
lfoot -31.0669 10.6328 -0.103843
ltoes 1.54404 -0 0
rfemur -46.1852 -9.4323 15.1955
rtibia 55.851 -0 0
rfoot 7.66707 9.10256 0.000453854
rtoes -21.7926 0 0
lowerback 4.65282 -1.14895 -5.2791
upperback 1.83572 -1.70598 2.02984
thorax -0.482359 -0.873745 5.14603
lowerneck -5.803 -12.7695 -3.64348
upperneck 12.4085 -17.5944 6.1318
head 5.57919 -8.35946 1.21435
lclavicle -3.12589e-15 2.24627e-15 2.69775e-32
lhumerus -26.5319 -28.4398 87.9882
lradius 53.6322 -0 0
lwrist 22.7192 0 0
lhand -16.5478 -2.15078 0.0687536
lfingers 7.12502 -0 0
lthumb 9.65783 27.4157 0.00222641
rclavicle -3.12589e-15 2.24627e-15 2.69775e-32
rhumerus 19.6772 19.7471 -73.2968
rradius 129.999 -0 0
rwrist -38.4106 0 0
rhand -23.556 -19.0002 0.150896
rfingers 7.12502 -0 0
rthumb 2.89429 -48.7586 0.196734
584
root 6.16708 16.3892 -3.58905 -83.5785 87.3951 -88.9903
lfemur -18.0015 7.73442 -19.3877
ltibia 45.1973 -0 0
lfoot -31.1386 10.859 -0.0934347
ltoes 1.38025 -0 0
rfemur -46.0362 -9.64585 15.2637
rtibia 55.6841 -0 0
rfoot 7.66355 9.08226 0.000408405
rtoes -21.861 0 0
lowerback 4.62732 -1.16041 -5.32795
upperback 1.85126 -1.722 2.03478
thorax -0.449363 -0.883234 5.17922
lowerneck -5.76137 -12.7992 -3.66021
upperneck 12.4393 -17.6427 6.18299
head 5.58964 -8.37968 1.22901
lclavicle -3.15958e-15 2.37216e-15 2.4276e-32
lhumerus -26.2944 -28.3144 87.6619
lradius 53.5982 -0 0
lwrist 22.9427 0 0
lhand -16.8577 -2.18526 0.0618576
lfingers 7.12502 -0 0
lthumb 9.36034 27.4146 0.00200314
rclavicle -3.15958e-15 2.37216e-15 2.4276e-32
rhumerus 20.2342 19.3803 -73.2627
rradius 130.392 -0 0
rwrist -39.1249 0 0
rhand -23.8926 -19.0697 0.135756
rfingers 7.12502 -0 0
rthumb 2.57044 -48.8528 0.176996
585
root 6.17592 16.3883 -3.56371 -83.1555 87.3754 -88.562
lfemur -17.9045 8.05545 -19.3313
ltibia 45.1666 -0 0
lfoot -31.2102 11.0851 -0.0827434
ltoes 1.21646 -0 0
rfemur -45.8873 -9.85958 15.3314
rtibia 55.5171 -0 0
rfoot 7.66004 9.06196 0.000361712
rtoes -21.9294 0 0
lowerback 4.60183 -1.1719 -5.37679
upperback 1.8668 -1.73801 2.03972
thorax -0.416373 -0.892742 5.2124
lowerneck -5.71972 -12.8288 -3.67697
upperneck 12.4702 -17.691 6.23416
head 5.60009 -8.3999 1.24366
lclavicle -3.19326e-15 2.49806e-15 2.15006e-32
lhumerus -26.0579 -28.1879 87.3367
lradius 53.5641 -0 0
lwrist 23.1661 0 0
lhand -17.1675 -2.21969 0.0547753
lfingers 7.12502 -0 0
lthumb 9.06284 27.4134 0.00177382
rclavicle -3.19326e-15 2.49806e-15 2.15006e-32
rhumerus 20.7897 19.0133 -73.2326
rradius 130.784 -0 0
rwrist -39.8392 0 0
rhand -24.2292 -19.1391 0.120208
rfingers 7.12502 -0 0
rthumb 2.24661 -48.9469 0.156726
586
root 6.18476 16.3874 -3.53837 -82.7388 87.3556 -88.1401
lfemur -17.807 8.37638 -19.2744
ltibia 45.136 -0 0
lfoot -31.2818 11.3112 -0.0717695
ltoes 1.05267 -0 0
rfemur -45.7387 -10.0735 15.3986
rtibia 55.3501 -0 0
rfoot 7.65653 9.04166 0.000313773
rtoes -21.9977 0 0
lowerback 4.57635 -1.18341 -5.42563
upperback 1.88234 -1.75403 2.04466
thorax -0.383388 -0.902268 5.24557
lowerneck -5.67805 -12.8584 -3.69375
upperneck 12.501 -17.7393 6.28531
head 5.61053 -8.42013 1.25831
lclavicle -3.22694e-15 2.62396e-15 1.86511e-32
lhumerus -25.8226 -28.0602 87.0125
lradius 53.5301 -0 0
lwrist 23.3895 0 0
lhand -17.4774 -2.25409 0.0475068
lfingers 7.12502 -0 0
lthumb 8.76534 27.4122 0.00153847
rclavicle -3.22694e-15 2.62396e-15 1.86511e-32
rhumerus 21.3439 18.646 -73.2062
rradius 131.177 -0 0
rwrist -40.5535 0 0
rhand -24.5658 -19.2084 0.104253
rfingers 7.12502 -0 0
rthumb 1.92283 -49.0408 0.135925
587
root 6.1936 16.3866 -3.51302 -82.3284 87.3356 -87.7245
lfemur -17.7092 8.69722 -19.2169
ltibia 45.1053 -0 0
lfoot -31.3534 11.5374 -0.0605131
ltoes 0.888878 -0 0
rfemur -45.5902 -10.2875 15.4652
rtibia 55.1831 -0 0
rfoot 7.65301 9.02136 0.00026459
rtoes -22.0661 0 0
lowerback 4.55087 -1.19493 -5.47447
upperback 1.89788 -1.77005 2.04959
thorax -0.350409 -0.911815 5.27874
lowerneck -5.63637 -12.8881 -3.71055
upperneck 12.5317 -17.7876 6.33645
head 5.62097 -8.44036 1.27296
lclavicle -3.26062e-15 2.74985e-15 1.57276e-32
lhumerus -25.5884 -27.9313 86.6892
lradius 53.496 -0 0
lwrist 23.613 0 0
lhand -17.7873 -2.28844 0.0400525
lfingers 7.12502 -0 0
lthumb 8.46784 27.4111 0.00129709
rclavicle -3.26062e-15 2.74985e-15 1.57276e-32
rhumerus 21.8966 18.2785 -73.1836
rradius 131.57 -0 0
rwrist -41.2677 0 0
rhand -24.9024 -19.2776 0.0878905
rfingers 7.12502 -0 0
rthumb 1.59908 -49.1347 0.114593
588
root 6.20244 16.3857 -3.48768 -81.9242 87.3155 -87.3151
lfemur -17.611 9.01795 -19.1588
ltibia 45.0747 -0 0
lfoot -31.4249 11.7635 -0.0489743
ltoes 0.725088 -0 0
rfemur -45.4418 -10.5018 15.5313
rtibia 55.0162 -0 0
rfoot 7.6495 9.00106 0.000214162
rtoes -22.1345 0 0
lowerback 4.52541 -1.20648 -5.5233
upperback 1.91341 -1.78607 2.05452
thorax -0.317435 -0.92138 5.3119
lowerneck -5.59468 -12.9177 -3.72738
upperneck 12.5625 -17.836 6.38758
head 5.6314 -8.46059 1.28761
lclavicle -3.29431e-15 2.87575e-15 1.27301e-32
lhumerus -25.3552 -27.8013 86.3669
lradius 53.462 -0 0
lwrist 23.8364 0 0
lhand -18.0971 -2.32276 0.0324124
lfingers 7.12502 -0 0
lthumb 8.17034 27.4099 0.00104969
rclavicle -3.29431e-15 2.87575e-15 1.27301e-32
rhumerus 22.4481 17.9108 -73.1648
rradius 131.963 -0 0
rwrist -41.982 0 0
rhand -25.2389 -19.3467 0.0711222
rfingers 7.12502 -0 0
rthumb 1.27536 -49.2284 0.0927308
589
root 6.21129 16.3849 -3.46234 -81.5261 87.2952 -86.9117
lfemur -17.5123 9.33859 -19.1001
ltibia 45.044 -0 0
lfoot -31.4964 11.9896 -0.0371534
ltoes 0.561297 -0 0
rfemur -45.2936 -10.7162 15.5969
rtibia 54.8492 -0 0
rfoot 7.64598 8.98077 0.000162488
rtoes -22.2029 0 0
lowerback 4.49996 -1.21806 -5.57212
upperback 1.92895 -1.80209 2.05944
thorax -0.284467 -0.930964 5.34506
lowerneck -5.55298 -12.9473 -3.74423
upperneck 12.5932 -17.8844 6.4387
head 5.64183 -8.48083 1.30225
lclavicle -3.32799e-15 3.00165e-15 9.6586e-33
lhumerus -25.1232 -27.6701 86.0456
lradius 53.4279 -0 0
lwrist 24.0599 0 0
lhand -18.407 -2.35703 0.0245869
lfingers 7.12502 -0 0
lthumb 7.87284 27.4088 0.00079627
rclavicle -3.32799e-15 3.00165e-15 9.6586e-33
rhumerus 22.9983 17.543 -73.1498
rradius 132.356 -0 0
rwrist -42.6963 0 0
rhand -25.5754 -19.4156 0.0539484
rfingers 7.12502 -0 0
rthumb 0.951681 -49.322 0.0703398
590
root 6.22013 16.384 -3.437 -81.1339 87.2748 -86.5143
lfemur -17.4133 9.65913 -19.0407
ltibia 45.0133 -0 0
lfoot -31.5678 12.2157 -0.0250506
ltoes 0.397506 -0 0
rfemur -45.1455 -10.9308 15.662
rtibia 54.6822 -0 0
rfoot 7.64247 8.96047 0.00010957
rtoes -22.2712 0 0
lowerback 4.47452 -1.22965 -5.62094
upperback 1.94448 -1.81811 2.06436
thorax -0.251504 -0.940567 5.37821
lowerneck -5.51126 -12.9769 -3.76111
upperneck 12.6238 -17.9328 6.4898
head 5.65226 -8.50107 1.31689
lclavicle -3.36167e-15 3.12755e-15 6.51308e-33
lhumerus -24.8923 -27.5377 85.7253
lradius 53.3939 -0 0
lwrist 24.2833 0 0
lhand -18.7168 -2.39126 0.0165762
lfingers 7.12502 -0 0
lthumb 7.57535 27.4076 0.000536846
rclavicle -3.36167e-15 3.12755e-15 6.51308e-33
rhumerus 23.5472 17.175 -73.1384
rradius 132.748 -0 0
rwrist -43.4106 0 0
rhand -25.912 -19.4845 0.0363697
rfingers 7.12502 -0 0
rthumb 0.628039 -49.4155 0.0474205
591
root 6.22897 16.3832 -3.41165 -80.7476 87.2543 -86.1227
lfemur -17.3137 9.97957 -18.9808
ltibia 44.9827 -0 0
lfoot -31.6392 12.4417 -0.012666
ltoes 0.233715 -0 0
rfemur -44.9976 -11.1455 15.7266
rtibia 54.5153 -0 0
rfoot 7.63895 8.94017 5.54076e-05
rtoes -22.3396 0 0
lowerback 4.44908 -1.24126 -5.66976
upperback 1.96001 -1.83414 2.06927
thorax -0.218547 -0.95019 5.41136
lowerneck -5.46953 -13.0064 -3.77801
upperneck 12.6544 -17.9812 6.54089
head 5.66268 -8.52131 1.33153
lclavicle -3.39536e-15 3.25344e-15 3.29355e-33
lhumerus -24.6625 -27.4042 85.4059
lradius 53.3598 -0 0
lwrist 24.5068 0 0
lhand -19.0267 -2.42545 0.00838048
lfingers 7.12502 -0 0
lthumb 7.27785 27.4065 0.00027142
rclavicle -3.39536e-15 3.25344e-15 3.29355e-33
rhumerus 24.0951 16.8069 -73.1308
rradius 133.141 -0 0
rwrist -44.1249 0 0
rhand -26.2484 -19.5533 0.0183867
rfingers 7.12502 -0 0
rthumb 0.304434 -49.5088 0.0239736
592
root 6.23781 16.3823 -3.38631 -80.3671 87.2337 -85.737
lfemur -17.2138 10.2999 -18.9202
ltibia 44.952 0 0
lfoot -31.7105 12.6678 0
ltoes 0.0699242 0 0
rfemur -44.8498 -11.3604 15.7906
rtibia 54.3483 0 0
rfoot 7.63544 8.91987 0
rtoes -22.408 0 0
lowerback 4.42366 -1.2529 -5.71857
upperback 1.97554 -1.85016 2.07418
thorax -0.185595 -0.959831 5.4445
lowerneck -5.42778 -13.036 -3.79493
upperneck 12.685 -18.0297 6.59197
head 5.67309 -8.54155 1.34616
lclavicle -3.42904e-15 3.37934e-15 0
lhumerus -24.4338 -27.2696 85.0876
lradius 53.3258 0 0
lwrist 24.7302 0 0
lhand -19.3365 -2.45959 0
lfingers 7.12502 0 0
lthumb 6.98035 27.4053 0
rclavicle -3.42904e-15 3.37934e-15 0
rhumerus 24.6418 16.4388 -73.1269
rradius 133.534 0 0
rwrist -44.8392 0 0
rhand -26.5849 -19.622 0
rfingers 7.12502 0 0
rthumb -0.0191319 -769.602 0
593
root 6.19206 16.3843 -3.3857 -51.5444 86.6358 -56.9893
lfemur -17.3687 11.937 -18.9783
ltibia 44.993 0 0
lfoot -31.6569 12.7743 0
ltoes -0.17467 0 0
rfemur -44.446 -11.0051 16.2443
rtibia 52.9512 0 0
rfoot 6.63711 9.69047 0
rtoes -23.7933 0 0
lowerback 4.21685 -1.3117 -5.96887
upperback 1.89982 -1.93293 1.9414
thorax -0.132868 -1.00365 5.44557
lowerneck -5.45849 -12.9508 -3.75997
upperneck 12.8833 -17.9491 6.69502
head 5.74285 -8.48645 1.36976
lclavicle -2.19657e-14 0 0
lhumerus -23.9429 -27.7352 85.1314
lradius 53.4226 0 0
lwrist 24.7876 0 0
lhand -19.0791 -2.48137 0
lfingers 7.12502 0 0
lthumb 7.2288 27.3752 0
rclavicle -2.19657e-14 0 0
rhumerus 24.3659 16.1965 -73.223
rradius 133.323 0 0
rwrist -45.3556 0 0
rhand -26.9399 -19.9285 0
rfingers 7.12502 0 0
rthumb -0.362069 -769.908 0
594
root 6.14549 16.3892 -3.38918 -33.3815 85.379 -38.9495
lfemur -17.5457 13.5945 -19.0508
ltibia 44.9856 0 0
lfoot -31.5945 12.9037 0
ltoes -0.249614 0 0
rfemur -44.2184 -10.7706 16.7995
rtibia 51.5974 0 0
rfoot 5.95449 10.7834 0
rtoes -25.0241 0 0
lowerback 4.00601 -1.37185 -6.17394
upperback 1.81202 -2.01442 1.81347
thorax -0.0917959 -1.04567 5.42561
lowerneck -5.51946 -12.8504 -3.71043
upperneck 13.0753 -17.8471 6.7812
head 5.81165 -8.42094 1.38682
lclavicle -9.64106e-15 -1.31198e-14 0
lhumerus -23.5399 -28.1942 85.2585
lradius 53.5209 0 0
lwrist 24.8222 0 0
lhand -18.7789 -2.46787 0
lfingers 7.12502 0 0
lthumb 7.5186 27.3785 0
rclavicle -9.64106e-15 -1.31198e-14 0
rhumerus 24.1254 15.8527 -73.3088
rradius 133.076 0 0
rwrist -46.0171 0 0
rhand -27.2882 -20.3059 0
rfingers 7.12502 0 0
rthumb -0.698465 -770.285 0
595
root 6.09812 16.3973 -3.3967 -23.1241 83.7521 -28.8525
lfemur -17.7349 15.2435 -19.1338
ltibia 44.9311 0 0
lfoot -31.5217 13.0772 0
ltoes -0.180943 0 0
rfemur -44.1576 -10.6798 17.4586
rtibia 50.3311 0 0
rfoot 5.61365 12.1788 0
rtoes -25.9941 0 0
lowerback 3.807 -1.43452 -6.33226
upperback 1.71604 -2.09722 1.69572
thorax -0.0668831 -1.0871 5.38992
lowerneck -5.61118 -12.7345 -3.6435
upperneck 13.2507 -17.723 6.85165
head 5.8762 -8.3449 1.39765
lclavicle 2.34566e-14 -4.37326e-15 0
lhumerus -23.2184 -28.6645 85.4675
lradius 53.6188 0 0
lwrist 24.8355 0 0
lhand -18.4576 -2.42212 0
lfingers 7.12502 0 0
lthumb 7.82873 27.4129 0
rclavicle 2.34566e-14 -4.37326e-15 0
rhumerus 23.9287 15.4051 -73.3727
rradius 132.785 0 0
rwrist -46.8088 0 0
rhand -27.6156 -20.7422 0
rfingers 7.12502 0 0
rthumb -1.01463 -770.72 0
596
root 6.08929 16.3909 -3.35119 -17.1238 82.6807 -22.9468
lfemur -17.8553 15.409 -19.1491
ltibia 45.3747 -0 0
lfoot -31.0794 12.8681 -0.0645337
ltoes -0.168132 0 0
rfemur -44.1817 -10.7682 17.614
rtibia 50.5477 -0 0
rfoot 5.24045 11.9292 0.0646152
rtoes -25.6316 0 0
lowerback 3.74973 -1.50237 -6.26152
upperback 1.66755 -2.18125 1.68508
thorax -0.0844853 -1.12808 5.3388
lowerneck -5.67519 -12.6294 -3.58698
upperneck 13.1026 -17.5679 6.81161
head 5.83116 -8.27486 1.38768
lclavicle 2.33521e-14 -4.40384e-15 -2.14725e-33
lhumerus -23.0486 -29.1997 85.5538
lradius 54.0365 -0 0
lwrist 24.8749 0 0
lhand -18.3732 -2.39299 0.00165352
lfingers 7.12502 -0 0
lthumb 7.91011 27.4377 0.00135726
rclavicle 2.33521e-14 -4.40384e-15 -2.14725e-33
rhumerus 23.0015 14.9102 -73.3509
rradius 131.931 -0 0
rwrist -46.4667 0 0
rhand -27.6144 -21.0962 -0.000297998
rfingers 7.12502 -0 0
rthumb -1.01344 -51.074 -0.000287877
597
root 6.08045 16.3844 -3.30569 -12.6761 81.551 -18.5939
lfemur -17.9758 15.5744 -19.1648
ltibia 45.8184 -0 0
lfoot -30.6369 12.6585 -0.127451
ltoes -0.155321 0 0
rfemur -44.206 -10.8565 17.7694
rtibia 50.7644 -0 0
rfoot 4.86698 11.6791 0.127602
rtoes -25.269 0 0
lowerback 3.69238 -1.57016 -6.19071
upperback 1.61908 -2.26529 1.6745
thorax -0.102051 -1.16907 5.28769
lowerneck -5.73907 -12.5242 -3.53061
upperneck 12.9545 -17.4129 6.77118
head 5.78612 -8.20483 1.37766
lclavicle 2.32476e-14 -4.43442e-15 -4.23872e-33
lhumerus -22.8787 -29.7352 85.6388
lradius 54.4542 -0 0
lwrist 24.9144 0 0
lhand -18.2888 -2.36386 0.00326415
lfingers 7.12502 -0 0
lthumb 7.9915 27.4625 0.0026793
rclavicle 2.32476e-14 -4.43442e-15 -4.23872e-33
rhumerus 22.0762 14.4157 -73.3209
rradius 131.077 -0 0
rwrist -46.1246 0 0
rhand -27.6131 -21.4501 -0.000588397
rfingers 7.12502 -0 0
rthumb -1.01225 -51.4279 -0.000568412
598
root 6.07162 16.378 -3.26018 -9.27931 80.3833 -15.292
lfemur -18.0965 15.7398 -19.1808
ltibia 46.262 -0 0
lfoot -30.1942 12.4484 -0.188746
ltoes -0.14251 0 0
rfemur -44.2306 -10.9447 17.925
rtibia 50.981 -0 0
rfoot 4.49323 11.4287 0.188958
rtoes -24.9065 0 0
lowerback 3.63494 -1.63787 -6.11983
upperback 1.57062 -2.34933 1.664
thorax -0.119581 -1.21008 5.23659
lowerneck -5.80282 -12.4189 -3.47437
upperneck 12.8064 -17.2579 6.73037
head 5.74107 -8.1348 1.36758
lclavicle 2.31431e-14 -4.46501e-15 -6.27442e-33
lhumerus -22.7089 -30.2709 85.7223
lradius 54.8719 -0 0
lwrist 24.9538 0 0
lhand -18.2045 -2.33473 0.00483187
lfingers 7.12502 -0 0
lthumb 8.07288 27.4873 0.00396612
rclavicle 2.31431e-14 -4.46501e-15 -6.27442e-33
rhumerus 21.1526 13.9218 -73.2828
rradius 130.223 -0 0
rwrist -45.7825 0 0
rhand -27.6119 -21.8041 -0.000871185
rfingers 7.12502 -0 0
rthumb -1.01106 -51.7819 -0.000841596
599
root 6.06278 16.3716 -3.21468 -6.61299 79.1901 -12.7207
lfemur -18.2173 15.9051 -19.1973
ltibia 46.7056 -0 0
lfoot -29.7512 12.2378 -0.248417
ltoes -0.129699 0 0
rfemur -44.2554 -11.0329 18.0806
rtibia 51.1976 -0 0
rfoot 4.11921 11.1778 0.248677
rtoes -24.544 0 0
lowerback 3.57741 -1.70551 -6.04887
upperback 1.52217 -2.43339 1.65357
thorax -0.137074 -1.25111 5.1855
lowerneck -5.86644 -12.3136 -3.41828
upperneck 12.6583 -17.1031 6.68917
head 5.69602 -8.06478 1.35745
lclavicle 2.30386e-14 -4.49559e-15 -8.25435e-33
lhumerus -22.5391 -30.8068 85.8045
lradius 55.2896 -0 0
lwrist 24.9933 0 0
lhand -18.1201 -2.30559 0.00635669
lfingers 7.12502 -0 0
lthumb 8.15427 27.5121 0.00521772
rclavicle 2.30386e-14 -4.49559e-15 -8.25435e-33
rhumerus 20.2306 13.4285 -73.2365
rradius 129.369 -0 0
rwrist -45.4404 0 0
rhand -27.6107 -22.1581 -0.00114635
rfingers 7.12502 -0 0
rthumb -1.00987 -52.1359 -0.00110742
600
root 6.05395 16.3651 -3.16917 -4.46927 77.9789 -10.6722
lfemur -18.3383 16.0704 -19.2141
ltibia 47.1493 -0 0
lfoot -29.308 12.0268 -0.306457
ltoes -0.116887 0 0
rfemur -44.2805 -11.121 18.2363
rtibia 51.4143 -0 0
rfoot 3.74494 10.9266 0.306758
rtoes -24.1814 0 0
lowerback 3.5198 -1.77308 -5.97785
upperback 1.47374 -2.51745 1.64321
thorax -0.154531 -1.29215 5.13443
lowerneck -5.92993 -12.2082 -3.36233
upperneck 12.5102 -16.9484 6.64759
head 5.65097 -7.99477 1.34727
lclavicle 2.29342e-14 -4.52617e-15 -1.01785e-32
lhumerus -22.3692 -31.3429 85.8853
lradius 55.7072 -0 0
lwrist 25.0327 0 0
lhand -18.0357 -2.27645 0.00783859
lfingers 7.12502 -0 0
lthumb 8.23565 27.5369 0.00643409
rclavicle 2.29342e-14 -4.52617e-15 -1.01785e-32
rhumerus 19.3101 12.936 -73.1822
rradius 128.515 -0 0
rwrist -45.0983 0 0
rhand -27.6094 -22.5121 -0.00141389
rfingers 7.12502 -0 0
rthumb -1.00868 -52.4899 -0.00136587
601
root 6.04512 16.3587 -3.12367 -2.70971 76.7546 -9.00814
lfemur -18.4594 16.2357 -19.2313
ltibia 47.5929 -0 0
lfoot -28.8646 11.8153 -0.362862
ltoes -0.104076 0 0
rfemur -44.3059 -11.2091 18.3921
rtibia 51.6309 -0 0
rfoot 3.37041 10.675 0.363195
rtoes -23.8189 0 0
lowerback 3.46211 -1.84057 -5.90676
upperback 1.42531 -2.60152 1.63292
thorax -0.171952 -1.33321 5.08336
lowerneck -5.99328 -12.1028 -3.30653
upperneck 12.3622 -16.7938 6.60562
head 5.60591 -7.92477 1.33703
lclavicle 2.28297e-14 -4.55675e-15 -1.20469e-32
lhumerus -22.1992 -31.8792 85.9647
lradius 56.1249 -0 0
lwrist 25.0722 0 0
lhand -17.9513 -2.24731 0.00927758
lfingers 7.12502 -0 0
lthumb 8.31704 27.5617 0.00761524
rclavicle 2.28297e-14 -4.55675e-15 -1.20469e-32
rhumerus 18.3908 12.4444 -73.1199
rradius 127.66 -0 0
rwrist -44.7562 0 0
rhand -27.6082 -22.866 -0.00167378
rfingers 7.12502 -0 0
rthumb -1.00748 -52.8438 -0.00161693
602
root 6.03628 16.3523 -3.07816 -1.23955 75.5206 -7.63367
lfemur -18.5807 16.401 -19.2488
ltibia 48.0366 -0 0
lfoot -28.421 11.6034 -0.417629
ltoes -0.0912651 0 0
rfemur -44.3315 -11.2971 18.548
rtibia 51.8475 -0 0
rfoot 2.99564 10.423 0.417986
rtoes -23.4564 0 0
lowerback 3.40432 -1.908 -5.8356
upperback 1.3769 -2.6856 1.6227
thorax -0.189336 -1.37428 5.03231
lowerneck -6.05651 -11.9973 -3.25086
upperneck 12.2141 -16.6393 6.56328
head 5.56084 -7.85478 1.32674
lclavicle 2.27252e-14 -4.58734e-15 -1.38595e-32
lhumerus -22.029 -32.4157 86.0426
lradius 56.5426 -0 0
lwrist 25.1116 0 0
lhand -17.8669 -2.21817 0.0106737
lfingers 7.12502 -0 0
lthumb 8.39842 27.5865 0.00876115
rclavicle 2.27252e-14 -4.58734e-15 -1.38595e-32
rhumerus 17.4728 11.9538 -73.0497
rradius 126.806 -0 0
rwrist -44.4141 0 0
rhand -27.607 -23.22 -0.00192602
rfingers 7.12502 -0 0
rthumb -1.00628 -53.1978 -0.00186061
603
root 6.02745 16.3458 -3.03265 0.00784113 74.2792 -6.48224
lfemur -18.7022 16.5662 -19.2668
ltibia 48.4802 -0 0
lfoot -27.9772 11.3911 -0.470754
ltoes -0.078454 0 0
rfemur -44.3573 -11.385 18.704
rtibia 52.0642 -0 0
rfoot 2.62062 10.1706 0.471127
rtoes -23.0939 0 0
lowerback 3.34646 -1.97535 -5.76436
upperback 1.3285 -2.76969 1.61255
thorax -0.206684 -1.41537 4.98127
lowerneck -6.11961 -11.8917 -3.19534
upperneck 12.066 -16.4849 6.52055
head 5.51577 -7.78479 1.31639
lclavicle 2.26207e-14 -4.61792e-15 -1.56163e-32
lhumerus -21.8588 -32.9524 86.1192
lradius 56.9603 -0 0
lwrist 25.151 0 0
lhand -17.7826 -2.18903 0.0120268
lfingers 7.12502 -0 0
lthumb 8.47981 27.6113 0.00987184
rclavicle 2.26207e-14 -4.61792e-15 -1.56163e-32
rhumerus 16.5557 11.4644 -72.9715
rradius 125.952 -0 0
rwrist -44.072 0 0
rhand -27.6057 -23.574 -0.0021706
rfingers 7.12502 -0 0
rthumb -1.00508 -53.5518 -0.00209688
604
root 6.01862 16.3394 -2.98715 1.08046 73.032 -5.50587
lfemur -18.8238 16.7314 -19.2851
ltibia 48.9238 -0 0
lfoot -27.5332 11.1784 -0.522232
ltoes -0.0656428 0 0
rfemur -44.3834 -11.4728 18.86
rtibia 52.2808 -0 0
rfoot 2.24537 9.91796 0.522615
rtoes -22.7313 0 0
lowerback 3.2885 -2.04264 -5.69306
upperback 1.28011 -2.85379 1.60247
thorax -0.223996 -1.45647 4.93024
lowerneck -6.18258 -11.7861 -3.13995
upperneck 11.9179 -16.3306 6.47743
head 5.4707 -7.71482 1.30599
lclavicle 2.25162e-14 -4.6485e-15 -1.73174e-32
lhumerus -21.6883 -33.4893 86.1943
lradius 57.378 -0 0
lwrist 25.1905 0 0
lhand -17.6982 -2.15988 0.013337
lfingers 7.12502 -0 0
lthumb 8.5612 27.6361 0.0109473
rclavicle 2.25162e-14 -4.6485e-15 -1.73174e-32
rhumerus 15.6395 10.9763 -72.8856
rradius 125.098 -0 0
rwrist -43.7299 0 0
rhand -27.6045 -23.9279 -0.00240751
rfingers 7.12502 -0 0
rthumb -1.00388 -53.9058 -0.00232574
605
root 6.00978 16.333 -2.94164 2.01366 71.7801 -4.66923
lfemur -18.9455 16.8965 -19.3038
ltibia 49.3675 -0 0
lfoot -27.089 10.9652 -0.572059
ltoes -0.0528316 0 0
rfemur -44.4097 -11.5606 19.0162
rtibia 52.4974 -0 0
rfoot 1.8699 9.66495 0.572447
rtoes -22.3688 0 0
lowerback 3.23046 -2.10985 -5.62168
upperback 1.23173 -2.9379 1.59246
thorax -0.241271 -1.49759 4.87922
lowerneck -6.24542 -11.6804 -3.08471
upperneck 11.7698 -16.1764 6.43394
head 5.42562 -7.64485 1.29554
lclavicle 2.24117e-14 -4.67908e-15 -1.89627e-32
lhumerus -21.5176 -34.0264 86.2679
lradius 57.7957 -0 0
lwrist 25.2299 0 0
lhand -17.6138 -2.13073 0.0146043
lfingers 7.12502 -0 0
lthumb 8.64259 27.6609 0.0119875
rclavicle 2.24117e-14 -4.67908e-15 -1.89627e-32
rhumerus 14.7241 10.4896 -72.7918
rradius 124.244 -0 0
rwrist -43.3878 0 0
rhand -27.6032 -24.2819 -0.00263674
rfingers 7.12502 -0 0
rthumb -1.00268 -54.2597 -0.00254719
606
root 6.00095 16.3265 -2.89614 2.83398 70.5246 -3.94581
lfemur -19.0674 17.0616 -19.3229
ltibia 49.8111 -0 0
lfoot -26.6446 10.7517 -0.620233
ltoes -0.0400204 0 0
rfemur -44.4363 -11.6483 19.1724
rtibia 52.7141 -0 0
rfoot 1.4942 9.41162 0.620619
rtoes -22.0063 0 0
lowerback 3.17233 -2.17698 -5.55023
upperback 1.18336 -3.02201 1.58252
thorax -0.25851 -1.53873 4.82822
lowerneck -6.30813 -11.5747 -3.0296
upperneck 11.6218 -16.0223 6.39007
head 5.38053 -7.57489 1.28503
lclavicle 2.23072e-14 -4.70967e-15 -2.05522e-32
lhumerus -21.3467 -34.5636 86.3401
lradius 58.2134 -0 0
lwrist 25.2694 0 0
lhand -17.5294 -2.10158 0.0158287
lfingers 7.12502 -0 0
lthumb 8.72397 27.6857 0.0129925
rclavicle 2.23072e-14 -4.70967e-15 -2.05522e-32
rhumerus 13.8092 10.0044 -72.6904
rradius 123.39 -0 0
rwrist -43.0457 0 0
rhand -27.602 -24.6359 -0.00285828
rfingers 7.12502 -0 0
rthumb -1.00148 -54.6137 -0.0027612
607
root 5.99211 16.3201 -2.85063 3.56174 69.266 -3.31532
lfemur -19.1895 17.2267 -19.3423
ltibia 50.2547 -0 0
lfoot -26.2001 10.5379 -0.666749
ltoes -0.0272092 0 0
rfemur -44.4632 -11.736 19.3288
rtibia 52.9307 -0 0
rfoot 1.1183 9.15797 0.667128
rtoes -21.6437 0 0
lowerback 3.11412 -2.24405 -5.47871
upperback 1.13501 -3.10614 1.57265
thorax -0.275713 -1.57988 4.77722
lowerneck -6.37071 -11.4689 -2.97464
upperneck 11.4737 -15.8684 6.34581
head 5.33544 -7.50493 1.27447
lclavicle 2.22027e-14 -4.74025e-15 -2.2086e-32
lhumerus -21.1754 -35.101 86.4108
lradius 58.6311 -0 0
lwrist 25.3088 0 0
lhand -17.445 -2.07243 0.0170101
lfingers 7.12502 -0 0
lthumb 8.80536 27.7105 0.0139622
rclavicle 2.22027e-14 -4.74025e-15 -2.2086e-32
rhumerus 12.8948 9.52094 -72.5812
rradius 122.536 -0 0
rwrist -42.7036 0 0
rhand -27.6007 -24.9899 -0.00307213
rfingers 7.12502 -0 0
rthumb -1.00028 -54.9677 -0.00296778
608
root 5.98328 16.3137 -2.80512 4.21269 68.0049 -2.76202
lfemur -19.3118 17.3917 -19.3622
ltibia 50.6984 -0 0
lfoot -25.7553 10.3236 -0.711604
ltoes -0.014398 0 0
rfemur -44.4903 -11.8235 19.4852
rtibia 53.1474 -0 0
rfoot 0.742184 8.90402 0.711972
rtoes -21.2812 0 0
lowerback 3.05582 -2.31104 -5.40712
upperback 1.08666 -3.19027 1.56286
thorax -0.292879 -1.62104 4.72624
lowerneck -6.43317 -11.3631 -2.91981
upperneck 11.3256 -15.7145 6.30118
head 5.29034 -7.43499 1.26386
lclavicle 2.20982e-14 -4.77083e-15 -2.35639e-32
lhumerus -21.0039 -35.6386 86.4799
lradius 59.0487 -0 0
lwrist 25.3483 0 0
lhand -17.3606 -2.04328 0.0181486
lfingers 7.12502 -0 0
lthumb 8.88675 27.7353 0.0148967
rclavicle 2.20982e-14 -4.77083e-15 -2.35639e-32
rhumerus 11.9807 9.0392 -72.4644
rradius 121.682 -0 0
rwrist -42.3615 0 0
rhand -27.5995 -25.3438 -0.00327827
rfingers 7.12502 -0 0
rthumb -0.99907 -55.3217 -0.00316692
609
root 5.97445 16.3073 -2.75962 4.79926 66.7417 -2.27353
lfemur -19.4342 17.5567 -19.3825
ltibia 51.142 -0 0
lfoot -25.3104 10.1091 -0.754795
ltoes -0.00158679 0 0
rfemur -44.5177 -11.911 19.6417
rtibia 53.364 -0 0
rfoot 0.365872 8.64978 0.755148
rtoes -20.9187 0 0
lowerback 2.99743 -2.37796 -5.33546
upperback 1.03833 -3.27441 1.55313
thorax -0.31001 -1.66222 4.67527
lowerneck -6.4955 -11.2571 -2.86512
upperneck 11.1774 -15.5608 6.25616
head 5.24523 -7.36505 1.25319
lclavicle 2.19937e-14 -4.80141e-15 -2.49861e-32
lhumerus -20.832 -36.1764 86.5476
lradius 59.4664 -0 0
lwrist 25.3877 0 0
lhand -17.2762 -2.01412 0.0192442
lfingers 7.12502 -0 0
lthumb 8.96814 27.7601 0.0157959
rclavicle 2.19937e-14 -4.80141e-15 -2.49861e-32
rhumerus 11.0668 8.55937 -72.3399
rradius 120.828 -0 0
rwrist -42.0193 0 0
rhand -27.5982 -25.6978 -0.00347669
rfingers 7.12502 -0 0
rthumb -0.997863 -55.6756 -0.00335861
610
root 5.96561 16.3008 -2.71411 5.33135 65.4767 -1.83996
lfemur -19.5568 17.7216 -19.4031
ltibia 51.5856 -0 0
lfoot -24.8653 9.89417 -0.796318
ltoes 0.0112244 -0 0
rfemur -44.5453 -11.9984 19.7983
rtibia 53.5806 -0 0
rfoot -0.0106315 8.39525 0.796653
rtoes -20.5561 0 0
lowerback 2.93896 -2.44481 -5.26373
upperback 0.990003 -3.35856 1.54347
thorax -0.327104 -1.70342 4.62431
lowerneck -6.55771 -11.1512 -2.81057
upperneck 11.0293 -15.4071 6.21077
head 5.20012 -7.29513 1.24247
lclavicle 2.18893e-14 -4.83199e-15 -2.63526e-32
lhumerus -20.6596 -36.7143 86.6137
lradius 59.8841 -0 0
lwrist 25.4272 0 0
lhand -17.1919 -1.98496 0.0202968
lfingers 7.12502 -0 0
lthumb 9.04953 27.785 0.0166599
rclavicle 2.18893e-14 -4.83199e-15 -2.63526e-32
rhumerus 10.153 8.08156 -72.2079
rradius 119.974 -0 0
rwrist -41.6772 0 0
rhand -27.597 -26.0518 -0.0036674
rfingers 7.12502 -0 0
rthumb -0.996655 -56.0296 -0.00354284
611
root 5.95678 16.2944 -2.66861 5.81698 64.2103 -1.45333
lfemur -19.6796 17.8865 -19.4241
ltibia 52.0293 -0 0
lfoot -24.4201 9.67895 -0.83617
ltoes 0.0240357 -0 0
rfemur -44.5731 -12.0858 19.955
rtibia 53.7973 -0 0
rfoot -0.387319 8.14046 0.836484
rtoes -20.1936 0 0
lowerback 2.8804 -2.51158 -5.19192
upperback 0.941688 -3.44271 1.53388
thorax -0.344161 -1.74463 4.57336
lowerneck -6.61978 -11.0451 -2.75615
upperneck 10.8811 -15.2536 6.165
head 5.15501 -7.22521 1.23169
lclavicle 2.17848e-14 -4.86258e-15 -2.76632e-32
lhumerus -20.4868 -37.2524 86.6782
lradius 60.3018 -0 0
lwrist 25.4666 0 0
lhand -17.1075 -1.95581 0.0213065
lfingers 7.12502 -0 0
lthumb 9.13092 27.8098 0.0174886
rclavicle 2.17848e-14 -4.86258e-15 -2.76632e-32
rhumerus 9.23915 7.6059 -72.0684
rradius 119.12 -0 0
rwrist -41.3351 0 0
rhand -27.5957 -26.4057 -0.00385037
rfingers 7.12502 -0 0
rthumb -0.995446 -56.3836 -0.0037196
612
root 5.94794 16.288 -2.6231 6.26267 62.9425 -1.10714
lfemur -19.8025 18.0514 -19.4455
ltibia 52.4729 -0 0
lfoot -23.9747 9.46342 -0.874349
ltoes 0.0368469 -0 0
rfemur -44.6013 -12.173 20.1118
rtibia 54.0139 -0 0
rfoot -0.764185 7.88541 0.874638
rtoes -19.8311 0 0
lowerback 2.82175 -2.57828 -5.12004
upperback 0.893383 -3.52688 1.52437
thorax -0.361182 -1.78585 4.52242
lowerneck -6.68174 -10.9391 -2.70187
upperneck 10.733 -15.1002 6.11886
head 5.10988 -7.1553 1.22086
lclavicle 2.16803e-14 -4.89316e-15 -2.89181e-32
lhumerus -20.3136 -37.7907 86.7412
lradius 60.7195 -0 0
lwrist 25.506 0 0
lhand -17.0231 -1.92665 0.0222732
lfingers 7.12502 -0 0
lthumb 9.21231 27.8346 0.0182821
rclavicle 2.16803e-14 -4.89316e-15 -2.89181e-32
rhumerus 8.32509 7.1325 -71.9214
rradius 118.265 -0 0
rwrist -40.993 0 0
rhand -27.5945 -26.7597 -0.00402562
rfingers 7.12502 -0 0
rthumb -0.994236 -56.7376 -0.00388889
613
root 5.93911 16.2815 -2.5776 6.67379 61.6736 -0.796048
lfemur -19.9257 18.2162 -19.4673
ltibia 52.9165 -0 0
lfoot -23.5292 9.24761 -0.910851
ltoes 0.0496582 -0 0
rfemur -44.6296 -12.2602 20.2687
rtibia 54.2305 -0 0
rfoot -1.14122 7.63011 0.911115
rtoes -19.4686 0 0
lowerback 2.76302 -2.64491 -5.04809
upperback 0.845088 -3.61105 1.51492
thorax -0.378167 -1.82709 4.47149
lowerneck -6.74357 -10.8329 -2.64773
upperneck 10.5848 -14.9469 6.07233
head 5.06476 -7.08539 1.20998
lclavicle 2.15758e-14 -4.92374e-15 -3.01172e-32
lhumerus -20.1398 -38.329 86.8025
lradius 61.1372 -0 0
lwrist 25.5455 0 0
lhand -16.9387 -1.89748 0.023197
lfingers 7.12502 -0 0
lthumb 9.2937 27.8594 0.0190404
rclavicle 2.15758e-14 -4.92374e-15 -3.01172e-32
rhumerus 7.41072 6.66148 -71.767
rradius 117.411 -0 0
rwrist -40.6509 0 0
rhand -27.5932 -27.1137 -0.00419312
rfingers 7.12502 -0 0
rthumb -0.993025 -57.0915 -0.0040507
614
root 5.93028 16.2751 -2.53209 7.05483 60.4038 -0.515603
lfemur -20.049 18.381 -19.4895
ltibia 53.3602 -0 0
lfoot -23.0835 9.03151 -0.945674
ltoes 0.0624694 -0 0
rfemur -44.6583 -12.3473 20.4257
rtibia 54.4472 -0 0
rfoot -1.51842 7.37457 0.94591
rtoes -19.106 0 0
lowerback 2.7042 -2.71146 -4.97607
upperback 0.796801 -3.69523 1.50554
thorax -0.395116 -1.86835 4.42057
lowerneck -6.80528 -10.7267 -2.59372
upperneck 10.4366 -14.7937 6.02543
head 5.01962 -7.0155 1.19904
lclavicle 2.14713e-14 -4.95432e-15 -3.12606e-32
lhumerus -19.9655 -38.8676 86.8623
lradius 61.5549 -0 0
lwrist 25.5849 0 0
lhand -16.8543 -1.86832 0.0240778
lfingers 7.12502 -0 0
lthumb 9.3751 27.8842 0.0197633
rclavicle 2.14713e-14 -4.95432e-15 -3.12606e-32
rhumerus 6.49592 6.19298 -71.6052
rradius 116.557 -0 0
rwrist -40.3088 0 0
rhand -27.592 -27.4677 -0.00435287
rfingers 7.12502 -0 0
rthumb -0.991813 -57.4455 -0.00420503
615
root 5.92144 16.2687 -2.48658 7.40952 59.1331 -0.262093
lfemur -20.1725 18.5457 -19.5121
ltibia 53.8038 -0 0
lfoot -22.6377 8.81514 -0.978815
ltoes 0.0752807 -0 0
rfemur -44.6871 -12.4344 20.5828
rtibia 54.6638 -0 0
rfoot -1.89577 7.11881 0.979022
rtoes -18.7435 0 0
lowerback 2.64529 -2.77794 -4.90398
upperback 0.748524 -3.77942 1.49624
thorax -0.412029 -1.90962 4.36967
lowerneck -6.86686 -10.6205 -2.53985
upperneck 10.2883 -14.6407 5.97815
head 4.97448 -6.94561 1.18805
lclavicle 2.13668e-14 -4.98491e-15 -3.23481e-32
lhumerus -19.7905 -39.4062 86.9203
lradius 61.9726 -0 0
lwrist 25.6244 0 0
lhand -16.7699 -1.83916 0.0249157
lfingers 7.12502 -0 0
lthumb 9.45649 27.909 0.0204511
rclavicle 2.13668e-14 -4.98491e-15 -3.23481e-32
rhumerus 5.58057 5.7271 -71.436
rradius 115.703 -0 0
rwrist -39.9667 0 0
rhand -27.5907 -27.8216 -0.00450487
rfingers 7.12502 -0 0
rthumb -0.9906 -57.7995 -0.00435186
616
root 5.91261 16.2622 -2.44108 7.74103 57.8616 -0.0323877
lfemur -20.2962 18.7104 -19.5351
ltibia 54.2475 -0 0
lfoot -22.1918 8.59853 -1.01027
ltoes 0.088092 -0 0
rfemur -44.7163 -12.5213 20.74
rtibia 54.8804 -0 0
rfoot -2.27327 6.86283 1.01045
rtoes -18.381 0 0
lowerback 2.5863 -2.84434 -4.83181
upperback 0.700256 -3.86362 1.487
thorax -0.428905 -1.95091 4.31877
lowerneck -6.92832 -10.5141 -2.48611
upperneck 10.1401 -14.4877 5.93049
head 4.92933 -6.87574 1.177
lclavicle 2.12623e-14 -5.01549e-15 -3.33799e-32
lhumerus -19.6149 -39.9451 86.9767
lradius 62.3903 -0 0
lwrist 25.6638 0 0
lhand -16.6855 -1.80999 0.0257106
lfingers 7.12502 -0 0
lthumb 9.53788 27.9339 0.0211035
rclavicle 2.12623e-14 -5.01549e-15 -3.33799e-32
rhumerus 4.66456 5.26397 -71.2595
rradius 114.849 -0 0
rwrist -39.6246 0 0
rhand -27.5895 -28.1756 -0.00464911
rfingers 7.12502 -0 0
rthumb -0.989387 -58.1535 -0.0044912
617
root 5.90378 16.2558 -2.39557 8.05205 56.5895 0.17617
lfemur -20.4201 18.875 -19.5585
ltibia 54.6911 -0 0
lfoot -21.7458 8.38167 -1.04004
ltoes 0.100903 -0 0
rfemur -44.7457 -12.6082 20.8973
rtibia 55.0971 -0 0
rfoot -2.65091 6.60665 1.04019
rtoes -18.0184 0 0
lowerback 2.52721 -2.91067 -4.75957
upperback 0.651997 -3.94782 1.47783
thorax -0.445745 -1.99221 4.26789
lowerneck -6.98966 -10.4078 -2.43251
upperneck 9.99175 -14.3349 5.88246
head 4.88417 -6.80587 1.1659
lclavicle 2.11578e-14 -5.04607e-15 -3.4356e-32
lhumerus -19.4385 -40.484 87.0313
lradius 62.8079 -0 0
lwrist 25.7033 0 0
lhand -16.6011 -1.78083 0.0264626
lfingers 7.12502 -0 0
lthumb 9.61927 27.9587 0.0217207
rclavicle 2.11578e-14 -5.04607e-15 -3.4356e-32
rhumerus 3.74778 4.80371 -71.0757
rradius 113.995 -0 0
rwrist -39.2825 0 0
rhand -27.5882 -28.5296 -0.00478558
rfingers 7.12502 -0 0
rthumb -0.988172 -58.5074 -0.00462304
618
root 5.89494 16.2494 -2.35007 8.34487 55.3169 0.365847
lfemur -20.5442 19.0396 -19.5823
ltibia 55.1347 -0 0
lfoot -21.2996 8.16458 -1.06812
ltoes 0.113715 -0 0
rfemur -44.7753 -12.695 21.0546
rtibia 55.3137 -0 0
rfoot -3.02869 6.35028 1.06824
rtoes -17.6559 0 0
lowerback 2.46805 -2.97693 -4.68726
upperback 0.603747 -4.03203 1.46874
thorax -0.462548 -2.03352 4.21702
lowerneck -7.05087 -10.3013 -2.37904
upperneck 9.84342 -14.1822 5.83406
head 4.83901 -6.73601 1.15475
lclavicle 2.10533e-14 -5.07665e-15 -3.52762e-32
lhumerus -19.2615 -41.0231 87.0842
lradius 63.2256 -0 0
lwrist 25.7427 0 0
lhand -16.5167 -1.75166 0.0271716
lfingers 7.12502 -0 0
lthumb 9.70066 27.9835 0.0223027
rclavicle 2.10533e-14 -5.07665e-15 -3.52762e-32
rhumerus 2.8301 4.34644 -70.8846
rradius 113.141 -0 0
rwrist -38.9404 0 0
rhand -27.587 -28.8836 -0.00491428
rfingers 7.12502 -0 0
rthumb -0.986956 -58.8614 -0.00474737
619
root 5.88611 16.2429 -2.30456 8.62147 54.0437 0.53859
lfemur -20.6684 19.2041 -19.6065
ltibia 55.5784 -0 0
lfoot -20.8534 7.94729 -1.09451
ltoes 0.126526 -0 0
rfemur -44.8052 -12.7817 21.2121
rtibia 55.5303 -0 0
rfoot -3.40658 6.09372 1.0946
rtoes -17.2934 0 0
lowerback 2.40879 -3.04311 -4.61487
upperback 0.555504 -4.11625 1.45971
thorax -0.479315 -2.07485 4.16616
lowerneck -7.11197 -10.1949 -2.32571
upperneck 9.69506 -14.0296 5.78528
head 4.79384 -6.66616 1.14354
lclavicle 2.09488e-14 -5.10724e-15 -3.61407e-32
lhumerus -19.0836 -41.5622 87.1353
lradius 63.6433 -0 0
lwrist 25.7822 0 0
lhand -16.4323 -1.72249 0.0278376
lfingers 7.12502 -0 0
lthumb 9.78206 28.0083 0.0228493
rclavicle 2.09488e-14 -5.10724e-15 -3.61407e-32
rhumerus 1.91142 3.89228 -70.6864
rradius 112.287 -0 0
rwrist -38.5983 0 0
rhand -27.5857 -29.2375 -0.00503521
rfingers 7.12502 -0 0
rthumb -0.98574 -59.2154 -0.00486419
620
root 5.87727 16.2365 -2.25906 8.88357 52.77 0.696078
lfemur -20.7929 19.3686 -19.6311
ltibia 56.022 -0 0
lfoot -20.407 7.72979 -1.11921
ltoes 0.139337 -0 0
rfemur -44.8353 -12.8684 21.3697
rtibia 55.747 -0 0
rfoot -3.7846 5.83699 1.11926
rtoes -16.9308 0 0
lowerback 2.34945 -3.10921 -4.54242
upperback 0.50727 -4.20048 1.45076
thorax -0.496046 -2.1162 4.1153
lowerneck -7.17294 -10.0883 -2.2725
upperneck 9.54666 -13.8772 5.73612
head 4.74866 -6.59632 1.13228
lclavicle 2.08444e-14 -5.13782e-15 -3.69494e-32
lhumerus -18.9048 -42.1015 87.1846
lradius 64.061 -0 0
lwrist 25.8216 0 0
lhand -16.348 -1.69332 0.0284607
lfingers 7.12502 -0 0
lthumb 9.86345 28.0332 0.0233608
rclavicle 2.08444e-14 -5.13782e-15 -3.69494e-32
rhumerus 0.991645 3.44135 -70.481
rradius 111.433 -0 0
rwrist -38.2562 0 0
rhand -27.5844 -29.5915 -0.00514835
rfingers 7.12502 -0 0
rthumb -0.984523 -59.5694 -0.00497349
621
root 5.86844 16.2301 -2.21355 9.13266 51.496 0.839767
lfemur -20.9176 19.533 -19.6561
ltibia 56.4656 -0 0
lfoot -19.9605 7.5121 -1.14221
ltoes 0.152148 -0 0
rfemur -44.8658 -12.9549 21.5274
rtibia 55.9636 -0 0
rfoot -4.16273 5.58011 1.14224
rtoes -16.5683 0 0
lowerback 2.29001 -3.17525 -4.46989
upperback 0.459044 -4.28471 1.44187
thorax -0.512741 -2.15756 4.06446
lowerneck -7.23379 -9.98173 -2.21944
upperneck 9.39822 -13.7249 5.68659
head 4.70348 -6.52648 1.12097
lclavicle 2.07399e-14 -5.1684e-15 -3.77023e-32
lhumerus -18.7252 -42.641 87.232
lradius 64.4787 -0 0
lwrist 25.8611 0 0
lhand -16.2636 -1.66415 0.0290408
lfingers 7.12502 -0 0
lthumb 9.94484 28.058 0.0238369
rclavicle 2.07399e-14 -5.1684e-15 -3.77023e-32
rhumerus 0.0706595 2.99377 -70.2684
rradius 110.579 -0 0
rwrist -37.9141 0 0
rhand -27.5832 -29.9455 -0.00525372
rfingers 7.12502 -0 0
rthumb -0.983306 -59.9233 -0.00507528
622
root 5.85961 16.2236 -2.16804 9.37004 50.2216 0.970925
lfemur -21.0424 19.6974 -19.6815
ltibia 56.9093 -0 0
lfoot -19.514 7.29424 -1.16351
ltoes 0.16496 -0 0
rfemur -44.8964 -13.0414 21.6852
rtibia 56.1802 -0 0
rfoot -4.54096 5.32307 1.16351
rtoes -16.2058 0 0
lowerback 2.2305 -3.2412 -4.39728
upperback 0.410825 -4.36895 1.43306
thorax -0.5294 -2.19893 4.01363
lowerneck -7.29453 -9.87508 -2.1665
upperneck 9.24974 -13.5727 5.63669
head 4.65828 -6.45666 1.1096
lclavicle 2.06354e-14 -5.19898e-15 -3.83995e-32
lhumerus -18.5445 -43.1805 87.2775
lradius 64.8964 -0 0
lwrist 25.9005 0 0
lhand -16.1792 -1.63498 0.029578
lfingers 7.12502 -0 0
lthumb 10.0262 28.0828 0.0242778
rclavicle 2.06354e-14 -5.19898e-15 -3.83995e-32
rhumerus -0.851635 2.54966 -70.0488
rradius 109.724 -0 0
rwrist -37.572 0 0
rhand -27.5819 -30.2994 -0.00535129
rfingers 7.12502 -0 0
rthumb -0.982088 -60.2773 -0.00516954
623
root 5.85077 16.2172 -2.12254 9.59686 48.9469 1.09066
lfemur -21.1675 19.8617 -19.7073
ltibia 57.3529 -0 0
lfoot -19.0674 7.07621 -1.18312
ltoes 0.177771 -0 0
rfemur -44.9273 -13.1278 21.8431
rtibia 56.3969 -0 0
rfoot -4.91928 5.0659 1.18309
rtoes -15.8432 0 0
lowerback 2.17089 -3.30708 -4.3246
upperback 0.362614 -4.4532 1.42431
thorax -0.546022 -2.24032 3.96282
lowerneck -7.35514 -9.76837 -2.11369
upperneck 9.10122 -13.4206 5.58641
head 4.61308 -6.38684 1.09818
lclavicle 2.05309e-14 -5.22956e-15 -3.90409e-32
lhumerus -18.3629 -43.7201 87.321
lradius 65.3141 -0 0
lwrist 25.94 0 0
lhand -16.0948 -1.60581 0.0300721
lfingers 7.12502 -0 0
lthumb 10.1076 28.1076 0.0246834
rclavicle 2.05309e-14 -5.22956e-15 -3.90409e-32
rhumerus -1.77534 2.10914 -69.8221
rradius 108.87 -0 0
rwrist -37.2299 0 0
rhand -27.5807 -30.6534 -0.00544107
rfingers 7.12502 -0 0
rthumb -0.980869 -60.6313 -0.00525627
624
root 5.84194 16.2108 -2.07703 9.81412 47.6719 1.19995
lfemur -21.2928 20.026 -19.7335
ltibia 57.7965 -0 0
lfoot -18.6207 6.85804 -1.20102
ltoes 0.190582 -0 0
rfemur -44.9585 -13.2141 22.0011
rtibia 56.6135 -0 0
rfoot -5.29769 4.80861 1.20097
rtoes -15.4807 0 0
lowerback 2.1112 -3.37289 -4.25185
upperback 0.314411 -4.53746 1.41564
thorax -0.562608 -2.28173 3.91201
lowerneck -7.41563 -9.66161 -2.06102
upperneck 8.95266 -13.2686 5.53577
head 4.56787 -6.31704 1.0867
lclavicle 2.04264e-14 -5.26015e-15 -3.96265e-32
lhumerus -18.1802 -44.2598 87.3626
lradius 65.7318 -0 0
lwrist 25.9794 0 0
lhand -16.0104 -1.57664 0.0305233
lfingers 7.12502 -0 0
lthumb 10.189 28.1325 0.0250538
rclavicle 2.04264e-14 -5.26015e-15 -3.96265e-32
rhumerus -2.70054 1.67234 -69.5884
rradius 108.016 -0 0
rwrist -36.8878 0 0
rhand -27.5794 -31.0074 -0.00552306
rfingers 7.12502 -0 0
rthumb -0.97965 -60.9853 -0.00533547
625
root 5.8331 16.2043 -2.03153 10.0227 46.3966 1.29964
lfemur -21.4183 20.1902 -19.7602
ltibia 58.2402 -0 0
lfoot -18.1739 6.63974 -1.21723
ltoes 0.203394 -0 0
rfemur -44.9899 -13.3003 22.1592
rtibia 56.8301 -0 0
rfoot -5.67618 4.5512 1.21716
rtoes -15.1182 0 0
lowerback 2.05142 -3.43862 -4.17903
upperback 0.266214 -4.62172 1.40703
thorax -0.579158 -2.32315 3.86121
lowerneck -7.47601 -9.55479 -2.00848
upperneck 8.80405 -13.1168 5.48474
head 4.52266 -6.24724 1.07517
lclavicle 2.03219e-14 -5.29073e-15 -4.01563e-32
lhumerus -17.9963 -44.7996 87.4021
lradius 66.1495 -0 0
lwrist 26.0189 0 0
lhand -15.926 -1.54747 0.0309316
lfingers 7.12502 -0 0
lthumb 10.2704 28.1573 0.0253888
rclavicle 2.03219e-14 -5.29073e-15 -4.01563e-32
rhumerus -3.62734 1.23936 -69.3477
rradius 107.162 -0 0
rwrist -36.5457 0 0
rhand -27.5781 -31.3614 -0.00559725
rfingers 7.12502 -0 0
rthumb -0.97843 -61.3392 -0.00540714
626
root 5.82427 16.1979 -1.98602 10.2235 45.1211 1.39051
lfemur -21.544 20.3544 -19.7872
ltibia 58.6838 -0 0
lfoot -17.7271 6.42131 -1.23173
ltoes 0.216205 -0 0
rfemur -45.0216 -13.3865 22.3174
rtibia 57.0468 -0 0
rfoot -6.05474 4.29368 1.23164
rtoes -14.7557 0 0
lowerback 1.99155 -3.50427 -4.10613
upperback 0.218025 -4.70599 1.3985
thorax -0.595671 -2.36458 3.81042
lowerneck -7.53627 -9.44792 -1.95606
upperneck 8.65539 -12.9651 5.43335
head 4.47743 -6.17745 1.06358
lclavicle 2.02174e-14 -5.32131e-15 -4.06304e-32
lhumerus -17.8112 -45.3395 87.4396
lradius 66.5671 -0 0
lwrist 26.0583 0 0
lhand -15.8416 -1.51829 0.0312969
lfingers 7.12502 -0 0
lthumb 10.3518 28.1821 0.0256886
rclavicle 2.02174e-14 -5.32131e-15 -4.06304e-32
rhumerus -4.55583 0.810342 -69.1001
rradius 106.308 -0 0
rwrist -36.2036 0 0
rhand -27.5769 -31.7153 -0.00566363
rfingers 7.12502 -0 0
rthumb -0.97721 -61.6932 -0.00547127
627
root 5.81544 16.1915 -1.94052 10.4171 43.8453 1.47321
lfemur -21.67 20.5185 -19.8147
ltibia 59.1274 -0 0
lfoot -17.2802 6.20278 -1.24453
ltoes 0.229016 -0 0
rfemur -45.0536 -13.4725 22.4757
rtibia 57.2634 -0 0
rfoot -6.43336 4.03608 1.24442
rtoes -14.3931 0 0
lowerback 1.93159 -3.56985 -4.03316
upperback 0.169842 -4.79027 1.39003
thorax -0.612148 -2.40603 3.75964
lowerneck -7.59641 -9.341 -1.90378
upperneck 8.50669 -12.8136 5.38158
head 4.4322 -6.10767 1.05195
lclavicle 2.01129e-14 -5.35189e-15 -4.10487e-32
lhumerus -17.6248 -45.8795 87.4749
lradius 66.9848 -0 0
lwrist 26.0978 0 0
lhand -15.7572 -1.48912 0.0316192
lfingers 7.12502 -0 0
lthumb 10.4332 28.2069 0.0259532
rclavicle 2.01129e-14 -5.35189e-15 -4.10487e-32
rhumerus -5.48609 0.385393 -68.8456
rradius 105.454 -0 0
rwrist -35.8615 0 0
rhand -27.5756 -32.0693 -0.00572221
rfingers 7.12502 -0 0
rthumb -0.975989 -62.0472 -0.00552786
628
root 5.8066 16.185 -1.89501 10.6042 42.5694 1.54834
lfemur -21.7961 20.6825 -19.8426
ltibia 59.5711 -0 0
lfoot -16.8332 5.98415 -1.25562
ltoes 0.241828 -0 0
rfemur -45.0857 -13.5585 22.6341
rtibia 57.48 -0 0
rfoot -6.81204 3.77839 1.2555
rtoes -14.0306 0 0
lowerback 1.87154 -3.63535 -3.96011
upperback 0.121665 -4.87455 1.38164
thorax -0.628589 -2.44749 3.70888
lowerneck -7.65643 -9.23402 -1.85163
upperneck 8.35793 -12.6621 5.32944
head 4.38696 -6.0379 1.04026
lclavicle 2.00084e-14 -5.38248e-15 -4.14112e-32
lhumerus -17.4371 -46.4196 87.508
lradius 67.4025 -0 0
lwrist 26.1372 0 0
lhand -15.6728 -1.45994 0.0318985
lfingers 7.12502 -0 0
lthumb 10.5146 28.2318 0.0261825
rclavicle 2.00084e-14 -5.38248e-15 -4.14112e-32
rhumerus -6.4182 -0.035363 -68.5842
rradius 104.6 -0 0
rwrist -35.5194 0 0
rhand -27.5743 -32.4233 -0.00577299
rfingers 7.12502 -0 0
rthumb -0.974769 -62.4012 -0.00557691
629
root 5.79777 16.1786 -1.8495 10.7853 41.2933 1.61645
lfemur -21.9225 20.8465 -19.8708
ltibia 60.0147 -0 0
lfoot -16.3863 5.76544 -1.26501
ltoes 0.254639 -0 0
rfemur -45.1182 -13.6444 22.7926
rtibia 57.6967 -0 0
rfoot -7.19076 3.52064 1.26487
rtoes -13.6681 0 0
lowerback 1.81141 -3.70077 -3.88699
upperback 0.0734953 -4.95884 1.37331
thorax -0.644993 -2.48897 3.65812
lowerneck -7.71633 -9.12699 -1.7996
upperneck 8.20912 -12.5108 5.27693
head 4.34171 -5.96814 1.02851
lclavicle 1.99039e-14 -5.41306e-15 -4.17179e-32
lhumerus -17.2479 -46.9597 87.5388
lradius 67.8202 -0 0
lwrist 26.1767 0 0
lhand -15.5884 -1.43077 0.0321348
lfingers 7.12502 -0 0
lthumb 10.596 28.2566 0.0263764
rclavicle 1.99039e-14 -5.41306e-15 -4.17179e-32
rhumerus -7.35226 -0.451807 -68.316
rradius 103.746 -0 0
rwrist -35.1773 0 0
rhand -27.5731 -32.7772 -0.00581596
rfingers 7.12502 -0 0
rthumb -0.973548 -62.7551 -0.00561842
630
root 5.78894 16.1722 -1.804 10.9611 40.0171 1.67799
lfemur -22.0491 21.0104 -19.8995
ltibia 60.4584 -0 0
lfoot -15.9393 5.54667 -1.2727
ltoes 0.26745 -0 0
rfemur -45.1509 -13.7302 22.9512
rtibia 57.9133 -0 0
rfoot -7.56953 3.26283 1.27254
rtoes -13.3055 0 0
lowerback 1.75119 -3.76612 -3.81379
upperback 0.0253313 -5.04314 1.36506
thorax -0.661362 -2.53046 3.60738
lowerneck -7.77612 -9.01991 -1.74771
upperneck 8.06025 -12.3597 5.22405
head 4.29645 -5.89839 1.01671
lclavicle 1.97995e-14 -5.44364e-15 -4.19689e-32
lhumerus -17.0572 -47.4999 87.5673
lradius 68.2379 -0 0
lwrist 26.2161 0 0
lhand -15.504 -1.40159 0.0323282
lfingers 7.12502 -0 0
lthumb 10.6774 28.2814 0.0265352
rclavicle 1.97995e-14 -5.44364e-15 -4.19689e-32
rhumerus -8.28833 -0.863818 -68.041
rradius 102.892 -0 0
rwrist -34.8352 0 0
rhand -27.5718 -33.1312 -0.00585111
rfingers 7.12502 -0 0
rthumb -0.972326 -63.1091 -0.00565238
631
root 5.7801 16.1657 -1.75849 11.1319 38.7407 1.7334
lfemur -22.1759 21.1743 -19.9287
ltibia 60.902 -0 0
lfoot -15.4922 5.32784 -1.27867
ltoes 0.280262 -0 0
rfemur -45.1839 -13.8159 23.11
rtibia 58.1299 -0 0
rfoot -7.94832 3.00497 1.27851
rtoes -12.943 0 0
lowerback 1.69088 -3.83139 -3.74052
upperback -0.0228268 -5.12745 1.35687
thorax -0.677694 -2.57197 3.55664
lowerneck -7.8358 -8.91277 -1.69594
upperneck 7.91133 -12.2086 5.17079
head 4.25118 -5.82865 1.00486
lclavicle 1.9695e-14 -5.47422e-15 -4.21641e-32
lhumerus -16.865 -48.0402 87.5935
lradius 68.6556 -0 0
lwrist 26.2556 0 0
lhand -15.4196 -1.37242 0.0324786
lfingers 7.12502 -0 0
lthumb 10.7588 28.3063 0.0266586
rclavicle 1.9695e-14 -5.47422e-15 -4.21641e-32
rhumerus -9.22649 -1.27128 -67.7593
rradius 102.038 -0 0
rwrist -34.4931 0 0
rhand -27.5705 -33.4852 -0.00587846
rfingers 7.12502 -0 0
rthumb -0.971105 -63.4631 -0.0056788
632
root 5.77127 16.1593 -1.71299 11.2982 37.4642 1.78306
lfemur -22.303 21.3381 -19.9582
ltibia 61.3456 -0 0
lfoot -15.0452 5.10897 -1.28294
ltoes 0.293073 -0 0
rfemur -45.2171 -13.9015 23.2688
rtibia 58.3466 -0 0
rfoot -8.32714 2.74708 1.28277
rtoes -12.5805 0 0
lowerback 1.63048 -3.89658 -3.66718
upperback -0.0709793 -5.21176 1.34876
thorax -0.69399 -2.61349 3.50591
lowerneck -7.89535 -8.80558 -1.64431
upperneck 7.76235 -12.0577 5.11717
head 4.20591 -5.75892 0.99295
lclavicle 1.95905e-14 -5.50481e-15 -4.23036e-32
lhumerus -16.671 -48.5805 87.6171
lradius 69.0733 -0 0
lwrist 26.295 0 0
lhand -15.3352 -1.34324 0.0325861
lfingers 7.12502 -0 0
lthumb 10.8402 28.3311 0.0267468
rclavicle 1.95905e-14 -5.50481e-15 -4.23036e-32
rhumerus -10.1668 -1.67407 -67.4709
rradius 101.184 -0 0
rwrist -34.151 0 0
rhand -27.5693 -33.8392 -0.00589799
rfingers 7.12502 -0 0
rthumb -0.969883 -63.8171 -0.00569767
633
root 5.76243 16.1529 -1.66748 11.4603 36.1876 1.8273
lfemur -22.4303 21.5019 -19.9882
ltibia 61.7893 -0 0
lfoot -14.5981 4.89007 -1.2855
ltoes 0.305884 -0 0
rfemur -45.2506 -13.987 23.4278
rtibia 58.5632 -0 0
rfoot -8.70598 2.48917 1.28533
rtoes -12.2179 0 0
lowerback 1.57 -3.9617 -3.59376
upperback -0.119126 -5.29608 1.34072
thorax -0.710249 -2.65502 3.4552
lowerneck -7.9548 -8.69833 -1.5928
upperneck 7.6133 -11.907 5.06317
head 4.16062 -5.68919 0.980988
lclavicle 1.9486e-14 -5.53539e-15 -4.23872e-32
lhumerus -16.4753 -49.1209 87.6382
lradius 69.491 -0 0
lwrist 26.3345 0 0
lhand -15.2508 -1.31407 0.0326505
lfingers 7.12502 -0 0
lthumb 10.9216 28.3559 0.0267997
rclavicle 1.9486e-14 -5.53539e-15 -4.23872e-32
rhumerus -11.1094 -2.07206 -67.1758
rradius 100.329 -0 0
rwrist -33.8089 0 0
rhand -27.568 -34.1931 -0.00590971
rfingers 7.12502 -0 0
rthumb -0.968661 -64.171 -0.00570899
634
root 5.7536 16.1465 -1.62197 11.6187 34.9109 1.86644
lfemur -22.5578 21.6655 -20.0186
ltibia 62.2329 -0 0
lfoot -14.151 4.67116 -1.28636
ltoes 0.318695 -0 0
rfemur -45.2843 -14.0725 23.5869
rtibia 58.7799 -0 0
rfoot -9.08482 2.23125 1.28618
rtoes -11.8554 0 0
lowerback 1.50942 -4.02674 -3.52027
upperback -0.167268 -5.38041 1.33274
thorax -0.726472 -2.69657 3.40449
lowerneck -8.01412 -8.59103 -1.54141
upperneck 7.4642 -11.7564 5.0088
head 4.11533 -5.61948 0.968973
lclavicle 1.93815e-14 -5.56597e-15 -4.24151e-32
lhumerus -16.2778 -49.6613 87.6567
lradius 69.9087 -0 0
lwrist 26.3739 0 0
lhand -15.1665 -1.28489 0.032672
lfingers 7.12502 -0 0
lthumb 11.003 28.3808 0.0268174
rclavicle 1.93815e-14 -5.56597e-15 -4.24151e-32
rhumerus -12.0542 -2.46515 -66.8742
rradius 99.4754 -0 0
rwrist -33.4668 0 0
rhand -27.5667 -34.5471 -0.00591362
rfingers 7.12502 -0 0
rthumb -0.967439 -64.525 -0.00571277
635
root 5.74477 16.14 -1.57647 11.7737 33.6342 1.90075
lfemur -22.6856 21.8292 -20.0494
ltibia 62.6765 -0 0
lfoot -13.704 4.45225 -1.2855
ltoes 0.331507 -0 0
rfemur -45.3183 -14.1578 23.746
rtibia 58.9965 -0 0
rfoot -9.46367 1.97332 1.28533
rtoes -11.4929 0 0
lowerback 1.44876 -4.0917 -3.4467
upperback -0.215405 -5.46474 1.32484
thorax -0.742659 -2.73814 3.3538
lowerneck -8.07334 -8.48368 -1.49016
upperneck 7.31503 -11.6059 4.95406
head 4.07002 -5.54978 0.956904
lclavicle 1.9277e-14 -5.59655e-15 -4.23872e-32
lhumerus -16.0783 -50.2018 87.6725
lradius 70.3263 -0 0
lwrist 26.4133 0 0
lhand -15.0821 -1.25572 0.0326505
lfingers 7.12502 -0 0
lthumb 11.0844 28.4056 0.0267997
rclavicle 1.9277e-14 -5.59655e-15 -4.23872e-32
rhumerus -13.0014 -2.8532 -66.566
rradius 98.6213 -0 0
rwrist -33.1246 0 0
rhand -27.5655 -34.9011 -0.00590971
rfingers 7.12502 -0 0
rthumb -0.966218 -64.879 -0.00570899
636
root 5.73593 16.1336 -1.53096 11.9255 32.3573 1.93048
lfemur -22.8136 21.9927 -20.0807
ltibia 63.1202 -0 0
lfoot -13.2569 4.23335 -1.28294
ltoes 0.344318 -0 0
rfemur -45.3525 -14.2431 23.9053
rtibia 59.2131 -0 0
rfoot -9.84251 1.71541 1.28277
rtoes -11.1304 0 0
lowerback 1.38801 -4.15658 -3.37306
upperback -0.263536 -5.54908 1.317
thorax -0.75881 -2.77972 3.30311
lowerneck -8.13244 -8.37628 -1.43903
upperneck 7.16579 -11.4555 4.89896
head 4.02471 -5.48008 0.944781
lclavicle 1.91725e-14 -5.62713e-15 -4.23036e-32
lhumerus -15.8767 -50.7422 87.6856
lradius 70.744 -0 0
lwrist 26.4528 0 0
lhand -14.9977 -1.22654 0.0325861
lfingers 7.12502 -0 0
lthumb 11.1658 28.4304 0.0267468
rclavicle 1.91725e-14 -5.62713e-15 -4.23036e-32
rhumerus -13.9511 -3.23611 -66.2513
rradius 97.7672 -0 0
rwrist -32.7825 0 0
rhand -27.5642 -35.255 -0.00589799
rfingers 7.12502 -0 0
rthumb -0.964996 -65.2329 -0.00569767
637
root 5.7271 16.1272 -1.48546 12.0745 31.0804 1.95586
lfemur -22.9419 22.1562 -20.1124
ltibia 63.5638 -0 0
lfoot -12.8098 4.01448 -1.27867
ltoes 0.357129 -0 0
rfemur -45.387 -14.3282 24.0647
rtibia 59.4298 -0 0
rfoot -10.2213 1.45752 1.27851
rtoes -10.7678 0 0
lowerback 1.32717 -4.22139 -3.29934
upperback -0.311663 -5.63342 1.30924
thorax -0.774925 -2.82131 3.25244
lowerneck -8.19143 -8.26883 -1.38802
upperneck 7.01648 -11.3053 4.84348
head 3.97939 -5.41039 0.932604
lclavicle 1.9068e-14 -5.65772e-15 -4.21641e-32
lhumerus -15.673 -51.2828 87.6957
lradius 71.1617 -0 0
lwrist 26.4922 0 0
lhand -14.9133 -1.19737 0.0324786
lfingers 7.12502 -0 0
lthumb 11.2471 28.4552 0.0266586
rclavicle 1.9068e-14 -5.65772e-15 -4.21641e-32
rhumerus -14.9032 -3.61375 -65.9302
rradius 96.9131 -0 0
rwrist -32.4404 0 0
rhand -27.563 -35.609 -0.00587846
rfingers 7.12502 -0 0
rthumb -0.963774 -65.5869 -0.0056788
638
root 5.71826 16.1207 -1.43995 12.2209 29.8035 1.97707
lfemur -23.0704 22.3197 -20.1445
ltibia 64.0074 -0 0
lfoot -12.3628 3.79565 -1.2727
ltoes 0.369941 -0 0
rfemur -45.4218 -14.4133 24.2243
rtibia 59.6464 -0 0
rfoot -10.6001 1.19966 1.27254
rtoes -10.4053 0 0
lowerback 1.26624 -4.28612 -3.22555
upperback -0.359786 -5.71777 1.30155
thorax -0.791003 -2.86292 3.20177
lowerneck -8.2503 -8.16132 -1.33714
upperneck 6.8671 -11.1553 4.78763
head 3.93406 -5.34072 0.920373
lclavicle 1.89635e-14 -5.6883e-15 -4.19689e-32
lhumerus -15.4669 -51.8233 87.7028
lradius 71.5794 -0 0
lwrist 26.5317 0 0
lhand -14.8289 -1.16819 0.0323282
lfingers 7.12502 -0 0
lthumb 11.3285 28.4801 0.0265352
rclavicle 1.89635e-14 -5.6883e-15 -4.19689e-32
rhumerus -15.8578 -3.986 -65.6027
rradius 96.059 -0 0
rwrist -32.0983 0 0
rhand -27.5617 -35.963 -0.00585111
rfingers 7.12502 -0 0
rthumb -0.962553 -65.9409 -0.00565238
639
root 5.70943 16.1143 -1.39445 12.365 28.5265 1.99431
lfemur -23.1991 22.483 -20.177
ltibia 64.4511 -0 0
lfoot -11.9158 3.57688 -1.26501
ltoes 0.382752 -0 0
rfemur -45.4568 -14.4983 24.3839
rtibia 59.863 -0 0
rfoot -10.9789 0.94185 1.26487
rtoes -10.0428 0 0
lowerback 1.20522 -4.35077 -3.15168
upperback -0.407904 -5.80213 1.29392
thorax -0.807045 -2.90454 3.15111
lowerneck -8.30907 -8.05376 -1.28639
upperneck 6.71766 -11.0054 4.73141
head 3.88871 -5.27105 0.908088
lclavicle 1.88591e-14 -5.71888e-15 -4.17179e-32
lhumerus -15.2585 -52.3638 87.7068
lradius 71.9971 -0 0
lwrist 26.5711 0 0
lhand -14.7445 -1.13902 0.0321348
lfingers 7.12502 -0 0
lthumb 11.4099 28.5049 0.0263764
rclavicle 1.88591e-14 -5.71888e-15 -4.17179e-32
rhumerus -16.815 -4.35275 -65.2689
rradius 95.2049 -0 0
rwrist -31.7562 0 0
rhand -27.5604 -36.317 -0.00581596
rfingers 7.12502 -0 0
rthumb -0.961331 -66.2949 -0.00561842
640
root 5.7006 16.1079 -1.34894 12.5069 27.2494 2.00774
lfemur -23.3281 22.6463 -20.21
ltibia 64.8947 -0 0
lfoot -11.4688 3.35817 -1.25562
ltoes 0.395563 -0 0
rfemur -45.4921 -14.5832 24.5436
rtibia 60.0797 -0 0
rfoot -11.3576 0.684096 1.2555
rtoes -9.68023 0 0
lowerback 1.14412 -4.41534 -3.07774
upperback -0.456019 -5.8865 1.28637
thorax -0.823051 -2.94617 3.10047
lowerneck -8.36772 -7.94615 -1.23576
upperneck 6.56813 -10.8556 4.67483
head 3.84336 -5.2014 0.895749
lclavicle 1.87546e-14 -5.74946e-15 -4.14112e-32
lhumerus -15.0476 -52.9044 87.7077
lradius 72.4148 -0 0
lwrist 26.6106 0 0
lhand -14.6601 -1.10984 0.0318985
lfingers 7.12502 -0 0
lthumb 11.4913 28.5297 0.0261825
rclavicle 1.87546e-14 -5.74946e-15 -4.14112e-32
rhumerus -17.7748 -4.71388 -64.9288
rradius 94.3508 -0 0
rwrist -31.4141 0 0
rhand -27.5592 -36.6709 -0.00577299
rfingers 7.12502 -0 0
rthumb -0.96011 -66.6488 -0.00557691
641
root 5.69176 16.1014 -1.30343 12.6469 25.9724 2.0175
lfemur -23.4574 22.8095 -20.2434
ltibia 65.3384 -0 0
lfoot -11.0219 3.13954 -1.24453
ltoes 0.408375 -0 0
rfemur -45.5277 -14.668 24.7035
rtibia 60.2963 -0 0
rfoot -11.7363 0.426412 1.24442
rtoes -9.3177 0 0
lowerback 1.08292 -4.47983 -3.00372
upperback -0.504129 -5.97087 1.27888
thorax -0.83902 -2.98782 3.04983
lowerneck -8.42626 -7.83849 -1.18526
upperneck 6.41853 -10.706 4.61787
head 3.798 -5.13175 0.883357
lclavicle 1.86501e-14 -5.78005e-15 -4.10487e-32
lhumerus -14.834 -53.4449 87.7052
lradius 72.8325 -0 0
lwrist 26.65 0 0
lhand -14.5757 -1.08067 0.0316192
lfingers 7.12502 -0 0
lthumb 11.5727 28.5546 0.0259532
rclavicle 1.86501e-14 -5.78005e-15 -4.10487e-32
rhumerus -18.7372 -5.06927 -64.5825
rradius 93.4967 -0 0
rwrist -31.072 0 0
rhand -27.5579 -37.0249 -0.00572221
rfingers 7.12502 -0 0
rthumb -0.95889 -67.0028 -0.00552786
642
root 5.68293 16.095 -1.25793 12.7852 24.6953 2.02372
lfemur -23.5869 22.9727 -20.2773
ltibia 65.782 -0 0
lfoot -10.575 2.92101 -1.23173
ltoes 0.421186 -0 0
rfemur -45.5634 -14.7526 24.8635
rtibia 60.5129 -0 0
rfoot -12.1149 0.168807 1.23164
rtoes -8.95517 0 0
lowerback 1.02164 -4.54424 -2.92962
upperback -0.552236 -6.05525 1.27147
thorax -0.854953 -3.02949 2.99921
lowerneck -8.48469 -7.73078 -1.13488
upperneck 6.26885 -10.5565 4.56055
head 3.75263 -5.06211 0.87091
lclavicle 1.85456e-14 -5.81063e-15 -4.06304e-32
lhumerus -14.6175 -53.9855 87.6992
lradius 73.2502 -0 0
lwrist 26.6895 0 0
lhand -14.4913 -1.05149 0.0312969
lfingers 7.12502 -0 0
lthumb 11.6541 28.5794 0.0256886
rclavicle 1.85456e-14 -5.81063e-15 -4.06304e-32
rhumerus -19.7024 -5.41881 -64.23
rradius 92.6426 -0 0
rwrist -30.7299 0 0
rhand -27.5566 -37.3789 -0.00566363
rfingers 7.12502 -0 0
rthumb -0.957669 -67.3568 -0.00547127
643
root 5.6741 16.0886 -1.21242 12.922 23.4182 2.02652
lfemur -23.7167 23.1358 -20.3116
ltibia 66.2256 -0 0
lfoot -10.1282 2.70258 -1.21723
ltoes 0.433997 -0 0
rfemur -45.5995 -14.8372 25.0236
rtibia 60.7296 -0 0
rfoot -12.4935 -0.088706 1.21716
rtoes -8.59264 0 0
lowerback 0.960264 -4.60857 -2.85545
upperback -0.60034 -6.13963 1.26413
thorax -0.87085 -3.07116 2.94859
lowerneck -8.54301 -7.62302 -1.08462
upperneck 6.1191 -10.4072 4.50285
head 3.70725 -4.99249 0.858409
lclavicle 1.84411e-14 -5.84121e-15 -4.01563e-32
lhumerus -14.3982 -54.526 87.6896
lradius 73.6678 -0 0
lwrist 26.7289 0 0
lhand -14.4069 -1.02232 0.0309316
lfingers 7.12502 -0 0
lthumb 11.7355 28.6042 0.0253888
rclavicle 1.84411e-14 -5.84121e-15 -4.01563e-32
rhumerus -20.6702 -5.76238 -63.8715
rradius 91.7885 -0 0
rwrist -30.3878 0 0
rhand -27.5554 -37.7328 -0.00559725
rfingers 7.12502 -0 0
rthumb -0.956449 -67.7108 -0.00540714
644
root 5.66526 16.0821 -1.16692 13.0575 22.1411 2.02601
lfemur -23.8467 23.2988 -20.3464
ltibia 66.6693 -0 0
lfoot -9.68141 2.48428 -1.20102
ltoes 0.446809 -0 0
rfemur -45.6358 -14.9217 25.1838
rtibia 60.9462 -0 0
rfoot -12.872 -0.346116 1.20097
rtoes -8.23011 0 0
lowerback 0.898802 -4.67283 -2.78121
upperback -0.64844 -6.22402 1.25685
thorax -0.886711 -3.11285 2.89798
lowerneck -8.60122 -7.51521 -1.03449
upperneck 5.96926 -10.258 4.44479
head 3.66185 -4.92287 0.845854
lclavicle 1.83366e-14 -5.87179e-15 -3.96265e-32
lhumerus -14.1757 -55.0665 87.6763
lradius 74.0855 -0 0
lwrist 26.7684 0 0
lhand -14.3225 -0.993146 0.0305233
lfingers 7.12502 -0 0
lthumb 11.8169 28.629 0.0250538
rclavicle 1.83366e-14 -5.87179e-15 -3.96265e-32
rhumerus -21.6408 -6.09986 -63.507
rradius 90.9344 -0 0
rwrist -30.0457 0 0
rhand -27.5541 -38.0868 -0.00552306
rfingers 7.12502 -0 0
rthumb -0.955229 -68.0647 -0.00533547
645
root 5.65643 16.0757 -1.12141 13.1918 20.864 2.02227
lfemur -23.977 23.4617 -20.3816
ltibia 67.1129 -0 0
lfoot -9.23471 2.26611 -1.18312
ltoes 0.45962 -0 0
rfemur -45.6724 -15.0061 25.3441
rtibia 61.1628 -0 0
rfoot -13.2504 -0.603413 1.18309
rtoes -7.86758 0 0
lowerback 0.83725 -4.737 -2.70688
upperback -0.696538 -6.30841 1.24965
thorax -0.902535 -3.15456 2.84738
lowerneck -8.65932 -7.40735 -0.984478
upperneck 5.81933 -10.109 4.38635
head 3.61645 -4.85326 0.833245
lclavicle 1.82321e-14 -5.90238e-15 -3.90409e-32
lhumerus -13.95 -55.6069 87.6591
lradius 74.5032 -0 0
lwrist 26.8078 0 0
lhand -14.2381 -0.963974 0.0300721
lfingers 7.12502 -0 0
lthumb 11.8983 28.6539 0.0246834
rclavicle 1.82321e-14 -5.90238e-15 -3.90409e-32
rhumerus -22.6141 -6.43114 -63.1365
rradius 90.0803 -0 0
rwrist -29.7036 0 0
rhand -27.5528 -38.4408 -0.00544107
rfingers 7.12502 -0 0
rthumb -0.95401 -68.4187 -0.00525627
646
root 5.64759 16.0693 -1.07591 13.325 19.587 2.01538
lfemur -24.1076 23.6246 -20.4172
ltibia 67.5565 -0 0
lfoot -8.78808 2.04808 -1.16351
ltoes 0.472431 -0 0
rfemur -45.7092 -15.0904 25.5046
rtibia 61.3795 -0 0
rfoot -13.6287 -0.860583 1.16351
rtoes -7.50505 0 0
lowerback 0.77561 -4.8011 -2.63249
upperback -0.744632 -6.39282 1.24252
thorax -0.918323 -3.19628 2.7968
lowerneck -8.71731 -7.29943 -0.93459
upperneck 5.66933 -9.9601 4.32755
head 3.57103 -4.78366 0.820582
lclavicle 1.81276e-14 -5.93296e-15 -3.83995e-32
lhumerus -13.7207 -56.1474 87.6379
lradius 74.9209 -0 0
lwrist 26.8473 0 0
lhand -14.1537 -0.934802 0.029578
lfingers 7.12502 -0 0
lthumb 11.9797 28.6787 0.0242778
rclavicle 1.81276e-14 -5.93296e-15 -3.83995e-32
rhumerus -23.5903 -6.75612 -62.7602
rradius 89.2262 -0 0
rwrist -29.3615 0 0
rhand -27.5516 -38.7948 -0.00535129
rfingers 7.12502 -0 0
rthumb -0.952791 -68.7727 -0.00516954
647
root 5.63876 16.0628 -1.0304 13.4574 18.3099 2.00541
lfemur -24.2385 23.7874 -20.4533
ltibia 68.0002 -0 0
lfoot -8.34153 1.83022 -1.14221
ltoes 0.485243 -0 0
rfemur -45.7463 -15.1746 25.6652
rtibia 61.5961 -0 0
rfoot -14.0069 -1.11762 1.14224
rtoes -7.14252 0 0
lowerback 0.71388 -4.86511 -2.55801
upperback -0.792724 -6.47722 1.23545
thorax -0.934075 -3.23801 2.74622
lowerneck -8.77519 -7.19147 -0.884824
upperneck 5.51923 -9.81137 4.26838
head 3.52561 -4.71408 0.807864
lclavicle 1.80231e-14 -5.96354e-15 -3.77023e-32
lhumerus -13.4879 -56.6877 87.6124
lradius 75.3386 -0 0
lwrist 26.8867 0 0
lhand -14.0693 -0.905631 0.0290408
lfingers 7.12502 -0 0
lthumb 12.0611 28.7035 0.0238369
rclavicle 1.80231e-14 -5.96354e-15 -3.77023e-32
rhumerus -24.5692 -7.07466 -62.3781
rradius 88.3721 -0 0
rwrist -29.0194 0 0
rhand -27.5503 -39.1487 -0.00525372
rfingers 7.12502 -0 0
rthumb -0.951573 -69.1267 -0.00507528
648
root 5.62993 16.0564 -0.984894 13.5891 17.0329 1.99244
lfemur -24.3696 23.9501 -20.4898
ltibia 68.4438 -0 0
lfoot -7.89508 1.61253 -1.11921
ltoes 0.498054 -0 0
rfemur -45.7837 -15.2587 25.8259
rtibia 61.8127 -0 0
rfoot -14.385 -1.3745 1.11926
rtoes -6.77999 0 0
lowerback 0.652061 -4.92905 -2.48346
upperback -0.840814 -6.56164 1.22846
thorax -0.949791 -3.27976 2.69565
lowerneck -8.83296 -7.08346 -0.83518
upperneck 5.36905 -9.6628 4.20884
head 3.48017 -4.6445 0.795093
lclavicle 1.79186e-14 -5.99412e-15 -3.69494e-32
lhumerus -13.2512 -57.228 87.5824
lradius 75.7563 -0 0
lwrist 26.9262 0 0
lhand -13.9849 -0.876461 0.0284607
lfingers 7.12502 -0 0
lthumb 12.1425 28.7283 0.0233608
rclavicle 1.79186e-14 -5.99412e-15 -3.69494e-32
rhumerus -25.5509 -7.38667 -61.9903
rradius 87.518 -0 0
rwrist -28.6773 0 0
rhand -27.5491 -39.5027 -0.00514835
rfingers 7.12502 -0 0
rthumb -0.950356 -69.4806 -0.00497349
649
root 5.62109 16.05 -0.939388 13.7203 15.7559 1.97649
lfemur -24.501 24.1127 -20.5268
ltibia 68.8874 -0 0
lfoot -7.44871 1.39503 -1.09451
ltoes 0.510865 -0 0
rfemur -45.8213 -15.3427 25.9867
rtibia 62.0294 -0 0
rfoot -14.7631 -1.63123 1.0946
rtoes -6.41746 0 0
lowerback 0.590152 -4.99291 -2.40883
upperback -0.888901 -6.64606 1.22154
thorax -0.965471 -3.32152 2.64509
lowerneck -8.89063 -6.97539 -0.785657
upperneck 5.21877 -9.51438 4.14894
head 3.43473 -4.57493 0.782268
lclavicle 1.78142e-14 -6.0247e-15 -3.61407e-32
lhumerus -13.0104 -57.7683 87.5479
lradius 76.174 -0 0
lwrist 26.9656 0 0
lhand -13.9006 -0.847292 0.0278376
lfingers 7.12502 -0 0
lthumb 12.2239 28.7532 0.0228493
rclavicle 1.78142e-14 -6.0247e-15 -3.61407e-32
rhumerus -26.5354 -7.69203 -61.5968
rradius 86.6639 -0 0
rwrist -28.3352 0 0
rhand -27.5478 -39.8567 -0.00503521
rfingers 7.12502 -0 0
rthumb -0.949139 -69.8346 -0.00486419
650
root 5.61226 16.0435 -0.893883 13.851 14.4789 1.95762
lfemur -24.6327 24.2753 -20.5643
ltibia 69.3311 -0 0
lfoot -7.00245 1.17774 -1.06812
ltoes 0.523676 -0 0
rfemur -45.8591 -15.4266 26.1476
rtibia 62.246 -0 0
rfoot -15.141 -1.88779 1.06824
rtoes -6.05493 0 0
lowerback 0.528154 -5.05668 -2.33413
upperback -0.936987 -6.73048 1.21469
thorax -0.981114 -3.36329 2.59454
lowerneck -8.94819 -6.86728 -0.736255
upperneck 5.06841 -9.36612 4.08866
head 3.38927 -4.50538 0.769388
lclavicle 1.77097e-14 -6.05529e-15 -3.52762e-32
lhumerus -12.7654 -58.3084 87.5085
lradius 76.5917 -0 0
lwrist 27.0051 0 0
lhand -13.8162 -0.818124 0.0271716
lfingers 7.12502 -0 0
lthumb 12.3053 28.778 0.0223027
rclavicle 1.77097e-14 -6.05529e-15 -3.52762e-32
rhumerus -27.5228 -7.99064 -61.1979
rradius 85.8099 -0 0
rwrist -27.9931 0 0
rhand -27.5465 -40.2106 -0.00491428
rfingers 7.12502 -0 0
rthumb -0.947923 -70.1886 -0.00474737
651
root 5.60342 16.0371 -0.848377 13.9815 13.202 1.93587
lfemur -24.7647 24.4377 -20.6022
ltibia 69.7747 -0 0
lfoot -6.55629 0.960651 -1.04004
ltoes 0.536488 -0 0
rfemur -45.8973 -15.5104 26.3087
rtibia 62.4626 -0 0
rfoot -15.5187 -2.14416 1.04019
rtoes -5.6924 0 0
lowerback 0.466066 -5.12037 -2.25935
upperback -0.98507 -6.81491 1.2079
thorax -0.996721 -3.40508 2.544
lowerneck -9.00564 -6.75912 -0.686973
upperneck 4.91794 -9.21801 4.02801
head 3.3438 -4.43583 0.756455
lclavicle 1.76052e-14 -6.08587e-15 -3.4356e-32
lhumerus -12.5158 -58.8485 87.464
lradius 77.0094 -0 0
lwrist 27.0445 0 0
lhand -13.7318 -0.788957 0.0264626
lfingers 7.12502 -0 0
lthumb 12.3867 28.8028 0.0217207
rclavicle 1.76052e-14 -6.08587e-15 -3.4356e-32
rhumerus -28.5129 -8.28238 -60.7935
rradius 84.9558 -0 0
rwrist -27.651 0 0
rhand -27.5453 -40.5646 -0.00478558
rfingers 7.12502 -0 0
rthumb -0.946707 -70.5426 -0.00462304
652
root 5.59459 16.0307 -0.802871 14.1117 11.9251 1.91125
lfemur -24.897 24.6001 -20.6406
ltibia 70.2183 -0 0
lfoot -6.11025 0.743793 -1.01027
ltoes 0.549299 -0 0
rfemur -45.9356 -15.5941 26.4698
rtibia 62.6793 -0 0
rfoot -15.8964 -2.40034 1.01045
rtoes -5.32987 0 0
lowerback 0.403888 -5.18399 -2.18449
upperback -1.03315 -6.89935 1.20119
thorax -1.01229 -3.44689 2.49346
lowerneck -9.06298 -6.65091 -0.637812
upperneck 4.76739 -9.07006 3.967
head 3.29832 -4.36629 0.743467
lclavicle 1.75007e-14 -6.11645e-15 -3.33799e-32
lhumerus -12.2615 -59.3884 87.4142
lradius 77.427 -0 0
lwrist 27.084 0 0
lhand -13.6474 -0.759791 0.0257106
lfingers 7.12502 -0 0
lthumb 12.4681 28.8276 0.0211035
rclavicle 1.75007e-14 -6.11645e-15 -3.33799e-32
rhumerus -29.5059 -8.56715 -60.3838
rradius 84.1017 -0 0
rwrist -27.3089 0 0
rhand -27.544 -40.9186 -0.00464911
rfingers 7.12502 -0 0
rthumb -0.945492 -70.8965 -0.0044912
653
root 5.58576 16.0242 -0.757365 14.242 10.6483 1.88378
lfemur -25.0296 24.7625 -20.6794
ltibia 70.662 -0 0
lfoot -5.66433 0.527176 -0.978815
ltoes 0.56211 -0 0
rfemur -45.9743 -15.6777 26.6312
rtibia 62.8959 -0 0
rfoot -16.2739 -2.65632 0.979022
rtoes -4.96734 0 0
lowerback 0.341621 -5.24752 -2.10956
upperback -1.08123 -6.98379 1.19455
thorax -1.02783 -3.4887 2.44294
lowerneck -9.12022 -6.54265 -0.58877
upperneck 4.61673 -8.92227 3.90562
head 3.25282 -4.29677 0.730425
lclavicle 1.73962e-14 -6.14703e-15 -3.23481e-32
lhumerus -12.002 -59.9282 87.3588
lradius 77.8447 -0 0
lwrist 27.1234 0 0
lhand -13.563 -0.730626 0.0249157
lfingers 7.12502 -0 0
lthumb 12.5494 28.8525 0.0204511
rclavicle 1.73962e-14 -6.14703e-15 -3.23481e-32
rhumerus -30.5016 -8.84485 -59.9688
rradius 83.2476 -0 0
rwrist -26.9668 0 0
rhand -27.5428 -41.2726 -0.00450487
rfingers 7.12502 -0 0
rthumb -0.944279 -71.2505 -0.00435186
654
root 5.57692 16.0178 -0.71186 14.3724 9.37159 1.85348
lfemur -25.1624 24.9247 -20.7187
ltibia 71.1056 -0 0
lfoot -5.21853 0.310812 -0.945674
ltoes 0.574922 -0 0
rfemur -46.0132 -15.7611 26.7926
rtibia 63.1125 -0 0
rfoot -16.6512 -2.91208 0.94591
rtoes -4.60481 0 0
lowerback 0.279264 -5.31097 -2.03455
upperback -1.12931 -7.06824 1.18798
thorax -1.04332 -3.53053 2.39243
lowerneck -9.17736 -6.43434 -0.539848
upperneck 4.46598 -8.77464 3.84387
head 3.20732 -4.22725 0.717329
lclavicle 1.72917e-14 -6.17762e-15 -3.12606e-32
lhumerus -11.7373 -60.4679 87.2975
lradius 78.2624 -0 0
lwrist 27.1629 0 0
lhand -13.4786 -0.701462 0.0240778
lfingers 7.12502 -0 0
lthumb 12.6308 28.8773 0.0197633
rclavicle 1.72917e-14 -6.17762e-15 -3.12606e-32
rhumerus -31.5001 -9.11536 -59.5487
rradius 82.3935 -0 0
rwrist -26.6247 0 0
rhand -27.5415 -41.6265 -0.00435287
rfingers 7.12502 -0 0
rthumb -0.943066 -71.6045 -0.00420503
655
root 5.56809 16.0114 -0.666354 14.503 8.09492 1.82035
lfemur -25.2956 25.0869 -20.7585
ltibia 71.5493 -0 0
lfoot -4.77287 0.0947146 -0.910851
ltoes 0.587733 -0 0
rfemur -46.0524 -15.8445 26.9541
rtibia 63.3292 -0 0
rfoot -17.0284 -3.16762 0.911115
rtoes -4.24228 0 0
lowerback 0.216818 -5.37434 -1.95946
upperback -1.17739 -7.15269 1.18147
thorax -1.05879 -3.57237 2.34192
lowerneck -9.23438 -6.32599 -0.491045
upperneck 4.31512 -8.62717 3.78175
head 3.1618 -4.15775 0.704179
lclavicle 1.71872e-14 -6.2082e-15 -3.01172e-32
lhumerus -11.4668 -61.0075 87.23
lradius 78.6801 -0 0
lwrist 27.2023 0 0
lhand -13.3942 -0.6723 0.023197
lfingers 7.12502 -0 0
lthumb 12.7122 28.9021 0.0190404
rclavicle 1.71872e-14 -6.2082e-15 -3.01172e-32
rhumerus -32.5013 -9.3786 -59.1236
rradius 81.5394 -0 0
rwrist -26.2826 0 0
rhand -27.5403 -41.9805 -0.00419312
rfingers 7.12502 -0 0
rthumb -0.941854 -71.9585 -0.0040507
656
root 5.55926 16.0049 -0.620848 14.634 6.81833 1.78439
lfemur -25.4291 25.2489 -20.7988
ltibia 71.9929 -0 0
lfoot -4.32734 -0.121103 -0.874349
ltoes 0.600544 -0 0
rfemur -46.0918 -15.9278 27.1158
rtibia 63.5458 -0 0
rfoot -17.4055 -3.42292 0.874638
rtoes -3.87975 0 0
lowerback 0.154281 -5.43763 -1.88429
upperback -1.22547 -7.23715 1.17504
thorax -1.07421 -3.61423 2.29142
lowerneck -9.29131 -6.21758 -0.442361
upperneck 4.16416 -8.47987 3.71927
head 3.11627 -4.08825 0.690975
lclavicle 1.70827e-14 -6.23878e-15 -2.89181e-32
lhumerus -11.1903 -61.5468 87.156
lradius 79.0978 -0 0
lwrist 27.2418 0 0
lhand -13.3098 -0.643139 0.0222732
lfingers 7.12502 -0 0
lthumb 12.7936 28.9269 0.0182821
rclavicle 1.70827e-14 -6.23878e-15 -2.89181e-32
rhumerus -33.5053 -9.63445 -58.6936
rradius 80.6853 -0 0
rwrist -25.9405 0 0
rhand -27.539 -42.3345 -0.00402562
rfingers 7.12502 -0 0
rthumb -0.940643 -72.3124 -0.00388889
657
root 5.55042 15.9985 -0.575342 14.7655 5.54183 1.74558
lfemur -25.5628 25.4109 -20.8395
ltibia 72.4365 -0 0
lfoot -3.88197 -0.336628 -0.83617
ltoes 0.613355 -0 0
rfemur -46.1315 -16.0109 27.2776
rtibia 63.7624 -0 0
rfoot -17.7823 -3.67797 0.836484
rtoes -3.51722 0 0
lowerback 0.0916544 -5.50084 -1.80905
upperback -1.27355 -7.32161 1.16868
thorax -1.0896 -3.6561 2.24094
lowerneck -9.34813 -6.10913 -0.393795
upperneck 4.0131 -8.33272 3.65641
head 3.07073 -4.01877 0.677716
lclavicle 1.69782e-14 -6.26936e-15 -2.76632e-32
lhumerus -10.9074 -62.086 87.0752
lradius 79.5155 -0 0
lwrist 27.2812 0 0
lhand -13.2254 -0.613979 0.0213065
lfingers 7.12502 -0 0
lthumb 12.875 28.9517 0.0174886
rclavicle 1.69782e-14 -6.26936e-15 -2.76632e-32
rhumerus -34.5119 -9.88282 -58.2587
rradius 79.8312 -0 0
rwrist -25.5984 0 0
rhand -27.5378 -42.6885 -0.00385037
rfingers 7.12502 -0 0
rthumb -0.939433 -72.6664 -0.0037196
658
root 5.54159 15.9921 -0.529837 14.8975 4.26541 1.70391
lfemur -25.6969 25.5728 -20.8807
ltibia 72.8802 -0 0
lfoot -3.43674 -0.551848 -0.796318
ltoes 0.626167 -0 0
rfemur -46.1714 -16.094 27.4396
rtibia 63.9791 -0 0
rfoot -18.159 -3.93276 0.796653
rtoes -3.15469 0 0
lowerback 0.0289378 -5.56396 -1.73373
upperback -1.32162 -7.40608 1.16239
thorax -1.10495 -3.69798 2.19046
lowerneck -9.40484 -6.00063 -0.345347
upperneck 3.86192 -8.18575 3.59319
head 3.02518 -3.94929 0.664403
lclavicle 1.68737e-14 -6.29995e-15 -2.63526e-32
lhumerus -10.6178 -62.625 86.9871
lradius 79.9332 -0 0
lwrist 27.3206 0 0
lhand -13.141 -0.584821 0.0202968
lfingers 7.12502 -0 0
lthumb 12.9564 28.9765 0.0166599
rclavicle 1.68737e-14 -6.29995e-15 -2.63526e-32
rhumerus -35.5212 -10.1236 -57.8191
rradius 78.9771 -0 0
rwrist -25.2563 0 0
rhand -27.5365 -43.0424 -0.0036674
rfingers 7.12502 -0 0
rthumb -0.938224 -73.0204 -0.00354284
659
root 5.53275 15.9856 -0.484331 15.0304 2.9891 1.65935
lfemur -25.8313 25.7346 -20.9223
ltibia 73.3238 -0 0
lfoot -2.99167 -0.76675 -0.754795
ltoes 0.638978 -0 0
rfemur -46.2117 -16.1769 27.6016
rtibia 64.1957 -0 0
rfoot -18.5355 -4.18729 0.755148
rtoes -2.79216 0 0
lowerback -0.0338689 -5.627 -1.65833
upperback -1.3697 -7.49055 1.15617
thorax -1.12027 -3.73988 2.13999
lowerneck -9.46146 -5.89208 -0.297016
upperneck 3.71064 -8.03893 3.5296
head 2.97961 -3.87983 0.651036
lclavicle 1.67693e-14 -6.33053e-15 -2.49861e-32
lhumerus -10.3209 -63.1638 86.8913
lradius 80.3509 -0 0
lwrist 27.3601 0 0
lhand -13.0567 -0.555664 0.0192442
lfingers 7.12502 -0 0
lthumb 13.0378 29.0014 0.0157959
rclavicle 1.67693e-14 -6.33053e-15 -2.49861e-32
rhumerus -36.533 -10.3567 -57.375
rradius 78.123 -0 0
rwrist -24.9142 0 0
rhand -27.5353 -43.3964 -0.00347669
rfingers 7.12502 -0 0
rthumb -0.937016 -73.3744 -0.00335861
660
root 5.52392 15.9792 -0.438825 15.1641 1.71289 1.61187
lfemur -25.966 25.8963 -20.9645
ltibia 73.7674 -0 0
lfoot -2.54676 -0.98132 -0.711604
ltoes 0.651789 -0 0
rfemur -46.2521 -16.2597 27.7638
rtibia 64.4123 -0 0
rfoot -18.9118 -4.44153 0.711972
rtoes -2.42962 0 0
lowerback -0.0967658 -5.68996 -1.58286
upperback -1.41778 -7.57503 1.15002
thorax -1.13555 -3.78179 2.08953
lowerneck -9.51796 -5.78349 -0.248802
upperneck 3.55925 -7.89229 3.46564
head 2.93403 -3.81038 0.637615
lclavicle 1.66648e-14 -6.36111e-15 -2.35639e-32
lhumerus -10.0164 -63.7024 86.7874
lradius 80.7685 -0 0
lwrist 27.3995 0 0
lhand -12.9723 -0.526509 0.0181486
lfingers 7.12502 -0 0
lthumb 13.1192 29.0262 0.0148967
rclavicle 1.66648e-14 -6.36111e-15 -2.35639e-32
rhumerus -37.5475 -10.5821 -56.9264
rradius 77.2689 -0 0
rwrist -24.5721 0 0
rhand -27.534 -43.7504 -0.00327827
rfingers 7.12502 -0 0
rthumb -0.935809 -73.7283 -0.00316692
661
root 5.51509 15.9728 -0.393319 15.2988 0.436797 1.56144
lfemur -26.101 26.058 -21.0071
ltibia 74.2111 -0 0
lfoot -2.10202 -1.19555 -0.666749
ltoes 0.6646 -0 0
rfemur -46.2929 -16.3425 27.9262
rtibia 64.629 -0 0
rfoot -19.2879 -4.69548 0.667128
rtoes -2.06709 0 0
lowerback -0.159753 -5.75284 -1.50731
upperback -1.46586 -7.65952 1.14394
thorax -1.1508 -3.82372 2.03908
lowerneck -9.57437 -5.67485 -0.200706
upperneck 3.40775 -7.74581 3.40131
head 2.88844 -3.74093 0.624139
lclavicle 1.65603e-14 -6.39169e-15 -2.2086e-32
lhumerus -9.7037 -64.2407 86.6749
lradius 81.1862 -0 0
lwrist 27.439 0 0
lhand -12.8879 -0.497356 0.0170101
lfingers 7.12502 -0 0
lthumb 13.2006 29.051 0.0139622
rclavicle 1.65603e-14 -6.39169e-15 -2.2086e-32
rhumerus -38.5644 -10.7996 -56.4736
rradius 76.4148 -0 0
rwrist -24.2299 0 0
rhand -27.5328 -44.1043 -0.00307213
rfingers 7.12502 -0 0
rthumb -0.934604 -74.0823 -0.00296778
662
root 5.50625 15.9664 -0.347813 15.4346 -0.839174 1.508
lfemur -26.2363 26.2195 -21.0502
ltibia 74.6547 -0 0
lfoot -1.65745 -1.40942 -0.620233
ltoes 0.677411 -0 0
rfemur -46.3339 -16.4251 28.0886
rtibia 64.8456 -0 0
rfoot -19.6639 -4.94913 0.620619
rtoes -1.70456 0 0
lowerback -0.22283 -5.81564 -1.43167
upperback -1.51393 -7.744 1.13793
thorax -1.166 -3.86565 1.98863
lowerneck -9.63068 -5.56616 -0.152726
upperneck 3.25614 -7.5995 3.33661
head 2.84284 -3.6715 0.610609
lclavicle 1.64558e-14 -6.42227e-15 -2.05522e-32
lhumerus -9.38231 -64.7787 86.5533
lradius 81.6039 -0 0
lwrist 27.4784 0 0
lhand -12.8035 -0.468204 0.0158287
lfingers 7.12502 -0 0
lthumb 13.282 29.0758 0.0129925
rclavicle 1.64558e-14 -6.42227e-15 -2.05522e-32
rhumerus -39.5838 -11.0091 -56.0165
rradius 75.5607 -0 0
rwrist -23.8878 0 0
rhand -27.5315 -44.4583 -0.00285828
rfingers 7.12502 -0 0
rthumb -0.933399 -74.4363 -0.0027612
663
root 5.49742 15.9599 -0.302308 15.5717 -2.11501 1.4515
lfemur -26.372 26.3809 -21.0938
ltibia 75.0983 -0 0
lfoot -1.21307 -1.62292 -0.572059
ltoes 0.690223 -0 0
rfemur -46.3751 -16.5076 28.2512
rtibia 65.0623 -0 0
rfoot -20.0395 -5.20246 0.572447
rtoes -1.34203 0 0
lowerback -0.285998 -5.87835 -1.35597
upperback -1.56201 -7.8285 1.13199
thorax -1.18118 -3.90761 1.9382
lowerneck -9.68688 -5.45742 -0.104861
upperneck 3.1044 -7.45336 3.27155
head 2.79722 -3.60208 0.597025
lclavicle 1.63513e-14 -6.45286e-15 -1.89627e-32
lhumerus -9.05163 -65.3164 86.422
lradius 82.0216 -0 0
lwrist 27.5179 0 0
lhand -12.7191 -0.439054 0.0146043
lfingers 7.12502 -0 0
lthumb 13.3633 29.1006 0.0119875
rclavicle 1.63513e-14 -6.45286e-15 -1.89627e-32
rhumerus -40.6055 -11.2107 -55.5553
rradius 74.7066 -0 0
rwrist -23.5457 0 0
rhand -27.5303 -44.8123 -0.00263674
rfingers 7.12502 -0 0
rthumb -0.932197 -74.7903 -0.00254719
664
root 5.48858 15.9535 -0.256802 15.7102 -3.39071 1.39188
lfemur -26.508 26.5423 -21.1379
ltibia 75.542 -0 0
lfoot -0.768873 -1.83604 -0.522232
ltoes 0.703034 -0 0
rfemur -46.4166 -16.5899 28.4139
rtibia 65.2789 -0 0
rfoot -20.415 -5.45547 0.522615
rtoes -0.979503 0 0
lowerback -0.349256 -5.94098 -1.28018
upperback -1.61009 -7.913 1.12612
thorax -1.19631 -3.94957 1.88777
lowerneck -9.74298 -5.34864 -0.0571131
upperneck 2.95256 -7.30739 3.20611
head 2.75159 -3.53267 0.583386
lclavicle 1.62468e-14 -6.48344e-15 -1.73174e-32
lhumerus -8.71104 -65.8538 86.2803
lradius 82.4393 -0 0
lwrist 27.5573 0 0
lhand -12.6347 -0.409906 0.013337
lfingers 7.12502 -0 0
lthumb 13.4447 29.1254 0.0109473
rclavicle 1.62468e-14 -6.48344e-15 -1.73174e-32
rhumerus -41.6296 -11.4041 -55.0903
rradius 73.8525 -0 0
rwrist -23.2036 0 0
rhand -27.529 -45.1663 -0.00240751
rfingers 7.12502 -0 0
rthumb -0.930995 -75.1442 -0.00232574
665
root 5.47975 15.9471 -0.211296 15.8503 -4.66627 1.32908
lfemur -26.6443 26.7036 -21.1824
ltibia 75.9856 -0 0
lfoot -0.324867 -2.04876 -0.470754
ltoes 0.715845 -0 0
rfemur -46.4584 -16.6722 28.5768
rtibia 65.4955 -0 0
rfoot -20.7903 -5.70815 0.471127
rtoes -0.616973 0 0
lowerback -0.412605 -6.00352 -1.20431
upperback -1.65817 -7.9975 1.12032
thorax -1.21141 -3.99155 1.83736
lowerneck -9.79898 -5.23981 -0.00948011
upperneck 2.80059 -7.1616 3.14031
head 2.70595 -3.46327 0.569693
lclavicle 1.61423e-14 -6.51402e-15 -1.56163e-32
lhumerus -8.35984 -66.3908 86.1276
lradius 82.857 -0 0
lwrist 27.5968 0 0
lhand -12.5503 -0.380759 0.0120268
lfingers 7.12502 -0 0
lthumb 13.5261 29.1502 0.00987184
rclavicle 1.61423e-14 -6.51402e-15 -1.56163e-32
rhumerus -42.656 -11.5893 -54.6215
rradius 72.9984 -0 0
rwrist -22.8615 0 0
rhand -27.5278 -45.5202 -0.0021706
rfingers 7.12502 -0 0
rthumb -0.929795 -75.4982 -0.00209688
666
root 5.47092 15.9406 -0.16579 15.992 -5.94166 1.26301
lfemur -26.781 26.8647 -21.2275
ltibia 76.4292 -0 0
lfoot 0.118941 -2.26108 -0.417629
ltoes 0.728656 -0 0
rfemur -46.5005 -16.7544 28.7398
rtibia 65.7122 -0 0
rfoot -21.1653 -5.96049 0.417986
rtoes -0.254443 0 0
lowerback -0.476044 -6.06598 -1.12837
upperback -1.70626 -8.08201 1.11459
thorax -1.22647 -4.03354 1.78695
lowerneck -9.85488 -5.13094 0.0380378
upperneck 2.6485 -7.01598 3.07414
head 2.6603 -3.39389 0.555945
lclavicle 1.60378e-14 -6.5446e-15 -1.38595e-32
lhumerus -7.99728 -66.9274 85.9632
lradius 83.2747 -0 0
lwrist 27.6362 0 0
lhand -12.466 -0.351615 0.0106737
lfingers 7.12502 -0 0
lthumb 13.6075 29.175 0.00876115
rclavicle 1.60378e-14 -6.5446e-15 -1.38595e-32
rhumerus -43.6845 -11.7663 -54.1491
rradius 72.1444 -0 0
rwrist -22.5194 0 0
rhand -27.5265 -45.8742 -0.00192602
rfingers 7.12502 -0 0
rthumb -0.928596 -75.8522 -0.00186061
667
root 5.46208 15.9342 -0.120285 16.1356 -7.21689 1.1936
lfemur -26.918 27.0258 -21.2731
ltibia 76.8729 -0 0
lfoot 0.562547 -2.47298 -0.362862
ltoes 0.741467 -0 0
rfemur -46.5428 -16.8364 28.9029
rtibia 65.9288 -0 0
rfoot -21.5401 -6.21246 0.363195
rtoes 0.108088 -0 0
lowerback -0.539574 -6.12836 -1.05235
upperback -1.75434 -8.16652 1.10894
thorax -1.2415 -4.07554 1.73655
lowerneck -9.91068 -5.02201 0.0854411
upperneck 2.49629 -6.87053 3.0076
head 2.61463 -3.32451 0.542144
lclavicle 1.59333e-14 -6.57519e-15 -1.20469e-32
lhumerus -7.62254 -67.4636 85.7863
lradius 83.6924 -0 0
lwrist 27.6756 0 0
lhand -12.3816 -0.322473 0.00927758
lfingers 7.12502 -0 0
lthumb 13.6889 29.1998 0.00761524
rclavicle 1.59333e-14 -6.57519e-15 -1.20469e-32
rhumerus -44.7152 -11.9349 -53.6732
rradius 71.2903 -0 0
rwrist -22.1773 0 0
rhand -27.5253 -46.2282 -0.00167378
rfingers 7.12502 -0 0
rthumb -0.927399 -76.2062 -0.00161693
668
root 5.45325 15.9278 -0.0747788 16.2812 -8.49193 1.12073
lfemur -27.0553 27.1868 -21.3191
ltibia 77.3165 -0 0
lfoot 1.00594 -2.68445 -0.306457
ltoes 0.754278 -0 0
rfemur -46.5853 -16.9183 29.0661
rtibia 66.1454 -0 0
rfoot -21.9146 -6.46408 0.306758
rtoes 0.470618 -0 0
lowerback -0.603194 -6.19065 -0.97625
upperback -1.80243 -8.25104 1.10335
thorax -1.25649 -4.11756 1.68616
lowerneck -9.96638 -4.91305 0.13273
upperneck 2.34396 -6.72526 2.94069
head 2.56894 -3.25514 0.528287
lclavicle 1.58288e-14 -6.60577e-15 -1.01785e-32
lhumerus -7.23472 -67.9993 85.5959
lradius 84.1101 -0 0
lwrist 27.7151 0 0
lhand -12.2972 -0.293333 0.00783859
lfingers 7.12502 -0 0
lthumb 13.7703 29.2246 0.00643409
rclavicle 1.58288e-14 -6.60577e-15 -1.01785e-32
rhumerus -45.7478 -12.0951 -53.194
rradius 70.4362 -0 0
rwrist -21.8352 0 0
rhand -27.5241 -46.5821 -0.00141389
rfingers 7.12502 -0 0
rthumb -0.926203 -76.5601 -0.00136587
669
root 5.44442 15.9213 -0.0292731 16.429 -9.76679 1.04432
lfemur -27.193 27.3476 -21.3657
ltibia 77.7602 -0 0
lfoot 1.44913 -2.89547 -0.248417
ltoes 0.76709 -0 0
rfemur -46.6282 -17.0001 29.2295
rtibia 66.3621 -0 0
rfoot -22.2889 -6.71532 0.248677
rtoes 0.833148 -0 0
lowerback -0.666905 -6.25286 -0.900072
upperback -1.85051 -8.33556 1.09783
thorax -1.27145 -4.15959 1.63577
lowerneck -10.022 -4.80403 0.179905
upperneck 2.1915 -6.58017 2.87342
head 2.52325 -3.18579 0.514377
lclavicle 1.57244e-14 -6.63635e-15 -8.25435e-33
lhumerus -6.83284 -68.5345 85.391
lradius 84.5277 -0 0
lwrist 27.7545 0 0
lhand -12.2128 -0.264194 0.00635669
lfingers 7.12502 -0 0
lthumb 13.8517 29.2494 0.00521772
rclavicle 1.57244e-14 -6.63635e-15 -8.25435e-33
rhumerus -46.7825 -12.2469 -52.7116
rradius 69.5821 -0 0
rwrist -21.4931 0 0
rhand -27.5228 -46.9361 -0.00114635
rfingers 7.12502 -0 0
rthumb -0.925009 -76.9141 -0.00110742
670
root 5.43558 15.9149 0.0162327 16.5791 -11.0415 0.964251
lfemur -27.331 27.5084 -21.4128
ltibia 78.2038 -0 0
lfoot 1.89209 -3.10604 -0.188746
ltoes 0.779901 -0 0
rfemur -46.6712 -17.0818 29.393
rtibia 66.5787 -0 0
rfoot -22.6629 -6.96617 0.188958
rtoes 1.19568 -0 0
lowerback -0.730707 -6.31499 -0.823815
upperback -1.8986 -8.42009 1.09239
thorax -1.28636 -4.20163 1.5854
lowerneck -10.0775 -4.69498 0.226966
upperneck 2.03891 -6.43525 2.80577
head 2.47754 -3.11644 0.500411
lclavicle 1.56199e-14 -6.66693e-15 -6.27442e-33
lhumerus -6.41581 -69.0691 85.1707
lradius 84.9454 -0 0
lwrist 27.794 0 0
lhand -12.1284 -0.235059 0.00483187
lfingers 7.12502 -0 0
lthumb 13.933 29.2742 0.00396612
rclavicle 1.56199e-14 -6.66693e-15 -6.27442e-33
rhumerus -47.8189 -12.39 -52.2262
rradius 68.728 -0 0
rwrist -21.151 0 0
rhand -27.5216 -47.2901 -0.000871185
rfingers 7.12502 -0 0
rthumb -0.923816 -77.2681 -0.000841596
671
root 5.42675 15.9085 0.0617385 16.7318 -12.3159 0.880392
lfemur -27.4694 27.6691 -21.4603
ltibia 78.6474 -0 0
lfoot 2.33484 -3.31614 -0.127451
ltoes 0.792712 -0 0
rfemur -46.7146 -17.1634 29.5567
rtibia 66.7953 -0 0
rfoot -23.0366 -7.21663 0.127602
rtoes 1.55821 -0 0
lowerback -0.7946 -6.37703 -0.747479
upperback -1.9467 -8.50462 1.08701
thorax -1.30125 -4.24369 1.53503
lowerneck -10.1329 -4.58587 0.273914
upperneck 1.8862 -6.29052 2.73776
head 2.43181 -3.04711 0.486392
lclavicle 1.55154e-14 -6.69752e-15 -4.23872e-33
lhumerus -5.98245 -69.6032 84.9337
lradius 85.3631 -0 0
lwrist 27.8334 0 0
lhand -12.0441 -0.205925 0.00326415
lfingers 7.12502 -0 0
lthumb 14.0144 29.299 0.0026793
rclavicle 1.55154e-14 -6.69752e-15 -4.23872e-33
rhumerus -48.8572 -12.5246 -51.738
rradius 67.8739 -0 0
rwrist -20.8089 0 0
rhand -27.5204 -47.6441 -0.000588397
rfingers 7.12502 -0 0
rthumb -0.922626 -77.6221 -0.000568412
672
root 5.41791 15.902 0.107244 16.8871 -13.5901 0.79261
lfemur -27.6081 27.8296 -21.5084
ltibia 79.0911 -0 0
lfoot 2.77735 -3.52575 -0.0645337
ltoes 0.805523 -0 0
rfemur -46.7582 -17.2449 29.7205
rtibia 67.012 -0 0
rfoot -23.4101 -7.46668 0.0646152
rtoes 1.92074 -0 0
lowerback -0.858583 -6.43899 -0.671065
upperback -1.99479 -8.58916 1.0817
thorax -1.31609 -4.28576 1.48467
lowerneck -10.1882 -4.47672 0.320749
upperneck 1.73335 -6.14596 2.66937
head 2.38607 -2.97779 0.472318
lclavicle 1.54109e-14 -6.7281e-15 -2.14725e-33
lhumerus -5.53143 -70.1365 84.6787
lradius 85.7808 -0 0
lwrist 27.8729 0 0
lhand -11.9597 -0.176794 0.00165352
lfingers 7.12502 -0 0
lthumb 14.0958 29.3238 0.00135726
rclavicle 1.54109e-14 -6.7281e-15 -2.14725e-33
rhumerus -49.897 -12.6505 -51.2472
rradius 67.0198 -0 0
rwrist -20.4668 0 0
rhand -27.5191 -47.998 -0.000297998
rfingers 7.12502 -0 0
rthumb -0.921436 -77.976 -0.000287877
673
root 5.40908 15.8956 0.15275 17.0453 -14.8641 0.700759
lfemur -27.7472 27.9901 -21.557
ltibia 79.5347 0 0
lfoot 3.21963 -3.73488 0
ltoes 0.818334 0 0
rfemur -46.8021 -17.3262 29.8844
rtibia 67.2286 0 0
rfoot -23.7833 -7.71631 0
rtoes 2.28327 0 0
lowerback -0.922658 -6.50086 -0.594571
upperback -2.04289 -8.6737 1.07647
thorax -1.3309 -4.32784 1.43432
lowerneck -10.2434 -4.36753 0.367472
upperneck 1.58037 -6.00159 2.60062
head 2.34032 -2.90848 0.458189
lclavicle 1.53064e-14 -6.75868e-15 0
lhumerus -5.06131 -70.6692 84.4043
lradius 86.1985 0 0
lwrist 27.9123 0 0
lhand -11.8753 -0.147665 0
lfingers 7.12502 0 0
lthumb 14.1772 29.3486 0
rclavicle 1.53064e-14 -6.75868e-15 0
rhumerus -50.9385 -12.7677 -50.7538
rradius 66.1657 0 0
rwrist -20.1247 0 0
rhand -27.5179 -48.352 0
rfingers 7.12502 0 0
rthumb -0.920249 -798.33 0
674
root 5.40313 16.0138 0.301627 16.8973 -16.4503 0.726673
lfemur -28.5098 27.0957 -19.412
ltibia 81.8356 -0 0
lfoot 3.51653 -3.73777 -0.000149935
ltoes 2.27552 -0 0
rfemur -44.7648 -16.8284 28.832
rtibia 64.3775 -0 0
rfoot -22.2119 -7.21766 0.140698
rtoes 2.28336 -0 0
lowerback -0.740061 -6.40164 -0.683899
upperback -2.02692 -8.54842 0.905652
thorax -1.43168 -4.26229 1.32528
lowerneck -10.0552 -4.38286 0.34902
upperneck 1.70485 -6.02671 2.73319
head 2.35419 -2.91859 0.505494
lclavicle 1.34037e-14 -5.2252e-15 5.09231e-31
lhumerus 1.05508 -69.598 76.8256
lradius 85.9597 -0 0
lwrist 28.0102 0 0
lhand -12.3412 -0.440589 0.0238907
lfingers 7.12502 -0 0
lthumb 13.7277 29.0761 0.0214377
rclavicle 1.34037e-14 -5.2252e-15 5.09231e-31
rhumerus -50.3387 -12.3979 -49.1179
rradius 67.8289 -0 0
rwrist -19.6912 0 0
rhand -27.8293 -48.0198 -0.0180956
rfingers 7.12502 -0 0
rthumb -1.22095 -77.992 -0.0177778
675
root 5.39717 16.1319 0.450503 16.7473 -18.0364 0.757118
lfemur -29.3034 26.2272 -17.2704
ltibia 84.1365 -0 0
lfoot 3.81343 -3.74066 -0.000284888
ltoes 3.7327 -0 0
rfemur -42.7427 -16.2952 27.8016
rtibia 61.5265 -0 0
rfoot -20.6393 -6.71533 0.267663
rtoes 2.28346 -0 0
lowerback -0.557656 -6.30214 -0.772892
upperback -2.01133 -8.4231 0.734924
thorax -1.53259 -4.19693 1.21612
lowerneck -9.86698 -4.39813 0.330517
upperneck 1.82928 -6.05211 2.86571
head 2.36805 -2.92871 0.552798
lclavicle 1.15011e-14 -3.69172e-15 9.67539e-31
lhumerus 6.41859 -68.2747 69.9942
lradius 85.7209 -0 0
lwrist 28.1081 0 0
lhand -12.8071 -0.733698 0.0453986
lfingers 7.12502 -0 0
lthumb 13.2781 28.8035 0.0407368
rclavicle 1.15011e-14 -3.69172e-15 9.67539e-31
rhumerus -49.7291 -12.045 -47.4805
rradius 69.4921 -0 0
rwrist -19.2577 0 0
rhand -28.1408 -47.6874 -0.034385
rfingers 7.12502 -0 0
rthumb -1.52175 -77.6538 -0.033781
676
root 5.39122 16.2501 0.59938 16.5949 -19.6224 0.792261
lfemur -30.1266 25.3858 -15.1311
ltibia 86.4375 -0 0
lfoot 4.11033 -3.74355 -0.000404856
ltoes 5.18989 -0 0
rfemur -40.7366 -15.7277 26.7941
rtibia 58.6754 -0 0
rfoot -19.0656 -6.2097 0.38079
rtoes 2.28355 -0 0
lowerback -0.37544 -6.20236 -0.861548
upperback -1.99613 -8.29774 0.564286
thorax -1.63361 -4.13177 1.10686
lowerneck -9.67876 -4.41334 0.311964
upperneck 1.95365 -6.0778 2.99819
head 2.38191 -2.93884 0.6001
lclavicle 9.59844e-15 -2.15824e-15 1.37492e-30
lhumerus 11.0363 -66.7431 63.9015
lradius 85.4821 -0 0
lwrist 28.2061 0 0
lhand -13.2732 -1.02697 0.0645217
lfingers 7.12502 -0 0
lthumb 12.8284 28.5307 0.0578957
rclavicle 9.59844e-15 -2.15824e-15 1.37492e-30
rhumerus -49.1103 -11.7093 -45.8413
rradius 71.1553 -0 0
rwrist -18.8242 0 0
rhand -28.4524 -47.355 -0.048867
rfingers 7.12502 -0 0
rthumb -1.82263 -77.3156 -0.0480086
677
root 5.38526 16.3682 0.748257 16.4399 -21.2083 0.832291
lfemur -30.9783 24.5727 -12.993
ltibia 88.7384 -0 0
lfoot 4.40722 -3.74645 -0.000509834
ltoes 6.64707 -0 0
rfemur -38.7467 -15.1267 25.8107
rtibia 55.8243 -0 0
rfoot -17.491 -5.70115 0.479984
rtoes 2.28364 -0 0
lowerback -0.193415 -6.1023 -0.949868
upperback -1.9813 -8.17233 0.393736
thorax -1.73476 -4.06679 0.997482
lowerneck -9.49053 -4.42849 0.29336
upperneck 2.07797 -6.10378 3.13061
head 2.39575 -2.94899 0.647399
lclavicle 7.69579e-15 -6.2476e-16 1.73139e-30
lhumerus 14.9634 -65.0425 58.4908
lradius 85.2433 -0 0
lwrist 28.304 0 0
lhand -13.7394 -1.32039 0.0812583
lfingers 7.12502 -0 0
lthumb 12.3786 28.2578 0.0729129
rclavicle 7.69579e-15 -6.2476e-16 1.73139e-30
rhumerus -48.4826 -11.391 -44.2004
rradius 72.8185 -0 0
rwrist -18.3907 0 0
rhand -28.7641 -47.0226 -0.0615407
rfingers 7.12502 -0 0
rthumb -2.1236 -76.9774 -0.0604597
678
root 5.37931 16.4864 0.897133 16.282 -22.7941 0.877423
lfemur -31.8572 23.7889 -10.8553
ltibia 91.0393 -0 0
lfoot 4.70412 -3.74934 -0.000599821
ltoes 8.10425 -0 0
rfemur -36.7734 -14.4933 24.8522
rtibia 52.9732 -0 0
rfoot -15.9155 -5.19006 0.565163
rtoes 2.28374 -0 0
lowerback -0.0115784 -6.00196 -1.03785
upperback -1.96686 -8.04687 0.223271
thorax -1.83602 -4.002 0.887999
lowerneck -9.30229 -4.44357 0.274706
upperneck 2.20223 -6.13004 3.26298
head 2.40959 -2.95914 0.694697
lclavicle 5.79314e-15 9.0872e-16 2.03692e-30
lhumerus 18.2772 -63.2061 53.6832
lradius 85.0045 -0 0
lwrist 28.4019 0 0
lhand -14.2056 -1.61394 0.0956069
lfingers 7.12502 -0 0
lthumb 11.9288 27.9847 0.0857871
rclavicle 5.79314e-15 9.0872e-16 2.03692e-30
rhumerus -47.8466 -11.0905 -42.5579
rradius 74.4817 -0 0
rwrist -17.9572 0 0
rhand -29.0759 -46.69 -0.0724054
rfingers 7.12502 -0 0
rthumb -2.42463 -76.639 -0.0711335
679
root 5.37335 16.6046 1.04601 16.1208 -24.3798 0.927902
lfemur -32.7622 23.0356 -8.71725
ltibia 93.3402 -0 0
lfoot 5.00102 -3.75223 -0.000674814
ltoes 9.56144 -0 0
rfemur -34.8169 -13.8286 23.9195
rtibia 50.1222 -0 0
rfoot -14.3393 -4.67681 0.636255
rtoes 2.28383 -0 0
lowerback 0.17007 -5.90135 -1.1255
upperback -1.9528 -7.92138 0.052891
thorax -1.9374 -3.9374 0.778407
lowerneck -9.11404 -4.4586 0.256002
upperneck 2.32644 -6.15659 3.3953
head 2.42342 -2.96931 0.741993
lclavicle 3.89049e-15 2.4422e-15 2.29154e-30
lhumerus 21.0592 -61.2609 49.3957
lradius 84.7657 -0 0
lwrist 28.4999 0 0
lhand -14.672 -1.90759 0.107566
lfingers 7.12502 -0 0
lthumb 11.4789 27.7116 0.0965172
rclavicle 3.89049e-15 2.4422e-15 2.29154e-30
rhumerus -47.2027 -10.808 -40.9137
rradius 76.1449 -0 0
rwrist -17.5238 0 0
rhand -29.3877 -46.3574 -0.0814604
rfingers 7.12502 -0 0
rthumb -2.72573 -76.3006 -0.0800293
680
root 5.3674 16.7227 1.19489 15.9559 -25.9653 0.984003
lfemur -33.6921 22.3137 -6.57803
ltibia 95.6411 -0 0
lfoot 5.29792 -3.75513 -0.00073481
ltoes 11.0186 -0 0
rfemur -32.8774 -13.1334 23.0133
rtibia 47.2711 -0 0
rfoot -12.7625 -4.16179 0.6932
rtoes 2.28392 -0 0
lowerback 0.35153 -5.80045 -1.21281
upperback -1.93912 -7.79584 -0.117407
thorax -2.0389 -3.873 0.668707
lowerneck -8.92578 -4.47356 0.237248
upperneck 2.4506 -6.18342 3.52757
head 2.43724 -2.97949 0.789287
lclavicle 1.98783e-15 3.97568e-15 2.49523e-30
lhumerus 23.386 -59.2289 45.5497
lradius 84.5269 -0 0
lwrist 28.5978 0 0
lhand -15.1383 -2.20133 0.117135
lfingers 7.12502 -0 0
lthumb 11.029 27.4384 0.105102
rclavicle 1.98783e-15 3.97568e-15 2.49523e-30
rhumerus -46.5514 -10.5438 -39.2678
rradius 77.8081 -0 0
rwrist -17.0903 0 0
rhand -29.6995 -46.0248 -0.0887051
rfingers 7.12502 -0 0
rthumb -3.02686 -75.9622 -0.0871467
681
root 5.36145 16.8409 1.34376 15.787 -27.5507 1.04604
lfemur -34.6457 21.6245 -4.4371
ltibia 97.9421 -0 0
lfoot 5.59482 -3.75802 -0.000779809
ltoes 12.4758 -0 0
rfemur -30.9547 -12.409 22.1342
rtibia 44.42 -0 0
rfoot -11.1852 -3.6454 0.735951
rtoes 2.28402 -0 0
lowerback 0.532804 -5.69929 -1.29978
upperback -1.92582 -7.67026 -0.287623
thorax -2.14052 -3.80879 0.558899
lowerneck -8.73752 -4.48847 0.218444
upperneck 2.57469 -6.21053 3.65979
head 2.45105 -2.98968 0.836579
lclavicle 8.5181e-17 5.50916e-15 2.648e-30
lhumerus 25.3257 -57.1274 42.0758
lradius 84.2881 -0 0
lwrist 28.6957 0 0
lhand -15.6047 -2.49514 0.124312
lfingers 7.12502 -0 0
lthumb 10.579 27.1652 0.111542
rclavicle 8.5181e-17 5.50916e-15 2.648e-30
rhumerus -45.8932 -10.2981 -37.6203
rradius 79.4713 -0 0
rwrist -16.6568 0 0
rhand -30.0114 -45.6921 -0.094139
rfingers 7.12502 -0 0
rthumb -3.32804 -75.6237 -0.0924851
682
root 5.35549 16.9591 1.49264 15.6136 -29.1359 1.11436
lfemur -35.6219 20.9688 -2.29396
ltibia 100.243 -0 0
lfoot 5.89172 -3.76092 -0.000809809
ltoes 13.933 -0 0
rfemur -29.049 -11.6563 21.2829
rtibia 41.569 -0 0
rfoot -9.60766 -3.12802 0.764472
rtoes 2.28411 -0 0
lowerback 0.713891 -5.59785 -1.38642
upperback -1.9129 -7.54465 -0.457761
thorax -2.24225 -3.74477 0.448984
lowerneck -8.54924 -4.50331 0.199591
upperneck 2.69873 -6.23794 3.79195
head 2.46486 -2.99988 0.883869
lclavicle -1.81747e-15 7.04264e-15 2.74985e-30
lhumerus 26.9362 -54.9704 38.9142
lradius 84.0493 -0 0
lwrist 28.7937 0 0
lhand -16.0712 -2.789 0.129097
lfingers 7.12502 -0 0
lthumb 10.129 26.8919 0.115835
rclavicle -1.81747e-15 7.04264e-15 2.74985e-30
rhumerus -45.2286 -10.0711 -35.9713
rradius 81.1345 -0 0
rwrist -16.2233 0 0
rhand -30.3233 -45.3594 -0.0977618
rfingers 7.12502 -0 0
rthumb -3.62924 -75.2853 -0.0960442
683
root 5.34954 17.0772 1.64152 15.4351 -30.7209 1.18935
lfemur -36.6194 20.3475 -0.148196
ltibia 102.544 -0 0
lfoot 6.18862 -3.76381 -0.000824809
ltoes 15.3902 -0 0
rfemur -27.1599 -10.8765 20.4597
rtibia 38.7179 -0 0
rfoot -8.02987 -2.61004 0.778738
rtoes 2.2842 -0 0
lowerback 0.894793 -5.49614 -1.47272
upperback -1.90036 -7.41899 -0.627821
thorax -2.3441 -3.68095 0.338963
lowerneck -8.36096 -4.51809 0.180689
upperneck 2.82272 -6.26562 3.92407
head 2.47865 -3.01009 0.931158
lclavicle -3.72012e-15 8.57612e-15 2.80077e-30
lhumerus 28.2661 -52.7688 36.0144
lradius 83.8105 -0 0
lwrist 28.8916 0 0
lhand -16.5377 -3.08289 0.13149
lfingers 7.12502 -0 0
lthumb 9.679 26.6186 0.117982
rclavicle -3.72012e-15 8.57612e-15 2.80077e-30
rhumerus -44.5581 -9.863 -34.3208
rradius 82.7977 -0 0
rwrist -15.7898 0 0
rhand -30.6353 -45.0267 -0.0995733
rfingers 7.12502 -0 0
rthumb -3.93046 -74.9468 -0.0978238
684
root 5.34358 17.1954 1.79039 15.2512 -32.3057 1.27147
lfemur -37.6372 19.7617 2.00049
ltibia 104.845 -0 0
lfoot 6.48551 -3.76671 -0.000824809
ltoes 16.8474 -0 0
rfemur -25.2872 -10.0706 19.6652
rtibia 35.8668 -0 0
rfoot -6.45202 -2.09188 0.778738
rtoes 2.2843 -0 0
lowerback 1.07551 -5.39415 -1.55868
upperback -1.8882 -7.2933 -0.797804
thorax -2.44606 -3.61733 0.228836
lowerneck -8.17267 -4.5328 0.161738
upperneck 2.94664 -6.29359 4.05613
head 2.49244 -3.02031 0.978444
lclavicle -5.62278e-15 1.01096e-14 2.80077e-30
lhumerus 29.3557 -50.5318 33.3342
lradius 83.5716 -0 0
lwrist 28.9895 0 0
lhand -17.0041 -3.37679 0.13149
lfingers 7.12502 -0 0
lthumb 9.22899 26.3452 0.117982
rclavicle -5.62278e-15 1.01096e-14 2.80077e-30
rhumerus -43.8821 -9.67403 -32.669
rradius 84.461 -0 0
rwrist -15.3563 0 0
rhand -30.9472 -44.6939 -0.0995733
rfingers 7.12502 -0 0
rthumb -4.23169 -74.6082 -0.0978238
685
root 5.33763 17.3135 1.93927 15.0612 -33.8903 1.36121
lfemur -38.6739 19.2121 4.15234
ltibia 107.146 -0 0
lfoot 6.78241 -3.7696 -0.000809809
ltoes 18.3045 -0 0
rfemur -23.4305 -9.2397 18.8998
rtibia 33.0157 -0 0
rfoot -4.87423 -1.5739 0.764472
rtoes 2.28439 -0 0
lowerback 1.25604 -5.2919 -1.6443
upperback -1.87642 -7.16758 -0.967714
thorax -2.54814 -3.5539 0.118604
lowerneck -7.98437 -4.54746 0.142738
upperneck 3.07051 -6.32184 4.18813
head 2.50622 -3.03055 1.02573
lclavicle -7.52543e-15 1.16431e-14 2.74985e-30
lhumerus 30.2382 -48.2665 30.8385
lradius 83.3328 -0 0
lwrist 29.0874 0 0
lhand -17.4706 -3.67067 0.129097
lfingers 7.12502 -0 0
lthumb 8.77897 26.0719 0.115835
rclavicle -7.52543e-15 1.16431e-14 2.74985e-30
rhumerus -43.2013 -9.50436 -31.0159
rradius 86.1242 -0 0
rwrist -14.9228 0 0
rhand -31.2592 -44.3612 -0.0977618
rfingers 7.12502 -0 0
rthumb -4.5329 -74.2697 -0.0960442
686
root 5.33167 17.4317 2.08815 14.8644 -35.4746 1.45914
lfemur -39.7284 18.6997 6.30749
ltibia 109.447 -0 0
lfoot 7.07931 -3.7725 -0.000779809
ltoes 19.7617 -0 0
rfemur -21.5894 -8.38489 18.1637
rtibia 30.1647 -0 0
rfoot -3.29664 -1.05652 0.735951
rtoes 2.28448 -0 0
lowerback 1.43639 -5.18938 -1.72959
upperback -1.86502 -7.04182 -1.13755
thorax -2.65034 -3.49066 0.00826642
lowerneck -7.79606 -4.56205 0.12369
upperneck 3.19432 -6.35038 4.32008
head 2.51999 -3.04079 1.07301
lclavicle -9.42808e-15 1.31766e-14 2.648e-30
lhumerus 30.9411 -45.979 28.4979
lradius 83.094 -0 0
lwrist 29.1854 0 0
lhand -17.9371 -3.96453 0.124312
lfingers 7.12502 -0 0
lthumb 8.32898 25.7986 0.111542
rclavicle -9.42808e-15 1.31766e-14 2.648e-30
rhumerus -42.5161 -9.35413 -29.3616
rradius 87.7874 -0 0
rwrist -14.4893 0 0
rhand -31.5711 -44.0285 -0.094139
rfingers 7.12502 -0 0
rthumb -4.83411 -73.9313 -0.0924851
687
root 5.32572 17.5499 2.23702 14.6603 -37.0587 1.56588
lfemur -40.7994 18.2252 8.46601
ltibia 111.748 -0 0
lfoot 7.37621 -3.77539 -0.00073481
ltoes 21.2189 -0 0
rfemur -19.7635 -7.50724 17.4572
rtibia 27.3136 -0 0
rfoot -1.71939 -0.540129 0.6932
rtoes 2.28458 -0 0
lowerback 1.61656 -5.0866 -1.81453
upperback -1.854 -6.91603 -1.30732
thorax -2.75264 -3.42763 -0.102175
lowerneck -7.60774 -4.57658 0.104593
upperneck 3.31806 -6.3792 4.45197
head 2.53376 -3.05105 1.12029
lclavicle -1.13307e-14 1.471e-14 2.49523e-30
lhumerus 31.4869 -43.6744 26.2876
lradius 82.8552 -0 0
lwrist 29.2833 0 0
lhand -18.4035 -4.25834 0.117135
lfingers 7.12502 -0 0
lthumb 7.87901 25.5254 0.105102
rclavicle -1.13307e-14 1.471e-14 2.49523e-30
rhumerus -41.8271 -9.22348 -27.7063
rradius 89.4506 -0 0
rwrist -14.0558 0 0
rhand -31.883 -43.6958 -0.0887051
rfingers 7.12502 -0 0
rthumb -5.13528 -73.5928 -0.0871467
688
root 5.31977 17.668 2.3859 14.4479 -38.6424 1.68218
lfemur -41.8856 17.7893 10.6279
ltibia 114.048 -0 0
lfoot 7.67311 -3.77829 -0.000674814
ltoes 22.6761 -0 0
rfemur -17.9521 -6.60784 16.7806
rtibia 24.4625 -0 0
rfoot -0.142598 -0.025112 0.636255
rtoes 2.28467 -0 0
lowerback 1.79655 -4.98355 -1.89914
upperback -1.84336 -6.79021 -1.47702
thorax -2.85506 -3.36479 -0.212721
lowerneck -7.41941 -4.59105 0.085448
upperneck 3.44175 -6.4083 4.58381
head 2.54751 -3.06132 1.16757
lclavicle -1.32334e-14 1.62435e-14 2.29154e-30
lhumerus 31.894 -41.3568 24.1869
lradius 82.6164 -0 0
lwrist 29.3812 0 0
lhand -18.8698 -4.55208 0.107566
lfingers 7.12502 -0 0
lthumb 7.42907 25.2522 0.0965172
rclavicle -1.32334e-14 1.62435e-14 2.29154e-30
rhumerus -41.1348 -9.11253 -26.0501
rradius 91.1138 -0 0
rwrist -13.6223 0 0
rhand -32.1948 -43.3632 -0.0814604
rfingers 7.12502 -0 0
rthumb -5.43642 -73.2544 -0.0800293
689
root 5.31381 17.7862 2.53478 14.2264 -40.2257 1.80883
lfemur -42.9858 17.3927 12.7931
ltibia 116.349 -0 0
lfoot 7.97001 -3.78118 -0.000599821
ltoes 24.1333 -0 0
rfemur -16.1546 -5.68773 16.1341
rtibia 21.6115 -0 0
rfoot 1.4336 0.488137 0.565163
rtoes 2.28476 -0 0
lowerback 1.97635 -4.88023 -1.98341
upperback -1.83309 -6.66435 -1.64665
thorax -2.9576 -3.30215 -0.323369
lowerneck -7.23108 -4.60545 0.066255
upperneck 3.56538 -6.43769 4.7156
head 2.56126 -3.0716 1.21484
lclavicle -1.5136e-14 1.7777e-14 2.03692e-30
lhumerus 32.1779 -39.03 22.1782
lradius 82.3776 -0 0
lwrist 29.4792 0 0
lhand -19.3362 -4.84574 0.0956069
lfingers 7.12502 -0 0
lthumb 6.97918 24.9791 0.0857871
rclavicle -1.5136e-14 1.7777e-14 2.03692e-30
rhumerus -40.4397 -9.02139 -24.3931
rradius 92.777 -0 0
rwrist -13.1889 0 0
rhand -32.5066 -43.0306 -0.0724054
rfingers 7.12502 -0 0
rthumb -5.73752 -72.916 -0.0711335
690
root 5.30786 17.9044 2.68365 13.9949 -41.8086 1.94677
lfemur -44.0987 17.036 14.9614
ltibia 118.65 -0 0
lfoot 8.26691 -3.78407 -0.000509834
ltoes 25.5905 -0 0
rfemur -14.3702 -4.74799 15.5177
rtibia 18.7604 -0 0
rfoot 3.00907 0.99923 0.479984
rtoes 2.28486 -0 0
lowerback 2.15598 -4.77665 -2.06734
upperback -1.8232 -6.53847 -1.81621
thorax -3.06025 -3.23971 -0.43412
lowerneck -7.04273 -4.6198 0.0470141
upperneck 3.68895 -6.46736 4.84733
head 2.57499 -3.08189 1.26212
lclavicle -1.70387e-14 1.93105e-14 1.73139e-30
lhumerus 32.3511 -36.6971 20.2464
lradius 82.1388 -0 0
lwrist 29.5771 0 0
lhand -19.8024 -5.13928 0.0812583
lfingers 7.12502 -0 0
lthumb 6.52935 24.706 0.0729129
rclavicle -1.70387e-14 1.93105e-14 1.73139e-30
rhumerus -39.7424 -8.95013 -22.7355
rradius 94.4402 -0 0
rwrist -12.7554 0 0
rhand -32.8184 -42.698 -0.0615407
rfingers 7.12502 -0 0
rthumb -6.03855 -72.5776 -0.0604597
691
root 5.3019 18.0225 2.83253 13.7522 -43.3911 2.09706
lfemur -45.2229 16.7199 17.1327
ltibia 120.951 -0 0
lfoot 8.5638 -3.78697 -0.000404856
ltoes 27.0476 -0 0
rfemur -12.5983 -3.78965 14.9318
rtibia 15.9093 -0 0
rfoot 4.58371 1.50778 0.38079
rtoes 2.28495 -0 0
lowerback 2.33542 -4.67282 -2.15094
upperback -1.81369 -6.41256 -1.98571
thorax -3.163 -3.17747 -0.544973
lowerneck -6.85438 -4.63407 0.0277257
upperneck 3.81245 -6.49731 4.979
head 2.58872 -3.09219 1.30939
lclavicle -1.89413e-14 2.0844e-14 1.37492e-30
lhumerus 32.424 -34.361 18.3786
lradius 81.9 -0 0
lwrist 29.675 0 0
lhand -20.2686 -5.4327 0.0645217
lfingers 7.12502 -0 0
lthumb 6.07959 24.4331 0.0578957
rclavicle -1.89413e-14 2.0844e-14 1.37492e-30
rhumerus -39.0434 -8.89884 -21.0774
rradius 96.1034 -0 0
rwrist -12.3219 0 0
rhand -33.1301 -42.3656 -0.048867
rfingers 7.12502 -0 0
rthumb -6.33952 -72.2394 -0.0480086
692
root 5.29595 18.1407 2.98141 13.4969 -44.9731 2.26091
lfemur -46.357 16.4447 19.3067
ltibia 123.252 -0 0
lfoot 8.8607 -3.78986 -0.000284888
ltoes 28.5048 -0 0
rfemur -10.8381 -2.81376 14.3764
rtibia 13.0583 -0 0
rfoot 6.15738 2.01341 0.267663
rtoes 2.28504 -0 0
lowerback 2.51469 -4.56872 -2.23419
upperback -1.80456 -6.28662 -2.15515
thorax -3.26587 -3.11543 -0.655928
lowerneck -6.66602 -4.64829 0.00838992
upperneck 3.93589 -6.52754 5.11061
head 2.60244 -3.10251 1.35666
lclavicle -2.0844e-14 2.23774e-14 9.67539e-31
lhumerus 32.4051 -32.0241 16.5634
lradius 81.6612 -0 0
lwrist 29.773 0 0
lhand -20.7347 -5.72598 0.0453986
lfingers 7.12502 -0 0
lthumb 5.6299 24.1603 0.0407368
rclavicle -2.0844e-14 2.23774e-14 9.67539e-31
rhumerus -38.3433 -8.86755 -19.419
rradius 97.7666 -0 0
rwrist -11.8884 0 0
rhand -33.4417 -42.0332 -0.034385
rfingers 7.12502 -0 0
rthumb -6.6404 -71.9012 -0.033781
693
root 5.28999 18.2588 3.13028 13.2278 -46.5546 2.43972
lfemur -47.4997 16.211 21.4832
ltibia 125.553 -0 0
lfoot 9.1576 -3.79275 -0.000149935
ltoes 29.962 -0 0
rfemur -9.08855 -1.82135 13.8516
rtibia 10.2072 -0 0
rfoot 7.72998 2.51574 0.140698
rtoes 2.28514 -0 0
lowerback 2.69378 -4.46436 -2.3171
upperback -1.7958 -6.16065 -2.32452
thorax -3.36885 -3.05359 -0.766983
lowerneck -6.47765 -4.66244 -0.0109931
upperneck 4.05927 -6.55805 5.24216
head 2.61616 -3.11283 1.40392
lclavicle -2.27466e-14 2.39109e-14 5.09231e-31
lhumerus 32.3016 -29.6889 14.7911
lradius 81.4224 -0 0
lwrist 29.8709 0 0
lhand -21.2006 -6.01909 0.0238907
lfingers 7.12502 -0 0
lthumb 5.1803 23.8877 0.0214377
rclavicle -2.27466e-14 2.39109e-14 5.09231e-31
rhumerus -37.6426 -8.85629 -17.7604
rradius 99.4298 -0 0
rwrist -11.4549 0 0
rhand -33.7532 -41.7008 -0.0180956
rfingers 7.12502 -0 0
rthumb -6.9412 -71.563 -0.0177778
694
root 5.28404 18.377 3.27916 12.9431 -48.1354 2.6351
lfemur -48.6496 16.0192 23.6617
ltibia 127.854 0 0
lfoot 9.4545 -3.79564 0
ltoes 31.4192 0 0
rfemur -7.34891 -0.813442 13.3576
rtibia 7.35611 0 0
rfoot 9.30141 3.01439 0
rtoes 2.28523 0 0
lowerback 2.87269 -4.35974 -2.39968
upperback -1.78742 -6.03466 -2.49384
thorax -3.47194 -2.99195 -0.878139
lowerneck -6.28927 -4.67653 -0.030423
upperneck 4.18259 -6.58885 5.37366
head 2.62986 -3.12317 1.45119
lclavicle -2.46493e-14 2.54444e-14 0
lhumerus 32.119 -27.3575 13.0528
lradius 81.1836 0 0
lwrist 29.9688 0 0
lhand -21.6665 -6.31201 0
lfingers 7.12502 0 0
lthumb 4.73079 23.6152 0
rclavicle -2.46493e-14 2.54444e-14 0
rhumerus -36.9419 -8.86507 -16.1018
rradius 101.093 0 0
rwrist -11.0214 0 0
rhand -34.0646 -41.3686 0
rfingers 7.12502 0 0
rthumb -7.2419 -791.225 0
695
root 5.30897 18.6071 3.49159 13.128 -50.8018 2.63786
lfemur -47.9716 14.6351 23.2142
ltibia 125.666 -0 0
lfoot 8.95335 -3.21452 -0.0178031
ltoes 31.7236 -0 0
rfemur -7.86425 -0.770207 12.6937
rtibia 7.78414 -0 0
rfoot 11.304 1.73441 -0.157695
rtoes 2.74909 -0 0
lowerback 2.9176 -4.05432 -2.40058
upperback -1.78976 -5.62673 -2.44237
thorax -3.49495 -2.78779 -0.846335
lowerneck -6.35852 -4.71746 -0.0694756
upperneck 3.93792 -6.62192 5.26475
head 2.55855 -3.14778 1.42166
lclavicle -1.51325e-14 2.50468e-14 2.31123e-31
lhumerus 30.4783 -26.3598 13.0038
lradius 79.4223 -0 0
lwrist 30.2177 0 0
lhand -21.6866 -5.97432 -0.000414639
lfingers 7.12502 -0 0
lthumb 4.71138 23.9533 -0.000400924
rclavicle -1.51325e-14 2.50468e-14 2.31123e-31
rhumerus -35.2859 -9.13981 -15.9591
rradius 100.915 -0 0
rwrist -10.543 0 0
rhand -34.2502 -41.2676 -0.00114559
rfingers 7.12502 -0 0
rthumb -7.42104 -71.1171 -0.00118049
696
root 5.3339 18.8372 3.70402 13.324 -53.4683 2.62633
lfemur -47.2866 13.2562 22.7526
ltibia 123.477 -0 0
lfoot 8.45205 -2.63327 -0.0305219
ltoes 32.0281 -0 0
rfemur -8.38005 -0.732947 12.0295
rtibia 8.21221 -0 0
rfoot 13.3096 0.4497 -0.27053
rtoes 3.21294 -0 0
lowerback 2.96248 -3.74888 -2.40124
upperback -1.79174 -5.21878 -2.39094
thorax -3.51784 -2.58361 -0.814618
lowerneck -6.42774 -4.75844 -0.108481
upperneck 3.69328 -6.65546 5.15598
head 2.48725 -3.17244 1.39216
lclavicle -5.61567e-15 2.46493e-14 3.9621e-31
lhumerus 28.8504 -25.3637 12.9235
lradius 77.6609 -0 0
lwrist 30.4666 0 0
lhand -21.7067 -5.63662 -0.00071084
lfingers 7.12502 -0 0
lthumb 4.69197 24.2914 -0.000687329
rclavicle -5.61567e-15 2.46493e-14 3.9621e-31
rhumerus -33.6293 -9.41851 -15.8243
rradius 100.737 -0 0
rwrist -10.0645 0 0
rhand -34.4358 -41.1665 -0.0019639
rfingers 7.12502 -0 0
rthumb -7.60018 -71.0093 -0.00202373
697
root 5.35883 19.0672 3.91644 13.5344 -56.1346 2.59766
lfemur -46.5939 11.8828 22.2766
ltibia 121.289 -0 0
lfoot 7.95064 -2.05192 -0.0381541
ltoes 32.3325 -0 0
rfemur -8.89624 -0.70167 11.365
rtibia 8.6403 -0 0
rfoot 15.3173 -0.838188 -0.338309
rtoes 3.67679 -0 0
lowerback 3.00735 -3.44344 -2.40165
upperback -1.79334 -4.8108 -2.33956
thorax -3.54062 -2.37941 -0.782987
lowerneck -6.49694 -4.79947 -0.147439
upperneck 3.44869 -6.68946 5.04734
head 2.41597 -3.19712 1.36269
lclavicle 3.90114e-15 2.42517e-14 4.95263e-31
lhumerus 27.234 -24.3701 12.8129
lradius 75.8996 -0 0
lwrist 30.7155 0 0
lhand -21.7268 -5.2989 -0.000888574
lfingers 7.12502 -0 0
lthumb 4.67256 24.6296 -0.000859183
rclavicle 3.90114e-15 2.42517e-14 4.95263e-31
rhumerus -31.972 -9.70094 -15.6977
rradius 100.558 -0 0
rwrist -9.58607 0 0
rhand -34.6214 -41.0655 -0.00245491
rfingers 7.12502 -0 0
rthumb -7.77933 -70.9014 -0.00252969
698
root 5.38376 19.2973 4.12887 13.7633 -58.8009 2.54792
lfemur -45.8929 10.5151 21.786
ltibia 119.101 -0 0
lfoot 7.44918 -1.47053 -0.0406983
ltoes 32.637 -0 0
rfemur -9.41276 -0.676382 10.7002
rtibia 9.06841 -0 0
rfoot 17.326 -2.12766 -0.360915
rtoes 4.14065 -0 0
lowerback 3.05221 -3.13799 -2.40183
upperback -1.79458 -4.4028 -2.28821
thorax -3.56328 -2.1752 -0.751441
lowerneck -6.56612 -4.84054 -0.18635
upperneck 3.20414 -6.72391 4.93884
head 2.34469 -3.22185 1.33325
lclavicle 1.34179e-14 2.38541e-14 5.2828e-31
lhumerus 25.6279 -23.3797 12.6727
lradius 74.1383 -0 0
lwrist 30.9645 0 0
lhand -21.7469 -4.96117 -0.00094782
lfingers 7.12502 -0 0
lthumb 4.65315 24.9677 -0.00091647
rclavicle 1.34179e-14 2.38541e-14 5.2828e-31
rhumerus -30.3138 -9.98687 -15.5793
rradius 100.38 -0 0
rwrist -9.10763 0 0
rhand -34.807 -40.9644 -0.00261858
rfingers 7.12502 -0 0
rthumb -7.95848 -70.7935 -0.00269835
699
root 5.40869 19.5274 4.3413 14.0164 -61.4671 2.47168
lfemur -45.1829 9.15348 21.2805
ltibia 116.912 -0 0
lfoot 6.94773 -0.889146 -0.0381541
ltoes 32.9415 -0 0
rfemur -9.92953 -0.65709 10.0353
rtibia 9.49651 -0 0
rfoot 19.3346 -3.41714 -0.338309
rtoes 4.6045 -0 0
lowerback 3.09705 -2.83254 -2.40177
upperback -1.79545 -3.99481 -2.23691
thorax -3.58582 -1.97098 -0.719981
lowerneck -6.63527 -4.88166 -0.225213
upperneck 2.95964 -6.75883 4.83048
head 2.27343 -3.24661 1.30384
lclavicle 2.29348e-14 2.34566e-14 4.95263e-31
lhumerus 24.0308 -22.3933 12.5035
lradius 72.3769 -0 0
lwrist 31.2134 0 0
lhand -21.767 -4.62345 -0.000888574
lfingers 7.12502 -0 0
lthumb 4.63373 25.3058 -0.000859183
rclavicle 2.29348e-14 2.34566e-14 4.95263e-31
rhumerus -28.6549 -10.276 -15.4693
rradius 100.202 -0 0
rwrist -8.62919 0 0
rhand -34.9927 -40.8634 -0.00245491
rfingers 7.12502 -0 0
rthumb -8.13762 -70.6856 -0.00252969
700
root 5.43362 19.7574 4.55373 14.3016 -64.1331 2.36123
lfemur -44.4634 7.79817 20.7599
ltibia 114.724 -0 0
lfoot 6.44632 -0.307803 -0.0305219
ltoes 33.2459 -0 0
rfemur -10.4465 -0.643796 9.37016
rtibia 9.9246 -0 0
rfoot 21.3423 -4.70503 -0.27053
rtoes 5.06836 -0 0
lowerback 3.14188 -2.52709 -2.40147
upperback -1.79596 -3.58682 -2.18563
thorax -3.60825 -1.76675 -0.688604
lowerneck -6.7044 -4.92283 -0.264029
upperneck 2.71519 -6.79421 4.72226
head 2.20217 -3.27141 1.27446
lclavicle 3.24516e-14 2.3059e-14 3.9621e-31
lhumerus 22.4416 -21.4116 12.306
lradius 70.6156 -0 0
lwrist 31.4623 0 0
lhand -21.7871 -4.28573 -0.00071084
lfingers 7.12502 -0 0
lthumb 4.61432 25.644 -0.000687329
rclavicle 3.24516e-14 2.3059e-14 3.9621e-31
rhumerus -26.9949 -10.5682 -15.3677
rradius 100.024 -0 0
rwrist -8.15074 0 0
rhand -35.1783 -40.7624 -0.0019639
rfingers 7.12502 -0 0
rthumb -8.31677 -70.5777 -0.00202373
701
root 5.45855 19.9875 4.76615 14.6305 -66.7987 2.20524
lfemur -43.7336 6.44948 20.2237
ltibia 112.535 -0 0
lfoot 5.94502 0.273451 -0.0178031
ltoes 33.5504 -0 0
rfemur -10.9636 -0.636504 8.70495
rtibia 10.3527 -0 0
rfoot 23.3479 -5.98974 -0.157695
rtoes 5.53221 -0 0
lowerback 3.1867 -2.22165 -2.40093
upperback -1.7961 -3.17886 -2.13438
thorax -3.63057 -1.56251 -0.657312
lowerneck -6.7735 -4.96404 -0.302797
upperneck 2.4708 -6.83004 4.6142
head 2.13093 -3.29624 1.24511
lclavicle 4.19684e-14 2.26615e-14 2.31123e-31
lhumerus 20.8592 -20.4353 12.0808
lradius 68.8542 -0 0
lwrist 31.7112 0 0
lhand -21.8072 -3.94803 -0.000414639
lfingers 7.12502 -0 0
lthumb 4.59491 25.9821 -0.000400924
rclavicle 4.19684e-14 2.26615e-14 2.31123e-31
rhumerus -25.3338 -10.8632 -15.2747
rradius 99.8458 -0 0
rwrist -7.6723 0 0
rhand -35.3639 -40.6613 -0.00114559
rfingers 7.12502 -0 0
rthumb -8.49591 -70.4699 -0.00118049
702
root 5.48348 20.2176 4.97858 15.0206 -69.4639 1.98645
lfemur -42.9929 5.10773 19.6715
ltibia 110.347 0 0
lfoot 5.44387 0.854572 0
ltoes 33.8548 0 0
rfemur -11.4807 -0.635216 8.03971
rtibia 10.7807 0 0
rfoot 25.3505 -7.26972 0
rtoes 5.99607 0 0
lowerback 3.23151 -1.91623 -2.40015
upperback -1.79587 -2.77093 -2.08316
thorax -3.65277 -1.35826 -0.626102
lowerneck -6.84258 -5.0053 -0.341518
upperneck 2.22647 -6.86633 4.50628
head 2.0597 -3.32111 1.21579
lclavicle 5.14852e-14 2.22639e-14 0
lhumerus 19.2824 -19.4652 11.8285
lradius 67.0929 0 0
lwrist 31.9601 0 0
lhand -21.8273 -3.61034 0
lfingers 7.12502 0 0
lthumb 4.5755 26.3202 0
rclavicle 5.14852e-14 2.22639e-14 0
rhumerus -23.6716 -11.1607 -15.1904
rradius 99.6676 0 0
rwrist -7.19386 0 0
rhand -35.5495 -40.5603 0
rfingers 7.12502 0 0
rthumb -8.67505 -790.362 0
703
root 5.49108 20.3424 5.19734 14.658 -71.2965 2.25329
lfemur -42.3832 3.40509 18.8515
ltibia 106.995 -0 0
lfoot 5.411 0.0814103 0.00199858
ltoes 33.6768 -0 0
rfemur -13.4716 -0.520114 7.2535
rtibia 17.6747 -0 0
rfoot 24.7636 -8.23083 0.0444188
rtoes 9.03272 -0 0
lowerback 3.54104 -1.8166 -2.35318
upperback -1.73535 -2.64226 -2.03512
thorax -3.76529 -1.29386 -0.605937
lowerneck -6.82951 -5.10492 -0.523884
upperneck 1.99409 -6.9788 4.54318
head 1.99502 -3.38185 1.25729
lclavicle 4.62373e-14 1.66979e-14 -2.29413e-30
lhumerus 17.705 -19.6638 12.1024
lradius 65.0797 -0 0
lwrist 31.1879 0 0
lhand -21.7656 -3.56007 0.00024343
lfingers 7.12502 -0 0
lthumb 4.63504 26.3691 0.000228672
rclavicle 4.62373e-14 1.66979e-14 -2.29413e-30
rhumerus -22.5499 -10.5634 -16.287
rradius 99.6315 -0 0
rwrist -7.41176 0 0
rhand -34.9556 -40.212 0.0162598
rfingers 7.12502 -0 0
rthumb -8.10167 -70.0295 0.014987
704
root 5.49868 20.4671 5.4161 14.228 -73.1284 2.58806
lfemur -41.7501 1.71141 18.0144
ltibia 103.643 -0 0
lfoot 5.3781 -0.691752 0.00355341
ltoes 33.4988 -0 0
rfemur -15.4639 -0.432404 6.46377
rtibia 24.5686 -0 0
rfoot 24.176 -9.19234 0.0789846
rtoes 12.0694 -0 0
lowerback 3.85065 -1.71721 -2.30567
upperback -1.67472 -2.51363 -1.98695
thorax -3.87778 -1.22942 -0.585898
lowerneck -6.81612 -5.20449 -0.706307
upperneck 1.76158 -7.09112 4.58055
head 1.93029 -3.44254 1.29885
lclavicle 4.09894e-14 1.1132e-14 -4.07845e-30
lhumerus 16.1246 -19.8552 12.3823
lradius 63.0664 -0 0
lwrist 30.4156 0 0
lhand -21.704 -3.50981 0.000432767
lfingers 7.12502 -0 0
lthumb 4.69458 26.418 0.00040653
rclavicle 4.09894e-14 1.1132e-14 -4.07845e-30
rhumerus -21.4422 -9.94517 -17.3695
rradius 99.5954 -0 0
rwrist -7.62967 0 0
rhand -34.3616 -39.8636 0.0289088
rfingers 7.12502 -0 0
rthumb -7.52822 -69.6969 0.0266456
705
root 5.50629 20.5919 5.63486 13.7058 -74.9595 3.01545
lfemur -41.0925 0.0272667 17.1591
ltibia 100.291 -0 0
lfoot 5.34519 -1.46492 0.00466421
ltoes 33.3209 -0 0
rfemur -17.4573 -0.372209 5.67148
rtibia 31.4626 -0 0
rfoot 23.588 -10.1542 0.103684
rtoes 15.106 -0 0
lowerback 4.16034 -1.61808 -2.25762
upperback -1.61399 -2.38506 -1.93864
thorax -3.99026 -1.16494 -0.565986
lowerneck -6.80241 -5.30403 -0.888786
upperneck 1.52892 -7.20329 4.61839
head 1.86552 -3.50318 1.34049
lclavicle 3.57415e-14 5.56599e-15 -5.35296e-30
lhumerus 14.5414 -20.0393 12.6681
lradius 61.0532 -0 0
lwrist 29.6434 0 0
lhand -21.6423 -3.45954 0.000568007
lfingers 7.12502 -0 0
lthumb 4.75412 26.4669 0.000533571
rclavicle 3.57415e-14 5.56599e-15 -5.35296e-30
rhumerus -20.3485 -9.30663 -18.4376
rradius 99.5593 -0 0
rwrist -7.84758 0 0
rhand -33.7676 -39.5151 0.0379451
rfingers 7.12502 -0 0
rthumb -6.95471 -69.3641 0.0349743
706
root 5.51389 20.7166 5.85362 13.0531 -76.7892 3.57377
lfemur -40.4096 -1.64676 16.2842
ltibia 96.9386 -0 0
lfoot 5.31226 -2.23808 0.00533077
ltoes 33.1429 -0 0
rfemur -19.4512 -0.339612 4.87757
rtibia 38.3565 -0 0
rfoot 22.9996 -11.1162 0.118508
rtoes 18.1427 -0 0
lowerback 4.47011 -1.51921 -2.20904
upperback -1.55316 -2.25653 -1.8902
thorax -4.1027 -1.10042 -0.546201
lowerneck -6.78838 -5.40352 -1.07132
upperneck 1.29613 -7.31531 4.65669
head 1.80069 -3.56378 1.3822
lclavicle 3.04936e-14 2e-20 -6.11767e-30
lhumerus 12.9554 -20.2159 12.9595
lradius 59.0399 -0 0
lwrist 28.8712 0 0
lhand -21.5807 -3.40927 0.000649152
lfingers 7.12502 -0 0
lthumb 4.81366 26.5158 0.000609797
rclavicle 3.04936e-14 2e-20 -6.11767e-30
rhumerus -19.269 -8.64825 -19.4913
rradius 99.5232 -0 0
rwrist -8.0655 0 0
rhand -33.1735 -39.1665 0.0433674
rfingers 7.12502 -0 0
rthumb -6.38116 -69.0313 0.0399719
707
root 5.52149 20.8414 6.07238 12.2069 -78.617 4.32584
lfemur -39.7003 -3.31004 15.3882
ltibia 93.5865 -0 0
lfoot 5.27933 -3.01124 0.00555297
ltoes 32.9649 -0 0
rfemur -21.4454 -0.33466 4.08302
rtibia 45.2504 -0 0
rfoot 22.411 -12.0783 0.123449
rtoes 21.1793 -0 0
lowerback 4.77996 -1.4206 -2.15993
upperback -1.49222 -2.12806 -1.84163
thorax -4.21512 -1.03586 -0.526544
lowerneck -6.77402 -5.50297 -1.25391
upperneck 1.0632 -7.42718 4.69547
head 1.73582 -3.62433 1.42398
lclavicle 2.52456e-14 -5.56595e-15 -6.37257e-30
lhumerus 11.3668 -20.3848 13.2563
lradius 57.0267 -0 0
lwrist 28.099 0 0
lhand -21.519 -3.359 0.000676201
lfingers 7.12502 -0 0
lthumb 4.87321 26.5647 0.000635205
rclavicle 2.52456e-14 -5.56595e-15 -6.37257e-30
rhumerus -18.2038 -7.9705 -20.5305
rradius 99.4871 -0 0
rwrist -8.28342 0 0
rhand -32.5794 -38.8179 0.0451749
rfingers 7.12502 -0 0
rthumb -5.80759 -68.6985 0.0416379
708
root 5.52909 20.9662 6.29114 11.0567 -80.4418 5.38231
lfemur -38.9635 -4.96189 14.4698
ltibia 90.2343 -0 0
lfoot 5.2464 -3.78441 0.00533077
ltoes 32.7869 -0 0
rfemur -23.4395 -0.357358 3.28877
rtibia 52.1444 -0 0
rfoot 21.8224 -13.0404 0.118508
rtoes 24.216 -0 0
lowerback 5.08988 -1.32226 -2.11028
upperback -1.43118 -1.99964 -1.79293
thorax -4.32752 -0.971259 -0.507013
lowerneck -6.75935 -5.60237 -1.43656
upperneck 0.830141 -7.53889 4.73472
head 1.6709 -3.68483 1.46583
lclavicle 1.99977e-14 -1.11319e-14 -6.11767e-30
lhumerus 9.77544 -20.546 13.5584
lradius 55.0134 -0 0
lwrist 27.3267 0 0
lhand -21.4573 -3.30874 0.000649152
lfingers 7.12502 -0 0
lthumb 4.93275 26.6136 0.000609797
rclavicle 1.99977e-14 -1.11319e-14 -6.11767e-30
rhumerus -17.1528 -7.27387 -21.5552
rradius 99.4511 -0 0
rwrist -8.50134 0 0
rhand -31.9853 -38.4693 0.0433674
rfingers 7.12502 -0 0
rthumb -5.23402 -68.3657 0.0399719
709
root 5.53669 21.0909 6.5099 9.38832 -82.2614 6.9572
lfemur -38.198 -6.6016 13.5274
ltibia 86.8822 -0 0
lfoot 5.21347 -4.55757 0.00466421
ltoes 32.6089 -0 0
rfemur -25.433 -0.407677 2.4958
rtibia 59.0384 -0 0
rfoot 21.234 -14.0025 0.103684
rtoes 27.2526 -0 0
lowerback 5.39987 -1.22419 -2.06011
upperback -1.37003 -1.87127 -1.7441
thorax -4.4399 -0.906624 -0.48761
lowerneck -6.74436 -5.70173 -1.61926
upperneck 0.596942 -7.65044 4.77443
head 1.60592 -3.74529 1.50776
lclavicle 1.47498e-14 -1.66979e-14 -5.35296e-30
lhumerus 8.18159 -20.6992 13.8654
lradius 53.0002 -0 0
lwrist 26.5545 0 0
lhand -21.3957 -3.25847 0.000568007
lfingers 7.12502 -0 0
lthumb 4.99229 26.6625 0.000533571
rclavicle 1.47498e-14 -1.66979e-14 -5.35296e-30
rhumerus -16.1162 -6.55886 -22.5653
rradius 99.415 -0 0
rwrist -8.71926 0 0
rhand -31.3912 -38.1207 0.0379451
rfingers 7.12502 -0 0
rthumb -4.66047 -68.0329 0.0349743
710
root 5.5443 21.2157 6.72866 6.72868 -84.0711 9.52353
lfemur -37.4026 -8.22838 12.5594
ltibia 83.5301 -0 0
lfoot 5.18056 -5.33074 0.00355341
ltoes 32.431 -0 0
rfemur -27.4257 -0.485544 1.70504
rtibia 65.9323 -0 0
rfoot 20.646 -14.9643 0.0789846
rtoes 30.2893 -0 0
lowerback 5.70992 -1.12639 -2.00941
upperback -1.30878 -1.74295 -1.69513
thorax -4.55225 -0.84195 -0.468333
lowerneck -6.72904 -5.80103 -1.80202
upperneck 0.363609 -7.76183 4.81461
head 1.54091 -3.8057 1.54975
lclavicle 9.5019e-15 -2.22639e-14 -4.07845e-30
lhumerus 6.58531 -20.8443 14.1772
lradius 50.9869 -0 0
lwrist 25.7823 0 0
lhand -21.334 -3.2082 0.000432767
lfingers 7.12502 -0 0
lthumb 5.05183 26.7114 0.00040653
rclavicle 9.5019e-15 -2.22639e-14 -4.07845e-30
rhumerus -15.0937 -5.82595 -23.5608
rradius 99.3789 -0 0
rwrist -8.93717 0 0
rhand -30.7972 -37.7722 0.0289088
rfingers 7.12502 -0 0
rthumb -4.08696 -67.7001 0.0266456
711
root 5.5519 21.3404 6.94742 1.79901 -85.8577 14.36
lfemur -36.5757 -9.84141 11.5642
ltibia 80.178 -0 0
lfoot 5.14766 -6.1039 0.00199858
ltoes 32.253 -0 0
rfemur -29.4172 -0.590852 0.917459
rtibia 72.8263 -0 0
rfoot 20.0584 -15.9258 0.0444188
rtoes 33.3259 -0 0
lowerback 6.02003 -1.02888 -1.95819
upperback -1.24743 -1.61469 -1.64603
thorax -4.66457 -0.77724 -0.449184
lowerneck -6.71341 -5.90029 -1.98483
upperneck 0.130141 -7.87305 4.85526
head 1.47584 -3.86606 1.59182
lclavicle 4.25399e-15 -2.78298e-14 -2.29413e-30
lhumerus 4.98671 -20.9813 14.4935
lradius 48.9736 -0 0
lwrist 25.01 0 0
lhand -21.2724 -3.15794 0.00024343
lfingers 7.12502 -0 0
lthumb 5.11137 26.7603 0.000228672
rclavicle 4.25399e-15 -2.78298e-14 -2.29413e-30
rhumerus -14.0855 -5.07561 -24.5418
rradius 99.3428 -0 0
rwrist -9.15508 0 0
rhand -30.2032 -37.4238 0.0162598
rfingers 7.12502 -0 0
rthumb -3.51351 -67.3675 0.014987
712
root 5.5595 21.4652 7.16618 -10.2295 -87.5699 26.2955
lfemur -35.7161 -11.4398 10.5402
ltibia 76.8259 0 0
lfoot 5.11479 -6.87706 0
ltoes 32.075 0 0
rfemur -31.4071 -0.723453 0.133994
rtibia 79.7202 0 0
rfoot 19.4715 -16.8869 0
rtoes 36.3626 0 0
lowerback 6.3302 -0.931647 -1.90644
upperback -1.18597 -1.48648 -1.59679
thorax -4.77687 -0.712493 -0.430163
lowerneck -6.69745 -5.99949 -2.1677
upperneck -0.10346 -7.9841 4.89637
head 1.41072 -3.92637 1.63396
lclavicle -9.93923e-16 -3.33958e-14 0
lhumerus 3.3859 -21.11 14.814
lradius 46.9604 0 0
lwrist 24.2378 0 0
lhand -21.2107 -3.10767 0
lfingers 7.12502 0 0
lthumb 5.17091 26.8092 0
rclavicle -9.93923e-16 -3.33958e-14 0
rhumerus -13.0914 -4.30833 -25.5084
rradius 99.3067 0 0
rwrist -9.37298 0 0
rhand -29.6093 -37.0755 0
rfingers 7.12502 0 0
rthumb -2.94013 -787.035 0
713
root 5.53939 21.5033 7.37602 -44.6884 -88.7415 60.8466
lfemur -34.9956 -12.498 9.82684
ltibia 72.9483 0 0
lfoot 5.88796 -7.45612 0
ltoes 31.4781 0 0
rfemur -32.4126 -0.866112 -0.557946
rtibia 85.7264 0 0
rfoot 20.2108 -17.8752 0
rtoes 38.6021 0 0
lowerback 6.25975 -0.823868 -1.884
upperback -1.21556 -1.33879 -1.58353
thorax -4.76869 -0.63977 -0.445101
lowerneck -6.74521 -6.14589 -2.26055
upperneck -0.212131 -8.17026 4.91549
head 1.39624 -4.02082 1.64825
lclavicle -1.2921e-14 -4.41302e-14 0
lhumerus 1.71129 -20.9172 15.4022
lradius 45.9936 0 0
lwrist 23.5511 0 0
lhand -21.4933 -3.18174 0
lfingers 7.12502 0 0
lthumb 4.89802 26.7416 0
rclavicle -1.2921e-14 -4.41302e-14 0
rhumerus -12.3454 -3.453 -26.3227
rradius 99.2425 0 0
rwrist -9.46951 0 0
rhand -28.5883 -36.048 0
rfingers 7.12502 0 0
rthumb -1.95411 -786.019 0
714
root 5.51632 21.5248 7.5857 -114.811 -88.5347 131.091
lfemur -34.2732 -13.513 9.15372
ltibia 69.0394 0 0
lfoot 6.68345 -8.29926 0
ltoes 30.7132 0 0
rfemur -33.219 -1.14835 -1.23526
rtibia 91.4966 0 0
rfoot 20.8563 -19.1874 0
rtoes 40.821 0 0
lowerback 6.14711 -0.699867 -1.84115
upperback -1.26194 -1.16723 -1.5753
thorax -4.75466 -0.555866 -0.47938
lowerneck -6.80973 -6.29731 -2.34534
upperneck -0.317173 -8.36323 4.91648
head 1.38488 -4.11871 1.65447
lclavicle 3.77691e-15 -7.95139e-16 0
lhumerus -0.00677256 -20.6113 16.0088
lradius 45.2287 0 0
lwrist 22.9737 0 0
lhand -21.8284 -3.2593 0
lfingers 7.12502 0 0
lthumb 4.57444 26.6713 0
rclavicle 3.77691e-15 -7.95139e-16 0
rhumerus -11.6072 -2.62759 -27.0112
rradius 99.2225 0 0
rwrist -9.63092 0 0
rhand -27.5551 -34.9797 0
rfingers 7.12502 0 0
rthumb -0.956194 -784.957 0
715
root 5.45689 21.4407 7.75594 -19.4075 -87.6958 35.5574
lfemur -34.2408 -12.9601 8.73243
ltibia 68.7822 -0 0
lfoot 6.20609 -7.81734 -0.13061
ltoes 30.5916 -0 0
rfemur -32.8652 -1.49086 -0.804272
rtibia 90.8953 -0 0
rfoot 20.2192 -19.4492 0.0947573
rtoes 39.8187 -0 0
lowerback 6.06602 -0.614267 -1.83198
upperback -1.25796 -1.04943 -1.61506
thorax -4.70141 -0.498426 -0.528749
lowerneck -6.7848 -6.30974 -2.32558
upperneck -0.357922 -8.37817 4.93052
head 1.36801 -4.12575 1.65672
lclavicle 3.60337e-15 -1.11067e-15 -2.96269e-32
lhumerus -0.837679 -21.058 17.2098
lradius 45.6333 -0 0
lwrist 22.7866 0 0
lhand -21.7947 -3.30794 -0.000885999
lfingers 7.12502 -0 0
lthumb 4.60694 26.6218 -0.000870569
rclavicle 3.60337e-15 -1.11067e-15 -2.96269e-32
rhumerus -11.2455 -1.78884 -28.1374
rradius 98.9197 -0 0
rwrist -9.37177 0 0
rhand -27.4736 -34.7362 0.010802
rfingers 7.12502 -0 0
rthumb -0.877513 -64.7129 0.010457
716
root 5.39746 21.3567 7.92618 -2.38971 -85.0331 18.4093
lfemur -34.2127 -12.4069 8.31238
ltibia 68.525 -0 0
lfoot 5.72765 -7.33435 -0.257195
ltoes 30.47 -0 0
rfemur -32.5139 -1.83602 -0.375333
rtibia 90.2941 -0 0
rfoot 19.5816 -19.712 0.186597
rtoes 38.8164 -0 0
lowerback 5.98495 -0.528654 -1.82292
upperback -1.25406 -0.931631 -1.65482
thorax -4.64821 -0.44094 -0.578064
lowerneck -6.75988 -6.32217 -2.30583
upperneck -0.398676 -8.39309 4.94457
head 1.35115 -4.13279 1.65897
lclavicle 3.42983e-15 -1.4262e-15 -5.82981e-32
lhumerus -1.68094 -21.4883 18.4212
lradius 46.0379 -0 0
lwrist 22.5994 0 0
lhand -21.7611 -3.35657 -0.00174343
lfingers 7.12502 -0 0
lthumb 4.63943 26.5723 -0.00171306
rclavicle 3.42983e-15 -1.4262e-15 -5.82981e-32
rhumerus -10.9006 -0.943173 -29.258
rradius 98.6168 -0 0
rwrist -9.11262 0 0
rhand -27.3921 -34.4927 0.0212578
rfingers 7.12502 -0 0
rthumb -0.798788 -64.4689 0.0205787
717
root 5.33803 21.2726 8.09642 2.55204 -82.2393 13.337
lfemur -34.1888 -11.8536 7.89347
ltibia 68.2679 -0 0
lfoot 5.24816 -6.85031 -0.379739
ltoes 30.3484 -0 0
rfemur -32.1651 -2.18378 0.0515716
rtibia 89.6928 -0 0
rfoot 18.9436 -19.9758 0.275505
rtoes 37.8142 -0 0
lowerback 5.9039 -0.443028 -1.81399
upperback -1.25024 -0.813827 -1.69457
thorax -4.59505 -0.383408 -0.627326
lowerneck -6.73496 -6.33462 -2.28608
upperneck -0.439436 -8.40801 4.95863
head 1.33428 -4.13983 1.66122
lclavicle 3.25628e-15 -1.74173e-15 -8.60136e-32
lhumerus -2.5363 -21.9018 19.6429
lradius 46.4424 -0 0
lwrist 22.4123 0 0
lhand -21.7274 -3.40521 -0.00257228
lfingers 7.12502 -0 0
lthumb 4.67193 26.5228 -0.00252749
rclavicle 3.25628e-15 -1.74173e-15 -8.60136e-32
rhumerus -10.5723 -0.0909348 -30.3732
rradius 98.314 -0 0
rwrist -8.85347 0 0
rhand -27.3106 -34.2492 0.031367
rfingers 7.12502 -0 0
rthumb -0.720021 -64.2248 0.030365
718
root 5.2786 21.1886 8.26667 4.83689 -79.4177 10.9212
lfemur -34.169 -11.3001 7.47563
ltibia 68.0107 -0 0
lfoot 4.76764 -6.36525 -0.498223
ltoes 30.2268 -0 0
rfemur -31.8188 -2.53413 0.476456
rtibia 89.0915 -0 0
rfoot 18.3053 -20.2407 0.361469
rtoes 36.8119 -0 0
lowerback 5.82285 -0.35739 -1.80518
upperback -1.2465 -0.696021 -1.7343
thorax -4.54195 -0.32583 -0.676534
lowerneck -6.71005 -6.34707 -2.26633
upperneck -0.480201 -8.42292 4.9727
head 1.31741 -4.14687 1.66347
lclavicle 3.08274e-15 -2.05726e-15 -1.12773e-31
lhumerus -3.40344 -22.2982 20.8746
lradius 46.847 -0 0
lwrist 22.2251 0 0
lhand -21.6938 -3.45385 -0.00337256
lfingers 7.12502 -0 0
lthumb 4.70443 26.4733 -0.00331383
rclavicle 3.08274e-15 -2.05726e-15 -1.12773e-31
rhumerus -10.2606 0.767519 -31.4837
rradius 98.0111 -0 0
rwrist -8.59432 0 0
rhand -27.229 -34.0057 0.0411295
rfingers 7.12502 -0 0
rthumb -0.641213 -63.9807 0.0398157
719
root 5.21917 21.1045 8.43691 6.1327 -76.5858 9.49386
lfemur -34.1534 -10.7465 7.05876
ltibia 67.7535 -0 0
lfoot 4.28612 -5.87921 -0.612631
ltoes 30.1052 -0 0
rfemur -31.475 -2.88703 0.899336
rtibia 88.4902 -0 0
rfoot 17.6665 -20.5064 0.444477
rtoes 35.8096 -0 0
lowerback 5.74182 -0.271739 -1.79649
upperback -1.24285 -0.578212 -1.77403
thorax -4.4889 -0.268207 -0.725688
lowerneck -6.68514 -6.35953 -2.24659
upperneck -0.520972 -8.43782 4.98678
head 1.30054 -4.15391 1.66573
lclavicle 2.9092e-15 -2.37279e-15 -1.38578e-31
lhumerus -4.28206 -22.6772 22.1162
lradius 47.2516 -0 0
lwrist 22.038 0 0
lhand -21.6601 -3.50249 -0.00414427
lfingers 7.12502 -0 0
lthumb 4.73693 26.4238 -0.0040721
rclavicle 2.9092e-15 -2.37279e-15 -1.38578e-31
rhumerus -9.96545 1.63184 -32.5898
rradius 97.7083 -0 0
rwrist -8.33517 0 0
rhand -27.1473 -33.7622 0.0505451
rfingers 7.12502 -0 0
rthumb -0.562366 -63.7366 0.0489305
720
root 5.15974 21.0204 8.60715 6.95485 -73.749 8.53938
lfemur -34.1419 -10.1928 6.6428
ltibia 67.4963 -0 0
lfoot 3.80364 -5.39221 -0.722947
ltoes 29.9836 -0 0
rfemur -31.1338 -3.24245 1.32023
rtibia 87.889 -0 0
rfoot 17.0273 -20.7731 0.524516
rtoes 34.8073 -0 0
lowerback 5.66081 -0.186077 -1.78792
upperback -1.23927 -0.4604 -1.81375
thorax -4.43589 -0.210539 -0.774788
lowerneck -6.66023 -6.372 -2.22686
upperneck -0.561749 -8.4527 5.00087
head 1.28368 -4.16095 1.66799
lclavicle 2.73566e-15 -2.68833e-15 -1.63426e-31
lhumerus -5.17178 -23.0384 23.3673
lradius 47.6562 -0 0
lwrist 21.8508 0 0
lhand -21.6264 -3.55113 -0.0048874
lfingers 7.12502 -0 0
lthumb 4.76943 26.3743 -0.00480229
rclavicle 2.73566e-15 -2.68833e-15 -1.63426e-31
rhumerus -9.68695 2.50169 -33.6921
rradius 97.4054 -0 0
rwrist -8.07602 0 0
rhand -27.0656 -33.5186 0.0596135
rfingers 7.12502 -0 0
rthumb -0.48348 -63.4924 0.0577092
721
root 5.10031 20.9364 8.77739 7.51385 -70.9096 7.84711
lfemur -34.1346 -9.63906 6.22765
ltibia 67.2391 -0 0
lfoot 3.32022 -4.90428 -0.829153
ltoes 29.862 -0 0
rfemur -30.795 -3.60036 1.73915
rtibia 87.2877 -0 0
rfoot 16.3878 -21.0406 0.601574
rtoes 33.805 -0 0
lowerback 5.57981 -0.100402 -1.77947
upperback -1.23578 -0.342586 -1.85346
thorax -4.38294 -0.152825 -0.823836
lowerneck -6.63532 -6.38448 -2.20713
upperneck -0.602531 -8.46758 5.01498
head 1.26681 -4.16799 1.67025
lclavicle 2.56211e-15 -3.00386e-15 -1.87319e-31
lhumerus -6.07223 -23.3816 24.6276
lradius 48.0608 -0 0
lwrist 21.6637 0 0
lhand -21.5928 -3.59977 -0.00560196
lfingers 7.12502 -0 0
lthumb 4.80193 26.3248 -0.00550441
rclavicle 2.56211e-15 -3.00386e-15 -1.87319e-31
rhumerus -9.42504 3.37672 -34.791
rradius 97.1026 -0 0
rwrist -7.81687 0 0
rhand -26.9839 -33.2751 0.0683347
rfingers 7.12502 -0 0
rthumb -0.404557 -63.2483 0.0661518
722
root 5.04088 20.8523 8.94763 7.91153 -68.0685 7.31505
lfemur -34.1312 -9.08525 5.81323
ltibia 66.9819 -0 0
lfoot 2.83591 -4.41547 -0.931236
ltoes 29.7404 -0 0
rfemur -30.4588 -3.96072 2.15611
rtibia 86.6864 -0 0
rfoot 15.7479 -21.309 0.675641
rtoes 32.8028 -0 0
lowerback 5.49882 -0.0147149 -1.77115
upperback -1.23237 -0.22477 -1.89317
thorax -4.33004 -0.0950656 -0.872829
lowerneck -6.61042 -6.39696 -2.18741
upperneck -0.643319 -8.48245 5.02909
head 1.24994 -4.17503 1.67251
lclavicle 2.38857e-15 -3.31939e-15 -2.10256e-31
lhumerus -6.98299 -23.7064 25.8969
lradius 48.4654 -0 0
lwrist 21.4765 0 0
lhand -21.5591 -3.64841 -0.00628794
lfingers 7.12502 -0 0
lthumb 4.83443 26.2753 -0.00617844
rclavicle 2.38857e-15 -3.31939e-15 -2.10256e-31
rhumerus -9.17974 4.2566 -35.8869
rradius 96.7997 -0 0
rwrist -7.55772 0 0
rhand -26.9022 -33.0315 0.0767084
rfingers 7.12502 -0 0
rthumb -0.325599 -63.0042 0.074258
723
root 4.98145 20.7682 9.11787 8.20305 -65.2264 6.88785
lfemur -34.132 -8.53144 5.39946
ltibia 66.7248 -0 0
lfoot 2.35072 -3.92579 -1.02918
ltoes 29.6188 -0 0
rfemur -30.125 -4.32351 2.57114
rtibia 86.0851 -0 0
rfoot 15.1076 -21.5782 0.746704
rtoes 31.8005 -0 0
lowerback 5.41784 0.0709835 -1.76294
upperback -1.22904 -0.106952 -1.93287
thorax -4.27718 -0.0372612 -0.921769
lowerneck -6.58553 -6.40946 -2.16769
upperneck -0.684112 -8.49731 5.04322
head 1.23307 -4.18207 1.67478
lclavicle 2.21503e-15 -3.63492e-15 -2.32237e-31
lhumerus -7.90363 -24.0126 27.1748
lradius 48.8699 -0 0
lwrist 21.2894 0 0
lhand -21.5255 -3.69705 -0.00694535
lfingers 7.12502 -0 0
lthumb 4.86694 26.2258 -0.0068244
rclavicle 2.21503e-15 -3.63492e-15 -2.32237e-31
rhumerus -8.95108 5.14099 -36.9805
rradius 96.4969 -0 0
rwrist -7.29857 0 0
rhand -26.8204 -32.7879 0.0847344
rfingers 7.12502 -0 0
rthumb -0.246608 -62.76 0.0820276
724
root 4.92202 20.6842 9.28811 8.42087 -62.3835 6.53285
lfemur -34.1368 -7.97764 4.98627
ltibia 66.4676 -0 0
lfoot 1.8647 -3.43529 -1.12297
ltoes 29.4972 -0 0
rfemur -29.7937 -4.68869 2.98425
rtibia 85.4839 -0 0
rfoot 14.467 -21.8482 0.814755
rtoes 30.7982 -0 0
lowerback 5.33688 0.156693 -1.75486
upperback -1.2258 0.0108693 -1.97256
thorax -4.22438 0.0205883 -0.970656
lowerneck -6.56063 -6.42196 -2.14797
upperneck -0.724911 -8.51216 5.05736
head 1.2162 -4.1891 1.67704
lclavicle 2.04149e-15 -3.95045e-15 -2.53262e-31
lhumerus -8.83367 -24.2998 28.4608
lradius 49.2745 -0 0
lwrist 21.1022 0 0
lhand -21.4918 -3.74569 -0.00757417
lfingers 7.12502 -0 0
lthumb 4.89944 26.1763 -0.00744227
rclavicle 2.04149e-15 -3.95045e-15 -2.53262e-31
rhumerus -8.73907 6.02958 -38.0722
rradius 96.194 -0 0
rwrist -7.03942 0 0
rhand -26.7385 -32.5443 0.0924127
rfingers 7.12502 -0 0
rthumb -0.167584 -62.5158 0.0894606
725
root 4.86259 20.6001 9.45835 8.58532 -59.5402 6.22955
lfemur -34.1456 -7.42389 4.57357
ltibia 66.2104 -0 0
lfoot 1.37789 -2.94399 -1.2126
ltoes 29.3756 -0 0
rfemur -29.4648 -5.05625 3.39545
rtibia 84.8826 -0 0
rfoot 13.8261 -22.1189 0.879782
rtoes 29.7959 -0 0
lowerback 5.25592 0.242415 -1.7469
upperback -1.22263 0.128692 -2.01224
thorax -4.17162 0.0784828 -1.01949
lowerneck -6.53574 -6.43448 -2.12826
upperneck -0.765716 -8.527 5.07151
head 1.19933 -4.19614 1.67931
lclavicle 1.86795e-15 -4.26598e-15 -2.73332e-31
lhumerus -9.77261 -24.5679 29.7547
lradius 49.6791 -0 0
lwrist 20.9151 0 0
lhand -21.4581 -3.79433 -0.00817442
lfingers 7.12502 -0 0
lthumb 4.93194 26.1268 -0.00803207
rclavicle 1.86795e-15 -4.26598e-15 -2.73332e-31
rhumerus -8.54379 6.92201 -39.1625
rradius 95.8912 -0 0
rwrist -6.78026 0 0
rhand -26.6567 -32.3007 0.099743
rfingers 7.12502 -0 0
rthumb -0.0885288 -62.2716 0.0965567
726
root 4.80316 20.5161 9.6286 8.70975 -56.6965 5.96438
lfemur -34.1584 -6.87022 4.16129
ltibia 65.9532 -0 0
lfoot 0.8903 -2.45194 -1.29804
ltoes 29.254 -0 0
rfemur -29.1385 -5.42614 3.80478
rtibia 84.2813 -0 0
rfoot 13.1849 -22.3904 0.941777
rtoes 28.7936 -0 0
lowerback 5.17498 0.328147 -1.73906
upperback -1.21955 0.246518 -2.05192
thorax -4.11891 0.136422 -1.06827
lowerneck -6.51086 -6.447 -2.10855
upperneck -0.806526 -8.54182 5.08567
head 1.18246 -4.20317 1.68158
lclavicle 1.6944e-15 -4.58151e-15 -2.92446e-31
lhumerus -10.7199 -24.8166 31.0559
lradius 50.0837 -0 0
lwrist 20.7279 0 0
lhand -21.4245 -3.84297 -0.00874609
lfingers 7.12502 -0 0
lthumb 4.96445 26.0773 -0.00859378
rclavicle 1.6944e-15 -4.58151e-15 -2.92446e-31
rhumerus -8.36529 7.81798 -40.2519
rradius 95.5883 -0 0
rwrist -6.52111 0 0
rhand -26.5748 -32.0571 0.106725
rfingers 7.12502 -0 0
rthumb -0.0094443 -62.0275 0.103316
727
root 4.74373 20.432 9.79884 8.80326 -53.8525 5.72802
lfemur -34.1752 -6.31665 3.74934
ltibia 65.696 -0 0
lfoot 0.401982 -1.95915 -1.37929
ltoes 29.1324 -0 0
rfemur -28.8146 -5.79833 4.21224
rtibia 83.68 -0 0
rfoot 12.5433 -22.6625 1.00073
rtoes 27.7914 -0 0
lowerback 5.09405 0.41389 -1.73134
upperback -1.21655 0.364345 -2.09159
thorax -4.06626 0.194406 -1.117
lowerneck -6.48597 -6.45953 -2.08885
upperneck -0.847341 -8.55664 5.09985
head 1.16558 -4.21021 1.68386
lclavicle 1.52086e-15 -4.89704e-15 -3.10605e-31
lhumerus -11.6751 -25.0456 32.364
lradius 50.4883 -0 0
lwrist 20.5408 0 0
lhand -21.3908 -3.89161 -0.00928918
lfingers 7.12502 -0 0
lthumb 4.99695 26.0278 -0.00912741
rclavicle 1.52086e-15 -4.89704e-15 -3.10605e-31
rhumerus -8.20364 8.71715 -41.3409
rradius 95.2855 -0 0
rwrist -6.26196 0 0
rhand -26.4929 -31.8135 0.113359
rfingers 7.12502 -0 0
rthumb 0.0696683 -61.7833 0.109738
728
root 4.6843 20.3479 9.96908 8.8723 -51.0083 5.51381
lfemur -34.196 -5.76322 3.33764
ltibia 65.4388 -0 0
lfoot -0.0870346 -1.46568 -1.45634
ltoes 29.0108 -0 0
rfemur -28.4931 -6.17281 4.61785
rtibia 83.0788 -0 0
rfoot 11.9015 -22.9353 1.05663
rtoes 26.7891 -0 0
lowerback 5.01313 0.499645 -1.72374
upperback -1.21363 0.482174 -2.13126
thorax -4.01365 0.252435 -1.16567
lowerneck -6.4611 -6.47207 -2.06916
upperneck -0.888162 -8.57145 5.11403
head 1.14871 -4.21724 1.68613
lclavicle 1.34732e-15 -5.21257e-15 -3.27807e-31
lhumerus -12.6375 -25.2547 33.6785
lradius 50.8929 -0 0
lwrist 20.3536 0 0
lhand -21.3571 -3.94026 -0.00980369
lfingers 7.12502 -0 0
lthumb 5.02945 25.9783 -0.00963296
rclavicle 1.34732e-15 -5.21257e-15 -3.27807e-31
rhumerus -8.05895 9.6192 -42.4302
rradius 94.9826 -0 0
rwrist -6.00281 0 0
rhand -26.4109 -31.5698 0.119645
rfingers 7.12502 -0 0
rthumb 0.148808 -61.539 0.115823
729
root 4.62487 20.2639 10.1393 8.92148 -48.164 5.31687
lfemur -34.2207 -5.20995 2.92613
ltibia 65.1817 -0 0
lfoot -0.576713 -0.971545 -1.52917
ltoes 28.8892 -0 0
rfemur -28.1741 -6.54953 5.02164
rtibia 82.4775 -0 0
rfoot 11.2595 -23.2087 1.10947
rtoes 25.7868 -0 0
lowerback 4.93222 0.585409 -1.71626
upperback -1.21079 0.600006 -2.17092
thorax -3.96109 0.310509 -1.21429
lowerneck -6.43622 -6.48461 -2.04947
upperneck -0.928989 -8.58625 5.12823
head 1.13184 -4.22427 1.68841
lclavicle 1.17378e-15 -5.52811e-15 -3.44054e-31
lhumerus -13.6065 -25.4437 34.9989
lradius 51.2974 -0 0
lwrist 20.1665 0 0
lhand -21.3235 -3.9889 -0.0102896
lfingers 7.12502 -0 0
lthumb 5.06196 25.9288 -0.0101104
rclavicle 1.17378e-15 -5.52811e-15 -3.44054e-31
rhumerus -7.93132 10.5238 -43.5202
rradius 94.6798 -0 0
rwrist -5.74366 0 0
rhand -26.329 -31.3262 0.125582
rfingers 7.12502 -0 0
rthumb 0.227972 -61.2948 0.12157
730
root 4.56544 20.1798 10.3096 8.95424 -45.3196 5.13352
lfemur -34.2494 -4.65688 2.51472
ltibia 64.9245 -0 0
lfoot -1.06702 -0.476791 -1.59777
ltoes 28.7677 -0 0
rfemur -27.8575 -6.92847 5.42363
rtibia 81.8762 -0 0
rfoot 10.6171 -23.4827 1.15925
rtoes 24.7845 -0 0
lowerback 4.85132 0.671185 -1.7089
upperback -1.20803 0.717839 -2.21057
thorax -3.90858 0.368627 -1.26286
lowerneck -6.41135 -6.49717 -2.02978
upperneck -0.969821 -8.60104 5.14244
head 1.11497 -4.23131 1.69069
lclavicle 1.00023e-15 -5.84364e-15 -3.59346e-31
lhumerus -14.5816 -25.6125 36.3245
lradius 51.702 -0 0
lwrist 19.9793 0 0
lhand -21.2898 -4.03754 -0.010747
lfingers 7.12502 -0 0
lthumb 5.09446 25.8793 -0.0105598
rclavicle 1.00023e-15 -5.84364e-15 -3.59346e-31
rhumerus -7.82087 11.4306 -44.6114
rradius 94.3769 -0 0
rwrist -5.48451 0 0
rhand -26.247 -31.0825 0.13117
rfingers 7.12502 -0 0
rthumb 0.307161 -61.0506 0.12698
731
root 4.50601 20.0957 10.4798 8.97313 -42.4752 4.96094
lfemur -34.2821 -4.10402 2.10334
ltibia 64.6673 -0 0
lfoot -1.55791 0.0185473 -1.66214
ltoes 28.6461 -0 0
rfemur -27.5433 -7.30961 5.82383
rtibia 81.2749 -0 0
rfoot 9.97454 -23.7572 1.20595
rtoes 23.7823 -0 0
lowerback 4.77043 0.75697 -1.70166
upperback -1.20535 0.835674 -2.25022
thorax -3.85612 0.42679 -1.31138
lowerneck -6.38648 -6.50973 -2.0101
upperneck -1.01066 -8.61582 5.15665
head 1.09809 -4.23834 1.69297
lclavicle 8.26692e-16 -6.15917e-15 -3.73681e-31
lhumerus -15.562 -25.7608 37.655
lradius 52.1066 -0 0
lwrist 19.7922 0 0
lhand -21.2561 -4.08618 -0.0111757
lfingers 7.12502 -0 0
lthumb 5.12697 25.8298 -0.0109811
rclavicle 8.26692e-16 -6.15917e-15 -3.73681e-31
rhumerus -7.72775 12.3394 -45.7046
rradius 94.0741 -0 0
rwrist -5.22536 0 0
rhand -26.165 -30.8389 0.13641
rfingers 7.12502 -0 0
rthumb 0.386371 -60.8064 0.132052
732
root 4.44658 20.0117 10.65 8.9801 -39.6307 4.79688
lfemur -34.3187 -3.55141 1.69191
ltibia 64.4101 -0 0
lfoot -2.04936 0.514435 -1.72226
ltoes 28.5245 -0 0
rfemur -27.2316 -7.69291 6.22227
rtibia 80.6737 -0 0
rfoot 9.33174 -24.0322 1.24957
rtoes 22.78 -0 0
lowerback 4.68955 0.842766 -1.69455
upperback -1.20276 0.953511 -2.28987
thorax -3.8037 0.484997 -1.35984
lowerneck -6.36162 -6.5223 -1.99043
upperneck -1.0515 -8.63059 5.17088
head 1.08122 -4.24537 1.69526
lclavicle 6.5315e-16 -6.4747e-15 -3.87061e-31
lhumerus -16.5471 -25.8885 38.9896
lradius 52.5112 -0 0
lwrist 19.605 0 0
lhand -21.2225 -4.13483 -0.0115759
lfingers 7.12502 -0 0
lthumb 5.15948 25.7803 -0.0113743
rclavicle 6.5315e-16 -6.4747e-15 -3.87061e-31
rhumerus -7.65213 13.2497 -46.8001
rradius 93.7712 -0 0
rwrist -4.96621 0 0
rhand -26.0829 -30.5952 0.141301
rfingers 7.12502 -0 0
rthumb 0.465603 -60.5621 0.136787
733
root 4.38715 19.9276 10.8203 8.97664 -36.7863 4.63954
lfemur -34.3593 -2.99907 1.28035
ltibia 64.1529 -0 0
lfoot -2.54133 1.01084 -1.77812
ltoes 28.4029 -0 0
rfemur -26.9223 -8.07834 6.61897
rtibia 80.0724 -0 0
rfoot 8.68872 -24.3078 1.2901
rtoes 21.7777 -0 0
lowerback 4.60867 0.928572 -1.68755
upperback -1.20025 1.07135 -2.32951
thorax -3.75134 0.543248 -1.40825
lowerneck -6.33675 -6.53488 -1.97076
upperneck -1.09235 -8.64535 5.18512
head 1.06434 -4.2524 1.69754
lclavicle 4.79608e-16 -6.79023e-15 -3.99485e-31
lhumerus -17.5363 -25.9956 40.3278
lradius 52.9158 -0 0
lwrist 19.4179 0 0
lhand -21.1888 -4.18347 -0.0119475
lfingers 7.12502 -0 0
lthumb 5.19198 25.7308 -0.0117395
rclavicle 4.79608e-16 -6.79023e-15 -3.99485e-31
rhumerus -7.59417 14.1612 -47.8987
rradius 93.4684 -0 0
rwrist -4.70706 0 0
rhand -26.0009 -30.3515 0.145843
rfingers 7.12502 -0 0
rthumb 0.544854 -60.3179 0.141184
734
root 4.32772 19.8436 10.9905 8.96389 -33.9418 4.48744
lfemur -34.4039 -2.44705 0.868584
ltibia 63.8957 -0 0
lfoot -3.03378 1.50771 -1.82972
ltoes 28.2813 -0 0
rfemur -26.6153 -8.46588 7.01395
rtibia 79.4711 -0 0
rfoot 8.04551 -24.5837 1.32753
rtoes 20.7754 -0 0
lowerback 4.52781 1.01439 -1.68068
upperback -1.19781 1.18919 -2.36915
thorax -3.69902 0.601544 -1.4566
lowerneck -6.3119 -6.54747 -1.95109
upperneck -1.1332 -8.6601 5.19938
head 1.04747 -4.25943 1.69983
lclavicle 3.06066e-16 -7.10576e-15 -4.10954e-31
lhumerus -18.5288 -26.0818 41.669
lradius 53.3204 -0 0
lwrist 19.2307 0 0
lhand -21.1551 -4.23211 -0.0122905
lfingers 7.12502 -0 0
lthumb 5.22449 25.6813 -0.0120765
rclavicle 3.06066e-16 -7.10576e-15 -4.10954e-31
rhumerus -7.55409 15.0737 -49.0009
rradius 93.1655 -0 0
rwrist -4.44791 0 0
rhand -25.9188 -30.1079 0.150036
rfingers 7.12502 -0 0
rthumb 0.624123 -60.0736 0.145243
735
root 4.26829 19.7595 11.1608 8.94272 -31.0974 4.33934
lfemur -34.4524 -1.89535 0.456543
ltibia 63.6386 -0 0
lfoot -3.52667 2.00503 -1.87705
ltoes 28.1597 -0 0
rfemur -26.3108 -8.8555 7.40722
rtibia 78.8698 -0 0
rfoot 7.40211 -24.8601 1.36187
rtoes 19.7731 -0 0
lowerback 4.44695 1.10021 -1.67393
upperback -1.19546 1.30703 -2.40879
thorax -3.64676 0.659883 -1.50491
lowerneck -6.28704 -6.56007 -1.93143
upperneck -1.17406 -8.67484 5.21364
head 1.03059 -4.26646 1.70212
lclavicle 1.32523e-16 -7.42129e-15 -4.21467e-31
lhumerus -19.5239 -26.147 43.0125
lradius 53.7249 -0 0
lwrist 19.0436 0 0
lhand -21.1215 -4.28076 -0.012605
lfingers 7.12502 -0 0
lthumb 5.257 25.6318 -0.0123855
rclavicle 1.32523e-16 -7.42129e-15 -4.21467e-31
rhumerus -7.53208 15.9867 -50.1073
rradius 92.8627 -0 0
rwrist -4.18876 0 0
rhand -25.8367 -29.8642 0.15388
rfingers 7.12502 -0 0
rthumb 0.703409 -59.8294 0.148964
736
root 4.20886 19.6754 11.331 8.9138 -28.253 4.19418
lfemur -34.5048 -1.34402 0.0441461
ltibia 63.3814 -0 0
lfoot -4.01996 2.50275 -1.9201
ltoes 28.0381 -0 0
rfemur -26.0086 -9.24718 7.79883
rtibia 78.2686 -0 0
rfoot 6.75854 -25.1368 1.3931
rtoes 18.7709 -0 0
lowerback 4.3661 1.18605 -1.6673
upperback -1.1932 1.42488 -2.44842
thorax -3.59454 0.718267 -1.55316
lowerneck -6.26219 -6.57268 -1.91177
upperneck -1.21493 -8.68957 5.22791
head 1.01372 -4.27349 1.70441
lclavicle -4.10189e-17 -7.73682e-15 -4.31024e-31
lhumerus -20.5209 -26.1913 44.3576
lradius 54.1295 -0 0
lwrist 18.8565 0 0
lhand -21.0878 -4.3294 -0.0128908
lfingers 7.12502 -0 0
lthumb 5.2895 25.5823 -0.0126663
rclavicle -4.10189e-17 -7.73682e-15 -4.31024e-31
rhumerus -7.52841 16.9 -51.2186
rradius 92.5598 -0 0
rwrist -3.92961 0 0
rhand -25.7546 -29.6205 0.157374
rfingers 7.12502 -0 0
rthumb 0.78271 -59.5851 0.152347
737
root 4.14943 19.5914 11.5012 8.87762 -25.4087 4.05104
lfemur -34.5612 -0.793084 -0.368681
ltibia 63.1242 -0 0
lfoot -4.51363 3.00083 -1.95886
ltoes 27.9165 -0 0
rfemur -25.7089 -9.64088 8.18878
rtibia 77.6673 -0 0
rfoot 6.11483 -25.4139 1.42123
rtoes 17.7686 -0 0
lowerback 4.28526 1.27189 -1.66078
upperback -1.19101 1.54272 -2.48806
thorax -3.54237 0.776694 -1.60136
lowerneck -6.23735 -6.58529 -1.89212
upperneck -1.2558 -8.70429 5.2422
head 0.996842 -4.28051 1.7067
lclavicle -2.14561e-16 -8.05235e-15 -4.39625e-31
lhumerus -21.519 -26.2146 45.7039
lradius 54.5341 -0 0
lwrist 18.6693 0 0
lhand -21.0541 -4.37805 -0.0131481
lfingers 7.12502 -0 0
lthumb 5.32201 25.5328 -0.0129191
rclavicle -2.14561e-16 -8.05235e-15 -4.39625e-31
rhumerus -7.54332 17.8132 -52.3353
rradius 92.257 -0 0
rwrist -3.67046 0 0
rhand -25.6725 -29.3768 0.16052
rfingers 7.12502 -0 0
rthumb 0.862024 -59.3409 0.155392
738
root 4.09 19.5073 11.6715 8.83454 -22.5645 3.90908
lfemur -34.6216 -0.242566 -0.782014
ltibia 62.867 -0 0
lfoot -5.00762 3.49924 -1.99333
ltoes 27.7949 -0 0
rfemur -25.4115 -10.0366 8.57709
rtibia 77.066 -0 0
rfoot 5.47097 -25.6912 1.44623
rtoes 16.7663 -0 0
lowerback 4.20443 1.35774 -1.65439
upperback -1.1889 1.66057 -2.52768
thorax -3.49025 0.835166 -1.6495
lowerneck -6.21251 -6.59792 -1.87248
upperneck -1.29667 -8.71899 5.2565
head 0.979966 -4.28754 1.709
lclavicle -3.88103e-16 -8.36789e-15 -4.47271e-31
lhumerus -22.5177 -26.2168 47.0505
lradius 54.9387 -0 0
lwrist 18.4822 0 0
lhand -21.0205 -4.42669 -0.0133768
lfingers 7.12502 -0 0
lthumb 5.35452 25.4833 -0.0131438
rclavicle -3.88103e-16 -8.36789e-15 -4.47271e-31
rhumerus -7.5771 18.7259 -53.4582
rradius 91.9541 -0 0
rwrist -3.41131 0 0
rhand -25.5903 -29.1331 0.163316
rfingers 7.12502 -0 0
rthumb 0.941351 -59.0966 0.158098
739
root 4.03057 19.4233 11.8417 8.7848 -19.7204 3.76754
lfemur -34.6859 0.307501 -1.19593
ltibia 62.6098 -0 0
lfoot -5.5019 3.99794 -2.0235
ltoes 27.6733 -0 0
rfemur -25.1164 -10.4342 8.9638
rtibia 76.4647 -0 0
rfoot 4.827 -25.9689 1.46812
rtoes 15.764 -0 0
lowerback 4.1236 1.44361 -1.64813
upperback -1.18688 1.77842 -2.56731
thorax -3.43818 0.893681 -1.6976
lowerneck -6.18767 -6.61055 -1.85284
upperneck -1.33755 -8.73369 5.27081
head 0.963089 -4.29457 1.7113
lclavicle -5.61646e-16 -8.68342e-15 -4.53961e-31
lhumerus -23.516 -26.198 48.3969
lradius 55.3433 -0 0
lwrist 18.295 0 0
lhand -20.9868 -4.47533 -0.0135769
lfingers 7.12502 -0 0
lthumb 5.38703 25.4338 -0.0133404
rclavicle -5.61646e-16 -8.68342e-15 -4.53961e-31
rhumerus -7.63005 19.6378 -54.5879
rradius 91.6513 -0 0
rwrist -3.15216 0 0
rhand -25.5082 -28.8894 0.165762
rfingers 7.12502 -0 0
rthumb 1.02069 -58.8523 0.160467
740
root 3.97114 19.3392 12.012 8.72853 -16.8764 3.62574
lfemur -34.7542 0.85709 -1.6105
ltibia 62.3527 -0 0
lfoot -5.99644 4.49689 -2.04937
ltoes 27.5517 -0 0
rfemur -24.8237 -10.8339 9.34893
rtibia 75.8635 -0 0
rfoot 4.18293 -26.2467 1.48689
rtoes 14.7617 -0 0
lowerback 4.04278 1.52948 -1.64198
upperback -1.18494 1.89627 -2.60694
thorax -3.38615 0.95224 -1.74564
lowerneck -6.16283 -6.62319 -1.8332
upperneck -1.37844 -8.74838 5.28513
head 0.946211 -4.30159 1.7136
lclavicle -7.35188e-16 -8.99895e-15 -4.59695e-31
lhumerus -24.5133 -26.1581 49.7423
lradius 55.7478 -0 0
lwrist 18.1079 0 0
lhand -20.9531 -4.52398 -0.0137484
lfingers 7.12502 -0 0
lthumb 5.41953 25.3843 -0.0135089
rclavicle -7.35188e-16 -8.99895e-15 -4.59695e-31
rhumerus -7.7025 20.5486 -55.7251
rradius 91.3484 -0 0
rwrist -2.89301 0 0
rhand -25.426 -28.6457 0.16786
rfingers 7.12502 -0 0
rthumb 1.10004 -58.608 0.162497
741
root 3.91171 19.2551 12.1822 8.66577 -14.0326 3.48299
lfemur -34.8265 1.40617 -2.02581
ltibia 62.0955 -0 0
lfoot -6.49119 4.99605 -2.07094
ltoes 27.4301 -0 0
rfemur -24.5334 -11.2354 9.73249
rtibia 75.2622 -0 0
rfoot 3.53876 -26.5248 1.50254
rtoes 13.7595 -0 0
lowerback 3.96196 1.61536 -1.63595
upperback -1.18307 2.01412 -2.64656
thorax -3.33418 1.01084 -1.79363
lowerneck -6.138 -6.63584 -1.81357
upperneck -1.41933 -8.76306 5.29946
head 0.929333 -4.30862 1.7159
lclavicle -9.0873e-16 -9.31448e-15 -4.64474e-31
lhumerus -25.5089 -26.0973 51.0862
lradius 56.1524 -0 0
lwrist 17.9207 0 0
lhand -20.9195 -4.57262 -0.0138913
lfingers 7.12502 -0 0
lthumb 5.45204 25.3348 -0.0136494
rclavicle -9.0873e-16 -9.31448e-15 -4.64474e-31
rhumerus -7.79479 21.4578 -56.8705
rradius 91.0456 -0 0
rwrist -2.63386 0 0
rhand -25.3439 -28.402 0.169607
rfingers 7.12502 -0 0
rthumb 1.17939 -58.3638 0.164189
742
root 3.85228 19.1711 12.3525 8.59649 -11.1889 3.33864
lfemur -34.9029 1.95471 -2.44193
ltibia 61.8383 -0 0
lfoot -6.98612 5.49539 -2.08819
ltoes 27.3085 -0 0
rfemur -24.2454 -11.6388 10.1145
rtibia 74.6609 -0 0
rfoot 2.89452 -26.803 1.51506
rtoes 12.7572 -0 0
lowerback 3.88115 1.70124 -1.63005
upperback -1.18129 2.13197 -2.68618
thorax -3.28225 1.06949 -1.84156
lowerneck -6.11317 -6.64849 -1.79394
upperneck -1.46023 -8.77773 5.3138
head 0.912455 -4.31564 1.71821
lclavicle -1.08227e-15 -9.63001e-15 -4.68296e-31
lhumerus -26.502 -26.0155 52.4279
lradius 56.557 -0 0
lwrist 17.7336 0 0
lhand -20.8858 -4.62127 -0.0140056
lfingers 7.12502 -0 0
lthumb 5.48455 25.2853 -0.0137617
rclavicle -1.08227e-15 -9.63001e-15 -4.68296e-31
rhumerus -7.90731 22.3651 -58.0248
rradius 90.7427 -0 0
rwrist -2.37471 0 0
rhand -25.2617 -28.1583 0.171006
rfingers 7.12502 -0 0
rthumb 1.25875 -58.1195 0.165543
743
root 3.79285 19.087 12.5227 8.52056 -8.34545 3.19204
lfemur -34.9832 2.50268 -2.85893
ltibia 61.5811 -0 0
lfoot -7.48118 5.99486 -2.10114
ltoes 27.1869 -0 0
rfemur -23.9597 -12.0441 10.495
rtibia 74.0596 -0 0
rfoot 2.25023 -27.0814 1.52445
rtoes 11.7549 -0 0
lowerback 3.80035 1.78714 -1.62426
upperback -1.1796 2.24982 -2.72581
thorax -3.23037 1.12818 -1.88945
lowerneck -6.08835 -6.66116 -1.77432
upperneck -1.50113 -8.79239 5.32815
head 0.895576 -4.32267 1.72051
lclavicle -1.25581e-15 -9.94554e-15 -4.71164e-31
lhumerus -27.4919 -25.9128 53.7668
lradius 56.9616 -0 0
lwrist 17.5464 0 0
lhand -20.8521 -4.66991 -0.0140914
lfingers 7.12502 -0 0
lthumb 5.51706 25.2358 -0.013846
rclavicle -1.25581e-15 -9.94554e-15 -4.71164e-31
rhumerus -8.04046 23.2701 -59.1888
rradius 90.4399 -0 0
rwrist -2.11556 0 0
rhand -25.1795 -27.9145 0.172054
rfingers 7.12502 -0 0
rthumb 1.33812 -57.8752 0.166558
744
root 3.73342 19.0029 12.6929 8.43778 -5.50217 3.04254
lfemur -35.0675 3.05005 -3.27689
ltibia 61.3239 -0 0
lfoot -7.97634 6.49442 -2.10977
ltoes 27.0653 -0 0
rfemur -23.6763 -12.4513 10.8741
rtibia 73.4584 -0 0
rfoot 1.60589 -27.3598 1.53071
rtoes 10.7526 -0 0
lowerback 3.71955 1.87304 -1.6186
upperback -1.17798 2.36768 -2.76543
thorax -3.17854 1.18691 -1.93728
lowerneck -6.06353 -6.67383 -1.75471
upperneck -1.54204 -8.80704 5.34252
head 0.878697 -4.32969 1.72282
lclavicle -1.42936e-15 -1.02611e-14 -4.73075e-31
lhumerus -28.4779 -25.7894 55.1022
lradius 57.3662 -0 0
lwrist 17.3593 0 0
lhand -20.8185 -4.71856 -0.0141486
lfingers 7.12502 -0 0
lthumb 5.54957 25.1863 -0.0139022
rclavicle -1.42936e-15 -1.02611e-14 -4.73075e-31
rhumerus -8.19465 24.1724 -60.3631
rradius 90.137 -0 0
rwrist -1.85641 0 0
rhand -25.0973 -27.6708 0.172753
rfingers 7.12502 -0 0
rthumb 1.41749 -57.6309 0.167235
745
root 3.67399 18.9189 12.8632 8.34787 -2.6591 2.88946
lfemur -35.1559 3.59679 -3.6959
ltibia 61.0667 -0 0
lfoot -8.47156 6.99405 -2.11408
ltoes 26.9437 -0 0
rfemur -23.3953 -12.8603 11.2516
rtibia 72.8571 -0 0
rfoot 0.961534 -27.6383 1.53384
rtoes 9.75034 -0 0
lowerback 3.63875 1.95895 -1.61305
upperback -1.17644 2.48553 -2.80505
thorax -3.12675 1.24569 -1.98506
lowerneck -6.03871 -6.68652 -1.7351
upperneck -1.58295 -8.82168 5.35689
head 0.861817 -4.33671 1.72513
lclavicle -1.6029e-15 -1.05766e-14 -4.74031e-31
lhumerus -29.4594 -25.6455 56.4336
lradius 57.7708 -0 0
lwrist 17.1721 0 0
lhand -20.7848 -4.7672 -0.0141772
lfingers 7.12502 -0 0
lthumb 5.58208 25.1368 -0.0139303
rclavicle -1.6029e-15 -1.05766e-14 -4.74031e-31
rhumerus -8.37034 25.0716 -61.5486
rradius 89.8342 -0 0
rwrist -1.59726 0 0
rhand -25.0151 -27.4271 0.173103
rfingers 7.12502 -0 0
rthumb 1.49686 -57.3866 0.167573
746
root 3.61457 18.8348 13.0334 8.25046 0.183704 2.73209
lfemur -35.2484 4.14287 -4.11602
ltibia 60.8096 -0 0
lfoot -8.96679 7.49369 -2.11408
ltoes 26.8221 -0 0
rfemur -23.1166 -13.271 11.6277
rtibia 72.2558 -0 0
rfoot 0.317166 -27.9168 1.53384
rtoes 8.74806 -0 0
lowerback 3.55796 2.04487 -1.60763
upperback -1.17499 2.60339 -2.84468
thorax -3.07502 1.3045 -2.03279
lowerneck -6.0139 -6.69921 -1.71549
upperneck -1.62387 -8.8363 5.37128
head 0.844937 -4.34373 1.72745
lclavicle -1.77644e-15 -1.08921e-14 -4.74031e-31
lhumerus -30.4356 -25.481 57.7603
lradius 58.1753 -0 0
lwrist 16.985 0 0
lhand -20.7511 -4.81585 -0.0141772
lfingers 7.12502 -0 0
lthumb 5.61458 25.0872 -0.0139303
rclavicle -1.77644e-15 -1.08921e-14 -4.74031e-31
rhumerus -8.568 25.9673 -62.7461
rradius 89.5313 -0 0
rwrist -1.3381 0 0
rhand -24.933 -27.1834 0.173103
rfingers 7.12502 -0 0
rthumb 1.57623 -57.1424 0.167573
747
root 3.55514 18.7508 13.2037 8.1451 3.02623 2.56966
lfemur -35.3449 4.68826 -4.53733
ltibia 60.5524 -0 0
lfoot -9.46201 7.99332 -2.10977
ltoes 26.7005 -0 0
rfemur -22.8401 -13.6836 12.0025
rtibia 71.6545 -0 0
rfoot -0.327193 -28.1953 1.53071
rtoes 7.74578 -0 0
lowerback 3.47717 2.1308 -1.60233
upperback -1.17362 2.72125 -2.8843
thorax -3.02333 1.36337 -2.08046
lowerneck -5.98909 -6.71191 -1.69589
upperneck -1.6648 -8.85092 5.38567
head 0.828057 -4.35075 1.72976
lclavicle -1.94998e-15 -1.12077e-14 -4.73075e-31
lhumerus -31.406 -25.2962 59.0819
lradius 58.5799 -0 0
lwrist 16.7978 0 0
lhand -20.7174 -4.86449 -0.0141486
lfingers 7.12502 -0 0
lthumb 5.64709 25.0377 -0.0139022
rclavicle -1.94998e-15 -1.12077e-14 -4.73075e-31
rhumerus -8.78814 26.8591 -63.9563
rradius 89.2285 -0 0
rwrist -1.07895 0 0
rhand -24.8508 -26.9397 0.172753
rfingers 7.12502 -0 0
rthumb 1.65561 -56.8981 0.167235
748
root 3.49571 18.6667 13.3739 8.03123 5.86844 2.40134
lfemur -35.4456 5.23293 -4.95991
ltibia 60.2952 -0 0
lfoot -9.95717 8.49288 -2.10114
ltoes 26.5789 -0 0
rfemur -22.566 -14.0978 12.3758
rtibia 71.0533 -0 0
rfoot -0.971528 -28.4737 1.52445
rtoes 6.7435 -0 0
lowerback 3.39639 2.21674 -1.59715
upperback -1.17232 2.83911 -2.92392
thorax -2.97169 1.42227 -2.12809
lowerneck -5.96429 -6.72462 -1.67629
upperneck -1.70573 -8.86553 5.40008
head 0.811176 -4.35777 1.73208
lclavicle -2.12353e-15 -1.15232e-14 -4.71164e-31
lhumerus -32.3698 -25.0913 60.3976
lradius 58.9845 -0 0
lwrist 16.6107 0 0
lhand -20.6838 -4.91314 -0.0140914
lfingers 7.12502 -0 0
lthumb 5.6796 24.9882 -0.013846
rclavicle -2.12353e-15 -1.15232e-14 -4.71164e-31
rhumerus -9.03128 27.7464 -65.1801
rradius 88.9256 -0 0
rwrist -0.819804 0 0
rhand -24.7686 -26.696 0.172054
rfingers 7.12502 -0 0
rthumb 1.73498 -56.6538 0.166558
749
root 3.43628 18.5826 13.5441 7.9082 8.7103 2.22625
lfemur -35.5503 5.77684 -5.38384
ltibia 60.038 -0 0
lfoot -10.4522 8.99235 -2.08819
ltoes 26.4573 -0 0
rfemur -22.2942 -14.5138 12.7477
rtibia 70.452 -0 0
rfoot -1.61582 -28.7521 1.51506
rtoes 5.74122 -0 0
lowerback 3.3156 2.30268 -1.59209
upperback -1.17111 2.95697 -2.96355
thorax -2.9201 1.48122 -2.17566
lowerneck -5.93948 -6.73733 -1.6567
upperneck -1.74666 -8.88013 5.4145
head 0.794294 -4.36479 1.7344
lclavicle -2.29707e-15 -1.18387e-14 -4.68296e-31
lhumerus -33.3265 -24.8665 61.7071
lradius 59.3891 -0 0
lwrist 16.4235 0 0
lhand -20.6501 -4.96178 -0.0140056
lfingers 7.12502 -0 0
lthumb 5.71211 24.9387 -0.0137617
rclavicle -2.29707e-15 -1.18387e-14 -4.68296e-31
rhumerus -9.29798 28.6289 -66.4184
rradius 88.6228 -0 0
rwrist -0.560653 0 0
rhand -24.6864 -26.4522 0.171006
rfingers 7.12502 -0 0
rthumb 1.81434 -56.4095 0.165543
750
root 3.37685 18.4986 13.7144 7.77522 11.5518 2.04337
lfemur -35.6593 6.31996 -5.80919
ltibia 59.7808 -0 0
lfoot -10.9472 9.49169 -2.07094
ltoes 26.3357 -0 0
rfemur -22.0246 -14.9315 13.1184
rtibia 69.8507 -0 0
rfoot -2.26006 -29.0303 1.50254
rtoes 4.73894 -0 0
lowerback 3.23483 2.38863 -1.58715
upperback -1.16999 3.07483 -3.00318
thorax -2.86855 1.54021 -2.22318
lowerneck -5.91469 -6.75006 -1.63712
upperneck -1.7876 -8.89472 5.42893
head 0.777412 -4.37181 1.73672
lclavicle -2.47061e-15 -1.21543e-14 -4.64474e-31
lhumerus -34.2756 -24.622 63.0098
lradius 59.7937 -0 0
lwrist 16.2364 0 0
lhand -20.6164 -5.01043 -0.0138913
lfingers 7.12502 -0 0
lthumb 5.74462 24.8892 -0.0136494
rclavicle -2.47061e-15 -1.21543e-14 -4.64474e-31
rhumerus -9.58881 29.5061 -67.672
rradius 88.3199 -0 0
rwrist -0.301503 0 0
rhand -24.6042 -26.2085 0.169607
rfingers 7.12502 -0 0
rthumb 1.89371 -56.1652 0.164189
751
root 3.31742 18.4145 13.8846 7.63134 14.3928 1.85158
lfemur -35.7724 6.86226 -6.23606
ltibia 59.5236 -0 0
lfoot -11.4419 9.99085 -2.04937
ltoes 26.2141 -0 0
rfemur -21.7573 -15.3509 13.4877
rtibia 69.2494 -0 0
rfoot -2.90423 -29.3084 1.48689
rtoes 3.73666 -0 0
lowerback 3.15405 2.47458 -1.58233
upperback -1.16894 3.19269 -3.04281
thorax -2.81705 1.59924 -2.27065
lowerneck -5.88989 -6.76279 -1.61754
upperneck -1.82855 -8.90929 5.44338
head 0.76053 -4.37883 1.73904
lclavicle -2.64415e-15 -1.24698e-14 -4.59695e-31
lhumerus -35.2163 -24.3579 64.3053
lradius 60.1983 -0 0
lwrist 16.0492 0 0
lhand -20.5828 -5.05907 -0.0137484
lfingers 7.12502 -0 0
lthumb 5.77713 24.8397 -0.0135089
rclavicle -2.64415e-15 -1.24698e-14 -4.59695e-31
rhumerus -9.90439 30.3775 -68.9418
rradius 88.0171 -0 0
rwrist -0.0423524 0 0
rhand -24.5221 -25.9648 0.16786
rfingers 7.12502 -0 0
rthumb 1.97306 -55.921 0.162497
752
root 3.25799 18.3304 14.0549 7.47548 17.2333 1.64962
lfemur -35.8897 7.40371 -6.6645
ltibia 59.2665 -0 0
lfoot -11.9364 10.4898 -2.0235
ltoes 26.0925 -0 0
rfemur -21.4923 -15.7719 13.8557
rtibia 68.6482 -0 0
rfoot -3.5483 -29.5862 1.46812
rtoes 2.73438 -0 0
lowerback 3.07327 2.56054 -1.57764
upperback -1.16797 3.31055 -3.08244
thorax -2.7656 1.65832 -2.31806
lowerneck -5.8651 -6.77553 -1.59796
upperneck -1.8695 -8.92386 5.45783
head 0.743647 -4.38585 1.74137
lclavicle -2.81769e-15 -1.27853e-14 -4.53961e-31
lhumerus -36.1483 -24.0747 65.593
lradius 60.6028 -0 0
lwrist 15.8621 0 0
lhand -20.5491 -5.10772 -0.0135769
lfingers 7.12502 -0 0
lthumb 5.80963 24.7902 -0.0133404
rclavicle -2.81769e-15 -1.27853e-14 -4.53961e-31
rhumerus -10.2453 31.2426 -70.2288
rradius 87.7142 -0 0
rwrist 0.216798 0 0
rhand -24.4399 -25.7211 0.165762
rfingers 7.12502 -0 0
rthumb 2.05241 -55.6767 0.160467
753
root 3.19856 18.2464 14.2251 7.30634 20.0733 1.43602
lfemur -36.0112 7.94427 -7.09461
ltibia 59.0093 -0 0
lfoot -12.4307 10.9885 -1.99333
ltoes 25.9709 -0 0
rfemur -21.2295 -16.1946 14.2225
rtibia 68.0469 -0 0
rfoot -4.19227 -29.8639 1.44623
rtoes 1.7321 -0 0
lowerback 2.9925 2.64651 -1.57306
upperback -1.16709 3.42841 -3.12208
thorax -2.7142 1.71744 -2.36543
lowerneck -5.84032 -6.78828 -1.57839
upperneck -1.91045 -8.93842 5.47229
head 0.726764 -4.39286 1.7437
lclavicle -2.99124e-15 -1.31009e-14 -4.47271e-31
lhumerus -37.0709 -23.7725 66.8727
lradius 61.0074 -0 0
lwrist 15.6749 0 0
lhand -20.5154 -5.15636 -0.0133768
lfingers 7.12502 -0 0
lthumb 5.84214 24.7407 -0.0131438
rclavicle -2.99124e-15 -1.31009e-14 -4.47271e-31
rhumerus -10.6123 32.1008 -71.5338
rradius 87.4114 -0 0
rwrist 0.475949 0 0
rhand -24.3578 -25.4774 0.163316
rfingers 7.12502 -0 0
rthumb 2.13174 -55.4324 0.158098
754
root 3.13913 18.1623 14.3954 7.12237 22.9126 1.20911
lfemur -36.137 8.48391 -7.52646
ltibia 58.7521 -0 0
lfoot -12.9247 11.4869 -1.95886
ltoes 25.8493 -0 0
rfemur -20.969 -16.6188 14.5881
rtibia 67.4456 -0 0
rfoot -4.83613 -30.1412 1.42123
rtoes 0.729825 -0 0
lowerback 2.91173 2.73249 -1.56861
upperback -1.16629 3.54627 -3.16172
thorax -2.66284 1.7766 -2.41274
lowerneck -5.81553 -6.80104 -1.55883
upperneck -1.95141 -8.95296 5.48677
head 0.709881 -4.39988 1.74603
lclavicle -3.16478e-15 -1.34164e-14 -4.39625e-31
lhumerus -37.9838 -23.4516 68.1438
lradius 61.412 -0 0
lwrist 15.4878 0 0
lhand -20.4818 -5.205 -0.0131481
lfingers 7.12502 -0 0
lthumb 5.87465 24.6912 -0.0129191
rclavicle -3.16478e-15 -1.34164e-14 -4.39625e-31
rhumerus -11.006 32.9517 -72.8578
rradius 87.1085 -0 0
rwrist 0.735099 0 0
rhand -24.2756 -25.2337 0.16052
rfingers 7.12502 -0 0
rthumb 2.21107 -55.1881 0.155392
755
root 3.0797 18.0783 14.5656 6.92175 25.7512 0.966951
lfemur -36.2671 9.02259 -7.96014
ltibia 58.4949 -0 0
lfoot -13.4184 11.985 -1.9201
ltoes 25.7277 -0 0
rfemur -20.7108 -17.0447 14.9524
rtibia 66.8443 -0 0
rfoot -5.47984 -30.4183 1.3931
rtoes -0.272454 0 0
lowerback 2.83096 2.81847 -1.56427
upperback -1.16557 3.66414 -3.20136
thorax -2.61153 1.8358 -2.46
lowerneck -5.79075 -6.81381 -1.53926
upperneck -1.99238 -8.9675 5.50126
head 0.692997 -4.4069 1.74836
lclavicle -3.33832e-15 -1.37319e-14 -4.31024e-31
lhumerus -38.8865 -23.1123 69.406
lradius 61.8166 -0 0
lwrist 15.3006 0 0
lhand -20.4481 -5.25365 -0.0128908
lfingers 7.12502 -0 0
lthumb 5.90716 24.6417 -0.0126663
rclavicle -3.33832e-15 -1.37319e-14 -4.31024e-31
rhumerus -11.427 33.7946 -74.2017
rradius 86.8057 -0 0
rwrist 0.99425 0 0
rhand -24.1935 -24.99 0.157374
rfingers 7.12502 -0 0
rthumb 2.29039 -54.9439 0.152347
756
root 3.02027 17.9942 14.7358 6.70231 28.5889 0.707237
lfemur -36.4015 9.56028 -8.39572
ltibia 58.2377 -0 0
lfoot -13.9117 12.4827 -1.87705
ltoes 25.6061 -0 0
rfemur -20.4547 -17.4721 15.3156
rtibia 66.2431 -0 0
rfoot -6.12341 -30.695 1.36187
rtoes -1.27473 0 0
lowerback 2.75019 2.90446 -1.56006
upperback -1.16493 3.782 -3.24101
thorax -2.56027 1.89505 -2.50722
lowerneck -5.76598 -6.82658 -1.51971
upperneck -2.03335 -8.98203 5.51575
head 0.676112 -4.41391 1.75069
lclavicle -3.51186e-15 -1.40474e-14 -4.21467e-31
lhumerus -39.7785 -22.7548 70.6591
lradius 62.2212 -0 0
lwrist 15.1135 0 0
lhand -20.4144 -5.30229 -0.012605
lfingers 7.12502 -0 0
lthumb 5.93966 24.5922 -0.0123855
rclavicle -3.51186e-15 -1.40474e-14 -4.21467e-31
rhumerus -11.8762 34.6289 -75.5666
rradius 86.5028 -0 0
rwrist 1.2534 0 0
rhand -24.1114 -24.7463 0.15388
rfingers 7.12502 -0 0
rthumb 2.36969 -54.6996 0.148964
757
root 2.96084 17.9101 14.9061 6.46144 31.4258 0.427257
lfemur -36.5403 10.097 -8.8333
ltibia 57.9806 -0 0
lfoot -14.4046 12.98 -1.82972
ltoes 25.4845 -0 0
rfemur -20.201 -17.901 15.6777
rtibia 65.6418 -0 0
rfoot -6.76681 -30.9714 1.32753
rtoes -2.27701 0 0
lowerback 2.66942 2.99045 -1.55597
upperback -1.16437 3.89986 -3.28066
thorax -2.50906 1.95433 -2.55437
lowerneck -5.74121 -6.83936 -1.50016
upperneck -2.07433 -8.99654 5.53026
head 0.659227 -4.42093 1.75303
lclavicle -3.68541e-15 -1.4363e-14 -4.10954e-31
lhumerus -40.6595 -22.3796 71.9027
lradius 62.6257 -0 0
lwrist 14.9264 0 0
lhand -20.3808 -5.35094 -0.0122905
lfingers 7.12502 -0 0
lthumb 5.97217 24.5427 -0.0120765
rclavicle -3.68541e-15 -1.4363e-14 -4.10954e-31
rhumerus -12.3543 35.4541 -76.9534
rradius 86.2 -0 0
rwrist 1.51255 0 0
rhand -24.0293 -24.5026 0.150036
rfingers 7.12502 -0 0
rthumb 2.44897 -54.4554 0.145243
758
root 2.90141 17.8261 15.0763 6.19598 34.2615 0.123761
lfemur -36.6835 10.6326 -9.27294
ltibia 57.7234 -0 0
lfoot -14.897 13.4769 -1.77812
ltoes 25.3629 -0 0
rfemur -19.9495 -18.3315 16.0386
rtibia 65.0405 -0 0
rfoot -7.41002 -31.2473 1.2901
rtoes -3.27929 0 0
lowerback 2.58865 3.07645 -1.552
upperback -1.16389 4.01773 -3.32031
thorax -2.45789 2.01366 -2.60148
lowerneck -5.71644 -6.85216 -1.48061
upperneck -2.11531 -9.01105 5.54478
head 0.642342 -4.42794 1.75537
lclavicle -3.85895e-15 -1.46785e-14 -3.99485e-31
lhumerus -41.5291 -21.9868 73.1365
lradius 63.0303 -0 0
lwrist 14.7392 0 0
lhand -20.3471 -5.39958 -0.0119475
lfingers 7.12502 -0 0
lthumb 6.00468 24.4932 -0.0117395
rclavicle -3.85895e-15 -1.46785e-14 -3.99485e-31
rhumerus -12.8619 36.2694 -78.3631
rradius 85.8971 -0 0
rwrist 1.7717 0 0
rhand -23.9472 -24.259 0.145843
rfingers 7.12502 -0 0
rthumb 2.52824 -54.2111 0.141184
759
root 2.84198 17.742 15.2466 5.9021 37.0959 -0.207176
lfemur -36.8312 11.1671 -9.71474
ltibia 57.4662 -0 0
lfoot -15.389 13.9733 -1.72226
ltoes 25.2413 -0 0
rfemur -19.7002 -18.7634 16.3984
rtibia 64.4392 -0 0
rfoot -8.05304 -31.5229 1.24957
rtoes -4.28157 0 0
lowerback 2.50787 3.16245 -1.54815
upperback -1.1635 4.13559 -3.35997
thorax -2.40677 2.07304 -2.64854
lowerneck -5.69168 -6.86496 -1.46107
upperneck -2.1563 -9.02554 5.55931
head 0.625456 -4.43495 1.75771
lclavicle -4.03249e-15 -1.4994e-14 -3.87061e-31
lhumerus -42.3869 -21.5769 74.3603
lradius 63.4349 -0 0
lwrist 14.5521 0 0
lhand -20.3134 -5.44822 -0.0115759
lfingers 7.12502 -0 0
lthumb 6.03718 24.4437 -0.0113743
rclavicle -4.03249e-15 -1.4994e-14 -3.87061e-31
rhumerus -13.3999 37.0744 -79.7967
rradius 85.5943 -0 0
rwrist 2.03085 0 0
rhand -23.8652 -24.0153 0.141301
rfingers 7.12502 -0 0
rthumb 2.60749 -53.9669 0.136787
760
root 2.78255 17.658 15.4168 5.57508 39.9289 -0.570349
lfemur -36.9833 11.7004 -10.1588
ltibia 57.209 -0 0
lfoot -15.8804 14.4692 -1.66214
ltoes 25.1197 -0 0
rfemur -19.4531 -19.1969 16.7572
rtibia 63.838 -0 0
rfoot -8.69584 -31.7979 1.20595
rtoes -5.28385 0 0
lowerback 2.4271 3.24846 -1.54442
upperback -1.16319 4.25346 -3.39964
thorax -2.3557 2.13245 -2.69554
lowerneck -5.66692 -6.87776 -1.44154
upperneck -2.19729 -9.04003 5.57385
head 0.60857 -4.44196 1.76005
lclavicle -4.20603e-15 -1.53096e-14 -3.73681e-31
lhumerus -43.2328 -21.1501 75.5739
lradius 63.8395 -0 0
lwrist 14.3649 0 0
lhand -20.2798 -5.49687 -0.0111757
lfingers 7.12502 -0 0
lthumb 6.06969 24.3942 -0.0109811
rclavicle -4.20603e-15 -1.53096e-14 -3.73681e-31
rhumerus -13.969 37.8681 -81.2552
rradius 85.2914 -0 0
rwrist 2.29 0 0
rhand -23.7831 -23.7716 0.13641
rfingers 7.12502 -0 0
rthumb 2.68672 -53.7226 0.132052
761
root 2.72312 17.5739 15.587 5.20907 42.7601 -0.971679
lfemur -37.14 12.2326 -10.6051
ltibia 56.9518 -0 0
lfoot -16.3713 14.9645 -1.59777
ltoes 24.9981 -0 0
rfemur -19.2082 -19.6318 17.1149
rtibia 63.2367 -0 0
rfoot -9.33842 -32.0724 1.15925
rtoes -6.28613 0 0
lowerback 2.34633 3.33448 -1.54081
upperback -1.16296 4.37132 -3.43931
thorax -2.30467 2.1919 -2.7425
lowerneck -5.64216 -6.89058 -1.42201
upperneck -2.23829 -9.0545 5.58841
head 0.591683 -4.44897 1.76239
lclavicle -4.37957e-15 -1.56251e-14 -3.59346e-31
lhumerus -44.0663 -20.7068 76.7771
lradius 64.2441 -0 0
lwrist 14.1778 0 0
lhand -20.2461 -5.54551 -0.010747
lfingers 7.12502 -0 0
lthumb 6.1022 24.3447 -0.0105598
rclavicle -4.37957e-15 -1.56251e-14 -3.59346e-31
rhumerus -14.5701 38.6501 -82.7397
rradius 84.9886 -0 0
rwrist 2.54915 0 0
rhand -23.7011 -23.528 0.13117
rfingers 7.12502 -0 0
rthumb 2.76594 -53.4784 0.12698
762
root 2.66369 17.4898 15.7573 4.79675 45.5891 -1.41857
lfemur -37.3012 12.7636 -11.0539
ltibia 56.6946 -0 0
lfoot -16.8616 15.4593 -1.52917
ltoes 24.8766 -0 0
rfemur -18.9656 -20.0681 17.4717
rtibia 62.6354 -0 0
rfoot -9.98076 -32.3464 1.10947
rtoes -7.28841 0 0
lowerback 2.26555 3.4205 -1.53733
upperback -1.16281 4.48919 -3.47898
thorax -2.25369 2.2514 -2.7894
lowerneck -5.61741 -6.90341 -1.40248
upperneck -2.27929 -9.06897 5.60297
head 0.574796 -4.45599 1.76474
lclavicle -4.55312e-15 -1.59406e-14 -3.44054e-31
lhumerus -44.8873 -20.2473 77.9698
lradius 64.6487 -0 0
lwrist 13.9906 0 0
lhand -20.2124 -5.59415 -0.0102896
lfingers 7.12502 -0 0
lthumb 6.1347 24.2952 -0.0101104
rclavicle -4.55312e-15 -1.59406e-14 -3.44054e-31
rhumerus -15.2037 39.4194 -84.2511
rradius 84.6857 -0 0
rwrist 2.8083 0 0
rhand -23.6191 -23.2843 0.125582
rfingers 7.12502 -0 0
rthumb 2.84512 -53.2342 0.12157
763
root 2.60426 17.4058 15.9275 4.32879 48.4157 -1.92041
lfemur -37.467 13.2933 -11.5052
ltibia 56.4375 -0 0
lfoot -17.3513 15.9534 -1.45634
ltoes 24.755 -0 0
rfemur -18.7252 -20.5058 17.8275
rtibia 62.0341 -0 0
rfoot -10.6228 -32.6198 1.05663
rtoes -8.29069 0 0
lowerback 2.18477 3.50652 -1.53396
upperback -1.16274 4.60706 -3.51867
thorax -2.20276 2.31094 -2.83625
lowerneck -5.59266 -6.91624 -1.38296
upperneck -2.3203 -9.08342 5.61755
head 0.557908 -4.463 1.76709
lclavicle -4.72666e-15 -1.62562e-14 -3.27807e-31
lhumerus -45.6955 -19.772 79.1518
lradius 65.0532 -0 0
lwrist 13.8035 0 0
lhand -20.1788 -5.64279 -0.00980369
lfingers 7.12502 -0 0
lthumb 6.16721 24.2457 -0.00963296
rclavicle -4.72666e-15 -1.62562e-14 -3.27807e-31
rhumerus -15.8708 40.1753 -85.7904
rradius 84.3829 -0 0
rwrist 3.06745 0 0
rhand -23.5372 -23.0407 0.119645
rfingers 7.12502 -0 0
rthumb 2.92429 -52.99 0.115823
764
root 2.54483 17.3217 16.0978 3.79317 51.2391 -2.48929
lfemur -37.6375 13.8218 -11.959
ltibia 56.1803 -0 0
lfoot -17.8403 16.4469 -1.37929
ltoes 24.6334 -0 0
rfemur -18.487 -20.9449 18.1823
rtibia 61.4329 -0 0
rfoot -11.2646 -32.8926 1.00073
rtoes -9.29297 0 0
lowerback 2.10399 3.59255 -1.53072
upperback -1.16276 4.72492 -3.55835
thorax -2.15187 2.37052 -2.88305
lowerneck -5.56791 -6.92908 -1.36345
upperneck -2.36131 -9.09786 5.63213
head 0.54102 -4.47 1.76944
lclavicle -4.9002e-15 -1.65717e-14 -3.10605e-31
lhumerus -46.4907 -19.2812 80.3231
lradius 65.4578 -0 0
lwrist 13.6163 0 0
lhand -20.1451 -5.69144 -0.00928918
lfingers 7.12502 -0 0
lthumb 6.19971 24.1962 -0.00912741
rclavicle -4.9002e-15 -1.65717e-14 -3.10605e-31
rhumerus -16.5719 40.9171 -87.3585
rradius 84.08 -0 0
rwrist 3.3266 0 0
rhand -23.4552 -22.797 0.113359
rfingers 7.12502 -0 0
rthumb 3.00343 -52.7457 0.109738
765
root 2.4854 17.2376 16.268 3.17411 54.0587 -3.14103
lfemur -37.8127 14.3489 -12.4155
ltibia 55.9231 -0 0
lfoot -18.3287 16.9397 -1.29804
ltoes 24.5118 -0 0
rfemur -18.2511 -21.3854 18.5363
rtibia 60.8316 -0 0
rfoot -11.9062 -33.1647 0.941777
rtoes -10.2952 0 0
lowerback 2.02321 3.67859 -1.5276
upperback -1.16286 4.84279 -3.59805
thorax -2.10103 2.43014 -2.9298
lowerneck -5.54317 -6.94193 -1.34394
upperneck -2.40233 -9.1123 5.64673
head 0.524132 -4.47701 1.77179
lclavicle -5.07374e-15 -1.68872e-14 -2.92446e-31
lhumerus -47.2728 -18.7752 81.4836
lradius 65.8624 -0 0
lwrist 13.4292 0 0
lhand -20.1114 -5.74008 -0.00874609
lfingers 7.12502 -0 0
lthumb 6.23221 24.1467 -0.00859378
rclavicle -5.07374e-15 -1.68872e-14 -2.92446e-31
rhumerus -17.308 41.6438 -88.9564
rradius 83.7772 -0 0
rwrist 3.58575 0 0
rhand -23.3733 -22.5534 0.106725
rfingers 7.12502 -0 0
rthumb 3.08254 -52.5015 0.103316
766
root 2.42597 17.1536 16.4382 2.45056 56.8735 -3.89675
lfemur -37.9927 14.8746 -12.8748
ltibia 55.6659 -0 0
lfoot -18.8162 17.4317 -1.2126
ltoes 24.3902 -0 0
rfemur -18.0173 -21.8272 18.8893
rtibia 60.2303 -0 0
rfoot -12.5474 -33.4362 0.879782
rtoes -11.2975 0 0
lowerback 1.94242 3.76462 -1.5246
upperback -1.16303 4.96065 -3.63775
thorax -2.05024 2.48981 -2.9765
lowerneck -5.51844 -6.95479 -1.32444
upperneck -2.44335 -9.12672 5.66134
head 0.507243 -4.48402 1.77415
lclavicle -5.24729e-15 -1.72028e-14 -2.73332e-31
lhumerus -48.0416 -18.2545 82.6332
lradius 66.267 -0 0
lwrist 13.242 0 0
lhand -20.0778 -5.78872 -0.00817442
lfingers 7.12502 -0 0
lthumb 6.26472 24.0972 -0.00803207
rclavicle -5.24729e-15 -1.72028e-14 -2.73332e-31
rhumerus -18.0795 42.3547 -90.585
rradius 83.4743 -0 0
rwrist 3.8449 0 0
rhand -23.2914 -22.3098 0.099743
rfingers 7.12502 -0 0
rthumb 3.16162 -52.2574 0.0965567
767
root 2.36654 17.0695 16.6085 1.59373 59.6821 -4.78528
lfemur -38.1775 15.3989 -13.3369
ltibia 55.4087 -0 0
lfoot -19.3031 17.923 -1.12297
ltoes 24.2686 -0 0
rfemur -17.7858 -22.2704 19.2415
rtibia 59.629 -0 0
rfoot -13.1883 -33.7069 0.814755
rtoes -12.2998 0 0
lowerback 1.86163 3.85067 -1.52172
upperback -1.1633 5.07852 -3.67746
thorax -1.99949 2.54951 -3.02315
lowerneck -5.4937 -6.96766 -1.30494
upperneck -2.48438 -9.14113 5.67595
head 0.490354 -4.49103 1.7765
lclavicle -5.42083e-15 -1.75183e-14 -2.53262e-31
lhumerus -48.797 -17.7193 83.7719
lradius 66.6716 -0 0
lwrist 13.0549 0 0
lhand -20.0441 -5.83736 -0.00757417
lfingers 7.12502 -0 0
lthumb 6.29722 24.0477 -0.00744227
rclavicle -5.42083e-15 -1.75183e-14 -2.53262e-31
rhumerus -18.8871 43.0489 -92.245
rradius 83.1715 -0 0
rwrist 4.10406 0 0
rhand -23.2096 -22.0662 0.0924127
rfingers 7.12502 -0 0
rthumb 3.24068 -52.0132 0.0894606
768
root 2.30711 16.9855 16.7787 0.563337 62.4827 -5.84696
lfemur -38.3671 15.9217 -13.802
ltibia 55.1515 -0 0
lfoot -19.7891 18.4135 -1.02918
ltoes 24.147 -0 0
rfemur -17.5565 -22.7148 19.593
rtibia 59.0278 -0 0
rfoot -13.8289 -33.9769 0.746704
rtoes -13.3021 0 0
lowerback 1.78084 3.93671 -1.51896
upperback -1.16364 5.19638 -3.71718
thorax -1.94879 2.60926 -3.06975
lowerneck -5.46897 -6.98053 -1.28544
upperneck -2.52542 -9.15553 5.69058
head 0.473464 -4.49803 1.77886
lclavicle -5.59437e-15 -1.78338e-14 -2.32237e-31
lhumerus -49.5388 -17.17 84.8998
lradius 67.0762 -0 0
lwrist 12.8677 0 0
lhand -20.0104 -5.886 -0.00694535
lfingers 7.12502 -0 0
lthumb 6.32972 23.9982 -0.0068244
rclavicle -5.59437e-15 -1.78338e-14 -2.32237e-31
rhumerus -19.7313 43.7254 -93.9373
rradius 82.8686 -0 0
rwrist 4.36321 0 0
rhand -23.1277 -21.8226 0.0847344
rfingers 7.12502 -0 0
rthumb 3.3197 -51.769 0.0820276
769
root 2.24768 16.9014 16.949 -0.698749 65.2725 -7.13995
lfemur -38.5617 16.4431 -14.2701
ltibia 54.8944 -0 0
lfoot -20.2743 18.9032 -0.931236
ltoes 24.0254 -0 0
rfemur -17.3294 -23.1606 19.9436
rtibia 58.4265 -0 0
rfoot -14.4692 -34.2461 0.675641
rtoes -14.3044 0 0
lowerback 1.70004 4.02276 -1.51632
upperback -1.16406 5.31425 -3.75691
thorax -1.89813 2.66904 -3.11629
lowerneck -5.44425 -6.99342 -1.26595
upperneck -2.56646 -9.16993 5.70522
head 0.456574 -4.50504 1.78123
lclavicle -5.76791e-15 -1.81494e-14 -2.10256e-31
lhumerus -50.2671 -16.6069 86.0168
lradius 67.4807 -0 0
lwrist 12.6806 0 0
lhand -19.9768 -5.93464 -0.00628794
lfingers 7.12502 -0 0
lthumb 6.36223 23.9487 -0.00617844
rclavicle -5.76791e-15 -1.81494e-14 -2.10256e-31
rhumerus -20.6127 44.3833 -95.6625
rradius 82.5658 -0 0
rwrist 4.62236 0 0
rhand -23.0459 -21.579 0.0767084
rfingers 7.12502 -0 0
rthumb 3.3987 -51.5248 0.074258
770
root 2.18825 16.8173 17.1192 -2.27931 68.0475 -8.7511
lfemur -38.7612 16.9629 -14.7413
ltibia 54.6372 -0 0
lfoot -20.7586 19.392 -0.829153
ltoes 23.9038 -0 0
rfemur -17.1045 -23.6076 20.2935
rtibia 57.8252 -0 0
rfoot -15.1091 -34.5145 0.601574
rtoes -15.3066 0 0
lowerback 1.61924 4.10882 -1.51381
upperback -1.16457 5.43211 -3.79664
thorax -1.84753 2.72887 -3.16279
lowerneck -5.41952 -7.00631 -1.24647
upperneck -2.6075 -9.18431 5.71987
head 0.439683 -4.51204 1.78359
lclavicle -5.94145e-15 -1.84649e-14 -1.87319e-31
lhumerus -50.9817 -16.0304 87.1231
lradius 67.8853 -0 0
lwrist 12.4934 0 0
lhand -19.9431 -5.98328 -0.00560196
lfingers 7.12502 -0 0
lthumb 6.39473 23.8992 -0.00550441
rclavicle -5.94145e-15 -1.84649e-14 -1.87319e-31
rhumerus -21.5317 45.0217 -97.4212
rradius 82.2629 -0 0
rwrist 4.88151 0 0
rhand -22.9642 -21.3354 0.0683347
rfingers 7.12502 -0 0
rthumb 3.47765 -51.2807 0.0661518
771
root 2.12882 16.7333 17.2895 -4.3134 70.8011 -10.8155
lfemur -38.9658 17.4811 -15.2158
ltibia 54.38 -0 0
lfoot -21.242 19.8799 -0.722947
ltoes 23.7822 -0 0
rfemur -16.8818 -24.0559 20.6426
rtibia 57.2239 -0 0
rfoot -15.7486 -34.782 0.524516
rtoes -16.3089 0 0
lowerback 1.53843 4.19487 -1.51141
upperback -1.16516 5.54998 -3.83639
thorax -1.79696 2.78874 -3.20924
lowerneck -5.39481 -7.01921 -1.22699
upperneck -2.64855 -9.19868 5.73454
head 0.422792 -4.51905 1.78595
lclavicle -6.115e-15 -1.87804e-14 -1.63426e-31
lhumerus -51.6825 -15.4408 88.2186
lradius 68.2899 -0 0
lwrist 12.3063 0 0
lhand -19.9095 -6.03192 -0.0048874
lfingers 7.12502 -0 0
lthumb 6.42723 23.8497 -0.00480229
rclavicle -6.115e-15 -1.87804e-14 -1.63426e-31
rhumerus -22.4885 45.6395 -99.214
rradius 81.9601 -0 0
rwrist 5.14066 0 0
rhand -22.8825 -21.0919 0.0596135
rfingers 7.12502 -0 0
rthumb 3.55658 -51.0366 0.0577092
772
root 2.06939 16.6492 17.4597 -7.02167 73.5226 -13.5538
lfemur -39.1755 17.9976 -15.6936
ltibia 54.1228 -0 0
lfoot -21.7245 20.3669 -0.612631
ltoes 23.6606 -0 0
rfemur -16.6613 -24.5054 20.9911
rtibia 56.6227 -0 0
rfoot -16.3878 -35.0487 0.444477
rtoes -17.3112 0 0
lowerback 1.45762 4.28093 -1.50914
upperback -1.16583 5.66784 -3.87614
thorax -1.74645 2.84865 -3.25563
lowerneck -5.37009 -7.03212 -1.20752
upperneck -2.6896 -9.21304 5.74921
head 0.405901 -4.52605 1.78832
lclavicle -6.28854e-15 -1.90959e-14 -1.38578e-31
lhumerus -52.3696 -14.8385 89.3036
lradius 68.6945 -0 0
lwrist 12.1191 0 0
lhand -19.8758 -6.08056 -0.00414427
lfingers 7.12502 -0 0
lthumb 6.45973 23.8002 -0.0040721
rclavicle -6.28854e-15 -1.90959e-14 -1.38578e-31
rhumerus -23.4833 46.2357 -101.041
rradius 81.6572 -0 0
rwrist 5.39981 0 0
rhand -22.8008 -20.8483 0.0505451
rfingers 7.12502 -0 0
rthumb 3.63546 -50.7924 0.0489305
773
root 2.00996 16.5651 17.6299 -10.7863 76.1931 -17.3483
lfemur -39.3903 18.5125 -16.1747
ltibia 53.8656 -0 0
lfoot -22.206 20.853 -0.498223
ltoes 23.539 -0 0
rfemur -16.4431 -24.9561 21.3389
rtibia 56.0214 -0 0
rfoot -17.0266 -35.3144 0.361469
rtoes -18.3135 0 0
lowerback 1.3768 4.367 -1.50699
upperback -1.16659 5.7857 -3.91591
thorax -1.69598 2.9086 -3.30198
lowerneck -5.34538 -7.04503 -1.18805
upperneck -2.73066 -9.22739 5.76389
head 0.389009 -4.53306 1.79069
lclavicle -6.46208e-15 -1.94115e-14 -1.12773e-31
lhumerus -53.0429 -14.2239 90.378
lradius 69.0991 -0 0
lwrist 11.932 0 0
lhand -19.8421 -6.1292 -0.00337256
lfingers 7.12502 -0 0
lthumb 6.49223 23.7507 -0.00331383
rclavicle -6.46208e-15 -1.94115e-14 -1.12773e-31
rhumerus -24.5161 46.8094 -102.903
rradius 81.3544 -0 0
rwrist 5.65896 0 0
rhand -22.7191 -20.6048 0.0411295
rfingers 7.12502 -0 0
rthumb 3.71431 -50.5483 0.0398157
774
root 1.95053 16.4811 17.8002 -16.3146 78.7761 -22.9063
lfemur -39.6103 19.0256 -16.6594
ltibia 53.6084 -0 0
lfoot -22.6865 21.338 -0.379739
ltoes 23.4174 -0 0
rfemur -16.2271 -25.4081 21.6862
rtibia 55.4201 -0 0
rfoot -17.6649 -35.5793 0.275505
rtoes -19.3158 0 0
lowerback 1.29598 4.45306 -1.50496
upperback -1.16742 5.90357 -3.95568
thorax -1.64555 2.96859 -3.34827
lowerneck -5.32068 -7.05796 -1.16859
upperneck -2.77173 -9.24173 5.77859
head 0.372117 -4.54006 1.79306
lclavicle -6.63562e-15 -1.9727e-14 -8.60136e-32
lhumerus -53.7024 -13.5971 91.442
lradius 69.5037 -0 0
lwrist 11.7448 0 0
lhand -19.8085 -6.17784 -0.00257228
lfingers 7.12502 -0 0
lthumb 6.52473 23.7012 -0.00252749
rclavicle -6.63562e-15 -1.9727e-14 -8.60136e-32
rhumerus -25.5868 47.3595 -104.799
rradius 81.0515 -0 0
rwrist 5.91811 0 0
rhand -22.6375 -20.3613 0.031367
rfingers 7.12502 -0 0
rthumb 3.79312 -50.3042 0.030365
775
root 1.8911 16.397 17.9704 -24.9985 81.1943 -31.6197
lfemur -39.8357 19.537 -17.1477
ltibia 53.3513 -0 0
lfoot -23.166 21.8221 -0.257195
ltoes 23.2958 -0 0
rfemur -16.0133 -25.8612 22.0328
rtibia 54.8188 -0 0
rfoot -18.3029 -35.8431 0.186597
rtoes -20.318 0 0
lowerback 1.21514 4.53913 -1.50305
upperback -1.16834 6.02143 -3.99546
thorax -1.59517 3.02862 -3.39451
lowerneck -5.29597 -7.07089 -1.14913
upperneck -2.8128 -9.25605 5.7933
head 0.355224 -4.54706 1.79544
lclavicle -6.80917e-15 -2.00425e-14 -5.82981e-32
lhumerus -54.3482 -12.9587 92.4958
lradius 69.9082 -0 0
lwrist 11.5577 0 0
lhand -19.7748 -6.22648 -0.00174343
lfingers 7.12502 -0 0
lthumb 6.55723 23.6517 -0.00171306
rclavicle -6.80917e-15 -2.00425e-14 -5.82981e-32
rhumerus -26.6951 47.8849 -106.73
rradius 80.7487 -0 0
rwrist 6.17726 0 0
rhand -22.556 -20.1178 0.0212578
rfingers 7.12502 -0 0
rthumb 3.87188 -50.0601 0.0205787
776
root 1.83167 16.313 18.1407 -39.5723 83.2676 -46.223
lfemur -40.0664 20.0465 -17.6397
ltibia 53.0941 -0 0
lfoot -23.6444 22.3051 -0.13061
ltoes 23.1742 -0 0
rfemur -15.8017 -26.3154 22.3789
rtibia 54.2176 -0 0
rfoot -18.9405 -36.1059 0.0947573
rtoes -21.3203 0 0
lowerback 1.13431 4.62521 -1.50126
upperback -1.16935 6.13929 -4.03526
thorax -1.54484 3.0887 -3.44071
lowerneck -5.27127 -7.08383 -1.12968
upperneck -2.85387 -9.27037 5.80801
head 0.338331 -4.55406 1.79781
lclavicle -6.98271e-15 -2.03581e-14 -2.96269e-32
lhumerus -54.9802 -12.3088 93.5395
lradius 70.3128 -0 0
lwrist 11.3705 0 0
lhand -19.7412 -6.27511 -0.000885999
lfingers 7.12502 -0 0
lthumb 6.58972 23.6022 -0.000870569
rclavicle -6.98271e-15 -2.03581e-14 -2.96269e-32
rhumerus -27.8406 48.3846 -108.696
rradius 80.4458 -0 0
rwrist 6.43641 0 0
rhand -22.4745 -19.8743 0.010802
rfingers 7.12502 -0 0
rthumb 3.95061 -49.8161 0.010457
777
root 1.77224 16.2289 18.3109 -63.7179 84.5843 289.602
lfemur -40.3025 20.5541 -18.1355
ltibia 52.8369 0 0
lfoot -24.1218 22.787 0
ltoes 23.0526 0 0
rfemur -15.5924 -26.7708 22.7245
rtibia 53.6163 0 0
rfoot -19.5776 -36.3677 0
rtoes -22.3226 0 0
lowerback 1.05346 4.71128 -1.4996
upperback -1.17043 6.25715 -4.07506
thorax -1.49455 3.14881 -3.48685
lowerneck -5.24658 -7.09678 -1.11023
upperneck -2.89495 -9.28468 5.82274
head 0.321437 -4.56106 1.80019
lclavicle -7.15625e-15 -2.06736e-14 0
lhumerus -55.5985 -11.6479 94.5733
lradius 70.7174 0 0
lwrist 11.1834 0 0
lhand -19.7075 -6.32375 0
lfingers 7.12502 0 0
lthumb 6.62222 23.5527 0
rclavicle -7.15625e-15 -2.06736e-14 0
rhumerus -29.0225 48.8576 -110.695
rradius 80.143 0 0
rwrist 6.69556 0 0
rhand -22.393 -19.6308 0
rfingers 7.12502 0 0
rthumb 4.02929 -769.572 0
778
root 1.71585 16.2711 18.3956 -36.3348 82.889 317.137
lfemur -39.0971 18.2878 -16.7971
ltibia 51.9652 0 0
lfoot -23.1964 22.0159 0
ltoes 20.7425 0 0
rfemur -15.612 -25.4638 22.3004
rtibia 53.0533 0 0
rfoot -19.0919 -35.2174 0
rtoes -23.2523 0 0
lowerback 1.10087 4.70124 -1.32553
upperback -1.08526 6.24451 -4.00739
thorax -1.42302 3.1396 -3.51178
lowerneck -5.26281 -6.95872 -0.966349
upperneck -2.84774 -9.11495 5.62801
head 0.315317 -4.4806 1.71808
lclavicle 6.59965e-14 -6.36111e-15 0
lhumerus -55.6669 -11.6592 94.6505
lradius 70.7174 0 0
lwrist 11.698 0 0
lhand -20.1618 -5.93439 0
lfingers 7.12502 0 0
lthumb 6.18364 23.9554 0
rclavicle 6.59965e-14 -6.36111e-15 0
rhumerus -29.5307 48.5159 -111.311
rradius 80.1895 0 0
rwrist 6.45486 0 0
rhand -23.0271 -19.7718 0
rfingers 7.12502 0 0
rthumb 3.41696 -769.724 0
779
root 1.66626 16.3123 18.4789 -21.9229 80.2698 331.719
lfemur -37.9058 15.8757 -15.4832
ltibia 51.1595 0 0
lfoot -22.477 21.3204 0
ltoes 18.3967 0 0
rfemur -15.6082 -24.1296 21.8871
rtibia 52.5392 0 0
rfoot -18.5337 -33.9099 0
rtoes -24.236 0 0
lowerback 1.13365 4.69223 -1.1266
upperback -0.994302 6.23443 -3.91955
thorax -1.3369 3.13171 -3.52803
lowerneck -5.29006 -6.80886 -0.822974
upperneck -2.71007 -8.93503 5.39379
head 0.337516 -4.39427 1.62184
lclavicle -1.86858e-14 -7.95139e-15 0
lhumerus -55.7223 -11.6548 94.7328
lradius 70.6849 0 0
lwrist 12.2941 0 0
lhand -20.6961 -5.51535 0
lfingers 7.12502 0 0
lthumb 5.66773 24.3889 0
rclavicle -1.86858e-14 -7.95139e-15 0
rhumerus -30.0806 48.2789 -111.918
rradius 80.1801 0 0
rwrist 6.19884 0 0
rhand -23.5322 -19.9325 0
rfingers 7.12502 0 0
rthumb 2.92913 -769.892 0
780
root 1.62402 16.3521 18.5615 -14.2346 77.324 339.586
lfemur -36.7625 13.3527 -14.2178
ltibia 50.441 0 0
lfoot -21.9566 20.6377 0
ltoes 16.1624 0 0
rfemur -15.571 -22.8181 21.5018
rtibia 52.0365 0 0
rfoot -18.0088 -32.4903 0
rtoes -25.1921 0 0
lowerback 1.14547 4.68246 -0.903591
upperback -0.901559 6.22454 -3.81377
thorax -1.23671 3.12405 -3.53712
lowerneck -5.33146 -6.65004 -0.68087
upperneck -2.49148 -8.74723 5.13444
head 0.386508 -4.30309 1.51639
lclavicle 5.96354e-15 0 0
lhumerus -55.7812 -11.6402 94.8187
lradius 70.6337 0 0
lwrist 12.9222 0 0
lhand -21.2821 -5.08204 0
lfingers 7.12502 0 0
lthumb 5.10201 24.8365 0
rclavicle 5.96354e-15 0 0
rhumerus -30.6645 48.1272 -112.506
rradius 80.1161 0 0
rwrist 5.92387 0 0
rhand -23.9069 -20.1015 0
rfingers 7.12502 0 0
rthumb 2.56726 -770.066 0
781
root 1.65249 16.3546 18.6904 -13.7384 76.62 -19.7173
lfemur -36.4799 13.2641 -14.2586
ltibia 50.2606 -0 0
lfoot -21.773 20.0749 -0.0798947
ltoes 16.2526 -0 0
rfemur -16.1022 -22.5332 21.4395
rtibia 51.9852 -0 0
rfoot -17.7555 -32.0868 0.0771858
rtoes -25.0623 0 0
lowerback 1.2875 4.60434 -0.938215
upperback -0.83651 6.12084 -3.77734
thorax -1.25187 3.07071 -3.47549
lowerneck -5.34932 -6.60979 -0.643519
upperneck -2.37045 -8.70306 5.11006
head 0.426078 -4.27832 1.50298
lclavicle 5.82632e-15 1.79852e-16 1.78754e-32
lhumerus -55.5609 -11.8002 94.6798
lradius 70.4677 -0 0
lwrist 13.0409 0 0
lhand -20.9272 -4.9747 0.0282804
lfingers 7.12502 -0 0
lthumb 5.44322 24.908 0.0180595
rclavicle 5.82632e-15 1.79852e-16 1.78754e-32
rhumerus -30.4952 47.4647 -111.611
rradius 79.7824 -0 0
rwrist 5.86671 0 0
rhand -23.7047 -20.2168 -0.0170529
rfingers 7.12502 -0 0
rthumb 2.7623 -50.1711 -0.0149764
782
root 1.68097 16.3571 18.8193 -13.3018 75.9148 -19.0799
lfemur -36.1972 13.1757 -14.2999
ltibia 50.0802 -0 0
lfoot -21.5887 19.5117 -0.157982
ltoes 16.3428 -0 0
rfemur -16.6326 -22.2488 21.3744
rtibia 51.9339 -0 0
rfoot -17.5017 -31.683 0.152585
rtoes -24.9326 0 0
lowerback 1.42956 4.5263 -0.97303
upperback -0.771539 6.0171 -3.74103
thorax -1.26709 3.01739 -3.41385
lowerneck -5.36716 -6.56954 -0.606184
upperneck -2.24946 -8.65884 5.08577
head 0.465641 -4.25355 1.48959
lclavicle 5.6891e-15 3.59705e-16 3.53201e-32
lhumerus -55.3401 -11.9596 94.5401
lradius 70.3017 -0 0
lwrist 13.1596 0 0
lhand -20.5722 -4.86718 0.0558954
lfingers 7.12502 -0 0
lthumb 5.78444 24.9796 0.0356929
rclavicle 5.6891e-15 3.59705e-16 3.53201e-32
rhumerus -30.343 46.8006 -110.73
rradius 79.4486 -0 0
rwrist 5.80955 0 0
rhand -23.5025 -20.3322 -0.0336986
rfingers 7.12502 -0 0
rthumb 2.95736 -50.2762 -0.0295949
783
root 1.70944 16.3596 18.9482 -12.9163 75.2086 -18.4933
lfemur -35.9147 13.0875 -14.3416
ltibia 49.8998 -0 0
lfoot -21.4035 18.9484 -0.234253
ltoes 16.433 -0 0
rfemur -17.1622 -21.9649 21.3067
rtibia 51.8825 -0 0
rfoot -17.2474 -31.2789 0.226194
rtoes -24.8028 0 0
lowerback 1.57165 4.44834 -1.00804
upperback -0.706647 5.91332 -3.70485
thorax -1.28237 2.96409 -3.35219
lowerneck -5.38496 -6.52927 -0.568864
upperneck -2.1285 -8.61456 5.06159
head 0.505198 -4.22876 1.47622
lclavicle 5.55188e-15 5.39557e-16 5.2334e-32
lhumerus -55.1188 -12.1185 94.3997
lradius 70.1357 -0 0
lwrist 13.2783 0 0
lhand -20.2172 -4.7595 0.0828437
lfingers 7.12502 -0 0
lthumb 6.1257 25.0513 0.0528994
rclavicle 5.55188e-15 5.39557e-16 5.2334e-32
rhumerus -30.2075 46.135 -109.863
rradius 79.1149 -0 0
rwrist 5.75239 0 0
rhand -23.3003 -20.4477 -0.0499369
rfingers 7.12502 -0 0
rthumb 3.15245 -50.3814 -0.0438553
784
root 1.73792 16.3621 19.0771 -12.575 74.5014 -17.9507
lfemur -35.6321 12.9996 -14.3837
ltibia 49.7194 -0 0
lfoot -21.2177 18.3848 -0.308699
ltoes 16.5233 -0 0
rfemur -17.6912 -21.6817 21.2363
rtibia 51.8312 -0 0
rfoot -16.9925 -30.8744 0.298006
rtoes -24.6731 0 0
lowerback 1.71378 4.37048 -1.04323
upperback -0.641833 5.8095 -3.66879
thorax -1.2977 2.91081 -3.29053
lowerneck -5.40274 -6.48899 -0.53156
upperneck -2.00757 -8.57024 5.0375
head 0.544747 -4.20397 1.46287
lclavicle 5.41466e-15 7.1941e-16 6.89173e-32
lhumerus -54.8969 -12.2769 94.2586
lradius 69.9697 -0 0
lwrist 13.397 0 0
lhand -19.8622 -4.65165 0.109124
lfingers 7.12502 -0 0
lthumb 6.46697 25.1232 0.0696785
rclavicle 5.41466e-15 7.1941e-16 6.89173e-32
rhumerus -30.088 45.468 -109.007
rradius 78.7812 -0 0
rwrist 5.69524 0 0
rhand -23.098 -20.5632 -0.0657676
rfingers 7.12502 -0 0
rthumb 3.34757 -50.4867 -0.0577574
785
root 1.76639 16.3646 19.206 -12.2723 73.7934 -17.4462
lfemur -35.3496 12.9118 -14.4263
ltibia 49.539 -0 0
lfoot -21.0311 17.821 -0.381314
ltoes 16.6135 -0 0
rfemur -18.2196 -21.3991 21.1632
rtibia 51.7799 -0 0
rfoot -16.7372 -30.4696 0.368016
rtoes -24.5433 0 0
lowerback 1.85593 4.2927 -1.07862
upperback -0.577097 5.70564 -3.63286
thorax -1.31309 2.85754 -3.22885
lowerneck -5.42049 -6.4487 -0.494271
upperneck -1.88668 -8.52587 5.0135
head 0.584289 -4.17917 1.44953
lclavicle 5.27744e-15 8.99262e-16 8.50697e-32
lhumerus -54.6745 -12.4347 94.1169
lradius 69.8037 -0 0
lwrist 13.5157 0 0
lhand -19.5071 -4.54364 0.134736
lfingers 7.12502 -0 0
lthumb 6.80826 25.1951 0.0860294
rclavicle 5.27744e-15 8.99262e-16 8.50697e-32
rhumerus -29.9839 44.7999 -108.164
rradius 78.4475 -0 0
rwrist 5.63808 0 0
rhand -22.8957 -20.6788 -0.0811903
rfingers 7.12502 -0 0
rthumb 3.54271 -50.592 -0.071301
786
root 1.79486 16.3671 19.3349 -12.0034 73.0848 -16.9752
lfemur -35.0672 12.8242 -14.4692
ltibia 49.3587 -0 0
lfoot -20.8438 17.2569 -0.452088
ltoes 16.7037 -0 0
rfemur -18.7473 -21.1171 21.0874
rtibia 51.7286 -0 0
rfoot -16.4814 -30.0645 0.43622
rtoes -24.4135 0 0
lowerback 1.99813 4.21501 -1.11419
upperback -0.512438 5.60173 -3.59706
thorax -1.32853 2.80428 -3.16716
lowerneck -5.43821 -6.4084 -0.456998
upperneck -1.76581 -8.48145 4.98961
head 0.623824 -4.15435 1.43621
lclavicle 5.14023e-15 1.07911e-15 1.00791e-31
lhumerus -54.4516 -12.592 93.9744
lradius 69.6377 -0 0
lwrist 13.6344 0 0
lhand -19.1519 -4.43547 0.159678
lfingers 7.12502 -0 0
lthumb 7.14957 25.2671 0.101952
rclavicle 5.14023e-15 1.07911e-15 1.00791e-31
rhumerus -29.8948 44.1307 -107.332
rradius 78.1137 -0 0
rwrist 5.58092 0 0
rhand -22.6933 -20.7944 -0.0962048
rfingers 7.12502 -0 0
rthumb 3.73788 -50.6973 -0.0844859
787
root 1.82334 16.3696 19.4639 -11.7642 72.3755 -16.5335
lfemur -34.7847 12.7368 -14.5126
ltibia 49.1783 -0 0
lfoot -20.6558 16.6926 -0.521015
ltoes 16.7939 -0 0
rfemur -19.2744 -20.8358 21.009
rtibia 51.6773 -0 0
rfoot -16.225 -29.6591 0.502612
rtoes -24.2838 0 0
lowerback 2.14035 4.13741 -1.14995
upperback -0.447855 5.49779 -3.56137
thorax -1.34404 2.75105 -3.10546
lowerneck -5.45591 -6.36808 -0.41974
upperneck -1.64498 -8.43697 4.96581
head 0.663352 -4.12953 1.42291
lclavicle 5.00301e-15 1.25897e-15 1.16082e-31
lhumerus -54.2281 -12.7488 93.8311
lradius 69.4717 -0 0
lwrist 13.7532 0 0
lhand -18.7967 -4.32715 0.183948
lfingers 7.12502 -0 0
lthumb 7.49091 25.3392 0.117445
rclavicle 5.00301e-15 1.25897e-15 1.16082e-31
rhumerus -29.82 43.4608 -106.511
rradius 77.78 -0 0
rwrist 5.52376 0 0
rhand -22.491 -20.9101 -0.110811
rfingers 7.12502 -0 0
rthumb 3.93307 -50.8027 -0.0973119
788
root 1.85181 16.3721 19.5928 -11.5514 71.6658 -16.1178
lfemur -34.5023 12.6497 -14.5565
ltibia 48.9979 -0 0
lfoot -20.4671 16.128 -0.588086
ltoes 16.8841 -0 0
rfemur -19.801 -20.5552 20.928
rtibia 51.6259 -0 0
rfoot -15.9683 -29.2534 0.567189
rtoes -24.154 0 0
lowerback 2.28261 4.0599 -1.18591
upperback -0.383348 5.39381 -3.52581
thorax -1.3596 2.69783 -3.04375
lowerneck -5.47357 -6.32776 -0.382498
upperneck -1.52419 -8.39245 4.94211
head 0.702873 -4.1047 1.40963
lclavicle 4.86579e-15 1.43882e-15 1.30943e-31
lhumerus -54.0041 -12.905 93.6872
lradius 69.3057 -0 0
lwrist 13.8719 0 0
lhand -18.4415 -4.21868 0.207547
lfingers 7.12502 -0 0
lthumb 7.83226 25.4114 0.132508
rclavicle 4.86579e-15 1.43882e-15 1.30943e-31
rhumerus -29.7591 42.7901 -105.7
rradius 77.4463 -0 0
rwrist 5.4666 0 0
rhand -22.2886 -21.0258 -0.125008
rfingers 7.12502 -0 0
rthumb 4.12829 -50.9081 -0.109779
789
root 1.88029 16.3746 19.7217 -11.362 70.9556 -15.7251
lfemur -34.2199 12.5627 -14.6007
ltibia 48.8175 -0 0
lfoot -20.2778 15.5632 -0.653296
ltoes 16.9743 -0 0
rfemur -20.327 -20.2752 20.8444
rtibia 51.5746 -0 0
rfoot -15.711 -28.8474 0.629946
rtoes -24.0242 0 0
lowerback 2.42491 3.98247 -1.22205
upperback -0.318917 5.28979 -3.49038
thorax -1.37521 2.64462 -2.98203
lowerneck -5.49121 -6.28742 -0.345271
upperneck -1.40342 -8.34788 4.91851
head 0.742386 -4.07986 1.39636
lclavicle 4.72857e-15 1.61867e-15 1.45372e-31
lhumerus -53.7795 -13.0607 93.5426
lradius 69.1397 -0 0
lwrist 13.9906 0 0
lhand -18.0862 -4.11007 0.230473
lfingers 7.12502 -0 0
lthumb 8.17363 25.4837 0.14714
rclavicle 4.72857e-15 1.61867e-15 1.45372e-31
rhumerus -29.7116 42.1188 -104.899
rradius 77.1126 -0 0
rwrist 5.40944 0 0
rhand -22.0861 -21.1416 -0.138797
rfingers 7.12502 -0 0
rthumb 4.32353 -51.0136 -0.121886
790
root 1.90876 16.3771 19.8506 -11.1935 70.245 -15.353
lfemur -33.9376 12.476 -14.6454
ltibia 48.6371 -0 0
lfoot -20.0879 14.9982 -0.716635
ltoes 17.0646 -0 0
rfemur -20.8525 -19.996 20.7582
rtibia 51.5233 -0 0
rfoot -15.4533 -28.4411 0.690877
rtoes -23.8945 0 0
lowerback 2.56724 3.90514 -1.25838
upperback -0.254562 5.18573 -3.45506
thorax -1.39089 2.59144 -2.9203
lowerneck -5.50882 -6.24707 -0.30806
upperneck -1.28269 -8.30326 4.895
head 0.781893 -4.05501 1.38311
lclavicle 4.59135e-15 1.79852e-15 1.59371e-31
lhumerus -53.5544 -13.2158 93.3972
lradius 68.9737 -0 0
lwrist 14.1093 0 0
lhand -17.7309 -4.00132 0.252724
lfingers 7.12502 -0 0
lthumb 8.51502 25.5561 0.161342
rclavicle 4.59135e-15 1.79852e-15 1.59371e-31
rhumerus -29.6772 41.4472 -104.106
rradius 76.7788 -0 0
rwrist 5.35228 0 0
rhand -21.8837 -21.2574 -0.152176
rfingers 7.12502 -0 0
rthumb 4.51879 -51.1191 -0.133634
791
root 1.93723 16.3796 19.9795 -11.0439 69.5341 -14.9992
lfemur -33.6552 12.3895 -14.6905
ltibia 48.4567 -0 0
lfoot -19.8973 14.433 -0.778099
ltoes 17.1548 -0 0
rfemur -21.3775 -19.7176 20.6695
rtibia 51.472 -0 0
rfoot -15.1952 -28.0346 0.749979
rtoes -23.7647 0 0
lowerback 2.70961 3.82789 -1.29491
upperback -0.190281 5.08163 -3.41988
thorax -1.40661 2.53827 -2.85855
lowerneck -5.52641 -6.20671 -0.270864
upperneck -1.16199 -8.25859 4.8716
head 0.821393 -4.03015 1.36988
lclavicle 4.45413e-15 1.97838e-15 1.72939e-31
lhumerus -53.3288 -13.3703 93.2511
lradius 68.8077 -0 0
lwrist 14.228 0 0
lhand -17.3755 -3.89243 0.274301
lfingers 7.12502 -0 0
lthumb 8.85643 25.6285 0.175112
rclavicle 4.45413e-15 1.97838e-15 1.72939e-31
rhumerus -29.6554 40.7752 -103.322
rradius 76.4451 -0 0
rwrist 5.29513 0 0
rhand -21.6812 -21.3733 -0.165146
rfingers 7.12502 -0 0
rthumb 4.71407 -51.2246 -0.145023
792
root 1.96571 16.3821 20.1084 -10.9112 68.8228 -14.6619
lfemur -33.3729 12.3032 -14.7361
ltibia 48.2763 -0 0
lfoot -19.7061 13.8676 -0.837679
ltoes 17.245 -0 0
rfemur -21.9021 -19.4399 20.5782
rtibia 51.4207 -0 0
rfoot -14.9367 -27.6278 0.807248
rtoes -23.635 0 0
lowerback 2.85202 3.75074 -1.33162
upperback -0.126075 4.97749 -3.38481
thorax -1.4224 2.48511 -2.79679
lowerneck -5.54396 -6.16634 -0.233683
upperneck -1.04132 -8.21387 4.84829
head 0.860886 -4.00529 1.35667
lclavicle 4.31691e-15 2.15823e-15 1.86077e-31
lhumerus -53.1026 -13.5243 93.1043
lradius 68.6417 -0 0
lwrist 14.3467 0 0
lhand -17.0201 -3.78341 0.295202
lfingers 7.12502 -0 0
lthumb 9.19785 25.7011 0.18845
rclavicle 4.31691e-15 2.15823e-15 1.86077e-31
rhumerus -29.6459 40.1031 -102.547
rradius 76.1114 -0 0
rwrist 5.23797 0 0
rhand -21.4787 -21.4892 -0.177706
rfingers 7.12502 -0 0
rthumb 4.90937 -51.3302 -0.156052
793
root 1.99418 16.3846 20.2373 -10.7939 68.1114 -14.3395
lfemur -33.0906 12.2171 -14.782
ltibia 48.0959 -0 0
lfoot -19.5144 13.302 -0.89537
ltoes 17.3352 -0 0
rfemur -22.4263 -19.1631 20.4844
rtibia 51.3694 -0 0
rfoot -14.6778 -27.2207 0.86268
rtoes -23.5052 0 0
lowerback 2.99446 3.67368 -1.36852
upperback -0.0619432 4.87331 -3.34987
thorax -1.43824 2.43198 -2.73502
lowerneck -5.56149 -6.12596 -0.196517
upperneck -0.920687 -8.1691 4.82508
head 0.900372 -3.98041 1.34347
lclavicle 4.17969e-15 2.33808e-15 1.98783e-31
lhumerus -52.8758 -13.6778 92.9568
lradius 68.4757 -0 0
lwrist 14.4654 0 0
lhand -16.6646 -3.67426 0.315426
lfingers 7.12502 -0 0
lthumb 9.5393 25.7737 0.201356
rclavicle 4.17969e-15 2.33808e-15 1.98783e-31
rhumerus -29.6482 39.431 -101.779
rradius 75.7776 -0 0
rwrist 5.18081 0 0
rhand -21.2762 -21.6051 -0.189857
rfingers 7.12502 -0 0
rthumb 5.10469 -51.4359 -0.16672
794
root 2.02265 16.3871 20.3662 -10.6905 67.3997 -14.0305
lfemur -32.8084 12.1312 -14.8284
ltibia 47.9155 -0 0
lfoot -19.3221 12.7362 -0.951165
ltoes 17.4254 -0 0
rfemur -22.95 -18.887 20.388
rtibia 51.318 -0 0
rfoot -14.4185 -26.8134 0.91627
rtoes -23.3754 0 0
lowerback 3.13694 3.59671 -1.40561
upperback 0.00211527 4.76909 -3.31504
thorax -1.45414 2.37886 -2.67324
lowerneck -5.57899 -6.08556 -0.159367
upperneck -0.800083 -8.12429 4.80196
head 0.939852 -3.95553 1.33029
lclavicle 4.04247e-15 2.51793e-15 2.11059e-31
lhumerus -52.6485 -13.8306 92.8085
lradius 68.3098 -0 0
lwrist 14.5841 0 0
lhand -16.3091 -3.56498 0.334973
lfingers 7.12502 -0 0
lthumb 9.88075 25.8464 0.213829
rclavicle 4.04247e-15 2.51793e-15 2.11059e-31
rhumerus -29.662 38.7589 -101.018
rradius 75.4439 -0 0
rwrist 5.12365 0 0
rhand -21.0736 -21.7211 -0.201598
rfingers 7.12502 -0 0
rthumb 5.30003 -51.5415 -0.177029
795
root 2.05113 16.3896 20.4951 -10.5998 66.6878 -13.7337
lfemur -32.5261 12.0456 -14.8751
ltibia 47.7351 -0 0
lfoot -19.1292 12.1702 -1.00506
ltoes 17.5156 -0 0
rfemur -23.4734 -18.6118 20.2892
rtibia 51.2667 -0 0
rfoot -14.1588 -26.4058 0.968015
rtoes -23.2457 0 0
lowerback 3.27946 3.51983 -1.44288
upperback 0.0661006 4.66483 -3.28034
thorax -1.4701 2.32576 -2.61144
lowerneck -5.59647 -6.04516 -0.122232
upperneck -0.679511 -8.07943 4.77895
head 0.979324 -3.93063 1.31713
lclavicle 3.90525e-15 2.69779e-15 2.22904e-31
lhumerus -52.4207 -13.9829 92.6596
lradius 68.1438 -0 0
lwrist 14.7028 0 0
lhand -15.9536 -3.45559 0.353841
lfingers 7.12502 -0 0
lthumb 10.2222 25.9192 0.225868
rclavicle 3.90525e-15 2.69779e-15 2.22904e-31
rhumerus -29.6871 38.087 -100.264
rradius 75.1102 -0 0
rwrist 5.06649 0 0
rhand -20.871 -21.8372 -0.212928
rfingers 7.12502 -0 0
rthumb 5.49539 -51.6472 -0.186977
796
root 2.0796 16.3921 20.624 -10.5206 65.9757 -13.448
lfemur -32.2439 11.9602 -14.9223
ltibia 47.5548 -0 0
lfoot -18.9358 11.604 -1.05704
ltoes 17.6058 -0 0
rfemur -23.9965 -18.3375 20.1879
rtibia 51.2154 -0 0
rfoot -13.8987 -25.998 1.01791
rtoes -23.1159 0 0
lowerback 3.42201 3.44305 -1.48035
upperback 0.130013 4.56054 -3.24577
thorax -1.48611 2.27267 -2.54963
lowerneck -5.61391 -6.00474 -0.0851121
upperneck -0.55897 -8.03452 4.75603
head 1.01879 -3.90573 1.30399
lclavicle 3.76804e-15 2.87764e-15 2.34319e-31
lhumerus -52.1923 -14.1346 92.5099
lradius 67.9778 -0 0
lwrist 14.8215 0 0
lhand -15.598 -3.34609 0.372031
lfingers 7.12502 -0 0
lthumb 10.5637 25.992 0.237473
rclavicle 3.76804e-15 2.87764e-15 2.34319e-31
rhumerus -29.723 37.4155 -99.5169
rradius 74.7765 -0 0
rwrist 5.00933 0 0
rhand -20.6684 -21.9532 -0.223848
rfingers 7.12502 -0 0
rthumb 5.69077 -51.7529 -0.196565
797
root 2.10808 16.3946 20.7529 -10.4521 65.2635 -13.1724
lfemur -31.9617 11.875 -14.97
ltibia 47.3744 -0 0
lfoot -18.742 11.0376 -1.10712
ltoes 17.6961 -0 0
rfemur -24.5193 -18.064 20.0841
rtibia 51.1641 -0 0
rfoot -13.6383 -25.5899 1.06595
rtoes -22.9861 0 0
lowerback 3.56461 3.36635 -1.518
upperback 0.193853 4.4562 -3.21131
thorax -1.50218 2.21961 -2.48781
lowerneck -5.63133 -5.96431 -0.0480073
upperneck -0.438461 -7.98956 4.73321
head 1.05825 -3.88082 1.29086
lclavicle 3.63082e-15 3.05749e-15 2.45302e-31
lhumerus -51.9633 -14.2857 92.3595
lradius 67.8118 -0 0
lwrist 14.9402 0 0
lhand -15.2424 -3.23647 0.38954
lfingers 7.12502 -0 0
lthumb 10.9052 26.0649 0.248644
rclavicle 3.63082e-15 3.05749e-15 2.45302e-31
rhumerus -29.7696 36.7444 -98.7755
rradius 74.4427 -0 0
rwrist 4.95217 0 0
rhand -20.4658 -22.0694 -0.234358
rfingers 7.12502 -0 0
rthumb 5.88616 -51.8587 -0.205792
798
root 2.13655 16.3971 20.8819 -10.3934 64.5511 -12.9059
lfemur -31.6795 11.79 -15.018
ltibia 47.194 -0 0
lfoot -18.5476 10.471 -1.15527
ltoes 17.7863 -0 0
rfemur -25.0417 -17.7915 19.9778
rtibia 51.1128 -0 0
rfoot -13.3775 -25.1817 1.11214
rtoes -22.8564 0 0
lowerback 3.70724 3.28976 -1.55584
upperback 0.257622 4.35183 -3.17698
thorax -1.51831 2.16656 -2.42598
lowerneck -5.64872 -5.92388 -0.0109175
upperneck -0.317983 -7.94455 4.71049
head 1.0977 -3.85589 1.27776
lclavicle 3.4936e-15 3.23734e-15 2.55855e-31
lhumerus -51.7337 -14.4363 92.2083
lradius 67.6458 -0 0
lwrist 15.059 0 0
lhand -14.8868 -3.12674 0.406368
lfingers 7.12502 -0 0
lthumb 11.2467 26.1379 0.25938
rclavicle 3.4936e-15 3.23734e-15 2.55855e-31
rhumerus -29.8265 36.0738 -98.0399
rradius 74.109 -0 0
rwrist 4.89502 0 0
rhand -20.2631 -22.1855 -0.244456
rfingers 7.12502 -0 0
rthumb 6.08158 -51.9645 -0.214658
799
root 2.16502 16.3996 21.0108 -10.3437 63.8387 -12.6479
lfemur -31.3973 11.7053 -15.0664
ltibia 47.0136 -0 0
lfoot -18.3527 9.90431 -1.2015
ltoes 17.8765 -0 0
rfemur -25.5639 -17.5199 19.8691
rtibia 51.0614 -0 0
rfoot -13.1165 -24.7732 1.15647
rtoes -22.7266 0 0
lowerback 3.84992 3.21325 -1.59387
upperback 0.321318 4.24742 -3.14277
thorax -1.53449 2.11353 -2.36413
lowerneck -5.66608 -5.88343 0.0261572
upperneck -0.197536 -7.8995 4.68787
head 1.13714 -3.83096 1.26467
lclavicle 3.35638e-15 3.4172e-15 2.65978e-31
lhumerus -51.5036 -14.5862 92.0565
lradius 67.4798 -0 0
lwrist 15.1777 0 0
lhand -14.5311 -3.01692 0.422516
lfingers 7.12502 -0 0
lthumb 11.5883 26.2109 0.269681
rclavicle 3.35638e-15 3.4172e-15 2.65978e-31
rhumerus -29.8935 35.4038 -97.3096
rradius 73.7753 -0 0
rwrist 4.83786 0 0
rhand -20.0605 -22.3017 -0.254144
rfingers 7.12502 -0 0
rthumb 6.277 -52.0703 -0.223164
800
root 2.1935 16.4021 21.1397 -10.3023 63.1261 -12.3976
lfemur -31.1151 11.6208 -15.1153
ltibia 46.8332 -0 0
lfoot -18.1574 9.33742 -1.2458
ltoes 17.9667 -0 0
rfemur -26.0859 -17.2492 19.758
rtibia 51.0101 -0 0
rfoot -12.8551 -24.3645 1.19894
rtoes -22.5969 0 0
lowerback 3.99263 3.13684 -1.63209
upperback 0.384944 4.14297 -3.10867
thorax -1.55073 2.06051 -2.30227
lowerneck -5.68342 -5.84297 0.0632168
upperneck -0.0771206 -7.8544 4.66534
head 1.17658 -3.80602 1.25159
lclavicle 3.21916e-15 3.59705e-15 2.75669e-31
lhumerus -51.2729 -14.7356 91.9039
lradius 67.3138 -0 0
lwrist 15.2964 0 0
lhand -14.1754 -2.90699 0.437981
lfingers 7.12502 -0 0
lthumb 11.9298 26.284 0.279547
rclavicle 3.21916e-15 3.59705e-15 2.75669e-31
rhumerus -29.9703 34.7346 -96.5843
rradius 73.4416 -0 0
rwrist 4.7807 0 0
rhand -19.8578 -22.4179 -0.263421
rfingers 7.12502 -0 0
rthumb 6.47245 -52.1762 -0.231308
801
root 2.22197 16.4046 21.2686 -10.2686 62.4135 -12.1544
lfemur -30.833 11.5366 -15.1645
ltibia 46.6528 -0 0
lfoot -17.9617 8.77037 -1.28816
ltoes 18.0569 -0 0
rfemur -26.6077 -16.9796 19.6444
rtibia 50.9588 -0 0
rfoot -12.5934 -23.9557 1.23954
rtoes -22.4671 0 0
lowerback 4.13539 3.06053 -1.6705
upperback 0.4485 4.03849 -3.0747
thorax -1.56703 2.00751 -2.2404
lowerneck -5.70072 -5.80249 0.100262
upperneck 0.0432641 -7.80925 4.64291
head 1.21601 -3.78108 1.23854
lclavicle 3.08194e-15 3.7769e-15 2.8493e-31
lhumerus -51.0417 -14.8843 91.7506
lradius 67.1478 -0 0
lwrist 15.4151 0 0
lhand -13.8197 -2.79697 0.452763
lfingers 7.12502 -0 0
lthumb 12.2714 26.3571 0.288977
rclavicle 3.08194e-15 3.7769e-15 2.8493e-31
rhumerus -30.0567 34.0663 -95.8637
rradius 73.1078 -0 0
rwrist 4.72354 0 0
rhand -19.6551 -22.5342 -0.272287
rfingers 7.12502 -0 0
rthumb 6.66791 -52.282 -0.239092
802
root 2.25045 16.4071 21.3975 -10.2421 61.7008 -11.9177
lfemur -30.5508 11.4526 -15.2142
ltibia 46.4724 -0 0
lfoot -17.7656 8.20317 -1.32859
ltoes 18.1471 -0 0
rfemur -27.1293 -16.7109 19.5285
rtibia 50.9075 -0 0
rfoot -12.3314 -23.5466 1.27827
rtoes -22.3373 0 0
lowerback 4.27818 2.98431 -1.70909
upperback 0.511985 3.93396 -3.04085
thorax -1.58338 1.95453 -2.17852
lowerneck -5.718 -5.76201 0.137291
upperneck 0.163618 -7.76406 4.62059
head 1.25544 -3.75612 1.2255
lclavicle 2.94472e-15 3.95675e-15 2.9376e-31
lhumerus -50.8099 -15.0325 91.5965
lradius 66.9818 -0 0
lwrist 15.5338 0 0
lhand -13.464 -2.68686 0.466862
lfingers 7.12502 -0 0
lthumb 12.6129 26.4304 0.29797
rclavicle 2.94472e-15 3.95675e-15 2.9376e-31
rhumerus -30.1525 33.3989 -95.1474
rradius 72.7741 -0 0
rwrist 4.66638 0 0
rhand -19.4524 -22.6505 -0.280741
rfingers 7.12502 -0 0
rthumb 6.86338 -52.3879 -0.246514
803
root 2.27892 16.4096 21.5264 -10.2222 60.9881 -11.687
lfemur -30.2687 11.3688 -15.2643
ltibia 46.292 -0 0
lfoot -17.569 7.63583 -1.36707
ltoes 18.2374 -0 0
rfemur -27.6507 -16.4433 19.4102
rtibia 50.8562 -0 0
rfoot -12.0691 -23.1374 1.31513
rtoes -22.2076 0 0
lowerback 4.42102 2.90819 -1.74787
upperback 0.5754 3.8294 -3.00712
thorax -1.59979 1.90157 -2.11662
lowerneck -5.73526 -5.72152 0.174306
upperneck 0.283941 -7.71882 4.59836
head 1.29485 -3.73115 1.21248
lclavicle 2.8075e-15 4.1366e-15 3.02159e-31
lhumerus -50.5775 -15.18 91.4418
lradius 66.8158 -0 0
lwrist 15.6525 0 0
lhand -13.1082 -2.57666 0.480277
lfingers 7.12502 -0 0
lthumb 12.9545 26.5036 0.306527
rclavicle 2.8075e-15 4.1366e-15 3.02159e-31
rhumerus -30.2576 32.7325 -94.4353
rradius 72.4404 -0 0
rwrist 4.60922 0 0
rhand -19.2496 -22.7668 -0.288784
rfingers 7.12502 -0 0
rthumb 7.05887 -52.4939 -0.253575
804
root 2.30739 16.4121 21.6553 -10.2086 60.2754 -11.4619
lfemur -29.9866 11.2853 -15.3147
ltibia 46.1116 -0 0
lfoot -17.3721 7.06835 -1.4036
ltoes 18.3276 -0 0
rfemur -28.172 -16.1766 19.2895
rtibia 50.8048 -0 0
rfoot -11.8066 -22.7279 1.35011
rtoes -22.0778 0 0
lowerback 4.5639 2.83217 -1.78684
upperback 0.638746 3.72481 -2.97351
thorax -1.61626 1.84863 -2.05471
lowerneck -5.75248 -5.68101 0.211306
upperneck 0.404234 -7.67353 4.57622
head 1.33426 -3.70618 1.19948
lclavicle 2.67028e-15 4.31646e-15 3.10128e-31
lhumerus -50.3445 -15.327 91.2863
lradius 66.6498 -0 0
lwrist 15.7712 0 0
lhand -12.7524 -2.46639 0.493007
lfingers 7.12502 -0 0
lthumb 13.2961 26.5769 0.314647
rclavicle 2.67028e-15 4.31646e-15 3.10128e-31
rhumerus -30.3716 32.0673 -93.727
rradius 72.1066 -0 0
rwrist 4.55206 0 0
rhand -19.0469 -22.8831 -0.296415
rfingers 7.12502 -0 0
rthumb 7.25437 -52.5998 -0.260274
805
root 2.33587 16.4146 21.7842 -10.2008 59.5626 -11.2419
lfemur -29.7044 11.202 -15.3656
ltibia 45.9312 -0 0
lfoot -17.1748 6.50074 -1.43819
ltoes 18.4178 -0 0
rfemur -28.6931 -15.9111 19.1664
rtibia 50.7535 -0 0
rfoot -11.5438 -22.3184 1.38322
rtoes -21.9481 0 0
lowerback 4.70682 2.75624 -1.82599
upperback 0.702023 3.62017 -2.94002
thorax -1.63278 1.7957 -1.99278
lowerneck -5.76968 -5.64049 0.248291
upperneck 0.524496 -7.6282 4.55419
head 1.37367 -3.68119 1.18649
lclavicle 2.53306e-15 4.49631e-15 3.17665e-31
lhumerus -50.111 -15.4733 91.13
lradius 66.4838 -0 0
lwrist 15.8899 0 0
lhand -12.3965 -2.35603 0.505053
lfingers 7.12502 -0 0
lthumb 13.6377 26.6503 0.32233
rclavicle 2.53306e-15 4.49631e-15 3.17665e-31
rhumerus -30.4944 31.4033 -93.0221
rradius 71.7729 -0 0
rwrist 4.49491 0 0
rhand -18.8441 -22.9995 -0.303634
rfingers 7.12502 -0 0
rthumb 7.44988 -52.7058 -0.266612
806
root 2.36434 16.4171 21.9131 -10.1984 58.8498 -11.0266
lfemur -29.4223 11.119 -15.4169
ltibia 45.7508 -0 0
lfoot -16.9772 5.933 -1.47081
ltoes 18.508 -0 0
rfemur -29.2142 -15.6466 19.041
rtibia 50.7022 -0 0
rfoot -11.2808 -21.9087 1.41445
rtoes -21.8183 0 0
lowerback 4.84979 2.68041 -1.86533
upperback 0.765231 3.5155 -2.90665
thorax -1.64936 1.74279 -1.93084
lowerneck -5.78685 -5.59997 0.285262
upperneck 0.644728 -7.58282 4.53225
head 1.41307 -3.6562 1.17353
lclavicle 2.39584e-15 4.67616e-15 3.24773e-31
lhumerus -49.8769 -15.6191 90.9731
lradius 66.3178 -0 0
lwrist 16.0086 0 0
lhand -12.0407 -2.24561 0.516413
lfingers 7.12502 -0 0
lthumb 13.9793 26.7237 0.329575
rclavicle 2.39584e-15 4.67616e-15 3.24773e-31
rhumerus -30.6258 30.7406 -92.3205
rradius 71.4392 -0 0
rwrist 4.43775 0 0
rhand -18.6413 -23.1159 -0.310441
rfingers 7.12502 -0 0
rthumb 7.6454 -52.8118 -0.272588
807
root 2.39282 16.4196 22.042 -10.2012 58.137 -10.8157
lfemur -29.1402 11.0362 -15.4686
ltibia 45.5705 -0 0
lfoot -16.7793 5.36515 -1.50148
ltoes 18.5982 -0 0
rfemur -29.7352 -15.3833 18.9133
rtibia 50.6509 -0 0
rfoot -11.0176 -21.4988 1.4438
rtoes -21.6885 0 0
lowerback 4.9928 2.60468 -1.90486
upperback 0.828372 3.41079 -2.8734
thorax -1.666 1.6899 -1.86889
lowerneck -5.80399 -5.55943 0.322217
upperneck 0.76493 -7.5374 4.51042
head 1.45246 -3.6312 1.16058
lclavicle 2.25863e-15 4.85601e-15 3.31449e-31
lhumerus -49.6422 -15.7642 90.8154
lradius 66.1518 -0 0
lwrist 16.1273 0 0
lhand -11.6848 -2.13511 0.527086
lfingers 7.12502 -0 0
lthumb 14.321 26.7971 0.336382
rclavicle 2.25863e-15 4.85601e-15 3.31449e-31
rhumerus -30.7658 30.0794 -91.6219
rradius 71.1055 -0 0
rwrist 4.38059 0 0
rhand -18.4385 -23.2323 -0.316837
rfingers 7.12502 -0 0
rthumb 7.84093 -52.9178 -0.278203
808
root 2.42129 16.4221 22.1709 -10.2087 57.4243 -10.6088
lfemur -28.8581 10.9537 -15.5207
ltibia 45.3901 -0 0
lfoot -16.5811 4.79719 -1.53019
ltoes 18.6884 -0 0
rfemur -30.2562 -15.1211 18.7833
rtibia 50.5996 -0 0
rfoot -10.7542 -21.0888 1.47127
rtoes -21.5588 0 0
lowerback 5.13585 2.52905 -1.94458
upperback 0.891445 3.30605 -2.84027
thorax -1.68269 1.63703 -1.80692
lowerneck -5.82111 -5.51888 0.359158
upperneck 0.885101 -7.49193 4.48868
head 1.49184 -3.60619 1.14764
lclavicle 2.12141e-15 5.03587e-15 3.37695e-31
lhumerus -49.4069 -15.9086 90.657
lradius 65.9858 -0 0
lwrist 16.246 0 0
lhand -11.3289 -2.02455 0.537074
lfingers 7.12502 -0 0
lthumb 14.6626 26.8706 0.342752
rclavicle 2.12141e-15 5.03587e-15 3.37695e-31
rhumerus -30.914 29.4197 -90.9261
rradius 70.7717 -0 0
rwrist 4.32343 0 0
rhand -18.2357 -23.3488 -0.32282
rfingers 7.12502 -0 0
rthumb 8.03648 -53.0238 -0.283456
809
root 2.44976 16.4246 22.2998 -10.2208 56.7115 -10.4057
lfemur -28.576 10.8714 -15.5732
ltibia 45.2097 -0 0
lfoot -16.3826 4.22912 -1.55693
ltoes 18.7786 -0 0
rfemur -30.7772 -14.86 18.651
rtibia 50.5482 -0 0
rfoot -10.4906 -20.6786 1.49685
rtoes -21.429 0 0
lowerback 5.27894 2.45351 -1.98448
upperback 0.95445 3.20127 -2.80725
thorax -1.69944 1.58418 -1.74494
lowerneck -5.83819 -5.47832 0.396084
upperneck 1.00524 -7.44642 4.46704
head 1.53122 -3.58117 1.13473
lclavicle 1.98419e-15 5.21572e-15 3.43509e-31
lhumerus -49.171 -16.0525 90.4979
lradius 65.8198 -0 0
lwrist 16.3647 0 0
lhand -10.973 -1.91393 0.546374
lfingers 7.12502 -0 0
lthumb 15.0042 26.9441 0.348683
rclavicle 1.98419e-15 5.21572e-15 3.43509e-31
rhumerus -31.0705 28.7616 -90.2327
rradius 70.438 -0 0
rwrist 4.26627 0 0
rhand -18.0329 -23.4652 -0.328391
rfingers 7.12502 -0 0
rthumb 8.23203 -53.1299 -0.288346
810
root 2.47824 16.4271 22.4287 -10.2373 55.9988 -10.2061
lfemur -28.2939 10.7894 -15.626
ltibia 45.0293 -0 0
lfoot -16.1838 3.66096 -1.5817
ltoes 18.8689 -0 0
rfemur -31.2981 -14.6001 18.5163
rtibia 50.4969 -0 0
rfoot -10.2268 -20.2684 1.52054
rtoes -21.2992 0 0
lowerback 5.42209 2.37808 -2.02457
upperback 1.01739 3.09645 -2.77436
thorax -1.71625 1.53134 -1.68295
lowerneck -5.85525 -5.43775 0.432996
upperneck 1.12535 -7.40086 4.44549
head 1.57059 -3.55614 1.12183
lclavicle 1.84697e-15 5.39557e-15 3.48894e-31
lhumerus -48.9345 -16.1957 90.338
lradius 65.6538 -0 0
lwrist 16.4834 0 0
lhand -10.617 -1.80326 0.554987
lfingers 7.12502 -0 0
lthumb 15.3459 27.0177 0.354176
rclavicle 1.84697e-15 5.39557e-15 3.48894e-31
rhumerus -31.2349 28.1052 -89.5416
rradius 70.1043 -0 0
rwrist 4.20911 0 0
rhand -17.83 -23.5817 -0.33355
rfingers 7.12502 -0 0
rthumb 8.42759 -53.2359 -0.292875
811
root 2.50671 16.4296 22.5577 -10.2577 55.2861 -10.0098
lfemur -28.0118 10.7076 -15.6793
ltibia 44.8489 -0 0
lfoot -15.9848 3.09271 -1.6045
ltoes 18.9591 -0 0
rfemur -31.8191 -14.3414 18.3794
rtibia 50.4456 -0 0
rfoot -9.96282 -19.858 1.54235
rtoes -21.1695 0 0
lowerback 5.56527 2.30275 -2.06484
upperback 1.08026 2.9916 -2.74158
thorax -1.73311 1.47852 -1.62094
lowerneck -5.87229 -5.39716 0.469893
upperneck 1.24544 -7.35526 4.42405
head 1.60995 -3.5311 1.10895
lclavicle 1.70975e-15 5.57542e-15 3.53847e-31
lhumerus -48.6975 -16.3383 90.1774
lradius 65.4878 -0 0
lwrist 16.6022 0 0
lhand -10.2611 -1.69253 0.562912
lfingers 7.12502 -0 0
lthumb 15.6875 27.0913 0.35923
rclavicle 1.70975e-15 5.57542e-15 3.53847e-31
rhumerus -31.4073 27.4506 -88.8525
rradius 69.7706 -0 0
rwrist 4.15195 0 0
rhand -17.6272 -23.6982 -0.338296
rfingers 7.12502 -0 0
rthumb 8.62316 -53.342 -0.297042
812
root 2.53519 16.4321 22.6866 -10.2821 54.5735 -9.81642
lfemur -27.7297 10.6261 -15.733
ltibia 44.6685 -0 0
lfoot -15.7856 2.52437 -1.62532
ltoes 19.0493 -0 0
rfemur -32.3401 -14.0839 18.2403
rtibia 50.3943 -0 0
rfoot -9.6987 -19.4476 1.56226
rtoes -21.0397 0 0
lowerback 5.7085 2.22751 -2.1053
upperback 1.14307 2.88671 -2.70892
thorax -1.75003 1.42572 -1.55892
lowerneck -5.88929 -5.35657 0.506775
upperneck 1.36549 -7.30961 4.40271
head 1.64931 -3.50605 1.09609
lclavicle 1.57253e-15 5.75528e-15 3.5837e-31
lhumerus -48.4599 -16.4802 90.0161
lradius 65.3218 -0 0
lwrist 16.7209 0 0
lhand -9.90511 -1.58175 0.570149
lfingers 7.12502 -0 0
lthumb 16.0292 27.1649 0.363845
rclavicle 1.57253e-15 5.75528e-15 3.5837e-31
rhumerus -31.5876 26.7978 -88.1652
rradius 69.4368 -0 0
rwrist 4.0948 0 0
rhand -17.4244 -23.8147 -0.34263
rfingers 7.12502 -0 0
rthumb 8.81874 -53.4481 -0.300846
813
root 2.56366 16.4346 22.8155 -10.31 53.8609 -9.62587
lfemur -27.4476 10.5448 -15.787
ltibia 44.4881 -0 0
lfoot -15.5862 1.95596 -1.64417
ltoes 19.1395 -0 0
rfemur -32.8612 -13.8277 18.0988
rtibia 50.343 -0 0
rfoot -9.43445 -19.037 1.58028
rtoes -20.91 0 0
lowerback 5.85178 2.15238 -2.14595
upperback 1.20581 2.78178 -2.67638
thorax -1.76701 1.37294 -1.49689
lowerneck -5.90627 -5.31597 0.543643
upperneck 1.48551 -7.26392 4.38146
head 1.68866 -3.481 1.08325
lclavicle 1.43531e-15 5.93513e-15 3.62462e-31
lhumerus -48.2216 -16.6215 89.854
lradius 65.1558 -0 0
lwrist 16.8396 0 0
lhand -9.54913 -1.47094 0.576698
lfingers 7.12502 -0 0
lthumb 16.3709 27.2385 0.368022
rclavicle 1.43531e-15 5.93513e-15 3.62462e-31
rhumerus -31.7755 26.1471 -87.4796
rradius 69.1031 -0 0
rwrist 4.03764 0 0
rhand -17.2215 -23.9312 -0.346552
rfingers 7.12502 -0 0
rthumb 9.01433 -53.5542 -0.304289
814
root 2.59213 16.4371 22.9444 -10.3415 53.1483 -9.43791
lfemur -27.1654 10.4639 -15.8415
ltibia 44.3077 -0 0
lfoot -15.3866 1.38749 -1.66104
ltoes 19.2297 -0 0
rfemur -33.3823 -13.5727 17.9552
rtibia 50.2917 -0 0
rfoot -9.17007 -18.6264 1.59641
rtoes -20.7802 0 0
lowerback 5.99511 2.07736 -2.18678
upperback 1.26848 2.67682 -2.64396
thorax -1.78405 1.32018 -1.43484
lowerneck -5.92322 -5.27535 0.580496
upperneck 1.60551 -7.21818 4.36031
head 1.728 -3.45594 1.07042
lclavicle 1.29809e-15 6.11498e-15 3.66123e-31
lhumerus -47.9828 -16.7622 89.6912
lradius 64.9898 -0 0
lwrist 16.9583 0 0
lhand -9.19313 -1.36008 0.582559
lfingers 7.12502 -0 0
lthumb 16.7125 27.3122 0.371759
rclavicle 1.29809e-15 6.11498e-15 3.66123e-31
rhumerus -31.971 25.4984 -86.7953
rradius 68.7694 -0 0
rwrist 3.98048 0 0
rhand -17.0186 -24.0478 -0.350061
rfingers 7.12502 -0 0
rthumb 9.20992 -53.6603 -0.307369
815
root 2.62061 16.4396 23.0733 -10.3763 52.4359 -9.25237
lfemur -26.8833 10.3831 -15.8964
ltibia 44.1273 -0 0
lfoot -15.1869 0.818953 -1.67593
ltoes 19.3199 -0 0
rfemur -33.9036 -13.319 17.8093
rtibia 50.2403 -0 0
rfoot -8.90558 -18.2157 1.61064
rtoes -20.6504 0 0
lowerback 6.13848 2.00243 -2.2278
upperback 1.3311 2.57183 -2.61166
thorax -1.80114 1.26744 -1.37277
lowerneck -5.94014 -5.23472 0.617335
upperneck 1.72547 -7.1724 4.33926
head 1.76734 -3.43086 1.05761
lclavicle 1.16087e-15 6.29483e-15 3.69353e-31
lhumerus -47.7434 -16.9022 89.5277
lradius 64.8238 -0 0
lwrist 17.077 0 0
lhand -8.83713 -1.24919 0.58773
lfingers 7.12502 -0 0
lthumb 17.0542 27.3858 0.375057
rclavicle 1.16087e-15 6.29483e-15 3.69353e-31
rhumerus -32.1739 24.8518 -86.1122
rradius 68.4356 -0 0
rwrist 3.92332 0 0
rhand -16.8157 -24.1643 -0.353157
rfingers 7.12502 -0 0
rthumb 9.40551 -53.7664 -0.310087
816
root 2.64908 16.4421 23.2022 -10.4143 51.7235 -9.06907
lfemur -26.6012 10.3027 -15.9516
ltibia 43.9469 -0 0
lfoot -14.987 0.250364 -1.68884
ltoes 19.4102 -0 0
rfemur -34.4249 -13.0666 17.6612
rtibia 50.189 -0 0
rfoot -8.641 -17.8049 1.62298
rtoes -20.5207 0 0
lowerback 6.2819 1.9276 -2.26901
upperback 1.39364 2.4668 -2.57947
thorax -1.81828 1.21471 -1.31069
lowerneck -5.95704 -5.19409 0.654159
upperneck 1.84541 -7.12658 4.31832
head 1.80666 -3.40578 1.04482
lclavicle 1.02365e-15 6.47469e-15 3.72153e-31
lhumerus -47.5034 -17.0415 89.3634
lradius 64.6578 -0 0
lwrist 17.1957 0 0
lhand -8.48111 -1.13827 0.592213
lfingers 7.12502 -0 0
lthumb 17.3959 27.4596 0.377915
rclavicle 1.02365e-15 6.47469e-15 3.72153e-31
rhumerus -32.3843 24.2075 -85.4301
rradius 68.1019 -0 0
rwrist 3.86616 0 0
rhand -16.6129 -24.2809 -0.35584
rfingers 7.12502 -0 0
rthumb 9.60111 -53.8726 -0.312443
817
root 2.67756 16.4446 23.3311 -10.4553 51.0111 -8.88784
lfemur -26.3191 10.2225 -16.0072
ltibia 43.7666 -0 0
lfoot -14.787 -0.318269 -1.69977
ltoes 19.5004 -0 0
rfemur -34.9465 -12.8155 17.5109
rtibia 50.1377 -0 0
rfoot -8.37633 -17.3941 1.63342
rtoes -20.3909 0 0
lowerback 6.42536 1.85288 -2.3104
upperback 1.45612 2.36173 -2.5474
thorax -1.83549 1.162 -1.2486
lowerneck -5.97391 -5.15344 0.690969
upperneck 1.96532 -7.08071 4.29746
head 1.84599 -3.38069 1.03205
lclavicle 8.86435e-16 6.65454e-15 3.74522e-31
lhumerus -47.2628 -17.1802 89.1984
lradius 64.4918 -0 0
lwrist 17.3144 0 0
lhand -8.12509 -1.02732 0.596006
lfingers 7.12502 -0 0
lthumb 17.7376 27.5333 0.380334
rclavicle 8.86435e-16 6.65454e-15 3.74522e-31
rhumerus -32.602 23.5655 -84.7488
rradius 67.7682 -0 0
rwrist 3.809 0 0
rhand -16.41 -24.3975 -0.358111
rfingers 7.12502 -0 0
rthumb 9.79672 -53.9787 -0.314436
818
root 2.70603 16.4471 23.46 -10.4992 50.2989 -8.70855
lfemur -26.0369 10.1426 -16.0632
ltibia 43.5862 -0 0
lfoot -14.5869 -0.88694 -1.70871
ltoes 19.5906 -0 0
rfemur -35.4681 -12.5658 17.3585
rtibia 50.0864 -0 0
rfoot -8.11159 -16.9832 1.64196
rtoes -20.2611 0 0
lowerback 6.56888 1.77827 -2.35197
upperback 1.51854 2.25663 -2.51545
thorax -1.85275 1.10931 -1.18649
lowerneck -5.99075 -5.11278 0.727765
upperneck 2.08519 -7.0348 4.27671
head 1.8853 -3.35559 1.01929
lclavicle 7.49216e-16 6.83439e-15 3.7646e-31
lhumerus -47.0216 -17.3182 89.0327
lradius 64.3258 -0 0
lwrist 17.4331 0 0
lhand -7.76906 -0.916355 0.599109
lfingers 7.12502 -0 0
lthumb 18.0792 27.607 0.382313
rclavicle 7.49216e-16 6.83439e-15 3.7646e-31
rhumerus -32.8269 22.9259 -84.0682
rradius 67.4345 -0 0
rwrist 3.75184 0 0
rhand -16.2071 -24.514 -0.359969
rfingers 7.12502 -0 0
rthumb 9.99233 -54.0849 -0.316067
819
root 2.7345 16.4496 23.5889 -10.5459 49.5867 -8.53104
lfemur -25.7548 10.0629 -16.1196
ltibia 43.4058 -0 0
lfoot -14.3867 -1.45564 -1.71566
ltoes 19.6808 -0 0
rfemur -35.99 -12.3174 17.2038
rtibia 50.0351 -0 0
rfoot -7.8468 -16.5723 1.64861
rtoes -20.1314 0 0
lowerback 6.71244 1.70376 -2.39373
upperback 1.5809 2.1515 -2.48361
thorax -1.87007 1.05665 -1.12437
lowerneck -6.00756 -5.07211 0.764546
upperneck 2.20504 -6.98885 4.25606
head 1.92461 -3.33049 1.00655
lclavicle 6.11997e-16 7.01424e-15 3.77968e-31
lhumerus -46.7798 -17.4556 88.8662
lradius 64.1598 -0 0
lwrist 17.5518 0 0
lhand -7.41302 -0.80537 0.601523
lfingers 7.12502 -0 0
lthumb 18.4209 27.6807 0.383852
rclavicle 6.11997e-16 7.01424e-15 3.77968e-31
rhumerus -33.059 22.2888 -83.3879
rradius 67.1007 -0 0
rwrist 3.69469 0 0
rhand -16.0042 -24.6306 -0.361414
rfingers 7.12502 -0 0
rthumb 10.1879 -54.191 -0.317335
820
root 2.76298 16.4521 23.7178 -10.5953 48.8747 -8.35519
lfemur -25.4726 9.98356 -16.1764
ltibia 43.2254 -0 0
lfoot -14.1865 -2.02436 -1.72063
ltoes 19.771 -0 0
rfemur -36.5121 -12.0704 17.047
rtibia 49.9837 -0 0
rfoot -7.58196 -16.1614 1.65336
rtoes -20.0016 0 0
lowerback 6.85605 1.62935 -2.43568
upperback 1.64319 2.04633 -2.45189
thorax -1.88744 1.00399 -1.06223
lowerneck -6.02435 -5.03143 0.801313
upperneck 2.32487 -6.94285 4.2355
head 1.96392 -3.30537 0.99383
lclavicle 4.74778e-16 7.1941e-15 3.79045e-31
lhumerus -46.5374 -17.5923 88.6991
lradius 63.9938 -0 0
lwrist 17.6705 0 0
lhand -7.05698 -0.694372 0.603248
lfingers 7.12502 -0 0
lthumb 18.7626 27.7545 0.384952
rclavicle 4.74778e-16 7.1941e-15 3.79045e-31
rhumerus -33.2981 21.6543 -82.708
rradius 66.767 -0 0
rwrist 3.63753 0 0
rhand -15.8013 -24.7472 -0.362446
rfingers 7.12502 -0 0
rthumb 10.3836 -54.2972 -0.318241
821
root 2.79145 16.4546 23.8467 -10.6473 48.1627 -8.18088
lfemur -25.1904 9.90447 -16.2336
ltibia 43.045 -0 0
lfoot -13.9862 -2.5931 -1.72361
ltoes 19.8612 -0 0
rfemur -37.0343 -11.8248 16.888
rtibia 49.9324 -0 0
rfoot -7.3171 -15.7504 1.65621
rtoes -19.8719 0 0
lowerback 6.99971 1.55505 -2.47781
upperback 1.70542 1.94112 -2.42029
thorax -1.90488 0.951362 -1.00008
lowerneck -6.04111 -4.99074 0.838066
upperneck 2.44466 -6.89681 4.21505
head 2.00322 -3.28024 0.981126
lclavicle 3.37559e-16 7.37395e-15 3.79691e-31
lhumerus -46.2944 -17.7283 88.5311
lradius 63.8278 -0 0
lwrist 17.7892 0 0
lhand -6.70094 -0.583366 0.604283
lfingers 7.12502 -0 0
lthumb 19.1043 27.8282 0.385611
rclavicle 3.37559e-16 7.37395e-15 3.79691e-31
rhumerus -33.5443 21.0224 -82.0281
rradius 66.4333 -0 0
rwrist 3.58037 0 0
rhand -15.5984 -24.8638 -0.363065
rfingers 7.12502 -0 0
rthumb 10.5792 -54.4033 -0.318785
822
root 2.81993 16.4572 23.9757 -10.7018 47.4509 -8.00798
lfemur -24.9082 9.82565 -16.2911
ltibia 42.8646 -0 0
lfoot -13.7859 -3.16185 -1.7246
ltoes 19.9514 -0 0
rfemur -37.5568 -11.5807 16.7269
rtibia 49.8811 -0 0
rfoot -7.05222 -15.3395 1.65716
rtoes -19.7421 0 0
lowerback 7.14342 1.48085 -2.52012
upperback 1.76759 1.83588 -2.38881
thorax -1.92237 0.898749 -0.937907
lowerneck -6.05784 -4.95004 0.874805
upperneck 2.56442 -6.85073 4.19469
head 2.04251 -3.25511 0.96844
lclavicle 2.0034e-16 7.5538e-15 3.79906e-31
lhumerus -46.0508 -17.8636 88.3625
lradius 63.6619 -0 0
lwrist 17.9079 0 0
lhand -6.3449 -0.472355 0.604627
lfingers 7.12502 -0 0
lthumb 19.446 27.902 0.385831
rclavicle 2.0034e-16 7.5538e-15 3.79906e-31
rhumerus -33.7974 20.3934 -81.3482
rradius 66.0996 -0 0
rwrist 3.52321 0 0
rhand -15.3955 -24.9804 -0.363272
rfingers 7.12502 -0 0
rthumb 10.7748 -54.5095 -0.318966
823
root 2.8484 16.4597 24.1046 -10.7587 46.7392 -7.83639
lfemur -24.626 9.74712 -16.349
ltibia 42.6842 -0 0
lfoot -13.5856 -3.7306 -1.72361
ltoes 20.0417 -0 0
rfemur -38.0796 -11.338 16.5637
rtibia 49.8298 -0 0
rfoot -6.78734 -14.9285 1.65621
rtoes -19.6123 0 0
lowerback 7.28718 1.40676 -2.56262
upperback 1.8297 1.73061 -2.35744
thorax -1.93991 0.846155 -0.875724
lowerneck -6.07455 -4.90933 0.911529
upperneck 2.68416 -6.80461 4.17443
head 2.08179 -3.22997 0.955772
lclavicle 6.3121e-17 7.73365e-15 3.79691e-31
lhumerus -45.8066 -17.9982 88.1931
lradius 63.4959 -0 0
lwrist 18.0267 0 0
lhand -5.98885 -0.361344 0.604283
lfingers 7.12502 -0 0
lthumb 19.7877 27.9758 0.385611
rclavicle 6.3121e-17 7.73365e-15 3.79691e-31
rhumerus -34.0575 19.7672 -80.6681
rradius 65.7658 -0 0
rwrist 3.46605 0 0
rhand -15.1926 -25.097 -0.363065
rfingers 7.12502 -0 0
rthumb 10.9704 -54.6157 -0.318785
824
root 2.87687 16.4622 24.2335 -10.8179 46.0276 -7.66601
lfemur -24.3438 9.66886 -16.4073
ltibia 42.5038 -0 0
lfoot -13.3853 -4.29934 -1.72063
ltoes 20.1319 -0 0
rfemur -38.6026 -11.0968 16.3983
rtibia 49.7785 -0 0
rfoot -6.52248 -14.5176 1.65336
rtoes -19.4826 0 0
lowerback 7.43099 1.33278 -2.60531
upperback 1.89175 1.62531 -2.32618
thorax -1.95751 0.79358 -0.813525
lowerneck -6.09122 -4.86861 0.948239
upperneck 2.80387 -6.75845 4.15428
head 2.12107 -3.20482 0.943121
lclavicle -7.40981e-17 7.9135e-15 3.79045e-31
lhumerus -45.5618 -18.1322 88.023
lradius 63.3299 -0 0
lwrist 18.1454 0 0
lhand -5.63281 -0.250338 0.603248
lfingers 7.12502 -0 0
lthumb 20.1294 28.0495 0.384952
rclavicle -7.40981e-17 7.9135e-15 3.79045e-31
rhumerus -34.3244 19.1439 -79.9875
rradius 65.4321 -0 0
rwrist 3.40889 0 0
rhand -14.9897 -25.2136 -0.362446
rfingers 7.12502 -0 0
rthumb 11.166 -54.7218 -0.318241
825
root 2.90535 16.4647 24.3624 -10.8794 45.3161 -7.49673
lfemur -24.0616 9.59089 -16.466
ltibia 42.3234 -0 0
lfoot -13.185 -4.86806 -1.71566
ltoes 20.2221 -0 0
rfemur -39.1259 -10.857 16.2309
rtibia 49.7271 -0 0
rfoot -6.25764 -14.1066 1.64861
rtoes -19.3528 0 0
lowerback 7.57485 1.2589 -2.64818
upperback 1.95374 1.51997 -2.29504
thorax -1.97517 0.741024 -0.751311
lowerneck -6.10787 -4.82787 0.984935
upperneck 2.92355 -6.71224 4.13422
head 2.16034 -3.17966 0.930488
lclavicle -2.11317e-16 8.09336e-15 3.77968e-31
lhumerus -45.3164 -18.2654 87.8521
lradius 63.1639 -0 0
lwrist 18.2641 0 0
lhand -5.27677 -0.13934 0.601523
lfingers 7.12502 -0 0
lthumb 20.4711 28.1233 0.383852
rclavicle -2.11317e-16 8.09336e-15 3.77968e-31
rhumerus -34.598 18.5237 -79.3064
rradius 65.0984 -0 0
rwrist 3.35173 0 0
rhand -14.7868 -25.3302 -0.361414
rfingers 7.12502 -0 0
rthumb 11.3616 -54.828 -0.317335
826
root 2.93382 16.4672 24.4913 -10.943 44.6047 -7.32847
lfemur -23.7794 9.51321 -16.5251
ltibia 42.143 -0 0
lfoot -12.9848 -5.43676 -1.70871
ltoes 20.3123 -0 0
rfemur -39.6495 -10.6188 16.0614
rtibia 49.6758 -0 0
rfoot -5.99285 -13.6957 1.64196
rtoes -19.2231 0 0
lowerback 7.71877 1.18513 -2.69123
upperback 2.01566 1.41459 -2.26402
thorax -1.99289 0.688487 -0.689082
lowerneck -6.1245 -4.78713 1.02162
upperneck 3.0432 -6.66599 4.11426
head 2.1996 -3.15449 0.917872
lclavicle -3.48536e-16 8.27321e-15 3.7646e-31
lhumerus -45.0704 -18.398 87.6805
lradius 62.9979 -0 0
lwrist 18.3828 0 0
lhand -4.92073 -0.0283545 0.599109
lfingers 7.12502 -0 0
lthumb 20.8128 28.197 0.382313
rclavicle -3.48536e-16 8.27321e-15 3.7646e-31
rhumerus -34.8785 17.9066 -78.6247
rradius 64.7646 -0 0
rwrist 3.29458 0 0
rhand -14.5839 -25.4468 -0.359969
rfingers 7.12502 -0 0
rthumb 11.5572 -54.9341 -0.316067
827
root 2.96229 16.4697 24.6202 -11.0088 43.8935 -7.16113
lfemur -23.4971 9.43582 -16.5845
ltibia 41.9626 -0 0
lfoot -12.7847 -6.00543 -1.69977
ltoes 20.4025 -0 0
rfemur -40.1734 -10.3821 15.8898
rtibia 49.6245 -0 0
rfoot -5.72811 -13.2848 1.63342
rtoes -19.0933 0 0
lowerback 7.86273 1.11147 -2.73447
upperback 2.07753 1.30918 -2.23311
thorax -2.01066 0.63597 -0.626837
lowerneck -6.14109 -4.74638 1.05829
upperneck 3.16283 -6.6197 4.0944
head 2.23886 -3.12931 0.905274
lclavicle -4.85755e-16 8.45306e-15 3.74522e-31
lhumerus -44.8237 -18.5298 87.5082
lradius 62.8319 -0 0
lwrist 18.5015 0 0
lhand -4.5647 0.0826133 0.596006
lfingers 7.12502 -0 0
lthumb 21.1545 28.2707 0.380334
rclavicle -4.85755e-16 8.45306e-15 3.74522e-31
rhumerus -35.1656 17.2927 -77.9421
rradius 64.4309 -0 0
rwrist 3.23742 0 0
rhand -14.381 -25.5633 -0.358111
rfingers 7.12502 -0 0
rthumb 11.7528 -55.0403 -0.314436
828
root 2.99077 16.4722 24.7491 -11.0767 43.1824 -6.99464
lfemur -23.2148 9.35871 -16.6443
ltibia 41.7823 -0 0
lfoot -12.5847 -6.57406 -1.68884
ltoes 20.4927 -0 0
rfemur -40.6976 -10.1469 15.7161
rtibia 49.5732 -0 0
rfoot -5.46344 -12.874 1.62298
rtoes -18.9635 0 0
lowerback 8.00675 1.03792 -2.77789
upperback 2.13934 1.20374 -2.20232
thorax -2.02849 0.583472 -0.564576
lowerneck -6.15766 -4.70561 1.09494
upperneck 3.28243 -6.57337 4.07463
head 2.27811 -3.10413 0.892694
lclavicle -6.22974e-16 8.63291e-15 3.72153e-31
lhumerus -44.5765 -18.661 87.3352
lradius 62.6659 -0 0
lwrist 18.6202 0 0
lhand -4.20868 0.19356 0.592213
lfingers 7.12502 -0 0
lthumb 21.4961 28.3444 0.377915
rclavicle -6.22974e-16 8.63291e-15 3.72153e-31
rhumerus -35.4595 16.6821 -77.2585
rradius 64.0972 -0 0
rwrist 3.18026 0 0
rhand -14.1781 -25.6799 -0.35584
rfingers 7.12502 -0 0
rthumb 11.9484 -55.1464 -0.312443
829
root 3.01924 16.4747 24.878 -11.1466 42.4715 -6.82891
lfemur -22.9325 9.2819 -16.7045
ltibia 41.6019 -0 0
lfoot -12.3848 -7.14265 -1.67593
ltoes 20.583 -0 0
rfemur -41.2222 -9.91337 15.5404
rtibia 49.5219 -0 0
rfoot -5.19886 -12.4632 1.61064
rtoes -18.8338 0 0
lowerback 8.15082 0.964481 -2.82149
upperback 2.20108 1.09827 -2.17164
thorax -2.04638 0.530993 -0.502299
lowerneck -6.17421 -4.66483 1.13158
upperneck 3.402 -6.527 4.05497
head 2.31736 -3.07893 0.880131
lclavicle -7.60193e-16 8.81277e-15 3.69353e-31
lhumerus -44.3286 -18.7914 87.1614
lradius 62.4999 -0 0
lwrist 18.7389 0 0
lhand -3.85266 0.30448 0.58773
lfingers 7.12502 -0 0
lthumb 21.8378 28.4182 0.375057
rclavicle -7.60193e-16 8.81277e-15 3.69353e-31
rhumerus -35.76 16.0749 -76.5738
rradius 63.7635 -0 0
rwrist 3.1231 0 0
rhand -13.9752 -25.7965 -0.353157
rfingers 7.12502 -0 0
rthumb 12.144 -55.2526 -0.310087
830
root 3.04772 16.4772 25.0069 -11.2185 41.7607 -6.66386
lfemur -22.6502 9.20538 -16.765
ltibia 41.4215 -0 0
lfoot -12.1851 -7.71119 -1.66104
ltoes 20.6732 -0 0
rfemur -41.7471 -9.68139 15.3626
rtibia 49.4705 -0 0
rfoot -4.93437 -12.0525 1.59641
rtoes -18.704 0 0
lowerback 8.29494 0.89115 -2.86528
upperback 2.26277 0.992764 -2.14108
thorax -2.06432 0.478534 -0.440007
lowerneck -6.19072 -4.62405 1.16821
upperneck 3.52155 -6.48059 4.03541
head 2.35659 -3.05373 0.867585
lclavicle -8.97412e-16 8.99262e-15 3.66123e-31
lhumerus -44.0802 -18.9211 86.9869
lradius 62.3339 -0 0
lwrist 18.8576 0 0
lhand -3.49666 0.415371 0.582559
lfingers 7.12502 -0 0
lthumb 22.1795 28.4918 0.371759
rclavicle -8.97412e-16 8.99262e-15 3.66123e-31
rhumerus -36.0671 15.4712 -75.8878
rradius 63.4297 -0 0
rwrist 3.06594 0 0
rhand -13.7724 -25.913 -0.350061
rfingers 7.12502 -0 0
rthumb 12.3396 -55.3587 -0.307369
831
root 3.07619 16.4797 25.1358 -11.2923 41.0501 -6.49942
lfemur -22.3679 9.12915 -16.8259
ltibia 41.2411 -0 0
lfoot -11.9855 -8.27966 -1.64417
ltoes 20.7634 -0 0
rfemur -42.2724 -9.45103 15.1828
rtibia 49.4192 -0 0
rfoot -4.66999 -11.6419 1.58028
rtoes -18.5742 0 0
lowerback 8.43911 0.817929 -2.90925
upperback 2.3244 0.887225 -2.11063
thorax -2.08232 0.426094 -0.377699
lowerneck -6.20721 -4.58325 1.20482
upperneck 3.64106 -6.43414 4.01594
head 2.39583 -3.02852 0.855058
lclavicle -1.03463e-15 9.17247e-15 3.62462e-31
lhumerus -43.8311 -19.0501 86.8117
lradius 62.1679 -0 0
lwrist 18.9763 0 0
lhand -3.14066 0.526227 0.576698
lfingers 7.12502 -0 0
lthumb 22.5212 28.5655 0.368022
rclavicle -1.03463e-15 9.17247e-15 3.62462e-31
rhumerus -36.3807 14.8711 -75.2005
rradius 63.096 -0 0
rwrist 3.00878 0 0
rhand -13.5695 -26.0296 -0.346552
rfingers 7.12502 -0 0
rthumb 12.5352 -55.4648 -0.304289
832
root 3.10466 16.4822 25.2647 -11.3681 40.3396 -6.33553
lfemur -22.0855 9.05323 -16.8872
ltibia 41.0607 -0 0
lfoot -11.7861 -8.84807 -1.62532
ltoes 20.8536 -0 0
rfemur -42.7981 -9.2223 15.001
rtibia 49.3679 -0 0
rfoot -4.40574 -11.2314 1.56226
rtoes -18.4445 0 0
lowerback 8.58334 0.744819 -2.95341
upperback 2.38598 0.781653 -2.0803
thorax -2.10038 0.373674 -0.315374
lowerneck -6.22367 -4.54244 1.24142
upperneck 3.76055 -6.38764 3.99658
head 2.43505 -3.0033 0.842548
lclavicle -1.17185e-15 9.35232e-15 3.5837e-31
lhumerus -43.5814 -19.1784 86.6357
lradius 62.0019 -0 0
lwrist 19.095 0 0
lhand -2.78468 0.637044 0.570149
lfingers 7.12502 -0 0
lthumb 22.8628 28.6391 0.363845
rclavicle -1.17185e-15 9.35232e-15 3.5837e-31
rhumerus -36.701 14.2746 -74.5116
rradius 62.7623 -0 0
rwrist 2.95162 0 0
rhand -13.3666 -26.1461 -0.34263
rfingers 7.12502 -0 0
rthumb 12.7308 -55.5709 -0.300846
833
root 3.13314 16.4847 25.3936 -11.4456 39.6293 -6.17212
lfemur -21.8031 8.9776 -16.9488
ltibia 40.8803 -0 0
lfoot -11.5869 -9.41641 -1.6045
ltoes 20.9438 -0 0
rfemur -43.3242 -8.99523 14.8172
rtibia 49.3166 -0 0
rfoot -4.14162 -10.8209 1.54235
rtoes -18.3147 0 0
lowerback 8.72763 0.67182 -2.99775
upperback 2.44749 0.676049 -2.05008
thorax -2.1185 0.321274 -0.253033
lowerneck -6.2401 -4.50163 1.278
upperneck 3.88002 -6.34111 3.97731
head 2.47427 -2.97807 0.830055
lclavicle -1.30907e-15 9.53218e-15 3.53847e-31
lhumerus -43.3312 -19.306 86.459
lradius 61.8359 -0 0
lwrist 19.2137 0 0
lhand -2.42871 0.747819 0.562912
lfingers 7.12502 -0 0
lthumb 23.2045 28.7127 0.35923
rclavicle -1.30907e-15 9.53218e-15 3.53847e-31
rhumerus -37.0277 13.682 -73.8211
rradius 62.4285 -0 0
rwrist 2.89447 0 0
rhand -13.1638 -26.2626 -0.338296
rfingers 7.12502 -0 0
rthumb 12.9264 -55.677 -0.297042
834
root 3.16161 16.4872 25.5225 -11.525 38.9192 -6.00912
lfemur -21.5207 8.90227 -17.0108
ltibia 40.6999 -0 0
lfoot -11.3879 -9.98466 -1.5817
ltoes 21.034 -0 0
rfemur -43.8507 -8.76984 14.6314
rtibia 49.2653 -0 0
rfoot -3.87766 -10.4105 1.52054
rtoes -18.185 0 0
lowerback 8.87196 0.598933 -3.04227
upperback 2.50895 0.570412 -2.01997
thorax -2.13667 0.268893 -0.190676
lowerneck -6.25651 -4.4608 1.31457
upperneck 3.99946 -6.29454 3.95815
head 2.51348 -2.95283 0.81758
lclavicle -1.44629e-15 9.71203e-15 3.48894e-31
lhumerus -43.0803 -19.4328 86.2816
lradius 61.6699 -0 0
lwrist 19.3324 0 0
lhand -2.07276 0.858546 0.554987
lfingers 7.12502 -0 0
lthumb 23.5461 28.7863 0.354176
rclavicle -1.44629e-15 9.71203e-15 3.48894e-31
rhumerus -37.361 13.0932 -73.1289
rradius 62.0948 -0 0
rwrist 2.83731 0 0
rhand -12.9609 -26.3791 -0.33355
rfingers 7.12502 -0 0
rthumb 13.122 -55.7831 -0.292875
835
root 3.19009 16.4897 25.6515 -11.6062 38.2092 -5.84647
lfemur -21.2383 8.82725 -17.0732
ltibia 40.5195 -0 0
lfoot -11.1891 -10.5528 -1.55693
ltoes 21.1243 -0 0
rfemur -44.3776 -8.54615 14.4437
rtibia 49.214 -0 0
rfoot -3.61386 -10.0003 1.49685
rtoes -18.0552 0 0
lowerback 9.01636 0.526159 -3.08697
upperback 2.57036 0.464743 -1.98998
thorax -2.1549 0.216532 -0.128303
lowerneck -6.27289 -4.41996 1.35113
upperneck 4.11887 -6.24793 3.93908
head 2.55269 -2.92759 0.805123
lclavicle -1.58351e-15 9.89188e-15 3.43509e-31
lhumerus -42.8287 -19.5589 86.1035
lradius 61.5039 -0 0
lwrist 19.4512 0 0
lhand -1.71682 0.969222 0.546374
lfingers 7.12502 -0 0
lthumb 23.8878 28.8599 0.348683
rclavicle -1.58351e-15 9.89188e-15 3.43509e-31
rhumerus -37.7008 12.5084 -72.4347
rradius 61.7611 -0 0
rwrist 2.78015 0 0
rhand -12.7581 -26.4956 -0.328391
rfingers 7.12502 -0 0
rthumb 13.3175 -55.8891 -0.288346
836
root 3.21856 16.4922 25.7804 -11.6891 37.4995 -5.68411
lfemur -20.9558 8.75253 -17.1359
ltibia 40.3391 -0 0
lfoot -10.9906 -11.1209 -1.53019
ltoes 21.2145 -0 0
rfemur -44.9049 -8.32417 14.2539
rtibia 49.1626 -0 0
rfoot -3.35024 -9.59016 1.47127
rtoes -17.9254 0 0
lowerback 9.1608 0.453498 -3.13186
upperback 2.6317 0.359042 -1.9601
thorax -2.17318 0.164191 -0.0659134
lowerneck -6.28924 -4.37911 1.38767
upperneck 4.23825 -6.20128 3.92011
head 2.59189 -2.90233 0.792683
lclavicle -1.72073e-15 1.00717e-14 3.37695e-31
lhumerus -42.5766 -19.6843 85.9246
lradius 61.3379 -0 0
lwrist 19.5699 0 0
lhand -1.3609 1.07984 0.537074
lfingers 7.12502 -0 0
lthumb 24.2294 28.9334 0.342752
rclavicle -1.72073e-15 1.00717e-14 3.37695e-31
rhumerus -38.047 11.9276 -71.7386
rradius 61.4274 -0 0
rwrist 2.72299 0 0
rhand -12.5553 -26.612 -0.32282
rfingers 7.12502 -0 0
rthumb 13.5131 -55.9952 -0.283456
837
root 3.24703 16.4947 25.9093 -11.7738 36.7899 -5.52198
lfemur -20.6733 8.67811 -17.199
ltibia 40.1587 -0 0
lfoot -10.7924 -11.6889 -1.50148
ltoes 21.3047 -0 0
rfemur -45.4327 -8.10393 14.0623
rtibia 49.1113 -0 0
rfoot -3.08682 -9.18016 1.4438
rtoes -17.7957 0 0
lowerback 9.30531 0.380949 -3.17693
upperback 2.69299 0.253309 -1.93034
thorax -2.19152 0.11187 -0.00350704
lowerneck -6.30557 -4.33825 1.4242
upperneck 4.35761 -6.15458 3.90124
head 2.63108 -2.87707 0.78026
lclavicle -1.85795e-15 1.02516e-14 3.31449e-31
lhumerus -42.3239 -19.8089 85.745
lradius 61.1719 -0 0
lwrist 19.6886 0 0
lhand -1.005 1.1904 0.527086
lfingers 7.12502 -0 0
lthumb 24.5711 29.0069 0.336382
rclavicle -1.85795e-15 1.02516e-14 3.31449e-31
rhumerus -38.3997 11.351 -71.0403
rradius 61.0936 -0 0
rwrist 2.66583 0 0
rhand -12.3525 -26.7285 -0.316837
rfingers 7.12502 -0 0
rthumb 13.7086 -56.1012 -0.278203
838
root 3.27551 16.4972 26.0382 -11.8602 36.0805 -5.36003
lfemur -20.3908 8.60401 -17.2624
ltibia 39.9784 -0 0
lfoot -10.5945 -12.2567 -1.47081
ltoes 21.3949 -0 0
rfemur -45.961 -7.88544 13.8686
rtibia 49.06 -0 0
rfoot -2.8236 -8.77029 1.41445
rtoes -17.6659 0 0
lowerback 9.44986 0.308515 -3.22218
upperback 2.75423 0.147544 -1.90068
thorax -2.20992 0.0595694 0.058916
lowerneck -6.32186 -4.29738 1.46072
upperneck 4.47695 -6.10786 3.88248
head 2.67027 -2.8518 0.767856
lclavicle -1.99516e-15 1.04314e-14 3.24773e-31
lhumerus -42.0705 -19.9327 85.5647
lradius 61.0059 -0 0
lwrist 19.8073 0 0
lhand -0.649123 1.3009 0.516413
lfingers 7.12502 -0 0
lthumb 24.9127 29.0803 0.329575
rclavicle -1.99516e-15 1.04314e-14 3.24773e-31
rhumerus -38.7588 10.7787 -70.3398
rradius 60.7599 -0 0
rwrist 2.60867 0 0
rhand -12.1497 -26.8449 -0.310441
rfingers 7.12502 -0 0
rthumb 13.9042 -56.2072 -0.272588
839
root 3.30398 16.4997 26.1671 -11.9483 35.3713 -5.1982
lfemur -20.1083 8.53022 -17.3262
ltibia 39.798 -0 0
lfoot -10.3969 -12.8244 -1.43819
ltoes 21.4851 -0 0
rfemur -46.4897 -7.66874 13.6731
rtibia 49.0087 -0 0
rfoot -2.5606 -8.36056 1.38322
rtoes -17.5361 0 0
lowerback 9.59448 0.236196 -3.26762
upperback 2.81541 0.0417478 -1.87115
thorax -2.22838 0.0072885 0.121356
lowerneck -6.33814 -4.2565 1.49722
upperneck 4.59625 -6.06109 3.86381
head 2.70945 -2.82652 0.755469
lclavicle -2.13238e-15 1.06113e-14 3.17665e-31
lhumerus -41.8166 -20.0558 85.3837
lradius 60.8399 -0 0
lwrist 19.926 0 0
lhand -0.293266 1.41132 0.505053
lfingers 7.12502 -0 0
lthumb 25.2543 29.1537 0.32233
rclavicle -2.13238e-15 1.06113e-14 3.17665e-31
rhumerus -39.1243 10.2107 -69.6369
rradius 60.4262 -0 0
rwrist 2.55151 0 0
rhand -11.9469 -26.9613 -0.303634
rfingers 7.12502 -0 0
rthumb 14.0997 -56.3132 -0.266612
840
root 3.33246 16.5022 26.296 -12.038 34.6623 -5.03645
lfemur -19.8257 8.45673 -17.3904
ltibia 39.6176 -0 0
lfoot -10.1996 -13.3921 -1.4036
ltoes 21.5753 -0 0
rfemur -47.0189 -7.45383 13.4757
rtibia 48.9574 -0 0
rfoot -2.29784 -7.95099 1.35011
rtoes -17.4064 0 0
lowerback 9.73915 0.163991 -3.31323
upperback 2.87654 -0.0640801 -1.84172
thorax -2.24689 -0.0449723 0.183812
lowerneck -6.35438 -4.21561 1.53371
upperneck 4.71553 -6.01428 3.84524
head 2.74862 -2.80123 0.743099
lclavicle -2.2696e-15 1.07911e-14 3.10128e-31
lhumerus -41.562 -20.1782 85.2019
lradius 60.6739 -0 0
lwrist 20.0447 0 0
lhand 0.0625686 1.52168 0.493007
lfingers 7.12502 -0 0
lthumb 25.5959 29.2271 0.314647
rclavicle -2.2696e-15 1.07911e-14 3.10128e-31
rhumerus -39.4963 9.64717 -68.9316
rradius 60.0925 -0 0
rwrist 2.49436 0 0
rhand -11.7441 -27.0777 -0.296415
rfingers 7.12502 -0 0
rthumb 14.2952 -56.4192 -0.260274
841
root 3.36093 16.5047 26.4249 -12.1295 33.9536 -4.87472
lfemur -19.5431 8.38356 -17.4549
ltibia 39.4372 -0 0
lfoot -10.0027 -13.9595 -1.36707
ltoes 21.6655 -0 0
rfemur -47.5486 -7.24074 13.2763
rtibia 48.906 -0 0
rfoot -2.03532 -7.54158 1.31513
rtoes -17.2766 0 0
lowerback 9.88388 0.0919014 -3.35903
upperback 2.93761 -0.169939 -1.81241
thorax -2.26546 -0.0972128 0.246286
lowerneck -6.3706 -4.17471 1.57018
upperneck 4.83479 -5.96744 3.82677
head 2.78779 -2.77594 0.730747
lclavicle -2.40682e-15 1.0971e-14 3.02159e-31
lhumerus -41.3068 -20.2998 85.0194
lradius 60.5079 -0 0
lwrist 20.1634 0 0
lhand 0.418378 1.63195 0.480277
lfingers 7.12502 -0 0
lthumb 25.9375 29.3004 0.306527
rclavicle -2.40682e-15 1.0971e-14 3.02159e-31
rhumerus -39.8746 9.08821 -68.2238
rradius 59.7587 -0 0
rwrist 2.4372 0 0
rhand -11.5414 -27.194 -0.288784
rfingers 7.12502 -0 0
rthumb 14.4907 -56.5251 -0.253575
842
root 3.3894 16.5072 26.5538 -12.2225 33.245 -4.71296
lfemur -19.2605 8.31071 -17.5198
ltibia 39.2568 -0 0
lfoot -9.80618 -14.5269 -1.32859
ltoes 21.7558 -0 0
rfemur -48.0788 -7.02949 13.0751
rtibia 48.8547 -0 0
rfoot -1.77306 -7.13234 1.27827
rtoes -17.1469 0 0
lowerback 10.0287 0.0199279 -3.40501
upperback 2.99863 -0.27583 -1.78321
thorax -2.28409 -0.149433 0.308776
lowerneck -6.38679 -4.1338 1.60665
upperneck 4.95402 -5.92055 3.8084
head 2.82695 -2.75063 0.718413
lclavicle -2.54404e-15 1.11508e-14 2.9376e-31
lhumerus -41.051 -20.4206 84.8362
lradius 60.3419 -0 0
lwrist 20.2821 0 0
lhand 0.774162 1.74215 0.466862
lfingers 7.12502 -0 0
lthumb 26.2791 29.3736 0.29797
rclavicle -2.54404e-15 1.11508e-14 2.9376e-31
rhumerus -40.2593 8.53391 -67.5133
rradius 59.425 -0 0
rwrist 2.38004 0 0
rhand -11.3386 -27.3103 -0.280741
rfingers 7.12502 -0 0
rthumb 14.6862 -56.6311 -0.246514
843
root 3.41788 16.5097 26.6827 -12.3172 32.5367 -4.55112
lfemur -18.9778 8.23818 -17.585
ltibia 39.0764 -0 0
lfoot -9.61003 -15.0941 -1.28816
ltoes 21.846 -0 0
rfemur -48.6094 -6.82009 12.872
rtibia 48.8034 -0 0
rfoot -1.51108 -6.72328 1.23954
rtoes -17.0171 0 0
lowerback 10.1735 -0.051929 -3.45117
upperback 3.05959 -0.381751 -1.75412
thorax -2.30277 -0.201633 0.371284
lowerneck -6.40295 -4.09288 1.64309
upperneck 5.07323 -5.87363 3.79013
head 2.86611 -2.72532 0.706096
lclavicle -2.68126e-15 1.13307e-14 2.8493e-31
lhumerus -40.7946 -20.5407 84.6523
lradius 60.1759 -0 0
lwrist 20.4008 0 0
lhand 1.12992 1.85226 0.452763
lfingers 7.12502 -0 0
lthumb 26.6206 29.4469 0.288977
rclavicle -2.68126e-15 1.13307e-14 2.8493e-31
rhumerus -40.6504 7.98438 -66.8
rradius 59.0913 -0 0
rwrist 2.32288 0 0
rhand -11.1359 -27.4266 -0.272287
rfingers 7.12502 -0 0
rthumb 14.8817 -56.737 -0.239092
844
root 3.44635 16.5122 26.8116 -12.4135 31.8286 -4.38916
lfemur -18.6951 8.16596 -17.6505
ltibia 38.896 -0 0
lfoot -9.4143 -15.6611 -1.2458
ltoes 21.9362 -0 0
rfemur -49.1406 -6.61258 12.667
rtibia 48.7521 -0 0
rfoot -1.24938 -6.31441 1.19894
rtoes -16.8873 0 0
lowerback 10.3184 -0.123669 -3.49752
upperback 3.1205 -0.487703 -1.72514
thorax -2.32151 -0.253813 0.433809
lowerneck -6.41909 -4.05195 1.67953
upperneck 5.19241 -5.82667 3.77196
head 2.90526 -2.7 0.693797
lclavicle -2.81848e-15 1.15106e-14 2.75669e-31
lhumerus -40.5376 -20.66 84.4677
lradius 60.0099 -0 0
lwrist 20.5195 0 0
lhand 1.48565 1.96228 0.437981
lfingers 7.12502 -0 0
lthumb 26.9622 29.52 0.279547
rclavicle -2.81848e-15 1.15106e-14 2.75669e-31
rhumerus -41.0479 7.43972 -66.0839
rradius 58.7575 -0 0
rwrist 2.26572 0 0
rhand -10.9332 -27.5429 -0.263421
rfingers 7.12502 -0 0
rthumb 15.0771 -56.8428 -0.231308
845
root 3.47483 16.5147 26.9405 -12.5114 31.1207 -4.22703
lfemur -18.4124 8.09406 -17.7165
ltibia 38.7156 -0 0
lfoot -9.219 -16.228 -1.2015
ltoes 22.0264 -0 0
rfemur -49.6724 -6.40696 12.4602
rtibia 48.7008 -0 0
rfoot -0.987989 -5.90573 1.15647
rtoes -16.7576 0 0
lowerback 10.4634 -0.195292 -3.54404
upperback 3.18136 -0.593686 -1.69628
thorax -2.34031 -0.305972 0.496352
lowerneck -6.4352 -4.01101 1.71595
upperneck 5.31156 -5.77968 3.75389
head 2.9444 -2.67467 0.681515
lclavicle -2.9557e-15 1.16904e-14 2.65978e-31
lhumerus -40.28 -20.7785 84.2823
lradius 59.8439 -0 0
lwrist 20.6382 0 0
lhand 1.84135 2.07221 0.422516
lfingers 7.12502 -0 0
lthumb 27.3037 29.5931 0.269681
rclavicle -2.9557e-15 1.16904e-14 2.65978e-31
rhumerus -41.4517 6.90003 -65.3649
rradius 58.4238 -0 0
rwrist 2.20856 0 0
rhand -10.7305 -27.6591 -0.254144
rfingers 7.12502 -0 0
rthumb 15.2726 -56.9487 -0.223164
846
root 3.5033 16.5172 27.0694 -12.611 30.4131 -4.06469
lfemur -18.1297 8.02249 -17.7827
ltibia 38.5352 -0 0
lfoot -9.02415 -16.7947 -1.15527
ltoes 22.1166 -0 0
rfemur -50.2046 -6.20325 12.2516
rtibia 48.6494 -0 0
rfoot -0.726907 -5.49726 1.11214
rtoes -16.6278 0 0
lowerback 10.6084 -0.266796 -3.59075
upperback 3.24217 -0.6997 -1.66753
thorax -2.35917 -0.35811 0.558911
lowerneck -6.45128 -3.97006 1.75236
upperneck 5.4307 -5.73264 3.73592
head 2.98354 -2.64933 0.669251
lclavicle -3.09292e-15 1.18703e-14 2.55855e-31
lhumerus -40.0217 -20.8962 84.0963
lradius 59.6779 -0 0
lwrist 20.7569 0 0
lhand 2.19701 2.18203 0.406368
lfingers 7.12502 -0 0
lthumb 27.6453 29.6661 0.25938
rclavicle -3.09292e-15 1.18703e-14 2.55855e-31
rhumerus -41.8619 6.36542 -64.6428
rradius 58.0901 -0 0
rwrist 2.1514 0 0
rhand -10.5278 -27.7753 -0.244456
rfingers 7.12502 -0 0
rthumb 15.468 -57.0545 -0.214658
847
root 3.53177 16.5197 27.1984 -12.7121 29.7057 -3.90209
lfemur -17.8469 7.95124 -17.8493
ltibia 38.3548 -0 0
lfoot -8.82977 -17.3613 -1.10712
ltoes 22.2068 -0 0
rfemur -50.7375 -6.00148 12.0411
rtibia 48.5981 -0 0
rfoot -0.466151 -5.089 1.06595
rtoes -16.4981 0 0
lowerback 10.7535 -0.338182 -3.63764
upperback 3.30293 -0.805744 -1.63889
thorax -2.37808 -0.410228 0.621489
lowerneck -6.46734 -3.92909 1.78875
upperneck 5.5498 -5.68557 3.71805
head 3.02267 -2.62398 0.657005
lclavicle -3.23014e-15 1.20501e-14 2.45302e-31
lhumerus -39.7629 -21.0131 83.9095
lradius 59.5119 -0 0
lwrist 20.8757 0 0
lhand 2.55265 2.29176 0.38954
lfingers 7.12502 -0 0
lthumb 27.9868 29.7391 0.248644
rclavicle -3.23014e-15 1.20501e-14 2.45302e-31
rhumerus -42.2784 5.83601 -63.9177
rradius 57.7564 -0 0
rwrist 2.09425 0 0
rhand -10.3252 -27.8914 -0.234358
rfingers 7.12502 -0 0
rthumb 15.6634 -57.1603 -0.205792
848
root 3.56025 16.5222 27.3273 -12.8148 28.9985 -3.73918
lfemur -17.564 7.88032 -17.9162
ltibia 38.1744 -0 0
lfoot -8.63588 -17.9277 -1.05704
ltoes 22.2971 -0 0
rfemur -51.2708 -5.80167 11.8289
rtibia 48.5468 -0 0
rfoot -0.205735 -4.68096 1.01791
rtoes -16.3683 0 0
lowerback 10.8986 -0.40945 -3.68471
upperback 3.36363 -0.911818 -1.61036
thorax -2.39705 -0.462325 0.684084
lowerneck -6.48337 -3.88812 1.82513
upperneck 5.66888 -5.63846 3.70027
head 3.06179 -2.59863 0.644776
lclavicle -3.36736e-15 1.223e-14 2.34319e-31
lhumerus -39.5034 -21.1293 83.722
lradius 59.3459 -0 0
lwrist 20.9944 0 0
lhand 2.90825 2.40138 0.372031
lfingers 7.12502 -0 0
lthumb 28.3283 29.812 0.237473
rclavicle -3.36736e-15 1.223e-14 2.34319e-31
rhumerus -42.7012 5.31188 -63.1893
rradius 57.4226 -0 0
rwrist 2.03709 0 0
rhand -10.1226 -28.0076 -0.223848
rfingers 7.12502 -0 0
rthumb 15.8588 -57.2661 -0.196565
849
root 3.58872 16.5247 27.4562 -12.9191 28.2917 -3.57593
lfemur -17.2812 7.80973 -17.9835
ltibia 37.9941 -0 0
lfoot -8.4425 -18.4939 -1.00506
ltoes 22.3873 -0 0
rfemur -51.8047 -5.60384 11.6149
rtibia 48.4955 -0 0
rfoot 0.0543277 -4.27315 0.968015
rtoes -16.2385 0 0
lowerback 11.0438 -0.480597 -3.73196
upperback 3.42428 -1.01792 -1.58195
thorax -2.41607 -0.514401 0.746696
lowerneck -6.49937 -3.84714 1.8615
upperneck 5.78794 -5.59132 3.6826
head 3.10091 -2.57326 0.632564
lclavicle -3.50457e-15 1.24098e-14 2.22904e-31
lhumerus -39.2433 -21.2446 83.5338
lradius 59.1799 -0 0
lwrist 21.1131 0 0
lhand 3.26382 2.51088 0.353841
lfingers 7.12502 -0 0
lthumb 28.6698 29.8848 0.225868
rclavicle -3.50457e-15 1.24098e-14 2.22904e-31
rhumerus -43.1303 4.79317 -62.4577
rradius 57.0889 -0 0
rwrist 1.97993 0 0
rhand -9.91996 -28.1236 -0.212928
rfingers 7.12502 -0 0
rthumb 16.0542 -57.3718 -0.186977
850
root 3.6172 16.5272 27.5851 -13.025 27.5851 -3.41229
lfemur -16.9983 7.73946 -18.0511
ltibia 37.8137 -0 0
lfoot -8.24965 -19.0599 -0.951165
ltoes 22.4775 -0 0
rfemur -52.3392 -5.40799 11.3991
rtibia 48.4442 -0 0
rfoot 0.314025 -3.86558 0.91627
rtoes -16.1088 0 0
lowerback 11.1891 -0.551625 -3.77939
upperback 3.48489 -1.12406 -1.55364
thorax -2.43516 -0.566457 0.809327
lowerneck -6.51534 -3.80615 1.89786
upperneck 5.90697 -5.54414 3.66503
head 3.14002 -2.54789 0.620371
lclavicle -3.64179e-15 1.25897e-14 2.11059e-31
lhumerus -38.9826 -21.3592 83.3449
lradius 59.0139 -0 0
lwrist 21.2318 0 0
lhand 3.61935 2.62027 0.334973
lfingers 7.12502 -0 0
lthumb 29.0113 29.9576 0.213829
rclavicle -3.64179e-15 1.25897e-14 2.11059e-31
rhumerus -43.5657 4.27996 -61.7227
rradius 56.7552 -0 0
rwrist 1.92277 0 0
rhand -9.71738 -28.2397 -0.201598
rfingers 7.12502 -0 0
rthumb 16.2495 -57.4775 -0.177029
851
root 3.64567 16.5297 27.714 -13.1325 26.8787 -3.24823
lfemur -16.7153 7.66953 -18.1191
ltibia 37.6333 -0 0
lfoot -8.05733 -19.6257 -0.89537
ltoes 22.5677 -0 0
rfemur -52.8742 -5.21416 11.1815
rtibia 48.3928 -0 0
rfoot 0.573344 -3.45825 0.86268
rtoes -15.979 0 0
lowerback 11.3344 -0.622532 -3.827
upperback 3.54544 -1.23022 -1.52545
thorax -2.4543 -0.618492 0.871975
lowerneck -6.53129 -3.76514 1.9342
upperneck 6.02598 -5.49692 3.64756
head 3.17913 -2.52251 0.608194
lclavicle -3.77901e-15 1.27695e-14 1.98783e-31
lhumerus -38.7214 -21.473 83.1553
lradius 58.848 -0 0
lwrist 21.3505 0 0
lhand 3.97484 2.72955 0.315426
lfingers 7.12502 -0 0
lthumb 29.3527 30.0303 0.201356
rclavicle -3.77901e-15 1.27695e-14 1.98783e-31
rhumerus -44.0074 3.77238 -60.9842
rradius 56.4215 -0 0
rwrist 1.86561 0 0
rhand -9.51482 -28.3557 -0.189857
rfingers 7.12502 -0 0
rthumb 16.4449 -57.5831 -0.16672
852
root 3.67414 16.5322 27.8429 -13.2416 26.1726 -3.08369
lfemur -16.4324 7.59993 -18.1874
ltibia 37.4529 -0 0
lfoot -7.86559 -20.1913 -0.837679
ltoes 22.6579 -0 0
rfemur -53.4098 -5.02237 10.9622
rtibia 48.3415 -0 0
rfoot 0.832272 -3.05117 0.807248
rtoes -15.8492 0 0
lowerback 11.4798 -0.693318 -3.87479
upperback 3.60594 -1.33642 -1.49737
thorax -2.47349 -0.670505 0.934642
lowerneck -6.54721 -3.72413 1.97053
upperneck 6.14497 -5.44967 3.63019
head 3.21823 -2.49712 0.596036
lclavicle -3.91623e-15 1.29494e-14 1.86077e-31
lhumerus -38.4595 -21.5859 82.965
lradius 58.682 -0 0
lwrist 21.4692 0 0
lhand 4.3303 2.8387 0.295202
lfingers 7.12502 -0 0
lthumb 29.6942 30.1029 0.18845
rclavicle -3.91623e-15 1.29494e-14 1.86077e-31
rhumerus -44.4554 3.27053 -60.2423
rradius 56.0877 -0 0
rwrist 1.80845 0 0
rhand -9.31229 -28.4716 -0.177706
rfingers 7.12502 -0 0
rthumb 16.6402 -57.6888 -0.156052
853
root 3.70262 16.5347 27.9718 -13.3523 25.4669 -2.91864
lfemur -16.1494 7.53067 -18.256
ltibia 37.2725 -0 0
lfoot -7.67442 -20.7567 -0.778099
ltoes 22.7481 -0 0
rfemur -53.946 -4.83262 10.7412
rtibia 48.2902 -0 0
rfoot 1.0908 -2.64435 0.749979
rtoes -15.7195 0 0
lowerback 11.6252 -0.763983 -3.92276
upperback 3.6664 -1.44264 -1.4694
thorax -2.49275 -0.722498 0.997326
lowerneck -6.56311 -3.68311 2.00684
upperneck 6.26393 -5.40238 3.61291
head 3.25732 -2.47173 0.583895
lclavicle -4.05345e-15 1.31292e-14 1.72939e-31
lhumerus -38.197 -21.698 82.774
lradius 58.516 -0 0
lwrist 21.5879 0 0
lhand 4.68571 2.94772 0.274301
lfingers 7.12502 -0 0
lthumb 30.0356 30.1755 0.175112
rclavicle -4.05345e-15 1.31292e-14 1.72939e-31
rhumerus -44.9097 2.77453 -59.4969
rradius 55.754 -0 0
rwrist 1.75129 0 0
rhand -9.10978 -28.5875 -0.165146
rfingers 7.12502 -0 0
rthumb 16.8355 -57.7944 -0.145023
854
root 3.73109 16.5372 28.1007 -13.4646 24.7614 -2.75304
lfemur -15.8663 7.46175 -18.325
ltibia 37.0921 -0 0
lfoot -7.48385 -21.3219 -0.716635
ltoes 22.8383 -0 0
rfemur -54.4828 -4.64495 10.5184
rtibia 48.2389 -0 0
rfoot 1.3489 -2.2378 0.690877
rtoes -15.5897 0 0
lowerback 11.7707 -0.834526 -3.97091
upperback 3.7268 -1.54889 -1.44153
thorax -2.51206 -0.77447 1.06003
lowerneck -6.57898 -3.64208 2.04315
upperneck 6.38287 -5.35506 3.59574
head 3.29641 -2.44632 0.571771
lclavicle -4.19067e-15 1.33091e-14 1.59371e-31
lhumerus -37.9338 -21.8094 82.5823
lradius 58.35 -0 0
lwrist 21.7066 0 0
lhand 5.04109 3.05661 0.252724
lfingers 7.12502 -0 0
lthumb 30.377 30.2479 0.161342
rclavicle -4.19067e-15 1.33091e-14 1.59371e-31
rhumerus -45.3702 2.28449 -58.7477
rradius 55.4203 -0 0
rwrist 1.69414 0 0
rhand -8.9073 -28.7034 -0.152176
rfingers 7.12502 -0 0
rthumb 17.0308 -57.8999 -0.133634
855
root 3.75956 16.5397 28.2296 -13.5785 24.0562 -2.58685
lfemur -15.5832 7.39316 -18.3943
ltibia 36.9117 -0 0
lfoot -7.29391 -21.8869 -0.653296
ltoes 22.9286 -0 0
rfemur -55.0202 -4.45936 10.294
rtibia 48.1876 -0 0
rfoot 1.60658 -1.83153 0.629946
rtoes -15.46 0 0
lowerback 11.9163 -0.904946 -4.01925
upperback 3.78716 -1.65517 -1.41378
thorax -2.53143 -0.82642 1.12275
lowerneck -6.59482 -3.60103 2.07944
upperneck 6.50178 -5.3077 3.57867
head 3.33549 -2.42091 0.559666
lclavicle -4.32789e-15 1.34889e-14 1.45372e-31
lhumerus -37.6701 -21.9199 82.3899
lradius 58.184 -0 0
lwrist 21.8253 0 0
lhand 5.39642 3.16536 0.230473
lfingers 7.12502 -0 0
lthumb 30.7184 30.3203 0.14714
rclavicle -4.32789e-15 1.34889e-14 1.45372e-31
rhumerus -45.8369 1.80052 -57.9949
rradius 55.0865 -0 0
rwrist 1.63698 0 0
rhand -8.70484 -28.8192 -0.138797
rfingers 7.12502 -0 0
rthumb 17.226 -58.0054 -0.121886
856
root 3.78804 16.5422 28.3585 -13.694 23.3513 -2.42003
lfemur -15.3001 7.32491 -18.4639
ltibia 36.7313 -0 0
lfoot -7.10459 -22.4517 -0.588086
ltoes 23.0188 -0 0
rfemur -55.5581 -4.27588 10.0679
rtibia 48.1363 -0 0
rfoot 1.86382 -1.42554 0.567189
rtoes -15.3302 0 0
lowerback 12.0619 -0.975243 -4.06776
upperback 3.84746 -1.76149 -1.38615
thorax -2.55086 -0.878349 1.18549
lowerneck -6.61063 -3.55998 2.11571
upperneck 6.62068 -5.2603 3.5617
head 3.37457 -2.39549 0.547577
lclavicle -4.46511e-15 1.36688e-14 1.30943e-31
lhumerus -37.4058 -22.0295 82.1967
lradius 58.018 -0 0
lwrist 21.944 0 0
lhand 5.75171 3.27397 0.207547
lfingers 7.12502 -0 0
lthumb 31.0598 30.3926 0.132508
rclavicle -4.46511e-15 1.36688e-14 1.30943e-31
rhumerus -46.3099 1.32273 -57.2384
rradius 54.7528 -0 0
rwrist 1.57982 0 0
rhand -8.50241 -28.935 -0.125008
rfingers 7.12502 -0 0
rthumb 17.4213 -58.1109 -0.109779
857
root 3.81651 16.5447 28.4874 -13.8111 22.6467 -2.25254
lfemur -15.0169 7.25701 -18.5339
ltibia 36.5509 -0 0
lfoot -6.91594 -23.0163 -0.521015
ltoes 23.109 -0 0
rfemur -56.0967 -4.09453 9.84009
rtibia 48.0849 -0 0
rfoot 2.1206 -1.01984 0.502612
rtoes -15.2004 0 0
lowerback 12.2076 -1.04542 -4.11645
upperback 3.90772 -1.86783 -1.35862
thorax -2.57034 -0.930257 1.24825
lowerneck -6.62642 -3.51892 2.15198
upperneck 6.73955 -5.21287 3.54483
head 3.41364 -2.37006 0.535507
lclavicle -4.60233e-15 1.38486e-14 1.16082e-31
lhumerus -37.1409 -22.1384 82.0029
lradius 57.852 -0 0
lwrist 22.0627 0 0
lhand 6.10695 3.38244 0.183948
lfingers 7.12502 -0 0
lthumb 31.4011 30.4648 0.117445
rclavicle -4.60233e-15 1.38486e-14 1.16082e-31
rhumerus -46.789 0.851246 -56.4781
rradius 54.4191 -0 0
rwrist 1.52266 0 0
rhand -8.30001 -29.0507 -0.110811
rfingers 7.12502 -0 0
rthumb 17.6165 -58.2163 -0.0973119
858
root 3.84499 16.5472 28.6164 -13.9299 21.9424 -2.08434
lfemur -14.7337 7.18944 -18.6041
ltibia 36.3705 -0 0
lfoot -6.72795 -23.5806 -0.452088
ltoes 23.1992 -0 0
rfemur -56.6358 -3.91532 9.61066
rtibia 48.0336 -0 0
rfoot 2.37692 -0.614431 0.43622
rtoes -15.0707 0 0
lowerback 12.3533 -1.11547 -4.16532
upperback 3.96794 -1.9742 -1.3312
thorax -2.58988 -0.982144 1.31102
lowerneck -6.64218 -3.47784 2.18823
upperneck 6.85839 -5.16541 3.52806
head 3.4527 -2.34462 0.523454
lclavicle -4.73955e-15 1.40285e-14 1.00791e-31
lhumerus -36.8754 -22.2464 81.8084
lradius 57.686 -0 0
lwrist 22.1814 0 0
lhand 6.46215 3.49076 0.159678
lfingers 7.12502 -0 0
lthumb 31.7424 30.5369 0.101952
rclavicle -4.73955e-15 1.40285e-14 1.00791e-31
rhumerus -47.2743 0.386175 -55.7139
rradius 54.0854 -0 0
rwrist 1.4655 0 0
rhand -8.09764 -29.1664 -0.0962048
rfingers 7.12502 -0 0
rthumb 17.8117 -58.3217 -0.0844859
859
root 3.87346 16.5497 28.7453 -14.0503 21.2385 -1.91539
lfemur -14.4505 7.12223 -18.6747
ltibia 36.1902 -0 0
lfoot -6.54065 -24.1447 -0.381314
ltoes 23.2894 -0 0
rfemur -57.1756 -3.73827 9.37959
rtibia 47.9823 -0 0
rfoot 2.63276 -0.209331 0.368016
rtoes -14.9409 0 0
lowerback 12.4992 -1.18539 -4.21437
upperback 4.0281 -2.08059 -1.30389
thorax -2.60948 -1.03401 1.37382
lowerneck -6.65792 -3.43676 2.22446
upperneck 6.97721 -5.11791 3.51138
head 3.49176 -2.31917 0.511418
lclavicle -4.87676e-15 1.42083e-14 8.50697e-32
lhumerus -36.6092 -22.3536 81.6133
lradius 57.52 -0 0
lwrist 22.3002 0 0
lhand 6.8173 3.59893 0.134736
lfingers 7.12502 -0 0
lthumb 32.0837 30.6089 0.0860294
rclavicle -4.87676e-15 1.42083e-14 8.50697e-32
rhumerus -47.7658 -0.0723652 -54.9458
rradius 53.7516 -0 0
rwrist 1.40834 0 0
rhand -7.8953 -29.282 -0.0811903
rfingers 7.12502 -0 0
rthumb 18.0068 -58.427 -0.071301
860
root 3.90193 16.5522 28.8742 -14.1724 20.5349 -1.74565
lfemur -14.1672 7.05536 -18.7457
ltibia 36.0098 -0 0
lfoot -6.35407 -24.7085 -0.308699
ltoes 23.3796 -0 0
rfemur -57.716 -3.56341 9.14692
rtibia 47.931 -0 0
rfoot 2.88811 0.195457 0.298006
rtoes -14.8111 0 0
lowerback 12.645 -1.25519 -4.2636
upperback 4.08822 -2.18702 -1.27669
thorax -2.62913 -1.08585 1.43663
lowerneck -6.67363 -3.39567 2.26069
upperneck 7.09601 -5.07037 3.49481
head 3.53081 -2.29372 0.4994
lclavicle -5.01398e-15 1.43882e-14 6.89173e-32
lhumerus -36.3425 -22.4599 81.4174
lradius 57.354 -0 0
lwrist 22.4189 0 0
lhand 7.1724 3.70694 0.109124
lfingers 7.12502 -0 0
lthumb 32.425 30.6808 0.0696785
rclavicle -5.01398e-15 1.43882e-14 6.89173e-32
rhumerus -48.2633 -0.524259 -54.1738
rradius 53.4179 -0 0
rwrist 1.35118 0 0
rhand -7.69299 -29.3976 -0.0657676
rfingers 7.12502 -0 0
rthumb 18.202 -58.5323 -0.0577574
861
root 3.93041 16.5547 29.0031 -14.2961 19.8316 -1.57508
lfemur -13.8839 6.98884 -18.8169
ltibia 35.8294 -0 0
lfoot -6.1682 -25.2721 -0.234253
ltoes 23.4699 -0 0
rfemur -58.2569 -3.39074 8.91264
rtibia 47.8797 -0 0
rfoot 3.14295 0.599927 0.226194
rtoes -14.6814 0 0
lowerback 12.791 -1.32487 -4.313
upperback 4.14829 -2.29348 -1.2496
thorax -2.64884 -1.13767 1.49947
lowerneck -6.68931 -3.35457 2.2969
upperneck 7.21479 -5.02281 3.47834
head 3.56985 -2.26826 0.4874
lclavicle -5.1512e-15 1.4568e-14 5.2334e-32
lhumerus -36.0752 -22.5654 81.2208
lradius 57.188 -0 0
lwrist 22.5376 0 0
lhand 7.52745 3.81479 0.0828437
lfingers 7.12502 -0 0
lthumb 32.7663 30.7527 0.0528994
rclavicle -5.1512e-15 1.4568e-14 5.2334e-32
rhumerus -48.767 -0.969391 -53.3978
rradius 53.0842 -0 0
rwrist 1.29403 0 0
rhand -7.49072 -29.5131 -0.0499369
rfingers 7.12502 -0 0
rthumb 18.3971 -58.6376 -0.0438553
862
root 3.95888 16.5572 29.132 -14.4215 19.1287 -1.40364
lfemur -13.6005 6.92267 -18.8885
ltibia 35.649 -0 0
lfoot -5.98308 -25.8354 -0.157982
ltoes 23.5601 -0 0
rfemur -58.7985 -3.2203 8.67678
rtibia 47.8283 -0 0
rfoot 3.39729 1.00407 0.152585
rtoes -14.5516 0 0
lowerback 12.937 -1.39441 -4.36259
upperback 4.20832 -2.39996 -1.22262
thorax -2.66861 -1.18947 1.56232
lowerneck -6.70496 -3.31345 2.3331
upperneck 7.33355 -4.9752 3.46197
head 3.60889 -2.24279 0.475417
lclavicle -5.28842e-15 1.47479e-14 3.53201e-32
lhumerus -35.8073 -22.6701 81.0236
lradius 57.022 -0 0
lwrist 22.6563 0 0
lhand 7.88246 3.92247 0.0558954
lfingers 7.12502 -0 0
lthumb 33.1076 30.8244 0.0356929
rclavicle -5.28842e-15 1.47479e-14 3.53201e-32
rhumerus -49.2768 -1.40764 -52.6177
rradius 52.7505 -0 0
rwrist 1.23687 0 0
rhand -7.28847 -29.6286 -0.0336986
rfingers 7.12502 -0 0
rthumb 18.5922 -58.7428 -0.0295949
863
root 3.98736 16.5597 29.2609 -14.5486 18.4262 -1.23129
lfemur -13.3171 6.85685 -18.9604
ltibia 35.4686 -0 0
lfoot -5.79872 -26.3986 -0.0798947
ltoes 23.6503 -0 0
rfemur -59.3407 -3.05208 8.43936
rtibia 47.777 -0 0
rfoot 3.65109 1.40789 0.0771858
rtoes -14.4219 0 0
lowerback 13.0831 -1.46384 -4.41236
upperback 4.2683 -2.50647 -1.19575
thorax -2.68844 -1.24125 1.62519
lowerneck -6.72059 -3.27233 2.36929
upperneck 7.45228 -4.92757 3.4457
head 3.64792 -2.21731 0.463452
lclavicle -5.42564e-15 1.49277e-14 1.78754e-32
lhumerus -35.5388 -22.7739 80.8257
lradius 56.856 -0 0
lwrist 22.775 0 0
lhand 8.23741 4.02999 0.0282804
lfingers 7.12502 -0 0
lthumb 33.4488 30.896 0.0180595
rclavicle -5.42564e-15 1.49277e-14 1.78754e-32
rhumerus -49.7925 -1.8389 -51.8337
rradius 52.4167 -0 0
rwrist 1.17971 0 0
rhand -7.08626 -29.744 -0.0170529
rfingers 7.12502 -0 0
rthumb 18.7873 -58.8479 -0.0149764
864
root 4.01583 16.5622 29.3898 -14.6774 17.724 358.942
lfemur -13.0336 6.79139 -19.0326
ltibia 35.2882 0 0
lfoot -5.61513 -26.9614 0
ltoes 23.7405 0 0
rfemur -59.8835 -2.88612 8.20039
rtibia 47.7257 0 0
rfoot 3.90436 1.81136 0
rtoes -14.2921 0 0
lowerback 13.2292 -1.53313 -4.4623
upperback 4.32824 -2.61301 -1.16899
thorax -2.70832 -1.29301 1.68808
lowerneck -6.73619 -3.2312 2.40546
upperneck 7.57099 -4.8799 3.42953
head 3.68695 -2.19182 0.451504
lclavicle -5.56286e-15 1.51076e-14 0
lhumerus -35.2697 -22.8768 80.6271
lradius 56.69 0 0
lwrist 22.8937 0 0
lhand 8.59231 4.13733 0
lfingers 7.12502 0 0
lthumb 33.79 30.9675 0
rclavicle -5.56286e-15 1.51076e-14 0
rhumerus -50.3143 -2.26304 -51.0456
rradius 52.083 0 0
rwrist 1.12255 0 0
rhand -6.88408 -29.8593 0
rfingers 7.12502 0 0
rthumb 18.9823 -778.953 0
865
root 4.0135 16.5549 29.4477 -14.6381 17.67 -0.757846
lfemur -12.8413 7.24524 -19.2815
ltibia 35.5074 -0 0
lfoot -6.16733 -25.7913 -0.0680817
ltoes 22.2542 -0 0
rfemur -61.1283 -4.48512 10.4943
rtibia 49.8556 -0 0
rfoot 4.19932 3.06303 0.0388981
rtoes -15.3762 0 0
lowerback 13.6386 -1.57624 -4.756
upperback 4.47146 -2.73118 -1.34623
thorax -2.75594 -1.34975 1.69721
lowerneck -6.78594 -3.16505 2.40992
upperneck 7.18069 -4.78235 3.49044
head 3.56417 -2.14944 0.475494
lclavicle 3.74151e-15 1.27834e-14 2.26463e-30
lhumerus -35.1081 -23.7097 80.7297
lradius 57.3381 -0 0
lwrist 23.0751 0 0
lhand 9.35803 4.46387 0.0262505
lfingers 7.12502 -0 0
lthumb 34.5124 31.0907 0.00933894
rclavicle 3.74151e-15 1.27834e-14 2.26463e-30
rhumerus -50.0366 -4.01981 -50.4137
rradius 52.7357 -0 0
rwrist 0.0330846 0 0
rhand -8.03871 -29.6195 -0.0291384
rfingers 7.12502 -0 0
rthumb 17.869 -58.7773 -0.0205736
866
root 4.01117 16.5476 29.5057 -14.599 17.6158 -0.45782
lfemur -12.6507 7.69991 -19.5291
ltibia 35.7267 -0 0
lfoot -6.7208 -24.6205 -0.12487
ltoes 20.7679 -0 0
rfemur -62.4396 -6.03266 12.8284
rtibia 51.9856 -0 0
rfoot 4.49507 4.31489 0.0713431
rtoes -16.4603 0 0
lowerback 14.0483 -1.61725 -5.05001
upperback 4.61507 -2.84892 -1.5238
thorax -2.80356 -1.40649 1.70638
lowerneck -6.83567 -3.09889 2.41432
upperneck 6.79054 -4.6844 3.55067
head 3.4414 -2.10701 0.499393
lclavicle 1.30459e-14 1.04591e-14 4.15183e-30
lhumerus -34.9472 -24.5429 80.8305
lradius 57.9862 -0 0
lwrist 23.2565 0 0
lhand 10.1239 4.79073 0.0481345
lfingers 7.12502 -0 0
lthumb 35.2349 31.214 0.0171237
rclavicle 1.30459e-14 1.04591e-14 4.15183e-30
rhumerus -49.7777 -5.77952 -49.7888
rradius 53.3883 -0 0
rwrist -1.05638 0 0
rhand -9.19345 -29.3792 -0.0534393
rfingers 7.12502 -0 0
rthumb 16.7557 -58.6013 -0.0377304
867
root 4.00884 16.5403 29.5636 -14.5603 17.5614 -0.157924
lfemur -12.462 8.15539 -19.7755
ltibia 35.9459 -0 0
lfoot -7.27531 -23.4493 -0.170335
ltoes 19.2816 -0 0
rfemur -63.8175 -7.52524 15.205
rtibia 54.1155 -0 0
rfoot 4.79145 5.56689 0.0973189
rtoes -17.5444 0 0
lowerback 14.4581 -1.65616 -5.34431
upperback 4.75907 -2.96622 -1.70168
thorax -2.8512 -1.46322 1.7156
lowerneck -6.8854 -3.03272 2.41867
upperneck 6.40056 -4.58603 3.61022
head 3.31865 -2.06453 0.523201
lclavicle 2.23503e-14 8.13486e-15 5.66158e-30
lhumerus -34.7867 -25.3763 80.9293
lradius 58.6343 -0 0
lwrist 23.438 0 0
lhand 10.8899 5.11785 0.0656472
lfingers 7.12502 -0 0
lthumb 35.9574 31.3374 0.0233531
rclavicle 2.23503e-14 8.13486e-15 5.66158e-30
rhumerus -49.5372 -7.54192 -49.1696
rradius 54.041 -0 0
rwrist -2.14585 0 0
rhand -10.3483 -29.1385 -0.0728925
rfingers 7.12502 -0 0
rthumb 15.6423 -58.425 -0.0514638
868
root 4.00652 16.533 29.6216 -14.5219 17.5069 0.141844
lfemur -12.275 8.61167 -20.0207
ltibia 36.1652 -0 0
lfoot -7.83065 -22.2777 -0.204455
ltoes 17.7953 -0 0
rfemur -65.262 -8.95924 17.6259
rtibia 56.2455 -0 0
rfoot 5.08833 6.81902 0.116812
rtoes -18.6285 0 0
lowerback 14.8682 -1.69297 -5.63889
upperback 4.90345 -3.08307 -1.87989
thorax -2.89885 -1.51994 1.72487
lowerneck -6.93512 -2.96656 2.42295
upperneck 6.01073 -4.48727 3.66909
head 3.19593 -2.022 0.546917
lclavicle 3.16546e-14 5.81062e-15 6.7939e-30
lhumerus -34.6268 -26.21 81.0262
lradius 59.2824 -0 0
lwrist 23.6194 0 0
lhand 11.6559 5.44518 0.078785
lfingers 7.12502 -0 0
lthumb 36.6799 31.4609 0.028026
rclavicle 3.16546e-14 5.81062e-15 6.7939e-30
rhumerus -49.3149 -9.30679 -48.5551
rradius 54.6936 -0 0
rwrist -3.23531 0 0
rhand -11.5032 -28.8974 -0.0874895
rfingers 7.12502 -0 0
rthumb 14.5289 -58.2485 -0.0617685
869
root 4.00419 16.5257 29.6795 -14.4838 17.4521 0.441483
lfemur -12.0897 9.06873 -20.2646
ltibia 36.3844 -0 0
lfoot -8.38656 -21.1058 -0.227211
ltoes 16.309 -0 0
rfemur -66.7727 -10.331 20.093
rtibia 58.3754 -0 0
rfoot 5.38557 8.07123 0.129813
rtoes -19.7126 0 0
lowerback 15.2784 -1.72766 -5.93372
upperback 5.04821 -3.19947 -2.05841
thorax -2.9465 -1.57665 1.73419
lowerneck -6.98484 -2.90039 2.42718
upperneck 5.62105 -4.38811 3.72727
head 3.07322 -1.97942 0.570542
lclavicle 4.0959e-14 3.48637e-15 7.54878e-30
lhumerus -34.4672 -27.044 81.1213
lradius 59.9305 -0 0
lwrist 23.8008 0 0
lhand 12.4221 5.77266 0.087545
lfingers 7.12502 -0 0
lthumb 37.4024 31.5844 0.0311417
rclavicle 4.0959e-14 3.48637e-15 7.54878e-30
rhumerus -49.1106 -11.0739 -47.9442
rradius 55.3463 -0 0
rwrist -4.32478 0 0
rhand -12.6582 -28.6561 -0.0972243
rfingers 7.12502 -0 0
rthumb 13.4154 -58.0717 -0.0686405
870
root 4.00186 16.5184 29.7375 -14.446 17.3971 0.740994
lfemur -11.9062 9.52657 -20.5074
ltibia 36.6037 -0 0
lfoot -8.94282 -19.9338 -0.238592
ltoes 14.8227 -0 0
rfemur -68.3492 -11.6367 22.6073
rtibia 60.5053 -0 0
rfoot 5.68302 9.32349 0.136315
rtoes -20.7967 0 0
lowerback 15.6889 -1.76024 -6.22881
upperback 5.19335 -3.31543 -2.23725
thorax -2.99417 -1.63336 1.74356
lowerneck -7.03454 -2.83421 2.43135
upperneck 5.23153 -4.28855 3.78477
head 2.95054 -1.93679 0.594074
lclavicle 5.02634e-14 1.16212e-15 7.92622e-30
lhumerus -34.308 -27.8781 81.2144
lradius 60.5786 -0 0
lwrist 23.9822 0 0
lhand 13.1882 6.10022 0.0919255
lfingers 7.12502 -0 0
lthumb 38.1249 31.7079 0.0326997
rclavicle 5.02634e-14 1.16212e-15 7.92622e-30
rhumerus -48.9244 -12.8431 -47.3357
rradius 55.9989 -0 0
rwrist -5.41424 0 0
rhand -13.8131 -28.4146 -0.102093
rfingers 7.12502 -0 0
rthumb 12.3019 -57.8949 -0.0720772
871
root 3.99953 16.5112 29.7954 -14.4085 17.342 1.04038
lfemur -11.7244 9.98516 -20.749
ltibia 36.8229 -0 0
lfoot -9.49921 -18.7616 -0.238592
ltoes 13.3364 -0 0
rfemur -69.9905 -12.8726 25.1696
rtibia 62.6353 -0 0
rfoot 5.98053 10.5758 0.136315
rtoes -21.8807 0 0
lowerback 16.0995 -1.79071 -6.52412
upperback 5.33888 -3.43093 -2.41641
thorax -3.04185 -1.69005 1.75297
lowerneck -7.08424 -2.76804 2.43547
upperneck 4.84215 -4.18861 3.84159
head 2.82787 -1.8941 0.617515
lclavicle 5.95678e-14 -1.16212e-15 7.92622e-30
lhumerus -34.1491 -28.7125 81.3056
lradius 61.2266 -0 0
lwrist 24.1637 0 0
lhand 13.9544 6.42781 0.0919255
lfingers 7.12502 -0 0
lthumb 38.8474 31.8315 0.0326997
rclavicle 5.95678e-14 -1.16212e-15 7.92622e-30
rhumerus -48.7562 -14.6141 -46.7286
rradius 56.6516 -0 0
rwrist -6.50371 0 0
rhand -14.9681 -28.1731 -0.102093
rfingers 7.12502 -0 0
rthumb 11.1885 -57.7181 -0.0720772
872
root 3.9972 16.5039 29.8534 -14.3713 17.2867 1.33963
lfemur -11.5443 10.4445 -20.9895
ltibia 37.0422 -0 0
lfoot -10.0555 -17.5896 -0.227211
ltoes 11.8501 -0 0
rfemur -71.6953 -14.0349 27.7802
rtibia 64.7652 -0 0
rfoot 6.27798 11.828 0.129813
rtoes -22.9648 0 0
lowerback 16.5102 -1.81907 -6.81965
upperback 5.48478 -3.54598 -2.59588
thorax -3.08954 -1.74674 1.76243
lowerneck -7.13393 -2.70185 2.43952
upperneck 4.45293 -4.08828 3.89771
head 2.70523 -1.85137 0.640864
lclavicle 6.88721e-14 -3.48637e-15 7.54878e-30
lhumerus -33.9904 -29.5471 81.3949
lradius 61.8747 -0 0
lwrist 24.3451 0 0
lhand 14.7206 6.75537 0.087545
lfingers 7.12502 -0 0
lthumb 39.5699 31.955 0.0311417
rclavicle 6.88721e-14 -3.48637e-15 7.54878e-30
rhumerus -48.6061 -16.3867 -46.1216
rradius 57.3042 -0 0
rwrist -7.59317 0 0
rhand -16.1231 -27.9316 -0.0972243
rfingers 7.12502 -0 0
rthumb 10.075 -57.5413 -0.0686405
873
root 3.99487 16.4966 29.9113 -14.3345 17.2312 1.63876
lfemur -11.3659 10.9046 -21.2288
ltibia 37.2614 -0 0
lfoot -10.6114 -16.4177 -0.204455
ltoes 10.3638 -0 0
rfemur -73.4619 -15.1197 30.4387
rtibia 66.8951 -0 0
rfoot 6.57522 13.0802 0.116812
rtoes -24.0489 0 0
lowerback 16.9211 -1.8453 -7.11538
upperback 5.63106 -3.66057 -2.77566
thorax -3.13724 -1.80342 1.77194
lowerneck -7.18362 -2.63567 2.44352
upperneck 4.06385 -3.98758 3.95314
head 2.5826 -1.80858 0.66412
lclavicle 7.81765e-14 -5.81062e-15 6.7939e-30
lhumerus -33.8319 -30.3819 81.4822
lradius 62.5228 -0 0
lwrist 24.5265 0 0
lhand 15.4867 7.08285 0.078785
lfingers 7.12502 -0 0
lthumb 40.2924 32.0785 0.028026
rclavicle 7.81765e-14 -5.81062e-15 6.7939e-30
rhumerus -48.4743 -18.1608 -45.5137
rradius 57.9569 -0 0
rwrist -8.68264 0 0
rhand -17.2781 -27.6903 -0.0874895
rfingers 7.12502 -0 0
rthumb 8.96153 -57.3645 -0.0617685
874
root 3.99255 16.4893 29.9693 -14.2979 17.1755 1.93776
lfemur -11.1892 11.3654 -21.4671
ltibia 37.4807 -0 0
lfoot -11.1667 -15.2461 -0.170335
ltoes 8.87748 -0 0
rfemur -75.288 -16.1233 33.1444
rtibia 69.0251 -0 0
rfoot 6.8721 14.3324 0.0973189
rtoes -25.133 0 0
lowerback 17.3322 -1.86941 -7.4113
upperback 5.77771 -3.7747 -2.95576
thorax -3.18495 -1.8601 1.78149
lowerneck -7.23329 -2.56948 2.44746
upperneck 3.67492 -3.88651 4.00788
head 2.46 -1.76575 0.687284
lclavicle 8.74809e-14 -8.13486e-15 5.66158e-30
lhumerus -33.6735 -31.217 81.5676
lradius 63.1709 -0 0
lwrist 24.7079 0 0
lhand 16.2527 7.41018 0.0656472
lfingers 7.12502 -0 0
lthumb 41.0149 32.202 0.0233531
rclavicle 8.74809e-14 -8.13486e-15 5.66158e-30
rhumerus -48.3611 -19.9361 -44.9035
rradius 58.6095 -0 0
rwrist -9.7721 0 0
rhand -18.433 -27.4492 -0.0728925
rfingers 7.12502 -0 0
rthumb 7.8481 -57.188 -0.0514638
875
root 3.99022 16.482 30.0272 -14.2617 17.1196 2.23663
lfemur -11.0142 11.8269 -21.7043
ltibia 37.6999 -0 0
lfoot -11.7212 -14.0749 -0.12487
ltoes 7.39118 -0 0
rfemur -77.1707 -17.0421 35.8957
rtibia 71.155 -0 0
rfoot 7.16848 15.5844 0.0713431
rtoes -26.2171 0 0
lowerback 17.7433 -1.8914 -7.70738
upperback 5.92474 -3.88836 -3.13616
thorax -3.23267 -1.91676 1.79109
lowerneck -7.28296 -2.50329 2.45135
upperneck 3.28613 -3.78506 4.06193
head 2.33742 -1.72287 0.710356
lclavicle 9.67853e-14 -1.04591e-14 4.15183e-30
lhumerus -33.5151 -32.0522 81.6511
lradius 63.819 -0 0
lwrist 24.8894 0 0
lhand 17.0187 7.7373 0.0481345
lfingers 7.12502 -0 0
lthumb 41.7374 32.3254 0.0171237
rclavicle 9.67853e-14 -1.04591e-14 4.15183e-30
rhumerus -48.2669 -21.7124 -44.29
rradius 59.2622 -0 0
rwrist -10.8616 0 0
rhand -19.5878 -27.2085 -0.0534393
rfingers 7.12502 -0 0
rthumb 6.73471 -57.0117 -0.0377304
876
root 3.98789 16.4747 30.0852 -14.2258 17.0635 2.53538
lfemur -10.8408 12.2892 -21.9405
ltibia 37.9192 -0 0
lfoot -12.2747 -12.9041 -0.0680817
ltoes 5.90488 -0 0
rfemur -79.1066 -17.8725 38.6904
rtibia 73.285 -0 0
rfoot 7.46423 16.8362 0.0388981
rtoes -27.3012 0 0
lowerback 18.1546 -1.91127 -8.00362
upperback 6.07214 -4.00156 -3.31688
thorax -3.28041 -1.97342 1.80074
lowerneck -7.33263 -2.4371 2.45517
upperneck 2.89748 -3.68326 4.11527
head 2.21486 -1.67994 0.733335
lclavicle 1.0609e-13 -1.27834e-14 2.26463e-30
lhumerus -33.3567 -32.8876 81.7326
lradius 64.4671 -0 0
lwrist 25.0708 0 0
lhand 17.7846 8.06416 0.0262505
lfingers 7.12502 -0 0
lthumb 42.4599 32.4487 0.00933894
rclavicle 1.0609e-13 -1.27834e-14 2.26463e-30
rhumerus -48.1923 -23.4896 -43.6716
rradius 59.9148 -0 0
rwrist -11.951 0 0
rhand -20.7426 -26.9682 -0.0291384
rfingers 7.12502 -0 0
rthumb 5.62137 -56.8357 -0.0205736
877
root 3.98556 16.4674 30.1431 -14.1902 17.0073 362.834
lfemur -10.669 12.7521 -22.1757
ltibia 38.1384 0 0
lfoot -12.8269 -11.734 0
ltoes 4.41858 0 0
rfemur -81.0916 -18.6112 41.5257
rtibia 75.4149 0 0
rfoot 7.75919 18.0879 0
rtoes -28.3853 0 0
lowerback 18.566 -1.92901 -8.3
upperback 6.21991 -4.11428 -3.4979
thorax -3.32815 -2.03007 1.81044
lowerneck -7.38228 -2.3709 2.45894
upperneck 2.50897 -3.58109 4.16792
head 2.09232 -1.63696 0.756221
lclavicle 1.15394e-13 -1.51076e-14 0
lhumerus -33.1982 -33.7232 81.8121
lradius 65.1152 0 0
lwrist 25.2522 0 0
lhand 18.5503 8.3907 0
lfingers 7.12502 0 0
lthumb 43.1823 32.5719 0
rclavicle 1.15394e-13 -1.51076e-14 0
rhumerus -48.1378 -25.2674 -43.047
rradius 60.5675 0 0
rwrist -13.0405 0 0
rhand -21.8972 -26.7284 0
rfingers 7.12502 0 0
rthumb 4.50808 -776.66 0
878
root 3.96646 16.4753 30.2021 -13.7603 18.1157 362.441
lfemur -11.2155 13.5965 -21.7907
ltibia 38.4132 0 0
lfoot -13.0719 -10.0466 0
ltoes 2.70624 0 0
rfemur -81.9036 -19.2226 40.7651
rtibia 80.3672 0 0
rfoot 9.60058 20.5686 0
rtoes -26.6786 0 0
lowerback 18.2519 -2.30577 -8.16191
upperback 6.14534 -4.54849 -3.41742
thorax -3.21149 -2.24683 1.88868
lowerneck -7.34725 -2.46977 2.3522
upperneck 2.68827 -3.71791 4.32626
head 2.15306 -1.69765 0.819088
lclavicle -8.84592e-15 5.1684e-14 0
lhumerus -32.9671 -34.9216 82.5924
lradius 64.4648 0 0
lwrist 24.832 0 0
lhand 19.7685 9.17922 0
lfingers 7.12502 0 0
lthumb 44.3194 32.9419 0
rclavicle -8.84592e-15 5.1684e-14 0
rhumerus -48.3204 -26.5548 -43.2909
rradius 62.2394 0 0
rwrist -16.2513 0 0
rhand -27.1368 -28.8165 0
rfingers 7.12502 0 0
rthumb -0.552174 -778.796 0
879
root 3.94497 16.4863 30.2635 -13.2433 19.2928 361.916
lfemur -11.9503 14.583 -21.2876
ltibia 38.7618 0 0
lfoot -13.1904 -8.04217 0
ltoes 1.15203 0 0
rfemur -82.4639 -20.0259 40.0056
rtibia 85.1061 0 0
rfoot 11.6313 22.9565 0
rtoes -24.0828 0 0
lowerback 17.7758 -2.69619 -7.93175
upperback 6.00627 -4.97327 -3.27626
thorax -3.08273 -2.45904 1.96685
lowerneck -7.36038 -2.59305 2.23741
upperneck 2.99664 -3.89575 4.49189
head 2.26706 -1.77458 0.883126
lclavicle 8.37877e-14 1.11319e-14 0
lhumerus -32.7444 -36.1396 83.5077
lradius 63.6594 0 0
lwrist 24.1848 0 0
lhand 21.0465 9.94934 0
lfingers 7.12502 0 0
lthumb 45.5087 33.2457 0
rclavicle 8.37877e-14 1.11319e-14 0
rhumerus -48.5571 -27.6772 -43.6502
rradius 64.0301 0 0
rwrist -18.8761 0 0
rhand -32.3235 -31.7781 0
rfingers 7.12502 0 0
rthumb -5.56111 -781.685 0
880
root 3.922 16.499 30.327 -12.6689 20.4783 361.298
lfemur -12.8295 15.7281 -20.7108
ltibia 39.1738 0 0
lfoot -13.1776 -5.82273 0
ltoes -0.0852093 0 0
rfemur -82.6886 -20.9871 39.2422
rtibia 89.5917 0 0
rfoot 13.8262 24.8719 0
rtoes -20.5112 0 0
lowerback 17.1762 -3.0775 -7.63205
upperback 5.80932 -5.36947 -3.08606
thorax -2.95487 -2.65691 2.04166
lowerneck -7.41953 -2.73557 2.11677
upperneck 3.39586 -4.10532 4.6451
head 2.42134 -1.86457 0.942072
lclavicle 8.41853e-14 -3.73715e-14 0
lhumerus -32.5829 -37.3419 84.5518
lradius 62.7825 0 0
lwrist 23.3104 0 0
lhand 22.3456 10.6477 0
lfingers 7.12502 0 0
lthumb 46.7136 33.4391 0
rclavicle 8.41853e-14 -3.73715e-14 0
rhumerus -48.8057 -28.5912 -44.159
rradius 65.931 0 0
rwrist -20.828 0 0
rhand -37.2326 -35.8404 0
rfingers 7.12502 0 0
rthumb -10.299 -785.568 0
881
root 3.89842 16.5116 30.3928 -12.0634 21.6234 360.633
lfemur -13.8042 17.031 -20.1088
ltibia 39.6343 0 0
lfoot -13.0849 -3.58051 0
ltoes -0.902245 0 0
rfemur -82.5037 -22.0685 38.4419
rtibia 93.7871 0 0
rfoot 15.9989 26.0786 0
rtoes -16.2502 0 0
lowerback 16.4923 -3.43098 -7.29414
upperback 5.56416 -5.7236 -2.86213
thorax -2.83686 -2.83359 2.1133
lowerneck -7.51179 -2.89324 1.99053
upperneck 3.83756 -4.3375 4.7726
head 2.59748 -1.96488 0.992072
lclavicle 3.74709e-14 7.95139e-15 0
lhumerus -32.5419 -38.494 85.7151
lradius 61.9255 0 0
lwrist 22.23 0 0
lhand 23.6165 11.2232 0
lfingers 7.12502 0 0
lthumb 47.888 33.4881 0
rclavicle 3.74709e-14 7.95139e-15 0
rhumerus -49.0251 -29.2525 -44.8559
rradius 67.9407 0 0
rwrist -22.1383 0 0
rhand -41.5964 -41.1356 0
rfingers 7.12502 0 0
rthumb -14.5063 -790.608 0
882
root 3.87494 16.5225 30.4609 -11.4453 22.6945 359.969
lfemur -14.829 18.4697 -19.5282
ltibia 40.1253 0 0
lfoot -13.0012 -1.54277 0
ltoes -1.30249 0 0
rfemur -81.8539 -23.233 37.5542
rtibia 97.6548 0 0
rfoot 17.8718 26.5071 0
rtoes -11.9104 0 0
lowerback 15.7593 -3.74424 -6.95379
upperback 5.28198 -6.02903 -2.6212
thorax -2.73297 -2.98578 2.18497
lowerneck -7.61831 -3.06352 1.85747
upperneck 4.27285 -4.58492 4.86985
head 2.77554 -2.07368 1.0323
lclavicle 5.20816e-14 -9.54166e-15 0
lhumerus -32.6772 -39.5671 86.9847
lradius 61.1743 0 0
lwrist 20.9881 0 0
lhand 24.7997 11.636 0
lfingers 7.12502 0 0
lthumb 48.9772 33.3797 0
rclavicle 5.20816e-14 -9.54166e-15 0
rhumerus -49.1819 -29.6226 -45.7767
rradius 70.0621 0 0
rwrist -22.9294 0 0
rhand -45.1612 -47.5347 0
rfingers 7.12502 0 0
rthumb -17.9387 -796.727 0
883
root 3.85132 16.5379 30.5304 -10.8181 23.5857 -0.564007
lfemur -15.7702 19.9928 -19.1006
ltibia 40.4476 -0 0
lfoot -13.0477 -0.45508 -0.000882812
ltoes -1.24122 0 0
rfemur -80.1751 -24.4993 36.3284
rtibia 100.642 -0 0
rfoot 18.6788 25.6735 -0.0117431
rtoes -9.17391 0 0
lowerback 15.0117 -3.97229 -6.72682
upperback 4.96446 -6.24833 -2.40206
thorax -2.65104 -3.09411 2.27247
lowerneck -7.69355 -3.25595 1.70777
upperneck 4.57644 -4.85006 4.93029
head 2.90535 -2.19697 1.06224
lclavicle 3.02815e-14 -1.37824e-14 -1.61353e-30
lhumerus -33.2358 -40.4477 88.3775
lradius 60.8202 -0 0
lwrist 19.662 0 0
lhand 25.6199 11.7118 0.00108469
lfingers 7.12502 -0 0
lthumb 49.7275 33.0587 -0.00420392
rclavicle 3.02815e-14 -1.37824e-14 -1.61353e-30
rhumerus -49.162 -29.3398 -47.2231
rradius 72.4158 -0 0
rwrist -23.211 0 0
rhand -46.828 -53.7631 0.181965
rfingers 7.12502 -0 0
rthumb -19.1901 -19.5367 -1.94305
884
root 3.82769 16.5533 30.6 -10.1956 24.4822 -1.08998
lfemur -16.7086 21.5222 -18.6957
ltibia 40.77 -0 0
lfoot -13.0942 0.63271 -0.000882812
ltoes -1.17994 0 0
rfemur -78.4494 -25.7318 35.0494
rtibia 103.629 -0 0
rfoot 19.4859 24.8397 -0.0117431
rtoes -6.43743 0 0
lowerback 14.2629 -4.19738 -6.4968
upperback 4.64595 -6.46641 -2.1816
thorax -2.56926 -3.20256 2.35983
lowerneck -7.76829 -3.44859 1.55829
upperneck 4.87987 -5.11552 4.98935
head 3.0351 -2.32033 1.0919
lclavicle 8.48147e-15 -1.80232e-14 -1.61353e-30
lhumerus -33.8301 -41.3176 89.8001
lradius 60.4662 -0 0
lwrist 18.3359 0 0
lhand 26.4402 11.7875 0.00108469
lfingers 7.12502 -0 0
lthumb 50.4777 32.7376 -0.00420392
rclavicle 8.48147e-15 -1.80232e-14 -1.61353e-30
rhumerus -49.1504 -29.0566 -48.6654
rradius 74.7695 -0 0
rwrist -23.4925 0 0
rhand -48.5048 -59.9943 0.181965
rfingers 7.12502 -0 0
rthumb -21.5024 37.7107 -1.94305
885
root 3.80407 16.5687 30.6695 -9.57769 25.3839 358.391
lfemur -17.6457 23.0577 -18.3135
ltibia 41.0923 0 0
lfoot -13.1407 1.7204 0
ltoes -1.11867 0 0
rfemur -76.6751 -26.9284 33.7158
rtibia 106.616 0 0
rfoot 20.2929 24.0061 0
rtoes -3.70094 0 0
lowerback 13.5131 -4.41943 -6.2638
upperback 4.32647 -6.68327 -1.95983
thorax -2.48764 -3.31114 2.44704
lowerneck -7.84255 -3.64141 1.40903
upperneck 5.18316 -5.38128 5.04702
head 3.1648 -2.44375 1.12128
lclavicle -1.33186e-14 -2.22639e-14 0
lhumerus -34.4615 -42.1759 91.2542
lradius 60.1121 0 0
lwrist 17.0098 0 0
lhand 27.2604 11.8633 0
lfingers 7.12502 0 0
lthumb 51.228 32.4166 0
rclavicle -1.33186e-14 -2.22639e-14 0
rhumerus -49.1469 -28.7732 -50.1037
rradius 77.1232 0 0
rwrist -23.7741 0 0
rhand -50.1716 -66.2227 0
rfingers 7.12502 0 0
rthumb -22.7538 -985.099 0
886
root 3.78689 16.5645 30.7459 -8.93187 25.9714 -1.68287
lfemur -18.4455 24.0447 -18.3566
ltibia 41.4116 -0 0
lfoot -13.4333 1.38621 0.00341423
ltoes -0.971211 0 0
rfemur -73.5287 -27.7947 31.3843
rtibia 107.741 -0 0
rfoot 19.9413 22.2904 0.0210862
rtoes -3.76814 0 0
lowerback 12.8176 -4.51444 -6.33634
upperback 4.02933 -6.78304 -1.88062
thorax -2.39372 -3.36012 2.52857
lowerneck -7.81411 -3.87158 1.2267
upperneck 5.18622 -5.67383 5.10317
head 3.17654 -2.59093 1.15619
lclavicle -2.31087e-14 -1.84472e-14 1.30431e-30
lhumerus -35.7071 -42.7041 92.7169
lradius 60.4517 -0 0
lwrist 16.3238 0 0
lhand 27.2704 11.8492 -4.94853e-06
lfingers 7.12502 -0 0
lthumb 51.2371 32.3973 -6.14412e-06
rclavicle -2.31087e-14 -1.84472e-14 1.30431e-30
rhumerus -48.7988 -27.3105 -52.5288
rradius 79.7756 -0 0
rwrist -23.4253 0 0
rhand -48.9393 -64.7915 0.0616562
rfingers 7.12502 -0 0
rthumb -22.1595 130.215 1.69851
887
root 3.76971 16.5604 30.8223 -8.28362 26.5596 -1.74972
lfemur -19.2524 25.031 -18.4152
ltibia 41.7309 -0 0
lfoot -13.726 1.05198 0.00512149
ltoes -0.823751 0 0
rfemur -70.3211 -28.5449 28.9846
rtibia 108.866 -0 0
rfoot 19.5891 20.5746 0.0316342
rtoes -3.83535 0 0
lowerback 12.1221 -4.61034 -6.40774
upperback 3.73198 -6.8824 -1.80088
thorax -2.29987 -3.40924 2.61002
lowerneck -7.78492 -4.10166 1.0442
upperneck 5.18899 -5.96639 5.15933
head 3.18818 -2.73811 1.19108
lclavicle -3.28989e-14 -1.46306e-14 1.95647e-30
lhumerus -36.9812 -43.2084 94.2073
lradius 60.7912 -0 0
lwrist 15.6378 0 0
lhand 27.2805 11.8351 -7.42279e-06
lfingers 7.12502 -0 0
lthumb 51.2462 32.378 -9.21618e-06
rclavicle -3.28989e-14 -1.46306e-14 1.95647e-30
rhumerus -48.5243 -25.8361 -54.913
rradius 82.4281 -0 0
rwrist -23.0765 0 0
rhand -47.7057 -63.3593 0.0925011
rfingers 7.12502 -0 0
rthumb -20.6912 165.578 2.74038
888
root 3.75254 16.5562 30.8986 -7.63276 27.1484 -1.80942
lfemur -20.0671 26.0165 -18.4898
ltibia 42.0501 -0 0
lfoot -14.0187 0.717753 0.00512149
ltoes -0.676292 0 0
rfemur -67.0589 -29.1746 26.5246
rtibia 109.991 -0 0
rfoot 19.2369 18.8587 0.0316342
rtoes -3.90255 0 0
lowerback 11.4266 -4.70709 -6.47798
upperback 3.43443 -6.98135 -1.7206
thorax -2.20608 -3.45849 2.6914
lowerneck -7.75499 -4.33166 0.861529
upperneck 5.19147 -6.25895 5.2155
head 3.19974 -2.88531 1.22594
lclavicle -4.2689e-14 -1.08139e-14 1.95647e-30
lhumerus -38.2835 -43.688 95.725
lradius 61.1308 -0 0
lwrist 14.9518 0 0
lhand 27.2905 11.8209 -7.42279e-06
lfingers 7.12502 -0 0
lthumb 51.2554 32.3587 -9.21618e-06
rclavicle -4.2689e-14 -1.08139e-14 1.95647e-30
rhumerus -48.3206 -24.3529 -57.2608
rradius 85.0805 -0 0
rwrist -22.7277 0 0
rhand -46.4719 -61.9267 0.0925011
rfingers 7.12502 -0 0
rthumb -18.8896 -159.031 2.74038
889
root 3.73536 16.5521 30.975 -6.97911 27.7378 -1.86189
lfemur -20.8903 27.0009 -18.5807
ltibia 42.3694 -0 0
lfoot -14.3114 0.383532 0.00341423
ltoes -0.528832 0 0
rfemur -63.7504 -29.6797 24.0136
rtibia 111.116 -0 0
rfoot 18.8847 17.1429 0.0210862
rtoes -3.96976 0 0
lowerback 10.7311 -4.80469 -6.54704
upperback 3.13668 -7.07989 -1.63978
thorax -2.11236 -3.50787 2.7727
lowerneck -7.72431 -4.56155 0.67868
upperneck 5.19366 -6.55152 5.2717
head 3.21122 -3.0325 1.26077
lclavicle -5.24792e-14 -6.99722e-15 1.30431e-30
lhumerus -39.6132 -44.1423 97.2695
lradius 61.4703 -0 0
lwrist 14.2658 0 0
lhand 27.3006 11.8068 -4.94853e-06
lfingers 7.12502 -0 0
lthumb 51.2645 32.3394 -6.14412e-06
rclavicle -5.24792e-14 -6.99722e-15 1.30431e-30
rhumerus -48.1853 -22.8634 -59.5764
rradius 87.733 -0 0
rwrist -22.3789 0 0
rhand -45.2383 -60.4945 0.0616562
rfingers 7.12502 -0 0
rthumb -17.4213 -123.668 1.69851
890
root 3.71818 16.5479 31.0514 -6.32248 28.3277 358.093
lfemur -21.7226 27.984 -18.6884
ltibia 42.6887 0 0
lfoot -14.604 0.0493379 0
ltoes -0.381373 0 0
rfemur -60.4049 -30.057 21.4621
rtibia 112.241 0 0
rfoot 18.5331 15.4272 0
rtoes -4.03696 0 0
lowerback 10.0357 -4.9031 -6.61491
upperback 2.83873 -7.178 -1.55844
thorax -2.0187 -3.55739 2.85392
lowerneck -7.69289 -4.79134 0.495652
upperneck 5.19557 -6.84408 5.32792
head 3.2226 -3.17971 1.29558
lclavicle -6.22693e-14 -3.18055e-15 0
lhumerus -40.9697 -44.5703 98.84
lradius 61.8099 0 0
lwrist 13.5798 0 0
lhand 27.3106 11.7927 0
lfingers 7.12502 0 0
lthumb 51.2736 32.3201 0
rclavicle -6.22693e-14 -3.18055e-15 0
rhumerus -48.1161 -21.3701 -61.8639
rradius 90.3854 0 0
rwrist -22.0301 0 0
rhand -44.006 -59.0633 0
rfingers 7.12502 0 0
rthumb -16.827 -808.354 0
891
root 3.67104 16.525 31.0867 -5.99034 27.711 -1.67148
lfemur -21.0377 27.531 -18.0957
ltibia 41.9407 -0 0
lfoot -14.934 -0.251829 0.0421246
ltoes -0.991933 0 0
rfemur -59.6343 -29.8195 20.6875
rtibia 110.92 -0 0
rfoot 17.8442 15.1012 0.0974491
rtoes -4.85395 0 0
lowerback 9.75738 -4.83726 -6.48019
upperback 2.75658 -7.05232 -1.67077
thorax -1.96753 -3.50203 2.64428
lowerneck -7.68033 -4.68108 0.552837
upperneck 5.13438 -6.69651 5.30009
head 3.19491 -3.10848 1.283
lclavicle -6.096e-14 -4.38137e-15 6.58598e-31
lhumerus -41.3394 -44.5797 99.101
lradius 61.6838 -0 0
lwrist 13.8278 0 0
lhand 27.5986 12.0443 0.0306227
lfingers 7.12502 -0 0
lthumb 51.5253 32.3445 0.00258281
rclavicle -6.096e-14 -4.38137e-15 6.58598e-31
rhumerus -47.4767 -20.4456 -60.9389
rradius 89.3953 -0 0
rwrist -21.9341 0 0
rhand -43.4579 -58.6425 0.0994497
rfingers 7.12502 -0 0
rthumb -16.2978 -87.9424 0.09377
892
root 3.6239 16.502 31.1219 -5.6629 27.093 -1.44128
lfemur -20.3609 27.0718 -17.5116
ltibia 41.1927 -0 0
lfoot -15.2642 -0.553233 0.0825134
ltoes -1.60249 0 0
rfemur -58.8693 -29.5731 19.9185
rtibia 109.599 -0 0
rfoot 17.1548 14.7741 0.19097
rtoes -5.67095 0 0
lowerback 9.47925 -4.77077 -6.3458
upperback 2.6742 -6.92681 -1.78325
thorax -1.91656 -3.44649 2.43469
lowerneck -7.66766 -4.57083 0.610036
upperneck 5.07314 -6.54897 5.27212
head 3.1672 -3.03726 1.27039
lclavicle -5.96506e-14 -5.58219e-15 1.28975e-30
lhumerus -41.7092 -44.5879 99.3622
lradius 61.5576 -0 0
lwrist 14.0759 0 0
lhand 27.8868 12.2961 0.0599799
lfingers 7.12502 -0 0
lthumb 51.777 32.3689 0.00505838
rclavicle -5.96506e-14 -5.58219e-15 1.28975e-30
rhumerus -46.8253 -19.5308 -60.0083
rradius 88.4052 -0 0
rwrist -21.8381 0 0
rhand -42.9092 -58.2208 0.194867
rfingers 7.12502 -0 0
rthumb -15.768 -87.5299 0.183732
893
root 3.57677 16.4791 31.1572 -5.34002 26.474 -1.21629
lfemur -19.6922 26.6065 -16.936
ltibia 40.4448 -0 0
lfoot -15.5946 -0.854865 0.121164
ltoes -2.21305 0 0
rfemur -58.11 -29.3178 19.1552
rtibia 108.278 -0 0
rfoot 16.4648 14.4459 0.280548
rtoes -6.48794 0 0
lowerback 9.2013 -4.70363 -6.21175
upperback 2.59159 -6.80145 -1.89589
thorax -1.8658 -3.39076 2.22517
lowerneck -7.65489 -4.46059 0.667252
upperneck 5.01184 -6.40146 5.24399
head 3.13948 -2.96605 1.25774
lclavicle -5.83413e-14 -6.78301e-15 1.89347e-30
lhumerus -42.0791 -44.5948 99.6235
lradius 61.4315 -0 0
lwrist 14.3239 0 0
lhand 28.1751 12.548 0.0880701
lfingers 7.12502 -0 0
lthumb 52.0287 32.3934 0.00742666
rclavicle -5.83413e-14 -6.78301e-15 1.89347e-30
rhumerus -46.1618 -18.6262 -59.072
rradius 87.4152 -0 0
rwrist -21.742 0 0
rhand -42.3597 -57.7982 0.286239
rfingers 7.12502 -0 0
rthumb -15.2376 -87.1166 0.269873
894
root 3.52963 16.4561 31.1925 -5.02155 25.8538 -0.996373
lfemur -19.0314 26.1353 -16.3688
ltibia 39.6968 -0 0
lfoot -15.9252 -1.15672 0.158074
ltoes -2.82361 0 0
rfemur -57.3566 -29.0537 18.3978
rtibia 106.958 -0 0
rfoot 15.7744 14.1166 0.366164
rtoes -7.30493 0 0
lowerback 8.92354 -4.63584 -6.07805
upperback 2.50876 -6.67626 -2.00868
thorax -1.81525 -3.33484 2.01571
lowerneck -7.642 -4.35037 0.724484
upperneck 4.95049 -6.25398 5.21571
head 3.11175 -2.89484 1.24506
lclavicle -5.70319e-14 -7.98384e-15 2.46974e-30
lhumerus -42.4491 -44.6006 99.8848
lradius 61.3054 -0 0
lwrist 14.572 0 0
lhand 28.4635 12.8001 0.114892
lfingers 7.12502 -0 0
lthumb 52.2804 32.4178 0.00968761
rclavicle -5.70319e-14 -7.98384e-15 2.46974e-30
rhumerus -45.4864 -17.732 -58.1295
rradius 86.4251 -0 0
rwrist -21.646 0 0
rhand -41.8096 -57.3747 0.373551
rfingers 7.12502 -0 0
rthumb -14.7065 -86.7025 0.352182
895
root 3.48249 16.4332 31.2277 -4.70736 25.2325 -0.781403
lfemur -18.3784 25.6583 -15.8099
ltibia 38.9488 -0 0
lfoot -16.256 -1.45878 0.193241
ltoes -3.43417 0 0
rfemur -56.6092 -28.781 17.6464
rtibia 105.637 -0 0
rfoot 15.0834 13.7863 0.447806
rtoes -8.12192 0 0
lowerback 8.64596 -4.56741 -5.94469
upperback 2.42571 -6.55123 -2.12162
thorax -1.76491 -3.27874 1.80631
lowerneck -7.62901 -4.24015 0.781732
upperneck 4.88908 -6.10653 5.18728
head 3.084 -2.82364 1.23234
lclavicle -5.57226e-14 -9.18466e-15 3.01857e-30
lhumerus -42.8192 -44.6052 100.146
lradius 61.1792 -0 0
lwrist 14.82 0 0
lhand 28.752 13.0523 0.140445
lfingers 7.12502 -0 0
lthumb 52.532 32.4422 0.0118412
rclavicle -5.57226e-14 -9.18466e-15 3.01857e-30
rhumerus -44.7989 -16.8484 -57.1807
rradius 85.435 -0 0
rwrist -21.55 0 0
rhand -41.2588 -56.9504 0.456791
rfingers 7.12502 -0 0
rthumb -14.1748 -86.2876 0.430647
896
root 3.43535 16.4103 31.263 -4.39732 24.6102 -0.571264
lfemur -17.7332 25.1756 -15.2593
ltibia 38.2008 -0 0
lfoot -16.5869 -1.76103 0.226664
ltoes -4.04473 0 0
rfemur -55.8679 -28.4998 16.9011
rtibia 104.316 -0 0
rfoot 14.392 13.4551 0.525457
rtoes -8.93892 0 0
lowerback 8.36857 -4.49833 -5.81167
upperback 2.34242 -6.42636 -2.23471
thorax -1.71477 -3.22246 1.59698
lowerneck -7.61591 -4.12996 0.838998
upperneck 4.82762 -5.95911 5.1587
head 3.05624 -2.75244 1.2196
lclavicle -5.44132e-14 -1.03855e-14 3.53996e-30
lhumerus -43.1893 -44.6086 100.408
lradius 61.0531 -0 0
lwrist 15.0681 0 0
lhand 29.0406 13.3046 0.164727
lfingers 7.12502 -0 0
lthumb 52.7837 32.4667 0.0138873
rclavicle -5.44132e-14 -1.03855e-14 3.53996e-30
rhumerus -44.0994 -15.9759 -56.2251
rradius 84.4449 -0 0
rwrist -21.454 0 0
rhand -40.7075 -56.5253 0.535947
rfingers 7.12502 -0 0
rthumb -13.6426 -85.8721 0.505258
897
root 3.38821 16.3873 31.2983 -4.0913 23.9869 -0.365843
lfemur -17.0957 24.6875 -14.7168
ltibia 37.4528 -0 0
lfoot -16.9181 -2.06348 0.258339
ltoes -4.65529 0 0
rfemur -55.1328 -28.2101 16.162
rtibia 102.995 -0 0
rfoot 13.7002 13.1229 0.599104
rtoes -9.75591 0 0
lowerback 8.09137 -4.42862 -5.679
upperback 2.25891 -6.30166 -2.34796
thorax -1.66485 -3.16599 1.3877
lowerneck -7.6027 -4.01977 0.89628
upperneck 4.7661 -5.81172 5.12997
head 3.02846 -2.68125 1.20681
lclavicle -5.31039e-14 -1.15863e-14 4.03391e-30
lhumerus -43.5594 -44.6107 100.669
lradius 60.9269 -0 0
lwrist 15.3161 0 0
lhand 29.3293 13.5571 0.187737
lfingers 7.12502 -0 0
lthumb 53.0354 32.4912 0.015826
rclavicle -5.31039e-14 -1.15863e-14 4.03391e-30
rhumerus -43.3878 -15.1148 -55.2626
rradius 83.4549 -0 0
rwrist -21.3579 0 0
rhand -40.1555 -56.0995 0.611006
rfingers 7.12502 -0 0
rthumb -13.1098 -85.4558 0.576004
898
root 3.34107 16.3644 31.3336 -3.78916 23.3626 -0.16503
lfemur -16.4658 24.1938 -14.1825
ltibia 36.7049 -0 0
lfoot -17.2494 -2.36611 0.288265
ltoes -5.26585 0 0
rfemur -54.404 -27.9122 15.4291
rtibia 101.674 -0 0
rfoot 13.0079 12.7899 0.668734
rtoes -10.5729 0 0
lowerback 7.81435 -4.35826 -5.54669
upperback 2.17517 -6.17712 -2.46137
thorax -1.61513 -3.10934 1.17849
lowerneck -7.58938 -3.9096 0.953581
upperneck 4.70452 -5.66436 5.10108
head 3.00067 -2.61006 1.194
lclavicle -5.17946e-14 -1.27871e-14 4.50042e-30
lhumerus -43.9296 -44.6117 100.931
lradius 60.8008 -0 0
lwrist 15.5641 0 0
lhand 29.6182 13.8096 0.209475
lfingers 7.12502 -0 0
lthumb 53.2871 32.5156 0.0176572
rclavicle -5.17946e-14 -1.27871e-14 4.50042e-30
rhumerus -42.6642 -14.2653 -54.2929
rradius 82.4648 -0 0
rwrist -21.2619 0 0
rhand -39.603 -55.673 0.681957
rfingers 7.12502 -0 0
rthumb -12.5766 -85.039 0.642874
899
root 3.29394 16.3414 31.3688 -3.49081 22.7373 0.0312812
lfemur -15.8433 23.6949 -13.6561
ltibia 35.9569 -0 0
lfoot -17.5809 -2.6689 0.316441
ltoes -5.87641 0 0
rfemur -53.6816 -27.6061 14.7026
rtibia 100.353 -0 0
rfoot 12.3152 12.456 0.734333
rtoes -11.3899 0 0
lowerback 7.53753 -4.28727 -5.41473
upperback 2.0912 -6.05274 -2.57493
thorax -1.56562 -3.05252 0.969331
lowerneck -7.57595 -3.79944 1.0109
upperneck 4.64288 -5.51703 5.07205
head 2.97286 -2.53889 1.18115
lclavicle -5.04852e-14 -1.39879e-14 4.93948e-30
lhumerus -44.2998 -44.6114 101.192
lradius 60.6747 -0 0
lwrist 15.8122 0 0
lhand 29.9071 14.0623 0.229939
lfingers 7.12502 -0 0
lthumb 53.5388 32.5401 0.0193809
rclavicle -5.04852e-14 -1.39879e-14 4.93948e-30
rhumerus -41.9286 -13.4279 -53.3157
rradius 81.4747 -0 0
rwrist -21.1659 0 0
rhand -39.05 -55.2458 0.748791
rfingers 7.12502 -0 0
rthumb -12.0428 -84.6215 0.70586
900
root 3.2468 16.3185 31.4041 -3.1961 22.1111 0.223193
lfemur -15.2282 23.1909 -13.1377
ltibia 35.2089 -0 0
lfoot -17.9125 -2.97185 0.342864
ltoes -6.48697 0 0
rfemur -52.9657 -27.292 13.9826
rtibia 99.0323 -0 0
rfoot 11.6221 12.1214 0.795891
rtoes -12.2069 0 0
lowerback 7.26089 -4.21565 -5.28313
upperback 2.007 -5.92854 -2.68865
thorax -1.51633 -2.99551 0.760237
lowerneck -7.56242 -3.68929 1.06824
upperneck 4.58118 -5.36973 5.04286
head 2.94504 -2.46772 1.16826
lclavicle -4.91759e-14 -1.51888e-14 5.3511e-30
lhumerus -44.6699 -44.61 101.454
lradius 60.5485 -0 0
lwrist 16.0602 0 0
lhand 30.1961 14.315 0.249129
lfingers 7.12502 -0 0
lthumb 53.7905 32.5646 0.020997
rclavicle -4.91759e-14 -1.51888e-14 5.3511e-30
rhumerus -41.1808 -12.6028 -52.3309
rradius 80.4846 -0 0
rwrist -21.0699 0 0
rhand -38.4965 -54.8179 0.811497
rfingers 7.12502 -0 0
rthumb -11.5087 -84.2034 0.764953
901
root 3.19966 16.2956 31.4394 -2.90494 21.484 0.410803
lfemur -14.6203 22.6818 -12.6272
ltibia 34.4609 -0 0
lfoot -18.2442 -3.27496 0.367533
ltoes -7.09753 0 0
rfemur -52.2562 -26.97 13.2691
rtibia 97.7114 -0 0
rfoot 10.9287 11.786 0.853396
rtoes -13.0239 0 0
lowerback 6.98445 -4.14339 -5.15189
upperback 1.92257 -5.80449 -2.80253
thorax -1.46724 -2.93832 0.551202
lowerneck -7.54877 -3.57916 1.12559
upperneck 4.51942 -5.22247 5.01352
head 2.91721 -2.39655 1.15535
lclavicle -4.78665e-14 -1.63896e-14 5.73529e-30
lhumerus -45.0401 -44.6074 101.715
lradius 60.4224 -0 0
lwrist 16.3083 0 0
lhand 30.4852 14.5679 0.267043
lfingers 7.12502 -0 0
lthumb 54.0422 32.5891 0.0225055
rclavicle -4.78665e-14 -1.63896e-14 5.73529e-30
rhumerus -40.4211 -11.7904 -51.3382
rradius 79.4945 -0 0
rwrist -20.9739 0 0
rhand -37.9425 -54.3895 0.870065
rfingers 7.12502 -0 0
rthumb -10.974 -83.7848 0.820145
902
root 3.15252 16.2726 31.4746 -2.61721 20.856 0.594207
lfemur -14.0197 22.1677 -12.1243
ltibia 33.7129 -0 0
lfoot -18.5761 -3.5782 0.390446
ltoes -7.70809 0 0
rfemur -51.5534 -26.6401 12.5621
rtibia 96.3905 -0 0
rfoot 10.2349 11.45 0.906838
rtoes -13.8409 0 0
lowerback 6.7082 -4.0705 -5.02101
upperback 1.83792 -5.68062 -2.91657
thorax -1.41837 -2.88096 0.342227
lowerneck -7.53502 -3.46904 1.18297
upperneck 4.4576 -5.07523 4.98403
head 2.88936 -2.32539 1.1424
lclavicle -4.65572e-14 -1.75904e-14 6.09203e-30
lhumerus -45.4102 -44.6035 101.977
lradius 60.2963 -0 0
lwrist 16.5563 0 0
lhand 30.7744 14.8208 0.283682
lfingers 7.12502 -0 0
lthumb 54.2939 32.6136 0.0239064
rclavicle -4.65572e-14 -1.75904e-14 6.09203e-30
rhumerus -39.6492 -10.991 -50.3375
rradius 78.5045 -0 0
rwrist -20.8778 0 0
rhand -37.3881 -53.9605 0.924487
rfingers 7.12502 -0 0
rthumb -10.439 -83.3657 0.871427
903
root 3.10538 16.2497 31.5099 -2.33281 20.2272 0.773495
lfemur -13.426 21.6489 -11.6291
ltibia 32.9649 -0 0
lfoot -18.9081 -3.88156 0.411602
ltoes -8.31865 0 0
rfemur -50.8571 -26.3026 11.8617
rtibia 95.0696 -0 0
rfoot 9.54084 11.1133 0.956206
rtoes -14.6579 0 0
lowerback 6.43214 -3.99698 -4.8905
upperback 1.75303 -5.55691 -3.03076
thorax -1.36971 -2.82341 0.133312
lowerneck -7.52116 -3.35894 1.24037
upperneck 4.39571 -4.92803 4.95438
head 2.8615 -2.25424 1.12941
lclavicle -4.52479e-14 -1.87912e-14 6.42133e-30
lhumerus -45.7802 -44.5985 102.238
lradius 60.1701 -0 0
lwrist 16.8044 0 0
lhand 31.0636 15.0739 0.299043
lfingers 7.12502 -0 0
lthumb 54.5456 32.6381 0.0251996
rclavicle -4.52479e-14 -1.87912e-14 6.42133e-30
rhumerus -38.8653 -10.2051 -49.3284
rradius 77.5144 -0 0
rwrist -20.7818 0 0
rhand -36.8333 -53.531 0.974754
rfingers 7.12502 -0 0
rthumb -9.90364 -82.9461 0.918793
904
root 3.05825 16.2267 31.5452 -2.05162 19.5976 0.948757
lfemur -12.8393 21.1253 -11.1415
ltibia 32.217 -0 0
lfoot -19.2402 -4.18505 0.431
ltoes -8.92921 0 0
rfemur -50.1676 -25.9575 11.168
rtibia 93.7488 -0 0
rfoot 8.84647 10.7761 1.00149
rtoes -15.4749 0 0
lowerback 6.15627 -3.92283 -4.76035
upperback 1.66792 -5.43337 -3.14512
thorax -1.32126 -2.76569 -0.0755446
lowerneck -7.50719 -3.24885 1.29778
upperneck 4.33377 -4.78086 4.92458
head 2.83362 -2.18309 1.11639
lclavicle -4.39385e-14 -1.99921e-14 6.72318e-30
lhumerus -46.1502 -44.5922 102.499
lradius 60.044 -0 0
lwrist 17.0524 0 0
lhand 31.3529 15.327 0.313126
lfingers 7.12502 -0 0
lthumb 54.7973 32.6626 0.0263851
rclavicle -4.39385e-14 -1.99921e-14 6.72318e-30
rhumerus -38.0693 -9.43285 -48.311
rradius 76.5243 -0 0
rwrist -20.6858 0 0
rhand -36.2781 -53.101 1.02086
rfingers 7.12502 -0 0
rthumb -9.36792 -82.5261 0.962235
905
root 3.01111 16.2038 31.5804 -1.77355 18.9671 1.12008
lfemur -12.2595 20.5972 -10.6613
ltibia 31.469 -0 0
lfoot -19.5724 -4.48865 0.448638
ltoes -9.53977 0 0
rfemur -49.4847 -25.605 10.481
rtibia 92.4279 -0 0
rfoot 8.15184 10.4383 1.04269
rtoes -16.2918 0 0
lowerback 5.8806 -3.84807 -4.63058
upperback 1.58257 -5.31 -3.25964
thorax -1.27303 -2.7078 -0.284342
lowerneck -7.49311 -3.13877 1.35522
upperneck 4.27176 -4.63372 4.89463
head 2.80573 -2.11195 1.10334
lclavicle -4.26292e-14 -2.11929e-14 6.9976e-30
lhumerus -46.52 -44.5848 102.761
lradius 59.9178 -0 0
lwrist 17.3004 0 0
lhand 31.6423 15.5801 0.325931
lfingers 7.12502 -0 0
lthumb 55.049 32.6872 0.027463
rclavicle -4.26292e-14 -2.11929e-14 6.9976e-30
rhumerus -37.2612 -8.67474 -47.2849
rradius 75.5342 -0 0
rwrist -20.5898 0 0
rhand -35.7226 -52.6706 1.0628
rfingers 7.12502 -0 0
rthumb -8.83189 -82.1057 1.00175
906
root 2.96397 16.1808 31.6157 -1.4985 18.3359 1.28753
lfemur -11.6863 20.0645 -10.1885
ltibia 30.721 -0 0
lfoot -19.9046 -4.79234 0.464516
ltoes -10.1503 0 0
rfemur -48.8086 -25.2452 9.80073
rtibia 91.107 -0 0
rfoot 7.45698 10.1 1.07979
rtoes -17.1088 0 0
lowerback 5.60513 -3.77268 -4.50118
upperback 1.49699 -5.18681 -3.37431
thorax -1.22501 -2.64972 -0.49308
lowerneck -7.47892 -3.02871 1.41268
upperneck 4.20968 -4.48662 4.86453
head 2.77782 -2.04082 1.09025
lclavicle -4.13198e-14 -2.23937e-14 7.24457e-30
lhumerus -46.8898 -44.5761 103.022
lradius 59.7917 -0 0
lwrist 17.5485 0 0
lhand 31.9317 15.8334 0.337458
lfingers 7.12502 -0 0
lthumb 55.3007 32.7117 0.0284331
rclavicle -4.13198e-14 -2.23937e-14 7.24457e-30
rhumerus -36.4411 -7.9311 -46.2501
rradius 74.5442 -0 0
rwrist -20.4937 0 0
rhand -35.1668 -52.2398 1.10056
rfingers 7.12502 -0 0
rthumb -8.29558 -81.685 1.03733
907
root 2.91683 16.1579 31.651 -1.22637 17.704 1.45121
lfemur -11.1198 19.5275 -9.72289
ltibia 29.973 -0 0
lfoot -20.237 -5.09612 0.478631
ltoes -10.7609 0 0
rfemur -48.1392 -24.8781 9.12719
rtibia 89.7862 -0 0
rfoot 6.76189 9.76136 1.11278
rtoes -17.9258 0 0
lowerback 5.32984 -3.69667 -4.37216
upperback 1.41119 -5.06378 -3.48916
thorax -1.1772 -2.59148 -0.70176
lowerneck -7.46462 -2.91866 1.47016
upperneck 4.14754 -4.33955 4.83427
head 2.7499 -1.96969 1.07713
lclavicle -4.00105e-14 -2.35945e-14 7.46411e-30
lhumerus -47.2595 -44.5663 103.283
lradius 59.6656 -0 0
lwrist 17.7965 0 0
lhand 32.2212 16.0867 0.347705
lfingers 7.12502 -0 0
lthumb 55.5524 32.7362 0.0292954
rclavicle -4.00105e-14 -2.35945e-14 7.46411e-30
rhumerus -35.6091 -7.20231 -45.2065
rradius 73.5541 -0 0
rwrist -20.3977 0 0
rhand -34.6107 -51.8087 1.13414
rfingers 7.12502 -0 0
rthumb -7.75902 -81.2639 1.06896
908
root 2.86969 16.135 31.6862 -0.957069 17.0713 1.61118
lfemur -10.5598 18.9862 -9.26448
ltibia 29.225 -0 0
lfoot -20.5694 -5.39998 0.490985
ltoes -11.3714 0 0
rfemur -47.4766 -24.504 8.4604
rtibia 88.4653 -0 0
rfoot 6.06662 9.4223 1.14166
rtoes -18.7428 0 0
lowerback 5.05476 -3.62004 -4.24351
upperback 1.32515 -4.94092 -3.60416
thorax -1.12961 -2.53306 -0.910382
lowerneck -7.45021 -2.80863 1.52766
upperneck 4.08534 -4.19251 4.80385
head 2.72196 -1.89857 1.06397
lclavicle -3.87011e-14 -2.47953e-14 7.6562e-30
lhumerus -47.629 -44.5552 103.544
lradius 59.5394 -0 0
lwrist 18.0446 0 0
lhand 32.5107 16.34 0.356672
lfingers 7.12502 -0 0
lthumb 55.8041 32.7607 0.03005
rclavicle -3.87011e-14 -2.47953e-14 7.6562e-30
rhumerus -34.765 -6.48872 -44.1539
rradius 72.564 -0 0
rwrist -20.3017 0 0
rhand -34.0543 -51.3772 1.16353
rfingers 7.12502 -0 0
rthumb -7.22223 -80.8426 1.09666
909
root 2.82255 16.112 31.7215 -0.690506 16.4379 1.76752
lfemur -10.0061 18.4407 -8.81315
ltibia 28.4771 -0 0
lfoot -20.9019 -5.7039 0.501574
ltoes -11.982 0 0
rfemur -46.8208 -24.123 7.80037
rtibia 87.1444 -0 0
rfoot 5.37118 9.08291 1.16643
rtoes -19.5598 0 0
lowerback 4.77987 -3.5428 -4.11525
upperback 1.23888 -4.81824 -3.71933
thorax -1.08223 -2.47447 -1.11895
lowerneck -7.43569 -2.69861 1.58518
upperneck 4.02306 -4.0455 4.77329
head 2.694 -1.82745 1.05078
lclavicle -3.73918e-14 -2.59962e-14 7.82085e-30
lhumerus -47.9984 -44.543 103.804
lradius 59.4133 -0 0
lwrist 18.2926 0 0
lhand 32.8003 16.5934 0.364358
lfingers 7.12502 -0 0
lthumb 56.0558 32.7853 0.0306969
rclavicle -3.73918e-14 -2.59962e-14 7.82085e-30
rhumerus -33.909 -5.79072 -43.0922
rradius 71.5739 -0 0
rwrist -20.2057 0 0
rhand -33.4978 -50.9455 1.18873
rfingers 7.12502 -0 0
rthumb -6.68524 -80.421 1.1204
910
root 2.77542 16.0891 31.7568 -0.42659 15.8038 1.92029
lfemur -9.45869 17.8911 -8.36879
ltibia 27.7291 -0 0
lfoot -21.2345 -6.00789 0.5104
ltoes -12.5926 0 0
rfemur -46.1718 -23.7352 7.14712
rtibia 85.8235 -0 0
rfoot 4.67561 8.74325 1.18707
rtoes -20.3768 0 0
lowerback 4.50517 -3.46494 -3.98737
upperback 1.15238 -4.69573 -3.83466
thorax -1.03507 -2.4157 -1.32745
lowerneck -7.42107 -2.5886 1.64273
upperneck 3.96072 -3.89852 4.74256
head 2.66603 -1.75635 1.03756
lclavicle -3.60825e-14 -2.7197e-14 7.95805e-30
lhumerus -48.3676 -44.5295 104.065
lradius 59.2872 -0 0
lwrist 18.5407 0 0
lhand 33.0898 16.8468 0.370765
lfingers 7.12502 -0 0
lthumb 56.3075 32.8098 0.0312359
rclavicle -3.60825e-14 -2.7197e-14 7.95805e-30
rhumerus -33.0412 -5.10867 -42.0214
rradius 70.5838 -0 0
rwrist -20.1097 0 0
rhand -32.9411 -50.5135 1.20974
rfingers 7.12502 -0 0
rthumb -6.1481 -79.9992 1.14019
911
root 2.72828 16.0661 31.7921 -0.165236 15.1691 2.06957
lfemur -8.91744 17.3376 -7.9313
ltibia 26.9811 -0 0
lfoot -21.5671 -6.31191 0.517462
ltoes -13.2031 0 0
rfemur -45.5296 -23.3406 6.50063
rtibia 84.5027 -0 0
rfoot 3.97991 8.40335 1.20359
rtoes -21.1938 0 0
lowerback 4.23067 -3.38648 -3.85987
upperback 1.06564 -4.57339 -3.95016
thorax -0.988128 -2.35677 -1.5359
lowerneck -7.40633 -2.47861 1.7003
upperneck 3.89831 -3.75158 4.71169
head 2.63805 -1.68525 1.0243
lclavicle -3.47731e-14 -2.83978e-14 8.06782e-30
lhumerus -48.7366 -44.5149 104.325
lradius 59.161 -0 0
lwrist 18.7887 0 0
lhand 33.3795 17.1002 0.37589
lfingers 7.12502 -0 0
lthumb 56.5592 32.8344 0.0316672
rclavicle -3.47731e-14 -2.83978e-14 8.06782e-30
rhumerus -32.1616 -4.44296 -40.9415
rradius 69.5938 -0 0
rwrist -20.0136 0 0
rhand -32.3842 -50.0814 1.22655
rfingers 7.12502 -0 0
rthumb -5.61082 -79.5772 1.15603
912
root 2.68114 16.0432 31.8273 0.0936421 14.5337 2.21541
lfemur -8.38223 16.7801 -7.5006
ltibia 26.2331 -0 0
lfoot -21.8997 -6.61598 0.522758
ltoes -13.8137 0 0
rfemur -44.8942 -22.9395 5.8609
rtibia 83.1818 -0 0
rfoot 3.28413 8.06328 1.21599
rtoes -22.0108 0 0
lowerback 3.95638 -3.3074 -3.73276
upperback 0.978678 -4.45123 -4.06583
thorax -0.941401 -2.29766 -1.74429
lowerneck -7.39149 -2.36864 1.75789
upperneck 3.83584 -3.60468 4.68065
head 2.61005 -1.61415 1.01101
lclavicle -3.34638e-14 -2.95986e-14 8.15014e-30
lhumerus -49.1055 -44.4991 104.585
lradius 59.0349 -0 0
lwrist 19.0367 0 0
lhand 33.6691 17.3537 0.379734
lfingers 7.12502 -0 0
lthumb 56.8109 32.8589 0.0319906
rclavicle -3.34638e-14 -2.95986e-14 8.15014e-30
rhumerus -31.2703 -3.79396 -39.8523
rradius 68.6037 -0 0
rwrist -19.9176 0 0
rhand -31.8272 -49.6491 1.23916
rfingers 7.12502 -0 0
rthumb -5.07343 -79.1551 1.16791
913
root 2.634 16.0203 31.8626 0.350127 13.8977 2.35789
lfemur -7.85294 16.2189 -7.07658
ltibia 25.4851 -0 0
lfoot -22.2324 -6.92007 0.526289
ltoes -14.4242 0 0
rfemur -44.2655 -22.5318 5.22792
rtibia 81.8609 -0 0
rfoot 2.58828 7.72308 1.22425
rtoes -22.8278 0 0
lowerback 3.68227 -3.22772 -3.60605
upperback 0.891479 -4.32924 -4.18166
thorax -0.894891 -2.23839 -1.95263
lowerneck -7.37653 -2.25868 1.81551
upperneck 3.77329 -3.45781 4.64947
head 2.58204 -1.54306 0.99768
lclavicle -3.21544e-14 -3.07994e-14 8.20503e-30
lhumerus -49.4741 -44.482 104.845
lradius 58.9088 -0 0
lwrist 19.2848 0 0
lhand 33.9587 17.6072 0.382297
lfingers 7.12502 -0 0
lthumb 57.0626 32.8834 0.0322063
rclavicle -3.21544e-14 -3.07994e-14 8.20503e-30
rhumerus -30.3675 -3.16205 -38.7538
rradius 67.6136 -0 0
rwrist -19.8216 0 0
rhand -31.2701 -49.2167 1.24757
rfingers 7.12502 -0 0
rthumb -4.53597 -78.7329 1.17583
914
root 2.58686 15.9973 31.8979 0.604298 13.2611 2.49706
lfemur -7.32947 15.6539 -6.65915
ltibia 24.7372 -0 0
lfoot -22.565 -7.22418 0.528055
ltoes -15.0348 0 0
rfemur -43.6435 -22.1179 4.60166
rtibia 80.54 -0 0
rfoot 1.8924 7.38281 1.22838
rtoes -23.6448 0 0
lowerback 3.40837 -3.14743 -3.47972
upperback 0.804046 -4.20743 -4.29766
thorax -0.848599 -2.17895 -2.1609
lowerneck -7.36147 -2.14873 1.87315
upperneck 3.71067 -3.31097 4.61812
head 2.554 -1.47198 0.984318
lclavicle -3.08451e-14 -3.20003e-14 8.23247e-30
lhumerus -49.8425 -44.4638 105.105
lradius 58.7826 -0 0
lwrist 19.5328 0 0
lhand 34.2484 17.8607 0.383579
lfingers 7.12502 -0 0
lthumb 57.3143 32.908 0.0323141
rclavicle -3.08451e-14 -3.20003e-14 8.23247e-30
rhumerus -29.4531 -2.5476 -37.6461
rradius 66.6235 -0 0
rwrist -19.7256 0 0
rhand -30.713 -48.7842 1.25177
rfingers 7.12502 -0 0
rthumb -3.99847 -78.3106 1.17979
915
root 2.53973 15.9744 31.9331 0.856236 12.6238 2.63298
lfemur -6.81169 15.0853 -6.24822
ltibia 23.9892 -0 0
lfoot -22.8977 -7.52829 0.528055
ltoes -15.6454 0 0
rfemur -43.0283 -21.6977 3.9821
rtibia 79.2192 -0 0
rfoot 1.1965 7.04251 1.22838
rtoes -24.4618 0 0
lowerback 3.13467 -3.06655 -3.35379
upperback 0.71638 -4.0858 -4.41383
thorax -0.802525 -2.11934 -2.36913
lowerneck -7.3463 -2.0388 1.93082
upperneck 3.64798 -3.16416 4.58662
head 2.52596 -1.4009 0.970923
lclavicle -2.95358e-14 -3.32011e-14 8.23247e-30
lhumerus -50.2107 -44.4444 105.364
lradius 58.6565 -0 0
lwrist 19.7809 0 0
lhand 34.538 18.1141 0.383579
lfingers 7.12502 -0 0
lthumb 57.566 32.9325 0.0323141
rclavicle -2.95358e-14 -3.32011e-14 8.23247e-30
rhumerus -28.5274 -1.951 -36.5293
rradius 65.6335 -0 0
rwrist -19.6295 0 0
rhand -30.1559 -48.3518 1.25177
rfingers 7.12502 -0 0
rthumb -3.46094 -77.8884 1.17979
916
root 2.49259 15.9514 31.9684 1.10602 11.9861 2.76571
lfemur -6.2995 14.5132 -5.84369
ltibia 23.2412 -0 0
lfoot -23.2303 -7.83239 0.526289
ltoes -16.2559 0 0
rfemur -42.4198 -21.2714 3.36922
rtibia 77.8983 -0 0
rfoot 0.500616 6.70224 1.22425
rtoes -25.2788 0 0
lowerback 2.86116 -2.98506 -3.22826
upperback 0.62848 -3.96435 -4.53017
thorax -0.756671 -2.05956 -2.57729
lowerneck -7.33101 -1.92889 1.98851
upperneck 3.58522 -3.01739 4.55497
head 2.4979 -1.32983 0.957493
lclavicle -2.82264e-14 -3.44019e-14 8.20503e-30
lhumerus -50.5786 -44.4238 105.623
lradius 58.5303 -0 0
lwrist 20.0289 0 0
lhand 34.8277 18.3676 0.382297
lfingers 7.12502 -0 0
lthumb 57.8177 32.9571 0.0322063
rclavicle -2.82264e-14 -3.44019e-14 8.20503e-30
rhumerus -27.5906 -1.37261 -35.4032
rradius 64.6434 -0 0
rwrist -19.5335 0 0
rhand -29.5988 -47.9193 1.24757
rfingers 7.12502 -0 0
rthumb -2.92344 -77.4661 1.17583
917
root 2.44545 15.9285 32.0037 1.35372 11.3477 2.89529
lfemur -5.79278 13.9377 -5.44547
ltibia 22.4932 -0 0
lfoot -23.563 -8.13648 0.522758
ltoes -16.8665 0 0
rfemur -41.818 -20.8391 2.76299
rtibia 76.5774 -0 0
rfoot -0.19523 6.36204 1.21599
rtoes -26.0958 0 0
lowerback 2.58786 -2.90298 -3.10313
upperback 0.540346 -3.84307 -4.64667
thorax -0.711035 -1.99961 -2.7854
lowerneck -7.31562 -1.81899 2.04623
upperneck 3.52239 -2.87066 4.52315
head 2.46982 -1.25877 0.944028
lclavicle -2.69171e-14 -3.56027e-14 8.15014e-30
lhumerus -50.9462 -44.402 105.882
lradius 58.4042 -0 0
lwrist 20.277 0 0
lhand 35.1173 18.6211 0.379734
lfingers 7.12502 -0 0
lthumb 58.0694 32.9816 0.0319906
rclavicle -2.69171e-14 -3.56027e-14 8.15014e-30
rhumerus -26.6427 -0.812818 -34.2681
rradius 63.6533 -0 0
rwrist -19.4375 0 0
rhand -29.0417 -47.4869 1.23916
rfingers 7.12502 -0 0
rthumb -2.38598 -77.0439 1.16791
918
root 2.39831 15.9056 32.0389 1.59941 10.7088 3.02179
lfemur -5.29143 13.3587 -5.05348
ltibia 21.7452 -0 0
lfoot -23.8956 -8.44055 0.517462
ltoes -17.477 0 0
rfemur -41.2227 -20.4009 2.16336
rtibia 75.2565 -0 0
rfoot -0.891013 6.02197 1.20359
rtoes -26.9128 0 0
lowerback 2.31475 -2.8203 -2.97841
upperback 0.451977 -3.72197 -4.76335
thorax -0.66562 -1.9395 -2.99346
lowerneck -7.30012 -1.70911 2.10398
upperneck 3.45948 -2.72396 4.49118
head 2.44172 -1.18772 0.930529
lclavicle -2.56077e-14 -3.68036e-14 8.06782e-30
lhumerus -51.3136 -44.379 106.141
lradius 58.2781 -0 0
lwrist 20.525 0 0
lhand 35.4069 18.8746 0.37589
lfingers 7.12502 -0 0
lthumb 58.3211 33.0061 0.0316672
rclavicle -2.56077e-14 -3.68036e-14 8.06782e-30
rhumerus -25.684 -0.271983 -33.124
rradius 62.6632 -0 0
rwrist -19.3415 0 0
rhand -28.4847 -47.0546 1.22655
rfingers 7.12502 -0 0
rthumb -1.84859 -76.6218 1.15603
919
root 2.35117 15.8826 32.0742 1.84317 10.0694 3.14524
lfemur -4.79532 12.7765 -4.66761
ltibia 20.9973 -0 0
lfoot -24.2282 -8.74458 0.5104
ltoes -18.0876 0 0
rfemur -40.6341 -19.957 1.5703
rtibia 73.9357 -0 0
rfoot -1.58671 5.68207 1.18707
rtoes -27.7297 0 0
lowerback 2.04185 -2.73703 -2.85408
upperback 0.363373 -3.60105 -4.8802
thorax -0.620424 -1.87923 -3.20146
lowerneck -7.2845 -1.59924 2.16175
upperneck 3.3965 -2.57729 4.45905
head 2.41361 -1.11667 0.916996
lclavicle -2.42984e-14 -3.80044e-14 7.95805e-30
lhumerus -51.6807 -44.3549 106.399
lradius 58.1519 -0 0
lwrist 20.773 0 0
lhand 35.6966 19.128 0.370765
lfingers 7.12502 -0 0
lthumb 58.5728 33.0307 0.0312359
rclavicle -2.42984e-14 -3.80044e-14 7.95805e-30
rhumerus -24.7147 0.249527 -31.9709
rradius 61.6732 -0 0
rwrist -19.2454 0 0
rhand -27.9278 -46.6225 1.20974
rfingers 7.12502 -0 0
rthumb -1.31131 -76.1998 1.14019
920
root 2.30404 15.8597 32.1095 2.08506 9.42948 3.26569
lfemur -4.30436 12.191 -4.28779
ltibia 20.2493 -0 0
lfoot -24.5608 -9.04856 0.501574
ltoes -18.6982 0 0
rfemur -40.052 -19.5073 0.983767
rtibia 72.6148 -0 0
rfoot -2.28228 5.34241 1.16643
rtoes -28.5467 0 0
lowerback 1.76914 -2.65316 -2.73017
upperback 0.274534 -3.48031 -4.99722
thorax -0.57545 -1.81879 -3.4094
lowerneck -7.26878 -1.48939 2.21954
upperneck 3.33344 -2.43066 4.42677
head 2.38549 -1.04562 0.903428
lclavicle -2.2989e-14 -3.92052e-14 7.82085e-30
lhumerus -52.0474 -44.3295 106.657
lradius 58.0258 -0 0
lwrist 21.0211 0 0
lhand 35.9861 19.3814 0.364358
lfingers 7.12502 -0 0
lthumb 58.8245 33.0552 0.0306969
rclavicle -2.2989e-14 -3.92052e-14 7.82085e-30
rhumerus -23.735 0.751351 -30.8092
rradius 60.6831 -0 0
rwrist -19.1494 0 0
rhand -27.3711 -46.1905 1.18873
rfingers 7.12502 -0 0
rthumb -0.774166 -75.778 1.1204
921
root 2.2569 15.8367 32.1448 2.32516 8.78906 3.3832
lfemur -3.81843 11.6024 -3.91391
ltibia 19.5013 -0 0
lfoot -24.8933 -9.35248 0.490985
ltoes -19.3087 0 0
rfemur -39.4765 -19.0521 0.403715
rtibia 71.2939 -0 0
rfoot -2.97772 5.00302 1.14166
rtoes -29.3637 0 0
lowerback 1.49664 -2.56871 -2.60666
upperback 0.185459 -3.35976 -5.11441
thorax -0.530696 -1.75819 -3.61729
lowerneck -7.25295 -1.37955 2.27737
upperneck 3.2703 -2.28407 4.39432
head 2.35734 -0.974588 0.889825
lclavicle -2.16797e-14 -4.0406e-14 7.6562e-30
lhumerus -52.4138 -44.303 106.915
lradius 57.8997 -0 0
lwrist 21.2691 0 0
lhand 36.2757 19.6348 0.356672
lfingers 7.12502 -0 0
lthumb 59.0762 33.0798 0.03005
rclavicle -2.16797e-14 -4.0406e-14 7.6562e-30
rhumerus -22.7453 1.23314 -29.6388
rradius 59.693 -0 0
rwrist -19.0534 0 0
rhand -26.8146 -45.7588 1.16353
rfingers 7.12502 -0 0
rthumb -0.237183 -75.3564 1.09666
922
root 2.20976 15.8138 32.18 2.56353 8.14817 3.49779
lfemur -3.33742 11.0107 -3.54591
ltibia 18.7533 -0 0
lfoot -25.2257 -9.65634 0.478631
ltoes -19.9193 0 0
rfemur -38.9074 -18.5915 -0.169906
rtibia 69.973 -0 0
rfoot -3.67299 4.66396 1.11278
rtoes -30.1807 0 0
lowerback 1.22433 -2.48368 -2.48357
upperback 0.0961476 -3.23939 -5.23178
thorax -0.486165 -1.69743 -3.82513
lowerneck -7.23701 -1.26973 2.33522
upperneck 3.20709 -2.13751 4.36172
head 2.32919 -0.903559 0.876188
lclavicle -2.03704e-14 -4.16068e-14 7.46411e-30
lhumerus -52.7799 -44.2753 107.172
lradius 57.7735 -0 0
lwrist 21.5172 0 0
lhand 36.5652 19.8881 0.347705
lfingers 7.12502 -0 0
lthumb 59.3279 33.1043 0.0292954
rclavicle -2.03704e-14 -4.16068e-14 7.46411e-30
rhumerus -21.7456 1.69453 -28.4601
rradius 58.7029 -0 0
rwrist -18.9574 0 0
rhand -26.2582 -45.3273 1.13414
rfingers 7.12502 -0 0
rthumb 0.299605 -74.9351 1.06896
923
root 2.16262 15.7909 32.2153 2.80024 7.50681 3.60952
lfemur -2.86122 10.4161 -3.18369
ltibia 18.0053 -0 0
lfoot -25.5581 -9.96012 0.464516
ltoes -20.5298 0 0
rfemur -38.3446 -18.1256 -0.737148
rtibia 68.6522 -0 0
rfoot -4.36808 4.32528 1.07979
rtoes -30.9977 0 0
lowerback 0.952232 -2.39806 -2.36088
upperback 0.00660035 -3.11919 -5.34932
thorax -0.441855 -1.63651 -4.03291
lowerneck -7.22095 -1.15993 2.3931
upperneck 3.1438 -1.99099 4.32896
head 2.30101 -0.832537 0.862516
lclavicle -1.9061e-14 -4.28077e-14 7.24457e-30
lhumerus -53.1457 -44.2464 107.429
lradius 57.6474 -0 0
lwrist 21.7652 0 0
lhand 36.8547 20.1414 0.337458
lfingers 7.12502 -0 0
lthumb 59.5796 33.1288 0.0284331
rclavicle -1.9061e-14 -4.28077e-14 7.24457e-30
rhumerus -20.7364 2.1352 -27.2731
rradius 57.7128 -0 0
rwrist -18.8614 0 0
rhand -25.7021 -44.8962 1.10056
rfingers 7.12502 -0 0
rthumb 0.83617 -74.514 1.03733
924
root 2.11548 15.7679 32.2506 3.03536 6.865 3.71843
lfemur -2.38973 9.81849 -2.82717
ltibia 17.2573 -0 0
lfoot -25.8903 -10.2638 0.448638
ltoes -21.1404 0 0
rfemur -37.7883 -17.6544 -1.29806
rtibia 67.3313 -0 0
rfoot -5.06294 3.98703 1.04269
rtoes -31.8147 0 0
lowerback 0.68033 -2.31186 -2.23862
upperback -0.0831836 -2.99919 -5.46704
thorax -0.397768 -1.57543 -4.24064
lowerneck -7.20479 -1.05014 2.45101
upperneck 3.08044 -1.8445 4.29604
head 2.27282 -0.761521 0.848809
lclavicle -1.77517e-14 -4.40085e-14 6.9976e-30
lhumerus -53.5111 -44.2164 107.685
lradius 57.5213 -0 0
lwrist 22.0133 0 0
lhand 37.1441 20.3947 0.325931
lfingers 7.12502 -0 0
lthumb 59.8313 33.1533 0.027463
rclavicle -1.77517e-14 -4.40085e-14 6.9976e-30
rhumerus -19.718 2.55481 -26.0782
rradius 56.7228 -0 0
rwrist -18.7653 0 0
rhand -25.1463 -44.4654 1.0628
rfingers 7.12502 -0 0
rthumb 1.37248 -74.0933 1.00175
925
root 2.06834 15.745 32.2858 3.26895 6.22276 3.82454
lfemur -1.92285 9.21806 -2.47627
ltibia 16.5094 -0 0
lfoot -26.2225 -10.5674 0.431
ltoes -21.751 0 0
rfemur -37.2382 -17.178 -1.85271
rtibia 66.0104 -0 0
rfoot -5.75757 3.64926 1.00149
rtoes -32.6317 0 0
lowerback 0.408628 -2.22508 -2.11677
upperback -0.173205 -2.87937 -5.58493
thorax -0.353904 -1.51419 -4.44832
lowerneck -7.18852 -0.94037 2.50895
upperneck 3.01699 -1.69805 4.26296
head 2.24461 -0.690512 0.835068
lclavicle -1.64423e-14 -4.52093e-14 6.72318e-30
lhumerus -53.876 -44.1852 107.941
lradius 57.3951 -0 0
lwrist 22.2613 0 0
lhand 37.4335 20.6478 0.313126
lfingers 7.12502 -0 0
lthumb 60.083 33.1779 0.0263851
rclavicle -1.64423e-14 -4.52093e-14 6.72318e-30
rhumerus -18.6907 2.95304 -24.8757
rradius 55.7327 -0 0
rwrist -18.6693 0 0
rhand -24.5908 -44.035 1.02086
rfingers 7.12502 -0 0
rthumb 1.90851 -73.6729 0.962235
926
root 2.02121 15.722 32.3211 3.50107 5.58009 3.9279
lfemur -1.46046 8.61483 -2.13091
ltibia 15.7614 -0 0
lfoot -26.5546 -10.8709 0.411602
ltoes -22.3615 0 0
rfemur -36.6944 -16.6967 -2.40115
rtibia 64.6896 -0 0
rfoot -6.45194 3.31202 0.956206
rtoes -33.4487 0 0
lowerback 0.137128 -2.13773 -1.99534
upperback -0.263463 -2.75973 -5.70299
thorax -0.310264 -1.45279 -4.65594
lowerneck -7.17213 -0.830615 2.56692
upperneck 2.95347 -1.55164 4.22972
head 2.21639 -0.61951 0.821292
lclavicle -1.5133e-14 -4.64101e-14 6.42133e-30
lhumerus -54.2406 -44.1528 108.197
lradius 57.269 -0 0
lwrist 22.5093 0 0
lhand 37.7228 20.9009 0.299043
lfingers 7.12502 -0 0
lthumb 60.3347 33.2024 0.0251996
rclavicle -1.5133e-14 -4.64101e-14 6.42133e-30
rhumerus -17.6549 3.32958 -23.6657
rradius 54.7426 -0 0
rwrist -18.5733 0 0
rhand -24.0356 -43.605 0.974754
rfingers 7.12502 -0 0
rthumb 2.44423 -73.2529 0.918793
927
root 1.97407 15.6991 32.3564 3.73179 4.93701 4.02854
lfemur -1.00246 8.00889 -1.791
ltibia 15.0134 -0 0
lfoot -26.8866 -11.1743 0.390446
ltoes -22.9721 0 0
rfemur -36.1568 -16.2104 -2.94344
rtibia 63.3687 -0 0
rfoot -7.14601 2.97535 0.906838
rtoes -34.2657 0 0
lowerback -0.134171 -2.0498 -1.87434
upperback -0.353959 -2.64028 -5.82124
thorax -0.266848 -1.39123 -4.86352
lowerneck -7.15564 -0.720877 2.62492
upperneck 2.88986 -1.40527 4.19632
head 2.18814 -0.548514 0.807481
lclavicle -1.38237e-14 -4.76109e-14 6.09203e-30
lhumerus -54.6048 -44.1192 108.452
lradius 57.1428 -0 0
lwrist 22.7574 0 0
lhand 38.012 21.154 0.283682
lfingers 7.12502 -0 0
lthumb 60.5864 33.2269 0.0239064
rclavicle -1.38237e-14 -4.76109e-14 6.09203e-30
rhumerus -16.6109 3.68414 -22.4486
rradius 53.7525 -0 0
rwrist -18.4773 0 0
rhand -23.4808 -43.1755 0.924487
rfingers 7.12502 -0 0
rthumb 2.97961 -72.8333 0.871427
928
root 1.92693 15.6761 32.3916 3.96117 4.29353 4.12649
lfemur -0.548752 7.40029 -1.45648
ltibia 14.2654 -0 0
lfoot -27.2185 -11.4775 0.367533
ltoes -23.5826 0 0
rfemur -35.6252 -15.7192 -3.47965
rtibia 62.0478 -0 0
rfoot -7.83978 2.63931 0.853396
rtoes -35.0827 0 0
lowerback -0.405269 -1.9613 -1.75376
upperback -0.444693 -2.52101 -5.93966
thorax -0.223656 -1.32951 -5.07103
lowerneck -7.13903 -0.611156 2.68295
upperneck 2.82617 -1.25893 4.16276
head 2.15989 -0.477526 0.793635
lclavicle -1.25143e-14 -4.88118e-14 5.73529e-30
lhumerus -54.9686 -44.0845 108.707
lradius 57.0167 -0 0
lwrist 23.0054 0 0
lhand 38.3012 21.4069 0.267043
lfingers 7.12502 -0 0
lthumb 60.8381 33.2514 0.0225055
rclavicle -1.25143e-14 -4.88118e-14 5.73529e-30
rhumerus -15.5592 4.01641 -21.2248
rradius 52.7625 -0 0
rwrist -18.3812 0 0
rhand -22.9264 -42.7465 0.870065
rfingers 7.12502 -0 0
rthumb 3.51463 -72.4142 0.820145
929
root 1.87979 15.6532 32.4269 4.18926 3.64967 4.22178
lfemur -0.0992312 6.78909 -1.12726
ltibia 13.5174 -0 0
lfoot -27.5502 -11.7806 0.342864
ltoes -24.1932 0 0
rfemur -35.0998 -15.2234 -4.00983
rtibia 60.7269 -0 0
rfoot -8.53321 2.30395 0.795891
rtoes -35.8997 0 0
lowerback -0.676166 -1.87223 -1.6336
upperback -0.535666 -2.40194 -6.05826
thorax -0.180689 -1.26764 -5.2785
lowerneck -7.12231 -0.501451 2.74101
upperneck 2.7624 -1.11263 4.12904
head 2.13161 -0.406544 0.779755
lclavicle -1.1205e-14 -5.00126e-14 5.3511e-30
lhumerus -55.3319 -44.0487 108.961
lradius 56.8906 -0 0
lwrist 23.2535 0 0
lhand 38.5903 21.6598 0.249129
lfingers 7.12502 -0 0
lthumb 61.0898 33.2759 0.020997
rclavicle -1.1205e-14 -5.00126e-14 5.3511e-30
rhumerus -14.5002 4.32614 -19.9945
rradius 51.7724 -0 0
rwrist -18.2852 0 0
rhand -22.3724 -42.3181 0.811497
rfingers 7.12502 -0 0
rthumb 4.04924 -71.9956 0.764953
930
root 1.83265 15.6303 32.4622 4.41613 3.00544 4.31444
lfemur 0.346205 6.17537 -0.803278
ltibia 12.7695 -0 0
lfoot -27.8818 -12.0836 0.316441
ltoes -24.8038 0 0
rfemur -34.5803 -14.7229 -4.53406
rtibia 59.4061 -0 0
rfoot -9.22628 1.96932 0.734333
rtoes -36.7167 0 0
lowerback -0.946863 -1.7826 -1.51388
upperback -0.626877 -2.28305 -6.17704
thorax -0.137948 -1.20561 -5.48592
lowerneck -7.10549 -0.391764 2.7991
upperneck 2.69855 -0.966363 4.09516
head 2.10332 -0.335569 0.765839
lclavicle -9.89563e-15 -5.12134e-14 4.93948e-30
lhumerus -55.6948 -44.0116 109.215
lradius 56.7644 -0 0
lwrist 23.5015 0 0
lhand 38.8793 21.9125 0.229939
lfingers 7.12502 -0 0
lthumb 61.3415 33.3004 0.0193809
rclavicle -9.89563e-15 -5.12134e-14 4.93948e-30
rhumerus -13.4344 4.61307 -18.7582
rradius 50.7823 -0 0
rwrist -18.1892 0 0
rhand -21.8189 -41.8902 0.748791
rfingers 7.12502 -0 0
rthumb 4.58343 -71.5775 0.70586
931
root 1.78552 15.6073 32.4974 4.64185 2.36085 4.4045
lfemur 0.787656 5.55917 -0.484455
ltibia 12.0215 -0 0
lfoot -28.2133 -12.3864 0.288265
ltoes -25.4143 0 0
rfemur -34.0667 -14.2178 -5.0524
rtibia 58.0852 -0 0
rfoot -9.91897 1.63545 0.668734
rtoes -37.5337 0 0
lowerback -1.21736 -1.6924 -1.39458
upperback -0.718328 -2.16435 -6.296
thorax -0.0954321 -1.14343 -5.69328
lowerneck -7.08855 -0.282094 2.85722
upperneck 2.63461 -0.820138 4.06112
head 2.07501 -0.264601 0.751889
lclavicle -8.58628e-15 -5.24142e-14 4.50042e-30
lhumerus -56.0572 -43.9734 109.468
lradius 56.6383 -0 0
lwrist 23.7496 0 0
lhand 39.1682 22.1652 0.209475
lfingers 7.12502 -0 0
lthumb 61.5932 33.3249 0.0176572
rclavicle -8.58628e-15 -5.24142e-14 4.50042e-30
rhumerus -12.3621 4.87694 -17.5163
rradius 49.7922 -0 0
rwrist -18.0932 0 0
rhand -21.2659 -41.463 0.681957
rfingers 7.12502 -0 0
rthumb 5.11717 -71.16 0.642874
932
root 1.73838 15.5844 32.5327 4.86645 1.71591 4.49198
lfemur 1.22522 4.94055 -0.170723
ltibia 11.2735 -0 0
lfoot -28.5446 -12.689 0.258339
ltoes -26.0249 0 0
rfemur -33.559 -13.7083 -5.56492
rtibia 56.7643 -0 0
rfoot -10.6113 1.30241 0.599104
rtoes -38.3507 0 0
lowerback -1.48765 -1.60164 -1.27572
upperback -0.810017 -2.04584 -6.41514
thorax -0.0531427 -1.0811 -5.9006
lowerneck -7.0715 -0.172441 2.91537
upperneck 2.57059 -0.67395 4.02691
head 2.04668 -0.19364 0.737903
lclavicle -7.27694e-15 -5.3615e-14 4.03391e-30
lhumerus -56.4192 -43.9341 109.721
lradius 56.5122 -0 0
lwrist 23.9976 0 0
lhand 39.4571 22.4177 0.187737
lfingers 7.12502 -0 0
lthumb 61.8449 33.3493 0.015826
rclavicle -7.27694e-15 -5.3615e-14 4.03391e-30
rhumerus -11.2839 5.11755 -16.2692
rradius 48.8021 -0 0
rwrist -17.9972 0 0
rhand -20.7134 -41.0365 0.611006
rfingers 7.12502 -0 0
rthumb 5.65043 -70.7432 0.576004
933
root 1.69124 15.5614 32.568 5.09001 1.07063 4.57691
lfemur 1.659 4.31958 0.137989
ltibia 10.5255 -0 0
lfoot -28.8758 -12.9914 0.226664
ltoes -26.6354 0 0
rfemur -33.0571 -13.1945 -6.07169
rtibia 55.4434 -0 0
rfoot -11.3031 0.970243 0.525457
rtoes -39.1676 0 0
lowerback -1.75775 -1.51032 -1.15729
upperback -0.901947 -1.92753 -6.53446
thorax -0.0110801 -1.01861 -6.10786
lowerneck -7.05434 -0.0628052 2.97356
upperneck 2.50648 -0.527801 3.99254
head 2.01834 -0.122686 0.723883
lclavicle -5.9676e-15 -5.48159e-14 3.53996e-30
lhumerus -56.7807 -43.8936 109.973
lradius 56.386 -0 0
lwrist 24.2456 0 0
lhand 39.7458 22.6702 0.164727
lfingers 7.12502 -0 0
lthumb 62.0966 33.3738 0.0138873
rclavicle -5.9676e-15 -5.48159e-14 3.53996e-30
rhumerus -10.2004 5.33468 -15.0173
rradius 47.8121 -0 0
rwrist -17.9011 0 0
rhand -20.1614 -40.6107 0.535947
rfingers 7.12502 -0 0
rthumb 6.18319 -70.3269 0.505258
934
root 1.6441 15.5385 32.6033 5.31258 0.425023 4.6593
lfemur 2.08909 3.69631 0.441746
ltibia 9.77754 -0 0
lfoot -29.2067 -13.2937 0.193241
ltoes -27.246 0 0
rfemur -32.5608 -12.6764 -6.57278
rtibia 54.1226 -0 0
rfoot -11.9945 0.638989 0.447806
rtoes -39.9846 0 0
lowerback -2.02764 -1.41844 -1.0393
upperback -0.994117 -1.8094 -6.65396
thorax 0.0307555 -0.955975 -6.31508
lowerneck -7.03706 0.0468129 3.03178
upperneck 2.44229 -0.381691 3.95801
head 1.98998 -0.0517383 0.709827
lclavicle -4.65826e-15 -5.60167e-14 3.01857e-30
lhumerus -57.1416 -43.852 110.225
lradius 56.2599 -0 0
lwrist 24.4937 0 0
lhand 40.0344 22.9225 0.140445
lfingers 7.12502 -0 0
lthumb 62.3483 33.3983 0.0118412
rclavicle -4.65826e-15 -5.60167e-14 3.01857e-30
rhumerus -9.11195 5.52813 -13.761
rradius 46.822 -0 0
rwrist -17.8051 0 0
rhand -19.6101 -40.1856 0.456791
rfingers 7.12502 -0 0
rthumb 6.71541 -69.9114 0.430647
935
root 1.59696 15.5156 32.6385 5.53422 -0.220895 4.73919
lfemur 2.51559 3.07078 0.740613
ltibia 9.02955 -0 0
lfoot -29.5375 -13.5957 0.158074
ltoes -27.8566 0 0
rfemur -32.0703 -12.154 -7.06826
rtibia 52.8017 -0 0
rfoot -12.6855 0.308701 0.366164
rtoes -40.8016 0 0
lowerback -2.29733 -1.32601 -0.921752
upperback -1.08653 -1.69147 -6.77364
thorax 0.0723635 -0.893186 -6.52224
lowerneck -7.01968 0.156413 3.09003
upperneck 2.378 -0.235619 3.92332
head 1.9616 0.0192019 0.695737
lclavicle -3.34892e-15 -5.72175e-14 2.46974e-30
lhumerus -57.5021 -43.8092 110.476
lradius 56.1337 -0 0
lwrist 24.7417 0 0
lhand 40.3229 23.1747 0.114892
lfingers 7.12502 -0 0
lthumb 62.5999 33.4227 0.00968761
rclavicle -3.34892e-15 -5.72175e-14 2.46974e-30
rhumerus -8.01918 5.69775 -12.5009
rradius 45.8319 -0 0
rwrist -17.7091 0 0
rhand -19.0593 -39.7613 0.373551
rfingers 7.12502 -0 0
rthumb 7.24707 -69.4965 0.352182
936
root 1.54982 15.4926 32.6738 5.75498 -0.867118 4.81659
lfemur 2.93859 2.44307 1.03465
ltibia 8.28157 -0 0
lfoot -29.8681 -13.8976 0.121164
ltoes -28.4671 0 0
rfemur -31.5853 -11.6276 -7.5582
rtibia 51.4808 -0 0
rfoot -13.3759 -0.0205771 0.280548
rtoes -41.6186 0 0
lowerback -2.56683 -1.23302 -0.804641
upperback -1.17918 -1.57373 -6.89351
thorax 0.113743 -0.830247 -6.72936
lowerneck -7.00219 0.265996 3.14832
upperneck 2.31363 -0.0895863 3.88846
head 1.9332 0.0901352 0.681611
lclavicle -2.03958e-15 -5.84183e-14 1.89347e-30
lhumerus -57.862 -43.7653 110.727
lradius 56.0076 -0 0
lwrist 24.9898 0 0
lhand 40.6113 23.4268 0.0880701
lfingers 7.12502 -0 0
lthumb 62.8516 33.4471 0.00742666
rclavicle -2.03958e-15 -5.84183e-14 1.89347e-30
rhumerus -6.92262 5.84338 -11.2375
rradius 44.8418 -0 0
rwrist -17.6131 0 0
rhand -18.5092 -39.3378 0.286239
rfingers 7.12502 -0 0
rthumb 7.77814 -69.0824 0.269873
937
root 1.50269 15.4697 32.7091 5.97492 -1.51363 4.89151
lfemur 3.35819 1.81321 1.32393
ltibia 7.53359 -0 0
lfoot -30.1985 -14.1992 0.0825134
ltoes -29.0777 0 0
rfemur -31.1058 -11.0972 -8.04267
rtibia 50.1599 -0 0
rfoot -14.0659 -0.348797 0.19097
rtoes -42.4356 0 0
lowerback -2.83612 -1.13949 -0.687973
upperback -1.27207 -1.45618 -7.01356
thorax 0.154895 -0.767159 -6.93643
lowerneck -6.98458 0.375561 3.20664
upperneck 2.24918 0.0564071 3.85344
head 1.90479 0.161062 0.66745
lclavicle -7.30234e-16 -5.96192e-14 1.28975e-30
lhumerus -58.2214 -43.7203 110.977
lradius 55.8815 -0 0
lwrist 25.2378 0 0
lhand 40.8996 23.6787 0.0599799
lfingers 7.12502 -0 0
lthumb 63.1033 33.4716 0.00505838
rclavicle -7.30234e-16 -5.96192e-14 1.28975e-30
rhumerus -5.82283 5.96489 -9.97113
rradius 43.8518 -0 0
rwrist -17.517 0 0
rhand -17.9597 -38.9152 0.194867
rfingers 7.12502 -0 0
rthumb 8.3086 -68.6691 0.183732
938
root 1.45555 15.4467 32.7443 6.19409 -2.16043 4.96398
lfemur 3.77449 1.18126 1.6085
ltibia 6.78561 -0 0
lfoot -30.5287 -14.5006 0.0421246
ltoes -29.6882 0 0
rfemur -30.6317 -10.5628 -8.52176
rtibia 48.8391 -0 0
rfoot -14.7553 -0.675913 0.0974491
rtoes -43.2526 0 0
lowerback -3.10521 -1.04541 -0.571749
upperback -1.3652 -1.33883 -7.1338
thorax 0.195818 -0.703923 -7.14345
lowerneck -6.96686 0.485108 3.26499
upperneck 2.18463 0.202361 3.81825
head 1.87636 0.231981 0.653254
lclavicle 5.79108e-16 -6.082e-14 6.58598e-31
lhumerus -58.5802 -43.6741 111.226
lradius 55.7553 -0 0
lwrist 25.4859 0 0
lhand 41.1878 23.9305 0.0306227
lfingers 7.12502 -0 0
lthumb 63.355 33.496 0.00258281
rclavicle 5.79108e-16 -6.082e-14 6.58598e-31
rhumerus -4.72039 6.06217 -8.70242
rradius 42.8617 -0 0
rwrist -17.421 0 0
rhand -17.411 -38.4935 0.0994497
rfingers 7.12502 -0 0
rthumb 8.83843 -68.2566 0.09377
939
root 1.40841 15.4238 32.7796 6.41255 -2.8075 365.034
lfemur 4.18757 0.547263 1.88843
ltibia 6.03763 0 0
lfoot -30.8587 -14.8018 0
ltoes -30.2988 0 0
rfemur -30.163 -10.0246 -8.99552
rtibia 47.5182 0 0
rfoot -15.4442 -1.00188 0
rtoes -44.0696 0 0
lowerback -3.37411 -0.950787 -0.455972
upperback -1.45858 -1.22168 -7.25422
thorax 0.236511 -0.640539 -7.35042
lowerneck -6.94903 0.594637 3.32338
upperneck 2.11999 0.348275 3.7829
head 1.84791 0.302893 0.639022
lclavicle 1.88845e-15 -6.20208e-14 0
lhumerus -58.9385 -43.6268 111.475
lradius 55.6292 0 0
lwrist 25.7339 0 0
lhand 41.4758 24.1821 0
lfingers 7.12502 0 0
lthumb 63.6067 33.5204 0
rclavicle 1.88845e-15 -6.20208e-14 0
rhumerus -3.61588 6.13513 -7.43186
rradius 41.8716 0 0
rwrist -17.325 0 0
rhand -16.8629 -38.0727 0
rfingers 7.12502 0 0
rthumb 9.36759 -787.845 0
940
root 1.40746 15.4221 32.7789 6.40327 -2.81273 5.02131
lfemur 4.20956 0.54962 1.90973
ltibia 6.02194 -0 0
lfoot -30.8692 -14.7717 -0.000402927
ltoes -30.3259 0 0
rfemur -30.1637 -10.0574 -8.97822
rtibia 47.5309 -0 0
rfoot -15.4874 -0.961868 -0.00220545
rtoes -44.0493 0 0
lowerback -3.36557 -0.944618 -0.456837
upperback -1.45227 -1.21332 -7.2452
thorax 0.239319 -0.636162 -7.33994
lowerneck -6.95338 0.594803 3.34354
upperneck 2.12042 0.346436 3.78385
head 1.84887 0.302255 0.635859
lclavicle 1.88169e-15 -6.13609e-14 5.68485e-33
lhumerus -58.9333 -43.6472 111.501
lradius 55.6294 -0 0
lwrist 25.7328 0 0
lhand 41.4501 24.1902 -0.000267085
lfingers 7.12502 -0 0
lthumb 63.5853 33.5554 -0.000956236
rclavicle 1.88169e-15 -6.13609e-14 5.68485e-33
rhumerus -3.56482 5.94242 -7.3686
rradius 41.7744 -0 0
rwrist -17.2683 0 0
rhand -16.956 -38.0937 0.00250296
rfingers 7.12502 -0 0
rthumb 9.27774 -67.8672 0.00255121
941
root 1.40651 15.4204 32.7783 6.39399 -2.81797 5.00862
lfemur 4.23155 0.55197 1.93103
ltibia 6.00625 -0 0
lfoot -30.8797 -14.7416 -0.000800338
ltoes -30.353 0 0
rfemur -30.1644 -10.0903 -8.96093
rtibia 47.5436 -0 0
rfoot -15.5306 -0.921855 -0.00438074
rtoes -44.0289 0 0
lowerback -3.35702 -0.93845 -0.4577
upperback -1.44595 -1.20497 -7.23619
thorax 0.242128 -0.631786 -7.32945
lowerneck -6.95772 0.594971 3.3637
upperneck 2.12085 0.344597 3.78481
head 1.84983 0.301618 0.632697
lclavicle 1.87493e-15 -6.0701e-14 1.12918e-32
lhumerus -58.9281 -43.6676 111.527
lradius 55.6296 -0 0
lwrist 25.7318 0 0
lhand 41.4243 24.1984 -0.000530513
lfingers 7.12502 -0 0
lthumb 63.5639 33.5905 -0.00189938
rclavicle 1.87493e-15 -6.0701e-14 1.12918e-32
rhumerus -3.51399 5.74965 -7.30554
rradius 41.6772 -0 0
rwrist -17.2116 0 0
rhand -17.049 -38.1147 0.0049718
rfingers 7.12502 -0 0
rthumb 9.18789 -67.8894 0.00506763
942
root 1.40557 15.4186 32.7776 6.38471 -2.82321 4.99593
lfemur 4.25354 0.554311 1.95234
ltibia 5.99057 -0 0
lfoot -30.8902 -14.7114 -0.00119223
ltoes -30.3801 0 0
rfemur -30.1651 -10.1231 -8.94362
rtibia 47.5563 -0 0
rfoot -15.5737 -0.88184 -0.00652588
rtoes -44.0086 0 0
lowerback -3.34848 -0.932281 -0.458563
upperback -1.43964 -1.19661 -7.22717
thorax 0.244938 -0.627411 -7.31896
lowerneck -6.96207 0.59514 3.38387
upperneck 2.12128 0.342758 3.78576
head 1.85078 0.300981 0.629534
lclavicle 1.86817e-15 -6.00411e-14 1.68209e-32
lhumerus -58.923 -43.6881 111.553
lradius 55.6299 -0 0
lwrist 25.7307 0 0
lhand 41.3986 24.2065 -0.000790283
lfingers 7.12502 -0 0
lthumb 63.5425 33.6255 -0.00282944
rclavicle 1.86817e-15 -6.00411e-14 1.68209e-32
rhumerus -3.46339 5.55683 -7.24267
rradius 41.5801 -0 0
rwrist -17.1549 0 0
rhand -17.1421 -38.1357 0.00740651
rfingers 7.12502 -0 0
rthumb 9.09803 -67.9116 0.00754925
943
root 1.40462 15.4169 32.777 6.37543 -2.82845 4.98325
lfemur 4.27553 0.556644 1.97364
ltibia 5.97488 -0 0
lfoot -30.9007 -14.6813 -0.00157861
ltoes -30.4072 0 0
rfemur -30.1658 -10.1559 -8.92632
rtibia 47.569 -0 0
rfoot -15.6169 -0.841823 -0.00864085
rtoes -43.9883 0 0
lowerback -3.33993 -0.926112 -0.459425
upperback -1.43332 -1.18826 -7.21815
thorax 0.247749 -0.623036 -7.30848
lowerneck -6.96641 0.595311 3.40403
upperneck 2.12172 0.340919 3.78672
head 1.85174 0.300343 0.626371
lclavicle 1.8614e-15 -5.93812e-14 2.22722e-32
lhumerus -58.9178 -43.7085 111.579
lradius 55.6301 -0 0
lwrist 25.7297 0 0
lhand 41.3729 24.2147 -0.0010464
lfingers 7.12502 -0 0
lthumb 63.5211 33.6605 -0.00374642
rclavicle 1.8614e-15 -5.93812e-14 2.22722e-32
rhumerus -3.41302 5.36395 -7.17999
rradius 41.4829 -0 0
rwrist -17.0982 0 0
rhand -17.2351 -38.1568 0.00980709
rfingers 7.12502 -0 0
rthumb 9.00818 -67.9338 0.00999607
944
root 1.40367 15.4152 32.7763 6.36615 -2.83369 4.97056
lfemur 4.29752 0.558968 1.99495
ltibia 5.95919 -0 0
lfoot -30.9112 -14.6512 -0.00195947
ltoes -30.4343 0 0
rfemur -30.1666 -10.1887 -8.90902
rtibia 47.5816 -0 0
rfoot -15.6601 -0.801805 -0.0107257
rtoes -43.9679 0 0
lowerback -3.33139 -0.919943 -0.460286
upperback -1.42701 -1.1799 -7.20914
thorax 0.25056 -0.618661 -7.29799
lowerneck -6.97076 0.595483 3.42419
upperneck 2.12215 0.33908 3.78767
head 1.8527 0.299706 0.623208
lclavicle 1.85464e-15 -5.87212e-14 2.76455e-32
lhumerus -58.9127 -43.7289 111.605
lradius 55.6303 -0 0
lwrist 25.7286 0 0
lhand 41.3472 24.2228 -0.00129885
lfingers 7.12502 -0 0
lthumb 63.4997 33.6955 -0.0046503
rclavicle 1.85464e-15 -5.87212e-14 2.76455e-32
rhumerus -3.36288 5.17102 -7.1175
rradius 41.3857 -0 0
rwrist -17.0415 0 0
rhand -17.3282 -38.1778 0.0121735
rfingers 7.12502 -0 0
rthumb 8.91833 -67.9559 0.0124081
945
root 1.40272 15.4135 32.7757 6.35688 -2.83893 4.95787
lfemur 4.31951 0.561285 2.01626
ltibia 5.9435 -0 0
lfoot -30.9217 -14.6211 -0.00233481
ltoes -30.4614 0 0
rfemur -30.1673 -10.2216 -8.89171
rtibia 47.5943 -0 0
rfoot -15.7033 -0.761786 -0.0127803
rtoes -43.9476 0 0
lowerback -3.32285 -0.913774 -0.461146
upperback -1.42069 -1.17155 -7.20012
thorax 0.253373 -0.614287 -7.28751
lowerneck -6.97511 0.595657 3.44435
upperneck 2.12258 0.337241 3.78863
head 1.85366 0.299069 0.620046
lclavicle 1.84788e-15 -5.80613e-14 3.2941e-32
lhumerus -58.9076 -43.7494 111.631
lradius 55.6305 -0 0
lwrist 25.7276 0 0
lhand 41.3214 24.231 -0.00154765
lfingers 7.12502 -0 0
lthumb 63.4782 33.7306 -0.00554109
rclavicle 1.84788e-15 -5.80613e-14 3.2941e-32
rhumerus -3.31296 4.97803 -7.0552
rradius 41.2885 -0 0
rwrist -16.9848 0 0
rhand -17.4212 -38.1988 0.0145058
rfingers 7.12502 -0 0
rthumb 8.82847 -67.9782 0.0147853
946
root 1.40177 15.4118 32.775 6.3476 -2.84418 4.94519
lfemur 4.34151 0.563593 2.03756
ltibia 5.92781 -0 0
lfoot -30.9322 -14.5909 -0.00270464
ltoes -30.4885 0 0
rfemur -30.1681 -10.2544 -8.8744
rtibia 47.607 -0 0
rfoot -15.7465 -0.721764 -0.0148048
rtoes -43.9273 0 0
lowerback -3.3143 -0.907604 -0.462005
upperback -1.41437 -1.1632 -7.1911
thorax 0.256186 -0.609913 -7.27702
lowerneck -6.97945 0.595832 3.46451
upperneck 2.12301 0.335402 3.78958
head 1.85462 0.298432 0.616883
lclavicle 1.84112e-15 -5.74014e-14 3.81586e-32
lhumerus -58.9025 -43.7698 111.657
lradius 55.6307 -0 0
lwrist 25.7265 0 0
lhand 41.2957 24.2391 -0.00179279
lfingers 7.12502 -0 0
lthumb 63.4568 33.7656 -0.0064188
rclavicle 1.84112e-15 -5.74014e-14 3.81586e-32
rhumerus -3.26327 4.78499 -6.99309
rradius 41.1914 -0 0
rwrist -16.9281 0 0
rhand -17.5143 -38.2198 0.0168039
rfingers 7.12502 -0 0
rthumb 8.73861 -68.0004 0.0171277
947
root 1.40083 15.41 32.7744 6.33833 -2.84943 4.9325
lfemur 4.3635 0.565893 2.05887
ltibia 5.91213 -0 0
lfoot -30.9426 -14.5608 -0.00306895
ltoes -30.5156 0 0
rfemur -30.1688 -10.2872 -8.85709
rtibia 47.6197 -0 0
rfoot -15.7897 -0.681742 -0.0167991
rtoes -43.907 0 0
lowerback -3.30576 -0.901435 -0.462863
upperback -1.40805 -1.15485 -7.18207
thorax 0.259 -0.60554 -7.26653
lowerneck -6.9838 0.596009 3.48468
upperneck 2.12344 0.333563 3.79054
head 1.85558 0.297794 0.61372
lclavicle 1.83436e-15 -5.67415e-14 4.32983e-32
lhumerus -58.8974 -43.7902 111.683
lradius 55.631 -0 0
lwrist 25.7255 0 0
lhand 41.27 24.2473 -0.00203427
lfingers 7.12502 -0 0
lthumb 63.4354 33.8006 -0.00728341
rclavicle 1.83436e-15 -5.67415e-14 4.32983e-32
rhumerus -3.2138 4.59189 -6.93116
rradius 41.0942 -0 0
rwrist -16.8714 0 0
rhand -17.6074 -38.2409 0.0190679
rfingers 7.12502 -0 0
rthumb 8.64876 -68.0226 0.0194352
948
root 1.39988 15.4083 32.7737 6.32905 -2.85468 4.91982
lfemur 4.38549 0.568185 2.08018
ltibia 5.89644 -0 0
lfoot -30.9531 -14.5307 -0.00342774
ltoes -30.5427 0 0
rfemur -30.1696 -10.32 -8.83977
rtibia 47.6324 -0 0
rfoot -15.8329 -0.641717 -0.0187632
rtoes -43.8866 0 0
lowerback -3.29722 -0.895265 -0.463721
upperback -1.40172 -1.1465 -7.17305
thorax 0.261814 -0.601168 -7.25605
lowerneck -6.98815 0.596187 3.50484
upperneck 2.12387 0.331724 3.79149
head 1.85654 0.297157 0.610557
lclavicle 1.8276e-15 -5.60816e-14 4.83602e-32
lhumerus -58.8923 -43.8107 111.709
lradius 55.6312 -0 0
lwrist 25.7244 0 0
lhand 41.2443 24.2554 -0.0022721
lfingers 7.12502 -0 0
lthumb 63.414 33.8357 -0.00813494
rclavicle 1.8276e-15 -5.60816e-14 4.83602e-32
rhumerus -3.16456 4.39875 -6.86941
rradius 40.997 -0 0
rwrist -16.8147 0 0
rhand -17.7004 -38.2619 0.0212977
rfingers 7.12502 -0 0
rthumb 8.5589 -68.0448 0.0217079
949
root 1.39893 15.4066 32.7731 6.31978 -2.85993 4.90714
lfemur 4.40749 0.570469 2.10149
ltibia 5.88075 -0 0
lfoot -30.9636 -14.5006 -0.00378101
ltoes -30.5698 0 0
rfemur -30.1704 -10.3529 -8.82246
rtibia 47.6451 -0 0
rfoot -15.8761 -0.601692 -0.0206972
rtoes -43.8663 0 0
lowerback -3.28867 -0.889095 -0.464577
upperback -1.3954 -1.13815 -7.16403
thorax 0.26463 -0.596796 -7.24556
lowerneck -6.99249 0.596367 3.525
upperneck 2.1243 0.329885 3.79245
head 1.85749 0.29652 0.607395
lclavicle 1.82084e-15 -5.54217e-14 5.33442e-32
lhumerus -58.8872 -43.8311 111.735
lradius 55.6314 -0 0
lwrist 25.7234 0 0
lhand 41.2185 24.2636 -0.00250627
lfingers 7.12502 -0 0
lthumb 63.3926 33.8707 -0.00897337
rclavicle 1.82084e-15 -5.54217e-14 5.33442e-32
rhumerus -3.11553 4.20554 -6.80785
rradius 40.8998 -0 0
rwrist -16.758 0 0
rhand -17.7935 -38.2829 0.0234933
rfingers 7.12502 -0 0
rthumb 8.46904 -68.067 0.0239458
950
root 1.39798 15.4049 32.7724 6.31051 -2.86518 4.89445
lfemur 4.42949 0.572745 2.1228
ltibia 5.86506 -0 0
lfoot -30.9741 -14.4704 -0.00412877
ltoes -30.597 0 0
rfemur -30.1712 -10.3857 -8.80514
rtibia 47.6578 -0 0
rfoot -15.9193 -0.561664 -0.022601
rtoes -43.846 0 0
lowerback -3.28013 -0.882925 -0.465432
upperback -1.38908 -1.1298 -7.155
thorax 0.267446 -0.592424 -7.23507
lowerneck -6.99684 0.596549 3.54516
upperneck 2.12473 0.328045 3.7934
head 1.85845 0.295883 0.604232
lclavicle 1.81408e-15 -5.47618e-14 5.82503e-32
lhumerus -58.8821 -43.8515 111.761
lradius 55.6316 -0 0
lwrist 25.7223 0 0
lhand 41.1928 24.2717 -0.00273678
lfingers 7.12502 -0 0
lthumb 63.3712 33.9057 -0.00979871
rclavicle 1.81408e-15 -5.47618e-14 5.82503e-32
rhumerus -3.06673 4.01229 -6.74647
rradius 40.8027 -0 0
rwrist -16.7013 0 0
rhand -17.8866 -38.304 0.0256548
rfingers 7.12502 -0 0
rthumb 8.37918 -68.0892 0.0261488
951
root 1.39703 15.4032 32.7718 6.30124 -2.87044 4.88177
lfemur 4.45149 0.575012 2.14411
ltibia 5.84937 -0 0
lfoot -30.9846 -14.4403 -0.004471
ltoes -30.6241 0 0
rfemur -30.172 -10.4185 -8.78782
rtibia 47.6705 -0 0
rfoot -15.9625 -0.521636 -0.0244746
rtoes -43.8256 0 0
lowerback -3.27159 -0.876755 -0.466287
upperback -1.38275 -1.12146 -7.14598
thorax 0.270263 -0.588053 -7.22459
lowerneck -7.00118 0.596732 3.56533
upperneck 2.12516 0.326206 3.79436
head 1.85941 0.295246 0.601069
lclavicle 1.80731e-15 -5.41019e-14 6.30785e-32
lhumerus -58.8771 -43.872 111.787
lradius 55.6319 -0 0
lwrist 25.7213 0 0
lhand 41.1671 24.2799 -0.00296363
lfingers 7.12502 -0 0
lthumb 63.3498 33.9407 -0.010611
rclavicle 1.80731e-15 -5.41019e-14 6.30785e-32
rhumerus -3.01814 3.81899 -6.68526
rradius 40.7055 -0 0
rwrist -16.6446 0 0
rhand -17.9796 -38.325 0.0277821
rfingers 7.12502 -0 0
rthumb 8.28932 -68.1114 0.028317
952
root 1.39609 15.4014 32.7711 6.29197 -2.8757 4.86909
lfemur 4.47348 0.577271 2.16543
ltibia 5.83369 -0 0
lfoot -30.9951 -14.4102 -0.00480773
ltoes -30.6512 0 0
rfemur -30.1728 -10.4513 -8.77049
rtibia 47.6832 -0 0
rfoot -16.0057 -0.481606 -0.026318
rtoes -43.8053 0 0
lowerback -3.26304 -0.870585 -0.467141
upperback -1.37642 -1.11311 -7.13695
thorax 0.273081 -0.583683 -7.2141
lowerneck -7.00553 0.596916 3.58549
upperneck 2.1256 0.324367 3.79531
head 1.86037 0.294609 0.597906
lclavicle 1.80055e-15 -5.3442e-14 6.78289e-32
lhumerus -58.872 -43.8924 111.813
lradius 55.6321 -0 0
lwrist 25.7202 0 0
lhand 41.1414 24.288 -0.00318682
lfingers 7.12502 -0 0
lthumb 63.3284 33.9758 -0.0114101
rclavicle 1.80055e-15 -5.3442e-14 6.78289e-32
rhumerus -2.96978 3.62563 -6.62424
rradius 40.6083 -0 0
rwrist -16.588 0 0
rhand -18.0727 -38.3461 0.0298751
rfingers 7.12502 -0 0
rthumb 8.19946 -68.1337 0.0304503
953
root 1.39514 15.3997 32.7705 6.28271 -2.88096 4.85641
lfemur 4.49548 0.579522 2.18674
ltibia 5.818 -0 0
lfoot -31.0056 -14.3801 -0.00513893
ltoes -30.6783 0 0
rfemur -30.1736 -10.4842 -8.75317
rtibia 47.6959 -0 0
rfoot -16.0489 -0.441575 -0.0281313
rtoes -43.785 0 0
lowerback -3.2545 -0.864415 -0.467993
upperback -1.37009 -1.10477 -7.12793
thorax 0.2759 -0.579313 -7.20361
lowerneck -7.00987 0.597102 3.60565
upperneck 2.12603 0.322528 3.79627
head 1.86133 0.293973 0.594743
lclavicle 1.79379e-15 -5.2782e-14 7.25013e-32
lhumerus -58.867 -43.9129 111.839
lradius 55.6323 -0 0
lwrist 25.7192 0 0
lhand 41.1156 24.2961 -0.00340636
lfingers 7.12502 -0 0
lthumb 63.3069 34.0108 -0.0121962
rclavicle 1.79379e-15 -5.2782e-14 7.25013e-32
rhumerus -2.92163 3.43222 -6.56339
rradius 40.5111 -0 0
rwrist -16.5313 0 0
rhand -18.1658 -38.3671 0.031934
rfingers 7.12502 -0 0
rthumb 8.10959 -68.1559 0.0325488
954
root 1.39419 15.398 32.7698 6.27344 -2.88622 4.84373
lfemur 4.51748 0.581765 2.20805
ltibia 5.80231 -0 0
lfoot -31.0161 -14.35 -0.00546461
ltoes -30.7054 0 0
rfemur -30.1745 -10.517 -8.73584
rtibia 47.7085 -0 0
rfoot -16.0921 -0.401542 -0.0299144
rtoes -43.7646 0 0
lowerback -3.24596 -0.858244 -0.468845
upperback -1.36376 -1.09642 -7.1189
thorax 0.278719 -0.574943 -7.19312
lowerneck -7.01422 0.59729 3.62582
upperneck 2.12646 0.320689 3.79722
head 1.86229 0.293336 0.591581
lclavicle 1.78703e-15 -5.21221e-14 7.70959e-32
lhumerus -58.8619 -43.9333 111.865
lradius 55.6325 -0 0
lwrist 25.7181 0 0
lhand 41.0899 24.3043 -0.00362224
lfingers 7.12502 -0 0
lthumb 63.2855 34.0458 -0.0129691
rclavicle 1.78703e-15 -5.21221e-14 7.70959e-32
rhumerus -2.87369 3.23876 -6.50271
rradius 40.414 -0 0
rwrist -16.4746 0 0
rhand -18.2588 -38.3882 0.0339587
rfingers 7.12502 -0 0
rthumb 8.01973 -68.1781 0.0346124
955
root 1.39324 15.3963 32.7692 6.26417 -2.89149 4.83105
lfemur 4.53948 0.584 2.22937
ltibia 5.78662 -0 0
lfoot -31.0266 -14.3198 -0.00578478
ltoes -30.7325 0 0
rfemur -30.1753 -10.5498 -8.71851
rtibia 47.7212 -0 0
rfoot -16.1353 -0.361508 -0.0316672
rtoes -43.7443 0 0
lowerback -3.23742 -0.852074 -0.469696
upperback -1.35743 -1.08808 -7.10987
thorax 0.28154 -0.570574 -7.18263
lowerneck -7.01857 0.597479 3.64598
upperneck 2.12689 0.31885 3.79817
head 1.86325 0.292699 0.588418
lclavicle 1.78027e-15 -5.14622e-14 8.16127e-32
lhumerus -58.8569 -43.9538 111.891
lradius 55.6327 -0 0
lwrist 25.7171 0 0
lhand 41.0642 24.3124 -0.00383446
lfingers 7.12502 -0 0
lthumb 63.2641 34.0809 -0.013729
rclavicle 1.78027e-15 -5.14622e-14 8.16127e-32
rhumerus -2.82597 3.04526 -6.44221
rradius 40.3168 -0 0
rwrist -16.4179 0 0
rhand -18.3519 -38.4093 0.0359491
rfingers 7.12502 -0 0
rthumb 7.92987 -68.2004 0.0366411
956
root 1.39229 15.3946 32.7685 6.25491 -2.89675 4.81838
lfemur 4.56149 0.586227 2.25069
ltibia 5.77093 -0 0
lfoot -31.0371 -14.2897 -0.00609943
ltoes -30.7596 0 0
rfemur -30.1762 -10.5826 -8.70118
rtibia 47.7339 -0 0
rfoot -16.1785 -0.321472 -0.0333899
rtoes -43.724 0 0
lowerback -3.22887 -0.845903 -0.470546
upperback -1.3511 -1.07974 -7.10084
thorax 0.284361 -0.566206 -7.17215
lowerneck -7.02291 0.597669 3.66614
upperneck 2.12732 0.317011 3.79913
head 1.86421 0.292062 0.585255
lclavicle 1.77351e-15 -5.08023e-14 8.60515e-32
lhumerus -58.8519 -43.9742 111.917
lradius 55.633 -0 0
lwrist 25.716 0 0
lhand 41.0385 24.3206 -0.00404302
lfingers 7.12502 -0 0
lthumb 63.2427 34.1159 -0.0144758
rclavicle 1.77351e-15 -5.08023e-14 8.60515e-32
rhumerus -2.77846 2.8517 -6.38188
rradius 40.2196 -0 0
rwrist -16.3612 0 0
rhand -18.445 -38.4303 0.0379054
rfingers 7.12502 -0 0
rthumb 7.84 -68.2226 0.038635
957
root 1.39135 15.3928 32.7679 6.24565 -2.90202 4.8057
lfemur 4.58349 0.588445 2.272
ltibia 5.75524 -0 0
lfoot -31.0476 -14.2596 -0.00640856
ltoes -30.7867 0 0
rfemur -30.177 -10.6154 -8.68384
rtibia 47.7466 -0 0
rfoot -16.2217 -0.281436 -0.0350824
rtoes -43.7036 0 0
lowerback -3.22033 -0.839732 -0.471395
upperback -1.34476 -1.0714 -7.09181
thorax 0.287183 -0.561838 -7.16166
lowerneck -7.02726 0.597862 3.68631
upperneck 2.12775 0.315172 3.80008
head 1.86516 0.291426 0.582092
lclavicle 1.76675e-15 -5.01424e-14 9.04125e-32
lhumerus -58.8469 -43.9947 111.943
lradius 55.6332 -0 0
lwrist 25.715 0 0
lhand 41.0127 24.3287 -0.00424792
lfingers 7.12502 -0 0
lthumb 63.2213 34.1509 -0.0152095
rclavicle 1.76675e-15 -5.01424e-14 9.04125e-32
rhumerus -2.73116 2.65809 -6.32172
rradius 40.1224 -0 0
rwrist -16.3045 0 0
rhand -18.538 -38.4514 0.0398274
rfingers 7.12502 -0 0
rthumb 7.75014 -68.2448 0.0405939
958
root 1.3904 15.3911 32.7672 6.23639 -2.90729 4.79302
lfemur 4.60549 0.590655 2.29332
ltibia 5.73956 -0 0
lfoot -31.0581 -14.2295 -0.00671217
ltoes -30.8138 0 0
rfemur -30.1779 -10.6483 -8.66651
rtibia 47.7593 -0 0
rfoot -16.2649 -0.241398 -0.0367448
rtoes -43.6833 0 0
lowerback -3.21179 -0.833561 -0.472243
upperback -1.33843 -1.06306 -7.08278
thorax 0.290005 -0.55747 -7.15117
lowerneck -7.0316 0.598055 3.70647
upperneck 2.12818 0.313332 3.80104
head 1.86612 0.290789 0.578929
lclavicle 1.75998e-15 -4.94825e-14 9.46956e-32
lhumerus -58.842 -44.0151 111.969
lradius 55.6334 -0 0
lwrist 25.7139 0 0
lhand 40.987 24.3369 -0.00444917
lfingers 7.12502 -0 0
lthumb 63.1999 34.186 -0.0159301
rclavicle 1.75998e-15 -4.94825e-14 9.46956e-32
rhumerus -2.68407 2.46443 -6.26173
rradius 40.0253 -0 0
rwrist -16.2478 0 0
rhand -18.6311 -38.4725 0.0417152
rfingers 7.12502 -0 0
rthumb 7.66027 -68.2671 0.042518
959
root 1.38945 15.3894 32.7666 6.22712 -2.91257 4.78035
lfemur 4.6275 0.592857 2.31464
ltibia 5.72387 -0 0
lfoot -31.0686 -14.1993 -0.00701026
ltoes -30.8409 0 0
rfemur -30.1788 -10.6811 -8.64917
rtibia 47.772 -0 0
rfoot -16.3081 -0.201359 -0.0383769
rtoes -43.663 0 0
lowerback -3.20325 -0.82739 -0.47309
upperback -1.33209 -1.05472 -7.07375
thorax 0.292829 -0.553104 -7.14068
lowerneck -7.03595 0.59825 3.72663
upperneck 2.12861 0.311493 3.80199
head 1.86708 0.290153 0.575766
lclavicle 1.75322e-15 -4.88226e-14 9.89009e-32
lhumerus -58.837 -44.0356 111.995
lradius 55.6336 -0 0
lwrist 25.7129 0 0
lhand 40.9613 24.345 -0.00464675
lfingers 7.12502 -0 0
lthumb 63.1784 34.221 -0.0166376
rclavicle 1.75322e-15 -4.88226e-14 9.89009e-32
rhumerus -2.6372 2.27072 -6.20191
rradius 39.9281 -0 0
rwrist -16.1911 0 0
rhand -18.7242 -38.4935 0.0435688
rfingers 7.12502 -0 0
rthumb 7.5704 -68.2893 0.0444072
960
root 1.3885 15.3877 32.7659 6.21786 -2.91784 4.76767
lfemur 4.6495 0.595051 2.33596
ltibia 5.70818 -0 0
lfoot -31.0791 -14.1692 -0.00730283
ltoes -30.868 0 0
rfemur -30.1797 -10.7139 -8.63183
rtibia 47.7847 -0 0
rfoot -16.3513 -0.161318 -0.0399788
rtoes -43.6426 0 0
lowerback -3.1947 -0.821219 -0.473936
upperback -1.32575 -1.04638 -7.06471
thorax 0.295653 -0.548737 -7.13019
lowerneck -7.04029 0.598447 3.74679
upperneck 2.12904 0.309654 3.80295
head 1.86804 0.289516 0.572603
lclavicle 1.74646e-15 -4.81627e-14 1.03028e-31
lhumerus -58.832 -44.056 112.021
lradius 55.6338 -0 0
lwrist 25.7118 0 0
lhand 40.9356 24.3532 -0.00484068
lfingers 7.12502 -0 0
lthumb 63.157 34.256 -0.017332
rclavicle 1.74646e-15 -4.81627e-14 1.03028e-31
rhumerus -2.59053 2.07697 -6.14226
rradius 39.8309 -0 0
rwrist -16.1344 0 0
rhand -18.8172 -38.5146 0.0453881
rfingers 7.12502 -0 0
rthumb 7.48053 -68.3116 0.0462615
961
root 1.38755 15.386 32.7653 6.20861 -2.92312 4.755
lfemur 4.67151 0.597236 2.35728
ltibia 5.69249 -0 0
lfoot -31.0896 -14.1391 -0.00758989
ltoes -30.8951 0 0
rfemur -30.1806 -10.7467 -8.61448
rtibia 47.7974 -0 0
rfoot -16.3945 -0.121277 -0.0415505
rtoes -43.6223 0 0
lowerback -3.18616 -0.815047 -0.474781
upperback -1.31941 -1.03804 -7.05568
thorax 0.298478 -0.544371 -7.1197
lowerneck -7.04464 0.598645 3.76696
upperneck 2.12947 0.307815 3.8039
head 1.869 0.28888 0.56944
lclavicle 1.7397e-15 -4.75028e-14 1.07078e-31
lhumerus -58.8271 -44.0765 112.047
lradius 55.6341 -0 0
lwrist 25.7108 0 0
lhand 40.9098 24.3613 -0.00503095
lfingers 7.12502 -0 0
lthumb 63.1356 34.2911 -0.0180133
rclavicle 1.7397e-15 -4.75028e-14 1.07078e-31
rhumerus -2.54407 1.88316 -6.08276
rradius 39.7337 -0 0
rwrist -16.0777 0 0
rhand -18.9103 -38.5357 0.0471732
rfingers 7.12502 -0 0
rthumb 7.39067 -68.3338 0.0480808
962
root 1.38661 15.3842 32.7646 6.19935 -2.9284 4.74232
lfemur 4.69352 0.599414 2.3786
ltibia 5.6768 -0 0
lfoot -31.1001 -14.109 -0.00787143
ltoes -30.9222 0 0
rfemur -30.1815 -10.7796 -8.59713
rtibia 47.8101 -0 0
rfoot -16.4377 -0.0812338 -0.0430921
rtoes -43.602 0 0
lowerback -3.17762 -0.808876 -0.475626
upperback -1.31307 -1.02971 -7.04664
thorax 0.301304 -0.540006 -7.10921
lowerneck -7.04898 0.598845 3.78712
upperneck 2.1299 0.305976 3.80486
head 1.86996 0.288244 0.566278
lclavicle 1.73294e-15 -4.68428e-14 1.11049e-31
lhumerus -58.8221 -44.0969 112.073
lradius 55.6343 -0 0
lwrist 25.7097 0 0
lhand 40.8841 24.3695 -0.00521757
lfingers 7.12502 -0 0
lthumb 63.1142 34.3261 -0.0186815
rclavicle 1.73294e-15 -4.68428e-14 1.11049e-31
rhumerus -2.49781 1.68931 -6.02344
rradius 39.6366 -0 0
rwrist -16.021 0 0
rhand -19.0034 -38.5568 0.0489241
rfingers 7.12502 -0 0
rthumb 7.3008 -68.3561 0.0498653
963
root 1.38566 15.3825 32.764 6.19009 -2.93368 4.72965
lfemur 4.71552 0.601583 2.39992
ltibia 5.66111 -0 0
lfoot -31.1106 -14.0788 -0.00814744
ltoes -30.9493 0 0
rfemur -30.1824 -10.8124 -8.57978
rtibia 47.8227 -0 0
rfoot -16.4809 -0.0411899 -0.0446034
rtoes -43.5816 0 0
lowerback -3.16908 -0.802704 -0.476469
upperback -1.30673 -1.02137 -7.03761
thorax 0.304131 -0.535641 -7.09872
lowerneck -7.05333 0.599047 3.80729
upperneck 2.13033 0.304137 3.80581
head 1.87092 0.287607 0.563115
lclavicle 1.72618e-15 -4.61829e-14 1.14943e-31
lhumerus -58.8172 -44.1174 112.099
lradius 55.6345 -0 0
lwrist 25.7087 0 0
lhand 40.8584 24.3776 -0.00540052
lfingers 7.12502 -0 0
lthumb 63.0928 34.3611 -0.0193366
rclavicle 1.72618e-15 -4.61829e-14 1.14943e-31
rhumerus -2.45176 1.49541 -5.96427
rradius 39.5394 -0 0
rwrist -15.9643 0 0
rhand -19.0965 -38.5779 0.0506407
rfingers 7.12502 -0 0
rthumb 7.21093 -68.3784 0.0516149
964
root 1.38471 15.3808 32.7633 6.18084 -2.93896 4.71698
lfemur 4.73753 0.603744 2.42125
ltibia 5.64543 -0 0
lfoot -31.1211 -14.0487 -0.00841794
ltoes -30.9764 0 0
rfemur -30.1834 -10.8452 -8.56243
rtibia 47.8354 -0 0
rfoot -16.5241 -0.00114487 -0.0460846
rtoes -43.5613 0 0
lowerback -3.16054 -0.796532 -0.477312
upperback -1.30039 -1.01304 -7.02857
thorax 0.306958 -0.531277 -7.08823
lowerneck -7.05767 0.599249 3.82745
upperneck 2.13076 0.302297 3.80676
head 1.87188 0.286971 0.559952
lclavicle 1.71942e-15 -4.5523e-14 1.18759e-31
lhumerus -58.8123 -44.1379 112.125
lradius 55.6347 -0 0
lwrist 25.7076 0 0
lhand 40.8326 24.3858 -0.00557982
lfingers 7.12502 -0 0
lthumb 63.0714 34.3962 -0.0199786
rclavicle 1.71942e-15 -4.5523e-14 1.18759e-31
rhumerus -2.40592 1.30146 -5.90527
rradius 39.4422 -0 0
rwrist -15.9076 0 0
rhand -19.1895 -38.599 0.052323
rfingers 7.12502 -0 0
rthumb 7.12106 -68.4006 0.0533295
965
root 1.38376 15.3791 32.7627 6.17158 -2.94425 4.70431
lfemur 4.75954 0.605897 2.44257
ltibia 5.62974 -0 0
lfoot -31.1316 -14.0186 -0.00868292
ltoes -31.0035 0 0
rfemur -30.1843 -10.878 -8.54508
rtibia 47.8481 -0 0
rfoot -16.5674 0.0389013 -0.0475355
rtoes -43.541 0 0
lowerback -3.15199 -0.79036 -0.478154
upperback -1.29404 -1.00471 -7.01953
thorax 0.309787 -0.526913 -7.07774
lowerneck -7.06202 0.599454 3.84761
upperneck 2.1312 0.300458 3.80772
head 1.87284 0.286335 0.556789
lclavicle 1.71265e-15 -4.48631e-14 1.22497e-31
lhumerus -58.8074 -44.1583 112.151
lradius 55.6349 -0 0
lwrist 25.7066 0 0
lhand 40.8069 24.3939 -0.00575545
lfingers 7.12502 -0 0
lthumb 63.0499 34.4312 -0.0206076
rclavicle 1.71265e-15 -4.48631e-14 1.22497e-31
rhumerus -2.36027 1.10747 -5.84642
rradius 39.345 -0 0
rwrist -15.8509 0 0
rhand -19.2826 -38.6201 0.0539711
rfingers 7.12502 -0 0
rthumb 7.03118 -68.4229 0.0550092
966
root 1.38282 15.3773 32.762 6.16233 -2.94954 4.69164
lfemur 4.78155 0.608041 2.46389
ltibia 5.61405 -0 0
lfoot -31.1421 -13.9885 -0.00894238
ltoes -31.0306 0 0
rfemur -30.1853 -10.9108 -8.52772
rtibia 47.8608 -0 0
rfoot -16.6106 0.0789485 -0.0489562
rtoes -43.5207 0 0
lowerback -3.14345 -0.784188 -0.478994
upperback -1.2877 -0.996374 -7.01049
thorax 0.312616 -0.522549 -7.06725
lowerneck -7.06636 0.59966 3.86778
upperneck 2.13163 0.298619 3.80867
head 1.8738 0.285699 0.553626
lclavicle 1.70589e-15 -4.42032e-14 1.26157e-31
lhumerus -58.8025 -44.1788 112.177
lradius 55.6352 -0 0
lwrist 25.7055 0 0
lhand 40.7812 24.4021 -0.00592743
lfingers 7.12502 -0 0
lthumb 63.0285 34.4662 -0.0212234
rclavicle 1.70589e-15 -4.42032e-14 1.26157e-31
rhumerus -2.31483 0.913426 -5.78774
rradius 39.2479 -0 0
rwrist -15.7942 0 0
rhand -19.3757 -38.6411 0.055585
rfingers 7.12502 -0 0
rthumb 6.94131 -68.4452 0.056654
967
root 1.38187 15.3756 32.7614 6.15308 -2.95482 4.67897
lfemur 4.80356 0.610178 2.48522
ltibia 5.59836 -0 0
lfoot -31.1526 -13.9583 -0.00919633
ltoes -31.0577 0 0
rfemur -30.1862 -10.9437 -8.51036
rtibia 47.8735 -0 0
rfoot -16.6538 0.118997 -0.0503467
rtoes -43.5003 0 0
lowerback -3.13491 -0.778016 -0.479834
upperback -1.28135 -0.988043 -7.00145
thorax 0.315446 -0.518187 -7.05676
lowerneck -7.07071 0.599867 3.88794
upperneck 2.13206 0.29678 3.80963
head 1.87475 0.285063 0.550463
lclavicle 1.69913e-15 -4.35433e-14 1.29739e-31
lhumerus -58.7976 -44.1993 112.204
lradius 55.6354 -0 0
lwrist 25.7045 0 0
lhand 40.7555 24.4102 -0.00609575
lfingers 7.12502 -0 0
lthumb 63.0071 34.5013 -0.0218261
rclavicle 1.69913e-15 -4.35433e-14 1.29739e-31
rhumerus -2.26959 0.719339 -5.72921
rradius 39.1507 -0 0
rwrist -15.7375 0 0
rhand -19.4688 -38.6622 0.0571645
rfingers 7.12502 -0 0
rthumb 6.85144 -68.4674 0.0582639
968
root 1.38092 15.3739 32.7607 6.14383 -2.96012 4.6663
lfemur 4.82557 0.612306 2.50655
ltibia 5.58267 -0 0
lfoot -31.1631 -13.9282 -0.00944475
ltoes -31.0848 0 0
rfemur -30.1872 -10.9765 -8.493
rtibia 47.8862 -0 0
rfoot -16.697 0.159046 -0.0517071
rtoes -43.48 0 0
lowerback -3.12637 -0.771844 -0.480673
upperback -1.275 -0.979713 -6.99241
thorax 0.318276 -0.513824 -7.04627
lowerneck -7.07505 0.600076 3.9081
upperneck 2.13249 0.294941 3.81058
head 1.87571 0.284427 0.5473
lclavicle 1.69237e-15 -4.28834e-14 1.33244e-31
lhumerus -58.7928 -44.2197 112.23
lradius 55.6356 -0 0
lwrist 25.7034 0 0
lhand 40.7297 24.4184 -0.00626041
lfingers 7.12502 -0 0
lthumb 62.9857 34.5363 -0.0224157
rclavicle 1.69237e-15 -4.28834e-14 1.33244e-31
rhumerus -2.22455 0.525205 -5.67083
rradius 39.0535 -0 0
rwrist -15.6808 0 0
rhand -19.5618 -38.6833 0.0587098
rfingers 7.12502 -0 0
rthumb 6.76157 -68.4897 0.0598388
969
root 1.37997 15.3722 32.7601 6.13458 -2.96541 4.65363
lfemur 4.84759 0.614426 2.52787
ltibia 5.56698 -0 0
lfoot -31.1736 -13.8981 -0.00968765
ltoes -31.1119 0 0
rfemur -30.1882 -11.0093 -8.47564
rtibia 47.8989 -0 0
rfoot -16.7402 0.199097 -0.0530372
rtoes -43.4597 0 0
lowerback -3.11783 -0.765671 -0.481511
upperback -1.26865 -0.971384 -6.98337
thorax 0.321108 -0.509462 -7.03578
lowerneck -7.0794 0.600287 3.92827
upperneck 2.13292 0.293101 3.81154
head 1.87667 0.283791 0.544137
lclavicle 1.68561e-15 -4.22235e-14 1.3667e-31
lhumerus -58.7879 -44.2402 112.256
lradius 55.6358 -0 0
lwrist 25.7024 0 0
lhand 40.704 24.4265 -0.00642142
lfingers 7.12502 -0 0
lthumb 62.9643 34.5713 -0.0229923
rclavicle 1.68561e-15 -4.22235e-14 1.3667e-31
rhumerus -2.17971 0.331026 -5.61261
rradius 38.9563 -0 0
rwrist -15.6241 0 0
rhand -19.6549 -38.7044 0.0602208
rfingers 7.12502 -0 0
rthumb 6.67169 -68.512 0.0613788
970
root 1.37902 15.3705 32.7594 6.12533 -2.97071 4.64097
lfemur 4.8696 0.616538 2.5492
ltibia 5.55129 -0 0
lfoot -31.1841 -13.868 -0.00992503
ltoes -31.139 0 0
rfemur -30.1892 -11.0421 -8.45827
rtibia 47.9116 -0 0
rfoot -16.7834 0.239148 -0.0543371
rtoes -43.4393 0 0
lowerback -3.10929 -0.759499 -0.482348
upperback -1.2623 -0.963056 -6.97433
thorax 0.32394 -0.505101 -7.02528
lowerneck -7.08374 0.600499 3.94843
upperneck 2.13335 0.291262 3.81249
head 1.87763 0.283155 0.540974
lclavicle 1.67885e-15 -4.15636e-14 1.40019e-31
lhumerus -58.7831 -44.2607 112.282
lradius 55.6361 -0 0
lwrist 25.7013 0 0
lhand 40.6783 24.4347 -0.00657876
lfingers 7.12502 -0 0
lthumb 62.9428 34.6064 -0.0235557
rclavicle 1.67885e-15 -4.15636e-14 1.40019e-31
rhumerus -2.13507 0.136801 -5.55454
rradius 38.8592 -0 0
rwrist -15.5674 0 0
rhand -19.748 -38.7255 0.0616975
rfingers 7.12502 -0 0
rthumb 6.58182 -68.5342 0.0628838
971
root 1.37808 15.3687 32.7588 6.11608 -2.976 4.6283
lfemur 4.89161 0.618642 2.57053
ltibia 5.5356 -0 0
lfoot -31.1946 -13.8378 -0.0101569
ltoes -31.1662 0 0
rfemur -30.1902 -11.0749 -8.4409
rtibia 47.9243 -0 0
rfoot -16.8266 0.2792 -0.0556067
rtoes -43.419 0 0
lowerback -3.10075 -0.753326 -0.483184
upperback -1.25595 -0.954729 -6.96529
thorax 0.326773 -0.50074 -7.01479
lowerneck -7.08809 0.600712 3.96859
upperneck 2.13378 0.289423 3.81345
head 1.87859 0.282519 0.537811
lclavicle 1.67209e-15 -4.09037e-14 1.43289e-31
lhumerus -58.7782 -44.2811 112.308
lradius 55.6363 -0 0
lwrist 25.7003 0 0
lhand 40.6526 24.4428 -0.00673245
lfingers 7.12502 -0 0
lthumb 62.9214 34.6414 -0.024106
rclavicle 1.67209e-15 -4.09037e-14 1.43289e-31
rhumerus -2.09062 -0.057469 -5.49663
rradius 38.762 -0 0
rwrist -15.5107 0 0
rhand -19.8411 -38.7467 0.06314
rfingers 7.12502 -0 0
rthumb 6.49194 -68.5565 0.0643539
972
root 1.37713 15.367 32.7581 6.10683 -2.9813 4.61564
lfemur 4.91363 0.620737 2.59186
ltibia 5.51992 -0 0
lfoot -31.2051 -13.8077 -0.0103832
ltoes -31.1933 0 0
rfemur -30.1912 -11.1078 -8.42353
rtibia 47.937 -0 0
rfoot -16.8699 0.319253 -0.0568462
rtoes -43.3987 0 0
lowerback -3.0922 -0.747153 -0.484019
upperback -1.24959 -0.946403 -6.95624
thorax 0.329607 -0.49638 -7.0043
lowerneck -7.09243 0.600927 3.98876
upperneck 2.13421 0.287584 3.8144
head 1.87955 0.281883 0.534648
lclavicle 1.66533e-15 -4.02437e-14 1.46482e-31
lhumerus -58.7734 -44.3016 112.334
lradius 55.6365 -0 0
lwrist 25.6992 0 0
lhand 40.6268 24.451 -0.00688247
lfingers 7.12502 -0 0
lthumb 62.9 34.6764 -0.0246433
rclavicle 1.66533e-15 -4.02437e-14 1.46482e-31
rhumerus -2.04637 -0.251784 -5.43886
rradius 38.6648 -0 0
rwrist -15.454 0 0
rhand -19.9341 -38.7678 0.0645481
rfingers 7.12502 -0 0
rthumb 6.40207 -68.5788 0.0657891
973
root 1.37618 15.3653 32.7575 6.09759 -2.9866 4.60297
lfemur 4.93564 0.622825 2.61319
ltibia 5.50423 -0 0
lfoot -31.2156 -13.7776 -0.0106041
ltoes -31.2204 0 0
rfemur -30.1923 -11.1406 -8.40616
rtibia 47.9496 -0 0
rfoot -16.9131 0.359308 -0.0580555
rtoes -43.3783 0 0
lowerback -3.08366 -0.74098 -0.484853
upperback -1.24324 -0.938078 -6.9472
thorax 0.332442 -0.49202 -6.99381
lowerneck -7.09678 0.601144 4.00892
upperneck 2.13464 0.285744 3.81535
head 1.88051 0.281247 0.531485
lclavicle 1.65856e-15 -3.95838e-14 1.49597e-31
lhumerus -58.7686 -44.3221 112.36
lradius 55.6367 -0 0
lwrist 25.6982 0 0
lhand 40.6011 24.4591 -0.00702884
lfingers 7.12502 -0 0
lthumb 62.8786 34.7115 -0.0251674
rclavicle 1.65856e-15 -3.95838e-14 1.49597e-31
rhumerus -2.00232 -0.446143 -5.38124
rradius 38.5676 -0 0
rwrist -15.3973 0 0
rhand -20.0272 -38.7889 0.065922
rfingers 7.12502 -0 0
rthumb 6.31219 -68.6011 0.0671893
974
root 1.37523 15.3636 32.7568 6.08834 -2.99191 4.59031
lfemur 4.95766 0.624904 2.63452
ltibia 5.48854 -0 0
lfoot -31.2261 -13.7475 -0.0108194
ltoes -31.2475 0 0
rfemur -30.1933 -11.1734 -8.38878
rtibia 47.9623 -0 0
rfoot -16.9563 0.399363 -0.0592345
rtoes -43.358 0 0
lowerback -3.07512 -0.734807 -0.485687
upperback -1.23688 -0.929755 -6.93815
thorax 0.335277 -0.487661 -6.98332
lowerneck -7.10112 0.601362 4.02909
upperneck 2.13507 0.283905 3.81631
head 1.88147 0.280611 0.528322
lclavicle 1.6518e-15 -3.89239e-14 1.52634e-31
lhumerus -58.7638 -44.3426 112.387
lradius 55.6369 -0 0
lwrist 25.6971 0 0
lhand 40.5754 24.4672 -0.00717155
lfingers 7.12502 -0 0
lthumb 62.8571 34.7465 -0.0256784
rclavicle 1.6518e-15 -3.89239e-14 1.52634e-31
rhumerus -1.95846 -0.640546 -5.32377
rradius 38.4705 -0 0
rwrist -15.3406 0 0
rhand -20.1203 -38.81 0.0672615
rfingers 7.12502 -0 0
rthumb 6.22231 -68.6234 0.0685545
975
root 1.37428 15.3619 32.7562 6.0791 -2.99721 4.57764
lfemur 4.97968 0.626975 2.65585
ltibia 5.47285 -0 0
lfoot -31.2366 -13.7173 -0.0110292
ltoes -31.2746 0 0
rfemur -30.1943 -11.2062 -8.3714
rtibia 47.975 -0 0
rfoot -16.9995 0.439419 -0.0603834
rtoes -43.3377 0 0
lowerback -3.06658 -0.728634 -0.486519
upperback -1.23052 -0.921432 -6.9291
thorax 0.338113 -0.483303 -6.97282
lowerneck -7.10547 0.601582 4.04925
upperneck 2.1355 0.282066 3.81726
head 1.88243 0.279976 0.525159
lclavicle 1.64504e-15 -3.8264e-14 1.55594e-31
lhumerus -58.759 -44.3631 112.413
lradius 55.6372 -0 0
lwrist 25.6961 0 0
lhand 40.5497 24.4754 -0.0073106
lfingers 7.12502 -0 0
lthumb 62.8357 34.7816 -0.0261764
rclavicle 1.64504e-15 -3.8264e-14 1.55594e-31
rhumerus -1.91479 -0.834993 -5.26645
rradius 38.3733 -0 0
rwrist -15.2839 0 0
rhand -20.2134 -38.8311 0.0685668
rfingers 7.12502 -0 0
rthumb 6.13244 -68.6457 0.0698848
976
root 1.37334 15.3601 32.7555 6.06986 -3.00252 4.56498
lfemur 5.0017 0.629037 2.67719
ltibia 5.45716 -0 0
lfoot -31.2471 -13.6872 -0.0112334
ltoes -31.3017 0 0
rfemur -30.1954 -11.239 -8.35402
rtibia 47.9877 -0 0
rfoot -17.0428 0.479475 -0.061502
rtoes -43.3173 0 0
lowerback -3.05804 -0.722461 -0.487351
upperback -1.22416 -0.91311 -6.92006
thorax 0.340951 -0.478944 -6.96233
lowerneck -7.10981 0.601803 4.06941
upperneck 2.13593 0.280227 3.81822
head 1.88339 0.27934 0.521996
lclavicle 1.63828e-15 -3.76041e-14 1.58475e-31
lhumerus -58.7542 -44.3835 112.439
lradius 55.6374 -0 0
lwrist 25.695 0 0
lhand 40.5239 24.4835 -0.00744599
lfingers 7.12502 -0 0
lthumb 62.8143 34.8166 -0.0266612
rclavicle 1.63828e-15 -3.76041e-14 1.58475e-31
rhumerus -1.87131 -1.02948 -5.20927
rradius 38.2761 -0 0
rwrist -15.2272 0 0
rhand -20.3065 -38.8522 0.0698377
rfingers 7.12502 -0 0
rthumb 6.04256 -68.668 0.0711801
977
root 1.37239 15.3584 32.7549 6.06062 -3.00783 4.55232
lfemur 5.02372 0.631092 2.69852
ltibia 5.44147 -0 0
lfoot -31.2576 -13.6571 -0.0114322
ltoes -31.3288 0 0
rfemur -30.1965 -11.2718 -8.33663
rtibia 48.0004 -0 0
rfoot -17.086 0.519533 -0.0625904
rtoes -43.297 0 0
lowerback -3.0495 -0.716287 -0.488181
upperback -1.2178 -0.904789 -6.91101
thorax 0.343788 -0.474587 -6.95184
lowerneck -7.11416 0.602026 4.08958
upperneck 2.13636 0.278387 3.81917
head 1.88435 0.278705 0.518832
lclavicle 1.63152e-15 -3.69442e-14 1.61278e-31
lhumerus -58.7495 -44.404 112.465
lradius 55.6376 -0 0
lwrist 25.694 0 0
lhand 40.4982 24.4917 -0.00757773
lfingers 7.12502 -0 0
lthumb 62.7929 34.8516 -0.0271329
rclavicle 1.63152e-15 -3.69442e-14 1.61278e-31
rhumerus -1.82803 -1.22402 -5.15224
rradius 38.1789 -0 0
rwrist -15.1706 0 0
rhand -20.3995 -38.8733 0.0710744
rfingers 7.12502 -0 0
rthumb 5.95268 -68.6903 0.0724405
978
root 1.37144 15.3567 32.7542 6.05138 -3.01314 4.53966
lfemur 5.04574 0.633138 2.71985
ltibia 5.42578 -0 0
lfoot -31.2681 -13.627 -0.0116254
ltoes -31.3559 0 0
rfemur -30.1976 -11.3047 -8.31925
rtibia 48.0131 -0 0
rfoot -17.1292 0.559592 -0.0636485
rtoes -43.2767 0 0
lowerback -3.04096 -0.710114 -0.489011
upperback -1.21144 -0.896469 -6.90196
thorax 0.346627 -0.47023 -6.94134
lowerneck -7.1185 0.60225 4.10974
upperneck 2.13679 0.276548 3.82013
head 1.88531 0.278069 0.515669
lclavicle 1.62476e-15 -3.62843e-14 1.64004e-31
lhumerus -58.7447 -44.4245 112.491
lradius 55.6378 -0 0
lwrist 25.6929 0 0
lhand 40.4725 24.4998 -0.0077058
lfingers 7.12502 -0 0
lthumb 62.7714 34.8867 -0.0275916
rclavicle 1.62476e-15 -3.62843e-14 1.64004e-31
rhumerus -1.78494 -1.41859 -5.09534
rradius 38.0818 -0 0
rwrist -15.1139 0 0
rhand -20.4926 -38.8945 0.0722767
rfingers 7.12502 -0 0
rthumb 5.8628 -68.7125 0.0736658
979
root 1.37049 15.355 32.7536 6.04214 -3.01846 4.527
lfemur 5.06776 0.635176 2.74119
ltibia 5.41009 -0 0
lfoot -31.2785 -13.5968 -0.0118131
ltoes -31.383 0 0
rfemur -30.1986 -11.3375 -8.30186
rtibia 48.0258 -0 0
rfoot -17.1724 0.599651 -0.0646765
rtoes -43.2563 0 0
lowerback -3.03242 -0.70394 -0.48984
upperback -1.20508 -0.88815 -6.89291
thorax 0.349467 -0.465873 -6.93085
lowerneck -7.12284 0.602476 4.12991
upperneck 2.13722 0.274709 3.82108
head 1.88627 0.277434 0.512506
lclavicle 1.618e-15 -3.56244e-14 1.66652e-31
lhumerus -58.74 -44.445 112.517
lradius 55.638 -0 0
lwrist 25.6919 0 0
lhand 40.4468 24.508 -0.00783022
lfingers 7.12502 -0 0
lthumb 62.75 34.9217 -0.0280371
rclavicle 1.618e-15 -3.56244e-14 1.66652e-31
rhumerus -1.74203 -1.61321 -5.03859
rradius 37.9846 -0 0
rwrist -15.0572 0 0
rhand -20.5857 -38.9156 0.0734447
rfingers 7.12502 -0 0
rthumb 5.77292 -68.7348 0.0748562
980
root 1.36954 15.3533 32.7529 6.0329 -3.02377 4.51434
lfemur 5.08978 0.637206 2.76253
ltibia 5.3944 -0 0
lfoot -31.289 -13.5667 -0.0119953
ltoes -31.4101 0 0
rfemur -30.1997 -11.3703 -8.28446
rtibia 48.0385 -0 0
rfoot -17.2157 0.639711 -0.0656742
rtoes -43.236 0 0
lowerback -3.02388 -0.697766 -0.490667
upperback -1.19871 -0.879832 -6.88386
thorax 0.352307 -0.461517 -6.92036
lowerneck -7.12719 0.602703 4.15007
upperneck 2.13765 0.272869 3.82203
head 1.88723 0.276798 0.509343
lclavicle 1.61123e-15 -3.49645e-14 1.69222e-31
lhumerus -58.7352 -44.4655 112.544
lradius 55.6383 -0 0
lwrist 25.6908 0 0
lhand 40.421 24.5161 -0.00795097
lfingers 7.12502 -0 0
lthumb 62.7286 34.9567 -0.0284695
rclavicle 1.61123e-15 -3.49645e-14 1.69222e-31
rhumerus -1.69932 -1.80788 -4.98198
rradius 37.8874 -0 0
rwrist -15.0005 0 0
rhand -20.6788 -38.9367 0.0745784
rfingers 7.12502 -0 0
rthumb 5.68304 -68.7571 0.0760116
981
root 1.3686 15.3515 32.7523 6.02367 -3.02909 4.50168
lfemur 5.1118 0.639228 2.78386
ltibia 5.37872 -0 0
lfoot -31.2995 -13.5366 -0.0121719
ltoes -31.4372 0 0
rfemur -30.2009 -11.4031 -8.26707
rtibia 48.0512 -0 0
rfoot -17.2589 0.679772 -0.0666417
rtoes -43.2157 0 0
lowerback -3.01534 -0.691592 -0.491494
upperback -1.19235 -0.871515 -6.8748
thorax 0.355148 -0.457161 -6.90986
lowerneck -7.13153 0.602932 4.17023
upperneck 2.13808 0.27103 3.82299
head 1.88819 0.276163 0.50618
lclavicle 1.60447e-15 -3.43045e-14 1.71714e-31
lhumerus -58.7305 -44.486 112.57
lradius 55.6385 -0 0
lwrist 25.6898 0 0
lhand 40.3953 24.5243 -0.00806807
lfingers 7.12502 -0 0
lthumb 62.7072 34.9918 -0.0288888
rclavicle 1.60447e-15 -3.43045e-14 1.71714e-31
rhumerus -1.65679 -2.00258 -4.92551
rradius 37.7902 -0 0
rwrist -14.9438 0 0
rhand -20.7719 -38.9578 0.0756778
rfingers 7.12502 -0 0
rthumb 5.59316 -68.7794 0.0771321
982
root 1.36765 15.3498 32.7516 6.01443 -3.03441 4.48902
lfemur 5.13382 0.641241 2.8052
ltibia 5.36303 -0 0
lfoot -31.31 -13.5065 -0.0123431
ltoes -31.4643 0 0
rfemur -30.202 -11.4359 -8.24967
rtibia 48.0639 -0 0
rfoot -17.3021 0.719833 -0.067579
rtoes -43.1953 0 0
lowerback -3.0068 -0.685418 -0.49232
upperback -1.18598 -0.863199 -6.86575
thorax 0.35799 -0.452806 -6.89937
lowerneck -7.13588 0.603162 4.1904
upperneck 2.13851 0.269191 3.82394
head 1.88915 0.275528 0.503017
lclavicle 1.59771e-15 -3.36446e-14 1.74128e-31
lhumerus -58.7258 -44.5065 112.596
lradius 55.6387 -0 0
lwrist 25.6887 0 0
lhand 40.3696 24.5324 -0.00818151
lfingers 7.12502 -0 0
lthumb 62.6857 35.0268 -0.0292951
rclavicle 1.59771e-15 -3.36446e-14 1.74128e-31
rhumerus -1.61445 -2.19732 -4.86918
rradius 37.6931 -0 0
rwrist -14.8871 0 0
rhand -20.8649 -38.979 0.0767428
rfingers 7.12502 -0 0
rthumb 5.50328 -68.8017 0.0782175
983
root 1.3667 15.3481 32.751 6.0052 -3.03973 4.47637
lfemur 5.15584 0.643246 2.82654
ltibia 5.34734 -0 0
lfoot -31.3205 -13.4763 -0.0125087
ltoes -31.4914 0 0
rfemur -30.2031 -11.4687 -8.23227
rtibia 48.0765 -0 0
rfoot -17.3453 0.759895 -0.0684861
rtoes -43.175 0 0
lowerback -2.99826 -0.679244 -0.493145
upperback -1.17961 -0.854884 -6.8567
thorax 0.360833 -0.448451 -6.88887
lowerneck -7.14022 0.603394 4.21056
upperneck 2.13894 0.267351 3.8249
head 1.89011 0.274892 0.499854
lclavicle 1.59095e-15 -3.29847e-14 1.76464e-31
lhumerus -58.7211 -44.5269 112.622
lradius 55.6389 -0 0
lwrist 25.6877 0 0
lhand 40.3438 24.5406 -0.00829129
lfingers 7.12502 -0 0
lthumb 62.6643 35.0618 -0.0296882
rclavicle 1.59095e-15 -3.29847e-14 1.76464e-31
rhumerus -1.57229 -2.39211 -4.81298
rradius 37.5959 -0 0
rwrist -14.8304 0 0
rhand -20.958 -39.0001 0.0777736
rfingers 7.12502 -0 0
rthumb 5.4134 -68.824 0.079268
984
root 1.36575 15.3464 32.7503 5.99596 -3.04506 4.46371
lfemur 5.17787 0.645244 2.84788
ltibia 5.33165 -0 0
lfoot -31.331 -13.4462 -0.0126688
ltoes -31.5185 0 0
rfemur -30.2042 -11.5016 -8.21487
rtibia 48.0892 -0 0
rfoot -17.3886 0.799958 -0.0693629
rtoes -43.1547 0 0
lowerback -2.98972 -0.673069 -0.493969
upperback -1.17324 -0.84657 -6.84764
thorax 0.363676 -0.444097 -6.87838
lowerneck -7.14456 0.603628 4.23073
upperneck 2.13937 0.265512 3.82585
head 1.89107 0.274257 0.496691
lclavicle 1.58419e-15 -3.23248e-14 1.78722e-31
lhumerus -58.7164 -44.5474 112.648
lradius 55.6391 -0 0
lwrist 25.6866 0 0
lhand 40.3181 24.5487 -0.00839741
lfingers 7.12502 -0 0
lthumb 62.6429 35.0969 -0.0300682
rclavicle 1.58419e-15 -3.23248e-14 1.78722e-31
rhumerus -1.53032 -2.58694 -4.75692
rradius 37.4987 -0 0
rwrist -14.7737 0 0
rhand -21.0511 -39.0212 0.07877
rfingers 7.12502 -0 0
rthumb 5.32352 -68.8464 0.0802835
985
root 1.3648 15.3447 32.7497 5.98673 -3.05038 4.45105
lfemur 5.19989 0.647232 2.86922
ltibia 5.31596 -0 0
lfoot -31.3415 -13.4161 -0.0128234
ltoes -31.5456 0 0
rfemur -30.2054 -11.5344 -8.19746
rtibia 48.1019 -0 0
rfoot -17.4318 0.840022 -0.0702095
rtoes -43.1343 0 0
lowerback -2.98118 -0.666895 -0.494793
upperback -1.16687 -0.838257 -6.83858
thorax 0.36652 -0.439744 -6.86789
lowerneck -7.14891 0.603863 4.25089
upperneck 2.1398 0.263673 3.8268
head 1.89203 0.273622 0.493527
lclavicle 1.57743e-15 -3.16649e-14 1.80903e-31
lhumerus -58.7118 -44.5679 112.675
lradius 55.6394 -0 0
lwrist 25.6856 0 0
lhand 40.2924 24.5569 -0.00849987
lfingers 7.12502 -0 0
lthumb 62.6215 35.1319 -0.0304351
rclavicle 1.57743e-15 -3.16649e-14 1.80903e-31
rhumerus -1.48853 -2.78181 -4.70099
rradius 37.4015 -0 0
rwrist -14.717 0 0
rhand -21.1442 -39.0424 0.079732
rfingers 7.12502 -0 0
rthumb 5.23364 -68.8687 0.081264
986
root 1.36386 15.3429 32.749 5.9775 -3.05571 4.4384
lfemur 5.22192 0.649213 2.89056
ltibia 5.30027 -0 0
lfoot -31.352 -13.386 -0.0129725
ltoes -31.5727 0 0
rfemur -30.2066 -11.5672 -8.18005
rtibia 48.1146 -0 0
rfoot -17.475 0.880086 -0.0710259
rtoes -43.114 0 0
lowerback -2.97264 -0.66072 -0.495615
upperback -1.1605 -0.829945 -6.82953
thorax 0.369365 -0.435391 -6.85739
lowerneck -7.15325 0.604099 4.27105
upperneck 2.14023 0.261833 3.82776
head 1.89299 0.272987 0.490364
lclavicle 1.57067e-15 -3.1005e-14 1.83006e-31
lhumerus -58.7071 -44.5884 112.701
lradius 55.6396 -0 0
lwrist 25.6845 0 0
lhand 40.2667 24.565 -0.00859867
lfingers 7.12502 -0 0
lthumb 62.6 35.167 -0.0307889
rclavicle 1.57067e-15 -3.1005e-14 1.83006e-31
rhumerus -1.44693 -2.97672 -4.64519
rradius 37.3044 -0 0
rwrist -14.6603 0 0
rhand -21.2373 -39.0635 0.0806597
rfingers 7.12502 -0 0
rthumb 5.14376 -68.891 0.0822094
987
root 1.36291 15.3412 32.7484 5.96827 -3.06104 4.42575
lfemur 5.24395 0.651186 2.9119
ltibia 5.28458 -0 0
lfoot -31.3625 -13.3558 -0.013116
ltoes -31.5998 0 0
rfemur -30.2077 -11.6 -8.16264
rtibia 48.1273 -0 0
rfoot -17.5183 0.92015 -0.071812
rtoes -43.0937 0 0
lowerback -2.9641 -0.654546 -0.496436
upperback -1.15413 -0.821634 -6.82047
thorax 0.372211 -0.431038 -6.8469
lowerneck -7.15759 0.604337 4.29122
upperneck 2.14066 0.259994 3.82871
head 1.89395 0.272352 0.487201
lclavicle 1.56391e-15 -3.03451e-14 1.8503e-31
lhumerus -58.7024 -44.6089 112.727
lradius 55.6398 -0 0
lwrist 25.6835 0 0
lhand 40.2409 24.5732 -0.00869381
lfingers 7.12502 -0 0
lthumb 62.5786 35.202 -0.0311296
rclavicle 1.56391e-15 -3.03451e-14 1.8503e-31
rhumerus -1.40551 -3.17167 -4.58953
rradius 37.2072 -0 0
rwrist -14.6036 0 0
rhand -21.3304 -39.0846 0.0815531
rfingers 7.12502 -0 0
rthumb 5.05387 -68.9133 0.0831199
988
root 1.36196 15.3395 32.7477 5.95904 -3.06638 4.41309
lfemur 5.26597 0.65315 2.93324
ltibia 5.26889 -0 0
lfoot -31.373 -13.3257 -0.013254
ltoes -31.6269 0 0
rfemur -30.2089 -11.6328 -8.14523
rtibia 48.14 -0 0
rfoot -17.5615 0.960216 -0.0725679
rtoes -43.0733 0 0
lowerback -2.95556 -0.648371 -0.497257
upperback -1.14775 -0.813324 -6.81141
thorax 0.375058 -0.426686 -6.8364
lowerneck -7.16194 0.604577 4.31138
upperneck 2.14109 0.258155 3.82967
head 1.89491 0.271717 0.484038
lclavicle 1.55714e-15 -2.96852e-14 1.86977e-31
lhumerus -58.6978 -44.6294 112.753
lradius 55.64 -0 0
lwrist 25.6824 0 0
lhand 40.2152 24.5813 -0.00878529
lfingers 7.12502 -0 0
lthumb 62.5572 35.237 -0.0314573
rclavicle 1.55714e-15 -2.96852e-14 1.86977e-31
rhumerus -1.36427 -3.36666 -4.53399
rradius 37.11 -0 0
rwrist -14.5469 0 0
rhand -21.4235 -39.1058 0.0824122
rfingers 7.12502 -0 0
rthumb 4.96399 -68.9356 0.0839954
989
root 1.36101 15.3378 32.747 5.94981 -3.07171 4.40044
lfemur 5.288 0.655106 2.95458
ltibia 5.2532 -0 0
lfoot -31.3835 -13.2956 -0.0133865
ltoes -31.654 0 0
rfemur -30.2101 -11.6656 -8.12781
rtibia 48.1527 -0 0
rfoot -17.6047 1.00028 -0.0732936
rtoes -43.053 0 0
lowerback -2.94702 -0.642196 -0.498076
upperback -1.14138 -0.805015 -6.80235
thorax 0.377905 -0.422335 -6.8259
lowerneck -7.16628 0.604818 4.33155
upperneck 2.14152 0.256315 3.83062
head 1.89587 0.271082 0.480875
lclavicle 1.55038e-15 -2.90253e-14 1.88846e-31
lhumerus -58.6932 -44.6499 112.78
lradius 55.6403 -0 0
lwrist 25.6813 0 0
lhand 40.1895 24.5895 -0.00887312
lfingers 7.12502 -0 0
lthumb 62.5358 35.2721 -0.0317718
rclavicle 1.55038e-15 -2.90253e-14 1.88846e-31
rhumerus -1.32321 -3.56169 -4.47859
rradius 37.0128 -0 0
rwrist -14.4902 0 0
rhand -21.5165 -39.1269 0.0832369
rfingers 7.12502 -0 0
rthumb 4.87411 -68.9579 0.0848359
990
root 1.36006 15.3361 32.7464 5.94059 -3.07705 4.38779
lfemur 5.31003 0.657054 2.97593
ltibia 5.23751 -0 0
lfoot -31.394 -13.2655 -0.0135135
ltoes -31.6811 0 0
rfemur -30.2113 -11.6984 -8.11039
rtibia 48.1654 -0 0
rfoot -17.6479 1.04035 -0.0739891
rtoes -43.0327 0 0
lowerback -2.93848 -0.636021 -0.498895
upperback -1.135 -0.796707 -6.79329
thorax 0.380754 -0.417984 -6.81541
lowerneck -7.17062 0.605061 4.35171
upperneck 2.14195 0.254476 3.83157
head 1.89683 0.270447 0.477711
lclavicle 1.54362e-15 -2.83653e-14 1.90637e-31
lhumerus -58.6886 -44.6704 112.806
lradius 55.6405 -0 0
lwrist 25.6803 0 0
lhand 40.1638 24.5976 -0.00895728
lfingers 7.12502 -0 0
lthumb 62.5143 35.3071 -0.0320732
rclavicle 1.54362e-15 -2.83653e-14 1.90637e-31
rhumerus -1.28233 -3.75676 -4.42331
rradius 36.9156 -0 0
rwrist -14.4335 0 0
rhand -21.6096 -39.1481 0.0840272
rfingers 7.12502 -0 0
rthumb 4.78422 -68.9802 0.0856414
991
root 1.35912 15.3343 32.7457 5.93136 -3.08238 4.37514
lfemur 5.33206 0.658994 2.99727
ltibia 5.22182 -0 0
lfoot -31.4045 -13.2353 -0.013635
ltoes -31.7082 0 0
rfemur -30.2125 -11.7312 -8.09297
rtibia 48.1781 -0 0
rfoot -17.6912 1.08042 -0.0746543
rtoes -43.0123 0 0
lowerback -2.92994 -0.629846 -0.499713
upperback -1.12862 -0.7884 -6.78423
thorax 0.383603 -0.413634 -6.80491
lowerneck -7.17497 0.605305 4.37188
upperneck 2.14238 0.252637 3.83253
head 1.89779 0.269812 0.474548
lclavicle 1.53686e-15 -2.77054e-14 1.9235e-31
lhumerus -58.684 -44.6909 112.832
lradius 55.6407 -0 0
lwrist 25.6792 0 0
lhand 40.138 24.6058 -0.00903779
lfingers 7.12502 -0 0
lthumb 62.4929 35.3422 -0.0323615
rclavicle 1.53686e-15 -2.77054e-14 1.9235e-31
rhumerus -1.24164 -3.95187 -4.36816
rradius 36.8185 -0 0
rwrist -14.3768 0 0
rhand -21.7027 -39.1692 0.0847833
rfingers 7.12502 -0 0
rthumb 4.69434 -69.0025 0.0864119
992
root 1.35817 15.3326 32.7451 5.92214 -3.08773 4.36249
lfemur 5.35409 0.660925 3.01862
ltibia 5.20613 -0 0
lfoot -31.415 -13.2052 -0.0137509
ltoes -31.7354 0 0
rfemur -30.2138 -11.7641 -8.07555
rtibia 48.1908 -0 0
rfoot -17.7344 1.12048 -0.0752893
rtoes -42.992 0 0
lowerback -2.9214 -0.62367 -0.500529
upperback -1.12224 -0.780094 -6.77517
thorax 0.386453 -0.409284 -6.79442
lowerneck -7.17931 0.60555 4.39204
upperneck 2.14281 0.250797 3.83348
head 1.89875 0.269178 0.471385
lclavicle 1.5301e-15 -2.70455e-14 1.93986e-31
lhumerus -58.6794 -44.7114 112.858
lradius 55.6409 -0 0
lwrist 25.6782 0 0
lhand 40.1123 24.6139 -0.00911464
lfingers 7.12502 -0 0
lthumb 62.4715 35.3772 -0.0326367
rclavicle 1.5301e-15 -2.70455e-14 1.93986e-31
rhumerus -1.20112 -4.14701 -4.31314
rradius 36.7213 -0 0
rwrist -14.3201 0 0
rhand -21.7958 -39.1903 0.0855049
rfingers 7.12502 -0 0
rthumb 4.60446 -69.0248 0.0871474
993
root 1.35722 15.3309 32.7444 5.91292 -3.09307 4.34984
lfemur 5.37612 0.662848 3.03996
ltibia 5.19045 -0 0
lfoot -31.4255 -13.1751 -0.0138613
ltoes -31.7625 0 0
rfemur -30.215 -11.7969 -8.05812
rtibia 48.2034 -0 0
rfoot -17.7776 1.16055 -0.0758941
rtoes -42.9717 0 0
lowerback -2.91286 -0.617495 -0.501345
upperback -1.11586 -0.771789 -6.7661
thorax 0.389303 -0.404934 -6.78392
lowerneck -7.18365 0.605798 4.4122
upperneck 2.14324 0.248958 3.83444
head 1.89971 0.268543 0.468222
lclavicle 1.52334e-15 -2.63856e-14 1.95543e-31
lhumerus -58.6748 -44.732 112.885
lradius 55.6411 -0 0
lwrist 25.6771 0 0
lhand 40.0866 24.6221 -0.00918782
lfingers 7.12502 -0 0
lthumb 62.4501 35.4122 -0.0328988
rclavicle 1.52334e-15 -2.63856e-14 1.95543e-31
rhumerus -1.16077 -4.3422 -4.25824
rradius 36.6241 -0 0
rwrist -14.2634 0 0
rhand -21.8889 -39.2115 0.0861922
rfingers 7.12502 -0 0
rthumb 4.51457 -69.0472 0.0878478
994
root 1.35627 15.3292 32.7438 5.90369 -3.09841 4.33719
lfemur 5.39815 0.664763 3.06131
ltibia 5.17476 -0 0
lfoot -31.436 -13.145 -0.0139662
ltoes -31.7896 0 0
rfemur -30.2162 -11.8297 -8.04069
rtibia 48.2161 -0 0
rfoot -17.8209 1.20062 -0.0764686
rtoes -42.9513 0 0
lowerback -2.90432 -0.611319 -0.50216
upperback -1.10948 -0.763485 -6.75704
thorax 0.392155 -0.400585 -6.77342
lowerneck -7.188 0.606046 4.43237
upperneck 2.14367 0.247118 3.83539
head 1.90067 0.267908 0.465059
lclavicle 1.51658e-15 -2.57257e-14 1.97023e-31
lhumerus -58.6702 -44.7525 112.911
lradius 55.6414 -0 0
lwrist 25.6761 0 0
lhand 40.0608 24.6302 -0.00925735
lfingers 7.12502 -0 0
lthumb 62.4286 35.4473 -0.0331477
rclavicle 1.51658e-15 -2.57257e-14 1.97023e-31
rhumerus -1.12061 -4.53742 -4.20346
rradius 36.5269 -0 0
rwrist -14.2067 0 0
rhand -21.982 -39.2326 0.0868452
rfingers 7.12502 -0 0
rthumb 4.42469 -69.0695 0.0885133
995
root 1.35532 15.3275 32.7431 5.89447 -3.10376 4.32454
lfemur 5.42018 0.66667 3.08266
ltibia 5.15907 -0 0
lfoot -31.4465 -13.1148 -0.0140656
ltoes -31.8167 0 0
rfemur -30.2175 -11.8625 -8.02325
rtibia 48.2288 -0 0
rfoot -17.8641 1.24069 -0.0770129
rtoes -42.931 0 0
lowerback -2.89579 -0.605143 -0.502974
upperback -1.10309 -0.755182 -6.74797
thorax 0.395007 -0.396237 -6.76293
lowerneck -7.19234 0.606297 4.45253
upperneck 2.1441 0.245279 3.83634
head 1.90163 0.267274 0.461895
lclavicle 1.50981e-15 -2.50658e-14 1.98425e-31
lhumerus -58.6657 -44.773 112.937
lradius 55.6416 -0 0
lwrist 25.675 0 0
lhand 40.0351 24.6384 -0.00932322
lfingers 7.12502 -0 0
lthumb 62.4072 35.4823 -0.0333836
rclavicle 1.50981e-15 -2.50658e-14 1.98425e-31
rhumerus -1.08062 -4.73269 -4.14881
rradius 36.4298 -0 0
rwrist -14.15 0 0
rhand -22.0751 -39.2538 0.0874638
rfingers 7.12502 -0 0
rthumb 4.3348 -69.0918 0.0891437
996
root 1.35438 15.3257 32.7425 5.88525 -3.10911 4.3119
lfemur 5.44222 0.668569 3.10401
ltibia 5.14338 -0 0
lfoot -31.457 -13.0847 -0.0141595
ltoes -31.8438 0 0
rfemur -30.2188 -11.8953 -8.00582
rtibia 48.2415 -0 0
rfoot -17.9073 1.28076 -0.0775269
rtoes -42.9107 0 0
lowerback -2.88725 -0.598968 -0.503787
upperback -1.09671 -0.74688 -6.73891
thorax 0.39786 -0.391889 -6.75243
lowerneck -7.19668 0.606548 4.4727
upperneck 2.14453 0.24344 3.8373
head 1.90259 0.266639 0.458732
lclavicle 1.50305e-15 -2.44059e-14 1.99749e-31
lhumerus -58.6611 -44.7935 112.964
lradius 55.6418 -0 0
lwrist 25.674 0 0
lhand 40.0094 24.6465 -0.00938543
lfingers 7.12502 -0 0
lthumb 62.3858 35.5173 -0.0336064
rclavicle 1.50305e-15 -2.44059e-14 1.99749e-31
rhumerus -1.0408 -4.92799 -4.09427
rradius 36.3326 -0 0
rwrist -14.0933 0 0
rhand -22.1681 -39.2749 0.088048
rfingers 7.12502 -0 0
rthumb 4.24492 -69.1141 0.0897391
997
root 1.35343 15.324 32.7418 5.87604 -3.11446 4.29925
lfemur 5.46425 0.670459 3.12536
ltibia 5.12769 -0 0
lfoot -31.4675 -13.0546 -0.0142478
ltoes -31.8709 0 0
rfemur -30.22 -11.9281 -7.98838
rtibia 48.2542 -0 0
rfoot -17.9506 1.32083 -0.0780107
rtoes -42.8903 0 0
lowerback -2.87871 -0.592792 -0.504599
upperback -1.09032 -0.738579 -6.72984
thorax 0.400714 -0.387542 -6.74193
lowerneck -7.20103 0.606802 4.49286
upperneck 2.14496 0.2416 3.83825
head 1.90355 0.266005 0.455569
lclavicle 1.49629e-15 -2.3746e-14 2.00995e-31
lhumerus -58.6566 -44.814 112.99
lradius 55.642 -0 0
lwrist 25.6729 0 0
lhand 39.9837 24.6547 -0.00944398
lfingers 7.12502 -0 0
lthumb 62.3643 35.5524 -0.0338161
rclavicle 1.49629e-15 -2.3746e-14 2.00995e-31
rhumerus -1.00117 -5.12333 -4.03986
rradius 36.2354 -0 0
rwrist -14.0366 0 0
rhand -22.2612 -39.2961 0.0885979
rfingers 7.12502 -0 0
rthumb 4.15503 -69.1364 0.0902996
998
root 1.35248 15.3223 32.7412 5.86682 -3.11981 4.28661
lfemur 5.48629 0.672341 3.1467
ltibia 5.112 -0 0
lfoot -31.478 -13.0245 -0.0143306
ltoes -31.898 0 0
rfemur -30.2213 -11.9609 -7.97094
rtibia 48.2669 -0 0
rfoot -17.9938 1.3609 -0.0784643
rtoes -42.87 0 0
lowerback -2.87017 -0.586616 -0.505411
upperback -1.08393 -0.730279 -6.72077
thorax 0.403568 -0.383195 -6.73143
lowerneck -7.20537 0.607056 4.51303
upperneck 2.14539 0.239761 3.83921
head 1.90451 0.26537 0.452405
lclavicle 1.48953e-15 -2.30861e-14 2.02163e-31
lhumerus -58.652 -44.8345 113.016
lradius 55.6422 -0 0
lwrist 25.6719 0 0
lhand 39.9579 24.6628 -0.00949887
lfingers 7.12502 -0 0
lthumb 62.3429 35.5874 -0.0340127
rclavicle 1.48953e-15 -2.30861e-14 2.02163e-31
rhumerus -0.9617 -5.3187 -3.98557
rradius 36.1382 -0 0
rwrist -13.9799 0 0
rhand -22.3543 -39.3172 0.0891134
rfingers 7.12502 -0 0
rthumb 4.06515 -69.1588 0.0908249
999
root 1.35153 15.3206 32.7405 5.8576 -3.12517 4.27396
lfemur 5.50832 0.674215 3.16806
ltibia 5.09631 -0 0
lfoot -31.4885 -12.9943 -0.0144079
ltoes -31.9251 0 0
rfemur -30.2226 -11.9937 -7.95349
rtibia 48.2796 -0 0
rfoot -18.0371 1.40097 -0.0788877
rtoes -42.8497 0 0
lowerback -2.86163 -0.580439 -0.506221
upperback -1.07754 -0.721981 -6.7117
thorax 0.406424 -0.378849 -6.72094
lowerneck -7.20971 0.607313 4.53319
upperneck 2.14582 0.237921 3.84016
head 1.90547 0.264736 0.449242
lclavicle 1.48277e-15 -2.24261e-14 2.03253e-31
lhumerus -58.6475 -44.855 113.043
lradius 55.6425 -0 0
lwrist 25.6708 0 0
lhand 39.9322 24.671 -0.0095501
lfingers 7.12502 -0 0
lthumb 62.3215 35.6225 -0.0341961
rclavicle 1.48277e-15 -2.24261e-14 2.03253e-31
rhumerus -0.922408 -5.51411 -3.93139
rradius 36.0411 -0 0
rwrist -13.9232 0 0
rhand -22.4474 -39.3384 0.0895946
rfingers 7.12502 -0 0
rthumb 3.97526 -69.1811 0.0913153
1000
root 1.35058 15.3189 32.7399 5.84839 -3.13052 4.26132
lfemur 5.53036 0.676081 3.18941
ltibia 5.08062 -0 0
lfoot -31.499 -12.9642 -0.0144797
ltoes -31.9522 0 0
rfemur -30.2239 -12.0265 -7.93604
rtibia 48.2923 -0 0
rfoot -18.0803 1.44104 -0.0792808
rtoes -42.8293 0 0
lowerback -2.85309 -0.574263 -0.50703
upperback -1.07115 -0.713683 -6.70263
thorax 0.40928 -0.374503 -6.71044
lowerneck -7.21405 0.607571 4.55336
upperneck 2.14625 0.236082 3.84111
head 1.90643 0.264101 0.446079
lclavicle 1.47601e-15 -2.17662e-14 2.04265e-31
lhumerus -58.643 -44.8755 113.069
lradius 55.6427 -0 0
lwrist 25.6698 0 0
lhand 39.9065 24.6791 -0.00959767
lfingers 7.12502 -0 0
lthumb 62.3001 35.6575 -0.0343665
rclavicle 1.47601e-15 -2.17662e-14 2.04265e-31
rhumerus -0.883289 -5.70956 -3.87733
rradius 35.9439 -0 0
rwrist -13.8665 0 0
rhand -22.5405 -39.3595 0.0900414
rfingers 7.12502 -0 0
rthumb 3.88537 -69.2034 0.0917707
1001
root 1.34964 15.3171 32.7392 5.83917 -3.13588 4.24868
lfemur 5.55239 0.677939 3.21076
ltibia 5.06493 -0 0
lfoot -31.5095 -12.9341 -0.0145459
ltoes -31.9793 0 0
rfemur -30.2252 -12.0593 -7.91859
rtibia 48.305 -0 0
rfoot -18.1235 1.48111 -0.0796437
rtoes -42.809 0 0
lowerback -2.84455 -0.568087 -0.507839
upperback -1.06476 -0.705386 -6.69356
thorax 0.412137 -0.370158 -6.69994
lowerneck -7.2184 0.60783 4.57352
upperneck 2.14668 0.234242 3.84207
head 1.90739 0.263467 0.442915
lclavicle 1.46925e-15 -2.11063e-14 2.052e-31
lhumerus -58.6385 -44.8961 113.095
lradius 55.6429 -0 0
lwrist 25.6687 0 0
lhand 39.8808 24.6873 -0.00964159
lfingers 7.12502 -0 0
lthumb 62.2786 35.6925 -0.0345238
rclavicle 1.46925e-15 -2.11063e-14 2.052e-31
rhumerus -0.844341 -5.90505 -3.82339
rradius 35.8467 -0 0
rwrist -13.8098 0 0
rhand -22.6336 -39.3807 0.0904538
rfingers 7.12502 -0 0
rthumb 3.79549 -69.2257 0.092191
1002
root 1.34869 15.3154 32.7386 5.82996 -3.14124 4.23603
lfemur 5.57443 0.679788 3.23211
ltibia 5.04924 -0 0
lfoot -31.52 -12.904 -0.0146067
ltoes -32.0064 0 0
rfemur -30.2266 -12.0922 -7.90114
rtibia 48.3177 -0 0
rfoot -18.1668 1.52118 -0.0799763
rtoes -42.7887 0 0
lowerback -2.83602 -0.56191 -0.508646
upperback -1.05837 -0.69709 -6.68449
thorax 0.414995 -0.365813 -6.68944
lowerneck -7.22274 0.608091 4.59368
upperneck 2.14711 0.232403 3.84302
head 1.90835 0.262833 0.439752
lclavicle 1.46248e-15 -2.04464e-14 2.06056e-31
lhumerus -58.6341 -44.9166 113.122
lradius 55.6431 -0 0
lwrist 25.6677 0 0
lhand 39.855 24.6954 -0.00968184
lfingers 7.12502 -0 0
lthumb 62.2572 35.7276 -0.0346679
rclavicle 1.46248e-15 -2.04464e-14 2.06056e-31
rhumerus -0.805565 -6.10057 -3.76955
rradius 35.7495 -0 0
rwrist -13.7532 0 0
rhand -22.7267 -39.4018 0.0908319
rfingers 7.12502 -0 0
rthumb 3.7056 -69.2481 0.0925763
1003
root 1.34774 15.3137 32.7379 5.82075 -3.14661 4.22339
lfemur 5.59647 0.681629 3.25346
ltibia 5.03355 -0 0
lfoot -31.5305 -12.8738 -0.0146619
ltoes -32.0335 0 0
rfemur -30.2279 -12.125 -7.88368
rtibia 48.3303 -0 0
rfoot -18.21 1.56125 -0.0802787
rtoes -42.7683 0 0
lowerback -2.82748 -0.555733 -0.509453
upperback -1.05197 -0.688795 -6.67542
thorax 0.417853 -0.361469 -6.67894
lowerneck -7.22708 0.608354 4.61385
upperneck 2.14753 0.230563 3.84398
head 1.90931 0.262199 0.436589
lclavicle 1.45572e-15 -1.97865e-14 2.06835e-31
lhumerus -58.6296 -44.9371 113.148
lradius 55.6433 -0 0
lwrist 25.6666 0 0
lhand 39.8293 24.7036 -0.00971843
lfingers 7.12502 -0 0
lthumb 62.2358 35.7626 -0.034799
rclavicle 1.45572e-15 -1.97865e-14 2.06835e-31
rhumerus -0.766959 -6.29613 -3.71584
rradius 35.6524 -0 0
rwrist -13.6965 0 0
rhand -22.8198 -39.423 0.0911756
rfingers 7.12502 -0 0
rthumb 3.61572 -69.2704 0.0929266
1004
root 1.34679 15.312 32.7373 5.81154 -3.15197 4.21075
lfemur 5.61851 0.683462 3.27482
ltibia 5.01786 -0 0
lfoot -31.541 -12.8437 -0.0147116
ltoes -32.0606 0 0
rfemur -30.2293 -12.1578 -7.86622
rtibia 48.343 -0 0
rfoot -18.2532 1.60132 -0.0805508
rtoes -42.748 0 0
lowerback -2.81894 -0.549556 -0.510259
upperback -1.04558 -0.680501 -6.66635
thorax 0.420713 -0.357126 -6.66844
lowerneck -7.23142 0.608618 4.63401
upperneck 2.14796 0.228724 3.84493
head 1.91027 0.261565 0.433425
lclavicle 1.44896e-15 -1.91266e-14 2.07536e-31
lhumerus -58.6252 -44.9576 113.174
lradius 55.6436 -0 0
lwrist 25.6656 0 0
lhand 39.8036 24.7117 -0.00975137
lfingers 7.12502 -0 0
lthumb 62.2143 35.7977 -0.0349169
rclavicle 1.44896e-15 -1.91266e-14 2.07536e-31
rhumerus -0.728523 -6.49173 -3.66223
rradius 35.5552 -0 0
rwrist -13.6398 0 0
rhand -22.9128 -39.4441 0.0914849
rfingers 7.12502 -0 0
rthumb 3.52583 -69.2927 0.0932418
1005
root 1.34584 15.3103 32.7366 5.80233 -3.15734 4.19811
lfemur 5.64055 0.685287 3.29617
ltibia 5.00217 -0 0
lfoot -31.5515 -12.8136 -0.0147557
ltoes -32.0877 0 0
rfemur -30.2306 -12.1906 -7.84876
rtibia 48.3557 -0 0
rfoot -18.2965 1.64139 -0.0807928
rtoes -42.7277 0 0
lowerback -2.8104 -0.543379 -0.511063
upperback -1.03918 -0.672208 -6.65727
thorax 0.423573 -0.352783 -6.65794
lowerneck -7.23577 0.608883 4.65418
upperneck 2.14839 0.226884 3.84588
head 1.91123 0.260931 0.430262
lclavicle 1.4422e-15 -1.84667e-14 2.08159e-31
lhumerus -58.6207 -44.9782 113.201
lradius 55.6438 -0 0
lwrist 25.6645 0 0
lhand 39.7779 24.7199 -0.00978064
lfingers 7.12502 -0 0
lthumb 62.1929 35.8327 -0.0350217
rclavicle 1.4422e-15 -1.84667e-14 2.08159e-31
rhumerus -0.690256 -6.68736 -3.60874
rradius 35.458 -0 0
rwrist -13.5831 0 0
rhand -23.0059 -39.4653 0.0917599
rfingers 7.12502 -0 0
rthumb 3.43594 -69.315 0.093522
1006
root 1.3449 15.3085 32.736 5.79312 -3.16271 4.18547
lfemur 5.66259 0.687103 3.31753
ltibia 4.98649 -0 0
lfoot -31.562 -12.7835 -0.0147944
ltoes -32.1148 0 0
rfemur -30.232 -12.2234 -7.8313
rtibia 48.3684 -0 0
rfoot -18.3397 1.68147 -0.0810044
rtoes -42.7073 0 0
lowerback -2.80186 -0.537202 -0.511867
upperback -1.03278 -0.663916 -6.6482
thorax 0.426434 -0.34844 -6.64744
lowerneck -7.24011 0.60915 4.67434
upperneck 2.14882 0.225045 3.84684
head 1.91219 0.260297 0.427099
lclavicle 1.43544e-15 -1.78068e-14 2.08704e-31
lhumerus -58.6163 -44.9987 113.227
lradius 55.644 -0 0
lwrist 25.6635 0 0
lhand 39.7521 24.728 -0.00980626
lfingers 7.12502 -0 0
lthumb 62.1715 35.8677 -0.0351135
rclavicle 1.43544e-15 -1.78068e-14 2.08704e-31
rhumerus -0.652157 -6.88302 -3.55535
rradius 35.3608 -0 0
rwrist -13.5264 0 0
rhand -23.099 -39.4864 0.0920005
rfingers 7.12502 -0 0
rthumb 3.34606 -69.3374 0.0937672
1007
root 1.34395 15.3068 32.7353 5.78391 -3.16808 4.17284
lfemur 5.68463 0.688912 3.33888
ltibia 4.9708 -0 0
lfoot -31.5725 -12.7533 -0.0148275
ltoes -32.1419 0 0
rfemur -30.2334 -12.2562 -7.81383
rtibia 48.3811 -0 0
rfoot -18.3829 1.72154 -0.0811859
rtoes -42.687 0 0
lowerback -2.79333 -0.531025 -0.51267
upperback -1.02638 -0.655626 -6.63912
thorax 0.429296 -0.344098 -6.63695
lowerneck -7.24445 0.609419 4.69451
upperneck 2.14925 0.223205 3.84779
head 1.91315 0.259663 0.423935
lclavicle 1.42868e-15 -1.71469e-14 2.09171e-31
lhumerus -58.6119 -45.0192 113.253
lradius 55.6442 -0 0
lwrist 25.6624 0 0
lhand 39.7264 24.7362 -0.00982822
lfingers 7.12502 -0 0
lthumb 62.1501 35.9028 -0.0351921
rclavicle 1.42868e-15 -1.71469e-14 2.09171e-31
rhumerus -0.614226 -7.07872 -3.50208
rradius 35.2637 -0 0
rwrist -13.4697 0 0
rhand -23.1921 -39.5076 0.0922067
rfingers 7.12502 -0 0
rthumb 3.25617 -69.3597 0.0939774
1008
root 1.343 15.3051 32.7347 5.77471 -3.17345 4.1602
lfemur 5.70667 0.690712 3.36024
ltibia 4.95511 -0 0
lfoot -31.583 -12.7232 -0.0148551
ltoes -32.169 0 0
rfemur -30.2348 -12.289 -7.79636
rtibia 48.3938 -0 0
rfoot -18.4262 1.76161 -0.0813371
rtoes -42.6667 0 0
lowerback -2.78479 -0.524848 -0.513472
upperback -1.01998 -0.647336 -6.63004
thorax 0.432158 -0.339756 -6.62645
lowerneck -7.24879 0.609689 4.71467
upperneck 2.14968 0.221366 3.84875
head 1.91411 0.259029 0.420772
lclavicle 1.42192e-15 -1.64869e-14 2.09561e-31
lhumerus -58.6075 -45.0397 113.28
lradius 55.6445 -0 0
lwrist 25.6614 0 0
lhand 39.7007 24.7443 -0.00984651
lfingers 7.12502 -0 0
lthumb 62.1286 35.9378 -0.0352576
rclavicle 1.42192e-15 -1.64869e-14 2.09561e-31
rhumerus -0.576463 -7.27446 -3.44891
rradius 35.1665 -0 0
rwrist -13.413 0 0
rhand -23.2852 -39.5288 0.0923786
rfingers 7.12502 -0 0
rthumb 3.16628 -69.382 0.0941526
1009
root 1.34205 15.3034 32.734 5.7655 -3.17883 4.14756
lfemur 5.72871 0.692504 3.3816
ltibia 4.93942 -0 0
lfoot -31.5935 -12.6931 -0.0148772
ltoes -32.1961 0 0
rfemur -30.2362 -12.3218 -7.77888
rtibia 48.4065 -0 0
rfoot -18.4694 1.80168 -0.081458
rtoes -42.6463 0 0
lowerback -2.77625 -0.518671 -0.514273
upperback -1.01358 -0.639047 -6.62096
thorax 0.435022 -0.335415 -6.61595
lowerneck -7.25313 0.609961 4.73483
upperneck 2.15011 0.219526 3.8497
head 1.91507 0.258395 0.417608
lclavicle 1.41516e-15 -1.5827e-14 2.09872e-31
lhumerus -58.6031 -45.0603 113.306
lradius 55.6447 -0 0
lwrist 25.6603 0 0
lhand 39.6749 24.7525 -0.00986115
lfingers 7.12502 -0 0
lthumb 62.1072 35.9729 -0.0353101
rclavicle 1.41516e-15 -1.5827e-14 2.09872e-31
rhumerus -0.538866 -7.47023 -3.39585
rradius 35.0693 -0 0
rwrist -13.3563 0 0
rhand -23.3783 -39.5499 0.0925161
rfingers 7.12502 -0 0
rthumb 3.07639 -69.4044 0.0942927
1010
root 1.3411 15.3017 32.7334 5.7563 -3.1842 4.13493
lfemur 5.75075 0.694287 3.40296
ltibia 4.92373 -0 0
lfoot -31.604 -12.663 -0.0148938
ltoes -32.2232 0 0
rfemur -30.2376 -12.3546 -7.76141
rtibia 48.4192 -0 0
rfoot -18.5127 1.84175 -0.0815488
rtoes -42.626 0 0
lowerback -2.76771 -0.512493 -0.515074
upperback -1.00718 -0.630759 -6.61189
thorax 0.437886 -0.331075 -6.60545
lowerneck -7.25747 0.610234 4.755
upperneck 2.15054 0.217687 3.85065
head 1.91603 0.257761 0.414445
lclavicle 1.40839e-15 -1.51671e-14 2.10106e-31
lhumerus -58.5987 -45.0808 113.333
lradius 55.6449 -0 0
lwrist 25.6593 0 0
lhand 39.6492 24.7606 -0.00987213
lfingers 7.12502 -0 0
lthumb 62.0858 36.0079 -0.0353494
rclavicle 1.40839e-15 -1.51671e-14 2.10106e-31
rhumerus -0.501434 -7.66603 -3.34289
rradius 34.9721 -0 0
rwrist -13.2996 0 0
rhand -23.4714 -39.5711 0.0926192
rfingers 7.12502 -0 0
rthumb 2.98651 -69.4267 0.0943978
1011
root 1.34016 15.2999 32.7327 5.7471 -3.18958 4.12229
lfemur 5.7728 0.696063 3.42432
ltibia 4.90804 -0 0
lfoot -31.6145 -12.6328 -0.0149048
ltoes -32.2503 0 0
rfemur -30.239 -12.3874 -7.74393
rtibia 48.4319 -0 0
rfoot -18.5559 1.88183 -0.0816092
rtoes -42.6057 0 0
lowerback -2.75918 -0.506315 -0.515873
upperback -1.00077 -0.622472 -6.60281
thorax 0.440751 -0.326735 -6.59495
lowerneck -7.26182 0.610509 4.77516
upperneck 2.15097 0.215847 3.85161
head 1.91699 0.257127 0.411281
lclavicle 1.40163e-15 -1.45072e-14 2.10262e-31
lhumerus -58.5943 -45.1013 113.359
lradius 55.6451 -0 0
lwrist 25.6582 0 0
lhand 39.6235 24.7688 -0.00987945
lfingers 7.12502 -0 0
lthumb 62.0643 36.0429 -0.0353756
rclavicle 1.40163e-15 -1.45072e-14 2.10262e-31
rhumerus -0.464168 -7.86187 -3.29004
rradius 34.875 -0 0
rwrist -13.2429 0 0
rhand -23.5645 -39.5922 0.0926879
rfingers 7.12502 -0 0
rthumb 2.89662 -69.449 0.0944678
1012
root 1.33921 15.2982 32.7321 5.7379 -3.19496 4.10966
lfemur 5.79484 0.69783 3.44568
ltibia 4.89235 -0 0
lfoot -31.625 -12.6027 -0.0149103
ltoes -32.2774 0 0
rfemur -30.2404 -12.4202 -7.72644
rtibia 48.4446 -0 0
rfoot -18.5991 1.9219 -0.0816395
rtoes -42.5853 0 0
lowerback -2.75064 -0.500138 -0.516671
upperback -0.994366 -0.614187 -6.59373
thorax 0.443617 -0.322395 -6.58444
lowerneck -7.26616 0.610785 4.79533
upperneck 2.1514 0.214008 3.85256
head 1.91796 0.256494 0.408118
lclavicle 1.39487e-15 -1.38473e-14 2.1034e-31
lhumerus -58.59 -45.1219 113.386
lradius 55.6453 -0 0
lwrist 25.6572 0 0
lhand 39.5978 24.7769 -0.00988311
lfingers 7.12502 -0 0
lthumb 62.0429 36.078 -0.0353887
rclavicle 1.39487e-15 -1.38473e-14 2.1034e-31
rhumerus -0.427067 -8.05774 -3.23729
rradius 34.7778 -0 0
rwrist -13.1862 0 0
rhand -23.6576 -39.6134 0.0927223
rfingers 7.12502 -0 0
rthumb 2.80673 -69.4713 0.0945028
1013
root 1.33826 15.2965 32.7314 5.72869 -3.20035 4.09702
lfemur 5.81688 0.699589 3.46704
ltibia 4.87666 -0 0
lfoot -31.6356 -12.5726 -0.0149103
ltoes -32.3046 0 0
rfemur -30.2419 -12.453 -7.70896
rtibia 48.4572 -0 0
rfoot -18.6424 1.96197 -0.0816395
rtoes -42.565 0 0
lowerback -2.7421 -0.49396 -0.517469
upperback -0.987959 -0.605902 -6.58464
thorax 0.446483 -0.318056 -6.57394
lowerneck -7.2705 0.611063 4.81549
upperneck 2.15183 0.212168 3.85351
head 1.91892 0.25586 0.404955
lclavicle 1.38811e-15 -1.31874e-14 2.1034e-31
lhumerus -58.5856 -45.1424 113.412
lradius 55.6456 -0 0
lwrist 25.6561 0 0
lhand 39.572 24.7851 -0.00988311
lfingers 7.12502 -0 0
lthumb 62.0215 36.113 -0.0353887
rclavicle 1.38811e-15 -1.31874e-14 2.1034e-31
rhumerus -0.39013 -8.25365 -3.18465
rradius 34.6806 -0 0
rwrist -13.1295 0 0
rhand -23.7506 -39.6345 0.0927223
rfingers 7.12502 -0 0
rthumb 2.71685 -69.4937 0.0945028
1014
root 1.33731 15.2948 32.7308 5.7195 -3.20573 4.08439
lfemur 5.83893 0.70134 3.4884
ltibia 4.86097 -0 0
lfoot -31.6461 -12.5425 -0.0149048
ltoes -32.3317 0 0
rfemur -30.2433 -12.4858 -7.69147
rtibia 48.4699 -0 0
rfoot -18.6856 2.00204 -0.0816092
rtoes -42.5446 0 0
lowerback -2.73357 -0.487782 -0.518265
upperback -0.98155 -0.597618 -6.57556
thorax 0.449351 -0.313718 -6.56344
lowerneck -7.27484 0.611342 4.83566
upperneck 2.15226 0.210329 3.85447
head 1.91988 0.255226 0.401791
lclavicle 1.38135e-15 -1.25275e-14 2.10262e-31
lhumerus -58.5813 -45.1629 113.438
lradius 55.6458 -0 0
lwrist 25.6551 0 0
lhand 39.5463 24.7932 -0.00987945
lfingers 7.12502 -0 0
lthumb 62.0001 36.1481 -0.0353756
rclavicle 1.38135e-15 -1.25275e-14 2.10262e-31
rhumerus -0.353356 -8.44959 -3.1321
rradius 34.5834 -0 0
rwrist -13.0728 0 0
rhand -23.8437 -39.6557 0.0926879
rfingers 7.12502 -0 0
rthumb 2.62696 -69.516 0.0944678
1015
root 1.33637 15.293 32.7301 5.7103 -3.21112 4.07176
lfemur 5.86098 0.703082 3.50976
ltibia 4.84528 -0 0
lfoot -31.6566 -12.5123 -0.0148938
ltoes -32.3588 0 0
rfemur -30.2448 -12.5186 -7.67397
rtibia 48.4826 -0 0
rfoot -18.7288 2.04212 -0.0815488
rtoes -42.5243 0 0
lowerback -2.72503 -0.481604 -0.519061
upperback -0.97514 -0.589335 -6.56648
thorax 0.452219 -0.30938 -6.55294
lowerneck -7.27918 0.611623 4.85582
upperneck 2.15269 0.208489 3.85542
head 1.92084 0.254593 0.398628
lclavicle 1.37459e-15 -1.18676e-14 2.10106e-31
lhumerus -58.5769 -45.1835 113.465
lradius 55.646 -0 0
lwrist 25.654 0 0
lhand 39.5206 24.8014 -0.00987213
lfingers 7.12502 -0 0
lthumb 61.9786 36.1831 -0.0353494
rclavicle 1.37459e-15 -1.18676e-14 2.10106e-31
rhumerus -0.316745 -8.64556 -3.07966
rradius 34.4863 -0 0
rwrist -13.0161 0 0
rhand -23.9368 -39.6768 0.0926192
rfingers 7.12502 -0 0
rthumb 2.53707 -69.5383 0.0943978
1016
root 1.33542 15.2913 32.7295 5.7011 -3.21651 4.05913
lfemur 5.88302 0.704817 3.53112
ltibia 4.82959 -0 0
lfoot -31.6671 -12.4822 -0.0148772
ltoes -32.3859 0 0
rfemur -30.2463 -12.5514 -7.65648
rtibia 48.4953 -0 0
rfoot -18.7721 2.08219 -0.081458
rtoes -42.504 0 0
lowerback -2.71649 -0.475425 -0.519855
upperback -0.968729 -0.581054 -6.55739
thorax 0.455088 -0.305043 -6.54244
lowerneck -7.28352 0.611905 4.87598
upperneck 2.15311 0.20665 3.85638
head 1.9218 0.253959 0.395464
lclavicle 1.36783e-15 -1.12077e-14 2.09872e-31
lhumerus -58.5726 -45.204 113.491
lradius 55.6462 -0 0
lwrist 25.653 0 0
lhand 39.4949 24.8095 -0.00986115
lfingers 7.12502 -0 0
lthumb 61.9572 36.2181 -0.0353101
rclavicle 1.36783e-15 -1.12077e-14 2.09872e-31
rhumerus -0.280296 -8.84157 -3.02731
rradius 34.3891 -0 0
rwrist -12.9594 0 0
rhand -24.0299 -39.698 0.0925161
rfingers 7.12502 -0 0
rthumb 2.44719 -69.5606 0.0942927
1017
root 1.33447 15.2896 32.7288 5.69191 -3.2219 4.0465
lfemur 5.90507 0.706543 3.55248
ltibia 4.8139 -0 0
lfoot -31.6776 -12.4521 -0.0148551
ltoes -32.413 0 0
rfemur -30.2477 -12.5842 -7.63898
rtibia 48.508 -0 0
rfoot -18.8153 2.12226 -0.0813371
rtoes -42.4836 0 0
lowerback -2.70795 -0.469247 -0.520649
upperback -0.962316 -0.572773 -6.54831
thorax 0.457957 -0.300706 -6.53194
lowerneck -7.28786 0.612189 4.89615
upperneck 2.15354 0.20481 3.85733
head 1.92276 0.253326 0.392301
lclavicle 1.36106e-15 -1.05478e-14 2.09561e-31
lhumerus -58.5683 -45.2246 113.518
lradius 55.6464 -0 0
lwrist 25.6519 0 0
lhand 39.4691 24.8177 -0.00984651
lfingers 7.12502 -0 0
lthumb 61.9358 36.2532 -0.0352576
rclavicle 1.36106e-15 -1.05478e-14 2.09561e-31
rhumerus -0.244009 -9.03761 -2.97507
rradius 34.2919 -0 0
rwrist -12.9027 0 0
rhand -24.123 -39.7191 0.0923786
rfingers 7.12502 -0 0
rthumb 2.3573 -69.583 0.0941526
1018
root 1.33352 15.2879 32.7282 5.68271 -3.22729 4.03387
lfemur 5.92712 0.708261 3.57385
ltibia 4.79821 -0 0
lfoot -31.6881 -12.422 -0.0148275
ltoes -32.4401 0 0
rfemur -30.2492 -12.617 -7.62148
rtibia 48.5207 -0 0
rfoot -18.8586 2.16233 -0.0811859
rtoes -42.4633 0 0
lowerback -2.69942 -0.463068 -0.521442
upperback -0.955903 -0.564493 -6.53922
thorax 0.460828 -0.29637 -6.52144
lowerneck -7.2922 0.612474 4.91631
upperneck 2.15397 0.202971 3.85828
head 1.92372 0.252692 0.389137
lclavicle 1.3543e-15 -9.88784e-15 2.09171e-31
lhumerus -58.5641 -45.2451 113.544
lradius 55.6467 -0 0
lwrist 25.6509 0 0
lhand 39.4434 24.8258 -0.00982822
lfingers 7.12502 -0 0
lthumb 61.9143 36.2882 -0.0351921
rclavicle 1.3543e-15 -9.88784e-15 2.09171e-31
rhumerus -0.207883 -9.23368 -2.92292
rradius 34.1947 -0 0
rwrist -12.846 0 0
rhand -24.2161 -39.7403 0.0922067
rfingers 7.12502 -0 0
rthumb 2.26741 -69.6053 0.0939774
1019
root 1.33257 15.2862 32.7275 5.67352 -3.23269 4.02124
lfemur 5.94917 0.70997 3.59521
ltibia 4.78252 -0 0
lfoot -31.6986 -12.3918 -0.0147944
ltoes -32.4672 0 0
rfemur -30.2507 -12.6498 -7.60397
rtibia 48.5334 -0 0
rfoot -18.9018 2.2024 -0.0810044
rtoes -42.443 0 0
lowerback -2.69088 -0.45689 -0.522234
upperback -0.949487 -0.556215 -6.53013
thorax 0.463699 -0.292034 -6.51093
lowerneck -7.29655 0.612761 4.93648
upperneck 2.1544 0.201131 3.85924
head 1.92468 0.252059 0.385974
lclavicle 1.34754e-15 -9.22793e-15 2.08704e-31
lhumerus -58.5598 -45.2656 113.571
lradius 55.6469 -0 0
lwrist 25.6498 0 0
lhand 39.4177 24.834 -0.00980626
lfingers 7.12502 -0 0
lthumb 61.8929 36.3233 -0.0351135
rclavicle 1.34754e-15 -9.22793e-15 2.08704e-31
rhumerus -0.171918 -9.42978 -2.87086
rradius 34.0976 -0 0
rwrist -12.7893 0 0
rhand -24.3092 -39.7615 0.0920005
rfingers 7.12502 -0 0
rthumb 2.17752 -69.6276 0.0937672
1020
root 1.33163 15.2844 32.7269 5.66432 -3.23809 4.00861
lfemur 5.97122 0.711672 3.61658
ltibia 4.76684 -0 0
lfoot -31.7091 -12.3617 -0.0147557
ltoes -32.4943 0 0
rfemur -30.2523 -12.6826 -7.58647
rtibia 48.5461 -0 0
rfoot -18.945 2.24248 -0.0807928
rtoes -42.4226 0 0
lowerback -2.68235 -0.450711 -0.523025
upperback -0.943071 -0.547937 -6.52105
thorax 0.466571 -0.287699 -6.50043
lowerneck -7.30089 0.61305 4.95664
upperneck 2.15483 0.199291 3.86019
head 1.92564 0.251426 0.38281
lclavicle 1.34078e-15 -8.56802e-15 2.08159e-31
lhumerus -58.5555 -45.2862 113.597
lradius 55.6471 -0 0
lwrist 25.6488 0 0
lhand 39.3919 24.8421 -0.00978064
lfingers 7.12502 -0 0
lthumb 61.8715 36.3583 -0.0350217
rclavicle 1.34078e-15 -8.56802e-15 2.08159e-31
rhumerus -0.136113 -9.62592 -2.81891
rradius 34.0004 -0 0
rwrist -12.7326 0 0
rhand -24.4023 -39.7826 0.0917599
rfingers 7.12502 -0 0
rthumb 2.08764 -69.65 0.093522
1021
root 1.33068 15.2827 32.7262 5.65513 -3.24349 3.99599
lfemur 5.99327 0.713365 3.63794
ltibia 4.75115 -0 0
lfoot -31.7196 -12.3316 -0.0147116
ltoes -32.5214 0 0
rfemur -30.2538 -12.7154 -7.56895
rtibia 48.5588 -0 0
rfoot -18.9883 2.28255 -0.0805508
rtoes -42.4023 0 0
lowerback -2.67381 -0.444532 -0.523815
upperback -0.936653 -0.53966 -6.51196
thorax 0.469444 -0.283364 -6.48993
lowerneck -7.30523 0.61334 4.9768
upperneck 2.15526 0.197452 3.86114
head 1.9266 0.250793 0.379646
lclavicle 1.33402e-15 -7.90811e-15 2.07536e-31
lhumerus -58.5513 -45.3067 113.624
lradius 55.6473 -0 0
lwrist 25.6477 0 0
lhand 39.3662 24.8503 -0.00975137
lfingers 7.12502 -0 0
lthumb 61.8501 36.3933 -0.0349169
rclavicle 1.33402e-15 -7.90811e-15 2.07536e-31
rhumerus -0.100467 -9.82209 -2.76704
rradius 33.9032 -0 0
rwrist -12.6759 0 0
rhand -24.4954 -39.8038 0.0914849
rfingers 7.12502 -0 0
rthumb 1.99775 -69.6723 0.0932418
1022
root 1.32973 15.281 32.7256 5.64594 -3.24889 3.98336
lfemur 6.01532 0.71505 3.65931
ltibia 4.73546 -0 0
lfoot -31.7301 -12.3015 -0.0146619
ltoes -32.5485 0 0
rfemur -30.2553 -12.7482 -7.55144
rtibia 48.5715 -0 0
rfoot -19.0315 2.32262 -0.0802787
rtoes -42.382 0 0
lowerback -2.66527 -0.438353 -0.524604
upperback -0.930234 -0.531385 -6.50287
thorax 0.472318 -0.27903 -6.47943
lowerneck -7.30957 0.613631 4.99697
upperneck 2.15569 0.195612 3.8621
head 1.92756 0.250159 0.376483
lclavicle 1.32726e-15 -7.2482e-15 2.06835e-31
lhumerus -58.547 -45.3273 113.65
lradius 55.6476 -0 0
lwrist 25.6467 0 0
lhand 39.3405 24.8584 -0.00971843
lfingers 7.12502 -0 0
lthumb 61.8286 36.4284 -0.034799
rclavicle 1.32726e-15 -7.2482e-15 2.06835e-31
rhumerus -0.0649803 -10.0183 -2.71527
rradius 33.806 -0 0
rwrist -12.6192 0 0
rhand -24.5884 -39.8249 0.0911756
rfingers 7.12502 -0 0
rthumb 1.90786 -69.6946 0.0929266
1023
root 1.32878 15.2793 32.7249 5.63675 -3.25429 3.97074
lfemur 6.03737 0.716727 3.68068
ltibia 4.71977 -0 0
lfoot -31.7406 -12.2713 -0.0146067
ltoes -32.5756 0 0
rfemur -30.2569 -12.781 -7.53392
rtibia 48.5841 -0 0
rfoot -19.0747 2.36269 -0.0799763
rtoes -42.3616 0 0
lowerback -2.65674 -0.432174 -0.525392
upperback -0.923813 -0.52311 -6.49378
thorax 0.475192 -0.274696 -6.46892
lowerneck -7.31391 0.613924 5.01713
upperneck 2.15612 0.193773 3.86305
head 1.92853 0.249526 0.373319
lclavicle 1.3205e-15 -6.58829e-15 2.06056e-31
lhumerus -58.5428 -45.3478 113.677
lradius 55.6478 -0 0
lwrist 25.6456 0 0
lhand 39.3148 24.8666 -0.00968184
lfingers 7.12502 -0 0
lthumb 61.8072 36.4634 -0.0346679
rclavicle 1.3205e-15 -6.58829e-15 2.06056e-31
rhumerus -0.029652 -10.2145 -2.66359
rradius 33.7089 -0 0
rwrist -12.5625 0 0
rhand -24.6815 -39.8461 0.0908319
rfingers 7.12502 -0 0
rthumb 1.81798 -69.7169 0.0925763
1024
root 1.32783 15.2776 32.7243 5.62757 -3.2597 3.95811
lfemur 6.05942 0.718396 3.70204
ltibia 4.70408 -0 0
lfoot -31.7511 -12.2412 -0.0145459
ltoes -32.6027 0 0
rfemur -30.2584 -12.8138 -7.5164
rtibia 48.5968 -0 0
rfoot -19.118 2.40276 -0.0796437
rtoes -42.3413 0 0
lowerback -2.6482 -0.425995 -0.526179
upperback -0.917392 -0.514837 -6.48469
thorax 0.478068 -0.270363 -6.45842
lowerneck -7.31825 0.614219 5.0373
upperneck 2.15655 0.191933 3.864
head 1.92949 0.248893 0.370156
lclavicle 1.31373e-15 -5.92837e-15 2.052e-31
lhumerus -58.5386 -45.3684 113.703
lradius 55.648 -0 0
lwrist 25.6446 0 0
lhand 39.289 24.8747 -0.00964159
lfingers 7.12502 -0 0
lthumb 61.7858 36.4985 -0.0345238
rclavicle 1.31373e-15 -5.92837e-15 2.052e-31
rhumerus 0.00551825 -10.4108 -2.612
rradius 33.6117 -0 0
rwrist -12.5058 0 0
rhand -24.7746 -39.8672 0.0904538
rfingers 7.12502 -0 0
rthumb 1.72809 -69.7393 0.092191
1025
root 1.32689 15.2758 32.7236 5.61838 -3.2651 3.94549
lfemur 6.08147 0.720056 3.72341
ltibia 4.68839 -0 0
lfoot -31.7616 -12.2111 -0.0144797
ltoes -32.6298 0 0
rfemur -30.26 -12.8466 -7.49888
rtibia 48.6095 -0 0
rfoot -19.1612 2.44283 -0.0792808
rtoes -42.321 0 0
lowerback -2.63966 -0.419816 -0.526966
upperback -0.910969 -0.506564 -6.47559
thorax 0.480944 -0.266031 -6.44792
lowerneck -7.32259 0.614515 5.05746
upperneck 2.15697 0.190093 3.86496
head 1.93045 0.24826 0.366992
lclavicle 1.30697e-15 -5.26846e-15 2.04265e-31
lhumerus -58.5344 -45.3889 113.73
lradius 55.6482 -0 0
lwrist 25.6435 0 0
lhand 39.2633 24.8829 -0.00959767
lfingers 7.12502 -0 0
lthumb 61.7643 36.5335 -0.0343665
rclavicle 1.30697e-15 -5.26846e-15 2.04265e-31
rhumerus 0.0405311 -10.6071 -2.5605
rradius 33.5145 -0 0
rwrist -12.4491 0 0
rhand -24.8677 -39.8884 0.0900414
rfingers 7.12502 -0 0
rthumb 1.63821 -69.7616 0.0917707
1026
root 1.32594 15.2741 32.723 5.6092 -3.27051 3.93287
lfemur 6.10353 0.721708 3.74478
ltibia 4.6727 -0 0
lfoot -31.7721 -12.181 -0.0144079
ltoes -32.6569 0 0
rfemur -30.2616 -12.8794 -7.48135
rtibia 48.6222 -0 0
rfoot -19.2044 2.4829 -0.0788877
rtoes -42.3006 0 0
lowerback -2.63113 -0.413636 -0.527751
upperback -0.904544 -0.498293 -6.4665
thorax 0.483821 -0.261698 -6.43741
lowerneck -7.32693 0.614813 5.07762
upperneck 2.1574 0.188254 3.86591
head 1.93141 0.247627 0.363829
lclavicle 1.30021e-15 -4.60855e-15 2.03253e-31
lhumerus -58.5302 -45.4095 113.756
lradius 55.6484 -0 0
lwrist 25.6425 0 0
lhand 39.2376 24.891 -0.0095501
lfingers 7.12502 -0 0
lthumb 61.7429 36.5685 -0.0341961
rclavicle 1.30021e-15 -4.60855e-15 2.03253e-31
rhumerus 0.075387 -10.8034 -2.50909
rradius 33.4173 -0 0
rwrist -12.3924 0 0
rhand -24.9608 -39.9095 0.0895946
rfingers 7.12502 -0 0
rthumb 1.54832 -69.7839 0.0913153
1027
root 1.32499 15.2724 32.7223 5.60001 -3.27592 3.92024
lfemur 6.12558 0.723352 3.76615
ltibia 4.65701 -0 0
lfoot -31.7826 -12.1508 -0.0143306
ltoes -32.684 0 0
rfemur -30.2632 -12.9122 -7.46382
rtibia 48.6349 -0 0
rfoot -19.2477 2.52297 -0.0784643
rtoes -42.2803 0 0
lowerback -2.62259 -0.407457 -0.528536
upperback -0.898119 -0.490022 -6.45741
thorax 0.486698 -0.257367 -6.42691
lowerneck -7.33127 0.615112 5.09779
upperneck 2.15783 0.186414 3.86687
head 1.93237 0.246994 0.360665
lclavicle 1.29345e-15 -3.94864e-15 2.02163e-31
lhumerus -58.526 -45.4301 113.783
lradius 55.6487 -0 0
lwrist 25.6414 0 0
lhand 39.2119 24.8992 -0.00949887
lfingers 7.12502 -0 0
lthumb 61.7215 36.6036 -0.0340127
rclavicle 1.29345e-15 -3.94864e-15 2.02163e-31
rhumerus 0.110086 -10.9998 -2.45776
rradius 33.3202 -0 0
rwrist -12.3358 0 0
rhand -25.0539 -39.9307 0.0891134
rfingers 7.12502 -0 0
rthumb 1.45843 -69.8062 0.0908249
1028
root 1.32404 15.2707 32.7217 5.59083 -3.28134 3.90762
lfemur 6.14763 0.724988 3.78752
ltibia 4.64132 -0 0
lfoot -31.7931 -12.1207 -0.0142478
ltoes -32.7111 0 0
rfemur -30.2648 -12.945 -7.44629
rtibia 48.6476 -0 0
rfoot -19.2909 2.56304 -0.0780107
rtoes -42.26 0 0
lowerback -2.61406 -0.401277 -0.529319
upperback -0.891692 -0.481753 -6.44831
thorax 0.489577 -0.253036 -6.41641
lowerneck -7.33561 0.615412 5.11795
upperneck 2.15826 0.184574 3.86782
head 1.93333 0.246362 0.357501
lclavicle 1.28669e-15 -3.28873e-15 2.00995e-31
lhumerus -58.5218 -45.4506 113.809
lradius 55.6489 -0 0
lwrist 25.6404 0 0
lhand 39.1861 24.9073 -0.00944398
lfingers 7.12502 -0 0
lthumb 61.7001 36.6386 -0.0338161
rclavicle 1.28669e-15 -3.28873e-15 2.00995e-31
rhumerus 0.14463 -11.1961 -2.40653
rradius 33.223 -0 0
rwrist -12.2791 0 0
rhand -25.147 -39.9518 0.0885979
rfingers 7.12502 -0 0
rthumb 1.36855 -69.8286 0.0902996
1029
root 1.32309 15.269 32.721 5.58165 -3.28675 3.895
lfemur 6.16969 0.726615 3.80889
ltibia 4.62563 -0 0
lfoot -31.8036 -12.0906 -0.0141595
ltoes -32.7382 0 0
rfemur -30.2664 -12.9778 -7.42875
rtibia 48.6603 -0 0
rfoot -19.3342 2.60311 -0.0775269
rtoes -42.2396 0 0
lowerback -2.60552 -0.395097 -0.530102
upperback -0.885264 -0.473484 -6.43921
thorax 0.492456 -0.248705 -6.4059
lowerneck -7.33995 0.615715 5.13811
upperneck 2.15869 0.182735 3.86877
head 1.93429 0.245729 0.354338
lclavicle 1.27993e-15 -2.62882e-15 1.99749e-31
lhumerus -58.5177 -45.4712 113.836
lradius 55.6491 -0 0
lwrist 25.6393 0 0
lhand 39.1604 24.9155 -0.00938543
lfingers 7.12502 -0 0
lthumb 61.6786 36.6737 -0.0336064
rclavicle 1.27993e-15 -2.62882e-15 1.99749e-31
rhumerus 0.179018 -11.3926 -2.35538
rradius 33.1258 -0 0
rwrist -12.2224 0 0
rhand -25.2401 -39.973 0.088048
rfingers 7.12502 -0 0
rthumb 1.27866 -69.8509 0.0897391
1030
root 1.32215 15.2672 32.7204 5.57247 -3.29217 3.88238
lfemur 6.19174 0.728234 3.83026
ltibia 4.60994 -0 0
lfoot -31.8141 -12.0605 -0.0140656
ltoes -32.7653 0 0
rfemur -30.268 -13.0106 -7.41121
rtibia 48.673 -0 0
rfoot -19.3774 2.64318 -0.0770129
rtoes -42.2193 0 0
lowerback -2.59699 -0.388917 -0.530884
upperback -0.878834 -0.465217 -6.43012
thorax 0.495336 -0.244375 -6.3954
lowerneck -7.34429 0.616018 5.15828
upperneck 2.15912 0.180895 3.86973
head 1.93526 0.245096 0.351174
lclavicle 1.27317e-15 -1.96891e-15 1.98425e-31
lhumerus -58.5135 -45.4917 113.862
lradius 55.6493 -0 0
lwrist 25.6383 0 0
lhand 39.1347 24.9236 -0.00932322
lfingers 7.12502 -0 0
lthumb 61.6572 36.7087 -0.0333836
rclavicle 1.27317e-15 -1.96891e-15 1.98425e-31
rhumerus 0.213251 -11.589 -2.30431
rradius 33.0286 -0 0
rwrist -12.1657 0 0
rhand -25.3331 -39.9941 0.0874638
rfingers 7.12502 -0 0
rthumb 1.18878 -69.8732 0.0891437
1031
root 1.3212 15.2655 32.7197 5.56329 -3.29759 3.86976
lfemur 6.2138 0.729845 3.85164
ltibia 4.59425 -0 0
lfoot -31.8246 -12.0303 -0.0139662
ltoes -32.7924 0 0
rfemur -30.2696 -13.0434 -7.39367
rtibia 48.6857 -0 0
rfoot -19.4206 2.68325 -0.0764686
rtoes -42.199 0 0
lowerback -2.58845 -0.382737 -0.531665
upperback -0.872403 -0.45695 -6.42102
thorax 0.498217 -0.240046 -6.38489
lowerneck -7.34863 0.616324 5.17844
upperneck 2.15955 0.179055 3.87068
head 1.93622 0.244463 0.34801
lclavicle 1.26641e-15 -1.309e-15 1.97023e-31
lhumerus -58.5094 -45.5123 113.889
lradius 55.6495 -0 0
lwrist 25.6372 0 0
lhand 39.109 24.9318 -0.00925735
lfingers 7.12502 -0 0
lthumb 61.6358 36.7437 -0.0331477
rclavicle 1.26641e-15 -1.309e-15 1.97023e-31
rhumerus 0.247329 -11.7855 -2.25333
rradius 32.9315 -0 0
rwrist -12.109 0 0
rhand -25.4262 -40.0153 0.0868452
rfingers 7.12502 -0 0
rthumb 1.09889 -69.8955 0.0885133
1032
root 1.32025 15.2638 32.7191 5.55411 -3.30301 3.85715
lfemur 6.23586 0.731448 3.87301
ltibia 4.57856 -0 0
lfoot -31.8351 -12.0002 -0.0138613
ltoes -32.8195 0 0
rfemur -30.2713 -13.0762 -7.37612
rtibia 48.6984 -0 0
rfoot -19.4639 2.72332 -0.0758941
rtoes -42.1786 0 0
lowerback -2.57991 -0.376557 -0.532444
upperback -0.865971 -0.448685 -6.41192
thorax 0.501099 -0.235717 -6.37439
lowerneck -7.35297 0.61663 5.19861
upperneck 2.15997 0.177216 3.87163
head 1.93718 0.243831 0.344847
lclavicle 1.25964e-15 -6.49088e-16 1.95543e-31
lhumerus -58.5053 -45.5329 113.915
lradius 55.6498 -0 0
lwrist 25.6362 0 0
lhand 39.0832 24.9399 -0.00918782
lfingers 7.12502 -0 0
lthumb 61.6143 36.7788 -0.0328988
rclavicle 1.25964e-15 -6.49088e-16 1.95543e-31
rhumerus 0.281253 -11.982 -2.20243
rradius 32.8343 -0 0
rwrist -12.0523 0 0
rhand -25.5193 -40.0364 0.0861922
rfingers 7.12502 -0 0
rthumb 1.00901 -69.9178 0.0878478
1033
root 1.3193 15.2621 32.7184 5.54493 -3.30844 3.84453
lfemur 6.25791 0.733043 3.89438
ltibia 4.56288 -0 0
lfoot -31.8456 -11.9701 -0.0137509
ltoes -32.8466 0 0
rfemur -30.2729 -13.109 -7.35857
rtibia 48.711 -0 0
rfoot -19.5071 2.76339 -0.0752893
rtoes -42.1583 0 0
lowerback -2.57138 -0.370377 -0.533223
upperback -0.859538 -0.440421 -6.40282
thorax 0.503981 -0.231389 -6.36388
lowerneck -7.3573 0.616939 5.21877
upperneck 2.1604 0.175376 3.87259
head 1.93814 0.243198 0.341683
lclavicle 1.25288e-15 1.08231e-17 1.93986e-31
lhumerus -58.5012 -45.5534 113.942
lradius 55.65 -0 0
lwrist 25.6351 0 0
lhand 39.0575 24.9481 -0.00911464
lfingers 7.12502 -0 0
lthumb 61.5929 36.8138 -0.0326367
rclavicle 1.25288e-15 1.08231e-17 1.93986e-31
rhumerus 0.315024 -12.1785 -2.15161
rradius 32.7371 -0 0
rwrist -11.9956 0 0
rhand -25.6124 -40.0576 0.0855049
rfingers 7.12502 -0 0
rthumb 0.919123 -69.9402 0.0871474
1034
root 1.31835 15.2604 32.7178 5.53575 -3.31386 3.83191
lfemur 6.27997 0.734629 3.91576
ltibia 4.54719 -0 0
lfoot -31.8561 -11.94 -0.013635
ltoes -32.8738 0 0
rfemur -30.2746 -13.1418 -7.34102
rtibia 48.7237 -0 0
rfoot -19.5503 2.80345 -0.0746543
rtoes -42.138 0 0
lowerback -2.56284 -0.364197 -0.534002
upperback -0.853103 -0.432157 -6.39372
thorax 0.506864 -0.227061 -6.35338
lowerneck -7.36164 0.617249 5.23893
upperneck 2.16083 0.173536 3.87354
head 1.9391 0.242566 0.338519
lclavicle 1.24612e-15 6.70734e-16 1.9235e-31
lhumerus -58.4971 -45.574 113.969
lradius 55.6502 -0 0
lwrist 25.6341 0 0
lhand 39.0318 24.9562 -0.00903779
lfingers 7.12502 -0 0
lthumb 61.5715 36.8488 -0.0323615
rclavicle 1.24612e-15 6.70734e-16 1.9235e-31
rhumerus 0.348641 -12.3751 -2.10087
rradius 32.6399 -0 0
rwrist -11.9389 0 0
rhand -25.7055 -40.0787 0.0847833
rfingers 7.12502 -0 0
rthumb 0.829239 -69.9625 0.0864119
1035
root 1.31741 15.2586 32.7171 5.52658 -3.31929 3.8193
lfemur 6.30203 0.736207 3.93713
ltibia 4.5315 -0 0
lfoot -31.8666 -11.9098 -0.0135135
ltoes -32.9009 0 0
rfemur -30.2763 -13.1746 -7.32346
rtibia 48.7364 -0 0
rfoot -19.5936 2.84352 -0.0739891
rtoes -42.1176 0 0
lowerback -2.55431 -0.358016 -0.534779
upperback -0.846667 -0.423895 -6.38462
thorax 0.509748 -0.222734 -6.34287
lowerneck -7.36598 0.61756 5.2591
upperneck 2.16126 0.171697 3.87449
head 1.94006 0.241933 0.335356
lclavicle 1.23936e-15 1.33064e-15 1.90637e-31
lhumerus -58.493 -45.5945 113.995
lradius 55.6504 -0 0
lwrist 25.633 0 0
lhand 39.006 24.9644 -0.00895728
lfingers 7.12502 -0 0
lthumb 61.5501 36.8839 -0.0320732
rclavicle 1.23936e-15 1.33064e-15 1.90637e-31
rhumerus 0.382106 -12.5717 -2.05022
rradius 32.5428 -0 0
rwrist -11.8822 0 0
rhand -25.7986 -40.0998 0.0840272
rfingers 7.12502 -0 0
rthumb 0.739355 -69.9848 0.0856414
1036
root 1.31646 15.2569 32.7165 5.5174 -3.32472 3.80668
lfemur 6.32409 0.737777 3.95851
ltibia 4.51581 -0 0
lfoot -31.8771 -11.8797 -0.0133865
ltoes -32.928 0 0
rfemur -30.2779 -13.2074 -7.3059
rtibia 48.7491 -0 0
rfoot -19.6368 2.88359 -0.0732936
rtoes -42.0973 0 0
lowerback -2.54577 -0.351836 -0.535555
upperback -0.84023 -0.415634 -6.37551
thorax 0.512633 -0.218407 -6.33237
lowerneck -7.37032 0.617873 5.27926
upperneck 2.16169 0.169857 3.87545
head 1.94102 0.241301 0.332192
lclavicle 1.2326e-15 1.99056e-15 1.88846e-31
lhumerus -58.4889 -45.6151 114.022
lradius 55.6506 -0 0
lwrist 25.632 0 0
lhand 38.9803 24.9725 -0.00887312
lfingers 7.12502 -0 0
lthumb 61.5286 36.9189 -0.0317718
rclavicle 1.2326e-15 1.99056e-15 1.88846e-31
rhumerus 0.415418 -12.7683 -1.99964
rradius 32.4456 -0 0
rwrist -11.8255 0 0
rhand -25.8917 -40.121 0.0832369
rfingers 7.12502 -0 0
rthumb 0.649472 -70.0071 0.0848359
1037
root 1.31551 15.2552 32.7158 5.50823 -3.33015 3.79407
lfemur 6.34615 0.739339 3.97988
ltibia 4.50012 -0 0
lfoot -31.8876 -11.8496 -0.013254
ltoes -32.9551 0 0
rfemur -30.2796 -13.2402 -7.28834
rtibia 48.7618 -0 0
rfoot -19.68 2.92365 -0.0725679
rtoes -42.077 0 0
lowerback -2.53724 -0.345655 -0.53633
upperback -0.833791 -0.407374 -6.36641
thorax 0.515518 -0.214081 -6.32186
lowerneck -7.37466 0.618187 5.29942
upperneck 2.16212 0.168017 3.8764
head 1.94199 0.240668 0.329028
lclavicle 1.22584e-15 2.65047e-15 1.86977e-31
lhumerus -58.4849 -45.6357 114.048
lradius 55.6509 -0 0
lwrist 25.6309 0 0
lhand 38.9546 24.9807 -0.00878529
lfingers 7.12502 -0 0
lthumb 61.5072 36.954 -0.0314573
rclavicle 1.22584e-15 2.65047e-15 1.86977e-31
rhumerus 0.448578 -12.9649 -1.94913
rradius 32.3484 -0 0
rwrist -11.7688 0 0
rhand -25.9847 -40.1421 0.0824122
rfingers 7.12502 -0 0
rthumb 0.559589 -70.0294 0.0839954
1038
root 1.31456 15.2535 32.7151 5.49906 -3.33558 3.78146
lfemur 6.36821 0.740892 4.00126
ltibia 4.48443 -0 0
lfoot -31.8981 -11.8195 -0.013116
ltoes -32.9822 0 0
rfemur -30.2813 -13.273 -7.27077
rtibia 48.7745 -0 0
rfoot -19.7232 2.96372 -0.071812
rtoes -42.0566 0 0
lowerback -2.5287 -0.339474 -0.537105
upperback -0.827351 -0.399114 -6.35731
thorax 0.518405 -0.209755 -6.31136
lowerneck -7.379 0.618503 5.31959
upperneck 2.16255 0.166177 3.87735
head 1.94295 0.240036 0.325865
lclavicle 1.21908e-15 3.31038e-15 1.8503e-31
lhumerus -58.4808 -45.6563 114.075
lradius 55.6511 -0 0
lwrist 25.6298 0 0
lhand 38.9289 24.9888 -0.00869381
lfingers 7.12502 -0 0
lthumb 61.4858 36.989 -0.0311296
rclavicle 1.21908e-15 3.31038e-15 1.8503e-31
rhumerus 0.481586 -13.1616 -1.89871
rradius 32.2512 -0 0
rwrist -11.7121 0 0
rhand -26.0778 -40.1633 0.0815531
rfingers 7.12502 -0 0
rthumb 0.469706 -70.0517 0.0831199
1039
root 1.31361 15.2518 32.7145 5.48989 -3.34102 3.76884
lfemur 6.39027 0.742437 4.02264
ltibia 4.46874 -0 0
lfoot -31.9086 -11.7893 -0.0129725
ltoes -33.0093 0 0
rfemur -30.2831 -13.3057 -7.2532
rtibia 48.7872 -0 0
rfoot -19.7665 3.00378 -0.0710259
rtoes -42.0363 0 0
lowerback -2.52017 -0.333293 -0.537878
upperback -0.82091 -0.390856 -6.3482
thorax 0.521292 -0.20543 -6.30085
lowerneck -7.38334 0.618821 5.33975
upperneck 2.16297 0.164338 3.87831
head 1.94391 0.239404 0.322701
lclavicle 1.21231e-15 3.97029e-15 1.83006e-31
lhumerus -58.4768 -45.6768 114.102
lradius 55.6513 -0 0
lwrist 25.6288 0 0
lhand 38.9031 24.997 -0.00859867
lfingers 7.12502 -0 0
lthumb 61.4644 37.024 -0.0307889
rclavicle 1.21231e-15 3.97029e-15 1.83006e-31
rhumerus 0.514443 -13.3583 -1.84836
rradius 32.154 -0 0
rwrist -11.6554 0 0
rhand -26.1709 -40.1844 0.0806597
rfingers 7.12502 -0 0
rthumb 0.379823 -70.074 0.0822094
1040
root 1.31267 15.25 32.7138 5.48072 -3.34646 3.75623
lfemur 6.41233 0.743974 4.04401
ltibia 4.45305 -0 0
lfoot -31.9191 -11.7592 -0.0128234
ltoes -33.0364 0 0
rfemur -30.2848 -13.3385 -7.23563
rtibia 48.7999 -0 0
rfoot -19.8097 3.04385 -0.0702095
rtoes -42.016 0 0
lowerback -2.51163 -0.327112 -0.538651
upperback -0.814467 -0.382599 -6.33909
thorax 0.52418 -0.201105 -6.29034
lowerneck -7.38768 0.61914 5.35991
upperneck 2.1634 0.162498 3.87926
head 1.94487 0.238771 0.319537
lclavicle 1.20555e-15 4.6302e-15 1.80903e-31
lhumerus -58.4728 -45.6974 114.128
lradius 55.6515 -0 0
lwrist 25.6277 0 0
lhand 38.8774 25.0051 -0.00849987
lfingers 7.12502 -0 0
lthumb 61.4429 37.0591 -0.0304351
rclavicle 1.20555e-15 4.6302e-15 1.80903e-31
rhumerus 0.54715 -13.5551 -1.79809
rradius 32.0569 -0 0
rwrist -11.5987 0 0
rhand -26.264 -40.2055 0.079732
rfingers 7.12502 -0 0
rthumb 0.289941 -70.0963 0.081264
1041
root 1.31172 15.2483 32.7132 5.47155 -3.3519 3.74362
lfemur 6.43439 0.745503 4.06539
ltibia 4.43736 -0 0
lfoot -31.9296 -11.7291 -0.0126688
ltoes -33.0635 0 0
rfemur -30.2865 -13.3713 -7.21805
rtibia 48.8126 -0 0
rfoot -19.8529 3.08391 -0.0693629
rtoes -41.9956 0 0
lowerback -2.5031 -0.320931 -0.539422
upperback -0.808023 -0.374343 -6.32999
thorax 0.527069 -0.196781 -6.27984
lowerneck -7.39201 0.61946 5.38008
upperneck 2.16383 0.160658 3.88021
head 1.94583 0.238139 0.316373
lclavicle 1.19879e-15 5.29011e-15 1.78722e-31
lhumerus -58.4688 -45.718 114.155
lradius 55.6518 -0 0
lwrist 25.6267 0 0
lhand 38.8517 25.0133 -0.00839741
lfingers 7.12502 -0 0
lthumb 61.4215 37.0941 -0.0300682
rclavicle 1.19879e-15 5.29011e-15 1.78722e-31
rhumerus 0.579706 -13.7518 -1.74789
rradius 31.9597 -0 0
rwrist -11.542 0 0
rhand -26.3571 -40.2267 0.07877
rfingers 7.12502 -0 0
rthumb 0.200059 -70.1186 0.0802835
1042
root 1.31077 15.2466 32.7125 5.46239 -3.35734 3.73101
lfemur 6.45646 0.747023 4.08677
ltibia 4.42167 -0 0
lfoot -31.9401 -11.699 -0.0125087
ltoes -33.0906 0 0
rfemur -30.2883 -13.4041 -7.20047
rtibia 48.8253 -0 0
rfoot -19.8962 3.12397 -0.0684861
rtoes -41.9753 0 0
lowerback -2.49457 -0.31475 -0.540193
upperback -0.801578 -0.366088 -6.32088
thorax 0.529958 -0.192457 -6.26933
lowerneck -7.39635 0.619782 5.40024
upperneck 2.16426 0.158819 3.88117
head 1.9468 0.237507 0.31321
lclavicle 1.19203e-15 5.95002e-15 1.76464e-31
lhumerus -58.4648 -45.7386 114.182
lradius 55.652 -0 0
lwrist 25.6256 0 0
lhand 38.826 25.0214 -0.00829129
lfingers 7.12502 -0 0
lthumb 61.4001 37.1292 -0.0296882
rclavicle 1.19203e-15 5.95002e-15 1.76464e-31
rhumerus 0.612112 -13.9486 -1.69776
rradius 31.8625 -0 0
rwrist -11.4853 0 0
rhand -26.4502 -40.2478 0.0777736
rfingers 7.12502 -0 0
rthumb 0.110178 -70.141 0.079268
1043
root 1.30982 15.2449 32.7119 5.45322 -3.36278 3.7184
lfemur 6.47852 0.748535 4.10815
ltibia 4.40598 -0 0
lfoot -31.9506 -11.6688 -0.0123431
ltoes -33.1177 0 0
rfemur -30.29 -13.4369 -7.18289
rtibia 48.8379 -0 0
rfoot -19.9394 3.16404 -0.067579
rtoes -41.955 0 0
lowerback -2.48603 -0.308569 -0.540963
upperback -0.795132 -0.357834 -6.31177
thorax 0.532849 -0.188134 -6.25882
lowerneck -7.40069 0.620106 5.4204
upperneck 2.16469 0.156979 3.88212
head 1.94776 0.236875 0.310046
lclavicle 1.18527e-15 6.60993e-15 1.74128e-31
lhumerus -58.4608 -45.7591 114.208
lradius 55.6522 -0 0
lwrist 25.6246 0 0
lhand 38.8002 25.0296 -0.00818151
lfingers 7.12502 -0 0
lthumb 61.3787 37.1642 -0.0292951
rclavicle 1.18527e-15 6.60993e-15 1.74128e-31
rhumerus 0.644368 -14.1454 -1.6477
rradius 31.7653 -0 0
rwrist -11.4286 0 0
rhand -26.5433 -40.2689 0.0767428
rfingers 7.12502 -0 0
rthumb 0.020297 -70.1633 0.0782175
1044
root 1.30887 15.2432 32.7112 5.44406 -3.36823 3.70579
lfemur 6.50058 0.750039 4.12953
ltibia 4.39029 -0 0
lfoot -31.9611 -11.6387 -0.0121719
ltoes -33.1448 0 0
rfemur -30.2918 -13.4697 -7.1653
rtibia 48.8506 -0 0
rfoot -19.9826 3.2041 -0.0666417
rtoes -41.9346 0 0
lowerback -2.4775 -0.302387 -0.541732
upperback -0.788684 -0.349581 -6.30266
thorax 0.53574 -0.183812 -6.24831
lowerneck -7.40503 0.620431 5.44056
upperneck 2.16511 0.155139 3.88307
head 1.94872 0.236243 0.306882
lclavicle 1.17851e-15 7.26984e-15 1.71714e-31
lhumerus -58.4568 -45.7797 114.235
lradius 55.6524 -0 0
lwrist 25.6235 0 0
lhand 38.7745 25.0377 -0.00806807
lfingers 7.12502 -0 0
lthumb 61.3572 37.1992 -0.0288888
rclavicle 1.17851e-15 7.26984e-15 1.71714e-31
rhumerus 0.676475 -14.3423 -1.59771
rradius 31.6682 -0 0
rwrist -11.3719 0 0
rhand -26.6363 -40.2901 0.0756778
rfingers 7.12502 -0 0
rthumb -0.0695835 -70.1856 0.0771321
1045
root 1.30793 15.2414 32.7106 5.43489 -3.37368 3.69319
lfemur 6.52265 0.751535 4.15091
ltibia 4.37461 -0 0
lfoot -31.9716 -11.6086 -0.0119953
ltoes -33.1719 0 0
rfemur -30.2936 -13.5025 -7.14771
rtibia 48.8633 -0 0
rfoot -20.0258 3.24416 -0.0656742
rtoes -41.9143 0 0
lowerback -2.46896 -0.296206 -0.542499
upperback -0.782235 -0.341329 -6.29355
thorax 0.538632 -0.17949 -6.23781
lowerneck -7.40937 0.620758 5.46073
upperneck 2.16554 0.153299 3.88403
head 1.94968 0.235611 0.303718
lclavicle 1.17175e-15 7.92975e-15 1.69222e-31
lhumerus -58.4528 -45.8003 114.262
lradius 55.6526 -0 0
lwrist 25.6225 0 0
lhand 38.7488 25.0459 -0.00795097
lfingers 7.12502 -0 0
lthumb 61.3358 37.2343 -0.0284695
rclavicle 1.17175e-15 7.92975e-15 1.69222e-31
rhumerus 0.708432 -14.5391 -1.5478
rradius 31.571 -0 0
rwrist -11.3152 0 0
rhand -26.7294 -40.3112 0.0745784
rfingers 7.12502 -0 0
rthumb -0.159464 -70.2079 0.0760116
1046
root 1.30698 15.2397 32.7099 5.42573 -3.37912 3.68058
lfemur 6.54471 0.753023 4.17229
ltibia 4.35892 -0 0
lfoot -31.9821 -11.5785 -0.0118131
ltoes -33.199 0 0
rfemur -30.2954 -13.5353 -7.13011
rtibia 48.876 -0 0
rfoot -20.0691 3.28422 -0.0646765
rtoes -41.894 0 0
lowerback -2.46043 -0.290024 -0.543266
upperback -0.775784 -0.333078 -6.28444
thorax 0.541524 -0.175168 -6.2273
lowerneck -7.4137 0.621086 5.48089
upperneck 2.16597 0.151459 3.88498
head 1.95064 0.234979 0.300555
lclavicle 1.16499e-15 8.58966e-15 1.66652e-31
lhumerus -58.4489 -45.8209 114.288
lradius 55.6529 -0 0
lwrist 25.6214 0 0
lhand 38.723 25.054 -0.00783022
lfingers 7.12502 -0 0
lthumb 61.3144 37.2693 -0.0280371
rclavicle 1.16499e-15 8.58966e-15 1.66652e-31
rhumerus 0.740242 -14.736 -1.49795
rradius 31.4738 -0 0
rwrist -11.2585 0 0
rhand -26.8225 -40.3323 0.0734447
rfingers 7.12502 -0 0
rthumb -0.249343 -70.2302 0.0748562
1047
root 1.30603 15.238 32.7093 5.41657 -3.38458 3.66797
lfemur 6.56678 0.754502 4.19367
ltibia 4.34323 -0 0
lfoot -31.9925 -11.5483 -0.0116254
ltoes -33.2261 0 0
rfemur -30.2972 -13.5681 -7.11252
rtibia 48.8887 -0 0
rfoot -20.1123 3.32428 -0.0636485
rtoes -41.8736 0 0
lowerback -2.45189 -0.283842 -0.544033
upperback -0.769333 -0.324828 -6.27533
thorax 0.544418 -0.170848 -6.21679
lowerneck -7.41804 0.621415 5.50105
upperneck 2.1664 0.14962 3.88593
head 1.9516 0.234347 0.297391
lclavicle 1.15822e-15 9.24958e-15 1.64004e-31
lhumerus -58.445 -45.8414 114.315
lradius 55.6531 -0 0
lwrist 25.6204 0 0
lhand 38.6973 25.0622 -0.0077058
lfingers 7.12502 -0 0
lthumb 61.293 37.3043 -0.0275916
rclavicle 1.15822e-15 9.24958e-15 1.64004e-31
rhumerus 0.771903 -14.933 -1.44817
rradius 31.3766 -0 0
rwrist -11.2018 0 0
rhand -26.9156 -40.3534 0.0722767
rfingers 7.12502 -0 0
rthumb -0.339223 -70.2525 0.0736658
1048
root 1.30508 15.2363 32.7086 5.40741 -3.39003 3.65537
lfemur 6.58885 0.755973 4.21506
ltibia 4.32754 -0 0
lfoot -32.003 -11.5182 -0.0114322
ltoes -33.2532 0 0
rfemur -30.299 -13.6008 -7.09492
rtibia 48.9014 -0 0
rfoot -20.1555 3.36434 -0.0625904
rtoes -41.8533 0 0
lowerback -2.44336 -0.27766 -0.544798
upperback -0.76288 -0.316579 -6.26621
thorax 0.547312 -0.166527 -6.20628
lowerneck -7.42238 0.621747 5.52122
upperneck 2.16683 0.14778 3.88689
head 1.95257 0.233716 0.294227
lclavicle 1.15146e-15 9.90949e-15 1.61278e-31
lhumerus -58.441 -45.862 114.342
lradius 55.6533 -0 0
lwrist 25.6193 0 0
lhand 38.6716 25.0703 -0.00757773
lfingers 7.12502 -0 0
lthumb 61.2715 37.3394 -0.0271329
rclavicle 1.15146e-15 9.90949e-15 1.61278e-31
rhumerus 0.803415 -15.1299 -1.39846
rradius 31.2795 -0 0
rwrist -11.1451 0 0
rhand -27.0087 -40.3746 0.0710744
rfingers 7.12502 -0 0
rthumb -0.429101 -70.2747 0.0724405
1049
root 1.30413 15.2346 32.708 5.39825 -3.39549 3.64277
lfemur 6.61091 0.757436 4.23644
ltibia 4.31185 -0 0
lfoot -32.0135 -11.4881 -0.0112334
ltoes -33.2803 0 0
rfemur -30.3008 -13.6336 -7.07731
rtibia 48.9141 -0 0
rfoot -20.1987 3.40439 -0.061502
rtoes -41.833 0 0
lowerback -2.43483 -0.271478 -0.545562
upperback -0.756426 -0.308331 -6.2571
thorax 0.550207 -0.162207 -6.19577
lowerneck -7.42672 0.622079 5.54138
upperneck 2.16726 0.14594 3.88784
head 1.95353 0.233084 0.291063
lclavicle 1.1447e-15 1.05694e-14 1.58475e-31
lhumerus -58.4371 -45.8826 114.368
lradius 55.6535 -0 0
lwrist 25.6183 0 0
lhand 38.6459 25.0785 -0.00744599
lfingers 7.12502 -0 0
lthumb 61.2501 37.3744 -0.0266612
rclavicle 1.1447e-15 1.05694e-14 1.58475e-31
rhumerus 0.83478 -15.3269 -1.34881
rradius 31.1823 -0 0
rwrist -11.0884 0 0
rhand -27.1017 -40.3957 0.0698377
rfingers 7.12502 -0 0
rthumb -0.51898 -70.297 0.0711801
1050
root 1.30319 15.2328 32.7073 5.38909 -3.40094 3.63016
lfemur 6.63298 0.758891 4.25782
ltibia 4.29616 -0 0
lfoot -32.024 -11.458 -0.0110292
ltoes -33.3074 0 0
rfemur -30.3026 -13.6664 -7.0597
rtibia 48.9268 -0 0
rfoot -20.242 3.44445 -0.0603834
rtoes -41.8126 0 0
lowerback -2.42629 -0.265296 -0.546325
upperback -0.74997 -0.300085 -6.24798
thorax 0.553103 -0.157888 -6.18527
lowerneck -7.43105 0.622414 5.56154
upperneck 2.16768 0.1441 3.88879
head 1.95449 0.232452 0.287899
lclavicle 1.13794e-15 1.12293e-14 1.55594e-31
lhumerus -58.4332 -45.9032 114.395
lradius 55.6537 -0 0
lwrist 25.6172 0 0
lhand 38.6201 25.0866 -0.0073106
lfingers 7.12502 -0 0
lthumb 61.2287 37.4094 -0.0261764
rclavicle 1.13794e-15 1.12293e-14 1.55594e-31
rhumerus 0.865998 -15.5239 -1.29923
rradius 31.0851 -0 0
rwrist -11.0317 0 0
rhand -27.1948 -40.4168 0.0685668
rfingers 7.12502 -0 0
rthumb -0.608857 -70.3193 0.0698848
1051
root 1.30224 15.2311 32.7067 5.37994 -3.4064 3.61756
lfemur 6.65505 0.760337 4.27921
ltibia 4.28047 -0 0
lfoot -32.0345 -11.4278 -0.0108194
ltoes -33.3345 0 0
rfemur -30.3045 -13.6992 -7.04209
rtibia 48.9395 -0 0
rfoot -20.2852 3.48451 -0.0592345
rtoes -41.7923 0 0
lowerback -2.41776 -0.259114 -0.547088
upperback -0.743513 -0.291839 -6.23887
thorax 0.555999 -0.153569 -6.17476
lowerneck -7.43539 0.622749 5.5817
upperneck 2.16811 0.14226 3.88975
head 1.95545 0.231821 0.284735
lclavicle 1.13118e-15 1.18892e-14 1.52634e-31
lhumerus -58.4293 -45.9238 114.422
lradius 55.654 -0 0
lwrist 25.6162 0 0
lhand 38.5944 25.0948 -0.00717155
lfingers 7.12502 -0 0
lthumb 61.2073 37.4445 -0.0256784
rclavicle 1.13118e-15 1.18892e-14 1.52634e-31
rhumerus 0.897069 -15.7209 -1.24971
rradius 30.9879 -0 0
rwrist -10.975 0 0
rhand -27.2879 -40.4379 0.0672615
rfingers 7.12502 -0 0
rthumb -0.698735 -70.3416 0.0685545
1052
root 1.30129 15.2294 32.706 5.37078 -3.41187 3.60496
lfemur 6.67712 0.761775 4.30059
ltibia 4.26478 -0 0
lfoot -32.045 -11.3977 -0.0106041
ltoes -33.3616 0 0
rfemur -30.3063 -13.732 -7.02448
rtibia 48.9522 -0 0
rfoot -20.3284 3.52456 -0.0580555
rtoes -41.772 0 0
lowerback -2.40923 -0.252932 -0.547849
upperback -0.737055 -0.283594 -6.22975
thorax 0.558897 -0.149251 -6.16425
lowerneck -7.43973 0.623087 5.60186
upperneck 2.16854 0.140421 3.8907
head 1.95642 0.231189 0.281571
lclavicle 1.12442e-15 1.25491e-14 1.49597e-31
lhumerus -58.4255 -45.9444 114.449
lradius 55.6542 -0 0
lwrist 25.6151 0 0
lhand 38.5687 25.1029 -0.00702884
lfingers 7.12502 -0 0
lthumb 61.1858 37.4795 -0.0251674
rclavicle 1.12442e-15 1.25491e-14 1.49597e-31
rhumerus 0.927993 -15.918 -1.20026
rradius 30.8908 -0 0
rwrist -10.9184 0 0
rhand -27.381 -40.459 0.065922
rfingers 7.12502 -0 0
rthumb -0.788611 -70.3639 0.0671893
1053
root 1.30034 15.2277 32.7054 5.36163 -3.41733 3.59236
lfemur 6.69918 0.763205 4.32198
ltibia 4.24909 -0 0
lfoot -32.0555 -11.3676 -0.0103832
ltoes -33.3887 0 0
rfemur -30.3082 -13.7648 -7.00686
rtibia 48.9648 -0 0
rfoot -20.3716 3.56462 -0.0568462
rtoes -41.7516 0 0
lowerback -2.40069 -0.246749 -0.54861
upperback -0.730596 -0.27535 -6.22063
thorax 0.561795 -0.144933 -6.15374
lowerneck -7.44406 0.623425 5.62203
upperneck 2.16897 0.138581 3.89165
head 1.95738 0.230557 0.278408
lclavicle 1.11766e-15 1.3209e-14 1.46482e-31
lhumerus -58.4216 -45.965 114.475
lradius 55.6544 -0 0
lwrist 25.6141 0 0
lhand 38.543 25.111 -0.00688247
lfingers 7.12502 -0 0
lthumb 61.1644 37.5146 -0.0246433
rclavicle 1.11766e-15 1.3209e-14 1.46482e-31
rhumerus 0.95877 -16.1151 -1.15086
rradius 30.7936 -0 0
rwrist -10.8617 0 0
rhand -27.4741 -40.4801 0.0645481
rfingers 7.12502 -0 0
rthumb -0.878487 -70.3862 0.0657891
1054
root 1.29939 15.226 32.7047 5.35247 -3.42279 3.57976
lfemur 6.72125 0.764627 4.34336
ltibia 4.23341 -0 0
lfoot -32.066 -11.3375 -0.0101569
ltoes -33.4158 0 0
rfemur -30.3101 -13.7976 -6.98924
rtibia 48.9775 -0 0
rfoot -20.4149 3.60467 -0.0556067
rtoes -41.7313 0 0
lowerback -2.39216 -0.240566 -0.549369
upperback -0.724135 -0.267108 -6.21151
thorax 0.564694 -0.140616 -6.14323
lowerneck -7.4484 0.623766 5.64219
upperneck 2.16939 0.136741 3.89261
head 1.95834 0.229926 0.275244
lclavicle 1.11089e-15 1.3869e-14 1.43289e-31
lhumerus -58.4178 -45.9856 114.502
lradius 55.6546 -0 0
lwrist 25.613 0 0
lhand 38.5172 25.1192 -0.00673245
lfingers 7.12502 -0 0
lthumb 61.143 37.5496 -0.024106
rclavicle 1.11089e-15 1.3869e-14 1.43289e-31
rhumerus 0.989401 -16.3122 -1.10153
rradius 30.6964 -0 0
rwrist -10.805 0 0
rhand -27.5671 -40.5012 0.06314
rfingers 7.12502 -0 0
rthumb -0.968363 -70.4085 0.0643539
1055
root 1.29845 15.2242 32.7041 5.34332 -3.42826 3.56716
lfemur 6.74332 0.76604 4.36475
ltibia 4.21772 -0 0
lfoot -32.0765 -11.3073 -0.00992503
ltoes -33.443 0 0
rfemur -30.3119 -13.8303 -6.97161
rtibia 48.9902 -0 0
rfoot -20.4581 3.64472 -0.0543371
rtoes -41.711 0 0
lowerback -2.38363 -0.234384 -0.550128
upperback -0.717673 -0.258866 -6.20239
thorax 0.567594 -0.136299 -6.13272
lowerneck -7.45274 0.624108 5.66235
upperneck 2.16982 0.134901 3.89356
head 1.9593 0.229295 0.27208
lclavicle 1.10413e-15 1.45289e-14 1.40019e-31
lhumerus -58.4139 -46.0061 114.529
lradius 55.6548 -0 0
lwrist 25.612 0 0
lhand 38.4915 25.1273 -0.00657876
lfingers 7.12502 -0 0
lthumb 61.1216 37.5846 -0.0235557
rclavicle 1.10413e-15 1.45289e-14 1.40019e-31
rhumerus 1.01989 -16.5093 -1.05226
rradius 30.5992 -0 0
rwrist -10.7483 0 0
rhand -27.6602 -40.5224 0.0616975
rfingers 7.12502 -0 0
rthumb -1.05824 -70.4308 0.0628838
1056
root 1.2975 15.2225 32.7034 5.33417 -3.43373 3.55456
lfemur 6.76539 0.767445 4.38613
ltibia 4.20203 -0 0
lfoot -32.087 -11.2772 -0.00968765
ltoes -33.4701 0 0
rfemur -30.3138 -13.8631 -6.95398
rtibia 49.0029 -0 0
rfoot -20.5013 3.68477 -0.0530372
rtoes -41.6906 0 0
lowerback -2.37509 -0.228201 -0.550886
upperback -0.711209 -0.250626 -6.19327
thorax 0.570495 -0.131983 -6.12221
lowerneck -7.45707 0.624451 5.68251
upperneck 2.17025 0.133061 3.89451
head 1.96026 0.228663 0.268916
lclavicle 1.09737e-15 1.51888e-14 1.3667e-31
lhumerus -58.4101 -46.0267 114.555
lradius 55.6551 -0 0
lwrist 25.6109 0 0
lhand 38.4658 25.1355 -0.00642142
lfingers 7.12502 -0 0
lthumb 61.1001 37.6197 -0.0229923
rclavicle 1.09737e-15 1.51888e-14 1.3667e-31
rhumerus 1.05023 -16.7065 -1.00304
rradius 30.5021 -0 0
rwrist -10.6916 0 0
rhand -27.7533 -40.5435 0.0602208
rfingers 7.12502 -0 0
rthumb -1.14811 -70.453 0.0613788
1057
root 1.29655 15.2208 32.7028 5.32502 -3.4392 3.54196
lfemur 6.78747 0.768842 4.40752
ltibia 4.18634 -0 0
lfoot -32.0975 -11.2471 -0.00944475
ltoes -33.4972 0 0
rfemur -30.3157 -13.8959 -6.93635
rtibia 49.0156 -0 0
rfoot -20.5445 3.72482 -0.0517071
rtoes -41.6703 0 0
lowerback -2.36656 -0.222018 -0.551643
upperback -0.704745 -0.242386 -6.18415
thorax 0.573396 -0.127668 -6.1117
lowerneck -7.46141 0.624796 5.70268
upperneck 2.17068 0.131221 3.89547
head 1.96123 0.228032 0.265752
lclavicle 1.09061e-15 1.58487e-14 1.33244e-31
lhumerus -58.4063 -46.0473 114.582
lradius 55.6553 -0 0
lwrist 25.6099 0 0
lhand 38.4401 25.1436 -0.00626041
lfingers 7.12502 -0 0
lthumb 61.0787 37.6547 -0.0224157
rclavicle 1.09061e-15 1.58487e-14 1.33244e-31
rhumerus 1.08042 -16.9036 -0.953886
rradius 30.4049 -0 0
rwrist -10.6349 0 0
rhand -27.8464 -40.5646 0.0587098
rfingers 7.12502 -0 0
rthumb -1.23799 -70.4753 0.0598388
1058
root 1.2956 15.2191 32.7021 5.31587 -3.44468 3.52937
lfemur 6.80954 0.770231 4.42891
ltibia 4.17065 -0 0
lfoot -32.108 -11.217 -0.00919633
ltoes -33.5243 0 0
rfemur -30.3177 -13.9287 -6.91871
rtibia 49.0283 -0 0
rfoot -20.5877 3.76487 -0.0503467
rtoes -41.65 0 0
lowerback -2.35803 -0.215835 -0.552399
upperback -0.698279 -0.234147 -6.17503
thorax 0.576298 -0.123353 -6.10119
lowerneck -7.46575 0.625143 5.72284
upperneck 2.17111 0.129382 3.89642
head 1.96219 0.227401 0.262588
lclavicle 1.08385e-15 1.65086e-14 1.29739e-31
lhumerus -58.4025 -46.0679 114.609
lradius 55.6555 -0 0
lwrist 25.6088 0 0
lhand 38.4143 25.1518 -0.00609575
lfingers 7.12502 -0 0
lthumb 61.0573 37.6897 -0.0218261
rclavicle 1.08385e-15 1.65086e-14 1.29739e-31
rhumerus 1.11047 -17.1009 -0.904787
rradius 30.3077 -0 0
rwrist -10.5782 0 0
rhand -27.9394 -40.5857 0.0571645
rfingers 7.12502 -0 0
rthumb -1.32786 -70.4976 0.0582639
1059
root 1.29465 15.2174 32.7015 5.30673 -3.45015 3.51677
lfemur 6.83161 0.771612 4.4503
ltibia 4.15496 -0 0
lfoot -32.1185 -11.1868 -0.00894238
ltoes -33.5514 0 0
rfemur -30.3196 -13.9615 -6.90107
rtibia 49.041 -0 0
rfoot -20.6309 3.80492 -0.0489562
rtoes -41.6296 0 0
lowerback -2.34949 -0.209652 -0.553154
upperback -0.691812 -0.22591 -6.1659
thorax 0.579201 -0.119038 -6.09068
lowerneck -7.47008 0.625491 5.743
upperneck 2.17153 0.127542 3.89737
head 1.96315 0.226769 0.259424
lclavicle 1.07709e-15 1.71685e-14 1.26157e-31
lhumerus -58.3987 -46.0885 114.636
lradius 55.6557 -0 0
lwrist 25.6078 0 0
lhand 38.3886 25.1599 -0.00592743
lfingers 7.12502 -0 0
lthumb 61.0359 37.7248 -0.0212234
rclavicle 1.07709e-15 1.71685e-14 1.26157e-31
rhumerus 1.14037 -17.2981 -0.855744
rradius 30.2105 -0 0
rwrist -10.5215 0 0
rhand -28.0325 -40.6068 0.055585
rfingers 7.12502 -0 0
rthumb -1.41773 -70.5198 0.056654
1060
root 1.29371 15.2156 32.7008 5.29758 -3.45563 3.50418
lfemur 6.85368 0.772984 4.47169
ltibia 4.13927 -0 0
lfoot -32.129 -11.1567 -0.00868292
ltoes -33.5785 0 0
rfemur -30.3215 -13.9942 -6.88343
rtibia 49.0537 -0 0
rfoot -20.6741 3.84497 -0.0475355
rtoes -41.6093 0 0
lowerback -2.34096 -0.203469 -0.553908
upperback -0.685343 -0.217674 -6.15678
thorax 0.582105 -0.114724 -6.08017
lowerneck -7.47442 0.62584 5.76316
upperneck 2.17196 0.125702 3.89832
head 1.96411 0.226138 0.25626
lclavicle 1.07033e-15 1.78284e-14 1.22497e-31
lhumerus -58.3949 -46.1091 114.663
lradius 55.656 -0 0
lwrist 25.6067 0 0
lhand 38.3629 25.1681 -0.00575545
lfingers 7.12502 -0 0
lthumb 61.0145 37.7598 -0.0206076
rclavicle 1.07033e-15 1.78284e-14 1.22497e-31
rhumerus 1.17013 -17.4953 -0.806756
rradius 30.1134 -0 0
rwrist -10.4648 0 0
rhand -28.1256 -40.6278 0.0539711
rfingers 7.12502 -0 0
rthumb -1.5076 -70.5421 0.0550092
1061
root 1.29276 15.2139 32.7002 5.28844 -3.46111 3.49158
lfemur 6.87575 0.774348 4.49308
ltibia 4.12358 -0 0
lfoot -32.1395 -11.1266 -0.00841794
ltoes -33.6056 0 0
rfemur -30.3235 -14.027 -6.86578
rtibia 49.0664 -0 0
rfoot -20.7174 3.88501 -0.0460846
rtoes -41.589 0 0
lowerback -2.33243 -0.197286 -0.554661
upperback -0.678873 -0.209438 -6.14765
thorax 0.585009 -0.110411 -6.06966
lowerneck -7.47875 0.626191 5.78332
upperneck 2.17239 0.123862 3.89928
head 1.96508 0.225507 0.253096
lclavicle 1.06356e-15 1.84883e-14 1.18759e-31
lhumerus -58.3912 -46.1297 114.689
lradius 55.6562 -0 0
lwrist 25.6057 0 0
lhand 38.3372 25.1762 -0.00557982
lfingers 7.12502 -0 0
lthumb 60.993 37.7948 -0.0199786
rclavicle 1.06356e-15 1.84883e-14 1.18759e-31
rhumerus 1.19975 -17.6926 -0.757822
rradius 30.0162 -0 0
rwrist -10.4081 0 0
rhand -28.2187 -40.6489 0.052323
rfingers 7.12502 -0 0
rthumb -1.59748 -70.5644 0.0533295
1062
root 1.29181 15.2122 32.6995 5.27929 -3.46659 3.47899
lfemur 6.89783 0.775704 4.51447
ltibia 4.1079 -0 0
lfoot -32.15 -11.0965 -0.00814744
ltoes -33.6327 0 0
rfemur -30.3254 -14.0598 -6.84813
rtibia 49.0791 -0 0
rfoot -20.7606 3.92506 -0.0446034
rtoes -41.5687 0 0
lowerback -2.3239 -0.191102 -0.555413
upperback -0.672402 -0.201204 -6.13853
thorax 0.587915 -0.106098 -6.05915
lowerneck -7.48309 0.626544 5.80348
upperneck 2.17282 0.122022 3.90023
head 1.96604 0.224876 0.249932
lclavicle 1.0568e-15 1.91482e-14 1.14943e-31
lhumerus -58.3874 -46.1503 114.716
lradius 55.6564 -0 0
lwrist 25.6046 0 0
lhand 38.3114 25.1844 -0.00540052
lfingers 7.12502 -0 0
lthumb 60.9716 37.8299 -0.0193366
rclavicle 1.0568e-15 1.91482e-14 1.14943e-31
rhumerus 1.22922 -17.8899 -0.708941
rradius 29.919 -0 0
rwrist -10.3514 0 0
rhand -28.3117 -40.67 0.0506407
rfingers 7.12502 -0 0
rthumb -1.68735 -70.5866 0.0516149
1063
root 1.29086 15.2105 32.6989 5.27015 -3.47208 3.4664
lfemur 6.9199 0.777051 4.53586
ltibia 4.09221 -0 0
lfoot -32.1605 -11.0663 -0.00787143
ltoes -33.6598 0 0
rfemur -30.3274 -14.0926 -6.83047
rtibia 49.0917 -0 0
rfoot -20.8038 3.9651 -0.0430921
rtoes -41.5483 0 0
lowerback -2.31536 -0.184919 -0.556165
upperback -0.66593 -0.192971 -6.1294
thorax 0.590821 -0.101786 -6.04864
lowerneck -7.48742 0.626898 5.82365
upperneck 2.17324 0.120182 3.90118
head 1.967 0.224245 0.246768
lclavicle 1.05004e-15 1.98081e-14 1.11049e-31
lhumerus -58.3837 -46.1709 114.743
lradius 55.6566 -0 0
lwrist 25.6036 0 0
lhand 38.2857 25.1925 -0.00521757
lfingers 7.12502 -0 0
lthumb 60.9502 37.8649 -0.0186815
rclavicle 1.05004e-15 1.98081e-14 1.11049e-31
rhumerus 1.25854 -18.0873 -0.660112
rradius 29.8218 -0 0
rwrist -10.2947 0 0
rhand -28.4048 -40.6911 0.0489241
rfingers 7.12502 -0 0
rthumb -1.77722 -70.6089 0.0498653
1064
root 1.28992 15.2087 32.6982 5.26101 -3.47756 3.4538
lfemur 6.94198 0.77839 4.55725
ltibia 4.07652 -0 0
lfoot -32.171 -11.0362 -0.00758989
ltoes -33.6869 0 0
rfemur -30.3294 -14.1254 -6.81281
rtibia 49.1044 -0 0
rfoot -20.847 4.00515 -0.0415505
rtoes -41.528 0 0
lowerback -2.30683 -0.178735 -0.556915
upperback -0.659456 -0.184738 -6.12027
thorax 0.593728 -0.0974739 -6.03812
lowerneck -7.49176 0.627253 5.84381
upperneck 2.17367 0.118342 3.90214
head 1.96796 0.223614 0.243604
lclavicle 1.04328e-15 2.04681e-14 1.07078e-31
lhumerus -58.3799 -46.1915 114.77
lradius 55.6568 -0 0
lwrist 25.6025 0 0
lhand 38.26 25.2007 -0.00503095
lfingers 7.12502 -0 0
lthumb 60.9288 37.8999 -0.0180133
rclavicle 1.04328e-15 2.04681e-14 1.07078e-31
rhumerus 1.28772 -18.2846 -0.611334
rradius 29.7247 -0 0
rwrist -10.238 0 0
rhand -28.4979 -40.7122 0.0471732
rfingers 7.12502 -0 0
rthumb -1.86709 -70.6312 0.0480808
1065
root 1.28897 15.207 32.6976 5.25187 -3.48305 3.44121
lfemur 6.96405 0.779721 4.57864
ltibia 4.06083 -0 0
lfoot -32.1815 -11.0061 -0.00730283
ltoes -33.714 0 0
rfemur -30.3314 -14.1581 -6.79515
rtibia 49.1171 -0 0
rfoot -20.8902 4.04519 -0.0399788
rtoes -41.5077 0 0
lowerback -2.2983 -0.172551 -0.557665
upperback -0.652981 -0.176507 -6.11114
thorax 0.596635 -0.0931626 -6.02761
lowerneck -7.4961 0.62761 5.86397
upperneck 2.1741 0.116502 3.90309
head 1.96893 0.222983 0.24044
lclavicle 1.03652e-15 2.1128e-14 1.03028e-31
lhumerus -58.3762 -46.2121 114.797
lradius 55.6571 -0 0
lwrist 25.6015 0 0
lhand 38.2342 25.2088 -0.00484068
lfingers 7.12502 -0 0
lthumb 60.9074 37.935 -0.017332
rclavicle 1.03652e-15 2.1128e-14 1.03028e-31
rhumerus 1.31676 -18.482 -0.562606
rradius 29.6275 -0 0
rwrist -10.1813 0 0
rhand -28.591 -40.7333 0.0453881
rfingers 7.12502 -0 0
rthumb -1.95695 -70.6534 0.0462615
1066
root 1.28802 15.2053 32.6969 5.24273 -3.48854 3.42862
lfemur 6.98613 0.781044 4.60003
ltibia 4.04514 -0 0
lfoot -32.192 -10.976 -0.00701026
ltoes -33.7411 0 0
rfemur -30.3334 -14.1909 -6.77749
rtibia 49.1298 -0 0
rfoot -20.9334 4.08523 -0.0383769
rtoes -41.4873 0 0
lowerback -2.28977 -0.166367 -0.558413
upperback -0.646504 -0.168277 -6.10201
thorax 0.599544 -0.0888519 -6.0171
lowerneck -7.50043 0.627969 5.88413
upperneck 2.17453 0.114662 3.90404
head 1.96989 0.222352 0.237276
lclavicle 1.02976e-15 2.17879e-14 9.89009e-32
lhumerus -58.3725 -46.2327 114.824
lradius 55.6573 -0 0
lwrist 25.6004 0 0
lhand 38.2085 25.217 -0.00464675
lfingers 7.12502 -0 0
lthumb 60.886 37.97 -0.0166376
rclavicle 1.02976e-15 2.17879e-14 9.89009e-32
rhumerus 1.34566 -18.6794 -0.513928
rradius 29.5303 -0 0
rwrist -10.1246 0 0
rhand -28.684 -40.7544 0.0435688
rfingers 7.12502 -0 0
rthumb -2.04682 -70.6757 0.0444072
1067
root 1.28707 15.2036 32.6963 5.23359 -3.49403 3.41603
lfemur 7.0082 0.782359 4.62143
ltibia 4.02945 -0 0
lfoot -32.2025 -10.9458 -0.00671217
ltoes -33.7682 0 0
rfemur -30.3354 -14.2237 -6.75982
rtibia 49.1425 -0 0
rfoot -20.9766 4.12527 -0.0367448
rtoes -41.467 0 0
lowerback -2.28123 -0.160183 -0.559161
upperback -0.640027 -0.160048 -6.09288
thorax 0.602453 -0.0845417 -6.00659
lowerneck -7.50477 0.628329 5.90429
upperneck 2.17495 0.112823 3.905
head 1.97085 0.221722 0.234112
lclavicle 1.023e-15 2.24478e-14 9.46956e-32
lhumerus -58.3688 -46.2534 114.85
lradius 55.6575 -0 0
lwrist 25.5994 0 0
lhand 38.1828 25.2251 -0.00444917
lfingers 7.12502 -0 0
lthumb 60.8645 38.005 -0.0159301
rclavicle 1.023e-15 2.24478e-14 9.46956e-32
rhumerus 1.37441 -18.8768 -0.465297
rradius 29.4331 -0 0
rwrist -10.0679 0 0
rhand -28.7771 -40.7754 0.0417152
rfingers 7.12502 -0 0
rthumb -2.13669 -70.6979 0.042518
1068
root 1.28612 15.2019 32.6956 5.22446 -3.49952 3.40345
lfemur 7.03028 0.783665 4.64282
ltibia 4.01377 -0 0
lfoot -32.213 -10.9157 -0.00640856
ltoes -33.7953 0 0
rfemur -30.3374 -14.2565 -6.74214
rtibia 49.1552 -0 0
rfoot -21.0198 4.16531 -0.0350824
rtoes -41.4467 0 0
lowerback -2.2727 -0.153999 -0.559907
upperback -0.633548 -0.15182 -6.08375
thorax 0.605363 -0.080232 -5.99608
lowerneck -7.5091 0.628691 5.92445
upperneck 2.17538 0.110983 3.90595
head 1.97181 0.221091 0.230948
lclavicle 1.01624e-15 2.31077e-14 9.04125e-32
lhumerus -58.3652 -46.274 114.877
lradius 55.6577 -0 0
lwrist 25.5983 0 0
lhand 38.1571 25.2333 -0.00424792
lfingers 7.12502 -0 0
lthumb 60.8431 38.0401 -0.0152095
rclavicle 1.01624e-15 2.31077e-14 9.04125e-32
rhumerus 1.40302 -19.0742 -0.416714
rradius 29.336 -0 0
rwrist -10.0112 0 0
rhand -28.8702 -40.7965 0.0398274
rfingers 7.12502 -0 0
rthumb -2.22656 -70.7202 0.0405939
1069
root 1.28518 15.2001 32.695 5.21532 -3.50502 3.39086
lfemur 7.05236 0.784963 4.66421
ltibia 3.99808 -0 0
lfoot -32.2235 -10.8856 -0.00609943
ltoes -33.8224 0 0
rfemur -30.3395 -14.2892 -6.72446
rtibia 49.1679 -0 0
rfoot -21.063 4.20534 -0.0333899
rtoes -41.4263 0 0
lowerback -2.26417 -0.147815 -0.560653
upperback -0.627068 -0.143593 -6.07462
thorax 0.608274 -0.0759229 -5.98556
lowerneck -7.51343 0.629054 5.94461
upperneck 2.17581 0.109143 3.9069
head 1.97278 0.22046 0.227784
lclavicle 1.00947e-15 2.37676e-14 8.60515e-32
lhumerus -58.3615 -46.2946 114.904
lradius 55.6579 -0 0
lwrist 25.5973 0 0
lhand 38.1313 25.2414 -0.00404302
lfingers 7.12502 -0 0
lthumb 60.8217 38.0751 -0.0144758
rclavicle 1.00947e-15 2.37676e-14 8.60515e-32
rhumerus 1.43148 -19.2717 -0.368177
rradius 29.2388 -0 0
rwrist -9.95452 0 0
rhand -28.9632 -40.8176 0.0379054
rfingers 7.12502 -0 0
rthumb -2.31642 -70.7424 0.038635
1070
root 1.28423 15.1984 32.6943 5.20619 -3.51052 3.37827
lfemur 7.07443 0.786253 4.68561
ltibia 3.98239 -0 0
lfoot -32.234 -10.8555 -0.00578478
ltoes -33.8495 0 0
rfemur -30.3415 -14.322 -6.70678
rtibia 49.1806 -0 0
rfoot -21.1062 4.24538 -0.0316672
rtoes -41.406 0 0
lowerback -2.25564 -0.141631 -0.561398
upperback -0.620586 -0.135367 -6.06548
thorax 0.611185 -0.0716143 -5.97505
lowerneck -7.51777 0.629419 5.96477
upperneck 2.17624 0.107303 3.90785
head 1.97374 0.21983 0.22462
lclavicle 1.00271e-15 2.44275e-14 8.16127e-32
lhumerus -58.3579 -46.3152 114.931
lradius 55.6582 -0 0
lwrist 25.5962 0 0
lhand 38.1056 25.2496 -0.00383446
lfingers 7.12502 -0 0
lthumb 60.8003 38.1101 -0.013729
rclavicle 1.00271e-15 2.44275e-14 8.16127e-32
rhumerus 1.4598 -19.4692 -0.319685
rradius 29.1416 -0 0
rwrist -9.89783 0 0
rhand -29.0563 -40.8386 0.0359491
rfingers 7.12502 -0 0
rthumb -2.40629 -70.7646 0.0366411
1071
root 1.28328 15.1967 32.6937 5.19705 -3.51602 3.36569
lfemur 7.09651 0.787535 4.707
ltibia 3.9667 -0 0
lfoot -32.2445 -10.8253 -0.00546461
ltoes -33.8766 0 0
rfemur -30.3436 -14.3548 -6.6891
rtibia 49.1933 -0 0
rfoot -21.1494 4.28541 -0.0299144
rtoes -41.3857 0 0
lowerback -2.24711 -0.135446 -0.562142
upperback -0.614103 -0.127142 -6.05635
thorax 0.614098 -0.0673063 -5.96454
lowerneck -7.5221 0.629785 5.98493
upperneck 2.17666 0.105463 3.90881
head 1.9747 0.219199 0.221456
lclavicle 9.95951e-16 2.50874e-14 7.70959e-32
lhumerus -58.3542 -46.3358 114.958
lradius 55.6584 -0 0
lwrist 25.5952 0 0
lhand 38.0799 25.2577 -0.00362224
lfingers 7.12502 -0 0
lthumb 60.7789 38.1452 -0.0129691
rclavicle 9.95951e-16 2.50874e-14 7.70959e-32
rhumerus 1.48798 -19.6667 -0.271238
rradius 29.0444 -0 0
rwrist -9.84113 0 0
rhand -29.1494 -40.8597 0.0339587
rfingers 7.12502 -0 0
rthumb -2.49615 -70.7869 0.0346124
1072
root 1.28233 15.195 32.693 5.18792 -3.52152 3.3531
lfemur 7.11859 0.788808 4.7284
ltibia 3.95101 -0 0
lfoot -32.255 -10.7952 -0.00513893
ltoes -33.9037 0 0
rfemur -30.3456 -14.3875 -6.67141
rtibia 49.2059 -0 0
rfoot -21.1926 4.32544 -0.0281313
rtoes -41.3653 0 0
lowerback -2.23857 -0.129262 -0.562885
upperback -0.607619 -0.118918 -6.04721
thorax 0.617011 -0.0629988 -5.95403
lowerneck -7.52644 0.630153 6.00509
upperneck 2.17709 0.103623 3.90976
head 1.97567 0.218569 0.218292
lclavicle 9.8919e-16 2.57473e-14 7.25013e-32
lhumerus -58.3506 -46.3564 114.985
lradius 55.6586 -0 0
lwrist 25.5941 0 0
lhand 38.0542 25.2659 -0.00340636
lfingers 7.12502 -0 0
lthumb 60.7575 38.1802 -0.0121962
rclavicle 9.8919e-16 2.57473e-14 7.25013e-32
rhumerus 1.51602 -19.8643 -0.222833
rradius 28.9473 -0 0
rwrist -9.78443 0 0
rhand -29.2424 -40.8808 0.031934
rfingers 7.12502 -0 0
rthumb -2.58601 -70.8091 0.0325488
1073
root 1.28138 15.1933 32.6924 5.17879 -3.52702 3.34052
lfemur 7.14067 0.790073 4.74979
ltibia 3.93532 -0 0
lfoot -32.2655 -10.7651 -0.00480773
ltoes -33.9308 0 0
rfemur -30.3477 -14.4203 -6.65372
rtibia 49.2186 -0 0
rfoot -21.2358 4.36548 -0.026318
rtoes -41.345 0 0
lowerback -2.23004 -0.123077 -0.563627
upperback -0.601134 -0.110695 -6.03808
thorax 0.619925 -0.0586919 -5.94351
lowerneck -7.53077 0.630522 6.02525
upperneck 2.17752 0.101783 3.91071
head 1.97663 0.217938 0.215128
lclavicle 9.82429e-16 2.64073e-14 6.78289e-32
lhumerus -58.347 -46.377 115.012
lradius 55.6588 -0 0
lwrist 25.5931 0 0
lhand 38.0284 25.274 -0.00318682
lfingers 7.12502 -0 0
lthumb 60.736 38.2152 -0.0114101
rclavicle 9.82429e-16 2.64073e-14 6.78289e-32
rhumerus 1.54392 -20.0618 -0.174471
rradius 28.8501 -0 0
rwrist -9.72774 0 0
rhand -29.3355 -40.9018 0.0298751
rfingers 7.12502 -0 0
rthumb -2.67588 -70.8313 0.0304503
1074
root 1.28044 15.1915 32.6917 5.16966 -3.53253 3.32793
lfemur 7.16275 0.79133 4.77119
ltibia 3.91964 -0 0
lfoot -32.276 -10.735 -0.004471
ltoes -33.9579 0 0
rfemur -30.3498 -14.4531 -6.63602
rtibia 49.2313 -0 0
rfoot -21.279 4.40551 -0.0244746
rtoes -41.3247 0 0
lowerback -2.22151 -0.116893 -0.564369
upperback -0.594647 -0.102473 -6.02894
thorax 0.62284 -0.0543854 -5.933
lowerneck -7.53511 0.630893 6.04541
upperneck 2.17795 0.0999428 3.91167
head 1.97759 0.217308 0.211964
lclavicle 9.75667e-16 2.70672e-14 6.30785e-32
lhumerus -58.3434 -46.3976 115.039
lradius 55.659 -0 0
lwrist 25.592 0 0
lhand 38.0027 25.2821 -0.00296363
lfingers 7.12502 -0 0
lthumb 60.7146 38.2503 -0.010611
rclavicle 9.75667e-16 2.70672e-14 6.30785e-32
rhumerus 1.57167 -20.2594 -0.12615
rradius 28.7529 -0 0
rwrist -9.67104 0 0
rhand -29.4286 -40.9229 0.0277821
rfingers 7.12502 -0 0
rthumb -2.76574 -70.8536 0.028317
1075
root 1.27949 15.1898 32.6911 5.16053 -3.53804 3.31535
lfemur 7.18483 0.792579 4.79259
ltibia 3.90395 -0 0
lfoot -32.2865 -10.7049 -0.00412877
ltoes -33.985 0 0
rfemur -30.3519 -14.4859 -6.61832
rtibia 49.244 -0 0
rfoot -21.3222 4.44553 -0.022601
rtoes -41.3043 0 0
lowerback -2.21298 -0.110708 -0.565109
upperback -0.588159 -0.0942527 -6.0198
thorax 0.625755 -0.0500796 -5.92248
lowerneck -7.53944 0.631265 6.06557
upperneck 2.17837 0.0981029 3.91262
head 1.97855 0.216677 0.2088
lclavicle 9.68906e-16 2.77271e-14 5.82503e-32
lhumerus -58.3398 -46.4182 115.065
lradius 55.6593 -0 0
lwrist 25.591 0 0
lhand 37.977 25.2903 -0.00273678
lfingers 7.12502 -0 0
lthumb 60.6932 38.2853 -0.00979871
rclavicle 9.68906e-16 2.77271e-14 5.82503e-32
rhumerus 1.59928 -20.457 -0.0778696
rradius 28.6557 -0 0
rwrist -9.61435 0 0
rhand -29.5216 -40.9439 0.0256548
rfingers 7.12502 -0 0
rthumb -2.8556 -70.8758 0.0261488
1076
root 1.27854 15.1881 32.6904 5.15141 -3.54355 3.30277
lfemur 7.20691 0.793819 4.81398
ltibia 3.88826 -0 0
lfoot -32.297 -10.6747 -0.00378101
ltoes -34.0122 0 0
rfemur -30.354 -14.5186 -6.60062
rtibia 49.2567 -0 0
rfoot -21.3654 4.48556 -0.0206972
rtoes -41.284 0 0
lowerback -2.20445 -0.104523 -0.565848
upperback -0.58167 -0.086033 -6.01066
thorax 0.628672 -0.0457742 -5.91197
lowerneck -7.54377 0.631639 6.08574
upperneck 2.1788 0.0962629 3.91357
head 1.97952 0.216047 0.205636
lclavicle 9.62145e-16 2.8387e-14 5.33442e-32
lhumerus -58.3362 -46.4389 115.092
lradius 55.6595 -0 0
lwrist 25.5899 0 0
lhand 37.9513 25.2984 -0.00250627
lfingers 7.12502 -0 0
lthumb 60.6718 38.3203 -0.00897337
rclavicle 9.62145e-16 2.8387e-14 5.33442e-32
rhumerus 1.62674 -20.6546 -0.0296282
rradius 28.5586 -0 0
rwrist -9.55765 0 0
rhand -29.6147 -40.965 0.0234933
rfingers 7.12502 -0 0
rthumb -2.94546 -70.898 0.0239458
1077
root 1.27759 15.1864 32.6898 5.14228 -3.54906 3.29019
lfemur 7.22899 0.795051 4.83538
ltibia 3.87257 -0 0
lfoot -32.3075 -10.6446 -0.00342774
ltoes -34.0393 0 0
rfemur -30.3561 -14.5514 -6.58291
rtibia 49.2694 -0 0
rfoot -21.4086 4.52559 -0.0187632
rtoes -41.2637 0 0
lowerback -2.19592 -0.098338 -0.566587
upperback -0.575179 -0.0778144 -6.00152
thorax 0.631589 -0.0414694 -5.90146
lowerneck -7.54811 0.632015 6.1059
upperneck 2.17923 0.0944229 3.91452
head 1.98048 0.215417 0.202472
lclavicle 9.55383e-16 2.90469e-14 4.83602e-32
lhumerus -58.3327 -46.4595 115.119
lradius 55.6597 -0 0
lwrist 25.5889 0 0
lhand 37.9255 25.3066 -0.0022721
lfingers 7.12502 -0 0
lthumb 60.6504 38.3553 -0.00813494
rclavicle 9.55383e-16 2.90469e-14 4.83602e-32
rhumerus 1.65407 -20.8523 0.0185748
rradius 28.4614 -0 0
rwrist -9.50095 0 0
rhand -29.7078 -40.986 0.0212977
rfingers 7.12502 -0 0
rthumb -3.03532 -70.9202 0.0217079
1078
root 1.27664 15.1847 32.6891 5.13316 -3.55457 3.27761
lfemur 7.25107 0.796275 4.85678
ltibia 3.85688 -0 0
lfoot -32.318 -10.6145 -0.00306895
ltoes -34.0664 0 0
rfemur -30.3583 -14.5842 -6.5652
rtibia 49.2821 -0 0
rfoot -21.4518 4.56561 -0.0167991
rtoes -41.2433 0 0
lowerback -2.18739 -0.0921529 -0.567324
upperback -0.568687 -0.0695968 -5.99238
thorax 0.634507 -0.0371652 -5.89094
lowerneck -7.55244 0.632392 6.12605
upperneck 2.17965 0.0925829 3.91548
head 1.98144 0.214787 0.199307
lclavicle 9.48622e-16 2.97068e-14 4.32983e-32
lhumerus -58.3291 -46.4801 115.146
lradius 55.6599 -0 0
lwrist 25.5878 0 0
lhand 37.8998 25.3147 -0.00203427
lfingers 7.12502 -0 0
lthumb 60.629 38.3904 -0.00728341
rclavicle 9.48622e-16 2.97068e-14 4.32983e-32
rhumerus 1.68125 -21.0499 0.0667406
rradius 28.3642 -0 0
rwrist -9.44426 0 0
rhand -29.8008 -41.007 0.0190679
rfingers 7.12502 -0 0
rthumb -3.12518 -70.9424 0.0194352
1079
root 1.2757 15.1829 32.6885 5.12403 -3.56009 3.26503
lfemur 7.27315 0.797491 4.87818
ltibia 3.8412 -0 0
lfoot -32.3284 -10.5844 -0.00270464
ltoes -34.0935 0 0
rfemur -30.3604 -14.6169 -6.54748
rtibia 49.2948 -0 0
rfoot -21.495 4.60563 -0.0148048
rtoes -41.223 0 0
lowerback -2.17885 -0.0859677 -0.568061
upperback -0.562194 -0.0613803 -5.98324
thorax 0.637425 -0.0328615 -5.88043
lowerneck -7.55677 0.63277 6.14621
upperneck 2.18008 0.0907429 3.91643
head 1.98241 0.214156 0.196143
lclavicle 9.4186e-16 3.03667e-14 3.81586e-32
lhumerus -58.3256 -46.5007 115.173
lradius 55.6602 -0 0
lwrist 25.5868 0 0
lhand 37.8741 25.3229 -0.00179279
lfingers 7.12502 -0 0
lthumb 60.6076 38.4254 -0.0064188
rclavicle 9.4186e-16 3.03667e-14 3.81586e-32
rhumerus 1.70829 -21.2476 0.11487
rradius 28.267 -0 0
rwrist -9.38756 0 0
rhand -29.8939 -41.0281 0.0168039
rfingers 7.12502 -0 0
rthumb -3.21503 -70.9646 0.0171277
1080
root 1.27475 15.1812 32.6878 5.11491 -3.5656 3.25245
lfemur 7.29524 0.798698 4.89958
ltibia 3.82551 -0 0
lfoot -32.3389 -10.5542 -0.00233481
ltoes -34.1206 0 0
rfemur -30.3626 -14.6497 -6.52976
rtibia 49.3075 -0 0
rfoot -21.5382 4.64566 -0.0127803
rtoes -41.2027 0 0
lowerback -2.17032 -0.0797824 -0.568796
upperback -0.555699 -0.0531648 -5.9741
thorax 0.640345 -0.0285583 -5.86991
lowerneck -7.56111 0.63315 6.16637
upperneck 2.18051 0.0889028 3.91738
head 1.98337 0.213526 0.192979
lclavicle 9.35099e-16 3.10266e-14 3.2941e-32
lhumerus -58.3221 -46.5213 115.2
lradius 55.6604 -0 0
lwrist 25.5857 0 0
lhand 37.8484 25.331 -0.00154765
lfingers 7.12502 -0 0
lthumb 60.5862 38.4604 -0.00554109
rclavicle 9.35099e-16 3.10266e-14 3.2941e-32
rhumerus 1.73519 -21.4453 0.162964
rradius 28.1699 -0 0
rwrist -9.33087 0 0
rhand -29.987 -41.0491 0.0145058
rfingers 7.12502 -0 0
rthumb -3.30489 -70.9868 0.0147853
1081
root 1.2738 15.1795 32.6872 5.10579 -3.57112 3.23987
lfemur 7.31732 0.799897 4.92098
ltibia 3.80982 -0 0
lfoot -32.3494 -10.5241 -0.00195947
ltoes -34.1477 0 0
rfemur -30.3647 -14.6825 -6.51204
rtibia 49.3202 -0 0
rfoot -21.5814 4.68568 -0.0107257
rtoes -41.1824 0 0
lowerback -2.16179 -0.073597 -0.569531
upperback -0.549204 -0.0449504 -5.96495
thorax 0.643265 -0.0242557 -5.8594
lowerneck -7.56544 0.633532 6.18653
upperneck 2.18094 0.0870628 3.91834
head 1.98433 0.212896 0.189815
lclavicle 9.28338e-16 3.16865e-14 2.76455e-32
lhumerus -58.3186 -46.542 115.227
lradius 55.6606 -0 0
lwrist 25.5847 0 0
lhand 37.8226 25.3392 -0.00129885
lfingers 7.12502 -0 0
lthumb 60.5647 38.4955 -0.0046503
rclavicle 9.28338e-16 3.16865e-14 2.76455e-32
rhumerus 1.76195 -21.643 0.211024
rradius 28.0727 -0 0
rwrist -9.27417 0 0
rhand -30.08 -41.0701 0.0121735
rfingers 7.12502 -0 0
rthumb -3.39475 -71.0091 0.0124081
1082
root 1.27285 15.1778 32.6865 5.09667 -3.57664 3.2273
lfemur 7.3394 0.801088 4.94238
ltibia 3.79413 -0 0
lfoot -32.3599 -10.494 -0.00157861
ltoes -34.1748 0 0
rfemur -30.3669 -14.7152 -6.49431
rtibia 49.3328 -0 0
rfoot -21.6246 4.72569 -0.00864085
rtoes -41.162 0 0
lowerback -2.15326 -0.0674115 -0.570265
upperback -0.542706 -0.036737 -5.95581
thorax 0.646186 -0.0199536 -5.84888
lowerneck -7.56977 0.633915 6.20669
upperneck 2.18136 0.0852228 3.91929
head 1.9853 0.212266 0.186651
lclavicle 9.21576e-16 3.23465e-14 2.22722e-32
lhumerus -58.3151 -46.5626 115.254
lradius 55.6608 -0 0
lwrist 25.5836 0 0
lhand 37.7969 25.3473 -0.0010464
lfingers 7.12502 -0 0
lthumb 60.5433 38.5305 -0.00374642
rclavicle 9.21576e-16 3.23465e-14 2.22722e-32
rhumerus 1.78857 -21.8408 0.259051
rradius 27.9755 -0 0
rwrist -9.21747 0 0
rhand -30.1731 -41.0911 0.00980709
rfingers 7.12502 -0 0
rthumb -3.4846 -71.0312 0.00999607
1083
root 1.2719 15.1761 32.6859 5.08755 -3.58217 3.21472
lfemur 7.36149 0.802271 4.96378
ltibia 3.77844 -0 0
lfoot -32.3704 -10.4639 -0.00119223
ltoes -34.2019 0 0
rfemur -30.3691 -14.748 -6.47658
rtibia 49.3455 -0 0
rfoot -21.6678 4.76571 -0.00652588
rtoes -41.1417 0 0
lowerback -2.14473 -0.0612259 -0.570998
upperback -0.536208 -0.0285247 -5.94666
thorax 0.649108 -0.0156521 -5.83837
lowerneck -7.5741 0.634299 6.22685
upperneck 2.18179 0.0833828 3.92024
head 1.98626 0.211636 0.183487
lclavicle 9.14815e-16 3.30064e-14 1.68209e-32
lhumerus -58.3116 -46.5832 115.281
lradius 55.661 -0 0
lwrist 25.5826 0 0
lhand 37.7712 25.3555 -0.000790283
lfingers 7.12502 -0 0
lthumb 60.5219 38.5655 -0.00282944
rclavicle 9.14815e-16 3.30064e-14 1.68209e-32
rhumerus 1.81504 -22.0386 0.307045
rradius 27.8783 -0 0
rwrist -9.16078 0 0
rhand -30.2661 -41.1122 0.00740651
rfingers 7.12502 -0 0
rthumb -3.57445 -71.0534 0.00754925
1084
root 1.27096 15.1743 32.6852 5.07843 -3.58769 3.20215
lfemur 7.38357 0.803445 4.98518
ltibia 3.76276 -0 0
lfoot -32.3809 -10.4337 -0.000800338
ltoes -34.229 0 0
rfemur -30.3713 -14.7808 -6.45884
rtibia 49.3582 -0 0
rfoot -21.7109 4.80572 -0.00438074
rtoes -41.1214 0 0
lowerback -2.1362 -0.0550401 -0.57173
upperback -0.529708 -0.0203135 -5.93752
thorax 0.65203 -0.0113511 -5.82785
lowerneck -7.57844 0.634685 6.24701
upperneck 2.18222 0.0815427 3.92119
head 1.98722 0.211007 0.180322
lclavicle 9.08054e-16 3.36663e-14 1.12918e-32
lhumerus -58.3081 -46.6038 115.308
lradius 55.6613 -0 0
lwrist 25.5815 0 0
lhand 37.7455 25.3636 -0.000530513
lfingers 7.12502 -0 0
lthumb 60.5005 38.6005 -0.00189938
rclavicle 9.08054e-16 3.36663e-14 1.12918e-32
rhumerus 1.84137 -22.2364 0.355008
rradius 27.7812 -0 0
rwrist -9.10408 0 0
rhand -30.3592 -41.1332 0.0049718
rfingers 7.12502 -0 0
rthumb -3.66431 -71.0756 0.00506763
1085
root 1.27001 15.1726 32.6846 5.06932 -3.59322 3.18957
lfemur 7.40565 0.804611 5.00658
ltibia 3.74707 -0 0
lfoot -32.3914 -10.4036 -0.000402927
ltoes -34.2561 0 0
rfemur -30.3735 -14.8135 -6.4411
rtibia 49.3709 -0 0
rfoot -21.7541 4.84574 -0.00220545
rtoes -41.101 0 0
lowerback -2.12767 -0.0488543 -0.572461
upperback -0.523207 -0.0121032 -5.92837
thorax 0.654954 -0.00705061 -5.81734
lowerneck -7.58277 0.635073 6.26717
upperneck 2.18264 0.0797027 3.92215
head 1.98819 0.210377 0.177158
lclavicle 9.01292e-16 3.43262e-14 5.68485e-33
lhumerus -58.3046 -46.6245 115.335
lradius 55.6615 -0 0
lwrist 25.5805 0 0
lhand 37.7197 25.3718 -0.000267085
lfingers 7.12502 -0 0
lthumb 60.4791 38.6356 -0.000956236
rclavicle 9.01292e-16 3.43262e-14 5.68485e-33
rhumerus 1.86756 -22.4342 0.402941
rradius 27.684 -0 0
rwrist -9.04739 0 0
rhand -30.4522 -41.1542 0.00250296
rfingers 7.12502 -0 0
rthumb -3.75416 -71.0978 0.00255121
1086
root 1.26906 15.1709 32.6839 5.0602 -3.59875 363.177
lfemur 7.42774 0.805769 5.02798
ltibia 3.73138 0 0
lfoot -32.4019 -10.3735 0
ltoes -34.2832 0 0
rfemur -30.3757 -14.8463 -6.42336
rtibia 49.3836 0 0
rfoot -21.7973 4.88575 0
rtoes -41.0807 0 0
lowerback -2.11914 -0.0426684 -0.573191
upperback -0.516705 -0.0038941 -5.91922
thorax 0.657878 -0.0027507 -5.80682
lowerneck -7.5871 0.635462 6.28733
upperneck 2.18307 0.0778626 3.9231
head 1.98915 0.209747 0.173994
lclavicle 8.94531e-16 3.49861e-14 0
lhumerus -58.3012 -46.6451 115.362
lradius 55.6617 0 0
lwrist 25.5794 0 0
lhand 37.694 25.3799 0
lfingers 7.12502 0 0
lthumb 60.4577 38.6706 0
rclavicle 8.94531e-16 3.49861e-14 0
rhumerus 1.89361 -22.632 0.450844
rradius 27.5868 0 0
rwrist -8.99069 0 0
rhand -30.5453 -41.1752 0
rfingers 7.12502 0 0
rthumb -3.84401 -791.12 0
