:FULLY-SPECIFIED
:FORCE-ALL-JOINTS-BE-3DOF
:DEGREES
1
root 6.24314 16.836 -28.1378 9.0217 -2.52979 -3.05774
lfemur -20.3712 2.30257 -19.9954
ltibia 35.927 0 0
lfoot -38.654 3.93715 0
ltoes 38.9541 0 0
rfemur -19.4747 0.22019 19.5256
rtibia 36.0342 0 0
rfoot -30.3779 -10.4967 0
rtoes 21.4483 0 0
lowerback -2.05144 3.66971 -5.03766
upperback -2.66728 5.00355 3.49279
thorax -2.36397 2.67023 6.42441
lowerneck -9.84699 -2.36864 1.94815
upperneck -1.37933 -3.32542 -1.65382
head 1.16433 -1.69823 -0.975663
lclavicle -1.65488e-14 -3.69739e-14 0
lhumerus -41.7253 -10.8128 99.8312
lradius 34.5094 0 0
lwrist 2.17521 0 0
lhand -10.5949 9.65639 0
lfingers 7.12502 0 0
lthumb 15.4107 39.062 0
rclavicle -1.65488e-14 -3.69739e-14 0
rhumerus -43.273 -4.86223 -84.2703
rradius 40.4763 0 0
rwrist 9.89469 0 0
rhand -23.7965 -22.476 0
rfingers 7.12502 0 0
rthumb 2.67393 -52.439 0
2
root 6.18354 16.8541 -28.1906 9.82992 -3.21882 -3.21628
lfemur -20.7696 1.87106 -20.1345
ltibia 35.6804 0 0
lfoot -39.3983 4.72883 0
ltoes 39.1741 0 0
rfemur -16.2376 1.23041 17.8883
rtibia 33.48 0 0
rfoot -32.3049 -11.877 0
rtoes 23.824 0 0
lowerback -3.07855 3.94781 -4.84986
upperback -2.96152 5.44244 3.5611
thorax -2.14423 2.88618 6.36705
lowerneck -9.7424 -2.40293 2.06774
upperneck -1.45437 -3.37931 -1.7676
head 1.11885 -1.72934 -1.03396
lclavicle -4.81455e-14 -4.10674e-14 0
lhumerus -41.8514 -10.2326 99.973
lradius 33.8953 0 0
lwrist 1.69119 0 0
lhand -11.7156 7.59881 0
lfingers 7.12502 0 0
lthumb 14.3358 37.1384 0
rclavicle -4.81455e-14 -4.10674e-14 0
rhumerus -43.4112 -3.87006 -85.49
rradius 39.1726 0 0
rwrist 11.7333 0 0
rhand -23.6573 -22.2815 0
rfingers 7.12502 0 0
rthumb 2.80838 -52.2452 0
3
root 6.12284 16.8741 -28.2379 10.6662 -3.97337 -3.3244
lfemur -21.124 1.43905 -20.3356
ltibia 35.3563 0 0
lfoot -40.1335 5.56901 0
ltoes 39.3747 0 0
rfemur -12.9488 2.26116 16.1904
rtibia 30.8036 0 0
rfoot -34.2509 -13.2543 0
rtoes 26.2753 0 0
lowerback -4.2082 4.22739 -4.64918
upperback -3.25041 5.88598 3.58269
thorax -1.85641 3.10116 6.26098
lowerneck -9.63557 -2.42775 2.19493
upperneck -1.53356 -3.42192 -1.85437
head 1.0721 -1.75427 -1.08451
lclavicle -9.00265e-14 -4.58677e-14 0
lhumerus -42.0082 -9.61641 100.041
lradius 33.3051 0 0
lwrist 1.24376 0 0
lhand -12.9518 4.82364 0
lfingers 7.12502 0 0
lthumb 13.1497 34.5054 0
rclavicle -9.00265e-14 -4.58677e-14 0
rhumerus -43.6199 -2.83072 -86.7923
rradius 37.961 0 0
rwrist 13.5676 0 0
rhand -23.5395 -22.0767 0
rfingers 7.12502 0 0
rthumb 2.92216 -52.0415 0
4
root 6.23329 16.8525 -28.0886 9.27418 -3.11946 -2.60389
lfemur -19.9756 2.29805 -20.5522
ltibia 35.2289 0 0
lfoot -38.5729 4.37367 0
ltoes 38.7791 0 0
rfemur -19.0092 0.404986 18.9796
rtibia 34.9338 0 0
rfoot -30.5489 -10.4701 0
rtoes 22.129 0 0
lowerback -2.97438 3.68294 -4.9218
upperback -2.61913 5.04544 3.07234
thorax -1.75124 2.66143 5.98606
lowerneck -9.82686 -2.28344 2.0165
upperneck -1.41675 -3.22392 -1.41065
head 1.15294 -1.64258 -0.905956
lclavicle -1.09108e-13 -4.33351e-14 0
lhumerus -42.0008 -10.4886 99.1718
lradius 34.7247 0 0
lwrist 2.50452 0 0
lhand -11.6336 3.19806 0
lfingers 7.12502 0 0
lthumb 14.41 32.6778 0
rclavicle -1.09108e-13 -4.33351e-14 0
rhumerus -43.9079 -4.43773 -85.0134
rradius 41.3047 0 0
rwrist 9.85575 0 0
rhand -23.9891 -22.3842 0
rfingers 7.12502 0 0
rthumb 2.48792 -52.3495 0
5
root 6.23909 16.8512 -28.0815 9.19956 -3.06869 -2.57203
lfemur -19.921 2.34233 -20.5569
ltibia 35.2304 0 0
lfoot -38.4935 4.30709 0
ltoes 38.7505 0 0
rfemur -19.3267 0.307265 19.1296
rtibia 35.1591 0 0
rfoot -30.3565 -10.3269 0
rtoes 21.9071 0 0
lowerback -2.90015 3.65476 -4.93719
upperback -2.58718 5.00168 3.05093
thorax -1.75292 2.63889 5.97698
lowerneck -9.83695 -2.27699 2.00652
upperneck -1.4103 -3.21489 -1.39062
head 1.15724 -1.63747 -0.897571
lclavicle -1.0902e-13 -4.313e-14 0
lhumerus -41.9972 -10.5372 99.1347
lradius 34.7953 0 0
lwrist 2.56565 0 0
lhand -11.5537 3.18914 0
lfingers 7.12502 0 0
lthumb 14.4865 32.6576 0
rclavicle -1.0902e-13 -4.313e-14 0
rhumerus -43.9154 -4.5254 -84.9132
rradius 41.4673 0 0
rwrist 9.665 0 0
rhand -24.0099 -22.401 0
rfingers 7.12502 0 0
rthumb 2.46787 -52.3663 0
6
root 6.24515 16.8498 -28.0741 9.12163 -3.01563 -2.53891
lfemur -19.8641 2.38849 -20.5617
ltibia 35.2321 0 0
lfoot -38.4106 4.23757 0
ltoes 38.7206 0 0
rfemur -19.6579 0.205286 19.2863
rtibia 35.3943 0 0
rfoot -30.1563 -10.1773 0
rtoes 21.6743 0 0
lowerback -2.82246 3.62538 -4.95328
upperback -2.55385 4.95605 3.02871
thorax -1.75483 2.6154 5.96763
lowerneck -9.84748 -2.27028 1.99611
upperneck -1.40356 -3.20549 -1.36982
head 1.16172 -1.63215 -0.888849
lclavicle -1.08906e-13 -4.29126e-14 0
lhumerus -41.9935 -10.588 99.0961
lradius 34.869 0 0
lwrist 2.62935 0 0
lhand -11.4702 3.18154 0
lfingers 7.12502 0 0
lthumb 14.5664 32.6383 0
rclavicle -1.08906e-13 -4.29126e-14 0
rhumerus -43.9229 -4.61696 -84.8084
rradius 41.6366 0 0
rwrist 9.46592 0 0
rhand -24.0311 -22.4183 0
rfingers 7.12502 0 0
rthumb 2.44732 -52.3836 0
7
root 6.25146 16.8484 -28.0664 9.04043 -2.96032 -2.50453
lfemur -19.805 2.43653 -20.5666
ltibia 35.2341 0 0
lfoot -38.3244 4.16516 0
ltoes 38.6896 0 0
rfemur -20.0028 0.0991129 19.4496
rtibia 35.6391 0 0
rfoot -29.9484 -10.0214 0
rtoes 21.431 0 0
lowerback -2.74136 3.59481 -4.97006
upperback -2.51916 4.90856 3.00569
thorax -1.75698 2.59096 5.95802
lowerneck -9.85845 -2.26331 1.98525
upperneck -1.39654 -3.19573 -1.34823
head 1.16639 -1.62662 -0.879794
lclavicle -1.08766e-13 -4.26829e-14 0
lhumerus -41.9896 -10.6409 99.0561
lradius 34.9456 0 0
lwrist 2.69559 0 0
lhand -11.383 3.17525 0
lfingers 7.12502 0 0
lthumb 14.6499 32.6198 0
rclavicle -1.08766e-13 -4.26829e-14 0
rhumerus -43.9306 -4.71235 -84.6991
rradius 41.8125 0 0
rwrist 9.25864 0 0
rhand -24.0529 -22.4361 0
rfingers 7.12502 0 0
rthumb 2.42627 -52.4014 0
8
root 6.25802 16.8469 -28.0584 8.95602 -2.90278 -2.46892
lfemur -19.7436 2.48639 -20.5715
ltibia 35.2363 0 0
lfoot -38.235 4.0899 0
ltoes 38.6574 0 0
rfemur -20.3611 -0.0111899 19.6194
rtibia 35.8934 0 0
rfoot -29.7328 -9.8592 0
rtoes 21.1772 0 0
lowerback -2.6569 3.56309 -4.98753
upperback -2.48315 4.85926 2.98189
thorax -1.75935 2.56558 5.94814
lowerneck -9.86986 -2.25608 1.97397
upperneck -1.38923 -3.1856 -1.32589
head 1.17125 -1.62089 -0.870412
lclavicle -1.08601e-13 -4.24411e-14 0
lhumerus -41.9854 -10.6958 99.0147
lradius 35.0252 0 0
lwrist 2.76434 0 0
lhand -11.2923 3.17026 0
lfingers 7.12502 0 0
lthumb 14.7367 32.602 0
rclavicle -1.08601e-13 -4.24411e-14 0
rhumerus -43.9383 -4.81152 -84.5854
rradius 41.995 0 0
rwrist 9.04329 0 0
rhand -24.0752 -22.4544 0
rfingers 7.12502 0 0
rthumb 2.40473 -52.4198 0
9
root 6.26482 16.8454 -28.0501 8.86845 -2.84307 -2.4321
lfemur -19.6801 2.53806 -20.5765
ltibia 35.2387 0 0
lfoot -38.1422 4.01183 0
ltoes 38.624 0 0
rfemur -20.7326 -0.125558 19.7955
rtibia 36.1571 0 0
rfoot -29.5097 -9.69092 0
rtoes 20.9131 0 0
lowerback -2.56913 3.53021 -5.00568
upperback -2.44582 4.80816 2.95731
thorax -1.76195 2.53929 5.93801
lowerneck -9.88169 -2.2486 1.96227
upperneck -1.38165 -3.17511 -1.3028
head 1.17628 -1.61496 -0.860707
lclavicle -1.08411e-13 -4.21876e-14 0
lhumerus -41.9811 -10.7528 98.972
lradius 35.1077 0 0
lwrist 2.83554 0 0
lhand -11.1981 3.16653 0
lfingers 7.12502 0 0
lthumb 14.8269 32.5851 0
rclavicle -1.08411e-13 -4.21876e-14 0
rhumerus -43.9462 -4.91441 -84.4673
rradius 42.1839 0 0
rwrist 8.81999 0 0
rhand -24.0981 -22.4732 0
rfingers 7.12502 0 0
rthumb 2.38269 -52.4386 0
10
root 6.27186 16.8438 -28.0416 8.77777 -2.78119 -2.39409
lfemur -19.6143 2.59151 -20.5816
ltibia 35.2413 0 0
lfoot -38.0462 3.931 0
ltoes 38.5896 0 0
rfemur -21.117 -0.243927 19.978
rtibia 36.4301 0 0
rfoot -29.2792 -9.51661 0
rtoes 20.6389 0 0
lowerback -2.47812 3.4962 -5.02449
upperback -2.4072 4.7553 2.93198
thorax -1.76477 2.5121 5.92762
lowerneck -9.89395 -2.24087 1.95015
upperneck -1.3738 -3.16428 -1.27898
head 1.1815 -1.60883 -0.850686
lclavicle -1.08196e-13 -4.19224e-14 0
lhumerus -41.9766 -10.8117 98.9279
lradius 35.193 0 0
lwrist 2.90917 0 0
lhand -11.1004 3.16406 0
lfingers 7.12502 0 0
lthumb 14.9204 32.569 0
rclavicle -1.08196e-13 -4.19224e-14 0
rhumerus -43.9541 -5.02095 -84.3449
rradius 42.3791 0 0
rwrist 8.58887 0 0
rhand -24.1214 -22.4925 0
rfingers 7.12502 0 0
rthumb 2.36017 -52.458 0
11
root 6.27914 16.8421 -28.0328 8.68403 -2.7172 -2.35491
lfemur -19.5465 2.64671 -20.5868
ltibia 35.2441 0 0
lfoot -37.9471 3.84746 0
ltoes 38.554 0 0
rfemur -21.5142 -0.366232 20.1666
rtibia 36.7121 0 0
rfoot -29.0415 -9.33638 0
rtoes 20.3547 0 0
lowerback -2.3839 3.46109 -5.04394
upperback -2.36731 4.7007 2.9059
thorax -1.76781 2.48403 5.91699
lowerneck -9.90661 -2.2329 1.93763
upperneck -1.36568 -3.1531 -1.25443
head 1.18688 -1.6025 -0.840352
lclavicle -1.07957e-13 -4.16459e-14 0
lhumerus -41.972 -10.8727 98.8825
lradius 35.2812 0 0
lwrist 2.98517 0 0
lhand -10.9994 3.16284 0
lfingers 7.12502 0 0
lthumb 15.0171 32.5537 0
rclavicle -1.07957e-13 -4.16459e-14 0
rhumerus -43.9622 -5.13109 -84.2183
rradius 42.5805 0 0
rwrist 8.35005 0 0
rhand -24.1452 -22.5123 0
rfingers 7.12502 0 0
rthumb 2.33718 -52.4778 0
12
root 6.28665 16.8404 -28.0237 8.58727 -2.65113 -2.31457
lfemur -19.4766 2.70363 -20.592
ltibia 35.2472 0 0
lfoot -37.8449 3.76124 0
ltoes 38.5173 0 0
rfemur -21.924 -0.49241 20.3614
rtibia 37.0031 0 0
rfoot -28.7966 -9.15032 0
rtoes 20.0608 0 0
lowerback -2.28654 3.42488 -5.06404
upperback -2.32617 4.64439 2.87908
thorax -1.77106 2.45507 5.90611
lowerneck -9.91968 -2.22469 1.9247
upperneck -1.35729 -3.14158 -1.22916
head 1.19244 -1.59599 -0.829711
lclavicle -1.07694e-13 -4.13581e-14 0
lhumerus -41.9671 -10.9356 98.8358
lradius 35.3721 0 0
lwrist 3.06352 0 0
lhand -10.895 3.16283 0
lfingers 7.12502 0 0
lthumb 15.117 32.5392 0
rclavicle -1.07694e-13 -4.13581e-14 0
rhumerus -43.9703 -5.24477 -84.0876
rradius 42.7881 0 0
rwrist 8.10367 0 0
rhand -24.1695 -22.5326 0
rfingers 7.12502 0 0
rthumb 2.31371 -52.4982 0
13
root 6.29439 16.8387 -28.0143 8.48756 -2.583 -2.2731
lfemur -19.4046 2.76224 -20.5973
ltibia 35.2504 0 0
lfoot -37.7397 3.67239 0
ltoes 38.4796 0 0
rfemur -22.3461 -0.622395 20.5621
rtibia 37.3028 0 0
rfoot -28.5446 -8.95854 0
rtoes 19.7573 0 0
lowerback -2.18608 3.3876 -5.08477
upperback -2.28381 4.58641 2.85154
thorax -1.77452 2.42527 5.89499
lowerneck -9.93315 -2.21624 1.91137
upperneck -1.34865 -3.12973 -1.2032
head 1.19817 -1.58928 -0.818768
lclavicle -1.07408e-13 -4.10592e-14 0
lhumerus -41.9621 -11.0003 98.7878
lradius 35.4657 0 0
lwrist 3.14418 0 0
lhand -10.7873 3.16403 0
lfingers 7.12502 0 0
lthumb 15.2201 32.5254 0
rclavicle -1.07408e-13 -4.10592e-14 0
rhumerus -43.9785 -5.36194 -83.9527
rradius 43.0017 0 0
rwrist 7.84985 0 0
rhand -24.1943 -22.5534 0
rfingers 7.12502 0 0
rthumb 2.28977 -52.519 0
14
root 6.30235 16.8369 -28.0047 8.38493 -2.51286 -2.23051
lfemur -19.3306 2.82252 -20.6026
ltibia 35.2539 0 0
lfoot -37.6315 3.58096 0
ltoes 38.4408 0 0
rfemur -22.7803 -0.756123 20.7687
rtibia 37.6112 0 0
rfoot -28.2857 -8.76113 0
rtoes 19.4444 0 0
lowerback -2.08257 3.34926 -5.10613
upperback -2.24023 4.52677 2.82329
thorax -1.77819 2.39461 5.88363
lowerneck -9.94701 -2.20756 1.89766
upperneck -1.33975 -3.11756 -1.17655
head 1.20407 -1.5824 -0.807529
lclavicle -1.07097e-13 -4.07496e-14 0
lhumerus -41.9569 -11.067 98.7385
lradius 35.5619 0 0
lwrist 3.22709 0 0
lhand -10.6764 3.16642 0
lfingers 7.12502 0 0
lthumb 15.3263 32.5124 0
rclavicle -1.07097e-13 -4.07496e-14 0
rhumerus -43.9869 -5.48252 -83.8139
rradius 43.2212 0 0
rwrist 7.58872 0 0
rhand -24.2195 -22.5746 0
rfingers 7.12502 0 0
rthumb 2.26537 -52.5403 0
15
root 6.31053 16.835 -27.9949 8.27944 -2.44073 -2.18684
lfemur -19.2546 2.88443 -20.6081
ltibia 35.2575 0 0
lfoot -37.5203 3.48698 0
ltoes 38.401 0 0
rfemur -23.2265 -0.893531 20.981
rtibia 37.9281 0 0
rfoot -28.02 -8.55819 0
rtoes 19.1222 0 0
lowerback -1.97608 3.30988 -5.12808
upperback -2.19547 4.46551 2.79434
thorax -1.78207 2.36313 5.87204
lowerneck -9.96126 -2.19866 1.88357
upperneck -1.3306 -3.10506 -1.14921
head 1.21013 -1.57533 -0.795998
lclavicle -1.06764e-13 -4.04294e-14 0
lhumerus -41.9516 -11.1355 98.6881
lradius 35.6608 0 0
lwrist 3.31223 0 0
lhand -10.5623 3.16998 0
lfingers 7.12502 0 0
lthumb 15.4355 32.5001 0
rclavicle -1.06764e-13 -4.04294e-14 0
rhumerus -43.9953 -5.60647 -83.6711
rradius 43.4466 0 0
rwrist 7.3204 0 0
rhand -24.2453 -22.5963 0
rfingers 7.12502 0 0
rthumb 2.24051 -52.5621 0
16
root 6.31893 16.8331 -27.9848 8.17115 -2.36666 -2.14208
lfemur -19.1767 2.94795 -20.6135
ltibia 35.2614 0 0
lfoot -37.4062 3.39051 0
ltoes 38.3601 0 0
rfemur -23.6844 -1.03455 21.1991
rtibia 38.2534 0 0
rfoot -27.7476 -8.34983 0
rtoes 18.7909 0 0
lowerback -1.86664 3.26948 -5.15064
upperback -2.14955 4.40265 2.7647
thorax -1.78615 2.33083 5.86023
lowerneck -9.97589 -2.18953 1.8691
upperneck -1.32121 -3.09225 -1.12122
head 1.21635 -1.56808 -0.78418
lclavicle -1.06409e-13 -4.00987e-14 0
lhumerus -41.946 -11.2058 98.6364
lradius 35.7622 0 0
lwrist 3.39956 0 0
lhand -10.4452 3.1747 0
lfingers 7.12502 0 0
lthumb 15.5477 32.4885 0
rclavicle -1.06409e-13 -4.00987e-14 0
rhumerus -44.0038 -5.73373 -83.5245
rradius 43.6776 0 0
rwrist 7.04502 0 0
rhand -24.2715 -22.6185 0
rfingers 7.12502 0 0
rthumb 2.2152 -52.5843 0
17
root 6.32754 16.8311 -27.9744 8.06009 -2.29067 -2.09627
lfemur -19.0969 3.01304 -20.6191
ltibia 35.2654 0 0
lfoot -37.2893 3.29159 0
ltoes 38.3183 0 0
rfemur -24.1538 -1.17913 21.4227
rtibia 38.5868 0 0
rfoot -27.4686 -8.13613 0
rtoes 18.4507 0 0
lowerback -1.75432 3.22808 -5.17379
upperback -2.10248 4.33823 2.73439
thorax -1.79042 2.29773 5.84819
lowerneck -9.99088 -2.18018 1.85426
upperneck -1.31157 -3.07912 -1.09257
head 1.22273 -1.56066 -0.772081
lclavicle -1.06031e-13 -3.97578e-14 0
lhumerus -41.9403 -11.2779 98.5835
lradius 35.8662 0 0
lwrist 3.48903 0 0
lhand -10.3249 3.18055 0
lfingers 7.12502 0 0
lthumb 15.6628 32.4777 0
rclavicle -1.06031e-13 -3.97578e-14 0
rhumerus -44.0124 -5.86423 -83.374
rradius 43.9143 0 0
rwrist 6.76271 0 0
rhand -24.2981 -22.6411 0
rfingers 7.12502 0 0
rthumb 2.18944 -52.607 0
18
root 6.33636 16.8291 -27.9638 7.94632 -2.2128 -2.04943
lfemur -19.0152 3.07969 -20.6247
ltibia 35.2696 0 0
lfoot -37.1696 3.19025 0
ltoes 38.2754 0 0
rfemur -24.6345 -1.32718 21.6518
rtibia 38.9283 0 0
rfoot -27.1831 -7.91721 0
rtoes 18.1018 0 0
lowerback -1.63916 3.18569 -5.19751
upperback -2.05429 4.27227 2.70343
thorax -1.7949 2.26385 5.83593
lowerneck -10.0062 -2.17062 1.83906
upperneck -1.3017 -3.0657 -1.06328
head 1.22926 -1.55306 -0.759705
lclavicle -1.0563e-13 -3.94069e-14 0
lhumerus -41.9345 -11.3518 98.5295
lradius 35.9726 0 0
lwrist 3.5806 0 0
lhand -10.2016 3.18752 0
lfingers 7.12502 0 0
lthumb 15.7809 32.4676 0
rclavicle -1.0563e-13 -3.94069e-14 0
rhumerus -44.0211 -5.99791 -83.2198
rradius 44.1565 0 0
rwrist 6.4736 0 0
rhand -24.3253 -22.6641 0
rfingers 7.12502 0 0
rthumb 2.16324 -52.6302 0
19
root 6.34539 16.8271 -27.953 7.8299 -2.13308 -2.00157
lfemur -18.9316 3.14785 -20.6303
ltibia 35.2741 0 0
lfoot -37.0471 3.08655 0
ltoes 38.2317 0 0
rfemur -25.1263 -1.47866 21.8863
rtibia 39.2777 0 0
rfoot -26.8912 -7.69315 0
rtoes 17.7444 0 0
lowerback -1.52121 3.14234 -5.2218
upperback -2.00499 4.2048 2.67181
thorax -1.79956 2.22919 5.82346
lowerneck -10.022 -2.16085 1.8235
upperneck -1.29159 -3.05197 -1.03336
head 1.23595 -1.5453 -0.747059
lclavicle -1.05209e-13 -3.90462e-14 0
lhumerus -41.9285 -11.4273 98.4743
lradius 36.0815 0 0
lwrist 3.67424 0 0
lhand -10.0754 3.19559 0
lfingers 7.12502 0 0
lthumb 15.9017 32.4582 0
rclavicle -1.05209e-13 -3.90462e-14 0
rhumerus -44.0298 -6.13473 -83.0619
rradius 44.4041 0 0
rwrist 6.17782 0 0
rhand -24.3528 -22.6876 0
rfingers 7.12502 0 0
rthumb 2.1366 -52.6538 0
20
root 6.35462 16.825 -27.9419 7.71086 -2.05155 -1.95271
lfemur -18.8463 3.21751 -20.636
ltibia 35.2787 0 0
lfoot -36.922 2.98052 0
ltoes 38.1869 0 0
rfemur -25.629 -1.6335 22.126
rtibia 39.6349 0 0
rfoot -26.5932 -7.46407 0
rtoes 17.3785 0 0
lowerback -1.40054 3.09804 -5.24664
upperback -1.95461 4.13584 2.63956
thorax -1.80441 2.19377 5.81077
lowerneck -10.038 -2.15087 1.8076
upperneck -1.28126 -3.03796 -1.00282
head 1.24278 -1.53738 -0.734146
lclavicle -1.04766e-13 -3.86758e-14 0
lhumerus -41.9223 -11.5046 98.418
lradius 36.1927 0 0
lwrist 3.76991 0 0
lhand -9.94627 3.20475 0
lfingers 7.12502 0 0
lthumb 16.0253 32.4495 0
rclavicle -1.04766e-13 -3.86758e-14 0
rhumerus -44.0387 -6.27462 -82.9005
rradius 44.657 0 0
rwrist 5.87548 0 0
rhand -24.3809 -22.7116 0
rfingers 7.12502 0 0
rthumb 2.10954 -52.6778 0
21
root 6.36404 16.8228 -27.9307 7.58927 -1.96824 -1.90288
lfemur -18.7592 3.28864 -20.6418
ltibia 35.2835 0 0
lfoot -36.7943 2.87222 0
ltoes 38.1413 0 0
rfemur -26.1424 -1.79163 22.371
rtibia 39.9997 0 0
rfoot -26.2889 -7.23005 0
rtoes 17.0044 0 0
lowerback -1.27719 3.05281 -5.27203
upperback -1.90317 4.06544 2.60668
thorax -1.80945 2.15762 5.79788
lowerneck -10.0545 -2.14069 1.79135
upperneck -1.2707 -3.02365 -0.971676
head 1.24977 -1.52929 -0.720972
lclavicle -1.04302e-13 -3.82961e-14 0
lhumerus -41.916 -11.5835 98.3606
lradius 36.3063 0 0
lwrist 3.86757 0 0
lhand -9.8143 3.21497 0
lfingers 7.12502 0 0
lthumb 16.1517 32.4415 0
rclavicle -1.04302e-13 -3.82961e-14 0
rhumerus -44.0476 -6.41751 -82.7355
rradius 44.9151 0 0
rwrist 5.56672 0 0
rhand -24.4093 -22.7359 0
rfingers 7.12502 0 0
rthumb 2.08204 -52.7023 0
22
root 6.37366 16.8206 -27.9191 7.46517 -1.88318 -1.85209
lfemur -18.6703 3.3612 -20.6476
ltibia 35.2884 0 0
lfoot -36.6639 2.76168 0
ltoes 38.0947 0 0
rfemur -26.6662 -1.95299 22.6209
rtibia 40.372 0 0
rfoot -25.9787 -6.9912 0
rtoes 16.6222 0 0
lowerback -1.15121 3.00667 -5.29795
upperback -1.85069 3.99361 2.5732
thorax -1.81467 2.12073 5.78479
lowerneck -10.0712 -2.13031 1.77476
upperneck -1.25992 -3.00907 -0.939937
head 1.25689 -1.52104 -0.707541
lclavicle -1.03817e-13 -3.79071e-14 0
lhumerus -41.9095 -11.664 98.3021
lradius 36.4222 0 0
lwrist 3.96717 0 0
lhand -9.67954 3.22625 0
lfingers 7.12502 0 0
lthumb 16.2807 32.4341 0
rclavicle -1.03817e-13 -3.79071e-14 0
rhumerus -44.0566 -6.56336 -82.567
rradius 45.1783 0 0
rwrist 5.25166 0 0
rhand -24.4382 -22.7607 0
rfingers 7.12502 0 0
rthumb 2.05413 -52.7272 0
23
root 6.38346 16.8184 -27.9074 7.33861 -1.79642 -1.80037
lfemur -18.5798 3.43516 -20.6534
ltibia 35.2936 0 0
lfoot -36.531 2.64895 0
ltoes 38.0473 0 0
rfemur -27.2003 -2.11751 22.8759
rtibia 40.7516 0 0
rfoot -25.6626 -6.74761 0
rtoes 16.2322 0 0
lowerback -1.02265 2.95963 -5.3244
upperback -1.7972 3.92038 2.53911
thorax -1.82007 2.08313 5.7715
lowerneck -10.0883 -2.11974 1.75785
upperneck -1.24893 -2.99421 -0.907617
head 1.26415 -1.51264 -0.693861
lclavicle -1.03312e-13 -3.75091e-14 0
lhumerus -41.9029 -11.7462 98.2426
lradius 36.5403 0 0
lwrist 4.06868 0 0
lhand -9.54204 3.23856 0
lfingers 7.12502 0 0
lthumb 16.4124 32.4274 0
rclavicle -1.03312e-13 -3.75091e-14 0
rhumerus -44.0657 -6.7121 -82.3952
rradius 45.4465 0 0
rwrist 4.93044 0 0
rhand -24.4676 -22.7859 0
rfingers 7.12502 0 0
rthumb 2.0258 -52.7525 0
24
root 6.39346 16.8161 -27.8955 7.20964 -1.70798 -1.74772
lfemur -18.4876 3.51051 -20.6593
ltibia 35.2989 0 0
lfoot -36.3957 2.53408 0
ltoes 37.9989 0 0
rfemur -27.7445 -2.28513 23.1357
rtibia 41.1383 0 0
rfoot -25.3407 -6.49939 0
rtoes 15.8345 0 0
lowerback -0.891573 2.91171 -5.35136
upperback -1.7427 3.84578 2.50444
thorax -1.82564 2.04484 5.75801
lowerneck -10.1057 -2.10898 1.74061
upperneck -1.23773 -2.97909 -0.874726
head 1.27156 -1.50408 -0.679934
lclavicle -1.02787e-13 -3.71023e-14 0
lhumerus -41.8961 -11.8298 98.182
lradius 36.6606 0 0
lwrist 4.17206 0 0
lhand -9.40186 3.25188 0
lfingers 7.12502 0 0
lthumb 16.5466 32.4214 0
rclavicle -1.02787e-13 -3.71023e-14 0
rhumerus -44.0748 -6.86368 -82.22
rradius 45.7197 0 0
rwrist 4.60318 0 0
rhand -24.4973 -22.8115 0
rfingers 7.12502 0 0
rthumb 1.99706 -52.7782 0
25
root 6.40363 16.8137 -27.8833 7.07832 -1.61789 -1.69418
lfemur -18.3937 3.5872 -20.6653
ltibia 35.3044 0 0
lfoot -36.2579 2.4171 0
ltoes 37.9498 0 0
rfemur -28.2985 -2.45578 23.4003
rtibia 41.5321 0 0
rfoot -25.0131 -6.24664 0
rtoes 15.4292 0 0
lowerback -0.758024 2.86294 -5.37882
upperback -1.68723 3.76984 2.4692
thorax -1.83139 2.00585 5.74434
lowerneck -10.1234 -2.09803 1.72306
upperneck -1.22632 -2.96369 -0.841276
head 1.27909 -1.49538 -0.665767
lclavicle -1.02242e-13 -3.66869e-14 0
lhumerus -41.8892 -11.915 98.1204
lradius 36.7831 0 0
lwrist 4.27727 0 0
lhand -9.25905 3.26621 0
lfingers 7.12502 0 0
lthumb 16.6833 32.416 0
rclavicle -1.02242e-13 -3.66869e-14 0
rhumerus -44.0841 -7.01804 -82.0416
rradius 45.9976 0 0
rwrist 4.27 0 0
rhand -24.5275 -22.8376 0
rfingers 7.12502 0 0
rthumb 1.96792 -52.8044 0
26
root 6.41398 16.8114 -27.871 6.94468 -1.52619 -1.63975
lfemur -18.2983 3.66522 -20.6713
ltibia 35.31 0 0
lfoot -36.1178 2.29806 0
ltoes 37.8998 0 0
rfemur -28.8621 -2.62941 23.6695
rtibia 41.9328 0 0
rfoot -24.68 -5.98945 0
rtoes 15.0166 0 0
lowerback -0.622057 2.81333 -5.40677
upperback -1.6308 3.69259 2.43339
thorax -1.8373 1.9662 5.73048
lowerneck -10.1415 -2.0869 1.7052
upperneck -1.21471 -2.94805 -0.80728
head 1.28676 -1.48653 -0.651364
lclavicle -1.01678e-13 -3.62631e-14 0
lhumerus -41.8821 -12.0017 98.0578
lradius 36.9076 0 0
lwrist 4.38427 0 0
lhand -9.11367 3.28152 0
lfingers 7.12502 0 0
lthumb 16.8225 32.4113 0
rclavicle -1.01678e-13 -3.62631e-14 0
rhumerus -44.0934 -7.17511 -81.86
rradius 46.2802 0 0
rwrist 3.93103 0 0
rhand -24.5581 -22.864 0
rfingers 7.12502 0 0
rthumb 1.93837 -52.8309 0
27
root 6.42451 16.8089 -27.8584 6.80879 -1.43292 -1.58447
lfemur -18.2013 3.74453 -20.6773
ltibia 35.3159 0 0
lfoot -35.9753 2.17701 0
ltoes 37.8489 0 0
rfemur -29.4352 -2.80594 23.9433
rtibia 42.3402 0 0
rfoot -24.3414 -5.72793 0
rtoes 14.5967 0 0
lowerback -0.483723 2.7629 -5.4352
upperback -1.57343 3.61405 2.39704
thorax -1.84338 1.92589 5.71644
lowerneck -10.1598 -2.07559 1.68704
upperneck -1.2029 -2.93215 -0.772749
head 1.29456 -1.47754 -0.63673
lclavicle -1.01095e-13 -3.5831e-14 0
lhumerus -41.8749 -12.0899 97.9943
lradius 37.0343 0 0
lwrist 4.49302 0 0
lhand -8.96577 3.29779 0
lfingers 7.12502 0 0
lthumb 16.9641 32.4072 0
rclavicle -1.01095e-13 -3.5831e-14 0
rhumerus -44.1028 -7.33484 -81.6753
rradius 46.5674 0 0
rwrist 3.5864 0 0
rhand -24.5891 -22.8908 0
rfingers 7.12502 0 0
rthumb 1.90844 -52.8579 0
28
root 6.4352 16.8065 -27.8457 6.6707 -1.33811 -1.52835
lfemur -18.1028 3.8251 -20.6834
ltibia 35.3219 0 0
lfoot -35.8306 2.05399 0
ltoes 37.7973 0 0
rfemur -30.0174 -2.98532 24.2215
rtibia 42.7542 0 0
rfoot -23.9975 -5.46217 0
rtoes 14.1699 0 0
lowerback -0.343075 2.71166 -5.4641
upperback -1.51515 3.53426 2.36015
thorax -1.84963 1.88494 5.70222
lowerneck -10.1784 -2.06411 1.66857
upperneck -1.1909 -2.916 -0.737695
head 1.30249 -1.46841 -0.621872
lclavicle -1.00493e-13 -3.5391e-14 0
lhumerus -41.8676 -12.1795 97.9298
lradius 37.1629 0 0
lwrist 4.60348 0 0
lhand -8.8154 3.31501 0
lfingers 7.12502 0 0
lthumb 17.1081 32.4037 0
rclavicle -1.00493e-13 -3.5391e-14 0
rhumerus -44.1122 -7.49716 -81.4876
rradius 46.8591 0 0
rwrist 3.23624 0 0
rhand -24.6205 -22.918 0
rfingers 7.12502 0 0
rthumb 1.87811 -52.8852 0
29
root 6.44606 16.804 -27.8328 6.53045 -1.24179 -1.47141
lfemur -18.0029 3.90691 -20.6895
ltibia 35.328 0 0
lfoot -35.6836 1.92903 0
ltoes 37.7449 0 0
rfemur -30.6087 -3.16747 24.5041
rtibia 43.1747 0 0
rfoot -23.6484 -5.19227 0
rtoes 13.7362 0 0
lowerback -0.200165 2.65963 -5.49347
upperback -1.45598 3.45325 2.32274
thorax -1.85603 1.84336 5.68783
lowerneck -10.1974 -2.05245 1.64982
upperneck -1.1787 -2.89961 -0.70213
head 1.31054 -1.45915 -0.606793
lclavicle -9.9873e-14 -3.49431e-14 0
lhumerus -41.8601 -12.2705 97.8643
lradius 37.2935 0 0
lwrist 4.71561 0 0
lhand -8.66263 3.33316 0
lfingers 7.12502 0 0
lthumb 17.2544 32.4008 0
rclavicle -9.9873e-14 -3.49431e-14 0
rhumerus -44.1218 -7.66203 -81.2968
rradius 47.1552 0 0
rwrist 2.88068 0 0
rhand -24.6523 -22.9456 0
rfingers 7.12502 0 0
rthumb 1.8474 -52.9129 0
30
root 6.45709 16.8015 -27.8196 6.38809 -1.14399 -1.41367
lfemur -17.9014 3.98993 -20.6957
ltibia 35.3343 0 0
lfoot -35.5345 1.8022 0
ltoes 37.6918 0 0
rfemur -31.2087 -3.35234 24.7909
rtibia 43.6014 0 0
rfoot -23.2943 -4.91833 0
rtoes 13.2958 0 0
lowerback -0.0550456 2.60684 -5.52327
upperback -1.39594 3.37103 2.28481
thorax -1.86259 1.80117 5.67327
lowerneck -10.2166 -2.04064 1.63079
upperneck -1.16633 -2.88299 -0.666066
head 1.3187 -1.44975 -0.591498
lclavicle -9.92349e-14 -3.44876e-14 0
lhumerus -41.8525 -12.3629 97.798
lradius 37.4261 0 0
lwrist 4.82938 0 0
lhand -8.5075 3.35223 0
lfingers 7.12502 0 0
lthumb 17.4029 32.3985 0
rclavicle -9.92349e-14 -3.44876e-14 0
rhumerus -44.1314 -7.82939 -81.1032
rradius 47.4556 0 0
rwrist 2.51983 0 0
rhand -24.6845 -22.9735 0
rfingers 7.12502 0 0
rthumb 1.81631 -52.941 0
31
root 6.46827 16.7989 -27.8063 6.24368 -1.04476 -1.35515
lfemur -17.7986 4.07413 -20.7019
ltibia 35.3408 0 0
lfoot -35.3832 1.67353 0
ltoes 37.6379 0 0
rfemur -31.8174 -3.53985 25.0819
rtibia 44.0343 0 0
rfoot -22.9351 -4.64045 0
rtoes 12.8489 0 0
lowerback 0.092232 2.5533 -5.55352
upperback -1.33504 3.28764 2.24639
thorax -1.8693 1.75838 5.65855
lowerneck -10.2361 -2.02866 1.61148
upperneck -1.15377 -2.86615 -0.629514
head 1.32699 -1.44022 -0.575994
lclavicle -9.85792e-14 -3.40247e-14 0
lhumerus -41.8448 -12.4566 97.7308
lradius 37.5605 0 0
lwrist 4.94474 0 0
lhand -8.35008 3.37219 0
lfingers 7.12502 0 0
lthumb 17.5536 32.3968 0
rclavicle -9.85792e-14 -3.40247e-14 0
rhumerus -44.141 -7.99916 -80.9067
rradius 47.7602 0 0
rwrist 2.15384 0 0
rhand -24.717 -23.0018 0
rfingers 7.12502 0 0
rthumb 1.78485 -52.9695 0
32
root 6.47961 16.7963 -27.7928 6.09726 -0.944115 -1.29586
lfemur -17.6944 4.15947 -20.7081
ltibia 35.3474 0 0
lfoot -35.2299 1.54306 0
ltoes 37.5833 0 0
rfemur -32.4344 -3.72995 25.377
rtibia 44.4732 0 0
rfoot -22.5711 -4.35873 0
rtoes 12.3957 0 0
lowerback 0.241615 2.49903 -5.58419
upperback -1.27331 3.20311 2.20748
thorax -1.87616 1.715 5.64367
lowerneck -10.2558 -2.01652 1.5919
upperneck -1.14104 -2.84907 -0.592488
head 1.33539 -1.43057 -0.560285
lclavicle -9.79062e-14 -3.35546e-14 0
lhumerus -41.8369 -12.5516 97.6628
lradius 37.6967 0 0
lwrist 5.06165 0 0
lhand -8.1904 3.39303 0
lfingers 7.12502 0 0
lthumb 17.7065 32.3957 0
rclavicle -9.79062e-14 -3.35546e-14 0
rhumerus -44.1507 -8.1713 -80.7075
rradius 48.0688 0 0
rwrist 1.78281 0 0
rhand -24.75 -23.0305 0
rfingers 7.12502 0 0
rthumb 1.75302 -52.9983 0
33
root 6.49109 16.7936 -27.7792 5.94888 -0.842103 -1.23584
lfemur -17.5888 4.24594 -20.7144
ltibia 35.3541 0 0
lfoot -35.0746 1.41084 0
ltoes 37.5279 0 0
rfemur -33.0596 -3.92257 25.676
rtibia 44.9179 0 0
rfoot -22.2023 -4.07328 0
rtoes 11.9363 0 0
lowerback 0.393052 2.44404 -5.61528
upperback -1.21077 3.11746 2.1681
thorax -1.88317 1.67106 5.62864
lowerneck -10.2759 -2.00423 1.57206
upperneck -1.12814 -2.83178 -0.554997
head 1.3439 -1.42079 -0.544376
lclavicle -9.72162e-14 -3.30774e-14 0
lhumerus -41.8289 -12.6479 97.5939
lradius 37.8347 0 0
lwrist 5.18007 0 0
lhand -8.02854 3.41474 0
lfingers 7.12502 0 0
lthumb 17.8615 32.3951 0
rclavicle -9.72162e-14 -3.30774e-14 0
rhumerus -44.1605 -8.34575 -80.5056
rradius 48.3815 0 0
rwrist 1.40689 0 0
rhand -24.7833 -23.0596 0
rfingers 7.12502 0 0
rthumb 1.72083 -53.0275 0
34
root 6.50273 16.791 -27.7654 5.7986 -0.738753 -1.17509
lfemur -17.4819 4.33351 -20.7207
ltibia 35.361 0 0
lfoot -34.9173 1.27691 0
ltoes 37.4719 0 0
rfemur -33.6928 -4.11764 25.9788
rtibia 45.3684 0 0
rfoot -21.8289 -3.78418 0
rtoes 11.4709 0 0
lowerback 0.54649 2.38836 -5.64678
upperback -1.14745 3.03073 2.12825
thorax -1.89032 1.62657 5.61345
lowerneck -10.2961 -1.99179 1.55196
upperneck -1.11507 -2.81429 -0.517055
head 1.35252 -1.4109 -0.528272
lclavicle -9.65095e-14 -3.25935e-14 0
lhumerus -41.8208 -12.7454 97.5241
lradius 37.9744 0 0
lwrist 5.29997 0 0
lhand -7.86454 3.43729 0
lfingers 7.12502 0 0
lthumb 18.0185 32.3951 0
rclavicle -9.65095e-14 -3.25935e-14 0
rhumerus -44.1704 -8.52244 -80.301
rradius 48.698 0 0
rwrist 1.0262 0 0
rhand -24.817 -23.089 0
rfingers 7.12502 0 0
rthumb 1.68828 -53.0571 0
35
root 6.5145 16.7883 -27.7514 5.64647 -0.634099 -1.11364
lfemur -17.3738 4.42214 -20.727
ltibia 35.3681 0 0
lfoot -34.7581 1.14132 0
ltoes 37.4152 0 0
rfemur -34.3337 -4.31511 26.2854
rtibia 45.8244 0 0
rfoot -21.4509 -3.49154 0
rtoes 10.9996 0 0
lowerback 0.701878 2.33199 -5.67866
upperback -1.08335 2.94294 2.08796
thorax -1.89761 1.58153 5.59811
lowerneck -10.3167 -1.97921 1.53161
upperneck -1.10184 -2.79658 -0.478672
head 1.36125 -1.40088 -0.511979
lclavicle -9.57865e-14 -3.21029e-14 0
lhumerus -41.8126 -12.8441 97.4536
lradius 38.1159 0 0
lwrist 5.4213 0 0
lhand -7.69846 3.46066 0
lfingers 7.12502 0 0
lthumb 18.1776 32.3957 0
rclavicle -9.57865e-14 -3.21029e-14 0
rhumerus -44.1803 -8.70132 -80.0939
rradius 49.0183 0 0
rwrist 0.64087 0 0
rhand -24.8511 -23.1187 0
rfingers 7.12502 0 0
rthumb 1.65538 -53.087 0
36
root 6.52642 16.7855 -27.7372 5.49253 -0.528174 -1.05151
lfemur -17.2644 4.5118 -20.7334
ltibia 35.3753 0 0
lfoot -34.5971 1.0041 0
ltoes 37.3579 0 0
rfemur -34.9821 -4.5149 26.5956
rtibia 46.2859 0 0
rfoot -21.0686 -3.19545 0
rtoes 10.5228 0 0
lowerback 0.859163 2.27497 -5.71094
upperback -1.01851 2.85412 2.04723
thorax -1.90503 1.53596 5.58264
lowerneck -10.3374 -1.96649 1.51102
upperneck -1.08845 -2.77867 -0.439862
head 1.37008 -1.39076 -0.495501
lclavicle -9.50475e-14 -3.1606e-14 0
lhumerus -41.8043 -12.944 97.3823
lradius 38.2589 0 0
lwrist 5.54403 0 0
lhand -7.53035 3.48485 0
lfingers 7.12502 0 0
lthumb 18.3385 32.3968 0
rclavicle -9.50475e-14 -3.1606e-14 0
rhumerus -44.1903 -8.88233 -79.8843
rradius 49.3423 0 0
rwrist 0.25102 0 0
rhand -24.8855 -23.1488 0
rfingers 7.12502 0 0
rthumb 1.62213 -53.1172 0
37
root 6.53847 16.7827 -27.7229 5.33684 -0.421014 -0.988711
lfemur -17.1538 4.60248 -20.7397
ltibia 35.3826 0 0
lfoot -34.4342 0.865314 0
ltoes 37.2999 0 0
rfemur -35.6379 -4.71696 26.9094
rtibia 46.7526 0 0
rfoot -20.682 -2.89603 0
rtoes 10.0404 0 0
lowerback 1.01829 2.21731 -5.74358
upperback -0.952944 2.7643 2.00607
thorax -1.91259 1.48989 5.56702
lowerneck -10.3584 -1.95362 1.49019
upperneck -1.0749 -2.76058 -0.400636
head 1.37901 -1.38053 -0.478843
lclavicle -9.42928e-14 -3.11028e-14 0
lhumerus -41.7958 -13.0451 97.3103
lradius 38.4036 0 0
lwrist 5.66812 0 0
lhand -7.36027 3.50983 0
lfingers 7.12502 0 0
lthumb 18.5014 32.3984 0
rclavicle -9.42928e-14 -3.11028e-14 0
rhumerus -44.2003 -9.06541 -79.6722
rradius 49.6698 0 0
rwrist -0.14322 0 0
rhand -24.9203 -23.1792 0
rfingers 7.12502 0 0
rthumb 1.58854 -53.1478 0
38
root 6.55065 16.7799 -27.7085 5.17944 -0.312651 -0.925271
lfemur -17.0421 4.69413 -20.7462
ltibia 35.39 0 0
lfoot -34.2696 0.724993 0
ltoes 37.2414 0 0
rfemur -36.3008 -4.92121 27.2266
rtibia 47.2244 0 0
rfoot -20.2912 -2.59335 0
rtoes 9.55279 0 0
lowerback 1.17921 2.15903 -5.77659
upperback -0.886671 2.6735 1.9645
thorax -1.92028 1.44332 5.55127
lowerneck -10.3797 -1.94063 1.46913
upperneck -1.06121 -2.74229 -0.361005
head 1.38804 -1.37018 -0.462011
lclavicle -9.35228e-14 -3.05936e-14 0
lhumerus -41.7872 -13.1473 97.2376
lradius 38.5498 0 0
lwrist 5.79352 0 0
lhand -7.18828 3.53559 0
lfingers 7.12502 0 0
lthumb 18.6661 32.4005 0
rclavicle -9.35228e-14 -3.05936e-14 0
rhumerus -44.2104 -9.25051 -79.4579
rradius 50.0008 0 0
rwrist -0.541722 0 0
rhand -24.9554 -23.2099 0
rfingers 7.12502 0 0
rthumb 1.55461 -53.1787 0
39
root 6.56296 16.7771 -27.6939 5.0204 -0.203121 -0.861206
lfemur -16.9292 4.78673 -20.7526
ltibia 35.3976 0 0
lfoot -34.1033 0.583183 0
ltoes 37.1822 0 0
rfemur -36.9706 -5.1276 27.5471
rtibia 47.7012 0 0
rfoot -19.8964 -2.28754 0
rtoes 9.06 0 0
lowerback 1.34188 2.10013 -5.80995
upperback -0.819714 2.58176 1.92254
thorax -1.92809 1.39627 5.53539
lowerneck -10.4011 -1.92751 1.44784
upperneck -1.04737 -2.72382 -0.320982
head 1.39717 -1.35974 -0.44501
lclavicle -9.27378e-14 -3.00786e-14 0
lhumerus -41.7786 -13.2505 97.1641
lradius 38.6975 0 0
lwrist 5.9202 0 0
lhand -7.01442 3.5621 0
lfingers 7.12502 0 0
lthumb 18.8325 32.4032 0
rclavicle -9.27378e-14 -3.00786e-14 0
rhumerus -44.2205 -9.43756 -79.2412
rradius 50.3352 0 0
rwrist -0.944359 0 0
rhand -24.9909 -23.241 0
rfingers 7.12502 0 0
rthumb 1.52035 -53.2099 0
40
root 6.57539 16.7742 -27.6791 4.85974 -0.0924556 -0.796537
lfemur -16.8152 4.88026 -20.7591
ltibia 35.4053 0 0
lfoot -33.9354 0.439929 0
ltoes 37.1225 0 0
rfemur -37.6471 -5.33605 27.8709
rtibia 48.1829 0 0
rfoot -19.4976 -1.97868 0
rtoes 8.56224 0 0
lowerback 1.50623 2.04066 -5.84365
upperback -0.752093 2.48911 1.88018
thorax -1.93603 1.34874 5.51938
lowerneck -10.4228 -1.91426 1.42634
upperneck -1.03339 -2.70517 -0.280579
head 1.40638 -1.3492 -0.427845
lclavicle -9.19382e-14 -2.9558e-14 0
lhumerus -41.7698 -13.3549 97.0899
lradius 38.8467 0 0
lwrist 6.04811 0 0
lhand -6.83875 3.58936 0
lfingers 7.12502 0 0
lthumb 19.0008 32.4063 0
rclavicle -9.19382e-14 -2.9558e-14 0
rhumerus -44.2307 -9.6265 -79.0223
rradius 50.6729 0 0
rwrist -1.351 0 0
rhand -25.0267 -23.2723 0
rfingers 7.12502 0 0
rthumb 1.48577 -53.2414 0
41
root 6.58795 16.7713 -27.6643 4.69754 0.0193098 -0.731283
lfemur -16.7002 4.97468 -20.7655
ltibia 35.4132 0 0
lfoot -33.7658 0.295274 0
ltoes 37.0621 0 0
rfemur -38.3302 -5.54652 28.1978
rtibia 48.6692 0 0
rfoot -19.095 -1.66687 0
rtoes 8.0597 0 0
lowerback 1.67222 1.98061 -5.87768
upperback -0.68383 2.39556 1.83746
thorax -1.94409 1.30077 5.50326
lowerneck -10.4447 -1.90089 1.40463
upperneck -1.01928 -2.68636 -0.239806
head 1.41569 -1.33856 -0.410521
lclavicle -9.11243e-14 -2.9032e-14 0
lhumerus -41.7609 -13.4602 97.0151
lradius 38.9973 0 0
lwrist 6.17723 0 0
lhand -6.66132 3.61735 0
lfingers 7.12502 0 0
lthumb 19.1706 32.41 0
rclavicle -9.11243e-14 -2.9032e-14 0
rhumerus -44.241 -9.81727 -78.8013
rradius 51.0137 0 0
rwrist -1.76153 0 0
rhand -25.0628 -23.304 0
rfingers 7.12502 0 0
rthumb 1.45087 -53.2733 0
42
root 6.60061 16.7684 -27.6492 4.53383 0.132142 -0.665464
lfemur -16.5841 5.06997 -20.772
ltibia 35.4211 0 0
lfoot -33.5947 0.149263 0
ltoes 37.0013 0 0
rfemur -39.0195 -5.75892 28.5277
rtibia 49.1601 0 0
rfoot -18.6886 -1.35221 0
rtoes 7.55253 0 0
lowerback 1.83979 1.92001 -5.91203
upperback -0.614945 2.30116 1.79437
thorax -1.95226 1.25235 5.48701
lowerneck -10.4667 -1.88741 1.38272
upperneck -1.00503 -2.66738 -0.198677
head 1.42507 -1.32782 -0.393043
lclavicle -9.02963e-14 -2.85007e-14 0
lhumerus -41.7519 -13.5665 96.9397
lradius 39.1492 0 0
lwrist 6.3075 0 0
lhand -6.4822 3.64604 0
lfingers 7.12502 0 0
lthumb 19.3422 32.4141 0
rclavicle -9.02963e-14 -2.85007e-14 0
rhumerus -44.2513 -10.0098 -78.5782
rradius 51.3576 0 0
rwrist -2.17581 0 0
rhand -25.0993 -23.336 0
rfingers 7.12502 0 0
rthumb 1.41565 -53.3054 0
43
root 6.61339 16.7655 -27.6341 4.36867 0.246006 -0.599098
lfemur -16.4671 5.16609 -20.7786
ltibia 35.4292 0 0
lfoot -33.4221 0.00193862 0
ltoes 36.9399 0 0
rfemur -39.7149 -5.9732 28.8605
rtibia 49.6553 0 0
rfoot -18.2787 -1.03481 0
rtoes 7.04091 0 0
lowerback 2.0089 1.85887 -5.94669
upperback -0.54546 2.20592 1.75093
thorax -1.96055 1.20352 5.47065
lowerneck -10.489 -1.87381 1.3606
upperneck -0.990655 -2.64824 -0.157203
head 1.43455 -1.317 -0.375416
lclavicle -8.94547e-14 -2.79645e-14 0
lhumerus -41.7428 -13.6738 96.8636
lradius 39.3025 0 0
lwrist 6.43889 0 0
lhand -6.30144 3.67542 0
lfingers 7.12502 0 0
lthumb 19.5152 32.4187 0
rclavicle -8.94547e-14 -2.79645e-14 0
rhumerus -44.2616 -10.2041 -78.3531
rradius 51.7045 0 0
rwrist -2.59372 0 0
rhand -25.1361 -23.3683 0
rfingers 7.12502 0 0
rthumb 1.38012 -53.3379 0
44
root 6.62628 16.7625 -27.6188 4.20211 0.360869 -0.532207
lfemur -16.3491 5.26302 -20.7851
ltibia 35.4374 0 0
lfoot -33.248 -0.146655 0
ltoes 36.8781 0 0
rfemur -40.4161 -6.18929 29.1962
rtibia 50.1548 0 0
rfoot -17.8653 -0.714761 0
rtoes 6.52501 0 0
lowerback 2.17948 1.79723 -5.98165
upperback -0.475395 2.10988 1.70715
thorax -1.96895 1.15427 5.45419
lowerneck -10.5115 -1.86011 1.3383
upperneck -0.976157 -2.62894 -0.115396
head 1.4441 -1.30609 -0.357645
lclavicle -8.85998e-14 -2.74234e-14 0
lhumerus -41.7336 -13.782 96.787
lradius 39.457 0 0
lwrist 6.57137 0 0
lhand -6.11908 3.70547 0
lfingers 7.12502 0 0
lthumb 19.6899 32.4237 0
rclavicle -8.85998e-14 -2.74234e-14 0
rhumerus -44.272 -10.4 -78.126
rradius 52.0542 0 0
rwrist -3.01513 0 0
rhand -25.1732 -23.4009 0
rfingers 7.12502 0 0
rthumb 1.34429 -53.3706 0
45
root 6.63927 16.7595 -27.6035 4.0342 0.476696 -0.464808
lfemur -16.2301 5.36073 -20.7917
ltibia 35.4457 0 0
lfoot -33.0726 -0.296473 0
ltoes 36.8157 0 0
rfemur -41.123 -6.40712 29.5346
rtibia 50.6584 0 0
rfoot -17.4485 -0.392161 0
rtoes 6.005 0 0
lowerback 2.35149 1.73508 -6.01689
upperback -0.40477 2.01306 1.66305
thorax -1.97745 1.10462 5.43762
lowerneck -10.5341 -1.8463 1.31581
upperneck -0.961541 -2.6095 -0.073267
head 1.45373 -1.29509 -0.339735
lclavicle -8.77319e-14 -2.68778e-14 0
lhumerus -41.7244 -13.8911 96.7098
lradius 39.6128 0 0
lwrist 6.70488 0 0
lhand -5.93519 3.73619 0
lfingers 7.12502 0 0
lthumb 19.8659 32.4292 0
rclavicle -8.77319e-14 -2.68778e-14 0
rhumerus -44.2824 -10.5976 -77.8971
rradius 52.4067 0 0
rwrist -3.43991 0 0
rhand -25.2106 -23.4337 0
rfingers 7.12502 0 0
rthumb 1.30816 -53.4037 0
46
root 6.65236 16.7564 -27.588 3.86499 0.593454 -0.396923
lfemur -16.1103 5.4592 -20.7982
ltibia 35.4541 0 0
lfoot -32.8958 -0.447473 0
ltoes 36.7529 0 0
rfemur -41.8354 -6.62665 29.8756
rtibia 51.1659 0 0
rfoot -17.0285 -0.0671111 0
rtoes 5.48106 0 0
lowerback 2.52488 1.67246 -6.05241
upperback -0.333609 1.9155 1.61864
thorax -1.98606 1.0546 5.42095
lowerneck -10.5569 -1.8324 1.29315
upperneck -0.94681 -2.58992 -0.030829
head 1.46344 -1.28402 -0.321692
lclavicle -8.68514e-14 -2.63277e-14 0
lhumerus -41.715 -14.0011 96.632
lradius 39.7697 0 0
lwrist 6.83939 0 0
lhand -5.74982 3.76754 0
lfingers 7.12502 0 0
lthumb 20.0434 32.4351 0
rclavicle -8.68514e-14 -2.63277e-14 0
rhumerus -44.2929 -10.7966 -77.6664
rradius 52.7618 0 0
rwrist -3.86794 0 0
rhand -25.2483 -23.4668 0
rfingers 7.12502 0 0
rthumb 1.27173 -53.437 0
47
root 6.66555 16.7534 -27.5723 3.69452 0.711109 -0.32857
lfemur -15.9897 5.55839 -20.8048
ltibia 35.4626 0 0
lfoot -32.7178 -0.599609 0
ltoes 36.6896 0 0
rfemur -42.553 -6.84779 30.2192
rtibia 51.6773 0 0
rfoot -16.6053 0.26029 0
rtoes 4.95336 0 0
lowerback 2.69959 1.60937 -6.0882
upperback -0.26193 1.81721 1.57392
thorax -1.99477 1.0042 5.40418
lowerneck -10.5799 -1.81839 1.27032
upperneck -0.93197 -2.5702 0.0119064
head 1.47321 -1.27287 -0.303521
lclavicle -8.59585e-14 -2.57734e-14 0
lhumerus -41.7055 -14.1119 96.5537
lradius 39.9277 0 0
lwrist 6.97487 0 0
lhand -5.56302 3.79951 0
lfingers 7.12502 0 0
lthumb 20.2223 32.4415 0
rclavicle -8.59585e-14 -2.57734e-14 0
rhumerus -44.3035 -10.9972 -77.434
rradius 53.1195 0 0
rwrist -4.29908 0 0
rhand -25.2863 -23.5002 0
rfingers 7.12502 0 0
rthumb 1.23502 -53.4705 0
48
root 6.67883 16.7503 -27.5566 3.52286 0.829626 -0.259769
lfemur -15.8682 5.65827 -20.8114
ltibia 35.4712 0 0
lfoot -32.5385 -0.75284 0
ltoes 36.6259 0 0
rfemur -43.2757 -7.07048 30.5652
rtibia 52.1923 0 0
rfoot -16.1791 0.589941 0
rtoes 4.42206 0 0
lowerback 2.87558 1.54584 -6.12424
upperback -0.189755 1.71824 1.52892
thorax -2.00357 0.953458 5.38732
lowerneck -10.6031 -1.8043 1.24732
upperneck -0.917023 -2.55035 0.0549275
head 1.48306 -1.26164 -0.285226
lclavicle -8.50537e-14 -2.52151e-14 0
lhumerus -41.696 -14.2235 96.4748
lradius 40.0869 0 0
lwrist 7.11126 0 0
lhand -5.37485 3.83209 0
lfingers 7.12502 0 0
lthumb 20.4025 32.4483 0
rclavicle -8.50537e-14 -2.52151e-14 0
rhumerus -44.314 -11.1992 -77.1999
rradius 53.4797 0 0
rwrist -4.73322 0 0
rhand -25.3246 -23.5339 0
rfingers 7.12502 0 0
rthumb 1.19802 -53.5044 0
49
root 6.69219 16.7472 -27.5408 3.35004 0.948973 -0.190539
lfemur -15.746 5.75881 -20.818
ltibia 35.4799 0 0
lfoot -32.358 -0.907119 0
ltoes 36.5618 0 0
rfemur -44.0032 -7.29466 30.9134
rtibia 52.7108 0 0
rfoot -15.75 0.921745 0
rtoes 3.88734 0 0
lowerback 3.05278 1.48189 -6.16053
upperback -0.117104 1.6186 1.48365
thorax -2.01247 0.902375 5.37038
lowerneck -10.6264 -1.79012 1.22416
upperneck -0.901976 -2.53037 0.0982224
head 1.49297 -1.25034 -0.266813
lclavicle -8.41372e-14 -2.4653e-14 0
lhumerus -41.6864 -14.3358 96.3955
lradius 40.2471 0 0
lwrist 7.24854 0 0
lhand -5.18537 3.86525 0
lfingers 7.12502 0 0
lthumb 20.5839 32.4554 0
rclavicle -8.41372e-14 -2.4653e-14 0
rhumerus -44.3247 -11.4025 -76.9642
rradius 53.8422 0 0
rwrist -5.17022 0 0
rhand -25.3632 -23.5679 0
rfingers 7.12502 0 0
rthumb 1.16074 -53.5385 0
50
root 6.70564 16.7441 -27.5249 3.17612 1.06911 -0.120901
lfemur -15.623 5.86 -20.8246
ltibia 35.4887 0 0
lfoot -32.1763 -1.0624 0
ltoes 36.4973 0 0
rfemur -44.7352 -7.52027 31.2639
rtibia 53.2326 0 0
rfoot -15.3181 1.2556 0
rtoes 3.34937 0 0
lowerback 3.23115 1.41753 -6.19705
upperback -0.0439999 1.51833 1.43811
thorax -2.02146 0.850969 5.35335
lowerneck -10.6498 -1.77585 1.20085
upperneck -0.886832 -2.51028 0.141779
head 1.50294 -1.23898 -0.248287
lclavicle -8.32094e-14 -2.40873e-14 0
lhumerus -41.6767 -14.4489 96.3158
lradius 40.4083 0 0
lwrist 7.38666 0 0
lhand -4.99462 3.89899 0
lfingers 7.12502 0 0
lthumb 20.7666 32.463 0
rclavicle -8.32094e-14 -2.40873e-14 0
rhumerus -44.3353 -11.6072 -76.727
rradius 54.2069 0 0
rwrist -5.60996 0 0
rhand -25.4021 -23.602 0
rfingers 7.12502 0 0
rthumb 1.12319 -53.5729 0
51
root 6.71918 16.741 -27.5089 3.00116 1.19002 -0.0508737
lfemur -15.4993 5.96179 -20.8312
ltibia 35.4976 0 0
lfoot -31.9936 -1.21865 0
ltoes 36.4324 0 0
rfemur -45.4718 -7.74724 31.6165
rtibia 53.7577 0 0
rfoot -14.8835 1.59141 0
rtoes 2.80832 0 0
lowerback 3.41064 1.35278 -6.23379
upperback 0.0295378 1.41746 1.39232
thorax -2.03054 0.799255 5.33624
lowerneck -10.6734 -1.7615 1.1774
upperneck -0.871595 -2.49008 0.185586
head 1.51298 -1.22755 -0.229653
lclavicle -8.22706e-14 -2.35182e-14 0
lhumerus -41.6669 -14.5627 96.2356
lradius 40.5704 0 0
lwrist 7.52559 0 0
lhand -4.80267 3.93327 0
lfingers 7.12502 0 0
lthumb 20.9504 32.471 0
rclavicle -8.22706e-14 -2.35182e-14 0
rhumerus -44.346 -11.8131 -76.4883
rradius 54.5738 0 0
rwrist -6.05231 0 0
rhand -25.4412 -23.6365 0
rfingers 7.12502 0 0
rthumb 1.08538 -53.6075 0
52
root 6.73279 16.7378 -27.4928 2.82519 1.31165 0.0195233
lfemur -15.3749 6.06417 -20.8378
ltibia 35.5066 0 0
lfoot -31.8099 -1.37582 0
ltoes 36.3672 0 0
rfemur -46.2124 -7.97551 31.9712
rtibia 54.2859 0 0
rfoot -14.4464 1.92908 0
rtoes 2.26437 0 0
lowerback 3.59119 1.28766 -6.27074
upperback 0.103488 1.316 1.3463
thorax -2.0397 0.747245 5.31906
lowerneck -10.6971 -1.74708 1.15381
upperneck -0.856271 -2.46976 0.229631
head 1.52307 -1.21606 -0.210916
lclavicle -8.13211e-14 -2.29458e-14 0
lhumerus -41.657 -14.6772 96.155
lradius 40.7334 0 0
lwrist 7.66528 0 0
lhand -4.60956 3.9681 0
lfingers 7.12502 0 0
lthumb 21.1353 32.4794 0
rclavicle -8.13211e-14 -2.29458e-14 0
rhumerus -44.3567 -12.0202 -76.2483
rradius 54.9428 0 0
rwrist -6.49714 0 0
rhand -25.4806 -23.6712 0
rfingers 7.12502 0 0
rthumb 1.0473 -53.6423 0
53
root 6.74647 16.7347 -27.4766 2.64828 1.43397 0.0902704
lfemur -15.2499 6.1671 -20.8444
ltibia 35.5157 0 0
lfoot -31.6252 -1.53386 0
ltoes 36.3016 0 0
rfemur -46.9571 -8.20501 32.3277
rtibia 54.8169 0 0
rfoot -14.0068 2.2685 0
rtoes 1.71768 0 0
lowerback 3.77275 1.22218 -6.3079
upperback 0.17783 1.214 1.30005
thorax -2.04894 0.694956 5.3018
lowerneck -10.721 -1.73259 1.13009
upperneck -0.840863 -2.44935 0.273903
head 1.53322 -1.20451 -0.192081
lclavicle -8.03614e-14 -2.23705e-14 0
lhumerus -41.6471 -14.7923 96.0739
lradius 40.8973 0 0
lwrist 7.80569 0 0
lhand -4.41535 4.00344 0
lfingers 7.12502 0 0
lthumb 21.3212 32.4881 0
rclavicle -8.03614e-14 -2.23705e-14 0
rhumerus -44.3675 -12.2284 -76.0069
rradius 55.3136 0 0
rwrist -6.94433 0 0
rhand -25.5203 -23.7061 0
rfingers 7.12502 0 0
rthumb 1.00896 -53.6774 0
54
root 6.76022 16.7315 -27.4604 2.47046 1.55695 0.161348
lfemur -15.1244 6.27055 -20.8511
ltibia 35.5249 0 0
lfoot -31.4396 -1.69272 0
ltoes 36.2357 0 0
rfemur -47.7056 -8.43568 32.686
rtibia 55.3508 0 0
rfoot -13.5649 2.60957 0
rtoes 1.16842 0 0
lowerback 3.95526 1.15637 -6.34525
upperback 0.252542 1.11148 1.25358
thorax -2.05826 0.642402 5.28448
lowerneck -10.745 -1.71804 1.10624
upperneck -0.825375 -2.42884 0.318389
head 1.54341 -1.19291 -0.173153
lclavicle -7.93916e-14 -2.17923e-14 0
lhumerus -41.6371 -14.908 95.9925
lradius 41.0619 0 0
lwrist 7.94679 0 0
lhand -4.2201 4.03929 0
lfingers 7.12502 0 0
lthumb 21.5082 32.4972 0
rclavicle -7.93916e-14 -2.17923e-14 0
rhumerus -44.3783 -12.4377 -75.7643
rradius 55.6864 0 0
rwrist -7.39375 0 0
rhand -25.5603 -23.7412 0
rfingers 7.12502 0 0
rthumb 0.970371 -53.7127 0
55
root 6.77404 16.7283 -27.444 2.2918 1.68056 0.232736
lfemur -14.9982 6.37449 -20.8577
ltibia 35.5342 0 0
lfoot -31.253 -1.85238 0
ltoes 36.1696 0 0
rfemur -48.4576 -8.66745 33.0461
rtibia 55.8873 0 0
rfoot -13.1208 2.9522 0
rtoes 0.616779 0 0
lowerback 4.13869 1.09025 -6.38277
upperback 0.327604 1.00846 1.20692
thorax -2.06765 0.589596 5.2671
lowerneck -10.769 -1.70341 1.08228
upperneck -0.809813 -2.40824 0.363077
head 1.55366 -1.18126 -0.154138
lclavicle -7.84122e-14 -2.12116e-14 0
lhumerus -41.627 -15.0243 95.9108
lradius 41.2274 0 0
lwrist 8.08854 0 0
lhand -4.02387 4.07562 0
lfingers 7.12502 0 0
lthumb 21.6961 32.5066 0
rclavicle -7.84122e-14 -2.12116e-14 0
rhumerus -44.3891 -12.648 -75.5206
rradius 56.0608 0 0
rwrist -7.84527 0 0
rhand -25.6005 -23.7766 0
rfingers 7.12502 0 0
rthumb 0.931536 -53.7483 0
56
root 6.78791 16.7251 -27.4276 2.11234 1.80475 0.304416
lfemur -14.8715 6.4789 -20.8643
ltibia 35.5435 0 0
lfoot -31.0657 -2.01278 0
ltoes 36.1031 0 0
rfemur -49.2131 -8.90026 33.4077
rtibia 56.4262 0 0
rfoot -12.6745 3.29629 0
rtoes 0.062913 0 0
lowerback 4.32297 1.02383 -6.42047
upperback 0.402994 0.904978 1.16007
thorax -2.07711 0.536554 5.24966
lowerneck -10.7932 -1.68873 1.05821
upperneck -0.79418 -2.38756 0.407957
head 1.56395 -1.16956 -0.13504
lclavicle -7.74235e-14 -2.06284e-14 0
lhumerus -41.6168 -15.1412 95.8287
lradius 41.3935 0 0
lwrist 8.23089 0 0
lhand -3.82669 4.11242 0
lfingers 7.12502 0 0
lthumb 21.8849 32.5164 0
rclavicle -7.74235e-14 -2.06284e-14 0
rhumerus -44.4 -12.8593 -75.2757
rradius 56.4369 0 0
rwrist -8.29877 0 0
rhand -25.6409 -23.8122 0
rfingers 7.12502 0 0
rthumb 0.89246 -53.784 0
57
root 6.80185 16.7218 -27.4112 1.93213 1.92951 0.376368
lfemur -14.7443 6.58375 -20.8709
ltibia 35.5529 0 0
lfoot -30.8776 -2.17387 0
ltoes 36.0363 0 0
rfemur -49.9716 -9.13404 33.7709
rtibia 56.9675 0 0
rfoot -12.2263 3.64174 0
rtoes -0.493002 0 0
lowerback 4.50805 0.957121 -6.45833
upperback 0.478693 0.80106 1.11304
thorax -2.08665 0.48329 5.23217
lowerneck -10.8175 -1.674 1.03403
upperneck -0.778482 -2.36679 0.453015
head 1.57429 -1.15781 -0.115865
lclavicle -7.64259e-14 -2.00431e-14 0
lhumerus -41.6066 -15.2585 95.7463
lradius 41.5604 0 0
lwrist 8.37381 0 0
lhand -3.62864 4.14967 0
lfingers 7.12502 0 0
lthumb 22.0745 32.5265 0
rclavicle -7.64259e-14 -2.00431e-14 0
rhumerus -44.4109 -13.0714 -75.0298
rradius 56.8146 0 0
rwrist -8.75411 0 0
rhand -25.6816 -23.848 0
rfingers 7.12502 0 0
rthumb 0.853148 -53.82 0
58
root 6.81584 16.7186 -27.3946 1.75123 2.05479 0.448571
lfemur -14.6167 6.68901 -20.8775
ltibia 35.5624 0 0
lfoot -30.6888 -2.33562 0
ltoes 35.9694 0 0
rfemur -50.7331 -9.36874 34.1354
rtibia 57.511 0 0
rfoot -11.7762 3.98844 0
rtoes -1.0508 0 0
lowerback 4.69388 0.890153 -6.49633
upperback 0.554678 0.696733 1.06585
thorax -2.09624 0.429818 5.21463
lowerneck -10.8419 -1.65921 1.00975
upperneck -0.762721 -2.34596 0.49824
head 1.58466 -1.14603 -0.0966173
lclavicle -7.54195e-14 -1.94557e-14 0
lhumerus -41.5964 -15.3764 95.6636
lradius 41.7278 0 0
lwrist 8.51725 0 0
lhand -3.42976 4.18735 0
lfingers 7.12502 0 0
lthumb 22.265 32.537 0
rclavicle -7.54195e-14 -1.94557e-14 0
rhumerus -44.4218 -13.2844 -74.7829
rradius 57.1936 0 0
rwrist -9.21117 0 0
rhand -25.7226 -23.884 0
rfingers 7.12502 0 0
rthumb 0.813605 -53.8562 0
59
root 6.82987 16.7153 -27.378 1.56967 2.18056 0.521008
lfemur -14.4886 6.79465 -20.8841
ltibia 35.572 0 0
lfoot -30.4993 -2.49798 0
ltoes 35.9021 0 0
rfemur -51.4973 -9.60428 34.5013
rtibia 58.0566 0 0
rfoot -11.3244 4.3363 0
rtoes -1.61029 0 0
lowerback 4.88041 0.822942 -6.53447
upperback 0.630929 0.592027 1.01851
thorax -2.1059 0.376153 5.19704
lowerneck -10.8664 -1.64438 0.985379
upperneck -0.746903 -2.32506 0.543621
head 1.59507 -1.1342 -0.0773025
lclavicle -7.44049e-14 -1.88665e-14 0
lhumerus -41.586 -15.4946 95.5807
lradius 41.8958 0 0
lwrist 8.66119 0 0
lhand -3.23011 4.22544 0
lfingers 7.12502 0 0
lthumb 22.4562 32.5477 0
rclavicle -7.44049e-14 -1.88665e-14 0
rhumerus -44.4327 -13.4982 -74.5351
rradius 57.574 0 0
rwrist -9.66983 0 0
rhand -25.7638 -23.9202 0
rfingers 7.12502 0 0
rthumb 0.773837 -53.8926 0
60
root 6.84396 16.7121 -27.3614 1.38752 2.30678 0.593657
lfemur -14.3602 6.90065 -20.8907
ltibia 35.5816 0 0
lfoot -30.3092 -2.66091 0
ltoes 35.8347 0 0
rfemur -52.2641 -9.84061 34.8683
rtibia 58.604 0 0
rfoot -10.8709 4.68523 0
rtoes -2.17133 0 0
lowerback 5.06759 0.755503 -6.57274
upperback 0.707425 0.486969 0.971035
thorax -2.11561 0.322309 5.17941
lowerneck -10.8909 -1.62951 0.960925
upperneck -0.731032 -2.3041 0.589144
head 1.60552 -1.12235 -0.0579256
lclavicle -7.33823e-14 -1.82757e-14 0
lhumerus -41.5756 -15.6134 95.4975
lradius 42.0644 0 0
lwrist 8.80557 0 0
lhand -3.02975 4.26394 0
lfingers 7.12502 0 0
lthumb 22.648 32.5588 0
rclavicle -7.33823e-14 -1.82757e-14 0
rhumerus -44.4437 -13.7127 -74.2865
rradius 57.9557 0 0
rwrist -10.13 0 0
rhand -25.8052 -23.9566 0
rfingers 7.12502 0 0
rthumb 0.733848 -53.9291 0
61
root 6.85808 16.7088 -27.3447 1.20482 2.43342 0.666499
lfemur -14.2314 7.00697 -20.8973
ltibia 35.5913 0 0
lfoot -30.1185 -2.82436 0
ltoes 35.7671 0 0
rfemur -53.0332 -10.0776 35.2365
rtibia 59.1532 0 0
rfoot -10.4159 5.03511 0
rtoes -2.73373 0 0
lowerback 5.25536 0.687856 -6.61112
upperback 0.784146 0.381587 0.923431
thorax -2.12538 0.268301 5.16175
lowerneck -10.9155 -1.6146 0.936392
upperneck -0.715113 -2.28308 0.6348
head 1.616 -1.11045 -0.0384916
lclavicle -7.2352e-14 -1.76835e-14 0
lhumerus -41.5652 -15.7324 95.4141
lradius 42.2334 0 0
lwrist 8.95036 0 0
lhand -2.82873 4.30282 0
lfingers 7.12502 0 0
lthumb 22.8405 32.5701 0
rclavicle -7.2352e-14 -1.76835e-14 0
rhumerus -44.4547 -13.9278 -74.0371
rradius 58.3384 0 0
rwrist -10.5914 0 0
rhand -25.8468 -23.9932 0
rfingers 7.12502 0 0
rthumb 0.693645 -53.9659 0
62
root 6.87224 16.7055 -27.328 1.02163 2.56046 0.739516
lfemur -14.1022 7.11358 -20.9039
ltibia 35.6011 0 0
lfoot -29.9273 -2.98829 0
ltoes 35.6993 0 0
rfemur -53.8044 -10.3153 35.6056
rtibia 59.704 0 0
rfoot -9.95944 5.38586 0
rtoes -3.29732 0 0
lowerback 5.44367 0.620019 -6.6496
upperback 0.86107 0.275911 0.875714
thorax -2.1352 0.214143 5.14405
lowerneck -10.9402 -1.59965 0.911788
upperneck -0.69915 -2.26202 0.680574
head 1.6265 -1.09854 -0.0190058
lclavicle -7.13145e-14 -1.70901e-14 0
lhumerus -41.5547 -15.8519 95.3305
lradius 42.4029 0 0
lwrist 9.09552 0 0
lhand -2.62709 4.34206 0
lfingers 7.12502 0 0
lthumb 23.0336 32.5818 0
rclavicle -7.13145e-14 -1.70901e-14 0
rhumerus -44.4657 -14.1436 -73.787
rradius 58.7222 0 0
rwrist -11.0541 0 0
rhand -25.8886 -24.03 0
rfingers 7.12502 0 0
rthumb 0.653232 -54.0028 0
63
root 6.88644 16.7022 -27.3112 0.837989 2.68784 0.812686
lfemur -13.9728 7.22046 -20.9104
ltibia 35.6109 0 0
lfoot -29.7356 -3.15266 0
ltoes 35.6314 0 0
rfemur -54.5775 -10.5536 35.9757
rtibia 60.2562 0 0
rfoot -9.50171 5.73736 0
rtoes -3.86192 0 0
lowerback 5.63247 0.552009 -6.68819
upperback 0.938176 0.169967 0.827896
thorax -2.14507 0.15985 5.12633
lowerneck -10.965 -1.58467 0.887118
upperneck -0.683146 -2.24091 0.726457
head 1.63703 -1.08659 0.00052693
lclavicle -7.02699e-14 -1.64957e-14 0
lhumerus -41.5442 -15.9717 95.2467
lradius 42.5727 0 0
lwrist 9.24101 0 0
lhand -2.42491 4.38165 0
lfingers 7.12502 0 0
lthumb 23.2272 32.5937 0
rclavicle -7.02699e-14 -1.64957e-14 0
rhumerus -44.4767 -14.3599 -73.5363
rradius 59.1069 0 0
rwrist -11.5179 0 0
rhand -25.9307 -24.0669 0
rfingers 7.12502 0 0
rthumb 0.612614 -54.0399 0
64
root 6.90067 16.6989 -27.2944 0.653952 2.81555 0.885992
lfemur -13.8432 7.32758 -20.917
ltibia 35.6208 0 0
lfoot -29.5436 -3.31741 0
ltoes 35.5633 0 0
rfemur -55.3523 -10.7924 36.3465
rtibia 60.8097 0 0
rfoot -9.0428 6.08953 0
rtoes -4.42738 0 0
lowerback 5.82171 0.483845 -6.72685
upperback 1.01544 0.0637853 0.77999
thorax -2.15498 0.105436 5.10858
lowerneck -10.9897 -1.56967 0.86239
upperneck -0.667107 -2.21976 0.772435
head 1.64759 -1.07462 0.0201013
lclavicle -6.92187e-14 -1.59005e-14 0
lhumerus -41.5336 -16.0917 95.1628
lradius 42.7429 0 0
lwrist 9.38679 0 0
lhand -2.22223 4.42157 0
lfingers 7.12502 0 0
lthumb 23.4213 32.6058 0
rclavicle -6.92187e-14 -1.59005e-14 0
rhumerus -44.4878 -14.5766 -73.2851
rradius 59.4925 0 0
rwrist -11.9826 0 0
rhand -25.9729 -24.1041 0
rfingers 7.12502 0 0
rthumb 0.571798 -54.0772 0
65
root 6.91492 16.6956 -27.2776 0.46957 2.94354 0.959412
lfemur -13.7133 7.43491 -20.9235
ltibia 35.6307 0 0
lfoot -29.3512 -3.48252 0
ltoes 35.4951 0 0
rfemur -56.1285 -11.0317 36.718
rtibia 61.3644 0 0
rfoot -8.58282 6.44227 0
rtoes -4.99352 0 0
lowerback 6.01133 0.415545 -6.76559
upperback 1.09285 -0.042607 0.732008
thorax -2.16493 0.0509162 5.09081
lowerneck -11.0146 -1.55465 0.83761
upperneck -0.651038 -2.19858 0.818497
head 1.65816 -1.06264 0.0397124
lclavicle -6.81612e-14 -1.53047e-14 0
lhumerus -41.523 -16.2121 95.0787
lradius 42.9134 0 0
lwrist 9.53283 0 0
lhand -2.0191 4.46181 0
lfingers 7.12502 0 0
lthumb 23.6158 32.6182 0
rclavicle -6.81612e-14 -1.53047e-14 0
rhumerus -44.4988 -14.7939 -73.0334
rradius 59.8787 0 0
rwrist -12.4481 0 0
rhand -26.0154 -24.1414 0
rfingers 7.12502 0 0
rthumb 0.530788 -54.1146 0
66
root 6.92919 16.6922 -27.2607 0.284892 3.07178 1.03293
lfemur -13.5833 7.54242 -20.93
ltibia 35.6407 0 0
lfoot -29.1584 -3.64792 0
ltoes 35.4268 0 0
rfemur -56.9061 -11.2714 37.0901
rtibia 61.9202 0 0
rfoot -8.12189 6.79547 0
rtoes -5.56016 0 0
lowerback 6.20129 0.347126 -6.80439
upperback 1.17038 -0.149181 0.683962
thorax -2.17493 -0.00369592 5.07303
lowerneck -11.0395 -1.53961 0.812785
upperneck -0.634941 -2.17738 0.864632
head 1.66875 -1.05064 0.0593549
lclavicle -6.70978e-14 -1.47085e-14 0
lhumerus -41.5123 -16.3326 94.9946
lradius 43.0841 0 0
lwrist 9.67907 0 0
lhand -1.81559 4.50234 0
lfingers 7.12502 0 0
lthumb 23.8106 32.6309 0
rclavicle -6.70978e-14 -1.47085e-14 0
rhumerus -44.5099 -15.0114 -72.7813
rradius 60.2656 0 0
rwrist -12.9144 0 0
rhand -26.0581 -24.1788 0
rfingers 7.12502 0 0
rthumb 0.489589 -54.1522 0
67
root 6.94349 16.6889 -27.2438 0.099969 3.20024 1.10652
lfemur -13.4531 7.65008 -20.9365
ltibia 35.6507 0 0
lfoot -28.9654 -3.81359 0
ltoes 35.3584 0 0
rfemur -57.6847 -11.5114 37.4626
rtibia 62.4768 0 0
rfoot -7.66012 7.14903 0
rtoes -6.12713 0 0
lowerback 6.39152 0.278607 -6.84324
upperback 1.248 -0.25591 0.635866
thorax -2.18495 -0.0583855 5.05524
lowerneck -11.0644 -1.52455 0.787921
upperneck -0.618823 -2.15615 0.910826
head 1.67936 -1.03863 0.0790239
lclavicle -6.60287e-14 -1.41121e-14 0
lhumerus -41.5016 -16.4534 94.9103
lradius 43.2551 0 0
lwrist 9.82549 0 0
lhand -1.61175 4.54315 0
lfingers 7.12502 0 0
lthumb 24.0058 32.6438 0
rclavicle -6.60287e-14 -1.41121e-14 0
rhumerus -44.521 -15.2293 -72.5288
rradius 60.6529 0 0
rwrist -13.3812 0 0
rhand -26.1009 -24.2164 0
rfingers 7.12502 0 0
rthumb 0.448207 -54.19 0
68
root 6.9578 16.6856 -27.2269 -0.0851487 3.32889 1.18017
lfemur -13.3228 7.75787 -20.9429
ltibia 35.6608 0 0
lfoot -28.7723 -3.97947 0
ltoes 35.29 0 0
rfemur -58.4641 -11.7516 37.8356
rtibia 63.0341 0 0
rfoot -7.19763 7.50286 0
rtoes -6.69427 0 0
lowerback 6.58199 0.210006 -6.88213
upperback 1.32571 -0.362764 0.587731
thorax -2.19501 -0.113138 5.03744
lowerneck -11.0893 -1.50948 0.763024
upperneck -0.602686 -2.13491 0.95707
head 1.68998 -1.02661 0.0987141
lclavicle -6.49542e-14 -1.35156e-14 0
lhumerus -41.4908 -16.5743 94.826
lradius 43.4262 0 0
lwrist 9.97204 0 0
lhand -1.40762 4.58422 0
lfingers 7.12502 0 0
lthumb 24.2013 32.6569 0
rclavicle -6.49542e-14 -1.35156e-14 0
rhumerus -44.5321 -15.4474 -72.276
rradius 61.0407 0 0
rwrist -13.8485 0 0
rhand -26.1439 -24.2542 0
rfingers 7.12502 0 0
rthumb 0.406647 -54.2279 0
69
root 6.97211 16.6822 -27.21 -0.270411 3.45769 1.25385
lfemur -13.1925 7.86575 -20.9494
ltibia 35.6709 0 0
lfoot -28.5789 -4.14552 0
ltoes 35.2215 0 0
rfemur -59.2442 -11.9921 38.2088
rtibia 63.592 0 0
rfoot -6.73453 7.85685 0
rtoes -7.2614 0 0
lowerback 6.77263 0.141341 -6.92105
upperback 1.40347 -0.469715 0.53957
thorax -2.2051 -0.167939 5.01963
lowerneck -11.1143 -1.49441 0.738103
upperneck -0.586536 -2.11366 1.00335
head 1.7006 -1.01458 0.118421
lclavicle -6.38748e-14 -1.29194e-14 0
lhumerus -41.4801 -16.6953 94.7416
lradius 43.5974 0 0
lwrist 10.1187 0 0
lhand -1.20327 4.62553 0
lfingers 7.12502 0 0
lthumb 24.3969 32.6702 0
rclavicle -6.38748e-14 -1.29194e-14 0
rhumerus -44.5432 -15.6657 -72.0231
rradius 61.4288 0 0
rwrist -14.3161 0 0
rhand -26.1871 -24.292 0
rfingers 7.12502 0 0
rthumb 0.364914 -54.2659 0
70
root 6.98644 16.6789 -27.1931 -0.455767 3.5866 1.32755
lfemur -13.0621 7.9737 -20.9558
ltibia 35.681 0 0
lfoot -28.3855 -4.3117 0
ltoes 35.153 0 0
rfemur -60.0247 -12.2327 38.5823
rtibia 64.1503 0 0
rfoot -6.27094 8.21091 0
rtoes -7.82835 0 0
lowerback 6.9634 0.0726293 -6.95999
upperback 1.48126 -0.576735 0.491395
thorax -2.21521 -0.222774 5.00183
lowerneck -11.1392 -1.47934 0.713162
upperneck -0.570377 -2.09241 1.04965
head 1.71123 -1.00255 0.138138
lclavicle -6.27908e-14 -1.23236e-14 0
lhumerus -41.4692 -16.8165 94.6572
lradius 43.7687 0 0
lwrist 10.2654 0 0
lhand -0.998753 4.66707 0
lfingers 7.12502 0 0
lthumb 24.5928 32.6837 0
rclavicle -6.27908e-14 -1.23236e-14 0
rhumerus -44.5544 -15.8842 -71.77
rradius 61.8172 0 0
rwrist -14.7839 0 0
rhand -26.2305 -24.3301 0
rfingers 7.12502 0 0
rthumb 0.323014 -54.304 0
71
root 7.00077 16.6756 -27.1762 -0.641168 3.71559 1.40125
lfemur -12.9317 8.08169 -20.9622
ltibia 35.6912 0 0
lfoot -28.192 -4.47797 0
ltoes 35.0845 0 0
rfemur -60.8055 -12.4733 38.9557
rtibia 64.7089 0 0
rfoot -5.80697 8.56494 0
rtoes -8.39494 0 0
lowerback 7.15424 0.00389 -6.99894
upperback 1.55908 -0.683796 0.443219
thorax -2.22534 -0.277629 4.98404
lowerneck -11.1642 -1.46427 0.688209
upperneck -0.554213 -2.07116 1.09597
head 1.72186 -0.990525 0.157862
lclavicle -6.17025e-14 -1.17283e-14 0
lhumerus -41.4584 -16.9377 94.5728
lradius 43.94 0 0
lwrist 10.4121 0 0
lhand -0.794119 4.70883 0
lfingers 7.12502 0 0
lthumb 24.7887 32.6975 0
rclavicle -6.17025e-14 -1.17283e-14 0
rhumerus -44.5655 -16.1027 -71.5168
rradius 62.2056 0 0
rwrist -15.2518 0 0
rhand -26.2741 -24.3682 0
rfingers 7.12502 0 0
rthumb 0.280951 -54.3423 0
72
root 7.0151 16.6722 -27.1593 -0.826561 3.84463 1.47493
lfemur -12.8014 8.18969 -20.9686
ltibia 35.7014 0 0
lfoot -27.9985 -4.64428 0
ltoes 35.016 0 0
rfemur -61.5863 -12.714 39.3292
rtibia 65.2676 0 0
rfoot -5.34275 8.91884 0
rtoes -8.96102 0 0
lowerback 7.3451 -0.0648593 -7.03788
upperback 1.63688 -0.79087 0.395055
thorax -2.23549 -0.332489 4.96625
lowerneck -11.1891 -1.44921 0.66325
upperneck -0.538049 -2.04992 1.14229
head 1.7325 -0.978501 0.177586
lclavicle -6.06102e-14 -1.11339e-14 0
lhumerus -41.4475 -17.059 94.4884
lradius 44.1112 0 0
lwrist 10.5588 0 0
lhand -0.589424 4.75077 0
lfingers 7.12502 0 0
lthumb 24.9847 32.7114 0
rclavicle -6.06102e-14 -1.11339e-14 0
rhumerus -44.5767 -16.3213 -71.2636
rradius 62.594 0 0
rwrist -15.7196 0 0
rhand -26.3178 -24.4065 0
rfingers 7.12502 0 0
rthumb 0.238732 -54.3807 0
73
root 7.02942 16.6689 -27.1424 -1.0119 3.97369 1.54857
lfemur -12.6711 8.29768 -20.9749
ltibia 35.7117 0 0
lfoot -27.8051 -4.81058 0
ltoes 34.9475 0 0
rfemur -62.3669 -12.9547 39.7025
rtibia 65.8264 0 0
rfoot -4.87837 9.27251 0
rtoes -9.5264 0 0
lowerback 7.53593 -0.133601 -7.07682
upperback 1.71466 -0.897928 0.346914
thorax -2.24566 -0.387339 4.94848
lowerneck -11.2141 -1.43416 0.638293
upperneck -0.521888 -2.0287 1.1886
head 1.74313 -0.966485 0.197307
lclavicle -5.95142e-14 -1.05405e-14 0
lhumerus -41.4367 -17.1802 94.4041
lradius 44.2824 0 0
lwrist 10.7054 0 0
lhand -0.384724 4.79289 0
lfingers 7.12502 0 0
lthumb 25.1807 32.7254 0
rclavicle -5.95142e-14 -1.05405e-14 0
rhumerus -44.5878 -16.5397 -71.0105
rradius 62.9823 0 0
rwrist -16.1872 0 0
rhand -26.3616 -24.4449 0
rfingers 7.12502 0 0
rthumb 0.196361 -54.4192 0
74
root 7.04373 16.6656 -27.1255 -1.19713 4.10272 1.62214
lfemur -12.541 8.40561 -20.9812
ltibia 35.7219 0 0
lfoot -27.6118 -4.97683 0
ltoes 34.8791 0 0
rfemur -63.1471 -13.1952 40.0757
rtibia 66.3849 0 0
rfoot -4.41396 9.62585 0
rtoes -10.0909 0 0
lowerback 7.72667 -0.202316 -7.11573
upperback 1.79239 -1.00494 0.298809
thorax -2.25584 -0.442166 4.93073
lowerneck -11.239 -1.41912 0.613342
upperneck -0.505737 -2.00749 1.23488
head 1.75375 -0.954479 0.217018
lclavicle -5.8415e-14 -9.94822e-15 0
lhumerus -41.4257 -17.3015 94.3198
lradius 44.4535 0 0
lwrist 10.8519 0 0
lhand -0.180073 4.83517 0
lfingers 7.12502 0 0
lthumb 25.3767 32.7397 0
rclavicle -5.8415e-14 -9.94822e-15 0
rhumerus -44.599 -16.7581 -70.7576
rradius 63.3705 0 0
rwrist -16.6546 0 0
rhand -26.4057 -24.4834 0
rfingers 7.12502 0 0
rthumb 0.153844 -54.4578 0
75
root 7.05803 16.6622 -27.1086 -1.3822 4.23171 1.69564
lfemur -12.4109 8.51347 -20.9875
ltibia 35.7322 0 0
lfoot -27.4186 -5.14299 0
ltoes 34.8107 0 0
rfemur -63.9267 -13.4355 40.4484
rtibia 66.9432 0 0
rfoot -3.94963 9.97875 0
rtoes -10.6544 0 0
lowerback 7.91728 -0.270987 -7.1546
upperback 1.87005 -1.11188 0.250752
thorax -2.26603 -0.496954 4.913
lowerneck -11.2639 -1.40411 0.588406
upperneck -0.489598 -1.98631 1.28113
head 1.76437 -0.942488 0.236714
lclavicle -5.73128e-14 -9.35737e-15 0
lhumerus -41.4148 -17.4227 94.2356
lradius 44.6244 0 0
lwrist 10.9983 0 0
lhand 0.0244751 4.87759 0
lfingers 7.12502 0 0
lthumb 25.5726 32.7541 0
rclavicle -5.73128e-14 -9.35737e-15 0
rhumerus -44.6101 -16.9764 -70.5048
rradius 63.7583 0 0
rwrist -17.1214 0 0
rhand -26.4498 -24.522 0
rfingers 7.12502 0 0
rthumb 0.111186 -54.4965 0
76
root 7.07232 16.6589 -27.0917 -1.56707 4.3606 1.76903
lfemur -12.2811 8.62123 -20.9937
ltibia 35.7426 0 0
lfoot -27.2257 -5.30902 0
ltoes 34.7425 0 0
rfemur -64.7054 -13.6756 40.8208
rtibia 67.501 0 0
rfoot -3.48551 10.3311 0
rtoes -11.2166 0 0
lowerback 8.1077 -0.339596 -7.19343
upperback 1.94763 -1.21873 0.202757
thorax -2.27622 -0.55169 4.8953
lowerneck -11.2888 -1.38911 0.563491
upperneck -0.473476 -1.96516 1.32733
head 1.77497 -0.930514 0.256391
lclavicle -5.62079e-14 -8.76813e-15 0
lhumerus -41.4039 -17.5438 94.1515
lradius 44.7951 0 0
lwrist 11.1445 0 0
lhand 0.228865 4.92014 0
lfingers 7.12502 0 0
lthumb 25.7683 32.7686 0
rclavicle -5.62079e-14 -8.76813e-15 0
rhumerus -44.6213 -17.1944 -70.2524
rradius 64.1457 0 0
rwrist -17.5878 0 0
rhand -26.4941 -24.5607 0
rfingers 7.12502 0 0
rthumb 0.0683915 -54.5353 0
77
root 7.08658 16.6556 -27.0749 -1.75168 4.48938 1.8423
lfemur -12.1515 8.72886 -21
ltibia 35.7529 0 0
lfoot -27.033 -5.47487 0
ltoes 34.6743 0 0
rfemur -65.4832 -13.9153 41.1926
rtibia 68.0582 0 0
rfoot -3.02169 10.6829 0
rtoes -11.7775 0 0
lowerback 8.29788 -0.408124 -7.2322
upperback 2.02509 -1.32544 0.154835
thorax -2.28642 -0.606358 4.87763
lowerneck -11.3137 -1.37415 0.538602
upperneck -0.457376 -1.94405 1.37348
head 1.78556 -0.91856 0.276044
lclavicle -5.51008e-14 -8.18068e-15 0
lhumerus -41.3929 -17.6647 94.0676
lradius 44.9655 0 0
lwrist 11.2905 0 0
lhand 0.433042 4.96279 0
lfingers 7.12502 0 0
lthumb 25.9638 32.7833 0
rclavicle -5.51008e-14 -8.18068e-15 0
rhumerus -44.6325 -17.4121 -70.0002
rradius 64.5327 0 0
rwrist -18.0534 0 0
rhand -26.5386 -24.5995 0
rfingers 7.12502 0 0
rthumb 0.0254669 -54.5742 0
78
root 7.10082 16.6522 -27.058 -1.93597 4.61799 1.91544
lfemur -12.0221 8.83632 -21.0061
ltibia 35.7633 0 0
lfoot -26.8406 -5.64049 0
ltoes 34.6062 0 0
rfemur -66.2597 -14.1547 41.5638
rtibia 68.6147 0 0
rfoot -2.5583 11.0339 0
rtoes -12.3369 0 0
lowerback 8.48777 -0.476554 -7.27091
upperback 2.10242 -1.43199 0.106999
thorax -2.29661 -0.660945 4.86
lowerneck -11.3385 -1.35921 0.513748
upperneck -0.441302 -1.92298 1.41955
head 1.79613 -0.90663 0.295667
lclavicle -5.39917e-14 -7.59523e-15 0
lhumerus -41.382 -17.7856 93.9838
lradius 45.1356 0 0
lwrist 11.4362 0 0
lhand 0.636952 5.00554 0
lfingers 7.12502 0 0
lthumb 26.159 32.7981 0
rclavicle -5.39917e-14 -7.59523e-15 0
rhumerus -44.6436 -17.6295 -69.7485
rradius 64.919 0 0
rwrist -18.5182 0 0
rhand -26.5832 -24.6384 0
rfingers 7.12502 0 0
rthumb -0.0175829 -54.6132 0
79
root 7.11503 16.6489 -27.0413 -2.11992 4.74642 1.98841
lfemur -11.893 8.9436 -21.0123
ltibia 35.7736 0 0
lfoot -26.6486 -5.80585 0
ltoes 34.5383 0 0
rfemur -67.0348 -14.3937 41.9342
rtibia 69.1703 0 0
rfoot -2.09546 11.3841 0
rtoes -12.8945 0 0
lowerback 8.67731 -0.544868 -7.30954
upperback 2.1796 -1.53836 0.0592607
thorax -2.3068 -0.715435 4.8424
lowerneck -11.3632 -1.34431 0.488934
upperneck -0.425258 -1.90197 1.46555
head 1.80668 -0.894727 0.315255
lclavicle -5.28809e-14 -7.01197e-15 0
lhumerus -41.371 -17.9062 93.9002
lradius 45.3054 0 0
lwrist 11.5816 0 0
lhand 0.84054 5.04835 0
lfingers 7.12502 0 0
lthumb 26.354 32.813 0
rclavicle -5.28809e-14 -7.01197e-15 0
rhumerus -44.6548 -17.8465 -69.4973
rradius 65.3046 0 0
rwrist -18.982 0 0
rhand -26.6279 -24.6773 0
rfingers 7.12502 0 0
rthumb -0.0607527 -54.6522 0
80
root 7.12921 16.6456 -27.0245 -2.30345 4.87463 2.06121
lfemur -11.7642 9.05066 -21.0183
ltibia 35.784 0 0
lfoot -26.4571 -5.97089 0
ltoes 34.4706 0 0
rfemur -67.8082 -14.6321 42.3038
rtibia 69.7248 0 0
rfoot -1.63327 11.7334 0
rtoes -13.4502 0 0
lowerback 8.86646 -0.613048 -7.34808
upperback 2.2566 -1.64452 0.0116336
thorax -2.31698 -0.769815 4.82485
lowerneck -11.3879 -1.32945 0.464168
upperneck -0.409248 -1.881 1.51144
head 1.81721 -0.882854 0.334803
lclavicle -5.17689e-14 -6.43112e-15 0
lhumerus -41.36 -18.0266 93.8168
lradius 45.4748 0 0
lwrist 11.7266 0 0
lhand 1.04375 5.09122 0
lfingers 7.12502 0 0
lthumb 26.5486 32.828 0
rclavicle -5.17689e-14 -6.43112e-15 0
rhumerus -44.6659 -18.063 -69.2467
rradius 65.6894 0 0
rwrist -19.4448 0 0
rhand -26.6727 -24.7164 0
rfingers 7.12502 0 0
rthumb -0.104037 -54.6914 0
81
root 7.14336 16.6423 -27.0078 -2.48652 5.00258 2.13381
lfemur -11.6358 9.15747 -21.0244
ltibia 35.7944 0 0
lfoot -26.2659 -6.13558 0
ltoes 34.403 0 0
rfemur -68.5797 -14.87 42.6725
rtibia 70.2782 0 0
rfoot -1.17186 12.0816 0
rtoes -14.0038 0 0
lowerback 9.05515 -0.681075 -7.38652
upperback 2.33341 -1.75044 -0.0358704
thorax -2.32715 -0.82407 4.80735
lowerneck -11.4126 -1.31464 0.439455
upperneck -0.393278 -1.8601 1.55724
head 1.82771 -0.871015 0.354306
lclavicle -5.06559e-14 -5.85287e-15 0
lhumerus -41.349 -18.1468 93.7336
lradius 45.6437 0 0
lwrist 11.8713 0 0
lhand 1.24653 5.13413 0
lfingers 7.12502 0 0
lthumb 26.7427 32.8432 0
rclavicle -5.06559e-14 -5.85287e-15 0
rhumerus -44.6771 -18.279 -68.9966
rradius 66.0733 0 0
rwrist -19.9064 0 0
rhand -26.7176 -24.7555 0
rfingers 7.12502 0 0
rthumb -0.147431 -54.7305 0
82
root 7.15746 16.639 -26.9911 -2.66909 5.13023 2.20619
lfemur -11.5078 9.26401 -21.0304
ltibia 35.8048 0 0
lfoot -26.0754 -6.29988 0
ltoes 34.3356 0 0
rfemur -69.3492 -15.1072 43.0401
rtibia 70.8302 0 0
rfoot -0.711334 12.4287 0
rtoes -14.5552 0 0
lowerback 9.24335 -0.748932 -7.42486
upperback 2.41001 -1.85608 -0.0832387
thorax -2.33731 -0.878186 4.7899
lowerneck -11.4371 -1.29987 0.414802
upperneck -0.377352 -1.83926 1.60291
head 1.83819 -0.859212 0.373759
lclavicle -4.95422e-14 -5.27742e-15 0
lhumerus -41.338 -18.2667 93.6506
lradius 45.8121 0 0
lwrist 12.0156 0 0
lhand 1.44883 5.17707 0
lfingers 7.12502 0 0
lthumb 26.9364 32.8584 0
rclavicle -4.95422e-14 -5.27742e-15 0
rhumerus -44.6882 -18.4945 -68.7473
rradius 66.4561 0 0
rwrist -20.3666 0 0
rhand -26.7626 -24.7946 0
rfingers 7.12502 0 0
rthumb -0.190929 -54.7698 0
83
root 7.17152 16.6357 -26.9745 -2.85109 5.25757 2.27833
lfemur -11.3802 9.37025 -21.0364
ltibia 35.8151 0 0
lfoot -25.8853 -6.46373 0
ltoes 34.2684 0 0
rfemur -70.1164 -15.3437 43.4065
rtibia 71.3808 0 0
rfoot -0.251812 12.7746 0
rtoes -15.1042 0 0
lowerback 9.43099 -0.8166 -7.46307
upperback 2.48637 -1.96143 -0.130459
thorax -2.34745 -0.932147 4.77251
lowerneck -11.4616 -1.28516 0.390216
upperneck -0.361473 -1.8185 1.64846
head 1.84863 -0.847449 0.393157
lclavicle -4.84283e-14 -4.70496e-15 0
lhumerus -41.327 -18.3863 93.5679
lradius 45.98 0 0
lwrist 12.1594 0 0
lhand 1.65058 5.22 0
lfingers 7.12502 0 0
lthumb 27.1296 32.8736 0
rclavicle -4.84283e-14 -4.70496e-15 0
rhumerus -44.6994 -18.7093 -68.4987
rradius 66.8379 0 0
rwrist -20.8254 0 0
rhand -26.8078 -24.8339 0
rfingers 7.12502 0 0
rthumb -0.234526 -54.8091 0
84
root 7.18553 16.6324 -26.958 -3.03248 5.38454 2.35022
lfemur -11.253 9.47615 -21.0423
ltibia 35.8255 0 0
lfoot -25.6959 -6.62709 0
ltoes 34.2015 0 0
rfemur -70.8811 -15.5795 43.7718
rtibia 71.9297 0 0
rfoot 0.206592 13.1192 0
rtoes -15.6506 0 0
lowerback 9.61803 -0.884061 -7.50115
upperback 2.56247 -2.06645 -0.177519
thorax -2.35757 -0.98594 4.75518
lowerneck -11.486 -1.2705 0.365704
upperneck -0.345647 -1.79781 1.69386
head 1.85903 -0.83573 0.412495
lclavicle -4.73144e-14 -4.13571e-15 0
lhumerus -41.3161 -18.5056 93.4855
lradius 46.1473 0 0
lwrist 12.3027 0 0
lhand 1.85174 5.26293 0
lfingers 7.12502 0 0
lthumb 27.3222 32.889 0
rclavicle -4.73144e-14 -4.13571e-15 0
rhumerus -44.7105 -18.9234 -68.251
rradius 67.2184 0 0
rwrist -21.2826 0 0
rhand -26.853 -24.8731 0
rfingers 7.12502 0 0
rthumb -0.278217 -54.8484 0
85
root 7.19949 16.6292 -26.9415 -3.21322 5.51112 2.42183
lfemur -11.1264 9.58169 -21.0482
ltibia 35.8359 0 0
lfoot -25.5072 -6.78992 0
ltoes 34.1348 0 0
rfemur -71.6431 -15.8144 44.1356
rtibia 72.4769 0 0
rfoot 0.663763 13.4624 0
rtoes -16.1943 0 0
lowerback 9.80441 -0.951298 -7.53909
upperback 2.63829 -2.17111 -0.224406
thorax -2.36766 -1.03955 4.73792
lowerneck -11.5103 -1.2559 0.341272
upperneck -0.329877 -1.77721 1.73911
head 1.8694 -0.824057 0.431767
lclavicle -4.62008e-14 -3.56986e-15 0
lhumerus -41.3051 -18.6245 93.4034
lradius 46.314 0 0
lwrist 12.4455 0 0
lhand 2.05225 5.30582 0
lfingers 7.12502 0 0
lthumb 27.5142 32.9044 0
rclavicle -4.62008e-14 -3.56986e-15 0
rhumerus -44.7216 -19.1368 -68.0041
rradius 67.5977 0 0
rwrist -21.7381 0 0
rhand -26.8983 -24.9125 0
rfingers 7.12502 0 0
rthumb -0.321995 -54.8878 0
86
root 7.2134 16.6259 -26.9251 -3.39324 5.63727 2.49314
lfemur -11.0003 9.68685 -21.054
ltibia 35.8463 0 0
lfoot -25.3192 -6.95218 0
ltoes 34.0684 0 0
rfemur -72.4022 -16.0485 44.4981
rtibia 73.0221 0 0
rfoot 1.11959 13.804 0
rtoes -16.735 0 0
lowerback 9.99008 -1.01829 -7.57688
upperback 2.71382 -2.2754 -0.271107
thorax -2.37773 -1.09296 4.72072
lowerneck -11.5345 -1.24136 0.316927
upperneck -0.314168 -1.7567 1.7842
head 1.87973 -0.812434 0.450968
lclavicle -4.5088e-14 -3.0076e-15 0
lhumerus -41.2941 -18.7429 93.3216
lradius 46.48 0 0
lwrist 12.5877 0 0
lhand 2.25206 5.34867 0
lfingers 7.12502 0 0
lthumb 27.7055 32.9198 0
rclavicle -4.5088e-14 -3.0076e-15 0
rhumerus -44.7327 -19.3493 -67.7582
rradius 67.9754 0 0
rwrist -22.1918 0 0
rhand -26.9438 -24.9518 0
rfingers 7.12502 0 0
rthumb -0.365857 -54.9272 0
87
root 7.22724 16.6227 -26.9087 -3.5725 5.76296 2.56414
lfemur -10.8748 9.79159 -21.0598
ltibia 35.8566 0 0
lfoot -25.132 -7.11382 0
ltoes 34.0022 0 0
rfemur -73.1582 -16.2816 44.8589
rtibia 73.5653 0 0
rfoot 1.57395 14.144 0
rtoes -17.2727 0 0
lowerback 10.175 -1.08503 -7.6145
upperback 2.78902 -2.37927 -0.317611
thorax -2.38776 -1.14616 4.7036
lowerneck -11.5586 -1.2269 0.292675
upperneck -0.298525 -1.73628 1.82911
head 1.89002 -0.800864 0.470094
lclavicle -4.39762e-14 -2.44915e-15 0
lhumerus -41.2832 -18.861 93.2402
lradius 46.6453 0 0
lwrist 12.7293 0 0
lhand 2.4511 5.39145 0
lfingers 7.12502 0 0
lthumb 27.8961 32.9353 0
rclavicle -4.39762e-14 -2.44915e-15 0
rhumerus -44.7438 -19.561 -67.5134
rradius 68.3517 0 0
rwrist -22.6435 0 0
rhand -26.9892 -24.9912 0
rfingers 7.12502 0 0
rthumb -0.409797 -54.9666 0
88
root 7.24103 16.6194 -26.8924 -3.75096 5.88816 2.6348
lfemur -10.7498 9.89588 -21.0655
ltibia 35.867 0 0
lfoot -24.9456 -7.2748 0
ltoes 33.9364 0 0
rfemur -73.9109 -16.5136 45.2181
rtibia 74.1062 0 0
rfoot 2.02673 14.4823 0
rtoes -17.8071 0 0
lowerback 10.3591 -1.15148 -7.65195
upperback 2.86389 -2.4827 -0.363904
thorax -2.39777 -1.19914 4.68656
lowerneck -11.5826 -1.2125 0.268523
upperneck -0.282951 -1.71596 1.87383
head 1.90025 -0.78935 0.48914
lclavicle -4.28658e-14 -1.8947e-15 0
lhumerus -41.2722 -18.9785 93.1591
lradius 46.8098 0 0
lwrist 12.8702 0 0
lhand 2.64934 5.43415 0
lfingers 7.12502 0 0
lthumb 28.086 32.9508 0
rclavicle -4.28658e-14 -1.8947e-15 0
rhumerus -44.7548 -19.7718 -67.2697
rradius 68.7264 0 0
rwrist -23.0931 0 0
rhand -27.0348 -25.0306 0
rfingers 7.12502 0 0
rthumb -0.453809 -55.006 0
89
root 7.25474 16.6162 -26.8762 -3.92855 6.01283 2.70511
lfemur -10.6255 9.9997 -21.0711
ltibia 35.8773 0 0
lfoot -24.7601 -7.43507 0
ltoes 33.8709 0 0
rfemur -74.66 -16.7446 45.5756
rtibia 74.6448 0 0
rfoot 2.47782 14.8188 0
rtoes -18.338 0 0
lowerback 10.5423 -1.21764 -7.68922
upperback 2.93839 -2.58566 -0.409975
thorax -2.40773 -1.25187 4.6696
lowerneck -11.6065 -1.19819 0.244477
upperneck -0.267452 -1.69575 1.91835
head 1.91044 -0.777896 0.508099
lclavicle -4.1757e-14 -1.34446e-15 0
lhumerus -41.2613 -19.0956 93.0785
lradius 46.9735 0 0
lwrist 13.0104 0 0
lhand 2.8467 5.47675 0
lfingers 7.12502 0 0
lthumb 28.2749 32.9663 0
rclavicle -4.1757e-14 -1.34446e-15 0
rhumerus -44.7659 -19.9816 -67.0271
rradius 69.0993 0 0
rwrist -23.5405 0 0
rhand -27.0805 -25.0701 0
rfingers 7.12502 0 0
rthumb -0.497889 -55.0455 0
90
root 7.26839 16.613 -26.8601 -4.10523 6.13694 2.77504
lfemur -10.5019 10.103 -21.0767
ltibia 35.8876 0 0
lfoot -24.5756 -7.59459 0
ltoes 33.8057 0 0
rfemur -75.4054 -16.9745 45.9312
rtibia 75.1809 0 0
rfoot 2.9271 15.1533 0
rtoes -18.8653 0 0
lowerback 10.7246 -1.28348 -7.72629
upperback 3.01251 -2.68813 -0.45581
thorax -2.41766 -1.30435 4.65272
lowerneck -11.6303 -1.18395 0.220545
upperneck -0.252031 -1.67566 1.96265
head 1.92058 -0.766504 0.526968
lclavicle -4.06503e-14 -7.9861e-16 0
lhumerus -41.2504 -19.2122 92.9983
lradius 47.1363 0 0
lwrist 13.1499 0 0
lhand 3.04314 5.51924 0
lfingers 7.12502 0 0
lthumb 28.463 32.9818 0
rclavicle -4.06503e-14 -7.9861e-16 0
rhumerus -44.7769 -20.1903 -66.7858
rradius 69.4704 0 0
rwrist -23.9855 0 0
rhand -27.1262 -25.1095 0
rfingers 7.12502 0 0
rthumb -0.54203 -55.085 0
91
root 7.28196 16.6098 -26.844 -4.28094 6.26044 2.84458
lfemur -10.379 10.2058 -21.0823
ltibia 35.8979 0 0
lfoot -24.392 -7.75332 0
ltoes 33.7409 0 0
rfemur -76.1469 -17.2031 46.2848
rtibia 75.7144 0 0
rfoot 3.37445 15.4859 0
rtoes -19.3889 0 0
lowerback 10.906 -1.34899 -7.76315
upperback 3.08623 -2.79008 -0.501398
thorax -2.42754 -1.35656 4.63594
lowerneck -11.6539 -1.1698 0.196732
upperneck -0.236693 -1.65568 2.00673
head 1.93067 -0.755179 0.54574
lclavicle -3.9546e-14 -2.57366e-16 0
lhumerus -41.2395 -19.3281 92.9185
lradius 47.2982 0 0
lwrist 13.2886 0 0
lhand 3.23861 5.56159 0
lfingers 7.12502 0 0
lthumb 28.6502 32.9974 0
rclavicle -3.9546e-14 -2.57366e-16 0
rhumerus -44.7879 -20.3979 -66.5458
rradius 69.8395 0 0
rwrist -24.4281 0 0
rhand -27.1719 -25.149 0
rfingers 7.12502 0 0
rthumb -0.586228 -55.1244 0
92
root 7.29545 16.6067 -26.8281 -4.45565 6.38332 2.9137
lfemur -10.2568 10.308 -21.0878
ltibia 35.9082 0 0
lfoot -24.2095 -7.91121 0
ltoes 33.6765 0 0
rfemur -76.8841 -17.4304 46.6364
rtibia 76.245 0 0
rfoot 3.81977 15.8163 0
rtoes -19.9085 0 0
lowerback 11.0863 -1.41415 -7.7998
upperback 3.15953 -2.89147 -0.546726
thorax -2.43737 -1.40848 4.61925
lowerneck -11.6774 -1.15574 0.173046
upperneck -0.221443 -1.63582 2.05058
head 1.94069 -0.743923 0.564412
lclavicle -3.84444e-14 2.79076e-16 0
lhumerus -41.2287 -19.4435 92.8391
lradius 47.4592 0 0
lwrist 13.4265 0 0
lhand 3.43304 5.60379 0
lfingers 7.12502 0 0
lthumb 28.8364 33.0129 0
rclavicle -3.84444e-14 2.79076e-16 0
rhumerus -44.7989 -20.6044 -66.3072
rradius 70.2066 0 0
rwrist -24.868 0 0
rhand -27.2177 -25.1884 0
rfingers 7.12502 0 0
rthumb -0.630477 -55.1639 0
93
root 7.30886 16.6035 -26.8122 -4.62929 6.50554 2.98239
lfemur -10.1354 10.4097 -21.0932
ltibia 35.9184 0 0
lfoot -24.028 -8.06822 0
ltoes 33.6125 0 0
rfemur -77.617 -17.6564 46.9858
rtibia 76.7727 0 0
rfoot 4.26294 16.1445 0
rtoes -20.4239 0 0
lowerback 11.2655 -1.47894 -7.83621
upperback 3.23237 -2.99228 -0.591781
thorax -2.44715 -1.46011 4.60267
lowerneck -11.7007 -1.14177 0.149493
upperneck -0.206284 -1.6161 2.09418
head 1.95066 -0.732739 0.582977
lclavicle -3.73459e-14 8.10515e-16 0
lhumerus -41.2178 -19.5583 92.7603
lradius 47.6191 0 0
lwrist 13.5636 0 0
lhand 3.62639 5.64583 0
lfingers 7.12502 0 0
lthumb 29.0215 33.0284 0
rclavicle -3.73459e-14 8.10515e-16 0
rhumerus -44.8099 -20.8097 -66.0701
rradius 70.5716 0 0
rwrist -25.3053 0 0
rhand -27.2636 -25.2279 0
rfingers 7.12502 0 0
rthumb -0.674773 -55.2033 0
94
root 7.32218 16.6004 -26.7964 -4.80182 6.62705 3.05063
lfemur -10.0148 10.5107 -21.0986
ltibia 35.9286 0 0
lfoot -23.8477 -8.2243 0
ltoes 33.5488 0 0
rfemur -78.3454 -17.881 47.3329
rtibia 77.2974 0 0
rfoot 4.70384 16.4704 0
rtoes -20.9351 0 0
lowerback 11.4436 -1.54335 -7.87239
upperback 3.30476 -3.09248 -0.636552
thorax -2.45689 -1.51142 4.58618
lowerneck -11.7239 -1.12789 0.126079
upperneck -0.191221 -1.59651 2.13751
head 1.96056 -0.721631 0.601431
lclavicle -3.62507e-14 1.33675e-15 0
lhumerus -41.207 -19.6724 92.6819
lradius 47.7781 0 0
lwrist 13.6997 0 0
lhand 3.81859 5.68768 0
lfingers 7.12502 0 0
lthumb 29.2055 33.0438 0
rclavicle -3.62507e-14 1.33675e-15 0
rhumerus -44.8208 -21.0137 -65.8344
rradius 70.9344 0 0
rwrist -25.7397 0 0
rhand -27.3095 -25.2674 0
rfingers 7.12502 0 0
rthumb -0.719109 -55.2428 0
95
root 7.33541 16.5973 -26.7808 -4.97318 6.74783 3.1184
lfemur -9.89511 10.6111 -21.1039
ltibia 35.9387 0 0
lfoot -23.6686 -8.37941 0
ltoes 33.4857 0 0
rfemur -79.0689 -18.1042 47.6777
rtibia 77.8187 0 0
rfoot 5.14235 16.7939 0
rtoes -21.4418 0 0
lowerback 11.6206 -1.60734 -7.90833
upperback 3.37665 -3.19204 -0.681025
thorax -2.46656 -1.56241 4.56981
lowerneck -11.7469 -1.11412 0.102811
upperneck -0.176259 -1.57706 2.18058
head 1.97039 -0.710602 0.619768
lclavicle -3.51592e-14 1.85758e-15 0
lhumerus -41.1963 -19.7858 92.6041
lradius 47.9359 0 0
lwrist 13.8349 0 0
lhand 4.0096 5.72933 0
lfingers 7.12502 0 0
lthumb 29.3884 33.0592 0
rclavicle -3.51592e-14 1.85758e-15 0
rhumerus -44.8318 -21.2163 -65.6004
rradius 71.2948 0 0
rwrist -26.1711 0 0
rhand -27.3555 -25.3068 0
rfingers 7.12502 0 0
rthumb -0.763481 -55.2822 0
96
root 7.34855 16.5942 -26.7652 -5.14334 6.86785 3.18567
lfemur -9.77627 10.7108 -21.1091
ltibia 35.9489 0 0
lfoot -23.4907 -8.53351 0
ltoes 33.4229 0 0
rfemur -79.7875 -18.3257 48.02
rtibia 78.3367 0 0
rfoot 5.57837 17.1148 0
rtoes -21.9438 0 0
lowerback 11.7963 -1.67092 -7.944
upperback 3.44804 -3.29094 -0.725188
thorax -2.47617 -1.61305 4.55354
lowerneck -11.7698 -1.10046 0.0796964
upperneck -0.161402 -1.55777 2.22336
head 1.98016 -0.699656 0.637984
lclavicle -3.40718e-14 2.37281e-15 0
lhumerus -41.1855 -19.8984 92.5268
lradius 48.0925 0 0
lwrist 13.9692 0 0
lhand 4.19936 5.77076 0
lfingers 7.12502 0 0
lthumb 29.5701 33.0746 0
rclavicle -3.40718e-14 2.37281e-15 0
rhumerus -44.8426 -21.4175 -65.368
rradius 71.6527 0 0
rwrist -26.5994 0 0
rhand -27.4014 -25.3462 0
rfingers 7.12502 0 0
rthumb -0.807884 -55.3215 0
97
root 7.36159 16.5911 -26.7498 -5.31223 6.98707 3.25244
lfemur -9.65836 10.8098 -21.1143
ltibia 35.959 0 0
lfoot -23.3141 -8.68656 0
ltoes 33.3606 0 0
rfemur -80.5008 -18.5457 48.3598
rtibia 78.8512 0 0
rfoot 6.01177 17.4332 0
rtoes -22.4411 0 0
lowerback 11.9707 -1.73405 -7.9794
upperback 3.5189 -3.38914 -0.769029
thorax -2.48572 -1.66334 4.5374
lowerneck -11.7925 -1.0869 0.0567409
upperneck -0.146653 -1.53862 2.26585
head 1.98985 -0.688795 0.656073
lclavicle -3.29887e-14 2.88224e-15 0
lhumerus -41.1748 -20.0104 92.4501
lradius 48.248 0 0
lwrist 14.1024 0 0
lhand 4.38781 5.81196 0
lfingers 7.12502 0 0
lthumb 29.7506 33.0899 0
rclavicle -3.29887e-14 2.88224e-15 0
rhumerus -44.8535 -21.6173 -65.1374
rradius 72.0081 0 0
rwrist -27.0244 0 0
rhand -27.4474 -25.3856 0
rfingers 7.12502 0 0
rthumb -0.852311 -55.3609 0
98
root 7.37452 16.588 -26.7345 -5.4798 7.10545 3.31867
lfemur -9.5414 10.908 -21.1194
ltibia 35.969 0 0
lfoot -23.1389 -8.8385 0
ltoes 33.2989 0 0
rfemur -81.2087 -18.764 48.6968
rtibia 79.362 0 0
rfoot 6.44244 17.7488 0
rtoes -22.9334 0 0
lowerback 12.1438 -1.79673 -8.01452
upperback 3.5892 -3.48663 -0.812536
thorax -2.49521 -1.71325 4.52137
lowerneck -11.815 -1.07346 0.0339513
upperneck -0.132019 -1.51963 2.30803
head 1.99947 -0.678023 0.674031
lclavicle -3.19103e-14 3.38566e-15 0
lhumerus -41.1642 -20.1215 92.374
lradius 48.4023 0 0
lwrist 14.2346 0 0
lhand 4.57491 5.8529 0
lfingers 7.12502 0 0
lthumb 29.9297 33.1051 0
rclavicle -3.19103e-14 3.38566e-15 0
rhumerus -44.8643 -21.8156 -64.9086
rradius 72.3609 0 0
rwrist -27.4461 0 0
rhand -27.4934 -25.4249 0
rfingers 7.12502 0 0
rthumb -0.896758 -55.4002 0
99
root 7.38735 16.585 -26.7193 -5.64601 7.22296 3.38435
lfemur -9.42543 11.0055 -21.1244
ltibia 35.979 0 0
lfoot -22.9651 -8.9893 0
ltoes 33.2376 0 0
rfemur -81.911 -18.9806 49.0311
rtibia 79.8689 0 0
rfoot 6.87028 18.0616 0
rtoes -23.4205 0 0
lowerback 12.3155 -1.85893 -8.04935
upperback 3.65894 -3.58336 -0.855695
thorax -2.50462 -1.76278 4.50547
lowerneck -11.8373 -1.06014 0.0113344
upperneck -0.117502 -1.50081 2.34989
head 2.00901 -0.667343 0.691852
lclavicle -3.0837e-14 3.88288e-15 0
lhumerus -41.1536 -20.2318 92.2985
lradius 48.5553 0 0
lwrist 14.3657 0 0
lhand 4.76059 5.89357 0
lfingers 7.12502 0 0
lthumb 30.1075 33.1202 0
rclavicle -3.0837e-14 3.88288e-15 0
rhumerus -44.8751 -22.0123 -64.6816
rradius 72.7109 0 0
rwrist -27.8644 0 0
rhand -27.5395 -25.4642 0
rfingers 7.12502 0 0
rthumb -0.941219 -55.4394 0
100
root 7.40007 16.582 -26.7042 -5.81081 7.33957 3.44946
lfemur -9.31049 11.1023 -21.1294
ltibia 35.9889 0 0
lfoot -22.7927 -9.1389 0
ltoes 33.1769 0 0
rfemur -82.6075 -19.1954 49.3625
rtibia 80.3719 0 0
rfoot 7.29515 18.3715 0
rtoes -23.9023 0 0
lowerback 12.4858 -1.92063 -8.08387
upperback 3.72809 -3.67931 -0.898495
thorax -2.51396 -1.81192 4.48969
lowerneck -11.8594 -1.04693 -0.0111034
upperneck -0.103108 -1.48216 2.39141
head 2.01847 -0.656758 0.709531
lclavicle -2.97691e-14 4.37369e-15 0
lhumerus -41.143 -20.3413 92.2237
lradius 48.7069 0 0
lwrist 14.4957 0 0
lhand 4.9448 5.93395 0
lfingers 7.12502 0 0
lthumb 30.2839 33.1353 0
rclavicle -2.97691e-14 4.37369e-15 0
rhumerus -44.8859 -22.2074 -64.4566
rradius 73.0581 0 0
rwrist -28.279 0 0
rhand -27.5855 -25.5035 0
rfingers 7.12502 0 0
rthumb -0.98569 -55.4786 0
101
root 7.41268 16.5791 -26.6893 -5.97414 7.45525 3.51398
lfemur -9.19661 11.1982 -21.1343
ltibia 35.9988 0 0
lfoot -22.6219 -9.28728 0
ltoes 33.1166 0 0
rfemur -83.2979 -19.4084 49.691
rtibia 80.8708 0 0
rfoot 7.71695 18.6784 0
rtoes -24.3786 0 0
lowerback 12.6545 -1.98182 -8.11809
upperback 3.79662 -3.77446 -0.940923
thorax -2.52323 -1.86063 4.47406
lowerneck -11.8813 -1.03386 -0.0333554
upperneck -0.0888409 -1.46368 2.4326
head 2.02785 -0.646272 0.727063
lclavicle -2.87069e-14 4.8579e-15 0
lhumerus -41.1325 -20.4499 92.1495
lradius 48.8572 0 0
lwrist 14.6245 0 0
lhand 5.12749 5.97403 0
lfingers 7.12502 0 0
lthumb 30.4588 33.1502 0
rclavicle -2.87069e-14 4.8579e-15 0
rhumerus -44.8966 -22.4007 -64.2336
rradius 73.4023 0 0
rwrist -28.6898 0 0
rhand -27.6316 -25.5427 0
rfingers 7.12502 0 0
rthumb -1.03016 -55.5177 0
102
root 7.42517 16.5761 -26.6745 -6.13595 7.56995 3.57789
lfemur -9.08384 11.2932 -21.1391
ltibia 36.0087 0 0
lfoot -22.4525 -9.43438 0
ltoes 33.057 0 0
rfemur -83.9821 -19.6194 50.0163
rtibia 81.3654 0 0
rfoot 8.13556 18.9822 0
rtoes -24.8492 0 0
lowerback 12.8218 -2.04247 -8.15197
upperback 3.86452 -3.86877 -0.982966
thorax -2.53241 -1.90892 4.45855
lowerneck -11.9031 -1.02091 -0.055415
upperneck -0.0747048 -1.44539 2.47343
head 2.03714 -0.635887 0.744442
lclavicle -2.76507e-14 5.33531e-15 0
lhumerus -41.122 -20.5576 92.076
lradius 49.006 0 0
lwrist 14.7521 0 0
lhand 5.3086 6.01379 0
lfingers 7.12502 0 0
lthumb 30.6322 33.1651 0
rclavicle -2.76507e-14 5.33531e-15 0
rhumerus -44.9073 -22.5924 -64.0126
rradius 73.7435 0 0
rwrist -29.0968 0 0
rhand -27.6776 -25.5819 0
rfingers 7.12502 0 0
rthumb -1.07464 -55.5568 0
103
root 7.43754 16.5732 -26.6598 -6.2962 7.68366 3.64117
lfemur -8.97219 11.3874 -21.1439
ltibia 36.0184 0 0
lfoot -22.2848 -9.58016 0
ltoes 32.9979 0 0
rfemur -84.6598 -19.8284 50.3385
rtibia 81.8556 0 0
rfoot 8.55087 19.2828 0
rtoes -25.314 0 0
lowerback 12.9874 -2.10258 -8.18553
upperback 3.93177 -3.96222 -1.02461
thorax -2.54151 -1.95676 4.44319
lowerneck -11.9246 -1.0081 -0.0772756
upperneck -0.0607042 -1.42728 2.51389
head 2.04634 -0.625608 0.761665
lclavicle -2.66009e-14 5.8057e-15 0
lhumerus -41.1116 -20.6644 92.0032
lradius 49.1534 0 0
lwrist 14.8784 0 0
lhand 5.48807 6.05321 0
lfingers 7.12502 0 0
lthumb 30.804 33.1798 0
rclavicle -2.66009e-14 5.8057e-15 0
rhumerus -44.918 -22.7822 -63.7938
rradius 74.0815 0 0
rwrist -29.4998 0 0
rhand -27.7237 -25.621 0
rfingers 7.12502 0 0
rthumb -1.1191 -55.5958 0
104
root 7.44978 16.5703 -26.6453 -6.45484 7.79632 3.70381
lfemur -8.86172 11.4807 -21.1485
ltibia 36.0282 0 0
lfoot -22.1188 -9.72457 0
ltoes 32.9395 0 0
rfemur -85.3309 -20.0354 50.6574
rtibia 82.3412 0 0
rfoot 8.96276 19.58 0
rtoes -25.7727 0 0
lowerback 13.1514 -2.16212 -8.21873
upperback 3.99834 -4.05477 -1.06585
thorax -2.55053 -2.00415 4.42798
lowerneck -11.9459 -0.995422 -0.0989307
upperneck -0.0468435 -1.40937 2.55398
head 2.05545 -0.615437 0.778725
lclavicle -2.55578e-14 6.2689e-15 0
lhumerus -41.1012 -20.7701 91.9311
lradius 49.2993 0 0
lwrist 15.0035 0 0
lhand 5.66586 6.09227 0
lfingers 7.12502 0 0
lthumb 30.9743 33.1944 0
rclavicle -2.55578e-14 6.2689e-15 0
rhumerus -44.9286 -22.9701 -63.5772
rradius 74.4162 0 0
rwrist -29.8987 0 0
rhand -27.7697 -25.66 0
rfingers 7.12502 0 0
rthumb -1.16356 -55.6347 0
105
root 7.4619 16.5674 -26.631 -6.61181 7.90791 3.76577
lfemur -8.75245 11.5731 -21.1531
ltibia 36.0378 0 0
lfoot -21.9544 -9.86758 0
ltoes 32.8816 0 0
rfemur -85.9951 -20.2403 50.9729
rtibia 82.8222 0 0
rfoot 9.37111 19.8739 0
rtoes -26.2253 0 0
lowerback 13.3137 -2.22108 -8.25158
upperback 4.06421 -4.14641 -1.10667
thorax -2.55945 -2.05106 4.41292
lowerneck -11.9669 -0.98289 -0.120374
upperneck -0.0331271 -1.39166 2.59367
head 2.06447 -0.605378 0.795618
lclavicle -2.45218e-14 6.72468e-15 0
lhumerus -41.0909 -20.8749 91.8597
lradius 49.4436 0 0
lwrist 15.1272 0 0
lhand 5.84191 6.13096 0
lfingers 7.12502 0 0
lthumb 31.1428 33.2088 0
rclavicle -2.45218e-14 6.72468e-15 0
rhumerus -44.9391 -23.1562 -63.363
rradius 74.7476 0 0
rwrist -30.2933 0 0
rhand -27.8157 -25.6989 0
rfingers 7.12502 0 0
rthumb -1.208 -55.6735 0
106
root 7.47388 16.5646 -26.6167 -6.76706 8.0184 3.82705
lfemur -8.64442 11.6645 -21.1576
ltibia 36.0474 0 0
lfoot -21.7919 -10.0091 0
ltoes 32.8244 0 0
rfemur -86.6522 -20.443 51.2849
rtibia 83.2982 0 0
rfoot 9.77582 20.1643 0
rtoes -26.6715 0 0
lowerback 13.4742 -2.27943 -8.28407
upperback 4.12937 -4.2371 -1.14705
thorax -2.56829 -2.09749 4.39801
lowerneck -11.9877 -0.970504 -0.141598
upperneck -0.0195594 -1.37415 2.63296
head 2.07338 -0.595433 0.812338
lclavicle -2.34932e-14 7.17287e-15 0
lhumerus -41.0806 -20.9786 91.7892
lradius 49.5863 0 0
lwrist 15.2496 0 0
lhand 6.01616 6.16926 0
lfingers 7.12502 0 0
lthumb 31.3096 33.2231 0
rclavicle -2.34932e-14 7.17287e-15 0
rhumerus -44.9497 -23.3402 -63.151
rradius 75.0755 0 0
rwrist -30.6835 0 0
rhand -27.8617 -25.7378 0
rfingers 7.12502 0 0
rthumb -1.25241 -55.7123 0
107
root 7.48572 16.5618 -26.6027 -6.92054 8.12774 3.88762
lfemur -8.53767 11.7549 -21.162
ltibia 36.0569 0 0
lfoot -21.6311 -10.1492 0
ltoes 32.7679 0 0
rfemur -87.3019 -20.6434 51.5933
rtibia 83.7693 0 0
rfoot 10.1768 20.451 0
rtoes -27.1113 0 0
lowerback 13.6329 -2.33716 -8.31617
upperback 4.19379 -4.32681 -1.18698
thorax -2.57702 -2.14342 4.38326
lowerneck -12.0083 -0.958269 -0.162596
upperneck -0.00614486 -1.35685 2.67184
head 2.0822 -0.585607 0.82888
lclavicle -2.24722e-14 7.61324e-15 0
lhumerus -41.0704 -21.0813 91.7194
lradius 49.7274 0 0
lwrist 15.3705 0 0
lhand 6.18856 6.20716 0
lfingers 7.12502 0 0
lthumb 31.4747 33.2372 0
rclavicle -2.24722e-14 7.61324e-15 0
rhumerus -44.9602 -23.5222 -62.9415
rradius 75.3999 0 0
rwrist -31.0692 0 0
rhand -27.9077 -25.7766 0
rfingers 7.12502 0 0
rthumb -1.2968 -55.7509 0
108
root 7.49743 16.559 -26.5888 -7.07221 8.23592 3.94746
lfemur -8.43222 11.8443 -21.1664
ltibia 36.0663 0 0
lfoot -21.4722 -10.2877 0
ltoes 32.712 0 0
rfemur -87.9442 -20.8415 51.898
rtibia 84.2353 0 0
rfoot 10.5738 20.734 0
rtoes -27.5443 0 0
lowerback 13.7898 -2.39425 -8.34789
upperback 4.25744 -4.41552 -1.22646
thorax -2.58566 -2.18883 4.36868
lowerneck -12.0287 -0.946189 -0.183363
upperneck 0.00711225 -1.33977 2.71029
head 2.09091 -0.575902 0.84524
lclavicle -2.14593e-14 8.04561e-15 0
lhumerus -41.0603 -21.1828 91.6504
lradius 49.8668 0 0
lwrist 15.49 0 0
lhand 6.35905 6.24462 0
lfingers 7.12502 0 0
lthumb 31.638 33.2512 0
rclavicle -2.14593e-14 8.04561e-15 0
rhumerus -44.9706 -23.7021 -62.7345
rradius 75.7206 0 0
rwrist -31.4503 0 0
rhand -27.9536 -25.8153 0
rfingers 7.12502 0 0
rthumb -1.34115 -55.7894 0
109
root 7.50898 16.5563 -26.5751 -7.22201 8.34288 4.00656
lfemur -8.32813 11.9326 -21.1706
ltibia 36.0757 0 0
lfoot -21.3152 -10.4246 0
ltoes 32.6568 0 0
rfemur -88.5788 -21.0373 52.199
rtibia 84.6959 0 0
rfoot 10.9669 21.0133 0
rtoes -27.9704 0 0
lowerback 13.9447 -2.45068 -8.37921
upperback 4.32032 -4.50319 -1.26546
thorax -2.5942 -2.23371 4.35426
lowerneck -12.0487 -0.934267 -0.203891
upperneck 0.0202075 -1.32292 2.7483
head 2.09952 -0.566321 0.861412
lclavicle -2.04548e-14 8.46977e-15 0
lhumerus -41.0502 -21.2832 91.5823
lradius 50.0044 0 0
lwrist 15.6081 0 0
lhand 6.52759 6.28165 0
lfingers 7.12502 0 0
lthumb 31.7993 33.265 0
rclavicle -2.04548e-14 8.46977e-15 0
rhumerus -44.981 -23.8799 -62.53
rradius 76.0375 0 0
rwrist -31.8267 0 0
rhand -27.9995 -25.8539 0
rfingers 7.12502 0 0
rthumb -1.38547 -55.8278 0
110
root 7.52039 16.5536 -26.5615 -7.3699 8.4486 4.06489
lfemur -8.22541 12.0199 -21.1748
ltibia 36.085 0 0
lfoot -21.1602 -10.5599 0
ltoes 32.6023 0 0
rfemur -89.2055 -21.2306 52.496
rtibia 85.1511 0 0
rfoot 11.3559 21.2886 0
rtoes -28.3895 0 0
lowerback 14.0977 -2.50644 -8.41012
upperback 4.3824 -4.58981 -1.30398
thorax -2.60263 -2.27805 4.34001
lowerneck -12.0686 -0.922508 -0.224174
upperneck 0.0331366 -1.30629 2.78587
head 2.10801 -0.556869 0.877391
lclavicle -1.9459e-14 8.88552e-15 0
lhumerus -41.0403 -21.3825 91.515
lradius 50.1402 0 0
lwrist 15.7246 0 0
lhand 6.6941 6.31822 0
lfingers 7.12502 0 0
lthumb 31.9587 33.2785 0
rclavicle -1.9459e-14 8.88552e-15 0
rhumerus -44.9914 -24.0554 -62.3282
rradius 76.3506 0 0
rwrist -32.1981 0 0
rhand -28.0453 -25.8923 0
rfingers 7.12502 0 0
rthumb -1.42974 -55.8661 0
111
root 7.53165 16.5509 -26.5481 -7.51581 8.55305 4.12244
lfemur -8.12412 12.1061 -21.1789
ltibia 36.0942 0 0
lfoot -21.0072 -10.6936 0
ltoes 32.5485 0 0
rfemur -89.824 -21.4214 52.7891
rtibia 85.6007 0 0
rfoot 11.7406 21.5599 0
rtoes -28.8014 0 0
lowerback 14.2487 -2.5615 -8.44061
upperback 4.44366 -4.67533 -1.342
thorax -2.61095 -2.32182 4.32594
lowerneck -12.0881 -0.910916 -0.244205
upperneck 0.045895 -1.28989 2.82297
head 2.1164 -0.547547 0.893172
lclavicle -1.84723e-14 9.29267e-15 0
lhumerus -41.0303 -21.4805 91.4486
lradius 50.2742 0 0
lwrist 15.8395 0 0
lhand 6.85855 6.35431 0
lfingers 7.12502 0 0
lthumb 32.1162 33.2919 0
rclavicle -1.84723e-14 9.29267e-15 0
rhumerus -45.0017 -24.2286 -62.1291
rradius 76.6597 0 0
rwrist -32.5645 0 0
rhand -28.0911 -25.9307 0
rfingers 7.12502 0 0
rthumb -1.47397 -55.9043 0
112
root 7.54275 16.5482 -26.5349 -7.65971 8.65619 4.17918
lfemur -8.02427 12.1912 -21.1829
ltibia 36.1033 0 0
lfoot -20.8563 -10.8255 0
ltoes 32.4955 0 0
rfemur -90.4342 -21.6097 53.078
rtibia 86.0446 0 0
rfoot 12.121 21.8272 0
rtoes -29.2059 0 0
lowerback 14.3977 -2.61585 -8.47066
upperback 4.50407 -4.75974 -1.37952
thorax -2.61915 -2.36503 4.31205
lowerneck -12.1074 -0.899495 -0.263977
upperneck 0.0584784 -1.27374 2.8596
head 2.12467 -0.53836 0.90875
lclavicle -1.7495e-14 9.69101e-15 0
lhumerus -41.0205 -21.5774 91.3832
lradius 50.4063 0 0
lwrist 15.9528 0 0
lhand 7.02087 6.38991 0
lfingers 7.12502 0 0
lthumb 32.2716 33.3051 0
rclavicle -1.7495e-14 9.69101e-15 0
rhumerus -45.0119 -24.3995 -61.9327
rradius 76.9647 0 0
rwrist -32.9258 0 0
rhand -28.1368 -25.9689 0
rfingers 7.12502 0 0
rthumb -1.51814 -55.9424 0
113
root 7.55369 16.5456 -26.5219 -7.80154 8.75799 4.23509
lfemur -7.92591 12.275 -21.1868
ltibia 36.1124 0 0
lfoot -20.7075 -10.9557 0
ltoes 32.4433 0 0
rfemur -91.0358 -21.7953 53.3628
rtibia 86.4826 0 0
rfoot 12.497 22.0902 0
rtoes -29.6028 0 0
lowerback 14.5445 -2.66947 -8.50028
upperback 4.56363 -4.843 -1.41651
thorax -2.62725 -2.40764 4.29835
lowerneck -12.1264 -0.88825 -0.283485
upperneck 0.0708824 -1.25783 2.89574
head 2.13282 -0.529311 0.92412
lclavicle -1.65273e-14 1.00803e-14 0
lhumerus -41.0107 -21.6729 91.3186
lradius 50.5365 0 0
lwrist 16.0645 0 0
lhand 7.18102 6.42499 0
lfingers 7.12502 0 0
lthumb 32.4249 33.3181 0
rclavicle -1.65273e-14 1.00803e-14 0
rhumerus -45.0221 -24.568 -61.7392
rradius 77.2655 0 0
rwrist -33.2819 0 0
rhand -28.1825 -26.0071 0
rfingers 7.12502 0 0
rthumb -1.56225 -55.9803 0
114
root 7.56447 16.5431 -26.5091 -7.94125 8.8584 4.29016
lfemur -7.82908 12.3578 -21.1906
ltibia 36.1213 0 0
lfoot -20.5609 -11.084 0
ltoes 32.3918 0 0
rfemur -91.6287 -21.9782 53.6432
rtibia 86.9146 0 0
rfoot 12.8683 22.3489 0
rtoes -29.9921 0 0
lowerback 14.6891 -2.72235 -8.52944
upperback 4.62229 -4.92508 -1.45297
thorax -2.63522 -2.44966 4.28483
lowerneck -12.1451 -0.877183 -0.302721
upperneck 0.0831027 -1.24217 2.93139
head 2.14085 -0.520402 0.939276
lclavicle -1.55697e-14 1.04605e-14 0
lhumerus -41.001 -21.7672 91.255
lradius 50.6647 0 0
lwrist 16.1745 0 0
lhand 7.33893 6.45955 0
lfingers 7.12502 0 0
lthumb 32.5761 33.3308 0
rclavicle -1.55697e-14 1.04605e-14 0
rhumerus -45.0322 -24.7341 -61.5486
rradius 77.5621 0 0
rwrist -33.6325 0 0
rhand -28.2281 -26.0451 0
rfingers 7.12502 0 0
rthumb -1.60629 -56.018 0
115
root 7.57507 16.5405 -26.4965 -8.07879 8.95741 4.34437
lfemur -7.7338 12.4392 -21.1943
ltibia 36.1301 0 0
lfoot -20.4165 -11.2105 0
ltoes 32.3411 0 0
rfemur -92.2126 -22.1584 53.9192
rtibia 87.3404 0 0
rfoot 13.235 22.6032 0
rtoes -30.3734 0 0
lowerback 14.8315 -2.77445 -8.55814
upperback 4.68005 -5.00597 -1.48889
thorax -2.64307 -2.49105 4.2715
lowerneck -12.1635 -0.8663 -0.321679
upperneck 0.0951348 -1.22677 2.96652
head 2.14875 -0.511638 0.954214
lclavicle -1.46225e-14 1.08312e-14 0
lhumerus -40.9914 -21.8602 91.1923
lradius 50.7909 0 0
lwrist 16.2828 0 0
lhand 7.49455 6.49357 0
lfingers 7.12502 0 0
lthumb 32.7251 33.3433 0
rclavicle -1.46225e-14 1.08312e-14 0
rhumerus -45.0423 -24.8976 -61.361
rradius 77.8543 0 0
rwrist -33.9776 0 0
rhand -28.2737 -26.0829 0
rfingers 7.12502 0 0
rthumb -1.65027 -56.0557 0
116
root 7.58551 16.538 -26.484 -8.21411 9.05497 4.39769
lfemur -7.64012 12.5195 -21.1979
ltibia 36.1389 0 0
lfoot -20.2744 -11.3351 0
ltoes 32.2913 0 0
rfemur -92.7873 -22.3357 54.1908
rtibia 87.7599 0 0
rfoot 13.5969 22.8531 0
rtoes -30.7466 0 0
lowerback 14.9716 -2.82578 -8.58636
upperback 4.73689 -5.08562 -1.52424
thorax -2.6508 -2.53182 4.25838
lowerneck -12.1816 -0.855605 -0.340352
upperneck 0.106974 -1.21164 3.00114
head 2.15653 -0.503021 0.968928
lclavicle -1.36861e-14 1.11923e-14 0
lhumerus -40.9819 -21.9518 91.1307
lradius 50.915 0 0
lwrist 16.3894 0 0
lhand 7.64783 6.52702 0
lfingers 7.12502 0 0
lthumb 32.8718 33.3555 0
rclavicle -1.36861e-14 1.11923e-14 0
rhumerus -45.0524 -25.0586 -61.1764
rradius 78.142 0 0
rwrist -34.3171 0 0
rhand -28.3191 -26.1206 0
rfingers 7.12502 0 0
rthumb -1.69417 -56.0931 0
117
root 7.59577 16.5356 -26.4718 -8.34716 9.15106 4.45011
lfemur -7.54807 12.5985 -21.2014
ltibia 36.1475 0 0
lfoot -20.1346 -11.4578 0
ltoes 32.2422 0 0
rfemur -93.3527 -22.5102 54.4577
rtibia 88.173 0 0
rfoot 13.9539 23.0983 0
rtoes -31.1117 0 0
lowerback 15.1095 -2.8763 -8.6141
upperback 4.79277 -5.16401 -1.55903
thorax -2.65839 -2.57194 4.24545
lowerneck -12.1994 -0.845101 -0.358733
upperneck 0.118617 -1.19677 3.03522
head 2.16418 -0.494554 0.983414
lclavicle -1.27606e-14 1.15436e-14 0
lhumerus -40.9725 -22.042 91.07
lradius 51.037 0 0
lwrist 16.4941 0 0
lhand 7.79872 6.5599 0
lfingers 7.12502 0 0
lthumb 33.0163 33.3675 0
rclavicle -1.27606e-14 1.15436e-14 0
rhumerus -45.0623 -25.217 -60.9949
rradius 78.4251 0 0
rwrist -34.6507 0 0
rhand -28.3645 -26.1582 0
rfingers 7.12502 0 0
rthumb -1.73799 -56.1304 0
118
root 7.60585 16.5332 -26.4598 -8.47789 9.24562 4.50161
lfemur -7.45768 12.6761 -21.2048
ltibia 36.1561 0 0
lfoot -19.9972 -11.5785 0
ltoes 32.1941 0 0
rfemur -93.9084 -22.6817 54.7199
rtibia 88.5794 0 0
rfoot 14.3059 23.3388 0
rtoes -31.4683 0 0
lowerback 15.2449 -2.926 -8.64134
upperback 4.84769 -5.24112 -1.59323
thorax -2.66586 -2.6114 4.23273
lowerneck -12.2169 -0.834793 -0.376817
upperneck 0.130058 -1.18217 3.06876
head 2.1717 -0.486242 0.997665
lclavicle -1.18466e-14 1.18849e-14 0
lhumerus -40.9631 -22.1308 91.0104
lradius 51.1568 0 0
lwrist 16.597 0 0
lhand 7.94715 6.59217 0
lfingers 7.12502 0 0
lthumb 33.1584 33.3792 0
rclavicle -1.18466e-14 1.18849e-14 0
rhumerus -45.0723 -25.3726 -60.8166
rradius 78.7035 0 0
rwrist -34.9785 0 0
rhand -28.4098 -26.1956 0
rfingers 7.12502 0 0
rthumb -1.78173 -56.1676 0
119
root 7.61574 16.5308 -26.4479 -8.60626 9.33865 4.55216
lfemur -7.369 12.7525 -21.2081
ltibia 36.1645 0 0
lfoot -19.8623 -11.6972 0
ltoes 32.1468 0 0
rfemur -94.4544 -22.8502 54.9773
rtibia 88.9791 0 0
rfoot 14.6527 23.5745 0
rtoes -31.8163 0 0
lowerback 15.3779 -2.97486 -8.66808
upperback 4.90162 -5.31691 -1.62683
thorax -2.67319 -2.65018 4.22022
lowerneck -12.2341 -0.824684 -0.394596
upperneck 0.141294 -1.16786 3.10174
head 2.17908 -0.478086 1.01168
lclavicle -1.09443e-14 1.2216e-14 0
lhumerus -40.9539 -22.2181 90.9518
lradius 51.2744 0 0
lwrist 16.698 0 0
lhand 8.09307 6.62384 0
lfingers 7.12502 0 0
lthumb 33.2981 33.3906 0
rclavicle -1.09443e-14 1.2216e-14 0
rhumerus -45.0821 -25.5255 -60.6416
rradius 78.9771 0 0
rwrist -35.3003 0 0
rhand -28.455 -26.2329 0
rfingers 7.12502 0 0
rthumb -1.82537 -56.2046 0
120
root 7.62545 16.5285 -26.4363 -8.7322 9.43009 4.60175
lfemur -7.28205 12.8275 -21.2113
ltibia 36.1729 0 0
lfoot -19.7298 -11.8138 0
ltoes 32.1004 0 0
rfemur -94.9903 -23.0156 55.2298
rtibia 89.3718 0 0
rfoot 14.9942 23.8054 0
rtoes -32.1555 0 0
lowerback 15.5084 -3.02287 -8.6943
upperback 4.95454 -5.39136 -1.65983
thorax -2.68038 -2.68828 4.20793
lowerneck -12.2509 -0.81478 -0.412063
upperneck 0.15232 -1.15383 3.13415
head 2.18633 -0.470091 1.02545
lclavicle -1.0054e-14 1.25366e-14 0
lhumerus -40.9447 -22.304 90.8943
lradius 51.3898 0 0
lwrist 16.7971 0 0
lhand 8.23643 6.65487 0
lfingers 7.12502 0 0
lthumb 33.4353 33.4017 0
rclavicle -1.0054e-14 1.25366e-14 0
rhumerus -45.0919 -25.6756 -60.4699
rradius 79.2459 0 0
rwrist -35.6159 0 0
rhand -28.5001 -26.27 0
rfingers 7.12502 0 0
rthumb -1.86892 -56.2413 0
121
root 7.63497 16.5262 -26.425 -8.85567 9.51991 4.65036
lfemur -7.19687 12.9011 -21.2144
ltibia 36.1811 0 0
lfoot -19.5998 -11.9283 0
ltoes 32.0549 0 0
rfemur -95.516 -23.1779 55.4773
rtibia 89.7575 0 0
rfoot 15.3304 24.0312 0
rtoes -32.4859 0 0
lowerback 15.6364 -3.07 -8.71999
upperback 5.00643 -5.46443 -1.6922
thorax -2.68743 -2.72567 4.19585
lowerneck -12.2674 -0.805083 -0.429213
upperneck 0.163131 -1.1401 3.16598
head 2.19343 -0.46226 1.03897
lclavicle -9.17618e-15 1.28467e-14 0
lhumerus -40.9357 -22.3883 90.8379
lradius 51.5029 0 0
lwrist 16.8942 0 0
lhand 8.37718 6.68526 0
lfingers 7.12502 0 0
lthumb 33.5701 33.4126 0
rclavicle -9.17618e-15 1.28467e-14 0
rhumerus -45.1016 -25.8228 -60.3016
rradius 79.5096 0 0
rwrist -35.9252 0 0
rhand -28.5451 -26.3069 0
rfingers 7.12502 0 0
rthumb -1.91236 -56.2779 0
122
root 7.64429 16.524 -26.4138 -8.97662 9.60809 4.69797
lfemur -7.11349 12.9733 -21.2174
ltibia 36.1892 0 0
lfoot -19.4725 -12.0407 0
ltoes 32.0103 0 0
rfemur -96.0313 -23.3369 55.7196
rtibia 90.136 0 0
rfoot 15.6611 24.2519 0
rtoes -32.8071 0 0
lowerback 15.7618 -3.11624 -8.74514
upperback 5.05727 -5.53611 -1.72395
thorax -2.69433 -2.76234 4.184
lowerneck -12.2835 -0.795599 -0.446038
upperneck 0.173723 -1.12666 3.19722
head 2.20039 -0.454595 1.05223
lclavicle -8.31103e-15 1.31459e-14 0
lhumerus -40.9267 -22.4711 90.7827
lradius 51.6136 0 0
lwrist 16.9893 0 0
lhand 8.51525 6.71498 0
lfingers 7.12502 0 0
lthumb 33.7023 33.4231 0
rclavicle -8.31103e-15 1.31459e-14 0
rhumerus -45.1113 -25.9671 -60.1367
rradius 79.7683 0 0
rwrist -36.2281 0 0
rhand -28.5899 -26.3436 0
rfingers 7.12502 0 0
rthumb -1.9557 -56.3144 0
123
root 7.65342 16.5218 -26.4029 -9.095 9.69459 4.74456
lfemur -7.03196 13.044 -21.2203
ltibia 36.1972 0 0
lfoot -19.3478 -12.1508 0
ltoes 31.9667 0 0
rfemur -96.536 -23.4927 55.9568
rtibia 90.5072 0 0
rfoot 15.9862 24.4675 0
rtoes -33.1191 0 0
lowerback 15.8846 -3.16157 -8.76974
upperback 5.10703 -5.60635 -1.75504
thorax -2.70109 -2.79828 4.17237
lowerneck -12.2993 -0.786331 -0.462533
upperneck 0.184092 -1.11353 3.22786
head 2.2072 -0.447101 1.06524
lclavicle -7.45895e-15 1.34342e-14 0
lhumerus -40.9179 -22.5523 90.7286
lradius 51.7219 0 0
lwrist 17.0824 0 0
lhand 8.6506 6.74402 0
lfingers 7.12502 0 0
lthumb 33.8318 33.4333 0
rclavicle -7.45895e-15 1.34342e-14 0
rhumerus -45.1209 -26.1085 -59.9754
rradius 80.0217 0 0
rwrist -36.5244 0 0
rhand -28.6347 -26.3802 0
rfingers 7.12502 0 0
rthumb -1.99893 -56.3506 0
124
root 7.66234 16.5196 -26.3922 -9.21075 9.77937 4.79011
lfemur -6.9523 13.1133 -21.2231
ltibia 36.2051 0 0
lfoot -19.2258 -12.2588 0
ltoes 31.9241 0 0
rfemur -97.0298 -23.6451 56.1886
rtibia 90.8709 0 0
rfoot 16.3055 24.6777 0
rtoes -33.4216 0 0
lowerback 16.0047 -3.20597 -8.79378
upperback 5.1557 -5.67514 -1.78548
thorax -2.70769 -2.83348 4.16097
lowerneck -12.3148 -0.777283 -0.478689
upperneck 0.194234 -1.1007 3.25788
head 2.21386 -0.43978 1.07798
lclavicle -6.62025e-15 1.37112e-14 0
lhumerus -40.9091 -22.6319 90.6756
lradius 51.8278 0 0
lwrist 17.1735 0 0
lhand 8.78318 6.77236 0
lfingers 7.12502 0 0
lthumb 33.9588 33.4432 0
rclavicle -6.62025e-15 1.37112e-14 0
rhumerus -45.1304 -26.2468 -59.8177
rradius 80.2699 0 0
rwrist -36.8141 0 0
rhand -28.6793 -26.4166 0
rfingers 7.12502 0 0
rthumb -2.04204 -56.3866 0
125
root 7.67105 16.5175 -26.3818 -9.32384 9.86239 4.8346
lfemur -6.87456 13.181 -21.2258
ltibia 36.2128 0 0
lfoot -19.1065 -12.3644 0
ltoes 31.8824 0 0
rfemur -97.5125 -23.7941 56.415
rtibia 91.2269 0 0
rfoot 16.6191 24.8826 0
rtoes -33.7145 0 0
lowerback 16.122 -3.24943 -8.81726
upperback 5.20326 -5.74245 -1.81525
thorax -2.71414 -2.86791 4.14981
lowerneck -12.3299 -0.768459 -0.494502
upperneck 0.204143 -1.08819 3.28727
head 2.22038 -0.432636 1.09046
lclavicle -5.79528e-15 1.39768e-14 0
lhumerus -40.9005 -22.7099 90.6238
lradius 51.9312 0 0
lwrist 17.2624 0 0
lhand 8.91291 6.79999 0
lfingers 7.12502 0 0
lthumb 34.083 33.4527 0
rclavicle -5.79528e-15 1.39768e-14 0
rhumerus -45.1399 -26.3819 -59.6636
rradius 80.5127 0 0
rwrist -37.097 0 0
rhand -28.7238 -26.4527 0
rfingers 7.12502 0 0
rthumb -2.08502 -56.4224 0
126
root 7.67955 16.5155 -26.3715 -9.4342 9.94364 4.87801
lfemur -6.79877 13.2473 -21.2283
ltibia 36.2204 0 0
lfoot -18.99 -12.4677 0
ltoes 31.8418 0 0
rfemur -97.984 -23.9397 56.6359
rtibia 91.5751 0 0
rfoot 16.9267 25.0819 0
rtoes -33.9976 0 0
lowerback 16.2365 -3.29192 -8.84015
upperback 5.24968 -5.80824 -1.84433
thorax -2.72043 -2.90157 4.13889
lowerneck -12.3446 -0.759864 -0.509963
upperneck 0.213817 -1.07601 3.31602
head 2.22673 -0.425672 1.10265
lclavicle -4.98437e-15 1.42308e-14 0
lhumerus -40.8919 -22.7862 90.5733
lradius 52.0321 0 0
lwrist 17.3491 0 0
lhand 9.03976 6.82688 0
lfingers 7.12502 0 0
lthumb 34.2044 33.4619 0
rclavicle -4.98437e-15 1.42308e-14 0
rhumerus -45.1493 -26.514 -59.5133
rradius 80.7499 0 0
rwrist -37.373 0 0
rhand -28.7682 -26.4887 0
rfingers 7.12502 0 0
rthumb -2.12788 -56.458 0
127
root 7.68784 16.5134 -26.3616 -9.54179 10.0231 4.92032
lfemur -6.72496 13.312 -21.2308
ltibia 36.2279 0 0
lfoot -18.8764 -12.5686 0
ltoes 31.8021 0 0
rfemur -98.444 -24.0817 56.8511
rtibia 91.9155 0 0
rfoot 17.2282 25.2757 0
rtoes -34.2708 0 0
lowerback 16.3482 -3.33343 -8.86244
upperback 5.29494 -5.87249 -1.87272
thorax -2.72656 -2.93443 4.12821
lowerneck -12.3589 -0.751502 -0.525067
upperneck 0.223249 -1.06414 3.34412
head 2.23293 -0.418891 1.11457
lclavicle -4.18785e-15 1.4473e-14 0
lhumerus -40.8835 -22.8608 90.5239
lradius 52.1304 0 0
lwrist 17.4337 0 0
lhand 9.16366 6.85302 0
lfingers 7.12502 0 0
lthumb 34.323 33.4708 0
rclavicle -4.18785e-15 1.4473e-14 0
rhumerus -45.1586 -26.6428 -59.3668
rradius 80.9816 0 0
rwrist -37.6419 0 0
rhand -28.8125 -26.5245 0
rfingers 7.12502 0 0
rthumb -2.17061 -56.4933 0
128
root 7.69591 16.5115 -26.3519 -9.64656 10.1006 4.96151
lfemur -6.65316 13.3751 -21.2331
ltibia 36.2353 0 0
lfoot -18.7656 -12.6671 0
ltoes 31.7635 0 0
rfemur -98.8923 -24.2202 57.0606
rtibia 92.2477 0 0
rfoot 17.5235 25.4638 0
rtoes -34.5338 0 0
lowerback 16.457 -3.37393 -8.88414
upperback 5.33903 -5.93517 -1.9004
thorax -2.73253 -2.9665 4.11778
lowerneck -12.3729 -0.743377 -0.539807
upperneck 0.232436 -1.05262 3.37156
head 2.23896 -0.412296 1.12621
lclavicle -3.40606e-15 1.47032e-14 0
lhumerus -40.8752 -22.9337 90.4759
lradius 52.2261 0 0
lwrist 17.516 0 0
lhand 9.28457 6.87839 0
lfingers 7.12502 0 0
lthumb 34.4387 33.4792 0
rclavicle -3.40606e-15 1.47032e-14 0
rhumerus -45.1678 -26.7683 -59.2242
rradius 81.2075 0 0
rwrist -37.9037 0 0
rhand -28.8566 -26.56 0
rfingers 7.12502 0 0
rthumb -2.2132 -56.5285 0
129
root 7.70375 16.5096 -26.3424 -9.74845 10.1763 5.00156
lfemur -6.58343 13.4366 -21.2353
ltibia 36.2425 0 0
lfoot -18.6579 -12.7631 0
ltoes 31.726 0 0
rfemur -99.3288 -24.355 57.2643
rtibia 92.5717 0 0
rfoot 17.8126 25.6461 0
rtoes -34.7866 0 0
lowerback 16.5629 -3.41342 -8.90522
upperback 5.38192 -5.99625 -1.92737
thorax -2.73832 -2.99774 4.10761
lowerneck -12.3864 -0.735492 -0.554177
upperneck 0.241374 -1.04142 3.39832
head 2.24484 -0.405891 1.13755
lclavicle -2.63933e-15 1.49212e-14 0
lhumerus -40.867 -23.0048 90.4291
lradius 52.3191 0 0
lwrist 17.596 0 0
lhand 9.40242 6.90298 0
lfingers 7.12502 0 0
lthumb 34.5515 33.4873 0
rclavicle -2.63933e-15 1.49212e-14 0
rhumerus -45.177 -26.8905 -59.0855
rradius 81.4277 0 0
rwrist -38.1581 0 0
rhand -28.9005 -26.5953 0
rfingers 7.12502 0 0
rthumb -2.25564 -56.5634 0
130
root 7.71137 16.5077 -26.3332 -9.84742 10.2501 5.04046
lfemur -6.51578 13.4964 -21.2374
ltibia 36.2496 0 0
lfoot -18.5531 -12.8567 0
ltoes 31.6895 0 0
rfemur -99.7531 -24.486 57.462
rtibia 92.8874 0 0
rfoot 18.0952 25.8225 0
rtoes -35.0289 0 0
lowerback 16.6657 -3.45187 -8.92568
upperback 5.42359 -6.05571 -1.95359
thorax -2.74395 -3.02815 4.09769
lowerneck -12.3996 -0.727852 -0.568169
upperneck 0.250058 -1.03058 3.4244
head 2.25054 -0.399679 1.1486
lclavicle -1.88799e-15 1.51267e-14 0
lhumerus -40.8589 -23.0741 90.3836
lradius 52.4094 0 0
lwrist 17.6738 0 0
lhand 9.51717 6.92676 0
lfingers 7.12502 0 0
lthumb 34.6614 33.495 0
rclavicle -1.88799e-15 1.51267e-14 0
rhumerus -45.1861 -27.0093 -58.9508
rradius 81.6419 0 0
rwrist -38.4051 0 0
rhand -28.9443 -26.6304 0
rfingers 7.12502 0 0
rthumb -2.29793 -56.598 0
131
root 7.71876 16.5059 -26.3243 -9.94342 10.3219 5.07817
lfemur -6.45025 13.5546 -21.2394
ltibia 36.2566 0 0
lfoot -18.4514 -12.9477 0
ltoes 31.6541 0 0
rfemur -100.165 -24.6133 57.6538
rtibia 93.1945 0 0
rfoot 18.3713 25.9929 0
rtoes -35.2605 0 0
lowerback 16.7655 -3.48927 -8.9455
upperback 5.46402 -6.11351 -1.97908
thorax -2.7494 -3.05771 4.08803
lowerneck -12.4124 -0.720461 -0.581777
upperneck 0.258483 -1.02008 3.44977
head 2.25608 -0.393663 1.15935
lclavicle -1.15239e-15 1.53197e-14 0
lhumerus -40.851 -23.1415 90.3394
lradius 52.4969 0 0
lwrist 17.7491 0 0
lhand 9.62875 6.94973 0
lfingers 7.12502 0 0
lthumb 34.7682 33.5023 0
rclavicle -1.15239e-15 1.53197e-14 0
rhumerus -45.1951 -27.1246 -58.8203
rradius 81.8501 0 0
rwrist -38.6446 0 0
rhand -28.988 -26.6653 0
rfingers 7.12502 0 0
rthumb -2.34007 -56.6324 0
132
root 7.72592 16.5042 -26.3156 -10.0364 10.3917 5.1147
lfemur -6.38689 13.6111 -21.2412
ltibia 36.2634 0 0
lfoot -18.3528 -13.0361 0
ltoes 31.6199 0 0
rfemur -100.565 -24.7367 57.8394
rtibia 93.4929 0 0
rfoot 18.6408 26.1572 0
rtoes -35.4813 0 0
lowerback 16.8621 -3.52559 -8.96467
upperback 5.50319 -6.16963 -2.0038
thorax -2.75467 -3.0864 4.07863
lowerneck -12.4247 -0.713324 -0.594995
upperneck 0.266646 -1.00994 3.47444
head 2.26144 -0.387847 1.16979
lclavicle -4.32841e-16 1.54998e-14 0
lhumerus -40.8432 -23.2072 90.2965
lradius 52.5816 0 0
lwrist 17.8221 0 0
lhand 9.73711 6.97186 0
lfingers 7.12502 0 0
lthumb 34.8719 33.5092 0
rclavicle -4.32841e-16 1.54998e-14 0
rhumerus -45.204 -27.2365 -58.6938
rradius 82.0523 0 0
rwrist -38.8764 0 0
rhand -29.0314 -26.6999 0
rfingers 7.12502 0 0
rthumb -2.38205 -56.6666 0
133
root 7.73283 16.5025 -26.3073 -10.1263 10.4595 5.15
lfemur -6.32572 13.6658 -21.243
ltibia 36.27 0 0
lfoot -18.2573 -13.1218 0
ltoes 31.5868 0 0
rfemur -100.951 -24.8562 58.0187
rtibia 93.7826 0 0
rfoot 18.9035 26.3153 0
rtoes -35.6911 0 0
lowerback 16.9557 -3.56083 -8.98319
upperback 5.54107 -6.22404 -2.02776
thorax -2.75976 -3.11422 4.06951
lowerneck -12.4366 -0.706444 -0.607815
upperneck 0.274542 -1.00016 3.49838
head 2.26663 -0.382234 1.17993
lclavicle 2.70309e-16 1.56669e-14 0
lhumerus -40.8355 -23.2709 90.2551
lradius 52.6634 0 0
lwrist 17.8927 0 0
lhand 9.84221 6.99313 0
lfingers 7.12502 0 0
lthumb 34.9725 33.5157 0
rclavicle 2.70309e-16 1.56669e-14 0
rhumerus -45.2128 -27.3447 -58.5716
rradius 82.2481 0 0
rwrist -39.1004 0 0
rhand -29.0747 -26.7343 0
rfingers 7.12502 0 0
rthumb -2.42387 -56.7005 0
134
root 7.73951 16.5008 -26.2991 -10.2131 10.5253 5.18407
lfemur -6.26678 13.7188 -21.2446
ltibia 36.2765 0 0
lfoot -18.1651 -13.2049 0
ltoes 31.5548 0 0
rfemur -101.325 -24.9717 58.1917
rtibia 94.0633 0 0
rfoot 19.1594 26.4672 0
rtoes -35.8898 0 0
lowerback 17.046 -3.59495 -9.00104
upperback 5.57765 -6.27671 -2.05093
thorax -2.76467 -3.14115 4.06066
lowerneck -12.4482 -0.699825 -0.620232
upperneck 0.282166 -0.990746 3.52159
head 2.27163 -0.376826 1.18974
lclavicle 9.56729e-16 1.58208e-14 0
lhumerus -40.8279 -23.3326 90.215
lradius 52.7424 0 0
lwrist 17.9608 0 0
lhand 9.94398 7.01354 0
lfingers 7.12502 0 0
lthumb 35.0699 33.5218 0
rclavicle 9.56729e-16 1.58208e-14 0
rhumerus -45.2216 -27.4493 -58.4537
rradius 82.4377 0 0
rwrist -39.3164 0 0
rhand -29.1179 -26.7685 0
rfingers 7.12502 0 0
rthumb -2.46551 -56.7341 0
135
root 7.74594 16.4992 -26.2913 -10.2967 10.5889 5.21688
lfemur -6.21011 13.77 -21.246
ltibia 36.2829 0 0
lfoot -18.0761 -13.2852 0
ltoes 31.524 0 0
rfemur -101.686 -25.0831 58.3583
rtibia 94.3349 0 0
rfoot 19.4082 26.6126 0
rtoes -36.0771 0 0
lowerback 17.133 -3.62795 -9.01822
upperback 5.61291 -6.32761 -2.07331
thorax -2.76939 -3.16717 4.05209
lowerneck -12.4592 -0.693471 -0.632239
upperneck 0.289515 -0.981706 3.54405
head 2.27646 -0.371627 1.19924
lclavicle 1.62608e-15 1.59613e-14 0
lhumerus -40.8205 -23.3925 90.1763
lradius 52.8184 0 0
lwrist 18.0263 0 0
lhand 10.0424 7.03306 0
lfingers 7.12502 0 0
lthumb 35.1641 33.5274 0
rclavicle 1.62608e-15 1.59613e-14 0
rhumerus -45.2303 -27.5503 -58.3402
rradius 82.6209 0 0
rwrist -39.5244 0 0
rhand -29.1608 -26.8023 0
rfingers 7.12502 0 0
rthumb -2.50698 -56.7675 0
136
root 7.75212 16.4977 -26.2838 -10.377 10.6504 5.24842
lfemur -6.15574 13.8194 -21.2474
ltibia 36.2891 0 0
lfoot -17.9904 -13.3628 0
ltoes 31.4943 0 0
rfemur -102.033 -25.1905 58.5183
rtibia 94.5972 0 0
rfoot 19.65 26.7516 0
rtoes -36.253 0 0
lowerback 17.2167 -3.6598 -9.0347
upperback 5.64683 -6.37671 -2.09488
thorax -2.77392 -3.19228 4.0438
lowerneck -12.4699 -0.687388 -0.643829
upperneck 0.296583 -0.973045 3.56576
head 2.28111 -0.366641 1.20841
lclavicle 2.27804e-15 1.60882e-14 0
lhumerus -40.8132 -23.4503 90.139
lradius 52.8914 0 0
lwrist 18.0894 0 0
lhand 10.1373 7.05167 0
lfingers 7.12502 0 0
lthumb 35.2549 33.5325 0
rclavicle 2.27804e-15 1.60882e-14 0
rhumerus -45.2389 -27.6475 -58.2311
rradius 82.7975 0 0
rwrist -39.7242 0 0
rhand -29.2036 -26.836 0
rfingers 7.12502 0 0
rthumb -2.54827 -56.8006 0
137
root 7.75804 16.4962 -26.2765 -10.4541 10.7098 5.27866
lfemur -6.10371 13.8669 -21.2486
ltibia 36.2951 0 0
lfoot -17.9081 -13.4376 0
ltoes 31.4659 0 0
rfemur -102.367 -25.2937 58.6717
rtibia 94.8501 0 0
rfoot 19.8846 26.884 0
rtoes -36.4172 0 0
lowerback 17.2971 -3.69049 -9.05049
upperback 5.67938 -6.42399 -2.11563
thorax -2.77825 -3.21644 4.03579
lowerneck -12.4801 -0.681577 -0.654995
upperneck 0.303367 -0.964768 3.58669
head 2.28556 -0.361871 1.21725
lclavicle 2.91227e-15 1.62013e-14 0
lhumerus -40.806 -23.5061 90.1032
lradius 52.9613 0 0
lwrist 18.1498 0 0
lhand 10.2288 7.06936 0
lfingers 7.12502 0 0
lthumb 35.3425 33.5373 0
rclavicle 2.91227e-15 1.62013e-14 0
rhumerus -45.2474 -27.7409 -58.1264
rradius 82.9675 0 0
rwrist -39.9157 0 0
rhand -29.2461 -26.8693 0
rfingers 7.12502 0 0
rthumb -2.58938 -56.8334 0
138
root 7.76371 16.4948 -26.2696 -10.5279 10.767 5.30759
lfemur -6.05405 13.9126 -21.2497
ltibia 36.301 0 0
lfoot -17.8292 -13.5095 0
ltoes 31.4387 0 0
rfemur -102.687 -25.3926 58.8183
rtibia 95.0935 0 0
rfoot 20.1118 27.0097 0
rtoes -36.5695 0 0
lowerback 17.374 -3.72 -9.06556
upperback 5.71054 -6.46942 -2.13555
thorax -2.78239 -3.23966 4.02808
lowerneck -12.4898 -0.676045 -0.665731
upperneck 0.309862 -0.956882 3.60684
head 2.28983 -0.35732 1.22576
lclavicle 3.52843e-15 1.63003e-14 0
lhumerus -40.799 -23.5599 90.0689
lradius 53.0282 0 0
lwrist 18.2076 0 0
lhand 10.3167 7.08611 0
lfingers 7.12502 0 0
lthumb 35.4266 33.5415 0
rclavicle 3.52843e-15 1.63003e-14 0
rhumerus -45.2558 -27.8304 -58.0264
rradius 83.1308 0 0
rwrist -40.0987 0 0
rhand -29.2885 -26.9024 0
rfingers 7.12502 0 0
rthumb -2.63029 -56.8659 0
139
root 7.71756 16.4805 -26.2669 -10.0465 11.9082 4.97098
lfemur -6.98791 14.2862 -20.8264
ltibia 36.7829 0 0
lfoot -17.8927 -14.5121 0
ltoes 31.654 0 0
rfemur -102.903 -25.5352 57.3636
rtibia 98.8692 0 0
rfoot 29.3556 22.314 0
rtoes -17.0937 0 0
lowerback 17.1802 -4.06549 -8.86558
upperback 5.54475 -6.87863 -2.15319
thorax -2.83323 -3.43224 3.95824
lowerneck -12.3761 -0.838353 -0.802575
upperneck 0.284744 -1.1632 3.884
head 2.27077 -0.452478 1.32811
lclavicle 5.35725e-14 -1.86858e-14 0
lhumerus -40.1384 -24.6203 90.1707
lradius 52.2274 0 0
lwrist 17.6404 0 0
lhand 11.4487 7.55993 0
lfingers 7.12502 0 0
lthumb 36.499 33.7523 0
rclavicle 5.35725e-14 -1.86858e-14 0
rhumerus -46.1521 -27.9074 -58.8192
rradius 84.1539 0 0
rwrist -38.0524 0 0
rhand -35.3168 -31.2119 0
rfingers 7.12502 0 0
rthumb -8.45048 -61.0228 0
140
root 7.67755 16.4719 -26.2637 -9.61416 12.7312 4.73758
lfemur -7.7542 14.5949 -20.5593
ltibia 37.0857 0 0
lfoot -18.1414 -14.4923 0
ltoes 30.4252 0 0
rfemur -102.396 -25.9308 55.9477
rtibia 101.303 0 0
rfoot 30.6422 21.856 0
rtoes -13.9429 0 0
lowerback 16.9562 -4.24664 -8.76179
upperback 5.39494 -7.08597 -2.14635
thorax -2.86242 -3.5285 3.92767
lowerneck -12.2757 -0.999673 -0.847507
upperneck 0.258218 -1.37711 4.05628
head 2.25338 -0.554847 1.38011
lclavicle 4.20478e-14 -2.15324e-14 0
lhumerus -39.5842 -25.3979 90.3212
lradius 51.5724 0 0
lwrist 16.7657 0 0
lhand 12.563 8.0092 0
lfingers 7.12502 0 0
lthumb 37.5487 33.8938 0
rclavicle 4.20478e-14 -2.15324e-14 0
rhumerus -46.9018 -27.4207 -59.6851
rradius 84.7751 0 0
rwrist -35.3714 0 0
rhand -37.4107 -36.4568 0
rfingers 7.12502 0 0
rthumb -10.4689 -89.8289 0
141
root 7.62386 16.4605 -26.2594 -9.03296 13.8277 4.42921
lfemur -8.78324 14.9958 -20.2098
ltibia 37.4885 0 0
lfoot -18.5036 -14.45 0
ltoes 28.7226 0 0
rfemur -101.699 -26.483 54.0591
rtibia 104.531 0 0
rfoot 31.8226 21.5686 0
rtoes -10.8206 0 0
lowerback 16.6541 -4.48221 -8.62745
upperback 5.19292 -7.35524 -2.13778
thorax -2.90276 -3.65326 3.88711
lowerneck -12.1385 -1.21775 -0.900267
upperneck 0.223063 -1.6673 4.28555
head 2.22987 -0.693876 1.44779
lclavicle 2.07695e-14 -2.29954e-14 0
lhumerus -38.8356 -26.4337 90.5211
lradius 50.6892 0 0
lwrist 15.5486 0 0
lhand 14.0745 8.62037 0
lfingers 7.12502 0 0
lthumb 38.9723 34.0864 0
rclavicle 2.07695e-14 -2.29954e-14 0
rhumerus -47.9076 -26.7281 -60.8567
rradius 85.5807 0 0
rwrist -31.6864 0 0
rhand -40.0107 -43.8652 0
rfingers 7.12502 0 0
rthumb -12.9743 -130.414 0
142
root 7.56419 16.4483 -26.2545 -8.38579 15.0285 4.09
lfemur -9.91848 15.4569 -19.8266
ltibia 37.9212 0 0
lfoot -18.901 -14.2706 0
ltoes 26.6584 0 0
rfemur -100.826 -27.1147 51.9176
rtibia 108.024 0 0
rfoot 32.7142 21.4289 0
rtoes -8.22091 0 0
lowerback 16.3106 -4.73379 -8.48345
upperback 4.96868 -7.64122 -2.12361
thorax -2.94342 -3.7857 3.8466
lowerneck -11.9892 -1.46153 -0.956415
upperneck 0.182568 -1.99162 4.53123
head 2.20383 -0.849584 1.51952
lclavicle -4.46705e-15 -2.30749e-14 0
lhumerus -38.0134 -27.5708 90.7569
lradius 49.7202 0 0
lwrist 14.1886 0 0
lhand 15.7554 9.29504 0
lfingers 7.12502 0 0
lthumb 40.5548 34.2897 0
rclavicle -4.46705e-15 -2.30749e-14 0
rhumerus -49.0212 -25.9162 -62.1768
rradius 86.4682 0 0
rwrist -27.5526 0 0
rhand -42.6442 -51.8565 0
rfingers 7.12502 0 0
rthumb -15.5117 -177.256 0
143
root 7.50622 16.4374 -26.2491 -7.75556 16.1645 3.76407
lfemur -11.0034 15.9463 -19.4583
ltibia 38.314 0 0
lfoot -19.2553 -13.8395 0
ltoes 24.3449 0 0
rfemur -99.7917 -27.7486 49.7425
rtibia 111.255 0 0
rfoot 33.1347 21.4141 0
rtoes -6.63766 0 0
lowerback 15.9625 -4.96297 -8.35064
upperback 4.75221 -7.89864 -2.09998
thorax -2.97355 -3.90505 3.81617
lowerneck -11.8522 -1.69993 -1.01151
upperneck 0.140024 -2.30792 4.75276
head 2.17887 -1.00199 1.58365
lclavicle -2.78664e-14 -2.17709e-14 0
lhumerus -37.2381 -28.6524 91.0146
lradius 48.8077 0 0
lwrist 12.8854 0 0
lhand 17.3781 9.93479 0
lfingers 7.12502 0 0
lthumb 42.0811 34.4634 0
rclavicle -2.78664e-14 -2.17709e-14 0
rhumerus -50.0946 -25.0717 -63.4881
rradius 87.335 0 0
rwrist -23.5252 0 0
rhand -44.8384 -58.8499 0
rfingers 7.12502 0 0
rthumb -17.6259 -224.835 0
144
root 7.45764 16.4299 -26.2436 -7.22517 17.0665 3.49555
lfemur -11.8814 16.4318 -19.1537
ltibia 38.5969 0 0
lfoot -19.4881 -13.0421 0
ltoes 21.8945 0 0
rfemur -98.6095 -28.3076 47.7533
rtibia 113.692 0 0
rfoot 32.9014 21.5016 0
rtoes -6.56482 0 0
lowerback 15.6464 -5.13134 -8.24989
upperback 4.57351 -8.08227 -2.06303
thorax -2.98228 -3.99048 3.80589
lowerneck -11.7524 -1.90189 -1.06112
upperneck 0.0987205 -2.57405 4.90958
head 2.1586 -1.13111 1.62855
lclavicle -4.36332e-14 -1.90833e-14 0
lhumerus -36.6304 -29.5215 91.2807
lradius 48.0942 0 0
lwrist 11.8387 0 0
lhand 18.7147 10.4412 0
lfingers 7.12502 0 0
lthumb 43.3359 34.5673 0
rclavicle -4.36332e-14 -1.90833e-14 0
rhumerus -50.9797 -24.2812 -64.6333
rradius 88.0785 0 0
rwrist -20.1594 0 0
rhand -46.1207 -63.2647 0
rfingers 7.12502 0 0
rthumb -18.8617 -267.63 0
145
root 7.40147 16.4286 -26.238 -6.64132 17.8902 3.27009
lfemur -12.8126 17.1012 -18.872
ltibia 38.9011 0 0
lfoot -19.8919 -10.9903 0
ltoes 15.9517 0 0
rfemur -96.7232 -29.2397 45.2351
rtibia 116.111 0 0
rfoot 30.2911 22.5341 0
rtoes -11.803 0 0
lowerback 15.3069 -5.22285 -8.25387
upperback 4.40552 -8.1713 -1.99799
thorax -2.95971 -4.03141 3.86534
lowerneck -11.6846 -2.14127 -1.12526
upperneck -0.0181896 -2.88287 5.01762
head 2.12021 -1.28383 1.65776
lclavicle -5.03311e-14 -9.30606e-15 0
lhumerus -35.8681 -30.3636 91.5737
lradius 47.2875 0 0
lwrist 10.5344 0 0
lhand 20.1575 10.7881 0
lfingers 7.12502 0 0
lthumb 44.6875 34.456 0
rclavicle -5.03311e-14 -9.30606e-15 0
rhumerus -52.0133 -23.012 -66.166
rradius 88.9218 0 0
rwrist -16.0058 0 0
rhand -47.2067 -65.6087 0
rfingers 7.12502 0 0
rthumb -19.9103 -337.778 0
146
root 7.35714 16.4327 -26.2315 -6.18128 18.3772 3.12239
lfemur -13.4591 17.8194 -18.6771
ltibia 39.0297 0 0
lfoot -20.1034 -8.13321 0
ltoes 9.42043 0 0
rfemur -94.4005 -30.1066 42.8269
rtibia 117.308 0 0
rfoot 26.2029 23.8926 0
rtoes -20.322 0 0
lowerback 14.9884 -5.21657 -8.30828
upperback 4.28689 -8.13913 -1.9031
thorax -2.89782 -4.01668 3.96214
lowerneck -11.6743 -2.33695 -1.18238
upperneck -0.137745 -3.13039 5.02101
head 2.08815 -1.40887 1.6551
lclavicle -4.65598e-14 4.31434e-15 0
lhumerus -35.3479 -30.9061 91.9152
lradius 46.7697 0 0
lwrist 9.57265 0 0
lhand 21.2275 10.947 0
lfingers 7.12502 0 0
lthumb 45.6836 34.2253 0
rclavicle -4.65598e-14 4.31434e-15 0
rhumerus -52.7981 -21.7324 -67.5286
rradius 89.6126 0 0
rwrist -12.6618 0 0
rhand -46.635 -63.7173 0
rfingers 7.12502 0 0
rthumb -19.3618 -404.86 0
147
root 7.30438 16.4291 -26.2127 -5.51809 19.1953 2.71995
lfemur -14.2119 19.016 -18.2614
ltibia 38.83 0 0
lfoot -19.3527 -4.32417 0
ltoes 6.83901 0 0
rfemur -90.388 -30.4932 39.1333
rtibia 117.517 0 0
rfoot 23.1465 23.6236 0
rtoes -25.5638 0 0
lowerback 14.3014 -5.31704 -8.08797
upperback 4.04654 -8.19514 -1.70426
thorax -2.77747 -4.04772 3.98957
lowerneck -11.6452 -2.57221 -1.25641
upperneck -0.111115 -3.43313 4.99343
head 2.10346 -1.56067 1.64213
lclavicle -4.6615e-14 1.51076e-14 0
lhumerus -35.3011 -31.7262 92.8275
lradius 46.5617 0 0
lwrist 9.12072 0 0
lhand 22.6258 11.6293 0
lfingers 7.12502 0 0
lthumb 46.9729 34.3074 0
rclavicle -4.6615e-14 1.51076e-14 0
rhumerus -53.5679 -20.5611 -68.9174
rradius 90.6306 0 0
rwrist -9.55343 0 0
rhand -42.0046 -57.1986 0
rfingers 7.12502 0 0
rthumb -14.8996 -446.643 0
148
root 7.26826 16.4208 -26.1942 -5.00005 19.9193 2.31129
lfemur -14.737 19.9832 -17.8674
ltibia 38.5231 0 0
lfoot -18.3017 -1.75244 0
ltoes 8.37223 0 0
rfemur -87.1383 -30.3759 36.2386
rtibia 117.153 0 0
rfoot 22.5214 22.2774 0
rtoes -25.4525 0 0
lowerback 13.6732 -5.46231 -7.76815
upperback 3.82444 -8.30724 -1.52941
thorax -2.6792 -4.10572 3.94982
lowerneck -11.6076 -2.73246 -1.30969
upperneck 0.00628114 -3.64309 4.97446
head 2.14394 -1.66477 1.63346
lclavicle -5.27317e-14 1.84152e-14 0
lhumerus -35.5635 -32.4089 93.7037
lradius 46.6168 0 0
lwrist 9.18296 0 0
lhand 23.664 12.3937 0
lfingers 7.12502 0 0
lthumb 47.9258 34.5942 0
rclavicle -5.27317e-14 1.84152e-14 0
rhumerus -54.0138 -20.0129 -69.7072
rradius 91.4316 0 0
rwrist -7.88994 0 0
rhand -37.0176 -51.1563 0
rfingers 7.12502 0 0
rthumb -10.0903 -451.221 0
149
root 7.22619 16.409 -26.1695 -4.36431 20.8215 1.77116
lfemur -15.3409 21.2114 -17.3556
ltibia 38.064 0 0
lfoot -16.7863 1.40025 0
ltoes 11.5965 0 0
rfemur -82.9851 -30.0649 32.6226
rtibia 116.377 0 0
rfoot 22.2717 20.1933 0
rtoes -24.0297 0 0
lowerback 12.855 -5.65935 -7.3167
upperback 3.53858 -8.46075 -1.29965
thorax -2.55074 -4.18523 3.88113
lowerneck -11.5612 -2.91929 -1.37433
upperneck 0.189571 -3.88901 4.94075
head 2.20614 -1.78648 1.61992
lclavicle -6.25307e-14 2.11153e-14 0
lhumerus -36.0279 -33.248 94.8654
lradius 46.7968 0 0
lwrist 9.45565 0 0
lhand 24.9032 13.4191 0
lfingers 7.12502 0 0
lthumb 49.0601 35.0268 0
rclavicle -6.25307e-14 2.11153e-14 0
rhumerus -54.4891 -19.4641 -70.5671
rradius 92.4218 0 0
rwrist -6.16295 0 0
rhand -30.1163 -42.7783 0
rfingers 7.12502 0 0
rthumb -3.43337 -445.728 0
150
root 7.18202 16.3952 -26.1418 -3.67778 21.8065 1.16734
lfemur -15.9715 22.5592 -16.7886
ltibia 37.5227 0 0
lfoot -15.0303 4.79092 0
ltoes 15.8083 0 0
rfemur -78.4095 -29.6338 28.6853
rtibia 115.353 0 0
rfoot 22.28 17.7024 0
rtoes -21.7876 0 0
lowerback 11.9447 -5.88309 -6.79657
upperback 3.22229 -8.6363 -1.0439
thorax -2.40766 -4.2762 3.7951
lowerneck -11.5101 -3.11601 -1.44319
upperneck 0.409407 -4.14874 4.89929
head 2.28019 -1.91487 1.6038
lclavicle -7.32863e-14 2.31087e-14 0
lhumerus -36.6107 -34.1564 96.1698
lradius 47.0542 0 0
lwrist 9.85578 0 0
lhand 26.2244 14.5753 0
lfingers 7.12502 0 0
lthumb 50.2677 35.5377 0
rclavicle -7.32863e-14 2.31087e-14 0
rhumerus -54.9607 -18.9424 -71.4335
rradius 93.4937 0 0
rwrist -4.49487 0 0
rhand -22.2003 -33.2435 0
rfingers 7.12502 0 0
rthumb 4.20204 -433.911 0
151
root 7.13957 16.381 -26.114 -3.00738 22.7787 0.567636
lfemur -16.5763 23.8851 -16.229
ltibia 36.9697 0 0
lfoot -13.2576 8.0766 0
ltoes 20.3039 0 0
rfemur -73.8926 -29.1563 24.8265
rtibia 114.249 0 0
rfoot 22.4287 15.1355 0
rtoes -19.2183 0 0
lowerback 11.0403 -6.10842 -6.27071
upperback 2.90889 -8.81454 -0.791079
thorax -2.26554 -4.36853 3.70334
lowerneck -11.4584 -3.30594 -1.50916
upperneck 0.636443 -4.40012 4.85708
head 2.35619 -2.03904 1.5874
lclavicle -8.22729e-14 2.42959e-14 0
lhumerus -37.2282 -35.0474 97.4741
lradius 47.3417 0 0
lwrist 10.3004 0 0
lhand 27.5088 15.7324 0
lfingers 7.12502 0 0
lthumb 51.4405 36.059 0
rclavicle -8.22729e-14 2.42959e-14 0
rhumerus -55.3953 -18.4754 -72.2429
rradius 94.5401 0 0
rwrist -3.00809 0 0
rhand -14.1694 -23.7307 0
rfingers 7.12502 0 0
rthumb 11.9466 -419.514 0
152
root 7.10266 16.3681 -26.0892 -2.42002 23.6428 0.0398345
lfemur -17.1032 25.0479 -15.7395
ltibia 36.475 0 0
lfoot -11.6919 10.9143 0
ltoes 24.3797 0 0
rfemur -69.9154 -28.7059 21.446
rtibia 113.228 0 0
rfoot 22.6003 12.8238 0
rtoes -16.8142 0 0
lowerback 10.2396 -6.31025 -5.80209
upperback 2.63171 -8.9761 -0.570106
thorax -2.13995 -4.45214 3.61745
lowerneck -11.4102 -3.47239 -1.56512
upperneck 0.841332 -4.621 4.82113
head 2.42429 -2.14806 1.57301
lclavicle -8.67648e-14 2.45775e-14 0
lhumerus -37.7968 -35.8339 98.6355
lradius 47.612 0 0
lwrist 10.7064 0 0
lhand 28.6375 16.7603 0
lfingers 7.12502 0 0
lthumb 52.4704 36.5231 0
rclavicle -8.67648e-14 2.45775e-14 0
rhumerus -55.7598 -18.0906 -72.9318
rradius 95.4538 0 0
rwrist -1.82504 0 0
rhand -6.92312 -15.4188 0
rfingers 7.12502 0 0
rthumb 18.931 -406.285 0
153
root 7.07514 16.3579 -26.0705 -1.98263 24.3032 -0.348268
lfemur -17.4997 25.9059 -15.3827
ltibia 36.1089 0 0
lfoot -10.5572 12.9611 0
ltoes 27.3321 0 0
rfemur -66.9591 -28.3562 18.9439
rtibia 112.456 0 0
rfoot 22.6774 11.0983 0
rtoes -15.0674 0 0
lowerback 9.64064 -6.46349 -5.45364
upperback 2.42405 -9.10162 -0.409897
thorax -2.04646 -4.51697 3.54904
lowerneck -11.3696 -3.59868 -1.60393
upperneck 0.994727 -4.78924 4.79844
head 2.47459 -2.23102 1.56293
lclavicle -8.40362e-14 2.38542e-14 0
lhumerus -38.2328 -36.429 99.5112
lradius 47.8175 0 0
lwrist 10.9908 0 0
lhand 29.4916 17.5291 0
lfingers 7.12502 0 0
lthumb 53.2493 36.8623 0
rclavicle -8.40362e-14 2.38542e-14 0
rhumerus -56.0211 -17.8157 -73.4367
rradius 96.1275 0 0
rwrist -1.0681 0 0
rhand -1.36116 -9.48676 0
rfingers 7.12502 0 0
rthumb 24.286 -397.968 0
154
root 7.04571 16.3299 -26.0362 -1.43682 25.5165 -0.827905
lfemur -17.9794 26.9187 -15.0263
ltibia 35.4895 0 0
lfoot -9.21641 14.1198 0
ltoes 32.7126 0 0
rfemur -62.9621 -27.1957 15.9769
rtibia 110.411 0 0
rfoot 23.0341 7.75787 0
rtoes -10.5147 0 0
lowerback 8.71637 -6.76399 -4.87953
upperback 2.10512 -9.4077 -0.262002
thorax -1.91047 -4.67258 3.31998
lowerneck -11.2194 -3.77995 -1.59084
upperneck 1.30328 -5.04748 4.82868
head 2.56088 -2.3561 1.55615
lclavicle 4.03533e-14 0 0
lhumerus -39.4035 -37.3723 101.051
lradius 48.4507 0 0
lwrist 11.4725 0 0
lhand 30.7514 18.78 0
lfingers 7.12502 0 0
lthumb 54.3812 37.357 0
rclavicle 4.03533e-14 0 0
rhumerus -55.9506 -18.0314 -73.6182
rradius 96.8456 0 0
rwrist -3.51651 0 0
rhand 11.0343 -5.00793 0
rfingers 7.12502 0 0
rthumb 36.1067 -391.298 0
155
root 7.01747 16.302 -26.0004 -0.905852 26.8025 -1.18476
lfemur -18.5153 27.8429 -14.8405
ltibia 34.9864 0 0
lfoot -8.16118 14.5816 0
ltoes 36.9234 0 0
rfemur -58.9881 -25.8913 13.1815
rtibia 108.093 0 0
rfoot 23.2128 3.87445 0
rtoes -4.92754 0 0
lowerback 7.81292 -7.06006 -4.37859
upperback 1.79638 -9.72584 -0.163491
thorax -1.77328 -4.83419 3.07738
lowerneck -11.056 -3.98665 -1.57792
upperneck 1.59353 -5.34063 4.88387
head 2.64092 -2.49795 1.55557
lclavicle -6.26669e-14 2.22639e-14 0
lhumerus -40.6268 -38.2905 102.646
lradius 49.068 0 0
lwrist 11.7604 0 0
lhand 31.997 19.7825 0
lfingers 7.12502 0 0
lthumb 55.4928 37.5586 0
rclavicle -6.26669e-14 2.22639e-14 0
rhumerus -55.7834 -18.3456 -73.6984
rradius 97.4295 0 0
rwrist -6.99274 0 0
rhand 23.2241 -2.81955 0
rfingers 7.12502 0 0
rthumb 47.5258 -385.251 0
156
root 6.99077 16.2971 -25.9865 -0.753219 26.701 -1.12843
lfemur -18.5259 27.4878 -14.4909
ltibia 34.9628 0 0
lfoot -8.13851 13.7256 0
ltoes 36.6493 0 0
rfemur -57.8857 -25.3811 12.6844
rtibia 106.522 0 0
rfoot 22.3587 3.16667 0
rtoes -3.78623 0 0
lowerback 7.57251 -6.955 -4.2789
upperback 1.74777 -9.57535 -0.276199
thorax -1.71305 -4.75946 2.88402
lowerneck -11.0476 -4.05598 -1.50492
upperneck 1.61688 -5.44454 4.89767
head 2.64705 -2.54791 1.54105
lclavicle -6.13415e-14 2.28264e-14 0
lhumerus -40.9401 -38.4105 102.952
lradius 49.1615 0 0
lwrist 11.8956 0 0
lhand 32.1687 20.0259 0
lfingers 7.12502 0 0
lthumb 55.6426 37.668 0
rclavicle -6.13415e-14 2.28264e-14 0
rhumerus -55.8042 -17.5551 -74.2209
rradius 97.5523 0 0
rwrist -6.90554 0 0
rhand 22.9754 -3.03396 0
rfingers 7.12502 0 0
rthumb 47.2898 -385.52 0
157
root 6.96009 16.2928 -25.9702 -0.5755 26.5992 -1.06358
lfemur -18.5688 27.0705 -14.072
ltibia 34.9747 0 0
lfoot -8.08374 12.6804 0
ltoes 36.2558 0 0
rfemur -56.5669 -24.7583 12.1101
rtibia 104.637 0 0
rfoot 21.3461 2.28967 0
rtoes -2.47853 0 0
lowerback 7.29231 -6.82695 -4.16271
upperback 1.69199 -9.39272 -0.409089
thorax -1.64245 -4.66874 2.65693
lowerneck -11.037 -4.14744 -1.42353
upperneck 1.64132 -5.5793 4.91743
head 2.65328 -2.61288 1.52515
lclavicle -5.88566e-14 2.34451e-14 0
lhumerus -41.3018 -38.544 103.308
lradius 49.2676 0 0
lwrist 12.0419 0 0
lhand 32.3651 20.3079 0
lfingers 7.12502 0 0
lthumb 55.8138 37.7958 0
rclavicle -5.88566e-14 2.34451e-14 0
rhumerus -55.8969 -16.5863 -74.9627
rradius 97.7487 0 0
rwrist -6.73982 0 0
rhand 22.5908 -3.27706 0
rfingers 7.12502 0 0
rthumb 46.926 -385.856 0
158
root 6.92574 16.2888 -25.9515 -0.374881 26.4951 -0.990635
lfemur -18.639 26.5956 -13.5901
ltibia 35.0168 0 0
lfoot -8.00191 11.4638 0
ltoes 35.7554 0 0
rfemur -55.0527 -24.0344 11.4658
rtibia 102.468 0 0
rfoot 20.1882 1.2622 0
rtoes -1.01844 0 0
lowerback 6.97584 -6.67795 -4.03152
upperback 1.62968 -9.18079 -0.560543
thorax -1.56237 -4.56344 2.39895
lowerneck -11.0247 -4.25844 -1.33415
upperneck 1.66683 -5.74138 4.9424
head 2.65963 -2.69114 1.50792
lclavicle -5.53183e-14 2.41073e-14 0
lhumerus -41.7079 -38.6898 103.71
lradius 49.3852 0 0
lwrist 12.1989 0 0
lhand 32.5839 20.6252 0
lfingers 7.12502 0 0
lthumb 56.0045 37.9404 0
rclavicle -5.53183e-14 2.41073e-14 0
rhumerus -56.0511 -15.4562 -75.8972
rradius 98.0088 0 0
rwrist -6.50454 0 0
rhand 22.0816 -3.5482 0
rfingers 7.12502 0 0
rthumb 46.445 -386.255 0
159
root 6.88799 16.2852 -25.9308 -0.153553 26.3871 -0.910017
lfemur -18.7316 26.0677 -13.0514
ltibia 35.0837 0 0
lfoot -7.89807 10.0935 0
ltoes 35.1606 0 0
rfemur -53.3643 -23.2206 10.7582
rtibia 100.044 0 0
rfoot 18.8985 0.103025 0
rtoes 0.580042 0 0
lowerback 6.62662 -6.51003 -3.88687
upperback 1.56148 -8.94241 -0.72894
thorax -1.47373 -4.44498 2.11295
lowerneck -11.011 -4.3864 -1.23717
upperneck 1.69336 -5.92728 4.97182
head 2.66611 -2.78098 1.48938
lclavicle -5.08326e-14 2.48002e-14 0
lhumerus -42.1543 -38.8471 104.153
lradius 49.5133 0 0
lwrist 12.3666 0 0
lhand 32.823 20.9745 0
lfingers 7.12502 0 0
lthumb 56.2126 38.1004 0
rclavicle -5.08326e-14 2.48002e-14 0
rhumerus -56.2564 -14.182 -76.9978
rradius 98.3228 0 0
rwrist -6.20866 0 0
rhand 21.4591 -3.84675 0
rfingers 7.12502 0 0
rthumb 45.8573 -386.714 0
160
root 6.84713 16.2816 -25.9082 0.0862976 26.2733 -0.822147
lfemur -18.8415 25.4913 -12.4621
ltibia 35.1701 0 0
lfoot -7.77728 8.58746 0
ltoes 34.4838 0 0
rfemur -51.5229 -22.3283 9.9945
rtibia 97.3943 0 0
rfoot 17.4904 -1.1691 0
rtoes 2.30292 0 0
lowerback 6.24816 -6.32521 -3.73029
upperback 1.48804 -8.68042 -0.912663
thorax -1.3774 -4.31478 1.80177
lowerneck -10.996 -4.52875 -1.13295
upperneck 1.7209 -6.13348 5.00495
head 2.67275 -2.88068 1.46956
lclavicle -4.55057e-14 2.55111e-14 0
lhumerus -42.6369 -39.0146 104.633
lradius 49.6507 0 0
lwrist 12.5448 0 0
lhand 33.08 21.3523 0
lfingers 7.12502 0 0
lthumb 56.4364 38.2742 0
rclavicle -4.55057e-14 2.55111e-14 0
rhumerus -56.5023 -12.7806 -78.238
rradius 98.6809 0 0
rwrist -5.86113 0 0
rhand 20.7345 -4.17209 0
rfingers 7.12502 0 0
rthumb 45.1736 -387.228 0
161
root 6.80345 16.2782 -25.884 0.342482 26.152 -0.727445
lfemur -18.9639 24.871 -11.8287
ltibia 35.2707 0 0
lfoot -7.64459 6.96343 0
ltoes 33.7375 0 0
rfemur -49.5496 -21.369 9.18154
rtibia 94.5478 0 0
rfoot 15.9774 -2.53543 0
rtoes 4.13618 0 0
lowerback 5.84401 -6.12553 -3.56329
upperback 1.41001 -8.39766 -1.11009
thorax -1.27429 -4.17424 1.46825
lowerneck -10.9801 -4.68291 -1.0219
upperneck 1.74941 -6.35648 5.04103
head 2.67955 -2.98853 1.4485
lclavicle -3.94436e-14 2.62272e-14 0
lhumerus -43.1515 -39.1915 105.145
lradius 49.7964 0 0
lwrist 12.7333 0 0
lhand 33.3527 21.7553 0
lfingers 7.12502 0 0
lthumb 56.6737 38.4603 0
rclavicle -3.94436e-14 2.62272e-14 0
rhumerus -56.7786 -11.269 -79.5913
rradius 99.0734 0 0
rwrist -5.47091 0 0
rhand 19.919 -4.52358 0
rfingers 7.12502 0 0
rthumb 44.4044 -387.794 0
162
root 6.75725 16.2746 -25.8584 0.612813 26.0213 -0.626334
lfemur -19.0937 24.2115 -11.1572
ltibia 35.3802 0 0
lfoot -7.50506 5.23922 0
ltoes 32.9341 0 0
rfemur -47.4655 -20.3539 8.32632
rtibia 91.5339 0 0
rfoot 14.3727 -3.97719 0
rtoes 6.06584 0 0
lowerback 5.41767 -5.91302 -3.3874
upperback 1.32803 -8.09699 -1.31961
thorax -1.16531 -4.02479 1.11525
lowerneck -10.9635 -4.84629 -0.904404
upperneck 1.77887 -6.59276 5.0793
head 2.68655 -3.10281 1.42622
lclavicle -3.27525e-14 2.69356e-14 0
lhumerus -43.694 -39.3767 105.684
lradius 49.9493 0 0
lwrist 12.9319 0 0
lhand 33.6388 22.1801 0
lfingers 7.12502 0 0
lthumb 56.9226 38.657 0
rclavicle -3.27525e-14 2.69356e-14 0
rhumerus -57.0746 -9.66432 -81.031
rradius 99.4903 0 0
rwrist -5.04696 0 0
rhand 19.024 -4.90058 0
rfingers 7.12502 0 0
rthumb 43.5603 -388.409 0
163
root 6.7088 16.2708 -25.8317 0.895102 25.8794 -0.519235
lfemur -19.2261 23.5173 -10.4541
ltibia 35.4931 0 0
lfoot -7.36372 3.43264 0
ltoes 32.0861 0 0
rfemur -45.2918 -19.2945 7.43581
rtibia 88.3818 0 0
rfoot 12.6898 -5.47564 0
rtoes 8.07788 0 0
lowerback 4.97266 -5.68971 -3.20415
upperback 1.24273 -7.78125 -1.53959
thorax -1.05133 -3.86784 0.745609
lowerneck -10.9467 -5.01632 -0.780839
upperneck 1.80925 -6.83881 5.11901
head 2.69376 -3.2218 1.40276
lclavicle -2.55383e-14 2.76237e-14 0
lhumerus -44.2603 -39.5691 106.245
lradius 50.1084 0 0
lwrist 13.1405 0 0
lhand 33.936 22.6234 0
lfingers 7.12502 0 0
lthumb 57.1811 38.8629 0
rclavicle -2.55383e-14 2.76237e-14 0
rhumerus -57.3801 -7.98353 -82.5307
rradius 99.9219 0 0
rwrist -4.59823 0 0
rhand 18.0606 -5.30247 0
rfingers 7.12502 0 0
rthumb 42.6519 -389.067 0
164
root 6.6584 16.2667 -25.8041 1.18716 25.7246 -0.406569
lfemur -19.356 22.793 -9.72558
ltibia 35.6041 0 0
lfoot -7.22563 1.56151 0
ltoes 31.2059 0 0
rfemur -43.0497 -18.2021 6.517
rtibia 85.1207 0 0
rfoot 10.9421 -7.01201 0
rtoes 10.1583 0 0
lowerback 4.51252 -5.45763 -3.01507
upperback 1.15478 -7.45328 -1.76842
thorax -0.933277 -3.70481 0.362184
lowerneck -10.9298 -5.19041 -0.651595
upperneck 1.84053 -7.09112 5.15942
head 2.7012 -3.34379 1.37816
lclavicle -1.79073e-14 2.82787e-14 0
lhumerus -44.8464 -39.7677 106.824
lradius 50.2726 0 0
lwrist 13.359 0 0
lhand 34.2422 23.0817 0
lfingers 7.12502 0 0
lthumb 57.4473 39.0764 0
rclavicle -1.79073e-14 2.82787e-14 0
rhumerus -57.6847 -6.24367 -84.0638
rradius 100.358 0 0
rwrist -4.13369 0 0
rhand 17.0401 -5.72862 0
rfingers 7.12502 0 0
rthumb 41.6899 -389.767 0
165
root 6.60633 16.2622 -25.7757 1.4868 25.555 -0.288757
lfemur -19.4784 22.0432 -8.97788
ltibia 35.708 0 0
lfoot -7.09586 -0.356368 0
ltoes 30.3061 0 0
rfemur -40.7603 -17.0881 5.57683
rtibia 81.7798 0 0
rfoot 9.14293 -8.56755 0
rtoes 12.2931 0 0
lowerback 4.04075 -5.21882 -2.82167
upperback 1.06481 -7.11593 -2.00448
thorax -0.812032 -3.53711 -0.0321786
lowerneck -10.9131 -5.366 -0.517058
upperneck 1.87267 -7.34618 5.19976
head 2.70889 -3.46706 1.35243
lclavicle -9.96543e-15 2.88877e-14 0
lhumerus -45.4481 -39.9716 107.415
lradius 50.4408 0 0
lwrist 13.587 0 0
lhand 34.5549 23.5519 0
lfingers 7.12502 0 0
lthumb 57.7193 39.2959 0
rclavicle -9.96543e-15 2.88877e-14 0
rhumerus -57.9778 -4.46178 -85.6038
rradius 100.79 0 0
rwrist -3.66229 0 0
rhand 15.9739 -6.17839 0
rfingers 7.12502 0 0
rthumb 40.6847 -390.502 0
166
root 6.55289 16.257 -25.747 1.79183 25.3689 -0.166221
lfemur -19.5885 21.2726 -8.2173
ltibia 35.7993 0 0
lfoot -6.97943 -2.30318 0
ltoes 29.3991 0 0
rfemur -38.4447 -15.9638 4.6223
rtibia 78.3882 0 0
rfoot 7.30579 -10.1235 0
rtoes 14.4683 0 0
lowerback 3.56089 -4.97529 -2.62548
upperback 0.97347 -6.77204 -2.24615
thorax -0.688497 -3.36616 -0.43463
lowerneck -10.897 -5.54048 -0.377615
upperneck 1.90564 -7.60048 5.23928
head 2.71685 -3.5899 1.32562
lclavicle -1.81886e-15 2.94381e-14 0
lhumerus -46.0613 -40.1796 108.015
lradius 50.612 0 0
lwrist 13.8246 0 0
lhand 34.872 24.0303 0
lfingers 7.12502 0 0
lthumb 57.9949 39.52 0
rclavicle -1.81886e-15 2.94381e-14 0
rhumerus -58.2492 -2.65487 -87.124
rradius 101.207 0 0
rwrist -3.19299 0 0
rhand 14.873 -6.65114 0
rfingers 7.12502 0 0
rthumb 39.647 -391.271 0
167
root 6.49835 16.2512 -25.718 2.10007 25.1644 -0.0393828
lfemur -19.6813 20.4856 -7.4501
ltibia 35.8728 0 0
lfoot -6.88142 -4.26112 0
ltoes 28.4972 0 0
rfemur -36.124 -14.8407 3.66037
rtibia 74.9753 0 0
rfoot 5.44403 -11.6611 0
rtoes 16.6699 0 0
lowerback 3.07645 -4.72909 -2.42804
upperback 0.8814 -6.42446 -2.49181
thorax -0.56357 -3.19337 -0.842322
lowerneck -10.8818 -5.7113 -0.233652
upperneck 1.93942 -7.85049 5.27723
head 2.72509 -3.71059 1.29775
lclavicle 6.42634e-15 2.99171e-14 0
lhumerus -46.682 -40.3907 108.619
lradius 50.7851 0 0
lwrist 14.0714 0 0
lhand 35.1913 24.5138 0
lfingers 7.12502 0 0
lthumb 58.2724 39.747 0
rclavicle 6.42634e-15 2.99171e-14 0
rhumerus -58.4884 -0.839971 -88.598
rradius 101.599 0 0
rwrist -2.73475 0 0
rhand 13.7488 -7.14626 0
rfingers 7.12502 0 0
rthumb 38.5874 -392.069 0
168
root 6.44302 16.2445 -25.6889 2.40933 24.9398 0.0913368
lfemur -19.7517 19.687 -6.68257
ltibia 35.9231 0 0
lfoot -6.80686 -6.21238 0
ltoes 27.6131 0 0
rfemur -33.8195 -13.7301 2.698
rtibia 71.5701 0 0
rfoot 3.57104 -13.1616 0
rtoes 18.8839 0 0
lowerback 2.59096 -4.48225 -2.23085
upperback 0.789247 -6.07604 -2.73985
thorax -0.438149 -3.02017 -1.2524
lowerneck -10.8676 -5.87586 -0.0855555
upperneck 1.97399 -8.09272 5.31285
head 2.73364 -3.8274 1.26885
lclavicle 1.46641e-14 3.03118e-14 0
lhumerus -47.3059 -40.604 109.222
lradius 50.959 0 0
lwrist 14.3274 0 0
lhand 35.5103 24.9989 0
lfingers 7.12502 0 0
lthumb 58.5496 39.9754 0
rclavicle 1.46641e-14 3.03118e-14 0
rhumerus -58.6849 0.965882 -89.9991
rradius 101.957 0 0
rwrist -2.29651 0 0
rhand 12.6126 -7.6631 0
rfingers 7.12502 0 0
rthumb 37.5165 -392.892 0
169
root 6.38717 16.2368 -25.6602 2.71741 24.6932 0.225516
lfemur -19.7949 18.8812 -5.92096
ltibia 35.9449 0 0
lfoot -6.76081 -8.13914 0
ltoes 26.7591 0 0
rfemur -31.5523 -12.6433 1.74217
rtibia 68.202 0 0
rfoot 1.70023 -14.6063 0
rtoes 21.0962 0 0
lowerback 2.10793 -4.23679 -2.03545
upperback 0.697655 -5.72961 -2.98863
thorax -0.313132 -2.84796 -1.66203
lowerneck -10.8548 -6.03159 0.0662895
upperneck 2.0093 -8.32365 5.3454
head 2.74251 -3.93864 1.23897
lclavicle 2.27882e-14 3.06096e-14 0
lhumerus -47.9289 -40.8183 109.818
lradius 51.1327 0 0
lwrist 14.5923 0 0
lhand 35.8269 25.4823 0
lfingers 7.12502 0 0
lthumb 58.8247 40.2037 0
rclavicle 2.27882e-14 3.06096e-14 0
rhumerus -58.8284 2.74566 -91.3009
rradius 102.271 0 0
rwrist -1.88725 0 0
rhand 11.4755 -8.20103 0
rfingers 7.12502 0 0
rthumb 36.4449 -393.737 0
170
root 6.3311 16.2281 -25.6319 3.02214 24.423 0.362734
lfemur -19.8058 18.0729 -5.17155
ltibia 35.9328 0 0
lfoot -6.74833 -10.0236 0
ltoes 25.9478 0 0
rfemur -29.3435 -11.5918 0.79986
rtibia 64.9 0 0
rfoot -0.155002 -15.9763 0
rtoes 23.293 0 0
lowerback 1.63089 -3.99474 -1.84337
upperback 0.607269 -5.38803 -3.23655
thorax -0.189417 -2.67816 -2.06835
lowerneck -10.8438 -6.17591 0.221496
upperneck 2.04534 -8.53977 5.37412
head 2.75173 -4.04257 1.20813
lclavicle 3.06928e-14 3.07976e-14 0
lhumerus -48.5471 -41.0327 110.404
lradius 51.3051 0 0
lwrist 14.866 0 0
lhand 36.1389 25.9606 0
lfingers 7.12502 0 0
lthumb 59.0956 40.4304 0
rclavicle 3.06928e-14 3.07976e-14 0
rhumerus -58.9084 4.48235 -92.4768
rradius 102.53 0 0
rwrist -1.51592 0 0
rhand 10.3489 -8.75942 0
rfingers 7.12502 0 0
rthumb 35.383 -394.599 0
171
root 6.27509 16.2182 -25.6042 3.32132 24.1272 0.502569
lfemur -19.7796 17.2667 -4.4406
ltibia 35.8814 0 0
lfoot -6.77446 -11.8479 0
ltoes 25.1915 0 0
rfemur -27.2142 -10.5869 -0.121973
rtibia 61.6935 0 0
rfoot -1.98126 -17.253 0
rtoes 25.4601 0 0
lowerback 1.16337 -3.75814 -1.65613
upperback 0.518735 -5.05414 -3.48199
thorax -0.0679005 -2.5122 -2.46851
lowerneck -10.8347 -6.30623 0.379679
upperneck 2.08208 -8.73757 5.39825
head 2.76131 -4.13749 1.17635
lclavicle 3.82716e-14 3.08631e-14 0
lhumerus -49.1562 -41.2461 110.975
lradius 51.475 0 0
lwrist 15.1484 0 0
lhand 36.4439 26.4305 0
lfingers 7.12502 0 0
lthumb 59.3605 40.6538 0
rclavicle 3.82716e-14 3.08631e-14 0
rhumerus -58.9146 6.15891 -93.5003
rradius 102.726 0 0
rwrist -1.19147 0 0
rhand 9.24403 -9.33765 0
rfingers 7.12502 0 0
rthumb 34.3417 -395.476 0
172
root 6.21943 16.207 -25.5775 3.61276 23.804 0.644599
lfemur -19.7113 16.4671 -3.7344
ltibia 35.7856 0 0
lfoot -6.84425 -13.5944 0
ltoes 24.5027 0 0
rfemur -25.1857 -9.63991 -1.01635
rtibia 58.6116 0 0
rfoot -3.76515 -18.4175 0
rtoes 27.5836 0 0
lowerback 0.708878 -3.52902 -1.47524
upperback 0.432695 -4.73078 -3.72332
thorax 0.0505181 -2.35147 -2.85967
lowerneck -10.8279 -6.41999 0.54045
upperneck 2.11948 -8.91353 5.41704
head 2.77127 -4.22168 1.14368
lclavicle 4.54186e-14 3.07934e-14 0
lhumerus -49.7522 -41.4576 111.526
lradius 51.6416 0 0
lwrist 15.4392 0 0
lhand 36.7397 26.8885 0
lfingers 7.12502 0 0
lthumb 59.6173 40.8724 0
rclavicle 4.54186e-14 3.07934e-14 0
rhumerus -58.8365 7.75831 -94.3447
rradius 102.848 0 0
rwrist -0.922857 0 0
rhand 8.17207 -9.93506 0
rfingers 7.12502 0 0
rthumb 33.3313 -396.362 0
173
root 6.16442 16.1943 -25.552 3.89428 23.4518 0.788404
lfemur -19.5958 15.6788 -3.0592
ltibia 35.6398 0 0
lfoot -6.96276 -15.245 0
ltoes 23.894 0 0
rfemur -23.279 -8.7623 -1.87631
rtibia 55.6835 0 0
rfoot -5.49328 -19.4511 0
rtoes 29.6494 0 0
lowerback 0.270941 -3.30941 -1.30225
upperback 0.349796 -4.42081 -3.95893
thorax 0.164941 -2.19741 -3.23898
lowerneck -10.8237 -6.51459 0.703425
upperneck 2.15752 -9.06414 5.42974
head 2.78164 -4.29342 1.11014
lclavicle 5.20276e-14 3.05755e-14 0
lhumerus -50.3309 -41.666 112.052
lradius 51.8036 0 0
lwrist 15.7382 0 0
lhand 37.024 27.3313 0
lfingers 7.12502 0 0
lthumb 59.8641 41.0847 0
rclavicle 5.20276e-14 3.05755e-14 0
rhumerus -58.6638 9.26353 -94.9836
rradius 102.887 0 0
rwrist -0.71905 0 0
rhand 7.14432 -10.551 0
rfingers 7.12502 0 0
rthumb 32.3626 -397.255 0
174
root 6.11033 16.18 -25.5278 4.16369 23.0686 0.933561
lfemur -19.4283 14.9064 -2.42129
ltibia 35.4388 0 0
lfoot -7.13504 -16.7822 0
ltoes 23.3777 0 0
rfemur -21.5152 -7.9654 -2.69487
rtibia 52.9384 0 0
rfoot -7.15223 -20.3352 0
rtoes 31.6437 0 0
lowerback -0.14692 -3.10134 -1.13867
upperback 0.270682 -4.12706 -4.18719
thorax 0.274471 -2.05142 -3.60359
lowerneck -10.8223 -6.58746 0.868217
upperneck 2.19618 -9.1859 5.4356
head 2.79242 -4.35099 1.07577
lclavicle 5.79927e-14 3.01969e-14 0
lhumerus -50.8883 -41.8703 112.549
lradius 51.96 0 0
lwrist 16.0454 0 0
lhand 37.2945 27.7556 0
lfingers 7.12502 0 0
lthumb 60.0989 41.2892 0
rclavicle 5.79927e-14 3.01969e-14 0
rhumerus -58.3859 10.6575 -95.3904
rradius 102.833 0 0
rwrist -0.588999 0 0
rhand 6.17202 -11.185 0
rfingers 7.12502 0 0
rthumb 31.4461 -398.15 0
175
root 6.05746 16.1641 -25.5052 4.4188 22.6527 1.07965
lfemur -19.2037 14.1544 -1.82692
ltibia 35.1773 0 0
lfoot -7.36614 -18.188 0
ltoes 22.9662 0 0
rfemur -19.9157 -7.26058 -3.46507
rtibia 50.4055 0 0
rfoot -8.72863 -21.0508 0
rtoes 33.5523 0 0
lowerback -0.541183 -2.90683 -0.986023
upperback 0.195997 -3.85238 -4.4065
thorax 0.37821 -1.91492 -3.95064
lowerneck -10.8241 -6.63602 1.03444
upperneck 2.23542 -9.27528 5.43386
head 2.80364 -4.39269 1.0406
lclavicle 6.32077e-14 2.96447e-14 0
lhumerus -51.4202 -42.0696 113.012
lradius 52.1098 0 0
lwrist 16.3606 0 0
lhand 37.5491 28.158 0
lfingers 7.12502 0 0
lthumb 60.3197 41.4843 0
rclavicle 6.32077e-14 2.96447e-14 0
rhumerus -57.9926 11.9233 -95.5385
rradius 102.675 0 0
rwrist -0.541662 0 0
rhand 5.26644 -11.8362 0
rfingers 7.12502 0 0
rthumb 30.5924 -399.044 0
176
root 6.00609 16.1463 -25.4845 4.65742 22.2023 1.22625
lfemur -18.9172 13.4274 -1.28238
ltibia 34.8498 0 0
lfoot -7.66111 -19.4446 0
ltoes 22.6722 0 0
rfemur -18.5014 -6.65921 -4.17994
rtibia 48.1141 0 0
rfoot -10.2091 -21.5792 0
rtoes 35.3613 0 0
lowerback -0.908327 -2.72793 -0.845843
upperback 0.126387 -3.59962 -4.61522
thorax 0.47526 -1.78934 -4.2773
lowerneck -10.8293 -6.65769 1.20171
upperneck 2.27522 -9.32879 5.42377
head 2.81532 -4.41678 1.00465
lclavicle 6.75665e-14 2.89061e-14 0
lhumerus -51.9225 -42.2627 113.436
lradius 52.2519 0 0
lwrist 16.6835 0 0
lhand 37.7854 28.5351 0
lfingers 7.12502 0 0
lthumb 60.5246 41.6684 0
rclavicle 6.75665e-14 2.89061e-14 0
rhumerus -57.4733 13.0438 -95.4014
rradius 102.405 0 0
rwrist -0.585998 0 0
rhand 4.43882 -12.5041 0
rfingers 7.12502 0 0
rthumb 29.8121 -399.932 0
177
root 5.95652 16.1266 -25.4659 4.87736 21.7155 1.37294
lfemur -18.5637 12.73 -0.793921
ltibia 34.4511 0 0
lfoot -8.025 -20.5342 0
ltoes 22.508 0 0
rfemur -17.2936 -6.17266 -4.83249
rtibia 46.0933 0 0
rfoot -11.5801 -21.9018 0
rtoes 37.0566 0 0
lowerback -1.24483 -2.56666 -0.719652
upperback 0.0624948 -3.37162 -4.81174
thorax 0.564723 -1.67607 -4.58071
lowerneck -10.8383 -6.64989 1.36964
upperneck 2.31554 -9.3429 5.40457
head 2.82748 -4.42157 0.967972
lclavicle 7.0963e-14 2.79683e-14 0
lhumerus -52.3912 -42.4487 113.816
lradius 52.3852 0 0
lwrist 17.0141 0 0
lhand 38.0011 28.8836 0
lfingers 7.12502 0 0
lthumb 60.7116 41.84 0
rclavicle 7.0963e-14 2.79683e-14 0
rhumerus -56.8177 14.0021 -94.9525
rradius 102.012 0 0
rwrist -0.730963 0 0
rhand 3.70041 -13.188 0
rfingers 7.12502 0 0
rthumb 29.1157 -400.812 0
178
root 5.90902 16.1048 -25.4495 5.07644 21.1907 1.51929
lfemur -18.1383 12.0669 -0.367828
ltibia 33.9759 0 0
lfoot -8.46286 -21.439 0
ltoes 22.4861 0 0
rfemur -16.3133 -5.81229 -5.41577
rtibia 44.3723 0 0
rfoot -12.8284 -21.9996 0
rtoes 38.6244 0 0
lowerback -1.54717 -2.42505 -0.608974
upperback 0.00496644 -3.17122 -4.99444
thorax 0.645701 -1.57654 -4.85802
lowerneck -10.8512 -6.61004 1.53783
upperneck 2.35636 -9.31411 5.37552
head 2.84013 -4.40532 0.930581
lclavicle 7.32912e-14 2.68187e-14 0
lhumerus -52.822 -42.6266 114.149
lradius 52.5087 0 0
lwrist 17.352 0 0
lhand 38.1941 29.2 0
lfingers 7.12502 0 0
lthumb 60.8787 41.9975 0
rclavicle 7.32912e-14 2.68187e-14 0
rhumerus -56.0153 14.7809 -94.1653
rradius 101.487 0 0
rwrist -0.985514 0 0
rhand 3.06248 -13.8873 0
rfingers 7.12502 0 0
rthumb 28.514 -401.679 0
179
root 5.8639 16.0808 -25.4357 5.25247 20.626 1.66489
lfemur -17.6361 11.4426 -0.0103658
ltibia 33.4187 0 0
lfoot -8.97975 -22.1413 0
ltoes 22.6189 0 0
rfemur -15.5818 -5.58949 -5.9228
rtibia 42.9804 0 0
rfoot -13.9406 -21.8541 0
rtoes 40.0505 0 0
lowerback -1.81182 -2.30514 -0.515334
upperback -0.0455538 -3.00128 -5.16171
thorax 0.717296 -1.49217 -5.10638
lowerneck -10.8685 -6.53556 1.70592
upperneck 2.39766 -9.2389 5.33585
head 2.8533 -4.36633 0.892514
lclavicle 7.44449e-14 2.54444e-14 0
lhumerus -53.211 -42.7952 114.428
lradius 52.6212 0 0
lwrist 17.6973 0 0
lhand 38.362 29.4811 0
lfingers 7.12502 0 0
lthumb 61.024 42.1395 0
rclavicle 7.44449e-14 2.54444e-14 0
rhumerus -55.0558 15.3635 -93.0133
rradius 100.819 0 0
rwrist -1.35861 0 0
rhand 2.53628 -14.6014 0
rfingers 7.12502 0 0
rthumb 28.0174 -402.53 0
180
root 5.81775 16.0524 -25.4236 5.41636 19.9665 1.82255
lfemur -17.0025 10.8096 0.298474
ltibia 32.7211 0 0
lfoot -9.63107 -22.674 0
ltoes 22.9368 0 0
rfemur -15.0744 -5.50475 -6.38425
rtibia 41.847 0 0
rfoot -14.9918 -21.4155 0
rtoes 41.431 0 0
lowerback -2.05628 -2.20005 -0.433472
upperback -0.0918404 -2.852 -5.32581
thorax 0.784965 -1.41808 -5.34293
lowerneck -10.893 -6.4148 1.88774
upperneck 2.44254 -9.10376 5.28098
head 2.86816 -4.29778 0.850638
lclavicle 7.44011e-14 2.36382e-14 0
lhumerus -53.5829 -42.9661 114.667
lradius 52.7304 0 0
lwrist 18.0834 0 0
lhand 38.5132 29.7475 0
lfingers 7.12502 0 0
lthumb 61.1547 42.2797 0
rclavicle 7.44011e-14 2.36382e-14 0
rhumerus -53.8373 15.8037 -91.34
rradius 99.9364 0 0
rwrist -1.90167 0 0
rhand 2.12383 -15.371 0
rfingers 7.12502 0 0
rthumb 27.6287 -403.258 0
181
root 5.77092 16.0197 -25.4131 5.56675 19.2157 1.99182
lfemur -16.2416 10.171 0.557275
ltibia 31.8891 0 0
lfoot -10.4121 -23.0387 0
ltoes 23.4328 0 0
rfemur -14.793 -5.55673 -6.79676
rtibia 40.9753 0 0
rfoot -15.9778 -20.6873 0
rtoes 42.7546 0 0
lowerback -2.27979 -2.11028 -0.363928
upperback -0.133244 -2.72407 -5.48621
thorax 0.848998 -1.3546 -5.56673
lowerneck -10.9251 -6.24864 2.08184
upperneck 2.49033 -8.90969 5.2116
head 2.8846 -4.20018 0.805377
lclavicle 7.32274e-14 2.13632e-14 0
lhumerus -53.9341 -43.137 114.863
lradius 52.8352 0 0
lwrist 18.5104 0 0
lhand 38.6452 29.9997 0
lfingers 7.12502 0 0
lthumb 61.2686 42.4206 0
rclavicle 7.32274e-14 2.13632e-14 0
rhumerus -52.371 16.1284 -89.1551
rradius 98.8497 0 0
rwrist -2.61166 0 0
rhand 1.84995 -16.1732 0
rfingers 7.12502 0 0
rthumb 27.3722 -403.714 0
182
root 5.72355 15.9833 -25.4043 5.7044 18.3828 2.17133
lfemur -15.3656 9.52888 0.769502
ltibia 30.9353 0 0
lfoot -11.3106 -23.2477 0
ltoes 24.0911 0 0
rfemur -14.7201 -5.73436 -7.1632
rtibia 40.3465 0 0
rfoot -16.9015 -19.6945 0
rtoes 44.0228 0 0
lowerback -2.48336 -2.03474 -0.305895
upperback -0.17009 -2.61601 -5.64278
thorax 0.909435 -1.301 -5.77822
lowerneck -10.9641 -6.04117 2.28681
upperneck 2.54068 -8.66196 5.12903
head 2.90244 -4.07613 0.757092
lclavicle 7.10226e-14 1.86675e-14 0
lhumerus -54.2656 -43.3075 115.019
lradius 52.9358 0 0
lwrist 18.9735 0 0
lhand 38.7592 30.2377 0
lfingers 7.12502 0 0
lthumb 61.3669 42.5614 0
rclavicle 7.10226e-14 1.86675e-14 0
rhumerus -50.6803 16.3423 -86.5061
rradius 97.5776 0 0
rwrist -3.47268 0 0
rhand 1.69925 -17.0063 0
rfingers 7.12502 0 0
rthumb 27.233 -403.94 0
183
root 5.67582 15.9435 -25.3969 5.83007 17.477 2.35969
lfemur -14.3867 8.88502 0.93862
ltibia 29.8729 0 0
lfoot -12.3141 -23.3138 0
ltoes 24.8961 0 0
rfemur -14.8383 -6.02664 -7.48641
rtibia 39.9416 0 0
rfoot -17.7656 -18.4624 0
rtoes 45.2369 0 0
lowerback -2.668 -1.97237 -0.258562
upperback -0.202704 -2.52635 -5.79542
thorax 0.966315 -1.25653 -5.97785
lowerneck -11.0093 -5.79651 2.50123
upperneck 2.59328 -8.36584 5.03456
head 2.92151 -3.92823 0.706145
lclavicle 6.78857e-14 1.55995e-14 0
lhumerus -54.5783 -43.4773 115.138
lradius 53.0323 0 0
lwrist 19.4682 0 0
lhand 38.8568 30.4619 0
lfingers 7.12502 0 0
lthumb 61.4508 42.7011 0
rclavicle 6.78857e-14 1.55995e-14 0
rhumerus -48.7887 16.4502 -83.4406
rradius 96.1386 0 0
rwrist -4.46879 0 0
rhand 1.65631 -17.8686 0
rfingers 7.12502 0 0
rthumb 27.1964 -403.98 0
184
root 5.62788 15.9007 -25.3909 5.94452 16.5077 2.5555
lfemur -13.3172 8.24139 1.06809
ltibia 28.7146 0 0
lfoot -13.4104 -23.2491 0
ltoes 25.8322 0 0
rfemur -15.1301 -6.4225 -7.76926
rtibia 39.7418 0 0
rfoot -18.573 -17.0161 0
rtoes 46.3984 0 0
lowerback -2.83474 -1.92208 -0.221123
upperback -0.231409 -2.45359 -5.94401
thorax 1.01968 -1.22047 -6.16605
lowerneck -11.0598 -5.51875 2.72367
upperneck 2.64779 -8.02661 4.9295
head 2.94163 -3.75909 0.652897
lclavicle 6.39158e-14 1.22073e-14 0
lhumerus -54.8731 -43.6462 115.223
lradius 53.1247 0 0
lwrist 19.9894 0 0
lhand 38.9391 30.6724 0
lfingers 7.12502 0 0
lthumb 61.5214 42.839 0
rclavicle 6.39158e-14 1.22073e-14 0
rhumerus -46.7195 16.4567 -80.0059
rradius 94.5514 0 0
rwrist -5.58408 0 0
rhand 1.70573 -18.7582 0
rfingers 7.12502 0 0
rthumb 27.2476 -403.875 0
185
root 5.5799 15.8554 -25.3862 6.04852 15.4839 2.7574
lfemur -12.1693 7.5999 1.16139
ltibia 27.4735 0 0
lfoot -14.5871 -23.0664 0
ltoes 26.8835 0 0
rfemur -15.5781 -6.91092 -8.01461
rtibia 39.728 0 0
rfoot -19.3267 -15.3806 0
rtoes 47.5087 0 0
lowerback -2.98458 -1.88281 -0.192769
upperback -0.25653 -2.39625 -6.08843
thorax 1.06956 -1.19209 -6.34327
lowerneck -11.1148 -5.212 2.95272
upperneck 2.70391 -7.64955 4.81515
head 2.96263 -3.57132 0.597708
lclavicle 5.92117e-14 8.53926e-15 0
lhumerus -55.1511 -43.8137 115.278
lradius 53.2131 0 0
lwrist 20.5326 0 0
lhand 39.0078 30.8695 0
lfingers 7.12502 0 0
lthumb 61.58 42.9741 0
rclavicle 5.92117e-14 8.53926e-15 0
rhumerus -44.4962 16.3667 -76.2497
rradius 92.8344 0 0
rwrist -6.80263 0 0
rhand 1.83212 -19.6735 0
rfingers 7.12502 0 0
rthumb 27.372 -403.668 0
186
root 5.53203 15.8079 -25.3827 6.14283 14.4149 2.964
lfemur -10.9551 6.96247 1.22198
ltibia 26.1623 0 0
lfoot -15.8319 -22.778 0
ltoes 28.0346 0 0
rfemur -16.1648 -7.48086 -8.22529
rtibia 39.8815 0 0
rfoot -20.0295 -13.5812 0
rtoes 48.5691 0 0
lowerback -3.11855 -1.85347 -0.17269
upperback -0.278393 -2.35286 -6.22857
thorax 1.11601 -1.17063 -6.50995
lowerneck -11.1736 -4.88037 3.18695
upperneck 2.76129 -7.23992 4.69282
head 2.98433 -3.36752 0.540941
lclavicle 5.38726e-14 4.64349e-15 0
lhumerus -55.4132 -43.9795 115.305
lradius 53.2976 0 0
lwrist 21.0929 0 0
lhand 39.0641 31.0533 0
lfingers 7.12502 0 0
lthumb 61.6279 43.1054 0
rclavicle 5.38726e-14 4.64349e-15 0
rhumerus -42.1421 16.1847 -72.2195
rradius 91.0062 0 0
rwrist -8.10851 0 0
rhand 2.02005 -20.6126 0
rfingers 7.12502 0 0
rthumb 27.5547 -403.401 0
187
root 5.48444 15.7588 -25.3802 6.22821 13.3101 3.17391
lfemur -9.68685 6.33101 1.25331
ltibia 24.794 0 0
lfoot -17.1324 -22.3965 0
ltoes 29.2696 0 0
rfemur -16.8728 -8.12128 -8.40419
rtibia 40.1832 0 0
rfoot -20.6842 -11.6429 0
rtoes 49.5811 0 0
lowerback -3.23764 -1.83299 -0.160079
upperback -0.297322 -2.32193 -6.36432
thorax 1.15905 -1.15538 -6.66654
lowerneck -11.2355 -4.52796 3.42496
upperneck 2.81961 -6.80301 4.56381
head 3.00657 -3.1503 0.482956
lclavicle 4.79972e-14 5.68271e-16 0
lhumerus -55.6604 -44.1435 115.309
lradius 53.3784 0 0
lwrist 21.6656 0 0
lhand 39.1094 31.2242 0
lfingers 7.12502 0 0
lthumb 61.6662 43.2322 0
rclavicle 4.79972e-14 5.68271e-16 0
rhumerus -39.6807 15.9156 -67.9626
rradius 89.0856 0 0
rwrist -9.48582 0 0
rhand 2.25413 -21.5738 0
rfingers 7.12502 0 0
rthumb 27.7811 -403.117 0
188
root 5.43728 15.7083 -25.3787 6.30542 12.1786 3.38575
lfemur -8.37682 5.70745 1.25887
ltibia 23.3815 0 0
lfoot -18.4764 -21.9342 0
ltoes 30.5729 0 0
rfemur -17.6847 -8.82115 -8.55414
rtibia 40.6144 0 0
rfoot -21.2938 -9.59095 0
rtoes 50.5461 0 0
lowerback -3.34288 -1.82029 -0.154126
upperback -0.313643 -2.30197 -6.49556
thorax 1.19874 -1.14559 -6.81346
lowerneck -11.2995 -4.15887 3.6653
upperneck 2.87856 -6.34407 4.42941
head 3.02917 -2.92227 0.424114
lclavicle 4.16846e-14 -3.63818e-15 0
lhumerus -55.8935 -44.3051 115.292
lradius 53.4554 0 0
lwrist 22.2459 0 0
lhand 39.1452 31.3822 0
lfingers 7.12502 0 0
lthumb 61.6961 43.3535 0
rclavicle 4.16846e-14 -3.63818e-15 0
rhumerus -37.1353 15.5641 -63.5267
rradius 87.091 0 0
rwrist -10.9186 0 0
rhand 2.51896 -22.5553 0
rfingers 7.12502 0 0
rthumb 28.0363 -402.858 0
189
root 5.39072 15.6569 -25.3781 6.37523 11.0296 3.59813
lfemur -7.03718 5.09371 1.24211
ltibia 21.9376 0 0
lfoot -19.8515 -21.4038 0
ltoes 31.9288 0 0
rfemur -18.583 -9.56942 -8.67801
rtibia 41.156 0 0
rfoot -21.861 -7.45038 0
rtoes 51.4655 0 0
lowerback -3.43529 -1.8143 -0.154024
upperback -0.327679 -2.29151 -6.62218
thorax 1.23511 -1.14053 -6.95117
lowerneck -11.365 -3.77721 3.90658
upperneck 2.9378 -5.86839 4.29095
head 3.05195 -2.68602 0.364777
lclavicle 3.50339e-14 -7.92763e-15 0
lhumerus -56.1136 -44.4641 115.257
lradius 53.5287 0 0
lwrist 22.8291 0 0
lhand 39.1728 31.5276 0
lfingers 7.12502 0 0
lthumb 61.7188 43.4684 0
rclavicle 3.50339e-14 -7.92763e-15 0
rhumerus -34.5293 15.1348 -58.9592
rradius 85.041 0 0
rwrist -12.391 0 0
rhand 2.79912 -23.5553 0
rfingers 7.12502 0 0
rthumb 28.3057 -402.666 0
190
root 5.34492 15.6051 -25.3782 6.43838 9.87244 3.80968
lfemur -5.68015 4.4917 1.2065
ltibia 20.4754 0 0
lfoot -21.2453 -20.8176 0
ltoes 33.3217 0 0
rfemur -19.5501 -10.3551 -8.77865
rtibia 41.7892 0 0
rfoot -22.3888 -5.24636 0
rtoes 52.3406 0 0
lowerback -3.51587 -1.81394 -0.158964
upperback -0.339756 -2.28906 -6.74407
thorax 1.26819 -1.13947 -7.08011
lowerneck -11.4311 -3.38708 4.14736
upperneck 2.99701 -5.38125 4.14971
head 3.07474 -2.44416 0.305306
lclavicle 2.81438e-14 -1.22518e-14 0
lhumerus -56.3217 -44.6202 115.209
lradius 53.5985 0 0
lwrist 23.4104 0 0
lhand 39.1936 31.6607 0
lfingers 7.12502 0 0
lthumb 61.7356 43.576 0
rclavicle 2.81438e-14 -1.22518e-14 0
rhumerus -31.8862 14.6326 -54.3076
rradius 82.9542 0 0
rwrist -13.887 0 0
rhand 3.07922 -24.5721 0
rfingers 7.12502 0 0
rthumb 28.5744 -402.585 0
191
root 5.30004 15.5532 -25.379 6.49566 8.71632 4.01901
lfemur -4.31793 3.90333 1.1555
ltibia 19.0077 0 0
lfoot -22.6457 -20.1882 0
ltoes 34.7359 0 0
rfemur -20.5688 -11.167 -8.85893
rtibia 42.495 0 0
rfoot -22.88 -3.00403 0
rtoes 53.1729 0 0
lowerback -3.58563 -1.81813 -0.168137
upperback -0.350198 -2.29314 -6.86111
thorax 1.29804 -1.14167 -7.20072
lowerneck -11.4972 -2.99259 4.38622
upperneck 3.05586 -4.8879 4.00701
head 3.09736 -2.1993 0.246062
lclavicle 2.11135e-14 -1.65626e-14 0
lhumerus -56.5186 -44.773 115.149
lradius 53.6649 0 0
lwrist 23.985 0 0
lhand 39.209 31.7816 0
lfingers 7.12502 0 0
lthumb 61.7476 43.6754 0
rclavicle 2.11135e-14 -1.65626e-14 0
rhumerus -29.2293 14.0621 -49.6194
rradius 80.8492 0 0
rwrist -15.3908 0 0
rhand 3.34384 -25.604 0
rfingers 7.12502 0 0
rthumb 28.8278 -402.656 0
192
root 5.25624 15.5016 -25.3803 6.54781 7.57047 4.22473
lfemur -2.96273 3.33054 1.09258
ltibia 17.5474 0 0
lfoot -24.0401 -19.528 0
ltoes 36.1557 0 0
rfemur -21.6216 -11.9943 -8.92169
rtibia 43.2545 0 0
rfoot -23.3375 -0.748508 0
rtoes 53.9638 0 0
lowerback -3.64561 -1.82581 -0.180735
upperback -0.359331 -2.30227 -6.97318
thorax 1.32468 -1.14639 -7.31343
lowerneck -11.5623 -2.59784 4.62176
upperneck 3.11403 -4.39364 3.86414
head 3.11965 -1.95405 0.187405
lclavicle 1.40419e-14 -2.08116e-14 0
lhumerus -56.7054 -44.9223 115.082
lradius 53.7279 0 0
lwrist 24.5482 0 0
lhand 39.2204 31.8906 0
lfingers 7.12502 0 0
lthumb 61.7561 43.7658 0
rclavicle 1.40419e-14 -2.08116e-14 0
rhumerus -26.5821 13.4281 -44.9422
rradius 78.7446 0 0
rwrist -16.8864 0 0
rhand 3.57759 -26.6491 0
rfingers 7.12502 0 0
rthumb 29.051 -402.922 0
193
root 5.21368 15.4508 -25.3821 6.5956 6.44414 4.42546
lfemur -1.62676 2.77523 1.02121
ltibia 16.1075 0 0
lfoot -25.4163 -18.8495 0
ltoes 37.5654 0 0
rfemur -22.6909 -12.8258 -8.96979
rtibia 44.0489 0 0
rfoot -23.7642 1.49507 0
rtoes 54.7146 0 0
lowerback -3.6968 -1.83589 -0.195949
upperback -0.367479 -2.31496 -7.08017
thorax 1.34817 -1.1529 -7.4187
lowerneck -11.6258 -2.20694 4.85253
upperneck 3.17119 -3.90372 3.72241
head 3.14142 -1.71101 0.129698
lclavicle 7.02793e-15 -2.49508e-14 0
lhumerus -56.883 -45.0677 115.011
lradius 53.7875 0 0
lwrist 25.0952 0 0
lhand 39.2292 31.9879 0
lfingers 7.12502 0 0
lthumb 61.7623 43.8462 0
rclavicle 7.02793e-15 -2.49508e-14 0
rhumerus -23.9679 12.7352 -40.3233
rradius 76.6589 0 0
rwrist -18.3579 0 0
rhand 3.76506 -27.7057 0
rfingers 7.12502 0 0
rthumb 29.2294 -403.425 0
194
root 5.17252 15.4012 -25.3843 6.6398 5.34655 4.61981
lfemur -0.322242 2.23933 0.944848
ltibia 14.7007 0 0
lfoot -26.7621 -18.1652 0
ltoes 38.9493 0 0
rfemur -23.7593 -13.6506 -9.00609
rtibia 44.8592 0 0
rfoot -24.1628 3.70157 0
rtoes 55.4269 0 0
lowerback -3.74022 -1.8473 -0.212972
upperback -0.374966 -2.32973 -7.18198
thorax 1.36853 -1.16046 -7.51696
lowerneck -11.6868 -1.82399 5.07714
upperneck 3.22702 -3.42343 3.58312
head 3.16251 -1.47279 0.0733019
lclavicle 1.70594e-16 -2.89318e-14 0
lhumerus -57.0523 -45.2088 114.938
lradius 53.844 0 0
lwrist 25.6212 0 0
lhand 39.2367 32.0737 0
lfingers 7.12502 0 0
lthumb 61.7673 43.9158 0
rclavicle 1.70594e-16 -2.89318e-14 0
rhumerus -21.4102 11.9883 -35.8104
rradius 74.6108 0 0
rwrist -19.7893 0 0
rhand 3.89084 -28.772 0
rfingers 7.12502 0 0
rthumb 29.3482 -404.207 0
195
root 5.13292 15.3532 -25.3866 6.68116 4.28696 4.80641
lfemur 0.938627 1.72475 0.866963
ltibia 13.3401 0 0
lfoot -28.0649 -17.4876 0
ltoes 40.2918 0 0
rfemur -24.8095 -14.4575 -9.03345
rtibia 45.6665 0 0
rfoot -24.5364 5.84586 0
rtoes 56.1019 0 0
lowerback -3.77689 -1.85897 -0.230993
upperback -0.382119 -2.34511 -7.27848
thorax 1.3858 -1.16834 -7.60866
lowerneck -11.7446 -1.4531 5.29415
upperneck 3.28119 -2.95804 3.44758
head 3.18274 -1.24199 0.018577
lclavicle -6.43113e-15 -3.27064e-14 0
lhumerus -57.2144 -45.3455 114.868
lradius 53.8973 0 0
lwrist 26.1216 0 0
lhand 39.2444 32.1481 0
lfingers 7.12502 0 0
lthumb 61.7724 43.9736 0
rclavicle -6.43113e-15 -3.27064e-14 0
rhumerus -18.9323 11.1919 -31.4508
rradius 72.6188 0 0
rwrist -21.1648 0 0
rhand 3.93953 -29.8462 0
rfingers 7.12502 0 0
rthumb 29.3926 -405.312 0
196
root 5.09504 15.3072 -25.3892 6.72044 3.27459 4.98387
lfemur 2.14363 1.23341 0.791019
ltibia 12.0385 0 0
lfoot -29.3126 -16.8291 0
ltoes 41.5772 0 0
rfemur -25.8239 -15.2356 -9.05472
rtibia 46.4518 0 0
rfoot -24.8877 7.90281 0
rtoes 56.7411 0 0
lowerback -3.80782 -1.86981 -0.249205
upperback -0.389261 -2.3596 -7.36955
thorax 1.40004 -1.17581 -7.69423
lowerneck -11.7983 -1.09836 5.50214
upperneck 3.33338 -2.51282 3.31709
head 3.20194 -1.02121 -0.0341151
lclavicle -1.26783e-14 -3.62264e-14 0
lhumerus -57.3701 -45.4772 114.803
lradius 53.9476 0 0
lwrist 26.5915 0 0
lhand 39.2536 32.2115 0
lfingers 7.12502 0 0
lthumb 61.7788 44.0187 0
rclavicle -1.26783e-14 -3.62264e-14 0
rhumerus -16.5577 10.351 -27.2922
rradius 70.7016 0 0
rwrist -22.4685 0 0
rhand 3.89572 -30.9267 0
rfingers 7.12502 0 0
rthumb 29.348 -406.781 0
197
root 5.05905 15.2637 -25.3917 6.75841 2.31868 5.15081
lfemur 3.28057 0.767232 0.720482
ltibia 10.8088 0 0
lfoot -30.4927 -16.2022 0
ltoes 42.7898 0 0
rfemur -26.7851 -15.9738 -9.07276
rtibia 47.1964 0 0
rfoot -25.2196 9.84729 0
rtoes 57.3459 0 0
lowerback -3.83402 -1.87875 -0.266799
upperback -0.396717 -2.37173 -7.4551
thorax 1.41127 -1.18212 -7.77413
lowerneck -11.8473 -0.76389 5.6997
upperneck 3.38326 -2.09304 3.19295
head 3.21993 -0.813068 -0.0844133
lclavicle -1.84719e-14 -3.94435e-14 0
lhumerus -57.5205 -45.6038 114.747
lradius 53.9949 0 0
lwrist 27.0261 0 0
lhand 39.2658 32.2641 0
lfingers 7.12502 0 0
lthumb 61.7877 44.0504 0
rclavicle -1.84719e-14 -3.94435e-14 0
rhumerus -14.3097 9.47006 -23.382
rradius 68.8776 0 0
rwrist -23.6844 0 0
rhand 3.74401 -32.0116 0
rfingers 7.12502 0 0
rthumb 29.1995 -408.657 0
198
root 5.02511 15.2229 -25.3942 6.79583 1.42848 5.30584
lfemur 4.33722 0.328132 0.658817
ltibia 9.66395 0 0
lfoot -31.593 -15.6195 0
ltoes 43.9139 0 0
rfemur -27.6757 -16.661 -9.09042
rtibia 47.8812 0 0
rfoot -25.535 11.6542 0
rtoes 57.9177 0 0
lowerback -3.85651 -1.88472 -0.282967
upperback -0.404812 -2.38 -7.53499
thorax 1.41953 -1.18655 -7.84878
lowerneck -11.8907 -0.453788 5.88541
upperneck 3.4305 -1.70399 3.07647
head 3.23654 -0.620164 -0.131956
lclavicle -2.3713e-14 -4.23096e-14 0
lhumerus -57.6664 -45.7249 114.702
lradius 54.0394 0 0
lwrist 27.4208 0 0
lhand 39.2823 32.306 0
lfingers 7.12502 0 0
lthumb 61.8004 44.0676 0
rclavicle -2.3713e-14 -4.23096e-14 0
rhumerus -12.2117 8.55397 -19.7677
rradius 67.1655 0 0
rwrist -24.7965 0 0
rhand 3.469 -33.0991 0
rfingers 7.12502 0 0
rthumb 28.9323 -410.982 0
199
root 4.99337 15.1854 -25.3965 6.83346 0.613215 5.44758
lfemur 5.30138 -0.0819732 0.609489
ltibia 8.61684 0 0
lfoot -32.6012 -15.0933 0
ltoes 44.9339 0 0
rfemur -28.4782 -17.2863 -9.11057
rtibia 48.4874 0 0
rfoot -25.8367 13.2983 0
rtoes 58.4579 0 0
lowerback -3.87631 -1.88664 -0.296901
upperback -0.413872 -2.38295 -7.60913
thorax 1.42487 -1.18836 -7.91863
lowerneck -11.9277 -0.172159 6.05784
upperneck 3.47479 -1.35092 2.96894
head 3.25159 -0.445104 -0.176383
lclavicle -2.83026e-14 -4.47764e-14 0
lhumerus -57.8089 -45.8401 114.673
lradius 54.081 0 0
lwrist 27.7707 0 0
lhand 39.3045 32.3374 0
lfingers 7.12502 0 0
lthumb 61.8179 44.0695 0
rclavicle -2.83026e-14 -4.47764e-14 0
rhumerus -10.2872 7.60739 -16.4968
rradius 65.5838 0 0
rwrist -25.789 0 0
rhand 3.05528 -34.1875 0
rfingers 7.12502 0 0
rthumb 28.5319 -413.799 0
200
root 4.964 15.1516 -25.3986 6.87206 -0.117874 5.57464
lfemur 6.16084 -0.461164 0.575965
ltibia 7.68037 0 0
lfoot -33.5048 -14.6362 0
ltoes 45.8341 0 0
rfemur -29.1751 -17.8386 -9.13605
rtibia 48.996 0 0
rfoot -26.1277 14.7546 0
rtoes 58.9679 0 0
lowerback -3.89442 -1.88343 -0.30779
upperback -0.42422 -2.37909 -7.67738
thorax 1.42733 -1.18681 -7.98413
lowerneck -11.9577 0.0768914 6.21557
upperneck 3.51579 -1.03912 2.87168
head 3.26491 -0.290493 -0.217332
lclavicle -3.21417e-14 -4.67956e-14 0
lhumerus -57.949 -45.9492 114.663
lradius 54.12 0 0
lwrist 28.0711 0 0
lhand 39.3339 32.3587 0
lfingers 7.12502 0 0
lthumb 61.8416 44.0551 0
rclavicle -3.21417e-14 -4.67956e-14 0
rhumerus -8.5596 6.63506 -13.6168
rradius 64.1512 0 0
rwrist -26.646 0 0
rhand 2.48744 -35.2751 0
rfingers 7.12502 0 0
rthumb 27.9833 -417.151 0
201
root 4.93715 15.1219 -25.4002 6.9124 -0.755548 5.68564
lfemur 6.90338 -0.807522 0.561708
ltibia 6.86745 0 0
lfoot -34.2916 -14.2606 0
ltoes 46.5988 0 0
rfemur -29.749 -18.3068 -9.16973
rtibia 49.3881 0 0
rfoot -26.4107 15.9979 0
rtoes 59.449 0 0
lowerback -3.91186 -1.87402 -0.314828
upperback -0.436182 -2.36693 -7.73965
thorax 1.42694 -1.18117 -8.04572
lowerneck -11.9797 0.28926 6.35719
upperneck 3.55318 -0.773862 2.78599
head 3.27633 -0.158937 -0.254443
lclavicle -3.51314e-14 -4.83191e-14 0
lhumerus -58.0875 -46.0519 114.674
lradius 54.1564 0 0
lwrist 28.3172 0 0
lhand 39.3717 32.3699 0
lfingers 7.12502 0 0
lthumb 61.8726 44.0237 0
rclavicle -3.51314e-14 -4.83191e-14 0
rhumerus -7.05222 5.6417 -11.1752
rradius 62.8863 0 0
rwrist -27.3516 0 0
rhand 1.75008 -36.36 0
rfingers 7.12502 0 0
rthumb 27.272 -421.078 0
202
root 4.91299 15.0966 -25.4014 6.95523 -1.29057 5.7792
lfemur 7.51681 -1.11913 0.570186
ltibia 6.19098 0 0
lfoot -34.9493 -13.9791 0
ltoes 47.2123 0 0
rfemur -30.1825 -18.68 -9.21446
rtibia 49.6449 0 0
rfoot -26.6887 17.003 0
rtoes 59.9028 0 0
lowerback -3.92965 -1.85733 -0.317206
upperback -0.450082 -2.34499 -7.79581
thorax 1.42374 -1.1707 -8.10383
lowerneck -11.993 0.460842 6.48128
upperneck 3.58664 -0.560415 2.71316
head 3.28567 -0.0530421 -0.287354
lclavicle -3.71727e-14 -4.92986e-14 0
lhumerus -58.2254 -46.1477 114.71
lradius 54.1902 0 0
lwrist 28.5043 0 0
lhand 39.4194 32.3714 0
lfingers 7.12502 0 0
lthumb 61.9122 43.9742 0
rclavicle -3.71727e-14 -4.92986e-14 0
rhumerus -5.78849 4.63203 -9.21953
rradius 61.8075 0 0
rwrist -27.8897 0 0
rhand 0.827793 -37.4405 0
rfingers 7.12502 0 0
rthumb 26.383 -425.625 0
203
root 4.83929 15.0229 -25.4094 7.10689 -2.74277 6.02538
lfemur 9.17363 -2.03251 0.637834
ltibia 4.29497 0 0
lfoot -36.814 -13.1067 0
ltoes 48.7522 0 0
rfemur -31.39 -19.7731 -9.31398
rtibia 50.3313 0 0
rfoot -27.4859 19.7302 0
rtoes 61.2382 0 0
lowerback -3.89137 -1.74264 -0.329389
upperback -0.521313 -2.19827 -7.95326
thorax 1.33934 -1.10042 -8.25742
lowerneck -11.963 0.880419 6.87359
upperneck 3.71355 -0.0443856 2.48868
head 3.31055 0.203307 -0.399048
lclavicle -3.79575e-14 -4.77847e-14 0
lhumerus -58.748 -46.5318 115.032
lradius 54.2572 0 0
lwrist 28.6177 0 0
lhand 39.803 32.1065 0
lfingers 7.12502 0 0
lthumb 62.233 43.3174 0
rclavicle -3.79575e-14 -4.77847e-14 0
rhumerus -2.07416 -1.59764 -4.68566
rradius 58.0855 0 0
rwrist -28.7095 0 0
rhand -6.06287 -43.0607 0
rfingers 7.12502 0 0
rthumb 19.7425 -454.759 0
204
root 4.81368 14.9991 -25.4233 7.17894 -3.00183 6.04265
lfemur 9.4763 -2.27638 0.672629
ltibia 3.81458 0 0
lfoot -37.3372 -12.5362 0
ltoes 48.8879 0 0
rfemur -31.9057 -20.2509 -9.19291
rtibia 50.765 0 0
rfoot -27.5532 20.4005 0
rtoes 61.4937 0 0
lowerback -3.66276 -1.60729 -0.362497
upperback -0.592475 -2.03163 -7.96748
thorax 1.15915 -1.02101 -8.23669
lowerneck -11.826 0.888377 7.04456
upperneck 3.80434 -0.043147 2.38734
head 3.31269 0.20419 -0.4623
lclavicle -2.94169e-14 -3.92226e-14 0
lhumerus -59.0848 -46.826 115.481
lradius 54.2084 0 0
lwrist 27.8382 0 0
lhand 40.3323 31.4735 0
lfingers 7.12502 0 0
lthumb 62.6761 42.1467 0
rclavicle -2.94169e-14 -3.92226e-14 0
rhumerus -0.789692 -9.88791 -5.21432
rradius 55.8064 0 0
rwrist -27.635 0 0
rhand -16.0227 -49.4214 0
rfingers 7.12502 0 0
rthumb 10.1432 -494.181 0
205
root 4.81532 15.0053 -25.4409 7.20882 -2.55397 5.91354
lfemur 8.94133 -2.15792 0.712142
ltibia 4.22682 0 0
lfoot -37.0403 -12.1584 0
ltoes 48.2448 0 0
rfemur -32.0018 -20.3541 -8.92846
rtibia 51.0298 0 0
rfoot -27.2185 19.8588 0
rtoes 61.1227 0 0
lowerback -3.32567 -1.47892 -0.408305
upperback -0.656467 -1.8783 -7.8837
thorax 0.92942 -0.948514 -8.09943
lowerneck -11.6317 0.676081 7.07013
upperneck 3.85713 -0.313171 2.35711
head 3.29706 0.0696741 -0.492895
lclavicle -1.63791e-14 -2.71238e-14 0
lhumerus -59.2936 -47.0178 115.969
lradius 54.1192 0 0
lwrist 26.6389 0 0
lhand 40.8085 30.6685 0
lfingers 7.12502 0 0
lthumb 63.0736 40.8506 0
rclavicle -1.63791e-14 -2.71238e-14 0
rhumerus -1.07224 -18.665 -8.58349
rradius 54.7839 0 0
rwrist -25.5635 0 0
rhand -27.0578 -55.6457 0
rfingers 7.12502 0 0
rthumb -0.492752 -539.13 0
206
root 4.82334 15.0218 -25.4596 7.23397 -1.88541 5.72056
lfemur 8.08521 -1.98429 0.793946
ltibia 5.0087 0 0
lfoot -36.445 -11.8643 0
ltoes 47.4481 0 0
rfemur -31.9506 -20.3232 -8.59787
rtibia 51.2096 0 0
rfoot -26.81 18.9504 0
rtoes 60.5787 0 0
lowerback -2.96198 -1.38516 -0.458588
upperback -0.706185 -1.77152 -7.74713
thorax 0.69639 -0.898949 -7.90341
lowerneck -11.4298 0.434894 7.02624
upperneck 3.87004 -0.610928 2.34594
head 3.26868 -0.0801771 -0.506618
lclavicle -3.67195e-15 -1.49995e-14 0
lhumerus -59.4318 -47.0943 116.41
lradius 54.0648 0 0
lwrist 25.4928 0 0
lhand 41.0324 29.8876 0
lfingers 7.12502 0 0
lthumb 63.2573 39.8177 0
rclavicle -3.67195e-15 -1.49995e-14 0
rhumerus -2.05897 -26.3549 -12.5712
rradius 54.8318 0 0
rwrist -23.3924 0 0
rhand -37.1743 -60.8565 0
rfingers 7.12502 0 0
rthumb -10.243 -584.844 0
207
root 4.81688 15.0289 -25.4771 7.29181 -1.48238 5.54624
lfemur 7.42444 -2.06268 0.955612
ltibia 5.63723 0 0
lfoot -36.0728 -11.5447 0
ltoes 47.123 0 0
rfemur -32.0244 -20.3989 -8.27833
rtibia 51.3881 0 0
rfoot -26.6556 18.5203 0
rtoes 60.315 0 0
lowerback -2.65354 -1.35364 -0.505119
upperback -0.734526 -1.74455 -7.60297
thorax 0.506301 -0.888343 -7.70642
lowerneck -11.2699 0.356179 6.98882
upperneck 3.84121 -0.69289 2.30181
head 3.23254 -0.125298 -0.519254
lclavicle 3.8763e-15 -6.36111e-15 0
lhumerus -59.5572 -47.0428 116.716
lradius 54.1203 0 0
lwrist 24.8729 0 0
lhand 40.8051 29.327 0
lfingers 7.12502 0 0
lthumb 63.0592 39.4365 0
rclavicle 3.8763e-15 -6.36111e-15 0
rhumerus -2.88701 -31.384 -14.9553
rradius 55.764 0 0
rwrist -22.019 0 0
rhand -44.3783 -64.1768 0
rfingers 7.12502 0 0
rthumb -17.1853 -626.563 0
208
root 4.79339 15.0238 -25.4896 7.37061 -1.39402 5.48612
lfemur 7.22424 -2.91985 1.16774
ltibia 5.73423 0 0
lfoot -36.0864 -11.369 0
ltoes 48.3393 0 0
rfemur -32.2555 -20.5761 -8.07598
rtibia 51.6609 0 0
rfoot -26.7609 18.6148 0
rtoes 60.3343 0 0
lowerback -2.43259 -1.40419 -0.580359
upperback -0.74904 -1.82441 -7.50865
thorax 0.363898 -0.930362 -7.55073
lowerneck -11.1128 0.468532 6.98437
upperneck 3.75856 -0.522491 2.23536
head 3.17812 -0.0476253 -0.529762
lclavicle 5.5771e-15 -1.36128e-15 0
lhumerus -59.7241 -46.8158 116.828
lradius 54.2946 0 0
lwrist 25.0094 0 0
lhand 40.135 29.1828 0
lfingers 7.12502 0 0
lthumb 62.5012 39.9972 0
rclavicle 5.5771e-15 -1.36128e-15 0
rhumerus -3.55294 -33.8285 -15.098
rradius 57.7688 0 0
rwrist -21.907 0 0
rhand -49.9626 -65.7702 0
rfingers 7.12502 0 0
rthumb -22.3558 -668.882 0
209
root 4.76678 15.0195 -25.4986 7.44542 -1.2962 5.48518
lfemur 7.14027 -4.35103 1.40529
ltibia 5.64835 0 0
lfoot -36.1381 -11.4098 0
ltoes 50.6801 0 0
rfemur -32.4625 -20.6944 -7.93933
rtibia 51.972 0 0
rfoot -26.9071 18.6705 0
rtoes 60.3342 0 0
lowerback -2.24455 -1.51839 -0.689792
upperback -0.754462 -1.98895 -7.43404
thorax 0.238355 -1.01432 -7.39783
lowerneck -10.9253 0.644377 6.96225
upperneck 3.62333 -0.262084 2.18129
head 3.10209 0.0727977 -0.527617
lclavicle 4.64917e-15 2.34089e-15 0
lhumerus -59.8942 -46.4218 116.804
lradius 54.5374 0 0
lwrist 25.5868 0 0
lhand 39.1548 29.3241 0
lfingers 7.12502 0 0
lthumb 61.6953 41.2408 0
rclavicle 4.64917e-15 2.34089e-15 0
rhumerus -4.63197 -34.7375 -14.4806
rradius 60.9704 0 0
rwrist -22.4581 0 0
rhand -55.2566 -66.2214 0
rfingers 7.12502 0 0
rthumb -27.0361 -714.976 0
210
root 4.74087 15.0205 -25.5099 7.53384 -1.11517 5.40011
lfemur 6.77471 -5.56606 1.71235
ltibia 5.94688 0 0
lfoot -35.9838 -11.4132 0
ltoes 52.5409 0 0
rfemur -32.5967 -20.7614 -7.70921
rtibia 52.1783 0 0
rfoot -27.0861 18.618 0
rtoes 60.311 0 0
lowerback -2.04107 -1.6665 -0.784727
upperback -0.739469 -2.19761 -7.29298
thorax 0.122551 -1.11972 -7.18429
lowerneck -10.7664 0.840821 6.88275
upperneck 3.45365 0.0334832 2.12362
head 3.02022 0.208876 -0.514383
lclavicle 2.1254e-15 4.97439e-15 0
lhumerus -59.9857 -45.9321 116.733
lradius 54.8358 0 0
lwrist 26.26 0 0
lhand 37.8518 29.457 0
lfingers 7.12502 0 0
lthumb 60.6087 42.732 0
rclavicle 2.1254e-15 4.97439e-15 0
rhumerus -6.12929 -33.9967 -14.06
rradius 65.0862 0 0
rwrist -22.9769 0 0
rhand -58.3209 -65.2849 0
rfingers 7.12502 0 0
rthumb -29.6718 -757.951 0
211
root 4.71951 15.0306 -25.5291 7.65347 -0.777209 5.08761
lfemur 5.72974 -5.77476 2.13302
ltibia 7.1971 0 0
lfoot -35.3793 -11.1255 0
ltoes 52.3172 0 0
rfemur -32.6099 -20.7845 -7.22643
rtibia 52.1366 0 0
rfoot -27.2893 18.3878 0
rtoes 60.2605 0 0
lowerback -1.77379 -1.81879 -0.816475
upperback -0.692735 -2.40982 -6.99935
thorax 0.00936777 -1.22607 -6.84669
lowerneck -10.6952 1.01497 6.70611
upperneck 3.26763 0.309361 2.04634
head 2.94829 0.333514 -0.491623
lclavicle -9.61321e-16 6.76822e-15 0
lhumerus -59.917 -45.418 116.701
lradius 55.1764 0 0
lwrist 26.6841 0 0
lhand 36.2132 29.2872 0
lfingers 7.12502 0 0
lthumb 59.2083 44.0355 0
rclavicle -9.61321e-16 6.76822e-15 0
rhumerus -8.05004 -31.4917 -14.793
rradius 69.8335 0 0
rwrist -22.7678 0 0
rhand -57.2163 -62.7155 0
rfingers 7.12502 0 0
rthumb -28.7087 -790.912 0
212
root 4.70651 15.0543 -25.5621 7.8219 -0.208577 4.40435
lfemur 3.60755 -4.18699 2.71139
ltibia 9.96627 0 0
lfoot -34.0805 -10.2927 0
ltoes 48.4043 0 0
rfemur -32.4535 -20.7713 -6.33181
rtibia 51.7038 0 0
rfoot -27.5086 17.9107 0
rtoes 60.179 0 0
lowerback -1.39436 -1.94551 -0.736344
upperback -0.602939 -2.58504 -6.467
thorax -0.108315 -1.31285 -6.32161
lowerneck -10.7707 1.12394 6.39262
upperneck 3.08338 0.510699 1.93349
head 2.90208 0.419618 -0.460901
lclavicle -3.57812e-15 7.95139e-15 0
lhumerus -59.6064 -44.951 116.798
lradius 55.5463 0 0
lwrist 26.5138 0 0
lhand 34.2263 28.5208 0
lfingers 7.12502 0 0
lthumb 57.4611 44.7161 0
rclavicle -3.57812e-15 7.95139e-15 0
rhumerus -10.3994 -27.108 -17.6367
rradius 74.9298 0 0
rwrist -21.1353 0 0
rhand -50.0035 -58.2678 0
rfingers 7.12502 0 0
rthumb -22.5925 -806.966 0
213
root 4.70409 15.0674 -25.5789 7.89766 0.0648348 4.02944
lfemur 2.48443 -2.99753 2.99255
ltibia 11.4897 0 0
lfoot -33.3728 -9.80777 0
ltoes 45.6904 0 0
rfemur -32.3456 -20.7526 -5.86382
rtibia 51.42 0 0
rfoot -27.5891 17.6622 0
rtoes 60.1398 0 0
lowerback -1.21487 -1.98411 -0.670204
upperback -0.553258 -2.6379 -6.1933
thorax -0.152116 -1.3386 -6.06722
lowerneck -10.851 1.14459 6.23438
upperneck 3.01896 0.562311 1.88054
head 2.89527 0.439726 -0.447135
lclavicle -4.41299e-15 8.25196e-15 0
lhumerus -59.4112 -44.8034 116.875
lradius 55.6871 0 0
lwrist 26.2451 0 0
lhand 33.386 28.0344 0
lfingers 7.12502 0 0
lthumb 56.7088 44.7485 0
rclavicle -4.41299e-15 8.25196e-15 0
rhumerus -11.3991 -24.8123 -19.3897
rradius 76.9166 0 0
rwrist -19.9697 0 0
rhand -45.2213 -55.9404 0
rfingers 7.12502 0 0
rthumb -18.5618 -806.924 0
214
root 4.70226 15.0836 -25.5993 7.98227 0.376264 3.56854
lfemur 1.13305 -1.43193 3.34592
ltibia 13.3667 0 0
lfoot -32.5009 -9.21402 0
ltoes 42.1353 0 0
rfemur -32.2079 -20.7188 -5.29509
rtibia 51.0587 0 0
rfoot -27.6704 17.3663 0
rtoes 60.0931 0 0
lowerback -1.00302 -2.02503 -0.582626
upperback -0.488371 -2.69349 -5.8641
thorax -0.196117 -1.3654 -5.76626
lowerneck -10.9674 1.16195 6.04504
upperneck 2.9525 0.612409 1.81967
head 2.89423 0.458525 -0.430556
lclavicle -5.43354e-15 8.4695e-15 0
lhumerus -59.1592 -44.6595 116.968
lradius 55.8371 0 0
lwrist 25.8664 0 0
lhand 32.4259 27.4196 0
lfingers 7.12502 0 0
lthumb 55.8443 44.6937 0
rclavicle -5.43354e-15 8.4695e-15 0
rhumerus -12.5484 -21.8364 -21.5891
rradius 79.1475 0 0
rwrist -18.3696 0 0
rhand -38.8477 -52.9458 0
rfingers 7.12502 0 0
rthumb -13.196 -803.365 0
215
root 4.70104 15.1026 -25.6225 8.07459 0.721656 3.03553
lfemur -0.412595 0.451384 3.75628
ltibia 15.5405 0 0
lfoot -31.4912 -8.52806 0
ltoes 37.8774 0 0
rfemur -32.0437 -20.6728 -4.64245
rtibia 50.6308 0 0
rfoot -27.7532 17.0289 0
rtoes 60.0399 0 0
lowerback -0.764865 -2.06745 -0.476694
upperback -0.41119 -2.7507 -5.48823
thorax -0.240253 -1.39276 -5.42638
lowerneck -11.1138 1.17565 5.82922
upperneck 2.88418 0.660085 1.75217
head 2.89791 0.47566 -0.411618
lclavicle -6.59672e-15 8.60012e-15 0
lhumerus -58.8595 -44.5184 117.075
lradius 55.9951 0 0
lwrist 25.3951 0 0
lhand 31.3667 26.6977 0
lfingers 7.12502 0 0
lthumb 54.8869 44.5639 0
rclavicle -6.59672e-15 8.60012e-15 0
rhumerus -13.8213 -18.3031 -24.1642
rradius 81.5746 0 0
rwrist -16.4202 0 0
rhand -31.1492 -49.4063 0
rfingers 7.12502 0 0
rthumb -6.71616 -796.819 0
216
root 4.70049 15.1237 -25.648 8.17351 1.09696 2.44429
lfemur -2.11849 2.59401 4.20839
ltibia 17.9543 0 0
lfoot -30.37 -7.76649 0
ltoes 33.0549 0 0
rfemur -31.8565 -20.617 -3.92274
rtibia 50.1472 0 0
rfoot -27.8379 16.6559 0
rtoes 59.9814 0 0
lowerback -0.506438 -2.11053 -0.355491
upperback -0.324627 -2.80845 -5.07452
thorax -0.284464 -1.42018 -5.05523
lowerneck -11.2841 1.18531 5.59159
upperneck 2.81422 0.704431 1.67934
head 2.90526 0.490775 -0.390775
lclavicle -7.85952e-15 8.63989e-15 0
lhumerus -58.5209 -44.379 117.195
lradius 56.1599 0 0
lwrist 24.8486 0 0
lhand 30.2294 25.8896 0
lfingers 7.12502 0 0
lthumb 53.856 44.3714 0
rclavicle -7.85952e-15 8.63989e-15 0
rhumerus -15.1918 -14.3352 -27.0447
rradius 84.1501 0 0
rwrist -14.2066 0 0
rhand -22.3923 -45.4443 0
rfingers 7.12502 0 0
rthumb 0.656961 -787.818 0
217
root 4.70066 15.1464 -25.6752 8.27792 1.49811 1.80869
lfemur -3.95063 4.93752 4.68702
ltibia 20.5514 0 0
lfoot -29.1634 -6.94591 0
ltoes 27.8061 0 0
rfemur -31.6495 -20.5541 -3.15281
rtibia 49.6185 0 0
rfoot -27.925 16.2534 0
rtoes 59.9186 0 0
lowerback -0.233787 -2.15343 -0.222103
upperback -0.231593 -2.86566 -4.6318
thorax -0.328684 -1.44718 -4.66047
lowerneck -11.4721 1.19055 5.33678
upperneck 2.74281 0.744538 1.60247
head 2.91524 0.503516 -0.368481
lclavicle -9.17889e-15 8.5849e-15 0
lhumerus -58.1524 -44.2403 117.325
lradius 56.3304 0 0
lwrist 24.244 0 0
lhand 29.0348 25.0163 0
lfingers 7.12502 0 0
lthumb 52.7708 44.1283 0
rclavicle -9.17889e-15 8.5849e-15 0
rhumerus -16.6339 -10.0556 -30.16
rradius 86.826 0 0
rwrist -11.8138 0 0
rhand -12.8435 -41.182 0
rfingers 7.12502 0 0
rthumb 8.70246 -776.893 0
218
root 4.70158 15.1704 -25.7034 8.38667 1.92107 1.14261
lfemur -5.87501 7.42352 5.17694
ltibia 23.2752 0 0
lfoot -27.8977 -6.08293 0
ltoes 22.2693 0 0
rfemur -31.4261 -20.4869 -2.34951
rtibia 49.0558 0 0
rfoot -28.015 15.8272 0
rtoes 59.8525 0 0
lowerback 0.0470422 -2.19532 -0.0796131
upperback -0.135 -2.92123 -4.1689
thorax -0.372852 -1.47327 -4.24973
lowerneck -11.6718 1.191 5.06944
upperneck 2.67016 0.7795 1.52285
head 2.92682 0.513528 -0.345189
lclavicle -1.05118e-14 8.43125e-15 0
lhumerus -57.763 -44.1011 117.463
lradius 56.5054 0 0
lwrist 23.5988 0 0
lhand 27.8038 24.099 0
lfingers 7.12502 0 0
lthumb 51.6507 43.8468 0
rclavicle -1.05118e-14 8.43125e-15 0
rhumerus -18.1215 -5.58704 -33.4396
rradius 89.5545 0 0
rwrist -9.32691 0 0
rhand -2.76931 -36.7418 0
rfingers 7.12502 0 0
rthumb 17.1994 -764.574 0
219
root 4.7033 15.1951 -25.732 8.49866 2.36178 0.459935
lfemur -7.85762 9.99358 5.66291
ltibia 26.0688 0 0
lfoot -26.5993 -5.19416 0
ltoes 16.5828 0 0
rfemur -31.1897 -20.4179 -1.52966
rtibia 48.4698 0 0
rfoot -28.1084 15.3834 0
rtoes 59.7841 0 0
lowerback 0.330005 -2.23537 0.0688946
upperback -0.0377586 -2.97408 -3.69465
thorax -0.416905 -1.49795 -3.83067
lowerneck -11.8771 1.18628 4.79421
upperneck 2.59646 0.808407 1.44178
head 2.93894 0.520455 -0.321355
lclavicle -1.18152e-14 8.17502e-15 0
lhumerus -57.3616 -43.9604 117.607
lradius 56.6836 0 0
lwrist 22.9302 0 0
lhand 26.5573 23.1586 0
lfingers 7.12502 0 0
lthumb 50.5148 43.5391 0
rclavicle -1.18152e-14 8.17502e-15 0
rhumerus -19.6287 -1.05229 -36.8131
rradius 92.2878 0 0
rwrist -6.83111 0 0
rhand 7.56369 -32.246 0
rfingers 7.12502 0 0
rthumb 25.927 -751.394 0
220
root 4.70587 15.22 -25.7605 8.61276 2.81617 -0.225462
lfemur -9.86445 12.5893 6.12971
ltibia 28.8756 0 0
lfoot -25.2944 -4.29619 0
ltoes 10.8848 0 0
rfemur -30.9436 -20.3499 -0.710113
rtibia 47.8714 0 0
rfoot -28.2058 14.9279 0
rtoes 59.7146 0 0
lowerback 0.609057 -2.27273 0.220336
upperback 0.0572188 -3.02313 -3.21788
thorax -0.460779 -1.52073 -3.41094
lowerneck -12.0817 1.17602 4.51575
upperneck 2.52191 0.830352 1.36054
head 2.95057 0.523942 -0.29743
lclavicle -1.30462e-14 7.81229e-15 0
lhumerus -56.9572 -43.8172 117.755
lradius 56.8638 0 0
lwrist 22.2554 0 0
lhand 25.3162 22.2162 0
lfingers 7.12502 0 0
lthumb 49.3824 43.2174 0
rclavicle -1.30462e-14 7.81229e-15 0
rhumerus -21.1294 3.42581 -40.21
rradius 94.9778 0 0
rwrist -4.41147 0 0
rhand 17.889 -27.8168 0
rfingers 7.12502 0 0
rthumb 34.6644 -737.881 0
221
root 4.70933 15.2447 -25.7883 8.72785 3.28021 -0.899702
lfemur -11.8615 15.1523 6.5621
ltibia 31.6387 0 0
lfoot -24.0093 -3.40562 0
ltoes 5.31359 0 0
rfemur -30.6912 -20.2854 0.0922892
rtibia 47.2714 0 0
rfoot -28.3076 14.4666 0
rtoes 59.6449 0 0
lowerback 0.878152 -2.30659 0.371627
upperback 0.147021 -3.06728 -2.74741
thorax -0.504412 -1.54112 -2.99818
lowerneck -12.2797 1.15984 4.2387
upperneck 2.44671 0.844427 1.28043
head 2.96067 0.523634 -0.273871
lclavicle -1.41615e-14 7.33916e-15 0
lhumerus -56.5588 -43.6704 117.905
lradius 57.0449 0 0
lwrist 21.5919 0 0
lhand 24.1013 21.2929 0
lfingers 7.12502 0 0
lthumb 48.273 42.894 0
rclavicle -1.41615e-14 7.33916e-15 0
rhumerus -22.5976 7.72447 -43.5597
rradius 97.5768 0 0
rwrist -2.15308 0 0
rhand 27.9401 -23.5765 0
rfingers 7.12502 0 0
rthumb 43.1905 -724.569 0
222
root 4.71372 15.2685 -25.8146 8.8428 3.74983 -1.54891
lfemur -13.8147 17.6241 6.94485
ltibia 34.3015 0 0
lfoot -22.7702 -2.53908 0
ltoes 0.00754927 0 0
rfemur -30.4357 -20.2272 0.860706
rtibia 46.6806 0 0
rfoot -28.4143 14.0056 0
rtoes 59.5761 0 0
lowerback 1.13125 -2.33609 0.519683
upperback 0.228736 -3.10545 -2.29208
thorax -0.547741 -1.55863 -2.60006
lowerneck -12.4649 1.13736 3.9677
upperneck 2.37107 0.849724 1.20275
head 2.96818 0.519177 -0.251129
lclavicle -1.51183e-14 6.75172e-15 0
lhumerus -56.1753 -43.519 118.055
lradius 57.2257 0 0
lwrist 20.9569 0 0
lhand 22.9336 20.4097 0
lfingers 7.12502 0 0
lthumb 47.2057 42.5809 0
rclavicle -1.51183e-14 6.75172e-15 0
rhumerus -24.0073 11.7209 -46.7919
rradius 100.037 0 0
rwrist -0.141055 0 0
rhand 37.4505 -19.6475 0
rfingers 7.12502 0 0
rthumb 51.2847 -711.987 0
223
root 4.7191 15.2912 -25.839 8.9565 4.22098 -2.1592
lfemur -15.6902 19.9463 7.26272
ltibia 36.8073 0 0
lfoot -21.6034 -1.71315 0
ltoes -4.8951 0 0
rfemur -30.1807 -20.1778 1.5783
rtibia 46.1099 0 0
rfoot -28.5264 13.5507 0
rtoes 59.5093 0 0
lowerback 1.3623 -2.36041 0.66142
upperback 0.299454 -3.13655 -1.86072
thorax -0.590703 -1.57277 -2.2242
lowerneck -12.6311 1.1082 3.7074
upperneck 2.29518 0.845335 1.12878
head 2.97207 0.510215 -0.22966
lclavicle -1.58735e-14 6.04605e-15 0
lhumerus -55.8157 -43.3618 118.203
lradius 57.4049 0 0
lwrist 20.3677 0 0
lhand 21.8338 19.5877 0
lfingers 7.12502 0 0
lthumb 46.1998 42.2905 0
rclavicle -1.58735e-14 6.04605e-15 0
rhumerus -25.3325 15.2923 -49.8359
rradius 102.31 0 0
rwrist 1.53951 0 0
rhand 46.1537 -16.152 0
rfingers 7.12502 0 0
rthumb 58.7259 -700.666 0
224
root 4.7255 15.312 -25.8607 9.06782 4.6896 -2.7167
lfemur -17.4539 22.0605 7.50049
ltibia 39.0992 0 0
lfoot -20.5352 -0.944441 0
ltoes -9.25606 0 0
rfemur -29.9293 -20.14 2.22822
rtibia 45.5702 0 0
rfoot -28.6445 13.1079 0
rtoes 59.4455 0 0
lowerback 1.56525 -2.37871 0.793755
upperback 0.356261 -3.15949 -1.46215
thorax -0.633234 -1.58305 -1.87827
lowerneck -12.7723 1.072 3.46245
upperneck 2.21925 0.830352 1.05981
head 2.9713 0.496393 -0.209918
lclavicle -1.63841e-14 5.21824e-15 0
lhumerus -55.4889 -43.1979 118.346
lradius 57.5813 0 0
lwrist 19.8417 0 0
lhand 20.823 18.8478 0
lfingers 7.12502 0 0
lthumb 45.2747 42.0348 0
rclavicle -1.63841e-14 5.21824e-15 0
rhumerus -26.5472 18.3158 -52.6214
rradius 104.349 0 0
rwrist 2.80352 0 0
rhand 53.783 -13.2123 0
rfingers 7.12502 0 0
rthumb 65.2933 -691.139 0
225
root 4.73297 15.3307 -25.8793 9.17564 5.15165 -3.20753
lfemur -19.0717 23.9083 7.64293
ltibia 41.1206 0 0
lfoot -19.5918 -0.249559 0
ltoes -12.9371 0 0
rfemur -29.6851 -20.1164 2.79363
rtibia 45.0721 0 0
rfoot -28.769 12.6832 0
rtoes 59.3857 0 0
lowerback 1.73408 -2.39016 0.913603
upperback 0.396247 -3.17319 -1.10521
thorax -0.675273 -1.58897 -1.56992
lowerneck -12.8823 1.02838 3.23748
upperneck 2.14347 0.803866 0.997146
head 2.96482 0.477357 -0.192355
lclavicle -1.66069e-14 4.26437e-15 0
lhumerus -55.2039 -43.0262 118.484
lradius 57.7539 0 0
lwrist 19.396 0 0
lhand 19.9219 18.2112 0
lfingers 7.12502 0 0
lthumb 44.4496 41.8262 0
rclavicle -1.66069e-14 4.26437e-15 0
rhumerus -27.6253 20.6687 -55.0778
rradius 106.105 0 0
rwrist 3.56587 0 0
rhand 60.0721 -10.9508 0
rfingers 7.12502 0 0
rthumb 70.766 -683.935 0
226
root 4.74156 15.3466 -25.894 9.27884 5.60307 -3.61781
lfemur -20.5097 25.4313 7.67479
ltibia 42.8147 0 0
lfoot -18.7996 0.354892 0
ltoes -15.7998 0 0
rfemur -29.4512 -20.1096 3.25769
rtibia 44.6267 0 0
rfoot -28.9005 12.2826 0
rtoes 59.3311 0 0
lowerback 1.86272 -2.39392 1.01788
upperback 0.4165 -3.17656 -0.798728
thorax -0.716755 -1.59005 -1.30679
lowerneck -12.955 0.976948 3.03716
upperneck 2.06804 0.76497 0.942072
head 2.95159 0.45275 -0.177427
lclavicle -1.64991e-14 3.18055e-15 0
lhumerus -54.9697 -42.8456 118.613
lradius 57.9213 0 0
lwrist 19.0481 0 0
lhand 19.1515 17.6989 0
lfingers 7.12502 0 0
lthumb 43.7438 41.6767 0
rclavicle -1.64991e-14 3.18055e-15 0
rhumerus -28.5408 22.2281 -57.1347
rradius 107.53 0 0
rwrist 3.74146 0 0
rhand 64.7544 -9.48978 0
rfingers 7.12502 0 0
rthumb 74.9232 -679.585 0
227
root 4.77643 15.3818 -25.9185 9.57672 6.95933 -4.45951
lfemur -24.0384 28.5168 7.14087
ltibia 46.3383 0 0
lfoot -17.1422 1.75767 0
ltoes -20.4074 0 0
rfemur -28.7636 -20.1838 4.1453
rtibia 43.4973 0 0
rfoot -29.3403 11.1578 0
rtoes 59.1893 0 0
lowerback 2.03104 -2.35306 1.26478
upperback 0.369817 -3.11571 -0.119981
thorax -0.836405 -1.55941 -0.739611
lowerneck -12.9889 0.757545 2.54394
upperneck 1.83907 0.553317 0.815241
head 2.8765 0.334853 -0.145017
lclavicle -1.43403e-14 -1.41535e-15 0
lhumerus -54.5013 -42.2579 118.977
lradius 58.4039 0 0
lwrist 18.4495 0 0
lhand 17.5268 16.7669 0
lfingers 7.12502 0 0
lthumb 42.2471 41.4476 0
rclavicle -1.43403e-14 -1.41535e-15 0
rhumerus -30.4538 22.7459 -61.4465
rradius 109.96 0 0
rwrist 1.02911 0 0
rhand 70.9306 -9.45781 0
rfingers 7.12502 0 0
rthumb 81.0082 -678.792 0
228
root 4.82425 15.4083 -25.9261 9.88905 8.44315 -5.00358
lfemur -27.1367 30.499 5.93833
ltibia 48.6855 0 0
lfoot -16.0245 2.89704 0
ltoes -21.6615 0 0
rfemur -28.0181 -20.3531 4.62353
rtibia 42.4523 0 0
rfoot -29.8615 9.9995 0
rtoes 59.0555 0 0
lowerback 1.99874 -2.25421 1.47457
upperback 0.214581 -2.9752 0.387359
thorax -0.959116 -1.49041 -0.338898
lowerneck -12.8528 0.448832 2.10937
upperneck 1.59016 0.221546 0.715135
head 2.76231 0.159356 -0.121685
lclavicle -1.01499e-14 -7.84006e-15 0
lhumerus -54.211 -41.582 119.353
lradius 58.9058 0 0
lwrist 18.208 0 0
lhand 16.4441 16.3284 0
lfingers 7.12502 0 0
lthumb 41.2353 41.3703 0
rclavicle -1.01499e-14 -7.84006e-15 0
rhumerus -31.7048 19.2953 -64.3828
rradius 110.729 0 0
rwrist -5.06326 0 0
rhand 70.2031 -13.6299 0
rfingers 7.12502 0 0
rthumb 81.6038 -688.45 0
229
root 4.87677 15.4282 -25.9235 10.1882 9.91298 -5.34765
lfemur -29.8019 31.7317 4.42661
ltibia 50.2186 0 0
lfoot -15.2813 3.82062 0
ltoes -20.9325 0 0
rfemur -27.2796 -20.5585 4.84077
rtibia 41.5163 0 0
rfoot -30.4019 8.88379 0
rtoes 58.9325 0 0
lowerback 1.85489 -2.12994 1.65278
upperback 0.0071085 -2.79991 0.767778
thorax -1.07647 -1.40479 -0.0569416
lowerneck -12.6271 0.109252 1.73488
upperneck 1.34676 -0.156957 0.635213
head 2.63325 -0.0375342 -0.105219
lclavicle -4.94177e-15 -1.471e-14 0
lhumerus -54.0421 -40.8913 119.714
lradius 59.3894 0 0
lwrist 18.1911 0 0
lhand 15.7265 16.1972 0
lfingers 7.12502 0 0
lthumb 40.5523 41.3872 0
rclavicle -4.94177e-15 -1.471e-14 0
rhumerus -32.4968 13.7931 -66.3476
rradius 110.508 0 0
rwrist -12.6964 0 0
rhand 65.5238 -19.8397 0
rfingers 7.12502 0 0
rthumb 78.9975 -703.557 0
230
root 4.92576 15.4438 -25.9175 10.4465 11.2272 -5.58935
lfemur -32.0313 32.5689 2.96516
ltibia 51.2995 0 0
lfoot -14.7478 4.57605 0
ltoes -19.5907 0 0
rfemur -26.6129 -20.7411 4.94539
rtibia 40.7137 0 0
rfoot -30.8993 7.8869 0
rtoes 58.8231 0 0
lowerback 1.68852 -2.0128 1.80496
upperback -0.196286 -2.63472 1.06576
thorax -1.18006 -1.32428 0.153965
lowerneck -12.3921 -0.202752 1.42189
upperneck 1.13431 -0.508803 0.568938
head 2.51354 -0.21961 -0.093403
lclavicle 2.70355e-16 -2.06418e-14 0
lhumerus -53.9382 -40.2595 120.031
lradius 59.8169 0 0
lwrist 18.2665 0 0
lhand 15.1969 16.1873 0
lfingers 7.12502 0 0
lthumb 40.0422 41.4408 0
rclavicle 2.70355e-16 -2.06418e-14 0
rhumerus -33.0328 8.15626 -67.7446
rradius 109.964 0 0
rwrist -20.031 0 0
rhand 59.8445 -25.9205 0
rfingers 7.12502 0 0
rthumb 75.4768 -719.108 0
231
root 4.96296 15.4573 -25.9151 10.6363 12.2444 -5.82634
lfemur -33.8219 33.3642 1.9134
ltibia 52.2903 0 0
lfoot -14.259 5.21095 0
ltoes -19.0065 0 0
rfemur -26.0827 -20.842 5.08578
rtibia 40.0689 0 0
rfoot -31.2912 7.08505 0
rtoes 58.7302 0 0
lowerback 1.5887 -1.93536 1.93663
upperback -0.339287 -2.52451 1.3258
thorax -1.26145 -1.27061 0.34153
lowerneck -12.2282 -0.428736 1.17181
upperneck 0.978271 -0.760603 0.50977
head 2.42739 -0.350664 -0.0840238
lclavicle 4.47266e-15 -2.42517e-14 0
lhumerus -53.8424 -39.76 120.277
lradius 60.1509 0 0
lwrist 18.3017 0 0
lhand 14.6783 16.1126 0
lfingers 7.12502 0 0
lthumb 39.5487 41.4732 0
rclavicle 4.47266e-15 -2.42517e-14 0
rhumerus -33.5157 4.30161 -68.9777
rradius 109.77 0 0
rwrist -25.2278 0 0
rhand 56.1173 -29.7059 0
rfingers 7.12502 0 0
rthumb 73.329 -730.099 0
232
root 5.02722 15.478 -25.9099 10.7425 13.8172 -6.28953
lfemur -36.2135 34.3553 0.403842
ltibia 53.4793 0 0
lfoot -13.585 6.26007 0
ltoes -18.3131 0 0
rfemur -25.0485 -20.5139 5.33498
rtibia 39.0497 0 0
rfoot -32.0854 5.49327 0
rtoes 58.4938 0 0
lowerback 1.49401 -1.92653 2.25055
upperback -0.523822 -2.499 1.76019
thorax -1.39169 -1.25995 0.611178
lowerneck -11.9396 -0.657991 0.855668
upperneck 0.874505 -1.00818 0.364138
head 2.33872 -0.481994 -0.0884383
lclavicle 1.70955e-14 -1.66979e-14 0
lhumerus -53.864 -38.7571 120.616
lradius 60.6677 0 0
lwrist 18.7587 0 0
lhand 13.4304 16.0067 0
lfingers 7.12502 0 0
lthumb 38.3722 41.7036 0
rclavicle 1.70955e-14 -1.66979e-14 0
rhumerus -33.7809 -1.0179 -69.9926
rradius 109.562 0 0
rwrist -31.4069 0 0
rhand 47.0818 -28.645 0
rfingers 7.12502 0 0
rthumb 67.9354 -750.023 0
233
root 5.08819 15.4981 -25.9036 10.6983 14.8167 -6.18445
lfemur -36.2889 34.0332 -0.138908
ltibia 53.2468 0 0
lfoot -13.6927 5.9429 0
ltoes -16.2795 0 0
rfemur -24.6912 -19.7456 5.23779
rtibia 39.4426 0 0
rfoot -30.9692 4.34259 0
rtoes 57.4845 0 0
lowerback 1.46739 -1.94941 2.19202
upperback -0.539911 -2.52995 1.80978
thorax -1.38687 -1.27465 0.694515
lowerneck -11.8726 -0.858394 0.777642
upperneck 0.915736 -1.26536 0.37308
head 2.34344 -0.610328 -0.0857087
lclavicle 1.49797e-14 -1.57495e-14 0
lhumerus -53.8168 -38.5815 120.612
lradius 60.7111 0 0
lwrist 18.7823 0 0
lhand 13.1849 15.908 0
lfingers 7.12502 0 0
lthumb 38.1395 41.6609 0
rclavicle 1.49797e-14 -1.57495e-14 0
rhumerus -34.0349 -1.39708 -69.8422
rradius 107.636 0 0
rwrist -29.3526 0 0
rhand 44.8465 -27.8579 0
rfingers 7.12502 0 0
rthumb 65.9521 -750.596 0
234
root 5.16324 15.5228 -25.8957 10.6419 16.0417 -6.05015
lfemur -36.3587 33.6231 -0.797281
ltibia 52.9457 0 0
lfoot -13.8352 5.54007 0
ltoes -13.7603 0 0
rfemur -24.2545 -18.7925 5.11479
rtibia 39.9349 0 0
rfoot -29.588 2.91168 0
rtoes 56.2651 0 0
lowerback 1.43447 -1.97819 2.11685
upperback -0.558109 -2.56899 1.86698
thorax -1.37921 -1.2932 0.794888
lowerneck -11.7924 -1.10469 0.684478
upperneck 0.968053 -1.58198 0.385889
head 2.35023 -0.768229 -0.0822728
lclavicle 1.20973e-14 -1.46349e-14 0
lhumerus -53.759 -38.3736 120.604
lradius 60.7599 0 0
lwrist 18.8058 0 0
lhand 12.8919 15.7867 0
lfingers 7.12502 0 0
lthumb 37.8618 41.6059 0
rclavicle 1.20973e-14 -1.46349e-14 0
rhumerus -34.3476 -1.81436 -69.6425
rradius 105.246 0 0
rwrist -26.7316 0 0
rhand 42.1608 -26.8926 0
rfingers 7.12502 0 0
rthumb 63.5405 -751.095 0
235
root 5.25072 15.5516 -25.8866 10.5746 17.4656 -5.88989
lfemur -36.4228 33.1349 -1.55751
ltibia 52.5836 0 0
lfoot -14.0086 5.06121 0
ltoes -10.8122 0 0
rfemur -23.7481 -17.6763 4.96894
rtibia 40.5155 0 0
rfoot -27.9714 1.235 0
rtoes 54.8576 0 0
lowerback 1.39605 -2.01214 2.02683
upperback -0.578125 -2.61516 1.93083
thorax -1.36905 -1.31512 0.910287
lowerneck -11.7007 -1.39151 0.577964
upperneck 1.03018 -1.95108 0.402127
head 2.35885 -0.952235 -0.0782118
lclavicle 8.5453e-15 -1.33761e-14 0
lhumerus -53.6917 -38.1375 120.592
lradius 60.8133 0 0
lwrist 18.8291 0 0
lhand 12.5574 15.6456 0
lfingers 7.12502 0 0
lthumb 37.5446 41.54 0
rclavicle 8.5453e-15 -1.33761e-14 0
rhumerus -34.7122 -2.26413 -69.3991
rradius 102.447 0 0
rwrist -23.6091 0 0
rhand 39.0793 -25.7698 0
rfingers 7.12502 0 0
rthumb 60.7519 -751.526 0
236
root 5.34897 15.584 -25.8763 10.498 19.0618 -5.70687
lfemur -36.4815 32.5787 -2.40583
ltibia 52.1685 0 0
lfoot -14.2086 4.51594 0
ltoes -7.49211 0 0
rfemur -23.1818 -16.4188 4.80315
rtibia 41.1737 0 0
rfoot -26.1491 -0.652953 0
rtoes 53.2839 0 0
lowerback 1.35297 -2.05057 1.9238
upperback -0.599665 -2.66748 2.00033
thorax -1.35671 -1.33997 1.0387
lowerneck -11.5989 -1.71347 0.459887
upperneck 1.10085 -2.3657 0.421356
head 2.36909 -1.15888 -0.0736075
lclavicle 4.42086e-15 -1.19952e-14 0
lhumerus -53.6161 -37.877 120.578
lradius 60.8706 0 0
lwrist 18.8524 0 0
lhand 12.1872 15.4872 0
lfingers 7.12502 0 0
lthumb 37.1936 41.4645 0
rclavicle 4.42086e-15 -1.19952e-14 0
rhumerus -35.1217 -2.7408 -69.1179
rradius 99.2913 0 0
rwrist -20.0505 0 0
rhand 35.6564 -24.5106 0
rfingers 7.12502 0 0
rthumb 57.6378 -751.893 0
237
root 5.45634 15.6194 -25.865 10.4134 20.8037 -5.50435
lfemur -36.5349 31.9647 -3.32847
ltibia 51.708 0 0
lfoot -14.4312 3.91386 0
ltoes -3.85676 0 0
rfemur -22.5654 -15.0418 4.62037
rtibia 41.8986 0 0
rfoot -24.1508 -2.71771 0
rtoes 51.566 0 0
lowerback 1.30604 -2.09277 1.80957
upperback -0.622438 -2.725 2.0745
thorax -1.34253 -1.36728 1.17812
lowerneck -11.4888 -2.06519 0.332037
upperneck 1.17877 -2.81888 0.443137
head 2.38071 -1.38471 -0.0685413
lclavicle -1.78984e-16 -1.05144e-14 0
lhumerus -53.5333 -37.5962 120.56
lradius 60.931 0 0
lwrist 18.8756 0 0
lhand 11.7872 15.3142 0
lfingers 7.12502 0 0
lthumb 36.8141 41.3807 0
rclavicle -1.78984e-16 -1.05144e-14 0
rhumerus -35.5693 -3.23878 -68.8047
rradius 95.8345 0 0
rwrist -16.1211 0 0
rhand 31.9466 -23.1357 0
rfingers 7.12502 0 0
rthumb 54.2493 -752.203 0
238
root 5.57118 15.6572 -25.853 10.3224 22.6648 -5.28553
lfemur -36.5832 31.3028 -4.31167
ltibia 51.21 0 0
lfoot -14.6723 3.26461 0
ltoes 0.0369966 0 0
rfemur -21.9086 -13.5672 4.42352
rtibia 42.6794 0 0
rfoot -22.006 -4.92478 0
rtoes 49.7257 0 0
lowerback 1.25611 -2.13803 1.68596
upperback -0.646151 -2.78674 2.15236
thorax -1.32684 -1.39659 1.32653
lowerneck -11.3718 -2.4413 0.1962
upperneck 1.26269 -3.30367 0.467031
head 2.39351 -1.62626 -0.0630946
lclavicle -5.15715e-15 -8.95565e-15 0
lhumerus -53.4445 -37.299 120.54
lradius 60.9937 0 0
lwrist 18.8987 0 0
lhand 11.3631 15.1291 0
lfingers 7.12502 0 0
lthumb 36.4119 41.2901 0
rclavicle -5.15715e-15 -8.95565e-15 0
rhumerus -36.048 -3.75245 -68.4651
rradius 92.1302 0 0
rwrist -11.8862 0 0
rhand 28.0046 -21.6662 0
rfingers 7.12502 0 0
rthumb 50.6379 -752.46 0
239
root 5.69184 15.697 -25.8403 10.2263 24.6185 -5.05367
lfemur -36.6264 30.6031 -5.34165
ltibia 50.6822 0 0
lfoot -14.9279 2.5778 0
ltoes 4.13236 0 0
rfemur -21.2212 -12.0168 4.21555
rtibia 43.5052 0 0
rfoot -19.7444 -7.2397 0
rtoes 47.785 0 0
lowerback 1.20398 -2.18565 1.55479
upperback -0.67051 -2.85175 2.23292
thorax -1.30997 -1.42744 1.48192
lowerneck -11.2496 -2.83643 0.0541646
upperneck 1.35131 -3.8131 0.492601
head 2.40726 -1.88007 -0.0573491
lclavicle -1.04166e-14 -7.34108e-15 0
lhumerus -53.3507 -36.9894 120.518
lradius 61.0582 0 0
lwrist 18.9217 0 0
lhand 10.9208 14.9346 0
lfingers 7.12502 0 0
lthumb 35.9924 41.194 0
rclavicle -1.04166e-14 -7.34108e-15 0
rhumerus -36.5509 -4.27624 -68.1049
rradius 88.2326 0 0
rwrist -7.41119 0 0
rhand 23.8848 -20.1228 0
rfingers 7.12502 0 0
rthumb 46.8548 -752.669 0
240
root 5.81665 15.7381 -25.8272 10.1267 26.6381 -4.81198
lfemur -36.6646 29.8758 -6.40466
ltibia 50.1324 0 0
lfoot -15.1939 1.86305 0
ltoes 8.3725 0 0
rfemur -20.5129 -10.4124 3.99938
rtibia 44.3652 0 0
rfoot -17.3957 -9.62797 0
rtoes 45.7658 0 0
lowerback 1.15048 -2.23492 1.41786
upperback -0.695225 -2.91905 2.31521
thorax -1.29226 -1.45938 1.64228
lowerneck -11.1238 -3.24519 -0.0922809
upperneck 1.44338 -4.34023 0.519408
head 2.42172 -2.14267 -0.0513861
lclavicle -1.58602e-14 -5.69279e-15 0
lhumerus -53.2533 -36.6713 120.494
lradius 61.1235 0 0
lwrist 18.9448 0 0
lhand 10.4662 14.7334 0
lfingers 7.12502 0 0
lthumb 35.5612 41.0936 0
rclavicle -1.58602e-14 -5.69279e-15 0
rhumerus -37.0711 -4.80453 -67.7299
rradius 84.1958 0 0
rwrist -2.7614 0 0
rhand 19.6417 -18.5265 0
rfingers 7.12502 0 0
rthumb 42.9514 -752.835 0
241
root 5.94397 15.7801 -25.8139 10.0249 28.6971 -4.5637
lfemur -36.6981 29.1309 -7.48692
ltibia 49.5684 0 0
lfoot -15.4661 1.12998 0
ltoes 12.7006 0 0
rfemur -19.7935 -8.77578 3.77795
rtibia 45.2485 0 0
rfoot -14.9895 -12.0551 0
rtoes 43.69 0 0
lowerback 1.09645 -2.28514 1.277
upperback -0.720003 -2.98768 2.39823
thorax -1.27403 -1.49193 1.8056
lowerneck -10.9959 -3.66221 -0.241349
upperneck 1.5376 -4.87808 0.547013
head 2.43669 -2.41061 -0.0452873
lclavicle -2.13909e-14 -4.03284e-15 0
lhumerus -53.1534 -36.3488 120.468
lradius 61.189 0 0
lwrist 18.9678 0 0
lhand 10.0051 14.528 0
lfingers 7.12502 0 0
lthumb 35.1238 40.9905 0
rclavicle -2.13909e-14 -4.03284e-15 0
rhumerus -37.6018 -5.33174 -67.3459
rradius 80.074 0 0
rwrist 1.99785 0 0
rhand 15.3298 -16.8982 0
rfingers 7.12502 0 0
rthumb 38.979 -752.964 0
242
root 6.07214 15.8223 -25.8004 9.92251 30.7689 -4.31205
lfemur -36.7269 28.3783 -8.57467
ltibia 48.998 0 0
lfoot -15.7406 0.388203 0
ltoes 17.0599 0 0
rfemur -19.0729 -7.12877 3.55419
rtibia 46.1443 0 0
rfoot -12.5554 -14.4867 0
rtoes 41.5796 0 0
lowerback 1.0427 -2.33561 1.13403
upperback -0.74455 -3.05667 2.48101
thorax -1.25561 -1.52465 1.96987
lowerneck -10.8675 -4.08212 -0.391251
upperneck 1.63271 -5.41971 0.574978
head 2.45194 -2.68042 -0.039134
lclavicle -2.69116e-14 -2.38332e-15 0
lhumerus -53.052 -36.0258 120.441
lradius 61.2539 0 0
lwrist 18.9908 0 0
lhand 9.5434 14.321 0
lfingers 7.12502 0 0
lthumb 34.6858 40.8859 0
rclavicle -2.69116e-14 -2.38332e-15 0
rhumerus -38.136 -5.85227 -66.9585
rradius 75.9213 0 0
rwrist 6.80123 0 0
rhand 11.0037 -15.2587 0
rfingers 7.12502 0 0
rthumb 34.9889 -753.061 0
243
root 6.19952 15.8643 -25.7871 9.82085 32.8269 -4.06027
lfemur -36.7512 27.6283 -9.65414
ltibia 48.429 0 0
lfoot -16.0132 -0.352657 0
ltoes 21.3935 0 0
rfemur -18.3607 -5.49319 3.33104
rtibia 47.0417 0 0
rfoot -10.123 -16.8881 0
rtoes 39.4564 0 0
lowerback 0.990051 -2.38561 0.990766
upperback -0.768575 -3.12507 2.56256
thorax -1.23735 -1.55707 2.13308
lowerneck -10.7402 -4.49953 -0.5402
upperneck 1.72743 -5.95815 0.602865
head 2.46724 -2.94864 -0.0330079
lclavicle -3.23253e-14 -7.66324e-16 0
lhumerus -52.9504 -35.7062 120.413
lradius 61.3175 0 0
lwrist 19.0139 0 0
lhand 9.08683 14.1152 0
lfingers 7.12502 0 0
lthumb 34.2527 40.7811 0
rclavicle -3.23253e-14 -7.66324e-16 0
rhumerus -38.6668 -6.36051 -66.5736
rradius 71.7918 0 0
rwrist 11.5834 0 0
rhand 6.71792 -13.6289 0
rfingers 7.12502 0 0
rthumb 31.0323 -753.13 0
244
root 6.32444 15.9055 -25.774 9.72141 34.8445 -3.8116
lfemur -36.7711 26.8909 -10.7116
ltibia 47.8691 0 0
lfoot -16.2799 -1.08298 0
ltoes 25.6447 0 0
rfemur -17.6667 -3.89084 3.11143
rtibia 47.9298 0 0
rfoot -7.72215 -19.225 0
rtoes 37.3425 0 0
lowerback 0.939338 -2.43443 0.84902
upperback -0.791785 -3.19189 2.64191
thorax -1.21957 -1.58873 2.29321
lowerneck -10.6156 -4.90908 -0.686407
upperneck 1.82049 -6.48645 0.630234
head 2.48237 -3.21181 -0.0269903
lclavicle -3.75349e-14 7.96072e-16 0
lhumerus -52.8496 -35.394 120.384
lradius 61.3791 0 0
lwrist 19.037 0 0
lhand 8.64129 13.913 0
lfingers 7.12502 0 0
lthumb 33.8301 40.6776 0
rclavicle -3.75349e-14 7.96072e-16 0
rhumerus -39.1874 -6.85088 -66.1969
rradius 67.7396 0 0
rwrist 16.2791 0 0
rhand 2.5269 -12.0298 0
rfingers 7.12502 0 0
rthumb 27.1607 -753.177 0
245
root 6.44525 15.9454 -25.7613 9.62565 36.7952 -3.56925
lfemur -36.7867 26.1761 -11.7332
ltibia 47.3261 0 0
lfoot -16.5366 -1.79316 0
ltoes 29.7566 0 0
rfemur -17.0007 -2.34354 2.89829
rtibia 48.7979 0 0
rfoot -5.38232 -21.4629 0
rtoes 35.2596 0 0
lowerback 0.891381 -2.48139 0.710611
upperback -0.813888 -3.25618 2.71805
thorax -1.2026 -1.61917 2.44826
lowerneck -10.4953 -5.30538 -0.828085
upperneck 1.91062 -6.99765 0.656648
head 2.49712 -3.46646 -0.0211629
lclavicle -4.24433e-14 2.28178e-15 0
lhumerus -52.751 -35.0933 120.355
lradius 61.4379 0 0
lwrist 19.0601 0 0
lhand 8.21263 13.7172 0
lfingers 7.12502 0 0
lthumb 33.4235 40.5767 0
rclavicle -4.24433e-14 2.28178e-15 0
rhumerus -39.6907 -7.31777 -65.8342
rradius 63.819 0 0
rwrist 20.8228 0 0
rhand -1.51481 -10.4822 0
rfingers 7.12502 0 0
rthumb 23.4254 -753.207 0
246
root 6.5603 15.9833 -25.7493 9.535 38.6523 -3.33646
lfemur -36.7982 25.4941 -12.7052
ltibia 46.8079 0 0
lfoot -16.7792 -2.47355 0
ltoes 33.6724 0 0
rfemur -16.3725 -0.873108 2.69457
rtibia 49.6351 0 0
rfoot -3.1332 -23.5672 0
rtoes 33.2298 0 0
lowerback 0.847007 -2.52576 0.577358
upperback -0.834591 -3.31698 2.79002
thorax -1.18678 -1.64793 2.59621
lowerneck -10.3809 -5.68306 -0.963446
upperneck 1.99653 -7.48479 0.681667
head 2.51125 -3.70914 -0.0156071
lclavicle -4.69534e-14 3.66873e-15 0
lhumerus -52.6556 -34.8079 120.326
lradius 61.4931 0 0
lwrist 19.0833 0 0
lhand 7.80667 13.5303 0
lfingers 7.12502 0 0
lthumb 33.0384 40.4797 0
rclavicle -4.69534e-14 3.66873e-15 0
rhumerus -40.17 -7.75559 -65.4912
rradius 60.0839 0 0
rwrist 25.1494 0 0
rhand -5.35268 -9.00703 0
rfingers 7.12502 0 0
rthumb 19.8777 -753.226 0
247
root 6.66793 16.0189 -25.7381 9.45093 40.3892 -3.11646
lfemur -36.8056 24.8548 -13.6139
ltibia 46.3221 0 0
lfoot -17.0036 -3.11456 0
ltoes 37.3353 0 0
rfemur -15.7917 0.498649 2.50318
rtibia 50.4305 0 0
rfoot -1.00442 -25.5036 0
rtoes 31.275 0 0
lowerback 0.807038 -2.56684 0.451077
upperback -0.853601 -3.37331 2.85683
thorax -1.17243 -1.67456 2.73506
lowerneck -10.2739 -6.03674 -1.0907
upperneck 2.07695 -7.94091 0.704855
head 2.52455 -3.93638 -0.0104044
lclavicle -5.09682e-14 4.93482e-15 0
lhumerus -52.5645 -34.5418 120.296
lradius 61.544 0 0
lwrist 19.1066 0 0
lhand 7.42927 13.355 0
lfingers 7.12502 0 0
lthumb 32.6804 40.388 0
rclavicle -5.09682e-14 4.93482e-15 0
rhumerus -40.6183 -8.15874 -65.1737
rradius 56.5886 0 0
rwrist 29.1935 0 0
rhand -8.93221 -7.62515 0
rfingers 7.12502 0 0
rthumb 16.5688 -753.238 0
248
root 6.7665 16.0514 -25.7279 9.37488 41.9795 -2.91248
lfemur -36.8092 24.2684 -14.4455
ltibia 45.8766 0 0
lfoot -17.2058 -3.70656 0
ltoes 40.6885 0 0
rfemur -15.2683 1.74992 2.32707
rtibia 51.1732 0 0
rfoot 0.974375 -27.2374 0
rtoes 29.417 0 0
lowerback 0.772299 -2.60394 0.333585
upperback -0.870627 -3.4242 2.9175
thorax -1.1599 -1.69859 2.86279
lowerneck -10.1759 -6.36105 -1.20806
upperneck 2.15061 -8.35906 0.725771
head 2.53678 -4.14472 -0.00563633
lclavicle -5.43905e-14 6.05797e-15 0
lhumerus -52.479 -34.299 120.268
lradius 61.5899 0 0
lwrist 19.1299 0 0
lhand 7.08627 13.1938 0
lfingers 7.12502 0 0
lthumb 32.355 40.303 0
rclavicle -5.43905e-14 6.05797e-15 0
rhumerus -41.0287 -8.52163 -64.8874
rradius 53.3872 0 0
rwrist 32.8897 0 0
rhand -12.1989 -6.35747 0
rfingers 7.12502 0 0
rthumb 13.5501 -753.248 0
249
root 6.85434 16.0805 -25.7188 9.3083 43.3964 -2.72776
lfemur -36.8091 23.7448 -15.1862
ltibia 45.4791 0 0
lfoot -17.3816 -4.23993 0
ltoes 43.6751 0 0
rfemur -14.8119 2.85888 2.16918
rtibia 51.8525 0 0
rfoot 2.77354 -28.7343 0
rtoes 27.6779 0 0
lowerback 0.743615 -2.63633 0.2267
upperback -0.885376 -3.4687 2.97104
thorax -1.14951 -1.71956 2.97739
lowerneck -10.0886 -6.6506 -1.31374
upperneck 2.21623 -8.73227 0.743978
head 2.54774 -4.33071 -0.00138438
lclavicle -5.71234e-14 7.0161e-15 0
lhumerus -52.4002 -34.0835 120.24
lradius 61.6301 0 0
lwrist 19.1534 0 0
lhand 6.78351 13.0495 0
lfingers 7.12502 0 0
lthumb 32.0678 40.2259 0
rclavicle -5.71234e-14 7.0161e-15 0
rhumerus -41.3942 -8.83865 -64.6381
rradius 50.5337 0 0
rwrist 36.1727 0 0
rhand -15.0982 -5.22487 0
rfingers 7.12502 0 0
rthumb 10.873 -753.262 0
250
root 6.92981 16.1054 -25.711 9.25264 44.6135 -2.56551
lfemur -36.8053 23.2943 -15.8223
ltibia 45.1375 0 0
lfoot -17.527 -4.70505 0
ltoes 46.2384 0 0
rfemur -14.4323 3.80373 2.03242
rtibia 52.4575 0 0
rfoot 4.36343 -29.9598 0
rtoes 26.0795 0 0
lowerback 0.721811 -2.66332 0.132239
upperback -0.897555 -3.50584 3.01647
thorax -1.14158 -1.73701 3.07685
lowerneck -10.0135 -6.90003 -1.40596
upperneck 2.27254 -9.0536 0.759037
head 2.55719 -4.49087 0.00226994
lclavicle -5.90697e-14 7.78712e-15 0
lhumerus -52.3292 -33.8993 120.213
lradius 61.6638 0 0
lwrist 19.177 0 0
lhand 6.52683 12.9246 0
lfingers 7.12502 0 0
lthumb 31.8244 40.1582 0
rclavicle -5.90697e-14 7.78712e-15 0
rhumerus -41.7081 -9.10421 -64.4316
rradius 48.0824 0 0
rwrist 38.9772 0 0
rhand -17.5755 -4.24825 0
rfingers 7.12502 0 0
rthumb 8.58873 -753.284 0
251
root 6.99125 16.1258 -25.7047 9.20935 45.604 -2.42898
lfemur -36.798 22.9268 -16.3399
ltibia 44.8595 0 0
lfoot -17.638 -5.09231 0
ltoes 48.3216 0 0
rfemur -14.1393 4.56265 1.91975
rtibia 52.9773 0 0
rfoot 5.7144 -30.8793 0
rtoes 24.6437 0 0
lowerback 0.707711 -2.6842 0.0520184
upperback -0.906872 -3.53465 3.05281
thorax -1.13647 -1.75048 3.15916
lowerneck -9.95213 -7.10396 -1.48291
upperneck 2.31826 -9.31607 0.77051
head 2.56491 -4.62174 0.00524513
lclavicle -6.01324e-14 8.34896e-15 0
lhumerus -52.2672 -33.7502 120.188
lradius 61.6902 0 0
lwrist 19.2008 0 0
lhand 6.32207 12.8218 0
lfingers 7.12502 0 0
lthumb 31.6302 40.1012 0
rclavicle -6.01324e-14 8.34896e-15 0
rhumerus -41.9634 -9.31272 -64.2735
rradius 46.0874 0 0
rwrist 41.2378 0 0
rhand -19.5765 -3.4485 0
rfingers 7.12502 0 0
rthumb 6.74862 -753.321 0
252
root 7.07441 16.1575 -25.7021 9.35083 46.818 -1.63079
lfemur -35.8723 22.096 -16.8424
ltibia 44.2221 0 0
lfoot -17.0943 -6.85435 0
ltoes 51.0042 0 0
rfemur -15.6832 4.51616 1.548
rtibia 57.0463 0 0
rfoot 14.3368 -23.1993 0
rtoes 7.30316 0 0
lowerback 1.11503 -2.59497 -0.504216
upperback -0.819784 -3.42329 2.95579
thorax -1.25483 -1.69049 3.38765
lowerneck -9.89112 -7.47454 -1.75607
upperneck 2.39462 -9.77588 0.726411
head 2.59657 -4.85497 0.010683
lclavicle -5.26779e-15 3.97569e-16 0
lhumerus -51.6941 -33.8121 119.685
lradius 61.5249 0 0
lwrist 19.6645 0 0
lhand 6.7101 12.5515 0
lfingers 7.12502 0 0
lthumb 31.9997 39.7575 0
rclavicle -5.26779e-15 3.97569e-16 0
rhumerus -42.2806 -7.78615 -64.9811
rradius 43.1051 0 0
rwrist 43.3362 0 0
rhand -19.2122 -1.87951 0
rfingers 7.12502 0 0
rthumb 7.10036 -751.74 0
253
root 7.094 16.1509 -25.684 9.38081 46.9401 -1.45548
lfemur -35.6778 22.0593 -16.8581
ltibia 44.2939 0 0
lfoot -17.0903 -7.05729 0
ltoes 51.1067 0 0
rfemur -16.0747 4.26799 1.89433
rtibia 57.0893 0 0
rfoot 14.4412 -22.7386 0
rtoes 7.0732 0 0
lowerback 1.20165 -2.60036 -0.586556
upperback -0.761902 -3.4361 2.88685
thorax -1.24122 -1.69734 3.36596
lowerneck -9.84939 -7.50513 -1.7641
upperneck 2.34735 -9.81715 0.822338
head 2.58276 -4.87484 0.0432555
lclavicle -5.04689e-15 1.82406e-16 0
lhumerus -51.5986 -33.8943 119.481
lradius 61.5003 0 0
lwrist 19.686 0 0
lhand 6.779 12.5383 0
lfingers 7.12502 0 0
lthumb 32.065 39.7289 0
rclavicle -5.04689e-15 1.82406e-16 0
rhumerus -42.2077 -7.0081 -65.0268
rradius 43.4447 0 0
rwrist 42.9796 0 0
rhand -18.9632 -1.89584 0
rfingers 7.12502 0 0
rthumb 7.33964 -751.733 0
254
root 7.11554 16.1435 -25.6645 9.41439 47.0773 -1.26186
lfemur -35.4667 22.0194 -16.8759
ltibia 44.3769 0 0
lfoot -17.0842 -7.28679 0
ltoes 51.227 0 0
rfemur -16.5046 3.99137 2.28664
rtibia 57.131 0 0
rfoot 14.5452 -22.2348 0
rtoes 6.83723 0 0
lowerback 1.29707 -2.60715 -0.677587
upperback -0.698083 -3.45142 2.81045
thorax -1.22609 -1.7055 3.34184
lowerneck -9.8042 -7.53762 -1.77383
upperneck 2.29636 -9.86111 0.928946
head 2.56814 -4.89591 0.0795354
lclavicle -4.86969e-15 -5.04616e-17 0
lhumerus -51.4916 -33.9812 119.253
lradius 61.4733 0 0
lwrist 19.7108 0 0
lhand 6.85386 12.5237 0
lfingers 7.12502 0 0
lthumb 32.136 39.6976 0
rclavicle -4.86969e-15 -5.04616e-17 0
rhumerus -42.135 -6.13621 -65.0789
rradius 43.8232 0 0
rwrist 42.589 0 0
rhand -18.673 -1.90396 0
rfingers 7.12502 0 0
rthumb 7.61859 -751.715 0
255
root 7.13896 16.1353 -25.6436 9.45141 47.229 -1.05067
lfemur -35.2396 21.9765 -16.8956
ltibia 44.4708 0 0
lfoot -17.0763 -7.54164 0
ltoes 51.3641 0 0
rfemur -16.9716 3.68748 2.72296
rtibia 57.1715 0 0
rfoot 14.6488 -21.6896 0
rtoes 6.59579 0 0
lowerback 1.40095 -2.61526 -0.776951
upperback -0.628559 -3.46913 2.7269
thorax -1.2095 -1.71491 3.31538
lowerneck -9.75566 -7.57196 -1.78517
upperneck 2.24177 -9.90766 1.04581
head 2.55273 -4.91813 0.119373
lclavicle -4.73525e-15 -3.00141e-16 0
lhumerus -51.3737 -34.0727 119.001
lradius 61.4439 0 0
lwrist 19.7385 0 0
lhand 6.93447 12.5076 0
lfingers 7.12502 0 0
lthumb 32.2125 39.6635 0
rclavicle -4.73525e-15 -3.00141e-16 0
rhumerus -42.0622 -5.17442 -65.1369
rradius 44.2392 0 0
rwrist 42.1654 0 0
rhand -18.3434 -1.90445 0
rfingers 7.12502 0 0
rthumb 7.93537 -751.687 0
256
root 7.16419 16.1263 -25.6213 9.49172 47.3946 -0.822656
lfemur -34.9971 21.9308 -16.9173
ltibia 44.575 0 0
lfoot -17.0666 -7.82065 0
ltoes 51.5171 0 0
rfemur -17.4742 3.35745 3.20133
rtibia 57.2108 0 0
rfoot 14.7519 -21.105 0
rtoes 6.34942 0 0
lowerback 1.51293 -2.62463 -0.884288
upperback -0.55356 -3.48912 2.63649
thorax -1.1915 -1.7255 3.28668
lowerneck -9.7039 -7.60809 -1.79801
upperneck 2.18368 -9.95671 1.17251
head 2.53654 -4.94146 0.162618
lclavicle -4.64263e-15 -5.6574e-16 0
lhumerus -51.2454 -34.1686 118.727
lradius 61.4123 0 0
lwrist 19.769 0 0
lhand 7.0206 12.4902 0
lfingers 7.12502 0 0
lthumb 32.2942 39.6268 0
rclavicle -4.64263e-15 -5.6574e-16 0
rhumerus -41.9892 -4.12666 -65.2007
rradius 44.6912 0 0
rwrist 41.7101 0 0
rhand -17.9764 -1.89788 0
rfingers 7.12502 0 0
rthumb 8.28814 -751.649 0
257
root 7.19114 16.1167 -25.5978 9.53517 47.5733 -0.578551
lfemur -34.7399 21.8824 -16.9407
ltibia 44.689 0 0
lfoot -17.0553 -8.12261 0
ltoes 51.6851 0 0
rfemur -18.0107 3.00244 3.71979
rtibia 57.2487 0 0
rfoot 14.8543 -20.4828 0
rtoes 6.09864 0 0
lowerback 1.63266 -2.63519 -0.999239
upperback -0.473318 -3.51127 2.53952
thorax -1.17215 -1.73722 3.25581
lowerneck -9.64904 -7.64594 -1.81226
upperneck 2.12222 -10.0082 1.30861
head 2.51959 -4.96587 0.209122
lclavicle -4.5909e-15 -8.46366e-16 0
lhumerus -51.1071 -34.269 118.431
lradius 61.3786 0 0
lwrist 19.8023 0 0
lhand 7.11203 12.4716 0
lfingers 7.12502 0 0
lthumb 32.3809 39.5877 0
rclavicle -4.5909e-15 -8.46366e-16 0
rhumerus -41.9158 -2.99689 -65.2699
rradius 45.1778 0 0
rwrist 41.2243 0 0
rhand -17.5739 -1.88484 0
rfingers 7.12502 0 0
rthumb 8.67505 -751.603 0
258
root 7.21974 16.1064 -25.5731 9.5816 47.7644 -0.319096
lfemur -34.4684 21.8314 -16.9658
ltibia 44.8124 0 0
lfoot -17.0425 -8.44633 0
ltoes 51.867 0 0
rfemur -18.5798 2.6236 4.27638
rtibia 57.2855 0 0
rfoot 14.9561 -19.8248 0
rtoes 5.84398 0 0
lowerback 1.75979 -2.64688 -1.12145
upperback -0.388062 -3.53546 2.43629
thorax -1.15151 -1.75001 3.22286
lowerneck -9.59118 -7.68546 -1.82784
upperneck 2.0575 -10.062 1.4537
head 2.5019 -4.99133 0.258733
lclavicle -4.57911e-15 -1.14113e-15 0
lhumerus -50.9593 -34.3736 118.115
lradius 61.3428 0 0
lwrist 19.8381 0 0
lhand 7.20854 12.4517 0
lfingers 7.12502 0 0
lthumb 32.4724 39.5463 0
rclavicle -4.57911e-15 -1.14113e-15 0
rhumerus -41.8419 -1.78904 -65.3442
rradius 45.6975 0 0
rwrist 40.7091 0 0
rhand -17.1379 -1.86589 0
rfingers 7.12502 0 0
rthumb 9.09427 -751.548 0
259
root 7.2499 16.0955 -25.5472 9.63086 47.9673 -0.0450265
lfemur -34.1834 21.7779 -16.9924
ltibia 44.9445 0 0
lfoot -17.0283 -8.79058 0
ltoes 52.0621 0 0
rfemur -19.1798 2.22208 4.86914
rtibia 57.321 0 0
rfoot 15.0571 -19.1331 0
rtoes 5.58598 0 0
lowerback 1.89396 -2.65962 -1.25055
upperback -0.298024 -3.56159 2.32709
thorax -1.12963 -1.76381 3.18793
lowerneck -9.53046 -7.72657 -1.84465
upperneck 1.98964 -10.118 1.60734
head 2.48349 -5.01779 0.311304
lclavicle -4.60632e-15 -1.44913e-15 0
lhumerus -50.8026 -34.4824 117.78
lradius 61.3051 0 0
lwrist 19.8762 0 0
lhand 7.30992 12.4307 0
lfingers 7.12502 0 0
lthumb 32.5685 39.5026 0
rclavicle -4.60632e-15 -1.44913e-15 0
rhumerus -41.7672 -0.507048 -65.4233
rradius 46.2489 0 0
rwrist 40.1657 0 0
rhand -16.6701 -1.84162 0
rfingers 7.12502 0 0
rthumb 9.54394 -751.486 0
260
root 7.28156 16.0839 -25.5202 9.6828 48.1813 0.242917
lfemur -33.8854 21.7222 -17.0205
ltibia 45.0851 0 0
lfoot -17.0129 -9.15419 0
ltoes 52.2693 0 0
rfemur -19.8094 1.79904 5.4961
rtibia 57.3554 0 0
rfoot 15.1573 -18.4093 0
rtoes 5.32518 0 0
lowerback 2.03484 -2.67335 -1.38618
upperback -0.203434 -3.58952 2.21222
thorax -1.10656 -1.77855 3.15111
lowerneck -9.46698 -7.76922 -1.86259
upperneck 1.91875 -10.1762 1.76911
head 2.46436 -5.04522 0.366683
lclavicle -4.67161e-15 -1.76948e-15 0
lhumerus -50.6374 -34.5952 117.426
lradius 61.2655 0 0
lwrist 19.9166 0 0
lhand 7.41593 12.4087 0
lfingers 7.12502 0 0
lthumb 32.6691 39.4569 0
rclavicle -4.67161e-15 -1.76948e-15 0
rhumerus -41.6915 0.845137 -65.5069
rradius 46.8304 0 0
rwrist 39.5952 0 0
rhand -16.1726 -1.8126 0
rfingers 7.12502 0 0
rthumb 10.0222 -751.417 0
261
root 7.31464 16.0718 -25.492 9.73725 48.4057 0.543997
lfemur -33.5751 21.6643 -17.0499
ltibia 45.2335 0 0
lfoot -16.9964 -9.53593 0
ltoes 52.4877 0 0
rfemur -20.467 1.35563 6.15531
rtibia 57.3885 0 0
rfoot 15.2564 -17.6554 0
rtoes 5.06209 0 0
lowerback 2.18206 -2.688 -1.528
upperback -0.104523 -3.61915 2.09197
thorax -1.08238 -1.79418 3.11248
lowerneck -9.40087 -7.81334 -1.88158
upperneck 1.84496 -10.2364 1.9386
head 2.44455 -5.07357 0.424721
lclavicle -4.77402e-15 -2.10129e-15 0
lhumerus -50.4642 -34.712 117.055
lradius 61.2242 0 0
lwrist 19.959 0 0
lhand 7.52637 12.3857 0
lfingers 7.12502 0 0
lthumb 32.7738 39.4091 0
rclavicle -4.77402e-15 -2.10129e-15 0
rhumerus -41.6149 2.26358 -65.5947
rradius 47.4406 0 0
rwrist 38.9989 0 0
rhand -15.6472 -1.7794 0
rfingers 7.12502 0 0
rthumb 10.5273 -751.342 0
262
root 7.34906 16.0591 -25.4628 9.79408 48.6398 0.857474
lfemur -33.253 21.6044 -17.0806
ltibia 45.3893 0 0
lfoot -16.979 -9.93462 0
ltoes 52.7165 0 0
rfemur -21.1511 0.893006 6.8448
rtibia 57.4204 0 0
rfoot 15.3545 -16.8732 0
rtoes 4.79726 0 0
lowerback 2.33527 -2.70351 -1.67563
upperback -0.00152231 -3.65036 1.96665
thorax -1.05712 -1.81063 3.07212
lowerneck -9.33224 -7.85888 -1.90152
upperneck 1.76838 -10.2987 2.11536
head 2.42407 -5.10282 0.485269
lclavicle -4.91263e-15 -2.44366e-15 0
lhumerus -50.2836 -34.8326 116.668
lradius 61.1812 0 0
lwrist 20.0033 0 0
lhand 7.641 12.3617 0
lfingers 7.12502 0 0
lthumb 32.8825 39.3595 0
rclavicle -4.91263e-15 -2.44366e-15 0
rhumerus -41.5369 3.74433 -65.6864
rradius 48.078 0 0
rwrist 38.3779 0 0
rhand -15.0959 -1.74262 0
rfingers 7.12502 0 0
rthumb 11.0573 -751.262 0
263
root 7.38474 16.046 -25.4326 9.85311 48.883 1.18261
lfemur -32.9197 21.5426 -17.1123
ltibia 45.552 0 0
lfoot -16.9607 -10.349 0
ltoes 52.9546 0 0
rfemur -21.8602 0.412311 7.56262
rtibia 57.4512 0 0
rfoot 15.4515 -16.0646 0
rtoes 4.53121 0 0
lowerback 2.49413 -2.7198 -1.82872
upperback 0.105338 -3.68303 1.83656
thorax -1.03085 -1.82785 3.03014
lowerneck -9.26122 -7.90576 -1.92231
upperneck 1.68913 -10.3628 2.29899
head 2.40293 -5.13293 0.548176
lclavicle -5.08649e-15 -2.79571e-15 0
lhumerus -50.0959 -34.957 116.265
lradius 61.1367 0 0
lwrist 20.0493 0 0
lhand 7.75961 12.3369 0
lfingers 7.12502 0 0
lthumb 32.995 39.3081 0
rclavicle -5.08649e-15 -2.79571e-15 0
rhumerus -41.4575 5.28346 -65.7817
rradius 48.7413 0 0
rwrist 37.7334 0 0
rhand -14.5207 -1.70281 0
rfingers 7.12502 0 0
rthumb 11.6103 -751.177 0
264
root 7.42161 16.0323 -25.4015 9.91421 49.1345 1.51867
lfemur -32.5758 21.479 -17.1451
ltibia 45.7211 0 0
lfoot -16.9417 -10.778 0
ltoes 53.2012 0 0
rfemur -22.5928 -0.0852971 8.3068
rtibia 57.4807 0 0
rfoot 15.5472 -15.2315 0
rtoes 4.26448 0 0
lowerback 2.65828 -2.73682 -1.98691
upperback 0.215827 -3.71705 1.70198
thorax -1.00363 -1.84578 2.98661
lowerneck -9.18792 -7.95393 -1.94386
upperneck 1.60732 -10.4287 2.48904
head 2.38116 -5.16385 0.613293
lclavicle -5.29467e-15 -3.15653e-15 0
lhumerus -49.9017 -35.085 115.849
lradius 61.0907 0 0
lwrist 20.0969 0 0
lhand 7.88198 12.3113 0
lfingers 7.12502 0 0
lthumb 33.111 39.2552 0
rclavicle -5.29467e-15 -3.15653e-15 0
rhumerus -41.3766 6.87701 -65.8803
rradius 49.4289 0 0
rwrist 37.0666 0 0
rhand -13.9233 -1.66056 0
rfingers 7.12502 0 0
rthumb 12.1846 -751.088 0
265
root 7.45958 16.0182 -25.3694 9.97721 49.3937 1.86491
lfemur -32.222 21.4139 -17.1787
ltibia 45.8962 0 0
lfoot -16.9221 -11.2203 0
ltoes 53.4552 0 0
rfemur -23.3474 -0.598667 9.07537
rtibia 57.5091 0 0
rfoot 15.6416 -14.3757 0
rtoes 3.9976 0 0
lowerback 2.82737 -2.75449 -2.14983
upperback 0.329714 -3.7523 1.56321
thorax -0.9755 -1.86435 2.94162
lowerneck -9.11245 -8.00333 -1.96609
upperneck 1.52307 -10.4963 2.68511
head 2.35877 -5.19556 0.68047
lclavicle -5.53622e-15 -3.52524e-15 0
lhumerus -49.7016 -35.2166 115.419
lradius 61.0434 0 0
lwrist 20.146 0 0
lhand 8.00789 12.285 0
lfingers 7.12502 0 0
lthumb 33.2304 39.2007 0
rclavicle -5.53622e-15 -3.52524e-15 0
rhumerus -41.2938 8.52106 -65.9819
rradius 50.1393 0 0
rwrist 36.3786 0 0
rhand -13.3057 -1.61645 0
rfingers 7.12502 0 0
rthumb 12.7784 -750.996 0
266
root 7.49859 16.0037 -25.3364 10.042 49.6599 2.22059
lfemur -31.8588 21.3472 -17.2131
ltibia 46.0766 0 0
lfoot -16.9021 -11.6747 0
ltoes 53.7159 0 0
rfemur -24.1225 -1.12665 9.86639
rtibia 57.5364 0 0
rfoot 15.7346 -13.4991 0
rtoes 3.7311 0 0
lowerback 3.00105 -2.77275 -2.31714
upperback 0.446768 -3.78866 1.42056
thorax -0.946529 -1.88351 2.89528
lowerneck -9.03494 -8.0539 -1.98889
upperneck 1.43649 -10.5655 2.88676
head 2.33577 -5.22801 0.749557
lclavicle -5.81022e-15 -3.90095e-15 0
lhumerus -49.4959 -35.3515 114.977
lradius 60.9948 0 0
lwrist 20.1963 0 0
lhand 8.13711 12.2581 0
lfingers 7.12502 0 0
lthumb 33.353 39.1448 0
rclavicle -5.81022e-15 -3.90095e-15 0
rhumerus -41.2091 10.2117 -66.0862
rradius 50.8711 0 0
rwrist 35.6706 0 0
rhand -12.6699 -1.57105 0
rfingers 7.12502 0 0
rthumb 13.3896 -750.901 0
267
root 7.53855 15.9888 -25.3026 10.1083 49.9323 2.58498
lfemur -31.4869 21.2793 -17.2482
ltibia 46.262 0 0
lfoot -16.8817 -12.1401 0
ltoes 53.9822 0 0
rfemur -24.9166 -1.66808 10.6779
rtibia 57.5625 0 0
rfoot 15.8261 -12.6036 0
rtoes 3.46551 0 0
lowerback 3.17896 -2.79152 -2.48847
upperback 0.566758 -3.82601 1.27431
thorax -0.916769 -1.90319 2.84765
lowerneck -8.95551 -8.10556 -2.01218
upperneck 1.34772 -10.6363 3.09357
head 2.31219 -5.26117 0.820405
lclavicle -6.11571e-15 -4.28276e-15 0
lhumerus -49.2852 -35.4898 114.524
lradius 60.9451 0 0
lwrist 20.2477 0 0
lhand 8.26942 12.2306 0
lfingers 7.12502 0 0
lthumb 33.4784 39.0876 0
rclavicle -6.11571e-15 -4.28276e-15 0
rhumerus -41.1223 11.9449 -66.1928
rradius 51.6229 0 0
rwrist 34.9438 0 0
rhand -12.0177 -1.52494 0
rfingers 7.12502 0 0
rthumb 14.0166 -750.804 0
268
root 7.57939 15.9735 -25.2681 10.1761 50.2104 2.95734
lfemur -31.1068 21.2101 -17.2839
ltibia 46.4518 0 0
lfoot -16.8612 -12.6151 0
ltoes 54.2532 0 0
rfemur -25.7282 -2.22182 11.5079
rtibia 57.5875 0 0
rfoot 15.9159 -11.691 0
rtoes 3.20137 0 0
lowerback 3.36077 -2.81075 -2.66346
upperback 0.689455 -3.86425 1.12477
thorax -0.886278 -1.92334 2.79883
lowerneck -8.87427 -8.15826 -2.03585
upperneck 1.25685 -10.7085 3.30511
head 2.28805 -5.295 0.892864
lclavicle -6.45177e-15 -4.66977e-15 0
lhumerus -49.07 -35.6313 114.061
lradius 60.8942 0 0
lwrist 20.3001 0 0
lhand 8.40461 12.2026 0
lfingers 7.12502 0 0
lthumb 33.6066 39.0293 0
rclavicle -6.45177e-15 -4.66977e-15 0
rhumerus -41.0332 13.7167 -66.3016
rradius 52.3931 0 0
rwrist 34.1994 0 0
rhand -11.3511 -1.47869 0
rfingers 7.12502 0 0
rthumb 14.6574 -750.706 0
269
root 7.62102 15.9579 -25.2328 10.2452 50.4935 3.33692
lfemur -30.7191 21.1399 -17.32
ltibia 46.6456 0 0
lfoot -16.8406 -13.0987 0
ltoes 54.5281 0 0
rfemur -26.5558 -2.78671 12.3545
rtibia 57.6113 0 0
rfoot 16.0041 -10.7632 0
rtoes 2.9392 0 0
lowerback 3.54611 -2.83037 -2.84175
upperback 0.814626 -3.90325 0.972238
thorax -0.85511 -1.94389 2.74891
lowerneck -8.79134 -8.21194 -2.05983
upperneck 1.16401 -10.782 3.52096
head 2.26336 -5.32946 0.966784
lclavicle -6.81746e-15 -5.06111e-15 0
lhumerus -48.8507 -35.7759 113.589
lradius 60.8425 0 0
lwrist 20.3532 0 0
lhand 8.54245 12.1742 0
lfingers 7.12502 0 0
lthumb 33.7374 38.97 0
rclavicle -6.81746e-15 -5.06111e-15 0
rhumerus -40.9417 15.5233 -66.4121
rradius 53.1803 0 0
rwrist 33.4385 0 0
rhand -10.672 -1.43289 0
rfingers 7.12502 0 0
rthumb 15.3103 -750.607 0
270
root 7.66339 15.942 -25.1968 10.3154 50.7808 3.723
lfemur -30.3245 21.0688 -17.3565
ltibia 46.8429 0 0
lfoot -16.8201 -13.5897 0
ltoes 54.8057 0 0
rfemur -27.3979 -3.3616 13.2156
rtibia 57.6341 0 0
rfoot 16.0905 -9.82198 0
rtoes 2.67954 0 0
lowerback 3.73463 -2.8503 -3.02299
upperback 0.942041 -3.9429 0.817003
thorax -0.823323 -1.96479 2.69798
lowerneck -8.70684 -8.26654 -2.08401
upperneck 1.06931 -10.8568 3.7407
head 2.23813 -5.36452 1.04201
lclavicle -7.21183e-15 -5.45587e-15 0
lhumerus -48.628 -35.9235 113.109
lradius 60.7898 0 0
lwrist 20.407 0 0
lhand 8.68272 12.1453 0
lfingers 7.12502 0 0
lthumb 33.8704 38.9097 0
rclavicle -7.21183e-15 -5.45587e-15 0
rhumerus -40.8475 17.3607 -66.5241
rradius 53.9831 0 0
rwrist 32.6623 0 0
rhand -9.98236 -1.3881 0
rfingers 7.12502 0 0
rthumb 15.9734 -750.509 0
271
root 7.7064 15.9259 -25.1602 10.3866 51.0717 4.11482
lfemur -29.9235 20.997 -17.3932
ltibia 47.0432 0 0
lfoot -16.7998 -14.0867 0
ltoes 55.0853 0 0
rfemur -28.2531 -3.94534 14.0894
rtibia 57.6557 0 0
rfoot 16.175 -8.8693 0
rtoes 2.42293 0 0
lowerback 3.92599 -2.87049 -3.20681
upperback 1.07147 -3.98308 0.659365
thorax -0.790972 -1.98597 2.64613
lowerneck -8.62089 -8.32198 -2.10829
upperneck 0.972872 -10.9328 3.96389
head 2.21239 -5.40014 1.11841
lclavicle -7.63394e-15 -5.85316e-15 0
lhumerus -48.4021 -36.074 112.622
lradius 60.7364 0 0
lwrist 20.4612 0 0
lhand 8.82521 12.1162 0
lfingers 7.12502 0 0
lthumb 34.0055 38.8487 0
rclavicle -7.63394e-15 -5.85316e-15 0
rhumerus -40.7505 19.2249 -66.6373
rradius 54.8 0 0
rwrist 31.872 0 0
rhand -9.28399 -1.34491 0
rfingers 7.12502 0 0
rthumb 16.6447 -750.411 0
272
root 7.74997 15.9095 -25.1229 10.4586 51.3655 4.51166
lfemur -29.5168 20.9244 -17.43
ltibia 47.2459 0 0
lfoot -16.7799 -14.5886 0
ltoes 55.366 0 0
rfemur -29.1197 -4.53677 14.9739
rtibia 57.6762 0 0
rfoot 16.2576 -7.90701 0
rtoes 2.16988 0 0
lowerback 4.11983 -2.89086 -3.39285
upperback 1.20268 -4.02367 0.499622
thorax -0.758114 -2.00737 2.59344
lowerneck -8.53361 -8.37822 -2.1326
upperneck 0.874814 -11.0099 4.19012
head 2.18616 -5.43628 1.19581
lclavicle -8.08287e-15 -6.25208e-15 0
lhumerus -48.1737 -36.2273 112.129
lradius 60.6823 0 0
lwrist 20.5158 0 0
lhand 8.96968 12.0869 0
lfingers 7.12502 0 0
lthumb 34.1425 38.7869 0
rclavicle -8.08287e-15 -6.25208e-15 0
rhumerus -40.6505 21.1121 -66.7514
rradius 55.6294 0 0
rwrist 31.0688 0 0
rhand -8.57885 -1.30389 0
rfingers 7.12502 0 0
rthumb 17.3226 -750.314 0
273
root 7.79404 15.893 -25.0852 10.5313 51.6615 4.91278
lfemur -29.1049 20.8514 -17.4669
ltibia 47.4507 0 0
lfoot -16.7604 -15.0943 0
ltoes 55.6467 0 0
rfemur -29.9963 -5.13474 15.8671
rtibia 57.6957 0 0
rfoot 16.3381 -6.93695 0
rtoes 1.92095 0 0
lowerback 4.3158 -2.91134 -3.58076
upperback 1.33544 -4.06457 0.33807
thorax -0.724804 -2.02894 2.54
lowerneck -8.44511 -8.43518 -2.15683
upperneck 0.77525 -11.088 4.41896
head 2.15944 -5.4729 1.27408
lclavicle -8.55767e-15 -6.65176e-15 0
lhumerus -47.9433 -36.3833 111.631
lradius 60.6276 0 0
lwrist 20.5705 0 0
lhand 9.11593 12.0574 0
lfingers 7.12502 0 0
lthumb 34.2812 38.7246 0
rclavicle -8.55767e-15 -6.65176e-15 0
rhumerus -40.5474 23.0181 -66.866
rradius 56.4701 0 0
rwrist 30.2538 0 0
rhand -7.86888 -1.26562 0
rfingers 7.12502 0 0
rthumb 18.0052 -750.22 0
274
root 7.83853 15.8763 -25.0469 10.6045 51.9591 5.31743
lfemur -28.6885 20.778 -17.5036
ltibia 47.6569 0 0
lfoot -16.7415 -15.6025 0
ltoes 55.9265 0 0
rfemur -30.8813 -5.73811 16.767
rtibia 57.7141 0 0
rfoot 16.4165 -5.961 0
rtoes 1.67664 0 0
lowerback 4.51355 -2.93188 -3.77018
upperback 1.46953 -4.10564 0.175006
thorax -0.691099 -2.05062 2.48591
lowerneck -8.35551 -8.49282 -2.18089
upperneck 0.674297 -11.167 4.64999
head 2.13227 -5.50997 1.35306
lclavicle -9.05741e-15 -7.05129e-15 0
lhumerus -47.7113 -36.5419 111.129
lradius 60.5724 0 0
lwrist 20.6252 0 0
lhand 9.26372 12.0278 0
lfingers 7.12502 0 0
lthumb 34.4213 38.6619 0
rclavicle -9.05741e-15 -7.05129e-15 0
rhumerus -40.4409 24.9393 -66.9809
rradius 57.3204 0 0
rwrist 29.4283 0 0
rhand -7.15597 -1.23067 0
rfingers 7.12502 0 0
rthumb 18.6905 -750.129 0
275
root 7.88335 15.8594 -25.0081 10.6781 52.2574 5.72488
lfemur -28.2682 20.7045 -17.5401
ltibia 47.8642 0 0
lfoot -16.7233 -16.112 0
ltoes 56.2045 0 0
rfemur -31.7734 -6.34571 17.6717
rtibia 57.7314 0 0
rfoot 16.4926 -4.98102 0
rtoes 1.43751 0 0
lowerback 4.71273 -2.9524 -3.96074
upperback 1.6047 -4.14678 0.0107272
thorax -0.657055 -2.07233 2.43124
lowerneck -8.26493 -8.55105 -2.20469
upperneck 0.572073 -11.2468 4.88278
head 2.10465 -5.54745 1.4326
lclavicle -9.58114e-15 -7.44978e-15 0
lhumerus -47.4782 -36.7029 110.624
lradius 60.5169 0 0
lwrist 20.6797 0 0
lhand 9.41284 11.9982 0
lfingers 7.12502 0 0
lthumb 34.5627 38.5988 0
rclavicle -9.58114e-15 -7.44978e-15 0
rhumerus -40.331 26.8714 -67.0958
rradius 58.179 0 0
rwrist 28.5933 0 0
rhand -6.44205 -1.19963 0
rfingers 7.12502 0 0
rthumb 19.3768 -750.041 0
276
root 7.92844 15.8425 -24.9689 10.7519 52.556 6.13439
lfemur -27.8445 20.6308 -17.5764
ltibia 48.0721 0 0
lfoot -16.706 -16.6215 0
ltoes 56.4798 0 0
rfemur -32.671 -6.95639 18.5793
rtibia 57.7476 0 0
rfoot 16.5664 -3.99887 0
rtoes 1.20408 0 0
lowerback 4.91299 -2.97284 -4.15209
upperback 1.74074 -4.18787 -0.154469
thorax -0.622728 -2.09403 2.37609
lowerneck -8.1735 -8.60983 -2.22813
upperneck 0.468693 -11.3273 5.1169
head 2.07661 -5.58531 1.51255
lclavicle -1.01279e-14 -7.84634e-15 0
lhumerus -47.2445 -36.8663 110.118
lradius 60.461 0 0
lwrist 20.7339 0 0
lhand 9.56307 11.9687 0
lfingers 7.12502 0 0
lthumb 34.7052 38.5355 0
rclavicle -1.01279e-14 -7.84634e-15 0
rhumerus -40.2174 28.8108 -67.2103
rradius 59.0443 0 0
rwrist 27.7501 0 0
rhand -5.72903 -1.17306 0
rfingers 7.12502 0 0
rthumb 20.0623 -749.957 0
277
root 7.97371 15.8255 -24.9294 10.8257 52.854 6.54522
lfemur -27.418 20.5572 -17.6122
ltibia 48.2799 0 0
lfoot -16.6897 -17.13 0
ltoes 56.7515 0 0
rfemur -33.5725 -7.56901 19.4877
rtibia 57.7628 0 0
rfoot 16.6378 -3.01641 0
rtoes 0.976876 0 0
lowerback 5.11397 -2.99312 -4.34387
upperback 1.8774 -4.22879 -0.320286
thorax -0.588175 -2.11566 2.32055
lowerneck -8.08131 -8.66908 -2.25113
upperneck 0.364276 -11.4085 5.35193
head 2.04815 -5.6235 1.59277
lclavicle -1.06968e-14 -8.24008e-15 0
lhumerus -47.0108 -37.032 109.611
lradius 60.405 0 0
lwrist 20.7877 0 0
lhand 9.71419 11.9393 0
lfingers 7.12502 0 0
lthumb 34.8485 38.4722 0
rclavicle -1.06968e-14 -8.24008e-15 0
rhumerus -40.0999 30.7533 -67.3242
rradius 59.9149 0 0
rwrist 26.8998 0 0
rhand -5.01883 -1.15155 0
rfingers 7.12502 0 0
rthumb 20.745 -749.878 0
278
root 8.01909 15.8085 -24.8895 10.8994 53.1509 6.95663
lfemur -26.9894 20.4837 -17.6475
ltibia 48.4874 0 0
lfoot -16.6745 -17.6362 0
ltoes 57.0186 0 0
rfemur -34.4766 -8.18241 20.395
rtibia 57.7769 0 0
rfoot 16.7067 -2.03552 0
rtoes 0.756439 0 0
lowerback 5.31532 -3.01319 -4.53571
upperback 2.01446 -4.26943 -0.486427
thorax -0.553451 -2.13714 2.2647
lowerneck -7.98851 -8.72875 -2.27358
upperneck 0.258936 -11.4903 5.58745
head 2.01931 -5.66198 1.6731
lclavicle -1.12869e-14 -8.6301e-15 0
lhumerus -46.7775 -37.1998 109.104
lradius 60.3489 0 0
lwrist 20.8408 0 0
lhand 9.86597 11.91 0
lfingers 7.12502 0 0
lthumb 34.9924 38.4088 0
rclavicle -1.12869e-14 -8.6301e-15 0
rhumerus -39.9784 32.6951 -67.4372
rradius 60.7894 0 0
rwrist 26.0436 0 0
rhand -4.31337 -1.13567 0
rfingers 7.12502 0 0
rthumb 21.4232 -749.804 0
279
root 8.0645 15.7914 -24.8493 10.9729 53.4458 7.36789
lfemur -26.5593 20.4107 -17.6821
ltibia 48.6939 0 0
lfoot -16.6606 -18.1389 0
ltoes 57.2802 0 0
rfemur -35.3816 -8.79543 21.2993
rtibia 57.7901 0 0
rfoot 16.773 -1.05805 0
rtoes 0.543299 0 0
lowerback 5.5167 -3.03297 -4.72727
upperback 2.15169 -4.30967 -0.652594
thorax -0.518613 -2.15843 2.20864
lowerneck -7.89519 -8.78878 -2.2954
upperneck 0.152792 -11.5725 5.82303
head 1.99009 -5.70073 1.75339
lclavicle -1.18972e-14 -9.01552e-15 0
lhumerus -46.545 -37.3697 108.598
lradius 60.2928 0 0
lwrist 20.8931 0 0
lhand 10.0182 11.8811 0
lfingers 7.12502 0 0
lthumb 35.1367 38.3457 0
rclavicle -1.18972e-14 -9.01552e-15 0
rhumerus -39.8528 34.6321 -67.5489
rradius 61.6662 0 0
rwrist 25.1827 0 0
rhand -3.61456 -1.126 0
rfingers 7.12502 0 0
rthumb 22.0949 -749.737 0
280
root 8.10986 15.7744 -24.8089 11.046 53.7382 7.77825
lfemur -26.1282 20.338 -17.716
ltibia 48.899 0 0
lfoot -16.648 -18.6369 0
ltoes 57.5353 0 0
rfemur -36.2861 -9.40693 22.1985
rtibia 57.8022 0 0
rfoot 16.8366 -0.0858763 0
rtoes 0.337986 0 0
lowerback 5.71775 -3.0524 -4.91817
upperback 2.28886 -4.34939 -0.81849
thorax -0.483716 -2.17946 2.15245
lowerneck -7.80149 -8.8491 -2.31649
upperneck 0.0459603 -11.6551 6.05825
head 1.96051 -5.73971 1.8335
lclavicle -1.25269e-14 -9.39543e-15 0
lhumerus -46.314 -37.5415 108.095
lradius 60.2369 0 0
lwrist 20.9444 0 0
lhand 10.1706 11.8524 0
lfingers 7.12502 0 0
lthumb 35.2813 38.2827 0
rclavicle -1.25269e-14 -9.39543e-15 0
rhumerus -39.7228 36.5606 -67.6591
rradius 62.544 0 0
rwrist 24.3183 0 0
rhand -2.92431 -1.12312 0
rfingers 7.12502 0 0
rthumb 22.7584 -749.677 0
281
root 8.1551 15.7574 -24.7682 11.1186 54.0274 8.18698
lfemur -25.6968 20.266 -17.749
ltibia 49.1022 0 0
lfoot -16.637 -19.129 0
ltoes 57.7831 0 0
rfemur -37.1886 -10.0158 23.0908
rtibia 57.8133 0 0
rfoot 16.8975 0.879148 0
rtoes 0.141034 0 0
lowerback 5.91812 -3.07141 -5.10807
upperback 2.42573 -4.38848 -0.98382
thorax -0.448818 -2.20018 2.09622
lowerneck -7.70752 -8.90965 -2.33675
upperneck -0.0614428 -11.738 6.29267
head 1.9306 -5.77887 1.91327
lclavicle -1.31749e-14 -9.76895e-15 0
lhumerus -46.0848 -37.7152 107.595
lradius 60.1811 0 0
lwrist 20.9947 0 0
lhand 10.3231 11.8242 0
lfingers 7.12502 0 0
lthumb 35.4258 38.2202 0
rclavicle -1.31749e-14 -9.76895e-15 0
rhumerus -39.5882 38.4765 -67.7674
rradius 63.4212 0 0
rwrist 23.4515 0 0
rhand -2.24455 -1.12759 0
rfingers 7.12502 0 0
rthumb 23.4118 -749.624 0
282
root 8.20013 15.7406 -24.7275 11.1904 54.3126 8.59334
lfemur -25.2657 20.1948 -17.781
ltibia 49.303 0 0
lfoot -16.6276 -19.614 0
ltoes 58.0226 0 0
rfemur -38.0876 -10.6207 23.9742
rtibia 57.8233 0 0
rfoot 16.9554 1.83515 0
rtoes -0.0470266 0 0
lowerback 6.11747 -3.08993 -5.2966
upperback 2.56208 -4.42682 -1.14828
thorax -0.413974 -2.22051 2.04004
lowerneck -7.6134 -8.97037 -2.35611
upperneck -0.1693 -11.8211 6.52589
head 1.90037 -5.81818 1.99256
lclavicle -1.38403e-14 -1.01352e-14 0
lhumerus -45.8581 -37.8906 107.099
lradius 60.1256 0 0
lwrist 21.0436 0 0
lhand 10.4753 11.7964 0
lfingers 7.12502 0 0
lthumb 35.5702 38.1582 0
rclavicle -1.38403e-14 -1.01352e-14 0
rhumerus -39.449 40.3759 -67.8736
rradius 64.2964 0 0
rwrist 22.5835 0 0
rhand -1.5772 -1.14001 0
rfingers 7.12502 0 0
rthumb 24.0533 -749.579 0
283
root 8.24489 15.7238 -24.6866 11.2613 54.5932 8.99659
lfemur -24.8354 20.1244 -17.812
ltibia 49.5009 0 0
lfoot -16.62 -20.0906 0
ltoes 58.2528 0 0
rfemur -38.9815 -11.2208 24.8466
rtibia 57.8324 0 0
rfoot 17.0105 2.78028 0
rtoes -0.225663 0 0
lowerback 6.31543 -3.1079 -5.4834
upperback 2.69767 -4.46429 -1.31159
thorax -0.37924 -2.24041 1.98399
lowerneck -7.51924 -9.03119 -2.37445
upperneck -0.277495 -11.9043 6.75746
head 1.86983 -5.85761 2.07121
lclavicle -1.45222e-14 -1.04932e-14 0
lhumerus -45.6342 -38.0676 106.609
lradius 60.0705 0 0
lwrist 21.0912 0 0
lhand 10.6271 11.7691 0
lfingers 7.12502 0 0
lthumb 35.7141 38.0968 0
rclavicle -1.45222e-14 -1.04932e-14 0
rhumerus -39.3049 42.2548 -67.9773
rradius 65.1681 0 0
rwrist 21.7155 0 0
rhand -0.924154 -1.16094 0
rfingers 7.12502 0 0
rthumb 24.681 -749.544 0
284
root 8.2893 15.7073 -24.6457 11.3312 54.8686 9.39599
lfemur -24.4066 20.0551 -17.8418
ltibia 49.6955 0 0
lfoot -16.6143 -20.5578 0
ltoes 58.4729 0 0
rfemur -39.869 -11.8146 25.7062
rtibia 57.8406 0 0
rfoot 17.0624 3.71266 0
rtoes -0.394344 0 0
lowerback 6.51165 -3.12525 -5.66811
upperback 2.83227 -4.50079 -1.47343
thorax -0.344672 -2.25981 1.92817
lowerneck -7.42516 -9.09206 -2.3917
upperneck -0.385911 -11.9875 6.98698
head 1.839 -5.89711 2.14908
lclavicle -1.52197e-14 -1.08422e-14 0
lhumerus -45.4137 -38.2462 106.126
lradius 60.0159 0 0
lwrist 21.1371 0 0
lhand 10.7783 11.7425 0
lfingers 7.12502 0 0
lthumb 35.8574 38.0361 0
rclavicle -1.52197e-14 -1.08422e-14 0
rhumerus -39.1557 44.1093 -68.0783
rradius 66.0349 0 0
rwrist 20.8487 0 0
rhand -0.287346 -1.19096 0
rfingers 7.12502 0 0
rthumb 25.2931 -749.518 0
285
root 8.33327 15.6909 -24.6047 11.4 55.1379 9.7908
lfemur -23.9799 19.9869 -17.8702
ltibia 49.8862 0 0
lfoot -16.6106 -21.0142 0
ltoes 58.6819 0 0
rfemur -40.7484 -12.4012 26.5509
rtibia 57.8477 0 0
rfoot 17.1112 4.63043 0
rtoes -0.552537 0 0
lowerback 6.7058 -3.14191 -5.85038
upperback 2.96566 -4.53618 -1.63352
thorax -0.310328 -2.27865 1.87266
lowerneck -7.33129 -9.15291 -2.40775
upperneck -0.494431 -12.0707 7.214
head 1.80791 -5.93664 2.22601
lclavicle -1.59318e-14 -1.11812e-14 0
lhumerus -45.197 -38.4262 105.649
lradius 59.9619 0 0
lwrist 21.1813 0 0
lhand 10.9285 11.7165 0
lfingers 7.12502 0 0
lthumb 35.9999 37.9763 0
rclavicle -1.59318e-14 -1.11812e-14 0
rhumerus -39.0014 45.9355 -68.1762
rradius 66.8953 0 0
rwrist 19.9842 0 0
rhand 0.331312 -1.23066 0
rfingers 7.12502 0 0
rthumb 25.8877 -749.502 0
286
root 8.37673 15.6747 -24.5638 11.4674 55.4006 10.1803
lfemur -23.5559 19.9201 -17.8973
ltibia 50.0725 0 0
lfoot -16.6091 -21.4587 0
ltoes 58.8789 0 0
rfemur -41.6183 -12.9794 27.3789
rtibia 57.8539 0 0
rfoot 17.1568 5.53172 0
rtoes -0.69971 0 0
lowerback 6.8975 -3.15781 -6.02984
upperback 3.0976 -4.57036 -1.79156
thorax -0.276262 -2.29687 1.81756
lowerneck -7.23774 -9.21367 -2.42251
upperneck -0.602938 -12.1537 7.43812
head 1.77657 -5.97619 2.30185
lclavicle -1.66575e-14 -1.15094e-14 0
lhumerus -44.9847 -38.6075 105.182
lradius 59.9086 0 0
lwrist 21.2236 0 0
lhand 11.0777 11.6913 0
lfingers 7.12502 0 0
lthumb 36.1413 37.9175 0
rclavicle -1.66575e-14 -1.15094e-14 0
rhumerus -38.8416 47.7295 -68.2708
rradius 67.7479 0 0
rwrist 19.1232 0 0
rhand 0.929905 -1.28059 0
rfingers 7.12502 0 0
rthumb 26.463 -749.498 0
287
root 8.41961 15.6588 -24.523 11.5334 55.6559 10.5637
lfemur -23.1351 19.8546 -17.9229
ltibia 50.254 0 0
lfoot -16.6099 -21.8901 0
ltoes 59.0629 0 0
rfemur -42.4771 -13.5479 28.1881
rtibia 57.8591 0 0
rfoot 17.1991 6.41468 0
rtoes -0.835331 0 0
lowerback 7.08642 -3.1729 -6.20614
upperback 3.22786 -4.6032 -1.94724
thorax -0.242531 -2.31442 1.76295
lowerneck -7.14463 -9.2743 -2.43589
upperneck -0.711315 -12.2365 7.65889
head 1.74499 -6.01569 2.37646
lclavicle -1.7396e-14 -1.18258e-14 0
lhumerus -44.7773 -38.7899 104.724
lradius 59.8561 0 0
lwrist 21.2638 0 0
lhand 11.2255 11.6668 0
lfingers 7.12502 0 0
lthumb 36.2815 37.8597 0
rclavicle -1.7396e-14 -1.18258e-14 0
rhumerus -38.6762 49.4872 -68.3617
rradius 68.5911 0 0
rwrist 18.2669 0 0
rhand 1.50652 -1.34135 0
rfingers 7.12502 0 0
rthumb 27.0171 -749.505 0
288
root 8.46183 15.6432 -24.4822 11.5977 55.9033 10.9403
lfemur -22.7182 19.7908 -17.9468
ltibia 50.4302 0 0
lfoot -16.6131 -22.3072 0
ltoes 59.2331 0 0
rfemur -43.3235 -14.1057 28.9766
rtibia 57.8634 0 0
rfoot 17.238 7.27743 0
rtoes -0.958869 0 0
lowerback 7.27221 -3.18709 -6.37891
upperback 3.35622 -4.6346 -2.10029
thorax -0.209191 -2.33122 1.70891
lowerneck -7.05207 -9.33472 -2.4478
upperneck -0.819446 -12.319 7.87591
head 1.7132 -6.05512 2.44969
lclavicle -1.81463e-14 -1.21296e-14 0
lhumerus -44.5751 -38.9735 104.276
lradius 59.8045 0 0
lwrist 21.3018 0 0
lhand 11.3718 11.6433 0
lfingers 7.12502 0 0
lthumb 36.4202 37.8032 0
rclavicle -1.81463e-14 -1.21296e-14 0
rhumerus -38.5052 51.2047 -68.4486
rradius 69.4235 0 0
rwrist 17.4164 0 0
rhand 2.05923 -1.41351 0
rfingers 7.12502 0 0
rthumb 27.5483 -749.525 0
289
root 8.5033 15.6278 -24.4417 11.6602 56.1419 11.3094
lfemur -22.3058 19.7287 -17.9689
ltibia 50.6006 0 0
lfoot -16.6189 -22.7087 0
ltoes 59.3884 0 0
rfemur -44.1558 -14.6517 29.7425
rtibia 57.8667 0 0
rfoot 17.2734 8.11812 0
rtoes -1.06979 0 0
lowerback 7.4545 -3.20033 -6.5478
upperback 3.48243 -4.66444 -2.25038
thorax -0.176299 -2.34722 1.65554
lowerneck -6.96019 -9.39487 -2.45814
upperneck -0.927214 -12.401 8.08874
head 1.68121 -6.09444 2.52138
lclavicle -1.89075e-14 -1.24198e-14 0
lhumerus -44.3789 -39.1581 103.84
lradius 59.7538 0 0
lwrist 21.3375 0 0
lhand 11.5163 11.6207 0
lfingers 7.12502 0 0
lthumb 36.5572 37.748 0
rclavicle -1.89075e-14 -1.24198e-14 0
rhumerus -38.3282 52.8782 -68.5313
rradius 70.2437 0 0
rwrist 16.573 0 0
rhand 2.58613 -1.49765 0
rfingers 7.12502 0 0
rthumb 28.0546 -749.557 0
290
root 8.54396 15.6129 -24.4013 11.7207 56.3711 11.6702
lfemur -21.8985 19.6684 -17.9893
ltibia 50.7646 0 0
lfoot -16.6274 -23.0935 0
ltoes 59.528 0 0
rfemur -44.9725 -15.1845 30.4837
rtibia 57.8692 0 0
rfoot 17.3051 8.93488 0
rtoes -1.16757 0 0
lowerback 7.63295 -3.21254 -6.71244
upperback 3.60627 -4.69259 -2.39724
thorax -0.14391 -2.36237 1.60293
lowerneck -6.8691 -9.4547 -2.46682
upperneck -1.0345 -12.4825 8.29695
head 1.64904 -6.13362 2.59139
lclavicle -1.96785e-14 -1.26957e-14 0
lhumerus -44.1889 -39.3436 103.417
lradius 59.7043 0 0
lwrist 21.3706 0 0
lhand 11.6589 11.5992 0
lfingers 7.12502 0 0
lthumb 36.6924 37.6943 0
rclavicle -1.96785e-14 -1.26957e-14 0
rhumerus -38.1451 54.5036 -68.6093
rradius 71.0502 0 0
rwrist 15.7378 0 0
rhand 3.08529 -1.59433 0
rfingers 7.12502 0 0
rthumb 28.5342 -749.603 0
291
root 8.58373 15.5983 -24.3612 11.7792 56.5903 12.022
lfemur -21.4968 19.6102 -18.0076
ltibia 50.9219 0 0
lfoot -16.6387 -23.4604 0
ltoes 59.6509 0 0
rfemur -45.7723 -15.7032 31.1983
rtibia 57.8707 0 0
rfoot 17.3332 9.72584 0
rtoes -1.25166 0 0
lowerback 7.80721 -3.22367 -6.87249
upperback 3.72751 -4.71895 -2.54056
thorax -0.112081 -2.3766 1.55117
lowerneck -6.77893 -9.51413 -2.47375
upperneck -1.14119 -12.5635 8.50013
head 1.61671 -6.17261 2.65957
lclavicle -2.04586e-14 -1.29562e-14 0
lhumerus -44.0058 -39.5299 103.007
lradius 59.6559 0 0
lwrist 21.401 0 0
lhand 11.7992 11.5787 0
lfingers 7.12502 0 0
lthumb 36.8254 37.6421 0
rclavicle -2.04586e-14 -1.29562e-14 0
rhumerus -37.9558 56.077 -68.6826
rradius 71.8415 0 0
rwrist 14.9119 0 0
rhand 3.55482 -1.70415 0
rfingers 7.12502 0 0
rthumb 28.9853 -749.664 0
292
root 8.62252 15.5841 -24.3214 11.8354 56.7987 12.364
lfemur -21.1015 19.5541 -18.0239
ltibia 51.0719 0 0
lfoot -16.653 -23.8082 0
ltoes 59.7563 0 0
rfemur -46.5535 -16.2065 31.8844
rtibia 57.8713 0 0
rfoot 17.3575 10.4891 0
rtoes -1.32155 0 0
lowerback 7.97693 -3.23364 -7.02757
upperback 3.84592 -4.74339 -2.68004
thorax -0.0808677 -2.38984 1.50034
lowerneck -6.68978 -9.57311 -2.47883
upperneck -1.24717 -12.6437 8.69785
head 1.58422 -6.21138 2.72576
lclavicle -2.12467e-14 -1.32004e-14 0
lhumerus -43.83 -39.7168 102.612
lradius 59.6088 0 0
lwrist 21.4285 0 0
lhand 11.9371 11.5594 0
lfingers 7.12502 0 0
lthumb 36.9562 37.5917 0
rclavicle -2.12467e-14 -1.32004e-14 0
rhumerus -37.7601 57.5946 -68.7506
rradius 72.6161 0 0
rwrist 14.0966 0 0
rhand 3.99277 -1.82767 0
rfingers 7.12502 0 0
rthumb 29.406 -749.74 0
293
root 8.66027 15.5704 -24.282 11.8892 56.9957 12.6956
lfemur -20.713 19.5002 -18.0381
ltibia 51.2141 0 0
lfoot -16.6703 -24.1356 0
ltoes 59.8431 0 0
rfemur -47.3146 -16.6933 32.54
rtibia 57.871 0 0
rfoot 17.378 11.2229 0
rtoes -1.37669 0 0
lowerback 8.14175 -3.24238 -7.17733
upperback 3.96126 -4.7658 -2.81539
thorax -0.0503265 -2.40205 1.45052
lowerneck -6.60178 -9.63157 -2.48197
upperneck -1.35232 -12.7232 8.88968
head 1.55162 -6.24989 2.78982
lclavicle -2.20419e-14 -1.34276e-14 0
lhumerus -43.662 -39.9043 102.233
lradius 59.5631 0 0
lwrist 21.453 0 0
lhand 12.0724 11.5413 0
lfingers 7.12502 0 0
lthumb 37.0844 37.543 0
rclavicle -2.20419e-14 -1.34276e-14 0
rhumerus -37.5577 59.0522 -68.8132
rradius 73.3727 0 0
rwrist 13.2931 0 0
rhand 4.39725 -1.96547 0
rfingers 7.12502 0 0
rthumb 29.7946 -749.831 0
294
root 8.69689 15.5571 -24.2429 11.9404 57.1805 13.0159
lfemur -20.332 19.4488 -18.0499
ltibia 51.3481 0 0
lfoot -16.6908 -24.4414 0
ltoes 59.9104 0 0
rfemur -48.0543 -17.1625 33.1631
rtibia 57.8698 0 0
rfoot 17.3945 11.9253 0
rtoes -1.41655 0 0
lowerback 8.30133 -3.24983 -7.32142
upperback 4.07331 -4.78607 -2.94631
thorax -0.0205134 -2.41315 1.40182
lowerneck -6.51505 -9.68945 -2.48307
upperneck -1.45652 -12.8018 9.0752
head 1.5189 -6.2881 2.8516
lclavicle -2.28433e-14 -1.36368e-14 0
lhumerus -43.5023 -40.0923 101.87
lradius 59.5188 0 0
lwrist 21.4744 0 0
lhand 12.2048 11.5245 0
lfingers 7.12502 0 0
lthumb 37.2099 37.4962 0
rclavicle -2.28433e-14 -1.36368e-14 0
rhumerus -37.3486 60.4461 -68.87
rradius 74.1096 0 0
rwrist 12.5024 0 0
rhand 4.76633 -2.11814 0
rfingers 7.12502 0 0
rthumb 30.149 -749.939 0
295
root 8.73231 15.5444 -24.2043 11.989 57.3526 13.3242
lfemur -19.9591 19.3999 -18.0593
ltibia 51.4733 0 0
lfoot -16.7147 -24.7246 0
ltoes 59.9573 0 0
rfemur -48.7709 -17.6128 33.7518
rtibia 57.8678 0 0
rfoot 17.407 12.5945 0
rtoes -1.44061 0 0
lowerback 8.45532 -3.25592 -7.45946
upperback 4.18184 -4.80408 -3.07251
thorax 0.00851537 -2.4231 1.35432
lowerneck -6.4297 -9.74669 -2.48205
upperneck -1.55966 -12.8795 9.25399
head 1.48609 -6.32599 2.91094
lclavicle -2.36499e-14 -1.38271e-14 0
lhumerus -43.3514 -40.2806 101.526
lradius 59.4761 0 0
lwrist 21.4924 0 0
lhand 12.3341 11.5091 0
lfingers 7.12502 0 0
lthumb 37.3325 37.4515 0
rclavicle -2.36499e-14 -1.38271e-14 0
rhumerus -37.1326 61.7722 -68.9207
rradius 74.8256 0 0
rwrist 11.7258 0 0
rhand 5.0981 -2.28623 0
rfingers 7.12502 0 0
rthumb 30.4676 -750.065 0
296
root 8.76645 15.5322 -24.1661 12.0346 57.5112 13.6198
lfemur -19.5949 19.3537 -18.0662
ltibia 51.5893 0 0
lfoot -16.7421 -24.9838 0
ltoes 59.983 0 0
rfemur -49.4629 -18.0432 34.304
rtibia 57.8648 0 0
rfoot 17.4153 13.2285 0
rtoes -1.44833 0 0
lowerback 8.60335 -3.26059 -7.5911
upperback 4.28661 -4.8197 -3.19369
thorax 0.0367036 -2.43182 1.3081
lowerneck -6.34586 -9.80323 -2.47881
upperneck -1.66161 -12.9561 9.42561
head 1.4532 -6.3635 2.9677
lclavicle -2.44608e-14 -1.39976e-14 0
lhumerus -43.2098 -40.4692 101.2
lradius 59.4351 0 0
lwrist 21.507 0 0
lhand 12.4601 11.4951 0
lfingers 7.12502 0 0
lthumb 37.452 37.409 0
rclavicle -2.44608e-14 -1.39976e-14 0
rhumerus -36.9094 63.0266 -68.965
rradius 75.5191 0 0
rwrist 10.9645 0 0
rhand 5.39065 -2.47034 0
rfingers 7.12502 0 0
rthumb 30.7484 -750.208 0
297
root 8.79923 15.5205 -24.1285 12.0773 57.6556 13.902
lfemur -19.24 19.3104 -18.0706
ltibia 51.6955 0 0
lfoot -16.7731 -25.2178 0
ltoes 59.9863 0 0
rfemur -50.1289 -18.4524 34.818
rtibia 57.8611 0 0
rfoot 17.4194 13.8255 0
rtoes -1.43918 0 0
lowerback 8.74509 -3.26376 -7.71599
upperback 4.3874 -4.83283 -3.30954
thorax 0.0639952 -2.43926 1.26326
lowerneck -6.26363 -9.85901 -2.47326
upperneck -1.76227 -13.0316 9.58965
head 1.42025 -6.4006 3.02173
lclavicle -2.52751e-14 -1.41475e-14 0
lhumerus -43.078 -40.658 100.894
lradius 59.3959 0 0
lwrist 21.5179 0 0
lhand 12.5826 11.4826 0
lfingers 7.12502 0 0
lthumb 37.5681 37.3687 0
rclavicle -2.52751e-14 -1.41475e-14 0
rhumerus -36.679 64.2054 -69.0027
rradius 76.1886 0 0
rwrist 10.2196 0 0
rhand 5.64204 -2.67104 0
rfingers 7.12502 0 0
rthumb 30.9897 -750.369 0
298
root 8.83059 15.5095 -24.0914 12.1167 57.7852 14.17
lfemur -18.895 19.27 -18.0721
ltibia 51.7916 0 0
lfoot -16.8078 -25.4255 0
ltoes 59.9665 0 0
rfemur -50.7674 -18.8394 35.2916
rtibia 57.8564 0 0
rfoot 17.4192 14.3837 0
rtoes -1.41263 0 0
lowerback 8.88017 -3.26537 -7.83376
upperback 4.48396 -4.84335 -3.41978
thorax 0.0903339 -2.44537 1.21988
lowerneck -6.18315 -9.91396 -2.4653
upperneck -1.86151 -13.1059 9.74568
head 1.38727 -6.43726 3.07288
lclavicle -2.60918e-14 -1.42757e-14 0
lhumerus -42.9565 -40.8467 100.609
lradius 59.3585 0 0
lwrist 21.5249 0 0
lhand 12.7013 11.4717 0
lfingers 7.12502 0 0
lthumb 37.6806 37.3309 0
rclavicle -2.60918e-14 -1.42757e-14 0
rhumerus -36.441 65.3046 -69.0333
rradius 76.8327 0 0
rwrist 9.49234 0 0
rhand 5.85038 -2.88891 0
rfingers 7.12502 0 0
rthumb 31.1895 -750.55 0
299
root 8.86043 15.4991 -24.055 12.1528 57.8992 14.4231
lfemur -18.5605 19.2327 -18.0709
ltibia 51.8769 0 0
lfoot -16.8464 -25.6056 0
ltoes 59.9226 0 0
rfemur -51.3769 -19.203 35.7229
rtibia 57.851 0 0
rfoot 17.4146 14.9012 0
rtoes -1.36814 0 0
lowerback 9.00825 -3.26536 -7.94405
upperback 4.57609 -4.85114 -3.5241
thorax 0.115664 -2.45007 1.17805
lowerneck -6.10452 -9.96802 -2.45484
upperneck -1.95923 -13.1789 9.89328
head 1.35426 -6.47344 3.121
lclavicle -2.69099e-14 -1.43816e-14 0
lhumerus -42.8457 -41.0355 100.346
lradius 59.323 0 0
lwrist 21.5281 0 0
lhand 12.8161 11.4624 0
lfingers 7.12502 0 0
lthumb 37.7894 37.2955 0
rclavicle -2.69099e-14 -1.43816e-14 0
rhumerus -36.1955 66.3203 -69.0567
rradius 77.4499 0 0
rwrist 8.78382 0 0
rhand 6.01374 -3.12451 0
rfingers 7.12502 0 0
rthumb 31.3461 -750.751 0
300
root 8.88868 15.4894 -24.0192 12.1855 57.997 14.6605
lfemur -18.2371 19.1986 -18.0667
ltibia 51.951 0 0
lfoot -16.8889 -25.757 0
ltoes 59.8537 0 0
rfemur -51.9557 -19.542 36.11
rtibia 57.8447 0 0
rfoot 17.4054 15.3761 0
rtoes -1.30519 0 0
lowerback 9.12898 -3.26365 -8.04651
upperback 4.66353 -4.85608 -3.62222
thorax 0.139928 -2.45331 1.13787
lowerneck -6.02786 -10.0211 -2.44179
upperneck -2.05529 -13.2505 10.032
head 1.32124 -6.5091 3.16594
lclavicle -2.77286e-14 -1.4464e-14 0
lhumerus -42.7462 -41.224 100.106
lradius 59.2897 0 0
lwrist 21.5271 0 0
lhand 12.9266 11.4549 0
lfingers 7.12502 0 0
lthumb 37.8942 37.2628 0
rclavicle -2.77286e-14 -1.4464e-14 0
rhumerus -35.9422 67.2486 -69.0725
rradius 78.0388 0 0
rwrist 8.09526 0 0
rhand 6.1302 -3.37844 0
rfingers 7.12502 0 0
rthumb 31.4575 -750.972 0
301
root 8.91527 15.4803 -23.9841 12.2145 58.078 14.8815
lfemur -17.9254 19.168 -18.0594
ltibia 52.0135 0 0
lfoot -16.9356 -25.8785 0
ltoes 59.7587 0 0
rfemur -52.5026 -19.8553 36.4508
rtibia 57.8376 0 0
rfoot 17.3917 15.8066 0
rtoes -1.22323 0 0
lowerback 9.24201 -3.26018 -8.14077
upperback 4.74606 -4.85807 -3.71382
thorax 0.163071 -2.45502 1.09941
lowerneck -5.9533 -10.0732 -2.42606
upperneck -2.14959 -13.3207 10.1615
head 1.28824 -6.54421 3.20754
lclavicle -2.85469e-14 -1.45223e-14 0
lhumerus -42.6584 -41.4123 99.8897
lradius 59.2585 0 0
lwrist 21.5218 0 0
lhand 13.0328 11.4491 0
lfingers 7.12502 0 0
lthumb 37.9948 37.2329 0
rclavicle -2.85469e-14 -1.45223e-14 0
rhumerus -35.6808 68.0854 -69.0804
rradius 78.5979 0 0
rwrist 7.42782 0 0
rhand 6.19786 -3.65126 0
rfingers 7.12502 0 0
rthumb 31.522 -751.214 0
302
root 8.94012 15.472 -23.9498 12.2397 58.1413 15.0853
lfemur -17.626 19.1409 -18.049
ltibia 52.0638 0 0
lfoot -16.9866 -25.9688 0
ltoes 59.6369 0 0
rfemur -53.0159 -20.1416 36.7436
rtibia 57.8296 0 0
rfoot 17.3733 16.1908 0
rtoes -1.12175 0 0
lowerback 9.34698 -3.25488 -8.22648
upperback 4.82345 -4.85698 -3.79862
thorax 0.185037 -2.45516 1.06277
lowerneck -5.88095 -10.1242 -2.40754
upperneck -2.24201 -13.3892 10.2812
head 1.25527 -6.57872 3.24566
lclavicle -2.93639e-14 -1.45553e-14 0
lhumerus -42.5829 -41.6002 99.6986
lradius 59.2295 0 0
lwrist 21.5121 0 0
lhand 13.1343 11.4452 0
lfingers 7.12502 0 0
lthumb 38.091 37.2058 0
rclavicle -2.93639e-14 -1.45553e-14 0
rhumerus -35.4114 68.827 -69.08
rradius 79.1257 0 0
rwrist 6.78269 0 0
rhand 6.21479 -3.94356 0
rfingers 7.12502 0 0
rthumb 31.5377 -751.479 0
303
root 8.96315 15.4645 -23.9162 12.2609 58.1864 15.2713
lfemur -17.3395 19.1174 -18.0353
ltibia 52.1014 0 0
lfoot -17.042 -26.0267 0
ltoes 59.4872 0 0
rfemur -53.4941 -20.4 36.9862
rtibia 57.8209 0 0
rfoot 17.3502 16.5268 0
rtoes -1.0002 0 0
lowerback 9.44354 -3.24769 -8.30327
upperback 4.89548 -4.85269 -3.87632
thorax 0.205769 -2.45365 1.02803
lowerneck -5.81093 -10.1741 -2.38615
upperneck -2.33243 -13.4561 10.3908
head 1.22234 -6.6126 3.28016
lclavicle -3.01786e-14 -1.45624e-14 0
lhumerus -42.5202 -41.7877 99.5335
lradius 59.2029 0 0
lwrist 21.4978 0 0
lhand 13.2309 11.4432 0
lfingers 7.12502 0 0
lthumb 38.1826 37.1817 0
rclavicle -3.01786e-14 -1.45624e-14 0
rhumerus -35.1336 69.4692 -69.0712
rradius 79.6207 0 0
rwrist 6.16103 0 0
rhand 6.17908 -4.2559 0
rfingers 7.12502 0 0
rthumb 31.5027 -751.765 0
304
root 8.98429 15.4578 -23.8835 12.2781 58.2126 15.4387
lfemur -17.0665 19.0977 -18.0182
ltibia 52.1259 0 0
lfoot -17.1018 -26.051 0
ltoes 59.3088 0 0
rfemur -53.9358 -20.6292 37.1767
rtibia 57.8114 0 0
rfoot 17.3222 16.8128 0
rtoes -0.85806 0 0
lowerback 9.53135 -3.23853 -8.3708
upperback 4.9619 -4.84509 -3.94662
thorax 0.225211 -2.45044 0.995294
lowerneck -5.74336 -10.2228 -2.3618
upperneck -2.42074 -13.5213 10.4899
head 1.18948 -6.64581 3.31087
lclavicle -3.099e-14 -1.45425e-14 0
lhumerus -42.4707 -41.9745 99.3956
lradius 59.1787 0 0
lwrist 21.4787 0 0
lhand 13.3225 11.4432 0
lfingers 7.12502 0 0
lthumb 38.2694 37.1607 0
rclavicle -3.099e-14 -1.45425e-14 0
rhumerus -34.8473 70.0083 -69.0536
rradius 80.0816 0 0
rwrist 5.56402 0 0
rhand 6.08881 -4.58887 0
rfingers 7.12502 0 0
rthumb 31.4153 -752.076 0
305
root 9.00346 15.4518 -23.8517 12.291 58.2191 15.5867
lfemur -16.8076 19.082 -17.9977
ltibia 52.1368 0 0
lfoot -17.1664 -26.0406 0
ltoes 59.1007 0 0
rfemur -54.3395 -20.828 37.3131
rtibia 57.8011 0 0
rfoot 17.2892 17.0469 0
rtoes -0.694792 0 0
lowerback 9.61005 -3.22735 -8.42868
upperback 5.02249 -4.83407 -4.00922
thorax 0.243307 -2.44547 0.964636
lowerneck -5.67835 -10.2702 -2.33439
upperneck -2.50681 -13.5846 10.5779
head 1.1567 -6.67832 3.33765
lclavicle -3.17974e-14 -1.44949e-14 0
lhumerus -42.4349 -42.1606 99.2857
lradius 59.1571 0 0
lwrist 21.4547 0 0
lhand 13.4088 11.4452 0
lfingers 7.12502 0 0
lthumb 38.3512 37.143 0
rclavicle -3.17974e-14 -1.44949e-14 0
rhumerus -34.5523 70.4402 -69.0269
rradius 80.5069 0 0
rwrist 4.99283 0 0
rhand 5.94207 -4.94304 0
rfingers 7.12502 0 0
rthumb 31.2735 -752.41 0
306
root 9.02057 15.4468 -23.8208 12.2995 58.2054 15.7146
lfemur -16.5635 19.0703 -17.9735
ltibia 52.1335 0 0
lfoot -17.2357 -25.9942 0
ltoes 58.862 0 0
rfemur -54.7036 -20.9954 37.3936
rtibia 57.79 0 0
rfoot 17.2512 17.2273 0
rtoes -0.509866 0 0
lowerback 9.67928 -3.21407 -8.47658
upperback 5.07702 -4.8195 -4.06383
thorax 0.260001 -2.43868 0.936149
lowerneck -5.61603 -10.3163 -2.30383
upperneck -2.59054 -13.646 10.6546
head 1.12402 -6.71009 3.36036
lclavicle -3.25996e-14 -1.44185e-14 0
lhumerus -42.4133 -42.346 99.205
lradius 59.1381 0 0
lwrist 21.4257 0 0
lhand 13.4896 11.4494 0
lfingers 7.12502 0 0
lthumb 38.4277 37.1285 0
rclavicle -3.25996e-14 -1.44185e-14 0
rhumerus -34.2485 70.761 -68.9907
rradius 80.895 0 0
rwrist 4.44864 0 0
rhand 5.73693 -5.31899 0
rfingers 7.12502 0 0
rthumb 31.0756 -752.769 0
307
root 9.03556 15.4426 -23.7909 12.3034 58.1706 15.8217
lfemur -16.3346 19.0629 -17.9456
ltibia 52.1156 0 0
lfoot -17.3099 -25.9107 0
ltoes 58.5917 0 0
rfemur -55.0266 -21.1301 37.4161
rtibia 57.7782 0 0
rfoot 17.2081 17.352 0
rtoes -0.30275 0 0
lowerback 9.73871 -3.19862 -8.51413
upperback 5.12525 -4.80127 -4.11015
thorax 0.275237 -2.43 0.909921
lowerneck -5.55651 -10.361 -2.27002
upperneck -2.6718 -13.7054 10.7194
head 1.09146 -6.74108 3.37883
lclavicle -3.33958e-14 -1.43125e-14 0
lhumerus -42.4065 -42.5304 99.1545
lradius 59.1219 0 0
lwrist 21.3914 0 0
lhand 13.5646 11.4558 0
lfingers 7.12502 0 0
lthumb 38.4988 37.1176 0
rclavicle -3.33958e-14 -1.43125e-14 0
rhumerus -33.9357 70.9667 -68.9449
rradius 81.2445 0 0
rwrist 3.93263 0 0
rhand 5.47149 -5.7173 0
rfingers 7.12502 0 0
rthumb 30.8196 -753.153 0
308
root 9.06745 15.4352 -23.71 12.2903 57.9596 16.0196
lfemur -15.7568 19.0636 -17.8449
ltibia 51.988 0 0
lfoot -17.5534 -25.4814 0
ltoes 57.6746 0 0
rfemur -55.7399 -21.3468 37.1775
rtibia 57.7356 0 0
rfoot 17.0467 17.4123 0
rtoes 0.427106 0 0
lowerback 9.85859 -3.1426 -8.56739
upperback 5.23114 -4.72936 -4.19991
thorax 0.311305 -2.39502 0.846035
lowerneck -5.39976 -10.4822 -2.15495
upperneck -2.89337 -13.8656 10.8439
head 0.998088 -6.82611 3.40976
lclavicle -3.58768e-14 -1.38178e-14 0
lhumerus -42.4656 -43.0582 99.1691
lradius 59.0898 0 0
lwrist 21.2653 0 0
lhand 13.7504 11.4859 0
lfingers 7.12502 0 0
lthumb 38.6748 37.1044 0
rclavicle -3.58768e-14 -1.38178e-14 0
rhumerus -32.9859 70.9486 -68.7614
rradius 82.0507 0 0
rwrist 2.58797 0 0
rhand 4.38332 -6.9936 0
rfingers 7.12502 0 0
rthumb 29.771 -754.404 0
309
root 9.08736 15.4332 -23.6293 12.2442 57.5876 16.0909
lfemur -15.2365 19.0932 -17.7092
ltibia 51.7519 0 0
lfoot -17.8572 -24.7755 0
ltoes 56.5133 0 0
rfemur -56.2315 -21.3603 36.5282
rtibia 57.6763 0 0
rfoot 16.8188 17.0882 0
rtoes 1.39864 0 0
lowerback 9.92232 -3.067 -8.55396
upperback 5.30318 -4.62636 -4.24075
thorax 0.340235 -2.34423 0.791768
lowerneck -5.24892 -10.6037 -2.00718
upperneck -3.11744 -14.0249 10.8984
head 0.897402 -6.91267 3.41448
lclavicle -3.89039e-14 -1.30223e-14 0
lhumerus -42.6319 -43.6261 99.3924
lradius 59.074 0 0
lwrist 21.0933 0 0
lhand 13.9126 11.5338 0
lfingers 7.12502 0 0
lthumb 38.8283 37.114 0
rclavicle -3.89039e-14 -1.30223e-14 0
rhumerus -31.8936 70.1378 -68.496
rradius 82.6664 0 0
rwrist 1.31138 0 0
rhand 2.78413 -8.54761 0
rfingers 7.12502 0 0
rthumb 28.2308 -755.949 0
310
root 9.09635 15.4359 -23.549 12.1686 57.0708 16.0471
lfemur -14.77 19.1488 -17.5422
ltibia 51.4182 0 0
lfoot -18.2142 -23.82 0
ltoes 55.1302 0 0
rfemur -56.5204 -21.1897 35.5085
rtibia 57.6018 0 0
rfoot 16.5313 16.4164 0
rtoes 2.58652 0 0
lowerback 9.93483 -2.97393 -8.4801
upperback 5.34429 -4.49557 -4.23709
thorax 0.36264 -2.27928 0.746394
lowerneck -5.10396 -10.7249 -1.83031
upperneck -3.34298 -14.1828 10.8893
head 0.790444 -7.00031 3.39544
lclavicle -4.23944e-14 -1.19603e-14 0
lhumerus -42.8947 -44.2281 99.8038
lradius 59.0731 0 0
lwrist 20.8803 0 0
lhand 14.0526 11.5976 0
lfingers 7.12502 0 0
lthumb 38.9609 37.1442 0
rclavicle -4.23944e-14 -1.19603e-14 0
rhumerus -30.6758 68.6119 -68.1571
rradius 83.1074 0 0
rwrist 0.101283 0 0
rhand 0.727941 -10.3468 0
rfingers 7.12502 0 0
rthumb 26.2507 -757.756 0
311
root 9.09548 15.4431 -23.4693 12.0667 56.4254 15.8999
lfemur -14.3538 19.228 -17.3476
ltibia 50.998 0 0
lfoot -18.6173 -22.6419 0
ltoes 53.548 0 0
rfemur -56.6258 -20.8539 34.159
rtibia 57.514 0 0
rfoot 16.1912 15.4336 0
rtoes 3.9654 0 0
lowerback 9.90107 -2.86551 -8.35208
upperback 5.35739 -4.34027 -4.19339
thorax 0.379133 -2.20185 0.709184
lowerneck -4.96484 -10.8454 -1.62793
upperneck -3.56897 -14.3389 10.8229
head 0.678256 -7.08858 3.35508
lclavicle -4.62655e-14 -1.0666e-14 0
lhumerus -43.2434 -44.8586 100.383
lradius 59.0856 0 0
lwrist 20.631 0 0
lhand 14.1722 11.6755 0
lfingers 7.12502 0 0
lthumb 39.074 37.1928 0
rclavicle -4.62655e-14 -1.0666e-14 0
rhumerus -29.3497 66.4484 -67.7533
rradius 83.3899 0 0
rwrist -1.04392 0 0
rhand -1.73123 -12.3587 0
rfingers 7.12502 0 0
rthumb 23.8829 -759.789 0
312
root 9.0858 15.4541 -23.3904 11.9416 55.6675 15.6609
lfemur -13.9841 19.3279 -17.1293
ltibia 50.5021 0 0
lfoot -19.0594 -21.2683 0
ltoes 51.7891 0 0
rfemur -56.5666 -20.3718 32.5202
rtibia 57.4146 0 0
rfoot 15.8056 14.1765 0
rtoes 5.50995 0 0
lowerback 9.82598 -2.74387 -8.17617
upperback 5.34537 -4.16377 -4.11409
thorax 0.390325 -2.11362 0.67941
lowerneck -4.83152 -10.9648 -1.40364
upperneck -3.79437 -14.4927 10.7058
head 0.561878 -7.17703 3.29585
lclavicle -5.04346e-14 -9.17361e-15 0
lhumerus -43.6673 -45.5116 101.11
lradius 59.11 0 0
lwrist 20.3502 0 0
lhand 14.273 11.7658 0
lfingers 7.12502 0 0
lthumb 39.1693 37.2578 0
rclavicle -5.04346e-14 -9.17361e-15 0
rhumerus -27.9323 63.7248 -67.293
rradius 83.5298 0 0
rwrist -2.1258 0 0
rhand -4.53934 -14.5508 0
rfingers 7.12502 0 0
rthumb 21.1794 -762.015 0
313
root 9.06839 15.4685 -23.3126 11.7969 54.8134 15.3418
lfemur -13.6574 19.446 -16.8911
ltibia 49.9416 0 0
lfoot -19.5333 -19.7261 0
ltoes 49.876 0 0
rfemur -56.362 -19.7624 30.6325
rtibia 57.3053 0 0
rfoot 15.3813 12.6819 0
rtoes 7.19481 0 0
lowerback 9.7145 -2.61112 -7.95864
upperback 5.31116 -3.96936 -4.00362
thorax 0.39683 -2.01625 0.656344
lowerneck -4.70396 -11.0827 -1.16103
upperneck -4.01816 -14.6436 10.5442
head 0.442354 -7.26521 3.22018
lclavicle -5.48189e-14 -7.51736e-15 0
lhumerus -44.1556 -46.1813 101.963
lradius 59.1448 0 0
lwrist 20.0426 0 0
lhand 14.3566 11.8667 0
lfingers 7.12502 0 0
lthumb 39.2482 37.3371 0
rclavicle -5.48189e-14 -7.51736e-15 0
rhumerus -26.4409 60.5187 -66.7848
rradius 83.543 0 0
rwrist -3.14594 0 0
rhand -7.64238 -16.8905 0
rfingers 7.12502 0 0
rthumb 18.192 -764.4 0
314
root 9.04428 15.4857 -23.2362 11.6356 53.8792 14.9542
lfemur -13.3701 19.5795 -16.6366
ltibia 49.3273 0 0
lfoot -20.032 -18.0425 0
ltoes 47.8312 0 0
rfemur -56.031 -19.0446 28.5366
rtibia 57.1878 0 0
rfoot 14.9255 10.9866 0
rtoes 8.99465 0 0
lowerback 9.57156 -2.46939 -7.70575
upperback 5.25766 -3.76034 -3.86643
thorax 0.399261 -1.91142 0.639258
lowerneck -4.58212 -11.1984 -0.9037
upperneck -4.2393 -14.7913 10.3445
head 0.320723 -7.35267 3.13053
lclavicle -5.93358e-14 -5.73144e-15 0
lhumerus -44.6977 -46.8619 102.923
lradius 59.1885 0 0
lwrist 19.7131 0 0
lhand 14.4247 11.9763 0
lfingers 7.12502 0 0
lthumb 39.3124 37.4284 0
rclavicle -5.93358e-14 -5.73144e-15 0
rhumerus -24.8925 56.9075 -66.2371
rradius 83.4455 0 0
rwrist -4.10594 0 0
rhand -10.9863 -19.3454 0
rfingers 7.12502 0 0
rthumb 14.9729 -766.909 0
315
root 9.01454 15.5054 -23.1612 11.461 52.8812 14.5097
lfemur -13.1184 19.7259 -16.3696
ltibia 48.6702 0 0
lfoot -20.5483 -16.2443 0
ltoes 45.6772 0 0
rfemur -55.5928 -18.2372 26.2728
rtibia 57.0638 0 0
rfoot 14.4451 9.12726 0
rtoes 10.8841 0 0
lowerback 9.40211 -2.3208 -7.42377
upperback 5.18778 -3.54 -3.70697
thorax 0.39823 -1.8008 0.627424
lowerneck -4.46598 -11.3117 -0.63525
upperneck -4.45675 -14.9352 10.1132
head 0.198029 -7.43896 3.02934
lclavicle -6.39025e-14 -3.85008e-15 0
lhumerus -45.2828 -47.5476 103.97
lradius 59.2396 0 0
lwrist 19.3663 0 0
lhand 14.4789 12.0928 0
lfingers 7.12502 0 0
lthumb 39.3634 37.5297 0
rclavicle -6.39025e-14 -3.85008e-15 0
rhumerus -23.3043 52.9688 -65.6585
rradius 83.2534 0 0
rwrist -5.00736 0 0
rhand -14.5171 -21.8829 0
rfingers 7.12502 0 0
rthumb 11.5739 -769.51 0
316
root 8.98023 15.5269 -23.0881 11.2765 51.8354 14.02
lfemur -12.8988 19.8825 -16.094
ltibia 47.9813 0 0
lfoot -21.0752 -14.3588 0
ltoes 43.4365 0 0
rfemur -55.0662 -17.3594 23.8818
rtibia 56.9352 0 0
rfoot 13.947 7.1406 0
rtoes 12.8379 0 0
lowerback 9.21109 -2.16746 -7.11896
upperback 5.10443 -3.31164 -3.52967
thorax 0.394349 -1.68606 0.620114
lowerneck -4.35549 -11.4221 -0.359273
upperneck -4.6695 -15.0749 9.85654
head 0.075312 -7.52363 2.91905
lclavicle -6.84363e-14 -1.9075e-15 0
lhumerus -45.9003 -48.2324 105.082
lradius 59.2967 0 0
lwrist 19.0071 0 0
lhand 14.5208 12.2145 0
lfingers 7.12502 0 0
lthumb 39.4028 37.6388 0
rclavicle -6.84363e-14 -1.9075e-15 0
rhumerus -21.6933 48.7801 -65.0574
rradius 82.9825 0 0
rwrist -5.8518 0 0
rhand -18.1808 -24.4705 0
rfingers 7.12502 0 0
rthumb 8.04718 -772.167 0
317
root 8.94241 15.5499 -23.017 11.0854 50.7582 13.4967
lfemur -12.7077 20.0465 -15.8135
ltibia 47.2715 0 0
lfoot -21.6055 -12.4128 0
ltoes 41.1316 0 0
rfemur -54.4705 -16.43 21.404
rtibia 56.8035 0 0
rfoot 13.4384 5.06339 0
rtoes 14.8306 0 0
lowerback 9.00345 -2.0115 -6.7976
upperback 5.01053 -3.07855 -3.33897
thorax 0.388231 -1.56888 0.616601
lowerneck -4.25061 -11.5291 -0.079365
upperneck -4.87651 -15.2098 9.581
head -0.0463856 -7.60624 2.80211
lclavicle -7.28546e-14 6.20944e-17 0
lhumerus -46.5394 -48.9107 106.24
lradius 59.3583 0 0
lwrist 18.6403 0 0
lhand 14.5521 12.3395 0
lfingers 7.12502 0 0
lthumb 39.4321 37.7536 0
rclavicle -7.28546e-14 6.20944e-17 0
rhumerus -20.0768 44.4189 -64.4423
rradius 82.6489 0 0
rwrist -6.64085 0 0
rhand -21.9233 -27.0757 0
rfingers 7.12502 0 0
rthumb 4.44461 -774.847 0
318
root 8.90212 15.5737 -22.948 10.8908 49.6656 12.9514
lfemur -12.5414 20.2155 -15.5318
ltibia 46.5517 0 0
lfoot -22.1321 -10.4334 0
ltoes 38.7851 0 0
rfemur -53.8247 -15.4679 18.8798
rtibia 56.6706 0 0
rfoot 12.9261 2.93236 0
rtoes 16.837 0 0
lowerback 8.78411 -1.85505 -6.46594
upperback 4.90898 -2.84403 -3.13932
thorax 0.38049 -1.45091 0.616155
lowerneck -4.15131 -11.6322 0.200877
upperneck -5.07675 -15.3396 9.29294
head -0.166022 -7.68633 2.68097
lclavicle -7.70745e-14 2.02448e-15 0
lhumerus -47.1896 -49.5764 107.423
lradius 59.4229 0 0
lwrist 18.2705 0 0
lhand 14.5743 12.466 0
lfingers 7.12502 0 0
lthumb 39.4528 37.8721 0
rclavicle -7.70745e-14 2.02448e-15 0
rhumerus -18.4717 39.9628 -63.8218
rradius 82.2686 0 0
rwrist -7.37607 0 0
rhand -25.6906 -29.666 0
rfingers 7.12502 0 0
rthumb 0.818198 -777.516 0
319
root 8.86044 15.598 -22.8816 10.6961 48.5739 12.3958
lfemur -12.3963 20.3865 -15.2527
ltibia 45.8329 0 0
lfoot -22.648 -8.44769 0
ltoes 36.4194 0 0
rfemur -53.1479 -14.4921 16.3499
rtibia 56.5382 0 0
rfoot 12.4172 0.784243 0
rtoes 18.8316 0 0
lowerback 8.55803 -1.70021 -6.13026
upperback 4.8027 -2.61137 -2.93516
thorax 0.371737 -1.33385 0.618049
lowerneck -4.05754 -11.7311 0.477856
upperneck -5.26919 -15.4637 8.99874
head -0.282557 -7.76344 2.55806
lclavicle -8.10135e-14 3.94545e-15 0
lhumerus -47.84 -50.224 108.61
lradius 59.489 0 0
lwrist 17.9027 0 0
lhand 14.5893 12.5923 0
lfingers 7.12502 0 0
lthumb 39.4666 37.9919 0
rclavicle -8.10135e-14 3.94545e-15 0
rhumerus -16.8953 35.4892 -63.2043
rradius 81.8574 0 0
rwrist -8.05906 0 0
rhand -29.4286 -32.209 0
rfingers 7.12502 0 0
rthumb -2.78006 -780.139 0
320
root 8.81841 15.6222 -22.8179 10.5045 47.4993 11.8415
lfemur -12.2687 20.5572 -14.98
ltibia 45.1261 0 0
lfoot -23.146 -6.48262 0
ltoes 34.057 0 0
rfemur -52.4591 -13.5216 13.8547
rtibia 56.408 0 0
rfoot 11.9187 -1.34422 0
rtoes 20.7892 0 0
lowerback 8.33013 -1.54912 -5.79682
upperback 4.69459 -2.38388 -2.73094
thorax 0.362585 -1.21935 0.621556
lowerneck -3.96928 -11.8252 0.747978
upperneck -5.45279 -15.5817 8.70479
head -0.394947 -7.83715 2.43583
lclavicle -8.45888e-14 5.79078e-15 0
lhumerus -48.4799 -50.8474 109.781
lradius 59.5551 0 0
lwrist 17.5415 0 0
lhand 14.5984 12.7165 0
lfingers 7.12502 0 0
lthumb 39.475 38.1112 0
rclavicle -8.45888e-14 5.79078e-15 0
rhumerus -15.3647 31.0757 -62.5983
rradius 81.4315 0 0
rwrist -8.6914 0 0
rhand -33.0835 -34.672 0
rfingers 7.12502 0 0
rthumb -6.29817 -782.684 0
321
root 8.7771 15.6459 -22.7571 10.3193 46.458 11.3001
lfemur -12.1551 20.7246 -14.7174
ltibia 44.4422 0 0
lfoot -23.6189 -4.56523 0
ltoes 31.7204 0 0
rfemur -51.7774 -12.5752 11.4347
rtibia 56.2817 0 0
rfoot 11.4375 -3.4163 0
rtoes 22.6844 0 0
lowerback 8.10538 -1.40389 -5.47189
upperback 4.58758 -2.16484 -2.53108
thorax 0.353648 -1.10909 0.625946
lowerneck -3.88649 -11.9141 1.00764
upperneck -5.62654 -15.693 8.41748
head -0.502151 -7.90698 2.31673
lclavicle -8.77176e-14 7.52625e-15 0
lhumerus -49.0988 -51.4408 110.917
lradius 59.6197 0 0
lwrist 17.1917 0 0
lhand 14.6035 12.8369 0
lfingers 7.12502 0 0
lthumb 39.4795 38.2276 0
rclavicle -8.77176e-14 7.52625e-15 0
rhumerus -13.8969 26.7997 -62.0124
rradius 81.0068 0 0
rwrist -9.27467 0 0
rhand -36.601 -37.0225 0
rfingers 7.12502 0 0
rthumb -9.68416 -785.115 0
322
root 8.73756 15.6685 -22.6994 10.1438 45.4661 10.7834
lfemur -12.0518 20.8863 -14.4688
ltibia 43.7922 0 0
lfoot -24.0598 -2.72256 0
ltoes 29.4322 0 0
rfemur -51.1219 -11.6719 9.13043
rtibia 56.1611 0 0
rfoot 10.9808 -5.39526 0
rtoes 24.4918 0 0
lowerback 7.88869 -1.26664 -5.16174
upperback 4.48456 -1.95755 -2.34004
thorax 0.345537 -1.00474 0.630493
lowerneck -3.80912 -11.9974 1.25326
upperneck -5.78939 -15.7972 8.14318
head -0.603128 -7.9725 2.2032
lclavicle -9.03174e-14 9.11766e-15 0
lhumerus -49.6858 -51.9985 111.995
lradius 59.6814 0 0
lwrist 16.8581 0 0
lhand 14.6062 12.9516 0
lfingers 7.12502 0 0
lthumb 39.4817 38.3391 0
rclavicle -9.03174e-14 9.11766e-15 0
rhumerus -12.5092 22.7389 -61.455
rradius 80.5992 0 0
rwrist -9.81046 0 0
rhand -39.9272 -39.2281 0
rfingers 7.12502 0 0
rthumb -12.886 -787.399 0
323
root 8.70085 15.6896 -22.6452 9.98123 44.5399 10.3028
lfemur -11.9551 21.0396 -14.2378
ltibia 43.187 0 0
lfoot -24.4615 -0.981631 0
ltoes 27.2148 0 0
rfemur -50.5116 -10.8307 6.98237
rtibia 56.0479 0 0
rfoot 10.5553 -7.24435 0
rtoes 26.1862 0 0
lowerback 7.68502 -1.1395 -4.87263
upperback 4.38845 -1.76531 -2.16226
thorax 0.338865 -0.90798 0.634468
lowerneck -3.73715 -12.0746 1.48123
upperneck -5.94031 -15.8939 7.88829
head -0.696836 -8.03325 2.09768
lclavicle -9.23053e-14 1.05308e-14 0
lhumerus -50.2303 -52.5145 112.997
lradius 59.7387 0 0
lwrist 16.5455 0 0
lhand 14.608 13.0588 0
lfingers 7.12502 0 0
lthumb 39.4831 38.4435 0
rclavicle -9.23053e-14 1.05308e-14 0
rhumerus -11.2186 18.9707 -60.9346
rradius 80.2247 0 0
rwrist -10.3004 0 0
rhand -43.0081 -41.2563 0
rfingers 7.12502 0 0
rthumb -15.8518 -789.502 0
324
root 8.66803 15.7087 -22.5946 9.83492 43.6954 9.87014
lfemur -11.8615 21.1817 -14.0283
ltibia 42.6375 0 0
lfoot -24.8168 0.630535 0
ltoes 25.0907 0 0
rfemur -49.9657 -10.0704 5.03104
rtibia 55.9438 0 0
rfoot 10.1682 -8.92685 0
rtoes 27.7421 0 0
lowerback 7.49931 -1.02458 -4.61083
upperback 4.30215 -1.59141 -2.00218
thorax 0.334245 -0.820473 0.637142
lowerneck -3.67052 -12.1452 1.68796
upperneck -6.07828 -15.9825 7.65918
head -0.782233 -8.08878 2.00263
lclavicle -9.35987e-14 1.17314e-14 0
lhumerus -50.7216 -52.9831 113.902
lradius 59.7901 0 0
lwrist 16.2587 0 0
lhand 14.6106 13.1567 0
lfingers 7.12502 0 0
lthumb 39.4854 38.5388 0
rclavicle -9.35987e-14 1.17314e-14 0
rhumerus -10.0422 15.5727 -60.4597
rradius 79.8993 0 0
rwrist -10.7459 0 0
rhand -45.7897 -43.0744 0
rfingers 7.12502 0 0
rthumb -18.5294 -791.39 0
325
root 8.64016 15.7252 -22.5478 9.7081 42.949 9.49694
lfemur -11.7673 21.3101 -13.8439
ltibia 42.1547 0 0
lfoot -25.1187 2.08691 0
ltoes 23.0825 0 0
rfemur -49.5031 -9.41011 3.31694
rtibia 55.8505 0 0
rfoot 9.8265 -10.406 0
rtoes 29.1342 0 0
lowerback 7.33649 -0.924015 -4.3826
upperback 4.22859 -1.43915 -1.86423
thorax 0.332289 -0.743893 0.637789
lowerneck -3.60922 -12.2089 1.86984
upperneck -6.20227 -16.0626 7.46225
head -0.858278 -8.13865 1.92048
lclavicle -9.41148e-14 1.26853e-14 0
lhumerus -51.149 -53.3984 114.688
lradius 59.834 0 0
lwrist 16.0023 0 0
lhand 14.6157 13.2436 0
lfingers 7.12502 0 0
lthumb 39.49 38.6227 0
rclavicle -9.41148e-14 1.26853e-14 0
rhumerus -8.99722 12.6223 -60.0388
rradius 79.6391 0 0
rwrist -11.1488 0 0
rhand -48.2179 -44.6501 0
rfingers 7.12502 0 0
rthumb -20.867 -793.028 0
326
root 8.61828 15.7388 -22.5051 9.60406 42.3168 9.19486
lfemur -11.6689 21.422 -13.6886
ltibia 41.7496 0 0
lfoot -25.3601 3.36046 0
ltoes 21.2126 0 0
rfemur -49.143 -8.86864 1.88057
rtibia 55.7698 0 0
rfoot 9.5371 -11.6451 0
rtoes 30.3373 0 0
lowerback 7.20151 -0.839914 -4.19421
upperback 4.17067 -1.31183 -1.75287
thorax 0.333611 -0.679912 0.63568
lowerneck -3.55319 -12.2651 2.02329
upperneck -6.31124 -16.1336 7.30387
head -0.923929 -8.1824 1.85368
lclavicle -9.3771e-14 1.33583e-14 0
lhumerus -51.5018 -53.7546 115.337
lradius 59.8691 0 0
lwrist 15.7813 0 0
lhand 14.6249 13.3176 0
lfingers 7.12502 0 0
lthumb 39.4985 38.6932 0
rclavicle -9.3771e-14 1.33583e-14 0
rhumerus -8.10072 10.1971 -59.6805
rradius 79.4599 0 0
rwrist -11.5105 0 0
rhand -50.2386 -45.9508 0
rfingers 7.12502 0 0
rthumb -22.8125 -794.384 0
327
root 8.60347 15.7488 -22.4667 9.52607 41.815 8.97555
lfemur -11.5626 21.5148 -13.566
ltibia 41.4331 0 0
lfoot -25.5338 4.42417 0
ltoes 19.5035 0 0
rfemur -48.9044 -8.46498 0.762431
rtibia 55.7034 0 0
rfoot 9.30703 -12.6074 0
rtoes 31.3259 0 0
lowerback 7.0993 -0.774401 -4.05194
upperback 4.1313 -1.21273 -1.67254
thorax 0.338822 -0.630203 0.630087
lowerneck -3.5024 -12.3134 2.14471
upperneck -6.40416 -16.1952 7.19044
head -0.978145 -8.21959 1.80467
lclavicle -9.24846e-14 1.37161e-14 0
lhumerus -51.7693 -54.0459 115.827
lradius 59.8938 0 0
lwrist 15.6003 0 0
lhand 14.6398 13.3769 0
lfingers 7.12502 0 0
lthumb 39.5125 38.7482 0
rclavicle -9.24846e-14 1.37161e-14 0
rhumerus -7.36983 8.37462 -59.3931
rradius 79.3777 0 0
rwrist -11.8326 0 0
rhand -51.798 -46.944 0
rfingers 7.12502 0 0
rthumb -24.3139 -795.422 0
328
root 8.59837 15.7674 -22.3451 9.74844 40.9219 8.85958
lfemur -11.879 22.3586 -13.7466
ltibia 41.373 0 0
lfoot -22.8111 12.0804 0
ltoes -6.25371 0 0
rfemur -48.1673 -7.9921 -0.404652
rtibia 55.4317 0 0
rfoot 9.28539 -15.1136 0
rtoes 34.6148 0 0
lowerback 6.37192 -0.978164 -3.82888
upperback 3.96029 -1.44593 -1.57647
thorax 0.569659 -0.749337 0.606812
lowerneck -3.62936 -12.13 1.89812
upperneck -6.05405 -15.9722 7.16612
head -0.834565 -8.09124 1.80702
lclavicle 3.80176e-14 -6.75868e-15 0
lhumerus -51.257 -52.8041 115.311
lradius 59.8831 0 0
lwrist 15.0167 0 0
lhand 14.2965 13.5109 0
lfingers 7.12502 0 0
lthumb 39.189 38.9765 0
rclavicle 3.80176e-14 -6.75868e-15 0
rhumerus -8.24089 11.155 -58.984
rradius 80.1119 0 0
rwrist -8.1824 0 0
rhand -46.9537 -38.8608 0
rfingers 7.12502 0 0
rthumb -19.6628 -787.886 0
329
root 8.59249 15.7894 -22.2181 10.0692 39.9154 8.74866
lfemur -12.287 23.1961 -14.0008
ltibia 41.3051 0 0
lfoot -19.0349 17.1637 0
ltoes -21.4227 0 0
rfemur -47.6685 -7.80376 -1.20565
rtibia 55.2832 0 0
rfoot 9.10105 -17.425 0
rtoes 37.0327 0 0
lowerback 5.56182 -1.20888 -3.62448
upperback 3.7516 -1.71718 -1.48822
thorax 0.809649 -0.887318 0.581635
lowerneck -3.77864 -11.8886 1.56728
upperneck -5.675 -15.6704 7.17871
head -0.671689 -7.92137 1.83222
lclavicle -2.39536e-14 1.80894e-14 0
lhumerus -50.6768 -51.2634 114.641
lradius 59.8301 0 0
lwrist 14.5498 0 0
lhand 13.8439 13.5475 0
lfingers 7.12502 0 0
lthumb 38.7623 39.1352 0
rclavicle -2.39536e-14 1.80894e-14 0
rhumerus -9.07449 13.8493 -58.7747
rradius 80.9253 0 0
rwrist -4.81128 0 0
rhand -40.4183 -29.8606 0
rfingers 7.12502 0 0
rthumb -13.371 -779.412 0
330
root 8.58468 15.813 -22.0854 10.4534 38.7972 8.62779
lfemur -12.6834 23.8784 -14.2621
ltibia 41.1881 0 0
lfoot -15.6071 20.0242 0
ltoes -28.1191 0 0
rfemur -47.3963 -7.9013 -1.6416
rtibia 55.2658 0 0
rfoot 8.79919 -19.3896 0
rtoes 38.3329 0 0
lowerback 4.69882 -1.44483 -3.4493
upperback 3.51269 -1.99883 -1.39189
thorax 1.0501 -1.03051 0.574695
lowerneck -3.93455 -11.6034 1.18067
upperneck -5.29409 -15.3075 7.19918
head -0.505312 -7.7204 1.87119
lclavicle -2.23434e-13 2.18663e-14 0
lhumerus -50.0959 -49.4933 113.915
lradius 59.7305 0 0
lwrist 14.2806 0 0
lhand 13.2778 13.4958 0
lfingers 7.12502 0 0
lthumb 38.2281 39.2326 0
rclavicle -2.23434e-13 2.18663e-14 0
rhumerus -9.86253 16.2767 -58.8004
rradius 81.764 0 0
rwrist -1.89408 0 0
rhand -32.1083 -21.2545 0
rfingers 7.12502 0 0
rthumb -5.3533 -771.167 0
331
root 8.57293 15.8377 -21.9461 10.8431 37.577 8.46522
lfemur -12.9705 24.275 -14.4457
ltibia 40.993 0 0
lfoot -12.7299 21.6843 0
ltoes -31.1461 0 0
rfemur -47.319 -8.25444 -1.68593
rtibia 55.3633 0 0
rfoot 8.41304 -20.8818 0
rtoes 38.2772 0 0
lowerback 3.82717 -1.66105 -3.29785
upperback 3.25674 -2.25818 -1.28091
thorax 1.27937 -1.16236 0.589324
lowerneck -4.08898 -11.2936 0.785994
upperneck -4.93063 -14.909 7.20743
head -0.347568 -7.50255 1.91272
lclavicle -4.36332e-14 -9.93923e-15 0
lhumerus -49.5856 -47.6115 113.22
lradius 59.5853 0 0
lwrist 14.2967 0 0
lhand 12.6044 13.3929 0
lfingers 7.12502 0 0
lthumb 37.5921 39.302 0
rclavicle -4.36332e-14 -9.93923e-15 0
rhumerus -10.65 18.266 -59.1401
rradius 82.5495 0 0
rwrist 0.415191 0 0
rhand -22.5052 -13.923 0
rfingers 7.12502 0 0
rthumb 3.92096 -763.867 0
332
root 8.55644 15.8622 -21.8003 11.2052 36.2694 8.24668
lfemur -13.0881 24.3158 -14.5015
ltibia 40.7121 0 0
lfoot -10.2011 22.7955 0
ltoes -32.6269 0 0
rfemur -47.3957 -8.81666 -1.3662
rtibia 55.5505 0 0
rfoot 7.99756 -21.8782 0
rtoes 36.7827 0 0
lowerback 2.97145 -1.84449 -3.16237
upperback 2.99526 -2.47764 -1.15184
thorax 1.49515 -1.27398 0.62586
lowerneck -4.23601 -10.973 0.413611
upperneck -4.59632 -14.4933 7.1916
head -0.205629 -7.278 1.94915
lclavicle -3.65764e-14 -1.03368e-14 0
lhumerus -49.1689 -45.6999 112.597
lradius 59.3992 0 0
lwrist 14.617 0 0
lhand 11.8486 13.2608 0
lfingers 7.12502 0 0
lthumb 36.8775 39.3568 0
rclavicle -3.65764e-14 -1.03368e-14 0
rhumerus -11.4757 19.782 -59.797
rradius 83.2464 0 0
rwrist 2.07143 0 0
rhand -12.0263 -8.1556 0
rfingers 7.12502 0 0
rthumb 14.0317 -757.662 0
333
root 8.53412 15.886 -21.6475 11.4816 34.8848 7.95627
lfemur -12.9672 23.9713 -14.377
ltibia 40.3581 0 0
lfoot -7.81691 23.6803 0
ltoes -33.3881 0 0
rfemur -47.5552 -9.5175 -0.704288
rtibia 55.7861 0 0
rfoot 7.56653 -22.3979 0
rtoes 33.7423 0 0
lowerback 2.18204 -1.98144 -3.03308
upperback 2.74668 -2.63956 -1.00951
thorax 1.68701 -1.35629 0.676875
lowerneck -4.37583 -10.6546 0.0951235
upperneck -4.29223 -14.0788 7.14999
head -0.0813648 -7.05633 1.97416
lclavicle 1.14301e-13 -2.10712e-14 0
lhumerus -48.8602 -43.845 112.066
lradius 59.1806 0 0
lwrist 15.2407 0 0
lhand 11.0412 13.1312 0
lfingers 7.12502 0 0
lthumb 36.1132 39.4199 0
rclavicle 1.14301e-13 -2.10712e-14 0
rhumerus -12.3956 20.8079 -60.789
rradius 83.8325 0 0
rwrist 3.07075 0 0
rhand -1.51514 -4.18669 0
rfingers 7.12502 0 0
rthumb 24.1384 -752.688 0
334
root 8.50558 15.9087 -21.4883 11.6794 33.4423 7.58742
lfemur -12.6446 23.2624 -14.0781
ltibia 39.9632 0 0
lfoot -5.44954 24.4881 0
ltoes -33.7793 0 0
rfemur -47.7811 -10.3117 0.269728
rtibia 56.0275 0 0
rfoot 7.10969 -22.5075 0
rtoes 29.1499 0 0
lowerback 1.44897 -2.0705 -2.89092
upperback 2.51302 -2.74114 -0.860984
thorax 1.86101 -1.40766 0.726229
lowerneck -4.51374 -10.3463 -0.152914
upperneck -4.00948 -13.6778 7.0886
head 0.0289796 -6.84339 1.98524
lclavicle -2.80286e-14 -9.93923e-15 0
lhumerus -48.6551 -42.1056 111.624
lradius 58.9388 0 0
lwrist 16.1241 0 0
lhand 10.2155 13.0268 0
lfingers 7.12502 0 0
lthumb 35.3307 39.505 0
rclavicle -2.80286e-14 -9.93923e-15 0
rhumerus -13.4542 21.3705 -62.108
rradius 84.3077 0 0
rwrist 3.4905 0 0
rhand 8.01731 -2.12026 0
rfingers 7.12502 0 0
rthumb 33.2435 -749.069 0
335
root 8.46833 15.9282 -21.3722 11.5767 32.3733 7.21646
lfemur -12.2511 22.4774 -13.6395
ltibia 40.1174 0 0
lfoot -4.33706 24.8443 0
ltoes -32.841 0 0
rfemur -47.7381 -10.7454 1.36488
rtibia 55.8929 0 0
rfoot 6.55713 -21.9729 0
rtoes 26.9239 0 0
lowerback 1.2464 -2.03376 -2.74735
upperback 2.44918 -2.69253 -0.776819
thorax 1.9055 -1.38189 0.727872
lowerneck -4.63647 -10.1612 -0.189901
upperneck -3.79528 -13.442 7.02691
head 0.107322 -6.71871 1.96809
lclavicle -3.46186e-14 -8.60449e-15 0
lhumerus -48.6079 -41.3266 111.41
lradius 58.7655 0 0
lwrist 16.4059 0 0
lhand 9.78289 12.8896 0
lfingers 7.12502 0 0
lthumb 34.919 39.4519 0
rclavicle -3.46186e-14 -8.60449e-15 0
rhumerus -14.4046 21.0685 -63.3508
rradius 84.2902 0 0
rwrist 3.45942 0 0
rhand 6.38074 -2.93101 0
rfingers 7.12502 0 0
rthumb 31.668 -749.996 0
336
root 8.41938 15.9537 -21.2208 11.4356 30.9793 6.72811
lfemur -11.7282 21.4392 -13.0593
ltibia 40.3222 0 0
lfoot -2.89361 25.3137 0
ltoes -31.6282 0 0
rfemur -47.6822 -11.3078 2.81049
rtibia 55.7094 0 0
rfoot 5.83361 -21.2588 0
rtoes 24.0244 0 0
lowerback 0.990353 -1.98228 -2.55772
upperback 2.36858 -2.62484 -0.667872
thorax 1.96144 -1.34605 0.728194
lowerneck -4.79794 -9.92133 -0.233237
upperneck -3.51552 -13.1367 6.94677
head 0.2096 -6.5573 1.94505
lclavicle -3.99545e-14 -7.1207e-15 0
lhumerus -48.5512 -40.3255 111.135
lradius 58.5389 0 0
lwrist 16.7689 0 0
lhand 9.22602 12.7101 0
lfingers 7.12502 0 0
lthumb 34.3889 39.3801 0
rclavicle -3.99545e-14 -7.1207e-15 0
rhumerus -15.6525 20.6502 -64.9848
rradius 84.2593 0 0
rwrist 3.39858 0 0
rhand 3.95752 -4.05355 0
rfingers 7.12502 0 0
rthumb 29.3373 -751.321 0
337
root 8.36119 15.9838 -21.0419 11.2638 29.3308 6.14796
lfemur -11.1047 20.2034 -12.3682
ltibia 40.5697 0 0
lfoot -1.19516 25.8688 0
ltoes -30.1879 0 0
rfemur -47.6145 -11.9704 4.53008
rtibia 55.4865 0 0
rfoot 4.97505 -20.4025 0
rtoes 20.6073 0 0
lowerback 0.693734 -1.91912 -2.3322
upperback 2.27527 -2.54203 -0.539585
thorax 2.02603 -1.30224 0.727549
lowerneck -4.98963 -9.63872 -0.281273
upperneck -3.1845 -12.7772 6.85199
head 0.330561 -6.36718 1.91732
lclavicle -4.41184e-14 -5.52773e-15 0
lhumerus -48.4868 -39.1518 110.813
lradius 58.2707 0 0
lwrist 17.1932 0 0
lhand 8.57195 12.4969 0
lfingers 7.12502 0 0
lthumb 33.7663 39.2931 0
rclavicle -4.41184e-14 -5.52773e-15 0
rhumerus -17.1331 20.1398 -66.9246
rradius 84.2165 0 0
rwrist 3.31559 0 0
rhand 0.902306 -5.42705 0
rfingers 7.12502 0 0
rthumb 26.3998 -752.964 0
338
root 8.29627 16.0174 -20.843 11.0689 27.4985 5.50163
lfemur -10.4092 18.8259 -11.5966
ltibia 40.852 0 0
lfoot 0.68238 26.4818 0
ltoes -28.567 0 0
rfemur -47.5358 -12.7044 6.44718
rtibia 55.2338 0 0
rfoot 4.01735 -19.441 0
rtoes 16.8282 0 0
lowerback 0.369444 -1.84729 -2.08095
upperback 2.17329 -2.44803 -0.397405
thorax 2.0965 -1.25253 0.726293
lowerneck -5.20299 -9.32528 -0.332356
upperneck -2.81651 -12.3785 6.74638
head 0.46495 -6.15639 1.88611
lclavicle -4.71922e-14 -3.86547e-15 0
lhumerus -48.4169 -37.8554 110.456
lradius 57.9727 0 0
lwrist 17.6588 0 0
lhand 7.84777 12.2591 0
lfingers 7.12502 0 0
lthumb 33.0769 39.1945 0
rclavicle -4.71922e-14 -3.86547e-15 0
rhumerus -18.7812 19.5612 -69.0847
rradius 84.163 0 0
rwrist 3.2181 0 0
rhand -2.63025 -6.99064 0
rfingers 7.12502 0 0
rthumb 23.0041 -754.848 0
339
root 8.22709 16.0531 -20.6319 10.8586 25.5531 4.8147
lfemur -9.6707 17.3624 -10.775
ltibia 41.1612 0 0
lfoot 2.66305 27.1249 0
ltoes -26.8125 0 0
rfemur -47.4471 -13.4811 8.48532
rtibia 54.9608 0 0
rfoot 2.99643 -18.4114 0
rtoes 12.8428 0 0
lowerback 0.0303823 -1.76986 -1.81413
upperback 2.06667 -2.34681 -0.246775
thorax 2.17003 -1.19903 0.724779
lowerneck -5.42951 -8.99296 -0.384837
upperneck -2.42584 -11.9559 6.63374
head 0.607513 -5.93294 1.8526
lclavicle -4.92579e-14 -2.17378e-15 0
lhumerus -48.3435 -36.4858 110.079
lradius 57.6567 0 0
lwrist 18.1458 0 0
lhand 7.08054 12.0054 0
lfingers 7.12502 0 0
lthumb 32.3465 39.0881 0
rclavicle -4.92579e-14 -2.17378e-15 0
rhumerus -20.532 18.9383 -71.3798
rradius 84.1002 0 0
rwrist 3.11373 0 0
rhand -6.48548 -8.68347 0
rfingers 7.12502 0 0
rthumb 19.2986 -756.893 0
340
root 8.15614 16.0897 -20.4162 10.6405 23.5652 4.11277
lfemur -8.91782 15.8686 -9.93419
ltibia 41.4892 0 0
lfoot 4.67092 27.7705 0
ltoes -24.9713 0 0
rfemur -47.3493 -14.2718 10.568
rtibia 54.6772 0 0
rfoot 1.94819 -17.3508 0
rtoes 8.80683 0 0
lowerback -0.310548 -1.68984 -1.54192
upperback 1.95947 -2.24232 -0.0931383
thorax 2.24384 -1.14383 0.723363
lowerneck -5.66065 -8.65369 -0.437066
upperneck -2.02677 -11.5245 6.51788
head 0.752997 -5.70488 1.81798
lclavicle -5.03976e-14 -4.92551e-16 0
lhumerus -48.2686 -35.0929 109.694
lradius 57.3345 0 0
lwrist 18.6343 0 0
lhand 6.29734 11.7446 0
lfingers 7.12502 0 0
lthumb 31.6008 38.9773 0
rclavicle -5.03976e-14 -4.92551e-16 0
rhumerus -22.3205 18.2953 -73.7244
rradius 84.0294 0 0
rwrist 3.01012 0 0
rhand -10.5087 -10.4447 0
rfingers 7.12502 0 0
rthumb 15.4317 -759.019 0
341
root 8.08589 16.1257 -20.2036 10.4222 21.6055 3.42144
lfemur -8.1794 14.4002 -9.10454
ltibia 41.8282 0 0
lfoot 6.63005 28.391 0
ltoes -23.0903 0 0
rfemur -47.2434 -15.0478 12.6188
rtibia 54.3923 0 0
rfoot 0.908531 -16.2963 0
rtoes 4.87604 0 0
lowerback -0.640446 -1.61028 -1.27448
upperback 1.85574 -2.1385 0.0580595
thorax 2.31514 -1.08902 0.722397
lowerneck -5.88789 -8.31942 -0.48739
upperneck -1.6336 -11.0993 6.40262
head 0.896147 -5.48024 1.78346
lclavicle -5.06931e-14 1.13835e-15 0
lhumerus -48.1943 -33.7262 109.315
lradius 57.0177 0 0
lwrist 19.1043 0 0
lhand 5.52523 11.4856 0
lfingers 7.12502 0 0
lthumb 30.8657 38.8658 0
rclavicle -5.06931e-14 1.13835e-15 0
rhumerus -24.0817 17.6561 -76.0332
rradius 83.952 0 0
rwrist 2.9149 0 0
rhand -14.5454 -12.2135 0
rfingers 7.12502 0 0
rthumb 11.5519 -761.15 0
342
root 8.01884 16.1599 -20.0017 10.2114 19.7446 2.76631
lfemur -7.48418 13.013 -8.31666
ltibia 42.1702 0 0
lfoot 8.46449 28.9585 0
ltoes -21.2165 0 0
rfemur -47.1302 -15.7804 14.5612
rtibia 54.1159 0 0
rfoot -0.0866265 -15.285 0
rtoes 1.20611 0 0
lowerback -0.946411 -1.53422 -1.02198
upperback 1.75951 -2.03931 0.201375
thorax 2.38112 -1.03668 0.722238
lowerneck -6.10269 -8.00209 -0.534161
upperneck -1.26061 -10.6957 6.29176
head 1.03171 -5.26702 1.75023
lclavicle -5.02266e-14 2.67904e-15 0
lhumerus -48.1226 -32.4354 108.956
lradius 56.7181 0 0
lwrist 19.536 0 0
lhand 4.7913 11.2373 0
lfingers 7.12502 0 0
lthumb 30.1668 38.7572 0
rclavicle -5.02266e-14 2.67904e-15 0
rhumerus -25.7507 17.0446 -78.2207
rradius 83.8693 0 0
rwrist 2.8357 0 0
rhand -18.4407 -13.929 0
rfingers 7.12502 0 0
rthumb 7.80763 -763.204 0
343
root 7.95746 16.1911 -19.8182 10.0156 18.0533 2.17298
lfemur -6.86096 11.7628 -7.6011
ltibia 42.5074 0 0
lfoot 10.0983 29.4453 0
ltoes -19.3968 0 0
rfemur -47.0108 -16.441 16.3187
rtibia 53.8575 0 0
rfoot -1.00138 -14.354 0
rtoes -2.04725 0 0
lowerback -1.21554 -1.46469 -0.794566
upperback 1.67482 -1.9487 0.331363
thorax 2.439 -0.988922 0.723238
lowerneck -6.29652 -7.71364 -0.575727
upperneck -0.922104 -10.3287 6.18911
head 1.15443 -5.07328 1.71949
lclavicle -4.908e-14 4.08965e-15 0
lhumerus -48.0555 -31.2702 108.629
lradius 56.4476 0 0
lwrist 19.9094 0 0
lhand 4.12261 11.0084 0
lfingers 7.12502 0 0
lthumb 29.5301 38.6552 0
rclavicle -4.908e-14 4.08965e-15 0
rhumerus -27.2624 16.485 -80.2015
rradius 83.7826 0 0
rwrist 2.78015 0 0
rhand -22.0401 -15.5303 0
rfingers 7.12502 0 0
rthumb 4.34735 -765.104 0
344
root 7.90424 16.2178 -19.6608 9.84268 16.602 1.66704
lfemur -6.33851 10.7052 -6.98842
ltibia 42.8317 0 0
lfoot 11.4556 29.8239 0
ltoes -17.6781 0 0
rfemur -46.8859 -17.0008 17.8148
rtibia 53.6265 0 0
rfoot -1.79982 -13.5404 0
rtoes -4.72832 0 0
lowerback -1.43493 -1.40473 -0.602422
upperback 1.60573 -1.87063 0.44258
thorax 2.48597 -0.947822 0.725753
lowerneck -6.46086 -7.46601 -0.610438
upperneck -0.632366 -10.0135 6.09847
head 1.25905 -4.90703 1.69242
lclavicle -4.73353e-14 5.3303e-15 0
lhumerus -47.995 -30.2804 108.348
lradius 56.2178 0 0
lwrist 20.2046 0 0
lhand 3.54623 10.8078 0
lfingers 7.12502 0 0
lthumb 28.9811 38.5633 0
rclavicle -4.73353e-14 5.3303e-15 0
rhumerus -28.5519 16.0011 -81.8902
rradius 83.6933 0 0
rwrist 2.75589 0 0
rhand -25.1889 -16.9567 0
rfingers 7.12502 0 0
rthumb 1.31951 -766.77 0
345
root 7.86167 16.2389 -19.5372 9.70011 15.4616 1.27409
lfemur -5.9456 9.89612 -6.50917
ltibia 43.1352 0 0
lfoot 12.4603 30.0664 0
ltoes -16.1074 0 0
rfemur -46.7567 -17.4311 18.9732
rtibia 53.4326 0 0
rfoot -2.44603 -12.8812 0
rtoes -6.6814 0 0
lowerback -1.59169 -1.35738 -0.455707
upperback 1.55628 -1.80903 0.529581
thorax 2.51926 -0.915477 0.730137
lowerneck -6.58717 -7.27114 -0.636643
upperneck -0.405685 -9.76516 6.02366
head 1.34033 -4.77631 1.67023
lclavicle -4.50744e-14 6.36111e-15 0
lhumerus -47.9433 -29.5156 108.126
lradius 56.0405 0 0
lwrist 20.4017 0 0
lhand 3.08925 10.6443 0
lfingers 7.12502 0 0
lthumb 28.5458 38.4852 0
rclavicle -4.50744e-14 6.36111e-15 0
rhumerus -29.5543 15.617 -83.2014
rradius 83.6027 0 0
rwrist 2.77055 0 0
rhand -27.7324 -18.1472 0
rfingers 7.12502 0 0
rthumb -1.12744 -768.124 0
346
root 7.74774 16.2888 -19.2546 9.21754 12.8439 0.453028
lfemur -5.36879 8.43571 -5.43339
ltibia 44.8259 0 0
lfoot 13.4529 29.5712 0
ltoes -8.0247 0 0
rfemur -45.8327 -18.2138 21.333
rtibia 52.7126 0 0
rfoot -4.31285 -10.9212 0
rtoes -7.97858 0 0
lowerback -1.61063 -1.23369 -0.197119
upperback 1.54937 -1.65046 0.718367
thorax 2.51681 -0.833818 0.782373
lowerneck -6.82462 -6.82256 -0.66097
upperneck 0.0955827 -9.18958 5.77942
head 1.50822 -4.4778 1.59851
lclavicle -9.49819e-15 1.0051e-14 0
lhumerus -47.7518 -28.0643 107.61
lradius 55.6969 0 0
lwrist 20.116 0 0
lhand 1.98284 10.1394 0
lfingers 7.12502 0 0
lthumb 27.4898 38.1683 0
rclavicle -9.49819e-15 1.0051e-14 0
rhumerus -31.6518 14.597 -85.9285
rradius 82.9534 0 0
rwrist 3.43424 0 0
rhand -35.911 -22.3795 0
rfingers 7.12502 0 0
rthumb -9.01328 -772.36 0
347
root 7.70423 16.3004 -19.1954 8.93319 12.2896 0.373163
lfemur -5.63653 8.60304 -5.22642
ltibia 46.3546 0 0
lfoot 12.2204 28.1238 0
ltoes -1.1952 0 0
rfemur -44.8961 -18.1443 21.4767
rtibia 52.2392 0 0
rfoot -5.16925 -9.97722 0
rtoes -4.66805 0 0
lowerback -1.21603 -1.1898 -0.237465
upperback 1.67073 -1.59632 0.746753
thorax 2.42219 -0.807697 0.845829
lowerneck -6.81175 -6.72716 -0.623755
upperneck 0.17906 -9.0625 5.64476
head 1.52166 -4.41713 1.55945
lclavicle 2.67862e-14 1.0138e-14 0
lhumerus -47.6272 -28.1189 107.496
lradius 55.7026 0 0
lwrist 19.2344 0 0
lhand 1.67365 9.90366 0
lfingers 7.12502 0 0
lthumb 27.1924 37.9641 0
rclavicle 2.67862e-14 1.0138e-14 0
rhumerus -31.8709 14.1939 -86.1752
rradius 82.3096 0 0
rwrist 4.29702 0 0
rhand -40.1484 -25.2709 0
rfingers 7.12502 0 0
rthumb -13.1108 -774.839 0
348
root 7.62365 16.3243 -19.0308 8.53969 10.8162 -0.0105951
lfemur -5.69393 8.25865 -4.60801
ltibia 48.2302 0 0
lfoot 12.3294 26.0847 0
ltoes 6.45103 0 0
rfemur -43.7702 -18.4464 22.4514
rtibia 51.6171 0 0
rfoot -6.64163 -8.47936 0
rtoes -3.63759 0 0
lowerback -0.948375 -1.1151 -0.193731
upperback 1.74012 -1.49967 0.854117
thorax 2.34309 -0.759811 0.939497
lowerneck -6.88269 -6.47745 -0.615155
upperneck 0.440531 -8.73789 5.45648
head 1.59737 -4.25278 1.50565
lclavicle 1.54058e-14 -2.38542e-15 0
lhumerus -47.4502 -27.5763 107.214
lradius 55.5983 0 0
lwrist 18.7454 0 0
lhand 0.925138 9.67515 0
lfingers 7.12502 0 0
lthumb 26.4762 37.8456 0
rclavicle 1.54058e-14 -2.38542e-15 0
rhumerus -32.9439 13.3749 -87.4253
rradius 81.648 0 0
rwrist 5.16975 0 0
rhand -44.3678 -30.5705 0
rfingers 7.12502 0 0
rthumb -17.1752 -779.831 0
349
root 7.54253 16.3437 -18.8708 8.14827 9.42614 -0.357441
lfemur -5.91172 8.13241 -4.00295
ltibia 50.2502 0 0
lfoot 12.6374 23.2568 0
ltoes 12.8824 0 0
rfemur -42.5525 -18.7157 23.2727
rtibia 50.9783 0 0
rfoot -8.14352 -6.994 0
rtoes -2.57335 0 0
lowerback -0.637742 -1.04244 -0.186248
upperback 1.81156 -1.40453 0.96141
thorax 2.24265 -0.713279 1.05352
lowerneck -6.93046 -6.24695 -0.603369
upperneck 0.679795 -8.43744 5.27793
head 1.66377 -4.1014 1.45479
lclavicle -2.40529e-14 1.70955e-14 0
lhumerus -47.2581 -27.1376 106.953
lradius 55.5442 0 0
lwrist 18.3532 0 0
lhand 0.185788 9.55885 0
lfingers 7.12502 0 0
lthumb 25.7683 37.8339 0
rclavicle -2.40529e-14 1.70955e-14 0
rhumerus -33.9752 12.4665 -88.4992
rradius 81.0217 0 0
rwrist 5.94647 0 0
rhand -47.1311 -36.3958 0
rfingers 7.12502 0 0
rthumb -19.8333 -785.404 0
350
root 7.51256 16.3405 -18.808 8.1136 9.14177 -0.399339
lfemur -6.06806 8.13561 -3.99303
ltibia 50.2955 0 0
lfoot 12.4018 23.1216 0
ltoes 12.7823 0 0
rfemur -42.4978 -18.5641 23.1442
rtibia 50.9459 0 0
rfoot -8.05912 -6.92591 0
rtoes -2.64803 0 0
lowerback -0.585678 -1.01738 -0.163443
upperback 1.81381 -1.3699 0.949832
thorax 2.21731 -0.695923 1.02735
lowerneck -6.92716 -6.17423 -0.534487
upperneck 0.704827 -8.34449 5.22295
head 1.67178 -4.05527 1.42881
lclavicle -2.4317e-14 1.71705e-14 0
lhumerus -47.2317 -27.1032 106.874
lradius 55.4968 0 0
lwrist 18.3107 0 0
lhand 0.0335098 9.48733 0
lfingers 7.12502 0 0
lthumb 25.6218 37.7746 0
rclavicle -2.4317e-14 1.71705e-14 0
rhumerus -34.0739 12.3951 -88.5047
rradius 80.9357 0 0
rwrist 5.99426 0 0
rhand -47.0427 -36.3368 0
rfingers 7.12502 0 0
rthumb -19.748 -785.35 0
351
root 7.48008 16.337 -18.7412 8.08225 8.81799 -0.439041
lfemur -6.23636 8.14363 -3.97977
ltibia 50.3437 0 0
lfoot 12.1488 22.9809 0
ltoes 12.6655 0 0
rfemur -42.4363 -18.4015 23.0047
rtibia 50.9076 0 0
rfoot -7.96759 -6.8556 0
rtoes -2.72893 0 0
lowerback -0.529884 -0.990032 -0.138211
upperback 1.81643 -1.3321 0.936946
thorax 2.19042 -0.676982 0.998306
lowerneck -6.92313 -6.094 -0.458619
upperneck 0.73072 -8.24194 5.16331
head 1.68006 -4.00438 1.40057
lclavicle -2.45702e-14 1.72365e-14 0
lhumerus -47.2025 -27.0649 106.786
lradius 55.4446 0 0
lwrist 18.2668 0 0
lhand -0.134338 9.41033 0
lfingers 7.12502 0 0
lthumb 25.4602 37.7112 0
rclavicle -2.45702e-14 1.72365e-14 0
rhumerus -34.1803 12.313 -88.5087
rradius 80.84 0 0
rwrist 6.04302 0 0
rhand -46.9506 -36.2698 0
rfingers 7.12502 0 0
rthumb -19.6592 -785.289 0
352
root 7.44516 16.3332 -18.6707 8.05403 8.45615 -0.476682
lfemur -6.41626 8.15628 -3.96328
ltibia 50.395 0 0
lfoot 11.8789 22.8347 0
ltoes 12.5324 0 0
rfemur -42.3683 -18.2281 22.8544
rtibia 50.8635 0 0
rfoot -7.86911 -6.78312 0
rtoes -2.81588 0 0
lowerback -0.470465 -0.960469 -0.11063
upperback 1.81943 -1.29122 0.922793
thorax 2.16203 -0.656505 0.966479
lowerneck -6.91842 -6.00651 -0.375986
upperneck 0.75746 -8.13009 5.09914
head 1.68861 -3.94888 1.37013
lclavicle -2.48126e-14 1.72938e-14 0
lhumerus -47.1708 -27.0227 106.69
lradius 55.3879 0 0
lwrist 18.2213 0 0
lhand -0.317256 9.32799 0
lfingers 7.12502 0 0
lthumb 25.2842 37.6437 0
rclavicle -2.48126e-14 1.72938e-14 0
rhumerus -34.2943 12.2206 -88.5112
rradius 80.7349 0 0
rwrist 6.09273 0 0
rhand -46.8548 -36.1949 0
rfingers 7.12502 0 0
rthumb -19.5668 -785.22 0
353
root 7.40789 16.329 -18.5964 8.02877 8.05764 -0.512397
lfemur -6.60745 8.17334 -3.94373
ltibia 50.449 0 0
lfoot 11.5925 22.6833 0
ltoes 12.3836 0 0
rfemur -42.294 -18.0443 22.6936
rtibia 50.8139 0 0
rfoot -7.76387 -6.7085 0
rtoes -2.90873 0 0
lowerback -0.407523 -0.928759 -0.0807774
upperback 1.82278 -1.24737 0.907415
thorax 2.13216 -0.63454 0.931961
lowerneck -6.91303 -5.91199 -0.286804
upperneck 0.785036 -8.00925 5.03058
head 1.69743 -3.88891 1.33756
lclavicle -2.50444e-14 1.73425e-14 0
lhumerus -47.1366 -26.9768 106.585
lradius 55.3267 0 0
lwrist 18.1744 0 0
lhand -0.514745 9.24046 0
lfingers 7.12502 0 0
lthumb 25.0942 37.5723 0
rclavicle -2.50444e-14 1.73425e-14 0
rhumerus -34.4156 12.1183 -88.5122
rradius 80.6206 0 0
rwrist 6.1434 0 0
rhand -46.7554 -36.1123 0
rfingers 7.12502 0 0
rthumb -19.471 -785.145 0
354
root 7.36834 16.3246 -18.5186 8.00631 7.62383 -0.546318
lfemur -6.80958 8.19463 -3.92124
ltibia 50.5057 0 0
lfoot 11.2902 22.5268 0
ltoes 12.2195 0 0
rfemur -42.2136 -17.8503 22.5227
rtibia 50.759 0 0
rfoot -7.65204 -6.63179 0
rtoes -3.00731 0 0
lowerback -0.341164 -0.894972 -0.0487294
upperback 1.82646 -1.20063 0.890851
thorax 2.10086 -0.611135 0.894842
lowerneck -6.907 -5.81068 -0.191294
upperneck 0.813436 -7.87972 4.95777
head 1.7065 -3.82464 1.30292
lclavicle -2.52657e-14 1.73827e-14 0
lhumerus -47.1 -26.9273 106.472
lradius 55.2612 0 0
lwrist 18.1261 0 0
lhand -0.726306 9.14791 0
lfingers 7.12502 0 0
lthumb 24.8906 37.497 0
rclavicle -2.52657e-14 1.73827e-14 0
rhumerus -34.544 12.0065 -88.5118
rradius 80.4976 0 0
rwrist 6.19504 0 0
rhand -46.6523 -36.0223 0
rfingers 7.12502 0 0
rthumb -19.3716 -785.063 0
355
root 7.32657 16.3198 -18.4372 7.98647 7.15607 -0.57858
lfemur -7.02232 8.21995 -3.89596
ltibia 50.565 0 0
lfoot 10.9723 22.3652 0
ltoes 12.0407 0 0
rfemur -42.1274 -17.6465 22.342
rtibia 50.6991 0 0
rfoot -7.53383 -6.55302 0
rtoes -3.11146 0 0
lowerback -0.271492 -0.859177 -0.0145638
upperback 1.83047 -1.15111 0.873143
thorax 2.06817 -0.58634 0.855211
lowerneck -6.90036 -5.70283 -0.0896728
upperneck 0.842648 -7.74181 4.88086
head 1.71583 -3.75622 1.26629
lclavicle -2.54767e-14 1.74147e-14 0
lhumerus -47.0611 -26.8744 106.351
lradius 55.1916 0 0
lwrist 18.0764 0 0
lhand -0.951439 9.05049 0
lfingers 7.12502 0 0
lthumb 24.674 37.418 0
rclavicle -2.54767e-14 1.74147e-14 0
rhumerus -34.6792 11.8856 -88.5101
rradius 80.3661 0 0
rwrist 6.24764 0 0
rhand -46.5457 -35.925 0
rfingers 7.12502 0 0
rthumb -19.2687 -784.975 0
356
root 7.28267 16.3147 -18.3525 7.96907 6.65574 -0.609318
lfemur -7.24534 8.24909 -3.86803
ltibia 50.6269 0 0
lfoot 10.6393 22.1987 0
ltoes 11.8477 0 0
rfemur -42.0356 -17.4331 22.1518
rtibia 50.6343 0 0
rfoot -7.4094 -6.47224 0
rtoes -3.221 0 0
lowerback -0.198611 -0.821446 0.0216422
upperback 1.83479 -1.0989 0.854331
thorax 2.03412 -0.560201 0.813161
lowerneck -6.89312 -5.58867 0.0178398
upperneck 0.87266 -7.59583 4.79997
head 1.72541 -3.68379 1.22773
lclavicle -2.56777e-14 1.74386e-14 0
lhumerus -47.0199 -26.8182 106.222
lradius 55.118 0 0
lwrist 18.0252 0 0
lhand -1.18965 8.94834 0
lfingers 7.12502 0 0
lthumb 24.4447 37.3354 0
rclavicle -2.56777e-14 1.74386e-14 0
rhumerus -34.821 11.7559 -88.5071
rradius 80.2264 0 0
rwrist 6.3012 0 0
rhand -46.4354 -35.8206 0
rfingers 7.12502 0 0
rthumb -19.1624 -784.88 0
357
root 7.2367 16.3093 -18.2644 7.95395 6.12422 -0.638666
lfemur -7.4783 8.28187 -3.83758
ltibia 50.6911 0 0
lfoot 10.2918 22.0274 0
ltoes 11.6409 0 0
rfemur -41.9385 -17.2104 21.9524
rtibia 50.5649 0 0
rfoot -7.27896 -6.38949 0
rtoes -3.33578 0 0
lowerback -0.122626 -0.781847 0.0598112
upperback 1.8394 -1.0441 0.834456
thorax 1.99876 -0.532769 0.768781
lowerneck -6.88532 -5.46843 0.131026
upperneck 0.90346 -7.44209 4.71525
head 1.73524 -3.60751 1.18731
lclavicle -2.58687e-14 1.74546e-14 0
lhumerus -46.9766 -26.7589 106.087
lradius 55.0406 0 0
lwrist 17.9727 0 0
lhand -1.44043 8.84163 0
lfingers 7.12502 0 0
lthumb 24.2034 37.2493 0
rclavicle -2.58687e-14 1.74546e-14 0
rhumerus -34.9692 11.6179 -88.5029
rradius 80.079 0 0
rwrist 6.35573 0 0
rhand -46.3216 -35.7093 0
rfingers 7.12502 0 0
rthumb -19.0526 -784.779 0
358
root 7.18874 16.3037 -18.1731 7.94093 5.56286 -0.666757
lfemur -7.72087 8.31807 -3.80475
ltibia 50.7576 0 0
lfoot 9.93012 21.8515 0
ltoes 11.4209 0 0
rfemur -41.8362 -16.9787 21.7442
rtibia 50.4911 0 0
rfoot -7.14268 -6.3048 0
rtoes -3.45564 0 0
lowerback -0.0436406 -0.740451 0.0998661
upperback 1.84429 -0.986799 0.81356
thorax 1.96212 -0.504089 0.722161
lowerneck -6.87698 -5.34237 0.249666
upperneck 0.935035 -7.28088 4.62684
head 1.74531 -3.52753 1.14509
lclavicle -2.60499e-14 1.74628e-14 0
lhumerus -46.9312 -26.6965 105.944
lradius 54.9595 0 0
lwrist 17.9189 0 0
lhand -1.70328 8.73051 0
lfingers 7.12502 0 0
lthumb 23.9505 37.1598 0
rclavicle -2.60499e-14 1.74628e-14 0
rhumerus -35.1236 11.4719 -88.4975
rradius 79.9241 0 0
rwrist 6.41122 0 0
rhand -46.2041 -35.5913 0
rfingers 7.12502 0 0
rthumb -18.9394 -784.672 0
359
root 7.13887 16.2978 -18.0787 7.92984 4.97304 -0.693726
lfemur -7.97272 8.35752 -3.76969
ltibia 50.8262 0 0
lfoot 9.55481 21.671 0
ltoes 11.1881 0 0
rfemur -41.7292 -16.7384 21.5273
rtibia 50.4131 0 0
rfoot -7.00074 -6.21821 0
rtoes -3.58041 0 0
lowerback 0.0382408 -0.697326 0.141729
upperback 1.84945 -0.927105 0.791682
thorax 1.92424 -0.474213 0.673393
lowerneck -6.86813 -5.21072 0.373542
upperneck 0.967374 -7.11253 4.53487
head 1.75563 -3.44401 1.10115
lclavicle -2.62216e-14 1.74635e-14 0
lhumerus -46.8839 -26.6313 105.795
lradius 54.8748 0 0
lwrist 17.8637 0 0
lhand -1.97771 8.61514 0
lfingers 7.12502 0 0
lthumb 23.6865 37.0671 0
rclavicle -2.62216e-14 1.74635e-14 0
rhumerus -35.2838 11.3183 -88.491
rradius 79.762 0 0
rwrist 6.46768 0 0
rhand -46.0832 -35.4667 0
rfingers 7.12502 0 0
rthumb -18.8228 -784.559 0
360
root 7.08715 16.2916 -17.9812 7.92051 4.35613 -0.719707
lfemur -8.2335 8.39999 -3.73253
ltibia 50.8969 0 0
lfoot 9.16632 21.4862 0
ltoes 10.9431 0 0
rfemur -41.6175 -16.4896 21.3022
rtibia 50.3312 0 0
rfoot -6.85334 -6.12977 0
rtoes -3.70992 0 0
lowerback 0.122914 -0.652544 0.185324
upperback 1.85485 -0.865111 0.768863
thorax 1.88516 -0.443186 0.622568
lowerneck -6.85879 -5.07372 0.502435
upperneck 1.00046 -6.93733 4.43948
head 1.76619 -3.35709 1.05556
lclavicle -2.63838e-14 1.74568e-14 0
lhumerus -46.8346 -26.5633 105.639
lradius 54.7868 0 0
lwrist 17.8073 0 0
lhand -2.26321 8.49566 0
lfingers 7.12502 0 0
lthumb 23.4118 36.9711 0
rclavicle -2.63838e-14 1.74568e-14 0
rhumerus -35.4498 11.1575 -88.4834
rradius 79.5931 0 0
rwrist 6.52511 0 0
rhand -45.9587 -35.3358 0
rfingers 7.12502 0 0
rthumb -18.7028 -784.441 0
361
root 7.03367 16.2852 -17.8808 7.91276 3.7135 -0.744834
lfemur -8.5029 8.44531 -3.69342
ltibia 50.9696 0 0
lfoot 8.76512 21.297 0
ltoes 10.6864 0 0
rfemur -41.5015 -16.2328 21.0692
rtibia 50.2456 0 0
rfoot -6.70066 -6.03951 0
rtoes -3.84401 0 0
lowerback 0.210274 -0.606173 0.230573
upperback 1.86049 -0.800913 0.745145
thorax 1.84492 -0.411058 0.569775
lowerneck -6.84899 -4.93161 0.636127
upperneck 1.03429 -6.75559 4.34082
head 1.77698 -3.26693 1.00837
lclavicle -2.65368e-14 1.74429e-14 0
lhumerus -46.7835 -26.4927 105.477
lradius 54.6954 0 0
lwrist 17.7495 0 0
lhand -2.5593 8.37223 0
lfingers 7.12502 0 0
lthumb 23.1269 36.8721 0
rclavicle -2.65368e-14 1.74429e-14 0
rhumerus -35.6211 10.9899 -88.4749
rradius 79.4177 0 0
rwrist 6.58351 0 0
rhand -45.8307 -35.1987 0
rfingers 7.12502 0 0
rthumb -18.5793 -784.316 0
362
root 6.97849 16.2786 -17.7776 7.90643 3.04651 -0.769242
lfemur -8.78056 8.49327 -3.65249
ltibia 51.0441 0 0
lfoot 8.35167 21.1037 0
ltoes 10.4184 0 0
rfemur -41.3814 -15.9681 20.8285
rtibia 50.1565 0 0
rfoot -6.54288 -5.94748 0
rtoes -3.98252 0 0
lowerback 0.300218 -0.558283 0.277399
upperback 1.86635 -0.734609 0.720567
thorax 1.80356 -0.377878 0.515105
lowerneck -6.83876 -4.78463 0.774399
upperneck 1.06885 -6.56763 4.23901
head 1.78801 -3.17368 0.95966
lclavicle -2.66807e-14 1.74219e-14 0
lhumerus -46.7308 -26.4196 105.31
lradius 54.601 0 0
lwrist 17.6905 0 0
lhand -2.86545 8.245 0
lfingers 7.12502 0 0
lthumb 22.8323 36.7702 0
rclavicle -2.66807e-14 1.74219e-14 0
rhumerus -35.7977 10.8158 -88.4654
rradius 79.2362 0 0
rwrist 6.64288 0 0
rhand -45.6992 -35.0556 0
rfingers 7.12502 0 0
rthumb -18.4525 -784.187 0
363
root 6.92169 16.2717 -17.6717 7.90133 2.35654 -0.793064
lfemur -9.06617 8.54366 -3.60988
ltibia 51.1204 0 0
lfoot 7.92644 20.9064 0
ltoes 10.1397 0 0
rfemur -41.2575 -15.696 20.5806
rtibia 50.0642 0 0
rfoot -6.38019 -5.85371 0
rtoes -4.12528 0 0
lowerback 0.39264 -0.508945 0.325724
upperback 1.87242 -0.666295 0.695171
thorax 1.76112 -0.343692 0.458649
lowerneck -6.82812 -4.63302 0.917032
upperneck 1.10412 -6.37374 4.1342
head 1.79926 -3.0775 0.909495
lclavicle -2.68158e-14 1.7394e-14 0
lhumerus -46.6763 -26.3442 105.137
lradius 54.5037 0 0
lwrist 17.6303 0 0
lhand -3.18119 8.11414 0
lfingers 7.12502 0 0
lthumb 22.5285 36.6654 0
rclavicle -2.68158e-14 1.7394e-14 0
rhumerus -35.9792 10.6357 -88.455
rradius 79.0488 0 0
rwrist 6.70323 0 0
rhand -45.5642 -34.9068 0
rfingers 7.12502 0 0
rthumb -18.3223 -784.052 0
364
root 6.86334 16.2647 -17.5631 7.8973 1.64495 -0.816435
lfemur -9.35938 8.5963 -3.56573
ltibia 51.1983 0 0
lfoot 7.4899 20.7052 0
ltoes 9.85072 0 0
rfemur -41.1299 -15.4166 20.3256
rtibia 49.9688 0 0
rfoot -6.21277 -5.75825 0
rtoes -4.27214 0 0
lowerback 0.487436 -0.458227 0.375471
upperback 1.87868 -0.596068 0.668998
thorax 1.71763 -0.308551 0.400497
lowerneck -6.81709 -4.47701 1.06381
upperneck 1.1401 -6.17423 4.02653
head 1.81073 -2.97852 0.857943
lclavicle -2.6942e-14 1.73595e-14 0
lhumerus -46.6204 -26.2666 104.959
lradius 54.4035 0 0
lwrist 17.5688 0 0
lhand -3.506 7.97979 0
lfingers 7.12502 0 0
lthumb 22.216 36.5579 0
rclavicle -2.6942e-14 1.73595e-14 0
rhumerus -36.1655 10.4499 -88.4438
rradius 78.8558 0 0
rwrist 6.76454 0 0
rhand -45.4257 -34.7523 0
rfingers 7.12502 0 0
rthumb -18.1888 -783.912 0
365
root 6.80352 16.2575 -17.452 7.89417 0.913123 -0.839488
lfemur -9.65986 8.65099 -3.52018
ltibia 51.2777 0 0
lfoot 7.04253 20.5002 0
ltoes 9.55204 0 0
rfemur -40.9989 -15.1303 20.0639
rtibia 49.8706 0 0
rfoot -6.04082 -5.66113 0
rtoes -4.42291 0 0
lowerback 0.584503 -0.406201 0.426564
upperback 1.88511 -0.524025 0.642088
thorax 1.67313 -0.272501 0.340741
lowerneck -6.80572 -4.31686 1.21451
upperneck 1.17677 -5.96941 3.91614
head 1.82243 -2.87692 0.80507
lclavicle -2.70598e-14 1.73184e-14 0
lhumerus -46.5629 -26.1869 104.776
lradius 54.3007 0 0
lwrist 17.5062 0 0
lhand -3.8394 7.8421 0
lfingers 7.12502 0 0
lthumb 21.8952 36.4477 0
rclavicle -2.70598e-14 1.73184e-14 0
rhumerus -36.3563 10.2589 -88.4318
rradius 78.6577 0 0
rwrist 6.82683 0 0
rhand -45.2838 -34.5925 0
rfingers 7.12502 0 0
rthumb -18.052 -783.767 0
366
root 6.7423 16.25 -17.3385 7.89176 0.162418 -0.862359
lfemur -9.96727 8.70752 -3.47338
ltibia 51.3585 0 0
lfoot 6.58478 20.2916 0
ltoes 9.24412 0 0
rfemur -40.8648 -14.8373 19.7958
rtibia 49.7698 0 0
rfoot -5.86451 -5.56239 0
rtoes -4.57745 0 0
lowerback 0.683736 -0.352935 0.478924
upperback 1.8917 -0.450264 0.614482
thorax 1.62767 -0.235592 0.279469
lowerneck -6.79401 -4.15279 1.36891
upperneck 1.21412 -5.7596 3.80316
head 1.83435 -2.77283 0.750946
lclavicle -2.71691e-14 1.7271e-14 0
lhumerus -46.5041 -26.1052 104.588
lradius 54.1953 0 0
lwrist 17.4423 0 0
lhand -4.18087 7.70124 0
lfingers 7.12502 0 0
lthumb 21.5666 36.3351 0
rclavicle -2.71691e-14 1.7271e-14 0
rhumerus -36.5513 10.0629 -88.4191
rradius 78.4547 0 0
rwrist 6.8901 0 0
rhand -45.1384 -34.4274 0
rfingers 7.12502 0 0
rthumb -17.9118 -783.617 0
367
root 6.67975 16.2424 -17.2226 7.88989 -0.605794 -0.885181
lfemur -10.2813 8.76571 -3.42546
ltibia 51.4407 0 0
lfoot 6.11713 20.0794 0
ltoes 8.92747 0 0
rfemur -40.7278 -14.5381 19.5217
rtibia 49.6667 0 0
rfoot -5.68403 -5.46208 0
rtoes -4.73559 0 0
lowerback 0.78503 -0.298499 0.532475
upperback 1.89845 -0.374881 0.58622
thorax 1.58128 -0.197872 0.216774
lowerneck -6.782 -3.98506 1.5268
upperneck 1.25213 -5.54508 3.68773
head 1.84648 -2.66642 0.695636
lclavicle -2.72703e-14 1.72173e-14 0
lhumerus -46.444 -26.0218 104.397
lradius 54.0876 0 0
lwrist 17.3774 0 0
lhand -4.52993 7.55736 0
lfingers 7.12502 0 0
lthumb 21.2308 36.22 0
rclavicle -2.72703e-14 1.72173e-14 0
rhumerus -36.7503 9.86243 -88.4057
rradius 78.2472 0 0
rwrist 6.95434 0 0
rhand -44.9896 -34.2573 0
rfingers 7.12502 0 0
rthumb -17.7684 -783.463 0
368
root 6.61595 16.2346 -17.1045 7.88841 -1.39014 -0.908088
lfemur -10.6016 8.82534 -3.37655
ltibia 51.524 0 0
lfoot 5.64005 19.8638 0
ltoes 8.60258 0 0
rfemur -40.5882 -14.2327 19.2418
rtibia 49.5614 0 0
rfoot -5.49956 -5.36023 0
rtoes -4.89716 0 0
lowerback 0.888282 -0.242964 0.587139
upperback 1.90532 -0.297973 0.557345
thorax 1.534 -0.159388 0.152746
lowerneck -6.76971 -3.81389 1.68796
upperneck 1.2908 -5.32618 3.56999
head 1.85882 -2.55782 0.63921
lclavicle -2.73633e-14 1.71577e-14 0
lhumerus -46.3827 -25.9367 104.201
lradius 53.9777 0 0
lwrist 17.3113 0 0
lhand -4.88606 7.4106 0
lfingers 7.12502 0 0
lthumb 20.8881 36.1027 0
rclavicle -2.73633e-14 1.71577e-14 0
rhumerus -36.9532 9.65783 -88.3917
rradius 78.0354 0 0
rwrist 7.01956 0 0
rhand -44.8375 -34.0823 0
rfingers 7.12502 0 0
rthumb -17.6217 -783.304 0
369
root 6.55097 16.2267 -16.9842 7.88712 -2.18926 -0.931214
lfemur -10.9278 8.88623 -3.32681
ltibia 51.6085 0 0
lfoot 5.15399 19.645 0
ltoes 8.26997 0 0
rfemur -40.4462 -13.9217 18.9565
rtibia 49.4543 0 0
rfoot -5.3113 -5.25688 0
rtoes -5.062 0 0
lowerback 0.993386 -0.186398 0.642838
upperback 1.91231 -0.219636 0.527895
thorax 1.48587 -0.12019 0.0874747
lowerneck -6.75717 -3.63952 1.85217
upperneck 1.33011 -5.10319 3.45008
head 1.87137 -2.44721 0.581734
lclavicle -2.74486e-14 1.70922e-14 0
lhumerus -46.3203 -25.8501 104.001
lradius 53.8657 0 0
lwrist 17.2441 0 0
lhand -5.24878 7.26113 0
lfingers 7.12502 0 0
lthumb 20.5391 35.9831 0
rclavicle -2.74486e-14 1.70922e-14 0
rhumerus -37.1596 9.44948 -88.3772
rradius 77.8197 0 0
rwrist 7.08576 0 0
rhand -44.6819 -33.9027 0
rfingers 7.12502 0 0
rthumb -17.4717 -783.141 0
370
root 6.48489 16.2187 -16.8619 7.88587 -3.00177 -0.954695
lfemur -11.2596 8.94817 -3.27636
ltibia 51.6939 0 0
lfoot 4.65945 19.423 0
ltoes 7.93012 0 0
rfemur -40.302 -13.6051 18.666
rtibia 49.3454 0 0
rfoot -5.11942 -5.15207 0
rtoes -5.22995 0 0
lowerback 1.10024 -0.128873 0.699497
upperback 1.91941 -0.139969 0.497913
thorax 1.43692 -0.0803257 0.0210514
lowerneck -6.7444 -3.46221 2.01921
upperneck 1.37006 -4.87643 3.32814
head 1.88412 -2.33472 0.523277
lclavicle -2.75261e-14 1.7021e-14 0
lhumerus -46.2569 -25.7621 103.799
lradius 53.7518 0 0
lwrist 17.1758 0 0
lhand -5.61758 7.10909 0
lfingers 7.12502 0 0
lthumb 20.1843 35.8615 0
rclavicle -2.75261e-14 1.7021e-14 0
rhumerus -37.3694 9.23778 -88.3622
rradius 77.6005 0 0
rwrist 7.15294 0 0
rhand -44.5229 -33.7186 0
rfingers 7.12502 0 0
rthumb -17.3184 -782.974 0
371
root 6.41777 16.2105 -16.7376 7.88448 -3.82632 -0.978663
lfemur -11.5967 9.01097 -3.22535
ltibia 51.7802 0 0
lfoot 4.15687 19.1979 0
ltoes 7.58354 0 0
rfemur -40.1559 -13.2834 18.3707
rtibia 49.2351 0 0
rfoot -4.92411 -5.04585 0
rtoes -5.40083 0 0
lowerback 1.20874 -0.0704563 0.757037
upperback 1.92659 -0.0590676 0.467438
thorax 1.3872 -0.0398432 -0.0464336
lowerneck -6.73143 -3.28217 2.18887
upperneck 1.41062 -4.6462 3.20431
head 1.89708 -2.22051 0.463905
lclavicle -2.75961e-14 1.69444e-14 0
lhumerus -46.1925 -25.6729 103.593
lradius 53.6361 0 0
lwrist 17.1065 0 0
lhand -5.99196 6.95465 0
lfingers 7.12502 0 0
lthumb 19.824 35.738 0
rclavicle -2.75961e-14 1.69444e-14 0
rhumerus -37.5822 9.0231 -88.3467
rradius 77.3781 0 0
rwrist 7.2211 0 0
rhand -44.3606 -33.5302 0
rfingers 7.12502 0 0
rthumb -17.162 -782.803 0
372
root 6.3497 16.2022 -16.6114 7.88278 -4.66152 -1.00325
lfemur -11.9387 9.07442 -3.17392
ltibia 51.8672 0 0
lfoot 3.64673 18.97 0
ltoes 7.23073 0 0
rfemur -40.0081 -12.9569 18.071
rtibia 49.1235 0 0
rfoot -4.72556 -4.93825 0
rtoes -5.5745 0 0
lowerback 1.31877 -0.0112193 0.815382
upperback 1.93385 0.0229711 0.436512
thorax 1.33675 0.00120898 -0.11489
lowerneck -6.71829 -3.09967 2.36091
upperneck 1.45179 -4.4128 3.07872
head 1.91023 -2.10473 0.403687
lclavicle -2.76587e-14 1.68624e-14 0
lhumerus -46.1272 -25.5825 103.384
lradius 53.5188 0 0
lwrist 17.0361 0 0
lhand -6.37143 6.79796 0
lfingers 7.12502 0 0
lthumb 19.4589 35.6126 0
rclavicle -2.76587e-14 1.68624e-14 0
rhumerus -37.798 8.80583 -88.3309
rradius 77.1527 0 0
rwrist 7.29024 0 0
rhand -44.195 -33.3377 0
rfingers 7.12502 0 0
rthumb -17.0023 -782.628 0
373
root 6.28074 16.1937 -16.4835 7.88059 -5.50601 -1.0286
lfemur -12.2853 9.13834 -3.12221
ltibia 51.955 0 0
lfoot 3.12949 18.7393 0
ltoes 6.8722 0 0
rfemur -39.8589 -12.6257 17.767
rtibia 49.011 0 0
rfoot -4.52395 -4.82932 0
rtoes -5.75077 0 0
lowerback 1.43025 0.0487687 0.874453
upperback 1.94116 0.10605 0.405176
thorax 1.2856 0.0427825 -0.184226
lowerneck -6.70501 -2.91493 2.53513
upperneck 1.49355 -4.17656 2.95151
head 1.92357 -1.98754 0.34269
lclavicle -2.77142e-14 1.67753e-14 0
lhumerus -46.0612 -25.4912 103.173
lradius 53.4 0 0
lwrist 16.9647 0 0
lhand -6.75548 6.63917 0
lfingers 7.12502 0 0
lthumb 19.0894 35.4854 0
rclavicle -2.77142e-14 1.67753e-14 0
rhumerus -38.0163 8.58636 -88.3147
rradius 76.9247 0 0
rwrist 7.36036 0 0
rhand -44.026 -33.1413 0
rfingers 7.12502 0 0
rthumb -16.8394 -782.449 0
374
root 6.21098 16.1852 -16.3539 7.87774 -6.35842 -1.05483
lfemur -12.6362 9.20252 -3.07036
ltibia 52.0433 0 0
lfoot 2.60564 18.5059 0
ltoes 6.50843 0 0
rfemur -39.7086 -12.2903 17.4591
rtibia 48.8976 0 0
rfoot -4.31947 -4.71908 0
rtoes -5.9295 0 0
lowerback 1.54305 0.109438 0.934174
upperback 1.94852 0.190072 0.373469
thorax 1.23379 0.0848291 -0.254352
lowerneck -6.6916 -2.7282 2.71131
upperneck 1.5359 -3.93776 2.82283
head 1.9371 -1.86908 0.280981
lclavicle -2.77626e-14 1.66832e-14 0
lhumerus -45.9945 -25.399 102.96
lradius 53.2799 0 0
lwrist 16.8923 0 0
lhand -7.14361 6.47843 0
lfingers 7.12502 0 0
lthumb 18.7159 35.3566 0
rclavicle -2.77626e-14 1.66832e-14 0
rhumerus -38.237 8.36506 -88.2983
rradius 76.6945 0 0
rwrist 7.43147 0 0
rhand -43.8538 -32.9412 0
rfingers 7.12502 0 0
rthumb -16.6733 -782.267 0
375
root 6.14047 16.1766 -16.2228 7.87406 -7.21739 -1.0821
lfemur -12.991 9.26677 -3.0185
ltibia 52.132 0 0
lfoot 2.07562 18.2701 0
ltoes 6.13994 0 0
rfemur -39.5573 -11.9509 17.1477
rtibia 48.7838 0 0
rfoot -4.11229 -4.60759 0
rtoes -6.11051 0 0
lowerback 1.65709 0.170718 0.994467
upperback 1.95591 0.274941 0.341433
thorax 1.18136 0.127301 -0.325178
lowerneck -6.67809 -2.53971 2.88922
upperneck 1.57882 -3.69673 2.69281
head 1.95082 -1.74952 0.218628
lclavicle -2.78043e-14 1.65863e-14 0
lhumerus -45.9272 -25.3061 102.744
lradius 53.1586 0 0
lwrist 16.8189 0 0
lhand -7.53533 6.3159 0
lfingers 7.12502 0 0
lthumb 18.339 35.2263 0
rclavicle -2.78043e-14 1.65863e-14 0
rhumerus -38.4599 8.14233 -88.2816
rradius 76.4623 0 0
rwrist 7.50357 0 0
rhand -43.6782 -32.7376 0
rfingers 7.12502 0 0
rthumb -16.504 -782.082 0
376
root 6.06931 16.168 -16.0902 7.86937 -8.08153 -1.11051
lfemur -13.3494 9.33088 -2.96678
ltibia 52.2211 0 0
lfoot 1.53992 18.0318 0
ltoes 5.76722 0 0
rfemur -39.4053 -11.6078 16.833
rtibia 48.6695 0 0
rfoot -3.90262 -4.49488 0
rtoes -6.29364 0 0
lowerback 1.77224 0.23254 1.05526
upperback 1.96331 0.360559 0.309109
thorax 1.12835 0.170148 -0.396612
lowerneck -6.66452 -2.34971 3.06866
upperneck 1.6223 -3.45376 2.56159
head 1.96473 -1.62899 0.155699
lclavicle -2.78392e-14 1.64848e-14 0
lhumerus -45.8593 -25.2127 102.528
lradius 53.0363 0 0
lwrist 16.7446 0 0
lhand -7.93014 6.15173 0
lfingers 7.12502 0 0
lthumb 17.9591 35.0946 0
rclavicle -2.78392e-14 1.64848e-14 0
rhumerus -38.6847 7.91855 -88.2648
rradius 76.2286 0 0
rwrist 7.57665 0 0
rhand -43.4994 -32.5306 0
rfingers 7.12502 0 0
rthumb -16.3316 -781.893 0
377
root 5.99755 16.1592 -15.9562 7.86351 -8.94949 -1.14023
lfemur -13.7111 9.39466 -2.91533
ltibia 52.3104 0 0
lfoot 0.999006 17.7912 0
ltoes 5.39077 0 0
rfemur -39.2529 -11.2613 16.5154
rtibia 48.5552 0 0
rfoot -3.69063 -4.38099 0
rtoes -6.47873 0 0
lowerback 1.88842 0.294834 1.11646
upperback 1.97071 0.44683 0.276538
thorax 1.07481 0.213324 -0.468565
lowerneck -6.6509 -2.15843 3.24939
upperneck 1.66632 -3.20916 2.4293
head 1.97881 -1.50766 0.0922621
lclavicle -2.78677e-14 1.63787e-14 0
lhumerus -45.7911 -25.1188 102.31
lradius 52.913 0 0
lwrist 16.6694 0 0
lhand -8.32754 5.98608 0
lfingers 7.12502 0 0
lthumb 17.5768 34.9616 0
rclavicle -2.78677e-14 1.63787e-14 0
rhumerus -38.9113 7.6941 -88.2479
rradius 75.9935 0 0
rwrist 7.65072 0 0
rhand -43.3173 -32.3204 0
rfingers 7.12502 0 0
rthumb -16.1561 -781.701 0
378
root 5.92528 16.1504 -15.821 7.85631 -9.81989 -1.17137
lfemur -14.0757 9.4579 -2.8643
ltibia 52.3998 0 0
lfoot 0.453337 17.5485 0
ltoes 5.01109 0 0
rfemur -39.1003 -10.9117 16.1952
rtibia 48.441 0 0
rfoot -3.47651 -4.26597 0
rtoes -6.66562 0 0
lowerback 2.0055 0.35753 1.17801
upperback 1.9781 0.533656 0.24376
thorax 1.02075 0.25678 -0.540945
lowerneck -6.63727 -1.96611 3.43121
upperneck 1.71088 -2.96324 2.2961
head 1.99307 -1.38567 0.0283837
lclavicle -2.78898e-14 1.62685e-14 0
lhumerus -45.7225 -25.0246 102.091
lradius 52.7891 0 0
lwrist 16.5932 0 0
lhand -8.72702 5.8191 0
lfingers 7.12502 0 0
lthumb 17.1924 34.8274 0
rclavicle -2.78898e-14 1.62685e-14 0
rhumerus -39.1392 7.46937 -88.231
rradius 75.7575 0 0
rwrist 7.72578 0 0
rhand -43.1319 -32.1073 0
rfingers 7.12502 0 0
rthumb -15.9774 -781.507 0
379
root 5.85257 16.1416 -15.6845 7.84758 -10.6914 -1.20407
lfemur -14.4429 9.52042 -2.81382
ltibia 52.4892 0 0
lfoot -0.0966136 17.3038 0
ltoes 4.62869 0 0
rfemur -38.9477 -10.5592 15.8726
rtibia 48.3272 0 0
rfoot -3.26044 -4.14984 0
rtoes -6.85413 0 0
lowerback 2.1234 0.420558 1.23982
upperback 1.98546 0.620941 0.210815
thorax 0.966237 0.300467 -0.613662
lowerneck -6.62365 -1.773 3.61389
upperneck 1.75596 -2.71631 2.1621
head 2.0075 -1.26318 -0.035868
lclavicle -2.79058e-14 1.6154e-14 0
lhumerus -45.6536 -24.9303 101.871
lradius 52.6645 0 0
lwrist 16.5162 0 0
lhand -9.12809 5.65094 0
lfingers 7.12502 0 0
lthumb 16.8064 34.6921 0
rclavicle -2.79058e-14 1.6154e-14 0
rhumerus -39.3684 7.24474 -88.214
rradius 75.5208 0 0
rwrist 7.80183 0 0
rhand -42.9434 -31.8914 0
rfingers 7.12502 0 0
rthumb -15.7956 -781.31 0
380
root 5.77949 16.1327 -15.547 7.83715 -11.5625 -1.23846
lfemur -14.8123 9.58202 -2.76404
ltibia 52.5786 0 0
lfoot -0.650378 17.0572 0
ltoes 4.24407 0 0
rfemur -38.7954 -10.2043 15.548
rtibia 48.2139 0 0
rfoot -3.04261 -4.03266 0
rtoes -7.04411 0 0
lowerback 2.24201 0.483848 1.30182
upperback 1.99277 0.708588 0.177745
thorax 0.911295 0.344337 -0.686626
lowerneck -6.61006 -1.57933 3.79721
upperneck 1.80156 -2.46868 2.02746
head 2.0221 -1.14033 -0.100426
lclavicle -2.79158e-14 1.60357e-14 0
lhumerus -45.5846 -24.8359 101.651
lradius 52.5396 0 0
lwrist 16.4383 0 0
lhand -9.53025 5.48177 0
lfingers 7.12502 0 0
lthumb 16.4195 34.5559 0
rclavicle -2.79158e-14 1.60357e-14 0
rhumerus -39.5986 7.0206 -88.1972
rradius 75.2839 0 0
rwrist 7.87887 0 0
rhand -42.7516 -31.6728 0
rfingers 7.12502 0 0
rthumb -15.6107 -781.11 0
381
root 5.70612 16.1238 -15.4085 7.82487 -12.4321 -1.27469
lfemur -15.1837 9.64249 -2.71509
ltibia 52.6677 0 0
lfoot -1.20749 16.8088 0
ltoes 3.85772 0 0
rfemur -38.6437 -9.84711 15.2218
rtibia 48.1014 0 0
rfoot -2.8232 -3.91446 0
rtoes -7.23539 0 0
lowerback 2.36121 0.547331 1.36392
upperback 2.00003 0.7965 0.144591
thorax 0.855966 0.388342 -0.759745
lowerneck -6.59653 -1.38534 3.98096
upperneck 1.84765 -2.22064 1.89231
head 2.03686 -1.01729 -0.165221
lclavicle -2.792e-14 1.59136e-14 0
lhumerus -45.5155 -24.7416 101.43
lradius 52.4143 0 0
lwrist 16.3596 0 0
lhand -9.93301 5.31173 0
lfingers 7.12502 0 0
lthumb 16.0319 34.4188 0
rclavicle -2.792e-14 1.59136e-14 0
rhumerus -39.8295 6.79732 -88.1804
rradius 75.0469 0 0
rwrist 7.9569 0 0
rhand -42.5566 -31.4519 0
rfingers 7.12502 0 0
rthumb -15.4227 -780.908 0
382
root 5.63252 16.1149 -15.2692 7.81054 -13.2985 -1.31287
lfemur -15.5566 9.70163 -2.66712
ltibia 52.7566 0 0
lfoot -1.76747 16.5587 0
ltoes 3.47015 0 0
rfemur -38.4927 -9.48801 14.8941
rtibia 47.99 0 0
rfoot -2.6024 -3.79527 0
rtoes -7.42781 0 0
lowerback 2.48092 0.610937 1.42606
upperback 2.00721 0.884579 0.111393
thorax 0.80029 0.432434 -0.83293
lowerneck -6.58309 -1.19128 4.16491
upperneck 1.89422 -1.97251 1.7568
head 2.05179 -0.894207 -0.230188
lclavicle -2.79185e-14 1.57879e-14 0
lhumerus -45.4464 -24.6476 101.21
lradius 52.2888 0 0
lwrist 16.28 0 0
lhand -10.3358 5.14098 0
lfingers 7.12502 0 0
lthumb 15.6443 34.2809 0
rclavicle -2.79185e-14 1.57879e-14 0
rhumerus -40.0609 6.57531 -88.1639
rradius 74.8103 0 0
rwrist 8.03593 0 0
rhand -42.3585 -31.2288 0
rfingers 7.12502 0 0
rthumb -15.2317 -780.704 0
383
root 5.55878 16.106 -15.129 7.794 -14.1606 -1.35316
lfemur -15.9309 9.75926 -2.62025
ltibia 52.845 0 0
lfoot -2.32987 16.3072 0
ltoes 3.08186 0 0
rfemur -38.3427 -9.12726 14.5654
rtibia 47.8797 0 0
rfoot -2.3804 -3.67515 0
rtoes -7.6212 0 0
lowerback 2.60101 0.674596 1.48815
upperback 2.0143 0.97273 0.0781923
thorax 0.744304 0.476563 -0.90609
lowerneck -6.56977 -0.99738 4.34886
upperneck 1.94128 -1.7246 1.62105
head 2.06687 -0.771227 -0.295257
lclavicle -2.79116e-14 1.56587e-14 0
lhumerus -45.3774 -24.554 100.991
lradius 52.1634 0 0
lwrist 16.1996 0 0
lhand -10.7383 4.96966 0
lfingers 7.12502 0 0
lthumb 15.257 34.1424 0
rclavicle -2.79116e-14 1.56587e-14 0
rhumerus -40.2927 6.35494 -88.1475
rradius 74.5744 0 0
rwrist 8.11595 0 0
rhand -42.1572 -31.0036 0
rfingers 7.12502 0 0
rthumb -15.0376 -780.498 0
384
root 5.48497 16.0972 -14.9881 7.77508 -15.0169 -1.39568
lfemur -16.306 9.81517 -2.57464
ltibia 52.9329 0 0
lfoot -2.8942 16.0542 0
ltoes 2.69334 0 0
rfemur -38.1941 -8.76517 14.2359
rtibia 47.771 0 0
rfoot -2.15737 -3.55413 0
rtoes -7.8154 0 0
lowerback 2.7214 0.738238 1.55012
upperback 2.02129 1.06085 0.0450291
thorax 0.688047 0.520683 -0.979133
lowerneck -6.55658 -0.80388 4.53257
upperneck 1.98879 -1.4772 1.48521
head 2.08211 -0.648505 -0.360362
lclavicle -2.78994e-14 1.55263e-14 0
lhumerus -45.3085 -24.4608 100.772
lradius 52.0381 0 0
lwrist 16.1185 0 0
lhand -11.1398 4.79795 0
lfingers 7.12502 0 0
lthumb 14.8707 34.0034 0
rclavicle -2.78994e-14 1.55263e-14 0
rhumerus -40.5245 6.13659 -88.1315
rradius 74.3395 0 0
rwrist 8.19696 0 0
rhand -41.9527 -30.7766 0
rfingers 7.12502 0 0
rthumb -14.8405 -780.29 0
385
root 5.41116 16.0883 -14.8467 7.7536 -15.8661 -1.44056
lfemur -16.6817 9.86916 -2.53043
ltibia 53.0202 0 0
lfoot -3.46001 15.7999 0
ltoes 2.3051 0 0
rfemur -38.0469 -8.40204 13.906
rtibia 47.664 0 0
rfoot -1.93351 -3.43226 0
rtoes -8.01025 0 0
lowerback 2.84197 0.801794 1.61189
upperback 2.02816 1.14886 0.0119444
thorax 0.631558 0.564744 -1.05197
lowerneck -6.54356 -0.611022 4.71584
upperneck 2.03676 -1.23064 1.34941
head 2.09751 -0.526193 -0.425434
lclavicle -2.78821e-14 1.53908e-14 0
lhumerus -45.2399 -24.3684 100.554
lradius 51.9131 0 0
lwrist 16.0366 0 0
lhand -11.5399 4.62598 0
lfingers 7.12502 0 0
lthumb 14.4856 33.864 0
rclavicle -2.78821e-14 1.53908e-14 0
rhumerus -40.7561 5.92065 -88.1158
rradius 74.1059 0 0
rwrist 8.27898 0 0
rhand -41.7451 -30.5479 0
rfingers 7.12502 0 0
rthumb -14.6404 -780.08 0
386
root 5.33742 16.0795 -14.7047 7.72939 -16.7067 -1.48794
lfemur -17.0577 9.92103 -2.48774
ltibia 53.1068 0 0
lfoot -4.02682 15.5446 0
ltoes 1.91765 0 0
rfemur -37.9015 -8.03814 13.576
rtibia 47.5589 0 0
rfoot -1.709 -3.30956 0
rtoes -8.20557 0 0
lowerback 2.96261 0.865193 1.67338
upperback 2.0349 1.23664 -0.021021
thorax 0.574876 0.608698 -1.12451
lowerneck -6.53073 -0.419046 4.89843
upperneck 2.08516 -0.985206 1.2138
head 2.11305 -0.404444 -0.490407
lclavicle -2.78599e-14 1.52524e-14 0
lhumerus -45.1717 -24.2767 100.338
lradius 51.7886 0 0
lwrist 15.954 0 0
lhand -11.9381 4.45392 0
lfingers 7.12502 0 0
lthumb 14.1024 33.7242 0
rclavicle -2.78599e-14 1.52524e-14 0
rhumerus -40.9872 5.7075 -88.1005
rradius 73.8739 0 0
rwrist 8.36199 0 0
rhand -41.5344 -30.3177 0
rfingers 7.12502 0 0
rthumb -14.4373 -779.868 0
387
root 5.26383 16.0707 -14.5624 7.70228 -17.5375 -1.53796
lfemur -17.4336 9.97059 -2.44672
ltibia 53.1925 0 0
lfoot -4.59416 15.2881 0
ltoes 1.53147 0 0
rfemur -37.758 -7.67378 13.2461
rtibia 47.4559 0 0
rfoot -1.48403 -3.18608 0
rtoes -8.40122 0 0
lowerback 3.08324 0.928366 1.73452
upperback 2.04149 1.3241 -0.0538263
thorax 0.51804 0.652497 -1.19666
lowerneck -6.51812 -0.22819 5.08015
upperneck 2.13399 -0.741217 1.07852
head 2.12873 -0.28341 -0.555212
lclavicle -2.78328e-14 1.51113e-14 0
lhumerus -45.1039 -24.1859 100.124
lradius 51.6647 0 0
lwrist 15.8707 0 0
lhand -12.3339 4.28192 0
lfingers 7.12502 0 0
lthumb 13.7216 33.5843 0
rclavicle -2.78328e-14 1.51113e-14 0
rhumerus -41.2178 5.49754 -88.0857
rradius 73.644 0 0
rwrist 8.446 0 0
rhand -41.3206 -30.0862 0
rfingers 7.12502 0 0
rthumb -14.2312 -779.655 0
388
root 5.19046 16.062 -14.4197 7.6721 -18.357 -1.59075
lfemur -17.8091 10.0176 -2.40752
ltibia 53.2772 0 0
lfoot -5.16157 15.0308 0
ltoes 1.14707 0 0
rfemur -37.6169 -7.30925 12.9167
rtibia 47.3553 0 0
rfoot -1.25877 -3.06186 0
rtoes -8.59702 0 0
lowerback 3.20374 0.991244 1.79522
upperback 2.04792 1.41115 -0.0864308
thorax 0.461088 0.696093 -1.26834
lowerneck -6.50575 -0.0386938 5.26075
upperneck 2.18323 -0.498976 0.943693
head 2.14456 -0.163243 -0.619782
lclavicle -2.78012e-14 1.49676e-14 0
lhumerus -45.0366 -24.0963 99.9109
lradius 51.5414 0 0
lwrist 15.7867 0 0
lhand -12.7268 4.11013 0
lfingers 7.12502 0 0
lthumb 13.3435 33.4442 0
rclavicle -2.78012e-14 1.49676e-14 0
rhumerus -41.4474 5.29114 -88.0714
rradius 73.4163 0 0
rwrist 8.53101 0 0
rhand -41.1037 -29.8537 0
rfingers 7.12502 0 0
rthumb -14.0221 -779.441 0
389
root 5.11739 16.0533 -14.2769 7.63867 -19.1639 -1.64644
lfemur -18.1838 10.062 -2.37026
ltibia 53.3609 0 0
lfoot -5.72857 14.7727 0
ltoes 0.764958 0 0
rfemur -37.4782 -6.94485 12.5882
rtibia 47.2574 0 0
rfoot -1.03342 -2.93694 0
rtoes -8.7928 0 0
lowerback 3.324 1.05376 1.85541
upperback 2.05418 1.49769 -0.118794
thorax 0.404058 0.739437 -1.33944
lowerneck -6.49365 0.149202 5.44004
upperneck 2.23288 -0.258792 0.809468
head 2.16052 -0.0440948 -0.684049
lclavicle -2.77651e-14 1.48215e-14 0
lhumerus -44.9699 -24.0078 99.7006
lradius 51.4191 0 0
lwrist 15.702 0 0
lhand -13.1163 3.9387 0
lfingers 7.12502 0 0
lthumb 12.9686 33.3042 0
rclavicle -2.77651e-14 1.48215e-14 0
rhumerus -41.6759 5.08869 -88.0577
rradius 73.1912 0 0
rwrist 8.61702 0 0
rhand -40.8838 -29.6202 0
rfingers 7.12502 0 0
rthumb -13.8101 -779.226 0
390
root 5.04469 16.0447 -14.1339 7.60182 -19.9568 -1.70516
lfemur -18.5575 10.1034 -2.3351
ltibia 53.4434 0 0
lfoot -6.29471 14.514 0
ltoes 0.385625 0 0
rfemur -37.3422 -6.58086 12.2607
rtibia 47.1622 0 0
rfoot -0.808164 -2.81136 0
rtoes -8.98842 0 0
lowerback 3.44392 1.11583 1.91502
upperback 2.06024 1.58363 -0.150874
thorax 0.34699 0.782481 -1.40989
lowerneck -6.48184 0.335258 5.61778
upperneck 2.28291 -0.0209694 0.675982
head 2.17662 0.0738819 -0.747947
lclavicle -2.77248e-14 1.46732e-14 0
lhumerus -44.904 -23.9206 99.4928
lradius 51.2978 0 0
lwrist 15.6167 0 0
lhand -13.5019 3.7678 0
lfingers 7.12502 0 0
lthumb 12.5976 33.1643 0
rclavicle -2.77248e-14 1.46732e-14 0
rhumerus -41.9031 4.89057 -88.0445
rradius 72.9691 0 0
rwrist 8.70403 0 0
rhand -40.6608 -29.3861 0
rfingers 7.12502 0 0
rthumb -13.5952 -779.01 0
391
root 4.97243 16.0363 -13.9909 7.56138 -20.7344 -1.76706
lfemur -18.9298 10.1417 -2.30216
ltibia 53.5247 0 0
lfoot -6.85951 14.2548 0
ltoes 0.00957532 0 0
rfemur -37.2093 -6.21758 11.9347
rtibia 47.0701 0 0
rfoot -0.583183 -2.68516 0
rtoes -9.18369 0 0
lowerback 3.56341 1.1774 1.97397
upperback 2.06609 1.66885 -0.182632
thorax 0.289923 0.825176 -1.47959
lowerneck -6.47036 0.519235 5.79376
upperneck 2.33333 0.214184 0.543374
head 2.19284 0.190535 -0.811406
lclavicle -2.76804e-14 1.45229e-14 0
lhumerus -44.8387 -23.8349 99.2879
lradius 51.1777 0 0
lwrist 15.5307 0 0
lhand -13.8831 3.59757 0
lfingers 7.12502 0 0
lthumb 12.2307 33.0247 0
rclavicle -2.76804e-14 1.45229e-14 0
rhumerus -42.1287 4.69717 -88.0321
rradius 72.7503 0 0
rwrist 8.79205 0 0
rhand -40.4348 -29.1513 0
rfingers 7.12502 0 0
rthumb -13.3773 -778.793 0
392
root 4.90069 16.0279 -13.848 7.51718 -21.4952 -1.83226
lfemur -19.3002 10.1768 -2.27159
ltibia 53.6045 0 0
lfoot -7.42249 13.9951 0
ltoes -0.362691 0 0
rfemur -37.0795 -5.85531 11.6104
rtibia 46.9813 0 0
rfoot -0.358662 -2.55839 0
rtoes -9.37846 0 0
lowerback 3.68235 1.2384 2.03217
upperback 2.07173 1.75328 -0.214025
thorax 0.232895 0.867475 -1.54844
lowerneck -6.45923 0.700892 5.96776
upperneck 2.38411 0.44636 0.411781
head 2.2092 0.305712 -0.87436
lclavicle -2.7632e-14 1.43706e-14 0
lhumerus -44.7744 -23.7509 99.0862
lradius 51.0589 0 0
lwrist 15.4442 0 0
lhand -14.2594 3.42817 0
lfingers 7.12502 0 0
lthumb 11.8686 32.8854 0
rclavicle -2.7632e-14 1.43706e-14 0
rhumerus -42.3524 4.50887 -88.0204
rradius 72.5351 0 0
rwrist 8.88108 0 0
rhand -40.2057 -28.9163 0
rfingers 7.12502 0 0
rthumb -13.1565 -778.576 0
393
root 4.82954 16.0196 -13.7053 7.46904 -22.2379 -1.9009
lfemur -19.6687 10.2083 -2.24353
ltibia 53.6829 0 0
lfoot -7.98321 13.7352 0
ltoes -0.730673 0 0
rfemur -36.9532 -5.49434 11.2882
rtibia 46.896 0 0
rfoot -0.134789 -2.43107 0
rtoes -9.57257 0 0
lowerback 3.80064 1.29875 2.08956
upperback 2.07713 1.83681 -0.245014
thorax 0.175944 0.909329 -1.61637
lowerneck -6.44847 0.879991 6.13956
upperneck 2.43524 0.675254 0.281343
head 2.22568 0.419262 -0.936741
lclavicle -2.758e-14 1.42167e-14 0
lhumerus -44.711 -23.6685 98.888
lradius 50.9416 0 0
lwrist 15.3571 0 0
lhand -14.6303 3.25975 0
lfingers 7.12502 0 0
lthumb 11.5116 32.7465 0
rclavicle -2.758e-14 1.42167e-14 0
rhumerus -42.5741 4.32606 -88.0096
rradius 72.3238 0 0
rwrist 8.9711 0 0
rhand -39.9737 -28.6811 0
rfingers 7.12502 0 0
rthumb -12.9328 -778.358 0
394
root 4.75905 16.0114 -13.5629 7.41679 -22.9612 -1.97312
lfemur -20.0346 10.2361 -2.21812
ltibia 53.7597 0 0
lfoot -8.54117 13.4751 0
ltoes -1.09387 0 0
rfemur -36.8306 -5.13496 10.9684
rtibia 46.8144 0 0
rfoot 0.0882527 -2.30324 0
rtoes -9.76584 0 0
lowerback 3.91817 1.35839 2.14605
upperback 2.08228 1.91934 -0.275557
thorax 0.119109 0.950689 -1.68327
lowerneck -6.43811 1.05629 6.30895
upperneck 2.48672 0.900557 0.152197
head 2.24228 0.531031 -0.998481
lclavicle -2.75243e-14 1.40612e-14 0
lhumerus -44.6486 -23.5881 98.6935
lradius 50.826 0 0
lwrist 15.2694 0 0
lhand -14.9953 3.09247 0
lfingers 7.12502 0 0
lthumb 11.1604 32.6083 0
rclavicle -2.75243e-14 1.40612e-14 0
rhumerus -42.7935 4.14912 -87.9995
rradius 72.1168 0 0
rwrist 9.06214 0 0
rhand -39.7387 -28.4459 0
rfingers 7.12502 0 0
rthumb -12.7063 -778.14 0
395
root 4.68931 16.0034 -13.4208 7.36026 -23.6636 -2.04904
lfemur -20.3979 10.26 -2.19549
ltibia 53.8348 0 0
lfoot -9.09593 13.215 0
ltoes -1.45178 0 0
rfemur -36.712 -4.77747 10.6512
rtibia 46.7368 0 0
rfoot 0.310277 -2.17496 0
rtoes -9.95812 0 0
lowerback 4.03485 1.41724 2.20157
upperback 2.08716 2.00078 -0.305615
thorax 0.0624301 0.991508 -1.74906
lowerneck -6.42818 1.22956 6.4757
upperneck 2.53853 1.12196 0.0244833
head 2.25899 0.640868 -1.05951
lclavicle -2.74653e-14 1.39044e-14 0
lhumerus -44.5874 -23.5096 98.5031
lradius 50.7121 0 0
lwrist 15.1812 0 0
lhand -15.3538 2.92648 0
lfingers 7.12502 0 0
lthumb 10.8152 32.4707 0
rclavicle -2.74653e-14 1.39044e-14 0
rhumerus -43.0104 3.97844 -87.9904
rradius 71.9143 0 0
rwrist 9.15419 0 0
rhand -39.5007 -28.2109 0
rfingers 7.12502 0 0
rthumb -12.4768 -777.922 0
396
root 4.62037 15.9956 -13.2792 7.29927 -24.3438 -2.1288
lfemur -20.758 10.2799 -2.1758
ltibia 53.908 0 0
lfoot -9.647 12.955 0
ltoes -1.80391 0 0
rfemur -36.5976 -4.42215 10.337
rtibia 46.6633 0 0
rfoot 0.531099 -2.04626 0
rtoes -10.1492 0 0
lowerback 4.15056 1.47524 2.25603
upperback 2.09177 2.08103 -0.335145
thorax 0.0059447 1.03174 -1.81365
lowerneck -6.4187 1.39954 6.6396
upperneck 2.59065 1.33917 -0.101661
head 2.27582 0.748621 -1.11977
lclavicle -2.7403e-14 1.37464e-14 0
lhumerus -44.5274 -23.4333 98.3171
lradius 50.6001 0 0
lwrist 15.0925 0 0
lhand -15.7055 2.76194 0
lfingers 7.12502 0 0
lthumb 10.4767 32.3339 0
rclavicle -2.7403e-14 1.37464e-14 0
rhumerus -43.2246 3.8144 -87.9823
rradius 71.7168 0 0
rwrist 9.24724 0 0
rhand -39.2597 -27.9763 0
rfingers 7.12502 0 0
rthumb -12.2446 -777.703 0
397
root 4.55232 15.9878 -13.1382 7.23366 -25.0004 -2.21254
lfemur -21.1148 10.2954 -2.15916
ltibia 53.9793 0 0
lfoot -10.1939 12.6953 0
ltoes -2.14974 0 0
rfemur -36.4876 -4.06931 10.0262
rtibia 46.5943 0 0
rfoot 0.750533 -1.91717 0
rtoes -10.339 0 0
lowerback 4.26521 1.53231 2.30937
upperback 2.09608 2.16 -0.364107
thorax -0.0503082 1.07133 -1.87695
lowerneck -6.4097 1.56601 6.80043
upperneck 2.64308 1.55186 -0.226096
head 2.29276 0.854137 -1.17918
lclavicle -2.73377e-14 1.35874e-14 0
lhumerus -44.4687 -23.3594 98.1357
lradius 50.4902 0 0
lwrist 15.0033 0 0
lhand -16.0498 2.599 0
lfingers 7.12502 0 0
lthumb 10.1454 32.198 0
rclavicle -2.73377e-14 1.35874e-14 0
rhumerus -43.4357 3.65738 -87.9752
rradius 71.5245 0 0
rwrist 9.3413 0 0
rhand -39.0158 -27.7423 0
rfingers 7.12502 0 0
rthumb -12.0095 -777.485 0
398
root 4.48523 15.9803 -12.9979 7.16325 -25.6321 -2.30039
lfemur -21.4677 10.3064 -2.14574
ltibia 54.0486 0 0
lfoot -10.7362 12.4359 0
ltoes -2.48879 0 0
rfemur -36.3823 -3.71924 9.71893
rtibia 46.5299 0 0
rfoot 0.968394 -1.78775 0
rtoes -10.5274 0 0
lowerback 4.37868 1.58839 2.36151
upperback 2.10008 2.23758 -0.392462
thorax -0.10629 1.11023 -1.93886
lowerneck -6.4012 1.72872 6.95796
upperneck 2.6958 1.75973 -0.348684
head 2.3098 0.957264 -1.23768
lclavicle -2.72695e-14 1.34276e-14 0
lhumerus -44.4113 -23.2878 97.9593
lradius 50.3825 0 0
lwrist 14.9136 0 0
lhand -16.3862 2.4378 0
lfingers 7.12502 0 0
lthumb 9.82158 32.0631 0
rclavicle -2.72695e-14 1.34276e-14 0
rhumerus -43.6436 3.50778 -87.9691
rradius 71.3377 0 0
rwrist 9.43638 0 0
rhand -38.769 -27.5091 0
rfingers 7.12502 0 0
rthumb -11.7716 -777.268 0
399
root 4.41917 15.9729 -12.8583 7.08786 -26.2375 -2.39249
lfemur -21.8166 10.3128 -2.13565
ltibia 54.1158 0 0
lfoot -11.2734 12.177 0
ltoes -2.82056 0 0
rfemur -36.2819 -3.37223 9.41562
rtibia 46.4703 0 0
rfoot 1.1845 -1.65802 0
rtoes -10.714 0 0
lowerback 4.49088 1.64341 2.41236
upperback 2.10376 2.31368 -0.420166
thorax -0.161961 1.1484 -1.9993
lowerneck -6.39324 1.88743 7.11199
upperneck 2.74881 1.96248 -0.469287
head 2.32695 1.05785 -1.29521
lclavicle -2.71985e-14 1.3267e-14 0
lhumerus -44.3554 -23.2188 97.7881
lradius 50.2772 0 0
lwrist 14.8235 0 0
lhand -16.7142 2.27852 0
lfingers 7.12502 0 0
lthumb 9.50586 31.9294 0
rclavicle -2.71985e-14 1.3267e-14 0
rhumerus -43.848 3.36597 -87.9642
rradius 71.1569 0 0
rwrist 9.53247 0 0
rhand -38.5193 -27.2769 0
rfingers 7.12502 0 0
rthumb -11.5309 -777.051 0
400
root 4.35422 15.9657 -12.7196 7.00734 -26.8152 -2.48896
lfemur -22.1611 10.3143 -2.12906
ltibia 54.1807 0 0
lfoot -11.8051 11.9186 0
ltoes -3.14453 0 0
rfemur -36.1868 -3.02858 9.11655
rtibia 46.4159 0 0
rfoot 1.39866 -1.52803 0
rtoes -10.8989 0 0
lowerback 4.6017 1.69729 2.46186
upperback 2.1071 2.38821 -0.447181
thorax -0.217285 1.18578 -2.05817
lowerneck -6.38583 2.04191 7.26228
upperneck 2.80209 2.1598 -0.587765
head 2.34419 1.15574 -1.35168
lclavicle -2.71251e-14 1.3106e-14 0
lhumerus -44.3011 -23.1525 97.6225
lradius 50.1743 0 0
lwrist 14.7329 0 0
lhand -17.0332 2.1213 0
lfingers 7.12502 0 0
lthumb 9.1987 31.7968 0
rclavicle -2.71251e-14 1.3106e-14 0
rhumerus -44.0488 3.23234 -87.9605
rradius 70.9822 0 0
rwrist 9.62957 0 0
rhand -38.2667 -27.0458 0
rfingers 7.12502 0 0
rthumb -11.2874 -776.834 0
401
root 4.29045 15.9588 -12.5819 6.92149 -27.3638 -2.58995
lfemur -22.5008 10.3106 -2.12608
ltibia 54.2433 0 0
lfoot -12.3307 11.6611 0
ltoes -3.46021 0 0
rfemur -36.097 -2.68857 8.82203
rtibia 46.3667 0 0
rfoot 1.61069 -1.39782 0
rtoes -11.0817 0 0
lowerback 4.71104 1.74997 2.50992
upperback 2.11009 2.46106 -0.473465
thorax -0.27222 1.22234 -2.11538
lowerneck -6.379 2.19192 7.40863
upperneck 2.85562 2.35138 -0.703981
head 2.36154 1.25079 -1.40705
lclavicle -2.70492e-14 1.29447e-14 0
lhumerus -44.2484 -23.089 97.4627
lradius 50.0742 0 0
lwrist 14.642 0 0
lhand -17.3429 1.96629 0
lfingers 7.12502 0 0
lthumb 8.90057 31.6657 0
rclavicle -2.70492e-14 1.29447e-14 0
rhumerus -44.2456 3.10727 -87.958
rradius 70.8141 0 0
rwrist 9.72768 0 0
rhand -38.0113 -26.816 0
rfingers 7.12502 0 0
rthumb -11.0412 -776.619 0
402
root 4.22793 15.952 -12.4452 6.83016 -27.882 -2.69558
lfemur -22.8354 10.3017 -2.12688
ltibia 54.3034 0 0
lfoot -12.8499 11.4043 0
ltoes -3.76711 0 0
rfemur -36.0129 -2.3525 8.53239
rtibia 46.3231 0 0
rfoot 1.8204 -1.26743 0
rtoes -11.2625 0 0
lowerback 4.81878 1.80138 2.55646
upperback 2.1127 2.53214 -0.498978
thorax -0.32673 1.25801 -2.17085
lowerneck -6.37278 2.3372 7.55081
upperneck 2.9094 2.53692 -0.817795
head 2.37897 1.34284 -1.46123
lclavicle -2.69712e-14 1.27832e-14 0
lhumerus -44.1974 -23.0284 97.3091
lradius 49.9768 0 0
lwrist 14.5506 0 0
lhand -17.6427 1.81366 0
lfingers 7.12502 0 0
lthumb 8.61195 31.5359 0
rclavicle -2.69712e-14 1.27832e-14 0
rhumerus -44.4382 2.99116 -87.9568
rradius 70.6529 0 0
rwrist 9.82682 0 0
rhand -37.7529 -26.5878 0
rfingers 7.12502 0 0
rthumb -10.7922 -776.404 0
403
root 4.16675 15.9454 -12.3096 6.73316 -28.3685 -2.80599
lfemur -23.1646 10.2873 -2.13157
ltibia 54.361 0 0
lfoot -13.3621 11.1486 0
ltoes -4.06471 0 0
rfemur -35.9347 -2.02068 8.24792
rtibia 46.2852 0 0
rfoot 2.02762 -1.13689 0
rtoes -11.4409 0 0
lowerback 4.92484 1.85145 2.60142
upperback 2.11494 2.60135 -0.523678
thorax -0.380775 1.29276 -2.22449
lowerneck -6.3672 2.47754 7.68861
upperneck 2.96341 2.7161 -0.92907
head 2.39649 1.43174 -1.51416
lclavicle -2.68912e-14 1.26217e-14 0
lhumerus -44.1483 -22.971 97.162
lradius 49.8824 0 0
lwrist 14.4589 0 0
lhand -17.9321 1.66355 0
lfingers 7.12502 0 0
lthumb 8.33333 31.4078 0
rclavicle -2.68912e-14 1.26217e-14 0
rhumerus -44.6265 2.88437 -87.957
rradius 70.4988 0 0
rwrist 9.92697 0 0
rhand -37.4918 -26.3613 0
rfingers 7.12502 0 0
rthumb -10.5405 -776.191 0
404
root 4.10696 15.9391 -12.1753 6.63033 -28.8217 -2.92132
lfemur -23.4881 10.2673 -2.14031
ltibia 54.4158 0 0
lfoot -13.8668 10.8939 0
ltoes -4.35252 0 0
rfemur -35.8626 -1.69338 7.96895
rtibia 46.2533 0 0
rfoot 2.23215 -1.00625 0
rtoes -11.6168 0 0
lowerback 5.02909 1.9001 2.6447
upperback 2.11678 2.6686 -0.547525
thorax -0.434316 1.32653 -2.27619
lowerneck -6.36227 2.61267 7.82181
upperneck 3.01764 2.88863 -1.03767
head 2.4141 1.51734 -1.56577
lclavicle -2.68093e-14 1.24605e-14 0
lhumerus -44.101 -22.9169 97.0215
lradius 49.7912 0 0
lwrist 14.3669 0 0
lhand -18.2106 1.51611 0
lfingers 7.12502 0 0
lthumb 8.06518 31.2813 0
rclavicle -2.68093e-14 1.24605e-14 0
rhumerus -44.8101 2.78731 -87.9586
rradius 70.3523 0 0
rwrist 10.0281 0 0
rhand -37.2278 -26.1367 0
rfingers 7.12502 0 0
rthumb -10.286 -775.978 0
405
root 4.04865 15.933 -12.0424 6.5215 -29.2405 -3.0417
lfemur -23.8054 10.2413 -2.15323
ltibia 54.4679 0 0
lfoot -14.3637 10.6405 0
ltoes -4.63003 0 0
rfemur -35.797 -1.3709 7.69579
rtibia 46.2277 0 0
rfoot 2.43382 -0.875552 0
rtoes -11.7901 0 0
lowerback 5.13145 1.94727 2.68624
upperback 2.11821 2.73379 -0.570479
thorax -0.487315 1.35927 -2.32588
lowerneck -6.35804 2.74238 7.95018
upperneck 3.07208 3.05418 -1.14345
head 2.43179 1.59949 -1.61601
lclavicle -2.67257e-14 1.22996e-14 0
lhumerus -44.0558 -22.8661 96.8882
lradius 49.7031 0 0
lwrist 14.2746 0 0
lhand -18.4777 1.37151 0
lfingers 7.12502 0 0
lthumb 7.80798 31.1566 0
rclavicle -2.67257e-14 1.22996e-14 0
rhumerus -44.9889 2.70035 -87.9617
rradius 70.2136 0 0
rwrist 10.1303 0 0
rhand -36.961 -25.9142 0
rfingers 7.12502 0 0
rthumb -10.0289 -775.768 0
406
root 3.99189 15.9272 -11.9109 6.40648 -29.6233 -3.16726
lfemur -24.1163 10.2093 -2.17047
ltibia 54.5171 0 0
lfoot -14.8522 10.3884 0
ltoes -4.89676 0 0
rfemur -35.738 -1.05355 7.42874
rtibia 46.2084 0 0
rfoot 2.63242 -0.744828 0
rtoes -11.9606 0 0
lowerback 5.23179 1.99289 2.72596
upperback 2.11921 2.79682 -0.592498
thorax -0.539733 1.39094 -2.37346
lowerneck -6.35451 2.86641 8.07352
upperneck 3.12673 3.21247 -1.24627
head 2.44956 1.67802 -1.66478
lclavicle -2.66406e-14 1.21392e-14 0
lhumerus -44.0126 -22.8188 96.7621
lradius 49.6185 0 0
lwrist 14.1819 0 0
lhand -18.733 1.2299 0
lfingers 7.12502 0 0
lthumb 7.56221 31.0337 0
rclavicle -2.66406e-14 1.21392e-14 0
rhumerus -45.1625 2.62387 -87.9663
rradius 70.0831 0 0
rwrist 10.2335 0 0
rhand -36.6914 -25.6939 0
rfingers 7.12502 0 0
rthumb -9.76905 -775.559 0
407
root 3.93675 15.9217 -11.7809 6.28511 -29.9689 -3.29813
lfemur -24.4205 10.171 -2.19217
ltibia 54.5633 0 0
lfoot -15.3319 10.1379 0
ltoes -5.15219 0 0
rfemur -35.6859 -0.741601 7.16812
rtibia 46.1959 0 0
rfoot 2.82779 -0.614122 0
rtoes -12.1282 0 0
lowerback 5.33003 2.03689 2.76378
upperback 2.11977 2.85759 -0.613541
thorax -0.591532 1.42149 -2.41884
lowerneck -6.35173 2.98452 8.19159
upperneck 3.18155 3.36318 -1.346
head 2.4674 1.7528 -1.71204
lclavicle -2.65541e-14 1.19796e-14 0
lhumerus -43.9715 -22.7752 96.6437
lradius 49.5374 0 0
lwrist 14.089 0 0
lhand -18.9758 1.09142 0
lfingers 7.12502 0 0
lthumb 7.32836 30.9129 0
rclavicle -2.65541e-14 1.19796e-14 0
rhumerus -45.3308 2.55827 -87.9725
rradius 69.961 0 0
rwrist 10.3378 0 0
rhand -36.4191 -25.4762 0
rfingers 7.12502 0 0
rthumb -9.50655 -775.352 0
408
root 3.88331 15.9164 -11.6526 6.15722 -30.2758 -3.43446
lfemur -24.7175 10.1262 -2.21848
ltibia 54.6064 0 0
lfoot -15.8022 9.88888 0
ltoes -5.39582 0 0
rfemur -35.6409 -0.43536 6.91425
rtibia 46.1902 0 0
rfoot 3.01973 -0.483472 0
rtoes -12.2926 0 0
lowerback 5.42606 2.07919 2.79962
upperback 2.11987 2.91601 -0.633568
thorax -0.642672 1.45087 -2.46193
lowerneck -6.34971 3.09648 8.30419
upperneck 3.23655 3.50599 -1.4425
head 2.48531 1.82367 -1.75772
lclavicle -2.64665e-14 1.18208e-14 0
lhumerus -43.9327 -22.7353 96.5332
lradius 49.46 0 0
lwrist 13.9959 0 0
lhand -19.2057 0.956246 0
lfingers 7.12502 0 0
lthumb 7.1069 30.7942 0
rclavicle -2.64665e-14 1.18208e-14 0
rhumerus -45.4936 2.50392 -87.9803
rradius 69.8478 0 0
rwrist 10.443 0 0
rhand -36.1439 -25.261 0
rfingers 7.12502 0 0
rthumb -9.24138 -775.147 0
409
root 3.83164 15.9114 -11.5261 6.02263 -30.5427 -3.57638
lfemur -25.0071 10.0747 -2.24952
ltibia 54.6463 0 0
lfoot -16.2628 9.64164 0
ltoes -5.62717 0 0
rfemur -35.6033 -0.135118 6.66743
rtibia 46.1916 0 0
rfoot 3.20806 -0.352919 0
rtoes -12.4538 0 0
lowerback 5.51976 2.11973 2.83341
upperback 2.1195 2.97198 -0.652539
thorax -0.693115 1.47903 -2.50264
lowerneck -6.34848 3.20205 8.41109
upperneck 3.29171 3.64062 -1.53563
head 2.50329 1.89048 -1.80174
lclavicle -2.6378e-14 1.16631e-14 0
lhumerus -43.8962 -22.6994 96.431
lradius 49.3864 0 0
lwrist 13.9025 0 0
lhand -19.4223 0.824516 0
lfingers 7.12502 0 0
lthumb 6.89832 30.6777 0
rclavicle -2.6378e-14 1.16631e-14 0
rhumerus -45.6505 2.46122 -87.9898
rradius 69.7437 0 0
rwrist 10.5493 0 0
rhand -35.8661 -25.0488 0
rfingers 7.12502 0 0
rthumb -8.97358 -774.943 0
410
root 3.78181 15.9067 -11.4013 5.88117 -30.7683 -3.72401
lfemur -25.289 10.0164 -2.28544
ltibia 54.6829 0 0
lfoot -16.7131 9.39625 0
ltoes -5.84571 0 0
rfemur -35.5733 0.158832 6.42798
rtibia 46.2003 0 0
rfoot 3.3926 -0.222503 0
rtoes -12.6114 0 0
lowerback 5.61105 2.15845 2.86506
upperback 2.11865 3.0254 -0.670411
thorax -0.742823 1.50593 -2.54088
lowerneck -6.34807 3.30099 8.51208
upperneck 3.34702 3.76675 -1.62524
head 2.52134 1.95307 -1.84403
lclavicle -2.62885e-14 1.15066e-14 0
lhumerus -43.8622 -22.6675 96.3373
lradius 49.3168 0 0
lwrist 13.8089 0 0
lhand -19.6249 0.696388 0
lfingers 7.12502 0 0
lthumb 6.70309 30.5636 0
rclavicle -2.62885e-14 1.15066e-14 0
rhumerus -45.8014 2.43054 -88.0011
rradius 69.6491 0 0
rwrist 10.6566 0 0
rhand -35.5855 -24.8395 0
rfingers 7.12502 0 0
rthumb -8.70315 -774.743 0
411
root 3.7339 15.9023 -11.2785 5.73267 -30.9511 -3.8775
lfemur -25.5628 9.95102 -2.32639
ltibia 54.716 0 0
lfoot -17.1528 9.15285 0
ltoes -6.05096 0 0
rfemur -35.5512 0.446196 6.19622
rtibia 46.2167 0 0
rfoot 3.57315 -0.0922632 0
rtoes -12.7655 0 0
lowerback 5.6998 2.19526 2.89451
upperback 2.1173 3.07619 -0.687146
thorax -0.791756 1.53151 -2.57656
lowerneck -6.34851 3.39305 8.60693
upperneck 3.40247 3.88407 -1.71121
head 2.53945 2.01129 -1.88454
lclavicle -2.61985e-14 1.13515e-14 0
lhumerus -43.8306 -22.6398 96.2524
lradius 49.2514 0 0
lwrist 13.7152 0 0
lhand -19.8132 0.572018 0
lfingers 7.12502 0 0
lthumb 6.5217 30.4519 0
rclavicle -2.61985e-14 1.13515e-14 0
rhumerus -45.946 2.41227 -88.0142
rradius 69.5643 0 0
rwrist 10.7649 0 0
rhand -35.3022 -24.6335 0
rfingers 7.12502 0 0
rthumb -8.43012 -774.544 0
412
root 3.68798 15.8983 -11.1577 5.57695 -31.0897 -4.03698
lfemur -25.8281 9.87836 -2.37249
ltibia 54.7456 0 0
lfoot -17.5812 8.91155 0
ltoes -6.24241 0 0
rfemur -35.5372 0.726681 5.97244
rtibia 46.2408 0 0
rfoot 3.74954 0.0377604 0
rtoes -12.9158 0 0
lowerback 5.78593 2.2301 2.92167
upperback 2.11543 3.12423 -0.702701
thorax -0.839876 1.55572 -2.60959
lowerneck -6.34981 3.47801 8.69543
upperneck 3.45804 3.99227 -1.7934
head 2.55761 2.065 -1.92319
lclavicle -2.6108e-14 1.1198e-14 0
lhumerus -43.8017 -22.6165 96.1767
lradius 49.1903 0 0
lwrist 13.6212 0 0
lhand -19.9865 0.451559 0
lfingers 7.12502 0 0
lthumb 6.35462 30.3427 0
rclavicle -2.6108e-14 1.1198e-14 0
rhumerus -46.0842 2.4068 -88.0291
rradius 69.4897 0 0
rwrist 10.8743 0 0
rhand -35.0162 -24.4308 0
rfingers 7.12502 0 0
rthumb -8.15448 -774.349 0
413
root 3.64413 15.8945 -11.0391 5.41385 -31.1829 -4.20258
lfemur -26.0847 9.79824 -2.42389
ltibia 54.7716 0 0
lfoot -17.9981 8.67248 0
ltoes -6.41956 0 0
rfemur -35.5315 0.999991 5.75697
rtibia 46.2729 0 0
rfoot 3.92158 0.167528 0
rtoes -13.0621 0 0
lowerback 5.86931 2.2629 2.94647
upperback 2.11303 3.16943 -0.717036
thorax -0.887144 1.57853 -2.63987
lowerneck -6.35201 3.55561 8.77737
upperneck 3.51372 4.09105 -1.87165
head 2.57583 2.11403 -1.95991
lclavicle -2.60171e-14 1.10463e-14 0
lhumerus -43.7754 -22.5976 96.1103
lradius 49.1336 0 0
lwrist 13.5272 0 0
lhand -20.1445 0.335165 0
lfingers 7.12502 0 0
lthumb 6.20233 30.2362 0
rclavicle -2.60171e-14 1.10463e-14 0
rhumerus -46.2156 2.41451 -88.046
rradius 69.4254 0 0
rwrist 10.9847 0 0
rhand -34.7276 -24.2318 0
rfingers 7.12502 0 0
rthumb -7.87627 -774.156 0
414
root 3.60242 15.8911 -10.9227 5.24318 -31.2293 -4.37444
lfemur -26.3321 9.71046 -2.48073
ltibia 54.7938 0 0
lfoot -18.4028 8.43577 0
ltoes -6.58192 0 0
rfemur -35.5344 1.26583 5.55012
rtibia 46.3133 0 0
rfoot 4.08907 0.296999 0
rtoes -13.2043 0 0
lowerback 5.94986 2.29359 2.96882
upperback 2.11009 3.2117 -0.730111
thorax -0.933521 1.59987 -2.66732
lowerneck -6.35513 3.62562 8.85251
upperneck 3.56951 4.18011 -1.94585
head 2.59409 2.15824 -1.99464
lclavicle -2.59261e-14 1.08965e-14 0
lhumerus -43.7518 -22.5833 96.0537
lradius 49.0814 0 0
lwrist 13.433 0 0
lhand -20.2866 0.222991 0
lfingers 7.12502 0 0
lthumb 6.06532 30.1325 0
rclavicle -2.59261e-14 1.08965e-14 0
rhumerus -46.34 2.43578 -88.0648
rradius 69.372 0 0
rwrist 11.0961 0 0
rhand -34.4362 -24.0365 0
rfingers 7.12502 0 0
rthumb -7.5955 -773.966 0
415
root 3.56292 15.8881 -10.8086 5.06479 -31.2274 -4.55268
lfemur -26.5702 9.61481 -2.54315
ltibia 54.8121 0 0
lfoot -18.7949 8.20154 0
ltoes -6.72897 0 0
rfemur -35.5462 1.52392 5.3522
rtibia 46.3621 0 0
rfoot 4.25185 0.426135 0
rtoes -13.3423 0 0
lowerback 6.02746 2.3221 2.98866
upperback 2.10659 3.25094 -0.741884
thorax -0.97897 1.61971 -2.69185
lowerneck -6.35919 3.6878 8.92064
upperneck 3.62538 4.25913 -2.01584
head 2.61241 2.19747 -2.02731
lclavicle -2.58352e-14 1.07487e-14 0
lhumerus -43.7311 -22.5738 96.0071
lradius 49.034 0 0
lwrist 13.3387 0 0
lhand -20.4123 0.11519 0
lfingers 7.12502 0 0
lthumb 5.94406 30.0317 0
rclavicle -2.58352e-14 1.07487e-14 0
rhumerus -46.4572 2.471 -88.0857
rradius 69.3296 0 0
rwrist 11.2085 0 0
rhand -34.1423 -23.8452 0
rfingers 7.12502 0 0
rthumb -7.31218 -773.779 0
416
root 3.52571 15.8854 -10.6969 4.87849 -31.1759 -4.73746
lfemur -26.7984 9.51111 -2.61128
ltibia 54.8265 0 0
lfoot -19.174 7.96992 0
ltoes -6.86023 0 0
rfemur -35.5671 1.77395 5.16352
rtibia 46.4196 0 0
rfoot 4.40972 0.554895 0
rtoes -13.4758 0 0
lowerback 6.10202 2.34836 3.0059
upperback 2.10251 3.28705 -0.752314
thorax -1.02345 1.63799 -2.71336
lowerneck -6.36424 3.74191 8.98155
upperneck 3.68133 4.32781 -2.08149
head 2.63077 2.23158 -2.05785
lclavicle -2.57445e-14 1.06032e-14 0
lhumerus -43.7134 -22.5691 95.9708
lradius 48.9915 0 0
lwrist 13.2444 0 0
lhand -20.5212 0.0119169 0
lfingers 7.12502 0 0
lthumb 5.83904 29.9339 0
rclavicle -2.57445e-14 1.06032e-14 0
rhumerus -46.5669 2.52056 -88.1087
rradius 69.2987 0 0
rwrist 11.322 0 0
rhand -33.8457 -23.6581 0
rfingers 7.12502 0 0
rthumb -7.02633 -773.595 0
417
root 3.49085 15.8831 -10.5877 4.68411 -31.0735 -4.92889
lfemur -27.0166 9.39915 -2.68528
ltibia 54.8368 0 0
lfoot -19.5395 7.74103 0
ltoes -6.97518 0 0
rfemur -35.5972 2.01562 4.9844
rtibia 46.4861 0 0
rfoot 4.56249 0.683239 0
rtoes -13.6047 0 0
lowerback 6.17342 2.3723 3.02047
upperback 2.09785 3.31994 -0.761362
thorax -1.06692 1.65467 -2.73177
lowerneck -6.37028 3.7877 9.03501
upperneck 3.73735 4.38584 -2.14266
head 2.64916 2.26041 -2.0862
lclavicle -2.56541e-14 1.04602e-14 0
lhumerus -43.6986 -22.5695 95.9452
lradius 48.954 0 0
lwrist 13.15 0 0
lhand -20.6126 -0.0866745 0
lfingers 7.12502 0 0
lthumb 5.75074 29.8391 0
rclavicle -2.56541e-14 1.04602e-14 0
rhumerus -46.669 2.58483 -88.1338
rradius 69.2795 0 0
rwrist 11.4365 0 0
rhand -33.5465 -23.4753 0
rfingers 7.12502 0 0
rthumb -6.73797 -773.415 0
418
root 3.45843 15.8812 -10.4811 4.48148 -30.9187 -5.12711
lfemur -27.2243 9.27874 -2.76526
ltibia 54.8429 0 0
lfoot -19.8911 7.515 0
ltoes -7.07334 0 0
rfemur -35.637 2.24866 4.81514
rtibia 46.5616 0 0
rfoot 4.70999 0.811128 0
rtoes -13.7288 0 0
lowerback 6.24157 2.39385 3.0323
upperback 2.09258 3.3495 -0.768986
thorax -1.10935 1.66969 -2.74699
lowerneck -6.37734 3.82495 9.0808
upperneck 3.79342 4.43292 -2.19922
head 2.6676 2.2838 -2.11228
lclavicle -2.55643e-14 1.03198e-14 0
lhumerus -43.687 -22.575 95.9304
lradius 48.9216 0 0
lwrist 13.0556 0 0
lhand -20.6861 -0.18043 0
lfingers 7.12502 0 0
lthumb 5.67963 29.7476 0
rclavicle -2.55643e-14 1.03198e-14 0
rhumerus -46.7632 2.66421 -88.1611
rradius 69.2724 0 0
rwrist 11.5521 0 0
rhand -33.2447 -23.297 0
rfingers 7.12502 0 0
rthumb -6.4471 -773.238 0
419
root 3.42852 15.8797 -10.3773 4.27043 -30.7102 -5.33226
lfemur -27.4213 9.14967 -2.85139
ltibia 54.8447 0 0
lfoot -20.2282 7.29196 0
ltoes -7.15419 0 0
rfemur -35.6866 2.47276 4.65607
rtibia 46.6466 0 0
rfoot 4.85202 0.938522 0
rtoes -13.8481 0 0
lowerback 6.30635 2.41294 3.04129
upperback 2.0867 3.37565 -0.775146
thorax -1.1507 1.68301 -2.75891
lowerneck -6.38546 3.85341 9.11872
upperneck 3.84953 4.46873 -2.25101
head 2.68607 2.30161 -2.13603
lclavicle -2.54753e-14 1.01821e-14 0
lhumerus -43.6786 -22.5857 95.9268
lradius 48.8946 0 0
lwrist 12.9611 0 0
lhand -20.7413 -0.269196 0
lfingers 7.12502 0 0
lthumb 5.62619 29.6594 0
rclavicle -2.54753e-14 1.01821e-14 0
rhumerus -46.8492 2.75908 -88.1907
rradius 69.2778 0 0
rwrist 11.6686 0 0
rhand -32.9403 -23.1235 0
rfingers 7.12502 0 0
rthumb -6.15375 -773.065 0
420
root 3.40119 15.8786 -10.2762 4.05078 -30.4467 -5.54448
lfemur -27.6071 9.01176 -2.94378
ltibia 54.8422 0 0
lfoot -20.5504 7.07202 0
ltoes -7.21724 0 0
rfemur -35.7462 2.68763 4.50749
rtibia 46.7411 0 0
rfoot 4.98841 1.06538 0
rtoes -13.9622 0 0
lowerback 6.36767 2.42951 3.04738
upperback 2.08018 3.39828 -0.7798
thorax -1.19092 1.69459 -2.76746
lowerneck -6.39466 3.87284 9.14853
upperneck 3.90567 4.49297 -2.29792
head 2.70456 2.31368 -2.15739
lclavicle -2.53871e-14 1.00474e-14 0
lhumerus -43.6734 -22.6019 95.9348
lradius 48.8731 0 0
lwrist 12.8667 0 0
lhand -20.7776 -0.352817 0
lfingers 7.12502 0 0
lthumb 5.59092 29.5746 0
rclavicle -2.53871e-14 1.00474e-14 0
rhumerus -46.9268 2.86981 -88.2226
rradius 69.2958 0 0
rwrist 11.7863 0 0
rhand -32.6333 -22.9548 0
rfingers 7.12502 0 0
rthumb -5.85793 -772.896 0
421
root 3.37652 15.8779 -10.1781 3.82237 -30.1267 -5.76389
lfemur -27.7815 8.86479 -3.0426
ltibia 54.8351 0 0
lfoot -20.8572 6.85531 0
ltoes -7.26198 0 0
rfemur -35.8162 2.89298 4.36971
rtibia 46.8455 0 0
rfoot 5.11896 1.19167 0
rtoes -14.071 0 0
lowerback 6.42541 2.44347 3.05049
upperback 2.07302 3.41729 -0.782908
thorax -1.22998 1.70436 -2.77255
lowerneck -6.40496 3.883 9.17003
upperneck 3.96182 4.50534 -2.33979
head 2.72308 2.31986 -2.17628
lclavicle -2.53e-14 9.91587e-15 0
lhumerus -43.6716 -22.6237 95.9545
lradius 48.8571 0 0
lwrist 12.7723 0 0
lhand -20.7945 -0.43114 0
lfingers 7.12502 0 0
lthumb 5.57428 29.4934 0
rclavicle -2.53e-14 9.91587e-15 0
rhumerus -46.9958 2.99681 -88.2568
rradius 69.3269 0 0
rwrist 11.9049 0 0
rhand -32.3238 -22.7913 0
rfingers 7.12502 0 0
rthumb -5.55966 -772.731 0
422
root 3.35457 15.8777 -10.0829 3.58502 -29.7489 -5.99063
lfemur -27.9442 8.70857 -3.14796
ltibia 54.8234 0 0
lfoot -21.1481 6.64197 0
ltoes -7.28792 0 0
rfemur -35.8967 3.08851 4.24305
rtibia 46.9599 0 0
rfoot 5.24349 1.31733 0
rtoes -14.1745 0 0
lowerback 6.47949 2.45476 3.05054
upperback 2.0652 3.4326 -0.784429
thorax -1.26784 1.71229 -2.77407
lowerneck -6.41639 3.88366 9.18298
upperneck 4.01798 4.50553 -2.37648
head 2.74163 2.32 -2.19263
lclavicle -2.52142e-14 9.78761e-15 0
lhumerus -43.6732 -22.6511 95.9864
lradius 48.847 0 0
lwrist 12.678 0 0
lhand -20.7915 -0.504011 0
lfingers 7.12502 0 0
lthumb 5.57675 29.4158 0
rclavicle -2.52142e-14 9.78761e-15 0
rhumerus -47.056 3.14044 -88.2935
rradius 69.3714 0 0
rwrist 12.0246 0 0
rhand -32.0118 -22.633 0
rfingers 7.12502 0 0
rthumb -5.25895 -772.57 0
423
root 3.33543 15.8779 -9.99087 3.33855 -29.3119 -6.22483
lfemur -28.0947 8.54291 -3.26003
ltibia 54.807 0 0
lfoot -21.4227 6.4321 0
ltoes -7.29456 0 0
rfemur -35.988 3.27393 4.12783
rtibia 47.0845 0 0
rfoot 5.36182 1.44235 0
rtoes -14.2723 0 0
lowerback 6.52978 2.46332 3.04745
upperback 2.05669 3.4441 -0.784323
thorax -1.30446 1.71832 -2.77195
lowerneck -6.42898 3.87456 9.18718
upperneck 4.07414 4.49322 -2.40787
head 2.76019 2.31395 -2.20639
lclavicle -2.51297e-14 9.66281e-15 0
lhumerus -43.6784 -22.6844 96.0307
lradius 48.8427 0 0
lwrist 12.5837 0 0
lhand -20.7681 -0.571275 0
lfingers 7.12502 0 0
lthumb 5.59882 29.342 0
rclavicle -2.51297e-14 9.66281e-15 0
rhumerus -47.1071 3.30111 -88.3327
rradius 69.4296 0 0
rwrist 12.1453 0 0
rhand -31.6972 -22.4802 0
rfingers 7.12502 0 0
rthumb -4.95582 -772.414 0
424
root 3.31916 15.8785 -9.90202 3.0828 -28.8144 -6.46663
lfemur -28.2328 8.36761 -3.37892
ltibia 54.7858 0 0
lfoot -21.6805 6.22585 0
ltoes -7.28139 0 0
rfemur -36.0903 3.44895 4.02434
rtibia 47.2197 0 0
rfoot 5.47376 1.56667 0
rtoes -14.3644 0 0
lowerback 6.57619 2.46907 3.04115
upperback 2.0475 3.4517 -0.782548
thorax -1.3398 1.72241 -2.76609
lowerneck -6.44275 3.85548 9.1824
upperneck 4.13027 4.46812 -2.43381
head 2.77877 2.30155 -2.21747
lclavicle -2.50469e-14 9.54166e-15 0
lhumerus -43.6872 -22.7236 96.0876
lradius 48.8445 0 0
lwrist 12.4896 0 0
lhand -20.7239 -0.632779 0
lfingers 7.12502 0 0
lthumb 5.64097 29.2721 0
rclavicle -2.50469e-14 9.54166e-15 0
rhumerus -47.1489 3.47918 -88.3744
rradius 69.5018 0 0
rwrist 12.2671 0 0
rhand -31.3802 -22.333 0
rfingers 7.12502 0 0
rthumb -4.65028 -772.262 0
425
root 3.30579 15.8796 -9.81643 2.82377 -28.2563 -6.71005
lfemur -28.3584 8.18273 -3.50467
ltibia 54.7595 0 0
lfoot -21.9213 6.02357 0
ltoes -7.24884 0 0
rfemur -36.2037 3.61345 3.93265
rtibia 47.3655 0 0
rfoot 5.57938 1.69014 0
rtoes -14.4508 0 0
lowerback 6.61863 2.47199 3.03163
upperback 2.0376 3.45537 -0.779121
thorax -1.37383 1.72454 -2.7565
lowerneck -6.45769 3.82639 9.16864
upperneck 4.18631 4.4302 -2.45426
head 2.79734 2.28279 -2.22587
lclavicle -2.49636e-14 9.42227e-15 0
lhumerus -43.6996 -22.7688 96.1572
lradius 48.8524 0 0
lwrist 12.3956 0 0
lhand -20.6587 -0.688462 0
lfingers 7.12502 0 0
lthumb 5.70328 29.2061 0
rclavicle -2.49636e-14 9.42227e-15 0
rhumerus -47.1814 3.67453 -88.4187
rradius 69.5879 0 0
rwrist 12.39 0 0
rhand -31.0607 -22.1912 0
rfingers 7.12502 0 0
rthumb -4.34238 -772.114 0
426
root 3.29485 15.8811 -9.73182 2.56071 -27.6259 -6.95553
lfemur -28.4751 7.98399 -3.64023
ltibia 54.7276 0 0
lfoot -22.152 5.82022 0
ltoes -7.19737 0 0
rfemur -36.3308 3.77205 3.84989
rtibia 47.5253 0 0
rfoot 5.68177 1.81584 0
rtoes -14.5339 0 0
lowerback 6.65828 2.47226 3.01877
upperback 2.02677 3.45534 -0.774041
thorax -1.40744 1.72485 -2.74312
lowerneck -6.47413 3.78697 9.14592
upperneck 4.24363 4.37902 -2.46996
head 2.81635 2.25746 -2.23191
lclavicle -2.48754e-14 9.2996e-15 0
lhumerus -43.7159 -22.8209 96.2408
lradius 48.8663 0 0
lwrist 12.2994 0 0
lhand -20.5716 -0.739966 0
lfingers 7.12502 0 0
lthumb 5.78656 29.1422 0
rclavicle -2.48754e-14 9.2996e-15 0
rhumerus -47.2058 3.8913 -88.4665
rradius 69.6893 0 0
rwrist 12.5171 0 0
rhand -30.7306 -22.0504 0
rfingers 7.12502 0 0
rthumb -4.0243 -771.967 0
427
root 3.2863 15.8831 -9.64817 2.29357 -26.925 -7.20317
lfemur -28.5832 7.77175 -3.78535
ltibia 54.69 0 0
lfoot -22.3728 5.61586 0
ltoes -7.12744 0 0
rfemur -36.4711 3.92487 3.77588
rtibia 47.6989 0 0
rfoot 5.78099 1.94368 0
rtoes -14.6138 0 0
lowerback 6.69521 2.46995 3.00267
upperback 2.01502 3.45172 -0.76735
thorax -1.44064 1.72336 -2.72602
lowerneck -6.49203 3.73746 9.11448
upperneck 4.30219 4.31491 -2.48102
head 2.8358 2.22572 -2.23563
lclavicle -2.47826e-14 9.17374e-15 0
lhumerus -43.736 -22.8797 96.338
lradius 48.886 0 0
lwrist 12.2011 0 0
lhand -20.4633 -0.787381 0
lfingers 7.12502 0 0
lthumb 5.89029 29.0803 0
rclavicle -2.47826e-14 9.17374e-15 0
rhumerus -47.2225 4.12895 -88.5179
rradius 69.8057 0 0
rwrist 12.6484 0 0
rhand -30.3903 -21.9107 0
rfingers 7.12502 0 0
rthumb -3.69633 -771.819 0
428
root 3.28006 15.8856 -9.56549 2.02232 -26.1555 -7.45305
lfemur -28.6828 7.5464 -3.93976
ltibia 54.647 0 0
lfoot -22.5838 5.41056 0
ltoes -7.03952 0 0
rfemur -36.6243 4.072 3.71041
rtibia 47.8857 0 0
rfoot 5.8771 2.07358 0
rtoes -14.6907 0 0
lowerback 6.72946 2.46512 2.9834
upperback 2.00239 3.44458 -0.759088
thorax -1.47343 1.72014 -2.70532
lowerneck -6.51134 3.67814 9.07452
upperneck 4.36195 4.23819 -2.48756
head 2.85566 2.18773 -2.2371
lclavicle -2.46851e-14 9.04483e-15 0
lhumerus -43.7597 -22.945 96.4485
lradius 48.9115 0 0
lwrist 12.1007 0 0
lhand -20.3343 -0.830796 0
lfingers 7.12502 0 0
lthumb 6.01395 29.0205 0
rclavicle -2.46851e-14 9.04483e-15 0
rhumerus -47.2314 4.38693 -88.5726
rradius 69.9366 0 0
rwrist 12.7838 0 0
rhand -30.04 -21.772 0
rfingers 7.12502 0 0
rthumb -3.35879 -771.671 0
429
root 3.2761 15.8885 -9.48376 1.74691 -25.3193 -7.70527
lfemur -28.7742 7.30831 -4.1032
ltibia 54.5988 0 0
lfoot -22.7852 5.20439 0
ltoes -6.93407 0 0
rfemur -36.7901 4.21356 3.65328
rtibia 48.0854 0 0
rfoot 5.97014 2.20547 0
rtoes -14.7645 0 0
lowerback 6.76112 2.45783 2.96104
upperback 1.98889 3.43402 -0.749294
thorax -1.50582 1.71522 -2.6811
lowerneck -6.53204 3.60924 9.02627
upperneck 4.42286 4.14921 -2.48967
head 2.87592 2.14365 -2.23638
lclavicle -2.45832e-14 8.91297e-15 0
lhumerus -43.7869 -23.0167 96.5718
lradius 48.9426 0 0
lwrist 11.9984 0 0
lhand -20.185 -0.870301 0
lfingers 7.12502 0 0
lthumb 6.15701 28.9626 0
rclavicle -2.45832e-14 8.91297e-15 0
rhumerus -47.2329 4.66467 -88.6307
rradius 70.0817 0 0
rwrist 12.923 0 0
rhand -29.6802 -21.6345 0
rfingers 7.12502 0 0
rthumb -3.01199 -771.523 0
430
root 3.27435 15.8917 -9.40298 1.46731 -24.4183 -7.95992
lfemur -28.8574 7.05784 -4.27541
ltibia 54.5455 0 0
lfoot -22.9773 4.99743 0
ltoes -6.81157 0 0
rfemur -36.968 4.34966 3.6043
rtibia 48.2978 0 0
rfoot 6.06017 2.33926 0
rtoes -14.8353 0 0
lowerback 6.79022 2.44814 2.93568
upperback 1.97455 3.42012 -0.738009
thorax -1.53781 1.70864 -2.65346
lowerneck -6.55407 3.53103 8.96994
upperneck 4.4849 4.04827 -2.48747
head 2.89657 2.09365 -2.23351
lclavicle -2.44768e-14 8.77828e-15 0
lhumerus -43.8176 -23.0946 96.7076
lradius 48.9791 0 0
lwrist 11.8941 0 0
lhand -20.0161 -0.905984 0
lfingers 7.12502 0 0
lthumb 6.31896 28.9067 0
rclavicle -2.44768e-14 8.77828e-15 0
rhumerus -47.2271 4.96163 -88.6919
rradius 70.2406 0 0
rwrist 13.0659 0 0
rhand -29.311 -21.498 0
rfingers 7.12502 0 0
rthumb -2.65622 -771.376 0
431
root 3.27476 15.8954 -9.32315 1.18348 -23.4542 -8.21709
lfemur -28.9328 6.79538 -4.45611
ltibia 54.4871 0 0
lfoot -23.1602 4.78972 0
ltoes -6.67247 0 0
rfemur -37.1578 4.48041 3.56328
rtibia 48.5223 0 0
rfoot 6.14725 2.47488 0
rtoes -14.9031 0 0
lowerback 6.81683 2.43613 2.9074
upperback 1.9594 3.40298 -0.725274
thorax -1.5694 1.70046 -2.62249
lowerneck -6.57741 3.44377 8.90576
upperneck 4.548 3.93572 -2.48108
head 2.91759 2.03789 -2.22856
lclavicle -2.43662e-14 8.64088e-15 0
lhumerus -43.8517 -23.1785 96.8557
lradius 49.0209 0 0
lwrist 11.788 0 0
lhand -19.8281 -0.937935 0
lfingers 7.12502 0 0
lthumb 6.49928 28.8527 0
rclavicle -2.43662e-14 8.64088e-15 0
rhumerus -47.2141 5.27725 -88.7562
rradius 70.4129 0 0
rwrist 13.2125 0 0
rhand -28.9328 -21.3626 0
rfingers 7.12502 0 0
rthumb -2.29181 -771.228 0
432
root 3.27727 15.8995 -9.24426 0.895365 -22.4289 -8.47687
lfemur -29.0005 6.5213 -4.64505
ltibia 54.4239 0 0
lfoot -23.3342 4.58136 0
ltoes -6.51725 0 0
rfemur -37.3591 4.6059 3.53
rtibia 48.7586 0 0
rfoot 6.23143 2.61223 0
rtoes -14.9681 0 0
lowerback 6.84101 2.42185 2.87628
upperback 1.94346 3.38268 -0.711129
thorax -1.60059 1.69071 -2.58828
lowerneck -6.60201 3.3477 8.83394
upperneck 4.61214 3.81188 -2.4706
head 2.93898 1.97652 -2.22157
lclavicle -2.42513e-14 8.50087e-15 0
lhumerus -43.889 -23.2683 97.0156
lradius 49.0679 0 0
lwrist 11.6801 0 0
lhand -19.6215 -0.966243 0
lfingers 7.12502 0 0
lthumb 6.69745 28.8006 0
rclavicle -2.42513e-14 8.50087e-15 0
rhumerus -47.1943 5.61098 -88.8236
rradius 70.5982 0 0
rwrist 13.3625 0 0
rhand -28.546 -21.2282 0
rfingers 7.12502 0 0
rthumb -1.91905 -771.08 0
433
root 3.28182 15.904 -9.16631 0.602939 -21.3444 -8.73934
lfemur -29.0607 6.23597 -4.84196
ltibia 54.356 0 0
lfoot -23.4993 4.3724 0
ltoes -6.34636 0 0
rfemur -37.5716 4.72626 3.50428
rtibia 49.0063 0 0
rfoot 6.31277 2.75124 0
rtoes -15.0303 0 0
lowerback 6.86283 2.40537 2.8424
upperback 1.92675 3.35931 -0.695613
thorax -1.63139 1.67944 -2.55092
lowerneck -6.62783 3.24308 8.7547
upperneck 4.67726 3.67707 -2.45614
head 2.96071 1.90972 -2.2126
lclavicle -2.41323e-14 8.35839e-15 0
lhumerus -43.9295 -23.3637 97.1869
lradius 49.1198 0 0
lwrist 11.5705 0 0
lhand -19.3969 -0.990997 0
lfingers 7.12502 0 0
lthumb 6.91295 28.7503 0
rclavicle -2.41323e-14 8.35839e-15 0
rhumerus -47.1677 5.96226 -88.8938
rradius 70.7962 0 0
rwrist 13.5158 0 0
rhand -28.1509 -21.095 0
rfingers 7.12502 0 0
rthumb -1.53825 -770.933 0
434
root 3.28837 15.9088 -9.08928 0.306157 -20.2025 -9.0046
lfemur -29.1135 5.93978 -5.04657
ltibia 54.2836 0 0
lfoot -23.6559 4.16291 0
ltoes -6.16028 0 0
rfemur -37.7948 4.84158 3.48592
rtibia 49.2651 0 0
rfoot 6.39132 2.89183 0
rtoes -15.0897 0 0
lowerback 6.88233 2.38674 2.80586
upperback 1.90931 3.33296 -0.678768
thorax -1.6618 1.66668 -2.51052
lowerneck -6.65483 3.13017 8.66825
upperneck 4.74334 3.53162 -2.43781
head 2.98277 1.83765 -2.20172
lclavicle -2.40092e-14 8.21353e-15 0
lhumerus -43.9731 -23.4646 97.3695
lradius 49.1766 0 0
lwrist 11.4593 0 0
lhand -19.1548 -1.01229 0
lfingers 7.12502 0 0
lthumb 7.14527 28.7018 0
rclavicle -2.40092e-14 8.21353e-15 0
rhumerus -47.1345 6.33055 -88.9668
rradius 71.0065 0 0
rwrist 13.6724 0 0
rhand -27.7477 -20.9628 0
rfingers 7.12502 0 0
rthumb -1.14973 -770.786 0
435
root 3.29685 15.914 -9.01318 0.00498064 -19.0051 -9.27275
lfemur -29.1591 5.63308 -5.25863
ltibia 54.2068 0 0
lfoot -23.8041 3.95296 0
ltoes -5.95947 0 0
rfemur -38.0285 4.95199 3.47472
rtibia 49.5346 0 0
rfoot 6.46714 3.03392 0
rtoes -15.1465 0 0
lowerback 6.89958 2.36604 2.76672
upperback 1.89116 3.30371 -0.660633
thorax -1.69182 1.6525 -2.46716
lowerneck -6.68298 3.00922 8.57483
upperneck 4.81032 3.37586 -2.41572
head 3.00514 1.76046 -2.18896
lclavicle -2.38822e-14 8.06643e-15 0
lhumerus -44.0196 -23.5708 97.5628
lradius 49.2381 0 0
lwrist 11.3465 0 0
lhand -18.8957 -1.0302 0
lfingers 7.12502 0 0
lthumb 7.39387 28.6551 0
rclavicle -2.38822e-14 8.06643e-15 0
rhumerus -47.0949 6.71529 -89.0426
rradius 71.2287 0 0
rwrist 13.832 0 0
rhand -27.3368 -20.8317 0
rfingers 7.12502 0 0
rthumb -0.75378 -770.639 0
436
root 3.3072 15.9195 -8.938 -0.300631 -17.7539 -9.54386
lfemur -29.1978 5.31626 -5.47787
ltibia 54.1257 0 0
lfoot -23.9441 3.74261 0
ltoes -5.7444 0 0
rfemur -38.2723 5.05757 3.47048
rtibia 49.8144 0 0
rfoot 6.54028 3.17743 0
rtoes -15.2006 0 0
lowerback 6.91463 2.34333 2.72508
upperback 1.87231 3.27166 -0.641249
thorax -1.72146 1.63692 -2.42094
lowerneck -6.71223 2.88049 8.47464
upperneck 4.87816 3.21013 -2.38998
head 3.02782 1.67832 -2.1744
lclavicle -2.37514e-14 7.91718e-15 0
lhumerus -44.069 -23.6822 97.7665
lradius 49.3041 0 0
lwrist 11.2323 0 0
lhand -18.6203 -1.04483 0
lfingers 7.12502 0 0
lthumb 7.65825 28.6101 0
rclavicle -2.37514e-14 7.91718e-15 0
rhumerus -47.0491 7.11592 -89.1209
rradius 71.4623 0 0
rwrist 13.9946 0 0
rhand -26.9185 -20.7017 0
rfingers 7.12502 0 0
rthumb -0.350718 -770.492 0
437
root 3.31938 15.9254 -8.86373 -0.610719 -16.451 -9.81803
lfemur -29.2297 4.98969 -5.70402
ltibia 54.0405 0 0
lfoot -24.076 3.53195 0
ltoes -5.51552 0 0
rfemur -38.5258 5.15845 3.47301
rtibia 50.1042 0 0
rfoot 6.61079 3.32227 0
rtoes -15.2521 0 0
lowerback 6.92756 2.31867 2.68101
upperback 1.85281 3.2369 -0.620656
thorax -1.75072 1.62 -2.37194
lowerneck -6.74255 2.74423 8.36791
upperneck 4.94682 3.03473 -2.36071
head 3.05078 1.5914 -2.15808
lclavicle -2.36169e-14 7.76592e-15 0
lhumerus -44.1213 -23.7985 97.9803
lradius 49.3745 0 0
lwrist 11.1167 0 0
lhand -18.3289 -1.05626 0
lfingers 7.12502 0 0
lthumb 7.93788 28.5667 0
rclavicle -2.36169e-14 7.76592e-15 0
rhumerus -46.9973 7.5319 -89.2017
rradius 71.7071 0 0
rwrist 14.1599 0 0
rhand -26.4932 -20.5728 0
rfingers 7.12502 0 0
rthumb 0.0591503 -770.346 0
438
root 3.33333 15.9316 -8.79037 -0.925322 -15.0981 -10.0953
lfemur -29.255 4.65374 -5.93682
ltibia 53.9513 0 0
lfoot -24.2002 3.32103 0
ltoes -5.27332 0 0
rfemur -38.7887 5.25473 3.4821
rtibia 50.4035 0 0
rfoot 6.67874 3.46836 0
rtoes -15.3011 0 0
lowerback 6.9384 2.29212 2.63461
upperback 1.83266 3.1995 -0.598894
thorax -1.7796 1.60177 -2.32027
lowerneck -6.77389 2.6007 8.25484
upperneck 5.01627 2.85001 -2.32801
head 3.07402 1.49985 -2.14005
lclavicle -2.34787e-14 7.61275e-15 0
lhumerus -44.1762 -23.9196 98.2039
lradius 49.4492 0 0
lwrist 10.9998 0 0
lhand -18.0222 -1.06458 0
lfingers 7.12502 0 0
lthumb 8.23224 28.5251 0
rclavicle -2.34787e-14 7.61275e-15 0
rhumerus -46.9397 7.96267 -89.2849
rradius 71.9627 0 0
rwrist 14.3279 0 0
rhand -26.0611 -20.445 0
rfingers 7.12502 0 0
rthumb 0.475518 -770.199 0
439
root 3.34898 15.9381 -8.71791 -1.24448 -13.6971 -10.3759
lfemur -29.2739 4.30879 -6.17601
ltibia 53.8583 0 0
lfoot -24.3168 3.10993 0
ltoes -5.01825 0 0
rfemur -39.0606 5.34651 3.49757
rtibia 50.712 0 0
rfoot 6.74417 3.61563 0
rtoes -15.3477 0 0
lowerback 6.94724 2.26375 2.58594
upperback 1.81191 3.15957 -0.576004
thorax -1.80811 1.58228 -2.26602
lowerneck -6.80622 2.45016 8.13567
upperneck 5.08645 2.65629 -2.29199
head 3.09752 1.40383 -2.12039
lclavicle -2.33369e-14 7.45779e-15 0
lhumerus -44.2337 -24.0453 98.4368
lradius 49.528 0 0
lwrist 10.8816 0 0
lhand -17.7008 -1.06988 0
lfingers 7.12502 0 0
lthumb 8.54082 28.485 0
rclavicle -2.33369e-14 7.45779e-15 0
rhumerus -46.8764 8.40767 -89.3704
rradius 72.2286 0 0
rwrist 14.4985 0 0
rhand -25.6226 -20.3183 0
rfingers 7.12502 0 0
rthumb 0.898079 -770.053 0
440
root 3.36629 15.9449 -8.64635 -1.56823 -12.2498 -10.6598
lfemur -29.2866 3.95522 -6.42132
ltibia 53.7616 0 0
lfoot -24.4259 2.89871 0
ltoes -4.75078 0 0
rfemur -39.3412 5.43392 3.51921
rtibia 51.0293 0 0
rfoot 6.80714 3.76399 0
rtoes -15.3919 0 0
lowerback 6.95411 2.23362 2.53509
upperback 1.79056 3.11719 -0.552026
thorax -1.83625 1.56158 -2.20927
lowerneck -6.83949 2.29285 8.01062
upperneck 5.15733 2.45389 -2.25277
head 3.12126 1.30352 -2.09913
lclavicle -2.31917e-14 7.30115e-15 0
lhumerus -44.2937 -24.1754 98.6788
lradius 49.6108 0 0
lwrist 10.7622 0 0
lhand -17.3651 -1.07226 0
lfingers 7.12502 0 0
lthumb 8.8631 28.4466 0
rclavicle -2.31917e-14 7.30115e-15 0
rhumerus -46.8076 8.86635 -89.4581
rradius 72.5045 0 0
rwrist 14.6714 0 0
rhand -25.178 -20.1927 0
rfingers 7.12502 0 0
rthumb 1.32652 -769.908 0
441
root 3.3852 15.952 -8.57567 -1.89662 -10.7583 -10.9471
lfemur -29.2932 3.59339 -6.67249
ltibia 53.6614 0 0
lfoot -24.5279 2.68743 0
ltoes -4.47138 0 0
rfemur -39.6302 5.51704 3.54683
rtibia 51.3551 0 0
rfoot 6.86771 3.91336 0
rtoes -15.4338 0 0
lowerback 6.95909 2.20179 2.48215
upperback 1.76865 3.07245 -0.526999
thorax -1.86402 1.5397 -2.15013
lowerneck -6.87368 2.12903 7.87989
upperneck 5.22886 2.24315 -2.21044
head 3.14523 1.19907 -2.07634
lclavicle -2.30431e-14 7.14296e-15 0
lhumerus -44.3561 -24.3098 98.9294
lradius 49.6974 0 0
lwrist 10.6417 0 0
lhand -17.0156 -1.07179 0
lfingers 7.12502 0 0
lthumb 9.19855 28.4096 0
rclavicle -2.30431e-14 7.14296e-15 0
rhumerus -46.7335 9.33817 -89.5479
rradius 72.79 0 0
rwrist 14.8466 0 0
rhand -24.7276 -20.0682 0
rfingers 7.12502 0 0
rthumb 1.76055 -769.763 0
442
root 3.40565 15.9593 -8.50589 -2.22969 -9.22417 -11.2379
lfemur -29.294 3.22368 -6.92926
ltibia 53.5578 0 0
lfoot -24.6228 2.47618 0
ltoes -4.18051 0 0
rfemur -39.9271 5.596 3.58022
rtibia 51.6889 0 0
rfoot 6.92592 4.06366 0
rtoes -15.4733 0 0
lowerback 6.96223 2.16833 2.4272
upperback 1.74621 3.02543 -0.500966
thorax -1.89142 1.5167 -2.08869
lowerneck -6.90873 1.95897 7.7437
upperneck 5.30101 2.0244 -2.16513
head 3.16942 1.09064 -2.05206
lclavicle -2.28912e-14 6.98332e-15 0
lhumerus -44.4209 -24.4483 99.1884
lradius 49.7877 0 0
lwrist 10.5202 0 0
lhand -16.653 -1.06857 0
lfingers 7.12502 0 0
lthumb 9.54666 28.3742 0
rclavicle -2.28912e-14 6.98332e-15 0
rhumerus -46.6543 9.82256 -89.6396
rradius 73.0848 0 0
rwrist 15.0239 0 0
rhand -24.2718 -19.9448 0
rfingers 7.12502 0 0
rthumb 2.19984 -769.618 0
443
root 3.42759 15.967 -8.43698 -2.56747 -7.64945 -11.5324
lfemur -29.2891 2.84647 -7.19135
ltibia 53.4509 0 0
lfoot -24.7108 2.26502 0
ltoes -3.87863 0 0
rfemur -40.2316 5.6709 3.61919
rtibia 52.0304 0 0
rfoot 6.98185 4.21482 0
rtoes -15.5107 0 0
lowerback 6.9636 2.1333 2.37032
upperback 1.72325 2.97623 -0.473965
thorax -1.91846 1.49262 -2.02504
lowerneck -6.94462 1.7829 7.60229
upperneck 5.37372 1.79795 -2.11695
head 3.19381 0.9784 -2.02637
lclavicle -2.27362e-14 6.82235e-15 0
lhumerus -44.4878 -24.5907 99.4554
lradius 49.8815 0 0
lwrist 10.3978 0 0
lhand -16.2778 -1.0627 0
lfingers 7.12502 0 0
lthumb 9.9069 28.3402 0
rclavicle -2.27362e-14 6.82235e-15 0
rhumerus -46.5702 10.319 -89.7333
rradius 73.3883 0 0
rwrist 15.2031 0 0
rhand -23.8107 -19.8225 0
rfingers 7.12502 0 0
rthumb 2.6441 -769.474 0
444
root 3.45096 15.9749 -8.36896 -2.91001 -6.03597 -11.8305
lfemur -29.2787 2.46213 -7.45851
ltibia 53.3409 0 0
lfoot -24.7922 2.05401 0
ltoes -3.56622 0 0
rfemur -40.5434 5.74185 3.66355
rtibia 52.3793 0 0
rfoot 7.03553 4.36673 0
rtoes -15.546 0 0
lowerback 6.96324 2.09677 2.3116
upperback 1.6998 2.92493 -0.446036
thorax -1.94514 1.46749 -1.95927
lowerneck -6.98129 1.6011 7.45585
upperneck 5.44696 1.56414 -2.066
head 3.21839 0.862507 -1.9993
lclavicle -2.25781e-14 6.66017e-15 0
lhumerus -44.5569 -24.7369 99.73
lradius 49.9786 0 0
lwrist 10.2745 0 0
lhand -15.8905 -1.05424 0
lfingers 7.12502 0 0
lthumb 10.2788 28.3077 0
rclavicle -2.25781e-14 6.66017e-15 0
rhumerus -46.4813 10.8269 -89.8288
rradius 73.7004 0 0
rwrist 15.3843 0 0
rhand -23.3449 -19.7013 0
rfingers 7.12502 0 0
rthumb 3.09301 -769.33 0
445
root 3.47571 15.983 -8.3018 -3.25734 -4.38558 -12.1324
lfemur -29.263 2.07103 -7.73048
ltibia 53.228 0 0
lfoot -24.8672 1.84322 0
ltoes -3.24374 0 0
rfemur -40.8621 5.80896 3.7131
rtibia 52.7351 0 0
rfoot 7.08703 4.51934 0
rtoes -15.5791 0 0
lowerback 6.96123 2.05879 2.25111
upperback 1.67589 2.87163 -0.417222
thorax -1.97147 1.44137 -1.89148
lowerneck -7.01872 1.41381 7.30463
upperneck 5.52069 1.32329 -2.01239
head 3.24314 0.743126 -1.97092
lclavicle -2.2417e-14 6.49689e-15 0
lhumerus -44.628 -24.8866 100.012
lradius 50.079 0 0
lwrist 10.1503 0 0
lhand -15.4916 -1.04331 0
lfingers 7.12502 0 0
lthumb 10.6617 28.2766 0
rclavicle -2.2417e-14 6.49689e-15 0
rhumerus -46.3879 11.3457 -89.926
rradius 74.0205 0 0
rwrist 15.5671 0 0
rhand -22.8745 -19.5812 0
rfingers 7.12502 0 0
rthumb 3.54627 -769.186 0
446
root 3.50178 15.9914 -8.2355 -3.60951 -2.70016 -12.4382
lfemur -29.2422 1.67354 -8.00698
ltibia 53.1123 0 0
lfoot -24.9359 1.63273 0
ltoes -2.91166 0 0
rfemur -41.1874 5.87233 3.76763
rtibia 53.0974 0 0
rfoot 7.13639 4.67255 0
rtoes -15.6102 0 0
lowerback 6.95761 2.01944 2.18893
upperback 1.65154 2.8164 -0.38756
thorax -1.99745 1.41429 -1.82177
lowerneck -7.05686 1.22129 7.14882
upperneck 5.59487 1.07574 -1.95623
head 3.26805 0.620419 -1.94129
lclavicle -2.22531e-14 6.33262e-15 0
lhumerus -44.701 -25.0396 100.301
lradius 50.1825 0 0
lwrist 10.0255 0 0
lhand -15.0818 -1.02998 0
lfingers 7.12502 0 0
lthumb 11.0553 28.2468 0
rclavicle -2.22531e-14 6.33262e-15 0
rhumerus -46.29 11.8748 -90.0247
rradius 74.3483 0 0
rwrist 15.7515 0 0
rhand -22.4 -19.4623 0
rfingers 7.12502 0 0
rthumb 4.00356 -769.044 0
447
root 3.52911 16 -8.17006 -3.96656 -0.981559 -12.7479
lfemur -29.2165 1.27005 -8.28775
ltibia 52.9939 0 0
lfoot -24.9986 1.4226 0
ltoes -2.57043 0 0
rfemur -41.5189 5.93207 3.82695
rtibia 53.466 0 0
rfoot 7.18369 4.82629 0
rtoes -15.6394 0 0
lowerback 6.95245 1.97877 2.12516
upperback 1.62678 2.75935 -0.357093
thorax -2.02307 1.3863 -1.75021
lowerneck -7.09567 1.02379 6.98865
upperneck 5.66944 0.821799 -1.89764
head 3.2931 0.494547 -1.91045
lclavicle -2.20863e-14 6.1675e-15 0
lhumerus -44.7758 -25.1959 100.596
lradius 50.2889 0 0
lwrist 9.89992 0 0
lhand -14.6614 -1.01434 0
lfingers 7.12502 0 0
lthumb 11.4589 28.2184 0
rclavicle -2.20863e-14 6.1675e-15 0
rhumerus -46.188 12.4138 -90.125
rradius 74.6835 0 0
rwrist 15.9373 0 0
rhand -21.9215 -19.3444 0
rfingers 7.12502 0 0
rthumb 4.4646 -768.901 0
448
root 3.55765 16.0088 -8.10548 -4.32852 0.76835 -13.0617
lfemur -29.1861 0.86093 -8.57254
ltibia 52.8729 0 0
lfoot -25.0554 1.2129 0
ltoes -2.22054 0 0
rfemur -41.8562 5.98829 3.89087
rtibia 53.8404 0 0
rfoot 7.22896 4.98047 0
rtoes -15.6666 0 0
lowerback 6.94581 1.93685 2.05988
upperback 1.60163 2.70055 -0.325859
thorax -2.04835 1.35745 -1.67691
lowerneck -7.13512 0.82157 6.82435
upperneck 5.74438 0.56181 -1.83673
head 3.31829 0.365674 -1.87846
lclavicle -2.19168e-14 6.00162e-15 0
lhumerus -44.8524 -25.3553 100.898
lradius 50.3981 0 0
lwrist 9.77381 0 0
lhand -14.2312 -0.996491 0
lfingers 7.12502 0 0
lthumb 11.872 28.1912 0
rclavicle -2.19168e-14 6.00162e-15 0
rhumerus -46.0819 12.962 -90.2266
rradius 75.0256 0 0
rwrist 16.1245 0 0
rhand -21.4395 -19.2277 0
rfingers 7.12502 0 0
rthumb 4.92906 -768.76 0
449
root 3.58734 16.0178 -8.04174 -4.69544 2.54771 -13.3796
lfemur -29.1511 0.446547 -8.86107
ltibia 52.7496 0 0
lfoot -25.1065 1.00369 0
ltoes -1.86244 0 0
rfemur -42.1991 6.04111 3.95918
rtibia 54.2202 0 0
rfoot 7.27226 5.13501 0
rtoes -15.692 0 0
lowerback 6.93775 1.89374 1.99316
upperback 1.57612 2.6401 -0.2939
thorax -2.07328 1.32778 -1.60197
lowerneck -7.17516 0.614886 6.65612
upperneck 5.81963 0.296095 -1.7736
head 3.34358 0.233961 -1.84538
lclavicle -2.17448e-14 5.8351e-15 0
lhumerus -44.9306 -25.5175 101.205
lradius 50.51 0 0
lwrist 9.64718 0 0
lhand -13.7915 -0.976513 0
lfingers 7.12502 0 0
lthumb 12.2942 28.1653 0
rclavicle -2.17448e-14 5.8351e-15 0
rhumerus -45.972 13.519 -90.3296
rradius 75.3742 0 0
rwrist 16.3128 0 0
rhand -20.9543 -19.1121 0
rfingers 7.12502 0 0
rthumb 5.39663 -768.619 0
450
root 3.61812 16.027 -7.97885 -5.06735 4.35464 -13.7018
lfemur -29.1117 0.0272772 -9.15308
ltibia 52.6241 0 0
lfoot -25.1521 0.795052 0
ltoes -1.49659 0 0
rfemur -42.5471 6.09061 4.03169
rtibia 54.6051 0 0
rfoot 7.31366 5.28984 0
rtoes -15.7156 0 0
lowerback 6.92832 1.84951 1.92508
upperback 1.55027 2.57808 -0.261255
thorax -2.09787 1.29734 -1.52547
lowerneck -7.21575 0.403991 6.48418
upperneck 5.89517 0.0249813 -1.70836
head 3.36898 0.0995722 -1.81126
lclavicle -2.15702e-14 5.66807e-15 0
lhumerus -45.0104 -25.6823 101.518
lradius 50.6243 0 0
lwrist 9.52012 0 0
lhand -13.3431 -0.954497 0
lfingers 7.12502 0 0
lthumb 12.7248 28.1406 0
rclavicle -2.15702e-14 5.66807e-15 0
rhumerus -45.8585 14.084 -90.4337
rradius 75.729 0 0
rwrist 16.5021 0 0
rhand -20.4662 -18.9976 0
rfingers 7.12502 0 0
rthumb 5.86702 -768.478 0
451
root 3.64995 16.0363 -7.91679 -5.44431 6.1873 -14.0283
lfemur -29.0681 -0.396504 -9.44831
ltibia 52.4965 0 0
lfoot -25.1925 0.587048 0
ltoes -1.12348 0 0
rfemur -42.9 6.13693 4.1082
rtibia 54.9947 0 0
rfoot 7.35319 5.44487 0
rtoes -15.7375 0 0
lowerback 6.91759 1.80421 1.85574
upperback 1.5241 2.51459 -0.227966
thorax -2.12213 1.26615 -1.44751
lowerneck -7.25686 0.189142 6.30877
upperneck 5.97093 -0.251203 -1.64113
head 3.39447 -0.0373317 -1.77616
lclavicle -2.13932e-14 5.50063e-15 0
lhumerus -45.0916 -25.8497 101.836
lradius 50.741 0 0
lwrist 9.39269 0 0
lhand -12.8863 -0.930533 0
lfingers 7.12502 0 0
lthumb 13.1635 28.1171 0
rclavicle -2.13932e-14 5.50063e-15 0
rhumerus -45.7414 14.6567 -90.5389
rradius 76.0896 0 0
rwrist 16.6924 0 0
rhand -19.9754 -18.8842 0
rfingers 7.12502 0 0
rthumb 6.33991 -768.339 0
452
root 3.68277 16.0459 -7.85556 -5.82633 8.0438 -14.3592
lfemur -29.0206 -0.824422 -9.7465
ltibia 52.3669 0 0
lfoot -25.2278 0.379746 0
ltoes -0.743549 0 0
rfemur -43.2573 6.18015 4.18852
rtibia 55.3886 0 0
rfoot 7.39093 5.60001 0
rtoes -15.7577 0 0
lowerback 6.90562 1.75792 1.78522
upperback 1.49765 2.4497 -0.194071
thorax -2.14605 1.23428 -1.36818
lowerneck -7.29845 -0.0294082 6.13008
upperneck 6.04689 -0.532132 -1.57201
head 3.42003 -0.176588 -1.74013
lclavicle -2.1214e-14 5.3329e-15 0
lhumerus -45.1742 -26.0194 102.159
lradius 50.8599 0 0
lwrist 9.26497 0 0
lhand -12.4217 -0.90471 0
lfingers 7.12502 0 0
lthumb 13.6096 28.0947 0
rclavicle -2.1214e-14 5.3329e-15 0
rhumerus -45.6211 15.2365 -90.6451
rradius 76.4557 0 0
rwrist 16.8834 0 0
rhand -19.4824 -18.7719 0
rfingers 7.12502 0 0
rthumb 6.815 -768.2 0
453
root 3.71651 16.0556 -7.79516 -6.21348 9.92229 -14.6946
lfemur -28.9692 -1.2561 -10.0474
ltibia 52.2355 0 0
lfoot -25.2582 0.173216 0
ltoes -0.357279 0 0
rfemur -43.6187 6.2204 4.27244
rtibia 55.7865 0 0
rfoot 7.42692 5.7552 0
rtoes -15.7763 0 0
lowerback 6.89245 1.71069 1.71359
upperback 1.47094 2.38352 -0.159612
thorax -2.16964 1.20176 -1.28757
lowerneck -7.34047 -0.251403 5.94835
upperneck 6.123 -0.817477 -1.50112
head 3.44565 -0.318033 -1.70323
lclavicle -2.10325e-14 5.16499e-15 0
lhumerus -45.258 -26.1913 102.487
lradius 50.9808 0 0
lwrist 9.13704 0 0
lhand -11.9499 -0.877117 0
lfingers 7.12502 0 0
lthumb 14.0626 28.0734 0
rclavicle -2.10325e-14 5.16499e-15 0
rhumerus -45.4976 15.8227 -90.7522
rradius 76.8267 0 0
rwrist 17.075 0 0
rhand -18.9874 -18.6608 0
rfingers 7.12502 0 0
rthumb 7.29197 -768.061 0
454
root 3.75112 16.0654 -7.73558 -6.60578 11.8209 -15.0346
lfemur -28.9142 -1.69117 -10.3507
ltibia 52.1025 0 0
lfoot -25.2839 -0.0324756 0
ltoes 0.0348679 0 0
rfemur -43.9838 6.25778 4.35977
rtibia 56.1879 0 0
rfoot 7.46122 5.91034 0
rtoes -15.7934 0 0
lowerback 6.87817 1.66259 1.64094
upperback 1.44399 2.31613 -0.124628
thorax -2.1929 1.16864 -1.20578
lowerneck -7.38289 -0.476588 5.76378
upperneck 6.19922 -1.10691 -1.42856
head 3.47131 -0.461507 -1.66552
lclavicle -2.08488e-14 4.99703e-15 0
lhumerus -45.343 -26.3651 102.818
lradius 51.1037 0 0
lwrist 9.00896 0 0
lhand -11.4715 -0.847843 0
lfingers 7.12502 0 0
lthumb 14.5221 28.0532 0
rclavicle -2.08488e-14 4.99703e-15 0
rhumerus -45.3712 16.4148 -90.8601
rradius 77.2024 0 0
rwrist 17.2671 0 0
rhand -18.4908 -18.5508 0
rfingers 7.12502 0 0
rthumb 7.77053 -767.924 0
455
root 3.78656 16.0753 -7.67681 -7.00328 13.7378 -15.3793
lfemur -28.8558 -2.12926 -10.6561
ltibia 51.9679 0 0
lfoot -25.3051 -0.237259 0
ltoes 0.432426 0 0
rfemur -44.3523 6.29239 4.45031
rtibia 56.5926 0 0
rfoot 7.49388 6.06536 0
rtoes -15.8089 0 0
lowerback 6.86281 1.61368 1.56735
upperback 1.41682 2.24761 -0.089161
thorax -2.21584 1.13496 -1.12291
lowerneck -7.42568 -0.704707 5.57661
upperneck 6.2755 -1.40011 -1.35445
head 3.497 -0.606845 -1.62704
lclavicle -2.06632e-14 4.82913e-15 0
lhumerus -45.4291 -26.5408 103.154
lradius 51.2283 0 0
lwrist 8.88082 0 0
lhand -10.9869 -0.816977 0
lfingers 7.12502 0 0
lthumb 14.9875 28.034 0
rclavicle -2.06632e-14 4.82913e-15 0
rhumerus -45.2421 17.0124 -90.9687
rradius 77.5824 0 0
rwrist 17.4596 0 0
rhand -17.9928 -18.442 0
rfingers 7.12502 0 0
rthumb 8.25036 -767.787 0
456
root 3.82275 16.0854 -7.61886 -7.40601 15.6711 -15.7287
lfemur -28.7941 -2.56998 -10.9635
ltibia 51.832 0 0
lfoot -25.322 -0.441066 0
ltoes 0.834929 0 0
rfemur -44.7239 6.32435 4.54386
rtibia 57.0001 0 0
rfoot 7.52496 6.22018 0
rtoes -15.8231 0 0
lowerback 6.84644 1.56403 1.49291
upperback 1.38947 2.17807 -0.0532499
thorax -2.23845 1.10077 -1.03904
lowerneck -7.46878 -0.935507 5.38704
upperneck 6.35182 -1.69673 -1.2789
head 3.52271 -0.753886 -1.58786
lclavicle -2.04756e-14 4.66139e-15 0
lhumerus -45.5161 -26.7181 103.493
lradius 51.3545 0 0
lwrist 8.75268 0 0
lhand -10.4966 -0.784609 0
lfingers 7.12502 0 0
lthumb 15.4583 28.0158 0
rclavicle -2.04756e-14 4.66139e-15 0
rhumerus -45.1104 17.6147 -91.0779
rradius 77.9663 0 0
rwrist 17.6523 0 0
rhand -17.4938 -18.3343 0
rfingers 7.12502 0 0
rthumb 8.73116 -767.651 0
457
root 3.85965 16.0956 -7.5617 -7.81403 17.6189 -16.0831
lfemur -28.7293 -3.01298 -11.2725
ltibia 51.6949 0 0
lfoot -25.3347 -0.643829 0
ltoes 1.24191 0 0
rfemur -45.0982 6.35376 4.64023
rtibia 57.41 0 0
rfoot 7.55451 6.37471 0
rtoes -15.8359 0 0
lowerback 6.82913 1.5137 1.41769
upperback 1.36195 2.10757 -0.0169352
thorax -2.26075 1.06611 -0.954267
lowerneck -7.51216 -1.16873 5.19531
upperneck 6.42811 -1.99647 -1.20201
head 3.54842 -0.902467 -1.54803
lclavicle -2.02861e-14 4.49395e-15 0
lhumerus -45.604 -26.8969 103.835
lradius 51.4822 0 0
lwrist 8.62462 0 0
lhand -10.0014 -0.750828 0
lfingers 7.12502 0 0
lthumb 15.9339 27.9985 0
rclavicle -2.02861e-14 4.49395e-15 0
rhumerus -44.9763 18.2214 -91.1876
rradius 78.3537 0 0
rwrist 17.8451 0 0
rhand -16.9942 -18.2277 0
rfingers 7.12502 0 0
rthumb 9.21262 -767.517 0
458
root 3.8972 16.1059 -7.50535 -8.22736 19.5793 -16.4424
lfemur -28.6617 -3.45786 -11.5828
ltibia 51.5567 0 0
lfoot -25.3436 -0.845478 0
ltoes 1.65291 0 0
rfemur -45.4748 6.38073 4.73922
rtibia 57.8221 0 0
rfoot 7.5826 6.52888 0
rtoes -15.8473 0 0
lowerback 6.81093 1.46275 1.34178
upperback 1.3343 2.03622 0.0197426
thorax -2.28273 1.03102 -0.868688
lowerneck -7.55578 -1.40412 5.00161
upperneck 6.50434 -2.29898 -1.12389
head 3.57411 -1.05243 -1.5076
lclavicle -2.0095e-14 4.32691e-15 0
lhumerus -45.6927 -27.0769 104.179
lradius 51.6112 0 0
lwrist 8.49671 0 0
lhand -9.50159 -0.715722 0
lfingers 7.12502 0 0
lthumb 16.4139 27.9822 0
rclavicle -2.0095e-14 4.32691e-15 0
rhumerus -44.84 18.8317 -91.2977
rradius 78.7442 0 0
rwrist 18.0378 0 0
rhand -16.4942 -18.1223 0
rfingers 7.12502 0 0
rthumb 9.69443 -767.382 0
459
root 3.93535 16.1163 -7.44979 -8.64604 21.5506 -16.8067
lfemur -28.5913 -3.90426 -11.8943
ltibia 51.4176 0 0
lfoot -25.3487 -1.04595 0
ltoes 2.06745 0 0
rfemur -45.8534 6.40537 4.84063
rtibia 58.2358 0 0
rfoot 7.60926 6.68259 0
rtoes -15.8576 0 0
lowerback 6.79189 1.41125 1.26527
upperback 1.30654 1.9641 0.0567434
thorax -2.30439 0.995544 -0.782395
lowerneck -7.59961 -1.64143 4.80618
upperneck 6.58048 -2.60395 -1.04467
head 3.59978 -1.2036 -1.46663
lclavicle -1.99021e-14 4.16039e-15 0
lhumerus -45.782 -27.258 104.526
lradius 51.7414 0 0
lwrist 8.36903 0 0
lhand -8.99782 -0.679382 0
lfingers 7.12502 0 0
lthumb 16.8977 27.9668 0
rclavicle -1.99021e-14 4.16039e-15 0
rhumerus -44.7016 19.4453 -91.408
rradius 79.1375 0 0
rwrist 18.2303 0 0
rhand -15.9941 -18.018 0
rfingers 7.12502 0 0
rthumb 10.1763 -767.249 0
460
root 3.97403 16.1267 -7.39502 -9.07013 23.5308 -17.1762
lfemur -28.5185 -4.35181 -12.2066
ltibia 51.2777 0 0
lfoot -25.3503 -1.24517 0
ltoes 2.48508 0 0
rfemur -46.2337 6.42779 4.94427
rtibia 58.6509 0 0
rfoot 7.63456 6.83578 0
rtoes -15.8666 0 0
lowerback 6.77209 1.35926 1.18823
upperback 1.27868 1.8913 0.0940268
thorax -2.32575 0.959731 -0.695481
lowerneck -7.64359 -1.8804 4.60923
upperneck 6.65647 -2.91104 -0.964436
head 3.62541 -1.35583 -1.42518
lclavicle -1.97078e-14 3.9945e-15 0
lhumerus -45.872 -27.4401 104.875
lradius 51.8727 0 0
lwrist 8.24166 0 0
lhand -8.49061 -0.641896 0
lfingers 7.12502 0 0
lthumb 17.3848 27.9522 0
rclavicle -1.97078e-14 3.9945e-15 0
rhumerus -44.5615 20.0614 -91.5186
rradius 79.5331 0 0
rwrist 18.4226 0 0
rhand -15.4943 -17.9148 0
rfingers 7.12502 0 0
rthumb 10.6579 -767.117 0
461
root 4.01319 16.1372 -7.34103 -9.49965 25.5181 -17.5509
lfemur -28.4433 -4.80013 -12.5195
ltibia 51.1371 0 0
lfoot -25.3486 -1.44307 0
ltoes 2.90532 0 0
rfemur -46.6152 6.44809 5.04993
rtibia 59.0669 0 0
rfoot 7.65855 6.98836 0
rtoes -15.8745 0 0
lowerback 6.75157 1.30684 1.11075
upperback 1.25077 1.8179 0.131553
thorax -2.3468 0.923622 -0.608039
lowerneck -7.6877 -2.12077 4.41098
upperneck 6.73228 -3.21993 -0.883313
head 3.65098 -1.50895 -1.3833
lclavicle -1.95119e-14 3.82936e-15 0
lhumerus -45.9624 -27.6229 105.226
lradius 52.0047 0 0
lwrist 8.11465 0 0
lhand -7.9805 -0.603354 0
lfingers 7.12502 0 0
lthumb 17.8747 27.9384 0
rclavicle -1.95119e-14 3.82936e-15 0
rhumerus -44.4197 20.6797 -91.6292
rradius 79.9307 0 0
rwrist 18.6143 0 0
rhand -14.9951 -17.8128 0
rfingers 7.12502 0 0
rthumb 11.1389 -766.986 0
462
root 4.05279 16.1478 -7.28781 -9.93465 27.5106 -17.9309
lfemur -28.366 -5.24884 -12.8327
ltibia 50.9961 0 0
lfoot -25.3437 -1.63958 0
ltoes 3.32771 0 0
rfemur -46.9977 6.46638 5.15742
rtibia 59.4835 0 0
rfoot 7.68129 7.14025 0
rtoes -15.8814 0 0
lowerback 6.7304 1.25406 1.0329
upperback 1.22281 1.74401 0.169281
thorax -2.36754 0.887262 -0.520163
lowerneck -7.7319 -2.36228 4.21165
upperneck 6.80786 -3.53029 -0.801406
head 3.67648 -1.6628 -1.34104
lclavicle -1.93147e-14 3.66509e-15 0
lhumerus -46.0533 -27.8064 105.578
lradius 52.1376 0 0
lwrist 7.9881 0 0
lhand -7.46803 -0.563844 0
lfingers 7.12502 0 0
lthumb 18.3669 27.9254 0
rclavicle -1.93147e-14 3.66509e-15 0
rhumerus -44.2763 21.2994 -91.7399
rradius 80.3299 0 0
rwrist 18.8055 0 0
rhand -14.4969 -17.712 0
rfingers 7.12502 0 0
rthumb 11.619 -766.856 0
463
root 4.09275 16.1583 -7.23537 -10.3752 29.5064 -18.3163
lfemur -28.2867 -5.69757 -13.1459
ltibia 50.8547 0 0
lfoot -25.3359 -1.83464 0
ltoes 3.75178 0 0
rfemur -47.3807 6.48278 5.26654
rtibia 59.9003 0 0
rfoot 7.70283 7.29137 0
rtoes -15.8872 0 0
lowerback 6.70864 1.20097 0.954783
upperback 1.19485 1.6697 0.20717
thorax -2.38799 0.850695 -0.431947
lowerneck -7.77614 -2.6047 4.01146
upperneck 6.88317 -3.84179 -0.718826
head 3.70189 -1.81721 -1.29847
lclavicle -1.91163e-14 3.5018e-15 0
lhumerus -46.1444 -27.9902 105.931
lradius 52.271 0 0
lwrist 7.86206 0 0
lhand -6.95374 -0.523457 0
lfingers 7.12502 0 0
lthumb 18.8608 27.9131 0
rclavicle -1.91163e-14 3.5018e-15 0
rhumerus -44.1317 21.9201 -91.8504
rradius 80.7304 0 0
rwrist 18.9959 0 0
rhand -13.9998 -17.6123 0
rfingers 7.12502 0 0
rthumb 12.098 -766.727 0
464
root 4.13303 16.169 -7.18369 -10.8212 31.5037 -18.7072
lfemur -28.2056 -6.14595 -13.4589
ltibia 50.7131 0 0
lfoot -25.3253 -2.02818 0
ltoes 4.17707 0 0
rfemur -47.764 6.49738 5.3771
rtibia 60.317 0 0
rfoot 7.72323 7.44164 0
rtoes -15.8921 0 0
lowerback 6.68634 1.14765 0.876467
upperback 1.16689 1.59506 0.245181
thorax -2.40813 0.813963 -0.343483
lowerneck -7.82038 -2.84775 3.81062
upperneck 6.95817 -4.1541 -0.635683
head 3.7272 -1.97203 -1.25563
lclavicle -1.89166e-14 3.3396e-15 0
lhumerus -46.2357 -28.1742 106.284
lradius 52.4048 0 0
lwrist 7.73663 0 0
lhand -6.43817 -0.48228 0
lfingers 7.12502 0 0
lthumb 19.356 27.9015 0
rclavicle -1.89166e-14 3.3396e-15 0
rhumerus -43.986 22.5412 -91.9607
rradius 81.1316 0 0
rwrist 19.1855 0 0
rhand -13.5043 -17.5137 0
rfingers 7.12502 0 0
rthumb 12.5755 -766.599 0
465
root 4.17356 16.1796 -7.13277 -11.2729 33.5006 -19.1037
lfemur -28.123 -6.59361 -13.7715
ltibia 50.5714 0 0
lfoot -25.3121 -2.22012 0
ltoes 4.60312 0 0
rfemur -48.1471 6.5103 5.48889
rtibia 60.7331 0 0
rfoot 7.74254 7.59097 0
rtoes -15.8962 0 0
lowerback 6.66356 1.09416 0.798039
upperback 1.13898 1.52018 0.283274
thorax -2.42799 0.777111 -0.254866
lowerneck -7.8646 -3.09118 3.60936
upperneck 7.03282 -4.4669 -0.552087
head 3.75241 -2.12709 -1.21259
lclavicle -1.87159e-14 3.17862e-15 0
lhumerus -46.3272 -28.3583 106.638
lradius 52.539 0 0
lwrist 7.61186 0 0
lhand -5.92187 -0.440404 0
lfingers 7.12502 0 0
lthumb 19.8519 27.8906 0
rclavicle -1.87159e-14 3.17862e-15 0
rhumerus -43.8394 23.1621 -92.0707
rradius 81.5334 0 0
rwrist 19.374 0 0
rhand -13.0106 -17.4163 0
rfingers 7.12502 0 0
rthumb 13.0511 -766.472 0
466
root 4.2143 16.1902 -7.08261 -11.7302 35.4953 -19.5059
lfemur -28.039 -7.04016 -14.0833
ltibia 50.4298 0 0
lfoot -25.2966 -2.41041 0
ltoes 5.02944 0 0
rfemur -48.5298 6.52165 5.60172
rtibia 61.1483 0 0
rfoot 7.76082 7.73929 0
rtoes -15.8994 0 0
lowerback 6.64037 1.04056 0.719582
upperback 1.11113 1.44516 0.321408
thorax -2.44755 0.740183 -0.166188
lowerneck -7.90874 -3.33474 3.4079
upperneck 7.10707 -4.77986 -0.46815
head 3.77748 -2.28222 -1.16939
lclavicle -1.85142e-14 3.01896e-15 0
lhumerus -46.4187 -28.5423 106.992
lradius 52.6732 0 0
lwrist 7.48783 0 0
lhand -5.40537 -0.397917 0
lfingers 7.12502 0 0
lthumb 20.3479 27.8803 0
rclavicle -1.85142e-14 3.01896e-15 0
rhumerus -43.692 23.7824 -92.1803
rradius 81.9352 0 0
rwrist 19.5615 0 0
rhand -12.5192 -17.3201 0
rfingers 7.12502 0 0
rthumb 13.5247 -766.346 0
467
root 4.25519 16.2009 -7.0332 -12.1932 37.4859 -19.9139
lfemur -27.9537 -7.48524 -14.3941
ltibia 50.2884 0 0
lfoot -25.2789 -2.59896 0
ltoes 5.45559 0 0
rfemur -48.9116 6.53153 5.71539
rtibia 61.5622 0 0
rfoot 7.77811 7.88651 0
rtoes -15.9018 0 0
lowerback 6.61683 0.986908 0.641177
upperback 1.08336 1.37008 0.359542
thorax -2.46682 0.703223 -0.0775435
lowerneck -7.95276 -3.57818 3.20644
upperneck 7.18089 -5.09265 -0.383979
head 3.80241 -2.43728 -1.1261
lclavicle -1.83116e-14 2.86075e-15 0
lhumerus -46.5101 -28.726 107.345
lradius 52.8075 0 0
lwrist 7.36463 0 0
lhand -4.88922 -0.354909 0
lfingers 7.12502 0 0
lthumb 20.8436 27.8706 0
rclavicle -1.83116e-14 2.86075e-15 0
rhumerus -43.544 24.4014 -92.2894
rradius 82.3367 0 0
rwrist 19.7476 0 0
rhand -12.0302 -17.2251 0
rfingers 7.12502 0 0
rthumb 13.9958 -766.222 0
468
root 4.29617 16.2115 -6.98453 -12.6619 39.4705 -20.3277
lfemur -27.8675 -7.92847 -14.7036
ltibia 50.1474 0 0
lfoot -25.2593 -2.78572 0
ltoes 5.8811 0 0
rfemur -49.2923 6.54005 5.82971
rtibia 61.9745 0 0
rfoot 7.79449 8.03256 0
rtoes -15.9035 0 0
lowerback 6.59298 0.933276 0.562908
upperback 1.05571 1.29502 0.397636
thorax -2.48581 0.666273 0.0109745
lowerneck -7.99664 -3.82123 3.00522
upperneck 7.25423 -5.40495 -0.299687
head 3.82718 -2.59209 -1.08276
lclavicle -1.81083e-14 2.70409e-15 0
lhumerus -46.6013 -28.9092 107.697
lradius 52.9417 0 0
lwrist 7.24231 0 0
lhand -4.37394 -0.311468 0
lfingers 7.12502 0 0
lthumb 21.3385 27.8614 0
rclavicle -1.81083e-14 2.70409e-15 0
rhumerus -43.3956 25.0185 -92.3979
rradius 82.7376 0 0
rwrist 19.9324 0 0
rhand -11.5441 -17.1311 0
rfingers 7.12502 0 0
rthumb 14.4642 -766.098 0
469
root 4.33719 16.2221 -6.93659 -13.1364 41.4472 -20.7475
lfemur -27.7804 -8.36947 -15.0116
ltibia 50.0069 0 0
lfoot -25.2378 -2.97062 0
ltoes 6.30549 0 0
rfemur -49.6714 6.54732 5.94447
rtibia 62.3847 0 0
rfoot 7.80999 8.17734 0
rtoes -15.9046 0 0
lowerback 6.5689 0.879725 0.484856
upperback 1.02819 1.22008 0.435651
thorax -2.50451 0.629379 0.0992726
lowerneck -8.04032 -4.06365 2.80444
upperneck 7.32705 -5.71643 -0.215383
head 3.85179 -2.74649 -1.03943
lclavicle -1.79042e-14 2.54911e-15 0
lhumerus -46.6922 -29.0918 108.049
lradius 53.0755 0 0
lwrist 7.12096 0 0
lhand -3.8601 -0.267685 0
lfingers 7.12502 0 0
lthumb 21.8321 27.8528 0
rclavicle -1.79042e-14 2.54911e-15 0
rhumerus -43.2471 25.6334 -92.5057
rradius 83.1374 0 0
rwrist 20.1156 0 0
rhand -11.0611 -17.0384 0
rfingers 7.12502 0 0
rthumb 14.9296 -765.976 0
470
root 4.37818 16.2327 -6.8894 -13.6166 43.4143 -21.1733
lfemur -27.6926 -8.80788 -15.3178
ltibia 49.8671 0 0
lfoot -25.2148 -3.15358 0
ltoes 6.72831 0 0
rfemur -50.0486 6.55345 6.05948
rtibia 62.7925 0 0
rfoot 7.82468 8.32079 0
rtoes -15.9051 0 0
lowerback 6.54464 0.826318 0.407105
upperback 1.00084 1.14534 0.473546
thorax -2.52294 0.592584 0.187257
lowerneck -8.08378 -4.30517 2.60433
upperneck 7.39931 -6.02675 -0.131177
head 3.8762 -2.90032 -0.996176
lclavicle -1.76995e-14 2.39592e-15 0
lhumerus -46.7828 -29.2736 108.399
lradius 53.2089 0 0
lwrist 7.00065 0 0
lhand -3.34821 -0.223648 0
lfingers 7.12502 0 0
lthumb 22.3237 27.8446 0
rclavicle -1.76995e-14 2.39592e-15 0
rhumerus -43.0985 26.2453 -92.6127
rradius 83.5357 0 0
rwrist 20.2971 0 0
rhand -10.5816 -16.9468 0
rfingers 7.12502 0 0
rthumb 15.3917 -765.855 0
471
root 4.4191 16.2432 -6.84292 -14.1027 45.3697 -21.6052
lfemur -27.6043 -9.24331 -15.6219
ltibia 49.7281 0 0
lfoot -25.1904 -3.33454 0
ltoes 7.14908 0 0
rfemur -50.4236 6.55854 6.17454
rtibia 63.1976 0 0
rfoot 7.83861 8.46282 0
rtoes -15.9051 0 0
lowerback 6.52026 0.773118 0.329738
upperback 0.973671 1.0709 0.51128
thorax -2.54109 0.555931 0.274835
lowerneck -8.12697 -4.54555 2.40511
upperneck 7.47096 -6.3356 -0.0471797
head 3.90042 -3.05341 -0.953043
lclavicle -1.74944e-14 2.24463e-15 0
lhumerus -46.8729 -29.4543 108.747
lradius 53.3417 0 0
lwrist 6.88146 0 0
lhand -2.83884 -0.179447 0
lfingers 7.12502 0 0
lthumb 22.8129 27.8369 0
rclavicle -1.74944e-14 2.24463e-15 0
rhumerus -42.9501 26.8537 -92.7187
rradius 83.9322 0 0
rwrist 20.4769 0 0
rhand -10.1058 -16.8564 0
rfingers 7.12502 0 0
rthumb 15.8501 -765.736 0
472
root 4.45989 16.2536 -6.79718 -14.5947 47.3118 -22.0434
lfemur -27.5158 -9.6754 -15.9237
ltibia 49.5901 0 0
lfoot -25.1648 -3.51343 0
ltoes 7.56734 0 0
rfemur -50.7961 6.56271 6.28946
rtibia 63.5994 0 0
rfoot 7.85184 8.60335 0
rtoes -15.9047 0 0
lowerback 6.49582 0.720189 0.252835
upperback 0.946718 0.996843 0.548814
thorax -2.55896 0.519465 0.361913
lowerneck -8.16984 -4.78452 2.207
upperneck 7.54197 -6.64264 0.0364992
head 3.92443 -3.20562 -0.910089
lclavicle -1.72888e-14 2.09537e-15 0
lhumerus -46.9624 -29.6339 109.092
lradius 53.4737 0 0
lwrist 6.76345 0 0
lhand -2.33251 -0.13517 0
lfingers 7.12502 0 0
lthumb 23.2992 27.8296 0
rclavicle -1.72888e-14 2.09537e-15 0
rhumerus -42.802 27.4581 -92.8238
rradius 84.3265 0 0
rwrist 20.6546 0 0
rhand -9.63419 -16.7672 0
rfingers 7.12502 0 0
rthumb 16.3046 -765.618 0
473
root 4.50049 16.264 -6.75214 -15.0926 49.2385 -22.4878
lfemur -27.4272 -10.1038 -16.2229
ltibia 49.4531 0 0
lfoot -25.1382 -3.69018 0
ltoes 7.98263 0 0
rfemur -51.1655 6.56605 6.40403
rtibia 63.9978 0 0
rfoot 7.86442 8.7423 0
rtoes -15.9038 0 0
lowerback 6.47138 0.667595 0.176482
upperback 0.920003 0.923254 0.586107
thorax -2.57657 0.483229 0.448396
lowerneck -8.21237 -5.02183 2.0102
upperneck 7.61229 -6.94756 0.119749
head 3.94821 -3.35676 -0.867369
lclavicle -1.70829e-14 1.94823e-15 0
lhumerus -47.0513 -29.8121 109.436
lradius 53.6049 0 0
lwrist 6.6467 0 0
lhand -1.82976 -0.0909074 0
lfingers 7.12502 0 0
lthumb 23.7821 27.8226 0
rclavicle -1.70829e-14 1.94823e-15 0
rhumerus -42.6544 28.058 -92.9277
rradius 84.7182 0 0
rwrist 20.8303 0 0
rhand -9.16696 -16.6792 0
rfingers 7.12502 0 0
rthumb 16.7548 -765.501 0
474
root 4.54085 16.2742 -6.70782 -15.5965 51.1481 -22.9387
lfemur -27.3387 -10.528 -16.5193
ltibia 49.3174 0 0
lfoot -25.1107 -3.86473 0
ltoes 8.39447 0 0
rfemur -51.5317 6.56869 6.51807
rtibia 64.3922 0 0
rfoot 7.8764 8.87959 0
rtoes -15.9026 0 0
lowerback 6.447 0.615398 0.100758
upperback 0.89355 0.850223 0.623119
thorax -2.59391 0.447268 0.534193
lowerneck -8.25452 -5.25724 1.81495
upperneck 7.68188 -7.25001 0.20246
head 3.97174 -3.50668 -0.824938
lclavicle -1.68768e-14 1.80335e-15 0
lhumerus -47.1394 -29.9889 109.776
lradius 53.7351 0 0
lwrist 6.53128 0 0
lhand -1.33114 -0.0467476 0
lfingers 7.12502 0 0
lthumb 24.261 27.816 0
rclavicle -1.68768e-14 1.80335e-15 0
rhumerus -42.5075 28.6527 -93.0304
rradius 85.107 0 0
rwrist 21.0038 0 0
rhand -8.70446 -16.5923 0
rfingers 7.12502 0 0
rthumb 17.2004 -765.385 0
475
root 4.58091 16.2844 -6.66421 -16.1063 53.0386 -23.3961
lfemur -27.2504 -10.9479 -16.8125
ltibia 49.183 0 0
lfoot -25.0827 -4.03699 0
ltoes 8.80241 0 0
rfemur -51.8943 6.57072 6.63136
rtibia 64.7824 0 0
rfoot 7.88784 9.01513 0
rtoes -15.9011 0 0
lowerback 6.42273 0.563663 0.0257489
upperback 0.867385 0.77784 0.659809
thorax -2.61098 0.411625 0.619209
lowerneck -8.29624 -5.49047 1.62146
upperneck 7.7507 -7.54967 0.284522
head 3.99502 -3.65523 -0.782852
lclavicle -1.66706e-14 1.66084e-15 0
lhumerus -47.2267 -30.1639 110.113
lradius 53.864 0 0
lwrist 6.41727 0 0
lhand -0.837192 -0.00278005 0
lfingers 7.12502 0 0
lthumb 24.7354 27.8097 0
rclavicle -1.66706e-14 1.66084e-15 0
rhumerus -42.3615 29.2417 -93.1318
rradius 85.4924 0 0
rwrist 21.1749 0 0
rhand -8.24703 -16.5066 0
rfingers 7.12502 0 0
rthumb 17.6412 -765.271 0
476
root 4.62061 16.2945 -6.62129 -16.6222 54.9082 -23.86
lfemur -27.1626 -11.3628 -17.1023
ltibia 49.0502 0 0
lfoot -25.0542 -4.20692 0
ltoes 9.20597 0 0
rfemur -52.2528 6.57226 6.74372
rtibia 65.1679 0 0
rfoot 7.89879 9.14885 0
rtoes -15.8993 0 0
lowerback 6.39864 0.512453 -0.0484648
upperback 0.841533 0.706193 0.696137
thorax -2.6278 0.376343 0.703351
lowerneck -8.33749 -5.72128 1.42995
upperneck 7.8187 -7.84622 0.365825
head 4.01802 -3.80222 -0.741166
lclavicle -1.64643e-14 1.52081e-15 0
lhumerus -47.3131 -30.337 110.447
lradius 53.9917 0 0
lwrist 6.30475 0 0
lhand -0.348449 0.0409061 0
lfingers 7.12502 0 0
lthumb 25.2049 27.8036 0
rclavicle -1.64643e-14 1.52081e-15 0
rhumerus -42.2166 29.8245 -93.2318
rradius 85.8741 0 0
rwrist 21.3435 0 0
rhand -7.79496 -16.4221 0
rfingers 7.12502 0 0
rthumb 18.0767 -765.159 0
477
root 4.65991 16.3045 -6.57907 -17.1442 56.7551 -24.3307
lfemur -27.0754 -11.7726 -17.3885
ltibia 48.9191 0 0
lfoot -25.0255 -4.37443 0
ltoes 9.6047 0 0
rfemur -52.607 6.57342 6.85495
rtibia 65.5484 0 0
rfoot 7.90932 9.28066 0
rtoes -15.8975 0 0
lowerback 6.37478 0.46183 -0.1218
upperback 0.816018 0.63537 0.732064
thorax -2.64435 0.341467 0.786526
lowerneck -8.37824 -5.94941 1.24064
upperneck 7.88585 -8.13933 0.446258
head 4.04074 -3.94752 -0.699936
lclavicle -1.62581e-14 1.38337e-15 0
lhumerus -47.3984 -30.5081 110.776
lradius 54.1178 0 0
lwrist 6.19378 0 0
lhand 0.134545 0.0842216 0
lfingers 7.12502 0 0
lthumb 25.6688 27.7978 0
rclavicle -1.62581e-14 1.38337e-15 0
rhumerus -42.073 30.4005 -93.3303
rradius 86.2516 0 0
rwrist 21.5095 0 0
rhand -7.34859 -16.3388 0
rfingers 7.12502 0 0
rthumb 18.5068 -765.048 0
478
root 4.69873 16.3143 -6.53754 -17.6723 58.5774 -24.808
lfemur -26.9891 -12.1767 -17.6708
ltibia 48.7898 0 0
lfoot -24.9968 -4.53947 0
ltoes 9.99812 0 0
rfemur -52.9565 6.57429 6.96484
rtibia 65.9234 0 0
rfoot 7.91947 9.41049 0
rtoes -15.8955 0 0
lowerback 6.35122 0.41186 -0.194174
upperback 0.790867 0.565461 0.767548
thorax -2.66065 0.307041 0.86864
lowerneck -8.41844 -6.17461 1.05375
upperneck 7.95211 -8.42867 0.525711
head 4.06316 -4.09094 -0.659215
lclavicle -1.60521e-14 1.24865e-15 0
lhumerus -47.4825 -30.677 111.102
lradius 54.2424 0 0
lwrist 6.08444 0 0
lhand 0.61125 0.127077 0
lfingers 7.12502 0 0
lthumb 26.1266 27.7921 0
rclavicle -1.60521e-14 1.24865e-15 0
rhumerus -41.9307 30.9692 -93.4272
rradius 86.6247 0 0
rwrist 21.6727 0 0
rhand -6.90824 -16.2567 0
rfingers 7.12502 0 0
rthumb 18.9311 -764.938 0
479
root 4.73704 16.324 -6.49669 -18.2065 60.3732 -25.2923
lfemur -26.9038 -12.5749 -17.9489
ltibia 48.6624 0 0
lfoot -24.9682 -4.70195 0
ltoes 10.3858 0 0
rfemur -53.3009 6.57499 7.07321
rtibia 66.2927 0 0
rfoot 7.9293 9.53824 0
rtoes -15.8935 0 0
lowerback 6.32802 0.362604 -0.265504
upperback 0.766103 0.496552 0.802549
thorax -2.6767 0.273108 0.949599
lowerneck -8.45806 -6.39662 0.869485
upperneck 8.01742 -8.71391 0.604074
head 4.08527 -4.23233 -0.619061
lclavicle -1.58463e-14 1.11676e-15 0
lhumerus -47.5655 -30.8435 111.422
lradius 54.3652 0 0
lwrist 5.9768 0 0
lhand 1.08113 0.169384 0
lfingers 7.12502 0 0
lthumb 26.5779 27.7866 0
rclavicle -1.58463e-14 1.11676e-15 0
rhumerus -41.7901 31.5299 -93.5224
rradius 86.9929 0 0
rwrist 21.8331 0 0
rhand -6.47422 -16.1757 0
rfingers 7.12502 0 0
rthumb 19.3493 -764.83 0
480
root 4.77476 16.3335 -6.45652 -18.747 62.1406 -25.7834
lfemur -26.8197 -12.9668 -18.2226
ltibia 48.5372 0 0
lfoot -24.94 -4.86182 0
ltoes 10.7672 0 0
rfemur -53.64 6.57563 7.17985
rtibia 66.6559 0 0
rfoot 7.93886 9.66385 0
rtoes -15.8915 0 0
lowerback 6.30523 0.314127 -0.335708
upperback 0.741751 0.428734 0.837028
thorax -2.6925 0.239712 1.02931
lowerneck -8.49706 -6.61519 0.688078
upperneck 8.08175 -8.99473 0.681237
head 4.10705 -4.37152 -0.579528
lclavicle -1.56408e-14 9.87806e-16 0
lhumerus -47.6471 -31.0074 111.738
lradius 54.486 0 0
lwrist 5.87094 0 0
lhand 1.54363 0.211052 0
lfingers 7.12502 0 0
lthumb 27.0221 27.7812 0
rclavicle -1.56408e-14 9.87806e-16 0
rhumerus -41.6513 32.0823 -93.6157
rradius 87.3558 0 0
rwrist 21.9904 0 0
rhand -6.04684 -16.096 0
rfingers 7.12502 0 0
rthumb 19.7611 -764.723 0
481
root 4.81186 16.3429 -6.41702 -19.2937 63.8778 -26.2817
lfemur -26.737 -13.3519 -18.4915
ltibia 48.4142 0 0
lfoot -24.9124 -5.019 0
ltoes 11.1419 0 0
rfemur -53.9732 6.57632 7.28457
rtibia 67.0125 0 0
rfoot 7.94822 9.78723 0
rtoes -15.8895 0 0
lowerback 6.28291 0.266491 -0.404703
upperback 0.717838 0.362094 0.870943
thorax -2.70806 0.206897 1.10768
lowerneck -8.5354 -6.83005 0.509743
upperneck 8.14506 -9.2708 0.757091
head 4.12848 -4.50836 -0.540671
lclavicle -1.54359e-14 8.61916e-16 0
lhumerus -47.7273 -31.1686 112.048
lradius 54.6048 0 0
lwrist 5.76694 0 0
lhand 1.99823 0.251993 0
lfingers 7.12502 0 0
lthumb 27.4588 27.7759 0
rclavicle -1.54359e-14 8.61916e-16 0
rhumerus -41.5144 32.6256 -93.7072
rradius 87.7131 0 0
rwrist 22.1445 0 0
rhand -5.62644 -16.0174 0
rfingers 7.12502 0 0
rthumb 20.1662 -764.618 0
482
root 4.84826 16.352 -6.37819 -19.8466 65.5829 -26.787
lfemur -26.6558 -13.7299 -18.7555
ltibia 48.2936 0 0
lfoot -24.8855 -5.17343 0
ltoes 11.5094 0 0
rfemur -54.3004 6.57716 7.38717
rtibia 67.3622 0 0
rfoot 7.95741 9.9083 0
rtoes -15.8877 0 0
lowerback 6.26112 0.219762 -0.472406
upperback 0.694388 0.296721 0.904255
thorax -2.72337 0.174706 1.18462
lowerneck -8.57303 -7.04097 0.334698
upperneck 8.2073 -9.54179 0.831523
head 4.14956 -4.64268 -0.502545
lclavicle -1.52314e-14 7.39201e-16 0
lhumerus -47.806 -31.3268 112.353
lradius 54.7214 0 0
lwrist 5.66485 0 0
lhand 2.44437 0.292118 0
lfingers 7.12502 0 0
lthumb 27.8873 27.7706 0
rclavicle -1.52314e-14 7.39201e-16 0
rhumerus -41.3797 33.1593 -93.7966
rradius 88.0644 0 0
rwrist 22.2953 0 0
rhand -5.21333 -15.94 0
rfingers 7.12502 0 0
rthumb 20.5642 -764.515 0
483
root 4.88392 16.361 -6.34002 -20.4059 67.2541 -27.2995
lfemur -26.5764 -14.1005 -19.0143
ltibia 48.1756 0 0
lfoot -24.8595 -5.32504 0
ltoes 11.8693 0 0
rfemur -54.6211 6.57826 7.48745
rtibia 67.7047 0 0
rfoot 7.96651 10.027 0
rtoes -15.8862 0 0
lowerback 6.23992 0.174001 -0.538736
upperback 0.671425 0.232704 0.936924
thorax -2.73845 0.143185 1.26003
lowerneck -8.60993 -7.24767 0.163164
upperneck 8.26844 -9.80737 0.904425
head 4.17027 -4.77432 -0.465207
lclavicle -1.50276e-14 6.19776e-16 0
lhumerus -47.883 -31.482 112.652
lradius 54.8357 0 0
lwrist 5.56477 0 0
lhand 2.88153 0.331336 0
lfingers 7.12502 0 0
lthumb 28.3071 27.7653 0
rclavicle -1.50276e-14 6.19776e-16 0
rhumerus -41.2474 33.683 -93.884
rradius 88.4093 0 0
rwrist 22.4427 0 0
rhand -4.80782 -15.8639 0
rfingers 7.12502 0 0
rthumb 20.9549 -764.414 0
484
root 4.91877 16.3698 -6.30251 -20.9715 68.8895 -27.8194
lfemur -26.499 -14.4633 -19.2675
ltibia 48.0602 0 0
lfoot -24.8347 -5.47376 0
ltoes 12.2211 0 0
rfemur -54.935 6.57973 7.58521
rtibia 68.0395 0 0
rfoot 7.97556 10.1432 0
rtoes -15.8848 0 0
lowerback 6.21938 0.129272 -0.603609
upperback 0.648975 0.17013 0.968908
thorax -2.75328 0.112375 1.33381
lowerneck -8.64605 -7.44991 -0.00464341
upperneck 8.32842 -10.0672 0.975686
head 4.19059 -4.90311 -0.428711
lclavicle -1.48246e-14 5.03757e-16 0
lhumerus -47.9584 -31.6338 112.944
lradius 54.9474 0 0
lwrist 5.46676 0 0
lhand 3.30915 0.36956 0
lfingers 7.12502 0 0
lthumb 28.7179 27.76 0
rclavicle -1.48246e-14 5.03757e-16 0
rhumerus -41.1175 34.196 -93.9691
rradius 88.7475 0 0
rwrist 22.5865 0 0
rhand -4.41024 -15.7889 0
rfingers 7.12502 0 0
rthumb 21.338 -764.314 0
485
root 4.95277 16.3784 -6.26565 -21.5436 70.4872 -28.3466
lfemur -26.4236 -14.8178 -19.515
ltibia 47.9477 0 0
lfoot -24.8111 -5.61951 0
ltoes 12.5644 0 0
rfemur -55.2417 6.58167 7.68026
rtibia 68.3663 0 0
rfoot 7.98461 10.2568 0
rtoes -15.8838 0 0
lowerback 6.19954 0.0856388 -0.666942
upperback 0.627064 0.109089 1.00017
thorax -2.76789 0.0823223 1.40588
lowerneck -8.68135 -7.64743 -0.168504
upperneck 8.38722 -10.321 1.0452
head 4.21051 -5.0289 -0.393112
lclavicle -1.46223e-14 3.91258e-16 0
lhumerus -48.032 -31.7823 113.229
lradius 55.0565 0 0
lwrist 5.3709 0 0
lhand 3.7267 0.406699 0
lfingers 7.12502 0 0
lthumb 29.1189 27.7546 0
rclavicle -1.46223e-14 3.91258e-16 0
rhumerus -40.9904 34.6978 -94.0519
rradius 89.0784 0 0
rwrist 22.7266 0 0
rhand -4.02091 -15.7152 0
rfingers 7.12502 0 0
rthumb 21.7131 -764.215 0
486
root 4.98586 16.3868 -6.22944 -22.1221 72.0454 -28.8814
lfemur -26.3506 -15.1638 -19.7565
ltibia 47.8382 0 0
lfoot -24.7892 -5.76224 0
ltoes 12.8986 0 0
rfemur -55.5409 6.58421 7.7724
rtibia 68.6847 0 0
rfoot 7.99373 10.3678 0
rtoes -15.8832 0 0
lowerback 6.18047 0.0431649 -0.728654
upperback 0.605715 0.0496693 1.03066
thorax -2.78226 0.0530692 1.47615
lowerneck -8.71579 -7.83998 -0.328199
upperneck 8.44478 -10.5684 1.11285
head 4.23002 -5.15153 -0.358466
lclavicle -1.4421e-14 2.82397e-16 0
lhumerus -48.1036 -31.927 113.508
lradius 55.1628 0 0
lwrist 5.27725 0 0
lhand 4.13363 0.442665 0
lfingers 7.12502 0 0
lthumb 29.5097 27.7491 0
rclavicle -1.4421e-14 2.82397e-16 0
rhumerus -40.8662 35.1878 -94.1323
rradius 89.4018 0 0
rwrist 22.8628 0 0
rhand -3.64014 -15.6426 0
rfingers 7.12502 0 0
rthumb 22.0799 -764.119 0
487
root 5.01797 16.3949 -6.19386 -22.707 73.5622 -29.4237
lfemur -26.2801 -15.5008 -19.9917
ltibia 47.7317 0 0
lfoot -24.7689 -5.90188 0
ltoes 13.2233 0 0
rfemur -55.8322 6.58743 7.86144
rtibia 68.9943 0 0
rfoot 8.00297 10.4761 0
rtoes -15.883 0 0
lowerback 6.16223 0.00191359 -0.788662
upperback 0.584954 -0.0080412 1.06036
thorax -2.79641 0.0246599 1.54451
lowerneck -8.74933 -8.02729 -0.483511
upperneck 8.50107 -10.8091 1.17852
head 4.24909 -5.27082 -0.324828
lclavicle -1.42207e-14 1.77288e-16 0
lhumerus -48.1733 -32.068 113.778
lradius 55.2662 0 0
lwrist 5.1859 0 0
lhand 4.52942 0.477369 0
lfingers 7.12502 0 0
lthumb 29.8899 27.7435 0
rclavicle -1.42207e-14 1.77288e-16 0
rhumerus -40.745 35.6655 -94.2101
rradius 89.7173 0 0
rwrist 22.9951 0 0
rhand -3.26826 -15.5713 0
rfingers 7.12502 0 0
rthumb 22.4382 -764.024 0
488
root 5.04906 16.4028 -6.15892 -23.2985 75.0357 -29.9737
lfemur -26.2123 -15.8285 -20.2203
ltibia 47.6286 0 0
lfoot -24.7505 -6.03835 0
ltoes 13.5381 0 0
rfemur -56.1153 6.59146 7.94717
rtibia 69.2947 0 0
rfoot 8.01238 10.5816 0
rtoes -15.8834 0 0
lowerback 6.14488 -0.0380516 -0.846882
upperback 0.564806 -0.0639537 1.0892
thorax -2.81033 -0.00286172 1.61087
lowerneck -8.78194 -8.20912 -0.63422
upperneck 8.55604 -11.0427 1.24212
head 4.26773 -5.38661 -0.292253
lclavicle -1.40216e-14 7.60467e-17 0
lhumerus -48.2408 -32.2051 114.042
lradius 55.3665 0 0
lwrist 5.09692 0 0
lhand 4.91351 0.510721 0
lfingers 7.12502 0 0
lthumb 30.2588 27.7377 0
rclavicle -1.40216e-14 7.60467e-17 0
rhumerus -40.6271 36.1303 -94.2854
rradius 90.0245 0 0
rwrist 23.1232 0 0
rhand -2.90558 -15.5011 0
rfingers 7.12502 0 0
rthumb 22.7877 -763.932 0
489
root 5.07908 16.4105 -6.12461 -23.8966 76.4641 -30.5314
lfemur -26.1474 -16.1464 -20.4421
ltibia 47.5288 0 0
lfoot -24.7343 -6.17159 0
ltoes 13.8424 0 0
rfemur -56.3899 6.5964 8.02939
rtibia 69.5857 0 0
rfoot 8.02202 10.6843 0
rtoes -15.8843 0 0
lowerback 6.12848 -0.0766674 -0.903233
upperback 0.545297 -0.11798 1.11716
thorax -2.82403 -0.0294519 1.67515
lowerneck -8.81357 -8.38521 -0.780108
upperneck 8.60965 -11.269 1.30352
head 4.2859 -5.49875 -0.260797
lclavicle -1.38236e-14 -2.12116e-17 0
lhumerus -48.3062 -32.3379 114.296
lradius 55.4635 0 0
lwrist 5.01038 0 0
lhand 5.28536 0.542631 0
lfingers 7.12502 0 0
lthumb 30.6159 27.7316 0
rclavicle -1.38236e-14 -2.12116e-17 0
rhumerus -40.5126 36.5817 -94.358
rradius 90.323 0 0
rwrist 23.2471 0 0
rhand -2.55242 -15.4322 0
rfingers 7.12502 0 0
rthumb 23.1279 -763.841 0
490
root 5.10795 16.4178 -6.09092 -24.5012 77.8454 -31.097
lfemur -26.0855 -16.4543 -20.6569
ltibia 47.4326 0 0
lfoot -24.7203 -6.30152 0
ltoes 14.1358 0 0
rfemur -56.6555 6.60235 8.10791
rtibia 69.8668 0 0
rfoot 8.03194 10.7839 0
rtoes -15.8858 0 0
lowerback 6.11308 -0.11387 -0.957632
upperback 0.52645 -0.170031 1.1442
thorax -2.83752 -0.0550667 1.73725
lowerneck -8.84419 -8.55531 -0.920957
upperneck 8.66186 -11.4876 1.36263
head 4.30361 -5.60708 -0.230515
lclavicle -1.36269e-14 -1.14371e-16 0
lhumerus -48.3693 -32.4665 114.543
lradius 55.5572 0 0
lwrist 4.92636 0 0
lhand 5.64444 0.573012 0
lfingers 7.12502 0 0
lthumb 30.9608 27.7253 0
rclavicle -1.36269e-14 -1.14371e-16 0
rhumerus -40.4017 37.0191 -94.4277
rradius 90.6125 0 0
rwrist 23.3666 0 0
rhand -2.2091 -15.3645 0
rfingers 7.12502 0 0
rthumb 23.4587 -763.751 0
491
root 5.13563 16.4249 -6.05785 -25.1125 79.178 -31.6705
lfemur -26.0268 -16.7517 -20.8643
ltibia 47.3402 0 0
lfoot -24.7089 -6.42809 0
ltoes 14.4178 0 0
rfemur -56.9118 6.60943 8.18254
rtibia 70.1376 0 0
rfoot 8.0422 10.8806 0
rtoes -15.8879 0 0
lowerback 6.09874 -0.149597 -1.01
upperback 0.508291 -0.220018 1.17027
thorax -2.85079 -0.0796624 1.79707
lowerneck -8.87375 -8.71915 -1.05655
upperneck 8.71263 -11.6981 1.41932
head 4.32083 -5.71142 -0.201462
lclavicle -1.34317e-14 -2.03317e-16 0
lhumerus -48.43 -32.5905 114.78
lradius 55.6473 0 0
lwrist 4.84492 0 0
lhand 5.99021 0.601773 0
lfingers 7.12502 0 0
lthumb 31.2929 27.7188 0
rclavicle -1.34317e-14 -2.03317e-16 0
rhumerus -40.2946 37.442 -94.4945
rradius 90.8925 0 0
rwrist 23.4816 0 0
rhand -1.87594 -15.298 0
rfingers 7.12502 0 0
rthumb 23.7797 -763.664 0
492
root 5.16207 16.4317 -6.02539 -25.7304 80.4598 -32.252
lfemur -25.9716 -17.0383 -21.064
ltibia 47.2515 0 0
lfoot -24.7001 -6.55122 0
ltoes 14.6881 0 0
rfemur -57.1585 6.61775 8.25307
rtibia 70.3977 0 0
rfoot 8.05285 10.9741 0
rtoes -15.8909 0 0
lowerback 6.08553 -0.183783 -1.06024
upperback 0.490846 -0.267853 1.19533
thorax -2.86384 -0.103195 1.85452
lowerneck -8.90222 -8.87649 -1.18666
upperneck 8.76191 -11.9003 1.47349
head 4.33755 -5.81162 -0.173694
lclavicle -1.32379e-14 -2.87933e-16 0
lhumerus -48.4883 -32.7099 115.009
lradius 55.7337 0 0
lwrist 4.76615 0 0
lhand 6.32211 0.628826 0
lfingers 7.12502 0 0
lthumb 31.6116 27.7118 0
rclavicle -1.32379e-14 -2.87933e-16 0
rhumerus -40.1915 37.8498 -94.5583
rradius 91.1627 0 0
rwrist 23.592 0 0
rhand -1.55326 -15.2327 0
rfingers 7.12502 0 0
rthumb 24.0906 -763.579 0
493
root 5.1872 16.4382 -5.99354 -26.3551 81.689 -32.8417
lfemur -25.92 -17.3137 -21.2559
ltibia 47.1669 0 0
lfoot -24.6942 -6.67085 0
ltoes 14.946 0 0
rfemur -57.3952 6.62741 8.31931
rtibia 70.6469 0 0
rfoot 8.06395 11.0644 0
rtoes -15.8946 0 0
lowerback 6.0735 -0.216367 -1.10829
upperback 0.474138 -0.313448 1.21935
thorax -2.87669 -0.125621 1.90951
lowerneck -8.92956 -9.02707 -1.31108
upperneck 8.80967 -12.0938 1.52502
head 4.35375 -5.90752 -0.147265
lclavicle -1.30458e-14 -3.68104e-16 0
lhumerus -48.5439 -32.8244 115.228
lradius 55.8164 0 0
lwrist 4.69012 0 0
lhand 6.63963 0.654081 0
lfingers 7.12502 0 0
lthumb 31.9166 27.7046 0
rclavicle -1.30458e-14 -3.68104e-16 0
rhumerus -40.0925 38.2419 -94.6191
rradius 91.4226 0 0
rwrist 23.6975 0 0
rhand -1.24138 -15.1687 0
rfingers 7.12502 0 0
rthumb 24.391 -763.496 0
494
root 5.21097 16.4444 -5.9623 -26.9866 82.8637 -33.4396
lfemur -25.8722 -17.5775 -21.4397
ltibia 47.0863 0 0
lfoot -24.6914 -6.7869 0
ltoes 15.1912 0 0
rfemur -57.6216 6.63851 8.38106
rtibia 70.8846 0 0
rfoot 8.07555 11.1514 0
rtoes -15.8992 0 0
lowerback 6.06272 -0.247283 -1.15406
upperback 0.458194 -0.356714 1.24228
thorax -2.88933 -0.146897 1.96194
lowerneck -8.95573 -9.17063 -1.42959
upperneck 8.85586 -12.2783 1.57381
head 4.36943 -5.99895 -0.122232
lclavicle -1.28553e-14 -4.43714e-16 0
lhumerus -48.597 -32.9339 115.436
lradius 55.895 0 0
lwrist 4.6169 0 0
lhand 6.9422 0.677449 0
lfingers 7.12502 0 0
lthumb 32.2072 27.6969 0
rclavicle -1.28553e-14 -4.43714e-16 0
rhumerus -39.9979 38.6179 -94.6765
rradius 91.672 0 0
rwrist 23.7981 0 0
rhand -0.940615 -15.1059 0
rfingers 7.12502 0 0
rthumb 24.6808 -763.414 0
495
root 5.23333 16.4503 -5.93164 -27.6248 83.9822 -34.0457
lfemur -25.8284 -17.8294 -21.6151
ltibia 47.0101 0 0
lfoot -24.6919 -6.89931 0
ltoes 15.4231 0 0
rfemur -57.8373 6.65118 8.43812
rtibia 71.1106 0 0
rfoot 8.0877 11.235 0
rtoes -15.9047 0 0
lowerback 6.05324 -0.27647 -1.19746
upperback 0.443038 -0.397562 1.26408
thorax -2.90177 -0.166978 2.01172
lowerneck -8.98068 -9.30692 -1.54196
upperneck 8.90044 -12.4535 1.61976
head 4.38456 -6.08575 -0.0986482
lclavicle -1.26666e-14 -5.14648e-16 0
lhumerus -48.6472 -33.0382 115.635
lradius 55.9695 0 0
lwrist 4.54656 0 0
lhand 7.2293 0.698841 0
lfingers 7.12502 0 0
lthumb 32.4829 27.6888 0
rclavicle -1.26666e-14 -5.14648e-16 0
rhumerus -39.9078 38.9771 -94.7307
rradius 91.9104 0 0
rwrist 23.8936 0 0
rhand -0.651285 -15.0443 0
rfingers 7.12502 0 0
rthumb 24.9595 -763.335 0
496
root 5.25421 16.4558 -5.90158 -28.2699 85.0424 -34.6603
lfemur -25.7887 -18.0689 -21.7818
ltibia 46.9383 0 0
lfoot -24.6958 -7.00801 0
ltoes 15.6414 0 0
rfemur -58.0419 6.6655 8.4903
rtibia 71.3244 0 0
rfoot 8.10047 11.3152 0
rtoes -15.9112 0 0
lowerback 6.04512 -0.303862 -1.23841
upperback 0.428695 -0.435905 1.28471
thorax -2.91401 -0.185821 2.05876
lowerneck -9.00439 -9.43568 -1.64798
upperneck 8.94337 -12.619 1.66273
head 4.39913 -6.16776 -0.0765704
lclavicle -1.24797e-14 -5.80791e-16 0
lhumerus -48.6946 -33.1371 115.823
lradius 56.0398 0 0
lwrist 4.47918 0 0
lhand 7.50038 0.718168 0
lfingers 7.12502 0 0
lthumb 32.7432 27.6802 0
rclavicle -1.24797e-14 -5.80791e-16 0
rhumerus -39.8224 39.319 -94.7815
rradius 92.1375 0 0
rwrist 23.9839 0 0
rhand -0.37371 -14.9839 0
rfingers 7.12502 0 0
rthumb 25.2269 -763.258 0
497
root 5.27357 16.461 -5.87211 -28.9218 86.0427 -35.2833
lfemur -25.7535 -18.2957 -21.9395
ltibia 46.8711 0 0
lfoot -24.7034 -7.11292 0
ltoes 15.8455 0 0
rfemur -58.2352 6.68161 8.53739
rtibia 71.5258 0 0
rfoot 8.1139 11.3919 0
rtoes -15.9188 0 0
lowerback 6.03842 -0.329398 -1.27683
upperback 0.41519 -0.471652 1.30414
thorax -2.92606 -0.203382 2.10297
lowerneck -9.0268 -9.55667 -1.74744
upperneck 8.9846 -12.7745 1.70264
head 4.41313 -6.24481 -0.0560535
lclavicle -1.22949e-14 -6.42027e-16 0
lhumerus -48.739 -33.2305 116
lradius 56.1057 0 0
lwrist 4.41483 0 0
lhand 7.75491 0.73534 0
lfingers 7.12502 0 0
lthumb 32.9877 27.6711 0
rclavicle -1.22949e-14 -6.42027e-16 0
rhumerus -39.7419 39.6431 -94.8287
rradius 92.3528 0 0
rwrist 24.0689 0 0
rhand -0.108208 -14.9248 0
rfingers 7.12502 0 0
rthumb 25.4827 -763.183 0
498
root 5.29134 16.4658 -5.84321 -29.5807 86.981 -35.9149
lfemur -25.7227 -18.5095 -22.0881
ltibia 46.8085 0 0
lfoot -24.7149 -7.214 0
ltoes 16.035 0 0
rfemur -58.4167 6.69959 8.5792
rtibia 71.7142 0 0
rfoot 8.12806 11.465 0
rtoes -15.9274 0 0
lowerback 6.0332 -0.353014 -1.31264
upperback 0.402549 -0.504717 1.32232
thorax -2.93791 -0.219617 2.14424
lowerneck -9.04789 -9.66962 -1.8401
upperneck 9.02409 -12.9197 1.73936
head 4.42655 -6.31675 -0.0371527
lclavicle -1.21121e-14 -6.98241e-16 0
lhumerus -48.7804 -33.3181 116.166
lradius 56.167 0 0
lwrist 4.35359 0 0
lhand 7.99233 0.750268 0
lfingers 7.12502 0 0
lthumb 33.2157 27.6614 0
rclavicle -1.21121e-14 -6.98241e-16 0
rhumerus -39.6665 39.9487 -94.8724
rradius 92.556 0 0
rwrist 24.1484 0 0
rhand 0.144901 -14.8669 0
rfingers 7.12502 0 0
rthumb 25.7265 -763.11 0
499
root 5.30748 16.4702 -5.81489 -30.2466 87.8555 -36.5552
lfemur -25.6967 -18.7098 -22.2272
ltibia 46.7509 0 0
lfoot -24.7304 -7.31115 0
ltoes 16.2094 0 0
rfemur -58.5861 6.71957 8.61554
rtibia 71.8894 0 0
rfoot 8.14299 11.5344 0
rtoes -15.9373 0 0
lowerback 6.02951 -0.374645 -1.34575
upperback 0.390796 -0.53501 1.33922
thorax -2.94957 -0.234482 2.18249
lowerneck -9.06761 -9.77427 -1.92576
upperneck 9.06181 -13.0542 1.77279
head 4.43936 -6.3834 -0.0199234
lclavicle -1.19315e-14 -7.49317e-16 0
lhumerus -48.8187 -33.3998 116.32
lradius 56.2236 0 0
lwrist 4.29554 0 0
lhand 8.21211 0.762864 0
lfingers 7.12502 0 0
lthumb 33.4267 27.6512 0
rclavicle -1.19315e-14 -7.49317e-16 0
rhumerus -39.5963 40.2354 -94.9123
rradius 92.7468 0 0
rwrist 24.2223 0 0
rhand 0.385298 -14.8102 0
rfingers 7.12502 0 0
rthumb 25.9581 -763.039 0
500
root 5.32192 16.4743 -5.78714 -30.9194 88.6644 -37.2042
lfemur -25.6756 -18.8963 -22.3566
ltibia 46.6982 0 0
lfoot -24.7501 -7.40432 0
ltoes 16.3682 0 0
rfemur -58.7431 6.74164 8.6462
rtibia 72.051 0 0
rfoot 8.15875 11.6 0
rtoes -15.9483 0 0
lowerback 6.02743 -0.394229 -1.37609
upperback 0.379956 -0.562443 1.35478
thorax -2.96104 -0.247934 2.21763
lowerneck -9.08592 -9.87038 -2.00419
upperneck 9.09771 -13.1778 1.80281
head 4.45156 -6.44462 -0.00442069
lclavicle -1.17531e-14 -7.95139e-16 0
lhumerus -48.8537 -33.4755 116.462
lradius 56.2753 0 0
lwrist 4.24073 0 0
lhand 8.41372 0.773037 0
lfingers 7.12502 0 0
lthumb 33.6203 27.6403 0
rclavicle -1.17531e-14 -7.95139e-16 0
rhumerus -39.5315 40.5026 -94.9484
rradius 92.9246 0 0
rwrist 24.2905 0 0
rhand 0.612665 -14.7548 0
rfingers 7.12502 0 0
rthumb 26.1771 -762.97 0
501
root 5.38262 16.4675 -5.72667 -99.7233 89.0547 -105.786
lfemur -25.4084 -18.9092 -22.2939
ltibia 47.1687 0 0
lfoot -25.0138 -7.62975 0
ltoes 15.6556 0 0
rfemur -58.9857 6.9689 8.24345
rtibia 70.7219 0 0
rfoot 7.93546 11.25 0
rtoes -16.1388 0 0
lowerback 6.38393 -0.348886 -1.35466
upperback 0.470518 -0.496259 1.48019
thorax -3.06954 -0.212637 2.33295
lowerneck -9.11718 -10.0906 -2.17916
upperneck 9.44633 -13.4651 1.86556
head 4.58559 -6.5815 0.00490397
lclavicle 1.88845e-15 2.98177e-15 0
lhumerus -48.7579 -33.7526 116.751
lradius 56.3329 0 0
lwrist 4.41023 0 0
lhand 8.51103 0.72498 0
lfingers 7.12502 0 0
lthumb 33.7128 27.572 0
rclavicle 1.88845e-15 2.98177e-15 0
rhumerus -37.7269 42.5791 -93.568
rradius 95.5372 0 0
rwrist 22.1843 0 0
rhand 2.17309 -14.0028 0
rfingers 7.12502 0 0
rthumb 27.6701 -761.988 0
502
root 5.44209 16.4594 -5.66718 -141.464 88.1169 -147.305
lfemur -25.1723 -18.814 -22.2697
ltibia 47.7119 0 0
lfoot -25.2252 -7.69817 0
ltoes 14.8111 0 0
rfemur -59.1278 7.11862 7.85168
rtibia 69.3756 0 0
rfoot 7.95175 10.7468 0
rtoes -16.2542 0 0
lowerback 6.74902 -0.293557 -1.3065
upperback 0.572519 -0.413335 1.61501
thorax -3.17212 -0.169161 2.44105
lowerneck -9.13175 -10.3295 -2.36748
upperneck 9.78536 -13.7767 1.93609
head 4.71683 -6.73031 0.0168942
lclavicle -3.97569e-16 -7.95139e-15 0
lhumerus -48.6365 -34.0293 117.02
lradius 56.3903 0 0
lwrist 4.62031 0 0
lhand 8.55565 0.67326 0
lfingers 7.12502 0 0
lthumb 33.7552 27.511 0
rclavicle -3.97569e-16 -7.95139e-15 0
rhumerus -35.6426 44.3886 -91.8271
rradius 98.1819 0 0
rwrist 19.4469 0 0
rhand 3.7269 -13.2975 0
rfingers 7.12502 0 0
rthumb 29.1549 -761.034 0
503
root 5.44698 16.4589 -5.65377 -141.342 88.1068 -147.179
lfemur -25.1253 -18.6465 -22.2503
ltibia 47.699 0 0
lfoot -25.2636 -7.58166 0
ltoes 14.7219 0 0
rfemur -59.0466 7.01335 7.89509
rtibia 69.2821 0 0
rfoot 7.95008 10.7335 0
rtoes -16.2901 0 0
lowerback 6.73767 -0.298759 -1.33155
upperback 0.58113 -0.421126 1.61839
thorax -3.15554 -0.17346 2.45888
lowerneck -9.11057 -10.3463 -2.3767
upperneck 9.80383 -13.8028 1.96319
head 4.72303 -6.74152 0.024587
lclavicle -4.26256e-16 -7.94555e-15 0
lhumerus -48.497 -33.992 116.838
lradius 56.373 0 0
lwrist 4.73687 0 0
lhand 8.39579 0.655 0
lfingers 7.12502 0 0
lthumb 33.6017 27.5101 0
rclavicle -4.26256e-16 -7.94555e-15 0
rhumerus -35.2853 44.238 -91.7103
rradius 98.3992 0 0
rwrist 19.0631 0 0
rhand 3.56139 -13.3299 0
rfingers 7.12502 0 0
rthumb 28.9955 -761.078 0
504
root 5.45215 16.4584 -5.63954 -141.191 88.0966 -147.024
lfemur -25.0755 -18.4686 -22.2298
ltibia 47.685 0 0
lfoot -25.3043 -7.45777 0
ltoes 14.6276 0 0
rfemur -58.9603 6.90132 7.94141
rtibia 69.1837 0 0
rfoot 7.94842 10.7196 0
rtoes -16.328 0 0
lowerback 6.72541 -0.304315 -1.35817
upperback 0.590234 -0.429447 1.62191
thorax -3.13786 -0.178051 2.47776
lowerneck -9.08804 -10.3641 -2.38639
upperneck 9.82325 -13.8304 1.99194
head 4.72953 -6.75335 0.0327555
lclavicle -4.53273e-16 -7.93255e-15 0
lhumerus -48.3487 -33.9521 116.645
lradius 56.3546 0 0
lwrist 4.86065 0 0
lhand 8.22579 0.63562 0
lfingers 7.12502 0 0
lthumb 33.4386 27.5091 0
rclavicle -4.53273e-16 -7.93255e-15 0
rhumerus -34.9066 44.0769 -91.5872
rradius 98.6286 0 0
rwrist 18.6567 0 0
rhand 3.38457 -13.3648 0
rfingers 7.12502 0 0
rthumb 28.8253 -761.125 0
505
root 5.4576 16.4579 -5.62452 -141.012 88.0865 -146.841
lfemur -25.0229 -18.2807 -22.208
ltibia 47.6698 0 0
lfoot -25.3472 -7.32667 0
ltoes 14.5284 0 0
rfemur -58.869 6.78266 7.99059
rtibia 69.0804 0 0
rfoot 7.94675 10.7051 0
rtoes -16.3678 0 0
lowerback 6.71227 -0.310216 -1.38634
upperback 0.599818 -0.438288 1.62558
thorax -3.1191 -0.182927 2.49768
lowerneck -9.06419 -10.3828 -2.39655
upperneck 9.84359 -13.8594 2.02232
head 4.73633 -6.7658 0.0413889
lclavicle -4.78681e-16 -7.91254e-15 0
lhumerus -48.1921 -33.9097 116.44
lradius 56.3351 0 0
lwrist 4.99149 0 0
lhand 8.04588 0.615147 0
lfingers 7.12502 0 0
lthumb 33.2658 27.5081 0
rclavicle -4.78681e-16 -7.91254e-15 0
rhumerus -34.507 43.9055 -91.4578
rradius 98.87 0 0
rwrist 18.2283 0 0
rhand 3.1967 -13.4021 0
rfingers 7.12502 0 0
rthumb 28.6444 -761.176 0
506
root 5.46331 16.4573 -5.60873 -140.805 88.0763 -146.629
lfemur -24.9676 -18.0829 -22.1851
ltibia 47.6536 0 0
lfoot -25.3923 -7.18853 0
ltoes 14.4242 0 0
rfemur -58.7727 6.65755 8.04255
rtibia 68.9725 0 0
rfoot 7.94508 10.69 0
rtoes -16.4097 0 0
lowerback 6.69826 -0.316456 -1.41602
upperback 0.609872 -0.447635 1.62939
thorax -3.0993 -0.188081 2.51862
lowerneck -9.03906 -10.4024 -2.40716
upperneck 9.86483 -13.8898 2.05427
head 4.74343 -6.77884 0.0504763
lclavicle -5.02542e-16 -7.88567e-15 0
lhumerus -48.0271 -33.8648 116.224
lradius 56.3145 0 0
lwrist 5.12922 0 0
lhand 7.85629 0.593605 0
lfingers 7.12502 0 0
lthumb 33.0838 27.5071 0
rclavicle -5.02542e-16 -7.88567e-15 0
rhumerus -34.0871 43.7241 -91.3224
rradius 99.123 0 0
rwrist 17.7784 0 0
rhand 2.99802 -13.4416 0
rfingers 7.12502 0 0
rthumb 28.4532 -761.229 0
507
root 5.46928 16.4567 -5.59218 -140.571 88.0661 -146.391
lfemur -24.9097 -17.8755 -22.161
ltibia 47.6363 0 0
lfoot -25.4396 -7.0435 0
ltoes 14.3153 0 0
rfemur -58.6716 6.52612 8.09723
rtibia 68.8599 0 0
rfoot 7.94341 10.6743 0
rtoes -16.4534 0 0
lowerback 6.68341 -0.323026 -1.44717
upperback 0.620384 -0.457477 1.63335
thorax -3.07847 -0.193508 2.54055
lowerneck -9.01267 -10.4228 -2.41821
upperneck 9.88694 -13.9216 2.08777
head 4.75081 -6.79246 0.060007
lclavicle -5.24915e-16 -7.8521e-15 0
lhumerus -47.854 -33.8176 115.997
lradius 56.2928 0 0
lwrist 5.27369 0 0
lhand 7.65725 0.57102 0
lfingers 7.12502 0 0
lthumb 32.8928 27.5061 0
rclavicle -5.24915e-16 -7.8521e-15 0
rhumerus -33.6472 43.5328 -91.181
rradius 99.3873 0 0
rwrist 17.3075 0 0
rhand 2.78879 -13.4835 0
rfingers 7.12502 0 0
rthumb 28.2517 -761.286 0
508
root 5.4755 16.4561 -5.57489 -140.31 88.0558 -146.126
lfemur -24.8491 -17.6587 -22.1359
ltibia 47.618 0 0
lfoot -25.4889 -6.89177 0
ltoes 14.2018 0 0
rfemur -58.5659 6.38854 8.15457
rtibia 68.7428 0 0
rfoot 7.94173 10.6581 0
rtoes -16.499 0 0
lowerback 6.66772 -0.329918 -1.47976
upperback 0.631343 -0.467803 1.63743
thorax -3.05663 -0.1992 2.56343
lowerneck -8.98505 -10.4441 -2.4297
upperneck 9.90992 -13.9548 2.12278
head 4.75846 -6.80666 0.0699702
lclavicle -5.45862e-16 -7.81198e-15 0
lhumerus -47.6731 -33.768 115.76
lradius 56.2701 0 0
lwrist 5.42473 0 0
lhand 7.44899 0.547418 0
lfingers 7.12502 0 0
lthumb 32.6929 27.5051 0
rclavicle -5.45862e-16 -7.81198e-15 0
rhumerus -33.188 43.3319 -91.0339
rradius 99.6627 0 0
rwrist 16.8161 0 0
rhand 2.56926 -13.5275 0
rfingers 7.12502 0 0
rthumb 28.0404 -761.346 0
509
root 5.48198 16.4555 -5.55689 -140.023 88.0456 -145.834
lfemur -24.7861 -17.4327 -22.1097
ltibia 47.5987 0 0
lfoot -25.5403 -6.7335 0
ltoes 14.0838 0 0
rfemur -58.4555 6.24497 8.2145
rtibia 68.6213 0 0
rfoot 7.94005 10.6412 0
rtoes -16.5464 0 0
lowerback 6.65124 -0.337125 -1.51375
upperback 0.642737 -0.4786 1.64165
thorax -3.03382 -0.205152 2.58726
lowerneck -8.95624 -10.4662 -2.4416
upperneck 9.93373 -13.9892 2.15925
head 4.76639 -6.82141 0.080355
lclavicle -5.65444e-16 -7.76545e-15 0
lhumerus -47.4844 -33.7161 115.512
lradius 56.2464 0 0
lwrist 5.58217 0 0
lhand 7.23174 0.522823 0
lfingers 7.12502 0 0
lthumb 32.4843 27.504 0
rclavicle -5.65444e-16 -7.76545e-15 0
rhumerus -32.7098 43.1217 -90.8811
rradius 99.9489 0 0
rwrist 16.3047 0 0
rhand 2.3397 -13.5737 0
rfingers 7.12502 0 0
rthumb 27.8194 -761.409 0
510
root 5.48869 16.4548 -5.53818 -139.711 88.0354 -145.517
lfemur -24.7206 -17.1978 -22.0824
ltibia 47.5784 0 0
lfoot -25.5937 -6.56885 0
ltoes 13.9613 0 0
rfemur -58.3407 6.09554 8.27695
rtibia 68.4955 0 0
rfoot 7.93836 10.6239 0
rtoes -16.5956 0 0
lowerback 6.63396 -0.344638 -1.54911
upperback 0.654554 -0.489856 1.64599
thorax -3.01006 -0.211356 2.61201
lowerneck -8.92626 -10.4891 -2.45391
upperneck 9.95836 -14.0249 2.19716
head 4.77458 -6.83669 0.0911508
lclavicle -5.8372e-16 -7.71268e-15 0
lhumerus -47.2883 -33.662 115.255
lradius 56.2217 0 0
lwrist 5.74584 0 0
lhand 7.00573 0.497263 0
lfingers 7.12502 0 0
lthumb 32.2673 27.503 0
rclavicle -5.8372e-16 -7.71268e-15 0
rhumerus -32.2133 42.9024 -90.7229
rradius 100.246 0 0
rwrist 15.7738 0 0
rhand 2.10035 -13.622 0
rfingers 7.12502 0 0
rthumb 27.589 -761.474 0
511
root 5.49563 16.4541 -5.5188 -139.374 88.0251 -145.176
lfemur -24.6527 -16.9542 -22.0541
ltibia 47.5571 0 0
lfoot -25.6491 -6.398 0
ltoes 13.8346 0 0
rfemur -58.2216 5.94043 8.34186
rtibia 68.3656 0 0
rfoot 7.93666 10.606 0
rtoes -16.6465 0 0
lowerback 6.61591 -0.35245 -1.5858
upperback 0.666784 -0.501561 1.65045
thorax -2.98537 -0.217806 2.63764
lowerneck -8.89515 -10.5128 -2.46662
upperneck 9.98378 -14.0619 2.23646
head 4.78303 -6.8525 0.102347
lclavicle -6.00752e-16 -7.65381e-15 0
lhumerus -47.0848 -33.6058 114.987
lradius 56.1961 0 0
lwrist 5.91559 0 0
lhand 6.7712 0.470761 0
lfingers 7.12502 0 0
lthumb 32.0422 27.5019 0
rclavicle -6.00752e-16 -7.65381e-15 0
rhumerus -31.6987 42.6742 -90.5593
rradius 100.552 0 0
rwrist 15.224 0 0
rhand 1.85147 -13.6723 0
rfingers 7.12502 0 0
rthumb 27.3494 -761.542 0
512
root 5.5028 16.4534 -5.49875 -139.013 88.0148 -144.809
lfemur -24.5825 -16.7022 -22.0248
ltibia 47.5349 0 0
lfoot -25.7063 -6.2211 0
ltoes 13.7037 0 0
rfemur -58.0982 5.77977 8.40917
rtibia 68.2316 0 0
rfoot 7.93495 10.5877 0
rtoes -16.6991 0 0
lowerback 6.59712 -0.360552 -1.62378
upperback 0.679415 -0.513701 1.65504
thorax -2.95978 -0.224496 2.66415
lowerneck -8.86293 -10.5372 -2.47972
upperneck 10.01 -14.1 2.27711
head 4.79173 -6.86883 0.113932
lclavicle -6.166e-16 -7.589e-15 0
lhumerus -46.8743 -33.5474 114.71
lradius 56.1695 0 0
lwrist 6.09125 0 0
lhand 6.52837 0.443344 0
lfingers 7.12502 0 0
lthumb 31.8091 27.5008 0
rclavicle -6.166e-16 -7.589e-15 0
rhumerus -31.1668 42.4373 -90.3906
rradius 100.869 0 0
rwrist 14.6558 0 0
rhand 1.59331 -13.7247 0
rfingers 7.12502 0 0
rthumb 27.1009 -761.613 0
513
root 5.51019 16.4527 -5.47805 -138.627 88.0045 -144.419
lfemur -24.51 -16.4419 -21.9945
ltibia 47.5117 0 0
lfoot -25.7653 -6.03834 0
ltoes 13.5687 0 0
rfemur -57.9707 5.61374 8.47881
rtibia 68.0937 0 0
rfoot 7.93322 10.5688 0
rtoes -16.7533 0 0
lowerback 6.5776 -0.368938 -1.66303
upperback 0.692435 -0.526266 1.65974
thorax -2.93332 -0.231419 2.69149
lowerneck -8.82965 -10.5624 -2.49319
upperneck 10.0369 -14.1393 2.31909
head 4.80067 -6.88564 0.125895
lclavicle -6.31326e-16 -7.51839e-15 0
lhumerus -46.6568 -33.4871 114.424
lradius 56.142 0 0
lwrist 6.27266 0 0
lhand 6.27748 0.415036 0
lfingers 7.12502 0 0
lthumb 31.5683 27.4997 0
rclavicle -6.31326e-16 -7.51839e-15 0
rhumerus -30.6179 42.1921 -90.2168
rradius 101.196 0 0
rwrist 14.0697 0 0
rhand 1.32614 -13.7789 0
rfingers 7.12502 0 0
rthumb 26.8438 -761.687 0
514
root 5.5178 16.452 -5.45673 -138.219 87.9942 -144.005
lfemur -24.4354 -16.1736 -21.9634
ltibia 47.4877 0 0
lfoot -25.8261 -5.84987 0
ltoes 13.4298 0 0
rfemur -57.8393 5.44247 8.55071
rtibia 67.952 0 0
rfoot 7.93148 10.5495 0
rtoes -16.8091 0 0
lowerback 6.55737 -0.377598 -1.7035
upperback 0.705833 -0.539243 1.66455
thorax -2.906 -0.238568 2.71966
lowerneck -8.79532 -10.5883 -2.50702
upperneck 10.0646 -14.1798 2.36234
head 4.80985 -6.90294 0.138227
lclavicle -6.4499e-16 -7.44215e-15 0
lhumerus -46.4327 -33.4247 114.128
lradius 56.1137 0 0
lwrist 6.45964 0 0
lhand 6.01875 0.385865 0
lfingers 7.12502 0 0
lthumb 31.3199 27.4986 0
rclavicle -6.4499e-16 -7.44215e-15 0
rhumerus -30.0525 41.9387 -90.0382
rradius 101.532 0 0
rwrist 13.4662 0 0
rhand 1.05019 -13.8351 0
rfingers 7.12502 0 0
rthumb 26.5781 -761.763 0
515
root 5.52562 16.4512 -5.4348 -137.787 87.9839 -143.569
lfemur -24.3586 -15.8975 -21.9313
ltibia 47.4629 0 0
lfoot -25.8887 -5.65586 0
ltoes 13.2871 0 0
rfemur -57.7039 5.26613 8.62482
rtibia 67.8066 0 0
rfoot 7.92973 10.5297 0
rtoes -16.8664 0 0
lowerback 6.53646 -0.386526 -1.74515
upperback 0.719597 -0.55262 1.66947
thorax -2.87785 -0.245938 2.74862
lowerneck -8.75998 -10.6149 -2.52121
upperneck 10.0929 -14.2213 2.40684
head 4.81925 -6.92071 0.150915
lclavicle -6.57652e-16 -7.36042e-15 0
lhumerus -46.202 -33.3604 113.824
lradius 56.0845 0 0
lwrist 6.65204 0 0
lhand 5.75242 0.355854 0
lfingers 7.12502 0 0
lthumb 31.0642 27.4974 0
rclavicle -6.57652e-16 -7.36042e-15 0
rhumerus -29.4711 41.6773 -89.8547
rradius 101.877 0 0
rwrist 12.8457 0 0
rhand 0.765729 -13.8931 0
rfingers 7.12502 0 0
rthumb 26.3043 -761.842 0
516
root 5.53363 16.4504 -5.41228 -137.334 87.9736 -143.11
lfemur -24.2797 -15.6139 -21.8983
ltibia 47.4372 0 0
lfoot -25.9529 -5.45648 0
ltoes 13.1407 0 0
rfemur -57.5648 5.08487 8.70106
rtibia 67.6575 0 0
rfoot 7.92796 10.5095 0
rtoes -16.9253 0 0
lowerback 6.51487 -0.395713 -1.78797
upperback 0.733717 -0.566386 1.6745
thorax -2.8489 -0.253521 2.77835
lowerneck -8.72366 -10.6422 -2.53574
upperneck 10.122 -14.264 2.45254
head 4.82888 -6.93892 0.163949
lclavicle -6.69374e-16 -7.27335e-15 0
lhumerus -45.965 -33.2942 113.512
lradius 56.0544 0 0
lwrist 6.8497 0 0
lhand 5.47871 0.325029 0
lfingers 7.12502 0 0
lthumb 30.8015 27.4963 0
rclavicle -6.69374e-16 -7.27335e-15 0
rhumerus -28.8742 41.4083 -89.6667
rradius 102.23 0 0
rwrist 12.209 0 0
rhand 0.47301 -13.9529 0
rfingers 7.12502 0 0
rthumb 26.0226 -761.923 0
517
root 5.54184 16.4496 -5.3892 -136.859 87.9632 -142.629
lfemur -24.1989 -15.323 -21.8644
ltibia 47.4107 0 0
lfoot -26.0187 -5.2519 0
ltoes 12.9907 0 0
rfemur -57.422 4.89885 8.77937
rtibia 67.505 0 0
rfoot 7.92617 10.4889 0
rtoes -16.9856 0 0
lowerback 6.49264 -0.405151 -1.8319
upperback 0.74818 -0.580529 1.67962
thorax -2.81918 -0.261311 2.80882
lowerneck -8.68639 -10.6701 -2.55061
upperneck 10.1517 -14.3076 2.49941
head 4.83872 -6.95758 0.177319
lclavicle -6.80216e-16 -7.1811e-15 0
lhumerus -45.7219 -33.2263 113.191
lradius 56.0236 0 0
lwrist 7.05244 0 0
lhand 5.19786 0.293417 0
lfingers 7.12502 0 0
lthumb 30.5319 27.4951 0
rclavicle -6.80216e-16 -7.1811e-15 0
rhumerus -28.2623 41.1318 -89.4743
rradius 102.593 0 0
rwrist 11.5563 0 0
rhand 0.172286 -14.0144 0
rfingers 7.12502 0 0
rthumb 25.7331 -762.007 0
518
root 5.55024 16.4488 -5.36555 -136.363 87.9529 -142.128
lfemur -24.1161 -15.025 -21.8298
ltibia 47.3834 0 0
lfoot -26.0861 -5.04229 0
ltoes 12.8372 0 0
rfemur -57.2758 4.70821 8.85968
rtibia 67.3491 0 0
rfoot 7.92437 10.4678 0
rtoes -17.0473 0 0
lowerback 6.46977 -0.414833 -1.87691
upperback 0.762976 -0.595037 1.68484
thorax -2.7887 -0.269302 2.84002
lowerneck -8.6482 -10.6986 -2.56579
upperneck 10.1821 -14.3522 2.54741
head 4.84877 -6.97666 0.191013
lclavicle -6.90239e-16 -7.08382e-15 0
lhumerus -45.4728 -33.1565 112.863
lradius 55.992 0 0
lwrist 7.2601 0 0
lhand 4.91011 0.261042 0
lfingers 7.12502 0 0
lthumb 30.2556 27.4939 0
rclavicle -6.90239e-16 -7.08382e-15 0
rhumerus -27.6359 40.8481 -89.2775
rradius 102.963 0 0
rwrist 10.8884 0 0
rhand -0.136188 -14.0776 0
rfingers 7.12502 0 0
rthumb 25.4362 -762.092 0
519
root 5.55882 16.448 -5.34138 -135.846 87.9426 -141.606
lfemur -24.0315 -14.7202 -21.7943
ltibia 47.3553 0 0
lfoot -26.155 -4.82781 0
ltoes 12.6804 0 0
rfemur -57.1261 4.51311 8.94194
rtibia 67.19 0 0
rfoot 7.92254 10.4464 0
rtoes -17.1104 0 0
lowerback 6.4463 -0.42475 -1.92297
upperback 0.778092 -0.609898 1.69015
thorax -2.75749 -0.277487 2.87191
lowerneck -8.60912 -10.7278 -2.58128
upperneck 10.2131 -14.3979 2.5965
head 4.85902 -6.99614 0.205021
lclavicle -6.99504e-16 -6.98166e-15 0
lhumerus -45.2181 -33.0851 112.526
lradius 55.9597 0 0
lwrist 7.47252 0 0
lhand 4.61567 0.227929 0
lfingers 7.12502 0 0
lthumb 29.973 27.4927 0
rclavicle -6.99504e-16 -6.98166e-15 0
rhumerus -26.9955 40.5574 -89.0766
rradius 103.342 0 0
rwrist 10.2056 0 0
rhand -0.452158 -14.1424 0
rfingers 7.12502 0 0
rthumb 25.1321 -762.18 0
520
root 5.56758 16.4471 -5.31669 -135.31 87.9322 -141.064
lfemur -23.945 -14.4088 -21.7581
ltibia 47.3265 0 0
lfoot -26.2254 -4.60863 0
ltoes 12.5203 0 0
rfemur -56.9731 4.31371 9.02606
rtibia 67.0276 0 0
rfoot 7.92069 10.4246 0
rtoes -17.1748 0 0
lowerback 6.42224 -0.434895 -1.97005
upperback 0.793518 -0.625101 1.69556
thorax -2.72558 -0.285859 2.90448
lowerneck -8.56919 -10.7575 -2.59706
upperneck 10.2446 -14.4444 2.64665
head 4.86946 -7.01602 0.219332
lclavicle -7.08071e-16 -6.87477e-15 0
lhumerus -44.9578 -33.0121 112.183
lradius 55.9266 0 0
lwrist 7.68954 0 0
lhand 4.31478 0.194105 0
lfingers 7.12502 0 0
lthumb 29.6842 27.4915 0
rclavicle -7.08071e-16 -6.87477e-15 0
rhumerus -26.3416 40.2599 -88.8717
rradius 103.728 0 0
rwrist 9.50848 0 0
rhand -0.77537 -14.2088 0
rfingers 7.12502 0 0
rthumb 24.821 -762.27 0
521
root 5.5765 16.4463 -5.2915 -134.754 87.9218 -140.502
lfemur -23.8568 -14.091 -21.7211
ltibia 47.297 0 0
lfoot -26.2971 -4.38491 0
ltoes 12.3571 0 0
rfemur -56.8169 4.11015 9.112
rtibia 66.8623 0 0
rfoot 7.91881 10.4024 0
rtoes -17.2405 0 0
lowerback 6.39761 -0.44526 -2.0181
upperback 0.809241 -0.640633 1.70104
thorax -2.69299 -0.294413 2.93769
lowerneck -8.52843 -10.7878 -2.61314
upperneck 10.2768 -14.4918 2.69781
head 4.88009 -7.03628 0.233935
lclavicle -7.16002e-16 -6.76331e-15 0
lhumerus -44.6921 -32.9375 111.832
lradius 55.8929 0 0
lwrist 7.91099 0 0
lhand 4.00767 0.159595 0
lfingers 7.12502 0 0
lthumb 29.3894 27.4903 0
rclavicle -7.16002e-16 -6.76331e-15 0
rhumerus -25.6746 39.956 -88.6629
rradius 104.122 0 0
rwrist 8.79761 0 0
rhand -1.10557 -14.2767 0
rfingers 7.12502 0 0
rthumb 24.5031 -762.363 0
522
root 5.58559 16.4454 -5.26584 -134.179 87.9115 -139.922
lfemur -23.767 -13.7671 -21.6834
ltibia 47.2668 0 0
lfoot -26.3703 -4.15683 0
ltoes 12.191 0 0
rfemur -56.6577 3.90261 9.19968
rtibia 66.694 0 0
rfoot 7.91691 10.3799 0
rtoes -17.3074 0 0
lowerback 6.37243 -0.455837 -2.06709
upperback 0.825251 -0.656483 1.70661
thorax -2.65974 -0.303141 2.97153
lowerneck -8.48687 -10.8187 -2.62949
upperneck 10.3095 -14.5401 2.74996
head 4.8909 -7.05691 0.24882
lclavicle -7.23356e-16 -6.64743e-15 0
lhumerus -44.4214 -32.8613 111.474
lradius 55.8584 0 0
lwrist 8.1367 0 0
lhand 3.69458 0.124424 0
lfingers 7.12502 0 0
lthumb 29.0888 27.4891 0
rclavicle -7.23356e-16 -6.64743e-15 0
rhumerus -24.995 39.6457 -88.4505
rradius 104.522 0 0
rwrist 8.07346 0 0
rhand -1.4425 -14.346 0
rfingers 7.12502 0 0
rthumb 24.1788 -762.457 0
523
root 5.59483 16.4445 -5.23972 -133.586 87.9011 -139.323
lfemur -23.6755 -13.4372 -21.6451
ltibia 47.236 0 0
lfoot -26.4447 -3.92456 0
ltoes 12.0219 0 0
rfemur -56.4956 3.69122 9.28904
rtibia 66.5229 0 0
rfoot 7.91499 10.3571 0
rtoes -17.3755 0 0
lowerback 6.34672 -0.466618 -2.11698
upperback 0.841536 -0.672638 1.71226
thorax -2.62587 -0.312037 3.00597
lowerneck -8.44454 -10.8501 -2.6461
upperneck 10.3427 -14.5892 2.80305
head 4.90188 -7.07788 0.263975
lclavicle -7.30195e-16 -6.52727e-15 0
lhumerus -44.1457 -32.7838 111.11
lradius 55.8234 0 0
lwrist 8.36651 0 0
lhand 3.37573 0.0886181 0
lfingers 7.12502 0 0
lthumb 28.7827 27.4878 0
rclavicle -7.30195e-16 -6.52727e-15 0
rhumerus -24.3033 39.3294 -88.2344
rradius 104.93 0 0
rwrist 7.33656 0 0
rhand -1.78591 -14.4168 0
rfingers 7.12502 0 0
rthumb 23.8483 -762.553 0
524
root 5.60422 16.4436 -5.21315 -132.976 87.8908 -138.707
lfemur -23.5826 -13.1017 -21.606
ltibia 47.2045 0 0
lfoot -26.5204 -3.68825 0
ltoes 11.8501 0 0
rfemur -56.3306 3.47614 9.38002
rtibia 66.3491 0 0
rfoot 7.91303 10.3339 0
rtoes -17.4448 0 0
lowerback 6.32049 -0.477595 -2.16775
upperback 0.858085 -0.689088 1.71798
thorax -2.59139 -0.321095 3.04099
lowerneck -8.40148 -10.8819 -2.66297
upperneck 10.3765 -14.6391 2.85704
head 4.91303 -7.0992 0.27939
lclavicle -7.36579e-16 -6.403e-15 0
lhumerus -43.8652 -32.7048 110.739
lradius 55.7877 0 0
lwrist 8.60026 0 0
lhand 3.05135 0.0522023 0
lfingers 7.12502 0 0
lthumb 28.4713 27.4866 0
rclavicle -7.36579e-16 -6.403e-15 0
rhumerus -23.6001 39.0073 -88.0149
rradius 105.344 0 0
rwrist 6.58742 0 0
rhand -2.13554 -14.4889 0
rfingers 7.12502 0 0
rthumb 23.5118 -762.651 0
525
root 5.61376 16.4427 -5.18616 -132.348 87.8804 -138.073
lfemur -23.4881 -12.7608 -21.5664
ltibia 47.1724 0 0
lfoot -26.5972 -3.44808 0
ltoes 11.6756 0 0
rfemur -56.1629 3.25753 9.47255
rtibia 66.1728 0 0
rfoot 7.91105 10.3105 0
rtoes -17.5152 0 0
lowerback 6.29378 -0.488761 -2.21935
upperback 0.874885 -0.70582 1.72377
thorax -2.55633 -0.330307 3.07655
lowerneck -8.35772 -10.9143 -2.68008
upperneck 10.4107 -14.6898 2.91189
head 4.92433 -7.12083 0.295054
lclavicle -7.42569e-16 -6.27477e-15 0
lhumerus -43.5802 -32.6245 110.362
lradius 55.7514 0 0
lwrist 8.83778 0 0
lhand 2.72168 0.0152023 0
lfingers 7.12502 0 0
lthumb 28.1549 27.4853 0
rclavicle -7.42569e-16 -6.27477e-15 0
rhumerus -22.8858 38.6797 -87.7922
rradius 105.765 0 0
rwrist 5.82655 0 0
rhand -2.49114 -14.5622 0
rfingers 7.12502 0 0
rthumb 23.1695 -762.75 0
526
root 5.62343 16.4417 -5.15877 -131.704 87.87 -137.423
lfemur -23.3922 -12.4146 -21.5261
ltibia 47.1397 0 0
lfoot -26.6752 -3.20422 0
ltoes 11.4986 0 0
rfemur -55.9926 3.03554 9.56655
rtibia 65.9939 0 0
rfoot 7.90903 10.2868 0
rtoes -17.5866 0 0
lowerback 6.2666 -0.500107 -2.27175
upperback 0.891927 -0.722822 1.72963
thorax -2.52072 -0.339668 3.11265
lowerneck -8.31328 -10.9471 -2.69741
upperneck 10.4454 -14.7412 2.96758
head 4.93579 -7.14277 0.310956
lclavicle -7.48226e-16 -6.14271e-15 0
lhumerus -43.2909 -32.5429 109.98
lradius 55.7145 0 0
lwrist 9.07891 0 0
lhand 2.38694 -0.0223565 0
lfingers 7.12502 0 0
lthumb 27.8335 27.484 0
rclavicle -7.48226e-16 -6.14271e-15 0
rhumerus -22.1609 38.3467 -87.5663
rradius 106.191 0 0
rwrist 5.05447 0 0
rhand -2.85246 -14.6369 0
rfingers 7.12502 0 0
rthumb 22.8218 -762.851 0
527
root 5.63323 16.4408 -5.131 -131.043 87.8597 -136.756
lfemur -23.295 -12.0635 -21.4852
ltibia 47.1065 0 0
lfoot -26.7544 -2.95683 0
ltoes 11.3191 0 0
rfemur -55.8198 2.81033 9.66198
rtibia 65.8127 0 0
rfoot 7.90698 10.2628 0
rtoes -17.659 0 0
lowerback 6.23897 -0.511625 -2.32491
upperback 0.909197 -0.740083 1.73555
thorax -2.48457 -0.349172 3.14924
lowerneck -8.2682 -10.9803 -2.71497
upperneck 10.4806 -14.7933 3.02406
head 4.94739 -7.165 0.327085
lclavicle -7.53611e-16 -6.007e-15 0
lhumerus -42.9974 -32.46 109.592
lradius 55.6771 0 0
lwrist 9.32348 0 0
lhand 2.04737 -0.0604486 0
lfingers 7.12502 0 0
lthumb 27.5076 27.4828 0
rclavicle -7.53611e-16 -6.007e-15 0
rhumerus -21.4258 38.0087 -87.3375
rradius 106.623 0 0
rwrist 4.27171 0 0
rhand -3.21924 -14.7127 0
rfingers 7.12502 0 0
rthumb 22.4687 -762.954 0
528
root 5.64316 16.4398 -5.10285 -130.368 87.8493 -136.075
lfemur -23.1965 -11.7076 -21.4438
ltibia 47.0727 0 0
lfoot -26.8345 -2.70608 0
ltoes 11.1374 0 0
rfemur -55.6446 2.58205 9.75876
rtibia 65.6292 0 0
rfoot 7.9049 10.2386 0
rtoes -17.7324 0 0
lowerback 6.2109 -0.523309 -2.37881
upperback 0.926686 -0.757591 1.74153
thorax -2.44793 -0.35881 3.18632
lowerneck -8.2225 -11.014 -2.73274
upperneck 10.5162 -14.846 3.08129
head 4.95913 -7.18751 0.343431
lclavicle -7.58784e-16 -5.86778e-15 0
lhumerus -42.7 -32.3761 109.198
lradius 55.6392 0 0
lwrist 9.57133 0 0
lhand 1.70319 -0.0990485 0
lfingers 7.12502 0 0
lthumb 27.1772 27.4815 0
rclavicle -7.58784e-16 -5.86778e-15 0
rhumerus -20.6812 37.6657 -87.1058
rradius 107.061 0 0
rwrist 3.47876 0 0
rhand -3.59122 -14.7897 0
rfingers 7.12502 0 0
rthumb 22.1107 -763.059 0
529
root 5.6532 16.4388 -5.07436 -129.677 87.8389 -135.378
lfemur -23.0968 -11.3472 -21.4019
ltibia 47.0385 0 0
lfoot -26.9156 -2.45213 0
ltoes 10.9535 0 0
rfemur -55.4672 2.35085 9.85683
rtibia 65.4436 0 0
rfoot 7.90279 10.2142 0
rtoes -17.8067 0 0
lowerback 6.18243 -0.535149 -2.43339
upperback 0.944381 -0.775334 1.74757
thorax -2.4108 -0.368578 3.22385
lowerneck -8.17623 -11.048 -2.7507
upperneck 10.5521 -14.8994 3.13924
head 4.97099 -7.21028 0.359983
lclavicle -7.63806e-16 -5.7252e-15 0
lhumerus -42.3987 -32.291 108.8
lradius 55.6008 0 0
lwrist 9.82229 0 0
lhand 1.35465 -0.138131 0
lfingers 7.12502 0 0
lthumb 26.8426 27.4802 0
rclavicle -7.63806e-16 -5.7252e-15 0
rhumerus -19.9273 37.3182 -86.8715
rradius 107.504 0 0
rwrist 2.67615 0 0
rhand -3.96816 -14.8677 0
rfingers 7.12502 0 0
rthumb 21.7479 -763.165 0
530
root 5.66335 16.4379 -5.04554 -128.972 87.8286 -134.666
lfemur -22.9959 -10.9825 -21.3595
ltibia 47.0037 0 0
lfoot -26.9977 -2.19516 0
ltoes 10.7675 0 0
rfemur -55.2877 2.11688 9.95613
rtibia 65.256 0 0
rfoot 7.90063 10.1895 0
rtoes -17.8819 0 0
lowerback 6.15356 -0.547138 -2.48863
upperback 0.96227 -0.793299 1.75365
thorax -2.37321 -0.378468 3.26181
lowerneck -8.1294 -11.0824 -2.76886
upperneck 10.5885 -14.9534 3.19787
head 4.98298 -7.23331 0.376729
lclavicle -7.68738e-16 -5.57942e-15 0
lhumerus -42.094 -32.2048 108.397
lradius 55.562 0 0
lwrist 10.0762 0 0
lhand 1.00196 -0.17767 0
lfingers 7.12502 0 0
lthumb 26.504 27.4789 0
rclavicle -7.68738e-16 -5.57942e-15 0
rhumerus -19.1649 36.9663 -86.6346
rradius 107.951 0 0
rwrist 1.8644 0 0
rhand -4.34979 -14.9468 0
rfingers 7.12502 0 0
rthumb 21.3806 -763.272 0
531
root 5.67361 16.4369 -5.01641 -128.253 87.8182 -133.941
lfemur -22.894 -10.6138 -21.3166
ltibia 46.9685 0 0
lfoot -27.0806 -1.93534 0
ltoes 10.5796 0 0
rfemur -55.1062 1.88031 10.0566
rtibia 65.0664 0 0
rfoot 7.89844 10.1647 0
rtoes -17.958 0 0
lowerback 6.12432 -0.559267 -2.54449
upperback 0.980344 -0.811476 1.75979
thorax -2.3352 -0.388475 3.30018
lowerneck -8.08206 -11.1172 -2.78718
upperneck 10.6252 -15.0079 3.25714
head 4.99509 -7.25656 0.39366
lclavicle -7.73641e-16 -5.43058e-15 0
lhumerus -41.7858 -32.1177 107.989
lradius 55.5227 0 0
lwrist 10.3329 0 0
lhand 0.64536 -0.21764 0
lfingers 7.12502 0 0
lthumb 26.1617 27.4776 0
rclavicle -7.73641e-16 -5.43058e-15 0
rhumerus -18.3942 36.6102 -86.3953
rradius 108.404 0 0
rwrist 1.04402 0 0
rhand -4.73586 -15.0269 0
rfingers 7.12502 0 0
rthumb 21.009 -763.381 0
532
root 5.68396 16.4359 -4.98698 -127.521 87.8079 -133.203
lfemur -22.791 -10.2412 -21.2733
ltibia 46.9329 0 0
lfoot -27.1644 -1.67282 0
ltoes 10.3898 0 0
rfemur -54.9228 1.64129 10.1581
rtibia 64.8751 0 0
rfoot 7.89621 10.1397 0
rtoes -18.0348 0 0
lowerback 6.09473 -0.571531 -2.60094
upperback 0.998589 -0.829853 1.76596
thorax -2.29678 -0.39859 3.33893
lowerneck -8.03422 -11.1523 -2.80567
upperneck 10.6623 -15.0629 3.31702
head 5.0073 -7.28004 0.410765
lclavicle -7.78574e-16 -5.27884e-15 0
lhumerus -41.4745 -32.0297 107.577
lradius 55.483 0 0
lwrist 10.5922 0 0
lhand 0.285081 -0.258016 0
lfingers 7.12502 0 0
lthumb 25.8159 27.4763 0
rclavicle -7.78574e-16 -5.27884e-15 0
rhumerus -17.6159 36.2502 -86.1538
rradius 108.86 0 0
rwrist 0.215522 0 0
rhand -5.12613 -15.1078 0
rfingers 7.12502 0 0
rthumb 20.6334 -763.491 0
533
root 5.6944 16.4349 -4.95728 -126.776 87.7976 -132.452
lfemur -22.6871 -9.86512 -21.2296
ltibia 46.8968 0 0
lfoot -27.249 -1.40778 0
ltoes 10.1984 0 0
rfemur -54.7376 1.39996 10.2607
rtibia 64.682 0 0
rfoot 7.89394 10.1145 0
rtoes -18.1124 0 0
lowerback 6.0648 -0.583919 -2.65794
upperback 1.01699 -0.848417 1.77218
thorax -2.25797 -0.408809 3.37804
lowerneck -7.98592 -11.1877 -2.82432
upperneck 10.6997 -15.1184 3.37746
head 5.01962 -7.30372 0.428032
lclavicle -7.836e-16 -5.12435e-15 0
lhumerus -41.1602 -31.9408 107.161
lradius 55.4429 0 0
lwrist 10.854 0 0
lhand -0.0786465 -0.298773 0
lfingers 7.12502 0 0
lthumb 25.4667 27.475 0
rclavicle -7.836e-16 -5.12435e-15 0
rhumerus -16.8305 35.8865 -85.9102
rradius 109.321 0 0
rwrist -0.620573 0 0
rhand -5.52033 -15.1897 0
rfingers 7.12502 0 0
rthumb 20.254 -763.602 0
534
root 5.70493 16.4339 -4.92733 -126.019 87.7872 -131.688
lfemur -22.5823 -9.48564 -21.1855
ltibia 46.8604 0 0
lfoot -27.3342 -1.14039 0
ltoes 10.0053 0 0
rfemur -54.5507 1.15649 10.3642
rtibia 64.4874 0 0
rfoot 7.89162 10.0891 0
rtoes -18.1906 0 0
lowerback 6.03457 -0.596425 -2.71546
upperback 1.03555 -0.867157 1.77844
thorax -2.21881 -0.419124 3.41747
lowerneck -7.9372 -11.2233 -2.8431
upperneck 10.7373 -15.1744 3.43843
head 5.03203 -7.32759 0.445451
lclavicle -7.88779e-16 -4.96727e-15 0
lhumerus -40.8432 -31.851 106.741
lradius 55.4024 0 0
lwrist 11.1181 0 0
lhand -0.445592 -0.339884 0
lfingers 7.12502 0 0
lthumb 25.1144 27.4736 0
rclavicle -7.88779e-16 -4.96727e-15 0
rhumerus -16.0383 35.5194 -85.6646
rradius 109.785 0 0
rwrist -1.46375 0 0
rhand -5.9182 -15.2723 0
rfingers 7.12502 0 0
rthumb 19.8711 -763.714 0
535
root 5.71554 16.4328 -4.89713 -125.25 87.7769 -130.913
lfemur -22.4766 -9.10305 -21.141
ltibia 46.8236 0 0
lfoot -27.4202 -0.870804 0
ltoes 9.81074 0 0
rfemur -54.3623 0.911028 10.4687
rtibia 64.2914 0 0
rfoot 7.88926 10.0637 0
rtoes -18.2696 0 0
lowerback 6.00404 -0.60904 -2.77345
upperback 1.05424 -0.886061 1.78472
thorax -2.17932 -0.429529 3.45722
lowerneck -7.88808 -11.2593 -2.86202
upperneck 10.7753 -15.2308 3.49989
head 5.04453 -7.35164 0.463011
lclavicle -7.94171e-16 -4.80774e-15 0
lhumerus -40.5235 -31.7606 106.318
lradius 55.3616 0 0
lwrist 11.3843 0 0
lhand -0.815525 -0.381325 0
lfingers 7.12502 0 0
lthumb 24.7593 27.4723 0
rclavicle -7.94171e-16 -4.80774e-15 0
rhumerus -15.2399 35.1491 -85.4173
rradius 110.253 0 0
rwrist -2.3135 0 0
rhand -6.31951 -15.3557 0
rfingers 7.12502 0 0
rthumb 19.4849 -763.827 0
536
root 5.72621 16.4318 -4.86672 -124.471 87.7666 -130.128
lfemur -22.3703 -8.71758 -21.0962
ltibia 46.7865 0 0
lfoot -27.5067 -0.599201 0
ltoes 9.61482 0 0
rfemur -54.1724 0.663728 10.5739
rtibia 64.0939 0 0
rfoot 7.88686 10.0381 0
rtoes -18.3491 0 0
lowerback 5.97324 -0.621757 -2.83189
upperback 1.07306 -0.905117 1.79104
thorax -2.13952 -0.440018 3.49726
lowerneck -7.83859 -11.2955 -2.88105
upperneck 10.8135 -15.2876 3.5618
head 5.05711 -7.37585 0.480701
lclavicle -7.99837e-16 -4.64592e-15 0
lhumerus -40.2015 -31.6694 105.892
lradius 55.3205 0 0
lwrist 11.6524 0 0
lhand -1.18822 -0.42307 0
lfingers 7.12502 0 0
lthumb 24.4016 27.471 0
rclavicle -7.99837e-16 -4.64592e-15 0
rhumerus -14.4358 34.7759 -85.1683
rradius 110.724 0 0
rwrist -3.16929 0 0
rhand -6.72398 -15.4399 0
rfingers 7.12502 0 0
rthumb 19.0956 -763.941 0
537
root 5.73696 16.4308 -4.83611 -123.68 87.7563 -129.331
lfemur -22.2632 -8.32945 -21.0511
ltibia 46.749 0 0
lfoot -27.5938 -0.325745 0
ltoes 9.41765 0 0
rfemur -53.9812 0.414746 10.68
rtibia 63.8953 0 0
rfoot 7.88441 10.0124 0
rtoes -18.4292 0 0
lowerback 5.94219 -0.634567 -2.89074
upperback 1.092 -0.924313 1.79738
thorax -2.09944 -0.450583 3.53755
lowerneck -7.78876 -11.3318 -2.9002
upperneck 10.8519 -15.3447 3.62413
head 5.06976 -7.40021 0.49851
lclavicle -8.05839e-16 -4.48196e-15 0
lhumerus -39.8773 -31.5776 105.463
lradius 55.2792 0 0
lwrist 11.9224 0 0
lhand -1.56343 -0.465094 0
lfingers 7.12502 0 0
lthumb 24.0414 27.4696 0
rclavicle -8.05839e-16 -4.48196e-15 0
rhumerus -13.6264 34.3999 -84.9177
rradius 111.198 0 0
rwrist -4.03063 0 0
rhand -7.13137 -15.5246 0
rfingers 7.12502 0 0
rthumb 18.7035 -764.056 0
538
root 5.74776 16.4297 -4.80532 -122.88 87.746 -128.525
lfemur -22.1555 -7.9389 -21.0058
ltibia 46.7113 0 0
lfoot -27.6815 -0.0506035 0
ltoes 9.21935 0 0
rfemur -53.7889 0.164234 10.7867
rtibia 63.6955 0 0
rfoot 7.88191 9.98666 0
rtoes -18.5098 0 0
lowerback 5.9109 -0.647464 -2.94996
upperback 1.11103 -0.943638 1.80374
thorax -2.0591 -0.461219 3.57808
lowerneck -7.73863 -11.3684 -2.91944
upperneck 10.8905 -15.4021 3.68683
head 5.08248 -7.4247 0.516429
lclavicle -8.12236e-16 -4.31601e-15 0
lhumerus -39.5511 -31.4852 105.031
lradius 55.2375 0 0
lwrist 12.194 0 0
lhand -1.94094 -0.50737 0
lfingers 7.12502 0 0
lthumb 23.679 27.4683 0
rclavicle -8.12236e-16 -4.31601e-15 0
rhumerus -12.8124 34.0214 -84.6659
rradius 111.675 0 0
rwrist -4.89698 0 0
rhand -7.54142 -15.61 0
rfingers 7.12502 0 0
rthumb 18.3088 -764.172 0
539
root 5.75861 16.4287 -4.77436 -122.071 87.7357 -127.709
lfemur -22.0472 -7.54616 -20.9601
ltibia 46.6733 0 0
lfoot -27.7696 0.226056 0
ltoes 9.02004 0 0
rfemur -53.5954 -0.0876526 10.8941
rtibia 63.4947 0 0
rfoot 7.87936 9.96082 0
rtoes -18.591 0 0
lowerback 5.8794 -0.660438 -3.00951
upperback 1.13016 -0.963079 1.81012
thorax -2.01853 -0.471919 3.61882
lowerneck -7.68823 -11.4052 -2.93877
upperneck 10.9293 -15.4599 3.74988
head 5.09526 -7.4493 0.534445
lclavicle -8.19089e-16 -4.14823e-15 0
lhumerus -39.2231 -31.3923 104.596
lradius 55.1957 0 0
lwrist 12.4671 0 0
lhand -2.32052 -0.549874 0
lfingers 7.12502 0 0
lthumb 23.3146 27.467 0
rclavicle -8.19089e-16 -4.14823e-15 0
rhumerus -11.994 33.6407 -84.4128
rradius 112.154 0 0
rwrist -5.76784 0 0
rhand -7.95388 -15.6959 0
rfingers 7.12502 0 0
rthumb 17.9119 -764.289 0
540
root 5.76951 16.4276 -4.74326 -121.253 87.7255 -126.884
lfemur -21.9384 -7.15147 -20.9143
ltibia 46.6351 0 0
lfoot -27.858 0.504066 0
ltoes 8.81983 0 0
rfemur -53.401 -0.34076 11.0021
rtibia 63.2929 0 0
rfoot 7.87676 9.93494 0
rtoes -18.6725 0 0
lowerback 5.8477 -0.673483 -3.06937
upperback 1.14937 -0.982625 1.81651
thorax -1.97775 -0.482677 3.65975
lowerneck -7.63758 -11.4421 -2.95817
upperneck 10.9683 -15.5178 3.81323
head 5.1081 -7.47401 0.552548
lclavicle -8.2646e-16 -3.97876e-15 0
lhumerus -38.8935 -31.299 104.16
lradius 55.1536 0 0
lwrist 12.7414 0 0
lhand -2.70192 -0.59258 0
lfingers 7.12502 0 0
lthumb 22.9485 27.4656 0
rclavicle -8.2646e-16 -3.97876e-15 0
rhumerus -11.1719 33.2579 -84.1586
rradius 112.635 0 0
rwrist -6.64268 0 0
rhand -8.36849 -15.7824 0
rfingers 7.12502 0 0
rthumb 17.5128 -764.406 0
541
root 5.78045 16.4266 -4.71204 -120.426 87.7152 -126.052
lfemur -21.8292 -6.75506 -20.8683
ltibia 46.5967 0 0
lfoot -27.9469 0.783259 0
ltoes 8.61883 0 0
rfemur -53.2058 -0.594934 11.1105
rtibia 63.0904 0 0
rfoot 7.87411 9.90903 0
rtoes -18.7544 0 0
lowerback 5.81583 -0.68659 -3.1295
upperback 1.16865 -1.00226 1.82291
thorax -1.93679 -0.493485 3.70084
lowerneck -7.58671 -11.4792 -2.97764
upperneck 11.0074 -15.576 3.87684
head 5.12097 -7.49881 0.570727
lclavicle -8.34409e-16 -3.80777e-15 0
lhumerus -38.5625 -31.2052 103.722
lradius 55.1114 0 0
lwrist 13.017 0 0
lhand -3.08493 -0.635462 0
lfingers 7.12502 0 0
lthumb 22.5808 27.4643 0
rclavicle -8.34409e-16 -3.80777e-15 0
rhumerus -10.3465 32.8734 -83.9036
rradius 113.118 0 0
rwrist -7.521 0 0
rhand -8.78501 -15.8692 0
rfingers 7.12502 0 0
rthumb 17.112 -764.524 0
542
root 5.79142 16.4255 -4.6807 -119.592 87.705 -125.211
lfemur -21.7197 -6.35715 -20.8221
ltibia 46.5581 0 0
lfoot -28.036 1.06347 0
ltoes 8.41718 0 0
rfemur -53.0098 -0.85002 11.2194
rtibia 62.8873 0 0
rfoot 7.8714 9.8831 0
rtoes -18.8367 0 0
lowerback 5.78381 -0.699751 -3.18986
upperback 1.18799 -1.02199 1.82932
thorax -1.89567 -0.504338 3.74207
lowerneck -7.53566 -11.5163 -2.99716
upperneck 11.0467 -15.6344 3.94069
head 5.13389 -7.52369 0.588972
lclavicle -8.42996e-16 -3.63539e-15 0
lhumerus -38.2304 -31.1111 103.282
lradius 55.069 0 0
lwrist 13.2934 0 0
lhand -3.46932 -0.678495 0
lfingers 7.12502 0 0
lthumb 22.2118 27.4629 0
rclavicle -8.42996e-16 -3.63539e-15 0
rhumerus -9.51839 32.4873 -83.6477
rradius 113.602 0 0
rwrist -8.40228 0 0
rhand -9.20316 -15.9564 0
rfingers 7.12502 0 0
rthumb 16.7095 -764.642 0
543
root 5.80241 16.4245 -4.64928 -118.751 87.6947 -124.363
lfemur -21.6098 -5.95799 -20.7758
ltibia 46.5194 0 0
lfoot -28.1254 1.34452 0
ltoes 8.21497 0 0
rfemur -52.8132 -1.10586 11.3287
rtibia 62.6835 0 0
rfoot 7.86864 9.85716 0
rtoes -18.9193 0 0
lowerback 5.75166 -0.712958 -3.25042
upperback 1.20737 -1.04178 1.83573
thorax -1.85442 -0.515228 3.78342
lowerneck -7.48446 -11.5536 -3.01672
upperneck 11.086 -15.6929 4.00472
head 5.14684 -7.54862 0.607272
lclavicle -8.52283e-16 -3.46178e-15 0
lhumerus -37.8972 -31.0168 102.841
lradius 55.0264 0 0
lwrist 13.5707 0 0
lhand -3.85484 -0.721654 0
lfingers 7.12502 0 0
lthumb 21.8417 27.4616 0
rclavicle -8.52283e-16 -3.46178e-15 0
rhumerus -8.68793 32.0999 -83.3913
rradius 114.088 0 0
rwrist -9.28599 0 0
rhand -9.62271 -16.044 0
rfingers 7.12502 0 0
rthumb 16.3057 -764.761 0
544
root 5.81343 16.4234 -4.61778 -117.903 87.6845 -123.509
lfemur -21.4997 -5.55781 -20.7294
ltibia 46.4805 0 0
lfoot -28.215 1.62626 0
ltoes 8.01234 0 0
rfemur -52.6161 -1.36231 11.4383
rtibia 62.4793 0 0
rfoot 7.86582 9.83124 0
rtoes -19.0021 0 0
lowerback 5.71939 -0.726204 -3.31113
upperback 1.22679 -1.06162 1.84214
thorax -1.81306 -0.52615 3.82485
lowerneck -7.43314 -11.5909 -3.03631
upperneck 11.1255 -15.7515 4.0689
head 5.15981 -7.57361 0.625616
lclavicle -8.6233e-16 -3.2871e-15 0
lhumerus -37.5632 -30.9222 102.398
lradius 54.9838 0 0
lwrist 13.8487 0 0
lhand -4.24127 -0.764913 0
lfingers 7.12502 0 0
lthumb 21.4708 27.4602 0
rclavicle -8.6233e-16 -3.2871e-15 0
rhumerus -7.85566 31.7114 -83.1344
rradius 114.574 0 0
rwrist -10.1716 0 0
rhand -10.0434 -16.1319 0
rfingers 7.12502 0 0
rthumb 15.9009 -764.88 0
545
root 5.82446 16.4223 -4.58624 -117.049 87.6744 -122.649
lfemur -21.3894 -5.15683 -20.6829
ltibia 46.4415 0 0
lfoot -28.3047 1.90851 0
ltoes 7.80939 0 0
rfemur -52.4186 -1.61921 11.5481
rtibia 62.2748 0 0
rfoot 7.86294 9.80535 0
rtoes -19.0852 0 0
lowerback 5.68702 -0.739481 -3.37197
upperback 1.24623 -1.08152 1.84854
thorax -1.77161 -0.537097 3.86636
lowerneck -7.38173 -11.6282 -3.05592
upperneck 11.1649 -15.8102 4.1332
head 5.1728 -7.59862 0.643992
lclavicle -8.73198e-16 -3.1115e-15 0
lhumerus -37.2285 -30.8274 101.955
lradius 54.9411 0 0
lwrist 14.1271 0 0
lhand -4.62838 -0.808247 0
lfingers 7.12502 0 0
lthumb 21.0992 27.4589 0
rclavicle -8.73198e-16 -3.1115e-15 0
rhumerus -7.02207 31.3221 -82.8771
rradius 115.061 0 0
rwrist -11.0587 0 0
rhand -10.4649 -16.2199 0
rfingers 7.12502 0 0
rthumb 15.4951 -765 0
546
root 5.83549 16.4213 -4.55466 -116.19 87.6642 -121.783
lfemur -21.279 -4.75529 -20.6364
ltibia 46.4025 0 0
lfoot -28.3946 2.19111 0
ltoes 7.60624 0 0
rfemur -52.2208 -1.8764 11.6582
rtibia 62.07 0 0
rfoot 7.86001 9.7795 0
rtoes -19.1684 0 0
lowerback 5.65458 -0.752781 -3.4329
upperback 1.26568 -1.10144 1.85494
thorax -1.7301 -0.548063 3.9079
lowerneck -7.33026 -11.6656 -3.07554
upperneck 11.2044 -15.869 4.19758
head 5.1858 -7.62364 0.662391
lclavicle -8.84948e-16 -2.93513e-15 0
lhumerus -36.8935 -30.7326 101.512
lradius 54.8984 0 0
lwrist 14.4059 0 0
lhand -5.01595 -0.85163 0
lfingers 7.12502 0 0
lthumb 20.7271 27.4576 0
rclavicle -8.84948e-16 -2.93513e-15 0
rhumerus -6.18765 30.9322 -82.6197
rradius 115.549 0 0
rwrist -11.9466 0 0
rhand -10.8871 -16.3082 0
rfingers 7.12502 0 0
rthumb 15.0888 -765.119 0
547
root 5.84653 16.4202 -4.52307 -115.326 87.6541 -120.913
lfemur -21.1686 -4.35342 -20.5898
ltibia 46.3633 0 0
lfoot -28.4844 2.47388 0
ltoes 7.40302 0 0
rfemur -52.0229 -2.13374 11.7683
rtibia 61.8651 0 0
rfoot 7.85701 9.75372 0
rtoes -19.2517 0 0
lowerback 5.62208 -0.766095 -3.49388
upperback 1.28514 -1.12139 1.86132
thorax -1.68856 -0.55904 3.94946
lowerneck -7.27876 -11.703 -3.09516
upperneck 11.244 -15.9277 4.262
head 5.1988 -7.64867 0.680801
lclavicle -8.97639e-16 -2.75814e-15 0
lhumerus -36.5582 -30.6376 101.068
lradius 54.8556 0 0
lwrist 14.6848 0 0
lhand -5.40372 -0.895036 0
lfingers 7.12502 0 0
lthumb 20.3549 27.4562 0
rclavicle -8.97639e-16 -2.75814e-15 0
rhumerus -5.35289 30.5419 -82.3622
rradius 116.036 0 0
rwrist -12.835 0 0
rhand -11.3097 -16.3965 0
rfingers 7.12502 0 0
rthumb 14.6821 -765.239 0
548
root 5.85755 16.4192 -4.49147 -114.457 87.6439 -120.038
lfemur -21.0582 -3.95146 -20.5432
ltibia 46.3242 0 0
lfoot -28.5742 2.75667 0
ltoes 7.19983 0 0
rfemur -51.825 -2.39106 11.8785
rtibia 61.6602 0 0
rfoot 7.85395 9.72802 0
rtoes -19.3351 0 0
lowerback 5.58955 -0.779417 -3.55488
upperback 1.30458 -1.14135 1.86769
thorax -1.64701 -0.570023 3.99102
lowerneck -7.22725 -11.7404 -3.11476
upperneck 11.2835 -15.9864 4.32642
head 5.2118 -7.67369 0.699213
lclavicle -9.11335e-16 -2.58068e-15 0
lhumerus -36.223 -30.5427 100.624
lradius 54.8128 0 0
lwrist 14.9637 0 0
lhand -5.79149 -0.938441 0
lfingers 7.12502 0 0
lthumb 19.9827 27.4549 0
rclavicle -9.11335e-16 -2.58068e-15 0
rhumerus -4.51827 30.1515 -82.1048
rradius 116.524 0 0
rwrist -13.7232 0 0
rhand -11.7324 -16.4849 0
rfingers 7.12502 0 0
rthumb 14.2753 -765.359 0
549
root 5.86857 16.4181 -4.45991 -113.585 87.6338 -119.159
lfemur -20.9479 -3.54963 -20.4967
ltibia 46.285 0 0
lfoot -28.664 3.0393 0
ltoes 6.9968 0 0
rfemur -51.6271 -2.64822 11.9887
rtibia 61.4555 0 0
rfoot 7.85082 9.70241 0
rtoes -19.4186 0 0
lowerback 5.55701 -0.792738 -3.61587
upperback 1.324 -1.16131 1.87403
thorax -1.60548 -0.581004 4.03254
lowerneck -7.17579 -11.7777 -3.13434
upperneck 11.323 -16.0451 4.3908
head 5.22479 -7.69868 0.717614
lclavicle -9.26093e-16 -2.40291e-15 0
lhumerus -35.8879 -30.4479 100.18
lradius 54.7701 0 0
lwrist 15.2424 0 0
lhand -6.17901 -0.981818 0
lfingers 7.12502 0 0
lthumb 19.6107 27.4535 0
rclavicle -9.26093e-16 -2.40291e-15 0
rhumerus -3.68429 29.7613 -81.8477
rradius 117.011 0 0
rwrist -14.6107 0 0
rhand -12.1549 -16.5734 0
rfingers 7.12502 0 0
rthumb 13.8687 -765.479 0
550
root 5.87957 16.417 -4.42838 -112.709 87.6238 -118.277
lfemur -20.8377 -3.14818 -20.4503
ltibia 46.2459 0 0
lfoot -28.7537 3.3216 0
ltoes 6.79403 0 0
rfemur -51.4295 -2.90505 12.0988
rtibia 61.2509 0 0
rfoot 7.84763 9.67691 0
rtoes -19.502 0 0
lowerback 5.52446 -0.80605 -3.6768
upperback 1.34339 -1.18125 1.88035
thorax -1.56399 -0.591978 4.07401
lowerneck -7.12438 -11.8149 -3.15389
upperneck 11.3624 -16.1037 4.45511
head 5.23776 -7.72363 0.735994
lclavicle -9.41977e-16 -2.22498e-15 0
lhumerus -35.5531 -30.3532 99.7372
lradius 54.7274 0 0
lwrist 15.5208 0 0
lhand -6.56606 -1.02514 0
lfingers 7.12502 0 0
lthumb 19.2391 27.4522 0
rclavicle -9.41977e-16 -2.22498e-15 0
rhumerus -2.85143 29.3713 -81.591
rradius 117.497 0 0
rwrist -15.4971 0 0
rhand -12.5771 -16.6617 0
rfingers 7.12502 0 0
rthumb 13.4624 -765.599 0
551
root 5.89054 16.416 -4.39691 -111.831 87.6137 -117.393
lfemur -20.7278 -2.74732 -20.4039
ltibia 46.2068 0 0
lfoot -28.8431 3.60341 0
ltoes 6.59166 0 0
rfemur -51.2321 -3.16141 12.2087
rtibia 61.0467 0 0
rfoot 7.84438 9.65154 0
rtoes -19.5854 0 0
lowerback 5.49195 -0.819345 -3.73764
upperback 1.36273 -1.20117 1.88665
thorax -1.52256 -0.602938 4.1154
lowerneck -7.07306 -11.8521 -3.17338
upperneck 11.4018 -16.1622 4.51931
head 5.25071 -7.74852 0.754342
lclavicle -9.59046e-16 -2.04703e-15 0
lhumerus -35.219 -30.2587 99.2948
lradius 54.6848 0 0
lwrist 15.7987 0 0
lhand -6.9524 -1.06839 0
lfingers 7.12502 0 0
lthumb 18.8683 27.4509 0
rclavicle -9.59046e-16 -2.04703e-15 0
rhumerus -2.02018 28.982 -81.3349
rradius 117.983 0 0
rwrist -16.3817 0 0
rhand -12.9986 -16.75 0
rfingers 7.12502 0 0
rthumb 13.0567 -765.719 0
552
root 5.90147 16.4149 -4.36552 -110.95 87.6037 -116.506
lfemur -20.6182 -2.3473 -20.3576
ltibia 46.1678 0 0
lfoot -28.9324 3.88457 0
ltoes 6.38979 0 0
rfemur -51.0352 -3.41714 12.3185
rtibia 60.8429 0 0
rfoot 7.84105 9.62631 0
rtoes -19.6687 0 0
lowerback 5.45947 -0.832616 -3.79836
upperback 1.38201 -1.22105 1.89291
thorax -1.48122 -0.613877 4.15669
lowerneck -7.02187 -11.8892 -3.19282
upperneck 11.441 -16.2204 4.58336
head 5.26362 -7.77334 0.772649
lclavicle -9.77361e-16 -1.86923e-15 0
lhumerus -34.8856 -30.1644 98.8535
lradius 54.6423 0 0
lwrist 16.0759 0 0
lhand -7.3378 -1.11153 0
lfingers 7.12502 0 0
lthumb 18.4983 27.4495 0
rclavicle -9.77361e-16 -1.86923e-15 0
rhumerus -1.19103 28.5934 -81.0795
rradius 118.466 0 0
rwrist -17.2642 0 0
rhand -13.4192 -16.8381 0
rfingers 7.12502 0 0
rthumb 12.6519 -765.838 0
553
root 5.91237 16.4139 -4.33423 -110.068 87.5937 -115.618
lfemur -20.5089 -1.94835 -20.3115
ltibia 46.1288 0 0
lfoot -29.0213 4.16489 0
ltoes 6.18854 0 0
rfemur -50.8389 -3.67209 12.428
rtibia 60.6397 0 0
rfoot 7.83765 9.60125 0
rtoes -19.7519 0 0
lowerback 5.42706 -0.845855 -3.85892
upperback 1.40123 -1.24089 1.89913
thorax -1.43999 -0.624789 4.19785
lowerneck -6.97084 -11.9261 -3.21219
upperneck 11.4802 -16.2785 4.64722
head 5.27649 -7.79808 0.790901
lclavicle -9.96983e-16 -1.69172e-15 0
lhumerus -34.5531 -30.0705 98.4135
lradius 54.5999 0 0
lwrist 16.3523 0 0
lhand -7.72204 -1.15454 0
lfingers 7.12502 0 0
lthumb 18.1294 27.4482 0
rclavicle -9.96983e-16 -1.69172e-15 0
rhumerus -0.364474 28.206 -80.8249
rradius 118.949 0 0
rwrist -18.144 0 0
rhand -13.8386 -16.9261 0
rfingers 7.12502 0 0
rthumb 12.2482 -765.957 0
554
root 5.92322 16.4128 -4.30305 -109.185 87.5837 -114.728
lfemur -20.4 -1.5507 -20.2655
ltibia 46.09 0 0
lfoot -29.11 4.44423 0
ltoes 5.98802 0 0
rfemur -50.6432 -3.9261 12.5371
rtibia 60.4372 0 0
rfoot 7.83419 9.57635 0
rtoes -19.8348 0 0
lowerback 5.39473 -0.859053 -3.91929
upperback 1.42036 -1.26066 1.90532
thorax -1.3989 -0.635668 4.23886
lowerneck -6.91999 -11.9629 -3.23148
upperneck 11.5192 -16.3364 4.71086
head 5.28932 -7.82272 0.80909
lclavicle -1.01797e-15 -1.51466e-15 0
lhumerus -34.2218 -29.9769 97.9751
lradius 54.5577 0 0
lwrist 16.6277 0 0
lhand -8.10488 -1.1974 0
lfingers 7.12502 0 0
lthumb 17.7619 27.4469 0
rclavicle -1.01797e-15 -1.51466e-15 0
rhumerus 0.459006 27.8198 -80.5713
rradius 119.429 0 0
rwrist -19.0205 0 0
rhand -14.2567 -17.0137 0
rfingers 7.12502 0 0
rthumb 11.8459 -766.076 0
555
root 5.93403 16.4118 -4.272 -108.302 87.5737 -113.839
lfemur -20.2916 -1.15458 -20.2198
ltibia 46.0513 0 0
lfoot -29.1982 4.7224 0
ltoes 5.78837 0 0
rfemur -50.4482 -4.17901 12.6458
rtibia 60.2354 0 0
rfoot 7.83065 9.55165 0
rtoes -19.9175 0 0
lowerback 5.36251 -0.872203 -3.97943
upperback 1.43941 -1.28036 1.91147
thorax -1.35798 -0.646506 4.27969
lowerneck -6.86935 -11.9995 -3.25067
upperneck 11.5581 -16.394 4.77424
head 5.3021 -7.84724 0.827204
lclavicle -1.04039e-15 -1.3382e-15 0
lhumerus -33.8919 -29.8837 97.5384
lradius 54.5157 0 0
lwrist 16.9019 0 0
lhand -8.48609 -1.24008 0
lfingers 7.12502 0 0
lthumb 17.396 27.4456 0
rclavicle -1.04039e-15 -1.3382e-15 0
rhumerus 1.27892 27.4351 -80.3188
rradius 119.908 0 0
rwrist -19.8933 0 0
rhand -14.6731 -17.1011 0
rfingers 7.12502 0 0
rthumb 11.4452 -766.195 0
556
root 5.94477 16.4108 -4.24111 -107.418 87.5638 -112.949
lfemur -20.1837 -0.760228 -20.1743
ltibia 46.0128 0 0
lfoot -29.286 4.99924 0
ltoes 5.58968 0 0
rfemur -50.2542 -4.43068 12.7541
rtibia 60.0345 0 0
rfoot 7.82703 9.52716 0
rtoes -20 0 0
lowerback 5.33041 -0.885298 -4.0393
upperback 1.45835 -1.29997 1.91756
thorax -1.31725 -0.657297 4.32031
lowerneck -6.81896 -12.036 -3.26977
upperneck 11.5967 -16.4513 4.83732
head 5.31481 -7.87163 0.845232
lclavicle -1.0643e-15 -1.16249e-15 0
lhumerus -33.5635 -29.791 97.1039
lradius 54.4738 0 0
lwrist 17.1748 0 0
lhand -8.86544 -1.28255 0
lfingers 7.12502 0 0
lthumb 17.0318 27.4443 0
rclavicle -1.0643e-15 -1.16249e-15 0
rhumerus 2.09478 27.0522 -80.0677
rradius 120.384 0 0
rwrist -20.7618 0 0
rhand -15.0875 -17.1881 0
rfingers 7.12502 0 0
rthumb 11.0463 -766.313 0
557
root 5.95545 16.4097 -4.21038 -106.536 87.5539 -112.061
lfemur -20.0765 -0.367871 -20.129
ltibia 45.9745 0 0
lfoot -29.3734 5.27459 0
ltoes 5.39208 0 0
rfemur -50.0612 -4.68095 12.8618
rtibia 59.8347 0 0
rfoot 7.82335 9.50289 0
rtoes -20.0821 0 0
lowerback 5.29845 -0.898328 -4.09887
upperback 1.47718 -1.31949 1.92361
thorax -1.27673 -0.668036 4.36072
lowerneck -6.76885 -12.0722 -3.28874
upperneck 11.6352 -16.5083 4.90007
head 5.32746 -7.89588 0.863164
lclavicle -1.08975e-15 -9.87687e-16 0
lhumerus -33.2369 -29.6989 96.6718
lradius 54.4323 0 0
lwrist 17.4462 0 0
lhand -9.2427 -1.32479 0
lfingers 7.12502 0 0
lthumb 16.6697 27.443 0
rclavicle -1.08975e-15 -9.87687e-16 0
rhumerus 2.90609 26.6713 -79.818
rradius 120.857 0 0
rwrist -21.6256 0 0
rhand -15.4998 -17.2746 0
rfingers 7.12502 0 0
rthumb 10.6495 -766.43 0
558
root 5.96605 16.4087 -4.17985 -105.654 87.5441 -111.173
lfemur -19.9699 0.0222564 -20.084
ltibia 45.9365 0 0
lfoot -29.4601 5.54827 0
ltoes 5.19569 0 0
rfemur -49.8693 -4.92967 12.969
rtibia 59.6359 0 0
rfoot 7.81958 9.47886 0
rtoes -20.1638 0 0
lowerback 5.26666 -0.911287 -4.1581
upperback 1.49588 -1.3389 1.9296
thorax -1.23645 -0.678714 4.40087
lowerneck -6.71904 -12.1081 -3.3076
upperneck 11.6734 -16.5649 4.96244
head 5.34003 -7.91998 0.880989
lclavicle -1.11682e-15 -8.13935e-16 0
lhumerus -32.9122 -29.6073 96.2423
lradius 54.3909 0 0
lwrist 17.716 0 0
lhand -9.61764 -1.36678 0
lfingers 7.12502 0 0
lthumb 16.3098 27.4417 0
rclavicle -1.11682e-15 -8.13935e-16 0
rhumerus 3.71237 26.2927 -79.5698
rradius 121.327 0 0
rwrist -22.484 0 0
rhand -15.9097 -17.3607 0
rfingers 7.12502 0 0
rthumb 10.255 -766.547 0
559
root 5.97658 16.4077 -4.14952 -104.774 87.5342 -110.287
lfemur -19.8641 0.409922 -20.0393
ltibia 45.8986 0 0
lfoot -29.5463 5.82012 0
ltoes 5.00062 0 0
rfemur -49.6787 -5.17668 13.0754
rtibia 59.4384 0 0
rfoot 7.81573 9.45509 0
rtoes -20.2452 0 0
lowerback 5.23504 -0.924165 -4.21697
upperback 1.51445 -1.3582 1.93554
thorax -1.19643 -0.689327 4.44075
lowerneck -6.66958 -12.1439 -3.32632
upperneck 11.7114 -16.6211 5.0244
head 5.35253 -7.9439 0.898696
lclavicle -1.14556e-15 -6.41391e-16 0
lhumerus -32.5897 -29.5164 95.8157
lradius 54.3499 0 0
lwrist 17.984 0 0
lhand -9.99003 -1.40848 0
lfingers 7.12502 0 0
lthumb 15.9523 27.4404 0
rclavicle -1.14556e-15 -6.41391e-16 0
rhumerus 4.51313 25.9165 -79.3234
rradius 121.794 0 0
rwrist -23.3367 0 0
rhand -16.3169 -17.4463 0
rfingers 7.12502 0 0
rthumb 9.86313 -766.663 0
560
root 5.98702 16.4067 -4.11942 -103.897 87.5244 -109.404
lfemur -19.759 0.794892 -19.995
ltibia 45.8611 0 0
lfoot -29.6318 6.08998 0
ltoes 4.80699 0 0
rfemur -49.4895 -5.42182 13.1812
rtibia 59.2423 0 0
rfoot 7.81181 9.43159 0
rtoes -20.3261 0 0
lowerback 5.20363 -0.936957 -4.27542
upperback 1.53287 -1.37735 1.94141
thorax -1.1567 -0.699867 4.48034
lowerneck -6.62048 -12.1793 -3.34489
upperneck 11.7492 -16.6769 5.08591
head 5.36493 -7.96763 0.916273
lclavicle -1.17603e-15 -4.70206e-16 0
lhumerus -32.2695 -29.4262 95.3922
lradius 54.3092 0 0
lwrist 18.2499 0 0
lhand -10.3596 -1.44988 0
lfingers 7.12502 0 0
lthumb 15.5975 27.4391 0
rclavicle -1.17603e-15 -4.70206e-16 0
rhumerus 5.30788 25.543 -79.0789
rradius 122.258 0 0
rwrist -24.183 0 0
rhand -16.7211 -17.5313 0
rfingers 7.12502 0 0
rthumb 9.47408 -766.778 0
561
root 5.99738 16.4057 -4.08956 -103.022 87.5147 -108.523
lfemur -19.6549 1.17694 -19.951
ltibia 45.8238 0 0
lfoot -29.7167 6.35766 0
ltoes 4.61492 0 0
rfemur -49.3017 -5.66495 13.2861
rtibia 59.0476 0 0
rfoot 7.8078 9.40837 0
rtoes -20.4065 0 0
lowerback 5.17244 -0.949653 -4.33343
upperback 1.55113 -1.39637 1.94722
thorax -1.11728 -0.710327 4.5196
lowerneck -6.57178 -12.2144 -3.3633
upperneck 11.7866 -16.7322 5.14693
head 5.37724 -7.99116 0.933712
lclavicle -1.20829e-15 -3.00533e-16 0
lhumerus -31.9518 -29.3368 94.9721
lradius 54.2688 0 0
lwrist 18.5137 0 0
lhand -10.7262 -1.49094 0
lfingers 7.12502 0 0
lthumb 15.2456 27.4379 0
rclavicle -1.20829e-15 -3.00533e-16 0
rhumerus 6.09613 25.1725 -78.8364
rradius 122.717 0 0
rwrist -25.0225 0 0
rhand -17.1222 -17.6156 0
rfingers 7.12502 0 0
rthumb 9.08809 -766.892 0
562
root 6.00763 16.4047 -4.05997 -102.151 87.5049 -107.647
lfemur -19.5517 1.55582 -19.9074
ltibia 45.7868 0 0
lfoot -29.8007 6.62302 0
ltoes 4.42452 0 0
rfemur -49.1155 -5.90591 13.3902
rtibia 58.8545 0 0
rfoot 7.80372 9.38546 0
rtoes -20.4863 0 0
lowerback 5.1415 -0.962245 -4.39097
upperback 1.56922 -1.41523 1.95296
thorax -1.0782 -0.720702 4.55851
lowerneck -6.52352 -12.2492 -3.38155
upperneck 11.8237 -16.7871 5.20743
head 5.38945 -8.01448 0.950999
lclavicle -1.24241e-15 -1.32524e-16 0
lhumerus -31.6368 -29.2482 94.5558
lradius 54.2288 0 0
lwrist 18.7752 0 0
lhand -11.0896 -1.53164 0
lfingers 7.12502 0 0
lthumb 14.8968 27.4366 0
rclavicle -1.24241e-15 -1.32524e-16 0
rhumerus 6.87739 24.8052 -78.5961
rradius 123.173 0 0
rwrist -25.8546 0 0
rhand -17.5198 -17.6992 0
rfingers 7.12502 0 0
rthumb 8.70542 -767.005 0
563
root 6.01778 16.4037 -4.03065 -101.284 87.4952 -106.774
lfemur -19.4494 1.93131 -19.8643
ltibia 45.7502 0 0
lfoot -29.884 6.88587 0
ltoes 4.23591 0 0
rfemur -48.931 -6.14454 13.4934
rtibia 58.663 0 0
rfoot 7.79954 9.36288 0
rtoes -20.5656 0 0
lowerback 5.11081 -0.974727 -4.44799
upperback 1.58712 -1.43393 1.95862
thorax -1.03948 -0.730985 4.59706
lowerneck -6.47571 -12.2837 -3.39961
upperneck 11.8605 -16.8413 5.26736
head 5.40154 -8.03757 0.968126
lclavicle -1.27844e-15 3.36693e-17 0
lhumerus -31.3248 -29.1606 94.1434
lradius 54.1891 0 0
lwrist 19.0343 0 0
lhand -11.4494 -1.57196 0
lfingers 7.12502 0 0
lthumb 14.5514 27.4353 0
rclavicle -1.27844e-15 3.36693e-17 0
rhumerus 7.65117 24.4413 -78.3581
rradius 123.624 0 0
rwrist -26.6788 0 0
rhand -17.9137 -17.7822 0
rfingers 7.12502 0 0
rthumb 8.32631 -767.118 0
564
root 6.02783 16.4027 -4.00164 -100.421 87.4856 -105.905
lfemur -19.3483 2.30318 -19.8216
ltibia 45.714 0 0
lfoot -29.9664 7.14605 0
ltoes 4.0492 0 0
rfemur -48.7484 -6.38069 13.5955
rtibia 58.4734 0 0
rfoot 7.79528 9.34063 0
rtoes -20.6442 0 0
lowerback 5.08041 -0.987089 -4.50446
upperback 1.60483 -1.45244 1.96421
thorax -1.00115 -0.741169 4.63521
lowerneck -6.4284 -12.3178 -3.41748
upperneck 11.8969 -16.8951 5.3267
head 5.41352 -8.06041 0.985081
lclavicle -1.31644e-15 1.97894e-16 0
lhumerus -31.0159 -29.0738 93.7351
lradius 54.1499 0 0
lwrist 19.2907 0 0
lhand -11.8056 -1.61187 0
lfingers 7.12502 0 0
lthumb 14.2095 27.4341 0
rclavicle -1.31644e-15 1.97894e-16 0
rhumerus 8.41699 24.081 -78.1226
rradius 124.07 0 0
rwrist -27.4947 0 0
rhand -18.3037 -17.8643 0
rfingers 7.12502 0 0
rthumb 7.951 -767.229 0
565
root 6.03775 16.4018 -3.97295 -99.5634 87.476 -105.042
lfemur -19.2483 2.67119 -19.7793
ltibia 45.6782 0 0
lfoot -30.0479 7.4034 0
ltoes 3.86452 0 0
rfemur -48.5677 -6.61421 13.6967
rtibia 58.2856 0 0
rfoot 7.79094 9.31873 0
rtoes -20.7221 0 0
lowerback 5.0503 -0.999325 -4.56034
upperback 1.62234 -1.47076 1.96972
thorax -0.963225 -0.751248 4.67294
lowerneck -6.38161 -12.3515 -3.43515
upperneck 11.933 -16.9482 5.3854
head 5.42538 -8.08299 1.00185
lclavicle -1.35649e-15 3.59999e-16 0
lhumerus -30.7104 -28.9881 93.3314
lradius 54.1111 0 0
lwrist 19.5442 0 0
lhand -12.1578 -1.65134 0
lfingers 7.12502 0 0
lthumb 13.8713 27.4329 0
rclavicle -1.35649e-15 3.59999e-16 0
rhumerus 9.17436 23.7247 -77.8896
rradius 124.512 0 0
rwrist -28.3017 0 0
rhand -18.6894 -17.9455 0
rfingers 7.12502 0 0
rthumb 7.57975 -767.339 0
566
root 6.04755 16.4008 -3.94459 -98.7115 87.4664 -104.185
lfemur -19.1494 3.03511 -19.7376
ltibia 45.6427 0 0
lfoot -30.1284 7.65774 0
ltoes 3.68198 0 0
rfemur -48.389 -6.84494 13.7967
rtibia 58.0999 0 0
rfoot 7.7865 9.2972 0
rtoes -20.7994 0 0
lowerback 5.02052 -1.01143 -4.61561
upperback 1.63963 -1.48888 1.97514
thorax -0.925742 -0.761215 4.71022
lowerneck -6.33537 -12.3848 -3.4526
upperneck 11.9687 -17.0006 5.44342
head 5.43711 -8.10529 1.01843
lclavicle -1.39862e-15 5.19831e-16 0
lhumerus -30.4083 -28.9034 92.9324
lradius 54.0728 0 0
lwrist 19.7949 0 0
lhand -12.5059 -1.69036 0
lfingers 7.12502 0 0
lthumb 13.5372 27.4316 0
rclavicle -1.39862e-15 5.19831e-16 0
rhumerus 9.92278 23.3724 -77.6595
rradius 124.948 0 0
rwrist -29.0992 0 0
rhand -19.0707 -18.0259 0
rfingers 7.12502 0 0
rthumb 7.21278 -767.448 0
567
root 6.05722 16.3999 -3.91659 -97.8658 87.4568 -103.334
lfemur -19.0519 3.3947 -19.6964
ltibia 45.6078 0 0
lfoot -30.2079 7.90891 0
ltoes 3.5017 0 0
rfemur -48.2126 -7.07273 13.8955
rtibia 57.9163 0 0
rfoot 7.78198 9.27606 0
rtoes -20.8758 0 0
lowerback 4.99108 -1.02338 -4.67022
upperback 1.65669 -1.50679 1.98048
thorax -0.888719 -0.771064 4.74704
lowerneck -6.28971 -12.4177 -3.46983
upperneck 12.0039 -17.0524 5.50074
head 5.4487 -8.12731 1.0348
lclavicle -1.44292e-15 6.77238e-16 0
lhumerus -30.11 -28.8199 92.5384
lradius 54.035 0 0
lwrist 20.0423 0 0
lhand -12.8496 -1.72888 0
lfingers 7.12502 0 0
lthumb 13.2073 27.4304 0
rclavicle -1.44292e-15 6.77238e-16 0
rhumerus 10.6618 23.0246 -77.4322
rradius 125.379 0 0
rwrist -29.8868 0 0
rhand -19.4473 -18.1053 0
rfingers 7.12502 0 0
rthumb 6.85036 -767.555 0
568
root 6.06676 16.399 -3.88896 -97.0268 87.4473 -102.49
lfemur -18.9557 3.74975 -19.6558
ltibia 45.5733 0 0
lfoot -30.2864 8.15675 0
ltoes 3.32379 0 0
rfemur -48.0384 -7.29742 13.9931
rtibia 57.735 0 0
rfoot 7.77736 9.25531 0
rtoes -20.9515 0 0
lowerback 4.962 -1.03519 -4.72414
upperback 1.67351 -1.52447 1.98572
thorax -0.852183 -0.780788 4.78337
lowerneck -6.24467 -12.4501 -3.48683
upperneck 12.0387 -17.1035 5.5573
head 5.46014 -8.14903 1.05096
lclavicle -1.48943e-15 8.32068e-16 0
lhumerus -29.8155 -28.7376 92.1497
lradius 53.9977 0 0
lwrist 20.2865 0 0
lhand -13.1886 -1.7669 0
lfingers 7.12502 0 0
lthumb 12.8819 27.4292 0
rclavicle -1.48943e-15 8.32068e-16 0
rhumerus 11.3908 22.6813 -77.2081
rradius 125.804 0 0
rwrist -30.6639 0 0
rhand -19.8189 -18.1837 0
rfingers 7.12502 0 0
rthumb 6.49271 -767.661 0
569
root 6.07615 16.3981 -3.86172 -96.1952 87.4379 -101.653
lfemur -18.8608 4.1 -19.6157
ltibia 45.5393 0 0
lfoot -30.3637 8.40107 0
ltoes 3.14837 0 0
rfemur -47.8667 -7.51887 14.0893
rtibia 57.556 0 0
rfoot 7.77266 9.23499 0
rtoes -21.0262 0 0
lowerback 4.9333 -1.04684 -4.77733
upperback 1.69008 -1.54191 1.99087
thorax -0.816158 -0.790381 4.81918
lowerneck -6.20028 -12.482 -3.50357
upperneck 12.073 -17.1539 5.61307
head 5.47143 -8.17043 1.0669
lclavicle -1.53822e-15 9.8417e-16 0
lhumerus -29.5252 -28.6565 91.7665
lradius 53.961 0 0
lwrist 20.5273 0 0
lhand -13.5228 -1.80438 0
lfingers 7.12502 0 0
lthumb 12.5611 27.428 0
rclavicle -1.53822e-15 9.8417e-16 0
rhumerus 12.1095 22.3429 -76.9871
rradius 126.223 0 0
rwrist -31.4301 0 0
rhand -20.1853 -18.261 0
rfingers 7.12502 0 0
rthumb 6.1401 -767.766 0
570
root 6.08539 16.3972 -3.8349 -95.3714 87.4285 -100.824
lfemur -18.7674 4.44524 -19.5763
ltibia 45.5058 0 0
lfoot -30.4398 8.64173 0
ltoes 2.97556 0 0
rfemur -47.6975 -7.73691 14.1842
rtibia 57.3795 0 0
rfoot 7.76785 9.2151 0
rtoes -21.1001 0 0
lowerback 4.905 -1.05832 -4.82976
upperback 1.70639 -1.55911 1.99592
thorax -0.780668 -0.799836 4.85445
lowerneck -6.15656 -12.5135 -3.52006
upperneck 12.1069 -17.2035 5.66802
head 5.48257 -8.19149 1.08259
lclavicle -1.58935e-15 1.13339e-15 0
lhumerus -29.2392 -28.5767 91.3891
lradius 53.9248 0 0
lwrist 20.7644 0 0
lhand -13.8518 -1.8413 0
lfingers 7.12502 0 0
lthumb 12.2452 27.4269 0
rclavicle -1.58935e-15 1.13339e-15 0
rhumerus 12.8173 22.0095 -76.7694
rradius 126.635 0 0
rwrist -32.1848 0 0
rhand -20.5462 -18.3372 0
rfingers 7.12502 0 0
rthumb 5.79276 -767.869 0
571
root 6.09448 16.3963 -3.80851 -94.5561 87.4191 -100.004
lfemur -18.6756 4.78522 -19.5375
ltibia 45.4728 0 0
lfoot -30.5147 8.87854 0
ltoes 2.80547 0 0
rfemur -47.5309 -7.95139 14.2776
rtibia 57.2055 0 0
rfoot 7.76296 9.19566 0
rtoes -21.1731 0 0
lowerback 4.87712 -1.06963 -4.88139
upperback 1.72242 -1.57604 2.00086
thorax -0.745739 -0.809147 4.88915
lowerneck -6.11354 -12.5444 -3.53628
upperneck 12.1402 -17.2522 5.72211
head 5.49354 -8.21221 1.09804
lclavicle -1.64288e-15 1.27958e-15 0
lhumerus -28.9577 -28.4982 91.0178
lradius 53.8892 0 0
lwrist 20.9977 0 0
lhand -14.1756 -1.87763 0
lfingers 7.12502 0 0
lthumb 11.9344 27.4257 0
rclavicle -1.64288e-15 1.27958e-15 0
rhumerus 13.5136 21.6815 -76.5553
rradius 127.041 0 0
rwrist -32.9275 0 0
rhand -20.9014 -18.4122 0
rfingers 7.12502 0 0
rthumb 5.45094 -767.971 0
572
root 6.1034 16.3954 -3.78256 -93.7498 87.4097 -99.1925
lfemur -18.5853 5.11972 -19.4994
ltibia 45.4405 0 0
lfoot -30.5884 9.11135 0
ltoes 2.63823 0 0
rfemur -47.3671 -8.16215 14.3695
rtibia 57.0343 0 0
rfoot 7.75796 9.17668 0
rtoes -21.245 0 0
lowerback 4.84968 -1.08076 -4.93219
upperback 1.73817 -1.59269 2.0057
thorax -0.711395 -0.818307 4.92327
lowerneck -6.07127 -12.5748 -3.55222
upperneck 12.173 -17.3002 5.77529
head 5.50433 -8.23257 1.11323
lclavicle -1.69888e-15 1.42258e-15 0
lhumerus -28.6808 -28.4212 90.6528
lradius 53.8543 0 0
lwrist 21.227 0 0
lhand -14.4938 -1.91334 0
lfingers 7.12502 0 0
lthumb 11.6289 27.4246 0
rclavicle -1.69888e-15 1.42258e-15 0
rhumerus 14.1982 21.359 -76.3448
rradius 127.44 0 0
rwrist -33.6577 0 0
rhand -21.2505 -18.4861 0
rfingers 7.12502 0 0
rthumb 5.11488 -768.07 0
573
root 6.11216 16.3946 -3.75708 -92.953 87.4005 -98.3909
lfemur -18.4967 5.4485 -19.4619
ltibia 45.4087 0 0
lfoot -30.6606 9.33998 0
ltoes 2.47394 0 0
rfemur -47.2061 -8.36905 14.4599
rtibia 56.8658 0 0
rfoot 7.75287 9.15819 0
rtoes -21.316 0 0
lowerback 4.82269 -1.09169 -4.98212
upperback 1.75362 -1.60906 2.01043
thorax -0.677662 -0.82731 4.95677
lowerneck -6.02976 -12.6046 -3.56786
upperneck 12.2053 -17.3472 5.82754
head 5.51495 -8.25256 1.12815
lclavicle -1.75739e-15 1.56224e-15 0
lhumerus -28.4089 -28.3457 90.2944
lradius 53.82 0 0
lwrist 21.4522 0 0
lhand -14.8062 -1.94842 0
lfingers 7.12502 0 0
lthumb 11.329 27.4234 0
rclavicle -1.75739e-15 1.56224e-15 0
rhumerus 14.8703 21.0423 -76.1381
rradius 127.832 0 0
rwrist -34.3749 0 0
rhand -21.5935 -18.5586 0
rfingers 7.12502 0 0
rthumb 4.78483 -768.169 0
574
root 6.12074 16.3938 -3.73209 -92.1663 87.3912 -97.5995
lfemur -18.4098 5.77134 -19.4252
ltibia 45.3776 0 0
lfoot -30.7315 9.56426 0
ltoes 2.31272 0 0
rfemur -47.0482 -8.57193 14.5486
rtibia 56.7003 0 0
rfoot 7.74767 9.14019 0
rtoes -21.3858 0 0
lowerback 4.79619 -1.10243 -5.03115
upperback 1.76876 -1.62514 2.01504
thorax -0.644563 -0.836149 4.98964
lowerneck -5.98905 -12.6339 -3.58321
upperneck 12.237 -17.3934 5.87881
head 5.52537 -8.27215 1.14279
lclavicle -1.81849e-15 1.69842e-15 0
lhumerus -28.1421 -28.2717 89.9428
lradius 53.7863 0 0
lwrist 21.6732 0 0
lhand -15.1127 -1.98283 0
lfingers 7.12502 0 0
lthumb 11.0349 27.4223 0
rclavicle -1.81849e-15 1.69842e-15 0
rhumerus 15.5296 20.7316 -75.9353
rradius 128.216 0 0
rwrist -35.0785 0 0
rhand -21.9299 -18.6298 0
rfingers 7.12502 0 0
rthumb 4.46103 -768.265 0
575
root 6.12914 16.3929 -3.7076 -91.3903 87.382 -96.8189
lfemur -18.3247 6.08799 -19.3893
ltibia 45.3471 0 0
lfoot -30.801 9.78404 0
ltoes 2.1547 0 0
rfemur -46.8933 -8.77064 14.6356
rtibia 56.5378 0 0
rfoot 7.74238 9.12271 0
rtoes -21.4545 0 0
lowerback 4.77019 -1.11296 -5.07923
upperback 1.78358 -1.6409 2.01954
thorax -0.612123 -0.844818 5.02184
lowerneck -5.94917 -12.6625 -3.59824
upperneck 12.2681 -17.4386 5.92907
head 5.53561 -8.29134 1.15714
lclavicle -1.88223e-15 1.83095e-15 0
lhumerus -27.8805 -28.1993 89.5984
lradius 53.7534 0 0
lwrist 21.8897 0 0
lhand -15.4128 -2.01655 0
lfingers 7.12502 0 0
lthumb 10.7468 27.4212 0
rclavicle -1.88223e-15 1.83095e-15 0
rhumerus 16.1755 20.4272 -75.7366
rradius 128.593 0 0
rwrist -35.768 0 0
rhand -22.2596 -18.6996 0
rfingers 7.12502 0 0
rthumb 4.14372 -768.359 0
576
root 6.13735 16.3921 -3.68363 -90.6255 87.3729 -96.0496
lfemur -18.2414 6.39822 -19.3541
ltibia 45.3173 0 0
lfoot -30.869 9.99913 0
ltoes 1.99999 0 0
rfemur -46.7417 -8.96501 14.7208
rtibia 56.3785 0 0
rfoot 7.73698 9.10576 0
rtoes -21.5221 0 0
lowerback 4.7447 -1.12328 -5.12634
upperback 1.79807 -1.65635 2.02391
thorax -0.580368 -0.85331 5.05336
lowerneck -5.91015 -12.6905 -3.61294
upperneck 12.2986 -17.4828 5.97827
head 5.54564 -8.31011 1.17119
lclavicle -1.94867e-15 1.95969e-15 0
lhumerus -27.6245 -28.1286 89.2613
lradius 53.7212 0 0
lwrist 22.1016 0 0
lhand -15.7065 -2.04956 0
lfingers 7.12502 0 0
lthumb 10.4648 27.4201 0
rclavicle -1.94867e-15 1.95969e-15 0
rhumerus 16.8076 20.1293 -75.5422
rradius 128.961 0 0
rwrist -36.443 0 0
rhand -22.5823 -18.7679 0
rfingers 7.12502 0 0
rthumb 3.83316 -768.452 0
577
root 6.14536 16.3914 -3.66021 -89.8724 87.3638 -95.2921
lfemur -18.1601 6.70181 -19.3197
ltibia 45.2881 0 0
lfoot -30.9354 10.2094 0
ltoes 1.84871 0 0
rfemur -46.5935 -9.1549 14.8042
rtibia 56.2224 0 0
rfoot 7.73148 9.08936 0
rtoes -21.5884 0 0
lowerback 4.71976 -1.13338 -5.17245
upperback 1.81222 -1.67146 2.02815
thorax -0.549323 -0.861619 5.08416
lowerneck -5.87202 -12.7179 -3.62731
upperneck 12.3284 -17.526 6.02639
head 5.55547 -8.32844 1.18493
lclavicle -2.01788e-15 2.08448e-15 0
lhumerus -27.3741 -28.0595 88.9319
lradius 53.6897 0 0
lwrist 22.3087 0 0
lhand -15.9935 -2.08183 0
lfingers 7.12502 0 0
lthumb 10.1894 27.4191 0
rclavicle -2.01788e-15 2.08448e-15 0
rhumerus 17.4254 19.8381 -75.3521
rradius 129.321 0 0
rwrist -37.1029 0 0
rhand -22.8977 -18.8348 0
rfingers 7.12502 0 0
rthumb 3.52959 -768.542 0
578
root 6.15318 16.3906 -3.63734 -89.1317 87.3547 -94.5472
lfemur -18.0807 6.99852 -19.2862
ltibia 45.2597 0 0
lfoot -31.0002 10.4146 0
ltoes 1.70096 0 0
rfemur -46.4487 -9.34016 14.8857
rtibia 56.0697 0 0
rfoot 7.72587 9.07352 0
rtoes -21.6535 0 0
lowerback 4.69537 -1.14325 -5.2175
upperback 1.82601 -1.68623 2.03227
thorax -0.519011 -0.869738 5.11423
lowerneck -5.83481 -12.7446 -3.64133
upperneck 12.3576 -17.5682 6.07339
head 5.56508 -8.34633 1.19834
lclavicle -2.08991e-15 2.20517e-15 0
lhumerus -27.1296 -27.9923 88.6104
lradius 53.6591 0 0
lwrist 22.5108 0 0
lhand -16.2735 -2.11333 0
lfingers 7.12502 0 0
lthumb 9.92054 27.418 0
rclavicle -2.08991e-15 2.20517e-15 0
rhumerus 18.0284 19.5539 -75.1666
rradius 129.673 0 0
rwrist -37.7471 0 0
rhand -23.2056 -18.9001 0
rfingers 7.12502 0 0
rthumb 3.23325 -768.63 0
579
root 6.16079 16.3899 -3.61505 -88.4039 87.3457 -93.8152
lfemur -18.0034 7.28812 -19.2536
ltibia 45.2321 0 0
lfoot -31.0634 10.6147 0
ltoes 1.55688 0 0
rfemur -46.3074 -9.52062 14.9652
rtibia 55.9205 0 0
rfoot 7.72015 9.05826 0
rtoes -21.7173 0 0
lowerback 4.67156 -1.15288 -5.26147
upperback 1.83944 -1.70064 2.03625
thorax -0.489458 -0.87766 5.14355
lowerneck -5.79855 -12.7706 -3.65499
upperneck 12.3861 -17.6093 6.11921
head 5.57446 -8.36375 1.21142
lclavicle -2.16483e-15 2.32161e-15 0
lhumerus -26.8912 -27.9268 88.297
lradius 53.6292 0 0
lwrist 22.7079 0 0
lhand -16.5464 -2.14403 0
lfingers 7.12502 0 0
lthumb 9.6586 27.417 0
rclavicle -2.16483e-15 2.32161e-15 0
rhumerus 18.6161 19.2768 -74.9857
rradius 130.016 0 0
rwrist -38.3753 0 0
rhand -23.5058 -18.9639 0
rfingers 7.12502 0 0
rthumb 2.94438 -768.716 0
580
root 6.16818 16.3892 -3.59336 -87.6895 87.3368 -93.0968
lfemur -17.9282 7.57037 -19.2218
ltibia 45.2052 0 0
lfoot -31.1249 10.8094 0
ltoes 1.41657 0 0
rfemur -46.1699 -9.69613 15.0427
rtibia 55.7748 0 0
rfoot 7.71433 9.04359 0
rtoes -21.7798 0 0
lowerback 4.64835 -1.16226 -5.30433
upperback 1.85249 -1.71468 2.0401
thorax -0.460689 -0.88538 5.17208
lowerneck -5.76328 -12.7959 -3.66829
upperneck 12.4139 -17.6493 6.16384
head 5.58362 -8.3807 1.22416
lclavicle -2.24269e-15 2.43365e-15 0
lhumerus -26.659 -27.8633 87.9921
lradius 53.6002 0 0
lwrist 22.8997 0 0
lhand -16.8119 -2.17392 0
lfingers 7.12502 0 0
lthumb 9.40376 27.416 0
rclavicle -2.24269e-15 2.43365e-15 0
rhumerus 19.188 19.0073 -74.8097
rradius 130.349 0 0
rwrist -38.9868 0 0
rhand -23.7979 -19.0259 0
rfingers 7.12502 0 0
rthumb 2.66324 -768.8 0
581
root 6.17535 16.3885 -3.57228 -86.9891 87.3279 -92.3925
lfemur -17.8551 7.84505 -19.1909
ltibia 45.1791 0 0
lfoot -31.1846 10.9986 0
ltoes 1.28015 0 0
rfemur -46.0362 -9.86655 15.1181
rtibia 55.6329 0 0
rfoot 7.70839 9.02953 0
rtoes -21.8408 0 0
lowerback 4.62576 -1.1714 -5.34603
upperback 1.86516 -1.72834 2.04381
thorax -0.432728 -0.892891 5.1998
lowerneck -5.72902 -12.8205 -3.6812
upperneck 12.441 -17.6881 6.20723
head 5.59255 -8.39715 1.23654
lclavicle -2.32357e-15 2.54114e-15 0
lhumerus -26.4333 -27.8017 87.6959
lradius 53.572 0 0
lwrist 23.086 0 0
lhand -17.0697 -2.20297 0
lfingers 7.12502 0 0
lthumb 9.15624 27.415 0
rclavicle -2.32357e-15 2.54114e-15 0
rhumerus 19.7437 18.7454 -74.6386
rradius 130.673 0 0
rwrist -39.5811 0 0
rhand -24.0817 -19.0863 0
rfingers 7.12502 0 0
rthumb 2.39006 -768.881 0
582
root 6.18229 16.3878 -3.55183 -86.3032 87.319 -91.7029
lfemur -17.7843 8.11191 -19.161
ltibia 45.1538 0 0
lfoot -31.2425 11.1821 0
ltoes 1.14774 0 0
rfemur -45.9063 -10.0317 15.1914
rtibia 55.4948 0 0
rfoot 7.70235 9.0161 0
rtoes -21.9004 0 0
lowerback 4.6038 -1.18027 -5.38655
upperback 1.87742 -1.74161 2.04737
thorax -0.4056 -0.900185 5.22669
lowerneck -5.6958 -12.8443 -3.69372
upperneck 12.4673 -17.7257 6.24934
head 5.60123 -8.4131 1.24855
lclavicle -2.40751e-15 2.64392e-15 0
lhumerus -26.2143 -27.7421 87.4087
lradius 53.5447 0 0
lwrist 23.2668 0 0
lhand -17.3197 -2.23115 0
lfingers 7.12502 0 0
lthumb 8.91627 27.414 0
rclavicle -2.40751e-15 2.64392e-15 0
rhumerus 20.2825 18.4914 -74.4727
rradius 130.988 0 0
rwrist -40.1578 0 0
rhand -24.3571 -19.1449 0
rfingers 7.12502 0 0
rthumb 2.12509 -768.96 0
583
root 6.189 16.3871 -3.53204 -85.6325 87.3102 -91.0285
lfemur -17.7158 8.37074 -19.1321
ltibia 45.1294 0 0
lfoot -31.2986 11.3598 0
ltoes 1.01947 0 0
rfemur -45.7806 -10.1915 15.2624
rtibia 55.3606 0 0
rfoot 7.69619 9.00332 0
rtoes -21.9586 0 0
lowerback 4.5825 -1.18887 -5.42584
upperback 1.88927 -1.75448 2.05078
thorax -0.37933 -0.907258 5.25272
lowerneck -5.66366 -12.8673 -3.70584
upperneck 12.4929 -17.7622 6.29014
head 5.60965 -8.42853 1.26019
lclavicle -2.49458e-15 2.74184e-15 0
lhumerus -26.0021 -27.6846 87.1307
lradius 53.5183 0 0
lwrist 23.4418 0 0
lhand -17.5616 -2.25844 0
lfingers 7.12502 0 0
lthumb 8.68407 27.413 0
rclavicle -2.49458e-15 2.74184e-15 0
rhumerus 20.8042 18.2455 -74.312
rradius 131.292 0 0
rwrist -40.7163 0 0
rhand -24.6236 -19.2016 0
rfingers 7.12502 0 0
rthumb 1.86858 -769.037 0
584
root 6.19547 16.3865 -3.51292 -84.9774 87.3015 -90.3699
lfemur -17.6497 8.62129 -19.1042
ltibia 45.1059 0 0
lfoot -31.3527 11.5314 0
ltoes 0.895429 0 0
rfemur -45.659 -10.3456 15.3311
rtibia 55.2304 0 0
rfoot 7.68992 8.99119 0
rtoes -22.0152 0 0
lowerback 4.56188 -1.1972 -5.46388
upperback 1.9007 -1.76693 2.05404
thorax -0.353942 -0.914101 5.27788
lowerneck -5.63262 -12.8895 -3.71754
upperneck 12.5177 -17.7974 6.32958
head 5.61783 -8.44342 1.27143
lclavicle -2.58484e-15 2.83475e-15 0
lhumerus -25.797 -27.6292 86.8622
lradius 53.4928 0 0
lwrist 23.6108 0 0
lhand -17.7952 -2.28481 0
lfingers 7.12502 0 0
lthumb 8.45986 27.4121 0
rclavicle -2.58484e-15 2.83475e-15 0
rhumerus 21.308 18.0081 -74.1567
rradius 131.586 0 0
rwrist -41.2561 0 0
rhand -24.8811 -19.2565 0
rfingers 7.12502 0 0
rthumb 1.62077 -769.111 0
585
root 6.2017 16.3859 -3.49449 -84.3385 87.2928 -89.7277
lfemur -17.586 8.86333 -19.0773
ltibia 45.0832 0 0
lfoot -31.4049 11.6969 0
ltoes 0.775753 0 0
rfemur -45.5416 -10.4941 15.3975
rtibia 55.1044 0 0
rfoot 7.68353 8.97974 0
rtoes -22.0702 0 0
lowerback 4.54196 -1.20524 -5.50062
upperback 1.9117 -1.77895 2.05714
thorax -0.329462 -0.92071 5.30212
lowerneck -5.60272 -12.9109 -3.72882
upperneck 12.5417 -17.8312 6.36764
head 5.62573 -8.45777 1.28228
lclavicle -2.67835e-15 2.92249e-15 0
lhumerus -25.5991 -27.576 86.6034
lradius 53.4683 0 0
lwrist 23.7738 0 0
lhand -18.0202 -2.31023 0
lfingers 7.12502 0 0
lthumb 8.24385 27.4111 0
rclavicle -2.67835e-15 2.92249e-15 0
rhumerus 21.7937 17.7793 -74.007
rradius 131.869 0 0
rwrist -41.7767 0 0
rhand -25.1292 -19.3095 0
rfingers 7.12502 0 0
rthumb 1.3819 -769.182 0
586
root 6.20767 16.3853 -3.47676 -83.7164 87.2842 -89.1023
lfemur -17.5248 9.09663 -19.0515
ltibia 45.0615 0 0
lfoot -31.455 11.856 0
ltoes 0.660554 0 0
rfemur -45.4287 -10.6367 15.4614
rtibia 54.9827 0 0
rfoot 7.67702 8.96899 0
rtoes -22.1237 0 0
lowerback 4.52275 -1.21299 -5.53603
upperback 1.92225 -1.79054 2.06008
thorax -0.305915 -0.927076 5.32545
lowerneck -5.57398 -12.9315 -3.73966
upperneck 12.5648 -17.8638 6.40427
head 5.63337 -8.47155 1.29272
lclavicle -2.77517e-15 3.00492e-15 0
lhumerus -25.4087 -27.525 86.3547
lradius 53.4448 0 0
lwrist 23.9305 0 0
lhand -18.2365 -2.33468 0
lfingers 7.12502 0 0
lthumb 8.03628 27.4102 0
rclavicle -2.77517e-15 3.00492e-15 0
rhumerus 22.2606 17.5593 -73.863
rradius 132.142 0 0
rwrist -42.2775 0 0
rhand -25.3679 -19.3605 0
rfingers 7.12502 0 0
rthumb 1.15222 -769.251 0
587
root 6.21338 16.3847 -3.45976 -83.1116 87.2756 -88.4945
lfemur -17.4662 9.32096 -19.0267
ltibia 45.0407 0 0
lfoot -31.5031 12.0085 0
ltoes 0.549949 0 0
rfemur -45.3203 -10.7733 15.5229
rtibia 54.8654 0 0
rfoot 7.6704 8.95894 0
rtoes -22.1755 0 0
lowerback 4.50428 -1.22044 -5.57007
upperback 1.93234 -1.80167 2.06286
thorax -0.283324 -0.933194 5.34781
lowerneck -5.54644 -12.9512 -3.75006
upperneck 12.5871 -17.8951 6.43943
head 5.64073 -8.48475 1.30274
lclavicle -2.87536e-15 3.08188e-15 0
lhumerus -25.226 -27.4764 86.1163
lradius 53.4223 0 0
lwrist 24.0808 0 0
lhand -18.4437 -2.35814 0
lfingers 7.12502 0 0
lthumb 7.83737 27.4094 0
rclavicle -2.87536e-15 3.08188e-15 0
rhumerus 22.7083 17.3484 -73.7248
rradius 132.403 0 0
rwrist -42.7581 0 0
rhand -25.5967 -19.4095 0
rfingers 7.12502 0 0
rthumb 0.931981 -769.317 0
588
root 6.21882 16.3842 -3.44351 -82.5247 87.2671 -87.9047
lfemur -17.4102 9.53609 -19.0031
ltibia 45.0209 0 0
lfoot -31.549 12.1544 0
ltoes 0.444055 0 0
rfemur -45.2165 -10.9037 15.5818
rtibia 54.7525 0 0
rfoot 7.66365 8.94961 0
rtoes -22.2256 0 0
lowerback 4.48656 -1.22758 -5.60271
upperback 1.94196 -1.81234 2.06548
thorax -0.261716 -0.939057 5.3692
lowerneck -5.52013 -12.97 -3.75999
upperneck 12.6085 -17.9249 6.4731
head 5.6478 -8.49735 1.31233
lclavicle -2.97899e-15 3.15322e-15 0
lhumerus -25.0511 -27.4301 85.8884
lradius 53.4008 0 0
lwrist 24.2245 0 0
lhand -18.6417 -2.38057 0
lfingers 7.12502 0 0
lthumb 7.64733 27.4085 0
rclavicle -2.97899e-15 3.15322e-15 0
rhumerus 23.1364 17.1469 -73.5926
rradius 132.654 0 0
rwrist -43.2179 0 0
rhand -25.8155 -19.4564 0
rfingers 7.12502 0 0
rthumb 0.72142 -769.38 0
589
root 6.224 16.3837 -3.42802 -81.9563 87.2587 -87.3335
lfemur -17.3569 9.74178 -18.9806
ltibia 45.0021 0 0
lfoot -31.5928 12.2935 0
ltoes 0.342989 0 0
rfemur -45.1174 -11.0278 15.6381
rtibia 54.6443 0 0
rfoot 7.65678 8.94102 0
rtoes -22.2739 0 0
lowerback 4.46962 -1.2344 -5.63392
upperback 1.9511 -1.82254 2.06792
thorax -0.241114 -0.944659 5.38959
lowerneck -5.49508 -12.9879 -3.76946
upperneck 12.629 -17.9533 6.50522
head 5.65458 -8.50935 1.32148
lclavicle -3.08611e-15 3.21879e-15 0
lhumerus -24.8842 -27.3862 85.6713
lradius 53.3804 0 0
lwrist 24.3615 0 0
lhand -18.8302 -2.40196 0
lfingers 7.12502 0 0
lthumb 7.46638 27.4077 0
rclavicle -3.08611e-15 3.21879e-15 0
rhumerus 23.5442 16.9549 -73.4666
rradius 132.892 0 0
rwrist -43.6564 0 0
rhand -26.0239 -19.5011 0
rfingers 7.12502 0 0
rthumb 0.520783 -769.44 0
590
root 6.22889 16.3832 -3.41331 -81.4068 87.2503 -86.7814
lfemur -17.3063 9.9378 -18.9592
ltibia 44.9844 0 0
lfoot -31.6343 12.4255 0
ltoes 0.246867 0 0
rfemur -45.0232 -11.1453 15.6917
rtibia 54.5408 0 0
rfoot 7.64979 8.9332 0
rtoes -22.3204 0 0
lowerback 4.45348 -1.2409 -5.66366
upperback 1.95976 -1.83225 2.07019
thorax -0.221543 -0.949993 5.40895
lowerneck -5.47132 -13.0049 -3.77844
upperneck 12.6486 -17.9803 6.53576
head 5.66106 -8.52072 1.33017
lclavicle -3.19679e-15 3.27843e-15 0
lhumerus -24.7256 -27.3448 85.4653
lradius 53.3611 0 0
lwrist 24.4915 0 0
lhand -19.009 -2.42228 0
lfingers 7.12502 0 0
lthumb 7.29476 27.4069 0
rclavicle -3.19679e-15 3.27843e-15 0
rhumerus 23.9314 16.7728 -73.3469
rradius 133.118 0 0
rwrist -44.0732 0 0
rhand -26.2218 -19.5437 0
rfingers 7.12502 0 0
rthumb 0.330316 -769.497 0
591
root 6.2335 16.3827 -3.3994 -80.8769 87.242 -86.2491
lfemur -17.2586 10.1239 -18.9391
ltibia 44.9677 0 0
lfoot -31.6736 12.5503 0
ltoes 0.155807 0 0
rfemur -44.9339 -11.2563 15.7425
rtibia 54.4421 0 0
rfoot 7.64268 8.92614 0
rtoes -22.3652 0 0
lowerback 4.43815 -1.24707 -5.69188
upperback 1.96791 -1.84146 2.07227
thorax -0.203028 -0.955052 5.42726
lowerneck -5.44887 -13.0209 -3.78694
upperneck 12.6673 -18.0057 6.56469
head 5.66723 -8.53146 1.3384
lclavicle -3.31108e-15 3.332e-15 0
lhumerus -24.5754 -27.3059 85.2707
lradius 53.3429 0 0
lwrist 24.6145 0 0
lhand -19.1778 -2.44149 0
lfingers 7.12502 0 0
lthumb 7.13267 27.4061 0
rclavicle -3.31108e-15 3.332e-15 0
rhumerus 24.2974 16.6006 -73.2336
rradius 133.332 0 0
rwrist -44.4676 0 0
rhand -26.4089 -19.584 0
rfingers 7.12502 0 0
rthumb 0.150262 -769.551 0
592
root 6.23781 16.3823 -3.38631 -80.3671 87.2337 -85.737
lfemur -17.2138 10.2999 -18.9202
ltibia 44.952 0 0
lfoot -31.7105 12.6678 0
ltoes 0.0699242 0 0
rfemur -44.8498 -11.3604 15.7906
rtibia 54.3483 0 0
rfoot 7.63544 8.91987 0
rtoes -22.408 0 0
lowerback 4.42366 -1.2529 -5.71857
upperback 1.97554 -1.85016 2.07418
thorax -0.185595 -0.959831 5.4445
lowerneck -5.42778 -13.036 -3.79493
upperneck 12.685 -18.0297 6.59197
head 5.67309 -8.54155 1.34616
lclavicle -3.42904e-15 3.37934e-15 0
lhumerus -24.4338 -27.2696 85.0876
lradius 53.3258 0 0
lwrist 24.7302 0 0
lhand -19.3365 -2.45959 0
lfingers 7.12502 0 0
lthumb 6.98035 27.4053 0
rclavicle -3.42904e-15 3.37934e-15 0
rhumerus 24.6418 16.4388 -73.1269
rradius 133.534 0 0
rwrist -44.8392 0 0
rhand -26.5849 -19.622 0
rfingers 7.12502 0 0
rthumb -0.0191319 -769.602 0
593
root 6.19206 16.3843 -3.3857 -51.5444 86.6358 -56.9893
lfemur -17.3687 11.937 -18.9783
ltibia 44.993 0 0
lfoot -31.6569 12.7743 0
ltoes -0.17467 0 0
rfemur -44.446 -11.0051 16.2443
rtibia 52.9512 0 0
rfoot 6.63711 9.69047 0
rtoes -23.7933 0 0
lowerback 4.21685 -1.3117 -5.96887
upperback 1.89982 -1.93293 1.9414
thorax -0.132868 -1.00365 5.44557
lowerneck -5.45849 -12.9508 -3.75997
upperneck 12.8833 -17.9491 6.69502
head 5.74285 -8.48645 1.36976
lclavicle -2.19657e-14 0 0
lhumerus -23.9429 -27.7352 85.1314
lradius 53.4226 0 0
lwrist 24.7876 0 0
lhand -19.0791 -2.48137 0
lfingers 7.12502 0 0
lthumb 7.2288 27.3752 0
rclavicle -2.19657e-14 0 0
rhumerus 24.3659 16.1965 -73.223
rradius 133.323 0 0
rwrist -45.3556 0 0
rhand -26.9399 -19.9285 0
rfingers 7.12502 0 0
rthumb -0.362069 -769.908 0
594
root 6.14549 16.3892 -3.38918 -33.3815 85.379 -38.9495
lfemur -17.5457 13.5945 -19.0508
ltibia 44.9856 0 0
lfoot -31.5945 12.9037 0
ltoes -0.249614 0 0
rfemur -44.2184 -10.7706 16.7995
rtibia 51.5974 0 0
rfoot 5.95449 10.7834 0
rtoes -25.0241 0 0
lowerback 4.00601 -1.37185 -6.17394
upperback 1.81202 -2.01442 1.81347
thorax -0.0917959 -1.04567 5.42561
lowerneck -5.51946 -12.8504 -3.71043
upperneck 13.0753 -17.8471 6.7812
head 5.81165 -8.42094 1.38682
lclavicle -9.64106e-15 -1.31198e-14 0
lhumerus -23.5399 -28.1942 85.2585
lradius 53.5209 0 0
lwrist 24.8222 0 0
lhand -18.7789 -2.46787 0
lfingers 7.12502 0 0
lthumb 7.5186 27.3785 0
rclavicle -9.64106e-15 -1.31198e-14 0
rhumerus 24.1254 15.8527 -73.3088
rradius 133.076 0 0
rwrist -46.0171 0 0
rhand -27.2882 -20.3059 0
rfingers 7.12502 0 0
rthumb -0.698465 -770.285 0
595
root 6.09812 16.3973 -3.3967 -23.1241 83.7521 -28.8525
lfemur -17.7349 15.2435 -19.1338
ltibia 44.9311 0 0
lfoot -31.5217 13.0772 0
ltoes -0.180943 0 0
rfemur -44.1576 -10.6798 17.4586
rtibia 50.3311 0 0
rfoot 5.61365 12.1788 0
rtoes -25.9941 0 0
lowerback 3.807 -1.43452 -6.33226
upperback 1.71604 -2.09722 1.69572
thorax -0.0668831 -1.0871 5.38992
lowerneck -5.61118 -12.7345 -3.6435
upperneck 13.2507 -17.723 6.85165
head 5.8762 -8.3449 1.39765
lclavicle 2.34566e-14 -4.37326e-15 0
lhumerus -23.2184 -28.6645 85.4675
lradius 53.6188 0 0
lwrist 24.8355 0 0
lhand -18.4576 -2.42212 0
lfingers 7.12502 0 0
lthumb 7.82873 27.4129 0
rclavicle 2.34566e-14 -4.37326e-15 0
rhumerus 23.9287 15.4051 -73.3727
rradius 132.785 0 0
rwrist -46.8088 0 0
rhand -27.6156 -20.7422 0
rfingers 7.12502 0 0
rthumb -1.01463 -770.72 0
596
root 6.09325 16.3938 -3.37338 -22.7924 83.0884 -28.5929
lfemur -17.801 15.3396 -19.1541
ltibia 45.1571 0 0
lfoot -31.2906 12.9664 0
ltoes -0.176347 0 0
rfemur -44.178 -10.7248 17.5467
rtibia 50.4405 0 0
rfoot 5.41321 12.0543 0
rtoes -25.812 0 0
lowerback 3.77397 -1.4688 -6.29492
upperback 1.69041 -2.14172 1.69115
thorax -0.0749654 -1.10903 5.36356
lowerneck -5.6429 -12.6781 -3.61636
upperneck 13.1739 -17.6442 6.82358
head 5.85305 -8.30823 1.39139
lclavicle 2.36124e-14 -4.33711e-15 0
lhumerus -23.0986 -28.9505 85.4675
lradius 53.8366 0 0
lwrist 24.8559 0 0
lhand -18.411 -2.4062 0
lfingers 7.12502 0 0
lthumb 7.87368 27.4265 0
rclavicle 2.36124e-14 -4.33711e-15 0
rhumerus 23.4281 15.2145 -73.2254
rradius 132.337 0 0
rwrist -46.6369 0 0
rhand -27.6165 -20.9292 0
rfingers 7.12502 0 0
rthumb -1.01546 -770.907 0
597
root 6.08808 16.3897 -3.34885 -22.444 82.3831 -28.3227
lfemur -17.8686 15.4432 -19.1827
ltibia 45.3921 0 0
lfoot -31.0437 12.8475 0
ltoes -0.176129 0 0
rfemur -44.206 -10.7756 17.6433
rtibia 50.5679 0 0
rfoot 5.19352 11.918 0
rtoes -25.616 0 0
lowerback 3.73814 -1.50583 -6.25449
upperback 1.66295 -2.18976 1.68689
thorax -0.0833247 -1.13272 5.33568
lowerneck -5.67744 -12.6176 -3.58725
upperneck 13.0911 -17.5597 6.793
head 5.82813 -8.26894 1.38451
lclavicle 2.37599e-14 -4.31001e-15 0
lhumerus -22.976 -29.2633 85.4782
lradius 54.0709 0 0
lwrist 24.8774 0 0
lhand -18.3598 -2.38822 0
lfingers 7.12502 0 0
lthumb 7.92307 27.4418 0
rclavicle 2.37599e-14 -4.31001e-15 0
rhumerus 22.8894 15.0099 -73.0727
rradius 131.852 0 0
rwrist -46.4534 0 0
rhand -27.6161 -21.1305 0
rfingers 7.12502 0 0
rthumb -1.01515 -771.108 0
598
root 6.08263 16.3849 -3.32312 -22.0795 81.6372 -28.0421
lfemur -17.9376 15.554 -19.2193
ltibia 45.636 0 0
lfoot -30.7816 12.7207 0
ltoes -0.180108 0 0
rfemur -44.2412 -10.8321 17.7479
rtibia 50.7127 0 0
rfoot 4.95518 11.7704 0
rtoes -25.4064 0 0
lowerback 3.69958 -1.54554 -6.21105
upperback 1.63374 -2.24126 1.68292
thorax -0.0919583 -1.15812 5.30631
lowerneck -5.71472 -12.5532 -3.55622
upperneck 13.0023 -17.4696 6.75999
head 5.8015 -8.2271 1.37704
lclavicle 2.38991e-14 -4.29168e-15 0
lhumerus -22.8507 -29.6023 85.4992
lradius 54.3211 0 0
lwrist 24.9001 0 0
lhand -18.3041 -2.36827 0
lfingers 7.12502 0 0
lthumb 7.97677 27.459 0
rclavicle 2.38991e-14 -4.29168e-15 0
rhumerus 22.3136 14.7917 -72.9146
rradius 131.33 0 0
rwrist -46.2585 0 0
rhand -27.6147 -21.3456 0
rfingers 7.12502 0 0
rthumb -1.01374 -771.323 0
599
root 6.07689 16.3796 -3.29624 -21.6992 80.8517 -27.7515
lfemur -18.0081 15.6719 -19.2635
ltibia 45.8887 0 0
lfoot -30.5046 12.5861 0
ltoes -0.188103 0 0
rfemur -44.2833 -10.894 17.8604
rtibia 50.8742 0 0
rfoot 4.69874 11.6117 0
rtoes -25.1837 0 0
lowerback 3.65838 -1.58785 -6.16468
upperback 1.6028 -2.29611 1.67922
thorax -0.100864 -1.18517 5.27548
lowerneck -5.75465 -12.485 -3.52333
upperneck 12.9078 -17.3742 6.72462
head 5.77319 -8.18277 1.36899
lclavicle 2.40303e-14 -4.28183e-15 0
lhumerus -22.7226 -29.9665 85.53
lradius 54.5868 0 0
lwrist 24.9239 0 0
lhand -18.2441 -2.34639 0
lfingers 7.12502 0 0
lthumb 8.03464 27.4779 0
rclavicle 2.40303e-14 -4.28183e-15 0
rhumerus 21.7018 14.5602 -72.7513
rradius 130.773 0 0
rwrist -46.0526 0 0
rhand -27.6121 -21.5741 0
rfingers 7.12502 0 0
rthumb -1.01126 -771.552 0
600
root 6.07088 16.3737 -3.26822 -21.3038 80.0278 -27.4512
lfemur -18.08 15.7966 -19.315
ltibia 46.1499 0 0
lfoot -30.2132 12.4441 0
ltoes -0.199932 0 0
rfemur -44.3321 -10.9612 17.9805
rtibia 51.052 0 0
rfoot 4.4248 11.4423 0
rtoes -24.9482 0 0
lowerback 3.61462 -1.63267 -6.11548
upperback 1.5702 -2.35421 1.67578
thorax -0.110038 -1.21382 5.24324
lowerneck -5.79716 -12.4131 -3.48863
upperneck 12.8077 -17.2735 6.68696
head 5.74326 -8.13603 1.36039
lclavicle 2.41533e-14 -4.28016e-15 0
lhumerus -22.5918 -30.3551 85.5702
lradius 54.8676 0 0
lwrist 24.9487 0 0
lhand -18.1799 -2.32266 0
lfingers 7.12502 0 0
lthumb 8.09654 27.4984 0
rclavicle 2.41533e-14 -4.28016e-15 0
rhumerus 21.0549 14.3158 -72.5827
rradius 130.181 0 0
rwrist -45.8358 0 0
rhand -27.6085 -21.8157 0
rfingers 7.12502 0 0
rthumb -1.00777 -771.794 0
601
root 6.06461 16.3673 -3.23908 -20.8935 79.1663 -27.1414
lfemur -18.1534 15.9278 -19.3736
ltibia 46.4196 0 0
lfoot -29.9076 12.2949 0
ltoes -0.215415 0 0
rfemur -44.3873 -11.0335 18.1079
rtibia 51.2453 0 0
rfoot 4.13393 11.2625 0
rtoes -24.7002 0 0
lowerback 3.56838 -1.67994 -6.06352
upperback 1.53597 -2.41546 1.67258
thorax -0.119479 -1.24404 5.20962
lowerneck -5.84215 -12.3376 -3.45218
upperneck 12.7022 -17.1678 6.64709
head 5.71176 -8.08695 1.35125
lclavicle 2.42683e-14 -4.2864e-15 0
lhumerus -22.4582 -30.7675 85.6194
lradius 55.1631 0 0
lwrist 24.9746 0 0
lhand -18.1117 -2.29715 0
lfingers 7.12502 0 0
lthumb 8.16232 27.5204 0
rclavicle 2.42683e-14 -4.2864e-15 0
rhumerus 20.3741 14.059 -72.409
rradius 129.557 0 0
rwrist -45.6086 0 0
rhand -27.6039 -22.07 0
rfingers 7.12502 0 0
rthumb -1.0033 -772.048 0
602
root 6.05807 16.3603 -3.20885 -20.469 78.2684 -26.8224
lfemur -18.2283 16.0654 -19.4389
ltibia 46.6977 0 0
lfoot -29.5883 12.1385 0
ltoes -0.23437 0 0
rfemur -44.4487 -11.1107 18.2424
rtibia 51.4536 0 0
rfoot 3.82672 11.0726 0
rtoes -24.4401 0 0
lowerback 3.51974 -1.72958 -6.0089
upperback 1.50017 -2.47977 1.66961
thorax -0.129184 -1.27576 5.17465
lowerneck -5.88955 -12.2586 -3.41402
upperneck 12.5915 -17.0571 6.60507
head 5.67872 -8.0356 1.34159
lclavicle 2.43753e-14 -4.30024e-15 0
lhumerus -22.3218 -31.2027 85.677
lradius 55.4728 0 0
lwrist 25.0015 0 0
lhand -18.0396 -2.26993 0
lfingers 7.12502 0 0
lthumb 8.23186 27.544 0
rclavicle 2.43753e-14 -4.30024e-15 0
rhumerus 19.6603 13.79 -72.2302
rradius 128.9 0 0
rwrist -45.3712 0 0
rhand -27.5983 -22.3365 0
rfingers 7.12502 0 0
rthumb -0.997905 -772.315 0
603
root 6.05129 16.3528 -3.17757 -20.0306 77.335 -26.4946
lfemur -18.3047 16.2092 -19.5106
ltibia 46.984 0 0
lfoot -29.2558 11.9754 0
ltoes -0.256616 0 0
rfemur -44.5158 -11.1925 18.3837
rtibia 51.6763 0 0
rfoot 3.50373 10.8731 0
rtoes -24.1684 0 0
lowerback 3.46879 -1.7815 -5.95169
upperback 1.46285 -2.54703 1.66685
thorax -0.139151 -1.30895 5.13836
lowerneck -5.93928 -12.1762 -3.3742
upperneck 12.4756 -16.9417 6.56098
head 5.64419 -7.98204 1.33142
lclavicle 2.44744e-14 -4.32141e-15 0
lhumerus -22.1826 -31.6599 85.7428
lradius 55.7962 0 0
lwrist 25.0294 0 0
lhand -17.9638 -2.24106 0
lfingers 7.12502 0 0
lthumb 8.30501 27.5691 0
rclavicle 2.44744e-14 -4.32141e-15 0
rhumerus 18.9146 13.5093 -72.0465
rradius 128.212 0 0
rwrist -45.1238 0 0
rhand -27.5918 -22.6149 0
rfingers 7.12502 0 0
rthumb -0.991621 -772.593 0
604
root 6.04426 16.3449 -3.14524 -19.5789 76.3673 -26.1583
lfemur -18.3826 16.3588 -19.5883
ltibia 47.2784 0 0
lfoot -28.9104 11.8055 0
ltoes -0.281971 0 0
rfemur -44.5885 -11.2789 18.5316
rtibia 51.9129 0 0
rfoot 3.16555 10.6641 0
rtoes -23.8852 0 0
lowerback 3.41561 -1.83564 -5.89199
upperback 1.42405 -2.61714 1.66429
thorax -0.149376 -1.34354 5.1008
lowerneck -5.99124 -12.0905 -3.33279
upperneck 12.3549 -16.8216 6.51488
head 5.60823 -7.92635 1.32077
lclavicle 2.45657e-14 -4.34961e-15 0
lhumerus -22.0406 -32.1385 85.8162
lradius 56.1329 0 0
lwrist 25.0582 0 0
lhand -17.8843 -2.21061 0
lfingers 7.12502 0 0
lthumb 8.38165 27.5956 0
rclavicle 2.45657e-14 -4.34961e-15 0
rhumerus 18.138 13.2172 -71.8577
rradius 127.495 0 0
rwrist -44.8668 0 0
rhand -27.5844 -22.9049 0
rfingers 7.12502 0 0
rthumb -0.984493 -772.883 0
605
root 6.037 16.3364 -3.11191 -19.1143 75.3661 -25.8136
lfemur -18.4619 16.5141 -19.6718
ltibia 47.5807 0 0
lfoot -28.5525 11.6293 0
ltoes -0.310254 0 0
rfemur -44.6665 -11.3696 18.6858
rtibia 52.1625 0 0
rfoot 2.81275 10.446 0
rtoes -23.5911 0 0
lowerback 3.36029 -1.89191 -5.82987
upperback 1.38382 -2.69001 1.66191
thorax -0.159857 -1.3795 5.062
lowerneck -6.04536 -12.0016 -3.28984
upperneck 12.2294 -16.6971 6.46686
head 5.57089 -7.86859 1.30966
lclavicle 2.46492e-14 -4.38455e-15 0
lhumerus -21.8958 -32.6374 85.8968
lradius 56.4825 0 0
lwrist 25.088 0 0
lhand -17.8014 -2.17864 0
lfingers 7.12502 0 0
lthumb 8.46162 27.6234 0
rclavicle 2.46492e-14 -4.38455e-15 0
rhumerus 17.3316 12.9142 -71.6642
rradius 126.748 0 0
rwrist -44.6004 0 0
rhand -27.5762 -23.2059 0
rfingers 7.12502 0 0
rthumb -0.976563 -773.185 0
606
root 6.02951 16.3276 -3.07758 -18.6373 74.3326 -25.4611
lfemur -18.5428 16.6749 -19.7607
ltibia 47.8908 0 0
lfoot -28.1825 11.4469 0
ltoes -0.341285 0 0
rfemur -44.7494 -11.4644 18.8461
rtibia 52.4248 0 0
rfoot 2.44593 10.2192 0
rtoes -23.2864 0 0
lowerback 3.30289 -1.95024 -5.76542
upperback 1.34222 -2.76554 1.65969
thorax -0.170591 -1.41677 5.02198
lowerneck -6.10156 -11.9097 -3.24539
upperneck 12.0993 -16.5682 6.41698
head 5.53219 -7.80884 1.2981
lclavicle 2.47249e-14 -4.42595e-15 0
lhumerus -21.7482 -33.1561 85.9841
lradius 56.8446 0 0
lwrist 25.1187 0 0
lhand -17.7152 -2.14523 0
lfingers 7.12502 0 0
lthumb 8.54479 27.6525 0
rclavicle 2.47249e-14 -4.42595e-15 0
rhumerus 16.4963 12.6005 -71.4658
rradius 125.973 0 0
rwrist -44.325 0 0
rhand -27.5672 -23.5176 0
rfingers 7.12502 0 0
rthumb -0.967875 -773.496 0
607
root 6.02181 16.3183 -3.0423 -18.1483 73.2677 -25.1008
lfemur -18.6252 16.8408 -19.8548
ltibia 48.2086 0 0
lfoot -27.8008 11.2585 0
ltoes -0.374881 0 0
rfemur -44.837 -11.5632 19.0121
rtibia 52.6991 0 0
rfoot 2.06564 9.98391 0
rtoes -22.9714 0 0
lowerback 3.24352 -2.01055 -5.69873
upperback 1.29928 -2.84363 1.65762
thorax -0.181577 -1.4553 4.9808
lowerneck -6.15974 -11.8148 -3.1995
upperneck 11.9647 -16.4352 6.36531
head 5.49221 -7.74716 1.2861
lclavicle 2.47929e-14 -4.47351e-15 0
lhumerus -21.5978 -33.6936 86.0778
lradius 57.2186 0 0
lwrist 25.1503 0 0
lhand -17.6258 -2.11045 0
lfingers 7.12502 0 0
lthumb 8.63102 27.6828 0
rclavicle 2.47929e-14 -4.47351e-15 0
rhumerus 15.6333 12.2766 -71.2626
rradius 125.172 0 0
rwrist -44.0407 0 0
rhand -27.5574 -23.8397 0
rfingers 7.12502 0 0
rthumb -0.958473 -773.819 0
608
root 6.01389 16.3087 -3.00607 -17.6478 72.1726 -24.7332
lfemur -18.7091 17.0118 -19.9536
ltibia 48.5339 0 0
lfoot -27.4078 11.0643 0
ltoes -0.410862 0 0
rfemur -44.929 -11.6657 19.1837
rtibia 52.9847 0 0
rfoot 1.67248 9.74057 0
rtoes -22.6465 0 0
lowerback 3.18224 -2.07277 -5.62988
upperback 1.25506 -2.92417 1.65569
thorax -0.192811 -1.49505 4.93848
lowerneck -6.21984 -11.7171 -3.15222
upperneck 11.826 -16.2981 6.31193
head 5.45097 -7.68363 1.2737
lclavicle 2.48534e-14 -4.52695e-15 0
lhumerus -21.4445 -34.2491 86.1774
lradius 57.6041 0 0
lwrist 25.1828 0 0
lhand -17.5334 -2.07435 0
lfingers 7.12502 0 0
lthumb 8.72018 27.7143 0
rclavicle 2.48534e-14 -4.52695e-15 0
rhumerus 14.7435 11.9429 -71.0548
rradius 124.345 0 0
rwrist -43.748 0 0
rhand -27.547 -24.1717 0
rfingers 7.12502 0 0
rthumb -0.948399 -774.151 0
609
root 6.00576 16.2986 -2.96894 -17.1363 71.0481 -24.3586
lfemur -18.7945 17.1875 -20.057
ltibia 48.8667 0 0
lfoot -27.004 10.8645 0
ltoes -0.449047 0 0
rfemur -45.0252 -11.7718 19.3606
rtibia 53.2812 0 0
rfoot 1.26702 9.48946 0
rtoes -22.3121 0 0
lowerback 3.11915 -2.1368 -5.55896
upperback 1.20962 -3.00707 1.65388
thorax -0.204291 -1.53596 4.89506
lowerneck -6.28175 -11.6166 -3.10361
upperneck 11.6831 -16.1572 6.25691
head 5.40853 -7.61831 1.2609
lclavicle 2.49063e-14 -4.58597e-15 0
lhumerus -21.2885 -34.8219 86.2825
lradius 58.0008 0 0
lwrist 25.2161 0 0
lhand -17.438 -2.03701 0
lfingers 7.12502 0 0
lthumb 8.81212 27.7468 0
rclavicle 2.49063e-14 -4.58597e-15 0
rhumerus 13.828 11.5996 -70.8424
rradius 123.493 0 0
rwrist -43.447 0 0
rhand -27.5359 -24.5132 0
rfingers 7.12502 0 0
rthumb -0.937696 -774.493 0
610
root 5.99744 16.2882 -2.93092 -16.6143 69.8954 -23.9771
lfemur -18.8815 17.3678 -20.1645
ltibia 49.2068 0 0
lfoot -26.5896 10.6594 0
ltoes -0.489253 0 0
rfemur -45.1252 -11.8812 19.5425
rtibia 53.5878 0 0
rfoot 0.849838 9.23092 0
rtoes -21.9685 0 0
lowerback 3.05432 -2.20259 -5.48605
upperback 1.16298 -3.09223 1.65217
thorax -0.216013 -1.57799 4.85057
lowerneck -6.34542 -11.5135 -3.05371
upperneck 11.5363 -16.0125 6.20031
head 5.36494 -7.55128 1.24773
lclavicle 2.49517e-14 -4.6503e-15 0
lhumerus -21.1295 -35.4112 86.3926
lradius 58.4081 0 0
lwrist 25.2503 0 0
lhand -17.34 -1.99849 0
lfingers 7.12502 0 0
lthumb 8.90672 27.7804 0
rclavicle 2.49517e-14 -4.6503e-15 0
rhumerus 12.8879 11.2473 -70.6255
rradius 122.618 0 0
rwrist -43.1382 0 0
rhand -27.5242 -24.8639 0
rfingers 7.12502 0 0
rthumb -0.926408 -774.843 0
611
root 5.98893 16.2775 -2.89203 -16.0822 68.7155 -23.5892
lfemur -18.97 17.5524 -20.2759
ltibia 49.554 0 0
lfoot -26.1652 10.4491 0
ltoes -0.5313 0 0
rfemur -45.2288 -11.9939 19.7292
rtibia 53.904 0 0
rfoot 0.421516 8.96526 0
rtoes -21.6161 0 0
lowerback 2.98784 -2.27005 -5.41123
upperback 1.11521 -3.17955 1.65054
thorax -0.227977 -1.62108 4.80506
lowerneck -6.41074 -11.4078 -3.00259
upperneck 11.3857 -15.8643 6.14222
head 5.32023 -7.4826 1.2342
lclavicle 2.49896e-14 -4.71963e-15 0
lhumerus -20.9678 -36.0161 86.5073
lradius 58.8256 0 0
lwrist 25.2852 0 0
lhand -17.2393 -1.95887 0
lfingers 7.12502 0 0
lthumb 9.00382 27.815 0
rclavicle 2.49896e-14 -4.71963e-15 0
rhumerus 11.9241 10.8863 -70.4041
rradius 121.72 0 0
rwrist -42.8216 0 0
rhand -27.512 -25.2234 0
rfingers 7.12502 0 0
rthumb -0.914578 -775.203 0
612
root 5.98024 16.2665 -2.85231 -15.5405 67.5093 -23.1951
lfemur -19.0601 17.7411 -20.3909
ltibia 49.9082 0 0
lfoot -25.731 10.234 0
ltoes -0.575007 0 0
rfemur -45.3356 -12.1095 19.9203
rtibia 54.2292 0 0
rfoot -0.0173686 8.69283 0
rtoes -21.2552 0 0
lowerback 2.91979 -2.33911 -5.3346
upperback 1.06635 -3.26893 1.64899
thorax -0.240178 -1.66519 4.75854
lowerneck -6.47763 -11.2997 -2.95029
upperneck 11.2316 -15.7127 6.0827
head 5.27447 -7.41234 1.22034
lclavicle 2.50202e-14 -4.79368e-15 0
lhumerus -20.8032 -36.6358 86.6261
lradius 59.2529 0 0
lwrist 25.3209 0 0
lhand -17.1362 -1.9182 0
lfingers 7.12502 0 0
lthumb 9.1033 27.8505 0
rclavicle 2.50202e-14 -4.79368e-15 0
rhumerus 10.9376 10.517 -70.1782
rradius 120.8 0 0
rwrist -42.4977 0 0
rhand -27.4992 -25.5912 0
rfingers 7.12502 0 0
rthumb -0.902249 -775.571 0
613
root 5.97137 16.2552 -2.81178 -14.9897 66.278 -22.7952
lfemur -19.1517 17.9336 -20.509
ltibia 50.2693 0 0
lfoot -25.2876 10.0141 0
ltoes -0.620192 0 0
rfemur -45.4454 -12.228 20.1157
rtibia 54.5628 0 0
rfoot -0.466237 8.41394 0
rtoes -20.8863 0 0
lowerback 2.85026 -2.40968 -5.25623
upperback 1.01646 -3.36027 1.6475
thorax -0.252614 -1.71027 4.71107
lowerneck -6.54602 -11.1893 -2.89687
upperneck 11.074 -15.5578 6.02182
head 5.22769 -7.34057 1.20615
lclavicle 2.50434e-14 -4.87217e-15 0
lhumerus -20.6357 -37.2696 86.7487
lradius 59.6895 0 0
lwrist 25.3573 0 0
lhand -17.0307 -1.87656 0
lfingers 7.12502 0 0
lthumb 9.20501 27.8869 0
rclavicle 2.50434e-14 -4.87217e-15 0
rhumerus 9.92963 10.1396 -69.9481
rradius 119.86 0 0
rwrist -42.1667 0 0
rhand -27.486 -25.967 0
rfingers 7.12502 0 0
rthumb -0.889464 -775.947 0
614
root 5.96234 16.2437 -2.77047 -14.4302 65.0226 -22.3897
lfemur -19.2449 18.1298 -20.6301
ltibia 50.6372 0 0
lfoot -24.8353 9.78968 0
ltoes -0.666673 0 0
rfemur -45.558 -12.349 20.3152
rtibia 54.9042 0 0
rfoot -0.924511 8.12892 0
rtoes -20.5096 0 0
lowerback 2.77931 -2.48169 -5.17622
upperback 0.965571 -3.45347 1.64605
thorax -0.265283 -1.75627 4.66266
lowerneck -6.61582 -11.0767 -2.84237
upperneck 10.9131 -15.3997 5.95966
head 5.17995 -7.26737 1.19166
lclavicle 2.50594e-14 -4.95479e-15 0
lhumerus -20.4653 -37.9167 86.8745
lradius 60.135 0 0
lwrist 25.3944 0 0
lhand -16.9231 -1.83402 0
lfingers 7.12502 0 0
lthumb 9.30882 27.924 0
rclavicle 2.50594e-14 -4.95479e-15 0
rhumerus 8.90108 9.75474 -69.7137
rradius 118.901 0 0
rwrist -41.829 0 0
rhand -27.4723 -26.3504 0
rfingers 7.12502 0 0
rthumb -0.876266 -776.331 0
615
root 5.95314 16.2319 -2.72839 -13.8625 63.744 -21.9788
lfemur -19.3396 18.3294 -20.7538
ltibia 51.0117 0 0
lfoot -24.3744 9.56101 0
ltoes -0.714271 0 0
rfemur -45.6729 -12.4725 20.5183
rtibia 55.2528 0 0
rfoot -1.39161 7.83811 0
rtoes -20.1256 0 0
lowerback 2.70705 -2.55506 -5.09464
upperback 0.913742 -3.54844 1.64462
thorax -0.278182 -1.80314 4.61337
lowerneck -6.68695 -10.9619 -2.78686
upperneck 10.7491 -15.2387 5.89629
head 5.13128 -7.1928 1.17689
lclavicle 2.50682e-14 -5.04127e-15 0
lhumerus -20.2921 -38.5761 87.0032
lradius 60.589 0 0
lwrist 25.4322 0 0
lhand -16.8134 -1.79064 0
lfingers 7.12502 0 0
lthumb 9.41459 27.9619 0
rclavicle 2.50682e-14 -5.04127e-15 0
rhumerus 7.85302 9.36263 -69.4751
rradius 117.923 0 0
rwrist -41.4847 0 0
rhand -27.4583 -26.741 0
rfingers 7.12502 0 0
rthumb -0.862698 -776.722 0
616
root 5.9438 16.2199 -2.68558 -13.287 62.4433 -21.563
lfemur -19.4359 18.5321 -20.8798
ltibia 51.3927 0 0
lfoot -23.9055 9.32827 0
ltoes -0.762804 0 0
rfemur -45.7901 -12.5983 20.7249
rtibia 55.6079 0 0
rfoot -1.86696 7.54183 0
rtoes -19.7346 0 0
lowerback 2.63354 -2.62972 -5.01158
upperback 0.861021 -3.64507 1.64321
thorax -0.291309 -1.85083 4.56323
lowerneck -6.75932 -10.8452 -2.73038
upperneck 10.5822 -15.0749 5.83177
head 5.08174 -7.11692 1.16185
lclavicle 2.50699e-14 -5.13131e-15 0
lhumerus -20.1159 -39.2472 87.1343
lradius 61.0509 0 0
lwrist 25.4707 0 0
lhand -16.7019 -1.74648 0
lfingers 7.12502 0 0
lthumb 9.52218 28.0005 0
rclavicle 2.50699e-14 -5.13131e-15 0
rhumerus 6.78649 8.9637 -69.2323
rradius 116.928 0 0
rwrist -41.1342 0 0
rhand -27.4439 -27.1384 0
rfingers 7.12502 0 0
rthumb -0.848805 -777.119 0
617
root 5.93431 16.2077 -2.64205 -12.7043 61.1215 -21.1425
lfemur -19.5338 18.7379 -21.0077
ltibia 51.78 0 0
lfoot -23.4289 9.09167 0
ltoes -0.812089 0 0
rfemur -45.909 -12.7261 20.9348
rtibia 55.9691 0 0
rfoot -2.34998 7.24041 0
rtoes -19.337 0 0
lowerback 2.55888 -2.70559 -4.92713
upperback 0.807454 -3.74326 1.64179
thorax -0.304661 -1.89929 4.51226
lowerneck -6.83285 -10.7266 -2.67299
upperneck 10.4126 -14.9085 5.76619
head 5.03138 -7.03982 1.14657
lclavicle 2.50645e-14 -5.22463e-15 0
lhumerus -19.9369 -39.9292 87.2674
lradius 61.5204 0 0
lwrist 25.5098 0 0
lhand -16.5886 -1.70162 0
lfingers 7.12502 0 0
lthumb 9.63145 28.0397 0
rclavicle 2.50645e-14 -5.22463e-15 0
rhumerus 5.70251 8.55833 -68.9855
rradius 115.917 0 0
rwrist -40.7777 0 0
rhand -27.4292 -27.5422 0
rfingers 7.12502 0 0
rthumb -0.834627 -777.523 0
618
root 5.92469 16.1953 -2.59785 -12.1148 59.7797 -20.7177
lfemur -19.6333 18.9463 -21.1373
ltibia 52.1736 0 0
lfoot -22.945 8.85142 0
ltoes -0.861947 0 0
rfemur -46.0296 -12.8557 21.1476
rtibia 56.3356 0 0
rfoot -2.84008 6.93417 0
rtoes -18.9331 0 0
lowerback 2.48314 -2.78259 -4.84136
upperback 0.753091 -3.84292 1.64035
thorax -0.318234 -1.94847 4.46051
lowerneck -6.90746 -10.6062 -2.61474
upperneck 10.2403 -14.7395 5.69961
head 4.98023 -6.96156 1.13105
lclavicle 2.50521e-14 -5.32093e-15 0
lhumerus -19.755 -40.6212 87.402
lradius 61.997 0 0
lwrist 25.5495 0 0
lhand -16.4737 -1.65613 0
lfingers 7.12502 0 0
lthumb 9.74226 28.0794 0
rclavicle 2.50521e-14 -5.32093e-15 0
rhumerus 4.60213 8.14688 -68.7347
rradius 114.89 0 0
rwrist -40.4156 0 0
rhand -27.4143 -27.952 0
rfingers 7.12502 0 0
rthumb -0.82021 -777.934 0
619
root 5.91494 16.1828 -2.55298 -11.519 58.4189 -20.2887
lfemur -19.7344 19.1573 -21.2682
ltibia 52.5733 0 0
lfoot -22.4542 8.60774 0
ltoes -0.912195 0 0
rfemur -46.1514 -12.987 21.3631
rtibia 56.7069 0 0
rfoot -3.3367 6.62346 0
rtoes -18.5233 0 0
lowerback 2.40642 -2.86064 -4.75438
upperback 0.697981 -3.94394 1.63887
thorax -0.332028 -1.99833 4.40801
lowerneck -6.98307 -10.4841 -2.55569
upperneck 10.0656 -14.5682 5.6321
head 4.92836 -6.88222 1.11533
lclavicle 2.50327e-14 -5.41993e-15 0
lhumerus -19.5702 -41.3224 87.5377
lradius 62.4803 0 0
lwrist 25.5898 0 0
lhand -16.3574 -1.61007 0
lfingers 7.12502 0 0
lthumb 9.85449 28.1196 0
rclavicle 2.50327e-14 -5.41993e-15 0
rhumerus 3.48637 7.72974 -68.4799
rradius 113.85 0 0
rwrist -40.0481 0 0
rhand -27.3991 -28.3675 0
rfingers 7.12502 0 0
rthumb -0.805596 -778.349 0
620
root 5.90507 16.1701 -2.50747 -10.9174 57.04 -19.8559
lfemur -19.8371 19.3705 -21.4001
ltibia 52.9789 0 0
lfoot -21.9569 8.36085 0
ltoes -0.962653 0 0
rfemur -46.2743 -13.1199 21.5811
rtibia 57.0824 0 0
rfoot -3.83926 6.30858 0
rtoes -18.108 0 0
lowerback 2.32878 -2.93967 -4.66625
upperback 0.642172 -4.04623 1.63734
thorax -0.346038 -2.04881 4.35479
lowerneck -7.05959 -10.3605 -2.49588
upperneck 9.88855 -14.3946 5.56374
head 4.87579 -6.80185 1.09941
lclavicle 2.50064e-14 -5.52134e-15 0
lhumerus -19.3824 -42.032 87.674
lradius 62.9698 0 0
lwrist 25.6306 0 0
lhand -16.2397 -1.56351 0
lfingers 7.12502 0 0
lthumb 9.96798 28.1603 0
rclavicle 2.50064e-14 -5.52134e-15 0
rhumerus 2.35627 7.30729 -68.2213
rradius 112.796 0 0
rwrist -39.6756 0 0
rhand -27.3838 -28.7883 0
rfingers 7.12502 0 0
rthumb -0.790828 -778.77 0
621
root 5.89508 16.1573 -2.46136 -10.3103 55.6442 -19.4197
lfemur -19.9414 19.5858 -21.5327
ltibia 53.3904 0 0
lfoot -21.4535 8.11095 0
ltoes -1.01314 0 0
rfemur -46.3979 -13.254 21.8012
rtibia 57.4615 0 0
rfoot -4.34716 5.98988 0
rtoes -17.6875 0 0
lowerback 2.25031 -3.0196 -4.57708
upperback 0.585711 -4.14968 1.63575
thorax -0.360263 -2.09987 4.30089
lowerneck -7.13693 -10.2354 -2.43537
upperneck 9.70944 -14.219 5.4946
head 4.82259 -6.72052 1.08332
lclavicle 2.49732e-14 -5.62487e-15 0
lhumerus -19.1918 -42.7493 87.8106
lradius 63.465 0 0
lwrist 25.672 0 0
lhand -16.1209 -1.51651 0
lfingers 7.12502 0 0
lthumb 10.0826 28.2013 0
rclavicle 2.49732e-14 -5.62487e-15 0
rhumerus 1.21286 6.87991 -67.9589
rradius 111.731 0 0
rwrist -39.2982 0 0
rhand -27.3684 -29.2138 0
rfingers 7.12502 0 0
rthumb -0.77595 -779.196 0
622
root 5.88499 16.1445 -2.41466 -9.69834 54.2325 -18.9802
lfemur -20.0473 19.8029 -21.6657
ltibia 53.8075 0 0
lfoot -20.9444 7.85825 0
ltoes -1.06347 0 0
rfemur -46.5219 -13.3892 22.0233
rtibia 57.8435 0 0
rfoot -4.85985 5.66768 0
rtoes -17.2623 0 0
lowerback 2.1711 -3.10035 -4.48693
upperback 0.528649 -4.2542 1.63407
thorax -0.3747 -2.15145 4.24635
lowerneck -7.21503 -10.1089 -2.37421
upperneck 9.52838 -14.0415 5.42475
head 4.7688 -6.63832 1.06707
lclavicle 2.49333e-14 -5.73022e-15 0
lhumerus -18.9982 -43.4734 87.947
lradius 63.9656 0 0
lwrist 25.7138 0 0
lhand -16.001 -1.46915 0
lfingers 7.12502 0 0
lthumb 10.1982 28.2427 0
rclavicle 2.49333e-14 -5.73022e-15 0
rhumerus 0.0571828 6.44796 -67.6928
rradius 110.654 0 0
rwrist -38.9163 0 0
rhand -27.353 -29.6439 0
rfingers 7.12502 0 0
rthumb -0.761004 -779.626 0
623
root 5.8748 16.1316 -2.36741 -9.08193 52.8059 -18.5379
lfemur -20.1548 20.0216 -21.7988
ltibia 54.2303 0 0
lfoot -20.43 7.60298 0
ltoes -1.11347 0 0
rfemur -46.6461 -13.5253 22.2471
rtibia 58.228 0 0
rfoot -5.37673 5.34231 0
rtoes -16.8325 0 0
lowerback 2.09123 -3.18185 -4.3959
upperback 0.471034 -4.35969 1.6323
thorax -0.389346 -2.20351 4.1912
lowerneck -7.29378 -9.98118 -2.31246
upperneck 9.34553 -13.8623 5.35426
head 4.71446 -6.55531 1.05068
lclavicle 2.48867e-14 -5.83712e-15 0
lhumerus -18.8016 -44.2035 88.0827
lradius 64.4712 0 0
lwrist 25.7562 0 0
lhand -15.8802 -1.42148 0
lfingers 7.12502 0 0
lthumb 10.3147 28.2843 0
rclavicle 2.48867e-14 -5.83712e-15 0
rhumerus -1.10974 6.01184 -67.423
rradius 109.568 0 0
rwrist -38.5302 0 0
rhand -27.3375 -30.078 0
rfingers 7.12502 0 0
rthumb -0.746033 -780.061 0
624
root 5.86452 16.1186 -2.31961 -8.46153 51.3653 -18.0929
lfemur -20.2639 20.2417 -21.9316
ltibia 54.6584 0 0
lfoot -19.9107 7.34534 0
ltoes -1.16296 0 0
rfemur -46.7702 -13.6622 22.4723
rtibia 58.6142 0 0
rfoot -5.89723 5.0141 0
rtoes -16.3987 0 0
lowerback 2.01077 -3.26402 -4.30407
upperback 0.412913 -4.46605 1.63041
thorax -0.404199 -2.25599 4.13548
lowerneck -7.37312 -9.85233 -2.25016
upperneck 9.16107 -13.6814 5.2832
head 4.65962 -6.47156 1.03417
lclavicle 2.48334e-14 -5.94527e-15 0
lhumerus -18.6021 -44.9389 88.2174
lradius 64.9811 0 0
lwrist 25.799 0 0
lhand -15.7587 -1.37359 0
lfingers 7.12502 0 0
lthumb 10.4319 28.3261 0
rclavicle 2.48334e-14 -5.94527e-15 0
rhumerus -2.28686 5.57192 -67.1496
rradius 108.473 0 0
rwrist -38.1402 0 0
rhand -27.322 -30.5159 0
rfingers 7.12502 0 0
rthumb -0.731082 -780.499 0
625
root 5.85416 16.1057 -2.27131 -7.83763 49.9119 -17.6457
lfemur -20.3747 20.4629 -22.0639
ltibia 55.0919 0 0
lfoot -19.3869 7.08555 0
ltoes -1.21174 0 0
rfemur -46.8938 -13.7996 22.6986
rtibia 59.0016 0 0
rfoot -6.42077 4.68337 0
rtoes -15.9612 0 0
lowerback 1.92982 -3.34677 -4.21152
upperback 0.354336 -4.57318 1.62839
thorax -0.419256 -2.30886 4.07922
lowerneck -7.45296 -9.72243 -2.18737
upperneck 8.97516 -13.4991 5.21165
head 4.60433 -6.38713 1.01757
lclavicle 2.47735e-14 -6.05438e-15 0
lhumerus -18.3997 -45.6787 88.3505
lradius 65.4951 0 0
lwrist 25.8422 0 0
lhand -15.6366 -1.32553 0
lfingers 7.12502 0 0
lthumb 10.5496 28.368 0
rclavicle 2.47735e-14 -6.05438e-15 0
rhumerus -3.47316 5.12857 -66.8727
rradius 107.371 0 0
rwrist -37.7464 0 0
rhand -27.3066 -30.957 0
rfingers 7.12502 0 0
rthumb -0.716192 -780.94 0
626
root 5.84373 16.0927 -2.22253 -7.21068 48.4467 -17.1964
lfemur -20.4871 20.685 -22.1953
ltibia 55.5305 0 0
lfoot -18.859 6.82383 0
ltoes -1.25965 0 0
rfemur -47.0168 -13.9373 22.9259
rtibia 59.3896 0 0
rfoot -6.94677 4.35045 0
rtoes -15.5203 0 0
lowerback 1.84846 -3.43004 -4.11835
upperback 0.295351 -4.68098 1.62623
thorax -0.434514 -2.36205 4.02245
lowerneck -7.5332 -9.59161 -2.12415
upperneck 8.78796 -13.3155 5.13967
head 4.54864 -6.3021 1.00088
lclavicle 2.47071e-14 -6.16416e-15 0
lhumerus -18.1943 -46.422 88.4817
lradius 66.0126 0 0
lwrist 25.8859 0 0
lhand -15.5141 -1.27738 0
lfingers 7.12502 0 0
lthumb 10.6678 28.41 0
rclavicle 2.47071e-14 -6.16416e-15 0
rhumerus -4.66759 4.68218 -66.5924
rradius 106.261 0 0
rwrist -37.3493 0 0
rhand -27.2912 -31.401 0
rfingers 7.12502 0 0
rthumb -0.701408 -781.385 0
627
root 5.83322 16.0798 -2.17329 -6.58116 46.9706 -16.7454
lfemur -20.6012 20.9079 -22.3254
ltibia 55.9741 0 0
lfoot -18.3274 6.56037 0
ltoes -1.3065 0 0
rfemur -47.1388 -14.0753 23.1538
rtibia 59.7776 0 0
rfoot -7.47465 4.01568 0
rtoes -15.0764 0 0
lowerback 1.76676 -3.51375 -4.02463
upperback 0.236006 -4.78935 1.62391
thorax -0.449971 -2.41552 3.96522
lowerneck -7.61378 -9.45997 -2.06054
upperneck 8.59964 -13.1307 5.06734
head 4.49259 -6.21654 0.984119
lclavicle 2.46342e-14 -6.27433e-15 0
lhumerus -17.9859 -47.1683 88.6105
lradius 66.5333 0 0
lwrist 25.9299 0 0
lhand -15.3912 -1.2292 0
lfingers 7.12502 0 0
lthumb 10.7863 28.452 0
rclavicle 2.46342e-14 -6.27433e-15 0
rhumerus -5.86913 4.23313 -66.3086
rradius 105.146 0 0
rwrist -36.9492 0 0
rhand -27.2761 -31.8475 0
rfingers 7.12502 0 0
rthumb -0.686772 -781.831 0
628
root 5.82266 16.0669 -2.12361 -5.94954 45.4848 -16.293
lfemur -20.717 21.1312 -22.4541
ltibia 56.4227 0 0
lfoot -17.7925 6.29541 0
ltoes -1.35211 0 0
rfemur -47.2596 -14.2132 23.3821
rtibia 60.165 0 0
rfoot -8.00383 3.67937 0
rtoes -14.6299 0 0
lowerback 1.68482 -3.59781 -3.93045
upperback 0.176351 -4.89819 1.62141
thorax -0.465625 -2.46923 3.90755
lowerneck -7.69461 -9.32761 -1.9966
upperneck 8.41036 -12.945 4.99473
head 4.43623 -6.13051 0.967316
lclavicle 2.45548e-14 -6.3846e-15 0
lhumerus -17.7746 -47.9165 88.7364
lradius 67.0566 0 0
lwrist 25.9742 0 0
lhand -15.2682 -1.18105 0
lfingers 7.12502 0 0
lthumb 10.905 28.494 0
rclavicle 2.45548e-14 -6.3846e-15 0
rhumerus -7.07674 3.78178 -66.0215
rradius 104.027 0 0
rwrist -36.5462 0 0
rhand -27.2611 -32.2962 0
rfingers 7.12502 0 0
rthumb -0.672327 -782.28 0
629
root 5.81205 16.0541 -2.07352 -5.31629 43.9902 -15.8395
lfemur -20.8343 21.3547 -22.581
ltibia 56.876 0 0
lfoot -17.2547 6.02914 0
ltoes -1.3963 0 0
rfemur -47.3788 -14.3508 23.6105
rtibia 60.5512 0 0
rfoot -8.53374 3.34186 0
rtoes -14.1812 0 0
lowerback 1.6027 -3.68216 -3.8359
upperback 0.116434 -5.0074 1.61872
thorax -0.481472 -2.52311 3.84949
lowerneck -7.77561 -9.19464 -1.93238
upperneck 8.22029 -12.7583 4.92192
head 4.37961 -6.04409 0.950484
lclavicle 2.44692e-14 -6.49467e-15 0
lhumerus -17.5602 -48.6659 88.8591
lradius 67.5822 0 0
lwrist 26.0189 0 0
lhand -15.1451 -1.13301 0
lfingers 7.12502 0 0
lthumb 11.0237 28.5358 0
rclavicle 2.44692e-14 -6.49467e-15 0
rhumerus -8.28939 3.32852 -65.7312
rradius 102.904 0 0
rwrist -36.1406 0 0
rhand -27.2464 -32.7466 0
rfingers 7.12502 0 0
rthumb -0.658117 -782.731 0
630
root 5.80139 16.0414 -2.02305 -4.68187 42.4879 -15.3852
lfemur -20.9534 21.5782 -22.7057
ltibia 57.334 0 0
lfoot -16.7144 5.76179 0
ltoes -1.43888 0 0
rfemur -47.4962 -14.4881 23.8388
rtibia 60.9355 0 0
rfoot -9.0638 3.00348 0
rtoes -13.7305 0 0
lowerback 1.52051 -3.76671 -3.74105
upperback 0.0563022 -5.11689 1.61583
thorax -0.49751 -2.57713 3.79106
lowerneck -7.85668 -9.06118 -1.86794
upperneck 8.0296 -12.571 4.84896
head 4.32277 -5.95735 0.933642
lclavicle 2.43772e-14 -6.60426e-15 0
lhumerus -17.3429 -49.4158 88.9781
lradius 68.1096 0 0
lwrist 26.0639 0 0
lhand -15.0222 -1.08515 0
lfingers 7.12502 0 0
lthumb 11.1423 28.5775 0
rclavicle 2.43772e-14 -6.60426e-15 0
rhumerus -9.50604 2.87373 -65.4377
rradius 101.779 0 0
rwrist -35.7329 0 0
rhand -27.232 -33.1983 0
rfingers 7.12502 0 0
rthumb -0.644185 -783.183 0
631
root 5.79069 16.0288 -1.97223 -4.04675 40.9788 -14.9304
lfemur -21.0741 21.8016 -22.8279
ltibia 57.7964 0 0
lfoot -16.172 5.49357 0
ltoes -1.47968 0 0
rfemur -47.6115 -14.6248 24.0667
rtibia 61.3174 0 0
rfoot -9.59343 2.66456 0
rtoes -13.2783 0 0
lowerback 1.43831 -3.85139 -3.64601
upperback -0.00399449 -5.22655 1.61271
thorax -0.513736 -2.63124 3.7323
lowerneck -7.93776 -8.92732 -1.80332
upperneck 7.83844 -12.3832 4.77595
head 4.26577 -5.87035 0.916808
lclavicle 2.42789e-14 -6.71307e-15 0
lhumerus -17.1226 -50.1652 89.093
lradius 68.6383 0 0
lwrist 26.1091 0 0
lhand -14.8995 -1.03752 0
lfingers 7.12502 0 0
lthumb 11.2606 28.6189 0
rclavicle 2.42789e-14 -6.71307e-15 0
rhumerus -10.7257 2.41779 -65.141
rradius 100.652 0 0
rwrist -35.3232 0 0
rhand -27.2179 -33.651 0
rfingers 7.12502 0 0
rthumb -0.630574 -783.636 0
632
root 5.77996 16.0163 -1.92106 -3.41141 39.4641 -14.4753
lfemur -21.1966 22.0245 -22.9474
ltibia 58.2633 0 0
lfoot -15.6279 5.22469 0
ltoes -1.51852 0 0
rfemur -47.7244 -14.7607 24.294
rtibia 61.6964 0 0
rfoot -10.122 2.32542 0
rtoes -12.8249 0 0
lowerback 1.35619 -3.93612 -3.55084
upperback -0.0644079 -5.33628 1.60936
thorax -0.530148 -2.68537 3.67325
lowerneck -8.01875 -8.79318 -1.73859
upperneck 7.64699 -12.1949 4.70294
head 4.20864 -5.78316 0.899999
lclavicle 2.41745e-14 -6.82083e-15 0
lhumerus -16.8992 -50.9135 89.2033
lradius 69.168 0 0
lwrist 26.1546 0 0
lhand -14.7772 -0.990202 0
lfingers 7.12502 0 0
lthumb 11.3786 28.6601 0
rclavicle 2.41745e-14 -6.82083e-15 0
rhumerus -11.9472 1.96107 -64.8413
rradius 99.5248 0 0
rwrist -34.9118 0 0
rhand -27.2042 -34.1042 0
rfingers 7.12502 0 0
rthumb -0.617326 -784.089 0
633
root 5.76922 16.004 -1.8696 -2.77631 37.9448 -14.0203
lfemur -21.3207 22.2467 -23.0638
ltibia 58.7343 0 0
lfoot -15.0825 4.95536 0
ltoes -1.55521 0 0
rfemur -47.8346 -14.8956 24.5204
rtibia 62.0717 0 0
rfoot -10.6491 1.98638 0
rtoes -12.3708 0 0
lowerback 1.27423 -4.02083 -3.45564
upperback -0.124889 -5.44599 1.60575
thorax -0.546743 -2.73949 3.61395
lowerneck -8.09958 -8.65885 -1.67378
upperneck 7.45541 -12.0064 4.63
head 4.15143 -5.69586 0.883235
lclavicle 2.40639e-14 -6.92724e-15 0
lhumerus -16.6729 -51.6598 89.3086
lradius 69.6981 0 0
lwrist 26.2003 0 0
lhand -14.6555 -0.943261 0
lfingers 7.12502 0 0
lthumb 11.496 28.7009 0
rclavicle 2.40639e-14 -6.92724e-15 0
rhumerus -13.1697 1.50395 -64.5386
rradius 98.3986 0 0
rwrist -34.499 0 0
rhand -27.1909 -34.5576 0
rfingers 7.12502 0 0
rthumb -0.604486 -784.543 0
634
root 5.75845 15.9919 -1.81785 -2.14192 36.4218 -13.5657
lfemur -21.4465 22.468 -23.1768
ltibia 59.2095 0 0
lfoot -14.5362 4.6858 0
ltoes -1.58957 0 0
rfemur -47.9419 -15.0294 24.7456
rtibia 62.4427 0 0
rfoot -11.1739 1.64779 0
rtoes -11.9162 0 0
lowerback 1.19252 -4.10543 -3.36049
upperback -0.185391 -5.55558 1.60188
thorax -0.563519 -2.79355 3.55442
lowerneck -8.18016 -8.52446 -1.60896
upperneck 7.26386 -11.8178 4.55722
head 4.0942 -5.60852 0.866534
lclavicle 2.39473e-14 -7.032e-15 0
lhumerus -16.4435 -52.4032 89.4084
lradius 70.2282 0 0
lwrist 26.2462 0 0
lhand -14.5344 -0.896762 0
lfingers 7.12502 0 0
lthumb 11.6127 28.7412 0
rclavicle 2.39473e-14 -7.032e-15 0
rhumerus -14.392 1.04681 -64.233
rradius 97.2742 0 0
rwrist -34.0852 0 0
rhand -27.178 -35.0108 0
rfingers 7.12502 0 0
rthumb -0.592097 -784.996 0
635
root 5.74769 15.9799 -1.76584 -1.50872 34.8962 -13.1118
lfemur -21.574 22.6883 -23.286
ltibia 59.6887 0 0
lfoot -13.9893 4.41622 0
ltoes -1.62142 0 0
rfemur -48.0459 -15.1618 24.9694
rtibia 62.809 0 0
rfoot -11.696 1.30996 0
rtoes -11.4615 0 0
lowerback 1.11114 -4.18985 -3.26548
upperback -0.245863 -5.66494 1.59772
thorax -0.580474 -2.8475 3.4947
lowerneck -8.2604 -8.3901 -1.54418
upperneck 7.07251 -11.6293 4.48466
head 4.03698 -5.5212 0.849913
lclavicle 2.38247e-14 -7.13484e-15 0
lhumerus -16.2111 -53.1431 89.5024
lradius 70.7579 0 0
lwrist 26.2923 0 0
lhand -14.4142 -0.850773 0
lfingers 7.12502 0 0
lthumb 11.7287 28.7811 0
rclavicle 2.38247e-14 -7.13484e-15 0
rhumerus -15.6131 0.590028 -63.9245
rradius 96.1527 0 0
rwrist -33.6705 0 0
rhand -27.1657 -35.4634 0
rfingers 7.12502 0 0
rthumb -0.580201 -785.449 0
636
root 5.73692 15.9682 -1.7136 -0.877158 33.369 -12.6588
lfemur -21.7032 22.9071 -23.3912
ltibia 60.1717 0 0
lfoot -13.4424 4.14684 0
ltoes -1.65058 0 0
rfemur -48.1464 -15.2927 25.1916
rtibia 63.1698 0 0
rfoot -12.2148 0.973231 0
rtoes -11.0071 0 0
lowerback 1.03017 -4.27401 -3.17068
upperback -0.306258 -5.77397 1.59326
thorax -0.597603 -2.90128 3.43483
lowerneck -8.34023 -8.25588 -1.47949
upperneck 6.88153 -11.441 4.4124
head 3.97983 -5.43397 0.833391
lclavicle 2.36962e-14 -7.23547e-15 0
lhumerus -15.9757 -53.8786 89.59
lradius 71.2867 0 0
lwrist 26.3385 0 0
lhand -14.2949 -0.805362 0
lfingers 7.12502 0 0
lthumb 11.8437 28.8205 0
rclavicle 2.36962e-14 -7.23547e-15 0
rhumerus -16.8321 0.133982 -63.6133
rradius 95.0352 0 0
rwrist -33.2553 0 0
rhand -27.154 -35.915 0
rfingers 7.12502 0 0
rthumb -0.568841 -785.901 0
637
root 5.72616 15.9568 -1.66115 -0.247717 31.8413 -12.2071
lfemur -21.8341 23.1244 -23.4921
ltibia 60.6584 0 0
lfoot -12.8958 3.87786 0
ltoes -1.67687 0 0
rfemur -48.2431 -15.4218 25.4118
rtibia 63.5247 0 0
rfoot -12.7297 0.637924 0
rtoes -10.5533 0 0
lowerback 0.949695 -4.35783 -3.07619
upperback -0.366527 -5.88259 1.58849
thorax -0.614905 -2.95485 3.37485
lowerneck -8.41956 -8.12191 -1.41495
upperneck 6.69107 -11.253 4.3405
head 3.9228 -5.34691 0.816987
lclavicle 2.35617e-14 -7.33359e-15 0
lhumerus -15.7372 -54.6088 89.6709
lradius 71.8143 0 0
lwrist 26.3848 0 0
lhand -14.1768 -0.760597 0
lfingers 7.12502 0 0
lthumb 11.9577 28.8593 0
rclavicle 2.35617e-14 -7.33359e-15 0
rhumerus -18.0478 -0.320952 -63.2993
rradius 93.9226 0 0
rwrist -32.8399 0 0
rhand -27.1428 -36.3652 0
rfingers 7.12502 0 0
rthumb -0.558062 -786.351 0
638
root 5.71542 15.9456 -1.60852 0.379137 30.3141 -11.7569
lfemur -21.9668 23.3399 -23.5883
ltibia 61.1487 0 0
lfoot -12.3498 3.6095 0
ltoes -1.7001 0 0
rfemur -48.3358 -15.549 25.6298
rtibia 63.8729 0 0
rfoot -13.2401 0.304368 0
rtoes -10.1005 0 0
lowerback 0.869793 -4.44124 -2.98209
upperback -0.426621 -5.99068 1.58339
thorax -0.632378 -3.00816 3.31478
lowerneck -8.49831 -7.9883 -1.3506
upperneck 6.50131 -11.0656 4.26904
head 3.86592 -5.26008 0.800717
lclavicle 2.34215e-14 -7.42891e-15 0
lhumerus -15.4957 -55.3331 89.7446
lradius 72.3401 0 0
lwrist 26.4312 0 0
lhand -14.0599 -0.716544 0
lfingers 7.12502 0 0
lthumb 12.0704 28.8974 0
rclavicle 2.34215e-14 -7.42891e-15 0
rhumerus -19.2593 -0.774393 -62.9827
rradius 92.8162 0 0
rwrist -32.4245 0 0
rhand -27.1323 -36.8136 0
rfingers 7.12502 0 0
rthumb -0.547905 -786.8 0
639
root 5.7047 15.9347 -1.55573 1.00293 28.7883 -11.3086
lfemur -22.1012 23.5534 -23.6795
ltibia 61.6425 0 0
lfoot -11.8049 3.34198 0
ltoes -1.7201 0 0
rfemur -48.424 -15.6742 25.8454
rtibia 64.2139 0 0
rfoot -13.7454 -0.0271074 0
rtoes -9.64917 0 0
lowerback 0.790551 -4.52417 -2.88847
upperback -0.486493 -6.09815 1.57794
thorax -0.650018 -3.06116 3.25467
lowerneck -8.57639 -7.85515 -1.2865
upperneck 6.31241 -10.8788 4.19808
head 3.80925 -5.17355 0.784602
lclavicle 2.32754e-14 -7.52115e-15 0
lhumerus -15.2511 -56.0506 89.8107
lradius 72.8637 0 0
lwrist 26.4777 0 0
lhand -13.9445 -0.673271 0
lfingers 7.12502 0 0
lthumb 12.1817 28.9348 0
rclavicle 2.32754e-14 -7.52115e-15 0
rhumerus -20.4654 -1.22596 -62.6635
rradius 91.7169 0 0
rwrist -32.0094 0 0
rhand -27.1225 -37.2599 0
rfingers 7.12502 0 0
rthumb -0.538415 -787.246 0
640
root 5.69402 15.9241 -1.50281 1.62321 27.2651 -10.8625
lfemur -22.2373 23.7646 -23.7654
ltibia 62.1395 0 0
lfoot -11.2616 3.0755 0
ltoes -1.73669 0 0
rfemur -48.5076 -15.797 26.0583
rtibia 64.5471 0 0
rfoot -14.2451 -0.356175 0
rtoes -9.19953 0 0
lowerback 0.712049 -4.60652 -2.79541
upperback -0.546093 -6.20491 1.57213
thorax -0.667823 -3.1138 3.19455
lowerneck -8.65373 -7.72257 -1.2227
upperneck 6.12454 -10.6928 4.12771
head 3.75283 -5.08739 0.768658
lclavicle 2.31237e-14 -7.61001e-15 0
lhumerus -15.0035 -56.7604 89.8687
lradius 73.3846 0 0
lwrist 26.5242 0 0
lhand -13.8306 -0.630846 0
lfingers 7.12502 0 0
lthumb 12.2916 28.9715 0
rclavicle 2.31237e-14 -7.61001e-15 0
rhumerus -21.6652 -1.67529 -62.3417
rradius 90.6258 0 0
rwrist -31.5949 0 0
rhand -27.1134 -37.7035 0
rfingers 7.12502 0 0
rthumb -0.529634 -787.69 0
641
root 5.68337 15.9139 -1.44979 2.23949 25.7455 -10.4188
lfemur -22.3751 23.9734 -23.8456
ltibia 62.6398 0 0
lfoot -10.7201 2.81029 0
ltoes -1.74968 0 0
rfemur -48.5863 -15.9174 26.2682
rtibia 64.8718 0 0
rfoot -14.7386 -0.682506 0
rtoes -8.75199 0 0
lowerback 0.63437 -4.68823 -2.70299
upperback -0.605372 -6.31084 1.56595
thorax -0.68579 -3.16603 3.13445
lowerneck -8.73023 -7.59066 -1.15926
upperneck 5.93785 -10.5078 4.05799
head 3.69671 -5.00167 0.752904
lclavicle 2.29663e-14 -7.69522e-15 0
lhumerus -14.7527 -57.4619 89.9182
lradius 73.9025 0 0
lwrist 26.5708 0 0
lhand -13.7183 -0.589335 0
lfingers 7.12502 0 0
lthumb 12.3999 29.0072 0
rclavicle 2.29663e-14 -7.69522e-15 0
rhumerus -22.8577 -2.12199 -62.0176
rradius 89.5439 0 0
rwrist -31.1814 0 0
rhand -27.105 -38.1443 0
rfingers 7.12502 0 0
rthumb -0.521605 -788.131 0
642
root 5.67277 15.904 -1.39668 2.8513 24.2304 -9.97793
lfemur -22.5147 24.1794 -23.92
ltibia 63.143 0 0
lfoot -10.1809 2.54654 0
ltoes -1.75889 0 0
rfemur -48.6597 -16.035 26.4749
rtibia 65.1876 0 0
rfoot -15.2253 -1.00577 0
rtoes -8.30692 0 0
lowerback 0.557598 -4.76922 -2.6113
upperback -0.664284 -6.41585 1.55937
thorax -0.703917 -3.21781 3.07441
lowerneck -8.80583 -7.45954 -1.09622
upperneck 5.75252 -10.3239 3.98899
head 3.64094 -4.91647 0.737359
lclavicle 2.28033e-14 -7.77647e-15 0
lhumerus -14.4989 -58.1541 89.9588
lradius 74.4169 0 0
lwrist 26.6173 0 0
lhand -13.6079 -0.548808 0
lfingers 7.12502 0 0
lthumb 12.5064 29.0421 0
rclavicle 2.28033e-14 -7.77647e-15 0
rhumerus -24.0417 -2.56568 -61.691
rradius 88.4724 0 0
rwrist -30.769 0 0
rhand -27.0976 -38.5817 0
rfingers 7.12502 0 0
rthumb -0.514372 -788.568 0
643
root 5.66223 15.8945 -1.34352 3.45819 22.721 -9.54007
lfemur -22.6561 24.3825 -23.9881
ltibia 63.6492 0 0
lfoot -9.64439 2.28449 0
ltoes -1.76414 0 0
rfemur -48.7277 -16.1498 26.6782
rtibia 65.4937 0 0
rfoot -15.7046 -1.32565 0
rtoes -7.86468 0 0
lowerback 0.481814 -4.84941 -2.52042
upperback -0.722778 -6.51985 1.55239
thorax -0.722201 -3.26908 3.01446
lowerneck -8.88042 -7.32931 -1.03365
upperneck 5.56871 -10.1413 3.92079
head 3.58556 -4.83185 0.72204
lclavicle 2.26348e-14 -7.85348e-15 0
lhumerus -14.242 -58.8363 89.99
lradius 74.9273 0 0
lwrist 26.6638 0 0
lhand -13.4995 -0.50933 0
lfingers 7.12502 0 0
lthumb 12.6109 29.0761 0
rclavicle 2.26348e-14 -7.85348e-15 0
rhumerus -25.2163 -3.00599 -61.3622
rradius 87.4123 0 0
rwrist -30.3581 0 0
rhand -27.0909 -39.0153 0
rfingers 7.12502 0 0
rthumb -0.507978 -789.002 0
644
root 5.65175 15.8854 -1.29032 4.05967 21.2182 -9.10556
lfemur -22.7992 24.5825 -24.0496
ltibia 64.1582 0 0
lfoot -9.11097 2.02433 0
ltoes -1.76526 0 0
rfemur -48.7898 -16.2616 26.8777
rtibia 65.7896 0 0
rfoot -16.1759 -1.6418 0
rtoes -7.42563 0 0
lowerback 0.407101 -4.92873 -2.43045
upperback -0.780806 -6.62273 1.54498
thorax -0.74064 -3.31979 2.95464
lowerneck -8.95394 -7.20008 -0.971585
upperneck 5.38659 -9.96009 3.85346
head 3.53062 -4.74787 0.706965
lclavicle 2.24609e-14 -7.92597e-15 0
lhumerus -13.982 -59.5077 90.0114
lradius 75.4333 0 0
lwrist 26.7102 0 0
lhand -13.3932 -0.470969 0
lfingers 7.12502 0 0
lthumb 12.7135 29.109 0
rclavicle 2.24609e-14 -7.92597e-15 0
rhumerus -26.3805 -3.44255 -61.031
rradius 86.3646 0 0
rwrist -29.9489 0 0
rhand -27.0852 -39.4448 0
rfingers 7.12502 0 0
rthumb -0.502466 -789.432 0
645
root 5.64133 15.8767 -1.23712 4.65528 19.723 -8.67469
lfemur -22.9441 24.7791 -24.1042
ltibia 64.6699 0 0
lfoot -8.58104 1.76629 0
ltoes -1.76205 0 0
rfemur -48.8459 -16.3701 27.0732
rtibia 66.0747 0 0
rfoot -16.6387 -1.9539 0
rtoes -6.99014 0 0
lowerback 0.333542 -5.00709 -2.34146
upperback -0.83832 -6.72439 1.53713
thorax -0.759231 -3.3699 2.89499
lowerneck -9.0263 -7.07196 -0.910091
upperneck 5.20632 -9.78046 3.78707
head 3.47618 -4.66462 0.692154
lclavicle 2.22815e-14 -7.99363e-15 0
lhumerus -13.7189 -60.1675 90.0225
lradius 75.9344 0 0
lwrist 26.7565 0 0
lhand -13.2892 -0.433793 0
lfingers 7.12502 0 0
lthumb 12.8138 29.1408 0
rclavicle 2.22815e-14 -7.99363e-15 0
rhumerus -27.5331 -3.87496 -60.6977
rradius 85.3304 0 0
rwrist -29.5418 0 0
rhand -27.0805 -39.8698 0
rfingers 7.12502 0 0
rthumb -0.497879 -789.857 0
646
root 5.631 15.8685 -1.18394 5.24456 18.2366 -8.24777
lfemur -23.0908 24.972 -24.1517
ltibia 65.184 0 0
lfoot -8.055 1.51058 0
ltoes -1.75433 0 0
rfemur -48.8957 -16.4752 27.2645
rtibia 66.3484 0 0
rfoot -17.0924 -2.26163 0
rtoes -6.55857 0 0
lowerback 0.261219 -5.08442 -2.25354
upperback -0.895271 -6.82473 1.52883
thorax -0.777971 -3.41936 2.83554
lowerneck -9.0974 -6.94505 -0.849215
upperneck 5.02806 -9.60254 3.72168
head 3.42226 -4.58216 0.677624
lclavicle 2.20968e-14 -8.05619e-15 0
lhumerus -13.4527 -60.8149 90.023
lradius 76.4302 0 0
lwrist 26.8027 0 0
lhand -13.1875 -0.397869 0
lfingers 7.12502 0 0
lthumb 12.9118 29.1715 0
rclavicle 2.20968e-14 -8.05619e-15 0
rhumerus -28.6732 -4.30286 -60.3623
rradius 84.3108 0 0
rwrist -29.137 0 0
rhand -27.0767 -40.29 0
rfingers 7.12502 0 0
rthumb -0.49426 -790.277 0
647
root 5.62075 15.8607 -1.1308 5.82703 16.7598 -7.82508
lfemur -23.2393 25.1611 -24.1916
ltibia 65.7006 0 0
lfoot -7.53324 1.2574 0
ltoes -1.74194 0 0
rfemur -48.9388 -16.5767 27.4513
rtibia 66.61 0 0
rfoot -17.5364 -2.56465 0
rtoes -6.13128 0 0
lowerback 0.190215 -5.16064 -2.16678
upperback -0.951611 -6.92366 1.52006
thorax -0.796858 -3.46811 2.77632
lowerneck -9.16719 -6.81945 -0.789012
upperneck 4.85198 -9.4265 3.65738
head 3.36893 -4.50055 0.663393
lclavicle 2.19068e-14 -8.11336e-15 0
lhumerus -13.1834 -61.4491 90.0124
lradius 76.9204 0 0
lwrist 26.8488 0 0
lhand -13.0884 -0.363265 0
lfingers 7.12502 0 0
lthumb 13.0074 29.201 0
rclavicle 2.19068e-14 -8.11336e-15 0
rhumerus -29.7997 -4.72587 -60.0249
rradius 83.3068 0 0
rwrist -28.7347 0 0
rhand -27.074 -40.7048 0
rfingers 7.12502 0 0
rthumb -0.491653 -790.692 0
648
root 5.61059 15.8535 -1.07774 6.40222 15.2938 -7.40694
lfemur -23.3895 25.3462 -24.2237
ltibia 66.2194 0 0
lfoot -7.01617 1.00698 0
ltoes -1.72467 0 0
rfemur -48.9749 -16.6744 27.6333
rtibia 66.8591 0 0
rfoot -17.9702 -2.86263 0
rtoes -5.70864 0 0
lowerback 0.120611 -5.23568 -2.08125
upperback -1.00729 -7.02108 1.5108
thorax -0.815889 -3.51611 2.71737
lowerneck -9.23556 -6.69528 -0.729533
upperneck 4.67825 -9.25249 3.59424
head 3.31623 -4.41988 0.64948
lclavicle 2.17116e-14 -8.16483e-15 0
lhumerus -12.9109 -62.0692 89.9902
lradius 77.4043 0 0
lwrist 26.8947 0 0
lhand -12.992 -0.330048 0
lfingers 7.12502 0 0
lthumb 13.1004 29.2293 0
rclavicle 2.17116e-14 -8.16483e-15 0
rhumerus -30.9116 -5.1436 -59.6854
rradius 82.3195 0 0
rwrist -28.3354 0 0
rhand -27.0724 -41.1139 0
rfingers 7.12502 0 0
rthumb -0.4901 -791.101 0
649
root 5.60053 15.8467 -1.02476 6.96966 13.8395 -6.99364
lfemur -23.5416 25.527 -24.2477
ltibia 66.7403 0 0
lfoot -6.50419 0.759528 0
ltoes -1.70236 0 0
rfemur -49.0039 -16.768 27.8103
rtibia 67.0949 0 0
rfoot -18.3931 -3.15526 0
rtoes -5.29101 0 0
lowerback 0.052492 -5.30946 -1.99705
upperback -1.06226 -7.11688 1.50105
thorax -0.835062 -3.56331 2.65873
lowerneck -9.30243 -6.57265 -0.670831
upperneck 4.50703 -9.08064 3.53232
head 3.2642 -4.3402 0.635903
lclavicle 2.15112e-14 -8.21034e-15 0
lhumerus -12.6353 -62.6745 89.956
lradius 77.8816 0 0
lwrist 26.9404 0 0
lhand -12.8985 -0.298285 0
lfingers 7.12502 0 0
lthumb 13.1906 29.2562 0
rclavicle 2.15112e-14 -8.21034e-15 0
rhumerus -32.0079 -5.55568 -59.3441
rradius 81.3499 0 0
rwrist -27.9393 0 0
rhand -27.072 -41.5169 0
rfingers 7.12502 0 0
rthumb -0.489645 -791.504 0
650
root 5.59058 15.8405 -0.971911 7.52889 12.3981 -6.58547
lfemur -23.6954 25.7032 -24.2632
ltibia 67.2632 0 0
lfoot -5.99769 0.515253 0
ltoes -1.67483 0 0
rfemur -49.0254 -16.8575 27.9821
rtibia 67.3169 0 0
rfoot -18.8045 -3.44219 0
rtoes -4.87876 0 0
lowerback -0.0140611 -5.3819 -1.91426
upperback -1.11648 -7.21097 1.49077
thorax -0.854374 -3.60966 2.60043
lowerneck -9.36773 -6.45165 -0.61296
upperneck 4.33849 -8.91112 3.4717
head 3.2129 -4.26159 0.62268
lclavicle 2.13057e-14 -8.24958e-15 0
lhumerus -12.3566 -63.2642 89.9094
lradius 78.3518 0 0
lwrist 26.9859 0 0
lhand -12.8079 -0.268045 0
lfingers 7.12502 0 0
lthumb 13.278 29.2817 0
rclavicle 2.13057e-14 -8.24958e-15 0
rhumerus -33.0875 -5.96173 -59.0009
rradius 80.3992 0 0
rwrist -27.5466 0 0
rhand -27.0727 -41.9135 0
rfingers 7.12502 0 0
rthumb -0.490331 -791.9 0
651
root 5.58075 15.8348 -0.919203 8.07944 10.9705 -6.18273
lfemur -23.8511 25.8747 -24.2699
ltibia 67.7879 0 0
lfoot -5.49707 0.274372 0
ltoes -1.64188 0 0
rfemur -49.0391 -16.9427 28.1483
rtibia 67.5245 0 0
rfoot -19.204 -3.72311 0
rtoes -4.47224 0 0
lowerback -0.0789654 -5.45292 -1.83297
upperback -1.16989 -7.30324 1.47997
thorax -0.873822 -3.6551 2.5425
lowerneck -9.43137 -6.3324 -0.555972
upperneck 4.17279 -8.74408 3.41245
head 3.16236 -4.18412 0.609829
lclavicle 2.10951e-14 -8.28227e-15 0
lhumerus -12.0747 -63.8374 89.8499
lradius 78.8146 0 0
lwrist 27.0312 0 0
lhand -12.7204 -0.239393 0
lfingers 7.12502 0 0
lthumb 13.3623 29.3058 0
rclavicle 2.10951e-14 -8.28227e-15 0
rhumerus -34.1494 -6.36138 -58.656
rradius 79.4683 0 0
rwrist -27.1576 0 0
rhand -27.0746 -42.3033 0
rfingers 7.12502 0 0
rthumb -0.492201 -792.29 0
652
root 5.57104 15.8297 -0.866666 8.62083 9.55767 -5.78572
lfemur -24.0086 26.0413 -24.2675
ltibia 68.3144 0 0
lfoot -5.00273 0.0370964 0
ltoes -1.60334 0 0
rfemur -49.0448 -17.0232 28.3087
rtibia 67.717 0 0
rfoot -19.5909 -3.99768 0
rtoes -4.07183 0 0
lowerback -0.142138 -5.52245 -1.75325
upperback -1.22244 -7.39361 1.46862
thorax -0.893403 -3.6996 2.48499
lowerneck -9.49326 -6.21501 -0.499919
upperneck 4.01009 -8.57967 3.35464
head 3.11264 -4.10786 0.597369
lclavicle 2.08796e-14 -8.30811e-15 0
lhumerus -11.7897 -64.3934 89.7771
lradius 79.2694 0 0
lwrist 27.0761 0 0
lhand -12.6362 -0.212399 0
lfingers 7.12502 0 0
lthumb 13.4435 29.3284 0
rclavicle 2.08796e-14 -8.30811e-15 0
rhumerus -35.1925 -6.75425 -58.3093
rradius 78.5584 0 0
rwrist -26.7727 0 0
rhand -27.0778 -42.6857 0
rfingers 7.12502 0 0
rthumb -0.495298 -792.672 0
653
root 5.56146 15.8252 -0.814324 9.1526 8.16076 -5.39474
lfemur -24.1679 26.2026 -24.2557
ltibia 68.8425 0 0
lfoot -4.51508 -0.196359 0
ltoes -1.55903 0 0
rfemur -49.0421 -17.099 28.4631
rtibia 67.894 0 0
rfoot -19.9646 -4.26557 0
rtoes -3.67788 0 0
lowerback -0.203497 -5.59041 -1.6752
upperback -1.2741 -7.48196 1.45671
thorax -0.913116 -3.7431 2.42792
lowerneck -9.55333 -6.09958 -0.444856
upperneck 3.85057 -8.41803 3.29834
head 3.06379 -4.03287 0.585317
lclavicle 2.06591e-14 -8.32683e-15 0
lhumerus -11.5015 -64.9314 89.6906
lradius 79.7157 0 0
lwrist 27.1208 0 0
lhand -12.5554 -0.187128 0
lfingers 7.12502 0 0
lthumb 13.5215 29.3494 0
rclavicle 2.06591e-14 -8.32683e-15 0
rhumerus -36.2159 -7.13995 -57.961
rradius 77.6705 0 0
rwrist -26.3921 0 0
rhand -27.0823 -43.0606 0
rfingers 7.12502 0 0
rthumb -0.499666 -793.047 0
654
root 5.55202 15.8214 -0.762202 9.67428 6.78074 -5.01009
lfemur -24.329 26.3586 -24.2342
ltibia 69.3721 0 0
lfoot -4.03451 -0.425781 0
ltoes -1.50877 0 0
rfemur -49.0308 -17.1699 28.6111
rtibia 68.0547 0 0
rfoot -20.3245 -4.52646 0
rtoes -3.29076 0 0
lowerback -0.26296 -5.65672 -1.5989
upperback -1.3248 -7.5682 1.44421
thorax -0.932957 -3.78556 2.37133
lowerneck -9.61149 -5.98621 -0.390833
upperneck 3.69438 -8.25932 3.24363
head 3.01584 -3.95923 0.573693
lclavicle 2.04337e-14 -8.33813e-15 0
lhumerus -11.2101 -65.4505 89.5899
lradius 80.1533 0 0
lwrist 27.1652 0 0
lhand -12.4782 -0.16365 0
lfingers 7.12502 0 0
lthumb 13.5959 29.3688 0
rclavicle 2.04337e-14 -8.33813e-15 0
rhumerus -37.2185 -7.51811 -57.6111
rradius 76.8056 0 0
rwrist -26.0161 0 0
rhand -27.0882 -43.4274 0
rfingers 7.12502 0 0
rthumb -0.505347 -793.414 0
655
root 5.54273 15.8181 -0.710326 10.1854 5.41865 -4.63206
lfemur -24.4919 26.5089 -24.2026
ltibia 69.9029 0 0
lfoot -3.56142 -0.650958 0
ltoes -1.45238 0 0
rfemur -49.0106 -17.2356 28.7526
rtibia 68.1986 0 0
rfoot -20.6702 -4.78002 0
rtoes -2.91083 0 0
lowerback -0.320444 -5.72131 -1.52443
upperback -1.3745 -7.65223 1.43113
thorax -0.952925 -3.82692 2.31525
lowerneck -9.66766 -5.87502 -0.337906
upperneck 3.5417 -8.1037 3.19057
head 2.96886 -3.887 0.562513
lclavicle 2.02036e-14 -8.34172e-15 0
lhumerus -10.9155 -65.9501 89.4746
lradius 80.5816 0 0
lwrist 27.2092 0 0
lhand -12.4046 -0.14203 0
lfingers 7.12502 0 0
lthumb 13.6669 29.3866 0
rclavicle 2.02036e-14 -8.34172e-15 0
rhumerus -38.1992 -7.88835 -57.2597
rradius 75.9649 0 0
rwrist -25.645 0 0
rhand -27.0955 -43.7858 0
rfingers 7.12502 0 0
rthumb -0.512384 -793.772 0
656
root 5.53358 15.8156 -0.658721 10.6855 4.0755 -4.26095
lfemur -24.6568 26.6533 -24.1607
ltibia 70.435 0 0
lfoot -3.09621 -0.871674 0
ltoes -1.38966 0 0
rfemur -48.9813 -17.296 28.8873
rtibia 68.3251 0 0
rfoot -21.0009 -5.02592 0
rtoes -2.53846 0 0
lowerback -0.375866 -5.78409 -1.45189
upperback -1.42316 -7.73396 1.41744
thorax -0.973015 -3.86713 2.25973
lowerneck -9.72175 -5.76611 -0.286125
upperneck 3.39268 -7.95131 3.13925
head 2.92288 -3.81626 0.551797
lclavicle 1.99687e-14 -8.33731e-15 0
lhumerus -10.6178 -66.4291 89.3443
lradius 81.0001 0 0
lwrist 27.2528 0 0
lhand -12.3349 -0.122337 0
lfingers 7.12502 0 0
lthumb 13.7341 29.4025 0
rclavicle 1.99687e-14 -8.33731e-15 0
rhumerus -39.157 -8.2503 -56.9069
rradius 75.1493 0 0
rwrist -25.2791 0 0
rhand -27.1042 -44.1354 0
rfingers 7.12502 0 0
rthumb -0.520822 -794.121 0
657
root 5.5246 15.8137 -0.607412 11.1741 2.75234 -3.89705
lfemur -24.8234 26.7916 -24.1081
ltibia 70.9681 0 0
lfoot -2.63928 -1.08772 0
ltoes -1.32046 0 0
rfemur -48.9424 -17.3509 29.0149
rtibia 68.4336 0 0
rfoot -21.3162 -5.26384 0
rtoes -2.17402 0 0
lowerback -0.429144 -5.84499 -1.38134
upperback -1.47071 -7.81327 1.40312
thorax -0.993227 -3.90615 2.2048
lowerneck -9.77368 -5.65959 -0.235544
upperneck 3.24749 -7.8023 3.08972
head 2.87794 -3.74708 0.541563
lclavicle 1.97291e-14 -8.32461e-15 0
lhumerus -10.3169 -66.887 89.1985
lradius 81.4085 0 0
lwrist 27.296 0 0
lhand -12.2692 -0.104638 0
lfingers 7.12502 0 0
lthumb 13.7975 29.4167 0
rclavicle 1.97291e-14 -8.32461e-15 0
rhumerus -40.091 -8.60357 -56.5527
rradius 74.36 0 0
rwrist -24.9186 0 0
rhand -27.1145 -44.4757 0
rfingers 7.12502 0 0
rthumb -0.530702 -794.462 0
658
root 5.51579 15.8126 -0.556424 11.6507 1.45017 -3.54067
lfemur -24.9919 26.9236 -24.0445
ltibia 71.5022 0 0
lfoot -2.19103 -1.29888 0
ltoes -1.24457 0 0
rfemur -48.8938 -17.4001 29.1352
rtibia 68.5234 0 0
rfoot -21.6154 -5.49343 0
rtoes -1.81785 0 0
lowerback -0.480196 -5.90394 -1.31289
upperback -1.51713 -7.89008 1.38816
thorax -1.01356 -3.94392 2.15049
lowerneck -9.82338 -5.55557 -0.186216
upperneck 3.1063 -7.65682 3.04206
head 2.83411 -3.67952 0.531829
lclavicle 1.94849e-14 -8.30334e-15 0
lhumerus -10.0127 -67.3227 89.0368
lradius 81.8063 0 0
lwrist 27.3389 0 0
lhand -12.2076 -0.0890007 0
lfingers 7.12502 0 0
lthumb 13.8569 29.429 0
rclavicle 1.94849e-14 -8.30334e-15 0
rhumerus -41 -8.94779 -56.1972
rradius 73.598 0 0
rwrist -24.5638 0 0
rhand -27.1263 -44.8065 0
rfingers 7.12502 0 0
rthumb -0.542069 -794.792 0
659
root 5.50716 15.8122 -0.505782 12.1149 0.17004 -3.19211
lfemur -25.1623 27.049 -23.9696
ltibia 72.037 0 0
lfoot -1.75186 -1.50493 0
ltoes -1.16182 0 0
rfemur -48.8352 -17.4435 29.2479
rtibia 68.594 0 0
rfoot -21.898 -5.71439 0
rtoes -1.47033 0 0
lowerback -0.528938 -5.96085 -1.24661
upperback -1.56234 -7.96427 1.37255
thorax -1.034 -3.9804 2.09683
lowerneck -9.87075 -5.45415 -0.138193
upperneck 2.96927 -7.51503 2.99635
head 2.79142 -3.61366 0.522612
lclavicle 1.92361e-14 -8.27321e-15 0
lhumerus -9.70537 -67.7357 88.8587
lradius 82.193 0 0
lwrist 27.3812 0 0
lhand -12.1502 -0.075492 0
lfingers 7.12502 0 0
lthumb 13.9122 29.4394 0
rclavicle 1.92361e-14 -8.27321e-15 0
rhumerus -41.883 -9.28258 -55.8404
rradius 72.8643 0 0
rwrist -24.2151 0 0
rhand -27.1396 -45.1273 0
rfingers 7.12502 0 0
rthumb -0.554964 -795.113 0
660
root 5.49871 15.8125 -0.455512 12.5662 -1.08704 -2.85166
lfemur -25.3346 27.1676 -23.8831
ltibia 72.5726 0 0
lfoot -1.32217 -1.70568 0
ltoes -1.07204 0 0
rfemur -48.7662 -17.4807 29.3527
rtibia 68.6448 0 0
rfoot -22.1633 -5.92637 0
rtoes -1.13183 0 0
lowerback -0.575289 -6.01566 -1.18259
upperback -1.60632 -8.03577 1.35626
thorax -1.05456 -4.01554 2.04387
lowerneck -9.91571 -5.35544 -0.0915292
upperneck 2.83657 -7.37708 2.95266
head 2.74993 -3.54956 0.513932
lclavicle 1.89828e-14 -8.23392e-15 0
lhumerus -9.3948 -68.125 88.6638
lradius 82.5682 0 0
lwrist 27.4231 0 0
lhand -12.0973 -0.0641795 0
lfingers 7.12502 0 0
lthumb 13.9633 29.4478 0
rclavicle 1.89828e-14 -8.23392e-15 0
rhumerus -42.739 -9.60756 -55.4825
rradius 72.1601 0 0
rwrist -23.8726 0 0
rhand -27.1546 -45.4378 0
rfingers 7.12502 0 0
rthumb -0.569433 -795.423 0
661
root 5.49045 15.8136 -0.405639 13.0041 -2.32004 -2.51961
lfemur -25.5087 27.2793 -23.7846
ltibia 73.1086 0 0
lfoot -0.902352 -1.9009 0
ltoes -0.97503 0 0
rfemur -48.6867 -17.5117 29.4495
rtibia 68.6752 0 0
rfoot -22.4109 -6.12905 0
rtoes -0.802697 0 0
lowerback -0.619166 -6.06827 -1.12091
upperback -1.64901 -8.10445 1.33929
thorax -1.07523 -4.04929 1.99163
lowerneck -9.95818 -5.25955 -0.0462761
upperneck 2.70836 -7.24311 2.91105
head 2.70967 -3.48729 0.505807
lclavicle 1.8725e-14 -8.18519e-15 0
lhumerus -9.08101 -68.4898 88.4517
lradius 82.9315 0 0
lwrist 27.4645 0 0
lhand -12.0489 -0.0551309 0
lfingers 7.12502 0 0
lthumb 14.01 29.4541 0
rclavicle 1.8725e-14 -8.18519e-15 0
rhumerus -43.5669 -9.92235 -55.1235
rradius 71.4863 0 0
rwrist -23.5368 0 0
rhand -27.1712 -45.7375 0
rfingers 7.12502 0 0
rthumb -0.585517 -795.722 0
662
root 5.48239 15.8155 -0.356187 13.4282 -3.52793 -2.19627
lfemur -25.6847 27.3837 -23.6739
ltibia 73.6451 0 0
lfoot -0.492813 -2.09038 0
ltoes -0.870619 0 0
rfemur -48.5963 -17.5362 29.5379
rtibia 68.6846 0 0
rfoot -22.6401 -6.3221 0
rtoes -0.483304 0 0
lowerback -0.660486 -6.11862 -1.06167
upperback -1.69035 -8.17024 1.32162
thorax -1.096 -4.08159 1.94016
lowerneck -9.99808 -5.16658 -0.00248691
upperneck 2.58481 -7.11329 2.8716
head 2.6707 -3.42693 0.498254
lclavicle 1.84629e-14 -8.12672e-15 0
lhumerus -8.76399 -68.8294 88.222
lradius 83.2824 0 0
lwrist 27.5053 0 0
lhand -12.0052 -0.0484133 0
lfingers 7.12502 0 0
lthumb 14.0521 29.4584 0
rclavicle 1.84629e-14 -8.12672e-15 0
rhumerus -44.3658 -10.2266 -54.7634
rradius 70.8441 0 0
rwrist -23.2079 0 0
rhand -27.1896 -46.026 0
rfingers 7.12502 0 0
rthumb -0.603259 -796.01 0
663
root 5.47454 15.8182 -0.307182 13.838 -4.70968 -1.88193
lfemur -25.8626 27.4806 -23.5507
ltibia 74.1818 0 0
lfoot -0.0939503 -2.27391 0
ltoes -0.758625 0 0
rfemur -48.4947 -17.5541 29.6176
rtibia 68.6723 0 0
rfoot -22.8504 -6.50519 0
rtoes -0.174013 0 0
lowerback -0.699166 -6.16662 -1.00493
upperback -1.73031 -8.23301 1.30323
thorax -1.11688 -4.11241 1.88948
lowerneck -10.0353 -5.07664 0.0397855
upperneck 2.46608 -6.98775 2.83438
head 2.63306 -3.36854 0.491292
lclavicle 1.81964e-14 -8.05824e-15 0
lhumerus -8.44373 -69.143 87.9741
lradius 83.6205 0 0
lwrist 27.5456 0 0
lhand -11.9663 -0.0440944 0
lfingers 7.12502 0 0
lthumb 14.0896 29.4604 0
rclavicle 1.81964e-14 -8.05824e-15 0
rhumerus -45.1346 -10.5199 -54.4024
rradius 70.2345 0 0
rwrist -22.8861 0 0
rhand -27.2098 -46.303 0
rfingers 7.12502 0 0
rthumb -0.622704 -796.287 0
664
root 5.4669 15.8218 -0.258649 14.2329 -5.86428 -1.5769
lfemur -26.0424 27.5699 -23.4145
ltibia 74.7187 0 0
lfoot 0.293837 -2.45127 0
ltoes -0.638864 0 0
rfemur -48.3816 -17.5652 29.6885
rtibia 68.6378 0 0
rfoot -23.0411 -6.678 0
rtoes 0.124811 0 0
lowerback -0.735125 -6.21221 -0.950799
upperback -1.76883 -8.29269 1.28411
thorax -1.13787 -4.14169 1.83964
lowerneck -10.0698 -4.98985 0.0804884
upperneck 2.35234 -6.86666 2.79946
head 2.5968 -3.3122 0.48494
lclavicle 1.79256e-14 -7.97945e-15 0
lhumerus -8.12022 -69.4297 87.7078
lradius 83.9453 0 0
lwrist 27.5853 0 0
lhand -11.9325 -0.0422416 0
lfingers 7.12502 0 0
lthumb 14.1222 29.4603 0
rclavicle 1.79256e-14 -7.97945e-15 0
rhumerus -45.8722 -10.8018 -54.0405
rradius 69.6586 0 0
rwrist -22.5717 0 0
rhand -27.2317 -46.568 0
rfingers 7.12502 0 0
rthumb -0.643893 -796.551 0
665
root 5.45949 15.8263 -0.210613 14.6127 -6.99069 -1.28146
lfemur -26.2241 27.6513 -23.2651
ltibia 75.2555 0 0
lfoot 0.67015 -2.62225 0
ltoes -0.511157 0 0
rfemur -48.2568 -17.5692 29.7502
rtibia 68.5805 0 0
rfoot -23.2117 -6.8402 0
rtoes 0.412806 0 0
lowerback -0.76828 -6.2553 -0.899349
upperback -1.80587 -8.34916 1.26424
thorax -1.15895 -4.16938 1.79066
lowerneck -10.1015 -4.90629 0.119569
upperneck 2.24376 -6.75015 2.76691
head 2.56197 -3.25796 0.479215
lclavicle 1.76507e-14 -7.89005e-15 0
lhumerus -7.79346 -69.6887 87.4224
lradius 84.2564 0 0
lwrist 27.6244 0 0
lhand -11.9037 -0.0429222 0
lfingers 7.12502 0 0
lthumb 14.1499 29.4578 0
rclavicle 1.76507e-14 -7.89005e-15 0
rhumerus -46.5776 -11.0721 -53.6777
rradius 69.1174 0 0
rwrist -22.2651 0 0
rhand -27.2555 -46.8207 0
rfingers 7.12502 0 0
rthumb -0.666871 -796.804 0
666
root 5.4523 15.8316 -0.1631 14.9767 -8.08788 -0.995923
lfemur -26.4078 27.7245 -23.1022
ltibia 75.7923 0 0
lfoot 1.03459 -2.78664 0
ltoes -0.375322 0 0
rfemur -48.12 -17.5661 29.8026
rtibia 68.4998 0 0
rfoot -23.3616 -6.99146 0
rtoes 0.689609 0 0
lowerback -0.798548 -6.29582 -0.850668
upperback -1.84138 -8.40233 1.2436
thorax -1.18013 -4.19543 1.74259
lowerneck -10.1303 -4.82609 0.156974
upperneck 2.14049 -6.63839 2.73681
head 2.52861 -3.20591 0.474135
lclavicle 1.73715e-14 -7.78977e-15 0
lhumerus -7.46344 -69.9193 87.1176
lradius 84.5534 0 0
lwrist 27.6629 0 0
lhand -11.8802 -0.0462037 0
lfingers 7.12502 0 0
lthumb 14.1726 29.453 0
rclavicle 1.73715e-14 -7.78977e-15 0
rhumerus -47.2498 -11.3303 -53.3142
rradius 68.6121 0 0
rwrist -21.9665 0 0
rhand -27.2812 -47.0607 0
rfingers 7.12502 0 0
rthumb -0.691681 -797.043 0
667
root 5.44535 15.8378 -0.116135 15.3245 -9.15484 -0.720577
lfemur -26.5933 27.7893 -22.9255
ltibia 76.3287 0 0
lfoot 1.38675 -2.94423 0
ltoes -0.231177 0 0
rfemur -47.9709 -17.5555 29.8453
rtibia 68.3951 0 0
rfoot -23.4903 -7.13144 0
rtoes 0.954854 0 0
lowerback -0.825846 -6.33368 -0.804841
upperback -1.8753 -8.45209 1.22219
thorax -1.20141 -4.2198 1.69545
lowerneck -10.1561 -4.74935 0.192652
upperneck 2.0427 -6.53153 2.70923
head 2.49678 -3.15611 0.46972
lclavicle 1.70883e-14 -7.67832e-15 0
lhumerus -7.13015 -70.1206 86.793
lradius 84.8357 0 0
lwrist 27.7007 0 0
lhand -11.8621 -0.0521536 0
lfingers 7.12502 0 0
lthumb 14.19 29.4458 0
rclavicle 1.70883e-14 -7.67832e-15 0
rhumerus -47.8878 -11.576 -52.95
rradius 68.1435 0 0
rwrist -21.6762 0 0
rhand -27.3088 -47.2876 0
rfingers 7.12502 0 0
rthumb -0.718364 -797.27 0
668
root 5.43865 15.845 -0.0697421 15.6557 -10.1905 -0.455723
lfemur -26.7808 27.8456 -22.7347
ltibia 76.8648 0 0
lfoot 1.72624 -3.0948 0
ltoes -0.0785421 0 0
rfemur -47.8092 -17.5374 29.8781
rtibia 68.2657 0 0
rfoot -23.5971 -7.25983 0
rtoes 1.20818 0 0
lowerback -0.850093 -6.36881 -0.761953
upperback -1.90759 -8.49836 1.19998
thorax -1.22277 -4.24243 1.64929
lowerneck -10.1788 -4.67617 0.226548
upperneck 1.95056 -6.42971 2.68424
head 2.46651 -3.10863 0.465986
lclavicle 1.68011e-14 -7.5554e-15 0
lhumerus -6.79358 -70.2919 86.4482
lradius 85.103 0 0
lwrist 27.7378 0 0
lhand -11.8496 -0.0608393 0
lfingers 7.12502 0 0
lthumb 14.2021 29.4362 0
rclavicle 1.68011e-14 -7.5554e-15 0
rhumerus -48.4905 -11.8089 -52.5852
rradius 67.7129 0 0
rwrist -21.3945 0 0
rhand -27.3384 -47.5011 0
rfingers 7.12502 0 0
rthumb -0.746966 -797.482 0
669
root 5.4322 15.8531 -0.0239472 15.9697 -11.1939 -0.201658
lfemur -26.9702 27.893 -22.5293
ltibia 77.4004 0 0
lfoot 2.05266 -3.23813 0
ltoes 0.0827646 0 0
rfemur -47.6347 -17.5114 29.9007
rtibia 68.1111 0 0
rfoot -23.6815 -7.37629 0
rtoes 1.44922 0 0
lowerback -0.871205 -6.40114 -0.722089
upperback -1.9382 -8.54103 1.17696
thorax -1.24423 -4.26328 1.60414
lowerneck -10.1983 -4.60667 0.258611
upperneck 1.86424 -6.33309 2.66191
head 2.43785 -3.06354 0.462953
lclavicle 1.65098e-14 -7.42072e-15 0
lhumerus -6.45372 -70.4323 86.0826
lradius 85.3549 0 0
lwrist 27.7742 0 0
lhand -11.8428 -0.0723282 0
lfingers 7.12502 0 0
lthumb 14.2086 29.424 0
rclavicle 1.65098e-14 -7.42072e-15 0
rhumerus -49.0569 -12.0286 -52.2197
rradius 67.3213 0 0
rwrist -21.1217 0 0
rhand -27.3701 -47.7006 0
rfingers 7.12502 0 0
rthumb -0.777528 -797.681 0
670
root 5.42601 15.8622 0.0212246 16.2662 -12.164 0.0413203
lfemur -27.1615 27.9314 -22.3092
ltibia 77.9353 0 0
lfoot 2.36561 -3.37402 0
ltoes 0.252924 0 0
rfemur -47.447 -17.4775 29.9129
rtibia 67.9307 0 0
rfoot -23.7429 -7.4805 0
rtoes 1.67761 0 0
lowerback -0.8891 -6.43059 -0.685334
upperback -1.96709 -8.57999 1.15311
thorax -1.26577 -4.28229 1.56003
lowerneck -10.2147 -4.54095 0.288788
upperneck 1.78389 -6.24181 2.64231
head 2.41086 -3.02091 0.460639
lclavicle 1.62147e-14 -7.274e-15 0
lhumerus -6.11058 -70.541 85.6958
lradius 85.5908 0 0
lwrist 27.8099 0 0
lhand -11.8418 -0.0866878 0
lfingers 7.12502 0 0
lthumb 14.2096 29.4092 0
rclavicle 1.62147e-14 -7.274e-15 0
rhumerus -49.5859 -12.2347 -51.8538
rradius 66.9697 0 0
rwrist -20.858 0 0
rhand -27.4038 -47.8858 0
rfingers 7.12502 0 0
rthumb -0.810094 -797.866 0
671
root 5.42009 15.8723 0.0657482 16.5446 -13.0998 0.272914
lfemur -27.3548 27.9606 -22.074
ltibia 78.4694 0 0
lfoot 2.66469 -3.50225 0
ltoes 0.432118 0 0
rfemur -47.2458 -17.4355 29.9144
rtibia 67.7239 0 0
rfoot -23.7807 -7.57212 0
rtoes 1.89299 0 0
lowerback -0.903695 -6.45708 -0.651773
upperback -1.9942 -8.61516 1.12843
thorax -1.2874 -4.29942 1.517
lowerneck -10.2277 -4.47911 0.317026
upperneck 1.70969 -6.15604 2.62551
head 2.38558 -2.98081 0.459061
lclavicle 1.59157e-14 -7.11494e-15 0
lhumerus -5.76413 -70.6173 85.2875
lradius 85.8103 0 0
lwrist 27.8448 0 0
lhand -11.8468 -0.103986 0
lfingers 7.12502 0 0
lthumb 14.2047 29.3917 0
rclavicle 1.59157e-14 -7.11494e-15 0
rhumerus -50.0765 -12.4268 -51.4875
rradius 66.6592 0 0
rwrist -20.6037 0 0
rhand -27.4397 -48.0564 0
rfingers 7.12502 0 0
rthumb -0.844708 -798.036 0
672
root 5.41444 15.8834 0.109598 16.8044 -14.0001 0.492826
lfemur -27.55 27.9802 -21.8234
ltibia 79.0026 0 0
lfoot 2.94949 -3.62261 0
ltoes 0.620528 0 0
rfemur -47.031 -17.3851 29.905
rtibia 67.4901 0 0
rfoot -23.7944 -7.65083 0
rtoes 2.095 0 0
lowerback -0.914909 -6.48053 -0.62149
upperback -2.01948 -8.64643 1.10288
thorax -1.30911 -4.31462 1.47509
lowerneck -10.2373 -4.42127 0.343271
upperneck 1.64179 -6.07591 2.61159
head 2.36205 -2.94331 0.458238
lclavicle 1.56129e-14 -6.94327e-15 0
lhumerus -5.41438 -70.6603 84.8571
lradius 86.013 0 0
lwrist 27.879 0 0
lhand -11.8579 -0.124289 0
lfingers 7.12502 0 0
lthumb 14.194 29.3715 0
rclavicle 1.56129e-14 -6.94327e-15 0
rhumerus -50.5277 -12.6046 -51.1208
rradius 66.3908 0 0
rwrist -20.3592 0 0
rhand -27.4777 -48.2119 0
rfingers 7.12502 0 0
rthumb -0.881412 -798.191 0
673
root 5.40908 15.8956 0.15275 17.0453 -14.8641 0.700759
lfemur -27.7472 27.9901 -21.557
ltibia 79.5347 0 0
lfoot 3.21963 -3.73488 0
ltoes 0.818334 0 0
rfemur -46.8021 -17.3262 29.8844
rtibia 67.2286 0 0
rfoot -23.7833 -7.71631 0
rtoes 2.28327 0 0
lowerback -0.922658 -6.50086 -0.594571
upperback -2.04289 -8.6737 1.07647
thorax -1.3309 -4.32784 1.43432
lowerneck -10.2434 -4.36753 0.367472
upperneck 1.58037 -6.00159 2.60062
head 2.34032 -2.90848 0.458189
lclavicle 1.53064e-14 -6.75868e-15 0
lhumerus -5.06131 -70.6692 84.4043
lradius 86.1985 0 0
lwrist 27.9123 0 0
lhand -11.8753 -0.147665 0
lfingers 7.12502 0 0
lthumb 14.1772 29.3486 0
rclavicle 1.53064e-14 -6.75868e-15 0
rhumerus -50.9385 -12.7677 -50.7538
rradius 66.1657 0 0
rwrist -20.1247 0 0
rhand -27.5179 -48.352 0
rfingers 7.12502 0 0
rthumb -0.920249 -798.33 0
674
root 5.3906 15.95 0.312303 17.7994 -17.8725 1.39212
lfemur -28.536 27.9527 -20.3795
ltibia 81.6105 0 0
lfoot 4.14322 -4.10462 0
ltoes 1.66666 0 0
rfemur -45.7855 -17.0224 29.7106
rtibia 65.9671 0 0
rfoot -23.5388 -7.84403 0
rtoes 2.88999 0 0
lowerback -0.922322 -6.55488 -0.519583
upperback -2.11713 -8.74772 0.965887
thorax -1.41603 -4.36338 1.28595
lowerneck -10.2357 -4.19486 0.443645
upperneck 1.40098 -5.76407 2.58491
head 2.27242 -2.79668 0.465068
lclavicle 1.39653e-14 -5.93396e-15 0
lhumerus -3.64764 -70.411 82.4488
lradius 86.7814 0 0
lwrist 28.0323 0 0
lhand -11.9983 -0.268535 0
lfingers 7.12502 0 0
lthumb 14.0584 29.2321 0
rclavicle 1.39653e-14 -5.93396e-15 0
rhumerus -52.1903 -13.2679 -49.3271
rradius 65.6752 0 0
rwrist -19.3058 0 0
rhand -27.6916 -48.7599 0
rfingers 7.12502 0 0
rthumb -1.088 -798.735 0
675
root 5.37385 16.0183 0.472849 18.355 -20.629 1.97218
lfemur -29.4224 27.8092 -18.9057
ltibia 83.872 0 0
lfoot 4.96667 -4.41297 0
ltoes 2.69438 0 0
rfemur -44.5068 -16.5893 29.393
rtibia 64.2593 0 0
rfoot -22.9981 -7.80192 0
rtoes 3.37043 0 0
lowerback -0.879406 -6.57914 -0.479868
upperback -2.17396 -8.78415 0.83514
thorax -1.50866 -4.38023 1.13951
lowerneck -10.183 -4.05868 0.501082
upperneck 1.29055 -5.57899 2.60585
head 2.22231 -2.70871 0.482472
lclavicle 1.22646e-14 -4.89482e-15 0
lhumerus -2.05664 -69.7246 80.0611
lradius 87.2236 0 0
lwrist 28.1482 0 0
lhand -12.2091 -0.442175 0
lfingers 7.12502 0 0
lthumb 13.8551 29.0669 0
rclavicle 1.22646e-14 -4.89482e-15 0
rhumerus -53.0665 -13.6209 -47.7842
rradius 65.6829 0 0
rwrist -18.5508 0 0
rhand -27.9032 -49.01 0
rfingers 7.12502 0 0
rthumb -1.29227 -798.981 0
676
root 5.35878 16.0991 0.634061 18.7285 -23.1508 2.44907
lfemur -30.3941 27.5678 -17.1669
ltibia 86.2934 0 0
lfoot 5.6959 -4.66384 0
ltoes 3.88279 0 0
rfemur -42.9939 -16.0397 28.9448
rtibia 62.1505 0 0
rfoot -22.1868 -7.60674 0
rtoes 3.73495 0 0
lowerback -0.797785 -6.57586 -0.472396
upperback -2.21475 -8.78577 0.686473
thorax -1.60788 -4.37978 0.99531
lowerneck -10.0897 -3.9562 0.54124
upperneck 1.24299 -5.44226 2.66
head 2.18845 -2.64274 0.509378
lclavicle 1.02522e-14 -3.6639e-15 0
lhumerus -0.310675 -68.6493 77.2865
lradius 87.5344 0 0
lwrist 28.2602 0 0
lhand -12.499 -0.662979 0
lfingers 7.12502 0 0
lthumb 13.5753 28.8582 0
rclavicle 1.02522e-14 -3.6639e-15 0
rhumerus -53.596 -13.8392 -46.1399
rradius 66.1443 0 0
rwrist -17.8555 0 0
rhand -28.1487 -49.1157 0
rfingers 7.12502 0 0
rthumb -1.5294 -799.082 0
677
root 5.3453 16.1915 0.795615 18.9363 -25.4552 2.8309
lfemur -31.439 27.237 -15.1947
ltibia 88.849 0 0
lfoot 6.33683 -4.86112 0
ltoes 5.21318 0 0
rfemur -41.2746 -15.3865 28.3788
rtibia 59.6862 0 0
rfoot -21.1309 -7.27519 0
rtoes 3.99391 0 0
lowerback -0.681333 -6.5473 -0.49414
upperback -2.2409 -8.75536 0.522132
thorax -1.71277 -4.3634 0.853639
lowerneck -9.95993 -3.88461 0.565575
upperneck 1.25219 -5.34979 2.74389
head 2.16934 -2.59692 0.544762
lclavicle 7.97603e-15 -2.26389e-15 0
lhumerus 1.56788 -67.224 74.1706
lradius 87.7229 0 0
lwrist 28.3687 0 0
lhand -12.8598 -0.925341 0
lfingers 7.12502 0 0
lthumb 13.2272 28.6112 0
rclavicle 7.97603e-15 -2.26389e-15 0
rhumerus -53.808 -13.9352 -44.4089
rradius 67.0146 0 0
rwrist -17.216 0 0
rhand -28.4245 -49.0902 0
rfingers 7.12502 0 0
rthumb -1.79572 -799.052 0
678
root 5.33332 16.2941 0.957186 18.9946 -27.5595 3.12576
lfemur -32.5449 26.8252 -13.0203
ltibia 91.513 0 0
lfoot 6.89538 -5.00872 0
ltoes 6.66683 0 0
rfemur -39.3765 -14.6423 27.7082
rtibia 56.9116 0 0
rfoot -19.856 -6.824 0
rtoes 4.15767 0 0
lowerback -0.533926 -6.49569 -0.542072
upperback -2.25379 -8.6957 0.344362
thorax -1.8224 -4.33248 0.714799
lowerneck -9.79798 -3.8411 0.575544
upperneck 1.31205 -5.29749 2.85407
head 2.16346 -2.56943 0.5876
lclavicle 5.48404e-15 -7.17446e-16 0
lhumerus 3.55667 -65.4879 70.7588
lradius 87.7985 0 0
lwrist 28.4739 0 0
lhand -13.283 -1.22366 0
lfingers 7.12502 0 0
lthumb 12.8189 28.3313 0
rclavicle 5.48404e-15 -7.17446e-16 0
rhumerus -53.7314 -13.9213 -42.6062
rradius 68.2492 0 0
rwrist -16.6284 0 0
rhand -28.7268 -48.9466 0
rfingers 7.12502 0 0
rthumb -2.08758 -798.903 0
679
root 5.32279 16.4058 1.11845 18.9199 -29.4811 3.34177
lfemur -33.6999 26.3405 -10.6752
ltibia 94.2597 0 0
lfoot 7.37745 -5.11053 0
ltoes 8.22503 0 0
rfemur -37.3274 -13.82 26.9459
rtibia 53.8723 0 0
rfoot -18.3879 -6.26992 0
rtoes 4.23659 0 0
lowerback -0.359439 -6.42325 -0.613163
upperback -2.2548 -8.60959 0.155409
thorax -1.93585 -4.28841 0.579088
lowerneck -9.60806 -3.82288 0.572603
upperneck 1.41648 -5.28128 2.98709
head 2.16929 -2.55842 0.636867
lclavicle 2.82412e-15 9.52764e-16 0
lhumerus 5.63332 -63.4802 67.0967
lradius 87.7704 0 0
lwrist 28.5761 0 0
lhand -13.7602 -1.55232 0
lfingers 7.12502 0 0
lthumb 12.3586 28.0234 0
rclavicle 2.82412e-15 9.52764e-16 0
rhumerus -53.3952 -13.8098 -40.7466
rradius 69.8034 0 0
rwrist -16.0885 0 0
rhand -29.0517 -48.6981 0
rfingers 7.12502 0 0
rthumb -2.40132 -798.648 0
680
root 5.3136 16.5255 1.27907 18.7284 -31.2372 3.48705
lfemur -34.8917 25.7915 -8.19058
ltibia 97.0632 0 0
lfoot 7.78897 -5.17045 0
ltoes 9.86907 0 0
rfemur -35.1551 -12.9325 26.105
rtibia 50.6134 0 0
rfoot -16.7524 -5.62966 0
rtoes 4.24103 0 0
lowerback -0.161745 -6.33224 -0.704387
upperback -2.24532 -8.49979 -0.0424804
thorax -2.05222 -4.23258 0.446805
lowerneck -9.39444 -3.82713 0.558208
upperneck 1.55938 -5.29706 3.1395
head 2.18531 -2.56206 0.69154
lclavicle 4.41593e-17 2.72407e-15 0
lhumerus 7.77548 -61.2399 63.2297
lradius 87.6478 0 0
lwrist 28.6758 0 0
lhand -14.2829 -1.90572 0
lfingers 7.12502 0 0
lthumb 11.8543 27.693 0
rclavicle 4.41593e-17 2.72407e-15 0
rhumerus -52.8286 -13.6132 -38.8448
rradius 71.6326 0 0
rwrist -15.5926 0 0
rhand -29.3954 -48.358 0
rfingers 7.12502 0 0
rthumb -2.73326 -798.302 0
681
root 5.3057 16.6519 1.43874 18.4365 -32.8451 3.5697
lfemur -36.1081 25.1864 -5.59797
ltibia 99.8978 0 0
lfoot 8.13585 -5.19239 0
ltoes 11.5802 0 0
rfemur -32.8874 -11.9924 25.1984
rtibia 47.1805 0 0
rfoot -14.9752 -4.91996 0
rtoes 4.18136 0 0
lowerback 0.0552795 -6.22488 -0.812714
upperback -2.22674 -8.36909 -0.247062
thorax -2.17057 -4.16637 0.318247
lowerneck -9.16135 -3.85106 0.533816
upperneck 1.73464 -5.34076 3.30783
head 2.21 -2.57852 0.750596
lclavicle -2.80792e-15 4.57381e-15 0
lhumerus 9.96077 -58.8061 59.2033
lradius 87.4399 0 0
lwrist 28.7731 0 0
lhand -14.8427 -2.27826 0
lfingers 7.12502 0 0
lthumb 11.3142 27.3452 0
rclavicle -2.80792e-15 4.57381e-15 0
rhumerus -52.0604 -13.3439 -36.9158
rradius 73.692 0 0
rwrist -15.1365 0 0
rhand -29.7543 -47.9394 0
rfingers 7.12502 0 0
rthumb -3.07975 -797.877 0
682
root 5.299 16.784 1.59713 18.0606 -34.3222 3.59783
lfemur -37.3372 24.5336 -2.92871
ltibia 102.738 0 0
lfoot 8.424 -5.18025 0
ltoes 13.3398 0 0
rfemur -30.5519 -11.0126 24.2391
rtibia 43.6189 0 0
rfoot -13.082 -4.15753 0
rtoes 4.06793 0 0
lowerback 0.28776 -6.10342 -0.935117
upperback -2.20044 -8.22028 -0.45609
thorax -2.28999 -4.09117 0.193714
lowerneck -8.91302 -3.89186 0.500883
upperneck 1.93616 -5.40828 3.48863
head 2.24186 -2.60596 0.813009
lclavicle -5.68421e-15 6.47932e-15 0
lhumerus 12.1668 -56.218 55.0631
lradius 87.1561 0 0
lwrist 28.8685 0 0
lhand -15.4312 -2.66433 0
lfingers 7.12502 0 0
lthumb 10.7463 26.9852 0
rclavicle -5.68421e-15 6.47932e-15 0
rhumerus -51.1197 -13.0142 -34.9743
rradius 75.937 0 0
rwrist -14.7163 0 0
rhand -30.1243 -47.4556 0
rfingers 7.12502 0 0
rthumb -3.43713 -797.386 0
683
root 5.29342 16.9204 1.7539 17.617 -35.6857 3.57956
lfemur -38.5666 23.8415 -0.214163
ltibia 105.557 0 0
lfoot 8.65935 -5.13792 0
ltoes 15.1291 0 0
rfemur -28.1766 -10.0058 23.2402
rtibia 39.974 0 0
rfoot -11.0987 -3.35912 0
rtoes 3.91111 0 0
lowerback 0.531823 -5.97008 -1.06857
upperback -2.16782 -8.05614 -0.667318
thorax -2.40956 -4.00837 0.073504
lowerneck -8.65372 -3.94672 0.460864
upperneck 2.15784 -5.49554 3.67845
head 2.27935 -2.64253 0.877757
lclavicle -8.5368e-15 8.41792e-15 0
lhumerus 14.3713 -53.5146 50.8544
lradius 86.8054 0 0
lwrist 28.9621 0 0
lhand -16.0401 -3.05832 0
lfingers 7.12502 0 0
lthumb 10.159 26.6183 0
rclavicle -8.5368e-15 8.41792e-15 0
rhumerus -50.0356 -12.6366 -33.0351
rradius 78.3229 0 0
rwrist -14.328 0 0
rhand -30.5019 -46.9197 0
rfingers 7.12502 0 0
rthumb -3.80174 -796.844 0
684
root 5.28889 17.0601 1.90874 17.1221 -36.9529 3.52298
lfemur -39.7844 23.1184 2.51429
ltibia 108.331 0 0
lfoot 8.84779 -5.06931 0
ltoes 16.9293 0 0
rfemur -25.789 -8.98496 22.2147
rtibia 36.291 0 0
rfoot -9.05103 -2.54145 0
rtoes 3.72125 0 0
lowerback 0.783592 -5.82712 -1.21004
upperback -2.13024 -7.87945 -0.878501
thorax -2.52837 -3.91934 -0.0420849
lowerneck -8.38766 -4.01284 0.415218
upperneck 2.39359 -5.59844 3.87383
head 2.32096 -2.68642 0.943814
lclavicle -1.13178e-14 1.0367e-14 0
lhumerus 16.5518 -50.7351 46.6228
lradius 86.3972 0 0
lwrist 29.0544 0 0
lhand -16.6608 -3.45463 0
lfingers 7.12502 0 0
lthumb 9.56015 26.2496 0
rclavicle -1.13178e-14 1.0367e-14 0
rhumerus -48.837 -12.2235 -31.1132
rradius 80.8051 0 0
rwrist -13.9675 0 0
rhand -30.8832 -46.3451 0
rfingers 7.12502 0 0
rthumb -4.1699 -796.262 0
685
root 5.28533 17.2018 2.06132 16.5921 -38.1411 3.43622
lfemur -40.9783 22.3726 5.22529
ltibia 111.032 0 0
lfoot 8.99526 -4.97831 0
ltoes 18.7219 0 0
rfemur -23.417 -7.96275 21.1756
rtibia 32.6155 0 0
rfoot -6.96468 -1.72124 0
rtoes 3.50872 0 0
lowerback 1.03919 -5.67676 -1.3565
upperback -2.08911 -7.693 -1.08739
thorax -2.64548 -3.82548 -0.152754
lowerneck -8.1191 -4.08742 0.365399
upperneck 2.63731 -5.71291 4.07133
head 2.36517 -2.73577 1.01016
lclavicle -1.39793e-14 1.23038e-14 0
lhumerus 18.686 -47.9186 42.4138
lradius 85.9408 0 0
lwrist 29.1455 0 0
lhand -17.2849 -3.84766 0
lfingers 7.12502 0 0
lthumb 8.95803 25.8844 0
rclavicle -1.39793e-14 1.23038e-14 0
rhumerus -47.553 -11.7872 -29.2233
rradius 83.3388 0 0
rwrist -13.6311 0 0
rhand -31.2644 -45.7448 0
rfingers 7.12502 0 0
rthumb -4.53797 -795.655 0
686
root 5.28265 17.3445 2.21131 16.0434 -39.2676 3.32738
lfemur -42.1363 21.6125 7.88744
ltibia 113.635 0 0
lfoot 9.10767 -4.86883 0
ltoes 20.4879 0 0
rfemur -21.0883 -6.95199 20.1359
rtibia 28.9928 0 0
rfoot -4.86543 -0.915233 0
rtoes 3.28388 0 0
lowerback 1.29475 -5.52123 -1.50493
upperback -2.0458 -7.49956 -1.29175
thorax -2.75999 -3.72818 -0.258205
lowerneck -7.85228 -4.16765 0.312864
upperneck 2.88288 -5.83484 4.26748
head 2.41048 -2.78876 1.07576
lclavicle -1.64733e-14 1.42057e-14 0
lhumerus 20.7515 -45.1042 38.2728
lradius 85.4453 0 0
lwrist 29.236 0 0
lhand -17.904 -4.23179 0
lfingers 7.12502 0 0
lthumb 8.36072 25.5279 0
rclavicle -1.64733e-14 1.42057e-14 0
rhumerus -46.2126 -11.3402 -27.3802
rradius 85.8795 0 0
rwrist -13.3145 0 0
rhand -31.6416 -45.1321 0
rfingers 7.12502 0 0
rthumb -4.90228 -795.035 0
687
root 5.2808 17.4868 2.35839 15.4924 -40.3498 3.20458
lfemur -43.2461 20.8465 10.4694
ltibia 116.116 0 0
lfoot 9.19093 -4.74477 0
ltoes 22.2089 0 0
rfemur -18.8306 -5.96548 19.1086
rtibia 25.4683 0 0
rfoot -2.77906 -0.140147 0
rtoes 3.05708 0 0
lowerback 1.54639 -5.36279 -1.65229
upperback -2.00171 -7.30193 -1.48933
thorax -2.87098 -3.62881 -0.358139
lowerneck -7.59144 -4.25073 0.25907
upperneck 3.12423 -5.96017 4.45882
head 2.45535 -2.84355 1.13961
lclavicle -1.8752e-14 1.605e-14 0
lhumerus 22.726 -42.3309 34.2453
lradius 84.9199 0 0
lwrist 29.3259 0 0
lhand -18.5097 -4.60142 0
lfingers 7.12502 0 0
lthumb 7.77636 25.1853 0
rclavicle -1.8752e-14 1.605e-14 0
rhumerus -44.8449 -10.8948 -25.5988
rradius 88.3824 0 0
rwrist -13.0139 0 0
rhand -32.0112 -44.5202 0
rfingers 7.12502 0 0
rthumb -5.25916 -794.417 0
688
root 5.27967 17.6278 2.50224 14.9555 -41.4049 3.07591
lfemur -44.2958 20.0829 12.9397
ltibia 118.446 0 0
lfoot 9.25096 -4.61002 0
ltoes 23.8659 0 0
rfemur -16.6718 -5.016 18.1067
rtibia 22.0872 0 0
rfoot -0.731324 0.587287 0
rtoes 2.8387 0 0
lowerback 1.79024 -5.20366 -1.79556
upperback -1.95821 -7.10288 -1.67787
thorax -2.97752 -3.52877 -0.452258
lowerneck -7.34082 -4.33386 0.205473
upperneck 3.35523 -6.08479 4.64192
head 2.49827 -2.8983 1.20067
lclavicle -2.07675e-14 1.78141e-14 0
lhumerus 24.587 -39.638 30.3769
lradius 84.374 0 0
lwrist 29.4157 0 0
lhand -19.0936 -4.95095 0
lfingers 7.12502 0 0
lthumb 7.21306 24.8619 0
rclavicle -2.07675e-14 1.78141e-14 0
rhumerus -43.4788 -10.4635 -23.894
rradius 90.8028 0 0
rwrist -12.7253 0 0
rhand -32.3693 -43.9223 0
rfingers 7.12502 0 0
rthumb -5.60496 -793.812 0
689
root 5.27921 17.7661 2.64253 14.4488 -42.4502 2.9495
lfemur -45.2731 19.33 15.2672
ltibia 120.602 0 0
lfoot 9.29367 -4.4685 0
ltoes 25.4404 0 0
rfemur -14.6396 -4.11636 17.1432
rtibia 18.8951 0 0
rfoot 1.25203 1.25034 0
rtoes 2.63909 0 0
lowerback 2.02242 -5.04608 -1.93171
upperback -1.9167 -6.90519 -1.85515
thorax -3.07869 -3.42944 -0.540263
lowerneck -7.10466 -4.41423 0.153529
upperneck 3.5698 -6.20462 4.8133
head 2.53772 -2.95117 1.25792
lclavicle -2.24718e-14 1.94753e-14 0
lhumerus 26.3122 -37.0646 26.7129
lradius 83.8167 0 0
lwrist 29.5057 0 0
lhand -19.6472 -5.27477 0
lfingers 7.12502 0 0
lthumb 6.67896 24.5628 0
rclavicle -2.24718e-14 1.94753e-14 0
rhumerus -42.1433 -10.0586 -22.2804
rradius 93.0962 0 0
rwrist -12.4446 0 0
rhand -32.7122 -43.3516 0
rfingers 7.12502 0 0
rthumb -5.93601 -793.235 0
690
root 5.27932 17.9005 2.77893 13.9889 -43.503 2.83345
lfemur -46.1659 18.5962 17.4202
ltibia 122.557 0 0
lfoot 9.32497 -4.32409 0
ltoes 26.9136 0 0
rfemur -12.7618 -3.27935 16.2312
rtibia 15.9373 0 0
rfoot 3.14523 1.83228 0
rtoes 2.46861 0 0
lowerback 2.23906 -4.89229 -2.05771
upperback -1.87856 -6.71165 -2.01891
thorax -3.17358 -3.3322 -0.621857
lowerneck -6.88721 -4.48903 0.104694
upperneck 3.76183 -6.31557 4.96952
head 2.57219 -3.00033 1.31034
lclavicle -2.38171e-14 2.10109e-14 0
lhumerus 27.8793 -34.6496 23.299
lradius 83.2573 0 0
lwrist 29.5961 0 0
lhand -20.1621 -5.56727 0
lfingers 7.12502 0 0
lthumb 6.18218 24.2932 0
rclavicle -2.38171e-14 2.10109e-14 0
rhumerus -40.8676 -9.69262 -20.7731
rradius 95.2178 0 0
rwrist -12.1679 0 0
rhand -33.036 -42.8214 0
rfingers 7.12502 0 0
rthumb -6.24866 -792.699 0
691
root 5.27994 18.0301 2.91112 13.592 -44.5806 2.73588
lfemur -46.9621 17.8899 19.3676
ltibia 124.286 0 0
lfoot 9.3508 -4.1807 0
ltoes 28.2668 0 0
rfemur -11.066 -2.51776 15.3836
rtibia 13.2591 0 0
rfoot 4.92253 2.31639 0
rtoes 2.33762 0 0
lowerback 2.43628 -4.74452 -2.17054
upperback -1.84518 -6.52505 -2.1669
thorax -3.26127 -3.23845 -0.696739
lowerneck -6.6927 -4.55547 0.0604256
upperneck 3.92522 -6.41356 5.10712
head 2.60015 -3.04395 1.35689
lclavicle -2.47554e-14 2.23983e-14 0
lhumerus 29.2659 -32.4323 20.1805
lradius 82.7051 0 0
lwrist 29.6874 0 0
lhand -20.6299 -5.82285 0
lfingers 7.12502 0 0
lthumb 5.73084 24.0585 0
rclavicle -2.47554e-14 2.23983e-14 0
rhumerus -39.6805 -9.37786 -19.3867
rradius 97.1229 0 0
rwrist -11.8912 0 0
rhand -33.3369 -42.3447 0
rfingers 7.12502 0 0
rthumb -6.53923 -792.216 0
692
root 5.28099 18.1534 3.03877 13.2746 -45.7004 2.66489
lfemur -47.6495 17.2194 21.0779
ltibia 125.762 0 0
lfoot 9.37705 -4.04222 0
ltoes 29.4813 0 0
rfemur -9.58012 -1.84438 14.6134
rtibia 10.9059 0 0
rfoot 6.55817 2.68593 0
rtoes 2.25649 0 0
lowerback 2.61021 -4.60502 -2.26716
upperback -1.81793 -6.34816 -2.29688
thorax -3.34084 -3.14957 -0.764613
lowerneck -6.52538 -4.61073 0.0221788
upperneck 4.05388 -6.49449 5.22265
head 2.6201 -3.08019 1.39657
lclavicle -2.52388e-14 2.36148e-14 0
lhumerus 30.4497 -30.4518 17.403
lradius 82.1692 0 0
lwrist 29.7797 0 0
lhand -21.0422 -6.03591 0
lfingers 7.12502 0 0
lthumb 5.33308 23.8638 0
rclavicle -2.52388e-14 2.36148e-14 0
rhumerus -38.6112 -9.12675 -18.1361
rradius 98.767 0 0
rwrist -11.6106 0 0
rhand -33.6112 -41.9349 0
rfingers 7.12502 0 0
rthumb -6.80407 -791.801 0
693
root 5.28238 18.2695 3.16156 13.0528 -46.8795 2.62859
lfemur -48.2161 16.5931 22.5197
ltibia 126.96 0 0
lfoot 9.40964 -3.91257 0
ltoes 30.5383 0 0
rfemur -8.33183 -1.27201 13.9338
rtibia 8.92312 0 0
rfoot 8.02638 2.92417 0
rtoes 2.23557 0 0
lowerback 2.75697 -4.47601 -2.34455
upperback -1.79822 -6.18377 -2.40661
thorax -3.41137 -3.06694 -0.825179
lowerneck -6.38949 -4.65202 -0.00858947
upperneck 4.1417 -6.55428 5.31264
head 2.63051 -3.10721 1.42835
lclavicle -2.52194e-14 2.46377e-14 0
lhumerus 31.4081 -28.7472 15.0119
lradius 81.659 0 0
lwrist 29.8734 0 0
lhand -21.3905 -6.20083 0
lfingers 7.12502 0 0
lthumb 4.99702 23.7143 0
rclavicle -2.52194e-14 2.46377e-14 0
rhumerus -37.6887 -8.95169 -17.0362
rradius 100.105 0 0
rwrist -11.322 0 0
rhand -33.855 -41.6051 0
rfingers 7.12502 0 0
rthumb -7.03951 -791.466 0
694
root 5.28404 18.377 3.27916 12.9431 -48.1354 2.6351
lfemur -48.6496 16.0192 23.6617
ltibia 127.854 0 0
lfoot 9.4545 -3.79564 0
ltoes 31.4192 0 0
rfemur -7.34891 -0.813442 13.3576
rtibia 7.35611 0 0
rfoot 9.30141 3.01439 0
rtoes 2.28523 0 0
lowerback 2.87269 -4.35974 -2.39968
upperback -1.78742 -6.03466 -2.49384
thorax -3.47194 -2.99195 -0.878139
lowerneck -6.28927 -4.67653 -0.030423
upperneck 4.18259 -6.58885 5.37366
head 2.62986 -3.12317 1.45119
lclavicle -2.46493e-14 2.54444e-14 0
lhumerus 32.119 -27.3575 13.0528
lradius 81.1836 0 0
lwrist 29.9688 0 0
lhand -21.6665 -6.31201 0
lfingers 7.12502 0 0
lthumb 4.73079 23.6152 0
rclavicle -2.46493e-14 2.54444e-14 0
rhumerus -36.9419 -8.86507 -16.1018
rradius 101.093 0 0
rwrist -11.0214 0 0
rhand -34.0646 -41.3686 0
rfingers 7.12502 0 0
rthumb -7.2419 -791.225 0
695
root 5.29429 18.6418 3.55653 13.0939 -51.395 2.50701
lfemur -49.2245 14.6431 25.5528
ltibia 128.925 0 0
lfoot 9.41827 -3.35515 0
ltoes 33.1002 0 0
rfemur -5.6718 -0.00770935 12.1742
rtibia 4.30746 0 0
rfoot 12.2726 2.72991 0
rtoes 2.38939 0 0
lowerback 3.06326 -4.0588 -2.48947
upperback -1.78007 -5.64306 -2.63352
thorax -3.58189 -2.79524 -0.968966
lowerneck -6.14752 -4.71213 -0.0631064
upperneck 4.15875 -6.63261 5.43084
head 2.60027 -3.14593 1.47608
lclavicle -1.98084e-14 2.70987e-14 0
lhumerus 32.9287 -24.6109 9.51529
lradius 79.8979 0 0
lwrist 30.2872 0 0
lhand -22.1527 -6.38352 0
lfingers 7.12502 0 0
lthumb 4.26165 23.5647 0
rclavicle -1.98084e-14 2.70987e-14 0
rhumerus -35.23 -8.91796 -14.2966
rradius 102.647 0 0
rwrist -10.2494 0 0
rhand -34.5432 -40.9904 0
rfingers 7.12502 0 0
rthumb -7.70397 -790.835 0
696
root 5.31398 18.8961 3.79291 13.6685 -54.3828 2.06961
lfemur -49.1408 13.3489 26.2446
ltibia 128.481 0 0
lfoot 9.08594 -2.67413 0
ltoes 34.1073 0 0
rfemur -4.9471 0.385882 11.3007
rtibia 2.22618 0 0
rfoot 15.0254 1.90534 0
rtoes 2.32742 0 0
lowerback 3.13981 -3.73593 -2.53827
upperback -1.78547 -5.21626 -2.67286
thorax -3.63287 -2.58131 -0.994131
lowerneck -6.12704 -4.74174 -0.07879
upperneck 4.02283 -6.66031 5.38331
head 2.54961 -3.16429 1.46339
lclavicle -1.07639e-14 2.83672e-14 0
lhumerus 32.4984 -22.6705 7.71724
lradius 78.4407 0 0
lwrist 30.6989 0 0
lhand -22.4021 -6.20845 0
lfingers 7.12502 0 0
lthumb 4.02109 23.7501 0
rclavicle -1.07639e-14 2.83672e-14 0
rhumerus -33.5102 -9.21757 -13.2384
rradius 103.268 0 0
rwrist -9.55278 0 0
rhand -34.9658 -40.7951 0
rfingers 7.12502 0 0
rthumb -8.11191 -790.628 0
697
root 5.34049 19.1402 3.99951 14.4705 -57.1499 1.48427
lfemur -48.5448 12.0975 25.9955
ltibia 126.814 0 0
lfoot 8.53913 -1.85273 0
ltoes 34.5807 0 0
rfemur -5.01197 0.461479 10.6561
rtibia 1.12524 0 0
rfoot 17.5312 0.667711 0
rtoes 2.23376 0 0
lowerback 3.13854 -3.40146 -2.55375
upperback -1.79843 -4.76953 -2.63474
thorax -3.64187 -2.35771 -0.968989
lowerneck -6.19732 -4.76913 -0.0868601
upperneck 3.79933 -6.67867 5.25976
head 2.48248 -3.18072 1.42416
lclavicle 1.0504e-15 2.91495e-14 0
lhumerus 31.1031 -21.3846 7.27242
lradius 76.8298 0 0
lwrist 31.1472 0 0
lhand -22.4663 -5.85161 0
lfingers 7.12502 0 0
lthumb 3.95906 24.1089 0
rclavicle 1.0504e-15 2.91495e-14 0
rhumerus -31.7941 -9.67397 -12.7953
rradius 103.174 0 0
rwrist -8.9357 0 0
rhand -35.3185 -40.7308 0
rfingers 7.12502 0 0
rthumb -8.45238 -790.552 0
698
root 5.37119 19.3744 4.18755 15.3036 -59.7475 0.912356
lfemur -47.5824 10.8495 25.0635
ltibia 124.216 0 0
lfoot 7.85943 -0.991105 0
ltoes 34.6608 0 0
rfemur -5.70358 0.313233 10.1598
rtibia 1.01766 0 0
rfoot 19.7612 -0.855923 0
rtoes 2.24286 0 0
lowerback 3.09564 -3.0657 -2.54359
upperback -1.8138 -4.31813 -2.54204
thorax -3.62591 -2.13197 -0.908895
lowerneck -6.32786 -4.79809 -0.0967026
upperneck 3.51279 -6.69443 5.0889
head 2.40344 -3.19773 1.36942
lclavicle 1.42007e-14 2.93456e-14 0
lhumerus 29.018 -20.6016 7.79459
lradius 75.0831 0 0
lwrist 31.5756 0 0
lhand -22.3974 -5.37786 0
lfingers 7.12502 0 0
lthumb 4.02553 24.5788 0
rclavicle 1.42007e-14 2.93456e-14 0
rhumerus -30.0932 -10.1972 -12.8355
rradius 102.586 0 0
rwrist -8.40248 0 0
rhand -35.5875 -40.7458 0
rfingers 7.12502 0 0
rthumb -8.71201 -790.557 0
699
root 5.40347 19.599 4.36825 15.9715 -62.2266 0.515248
lfemur -46.4 9.56577 23.7069
ltibia 120.978 0 0
lfoot 7.12845 -0.189409 0
ltoes 34.4879 0 0
rfemur -6.85909 0.0352917 9.73088
rtibia 1.91641 0 0
rfoot 21.6868 -2.53852 0
rtoes 2.4892 0 0
lowerback 3.0473 -2.73898 -2.51547
upperback -1.82639 -3.87731 -2.41765
thorax -3.60201 -1.91162 -0.829205
lowerneck -6.48816 -4.83241 -0.117704
upperneck 3.18771 -6.71434 4.89943
head 2.31706 -3.21779 1.31018
lclavicle 2.72531e-14 2.88552e-14 0
lhumerus 26.5182 -20.1698 8.89752
lradius 73.2183 0 0
lwrist 31.9277 0 0
lhand -22.2471 -4.85203 0
lfingers 7.12502 0 0
lthumb 4.17045 25.0973 0
rclavicle 2.72531e-14 2.88552e-14 0
rhumerus -28.419 -10.6975 -13.227
rradius 101.722 0 0
rwrist -7.9574 0 0
rhand -35.7589 -40.7881 0
rfingers 7.12502 0 0
rthumb -8.87745 -790.592 0
700
root 5.43469 19.8142 4.55284 16.2779 -64.6383 0.454313
lfemur -45.1435 8.20705 22.1839
ltibia 117.393 0 0
lfoot 6.4278 0.452204 0
ltoes 34.2024 0 0
rfemur -8.31567 -0.278196 9.28843
rtibia 3.83451 0 0
rfoot 23.2793 -4.25305 0
rtoes 3.1072 0 0
lowerback 3.0297 -2.43161 -2.47708
upperback -1.83105 -3.46234 -2.28446
thorax -3.58718 -1.7042 -0.745272
lowerneck -6.64772 -4.87586 -0.159249
upperneck 2.84862 -6.74514 4.72003
head 2.22793 -3.24338 1.25748
lclavicle 3.87739e-14 2.75783e-14 0
lhumerus 23.879 -19.9376 10.195
lradius 71.2531 0 0
lwrist 32.1468 0 0
lhand -22.0675 -4.33894 0
lfingers 7.12502 0 0
lthumb 4.34378 25.602 0
rclavicle 3.87739e-14 2.75783e-14 0
rhumerus -26.783 -11.0847 -13.8379
rradius 100.801 0 0
rwrist -7.60475 0 0
rhand -35.819 -40.8058 0
rfingers 7.12502 0 0
rthumb -8.93534 -790.605 0
701
root 5.46224 20.0203 4.75255 16.0263 -67.0337 0.890923
lfemur -43.9591 6.73412 20.7527
ltibia 113.752 0 0
lfoot 5.83907 0.833582 0
ltoes 33.9446 0 0
rfemur -9.91049 -0.533082 8.75165
rtibia 6.78494 0 0
rfoot 24.5101 -5.87246 0
rtoes 4.23134 0 0
lowerback 3.07904 -2.15392 -2.43607
upperback -1.8226 -3.08845 -2.16533
thorax -3.59843 -1.51723 -0.672453
lowerneck -6.77603 -4.93223 -0.230725
upperneck 2.52003 -6.79355 4.57942
head 2.14062 -3.27699 1.22234
lclavicle 4.73292e-14 2.54146e-14 0
lhumerus 21.3753 -19.7532 11.3007
lradius 69.2054 0 0
lwrist 32.1764 0 0
lhand -21.9102 -3.90343 0
lfingers 7.12502 0 0
lthumb 4.49548 26.0304 0
rclavicle 4.73292e-14 2.54146e-14 0
rhumerus -25.1967 -11.2691 -14.5363
rradius 100.043 0 0
rwrist -7.34881 0 0
rhand -35.7538 -40.7472 0
rfingers 7.12502 0 0
rthumb -8.87233 -790.545 0
702
root 5.48348 20.2176 4.97858 15.0206 -69.4639 1.98645
lfemur -42.9929 5.10773 19.6715
ltibia 110.347 0 0
lfoot 5.44387 0.854572 0
ltoes 33.8548 0 0
rfemur -11.4807 -0.635216 8.03971
rtibia 10.7807 0 0
rfoot 25.3505 -7.26972 0
rtoes 5.99607 0 0
lowerback 3.23151 -1.91623 -2.40015
upperback -1.79587 -2.77093 -2.08316
thorax -3.65277 -1.35826 -0.626102
lowerneck -6.84258 -5.0053 -0.341518
upperneck 2.22647 -6.86633 4.50628
head 2.0597 -3.32111 1.21579
lclavicle 5.14852e-14 2.22639e-14 0
lhumerus 19.2824 -19.4652 11.8285
lradius 67.0929 0 0
lwrist 31.9601 0 0
lhand -21.8273 -3.61034 0
lfingers 7.12502 0 0
lthumb 4.5755 26.3202 0
rclavicle 5.14852e-14 2.22639e-14 0
rhumerus -23.6716 -11.1607 -15.1904
rradius 99.6676 0 0
rwrist -7.19386 0 0
rhand -35.5495 -40.5603 0
rfingers 7.12502 0 0
rthumb -8.67505 -790.362 0
703
root 5.49651 20.3718 5.18647 13.6438 -71.4812 3.36048
lfemur -42.3013 3.61154 18.9287
ltibia 107.51 0 0
lfoot 5.2569 0.550687 0
ltoes 33.8422 0 0
rfemur -12.9188 -0.633003 7.32148
rtibia 15.3045 0 0
rfoot 25.6209 -8.29728 0
rtoes 8.07974 0 0
lowerback 3.44468 -1.75474 -2.36867
upperback -1.75705 -2.55721 -2.03546
thorax -3.73207 -1.25109 -0.603287
lowerneck -6.85549 -5.08158 -0.470575
upperneck 1.99862 -6.94827 4.49603
head 1.99514 -3.36744 1.23295
lclavicle 5.12637e-14 1.86212e-14 0
lhumerus 17.7527 -19.2517 11.9673
lradius 65.2381 0 0
lwrist 31.5496 0 0
lhand -21.7931 -3.46842 0
lfingers 7.12502 0 0
lthumb 4.60855 26.4614 0
rclavicle 5.12637e-14 1.86212e-14 0
rhumerus -22.4604 -10.819 -15.8102
rradius 99.5871 0 0
rwrist -7.17787 0 0
rhand -35.2341 -40.3092 0
rfingers 7.12502 0 0
rthumb -8.37049 -790.119 0
704
root 5.50812 20.5244 5.4165 11.8669 -73.5623 5.08709
lfemur -41.5363 1.9111 18.0396
ltibia 104.193 0 0
lfoot 5.1248 -0.0137575 0
ltoes 33.7497 0 0
rfemur -14.7579 -0.634939 6.50877
rtibia 21.3826 0 0
rfoot 25.4722 -9.3739 0
rtoes 10.8134 0 0
lowerback 3.7266 -1.61191 -2.3255
upperback -1.70323 -2.36918 -1.98316
thorax -3.83534 -1.15671 -0.57995
lowerneck -6.85517 -5.17512 -0.637522
upperneck 1.74887 -7.05101 4.50976
head 1.9248 -3.42427 1.26406
lclavicle 4.85718e-14 1.37718e-14 0
lhumerus 16.0714 -19.2132 12.1945
lradius 63.1464 0 0
lwrist 30.9247 0 0
lhand -21.7393 -3.35984 0
lfingers 7.12502 0 0
lthumb 4.66043 26.5687 0
rclavicle 4.85718e-14 1.37718e-14 0
rhumerus -21.226 -10.2797 -16.6874
rradius 99.5225 0 0
rwrist -7.27858 0 0
rhand -34.758 -39.9953 0
rfingers 7.12502 0 0
rthumb -7.91084 -789.817 0
705
root 5.51839 20.6736 5.66128 9.74423 -75.666 7.12215
lfemur -40.7224 0.0698075 17.0448
ltibia 100.534 0 0
lfoot 5.03983 -0.780158 0
ltoes 33.5934 0 0
rfemur -16.8937 -0.640388 5.63097
rtibia 28.6296 0 0
rfoot 24.99 -10.4757 0
rtoes 14.0328 0 0
lowerback 4.05956 -1.486 -2.27351
upperback -1.6382 -2.20431 -1.92791
thorax -3.95634 -1.07387 -0.556554
lowerneck -6.8443 -5.28135 -0.832614
upperneck 1.485 -7.16925 4.54257
head 1.85081 -3.48884 1.30593
lclavicle 4.39172e-14 8.00806e-15 0
lhumerus 14.2904 -19.3155 12.4902
lradius 60.8935 0 0
lwrist 30.1357 0 0
lhand -21.6711 -3.27975 0
lfingers 7.12502 0 0
lthumb 4.7263 26.6473 0
rclavicle 4.39172e-14 8.00806e-15 0
rhumerus -19.99 -9.58846 -17.7598
rradius 99.4717 0 0
rwrist -7.47171 0 0
rhand -34.1582 -39.6342 0
rfingers 7.12502 0 0
rthumb -7.33184 -789.472 0
706
root 5.52739 20.8174 5.9134 7.33017 -77.7512 9.4215
lfemur -39.8841 -1.84897 15.9851
ltibia 96.6687 0 0
lfoot 4.99426 -1.68991 0
ltoes 33.3896 0 0
rfemur -19.2223 -0.648713 4.71749
rtibia 36.6602 0 0
rfoot 24.26 -11.5788 0
rtoes 17.5736 0 0
lowerback 4.42583 -1.37527 -2.21563
upperback -1.56574 -2.06008 -1.87135
thorax -4.08884 -1.00132 -0.533565
lowerneck -6.82556 -5.39576 -1.0461
upperneck 1.21479 -7.29765 4.58958
head 1.77533 -3.55841 1.35539
lclavicle 3.78072e-14 1.62211e-15 0
lhumerus 12.4615 -19.5247 12.8347
lradius 58.555 0 0
lwrist 29.2329 0 0
lhand -21.5935 -3.22326 0
lfingers 7.12502 0 0
lthumb 4.80129 26.7021 0
rclavicle 3.78072e-14 1.62211e-15 0
rhumerus -18.7738 -8.79055 -18.9653
rradius 99.4324 0 0
rwrist -7.73299 0 0
rhand -33.4719 -39.2411 0
rfingers 7.12502 0 0
rthumb -6.66924 -789.098 0
707
root 5.53521 20.9541 6.16548 4.67908 -79.7767 11.941
lfemur -39.046 -3.78186 14.901
ltibia 92.7346 0 0
lfoot 4.98034 -2.68441 0
ltoes 33.1544 0 0
rfemur -21.6393 -0.659279 3.79773
rtibia 45.0891 0 0
rfoot 23.3679 -12.6593 0
rtoes 21.2713 0 0
lowerback 4.80768 -1.27796 -2.15473
upperback -1.4896 -1.93395 -1.81514
thorax -4.22663 -0.937816 -0.511447
lowerneck -6.80161 -5.51379 -1.26825
upperneck 0.946039 -7.43092 4.64592
head 1.70048 -3.63021 1.40927
lclavicle 3.07495e-14 -5.09383e-15 0
lhumerus 10.6365 -19.8064 13.208
lradius 56.2064 0 0
lwrist 28.2663 0 0
lhand -21.5114 -3.18552 0
lfingers 7.12502 0 0
lthumb 4.88056 26.738 0
rclavicle 3.07495e-14 -5.09383e-15 0
rhumerus -17.5987 -7.93145 -20.2415
rradius 99.4021 0 0
rwrist -8.03817 0 0
rhand -32.736 -38.8316 0
rfingers 7.12502 0 0
rthumb -5.95879 -788.708 0
708
root 5.54194 21.0817 6.41011 1.8453 -81.7015 14.6365
lfemur -38.2325 -5.66549 13.8334
ltibia 88.8687 0 0
lfoot 4.99035 -3.70506 0
ltoes 32.9041 0 0
rfemur -24.0407 -0.67145 2.9011
rtibia 53.5309 0 0
rfoot 22.3991 -13.6933 0
rtoes 24.9617 0 0
lowerback 5.18739 -1.19232 -2.09371
upperback -1.41357 -1.82341 -1.76091
thorax -4.36348 -0.88212 -0.490663
lowerneck -6.77514 -5.63091 -1.4893
upperneck 0.686524 -7.56373 4.70669
head 1.62841 -3.70149 1.4644
lclavicle 2.32514e-14 -1.18475e-14 0
lhumerus 8.8674 -20.1266 13.5903
lradius 53.9235 0 0
lwrist 27.2864 0 0
lhand -21.4299 -3.16166 0
lfingers 7.12502 0 0
lthumb 4.95923 26.76 0
rclavicle 2.32514e-14 -1.18475e-14 0
rhumerus -16.4863 -7.0566 -21.5265
rradius 99.3786 0 0
rwrist -8.36296 0 0
rhand -31.9876 -38.421 0
rfingers 7.12502 0 0
rthumb -5.23624 -788.318 0
709
root 5.54765 21.1985 6.63989 -1.1168 -83.4843 17.4638
lfemur -37.4683 -7.43647 12.8228
ltibia 85.2079 0 0
lfoot 5.01653 -4.69326 0
ltoes 32.6548 0 0
rfemur -26.3223 -0.684588 2.05701
rtibia 61.6002 0 0
rfoot 21.4395 -14.657 0
rtoes 28.4803 0 0
lowerback 5.54722 -1.11662 -2.03548
upperback -1.34142 -1.72592 -1.71031
thorax -4.49315 -0.832985 -0.471678
lowerneck -6.74881 -5.74258 -1.69952
upperneck 0.444031 -7.69077 4.767
head 1.56126 -3.76951 1.51761
lclavicle 1.58206e-14 -1.83468e-14 0
lhumerus 7.20593 -20.4512 13.9619
lradius 51.7818 0 0
lwrist 26.3434 0 0
lhand -21.3541 -3.14681 0
lfingers 7.12502 0 0
lthumb 5.03246 26.7732 0
rclavicle 1.58206e-14 -1.83468e-14 0
rhumerus -15.4579 -6.21142 -22.7578
rradius 99.3596 0 0
rwrist -8.6831 0 0
rhand -31.2637 -38.0246 0
rfingers 7.12502 0 0
rthumb -4.53736 -787.941 0
710
root 5.55242 21.3026 6.84743 -4.15288 -85.0841 20.3789
lfemur -36.7778 -9.03143 11.91
ltibia 81.8892 0 0
lfoot 5.05116 -5.59039 0
ltoes 32.4227 0 0
rfemur -28.38 -0.698059 1.29486
rtibia 68.9118 0 0
rfoot 20.5746 -15.5264 0
rtoes 31.6629 0 0
lowerback 5.86945 -1.04911 -1.98293
upperback -1.27692 -1.63895 -1.665
thorax -4.60942 -0.789165 -0.454957
lowerneck -6.72531 -5.84426 -1.88916
upperneck 0.226346 -7.80672 4.82197
head 1.50117 -3.83149 1.56572
lclavicle 8.96439e-15 -2.42994e-14 0
lhumerus 5.70396 -20.7461 14.303
lradius 49.857 0 0
lwrist 25.4874 0 0
lhand -21.2889 -3.13611 0
lfingers 7.12502 0 0
lthumb 5.09539 26.7825 0
rclavicle 8.96439e-15 -2.42994e-14 0
rhumerus -14.535 -5.44136 -23.8734
rradius 99.3429 0 0
rwrist -8.97434 0 0
rhand -30.6013 -37.658 0
rfingers 7.12502 0 0
rthumb -3.89787 -787.592 0
711
root 5.55635 21.3921 7.02532 -7.20856 -86.4596 23.3375
lfemur -36.1855 -10.387 11.1355
ltibia 79.0495 0 0
lfoot 5.08649 -6.33786 0
ltoes 32.224 0 0
rfemur -30.1097 -0.711226 0.644053
rtibia 75.0802 0 0
rfoot 19.89 -16.2777 0
rtoes 34.3451 0 0
lowerback 6.13635 -0.98803 -1.93895
upperback -1.22384 -1.55998 -1.62661
thorax -4.70607 -0.749416 -0.440964
lowerneck -6.70729 -5.93141 -2.04846
upperneck 0.0412542 -7.90627 4.86673
head 1.45028 -3.8847 1.60556
lclavicle 3.19039e-15 -2.94131e-14 0
lhumerus 4.41333 -20.977 14.5936
lradius 48.2246 0 0
lwrist 24.7688 0 0
lhand -21.2394 -3.12468 0
lfingers 7.12502 0 0
lthumb 5.14316 26.7928 0
rclavicle 3.19039e-15 -2.94131e-14 0
rhumerus -13.739 -4.79185 -24.811
rradius 99.326 0 0
rwrist -9.21238 0 0
rhand -30.0375 -37.3365 0
rfingers 7.12502 0 0
rthumb -3.35355 -787.285 0
712
root 5.5595 21.4652 7.16618 -10.2295 -87.5699 26.2955
lfemur -35.7161 -11.4398 10.5402
ltibia 76.8259 0 0
lfoot 5.11479 -6.87706 0
ltoes 32.075 0 0
rfemur -31.4071 -0.723453 0.133994
rtibia 79.7202 0 0
rfoot 19.4715 -16.8869 0
rtoes 36.3626 0 0
lowerback 6.3302 -0.931647 -1.90644
upperback -1.18597 -1.48648 -1.59679
thorax -4.77687 -0.712493 -0.430163
lowerneck -6.69745 -5.99949 -2.1677
upperneck -0.10346 -7.9841 4.89637
head 1.41072 -3.92637 1.63396
lclavicle -9.93923e-16 -3.33958e-14 0
lhumerus 3.3859 -21.11 14.814
lradius 46.9604 0 0
lwrist 24.2378 0 0
lhand -21.2107 -3.10767 0
lfingers 7.12502 0 0
lthumb 5.17091 26.8092 0
rclavicle -9.93923e-16 -3.33958e-14 0
rhumerus -13.0914 -4.30833 -25.5084
rradius 99.3067 0 0
rwrist -9.37298 0 0
rhand -29.6093 -37.0755 0
rfingers 7.12502 0 0
rthumb -2.94013 -787.035 0
713
root 5.53939 21.5033 7.37602 -44.6884 -88.7415 60.8466
lfemur -34.9956 -12.498 9.82684
ltibia 72.9483 0 0
lfoot 5.88796 -7.45612 0
ltoes 31.4781 0 0
rfemur -32.4126 -0.866112 -0.557946
rtibia 85.7264 0 0
rfoot 20.2108 -17.8752 0
rtoes 38.6021 0 0
lowerback 6.25975 -0.823868 -1.884
upperback -1.21556 -1.33879 -1.58353
thorax -4.76869 -0.63977 -0.445101
lowerneck -6.74521 -6.14589 -2.26055
upperneck -0.212131 -8.17026 4.91549
head 1.39624 -4.02082 1.64825
lclavicle -1.2921e-14 -4.41302e-14 0
lhumerus 1.71129 -20.9172 15.4022
lradius 45.9936 0 0
lwrist 23.5511 0 0
lhand -21.4933 -3.18174 0
lfingers 7.12502 0 0
lthumb 4.89802 26.7416 0
rclavicle -1.2921e-14 -4.41302e-14 0
rhumerus -12.3454 -3.453 -26.3227
rradius 99.2425 0 0
rwrist -9.46951 0 0
rhand -28.5883 -36.048 0
rfingers 7.12502 0 0
rthumb -1.95411 -786.019 0
714
root 5.51632 21.5248 7.5857 -114.811 -88.5347 131.091
lfemur -34.2732 -13.513 9.15372
ltibia 69.0394 0 0
lfoot 6.68345 -8.29926 0
ltoes 30.7132 0 0
rfemur -33.219 -1.14835 -1.23526
rtibia 91.4966 0 0
rfoot 20.8563 -19.1874 0
rtoes 40.821 0 0
lowerback 6.14711 -0.699867 -1.84115
upperback -1.26194 -1.16723 -1.5753
thorax -4.75466 -0.555866 -0.47938
lowerneck -6.80973 -6.29731 -2.34534
upperneck -0.317173 -8.36323 4.91648
head 1.38488 -4.11871 1.65447
lclavicle 3.77691e-15 -7.95139e-16 0
lhumerus -0.00677256 -20.6113 16.0088
lradius 45.2287 0 0
lwrist 22.9737 0 0
lhand -21.8284 -3.2593 0
lfingers 7.12502 0 0
lthumb 4.57444 26.6713 0
rclavicle 3.77691e-15 -7.95139e-16 0
rhumerus -11.6072 -2.62759 -27.0112
rradius 99.2225 0 0
rwrist -9.63092 0 0
rhand -27.5551 -34.9797 0
rfingers 7.12502 0 0
rthumb -0.956194 -784.957 0
715
root 5.48503 21.4809 7.67643 -114.929 -87.0942 132.945
lfemur -34.3179 -13.2374 8.92159
ltibia 68.8748 0 0
lfoot 6.43344 -8.0473 0
ltoes 30.6439 0 0
rfemur -33.0787 -1.36362 -1.0413
rtibia 91.2262 0 0
rfoot 20.5252 -19.3404 0
rtoes 40.3134 0 0
lowerback 6.10391 -0.653944 -1.838
upperback -1.26155 -1.10421 -1.59602
thorax -4.72747 -0.524432 -0.504634
lowerneck -6.79723 -6.30513 -2.33575
upperneck -0.339409 -8.37239 4.92404
head 1.37596 -4.12315 1.65574
lclavicle 3.80533e-15 -6.29015e-16 0
lhumerus -0.481962 -20.5345 16.6664
lradius 45.4346 0 0
lwrist 22.8712 0 0
lhand -21.8133 -3.28541 0
lfingers 7.12502 0 0
lthumb 4.58903 26.6448 0
rclavicle 3.80533e-15 -6.29015e-16 0
rhumerus -11.7462 -2.19334 -27.7119
rradius 99.0638 0 0
rwrist -9.49645 0 0
rhand -27.5042 -34.8439 0
rfingers 7.12502 0 0
rthumb -0.907016 -784.821 0
716
root 5.45103 21.4332 7.77489 -114.981 -85.5267 134.873
lfemur -34.3677 -12.9358 8.66951
ltibia 68.7005 0 0
lfoot 6.16028 -7.772 0
ltoes 30.57 0 0
rfemur -32.9251 -1.59781 -0.829365
rtibia 90.9254 0 0
rfoot 20.164 -19.5056 0
rtoes 39.7588 0 0
lowerback 6.05702 -0.604119 -1.83467
upperback -1.26108 -1.03584 -1.61859
thorax -4.69791 -0.490327 -0.532066
lowerneck -6.78356 -6.3135 -2.32524
upperneck -0.363491 -8.38217 4.93232
head 1.36626 -4.12788 1.65713
lclavicle 3.79998e-15 -5.0219e-16 0
lhumerus -0.996975 -20.4512 17.3811
lradius 45.6596 0 0
lwrist 22.7603 0 0
lhand -21.7964 -3.31382 0
lfingers 7.12502 0 0
lthumb 4.60537 26.6159 0
rclavicle 3.79998e-15 -5.0219e-16 0
rhumerus -11.8982 -1.72173 -28.4733
rradius 98.8911 0 0
rwrist -9.3499 0 0
rhand -27.4498 -34.6974 0
rfingers 7.12502 0 0
rthumb -0.854533 -784.674 0
717
root 5.41441 21.3817 7.88082 -114.97 -83.8364 136.874
lfemur -34.4223 -12.6092 8.39812
ltibia 68.5168 0 0
lfoot 5.86472 -7.47411 0
ltoes 30.4916 0 0
rfemur -32.7587 -1.8503 -0.60005
rtibia 90.5952 0 0
rfoot 19.7738 -19.6826 0
rtoes 39.1585 0 0
lowerback 6.00657 -0.55052 -1.83116
upperback -1.26055 -0.962289 -1.64295
thorax -4.66608 -0.453637 -0.561605
lowerneck -6.76874 -6.3224 -2.31385
upperneck -0.389358 -8.39255 4.94127
head 1.35582 -4.1329 1.65864
lclavicle 3.76221e-15 -4.13496e-16 0
lhumerus -1.5505 -20.3617 18.1511
lradius 45.903 0 0
lwrist 22.6411 0 0
lhand -21.7777 -3.34445 0
lfingers 7.12502 0 0
lthumb 4.62343 26.5848 0
rclavicle 3.76221e-15 -4.13496e-16 0
rhumerus -12.0627 -1.214 -29.2935
rradius 98.7049 0 0
rwrist -9.19165 0 0
rhand -27.3922 -34.5405 0
rfingers 7.12502 0 0
rthumb -0.798861 -784.517 0
718
root 5.37524 21.3265 7.99397 -114.897 -82.0274 138.945
lfemur -34.4817 -12.2582 8.1081
ltibia 68.324 0 0
lfoot 5.54752 -7.1544 0
ltoes 30.4087 0 0
rfemur -32.5798 -2.12046 -0.353942
rtibia 90.2364 0 0
rfoot 19.3556 -19.871 0
rtoes 38.5143 0 0
lowerback 5.95268 -0.493278 -1.82746
upperback -1.25996 -0.883741 -1.66903
thorax -4.63203 -0.41445 -0.593179
lowerneck -6.75282 -6.3318 -2.30161
upperneck -0.416949 -8.40351 4.95089
head 1.34466 -4.13819 1.66027
lclavicle 3.69334e-15 -3.61765e-16 0
lhumerus -2.14122 -20.2663 18.9746
lradius 46.1642 0 0
lwrist 22.5141 0 0
lhand -21.7573 -3.37722 0
lfingers 7.12502 0 0
lthumb 4.64313 26.5515 0
rclavicle 3.69334e-15 -3.61765e-16 0
rhumerus -12.2394 -0.671367 -30.1704
rradius 98.5057 0 0
rwrist -9.02211 0 0
rhand -27.3314 -34.3735 0
rfingers 7.12502 0 0
rthumb -0.740114 -784.35 0
719
root 5.33363 21.2679 8.11408 -114.764 -80.1039 141.082
lfemur -34.5456 -11.8839 7.8001
ltibia 68.1225 0 0
lfoot 5.20944 -6.81363 0
ltoes 30.3216 0 0
rfemur -32.3889 -2.40767 -0.0916272
rtibia 89.8502 0 0
rfoot 18.9103 -20.0704 0
rtoes 37.8276 0 0
lowerback 5.89548 -0.432519 -1.8236
upperback -1.2593 -0.800369 -1.69678
thorax -4.59585 -0.372856 -0.626716
lowerneck -6.73584 -6.34168 -2.28854
upperneck -0.446202 -8.41502 4.96115
head 1.3328 -4.14375 1.662
lclavicle 3.59473e-15 -3.45827e-16 0
lhumerus -2.76783 -20.1651 19.8496
lradius 46.4425 0 0
lwrist 22.3794 0 0
lhand -21.7352 -3.41206 0
lfingers 7.12502 0 0
lthumb 4.66441 26.5161 0
rclavicle 3.59473e-15 -3.45827e-16 0
rhumerus -12.4278 -0.0950687 -31.1022
rradius 98.2938 0 0
rwrist -8.84168 0 0
rhand -27.2675 -34.1969 0
rfingers 7.12502 0 0
rthumb -0.678407 -784.173 0
720
root 5.28966 21.2058 8.24091 -114.573 -78.0701 143.284
lfemur -34.6139 -11.487 7.47479
ltibia 67.9126 0 0
lfoot 4.85124 -6.45258 0
ltoes 30.2305 0 0
rfemur -32.1864 -2.7113 0.186305
rtibia 89.4374 0 0
rfoot 18.4389 -20.2803 0
rtoes 37.0999 0 0
lowerback 5.83507 -0.368372 -1.81958
upperback -1.25857 -0.71235 -1.72614
thorax -4.55762 -0.328941 -0.662147
lowerneck -6.71783 -6.35204 -2.27468
upperneck -0.477058 -8.42707 4.97202
head 1.32027 -4.14956 1.66385
lclavicle 3.46771e-15 -3.64514e-16 0
lhumerus -3.42902 -20.0583 20.7743
lradius 46.7374 0 0
lwrist 22.2374 0 0
lhand -21.7116 -3.44889 0
lfingers 7.12502 0 0
lthumb 4.68723 26.4787 0
rclavicle 3.46771e-15 -3.64514e-16 0
rhumerus -12.6275 0.513667 -32.0867
rradius 98.0699 0 0
rwrist -8.65075 0 0
rhand -27.2006 -34.011 0
rfingers 7.12502 0 0
rthumb -0.613855 -783.986 0
721
root 5.24341 21.1405 8.37419 -114.325 -75.9302 145.547
lfemur -34.6864 -11.0684 7.13284
ltibia 67.6946 0 0
lfoot 4.47368 -6.072 0
ltoes 30.1354 0 0
rfemur -31.9728 -3.03072 0.479266
rtibia 88.999 0 0
rfoot 17.9423 -20.5004 0
rtoes 36.3328 0 0
lowerback 5.77159 -0.300966 -1.81539
upperback -1.25779 -0.61986 -1.75705
thorax -4.51742 -0.282794 -0.699398
lowerneck -6.69883 -6.36284 -2.26006
upperneck -0.509453 -8.43962 4.98348
head 1.3071 -4.15561 1.66579
lclavicle 3.31362e-15 -4.16657e-16 0
lhumerus -4.12346 -19.9462 21.7468
lradius 47.0482 0 0
lwrist 22.0883 0 0
lhand -21.6864 -3.48763 0
lfingers 7.12502 0 0
lthumb 4.71152 26.4393 0
rclavicle 3.31362e-15 -4.16657e-16 0
rhumerus -12.8381 1.15361 -33.122
rradius 97.8342 0 0
rwrist -8.44971 0 0
rhand -27.131 -33.8161 0
rfingers 7.12502 0 0
rthumb -0.546574 -783.791 0
722
root 5.19499 21.072 8.51367 -114.022 -73.6883 147.87
lfemur -34.763 -10.6289 6.7749
ltibia 67.4689 0 0
lfoot 4.07752 -5.67266 0
ltoes 30.0365 0 0
rfemur -31.7485 -3.36531 0.786669
rtibia 88.536 0 0
rfoot 17.4217 -20.7302 0
rtoes 35.5278 0 0
lowerback 5.70515 -0.230429 -1.81105
upperback -1.25695 -0.523075 -1.78944
thorax -4.47532 -0.234503 -0.738399
lowerneck -6.67888 -6.37407 -2.24469
upperneck -0.543328 -8.45267 4.9955
head 1.29331 -4.16189 1.66783
lclavicle 3.13381e-15 -5.01088e-16 0
lhumerus -4.84986 -19.8289 22.7652
lradius 47.3743 0 0
lwrist 21.9325 0 0
lhand -21.6598 -3.52821 0
lfingers 7.12502 0 0
lthumb 4.73722 26.398 0
rclavicle 3.13381e-15 -5.01088e-16 0
rhumerus -13.0592 1.82353 -34.2062
rradius 97.5874 0 0
rwrist -8.23897 0 0
rhand -27.0586 -33.6127 0
rfingers 7.12502 0 0
rthumb -0.476677 -783.587 0
723
root 5.14447 21.0006 8.6591 -113.666 -71.3485 150.249
lfemur -34.8435 -10.1695 6.40164
ltibia 67.2358 0 0
lfoot 3.66352 -5.25533 0
ltoes 29.9339 0 0
rfemur -31.5139 -3.71443 1.10793
rtibia 88.0494 0 0
rfoot 16.8779 -20.9693 0
rtoes 34.6864 0 0
lowerback 5.63587 -0.15689 -1.80657
upperback -1.25605 -0.422172 -1.82325
thorax -4.43139 -0.184155 -0.779077
lowerneck -6.65803 -6.38571 -2.22862
upperneck -0.578621 -8.46618 5.00807
head 1.27892 -4.1684 1.66996
lclavicle 2.92961e-15 -6.16638e-16 0
lhumerus -5.60689 -19.7066 23.8277
lradius 47.7151 0 0
lwrist 21.7702 0 0
lhand -21.6318 -3.57054 0
lfingers 7.12502 0 0
lthumb 4.76428 26.355 0
rclavicle 2.92961e-15 -6.16638e-16 0
rhumerus -13.2903 2.5222 -35.3371
rradius 97.3298 0 0
rwrist -8.01892 0 0
rhand -26.9836 -33.4009 0
rfingers 7.12502 0 0
rthumb -0.404282 -783.375 0
724
root 5.09195 20.9263 8.81023 -113.258 -68.9152 152.682
lfemur -34.9277 -9.691 6.01371
ltibia 66.9956 0 0
lfoot 3.23244 -4.82076 0
ltoes 29.8279 0 0
rfemur -31.2695 -4.07746 1.44245
rtibia 87.5402 0 0
rfoot 16.312 -21.2174 0
rtoes 33.8102 0 0
lowerback 5.56389 -0.080477 -1.80194
upperback -1.25509 -0.317326 -1.85842
thorax -4.38572 -0.131839 -0.821363
lowerneck -6.6363 -6.39775 -2.21186
upperneck -0.615271 -8.48014 5.02115
head 1.26397 -4.17512 1.67218
lclavicle 2.70237e-15 -7.62138e-16 0
lhumerus -6.39324 -19.5797 24.9323
lradius 48.07 0 0
lwrist 21.6016 0 0
lhand -21.6024 -3.61455 0
lfingers 7.12502 0 0
lthumb 4.79264 26.3102 0
rclavicle 2.70237e-15 -7.62138e-16 0
rhumerus -13.531 3.24839 -36.5129
rradius 97.0619 0 0
rwrist -7.78995 0 0
rhand -26.9062 -33.1813 0
rfingers 7.12502 0 0
rthumb -0.329501 -783.155 0
725
root 5.03751 20.8492 8.9668 -112.801 -66.3924 155.166
lfemur -35.0154 -9.19421 5.61179
ltibia 66.7487 0 0
lfoot 2.78504 -4.36974 0
ltoes 29.7185 0 0
rfemur -31.0157 -4.45377 1.78964
rtibia 87.0093 0 0
rfoot 15.7248 -21.474 0
rtoes 32.9007 0 0
lowerback 5.48931 -0.00131878 -1.79717
upperback -1.25408 -0.208714 -1.8949
thorax -4.33838 -0.0776431 -0.865183
lowerneck -6.61374 -6.41015 -2.19446
upperneck -0.653217 -8.49452 5.03473
head 1.24847 -4.18204 1.67448
lclavicle 2.45342e-15 -9.3642e-16 0
lhumerus -7.2076 -19.4483 26.0772
lradius 48.4383 0 0
lwrist 21.4272 0 0
lhand -21.5718 -3.66017 0
lfingers 7.12502 0 0
lthumb 4.82223 26.2638 0
rclavicle 2.45342e-15 -9.3642e-16 0
rhumerus -13.781 4.00087 -37.7315
rradius 96.7841 0 0
rwrist -7.55247 0 0
rhand -26.8264 -32.9542 0
rfingers 7.12502 0 0
rthumb -0.252451 -782.927 0
726
root 4.98124 20.7695 9.12856 -112.296 -63.7843 157.698
lfemur -35.1065 -8.68002 5.19654
ltibia 66.4953 0 0
lfoot 2.32208 -3.90302 0
ltoes 29.6058 0 0
rfemur -30.7529 -4.84274 2.14893
rtibia 86.4576 0 0
rfoot 15.1175 -21.7387 0
rtoes 31.9594 0 0
lowerback 5.41227 0.0804563 -1.79228
upperback -1.25302 -0.0965129 -1.93262
thorax -4.28946 -0.0216547 -0.910467
lowerneck -6.59038 -6.42291 -2.17643
upperneck -0.692398 -8.5093 5.04877
head 1.23246 -4.18915 1.67687
lclavicle 2.1841e-15 -1.13832e-15 0
lhumerus -8.04867 -19.3125 27.2605
lradius 48.8195 0 0
lwrist 21.2471 0 0
lhand -21.5399 -3.70731 0
lfingers 7.12502 0 0
lthumb 4.853 26.2158 0
rclavicle 2.1841e-15 -1.13832e-15 0
rhumerus -14.0397 4.77841 -38.9909
rradius 96.497 0 0
rwrist -7.30687 0 0
rhand -26.7444 -32.7199 0
rfingers 7.12502 0 0
rthumb -0.173246 -782.692 0
727
root 4.92324 20.6874 9.29525 -111.745 -61.0951 160.276
lfemur -35.2008 -8.14927 4.76862
ltibia 66.2359 0 0
lfoot 1.84433 -3.42137 0
ltoes 29.4902 0 0
rfemur -30.4815 -5.24374 2.51972
rtibia 85.8862 0 0
rfoot 14.491 -22.011 0
rtoes 30.9879 0 0
lowerback 5.33288 0.16472 -1.78725
upperback -1.25191 0.0191022 -1.97152
thorax -4.23902 0.0360379 -0.957143
lowerneck -6.56627 -6.43601 -2.15782
upperneck -0.732752 -8.52447 5.06326
head 1.21595 -4.19644 1.67932
lclavicle 1.89576e-15 -1.36666e-15 0
lhumerus -8.91512 -19.1727 28.4804
lradius 49.2128 0 0
lwrist 21.0616 0 0
lhand -21.5069 -3.75589 0
lfingers 7.12502 0 0
lthumb 4.8849 26.1664 0
rclavicle 1.89576e-15 -1.36666e-15 0
rhumerus -14.3068 5.57978 -40.2892
rradius 96.2009 0 0
rwrist -7.05354 0 0
rhand -26.6603 -32.4788 0
rfingers 7.12502 0 0
rthumb -0.0920013 -782.451 0
728
root 4.86359 20.6028 9.46662 -111.149 -58.329 162.898
lfemur -35.2982 -7.60283 4.32868
ltibia 65.9707 0 0
lfoot 1.35253 -2.92555 0
ltoes 29.3716 0 0
rfemur -30.2021 -5.65614 2.90142
rtibia 85.2961 0 0
rfoot 13.8463 -22.2907 0
rtoes 29.9877 0 0
lowerback 5.25126 0.251343 -1.78211
upperback -1.25075 0.137955 -2.01153
thorax -4.18714 0.0953467 -1.00514
lowerneck -6.54144 -6.44942 -2.13863
upperneck -0.774218 -8.53999 5.07817
head 1.19897 -4.2039 1.68185
lclavicle 1.58973e-15 -1.62027e-15 0
lhumerus -9.80564 -19.029 29.7349
lradius 49.6177 0 0
lwrist 20.871 0 0
lhand -21.4727 -3.80585 0
lfingers 7.12502 0 0
lthumb 4.91786 26.1155 0
rclavicle 1.58973e-15 -1.62027e-15 0
rhumerus -14.5818 6.40375 -41.6243
rradius 95.8964 0 0
rwrist -6.79289 0 0
rhand -26.5742 -32.2312 0
rfingers 7.12502 0 0
rthumb -0.0088319 -782.202 0
729
root 4.80238 20.5161 9.64241 -110.511 -55.4901 165.56
lfemur -35.3984 -7.04155 3.87741
ltibia 65.7002 0 0
lfoot 0.847446 -2.41633 0
ltoes 29.2502 0 0
rfemur -29.915 -6.07931 3.29344
rtibia 84.6881 0 0
rfoot 13.1844 -22.5772 0
rtoes 28.9602 0 0
lowerback 5.16753 0.340198 -1.77685
upperback -1.24954 0.259868 -2.05261
thorax -4.13391 0.156184 -1.05439
lowerneck -6.51593 -6.46312 -2.11891
upperneck -0.816735 -8.55584 5.09347
head 1.18155 -4.21152 1.68445
lclavicle 1.26736e-15 -1.89799e-15 0
lhumerus -10.7189 -18.8816 31.0222
lradius 50.0336 0 0
lwrist 20.6756 0 0
lhand -21.4375 -3.8571 0
lfingers 7.12502 0 0
lthumb 4.95182 26.0634 0
rclavicle 1.26736e-15 -1.89799e-15 0
rhumerus -14.8643 7.24909 -42.9943
rradius 95.5839 0 0
rwrist -6.52531 0 0
rhand -26.4862 -31.9776 0
rfingers 7.12502 0 0
rthumb 0.0761472 -781.948 0
730
root 4.7397 20.4272 9.82238 -109.831 -52.5825 168.261
lfemur -35.5013 -6.46629 3.41544
ltibia 65.4245 0 0
lfoot 0.329845 -1.89447 0
ltoes 29.1263 0 0
rfemur -29.6206 -6.51264 3.6952
rtibia 84.0634 0 0
rfoot 12.5061 -22.8702 0
rtoes 27.9072 0 0
lowerback 5.08182 0.431156 -1.77149
upperback -1.24829 0.384667 -2.09468
thorax -4.0794 0.218461 -1.10481
lowerneck -6.48978 -6.47711 -2.09869
upperneck -0.860243 -8.57202 5.10915
head 1.16372 -4.21929 1.6871
lclavicle 9.29989e-16 -2.19866e-15 0
lhumerus -11.6537 -18.7308 32.3404
lradius 50.4598 0 0
lwrist 20.4758 0 0
lhand -21.4014 -3.90957 0
lfingers 7.12502 0 0
lthumb 4.98674 26.01 0
rclavicle 9.29989e-16 -2.19866e-15 0
rhumerus -15.1539 8.11458 -44.3971
rradius 95.2638 0 0
rwrist -6.25119 0 0
rhand -26.3964 -31.7182 0
rfingers 7.12502 0 0
rthumb 0.162821 -781.688 0
731
root 4.67564 20.3363 10.0063 -109.113 -49.6106 170.996
lfemur -35.6068 -5.87791 2.94346
ltibia 65.144 0 0
lfoot -0.199517 -1.36074 0
ltoes 28.9998 0 0
rfemur -29.3194 -6.95548 4.10611
rtibia 83.4227 0 0
rfoot 11.8127 -23.1692 0
rtoes 26.83 0 0
lowerback 4.99425 0.524088 -1.76602
upperback -1.247 0.512174 -2.13769
thorax -4.02368 0.282091 -1.15634
lowerneck -6.46302 -6.49135 -2.07799
upperneck -0.904679 -8.58848 5.12518
head 1.14549 -4.22719 1.68981
lclavicle 5.78952e-16 -2.52109e-15 0
lhumerus -12.6085 -18.5768 33.6876
lradius 50.8957 0 0
lwrist 20.2716 0 0
lhand -21.3643 -3.96318 0
lfingers 7.12502 0 0
lthumb 5.02254 25.9554 0
rclavicle 5.78952e-16 -2.52109e-15 0
rhumerus -15.4502 8.99897 -45.8308
rradius 94.9366 0 0
rwrist -5.97094 0 0
rhand -26.3051 -31.4534 0
rfingers 7.12502 0 0
rthumb 0.251074 -781.423 0
732
root 4.61028 20.2436 10.1938 -108.357 -46.5784 173.765
lfemur -35.7147 -5.27726 2.46212
ltibia 64.8592 0 0
lfoot -0.739881 -0.815901 0
ltoes 28.8711 0 0
rfemur -29.0119 -7.40721 4.52558
rtibia 82.7672 0 0
rfoot 11.1049 -23.4739 0
rtoes 25.7302 0 0
lowerback 4.90494 0.618867 -1.76045
upperback -1.24566 0.642213 -2.18157
thorax -3.96683 0.346985 -1.20891
lowerneck -6.4357 -6.50583 -2.05684
upperneck -0.949982 -8.60522 5.14153
head 1.1269 -4.23523 1.69258
lclavicle 2.15592e-16 -2.86412e-15 0
lhumerus -13.5822 -18.4197 35.062
lradius 51.3408 0 0
lwrist 20.0636 0 0
lhand -21.3264 -4.01785 0
lfingers 7.12502 0 0
lthumb 5.05917 25.8998 0
rclavicle 2.15592e-16 -2.86412e-15 0
rhumerus -15.7528 9.90105 -47.2934
rradius 94.6028 0 0
rwrist -5.68494 0 0
rhand -26.2122 -31.1836 0
rfingers 7.12502 0 0
rthumb 0.340793 -781.152 0
733
root 4.54372 20.1492 10.3848 -107.565 -43.4902 176.564
lfemur -35.8247 -4.66521 1.97209
ltibia 64.5702 0 0
lfoot -1.29049 -0.260725 0
ltoes 28.7401 0 0
rfemur -28.6984 -7.86721 4.95302
rtibia 82.0978 0 0
rfoot 10.3838 -23.7838 0
rtoes 24.6093 0 0
lowerback 4.81401 0.715362 -1.75479
upperback -1.24428 0.774608 -2.22627
thorax -3.90894 0.413055 -1.26244
lowerneck -6.40786 -6.52053 -2.03527
upperneck -0.996093 -8.6222 5.15818
head 1.10796 -4.24339 1.69539
lclavicle -1.58751e-16 -3.22659e-15 0
lhumerus -14.5734 -18.2598 36.4616
lradius 51.7943 0 0
lwrist 19.8518 0 0
lhand -21.2876 -4.0735 0
lfingers 7.12502 0 0
lthumb 5.09657 25.8431 0
rclavicle -1.58751e-16 -3.22659e-15 0
rhumerus -16.0612 10.8196 -48.7829
rradius 94.2628 0 0
rwrist -5.39361 0 0
rhand -26.1179 -30.9091 0
rfingers 7.12502 0 0
rthumb 0.43186 -780.877 0
734
root 4.47604 20.0532 10.5789 -106.739 -40.35 179.39
lfemur -35.9368 -4.0426 1.47403
ltibia 64.2775 0 0
lfoot -1.85057 0.304027 0
ltoes 28.6072 0 0
rfemur -28.3794 -8.33485 5.38784
rtibia 81.4154 0 0
rfoot 9.65043 -24.0985 0
rtoes 23.469 0 0
lowerback 4.72159 0.813447 -1.74905
upperback -1.24287 0.909184 -2.27172
thorax -3.85007 0.480213 -1.31686
lowerneck -6.37953 -6.53543 -2.01331
upperneck -1.04295 -8.63942 5.17511
head 1.08871 -4.25165 1.69825
lclavicle -5.42736e-16 -3.60732e-15 0
lhumerus -15.5808 -18.0973 37.8847
lradius 52.2556 0 0
lwrist 19.6367 0 0
lhand -21.2481 -4.13006 0
lfingers 7.12502 0 0
lthumb 5.13469 25.7856 0
rclavicle -5.42736e-16 -3.60732e-15 0
rhumerus -16.375 11.7533 -50.2973
rradius 93.9171 0 0
rwrist -5.09732 0 0
rhand -26.0223 -30.6303 0
rfingers 7.12502 0 0
rthumb 0.524163 -780.598 0
735
root 4.40734 19.9557 10.7759 -105.881 -37.1621 182.241
lfemur -36.0508 -3.41029 0.968594
ltibia 63.9814 0 0
lfoot -2.41938 0.877588 0
ltoes 28.4723 0 0
rfemur -28.0553 -8.8095 5.82946
rtibia 80.7211 0 0
rfoot 8.90571 -24.4177 0
rtoes 22.3106 0 0
lowerback 4.62778 0.912993 -1.74322
upperback -1.24142 1.04576 -2.31787
thorax -3.79031 0.548372 -1.3721
lowerneck -6.35075 -6.55052 -1.99099
upperneck -1.09049 -8.65683 5.19229
head 1.06917 -4.26001 1.70115
lclavicle -9.35024e-16 -4.00514e-15 0
lhumerus -16.6031 -17.9324 39.3292
lradius 52.7242 0 0
lwrist 19.4184 0 0
lhand -21.208 -4.18745 0
lfingers 7.12502 0 0
lthumb 5.17346 25.7271 0
rclavicle -9.35024e-16 -4.00514e-15 0
rhumerus -16.6938 12.7011 -51.8346
rradius 93.5661 0 0
rwrist -4.79649 0 0
rhand -25.9256 -30.3475 0
rfingers 7.12502 0 0
rthumb 0.617585 -780.314 0
736
root 4.3377 19.8568 10.9756 -104.992 -33.9306 185.114
lfemur -36.1665 -2.76915 0.456455
ltibia 63.6822 0 0
lfoot -2.99615 1.45919 0
ltoes 28.3357 0 0
rfemur -27.7266 -9.29054 6.27729
rtibia 80.0157 0 0
rfoot 8.15064 -24.7408 0
rtoes 21.1357 0 0
lowerback 4.53272 1.01387 -1.73732
upperback -1.23993 1.18417 -2.36464
thorax -3.72973 0.617443 -1.42809
lowerneck -6.32156 -6.56577 -1.96834
upperneck -1.13865 -8.67443 5.20969
head 1.04937 -4.26845 1.70408
lclavicle -1.33427e-15 -4.41889e-15 0
lhumerus -17.639 -17.7653 40.7934
lradius 53.1995 0 0
lwrist 19.1974 0 0
lhand -21.1672 -4.24559 0
lfingers 7.12502 0 0
lthumb 5.21284 25.668 0
rclavicle -1.33427e-15 -4.41889e-15 0
rhumerus -17.0172 13.6616 -53.3928
rradius 93.2103 0 0
rwrist -4.4915 0 0
rhand -25.8278 -30.0612 0
rfingers 7.12502 0 0
rthumb 0.712012 -780.027 0
737
root 4.26721 19.7568 11.1777 -104.075 -30.6597 188.007
lfemur -36.2837 -2.12002 -0.0617275
ltibia 63.3802 0 0
lfoot -3.58012 2.04808 0
ltoes 28.1975 0 0
rfemur -27.3937 -9.77733 6.73074
rtibia 79.3004 0 0
rfoot 7.3862 -25.0675 0
rtoes 19.946 0 0
lowerback 4.43653 1.11595 -1.73135
upperback -1.23841 1.32423 -2.41199
thorax -3.66841 0.687338 -1.48476
lowerneck -6.292 -6.58116 -1.94538
upperneck -1.18738 -8.6922 5.22731
head 1.02932 -4.27698 1.70704
lclavicle -1.73914e-15 -4.8474e-15 0
lhumerus -18.6871 -17.5963 42.2754
lradius 53.6807 0 0
lwrist 18.9738 0 0
lhand -21.1259 -4.30441 0
lfingers 7.12502 0 0
lthumb 5.25275 25.6081 0
rclavicle -1.73914e-15 -4.8474e-15 0
rhumerus -17.3447 14.6336 -54.9699
rradius 92.8502 0 0
rwrist -4.18275 0 0
rhand -25.7291 -29.7716 0
rfingers 7.12502 0 0
rthumb 0.807328 -779.737 0
738
root 4.19597 19.6557 11.3819 -103.13 -27.3536 190.917
lfemur -36.4022 -1.46377 -0.58529
ltibia 63.0757 0 0
lfoot -4.17054 2.64348 0
ltoes 28.0579 0 0
rfemur -27.0569 -10.2693 7.18921
rtibia 78.576 0 0
rfoot 6.61338 -25.3974 0
rtoes 18.7428 0 0
lowerback 4.33932 1.21911 -1.72532
upperback -1.23686 1.46576 -2.45985
thorax -3.60643 0.75797 -1.54203
lowerneck -6.26211 -6.59668 -1.92215
upperneck -1.2366 -8.7101 5.2451
head 1.00906 -4.28557 1.71003
lclavicle -2.1483e-15 -5.2895e-15 0
lhumerus -19.7462 -17.4255 43.7733
lradius 54.1673 0 0
lwrist 18.7479 0 0
lhand -21.084 -4.36383 0
lfingers 7.12502 0 0
lthumb 5.29314 25.5476 0
rclavicle -2.1483e-15 -5.2895e-15 0
rhumerus -17.676 15.616 -56.5639
rradius 92.4862 0 0
rwrist -3.87064 0 0
rhand -25.6296 -29.4791 0
rfingers 7.12502 0 0
rthumb 0.90342 -779.444 0
739
root 4.12405 19.5536 11.588 -102.16 -24.0165 193.841
lfemur -36.522 -0.801249 -1.11357
ltibia 62.7692 0 0
lfoot -4.76663 3.24463 0
ltoes 27.917 0 0
rfemur -26.7169 -10.7657 7.65213
rtibia 77.8435 0 0
rfoot 5.83316 -25.7301 0
rtoes 17.5277 0 0
lowerback 4.24123 1.32321 -1.71922
upperback -1.23528 1.60859 -2.50816
thorax -3.54386 0.829249 -1.59984
lowerneck -6.23192 -6.6123 -1.89867
upperneck -1.28627 -8.72812 5.26305
head 0.988612 -4.29421 1.71305
lclavicle -2.56039e-15 -5.74402e-15 0
lhumerus -20.8149 -17.2531 45.2851
lradius 54.6586 0 0
lwrist 18.5201 0 0
lhand -21.0418 -4.42376 0
lfingers 7.12502 0 0
lthumb 5.33395 25.4866 0
rclavicle -2.56039e-15 -5.74402e-15 0
rhumerus -18.0105 16.6074 -58.1729
rradius 92.1188 0 0
rwrist -3.55557 0 0
rhand -25.5294 -29.1841 0
rfingers 7.12502 0 0
rthumb 1.00017 -779.148 0
740
root 4.05155 19.4507 11.7957 -101.167 -20.6525 196.777
lfemur -36.6428 -0.133317 -1.64591
ltibia 62.4609 0 0
lfoot -5.36765 3.85076 0
ltoes 27.7749 0 0
rfemur -26.3739 -11.266 8.11891
rtibia 77.1039 0 0
rfoot 5.04653 -26.0651 0
rtoes 16.3023 0 0
lowerback 4.14236 1.42813 -1.71308
upperback -1.23367 1.75254 -2.55685
thorax -3.48078 0.901089 -1.65811
lowerneck -6.20148 -6.62802 -1.87498
upperneck -1.33631 -8.74624 5.28113
head 0.967999 -4.3029 1.71607
lclavicle -2.97408e-15 -6.2098e-15 0
lhumerus -21.8919 -17.0794 46.8091
lradius 55.1541 0 0
lwrist 18.2905 0 0
lhand -20.9991 -4.48414 0
lfingers 7.12502 0 0
lthumb 5.37513 25.4251 0
rclavicle -2.97408e-15 -6.2098e-15 0
rhumerus -18.348 17.6067 -59.7948
rradius 91.7484 0 0
rwrist -3.23793 0 0
rhand -25.4287 -28.8869 0
rfingers 7.12502 0 0
rthumb 1.09747 -778.85 0
741
root 3.97855 19.3471 12.0048 -100.151 -17.2657 199.722
lfemur -36.7644 0.539171 -2.18163
ltibia 62.1511 0 0
lfoot -5.97283 4.46111 0
ltoes 27.6318 0 0
rfemur -26.0285 -11.7695 8.58895
rtibia 76.3581 0 0
rfoot 4.25446 -26.402 0
rtoes 15.0681 0 0
lowerback 4.04285 1.53374 -1.70688
upperback -1.23204 1.89744 -2.60587
thorax -3.41727 0.973402 -1.71678
lowerneck -6.17082 -6.6438 -1.8511
upperneck -1.38667 -8.76443 5.29931
head 0.947248 -4.31162 1.71912
lclavicle -3.38803e-15 -6.68565e-15 0
lhumerus -22.976 -16.9046 48.3434
lradius 55.653 0 0
lwrist 18.0596 0 0
lhand -20.9561 -4.54489 0
lfingers 7.12502 0 0
lthumb 5.41661 25.3633 0
rclavicle -3.38803e-15 -6.68565e-15 0
rhumerus -18.6879 18.6126 -61.4277
rradius 91.3755 0 0
rwrist -2.91811 0 0
rhand -25.3275 -28.5879 0
rfingers 7.12502 0 0
rthumb 1.19519 -778.55 0
742
root 3.90516 19.2429 12.2151 -99.1158 -13.8605 202.673
lfemur -36.8868 1.21536 -2.72009
ltibia 61.8403 0 0
lfoot -6.58142 5.07491 0
ltoes 27.4879 0 0
rfemur -25.681 -12.2757 9.06167
rtibia 75.6072 0 0
rfoot 3.45795 -26.7405 0
rtoes 13.8265 0 0
lowerback 3.94281 1.63992 -1.70065
upperback -1.23038 2.04311 -2.65516
thorax -3.35341 1.0461 -1.77576
lowerneck -6.13997 -6.65962 -1.82705
upperneck -1.43729 -8.78267 5.31758
head 0.926383 -4.32037 1.72217
lclavicle -3.8009e-15 -7.17042e-15 0
lhumerus -24.0657 -16.7289 49.886
lradius 56.1549 0 0
lwrist 17.8275 0 0
lhand -20.9129 -4.60593 0
lfingers 7.12502 0 0
lthumb 5.45835 25.3011 0
rclavicle -3.8009e-15 -7.17042e-15 0
rhumerus -19.0299 19.6238 -63.0695
rradius 91.0005 0 0
rwrist -2.59653 0 0
rhand -25.226 -28.2875 0
rfingers 7.12502 0 0
rthumb 1.29323 -778.249 0
743
root 3.83144 19.1382 12.4262 -98.062 -10.4408 205.628
lfemur -37.0096 1.89438 -3.26061
ltibia 61.5286 0 0
lfoot -7.19265 5.6914 0
ltoes 27.3432 0 0
rfemur -25.3319 -12.7839 9.53648
rtibia 74.8521 0 0
rfoot 2.65797 -27.0802 0
rtoes 12.5793 0 0
lowerback 3.84237 1.74652 -1.69438
upperback -1.2287 2.18937 -2.70466
thorax -3.28926 1.11909 -1.835
lowerneck -6.10899 -6.67548 -1.80288
upperneck -1.4881 -8.80095 5.33591
head 0.905431 -4.32913 1.72522
lclavicle -4.21136e-15 -7.66294e-15 0
lhumerus -25.1598 -16.5525 51.4352
lradius 56.659 0 0
lwrist 17.5945 0 0
lhand -20.8695 -4.66717 0
lfingers 7.12502 0 0
lthumb 5.50027 25.2388 0
rclavicle -4.21136e-15 -7.66294e-15 0
rhumerus -19.3735 20.6393 -64.7183
rradius 90.624 0 0
rwrist -2.27356 0 0
rhand -25.1243 -27.986 0
rfingers 7.12502 0 0
rthumb 1.39147 -777.947 0
744
root 3.7575 19.0333 12.6379 -96.9916 -7.01102 208.585
lfemur -37.1329 2.57539 -3.80254
ltibia 61.2166 0 0
lfoot -7.80576 6.30982 0
ltoes 27.198 0 0
rfemur -24.9816 -13.2934 10.0128
rtibia 74.0937 0 0
rfoot 1.85552 -27.4205 0
rtoes 11.3278 0 0
lowerback 3.74164 1.85343 -1.68807
upperback -1.227 2.33605 -2.7543
thorax -3.22492 1.19229 -1.89441
lowerneck -6.07791 -6.69135 -1.77861
upperneck -1.53904 -8.81923 5.35428
head 0.884416 -4.3379 1.72828
lclavicle -4.61805e-15 -8.16204e-15 0
lhumerus -26.257 -16.3756 52.9889
lradius 57.1648 0 0
lwrist 17.361 0 0
lhand -20.826 -4.72855 0
lfingers 7.12502 0 0
lthumb 5.54232 25.1763 0
rclavicle -4.61805e-15 -8.16204e-15 0
rhumerus -19.7184 21.6576 -66.372
rradius 90.2463 0 0
rwrist -1.94962 0 0
rhand -25.0225 -27.6837 0
rfingers 7.12502 0 0
rthumb 1.48979 -777.644 0
745
root 3.68342 18.9282 12.85 -95.9063 -3.57519 211.54
lfemur -37.2563 3.25753 -4.34521
ltibia 60.9044 0 0
lfoot -8.41999 6.92939 0
ltoes 27.0524 0 0
rfemur -24.6305 -13.8037 10.49
rtibia 73.3331 0 0
rfoot 1.05157 -27.7611 0
rtoes 10.0736 0 0
lowerback 3.64075 1.96052 -1.68175
upperback -1.22527 2.48298 -2.80402
thorax -3.16045 1.26561 -1.95392
lowerneck -6.04676 -6.70722 -1.75427
upperneck -1.59006 -8.8375 5.37266
head 0.863363 -4.34666 1.73133
lclavicle -5.01963e-15 -8.66654e-15 0
lhumerus -27.356 -16.1984 54.5454
lradius 57.6716 0 0
lwrist 17.1272 0 0
lhand -20.7823 -4.78999 0
lfingers 7.12502 0 0
lthumb 5.58445 25.1137 0
rclavicle -5.01963e-15 -8.66654e-15 0
rhumerus -20.064 22.6777 -68.0288
rradius 89.8679 0 0
rwrist -1.62509 0 0
rhand -24.9207 -27.381 0
rfingers 7.12502 0 0
rthumb 1.58809 -777.34 0
746
root 3.6093 18.823 13.0622 -94.8078 -0.137509 214.491
lfemur -37.3798 3.93994 -4.88795
ltibia 60.5924 0 0
lfoot -9.03459 7.54935 0
ltoes 26.9065 0 0
rfemur -24.2792 -14.3141 10.9676
rtibia 72.5712 0 0
rfoot 0.247103 -28.1017 0
rtoes 8.81827 0 0
lowerback 3.53982 2.06765 -1.6754
upperback -1.22354 2.62996 -2.85377
thorax -3.09594 1.33897 -2.01347
lowerneck -6.01559 -6.72305 -1.72988
upperneck -1.64109 -8.85574 5.39102
head 0.842299 -4.3554 1.73437
lclavicle -5.41478e-15 -9.17529e-15 0
lhumerus -28.4554 -16.0212 56.1028
lradius 58.1789 0 0
lwrist 16.8934 0 0
lhand -20.7387 -4.85141 0
lfingers 7.12502 0 0
lthumb 5.62659 25.0512 0
rclavicle -5.41478e-15 -9.17529e-15 0
rhumerus -20.41 23.6982 -69.6865
rradius 89.4893 0 0
rwrist -1.30037 0 0
rhand -24.8191 -27.0783 0
rfingers 7.12502 0 0
rthumb 1.68624 -777.037 0
747
root 3.53521 18.7178 13.2743 -93.6979 3.29785 217.435
lfemur -37.5031 4.62176 -5.43011
ltibia 60.281 0 0
lfoot -9.64879 8.16894 0
ltoes 26.7605 0 0
rfemur -23.9279 -14.8239 11.4449
rtibia 71.809 0 0
rfoot -0.556888 -28.4417 0
rtoes 7.56329 0 0
lowerback 3.43897 2.1747 -1.66904
upperback -1.22178 2.77684 -2.90348
thorax -3.03146 1.41226 -2.07299
lowerneck -5.98443 -6.73884 -1.70548
upperneck -1.69207 -8.87392 5.40935
head 0.821248 -4.36411 1.7374
lclavicle -5.80215e-15 -9.68711e-15 0
lhumerus -29.554 -15.844 57.6592
lradius 58.6859 0 0
lwrist 16.6599 0 0
lhand -20.6951 -4.91273 0
lfingers 7.12502 0 0
lthumb 5.66868 24.9887 0
rclavicle -5.80215e-15 -9.68711e-15 0
rhumerus -20.7559 24.718 -71.3432
rradius 89.1109 0 0
rwrist -0.975855 0 0
rhand -24.7177 -26.776 0
rfingers 7.12502 0 0
rthumb 1.78413 -776.734 0
748
root 3.46126 18.6129 13.4859 -92.5783 6.7267 220.37
lfemur -37.626 5.30214 -5.97102
ltibia 59.9704 0 0
lfoot -10.2618 8.78739 0
ltoes 26.6145 0 0
rfemur -23.5773 -15.3327 11.9213
rtibia 71.0475 0 0
rfoot -1.35942 -28.7808 0
rtoes 6.31022 0 0
lowerback 3.33832 2.28154 -1.66267
upperback -1.22001 2.92343 -2.95309
thorax -2.96709 1.48542 -2.1324
lowerneck -5.95332 -6.75456 -1.68109
upperneck -1.74294 -8.89202 5.42762
head 0.800236 -4.37279 1.74041
lclavicle -6.18039e-15 -1.02008e-14 0
lhumerus -30.6503 -15.6673 59.2127
lradius 59.192 0 0
lwrist 16.4269 0 0
lhand -20.6516 -4.97388 0
lfingers 7.12502 0 0
lthumb 5.71068 24.9265 0
rclavicle -6.18039e-15 -1.02008e-14 0
rhumerus -21.1013 25.7357 -72.9969
rradius 88.7333 0 0
rwrist -0.651949 0 0
rhand -24.6167 -26.4743 0
rfingers 7.12502 0 0
rthumb 1.88164 -776.431 0
749
root 3.38752 18.5083 13.697 -91.4508 10.1449 223.293
lfemur -37.7486 5.98023 -6.51003
ltibia 59.6611 0 0
lfoot -10.873 9.40393 0
ltoes 26.4687 0 0
rfemur -23.2276 -15.8396 12.3963
rtibia 70.2876 0 0
rfoot -2.15952 -29.1186 0
rtoes 5.06057 0 0
lowerback 3.238 2.38805 -1.6563
upperback -1.21823 3.06955 -3.00254
thorax -2.9029 1.55834 -2.19162
lowerneck -5.9223 -6.7702 -1.65675
upperneck -1.79363 -8.91002 5.4458
head 0.779287 -4.38142 1.7434
lclavicle -6.54817e-15 -1.07153e-14 0
lhumerus -31.7432 -15.4911 60.7614
lradius 59.6968 0 0
lwrist 16.1948 0 0
lhand -20.6083 -5.03477 0
lfingers 7.12502 0 0
lthumb 5.75251 24.8645 0
rclavicle -6.54817e-15 -1.07153e-14 0
rhumerus -21.4459 26.7503 -74.6457
rradius 88.3568 0 0
rwrist -0.329044 0 0
rhand -24.5163 -26.1737 0
rfingers 7.12502 0 0
rthumb 1.97866 -776.13 0
750
root 3.31409 18.4041 13.9071 -90.3171 13.5482 226.201
lfemur -37.8704 6.65515 -7.04646
ltibia 59.3533 0 0
lfoot -11.4814 10.0178 0
ltoes 26.3232 0 0
rfemur -22.8793 -16.3442 12.8693
rtibia 69.5303 0 0
rfoot -2.95619 -29.4546 0
rtoes 3.81589 0 0
lowerback 3.13812 2.49408 -1.64994
upperback -1.21644 3.21503 -3.05176
thorax -2.83898 1.63094 -2.2506
lowerneck -5.89141 -6.78574 -1.63247
upperneck -1.8441 -8.92789 5.46387
head 0.758428 -4.38999 1.74636
lclavicle -6.90415e-15 -1.12293e-14 0
lhumerus -32.8313 -15.3157 62.3035
lradius 60.1994 0 0
lwrist 15.9638 0 0
lhand -20.5652 -5.09533 0
lfingers 7.12502 0 0
lthumb 5.79413 24.8028 0
rclavicle -6.90415e-15 -1.12293e-14 0
rhumerus -21.7891 27.7604 -76.2874
rradius 87.9819 0 0
rwrist -0.00753697 0 0
rhand -24.4164 -25.8745 0
rfingers 7.12502 0 0
rthumb 2.07508 -775.83 0
751
root 3.24105 18.3005 14.116 -89.1789 16.9326 229.092
lfemur -37.9915 7.32606 -7.57965
ltibia 59.0473 0 0
lfoot -12.0864 10.6282 0
ltoes 26.1782 0 0
rfemur -22.5328 -16.8458 13.3396
rtibia 68.7766 0 0
rfoot -3.74846 -29.7885 0
rtoes 2.57769 0 0
lowerback 3.03881 2.59952 -1.64358
upperback -1.21464 3.3597 -3.10071
thorax -2.7754 1.70314 -2.30925
lowerneck -5.86069 -6.80116 -1.6083
upperneck -1.89427 -8.94563 5.48181
head 0.737683 -4.39849 1.74929
lclavicle -7.24698e-15 -1.17417e-14 0
lhumerus -33.9133 -15.1413 63.8371
lradius 60.6993 0 0
lwrist 15.7343 0 0
lhand -20.5223 -5.15549 0
lfingers 7.12502 0 0
lthumb 5.83547 24.7416 0
rclavicle -7.24698e-15 -1.17417e-14 0
rhumerus -22.1306 28.7648 -77.9202
rradius 87.609 0 0
rwrist 0.312175 0 0
rhand -24.3174 -25.577 0
rfingers 7.12502 0 0
rthumb 2.17077 -775.532 0
752
root 3.1685 18.1976 14.3236 -88.0381 20.2937 231.964
lfemur -38.1115 7.9921 -8.10894
ltibia 58.7436 0 0
lfoot -12.6873 11.2345 0
ltoes 26.0338 0 0
rfemur -22.1887 -17.3437 13.8068
rtibia 68.0274 0 0
rfoot -4.53534 -30.1197 0
rtoes 1.34752 0 0
lowerback 2.94019 2.70424 -1.63723
upperback -1.21283 3.50338 -3.14932
thorax -2.71223 1.77484 -2.36751
lowerneck -5.83017 -6.81643 -1.58426
upperneck -1.94408 -8.9632 5.4996
head 0.717078 -4.40691 1.75219
lclavicle -7.57533e-15 -1.22514e-14 0
lhumerus -34.9878 -14.9681 65.3603
lradius 61.196 0 0
lwrist 15.5064 0 0
lhand -20.4799 -5.21517 0
lfingers 7.12502 0 0
lthumb 5.87647 24.6808 0
rclavicle -7.57533e-15 -1.22514e-14 0
rhumerus -22.47 29.7623 -79.542
rradius 87.2387 0 0
rwrist 0.629696 0 0
rhand -24.2191 -25.2817 0
rfingers 7.12502 0 0
rthumb 2.26564 -775.236 0
753
root 3.09652 18.0956 14.5295 -86.8962 23.6275 234.812
lfemur -38.2304 8.65242 -8.63368
ltibia 58.4424 0 0
lfoot -13.2831 11.8358 0
ltoes 25.8901 0 0
rfemur -21.8472 -17.8373 14.2702
rtibia 67.2837 0 0
rfoot -5.31584 -30.4481 0
rtoes 0.126901 0 0
lowerback 2.84237 2.80811 -1.63091
upperback -1.21102 3.64588 -3.19752
thorax -2.64956 1.84595 -2.4253
lowerneck -5.79989 -6.83154 -1.56038
upperneck -1.99347 -8.98058 5.5172
head 0.696639 -4.41523 1.75504
lclavicle -7.88785e-15 -1.27571e-14 0
lhumerus -36.0536 -14.7963 66.8713
lradius 61.6886 0 0
lwrist 15.2804 0 0
lhand -20.4378 -5.27428 0
lfingers 7.12502 0 0
lthumb 5.91708 24.6206 0
rclavicle -7.88785e-15 -1.27571e-14 0
rhumerus -22.8068 30.7516 -81.1508
rradius 86.8714 0 0
rwrist 0.944629 0 0
rhand -24.1219 -24.9888 0
rfingers 7.12502 0 0
rthumb 2.35955 -774.942 0
754
root 3.02521 17.9945 14.7334 -85.7551 26.9298 237.636
lfemur -38.348 9.30614 -9.15318
ltibia 58.1441 0 0
lfoot -13.8733 12.4313 0
ltoes 25.7474 0 0
rfemur -21.5089 -18.326 14.7292
rtibia 66.5465 0 0
rfoot -6.08898 -30.773 0
rtoes -1.08264 0 0
lowerback 2.74549 2.911 -1.62461
upperback -1.20921 3.78704 -3.24526
thorax -2.58746 1.9164 -2.48256
lowerneck -5.7699 -6.84648 -1.53669
upperneck -2.04239 -8.99775 5.5346
head 0.67639 -4.42346 1.75785
lclavicle -8.18321e-15 -1.32577e-14 0
lhumerus -37.1094 -14.6262 68.368
lradius 62.1768 0 0
lwrist 15.0568 0 0
lhand -20.3962 -5.33275 0
lfingers 7.12502 0 0
lthumb 5.95724 24.5611 0
rclavicle -8.18321e-15 -1.32577e-14 0
rhumerus -23.1406 31.7316 -82.7447
rradius 86.5076 0 0
rwrist 1.25658 0 0
rhand -24.0258 -24.6988 0
rfingers 7.12502 0 0
rthumb 2.45239 -774.651 0
755
root 2.95464 17.8945 14.9352 -84.6165 30.1963 240.432
lfemur -38.4641 9.95243 -9.66681
ltibia 57.849 0 0
lfoot -14.457 13.0204 0
ltoes 25.6057 0 0
rfemur -21.1742 -18.8092 15.1832
rtibia 65.8168 0 0
rfoot -6.85378 -31.0941 0
rtoes -2.27956 0 0
lowerback 2.64966 3.01277 -1.61834
upperback -1.20739 3.92668 -3.29247
thorax -2.52601 1.98608 -2.5392
lowerneck -5.74023 -6.86122 -1.51322
upperneck -2.09077 -9.01469 5.55176
head 0.656356 -4.43158 1.76062
lclavicle -8.46007e-15 -1.3752e-14 0
lhumerus -38.1537 -14.4578 69.8488
lradius 62.6597 0 0
lwrist 14.8356 0 0
lhand -20.3552 -5.39051 0
lfingers 7.12502 0 0
lthumb 5.99689 24.5023 0
rclavicle -8.46007e-15 -1.3752e-14 0
rhumerus -23.4709 32.701 -84.3217
rradius 86.1476 0 0
rwrist 1.56515 0 0
rhand -23.9308 -24.4119 0
rfingers 7.12502 0 0
rthumb 2.54406 -774.364 0
756
root 2.88492 17.7957 15.1346 -83.4821 33.423 243.198
lfemur -38.5786 10.5904 -10.1739
ltibia 57.5574 0 0
lfoot -15.0334 13.6021 0
ltoes 25.4652 0 0
rfemur -20.8435 -19.2862 15.6316
rtibia 65.0955 0 0
rfoot -7.60926 -31.411 0
rtoes -3.46234 0 0
lowerback 2.55501 3.11331 -1.61211
upperback -1.20557 4.06462 -3.3391
thorax -2.46529 2.05492 -2.59517
lowerneck -5.71092 -6.87573 -1.48999
upperneck -2.13855 -9.03138 5.56868
head 0.636564 -4.43958 1.76333
lclavicle -8.71708e-15 -1.42389e-14 0
lhumerus -39.1854 -14.2916 71.3117
lradius 63.1369 0 0
lwrist 14.6173 0 0
lhand -20.3147 -5.44748 0
lfingers 7.12502 0 0
lthumb 6.03597 24.4443 0
rclavicle -8.71708e-15 -1.42389e-14 0
rhumerus -23.7974 33.6586 -85.8797
rradius 85.792 0 0
rwrist 1.86994 0 0
rhand -23.8373 -24.1286 0
rfingers 7.12502 0 0
rthumb 2.63443 -774.08 0
757
root 2.81613 17.6983 15.3312 -82.3537 36.6057 245.93
lfemur -38.6912 11.2193 -10.6737
ltibia 57.2697 0 0
lfoot -15.6019 14.1759 0
ltoes 25.3261 0 0
rfemur -20.5173 -19.7565 16.074
rtibia 64.3836 0 0
rfoot -8.35442 -31.7234 0
rtoes -4.62944 0 0
lowerback 2.46164 3.21249 -1.60592
upperback -1.20375 4.20069 -3.38508
thorax -2.40537 2.12282 -2.65039
lowerneck -5.68201 -6.89002 -1.46703
upperneck -2.18567 -9.04779 5.58532
head 0.617038 -4.44744 1.76598
lclavicle -8.9529e-15 -1.47171e-14 0
lhumerus -40.2032 -14.1275 72.7548
lradius 63.6076 0 0
lwrist 14.4021 0 0
lhand -20.2748 -5.50357 0
lfingers 7.12502 0 0
lthumb 6.07443 24.3872 0
rclavicle -8.9529e-15 -1.47171e-14 0
rhumerus -24.1197 34.6031 -87.4168
rradius 85.4412 0 0
rwrist 2.17055 0 0
rhand -23.7452 -23.8492 0
rfingers 7.12502 0 0
rthumb 2.72339 -773.8 0
758
root 2.74835 17.6023 15.525 -81.233 39.7401 248.627
lfemur -38.8018 11.8381 -11.1657
ltibia 56.9862 0 0
lfoot -16.1615 14.7409 0
ltoes 25.1884 0 0
rfemur -20.1959 -20.2193 16.5096
rtibia 63.6821 0 0
rfoot -9.08829 -32.0306 0
rtoes -5.77934 0 0
lowerback 2.3697 3.31017 -1.59978
upperback -1.20194 4.33471 -3.43035
thorax -2.34633 2.1897 -2.70478
lowerneck -5.65353 -6.90405 -1.44438
upperneck -2.23206 -9.06391 5.60165
head 0.597804 -4.45517 1.76857
lclavicle -9.1662e-15 -1.51856e-14 0
lhumerus -41.2056 -13.966 74.1762
lradius 64.0713 0 0
lwrist 14.1903 0 0
lhand -20.2357 -5.55872 0
lfingers 7.12502 0 0
lthumb 6.1122 24.331 0
rclavicle -9.1662e-15 -1.51856e-14 0
rhumerus -24.4373 35.5333 -88.9309
rradius 85.0957 0 0
rwrist 2.4666 0 0
rhand -23.6546 -23.5741 0
rfingers 7.12502 0 0
rthumb 2.81082 -773.524 0
759
root 2.68168 17.508 15.7155 -80.1218 42.8221 251.286
lfemur -38.9103 12.446 -11.6492
ltibia 56.7072 0 0
lfoot -16.7117 15.2963 0
ltoes 25.0524 0 0
rfemur -19.8798 -20.6741 16.9378
rtibia 62.9919 0 0
rfoot -9.80989 -32.3325 0
rtoes -6.9105 0 0
lowerback 2.27929 3.40622 -1.59369
upperback -1.20013 4.4665 -3.47485
thorax -2.28824 2.25546 -2.75828
lowerneck -5.62553 -6.9178 -1.42206
upperneck -2.27768 -9.0797 5.61766
head 0.578886 -4.46274 1.77109
lclavicle -9.35563e-15 -1.56431e-14 0
lhumerus -42.1914 -13.8071 75.5741
lradius 64.5273 0 0
lwrist 13.9821 0 0
lhand -20.1974 -5.61285 0
lfingers 7.12502 0 0
lthumb 6.14923 24.2759 0
rclavicle -9.35563e-15 -1.56431e-14 0
rhumerus -24.7497 36.4481 -90.4202
rradius 84.7559 0 0
rwrist 2.75768 0 0
rhand -23.5658 -23.3035 0
rfingers 7.12502 0 0
rthumb 2.89661 -773.253 0
760
root 2.61621 17.4153 15.9026 -79.0217 45.8476 253.904
lfemur -39.0165 13.0423 -12.1234
ltibia 56.4331 0 0
lfoot -17.2516 15.8414 0
ltoes 24.9182 0 0
rfemur -19.5695 -21.1202 17.3582
rtibia 62.3141 0 0
rfoot -10.5182 -32.6285 0
rtoes -8.02139 0 0
lowerback 2.19055 3.50053 -1.58766
upperback -1.19833 4.59589 -3.51853
thorax -2.2312 2.32003 -2.81081
lowerneck -5.59805 -6.93126 -1.40011
upperneck -2.32244 -9.09516 5.63332
head 0.560312 -4.47014 1.77355
lclavicle -9.51986e-15 -1.60885e-14 0
lhumerus -43.1593 -13.6512 76.9466
lradius 64.975 0 0
lwrist 13.7779 0 0
lhand -20.1599 -5.66587 0
lfingers 7.12502 0 0
lthumb 6.18545 24.222 0
rclavicle -9.51986e-15 -1.60885e-14 0
rhumerus -25.0567 37.346 -91.8825
rradius 84.4224 0 0
rwrist 3.04339 0 0
rhand -23.4788 -23.038 0
rfingers 7.12502 0 0
rthumb 2.98065 -772.987 0
761
root 2.55202 17.3246 16.0861 -77.9346 48.8123 256.478
lfemur -39.1201 13.6259 -12.5878
ltibia 56.1641 0 0
lfoot -17.7805 16.3754 0
ltoes 24.7859 0 0
rfemur -19.2653 -21.5571 17.77
rtibia 61.6495 0 0
rfoot -11.2123 -32.9182 0
rtoes -9.11049 0 0
lowerback 2.10358 3.59296 -1.58169
upperback -1.19654 4.7227 -3.56131
thorax -2.17526 2.3833 -2.8623
lowerneck -5.57111 -6.94441 -1.37854
upperneck -2.3663 -9.11025 5.64861
head 0.542104 -4.47738 1.77593
lclavicle -9.65753e-15 -1.65207e-14 0
lhumerus -44.1079 -13.4983 78.2919
lradius 65.4138 0 0
lwrist 13.5779 0 0
lhand -20.1232 -5.71771 0
lfingers 7.12502 0 0
lthumb 6.22082 24.1692 0
rclavicle -9.65753e-15 -1.65207e-14 0
rhumerus -25.3577 38.226 -93.3159
rradius 84.0954 0 0
rwrist 3.32334 0 0
rhand -23.3937 -22.7778 0
rfingers 7.12502 0 0
rthumb 3.06282 -772.726 0
762
root 2.4892 17.2358 16.2655 -76.8622 51.7122 259.006
lfemur -39.2211 14.1961 -13.0416
ltibia 55.9007 0 0
lfoot -18.2976 16.8975 0
ltoes 24.6557 0 0
rfemur -18.9678 -21.984 18.1728
rtibia 60.9992 0 0
rfoot -11.8912 -33.2012 0
rtoes -10.1763 0 0
lowerback 2.01852 3.68337 -1.5758
upperback -1.19476 4.84676 -3.60314
thorax -2.12052 2.44521 -2.91269
lowerneck -5.54476 -6.95722 -1.3574
upperneck -2.4092 -9.12496 5.6635
head 0.52429 -4.48443 1.77823
lclavicle -9.76732e-15 -1.69383e-14 0
lhumerus -45.036 -13.3488 79.6079
lradius 65.8431 0 0
lwrist 13.3824 0 0
lhand -20.0876 -5.7683 0
lfingers 7.12502 0 0
lthumb 6.25527 24.1177 0
rclavicle -9.76732e-15 -1.69383e-14 0
rhumerus -25.6524 39.0868 -94.7185
rradius 83.7756 0 0
rwrist 3.59714 0 0
rhand -23.3107 -22.5232 0
rfingers 7.12502 0 0
rthumb 3.143 -772.471 0
763
root 2.42785 17.1491 16.4408 -75.8061 54.5429 261.486
lfemur -39.3193 14.7521 -13.4843
ltibia 55.6431 0 0
lfoot -18.8021 17.4071 0
ltoes 24.5277 0 0
rfemur -18.6773 -22.4004 18.5659
rtibia 60.3641 0 0
rfoot -12.5538 -33.4772 0
rtoes -11.2172 0 0
lowerback 1.93548 3.77165 -1.56998
upperback -1.19299 4.96788 -3.64396
thorax -2.06704 2.50564 -2.9619
lowerneck -5.51905 -6.96969 -1.3367
upperneck -2.45106 -9.13927 5.67797
head 0.506894 -4.49129 1.78044
lclavicle -9.84789e-15 -1.73403e-14 0
lhumerus -45.9422 -13.2028 80.8929
lradius 66.2623 0 0
lwrist 13.1917 0 0
lhand -20.0529 -5.81755 0
lfingers 7.12502 0 0
lthumb 6.28874 24.0676 0
rclavicle -9.84789e-15 -1.73403e-14 0
rhumerus -25.9402 39.9271 -96.0882
rradius 83.4634 0 0
rwrist 3.86438 0 0
rhand -23.2298 -22.2748 0
rfingers 7.12502 0 0
rthumb 3.22108 -772.222 0
764
root 2.36805 17.0646 16.6116 -74.7682 57.3005 263.914
lfemur -39.4144 15.2928 -13.9151
ltibia 55.3917 0 0
lfoot -19.2933 17.9032 0
ltoes 24.4022 0 0
rfemur -18.3943 -22.8055 18.9488
rtibia 59.7453 0 0
rfoot -13.1993 -33.7457 0
rtoes -12.2317 0 0
lowerback 1.85459 3.85767 -1.56424
upperback -1.19123 5.0859 -3.68371
thorax -2.0149 2.56453 -3.00985
lowerneck -5.494 -6.98179 -1.31648
upperneck -2.49184 -9.15314 5.69199
head 0.489941 -4.49794 1.78257
lclavicle -9.89788e-15 -1.77256e-14 0
lhumerus -46.8252 -13.0605 82.1451
lradius 66.6707 0 0
lwrist 13.0061 0 0
lhand -20.0193 -5.86539 0
lfingers 7.12502 0 0
lthumb 6.32118 24.0189 0
rclavicle -9.89788e-15 -1.77256e-14 0
rhumerus -26.2209 40.7458 -97.4229
rradius 83.1591 0 0
rwrist 4.12468 0 0
rhand -23.1513 -22.0327 0
rfingers 7.12502 0 0
rthumb 3.29695 -771.979 0
765
root 2.30988 16.9826 16.7777 -73.7502 59.9806 266.288
lfemur -39.5064 15.8176 -14.3334
ltibia 55.1468 0 0
lfoot -19.7705 18.3852 0
ltoes 24.2791 0 0
rfemur -18.1192 -23.1989 19.3208
rtibia 59.1436 0 0
rfoot -13.8265 -34.0063 0
rtoes -13.2183 0 0
lowerback 1.77596 3.94129 -1.55859
upperback -1.18949 5.20063 -3.72232
thorax -1.96419 2.62178 -3.05648
lowerneck -5.46965 -6.9935 -1.29677
upperneck -2.53146 -9.16657 5.70554
head 0.473458 -4.50437 1.7846
lclavicle -9.91597e-15 -1.80929e-14 0
lhumerus -47.6838 -12.9222 83.3624
lradius 67.0677 0 0
lwrist 12.8259 0 0
lhand -19.9868 -5.91174 0
lfingers 7.12502 0 0
lthumb 6.35252 23.9717 0
rclavicle -9.91597e-15 -1.80929e-14 0
rhumerus -26.4939 41.5416 -98.7209
rradius 82.8634 0 0
rwrist 4.37762 0 0
rhand -23.0751 -21.7974 0
rfingers 7.12502 0 0
rthumb 3.37049 -771.743 0
766
root 2.25345 16.903 16.9388 -72.7538 62.5791 268.605
lfemur -39.5951 16.3255 -14.7385
ltibia 54.9088 0 0
lfoot -20.2328 18.8523 0
ltoes 24.1587 0 0
rfemur -17.8524 -23.5799 19.6813
rtibia 58.56 0 0
rfoot -14.4346 -34.2586 0
rtoes -14.1754 0 0
lowerback 1.69972 4.02239 -1.55303
upperback -1.18777 5.31191 -3.75974
thorax -1.91497 2.6773 -3.10172
lowerneck -5.44605 -7.0048 -1.27759
upperneck -2.56988 -9.17953 5.7186
head 0.457468 -4.51059 1.78654
lclavicle -9.9008e-15 -1.8441e-14 0
lhumerus -48.5165 -12.7881 84.543
lradius 67.4527 0 0
lwrist 12.6512 0 0
lhand -19.9556 -5.95653 0
lfingers 7.12502 0 0
lthumb 6.38272 23.9261 0
rclavicle -9.9008e-15 -1.8441e-14 0
rhumerus -26.7589 42.3132 -99.9799
rradius 82.5766 0 0
rwrist 4.62282 0 0
rhand -23.0015 -21.5691 0
rfingers 7.12502 0 0
rthumb 3.44158 -771.514 0
767
root 2.19884 16.826 17.0947 -71.7808 65.0918 270.863
lfemur -39.6803 16.8157 -15.1298
ltibia 54.6779 0 0
lfoot -20.6795 19.3037 0
ltoes 24.0411 0 0
rfemur -17.5944 -23.9478 20.0299
rtibia 57.9956 0 0
rfoot -15.0226 -34.5021 0
rtoes -15.1016 0 0
lowerback 1.62599 4.10084 -1.54757
upperback -1.18606 5.41954 -3.7959
thorax -1.86733 2.731 -3.14549
lowerneck -5.42324 -7.01567 -1.25897
upperneck -2.60702 -9.19199 5.73114
head 0.441998 -4.51656 1.78838
lclavicle -9.85105e-15 -1.87688e-14 0
lhumerus -49.3222 -12.6583 85.6851
lradius 67.825 0 0
lwrist 12.4826 0 0
lhand -19.9255 -5.99967 0
lfingers 7.12502 0 0
lthumb 6.4117 23.8822 0
rclavicle -9.85105e-15 -1.87688e-14 0
rhumerus -27.0154 43.0595 -101.198
rradius 82.2992 0 0
rwrist 4.85989 0 0
rhand -22.9306 -21.3484 0
rfingers 7.12502 0 0
rthumb 3.51011 -771.293 0
768
root 2.14613 16.7518 17.2451 -70.8329 67.5146 273.059
lfemur -39.7618 17.2872 -15.5066
ltibia 54.4545 0 0
lfoot -21.1098 19.7387 0
ltoes 23.9265 0 0
rfemur -17.3457 -24.302 20.3658
rtibia 57.4512 0 0
rfoot -15.5894 -34.7365 0
rtoes -15.9953 0 0
lowerback 1.5549 4.17651 -1.54222
upperback -1.18438 5.52337 -3.83075
thorax -1.82134 2.7828 -3.18772
lowerneck -5.40124 -7.0261 -1.24095
upperneck -2.64282 -9.20394 5.74313
head 0.427073 -4.52229 1.79011
lclavicle -9.76537e-15 -1.90752e-14 0
lhumerus -50.0994 -12.5331 86.7868
lradius 68.1841 0 0
lwrist 12.3201 0 0
lhand -19.8968 -6.0411 0
lfingers 7.12502 0 0
lthumb 6.43942 23.8401 0
rclavicle -9.76537e-15 -1.90752e-14 0
rhumerus -27.2631 43.7793 -102.374
rradius 82.0316 0 0
rwrist 5.08841 0 0
rhand -22.8624 -21.1355 0
rfingers 7.12502 0 0
rthumb 3.57596 -771.08 0
769
root 2.09542 16.6805 17.3899 -69.9118 69.8433 275.19
lfemur -39.8394 17.7394 -15.8682
ltibia 54.239 0 0
lfoot -21.5231 20.1564 0
ltoes 23.815 0 0
rfemur -17.1065 -24.6419 20.6885
rtibia 56.9279 0 0
rfoot -16.1341 -34.9614 0
rtoes -16.8549 0 0
lowerback 1.48655 4.24927 -1.53697
upperback -1.18271 5.62321 -3.86422
thorax -1.77708 2.83261 -3.22835
lowerneck -5.3801 -7.03607 -1.22355
upperneck -2.67723 -9.21535 5.75457
head 0.412718 -4.52776 1.79173
lclavicle -9.64242e-15 -1.93589e-14 0
lhumerus -50.8469 -12.4128 87.8462
lradius 68.5294 0 0
lwrist 12.1641 0 0
lhand -19.8695 -6.08072 0
lfingers 7.12502 0 0
lthumb 6.46581 23.7998 0
rclavicle -9.64242e-15 -1.93589e-14 0
rhumerus -27.5014 44.4712 -103.504
rradius 81.7744 0 0
rwrist 5.308 0 0
rhand -22.7971 -20.9308 0
rfingers 7.12502 0 0
rthumb 3.63903 -770.875 0
770
root 2.04679 16.6122 17.5286 -69.0192 72.0737 277.255
lfemur -39.9131 18.1713 -16.214
ltibia 54.0317 0 0
lfoot -21.9184 20.5562 0
ltoes 23.7068 0 0
rfemur -16.8775 -24.9669 20.9975
rtibia 56.4267 0 0
rfoot -16.6557 -35.1763 0
rtoes -17.6789 0 0
lowerback 1.42108 4.319 -1.53184
upperback -1.18108 5.71888 -3.89625
thorax -1.73463 2.88034 -3.26729
lowerneck -5.35987 -7.04555 -1.20681
upperneck -2.71019 -9.2262 5.76541
head 0.398958 -4.53297 1.79323
lclavicle -9.48086e-15 -1.96189e-14 0
lhumerus -51.5633 -12.2974 88.8614
lradius 68.8601 0 0
lwrist 12.0148 0 0
lhand -19.8436 -6.11847 0
lfingers 7.12502 0 0
lthumb 6.49082 23.7614 0
rclavicle -9.48086e-15 -1.96189e-14 0
rhumerus -27.73 45.134 -104.588
rradius 81.528 0 0
rwrist 5.51827 0 0
rhand -22.7348 -20.7346 0
rfingers 7.12502 0 0
rthumb 3.69919 -770.678 0
771
root 2.00034 16.547 17.6611 -68.1571 74.2017 279.249
lfemur -39.9826 18.582 -16.5432
ltibia 53.8328 0 0
lfoot -22.2952 20.9372 0
ltoes 23.6019 0 0
rfemur -16.6589 -25.2763 21.292
rtibia 55.9484 0 0
rfoot -17.1533 -35.3809 0
rtoes -18.4659 0 0
lowerback 1.35861 4.38556 -1.52683
upperback -1.17946 5.81021 -3.92678
thorax -1.69406 2.9259 -3.30449
lowerneck -5.34056 -7.05453 -1.19074
upperneck -2.74162 -9.23647 5.77563
head 0.385819 -4.5379 1.79462
lclavicle -9.27935e-15 -1.98538e-14 0
lhumerus -52.2473 -12.1872 89.8306
lradius 69.1757 0 0
lwrist 11.8726 0 0
lhand -19.8192 -6.15427 0
lfingers 7.12502 0 0
lthumb 6.51438 23.725 0
rclavicle -9.27935e-15 -1.98538e-14 0
rhumerus -27.9485 45.7666 -105.623
rradius 81.2928 0 0
rwrist 5.7188 0 0
rhand -22.6756 -20.5474 0
rfingers 7.12502 0 0
rthumb 3.75633 -770.49 0
772
root 1.95615 16.4851 17.7871 -67.3269 76.223 281.171
lfemur -40.0477 18.9707 -16.8554
ltibia 53.6428 0 0
lfoot -22.6525 21.2987 0
ltoes 23.5006 0 0
rfemur -16.4513 -25.5695 21.5716
rtibia 55.4941 0 0
rfoot -17.6257 -35.5747 0
rtoes -19.2142 0 0
lowerback 1.29925 4.44883 -1.52194
upperback -1.17788 5.89702 -3.95575
thorax -1.65546 2.9692 -3.33986
lowerneck -5.32224 -7.06298 -1.17538
upperneck -2.77148 -9.24614 5.78522
head 0.373326 -4.54254 1.79588
lclavicle -9.03654e-15 -2.00626e-14 0
lhumerus -52.8977 -12.0825 90.7518
lradius 69.4756 0 0
lwrist 11.7378 0 0
lhand -19.7963 -6.18804 0
lfingers 7.12502 0 0
lthumb 6.53645 23.6906 0
rclavicle -9.03654e-15 -2.00626e-14 0
rhumerus -28.1563 46.3677 -106.607
rradius 81.0692 0 0
rwrist 5.90922 0 0
rhand -22.6197 -20.3694 0
rfingers 7.12502 0 0
rthumb 3.81033 -770.312 0
773
root 1.91431 16.4266 17.9063 -66.5306 78.1335 283.018
lfemur -40.1084 19.3365 -17.1497
ltibia 53.462 0 0
lfoot -22.9897 21.64 0
ltoes 23.403 0 0
rfemur -16.255 -25.8459 21.8357
rtibia 55.0648 0 0
rfoot -18.0721 -35.7573 0
rtoes -19.9223 0 0
lowerback 1.24313 4.50868 -1.51719
upperback -1.17632 5.97914 -3.9831
thorax -1.61889 3.01016 -3.37333
lowerneck -5.30493 -7.0709 -1.16076
upperneck -2.7997 -9.25518 5.79415
head 0.361504 -4.54688 1.79702
lclavicle -8.75111e-15 -2.02441e-14 0
lhumerus -53.5131 -11.9835 91.6232
lradius 69.7592 0 0
lwrist 11.6106 0 0
lhand -19.7751 -6.21971 0
lfingers 7.12502 0 0
lthumb 6.55695 23.6584 0
rclavicle -8.75111e-15 -2.02441e-14 0
rhumerus -28.3532 46.9361 -107.538
rradius 80.8579 0 0
rwrist 6.08911 0 0
rhand -22.5672 -20.201 0
rfingers 7.12502 0 0
rthumb 3.86108 -770.143 0
774
root 1.87491 16.3715 18.0186 -65.7698 79.9291 284.787
lfemur -40.1643 19.6786 -17.4255
ltibia 53.2906 0 0
lfoot -23.306 21.9602 0
ltoes 23.3093 0 0
rfemur -16.0706 -26.1049 22.0835
rtibia 54.6614 0 0
rfoot -18.4915 -35.9283 0
rtoes -20.5888 0 0
lowerback 1.19037 4.56497 -1.51257
upperback -1.1748 6.05639 -4.00876
thorax -1.58444 3.04869 -3.40484
lowerneck -5.28867 -7.07826 -1.1469
upperneck -2.82622 -9.26358 5.80238
head 0.350379 -4.55091 1.79802
lclavicle -8.4217e-15 -2.03971e-14 0
lhumerus -54.0922 -11.8903 92.443
lradius 70.0258 0 0
lwrist 11.4912 0 0
lhand -19.7555 -6.24919 0
lfingers 7.12502 0 0
lthumb 6.57584 23.6285 0
rclavicle -8.4217e-15 -2.03971e-14 0
rhumerus -28.5387 47.4705 -108.414
rradius 80.6591 0 0
rwrist 6.25809 0 0
rhand -22.5181 -20.0426 0
rfingers 7.12502 0 0
rthumb 3.90847 -769.985 0
775
root 1.83804 16.3202 18.1236 -65.0462 81.6055 286.476
lfemur -40.2155 19.9962 -17.6822
ltibia 53.1291 0 0
lfoot -23.6006 22.2586 0
ltoes 23.2195 0 0
rfemur -15.8984 -26.3458 22.3147
rtibia 54.2848 0 0
rfoot -18.8829 -36.0873 0
rtoes -21.212 0 0
lowerback 1.14109 4.61759 -1.5081
upperback -1.17331 6.12859 -4.03269
thorax -1.55218 3.0847 -3.43431
lowerneck -5.27349 -7.08504 -1.13385
upperneck -2.85097 -9.27131 5.80991
head 0.339976 -4.55463 1.79889
lclavicle -8.04698e-15 -2.05205e-14 0
lhumerus -54.6337 -11.8031 93.2091
lradius 70.2747 0 0
lwrist 11.3801 0 0
lhand -19.7377 -6.27641 0
lfingers 7.12502 0 0
lthumb 6.59305 23.6008 0
rclavicle -8.04698e-15 -2.05205e-14 0
rhumerus -28.7124 47.9697 -109.234
rradius 80.4734 0 0
rwrist 6.41575 0 0
rhand -22.4726 -19.8945 0
rfingers 7.12502 0 0
rthumb 3.95238 -769.836 0
776
root 1.80379 16.2726 18.2211 -64.3617 83.1587 288.082
lfemur -40.2616 20.2883 -17.9191
ltibia 52.9778 0 0
lfoot -23.8728 22.5345 0
ltoes 23.1339 0 0
rfemur -15.7388 -26.5679 22.5286
rtibia 53.9361 0 0
rfoot -19.2452 -36.2339 0
rtoes -21.7904 0 0
lowerback 1.09541 4.6664 -1.50377
upperback -1.17185 6.19557 -4.05481
thorax -1.52219 3.1181 -3.46167
lowerneck -5.25945 -7.09122 -1.12161
upperneck -2.8739 -9.27835 5.81671
head 0.33032 -4.55801 1.79961
lclavicle -7.62561e-15 -2.0613e-14 0
lhumerus -55.1362 -11.7223 93.9199
lradius 70.5055 0 0
lwrist 11.2774 0 0
lhand -19.7217 -6.30129 0
lfingers 7.12502 0 0
lthumb 6.60853 23.5755 0
rclavicle -7.62561e-15 -2.0613e-14 0
rhumerus -28.8738 48.4325 -109.995
rradius 80.3012 0 0
rwrist 6.56171 0 0
rhand -22.4309 -19.7571 0
rfingers 7.12502 0 0
rthumb 3.99269 -769.699 0
777
root 1.77224 16.2289 18.3109 -63.7179 84.5843 289.602
lfemur -40.3025 20.5541 -18.1355
ltibia 52.8369 0 0
lfoot -24.1218 22.787 0
ltoes 23.0526 0 0
rfemur -15.5924 -26.7708 22.7245
rtibia 53.6163 0 0
rfoot -19.5776 -36.3677 0
rtoes -22.3226 0 0
lowerback 1.05346 4.71128 -1.4996
upperback -1.17043 6.25715 -4.07506
thorax -1.49455 3.14881 -3.48685
lowerneck -5.24658 -7.09678 -1.11023
upperneck -2.89495 -9.28468 5.82274
head 0.321437 -4.56106 1.80019
lclavicle -7.15625e-15 -2.06736e-14 0
lhumerus -55.5985 -11.6479 94.5733
lradius 70.7174 0 0
lwrist 11.1834 0 0
lhand -19.7075 -6.32375 0
lfingers 7.12502 0 0
lthumb 6.62222 23.5527 0
rclavicle -7.15625e-15 -2.06736e-14 0
rhumerus -29.0225 48.8576 -110.695
rradius 80.143 0 0
rwrist 6.69556 0 0
rhand -22.393 -19.6308 0
rfingers 7.12502 0 0
rthumb 4.02929 -769.572 0
778
root 1.71585 16.2711 18.3956 -36.3348 82.889 317.137
lfemur -39.0971 18.2878 -16.7971
ltibia 51.9652 0 0
lfoot -23.1964 22.0159 0
ltoes 20.7425 0 0
rfemur -15.612 -25.4638 22.3004
rtibia 53.0533 0 0
rfoot -19.0919 -35.2174 0
rtoes -23.2523 0 0
lowerback 1.10087 4.70124 -1.32553
upperback -1.08526 6.24451 -4.00739
thorax -1.42302 3.1396 -3.51178
lowerneck -5.26281 -6.95872 -0.966349
upperneck -2.84774 -9.11495 5.62801
head 0.315317 -4.4806 1.71808
lclavicle 6.59965e-14 -6.36111e-15 0
lhumerus -55.6669 -11.6592 94.6505
lradius 70.7174 0 0
lwrist 11.698 0 0
lhand -20.1618 -5.93439 0
lfingers 7.12502 0 0
lthumb 6.18364 23.9554 0
rclavicle 6.59965e-14 -6.36111e-15 0
rhumerus -29.5307 48.5159 -111.311
rradius 80.1895 0 0
rwrist 6.45486 0 0
rhand -23.0271 -19.7718 0
rfingers 7.12502 0 0
rthumb 3.41696 -769.724 0
779
root 1.66626 16.3123 18.4789 -21.9229 80.2698 331.719
lfemur -37.9058 15.8757 -15.4832
ltibia 51.1595 0 0
lfoot -22.477 21.3204 0
ltoes 18.3967 0 0
rfemur -15.6082 -24.1296 21.8871
rtibia 52.5392 0 0
rfoot -18.5337 -33.9099 0
rtoes -24.236 0 0
lowerback 1.13365 4.69223 -1.1266
upperback -0.994302 6.23443 -3.91955
thorax -1.3369 3.13171 -3.52803
lowerneck -5.29006 -6.80886 -0.822974
upperneck -2.71007 -8.93503 5.39379
head 0.337516 -4.39427 1.62184
lclavicle -1.86858e-14 -7.95139e-15 0
lhumerus -55.7223 -11.6548 94.7328
lradius 70.6849 0 0
lwrist 12.2941 0 0
lhand -20.6961 -5.51535 0
lfingers 7.12502 0 0
lthumb 5.66773 24.3889 0
rclavicle -1.86858e-14 -7.95139e-15 0
rhumerus -30.0806 48.2789 -111.918
rradius 80.1801 0 0
rwrist 6.19884 0 0
rhand -23.5322 -19.9325 0
rfingers 7.12502 0 0
rthumb 2.92913 -769.892 0
780
root 1.62402 16.3521 18.5615 -14.2346 77.324 339.586
lfemur -36.7625 13.3527 -14.2178
ltibia 50.441 0 0
lfoot -21.9566 20.6377 0
ltoes 16.1624 0 0
rfemur -15.571 -22.8181 21.5018
rtibia 52.0365 0 0
rfoot -18.0088 -32.4903 0
rtoes -25.1921 0 0
lowerback 1.14547 4.68246 -0.903591
upperback -0.901559 6.22454 -3.81377
thorax -1.23671 3.12405 -3.53712
lowerneck -5.33146 -6.65004 -0.68087
upperneck -2.49148 -8.74723 5.13444
head 0.386508 -4.30309 1.51639
lclavicle 5.96354e-15 0 0
lhumerus -55.7812 -11.6402 94.8187
lradius 70.6337 0 0
lwrist 12.9222 0 0
lhand -21.2821 -5.08204 0
lfingers 7.12502 0 0
lthumb 5.10201 24.8365 0
rclavicle 5.96354e-15 0 0
rhumerus -30.6645 48.1272 -112.506
rradius 80.1161 0 0
rwrist 5.92387 0 0
rhand -23.9069 -20.1015 0
rfingers 7.12502 0 0
rthumb 2.56726 -770.066 0
781
root 1.63852 16.3536 18.6287 -14.1927 76.9396 339.751
lfemur -36.6098 13.2972 -14.2399
ltibia 50.3432 0 0
lfoot -21.8524 20.3393 0
ltoes 16.1975 0 0
rfemur -15.8424 -22.6865 21.4152
rtibia 52.0051 0 0
rfoot -17.871 -32.2718 0
rtoes -25.1295 0 0
lowerback 1.21964 4.64412 -0.92396
upperback -0.86892 6.17012 -3.79669
thorax -1.24515 3.09683 -3.50498
lowerneck -5.34031 -6.62811 -0.661026
upperneck -2.42784 -8.72239 5.12237
head 0.407246 -4.28959 1.50919
lclavicle 6.02728e-15 1.41437e-16 0
lhumerus -55.6553 -11.7086 94.7316
lradius 70.5469 0 0
lwrist 12.9871 0 0
lhand -21.1021 -5.023 0
lfingers 7.12502 0 0
lthumb 5.27488 24.8768 0
rclavicle 6.02728e-15 1.41437e-16 0
rhumerus -30.7892 47.8174 -112.131
rradius 79.9424 0 0
rwrist 5.89367 0 0
rhand -23.8031 -20.1628 0
rfingers 7.12502 0 0
rthumb 2.66734 -770.122 0
782
root 1.65402 16.3553 18.7002 -14.1532 76.5314 339.921
lfemur -36.4478 13.2388 -14.2639
ltibia 50.239 0 0
lfoot -21.7405 20.0193 0
ltoes 16.239 0 0
rfemur -16.1293 -22.5449 21.3187
rtibia 51.9682 0 0
rfoot -17.7247 -32.0416 0
rtoes -25.0602 0 0
lowerback 1.29809 4.60326 -0.945343
upperback -0.834394 6.11224 -3.77823
thorax -1.25415 3.06789 -3.47068
lowerneck -5.34965 -6.60491 -0.639948
upperneck -2.35939 -8.69618 5.10957
head 0.429558 -4.27531 1.50154
lclavicle 6.06284e-15 2.91061e-16 0
lhumerus -55.5211 -11.7802 94.6385
lradius 70.4531 0 0
lwrist 13.0557 0 0
lhand -20.9109 -4.96083 0
lfingers 7.12502 0 0
lthumb 5.45852 24.9193 0
rclavicle 6.06284e-15 2.91061e-16 0
rhumerus -30.9221 47.4898 -111.732
rradius 79.7558 0 0
rwrist 5.86349 0 0
rhand -23.6901 -20.2286 0
rfingers 7.12502 0 0
rthumb 2.77631 -770.182 0
783
root 1.67052 16.357 18.776 -14.116 76.0999 340.096
lfemur -36.2769 13.1777 -14.2898
ltibia 50.1284 0 0
lfoot -21.6212 19.6781 0
ltoes 16.2867 0 0
rfemur -16.4314 -22.3935 21.2125
rtibia 51.9261 0 0
rfoot -17.5702 -31.8001 0
rtoes -24.9843 0 0
lowerback 1.38073 4.55994 -0.967723
upperback -0.798025 6.05098 -3.75841
thorax -1.26369 3.03725 -3.43428
lowerneck -5.35946 -6.5805 -0.617666
upperneck -2.28626 -8.66863 5.09605
head 0.453403 -4.26027 1.49345
lclavicle 6.07109e-15 4.48605e-16 0
lhumerus -55.3789 -11.8549 94.5395
lradius 70.3526 0 0
lwrist 13.1279 0 0
lhand -20.7087 -4.89561 0
lfingers 7.12502 0 0
lthumb 5.65271 24.9639 0
rclavicle 6.07109e-15 4.48605e-16 0
rhumerus -31.0631 47.1449 -111.308
rradius 79.5569 0 0
rwrist 5.83331 0 0
rhand -23.5681 -20.2987 0
rfingers 7.12502 0 0
rthumb 2.89394 -770.246 0
784
root 1.68797 16.3588 18.8559 -14.0811 75.6458 340.276
lfemur -36.0972 13.1139 -14.3176
ltibia 50.0117 0 0
lfoot -21.4947 19.3164 0
ltoes 16.3404 0 0
rfemur -16.7483 -22.2326 21.097
rtibia 51.8789 0 0
rfoot -17.4077 -31.5475 0
rtoes -24.9021 0 0
lowerback 1.46747 4.51422 -0.991082
upperback -0.759856 5.98642 -3.73729
thorax -1.27376 3.00497 -3.39583
lowerneck -5.36973 -6.55488 -0.59421
upperneck -2.20857 -8.63976 5.08183
head 0.478739 -4.2445 1.48492
lclavicle 6.05286e-15 6.13804e-16 0
lhumerus -55.2288 -11.9327 94.4346
lradius 70.2456 0 0
lwrist 13.2035 0 0
lhand -20.4958 -4.8274 0
lfingers 7.12502 0 0
lthumb 5.85718 25.0106 0
rclavicle 6.05286e-15 6.13804e-16 0
rhumerus -31.212 46.783 -110.862
rradius 79.3458 0 0
rwrist 5.8031 0 0
rhand -23.4374 -20.373 0
rfingers 7.12502 0 0
rthumb 3.01997 -770.313 0
785
root 1.70635 16.3606 18.94 -14.0485 75.1697 340.461
lfemur -35.909 13.0476 -14.3471
ltibia 49.889 0 0
lfoot -21.3611 18.9348 0
ltoes 16.4 0 0
rfemur -17.0797 -22.0624 20.9724
rtibia 51.8268 0 0
rfoot -17.2374 -31.2841 0
rtoes -24.8138 0 0
lowerback 1.5582 4.46615 -1.0154
upperback -0.719929 5.91865 -3.71489
thorax -1.28435 2.97107 -3.35538
lowerneck -5.38045 -6.52809 -0.569611
upperneck -2.12646 -8.60961 5.06694
head 0.505526 -4.228 1.47598
lclavicle 6.00902e-15 7.86392e-16 0
lhumerus -55.0711 -12.0135 94.3242
lradius 70.1322 0 0
lwrist 13.2825 0 0
lhand -20.2725 -4.75628 0
lfingers 7.12502 0 0
lthumb 6.07169 25.0594 0
rclavicle 6.00902e-15 7.86392e-16 0
rhumerus -31.3686 46.4046 -110.392
rradius 79.1229 0 0
rwrist 5.77283 0 0
rhand -23.2982 -20.4514 0
rfingers 7.12502 0 0
rthumb 3.15417 -770.384 0
786
root 1.72565 16.3626 19.0279 -14.018 74.672 340.651
lfemur -35.7125 12.9787 -14.3784
ltibia 49.7605 0 0
lfoot -21.2208 18.5337 0
ltoes 16.4652 0 0
rfemur -17.4252 -21.8833 20.839
rtibia 51.7701 0 0
rfoot -17.0594 -31.0101 0
rtoes -24.7194 0 0
lowerback 1.65283 4.41581 -1.04067
upperback -0.678287 5.84775 -3.69126
thorax -1.29544 2.93561 -3.31299
lowerneck -5.39161 -6.50017 -0.543899
upperneck -2.04004 -8.57822 5.05139
head 0.533723 -4.21081 1.46663
lclavicle 5.94041e-15 9.66104e-16 0
lhumerus -54.9059 -12.0973 94.2083
lradius 70.0125 0 0
lwrist 13.3648 0 0
lhand -20.039 -4.68231 0
lfingers 7.12502 0 0
lthumb 6.29601 25.1101 0
rclavicle 5.94041e-15 9.66104e-16 0
rhumerus -31.5326 46.0101 -109.9
rradius 78.8885 0 0
rwrist 5.74248 0 0
rhand -23.1508 -20.5337 0
rfingers 7.12502 0 0
rthumb 3.2963 -770.459 0
787
root 1.74583 16.3646 19.1197 -13.9898 74.1535 340.846
lfemur -35.5078 12.9075 -14.4115
ltibia 49.6263 0 0
lfoot -21.0738 18.1138 0
ltoes 16.536 0 0
rfemur -17.7845 -21.6955 20.6972
rtibia 51.7087 0 0
rfoot -16.8741 -30.7257 0
rtoes -24.6193 0 0
lowerback 1.75127 4.36325 -1.06686
upperback -0.634974 5.7738 -3.66644
thorax -1.30702 2.89863 -3.26871
lowerneck -5.4032 -6.47113 -0.517105
upperneck -1.94945 -8.5456 5.0352
head 0.563287 -4.19292 1.45688
lclavicle 5.8479e-15 1.15267e-15 0
lhumerus -54.7334 -12.1839 94.087
lradius 69.8869 0 0
lwrist 13.4503 0 0
lhand -19.7956 -4.60557 0
lfingers 7.12502 0 0
lthumb 6.52987 25.1628 0
rclavicle 5.8479e-15 1.15267e-15 0
rhumerus -31.7039 45.5998 -109.387
rradius 78.643 0 0
rwrist 5.71203 0 0
rhand -22.9955 -20.62 0
rfingers 7.12502 0 0
rthumb 3.44611 -770.537 0
788
root 1.76687 16.3667 19.2152 -13.9636 73.6146 341.045
lfemur -35.2953 12.8338 -14.4462
ltibia 49.4867 0 0
lfoot -20.9203 17.6755 0
ltoes 16.612 0 0
rfemur -18.1573 -21.4993 20.5472
rtibia 51.6431 0 0
rfoot -16.6815 -30.4313 0
rtoes -24.5136 0 0
lowerback 1.85341 4.30853 -1.09396
upperback -0.590032 5.69687 -3.64045
thorax -1.31909 2.86016 -3.22258
lowerneck -5.41521 -6.44102 -0.489257
upperneck -1.85481 -8.5118 5.01839
head 0.594178 -4.17437 1.44675
lclavicle 5.73233e-15 1.34583e-15 0
lhumerus -54.5539 -12.2734 93.9606
lradius 69.7555 0 0
lwrist 13.5389 0 0
lhand -19.5426 -4.52611 0
lfingers 7.12502 0 0
lthumb 6.77304 25.2174 0
rclavicle 5.73233e-15 1.34583e-15 0
rhumerus -31.8823 45.1741 -108.852
rradius 78.3867 0 0
rwrist 5.68145 0 0
rhand -22.8324 -20.7099 0
rfingers 7.12502 0 0
rthumb 3.60337 -770.619 0
789
root 1.78875 16.3689 19.3144 -13.9396 73.056 341.248
lfemur -35.0752 12.758 -14.4826
ltibia 49.3417 0 0
lfoot -20.7607 17.2195 0
ltoes 16.6931 0 0
rfemur -18.5431 -21.295 20.3893
rtibia 51.5733 0 0
rfoot -16.4818 -30.127 0
rtoes -24.4025 0 0
lowerback 1.95918 4.25171 -1.12195
upperback -0.543503 5.61706 -3.61334
thorax -1.33162 2.82025 -3.17467
lowerneck -5.42763 -6.40985 -0.460387
upperneck -1.75625 -8.47685 5.00098
head 0.626354 -4.15518 1.43625
lclavicle 5.59457e-15 1.54532e-15 0
lhumerus -54.3675 -12.3656 93.8291
lradius 69.6184 0 0
lwrist 13.6306 0 0
lhand -19.2801 -4.44403 0
lfingers 7.12502 0 0
lthumb 7.02528 25.2739 0
rclavicle 5.59457e-15 1.54532e-15 0
rhumerus -32.0674 44.7334 -108.297
rradius 78.1199 0 0
rwrist 5.65073 0 0
rhand -22.6618 -20.8035 0
rfingers 7.12502 0 0
rthumb 3.76783 -770.703 0
790
root 1.81144 16.3711 19.4171 -13.9175 72.4783 341.456
lfemur -34.8476 12.68 -14.5206
ltibia 49.1915 0 0
lfoot -20.595 16.7462 0
ltoes 16.7792 0 0
rfemur -18.9418 -21.0828 20.2239
rtibia 51.4995 0 0
rfoot -16.2754 -29.8132 0
rtoes -24.2862 0 0
lowerback 2.06846 4.19286 -1.15081
upperback -0.495432 5.53445 -3.58516
thorax -1.34461 2.77893 -3.12502
lowerneck -5.44045 -6.37766 -0.430526
upperneck -1.65389 -8.44078 4.983
head 0.659775 -4.13535 1.42539
lclavicle 5.43545e-15 1.75087e-15 0
lhumerus -54.1745 -12.4606 93.6928
lradius 69.4759 0 0
lwrist 13.7252 0 0
lhand -19.0084 -4.35937 0
lfingers 7.12502 0 0
lthumb 7.28632 25.3321 0
rclavicle 5.43545e-15 1.75087e-15 0
rhumerus -32.2593 44.2782 -107.722
rradius 77.8429 0 0
rwrist 5.61982 0 0
rhand -22.4841 -20.9006 0
rfingers 7.12502 0 0
rthumb 3.93925 -770.791 0
791
root 1.83492 16.3735 19.5232 -13.8974 71.8821 341.668
lfemur -34.6128 12.5999 -14.5601
ltibia 49.0363 0 0
lfoot -20.4235 16.2564 0
ltoes 16.87 0 0
rfemur -19.3529 -20.8631 20.0512
rtibia 51.4219 0 0
rfoot -16.0623 -29.4901 0
rtoes -24.1648 0 0
lowerback 2.18118 4.13203 -1.18053
upperback -0.44586 5.44911 -3.55592
thorax -1.35804 2.73625 -3.07368
lowerneck -5.45365 -6.34448 -0.399702
upperneck -1.54786 -8.40361 4.96446
head 0.694398 -4.11491 1.41418
lclavicle 5.25585e-15 1.96222e-15 0
lhumerus -53.975 -12.5582 93.5517
lradius 69.328 0 0
lwrist 13.8227 0 0
lhand -18.7279 -4.27221 0
lfingers 7.12502 0 0
lthumb 7.55594 25.3921 0
rclavicle 5.25585e-15 1.96222e-15 0
rhumerus -32.4575 43.8087 -107.128
rradius 77.5561 0 0
rwrist 5.58871 0 0
rhand -22.2993 -21.0012 0
rfingers 7.12502 0 0
rthumb 4.11739 -770.882 0
792
root 1.85916 16.3758 19.6326 -13.8793 71.2678 341.883
lfemur -34.371 12.5178 -14.6012
ltibia 48.8763 0 0
lfoot -20.2464 15.7504 0
ltoes 16.9653 0 0
rfemur -19.776 -20.636 19.8716
rtibia 51.3406 0 0
rfoot -15.8428 -29.158 0
rtoes -24.0385 0 0
lowerback 2.29722 4.06929 -1.21108
upperback -0.394832 5.36113 -3.52568
thorax -1.3719 2.69225 -3.02072
lowerneck -5.46723 -6.31034 -0.367947
upperneck -1.43829 -8.36538 4.94537
head 0.730184 -4.09388 1.40263
lclavicle 5.0566e-15 2.17909e-15 0
lhumerus -53.7692 -12.6584 93.4061
lradius 69.1751 0 0
lwrist 13.923 0 0
lhand -18.4386 -4.18263 0
lfingers 7.12502 0 0
lthumb 7.83388 25.4537 0
rclavicle 5.0566e-15 2.17909e-15 0
rhumerus -32.662 43.3255 -106.515
rradius 77.2597 0 0
rwrist 5.55738 0 0
rhand -22.1079 -21.105 0
rfingers 7.12502 0 0
rthumb 4.30201 -770.976 0
793
root 1.88414 16.3783 19.7452 -13.863 70.6362 342.103
lfemur -34.1225 12.4338 -14.6437
ltibia 48.7117 0 0
lfoot -20.0638 15.2289 0
ltoes 17.065 0 0
rfemur -20.211 -20.4019 19.6853
rtibia 51.256 0 0
rfoot -15.6171 -28.8171 0
rtoes -23.9076 0 0
lowerback 2.41649 4.00469 -1.24245
upperback -0.342388 5.27058 -3.49448
thorax -1.38619 2.64697 -2.96617
lowerneck -5.48117 -6.27526 -0.33529
upperneck -1.3253 -8.32613 4.92577
head 0.76709 -4.07227 1.39076
lclavicle 4.83857e-15 2.40123e-15 0
lhumerus -53.5573 -12.7611 93.256
lradius 69.0173 0 0
lwrist 14.0259 0 0
lhand -18.141 -4.09069 0
lfingers 7.12502 0 0
lthumb 8.1199 25.517 0
rclavicle 4.83857e-15 2.40123e-15 0
rhumerus -32.8725 42.8288 -105.883
rradius 76.9542 0 0
rwrist 5.5258 0 0
rhand -21.9099 -21.212 0
rfingers 7.12502 0 0
rthumb 4.49287 -771.073 0
794
root 1.90983 16.3808 19.861 -13.8486 69.9877 342.326
lfemur -33.8674 12.3479 -14.6878
ltibia 48.5425 0 0
lfoot -19.876 14.6924 0
ltoes 17.1689 0 0
rfemur -20.6573 -20.161 19.4927
rtibia 51.168 0 0
rfoot -15.3853 -28.4676 0
rtoes -23.7723 0 0
lowerback 2.53891 3.9383 -1.27463
upperback -0.288573 5.17756 -3.46234
thorax -1.40088 2.60045 -2.9101
lowerneck -5.49547 -6.23928 -0.301763
upperneck -1.20902 -8.28588 4.90566
head 0.805075 -4.0501 1.37858
lclavicle 4.60261e-15 2.62837e-15 0
lhumerus -53.3396 -12.8664 93.1017
lradius 68.8548 0 0
lwrist 14.1315 0 0
lhand -17.8353 -3.99645 0
lfingers 7.12502 0 0
lthumb 8.41375 25.5818 0
rclavicle 4.60261e-15 2.62837e-15 0
rhumerus -33.0887 42.3192 -105.235
rradius 76.6398 0 0
rwrist 5.49394 0 0
rhand -21.7058 -21.3221 0
rfingers 7.12502 0 0
rthumb 4.68973 -771.172 0
795
root 1.93621 16.3834 19.9797 -13.836 69.3231 342.553
lfemur -33.6061 12.2603 -14.7332
ltibia 48.369 0 0
lfoot -19.6832 14.1415 0
ltoes 17.2768 0 0
rfemur -21.1147 -19.9136 19.294
rtibia 51.077 0 0
rfoot -15.1478 -28.1099 0
rtoes -23.6326 0 0
lowerback 2.66437 3.87018 -1.30759
upperback -0.23343 5.08215 -3.42931
thorax -1.41596 2.55274 -2.85256
lowerneck -5.51011 -6.20242 -0.267394
upperneck -1.08957 -8.24467 4.88508
head 0.844098 -4.02739 1.3661
lclavicle 4.34956e-15 2.86024e-15 0
lhumerus -53.1162 -12.974 92.9433
lradius 68.6877 0 0
lwrist 14.2396 0 0
lhand -17.5216 -3.9 0
lfingers 7.12502 0 0
lthumb 8.71518 25.6482 0
rclavicle 4.34956e-15 2.86024e-15 0
rhumerus -33.3106 41.7969 -104.569
rradius 76.3169 0 0
rwrist 5.46179 0 0
rhand -21.4957 -21.4351 0
rfingers 7.12502 0 0
rthumb 4.89234 -771.274 0
796
root 1.96326 16.386 20.1013 -13.8251 68.6428 342.783
lfemur -33.3386 12.1711 -14.78
ltibia 48.1913 0 0
lfoot -19.4855 13.5767 0
ltoes 17.3885 0 0
rfemur -21.5828 -19.66 19.0896
rtibia 50.9831 0 0
rfoot -14.9046 -27.7442 0
rtoes -23.4888 0 0
lowerback 2.79278 3.80039 -1.34132
upperback -0.177001 4.98442 -3.39543
thorax -1.43143 2.50386 -2.79359
lowerneck -5.52508 -6.16472 -0.232215
upperneck -0.967091 -8.20252 4.86404
head 0.884119 -4.00417 1.35332
lclavicle 4.0803e-15 3.09658e-15 0
lhumerus -52.8873 -13.084 92.7808
lradius 68.5163 0 0
lwrist 14.3502 0 0
lhand -17.2004 -3.8014 0
lfingers 7.12502 0 0
lthumb 9.02396 25.7161 0
rclavicle 4.0803e-15 3.09658e-15 0
rhumerus -33.5379 41.2624 -103.887
rradius 75.9858 0 0
rwrist 5.42931 0 0
rhand -21.2798 -21.5509 0
rfingers 7.12502 0 0
rthumb 5.10047 -771.379 0
797
root 1.99094 16.3886 20.2257 -13.8159 67.9475 343.016
lfemur -33.0652 12.0802 -14.8281
ltibia 48.0095 0 0
lfoot -19.2832 12.9986 0
ltoes 17.5038 0 0
rfemur -22.0613 -19.4005 18.8797
rtibia 50.8865 0 0
rfoot -14.6559 -27.3707 0
rtoes -23.3412 0 0
lowerback 2.92404 3.72899 -1.37579
upperback -0.119329 4.88445 -3.36073
thorax -1.44726 2.45387 -2.73325
lowerneck -5.54038 -6.12621 -0.196256
upperneck -0.841697 -8.15948 4.84255
head 0.925094 -3.98043 1.34027
lclavicle 3.79566e-15 3.33712e-15 0
lhumerus -52.6531 -13.1963 92.6146
lradius 68.3407 0 0
lwrist 14.4631 0 0
lhand -16.8717 -3.70072 0
lfingers 7.12502 0 0
lthumb 9.33983 25.7854 0
rclavicle 3.79566e-15 3.33712e-15 0
rhumerus -33.7704 40.716 -103.189
rradius 75.6468 0 0
rwrist 5.39649 0 0
rhand -21.0585 -21.6695 0
rfingers 7.12502 0 0
rthumb 5.31386 -771.486 0
798
root 2.01924 16.3914 20.3528 -13.8084 67.2377 343.253
lfemur -32.7862 11.9879 -14.8775
ltibia 47.824 0 0
lfoot -19.0764 12.4078 0
ltoes 17.6225 0 0
rfemur -22.5498 -19.1354 18.6647
rtibia 50.7874 0 0
rfoot -14.4021 -26.9897 0
rtoes -23.1897 0 0
lowerback 3.05806 3.65604 -1.411
upperback -0.0604571 4.78234 -3.32525
thorax -1.46345 2.40281 -2.6716
lowerneck -5.55598 -6.08691 -0.159547
upperneck -0.713517 -8.11556 4.82064
head 0.966985 -3.95622 1.32695
lclavicle 3.4965e-15 3.58159e-15 0
lhumerus -52.4138 -13.3109 92.4446
lradius 68.1612 0 0
lwrist 14.5783 0 0
lhand -16.5359 -3.59803 0
lfingers 7.12502 0 0
lthumb 9.66255 25.856 0
rclavicle 3.4965e-15 3.58159e-15 0
rhumerus -34.0078 40.1583 -102.476
rradius 75.3003 0 0
rwrist 5.36329 0 0
rhand -20.832 -21.7907 0
rfingers 7.12502 0 0
rthumb 5.53229 -771.596 0
799
root 2.04814 16.3941 20.4825 -13.8025 66.514 343.492
lfemur -32.5018 11.8942 -14.9282
ltibia 47.6347 0 0
lfoot -18.8655 11.8047 0
ltoes 17.7445 0 0
rfemur -23.0481 -18.8648 18.4448
rtibia 50.6859 0 0
rfoot -14.1432 -26.6015 0
rtoes -23.0348 0 0
lowerback 3.19475 3.58161 -1.44692
upperback -0.000428273 4.67815 -3.28903
thorax -1.47999 2.35071 -2.60868
lowerneck -5.57189 -6.04685 -0.122118
upperneck -0.582678 -8.07081 4.79833
head 1.00975 -3.93153 1.31338
lclavicle 3.18368e-15 3.82974e-15 0
lhumerus -52.1697 -13.4276 92.2712
lradius 67.9778 0 0
lwrist 14.6956 0 0
lhand -16.1933 -3.49339 0
lfingers 7.12502 0 0
lthumb 9.99188 25.928 0
rclavicle 3.18368e-15 3.82974e-15 0
rhumerus -34.25 39.5894 -101.748
rradius 74.9465 0 0
rwrist 5.32969 0 0
rhand -20.6005 -21.9144 0
rfingers 7.12502 0 0
rthumb 5.75551 -771.707 0
800
root 2.0776 16.3969 20.6146 -13.7982 65.7771 343.735
lfemur -32.2122 11.7991 -14.9801
ltibia 47.4419 0 0
lfoot -18.6505 11.19 0
ltoes 17.8695 0 0
rfemur -23.5557 -18.5891 18.2204
rtibia 50.5822 0 0
rfoot -13.8795 -26.2063 0
rtoes -22.8764 0 0
lowerback 3.334 3.50574 -1.48353
upperback 0.0607147 4.57198 -3.25211
thorax -1.49687 2.29762 -2.54455
lowerneck -5.58809 -6.00607 -0.0839989
upperneck -0.449307 -8.02525 4.77564
head 1.05334 -3.9064 1.29957
lclavicle 2.85806e-15 4.08129e-15 0
lhumerus -51.9208 -13.5465 92.0944
lradius 67.7908 0 0
lwrist 14.8151 0 0
lhand -15.8441 -3.38688 0
lfingers 7.12502 0 0
lthumb 10.3276 26.0013 0
rclavicle 2.85806e-15 4.08129e-15 0
rhumerus -34.4968 39.0099 -101.006
rradius 74.5858 0 0
rwrist 5.29568 0 0
rhand -20.3643 -22.0405 0
rfingers 7.12502 0 0
rthumb 5.98328 -771.821 0
801
root 2.1076 16.3998 20.7492 -13.7954 65.0274 343.98
lfemur -31.9176 11.7028 -15.0332
ltibia 47.2458 0 0
lfoot -18.4316 10.5642 0
ltoes 17.9975 0 0
rfemur -24.0723 -18.3086 17.9918
rtibia 50.4766 0 0
rfoot -13.6111 -25.8044 0
rtoes -22.715 0 0
lowerback 3.47573 3.42851 -1.52083
upperback 0.122929 4.4639 -3.21453
thorax -1.51406 2.24357 -2.47926
lowerneck -5.60456 -5.96458 -0.045221
upperneck -0.31353 -7.97891 4.75259
head 1.09773 -3.88083 1.28553
lclavicle 2.52047e-15 4.33598e-15 0
lhumerus -51.6675 -13.6674 91.9143
lradius 67.6003 0 0
lwrist 14.9365 0 0
lhand -15.4885 -3.27858 0
lfingers 7.12502 0 0
lthumb 10.6693 26.0757 0
rclavicle 2.52047e-15 4.33598e-15 0
rhumerus -34.7479 38.4202 -100.251
rradius 74.2185 0 0
rwrist 5.26121 0 0
rhand -20.1236 -22.1688 0
rfingers 7.12502 0 0
rthumb 6.21536 -771.937 0
802
root 2.13811 16.4027 20.8859 -13.794 64.2656 344.227
lfemur -31.6182 11.6054 -15.0874
ltibia 47.0464 0 0
lfoot -18.2091 9.9279 0
ltoes 18.1281 0 0
rfemur -24.5976 -18.0236 17.7592
rtibia 50.3691 0 0
rfoot -13.3384 -25.3961 0
rtoes -22.5505 0 0
lowerback 3.61983 3.34997 -1.55878
upperback 0.186171 4.354 -3.17632
thorax -1.53156 2.18861 -2.41286
lowerneck -5.62131 -5.92243 -0.00581397
upperneck -0.175473 -7.93184 4.72919
head 1.14286 -3.85485 1.27127
lclavicle 2.17178e-15 4.59355e-15 0
lhumerus -51.4099 -13.7903 91.7312
lradius 67.4066 0 0
lwrist 15.0599 0 0
lhand -15.1267 -3.16854 0
lfingers 7.12502 0 0
lthumb 11.017 26.1514 0
rclavicle 2.17178e-15 4.59355e-15 0
rhumerus -35.0032 37.8206 -99.4825
rradius 73.845 0 0
rwrist 5.22628 0 0
rhand -19.8787 -22.2993 0
rfingers 7.12502 0 0
rthumb 6.4515 -772.055 0
803
root 2.16912 16.4056 21.0248 -13.7941 63.4923 344.477
lfemur -31.3143 11.5068 -15.1427
ltibia 46.8441 0 0
lfoot -17.9832 9.28159 0
ltoes 18.2612 0 0
rfemur -25.1312 -17.7342 17.523
rtibia 50.26 0 0
rfoot -13.0614 -24.9815 0
rtoes -22.3832 0 0
lowerback 3.76622 3.27019 -1.59738
upperback 0.250399 4.24236 -3.13752
thorax -1.54936 2.13279 -2.3454
lowerneck -5.63831 -5.87964 0.0341918
upperneck -0.0352627 -7.88405 4.70547
head 1.18871 -3.82848 1.2568
lclavicle 1.81285e-15 4.85372e-15 0
lhumerus -51.1481 -13.9152 91.5451
lradius 67.2099 0 0
lwrist 15.1852 0 0
lhand -14.7592 -3.05683 0
lfingers 7.12502 0 0
lthumb 11.3703 26.2281 0
rclavicle 1.81285e-15 4.85372e-15 0
rhumerus -35.2625 37.2115 -98.7019
rradius 73.4656 0 0
rwrist 5.19086 0 0
rhand -19.6299 -22.4318 0
rfingers 7.12502 0 0
rthumb 6.69147 -772.175 0
804
root 2.2006 16.4086 21.1658 -13.7956 62.708 344.73
lfemur -31.0061 11.4073 -15.199
ltibia 46.6388 0 0
lfoot -17.7541 8.62584 0
ltoes 18.3966 0 0
rfemur -25.6728 -17.4409 17.2834
rtibia 50.1495 0 0
rfoot -12.7803 -24.561 0
rtoes -22.2133 0 0
lowerback 3.91479 3.18923 -1.6366
upperback 0.31557 4.12906 -3.09817
thorax -1.56744 2.07613 -2.27694
lowerneck -5.65556 -5.83625 0.0747661
upperneck 0.106975 -7.83558 4.68145
head 1.23522 -3.80173 1.24214
lclavicle 1.44451e-15 5.11623e-15 0
lhumerus -50.8825 -14.042 91.3563
lradius 67.0102 0 0
lwrist 15.3121 0 0
lhand -14.386 -2.94354 0
lfingers 7.12502 0 0
lthumb 11.7289 26.3059 0
rclavicle 1.44451e-15 5.11623e-15 0
rhumerus -35.5254 36.5933 -97.9097
rradius 73.0806 0 0
rwrist 5.15491 0 0
rhand -19.3773 -22.5663 0
rfingers 7.12502 0 0
rthumb 6.93503 -772.296 0
805
root 2.23252 16.4116 21.3087 -13.7984 61.9134 344.984
lfemur -30.6938 11.3069 -15.2564
ltibia 46.4309 0 0
lfoot -17.5219 7.96123 0
ltoes 18.5342 0 0
rfemur -26.2221 -17.1438 17.0408
rtibia 50.0377 0 0
rfoot -12.4955 -24.1347 0
rtoes -22.041 0 0
lowerback 4.06546 3.10714 -1.67642
upperback 0.38164 4.01417 -3.05831
thorax -1.58579 2.01868 -2.20753
lowerneck -5.67305 -5.79227 0.115879
upperneck 0.251113 -7.78647 4.65715
head 1.28236 -3.77462 1.22729
lclavicle 1.06764e-15 5.38082e-15 0
lhumerus -50.6131 -14.1706 91.1648
lradius 66.8078 0 0
lwrist 15.4408 0 0
lhand -14.0076 -2.82872 0
lfingers 7.12502 0 0
lthumb 12.0927 26.3848 0
rclavicle 1.06764e-15 5.38082e-15 0
rhumerus -35.7919 35.9664 -97.1063
rradius 72.6903 0 0
rwrist 5.11842 0 0
rhand -19.1212 -22.7026 0
rfingers 7.12502 0 0
rthumb 7.18192 -772.419 0
806
root 2.26486 16.4147 21.4535 -13.8025 61.109 345.241
lfemur -30.3777 11.2056 -15.3148
ltibia 46.2204 0 0
lfoot -17.2868 7.2883 0
ltoes 18.6737 0 0
rfemur -26.7787 -16.8432 16.7955
rtibia 49.9248 0 0
rfoot -12.207 -23.7031 0
rtoes -21.8664 0 0
lowerback 4.21812 3.02399 -1.71684
upperback 0.448567 3.8978 -3.01798
thorax -1.60441 1.96049 -2.13722
lowerneck -5.69076 -5.74774 0.157499
upperneck 0.397025 -7.73673 4.63258
head 1.33008 -3.74717 1.21227
lclavicle 6.83077e-16 5.64722e-15 0
lhumerus -50.3403 -14.3009 90.9709
lradius 66.603 0 0
lwrist 15.571 0 0
lhand -13.624 -2.71244 0
lfingers 7.12502 0 0
lthumb 12.4614 26.4646 0
rclavicle 6.83077e-16 5.64722e-15 0
rhumerus -36.0617 35.3312 -96.2924
rradius 72.295 0 0
rwrist 5.08136 0 0
rhand -18.862 -22.8406 0
rfingers 7.12502 0 0
rthumb 7.43192 -772.544 0
807
root 2.29759 16.4177 21.6 -13.8078 60.2953 345.499
lfemur -30.0578 11.1036 -15.3741
ltibia 46.0076 0 0
lfoot -17.0492 6.60761 0
ltoes 18.815 0 0
rfemur -27.3422 -16.5394 16.5477
rtibia 49.811 0 0
rfoot -11.9151 -23.2663 0
rtoes -21.6898 0 0
lowerback 4.37268 2.93983 -1.75783
upperback 0.516307 3.78 -2.97721
thorax -1.62327 1.90159 -2.06607
lowerneck -5.70868 -5.70269 0.199598
upperneck 0.544585 -7.68642 4.60776
head 1.37834 -3.7194 1.1971
lclavicle 2.91681e-16 5.91517e-15 0
lhumerus -50.0641 -14.433 90.7747
lradius 66.3958 0 0
lwrist 15.7028 0 0
lhand -13.2356 -2.59478 0
lfingers 7.12502 0 0
lthumb 12.8347 26.5453 0
rclavicle 2.91681e-16 5.91517e-15 0
rhumerus -36.3347 34.6881 -95.4686
rradius 71.8952 0 0
rwrist 5.04371 0 0
rhand -18.5998 -22.9801 0
rfingers 7.12502 0 0
rthumb 7.68478 -772.67 0
808
root 2.3307 16.4208 21.7481 -13.8143 59.4731 345.76
lfemur -29.7346 11.001 -15.4343
ltibia 45.7925 0 0
lfoot -16.809 5.91971 0
ltoes 18.9579 0 0
rfemur -27.9124 -16.2328 16.2978
rtibia 49.6965 0 0
rfoot -11.6199 -22.8245 0
rtoes -21.5113 0 0
lowerback 4.52905 2.85474 -1.79937
upperback 0.584819 3.66088 -2.93604
thorax -1.64236 1.84202 -1.99412
lowerneck -5.72681 -5.65715 0.242144
upperneck 0.693667 -7.63555 4.58272
head 1.42711 -3.69132 1.18177
lclavicle -1.05696e-16 6.1844e-15 0
lhumerus -49.7848 -14.5668 90.5763
lradius 66.1864 0 0
lwrist 15.8359 0 0
lhand -12.8426 -2.47581 0
lfingers 7.12502 0 0
lthumb 13.2124 26.6268 0
rclavicle -1.05696e-16 6.1844e-15 0
rhumerus -36.6105 34.0375 -94.6353
rradius 71.491 0 0
rwrist 5.00545 0 0
rhand -18.3348 -23.1212 0
rfingers 7.12502 0 0
rthumb 7.94025 -772.797 0
809
root 2.36414 16.4239 21.8977 -13.822 58.6428 346.022
lfemur -29.4082 10.8977 -15.4953
ltibia 45.5754 0 0
lfoot -16.5667 5.22517 0
ltoes 19.1021 0 0
rfemur -28.4888 -15.9235 16.0461
rtibia 49.5814 0 0
rfoot -11.3217 -22.3781 0
rtoes -21.3312 0 0
lowerback 4.68713 2.76877 -1.84144
upperback 0.654059 3.5405 -2.89451
thorax -1.66168 1.78183 -1.92143
lowerneck -5.74514 -5.61115 0.285107
upperneck 0.844143 -7.58416 4.55748
head 1.47633 -3.66296 1.16631
lclavicle -5.082e-16 6.45464e-15 0
lhumerus -49.5026 -14.7021 90.3758
lradius 65.9751 0 0
lwrist 15.9704 0 0
lhand -12.4454 -2.35559 0
lfingers 7.12502 0 0
lthumb 13.5942 26.7092 0
rclavicle -5.082e-16 6.45464e-15 0
rhumerus -36.8891 33.3798 -93.7933
rradius 71.0829 0 0
rwrist 4.96654 0 0
rhand -18.0674 -23.2636 0
rfingers 7.12502 0 0
rthumb 8.19811 -772.926 0
810
root 2.39791 16.4271 22.0488 -13.8308 57.8051 346.285
lfemur -29.0787 10.794 -15.5572
ltibia 45.3564 0 0
lfoot -16.3223 4.52453 0
ltoes 19.2476 0 0
rfemur -29.0712 -15.6118 15.7928
rtibia 49.466 0 0
rfoot -11.0207 -21.9273 0
rtoes -21.1495 0 0
lowerback 4.84683 2.68198 -1.88404
upperback 0.723984 3.41895 -2.85266
thorax -1.68121 1.72106 -1.84805
lowerneck -5.76364 -5.56471 0.328457
upperneck 0.995889 -7.53227 4.53205
head 1.52598 -3.63433 1.15073
lclavicle -9.14977e-16 6.72563e-15 0
lhumerus -49.2177 -14.839 90.1735
lradius 65.7619 0 0
lwrist 16.1061 0 0
lhand -12.044 -2.2342 0
lfingers 7.12502 0 0
lthumb 13.98 26.7923 0
rclavicle -9.14977e-16 6.72563e-15 0
rhumerus -37.1701 32.7154 -92.943
rradius 70.6712 0 0
rwrist 4.92696 0 0
rhand -17.7978 -23.4072 0
rfingers 7.12502 0 0
rthumb 8.4581 -773.055 0
811
root 2.43198 16.4302 22.2012 -13.8407 56.9605 346.55
lfemur -28.7466 10.6899 -15.6199
ltibia 45.1357 0 0
lfoot -16.076 3.81836 0
ltoes 19.3941 0 0
rfemur -29.6593 -15.298 15.5384
rtibia 49.3504 0 0
rfoot -10.7171 -21.4724 0
rtoes -20.9665 0 0
lowerback 5.00804 2.59443 -1.92714
upperback 0.794551 3.29632 -2.81053
thorax -1.70094 1.65974 -1.77403
lowerneck -5.78232 -5.51787 0.372164
upperneck 1.14878 -7.47994 4.50646
head 1.576 -3.60545 1.13503
lclavicle -1.32517e-15 6.9971e-15 0
lhumerus -48.9303 -14.9773 89.9695
lradius 65.5472 0 0
lwrist 16.2429 0 0
lhand -11.6389 -2.1117 0
lfingers 7.12502 0 0
lthumb 14.3694 26.8761 0
rclavicle -1.32517e-15 6.9971e-15 0
rhumerus -37.4535 32.0446 -92.0851
rradius 70.2561 0 0
rwrist 4.8867 0 0
rhand -17.5262 -23.552 0
rfingers 7.12502 0 0
rthumb 8.71998 -773.186 0
812
root 2.46631 16.4334 22.3548 -13.8515 56.1097 346.816
lfemur -28.4119 10.5854 -15.6833
ltibia 44.9134 0 0
lfoot -15.8281 3.1072 0
ltoes 19.5414 0 0
rfemur -30.2525 -14.9825 15.2829
rtibia 49.2348 0 0
rfoot -10.411 -21.0135 0
rtoes -20.7825 0 0
lowerback 5.17068 2.50619 -1.97071
upperback 0.865717 3.17268 -2.76815
thorax -1.72085 1.59792 -1.69942
lowerneck -5.80116 -5.47066 0.416197
upperneck 1.30268 -7.42717 4.48072
head 1.62637 -3.57634 1.11923
lclavicle -1.73794e-15 7.26879e-15 0
lhumerus -48.6405 -15.1171 89.7638
lradius 65.3311 0 0
lwrist 16.3808 0 0
lhand -11.2302 -1.98816 0
lfingers 7.12502 0 0
lthumb 14.7622 26.9606 0
rclavicle -1.73794e-15 7.26879e-15 0
rhumerus -37.7389 31.3679 -91.2202
rradius 69.8381 0 0
rwrist 4.84572 0 0
rhand -17.2529 -23.6978 0
rfingers 7.12502 0 0
rthumb 8.98352 -773.318 0
813
root 2.50089 16.4366 22.5094 -13.8634 55.2531 347.083
lfemur -28.0748 10.4808 -15.7474
ltibia 44.6898 0 0
lfoot -15.5788 2.39161 0
ltoes 19.6893 0 0
rfemur -30.8507 -14.6653 15.0269
rtibia 49.1194 0 0
rfoot -10.1027 -20.5511 0
rtoes -20.5974 0 0
lowerback 5.33466 2.41731 -2.01476
upperback 0.93744 3.04812 -2.72556
thorax -1.74094 1.53564 -1.62429
lowerneck -5.82015 -5.4231 0.460527
upperneck 1.45747 -7.37401 4.45485
head 1.67702 -3.54701 1.10334
lclavicle -2.15241e-15 7.54044e-15 0
lhumerus -48.3486 -15.2582 89.5568
lradius 65.1137 0 0
lwrist 16.5197 0 0
lhand -10.8182 -1.86366 0
lfingers 7.12502 0 0
lthumb 15.1581 27.0457 0
rclavicle -2.15241e-15 7.54044e-15 0
rhumerus -38.0262 30.6856 -90.3488
rradius 69.4174 0 0
rwrist 4.804 0 0
rhand -16.9781 -23.8445 0
rfingers 7.12502 0 0
rthumb 9.24847 -773.45 0
814
root 2.5357 16.4398 22.6651 -13.8761 54.3915 347.351
lfemur -27.7357 10.3759 -15.8122
ltibia 44.4649 0 0
lfoot -15.3282 1.67216 0
ltoes 19.8378 0 0
rfemur -31.4535 -14.347 14.7705
rtibia 49.0044 0 0
rfoot -9.79232 -20.0852 0
rtoes -20.4117 0 0
lowerback 5.49986 2.32785 -2.05925
upperback 1.00968 2.92271 -2.68281
thorax -1.76119 1.47293 -1.54867
lowerneck -5.83927 -5.37523 0.505123
upperneck 1.61303 -7.32048 4.42888
head 1.72794 -3.51749 1.08738
lclavicle -2.56774e-15 7.81176e-15 0
lhumerus -48.0548 -15.4006 89.3485
lradius 64.8953 0 0
lwrist 16.6595 0 0
lhand -10.4031 -1.73826 0
lfingers 7.12502 0 0
lthumb 15.557 27.1313 0
rclavicle -2.56774e-15 7.81176e-15 0
rhumerus -38.3151 29.9982 -89.4716
rradius 68.9943 0 0
rwrist 4.76152 0 0
rhand -16.7021 -23.992 0
rfingers 7.12502 0 0
rthumb 9.5146 -773.583 0
815
root 2.5707 16.443 22.8217 -13.8898 53.5253 347.62
lfemur -27.3948 10.271 -15.8776
ltibia 44.239 0 0
lfoot -15.0766 0.949383 0
ltoes 19.9865 0 0
rfemur -32.0605 -14.0276 14.5142
rtibia 48.8899 0 0
rfoot -9.48014 -19.6163 0
rtoes -20.2254 0 0
lowerback 5.66621 2.23788 -2.10417
upperback 1.08238 2.79655 -2.63992
thorax -1.78159 1.40985 -1.47263
lowerneck -5.85853 -5.32707 0.549954
upperneck 1.76922 -7.26663 4.40282
head 1.77906 -3.48779 1.07135
lclavicle -2.98308e-15 8.08251e-15 0
lhumerus -47.7593 -15.5443 89.1391
lradius 64.676 0 0
lwrist 16.8001 0 0
lhand -9.98531 -1.61203 0
lfingers 7.12502 0 0
lthumb 15.9586 27.2174 0
rclavicle -2.98308e-15 8.08251e-15 0
rhumerus -38.6055 29.306 -88.5891
rradius 68.5693 0 0
rwrist 4.71824 0 0
rhand -16.4252 -24.1401 0
rfingers 7.12502 0 0
rthumb 9.78165 -773.717 0
816
root 2.60588 16.4462 22.979 -13.9042 52.6552 347.889
lfemur -27.0521 10.1661 -15.9436
ltibia 44.0122 0 0
lfoot -14.8241 0.223848 0
ltoes 20.1352 0 0
rfemur -32.6714 -13.7075 14.2581
rtibia 48.7762 0 0
rfoot -9.16633 -19.1444 0
rtoes -20.0387 0 0
lowerback 5.8336 2.14745 -2.1495
upperback 1.15552 2.6697 -2.59694
thorax -1.80212 1.34643 -1.39621
lowerneck -5.87791 -5.27866 0.594991
upperneck 1.92593 -7.21247 4.37669
head 1.83036 -3.45793 1.05527
lclavicle -3.39757e-15 8.35242e-15 0
lhumerus -47.4622 -15.6891 88.9287
lradius 64.456 0 0
lwrist 16.9415 0 0
lhand -9.56495 -1.48504 0
lfingers 7.12502 0 0
lthumb 16.3626 27.3039 0
rclavicle -3.39757e-15 8.35242e-15 0
rhumerus -38.8972 28.6095 -87.7018
rradius 68.1426 0 0
rwrist 4.67416 0 0
rhand -16.1475 -24.2889 0
rfingers 7.12502 0 0
rthumb 10.0494 -773.852 0
817
root 2.6412 16.4495 23.1371 -13.9195 51.7817 348.159
lfemur -26.7081 10.0614 -16.0101
ltibia 43.7846 0 0
lfoot -14.571 -0.503892 0
ltoes 20.2839 0 0
rfemur -33.2858 -13.387 14.0025
rtibia 48.6633 0 0
rfoot -8.85109 -18.67 0
rtoes -19.8518 0 0
lowerback 6.00193 2.05664 -2.19523
upperback 1.22904 2.54226 -2.5539
thorax -1.82278 1.28272 -1.31947
lowerneck -5.89739 -5.23002 0.640203
upperneck 2.08302 -7.15805 4.35052
head 1.88179 -3.42793 1.03914
lclavicle -3.81036e-15 8.62121e-15 0
lhumerus -47.1638 -15.8351 88.7174
lradius 64.2355 0 0
lwrist 17.0834 0 0
lhand -9.14231 -1.35737 0
lfingers 7.12502 0 0
lthumb 16.7687 27.3909 0
rclavicle -3.81036e-15 8.62121e-15 0
rhumerus -39.1899 27.9089 -86.8105
rradius 67.7145 0 0
rwrist 4.62924 0 0
rhand -15.8694 -24.438 0
rfingers 7.12502 0 0
rthumb 10.3176 -773.987 0
818
root 2.67664 16.4527 23.2957 -13.9355 50.9055 348.429
lfemur -26.3629 9.95675 -16.0772
ltibia 43.5565 0 0
lfoot -14.3174 -1.23328 0
ltoes 20.4323 0 0
rfemur -33.9035 -13.0663 13.7479
rtibia 48.5516 0 0
rfoot -8.53461 -18.1933 0
rtoes -19.6649 0 0
lowerback 6.17113 1.96549 -2.24133
upperback 1.3029 2.41431 -2.51085
thorax -1.84355 1.21874 -1.24245
lowerneck -5.91697 -5.18119 0.685561
upperneck 2.24036 -7.10339 4.32432
head 1.93331 -3.3978 1.02299
lclavicle -4.22059e-15 8.88862e-15 0
lhumerus -46.8642 -15.9821 88.5055
lradius 64.0147 0 0
lwrist 17.2259 0 0
lhand -8.71765 -1.22908 0
lfingers 7.12502 0 0
lthumb 17.1768 27.4782 0
rclavicle -4.22059e-15 8.88862e-15 0
rhumerus -39.4835 27.2048 -85.9156
rradius 67.2854 0 0
rwrist 4.58346 0 0
rhand -15.5911 -24.5875 0
rfingers 7.12502 0 0
rthumb 10.586 -774.122 0
819
root 2.71219 16.4559 23.4547 -13.9522 50.0271 348.7
lfemur -26.0167 9.8524 -16.1447
ltibia 43.3279 0 0
lfoot -14.0636 -1.96377 0
ltoes 20.5803 0 0
rfemur -34.524 -12.7457 13.4944
rtibia 48.4411 0 0
rfoot -8.21709 -17.7145 0
rtoes -19.4782 0 0
lowerback 6.34108 1.87407 -2.28779
upperback 1.37706 2.28592 -2.46781
thorax -1.86442 1.15456 -1.16522
lowerneck -5.93663 -5.13218 0.731032
upperneck 2.39784 -7.04852 4.29811
head 1.98488 -3.36757 1.00682
lclavicle -4.62741e-15 9.1544e-15 0
lhumerus -46.5637 -16.1301 88.2931
lradius 63.7938 0 0
lwrist 17.3689 0 0
lhand -8.29122 -1.10023 0
lfingers 7.12502 0 0
lthumb 17.5866 27.5658 0
rclavicle -4.62741e-15 9.1544e-15 0
rhumerus -39.7776 26.4975 -85.0178
rradius 66.8556 0 0
rwrist 4.53679 0 0
rhand -15.3128 -24.7373 0
rfingers 7.12502 0 0
rthumb 10.8543 -774.257 0
820
root 2.74781 16.4591 23.6142 -13.9695 49.1471 348.971
lfemur -25.6697 9.74841 -16.2126
ltibia 43.0992 0 0
lfoot -13.8097 -2.69479 0
ltoes 20.7276 0 0
rfemur -35.1471 -12.4255 13.2425
rtibia 48.3321 0 0
rfoot -7.89874 -17.2338 0
rtoes -19.2918 0 0
lowerback 6.51169 1.78244 -2.33459
upperback 1.45148 2.15718 -2.42484
thorax -1.88538 1.09019 -1.08782
lowerneck -5.95637 -5.08304 0.776589
upperneck 2.55532 -6.99348 4.27191
head 2.03645 -3.33726 0.99064
lclavicle -5.02997e-15 9.41826e-15 0
lhumerus -46.2625 -16.2791 88.0803
lradius 63.5729 0 0
lwrist 17.5123 0 0
lhand -7.86329 -0.970912 0
lfingers 7.12502 0 0
lthumb 17.9978 27.6536 0
rclavicle -5.02997e-15 9.41826e-15 0
rhumerus -40.0723 25.7874 -84.1176
rradius 66.4254 0 0
rwrist 4.48921 0 0
rhand -15.0348 -24.8871 0
rfingers 7.12502 0 0
rthumb 11.1224 -774.393 0
821
root 2.78348 16.4623 23.7739 -13.9874 48.2661 349.242
lfemur -25.3222 9.64485 -16.281
ltibia 42.8703 0 0
lfoot -13.556 -3.4258 0
ltoes 20.874 0 0
rfemur -35.7723 -12.1059 12.9923
rtibia 48.2247 0 0
rfoot -7.57976 -16.7516 0
rtoes -19.1061 0 0
lowerback 6.68287 1.69066 -2.38172
upperback 1.52611 2.02817 -2.38196
thorax -1.90642 1.0257 -1.01031
lowerneck -5.97617 -5.03379 0.822199
upperneck 2.71268 -6.9383 4.24574
head 2.08799 -3.30687 0.974467
lclavicle -5.42741e-15 9.67996e-15 0
lhumerus -45.9607 -16.429 87.8673
lradius 63.3523 0 0
lwrist 17.6559 0 0
lhand -7.43409 -0.841181 0
lfingers 7.12502 0 0
lthumb 18.4103 27.7416 0
rclavicle -5.42741e-15 9.67996e-15 0
rhumerus -40.3671 25.0749 -83.2156
rradius 65.9952 0 0
rwrist 4.44069 0 0
rhand -14.7573 -25.0369 0
rfingers 7.12502 0 0
rthumb 11.39 -774.528 0
822
root 2.81918 16.4656 23.9337 -14.0059 47.3847 349.512
lfemur -24.9744 9.54181 -16.3497
ltibia 42.6416 0 0
lfoot -13.3026 -4.15623 0
ltoes 21.0194 0 0
rfemur -36.3994 -11.7873 12.7442
rtibia 48.1191 0 0
rfoot -7.26034 -16.268 0
rtoes -18.921 0 0
lowerback 6.85452 1.5988 -2.42915
upperback 1.60091 1.89898 -2.33921
thorax -1.92751 0.961107 -0.932736
lowerneck -5.99603 -4.98446 0.867834
upperneck 2.86979 -6.883 4.21963
head 2.13946 -3.27644 0.958312
lclavicle -5.81888e-15 9.93921e-15 0
lhumerus -45.6586 -16.5797 87.6542
lradius 63.1321 0 0
lwrist 17.7998 0 0
lhand -7.00389 -0.711109 0
lfingers 7.12502 0 0
lthumb 18.8236 27.8297 0
rclavicle -5.81888e-15 9.93921e-15 0
rhumerus -40.6619 24.3604 -82.3125
rradius 65.5653 0 0
rwrist 4.39121 0 0
rhand -14.4806 -25.1866 0
rfingers 7.12502 0 0
rthumb 11.6568 -774.664 0
823
root 2.85487 16.4688 24.0936 -14.0249 46.5034 349.783
lfemur -24.6265 9.43937 -16.4187
ltibia 42.413 0 0
lfoot -13.0498 -4.88554 0
ltoes 21.1636 0 0
rfemur -37.028 -11.4699 12.4985
rtibia 48.0155 0 0
rfoot -6.94068 -15.7834 0
rtoes -18.7369 0 0
lowerback 7.02655 1.5069 -2.47687
upperback 1.67584 1.76967 -2.29664
thorax -1.94866 0.896467 -0.855152
lowerneck -6.01593 -4.93508 0.913462
upperneck 3.02653 -6.82763 4.19358
head 2.1908 -3.24597 0.942185
lclavicle -6.20353e-15 1.01958e-14 0
lhumerus -45.3563 -16.7312 87.4412
lradius 62.9124 0 0
lwrist 17.9438 0 0
lhand -6.57295 -0.580766 0
lfingers 7.12502 0 0
lthumb 19.2377 27.9179 0
rclavicle -6.20353e-15 1.01958e-14 0
rhumerus -40.9566 23.6442 -81.4087
rradius 65.1359 0 0
rwrist 4.34076 0 0
rhand -14.2049 -25.3361 0
rfingers 7.12502 0 0
rthumb 11.9226 -774.799 0
824
root 2.89055 16.472 24.2535 -14.0444 45.6229 350.053
lfemur -24.2787 9.33762 -16.488
ltibia 42.185 0 0
lfoot -12.7977 -5.61316 0
ltoes 21.3065 0 0
rfemur -37.6578 -11.154 12.2555
rtibia 47.9141 0 0
rfoot -6.62099 -15.2981 0
rtoes -18.5539 0 0
lowerback 7.19887 1.41504 -2.52486
upperback 1.75085 1.64035 -2.25428
thorax -1.96985 0.831815 -0.777612
lowerneck -6.03586 -4.88568 0.959054
upperneck 3.18277 -6.77221 4.16763
head 2.242 -3.21548 0.926099
lclavicle -6.58049e-15 1.04493e-14 0
lhumerus -45.0541 -16.8833 87.2284
lradius 62.6936 0 0
lwrist 18.0878 0 0
lhand -6.14151 -0.450223 0
lfingers 7.12502 0 0
lthumb 19.6523 28.0062 0
rclavicle -6.58049e-15 1.04493e-14 0
rhumerus -41.2508 22.9269 -80.5049
rradius 64.7075 0 0
rwrist 4.28929 0 0
rhand -13.9306 -25.4853 0
rfingers 7.12502 0 0
rthumb 12.1872 -774.934 0
825
root 2.92617 16.4751 24.4131 -14.0643 44.7437 350.322
lfemur -23.9313 9.23663 -16.5575
ltibia 41.9575 0 0
lfoot -12.5466 -6.33855 0
ltoes 21.4477 0 0
rfemur -38.2884 -10.8398 12.0154
rtibia 47.8151 0 0
rfoot -6.30146 -14.8121 0
rtoes -18.3723 0 0
lowerback 7.37137 1.32328 -2.5731
upperback 1.8259 1.51108 -2.21216
thorax -1.99107 0.767194 -0.700167
lowerneck -6.05582 -4.83629 1.00458
upperneck 3.33838 -6.71678 4.14178
head 2.29299 -3.185 0.910066
lclavicle -6.94893e-15 1.06997e-14 0
lhumerus -44.7521 -17.0362 87.016
lradius 62.4757 0 0
lwrist 18.2318 0 0
lhand -5.70984 -0.319548 0
lfingers 7.12502 0 0
lthumb 20.067 28.0944 0
rclavicle -6.94893e-15 1.06997e-14 0
rhumerus -41.5444 22.2087 -79.6017
rradius 64.2804 0 0
rwrist 4.23679 0 0
rhand -13.6577 -25.6339 0
rfingers 7.12502 0 0
rthumb 12.4503 -775.069 0
826
root 2.96172 16.4783 24.5726 -14.0845 43.8664 350.591
lfemur -23.5845 9.1365 -16.6272
ltibia 41.7307 0 0
lfoot -12.2966 -7.06114 0
ltoes 21.5871 0 0
rfemur -38.9195 -10.5277 11.7787
rtibia 47.7186 0 0
rfoot -5.9823 -14.3259 0
rtoes -18.1921 0 0
lowerback 7.54396 1.23167 -2.62158
upperback 1.90096 1.38195 -2.17034
thorax -2.01229 0.702643 -0.62287
lowerneck -6.07578 -4.78694 1.05001
upperneck 3.49324 -6.66136 4.11607
head 2.34374 -3.15454 0.894098
lclavicle -7.30798e-15 1.09465e-14 0
lhumerus -44.4506 -17.1896 86.8041
lradius 62.259 0 0
lwrist 18.3756 0 0
lhand -5.27818 -0.188811 0
lfingers 7.12502 0 0
lthumb 20.4817 28.1825 0
rclavicle -7.30798e-15 1.09465e-14 0
rhumerus -41.8373 21.49 -78.6996
rradius 63.8548 0 0
rwrist 4.18323 0 0
rhand -13.3867 -25.782 0
rfingers 7.12502 0 0
rthumb 12.7116 -775.203 0
827
root 2.99718 16.4814 24.7316 -14.1051 42.9916 350.859
lfemur -23.2385 9.0373 -16.697
ltibia 41.5048 0 0
lfoot -12.0479 -7.78039 0
ltoes 21.7247 0 0
rfemur -39.5507 -10.2179 11.5455
rtibia 47.6248 0 0
rfoot -5.66369 -13.8397 0
rtoes -18.0136 0 0
lowerback 7.71655 1.14027 -2.67027
upperback 1.97596 1.25305 -2.12884
thorax -2.03352 0.638205 -0.545772
lowerneck -6.09575 -4.73766 1.09531
upperneck 3.64722 -6.60599 4.0905
head 2.39421 -3.12412 0.878205
lclavicle -7.65679e-15 1.11896e-14 0
lhumerus -44.1496 -17.3435 86.5929
lradius 62.0436 0 0
lwrist 18.5193 0 0
lhand -4.8468 -0.0580813 0
lfingers 7.12502 0 0
lthumb 20.8962 28.2706 0
rclavicle -7.65679e-15 1.11896e-14 0
rhumerus -42.1291 20.7713 -77.7992
rradius 63.4312 0 0
rwrist 4.12859 0 0
rhand -13.1177 -25.9294 0
rfingers 7.12502 0 0
rthumb 12.971 -775.336 0
828
root 3.03251 16.4846 24.8901 -14.126 42.1198 351.126
lfemur -22.8935 8.93913 -16.767
ltibia 41.2801 0 0
lfoot -11.8008 -8.49572 0
ltoes 21.86 0 0
rfemur -40.1817 -9.91061 11.3163
rtibia 47.534 0 0
rfoot -5.34585 -13.3537 0
rtoes -17.8369 0 0
lowerback 7.88904 1.04915 -2.71916
upperback 2.05089 1.12444 -2.0877
thorax -2.05474 0.57392 -0.468927
lowerneck -6.1157 -4.68847 1.14045
upperneck 3.80019 -6.5507 4.06511
head 2.44436 -3.09376 0.862401
lclavicle -7.9945e-15 1.14286e-14 0
lhumerus -43.8496 -17.498 86.3826
lradius 61.8298 0 0
lwrist 18.6626 0 0
lhand -4.41595 0.0725706 0
lfingers 7.12502 0 0
lthumb 21.3101 28.3584 0
rclavicle -7.9945e-15 1.14286e-14 0
rhumerus -42.4196 20.053 -76.9012
rradius 63.0098 0 0
rwrist 4.07284 0 0
rhand -12.851 -26.076 0
rfingers 7.12502 0 0
rthumb 13.2282 -775.469 0
829
root 3.06769 16.4876 25.0481 -14.1471 41.2518 351.391
lfemur -22.5498 8.84205 -16.8371
ltibia 41.0565 0 0
lfoot -11.5555 -9.2066 0
ltoes 21.9931 0 0
rfemur -40.8121 -9.60622 11.0912
rtibia 47.4462 0 0
rfoot -5.02897 -12.8682 0
rtoes -17.6623 0 0
lowerback 8.06133 0.958374 -2.76823
upperback 2.12568 0.996227 -2.04696
thorax -2.07594 0.509829 -0.392387
lowerneck -6.13563 -4.63941 1.18541
upperneck 3.95203 -6.49552 4.0399
head 2.49414 -3.06347 0.846696
lclavicle -8.32028e-15 1.16634e-14 0
lhumerus -43.5505 -17.6528 86.1732
lradius 61.6176 0 0
lwrist 18.8055 0 0
lhand -3.98587 0.203076 0
lfingers 7.12502 0 0
lthumb 21.7233 28.446 0
rclavicle -8.32028e-15 1.16634e-14 0
rhumerus -42.7087 19.3354 -76.006
rradius 62.5909 0 0
rwrist 4.01596 0 0
rhand -12.5868 -26.2217 0
rfingers 7.12502 0 0
rthumb 13.483 -775.601 0
830
root 3.10271 16.4907 25.2054 -14.1684 40.388 351.656
lfemur -22.2075 8.74617 -16.9072
ltibia 40.8344 0 0
lfoot -11.3121 -9.91246 0
ltoes 22.1236 0 0
rfemur -41.4417 -9.30495 10.8707
rtibia 47.3617 0 0
rfoot -4.71326 -12.3835 0
rtoes -17.49 0 0
lowerback 8.23334 0.867993 -2.81747
upperback 2.2003 0.868477 -2.00666
thorax -2.09711 0.445973 -0.316203
lowerneck -6.15553 -4.59051 1.23014
upperneck 4.10261 -6.44048 4.0149
head 2.54352 -3.03328 0.831103
lclavicle -8.63325e-15 1.18936e-14 0
lhumerus -43.2527 -17.808 85.9649
lradius 61.4073 0 0
lwrist 18.9479 0 0
lhand -3.55684 0.333364 0
lfingers 7.12502 0 0
lthumb 22.1354 28.5334 0
rclavicle -8.63325e-15 1.18936e-14 0
rhumerus -42.9962 18.6189 -75.1144
rradius 62.175 0 0
rwrist 3.95793 0 0
rhand -12.3254 -26.3664 0
rfingers 7.12502 0 0
rthumb 13.735 -775.733 0
831
root 3.13753 16.4938 25.3619 -14.1898 39.529 351.919
lfemur -21.8669 8.65156 -16.9772
ltibia 40.6138 0 0
lfoot -11.0708 -10.6128 0
ltoes 22.2514 0 0
rfemur -42.0701 -9.0071 10.6549
rtibia 47.2806 0 0
rfoot -4.3989 -11.8997 0
rtoes -17.32 0 0
lowerback 8.40496 0.778072 -2.86685
upperback 2.2747 0.741275 -1.96683
thorax -2.11822 0.382392 -0.240429
lowerneck -6.17539 -4.5418 1.27463
upperneck 4.2518 -6.38562 3.99013
head 2.59245 -3.0032 0.815634
lclavicle -8.93256e-15 1.21189e-14 0
lhumerus -42.9564 -17.9635 85.7579
lradius 61.1991 0 0
lwrist 19.0898 0 0
lhand -3.1291 0.463366 0
lfingers 7.12502 0 0
lthumb 22.5463 28.6204 0
rclavicle -8.93256e-15 1.21189e-14 0
rhumerus -43.2819 17.904 -74.2268
rradius 61.7623 0 0
rwrist 3.89872 0 0
rhand -12.0671 -26.5099 0
rfingers 7.12502 0 0
rthumb 13.9841 -775.863 0
832
root 3.17213 16.4968 25.5175 -14.2114 38.6755 352.181
lfemur -21.5282 8.5583 -17.0473
ltibia 40.395 0 0
lfoot -10.8319 -11.3069 0
ltoes 22.3764 0 0
rfemur -42.6969 -8.71292 10.4443
rtibia 47.2032 0 0
rfoot -4.08611 -11.4173 0
rtoes -17.1527 0 0
lowerback 8.5761 0.688671 -2.91636
upperback 2.34885 0.614704 -1.92753
thorax -2.13928 0.319129 -0.165116
lowerneck -6.19519 -4.4933 1.31884
upperneck 4.39949 -6.33096 3.96561
head 2.6409 -2.97325 0.800299
lclavicle -9.21737e-15 1.23392e-14 0
lhumerus -42.6616 -18.1193 85.5524
lradius 60.9931 0 0
lwrist 19.231 0 0
lhand -2.7029 0.593013 0
lfingers 7.12502 0 0
lthumb 22.9557 28.707 0
rclavicle -9.21737e-15 1.23392e-14 0
rhumerus -43.5654 17.1909 -73.3439
rradius 61.3531 0 0
rwrist 3.8383 0 0
rhand -11.812 -26.6521 0
rfingers 7.12502 0 0
rthumb 14.2301 -775.992 0
833
root 3.20648 16.4997 25.672 -14.2329 37.828 352.441
lfemur -21.1917 8.46648 -17.1173
ltibia 40.178 0 0
lfoot -10.5955 -11.9944 0
ltoes 22.4983 0 0
rfemur -43.3217 -8.42269 10.239
rtibia 47.1295 0 0
rfoot -3.77507 -10.9363 0
rtoes -16.9882 0 0
lowerback 8.74666 0.599851 -2.96598
upperback 2.42269 0.488845 -1.88877
thorax -2.16026 0.256223 -0.0903175
lowerneck -6.21493 -4.44504 1.36274
upperneck 4.54553 -6.27654 3.94135
head 2.68881 -2.94344 0.785112
lclavicle -9.48682e-15 1.25541e-14 0
lhumerus -42.3687 -18.2752 85.3484
lradius 60.7896 0 0
lwrist 19.3715 0 0
lhand -2.27851 0.722234 0
lfingers 7.12502 0 0
lthumb 23.3633 28.7932 0
rclavicle -9.48682e-15 1.25541e-14 0
rhumerus -43.8467 16.4802 -72.4662
rradius 60.9477 0 0
rwrist 3.77665 0 0
rhand -11.5605 -26.793 0
rfingers 7.12502 0 0
rthumb 14.4726 -776.12 0
834
root 3.24056 16.5027 25.8255 -14.2545 36.987 352.699
lfemur -20.8576 8.37619 -17.1871
ltibia 39.9631 0 0
lfoot -10.3618 -12.6746 0
ltoes 22.6169 0 0
rfemur -43.9444 -8.1367 10.0395
rtibia 47.0599 0 0
rfoot -3.466 -10.4571 0
rtoes -16.8266 0 0
lowerback 8.91656 0.511674 -3.0157
upperback 2.49619 0.363781 -1.8506
thorax -2.18116 0.193716 -0.0160849
lowerneck -6.23459 -4.39706 1.40631
upperneck 4.68981 -6.22239 3.91738
head 2.73616 -2.91381 0.770083
lclavicle -9.74005e-15 1.27633e-14 0
lhumerus -42.0778 -18.4312 85.1461
lradius 60.5887 0 0
lwrist 19.5112 0 0
lhand -1.85618 0.85096 0
lfingers 7.12502 0 0
lthumb 23.7689 28.8789 0
rclavicle -9.74005e-15 1.27633e-14 0
rhumerus -44.1256 15.7722 -71.5943
rradius 60.5466 0 0
rwrist 3.71375 0 0
rhand -11.3128 -26.9324 0
rfingers 7.12502 0 0
rthumb 14.7115 -776.247 0
835
root 3.27435 16.5056 25.9777 -14.2761 36.1533 352.956
lfemur -20.526 8.2875 -17.2568
ltibia 39.7505 0 0
lfoot -10.1311 -13.3471 0
ltoes 22.7321 0 0
rfemur -44.5644 -7.85521 9.84597
rtibia 46.9944 0 0
rfoot -3.15908 -9.98002 0
rtoes -16.6682 0 0
lowerback 9.08569 0.424199 -3.06549
upperback 2.5693 0.239593 -1.81307
thorax -2.20197 0.131649 0.0575291
lowerneck -6.25417 -4.34938 1.4495
upperneck 4.8322 -6.16855 3.89372
head 2.78289 -2.88435 0.755225
lclavicle -9.97622e-15 1.29667e-14 0
lhumerus -41.7891 -18.5873 84.9458
lradius 60.3906 0 0
lwrist 19.65 0 0
lhand -1.43615 0.979122 0
lfingers 7.12502 0 0
lthumb 24.1723 28.9641 0
rclavicle -9.97622e-15 1.29667e-14 0
rhumerus -44.4017 15.0672 -70.7288
rradius 60.15 0 0
rwrist 3.64957 0 0
rhand -11.0691 -27.0702 0
rfingers 7.12502 0 0
rthumb 14.9465 -776.372 0
836
root 3.30782 16.5084 26.1287 -14.2975 35.3272 353.21
lfemur -20.1972 8.2005 -17.3263
ltibia 39.5402 0 0
lfoot -9.90357 -14.0112 0
ltoes 22.8436 0 0
rfemur -45.1815 -7.5785 9.65874
rtibia 46.9333 0 0
rfoot -2.85453 -9.50519 0
rtoes -16.5132 0 0
lowerback 9.25395 0.337489 -3.11533
upperback 2.64198 0.116362 -1.7762
thorax -2.22266 0.0700619 0.130472
lowerneck -6.27365 -4.30203 1.49229
upperneck 4.97258 -6.11503 3.87039
head 2.82898 -2.85511 0.740549
lclavicle -1.01945e-14 1.31639e-14 0
lhumerus -41.5028 -18.7435 84.7474
lradius 60.1955 0 0
lwrist 19.7877 0 0
lhand -1.0187 1.10665 0
lfingers 7.12502 0 0
lthumb 24.5732 29.0486 0
rclavicle -1.01945e-14 1.31639e-14 0
rhumerus -44.675 14.3658 -69.8704
rradius 59.7583 0 0
rwrist 3.58409 0 0
rhand -10.8297 -27.2063 0
rfingers 7.12502 0 0
rthumb 15.1773 -776.496 0
837
root 3.34095 16.5113 26.2782 -14.3189 34.5096 353.462
lfemur -19.8714 8.11528 -17.3956
ltibia 39.3325 0 0
lfoot -9.67934 -14.6664 0
ltoes 22.9514 0 0
rfemur -45.7954 -7.30684 9.47811
rtibia 46.8767 0 0
rfoot -2.55254 -9.03291 0
rtoes -16.3617 0 0
lowerback 9.42127 0.251603 -3.16522
upperback 2.71419 -0.00582841 -1.74003
thorax -2.24324 0.00899659 0.202692
lowerneck -6.29302 -4.25505 1.53466
upperneck 5.11081 -6.06188 3.8474
head 2.87437 -2.82608 0.726067
lclavicle -1.03939e-14 1.33547e-14 0
lhumerus -41.2191 -18.8995 84.5513
lradius 60.0035 0 0
lwrist 19.9244 0 0
lhand -0.604068 1.23347 0
lfingers 7.12502 0 0
lthumb 24.9713 29.1326 0
rclavicle -1.03939e-14 1.33547e-14 0
rhumerus -44.9452 13.6683 -69.0195
rradius 59.3717 0 0
rwrist 3.51729 0 0
rhand -10.5948 -27.3405 0
rfingers 7.12502 0 0
rthumb 15.4038 -776.618 0
838
root 3.37371 16.514 26.4261 -14.34 33.7008 353.712
lfemur -19.5489 8.03192 -17.4645
ltibia 39.1274 0 0
lfoot -9.45864 -15.3121 0
ltoes 23.0551 0 0
rfemur -46.4056 -7.04051 9.3044
rtibia 46.8249 0 0
rfoot -2.2533 -8.56345 0
rtoes -16.214 0 0
lowerback 9.58753 0.166603 -3.21513
upperback 2.78588 -0.126898 -1.70461
thorax -2.26368 -0.0515062 0.274137
lowerneck -6.31228 -4.20846 1.57656
upperneck 5.24677 -6.00912 3.82478
head 2.91902 -2.79729 0.711791
lclavicle -1.05738e-14 1.35388e-14 0
lhumerus -40.9383 -19.0555 84.3574
lradius 59.8149 0 0
lwrist 20.06 0 0
lhand -0.192515 1.35952 0
lfingers 7.12502 0 0
lthumb 25.3665 29.2158 0
rclavicle -1.05738e-14 1.35388e-14 0
rhumerus -45.212 12.975 -68.1767
rradius 58.9906 0 0
rwrist 3.44913 0 0
rhand -10.3647 -27.4729 0
rfingers 7.12502 0 0
rthumb 15.6257 -776.739 0
839
root 3.40608 16.5168 26.5725 -14.361 32.9016 353.959
lfemur -19.2299 7.9505 -17.5332
ltibia 38.9253 0 0
lfoot -9.24169 -15.9479 0
ltoes 23.1547 0 0
rfemur -47.0118 -6.77978 9.1379
rtibia 46.7779 0 0
rfoot -1.95702 -8.09706 0
rtoes -16.0701 0 0
lowerback 9.75264 0.0825496 -3.26504
upperback 2.85702 -0.246763 -1.66997
thorax -2.28398 -0.111406 0.344753
lowerneck -6.3314 -4.16229 1.61797
upperneck 5.38033 -5.95679 3.80254
head 2.9629 -2.76875 0.697733
lclavicle -1.07331e-14 1.3716e-14 0
lhumerus -40.6605 -19.2112 84.1661
lradius 59.6299 0 0
lwrist 20.1942 0 0
lhand 0.215706 1.48473 0
lfingers 7.12502 0 0
lthumb 25.7585 29.2983 0
rclavicle -1.07331e-14 1.3716e-14 0
rhumerus -45.4754 12.2864 -67.3427
rradius 58.6153 0 0
rwrist 3.3796 0 0
rhand -10.1397 -27.6031 0
rfingers 7.12502 0 0
rthumb 15.8427 -776.858 0
840
root 3.43803 16.5194 26.717 -14.3816 32.1125 354.204
lfemur -18.9146 7.8711 -17.6015
ltibia 38.7262 0 0
lfoot -9.02867 -16.573 0
ltoes 23.2499 0 0
rfemur -47.6138 -6.52493 8.97891
rtibia 46.736 0 0
rfoot -1.6639 -7.63399 0
rtoes -15.9304 0 0
lowerback 9.91651 -0.00049656 -3.31494
upperback 2.92755 -0.365344 -1.63615
thorax -2.30412 -0.17066 0.41449
lowerneck -6.35039 -4.11657 1.65887
upperneck 5.51137 -5.90492 3.78071
head 3.00596 -2.74049 0.683904
lclavicle -1.08711e-14 1.38859e-14 0
lhumerus -40.3858 -19.3668 83.9774
lradius 59.4486 0 0
lwrist 20.3272 0 0
lhand 0.62034 1.60902 0
lfingers 7.12502 0 0
lthumb 26.1469 29.38 0
rclavicle -1.08711e-14 1.38859e-14 0
rhumerus -45.7351 11.6028 -66.5181
rradius 58.2463 0 0
rwrist 3.30866 0 0
rhand -9.91998 -27.7312 0
rfingers 7.12502 0 0
rthumb 16.0546 -776.975 0
841
root 3.46954 16.522 26.8598 -14.402 31.3341 354.446
lfemur -18.6032 7.79382 -17.6694
ltibia 38.5303 0 0
lfoot -8.81978 -17.1871 0
ltoes 23.3405 0 0
rfemur -48.2111 -6.27623 8.82773
rtibia 46.6994 0 0
rfoot -1.37414 -7.17451 0
rtoes -15.7949 0 0
lowerback 10.079 -0.0824744 -3.3648
upperback 2.99743 -0.482557 -1.60319
thorax -2.32409 -0.22923 0.483294
lowerneck -6.36922 -4.07134 1.69921
upperneck 5.63977 -5.85354 3.7593
head 3.04816 -2.71253 0.670316
lclavicle -1.0987e-14 1.40484e-14 0
lhumerus -40.1146 -19.522 83.7914
lradius 59.2711 0 0
lwrist 20.4587 0 0
lhand 1.02113 1.73234 0
lfingers 7.12502 0 0
lthumb 26.5317 29.4609 0
rclavicle -1.0987e-14 1.40484e-14 0
rhumerus -45.9908 10.9247 -65.7033
rradius 57.8836 0 0
rwrist 3.2363 0 0
rhand -9.70578 -27.857 0
rfingers 7.12502 0 0
rthumb 16.2611 -777.09 0
842
root 3.50058 16.5246 27.0006 -14.4219 30.5669 354.685
lfemur -18.2959 7.71872 -17.7369
ltibia 38.3378 0 0
lfoot -8.61523 -17.7894 0
ltoes 23.4264 0 0
rfemur -48.8034 -6.03396 8.68467
rtibia 46.6682 0 0
rfoot -1.08794 -6.71887 0
rtoes -15.664 0 0
lowerback 10.2402 -0.163323 -3.41462
upperback 3.06663 -0.598322 -1.57112
thorax -2.34388 -0.287074 0.551113
lowerneck -6.38789 -4.02661 1.73897
upperneck 5.76538 -5.80268 3.73834
head 3.08946 -2.68487 0.656982
lclavicle -1.10797e-14 1.42031e-14 0
lhumerus -39.847 -19.6769 83.6084
lradius 59.0978 0 0
lwrist 20.5887 0 0
lhand 1.41782 1.8546 0
lfingers 7.12502 0 0
lthumb 26.9125 29.5408 0
rclavicle -1.10797e-14 1.42031e-14 0
rhumerus -46.2424 10.2524 -64.8991
rradius 57.5278 0 0
rwrist 3.16249 0 0
rhand -9.49738 -27.9804 0
rfingers 7.12502 0 0
rthumb 16.4621 -777.202 0
843
root 3.53113 16.5271 27.1393 -14.4415 29.8116 354.921
lfemur -17.993 7.64591 -17.8039
ltibia 38.1489 0 0
lfoot -8.41522 -18.3795 0
ltoes 23.5074 0 0
rfemur -49.3905 -5.7984 8.55002
rtibia 46.6427 0 0
rfoot -0.805491 -6.26734 0
rtoes -15.5376 0 0
lowerback 10.3997 -0.242982 -3.46437
upperback 3.1351 -0.712556 -1.53998
thorax -2.36347 -0.34415 0.617895
lowerneck -6.4064 -3.98242 1.77812
upperneck 5.8881 -5.75237 3.71784
head 3.12982 -2.65755 0.643912
lclavicle -1.11486e-14 1.43497e-14 0
lhumerus -39.5831 -19.8314 83.4285
lradius 58.9287 0 0
lwrist 20.7171 0 0
lhand 1.81016 1.97574 0
lfingers 7.12502 0 0
lthumb 27.2891 29.6198 0
rclavicle -1.11486e-14 1.43497e-14 0
rhumerus -46.4897 9.58642 -64.1059
rradius 57.1792 0 0
rwrist 3.08721 0 0
rhand -9.29501 -28.1013 0
rfingers 7.12502 0 0
rthumb 16.6572 -777.313 0
844
root 3.56117 16.5296 27.2758 -14.4606 29.0687 355.154
lfemur -17.6947 7.57546 -17.8704
ltibia 37.9636 0 0
lfoot -8.21993 -18.9568 0
ltoes 23.5833 0 0
rfemur -49.9718 -5.5698 8.42409
rtibia 46.6229 0 0
rfoot -0.527001 -5.82016 0
rtoes -15.4162 0 0
lowerback 10.5577 -0.32139 -3.51404
upperback 3.2028 -0.825178 -1.50981
thorax -2.38286 -0.400418 0.683587
lowerneck -6.42472 -3.9388 1.81663
upperneck 6.00778 -5.70265 3.69783
head 3.1692 -2.63057 0.631119
lclavicle -1.11928e-14 1.44881e-14 0
lhumerus -39.3233 -19.9854 83.2518
lradius 58.7641 0 0
lwrist 20.8439 0 0
lhand 2.1979 2.09568 0
lfingers 7.12502 0 0
lthumb 27.6612 29.6978 0
rclavicle -1.11928e-14 1.44881e-14 0
rhumerus -46.7324 8.92703 -63.3244
rradius 56.8379 0 0
rwrist 3.01043 0 0
rhand -9.09894 -28.2196 0
rfingers 7.12502 0 0
rthumb 16.8463 -777.421 0
845
root 3.59067 16.532 27.4101 -14.4793 28.3389 355.384
lfemur -17.4012 7.50745 -17.9364
ltibia 37.7822 0 0
lfoot -8.02958 -19.5208 0
ltoes 23.6538 0 0
rfemur -50.5472 -5.34846 8.30719
rtibia 46.6091 0 0
rfoot -0.252669 -5.3776 0
rtoes -15.2997 0 0
lowerback 10.7139 -0.398486 -3.5636
upperback 3.26968 -0.936106 -1.48066
thorax -2.40202 -0.455837 0.748138
lowerneck -6.44284 -3.89578 1.85446
upperneck 6.12432 -5.65355 3.67832
head 3.20755 -2.60396 0.618614
lclavicle -1.12113e-14 1.4618e-14 0
lhumerus -39.0677 -20.1389 83.0784
lradius 58.6041 0 0
lwrist 20.9688 0 0
lhand 2.58077 2.21437 0
lfingers 7.12502 0 0
lthumb 28.0287 29.7748 0
rclavicle -1.12113e-14 1.4618e-14 0
rhumerus -46.9704 8.27467 -62.5552
rradius 56.5045 0 0
rwrist 2.93213 0 0
rhand -8.90941 -28.3352 0
rfingers 7.12502 0 0
rthumb 17.0291 -777.527 0
846
root 3.6196 16.5343 27.542 -14.4973 27.6226 355.61
lfemur -17.1127 7.44197 -18.0017
ltibia 37.6048 0 0
lfoot -7.84436 -20.0709 0
ltoes 23.7189 0 0
rfemur -51.1161 -5.13465 8.1996
rtibia 46.6015 0 0
rfoot 0.0173082 -4.93991 0
rtoes -15.1885 0 0
lowerback 10.8683 -0.47421 -3.61305
upperback 3.3357 -1.04526 -1.45255
thorax -2.42096 -0.510365 0.811495
lowerneck -6.46076 -3.85338 1.8916
upperneck 6.23757 -5.6051 3.65933
head 3.24484 -2.57773 0.60641
lclavicle -1.12033e-14 1.4739e-14 0
lhumerus -38.8164 -20.2918 82.9086
lradius 58.449 0 0
lwrist 21.092 0 0
lhand 2.95852 2.33173 0
lfingers 7.12502 0 0
lthumb 28.3912 29.8506 0
rclavicle -1.12033e-14 1.4739e-14 0
rhumerus -47.2034 7.62972 -61.7988
rradius 56.1792 0 0
rwrist 2.85228 0 0
rhand -8.72667 -28.4479 0
rfingers 7.12502 0 0
rthumb 17.2053 -777.631 0
847
root 3.64794 16.5365 27.6714 -14.5148 26.9206 355.833
lfemur -16.8294 7.37911 -18.0665
ltibia 37.4316 0 0
lfoot -7.66447 -20.6065 0
ltoes 23.7783 0 0
rfemur -51.6785 -4.92863 8.10163
rtibia 46.6003 0 0
rfoot 0.282729 -4.50735 0
rtoes -15.0827 0 0
lowerback 11.0208 -0.5485 -3.66235
upperback 3.40082 -1.15255 -1.42553
thorax -2.43965 -0.563963 0.873605
lowerneck -6.47847 -3.81165 1.928
upperneck 6.34741 -5.55732 3.64089
head 3.28102 -2.5519 0.594518
lclavicle -1.11681e-14 1.4851e-14 0
lhumerus -38.5697 -20.4441 82.7425
lradius 58.2988 0 0
lwrist 21.2131 0 0
lhand 3.3309 2.44769 0
lfingers 7.12502 0 0
lthumb 28.7485 29.9253 0
rclavicle -1.11681e-14 1.4851e-14 0
rhumerus -47.4312 6.99258 -61.0558
rradius 55.8623 0 0
rwrist 2.77086 0 0
rhand -8.55098 -28.5576 0
rfingers 7.12502 0 0
rthumb 17.3747 -777.732 0
848
root 3.67567 16.5387 27.7983 -14.5317 26.2333 356.052
lfemur -16.5517 7.31894 -18.1305
ltibia 37.2628 0 0
lfoot -7.49012 -21.1271 0
ltoes 23.8318 0 0
rfemur -52.2337 -4.7307 8.01359
rtibia 46.6055 0 0
rfoot 0.543394 -4.08018 0
rtoes -14.9825 0 0
lowerback 11.1713 -0.621295 -3.7115
upperback 3.46499 -1.2579 -1.39962
thorax -2.45809 -0.616589 0.934417
lowerneck -6.49595 -3.7706 1.96364
upperneck 6.45372 -5.51026 3.62301
head 3.31606 -2.52649 0.582949
lclavicle -1.11047e-14 1.49536e-14 0
lhumerus -38.3279 -20.5956 82.5802
lradius 58.1539 0 0
lwrist 21.3323 0 0
lhand 3.69766 2.56217 0
lfingers 7.12502 0 0
lthumb 29.1003 29.9987 0
rclavicle -1.11047e-14 1.49536e-14 0
rhumerus -47.6537 6.36365 -60.3269
rradius 55.5542 0 0
rwrist 2.68784 0 0
rhand -8.38257 -28.6643 0
rfingers 7.12502 0 0
rthumb 17.5371 -777.83 0
849
root 3.70276 16.5408 27.9224 -14.5479 25.5614 356.267
lfemur -16.2796 7.26155 -18.1939
ltibia 37.0985 0 0
lfoot -7.32149 -21.6321 0
ltoes 23.8794 0 0
rfemur -52.7816 -4.54111 7.93577
rtibia 46.6175 0 0
rfoot 0.799104 -3.65866 0
rtoes -14.8881 0 0
lowerback 11.3198 -0.692536 -3.76048
upperback 3.52817 -1.36124 -1.37488
thorax -2.47626 -0.668202 0.993877
lowerneck -6.51319 -3.73026 1.99848
upperneck 6.55637 -5.46394 3.60571
head 3.34991 -2.50152 0.571716
lclavicle -1.10123e-14 1.50466e-14 0
lhumerus -38.091 -20.7464 82.4219
lradius 58.0143 0 0
lwrist 21.4494 0 0
lhand 4.05853 2.67512 0
lfingers 7.12502 0 0
lthumb 29.4465 30.0709 0
rclavicle -1.10123e-14 1.50466e-14 0
rhumerus -47.8706 5.74331 -59.6125
rradius 55.2552 0 0
rwrist 2.60321 0 0
rhand -8.22171 -28.7677 0
rfingers 7.12502 0 0
rthumb 17.6922 -777.925 0
850
root 3.72919 16.5429 28.0438 -14.5633 24.9055 356.478
lfemur -16.0135 7.20703 -18.2565
ltibia 36.9389 0 0
lfoot -7.15879 -22.121 0
ltoes 23.9206 0 0
rfemur -53.3218 -4.36014 7.86848
rtibia 46.6364 0 0
rfoot 1.04966 -3.24304 0
rtoes -14.7996 0 0
lowerback 11.466 -0.76216 -3.80927
upperback 3.59033 -1.46247 -1.35134
thorax -2.49415 -0.718762 1.05193
lowerneck -6.53019 -3.69067 2.03251
upperneck 6.65524 -5.4184 3.58902
head 3.38252 -2.47701 0.56083
lclavicle -1.08899e-14 1.51297e-14 0
lhumerus -37.8592 -20.8964 82.2678
lradius 57.8802 0 0
lwrist 21.5642 0 0
lhand 4.41326 2.78646 0
lfingers 7.12502 0 0
lthumb 29.7867 30.1418 0
rclavicle -1.08899e-14 1.51297e-14 0
rhumerus -48.0818 5.13197 -58.9133
rradius 54.9656 0 0
rwrist 2.51693 0 0
rhand -8.06865 -28.8679 0
rfingers 7.12502 0 0
rthumb 17.8399 -778.018 0
851
root 3.75493 16.5448 28.1622 -14.578 24.266 356.685
lfemur -15.7535 7.15545 -18.3183
ltibia 36.7841 0 0
lfoot -7.00222 -22.5932 0
ltoes 23.9555 0 0
rfemur -53.854 -4.18808 7.81201
rtibia 46.6623 0 0
rfoot 1.29486 -2.83359 0
rtoes -14.7173 0 0
lowerback 11.6099 -0.830108 -3.85784
upperback 3.65141 -1.56151 -1.32904
thorax -2.51175 -0.768226 1.10854
lowerneck -6.54693 -3.65186 2.06568
upperneck 6.75019 -5.37366 3.57294
head 3.41387 -2.45297 0.550304
lclavicle -1.07369e-14 1.52027e-14 0
lhumerus -37.6329 -21.0455 82.1179
lradius 57.752 0 0
lwrist 21.6768 0 0
lhand 4.7616 2.89612 0
lfingers 7.12502 0 0
lthumb 30.1208 30.2114 0
rclavicle -1.07369e-14 1.52027e-14 0
rhumerus -48.2869 4.53 -58.2299
rradius 54.6858 0 0
rwrist 2.42897 0 0
rhand -7.92362 -28.9646 0
rfingers 7.12502 0 0
rthumb 17.9797 -778.108 0
852
root 3.77996 16.5467 28.2776 -14.5918 23.6437 356.888
lfemur -15.4998 7.10691 -18.3793
ltibia 36.6344 0 0
lfoot -6.85197 -23.0482 0
ltoes 23.9838 0 0
rfemur -54.3777 -4.02519 7.76668
rtibia 46.6955 0 0
rfoot 1.53451 -2.43055 0
rtoes -14.6413 0 0
lowerback 11.7514 -0.896318 -3.9062
upperback 3.71137 -1.65829 -1.30801
thorax -2.52904 -0.816555 1.16363
lowerneck -6.5634 -3.61385 2.09796
upperneck 6.8411 -5.32977 3.55751
head 3.4439 -2.42942 0.540148
lclavicle -1.05523e-14 1.52652e-14 0
lhumerus -37.4121 -21.1936 81.9724
lradius 57.6296 0 0
lwrist 21.787 0 0
lhand 5.1033 3.00404 0
lfingers 7.12502 0 0
lthumb 30.4485 30.2795 0
rclavicle -1.05523e-14 1.52652e-14 0
rhumerus -48.4858 3.93781 -57.5628
rradius 54.416 0 0
rwrist 2.33933 0 0
rhand -7.78689 -29.0578 0
rfingers 7.12502 0 0
rthumb 18.1116 -778.194 0
853
root 3.80425 16.5485 28.39 -14.6048 23.0391 357.086
lfemur -15.2528 7.06148 -18.4395
ltibia 36.4898 0 0
lfoot -6.70826 -23.4854 0
ltoes 24.0052 0 0
rfemur -54.8927 -3.87175 7.73277
rtibia 46.7362 0 0
rfoot 1.7684 -2.03419 0
rtoes -14.5719 0 0
lowerback 11.8905 -0.960729 -3.9543
upperback 3.77018 -1.75272 -1.2883
thorax -2.54602 -0.863707 1.21716
lowerneck -6.57959 -3.57668 2.12933
upperneck 6.92785 -5.28674 3.54274
head 3.47258 -2.40638 0.530375
lclavicle -1.03353e-14 1.53171e-14 0
lhumerus -37.1971 -21.3408 81.8315
lradius 57.5133 0 0
lwrist 21.8948 0 0
lhand 5.43809 3.11013 0
lfingers 7.12502 0 0
lthumb 30.7694 30.3461 0
rclavicle -1.03353e-14 1.53171e-14 0
rhumerus -48.6784 3.35579 -56.9126
rradius 54.1566 0 0
rwrist 2.24796 0 0
rhand -7.6587 -29.1474 0
rfingers 7.12502 0 0
rthumb 18.2352 -778.277 0
854
root 3.82778 16.5502 28.4991 -14.6169 22.4528 357.28
lfemur -15.0125 7.01925 -18.4987
ltibia 36.3506 0 0
lfoot -6.57126 -23.9042 0
ltoes 24.0197 0 0
rfemur -55.3987 -3.72803 7.7106
rtibia 46.7844 0 0
rfoot 1.99634 -1.64477 0
rtoes -14.5092 0 0
lowerback 12.027 -1.02328 -4.00215
upperback 3.82778 -1.84471 -1.26993
thorax -2.56266 -0.909641 1.26908
lowerneck -6.59549 -3.54036 2.15976
upperneck 7.0103 -5.24461 3.52865
head 3.49987 -2.38387 0.520997
lclavicle -1.00849e-14 1.53581e-14 0
lhumerus -36.9881 -21.4869 81.6954
lradius 57.4034 0 0
lwrist 22 0 0
lhand 5.76572 3.21434 0
lfingers 7.12502 0 0
lthumb 31.0835 30.4112 0
rclavicle -1.00849e-14 1.53581e-14 0
rhumerus -48.8643 2.78432 -56.28
rradius 53.9079 0 0
rwrist 2.15486 0 0
rhand -7.53931 -29.2332 0
rfingers 7.12502 0 0
rthumb 18.3503 -778.357 0
855
root 3.85053 16.5518 28.6048 -14.628 21.8853 357.47
lfemur -14.7793 6.98031 -18.557
ltibia 36.2168 0 0
lfoot -6.4412 -24.3042 0
ltoes 24.0271 0 0
rfemur -55.8952 -3.59432 7.70046
rtibia 46.8405 0 0
rfoot 2.21812 -1.26254 0
rtoes -14.4533 0 0
lowerback 12.1608 -1.08391 -4.04971
upperback 3.88414 -1.9342 -1.25296
thorax -2.57897 -0.954317 1.31934
lowerneck -6.6111 -3.50494 2.18922
upperneck 7.08834 -5.20342 3.51526
head 3.52572 -2.36191 0.512024
lclavicle -9.80043e-15 1.53878e-14 0
lhumerus -36.7853 -21.6319 81.5641
lradius 57.2999 0 0
lwrist 22.1026 0 0
lhand 6.08594 3.3166 0
lfingers 7.12502 0 0
lthumb 31.3904 30.4748 0
rclavicle -9.80043e-15 1.53878e-14 0
rhumerus -49.0434 2.22381 -55.6654
rradius 53.6703 0 0
rwrist 2.05998 0 0
rhand -7.42896 -29.3151 0
rfingers 7.12502 0 0
rthumb 18.4567 -778.434 0
856
root 3.87247 16.5534 28.7072 -14.6381 21.3373 357.654
lfemur -14.5534 6.94473 -18.6143
ltibia 36.0888 0 0
lfoot -6.31826 -24.6847 0
ltoes 24.0271 0 0
rfemur -56.3819 -3.47087 7.70265
rtibia 46.9045 0 0
rfoot 2.43356 -0.887756 0
rtoes -14.4046 0 0
lowerback 12.2918 -1.14256 -4.09698
upperback 3.93921 -2.02109 -1.23741
thorax -2.59492 -0.997694 1.36788
lowerneck -6.62638 -3.47045 2.21767
upperneck 7.16183 -5.16319 3.50259
head 3.55009 -2.34051 0.50347
lclavicle -9.48096e-15 1.54061e-14 0
lhumerus -36.5888 -21.7757 81.4379
lradius 57.203 0 0
lwrist 22.2025 0 0
lhand 6.3985 3.41682 0
lfingers 7.12502 0 0
lthumb 31.6899 30.5367 0
rclavicle -9.48096e-15 1.54061e-14 0
rhumerus -49.2155 1.67465 -55.0696
rradius 53.4441 0 0
rwrist 1.96332 0 0
rhand -7.3279 -29.3931 0
rfingers 7.12502 0 0
rthumb 18.5542 -778.507 0
857
root 3.89357 16.5548 28.806 -14.6472 20.8094 357.834
lfemur -14.3349 6.9126 -18.6705
ltibia 35.9666 0 0
lfoot -6.20264 -25.0451 0
ltoes 24.0196 0 0
rfemur -56.8586 -3.35798 7.71748
rtibia 46.9767 0 0
rfoot 2.64244 -0.520683 0
rtoes -14.3631 0 0
lowerback 12.42 -1.19917 -4.14394
upperback 3.99295 -2.1053 -1.22333
thorax -2.61051 -1.03973 1.41465
lowerneck -6.64135 -3.4369 2.24508
upperneck 7.23065 -5.12396 3.49066
head 3.57295 -2.3197 0.495346
lclavicle -9.12563e-15 1.54127e-14 0
lhumerus -36.3989 -21.9183 81.3168
lradius 57.113 0 0
lwrist 22.2995 0 0
lhand 6.70313 3.51495 0
lfingers 7.12502 0 0
lthumb 31.9818 30.597 0
rclavicle -9.12563e-15 1.54127e-14 0
rhumerus -49.3803 1.13723 -54.493
rradius 53.2296 0 0
rwrist 1.86484 0 0
rhand -7.23639 -29.4669 0
rfingers 7.12502 0 0
rthumb 18.6425 -778.576 0
858
root 3.91381 16.5562 28.9011 -14.6551 20.3021 358.008
lfemur -14.1241 6.88401 -18.7258
ltibia 35.8503 0 0
lfoot -6.09455 -25.385 0
ltoes 24.0043 0 0
rfemur -57.3248 -3.2559 7.74524
rtibia 47.0572 0 0
rfoot 2.84457 -0.161576 0
rtoes -14.3291 0 0
lowerback 12.5452 -1.25367 -4.19056
upperback 4.04531 -2.18676 -1.21076
thorax -2.62571 -1.08038 1.45959
lowerneck -6.65598 -3.40434 2.27143
upperneck 7.29467 -5.08576 3.47949
head 3.59424 -2.29948 0.487664
lclavicle -8.7336e-15 1.54072e-14 0
lhumerus -36.2157 -22.0595 81.2011
lradius 57.03 0 0
lwrist 22.3938 0 0
lhand 6.99958 3.61092 0
lfingers 7.12502 0 0
lthumb 32.2658 30.6555 0
rclavicle -8.7336e-15 1.54072e-14 0
rhumerus -49.5377 0.611935 -53.9363
rradius 53.0271 0 0
rwrist 1.76451 0 0
rhand -7.15468 -29.5365 0
rfingers 7.12502 0 0
rthumb 18.7213 -778.642 0
859
root 3.93316 16.5574 28.9926 -14.662 19.816 358.178
lfemur -13.9213 6.85904 -18.7799
ltibia 35.7403 0 0
lfoot -5.99417 -25.7038 0
ltoes 23.9812 0 0
rfemur -57.7802 -3.16492 7.78625
rtibia 47.1463 0 0
rfoot 3.03974 0.189308 0
rtoes -14.3027 0 0
lowerback 12.6674 -1.30601 -4.23683
upperback 4.09626 -2.26538 -1.19972
thorax -2.64053 -1.11962 1.50266
lowerneck -6.67027 -3.37278 2.29668
upperneck 7.35377 -5.04861 3.4691
head 3.61394 -2.27989 0.480435
lclavicle -8.30402e-15 1.53895e-14 0
lhumerus -36.0395 -22.1995 81.0908
lradius 56.9543 0 0
lwrist 22.485 0 0
lhand 7.28761 3.70465 0
lfingers 7.12502 0 0
lthumb 32.5416 30.7122 0
rclavicle -8.30402e-15 1.53895e-14 0
rhumerus -49.6875 0.0991678 -53.4
rradius 52.8369 0 0
rwrist 1.66232 0 0
rhand -7.08301 -29.6018 0
rfingers 7.12502 0 0
rthumb 18.7904 -778.704 0
860
root 3.95161 16.5586 29.0801 -14.6676 19.3516 358.342
lfemur -13.7266 6.83777 -18.8329
ltibia 35.6366 0 0
lfoot -5.90172 -26.0009 0
ltoes 23.95 0 0
rfemur -58.2245 -3.08532 7.84079
rtibia 47.244 0 0
rfoot 3.22777 0.531711 0
rtoes -14.2842 0 0
lowerback 12.7865 -1.35613 -4.28273
upperback 4.14575 -2.34108 -1.19026
thorax -2.65494 -1.15739 1.54381
lowerneck -6.68421 -3.34227 2.32081
upperneck 7.40782 -5.01256 3.45951
head 3.63199 -2.26093 0.473671
lclavicle -7.83602e-15 1.53593e-14 0
lhumerus -35.8704 -22.338 80.9862
lradius 56.8859 0 0
lwrist 22.5732 0 0
lhand 7.56694 3.79607 0
lfingers 7.12502 0 0
lthumb 32.809 30.7672 0
rclavicle -7.83602e-15 1.53593e-14 0
rhumerus -49.8294 -0.400681 -52.8847
rradius 52.6595 0 0
rwrist 1.55825 0 0
rhand -7.02163 -29.6626 0
rfingers 7.12502 0 0
rthumb 18.8496 -778.762 0
861
root 3.96913 16.5597 29.1638 -14.672 18.9097 358.5
lfemur -13.5402 6.82029 -18.8847
ltibia 35.5393 0 0
lfoot -5.8174 -26.2758 0
ltoes 23.9105 0 0
rfemur -58.6573 -3.01736 7.90917
rtibia 47.3507 0 0
rfoot 3.40844 0.865375 0
rtoes -14.2737 0 0
lowerback 12.9022 -1.40396 -4.32825
upperback 4.19373 -2.41377 -1.18242
thorax -2.66894 -1.19365 1.58298
lowerneck -6.69778 -3.31282 2.34378
upperneck 7.4567 -4.97763 3.45074
head 3.64836 -2.24262 0.467384
lclavicle -7.32876e-15 1.53162e-14 0
lhumerus -35.7087 -22.4751 80.8874
lradius 56.8251 0 0
lwrist 22.6582 0 0
lhand 7.83733 3.88512 0
lfingers 7.12502 0 0
lthumb 33.0678 30.8202 0
rclavicle -7.32876e-15 1.53162e-14 0
rhumerus -49.9632 -0.887219 -52.3911
rradius 52.495 0 0
rwrist 1.45226 0 0
rhand -6.9708 -29.7189 0
rfingers 7.12502 0 0
rthumb 18.8986 -778.816 0
862
root 3.98569 16.5606 29.2433 -14.6752 18.4907 358.653
lfemur -13.3625 6.80667 -18.9352
ltibia 35.4487 0 0
lfoot -5.74139 -26.5278 0
ltoes 23.8625 0 0
rfemur -59.0783 -2.96133 7.9917
rtibia 47.4664 0 0
rfoot 3.58156 1.19004 0
rtoes -14.2714 0 0
lowerback 13.0147 -1.44945 -4.37336
upperback 4.24017 -2.48338 -1.17624
thorax -2.68251 -1.22837 1.62011
lowerneck -6.71097 -3.28448 2.36557
upperneck 7.50027 -4.94386 3.4428
head 3.663 -2.22499 0.461586
lclavicle -6.78138e-15 1.52601e-14 0
lhumerus -35.5546 -22.6106 80.7945
lradius 56.7721 0 0
lwrist 22.7401 0 0
lhand 8.09853 3.97173 0
lfingers 7.12502 0 0
lthumb 33.3178 30.8713 0
rclavicle -6.78138e-15 1.52601e-14 0
rhumerus -50.0888 -1.36005 -51.9196
rradius 52.3439 0 0
rwrist 1.34432 0 0
rhand -6.93076 -29.7705 0
rfingers 7.12502 0 0
rthumb 18.9373 -778.866 0
863
root 4.00126 16.5615 29.3187 -14.677 18.0953 358.801
lfemur -13.1935 6.79701 -18.9846
ltibia 35.365 0 0
lfoot -5.6739 -26.7566 0
ltoes 23.8059 0 0
rfemur -59.4871 -2.91749 8.08867
rtibia 47.5913 0 0
rfoot 3.74694 1.50546 0
rtoes -14.2774 0 0
lowerback 13.1237 -1.49252 -4.41805
upperback 4.28502 -2.54982 -1.17175
thorax -2.69564 -1.2615 1.65516
lowerneck -6.72378 -3.25726 2.38614
upperneck 7.53841 -4.91127 3.43573
head 3.67588 -2.20805 0.456289
lclavicle -6.19303e-15 1.51906e-14 0
lhumerus -35.4082 -22.7445 80.7077
lradius 56.727 0 0
lwrist 22.8186 0 0
lhand 8.35027 4.05582 0
lfingers 7.12502 0 0
lthumb 33.5586 30.9204 0
rclavicle -6.19303e-15 1.51906e-14 0
rhumerus -50.2059 -1.81879 -51.4709
rradius 52.2065 0 0
rwrist 1.23443 0 0
rhand -6.90177 -29.8174 0
rfingers 7.12502 0 0
rthumb 18.9652 -778.912 0
864
root 4.01583 16.5622 29.3898 -14.6774 17.724 358.942
lfemur -13.0336 6.79139 -19.0326
ltibia 35.2882 0 0
lfoot -5.61513 -26.9614 0
ltoes 23.7405 0 0
rfemur -59.8835 -2.88612 8.20039
rtibia 47.7257 0 0
rfoot 3.90436 1.81136 0
rtoes -14.2921 0 0
lowerback 13.2292 -1.53313 -4.4623
upperback 4.32824 -2.61301 -1.16899
thorax -2.70832 -1.29301 1.68808
lowerneck -6.73619 -3.2312 2.40546
upperneck 7.57099 -4.8799 3.42953
head 3.68695 -2.19182 0.451504
lclavicle -5.56286e-15 1.51076e-14 0
lhumerus -35.2697 -22.8768 80.6271
lradius 56.69 0 0
lwrist 22.8937 0 0
lhand 8.59231 4.13733 0
lfingers 7.12502 0 0
lthumb 33.79 30.9675 0
rclavicle -5.56286e-15 1.51076e-14 0
rhumerus -50.3143 -2.26304 -51.0456
rradius 52.083 0 0
rwrist 1.12255 0 0
rhand -6.88408 -29.8593 0
rfingers 7.12502 0 0
rthumb 18.9823 -778.953 0
865
root 4.09285 16.5646 29.7798 -14.6702 15.7342 359.76
lfemur -12.1436 6.85351 -19.3388
ltibia 34.9245 0 0
lfoot -5.41702 -27.812 0
ltoes 23.0877 0 0
rfemur -62.3278 -2.96847 9.32891
rtibia 48.869 0 0
rfoot 4.79819 3.6918 0
rtoes -14.6003 0 0
lowerback 13.8763 -1.75436 -4.75922
upperback 4.58852 -2.97183 -1.19172
thorax -2.78593 -1.47173 1.86484
lowerneck -6.81261 -3.07856 2.5094
upperneck 7.66295 -4.6919 3.40784
head 3.72019 -2.09645 0.43072
lclavicle 6.94091e-17 1.40037e-14 0
lhumerus -34.501 -23.7503 80.2154
lradius 56.6298 0 0
lwrist 23.3322 0 0
lhand 10.0349 4.63672 0
lfingers 7.12502 0 0
lthumb 35.1674 31.2426 0
rclavicle 6.94091e-17 1.40037e-14 0
rhumerus -50.8557 -4.9894 -48.6558
rradius 51.5575 0 0
rwrist 0.309976 0 0
rhand -7.01575 -30.0266 0
rfingers 7.12502 0 0
rthumb 18.8555 -779.131 0
866
root 4.14446 16.5634 30.0675 -14.6531 14.3525 360.435
lfemur -11.464 7.07 -19.6436
ltibia 34.761 0 0
lfoot -5.4972 -27.9433 0
ltoes 22.0731 0 0
rfemur -64.623 -3.49289 11.1007
rtibia 50.4509 0 0
rfoot 5.51214 5.44633 0
rtoes -15.242 0 0
lowerback 14.4784 -1.91475 -5.07716
upperback 4.8228 -3.25871 -1.27748
thorax -2.85797 -1.61429 1.98839
lowerneck -6.88419 -2.94833 2.58233
upperneck 7.57272 -4.52425 3.41437
head 3.69464 -2.01457 0.425374
lclavicle 8.20467e-15 1.19839e-14 0
lhumerus -33.917 -24.6636 79.9666
lradius 56.8451 0 0
lwrist 23.7037 0 0
lhand 11.3087 5.09989 0
lfingers 7.12502 0 0
lthumb 36.3803 31.476 0
rclavicle 8.20467e-15 1.19839e-14 0
rhumerus -51.1579 -7.52792 -46.7881
rradius 51.4453 0 0
rwrist -0.650455 0 0
rhand -7.52728 -30.0352 0
rfingers 7.12502 0 0
rthumb 18.3625 -779.172 0
867
root 4.17398 16.559 30.2657 -14.6273 13.501 360.984
lfemur -10.9697 7.41679 -19.9443
ltibia 34.7695 0 0
lfoot -5.81399 -27.4595 0
ltoes 20.7575 0 0
rfemur -66.7729 -4.39007 13.4056
rtibia 52.3964 0 0
rfoot 6.06811 7.08072 0
rtoes -16.1616 0 0
lowerback 15.0372 -2.02222 -5.41031
upperback 5.03296 -3.4822 -1.4162
thorax -2.9246 -1.72501 2.06562
lowerneck -6.95103 -2.83834 2.62815
upperneck 7.3281 -4.3754 3.44499
head 3.61926 -1.9449 0.433267
lclavicle 1.83272e-14 9.24233e-15 0
lhumerus -33.495 -25.6041 79.859
lradius 57.2929 0 0
lwrist 24.0147 0 0
lhand 12.4291 5.5289 0
lfingers 7.12502 0 0
lthumb 37.444 31.6721 0
rclavicle 1.83272e-14 9.24233e-15 0
rhumerus -51.2539 -9.88632 -45.3808
rradius 51.6873 0 0
rwrist -1.731 0 0
rhand -8.36158 -29.9099 0
rfingers 7.12502 0 0
rthumb 17.5582 -779.096 0
868
root 4.18475 16.5521 30.3872 -14.5942 13.1018 361.42
lfemur -10.6353 7.86979 -20.2386
ltibia 34.9221 0 0
lfoot -6.32571 -26.4649 0
ltoes 19.2017 0 0
rfemur -68.7811 -5.59067 16.1333
rtibia 54.631 0 0
rfoot 6.48801 8.60076 0
rtoes -17.3033 0 0
lowerback 15.554 -2.08469 -5.75285
upperback 5.22087 -3.65086 -1.59779
thorax -2.98598 -1.8082 2.10344
lowerneck -7.01325 -2.7464 2.6508
upperneck 6.95691 -4.24382 3.49557
head 3.50299 -1.88616 0.452199
lclavicle 2.99213e-14 5.97348e-15 0
lhumerus -33.2123 -26.5591 79.8712
lradius 57.9304 0 0
lwrist 24.2718 0 0
lhand 13.4113 5.92579 0
lfingers 7.12502 0 0
lthumb 38.3733 31.8354 0
rclavicle 2.99213e-14 5.97348e-15 0
rhumerus -51.1767 -12.0724 -44.3723
rradius 52.2242 0 0
rwrist -2.90393 0 0
rhand -9.46157 -29.6753 0
rfingers 7.12502 0 0
rthumb 16.4979 -778.927 0
869
root 4.18007 16.5433 30.4449 -14.5551 13.077 361.76
lfemur -10.4357 8.40491 -20.5238
ltibia 35.1906 0 0
lfoot -6.99069 -25.0639 0
ltoes 17.4665 0 0
rfemur -70.6514 -7.02537 19.1736
rtibia 57.0798 0 0
rfoot 6.79376 10.0122 0
rtoes -18.6116 0 0
lowerback 16.0304 -2.11009 -6.09898
upperback 5.38841 -3.77327 -1.81218
thorax -3.04227 -1.86818 2.10877
lowerneck -7.07094 -2.67033 2.65419
upperneck 6.48696 -4.12796 3.56199
head 3.35478 -1.83705 0.479968
lclavicle 4.24712e-14 2.37165e-15 0
lhumerus -33.0463 -27.5161 79.9815
lradius 58.7145 0 0
lwrist 24.4817 0 0
lhand 14.2706 6.29261 0
lfingers 7.12502 0 0
lthumb 39.1834 31.9704 0
rclavicle 4.24712e-14 2.37165e-15 0
rhumerus -50.9593 -14.0938 -43.7006
rradius 52.9969 0 0
rwrist -4.1415 0 0
rhand -10.7701 -29.3562 0
rfingers 7.12502 0 0
rthumb 15.2364 -778.684 0
870
root 4.16328 16.533 30.4514 -14.5115 13.3487 362.019
lfemur -10.3458 8.99807 -20.7975
ltibia 35.5468 0 0
lfoot -7.76726 -23.3605 0
ltoes 15.6126 0 0
rfemur -72.3875 -8.62484 22.4164
rtibia 59.6682 0 0
rfoot 7.00726 11.3209 0
rtoes -20.0305 0 0
lowerback 16.4679 -2.10633 -6.44289
upperback 5.53744 -3.85797 -2.04927
thorax -3.09363 -1.90926 2.08851
lowerneck -7.12421 -2.60794 2.64226
upperneck 5.94605 -4.02626 3.64011
head 3.18356 -1.79629 0.514374
lclavicle 5.54613e-14 -1.36879e-15 0
lhumerus -32.9743 -28.4623 80.1684
lradius 59.6024 0 0
lwrist 24.651 0 0
lhand 15.0221 6.63141 0
lfingers 7.12502 0 0
lthumb 39.8894 32.0817 0
rclavicle 5.54613e-14 -1.36879e-15 0
rhumerus -50.6349 -15.9583 -43.3041
rradius 53.9463 0 0
rwrist -5.41598 0 0
rhand -12.2302 -28.9773 0
rfingers 7.12502 0 0
rthumb 13.8288 -778.389 0
871
root 4.13769 16.5218 30.4197 -14.4646 13.839 362.211
lfemur -10.3403 9.62518 -21.057
ltibia 35.9628 0 0
lfoot -8.61373 -21.4592 0
ltoes 13.7009 0 0
rfemur -73.993 -10.3198 25.7514
rtibia 62.3214 0 0
rfoot 7.15042 12.5325 0
rtoes -21.5045 0 0
lowerback 16.8679 -2.08134 -6.77877
upperback 5.66984 -3.91353 -2.29898
thorax -3.1402 -1.93575 2.04957
lowerneck -7.17317 -2.55705 2.61891
upperneck 5.362 -3.93718 3.72581
head 2.99828 -1.7626 0.553216
lclavicle 6.83757e-14 -5.05349e-15 0
lhumerus -32.9736 -29.3851 80.4104
lradius 60.551 0 0
lwrist 24.7862 0 0
lhand 15.6813 6.94424 0
lfingers 7.12502 0 0
lthumb 40.5064 32.1736 0
rclavicle 6.83757e-14 -5.05349e-15 0
rhumerus -50.2363 -17.6737 -43.1211
rradius 55.0131 0 0
rwrist -6.69961 0 0
rhand -13.7847 -28.5634 0
rfingers 7.12502 0 0
rthumb 12.3301 -778.063 0
872
root 4.10663 16.5103 30.3625 -14.4157 14.4699 362.353
lfemur -10.394 10.2622 -21.2998
ltibia 36.4103 0 0
lfoot -9.48844 -19.4643 0
ltoes 11.792 0 0
rfemur -75.4717 -12.0408 29.0683
rtibia 64.9645 0 0
rfoot 7.24515 13.6528 0
rtoes -22.9779 0 0
lowerback 17.232 -2.04303 -7.10081
upperback 5.78748 -3.9485 -2.55125
thorax -3.18216 -1.95198 1.99886
lowerneck -7.21792 -2.51548 2.58808
upperneck 4.76261 -3.85917 3.81496
head 2.80789 -1.7347 0.594296
lclavicle 8.06988e-14 -8.4881e-15 0
lhumerus -33.0216 -30.2719 80.6859
lradius 61.5175 0 0
lwrist 24.894 0 0
lhand 16.2633 7.23316 0
lfingers 7.12502 0 0
lthumb 41.0493 32.2508 0
rclavicle 8.06988e-14 -8.4881e-15 0
rhumerus -49.7966 -19.2477 -43.0897
rradius 56.1382 0 0
rwrist -7.96467 0 0
rhand -15.3765 -28.1392 0
rfingers 7.12502 0 0
rthumb 10.7955 -777.728 0
873
root 4.07343 16.499 30.2927 -14.3664 15.1635 362.459
lfemur -10.4818 10.8849 -21.5235
ltibia 36.8613 0 0
lfoot -10.3497 -17.4799 0
ltoes 9.94688 0 0
rfemur -76.8272 -13.7186 32.2571
rtibia 67.523 0 0
rfoot 7.31336 14.6877 0
rtoes -24.3949 0 0
lowerback 17.5617 -1.99933 -7.40319
upperback 5.89224 -3.97146 -2.79598
thorax -3.21965 -1.96225 1.94327
lowerneck -7.25857 -2.48103 2.55369
upperneck 4.1757 -3.79069 3.90342
head 2.62133 -1.71129 0.635411
lclavicle 9.19148e-14 -1.14783e-14 0
lhumerus -33.0956 -31.11 80.9734
lradius 62.459 0 0
lwrist 24.9809 0 0
lhand 16.7834 7.5002 0
lfingers 7.12502 0 0
lthumb 41.5334 32.3176 0
rclavicle 9.19148e-14 -1.14783e-14 0
rhumerus -49.3488 -20.688 -43.1483
rradius 57.2625 0 0
rwrist -9.18342 0 0
rhand -16.9486 -27.7293 0
rfingers 7.12502 0 0
rthumb 9.27983 -777.405 0
874
root 4.04139 16.4885 30.223 -14.3178 15.842 362.545
lfemur -10.5783 11.4694 -21.7255
ltibia 37.2878 0 0
lfoot -11.1559 -15.6104 0
ltoes 8.22617 0 0
rfemur -78.0632 -15.2839 35.2074
rtibia 69.922 0 0
rfoot 7.37696 15.6429 0
rtoes -25.6998 0 0
lowerback 17.8584 -1.95816 -7.68011
upperback 5.98599 -3.99095 -3.02309
thorax -3.25284 -1.97088 1.88973
lowerneck -7.29522 -2.45154 2.51966
upperneck 3.62906 -3.73019 3.98708
head 2.44755 -1.6911 0.674361
lclavicle 1.01508e-13 -1.38297e-14 0
lhumerus -33.1729 -31.8869 81.2513
lradius 63.3324 0 0
lwrist 25.0536 0 0
lhand 17.2569 7.74743 0
lfingers 7.12502 0 0
lthumb 41.9737 32.3786 0
rclavicle 1.01508e-13 -1.38297e-14 0
rhumerus -48.9261 -22.0024 -43.235
rradius 58.3267 0 0
rwrist -10.3281 0 0
rhand -18.4437 -27.3586 0
rfingers 7.12502 0 0
rthumb 7.83824 -777.116 0
875
root 4.01386 16.4794 30.1663 -14.2713 16.4274 362.626
lfemur -10.6585 11.9915 -21.9032
ltibia 37.6615 0 0
lfoot -11.8652 -13.9601 0
ltoes 6.6907 0 0
rfemur -79.1835 -16.6673 37.8091
rtibia 72.0868 0 0
rfoot 7.45786 16.5241 0
rtoes -26.837 0 0
lowerback 18.1237 -1.92743 -7.92576
upperback 6.0706 -4.01555 -3.2225
thorax -3.28188 -1.98218 1.84514
lowerneck -7.32799 -2.42481 2.48991
upperneck 3.15053 -3.67612 4.0618
head 2.2955 -1.67284 0.708947
lclavicle 1.08963e-13 -1.53479e-14 0
lhumerus -33.2309 -32.5898 81.4981
lradius 64.0949 0 0
lwrist 25.1186 0 0
lhand 17.6991 7.97689 0
lfingers 7.12502 0 0
lthumb 42.3852 32.4384 0
rclavicle 1.08963e-13 -1.53479e-14 0
rhumerus -48.5613 -23.1986 -43.2882
rradius 59.2717 0 0
rwrist -11.371 0 0
rhand -19.805 -27.0517 0
rfingers 7.12502 0 0
rthumb 6.52572 -776.881 0
876
root 3.99414 16.4722 30.1354 -14.2283 16.8418 362.717
lfemur -10.6971 12.4271 -22.0541
ltibia 37.9544 0 0
lfoot -12.4361 -12.6332 0
ltoes 5.40124 0 0
rfemur -80.1917 -17.7995 39.9519
rtibia 73.9427 0 0
rfoot 7.57797 17.3372 0
rtoes -27.7507 0 0
lowerback 18.3591 -1.91508 -8.13432
upperback 6.14795 -4.0538 -3.38413
thorax -3.30693 -2.00047 1.81641
lowerneck -7.35697 -2.39866 2.46836
upperneck 2.76789 -3.62694 4.12346
head 2.1741 -1.65522 0.736967
lclavicle 1.13763e-13 -1.58387e-14 0
lhumerus -33.2469 -33.2061 81.6922
lradius 64.7034 0 0
lwrist 25.1826 0 0
lhand 18.1251 8.19063 0
lfingers 7.12502 0 0
lthumb 42.7831 32.5013 0
rclavicle 1.13763e-13 -1.58387e-14 0
rhumerus -48.2875 -24.2843 -43.2462
rradius 60.0384 0 0
rwrist -12.2844 0 0
rhand -20.9752 -26.8334 0
rfingers 7.12502 0 0
rthumb 5.39733 -776.722 0
877
root 3.98556 16.4674 30.1431 -14.1902 17.0073 362.834
lfemur -10.669 12.7521 -22.1757
ltibia 38.1384 0 0
lfoot -12.8269 -11.734 0
ltoes 4.41858 0 0
rfemur -81.0916 -18.6112 41.5257
rtibia 75.4149 0 0
rfoot 7.75919 18.0879 0
rtoes -28.3853 0 0
lowerback 18.566 -1.92901 -8.3
upperback 6.21991 -4.11428 -3.4979
thorax -3.32815 -2.03007 1.81044
lowerneck -7.38228 -2.3709 2.45894
upperneck 2.50897 -3.58109 4.16792
head 2.09232 -1.63696 0.756221
lclavicle 1.15394e-13 -1.51076e-14 0
lhumerus -33.1982 -33.7232 81.8121
lradius 65.1152 0 0
lwrist 25.2522 0 0
lhand 18.5503 8.3907 0
lfingers 7.12502 0 0
lthumb 43.1823 32.5719 0
rclavicle 1.15394e-13 -1.51076e-14 0
rhumerus -48.1378 -25.2674 -43.047
rradius 60.5675 0 0
rwrist -13.0405 0 0
rhand -21.8972 -26.7284 0
rfingers 7.12502 0 0
rthumb 4.50808 -776.66 0
878
root 3.96646 16.4753 30.2021 -13.7603 18.1157 362.441
lfemur -11.2155 13.5965 -21.7907
ltibia 38.4132 0 0
lfoot -13.0719 -10.0466 0
ltoes 2.70624 0 0
rfemur -81.9036 -19.2226 40.7651
rtibia 80.3672 0 0
rfoot 9.60058 20.5686 0
rtoes -26.6786 0 0
lowerback 18.2519 -2.30577 -8.16191
upperback 6.14534 -4.54849 -3.41742
thorax -3.21149 -2.24683 1.88868
lowerneck -7.34725 -2.46977 2.3522
upperneck 2.68827 -3.71791 4.32626
head 2.15306 -1.69765 0.819088
lclavicle -8.84592e-15 5.1684e-14 0
lhumerus -32.9671 -34.9216 82.5924
lradius 64.4648 0 0
lwrist 24.832 0 0
lhand 19.7685 9.17922 0
lfingers 7.12502 0 0
lthumb 44.3194 32.9419 0
rclavicle -8.84592e-15 5.1684e-14 0
rhumerus -48.3204 -26.5548 -43.2909
rradius 62.2394 0 0
rwrist -16.2513 0 0
rhand -27.1368 -28.8165 0
rfingers 7.12502 0 0
rthumb -0.552174 -778.796 0
879
root 3.94497 16.4863 30.2635 -13.2433 19.2928 361.916
lfemur -11.9503 14.583 -21.2876
ltibia 38.7618 0 0
lfoot -13.1904 -8.04217 0
ltoes 1.15203 0 0
rfemur -82.4639 -20.0259 40.0056
rtibia 85.1061 0 0
rfoot 11.6313 22.9565 0
rtoes -24.0828 0 0
lowerback 17.7758 -2.69619 -7.93175
upperback 6.00627 -4.97327 -3.27626
thorax -3.08273 -2.45904 1.96685
lowerneck -7.36038 -2.59305 2.23741
upperneck 2.99664 -3.89575 4.49189
head 2.26706 -1.77458 0.883126
lclavicle 8.37877e-14 1.11319e-14 0
lhumerus -32.7444 -36.1396 83.5077
lradius 63.6594 0 0
lwrist 24.1848 0 0
lhand 21.0465 9.94934 0
lfingers 7.12502 0 0
lthumb 45.5087 33.2457 0
rclavicle 8.37877e-14 1.11319e-14 0
rhumerus -48.5571 -27.6772 -43.6502
rradius 64.0301 0 0
rwrist -18.8761 0 0
rhand -32.3235 -31.7781 0
rfingers 7.12502 0 0
rthumb -5.56111 -781.685 0
880
root 3.922 16.499 30.327 -12.6689 20.4783 361.298
lfemur -12.8295 15.7281 -20.7108
ltibia 39.1738 0 0
lfoot -13.1776 -5.82273 0
ltoes -0.0852093 0 0
rfemur -82.6886 -20.9871 39.2422
rtibia 89.5917 0 0
rfoot 13.8262 24.8719 0
rtoes -20.5112 0 0
lowerback 17.1762 -3.0775 -7.63205
upperback 5.80932 -5.36947 -3.08606
thorax -2.95487 -2.65691 2.04166
lowerneck -7.41953 -2.73557 2.11677
upperneck 3.39586 -4.10532 4.6451
head 2.42134 -1.86457 0.942072
lclavicle 8.41853e-14 -3.73715e-14 0
lhumerus -32.5829 -37.3419 84.5518
lradius 62.7825 0 0
lwrist 23.3104 0 0
lhand 22.3456 10.6477 0
lfingers 7.12502 0 0
lthumb 46.7136 33.4391 0
rclavicle 8.41853e-14 -3.73715e-14 0
rhumerus -48.8057 -28.5912 -44.159
rradius 65.931 0 0
rwrist -20.828 0 0
rhand -37.2326 -35.8404 0
rfingers 7.12502 0 0
rthumb -10.299 -785.568 0
881
root 3.89842 16.5116 30.3928 -12.0634 21.6234 360.633
lfemur -13.8042 17.031 -20.1088
ltibia 39.6343 0 0
lfoot -13.0849 -3.58051 0
ltoes -0.902245 0 0
rfemur -82.5037 -22.0685 38.4419
rtibia 93.7871 0 0
rfoot 15.9989 26.0786 0
rtoes -16.2502 0 0
lowerback 16.4923 -3.43098 -7.29414
upperback 5.56416 -5.7236 -2.86213
thorax -2.83686 -2.83359 2.1133
lowerneck -7.51179 -2.89324 1.99053
upperneck 3.83756 -4.3375 4.7726
head 2.59748 -1.96488 0.992072
lclavicle 3.74709e-14 7.95139e-15 0
lhumerus -32.5419 -38.494 85.7151
lradius 61.9255 0 0
lwrist 22.23 0 0
lhand 23.6165 11.2232 0
lfingers 7.12502 0 0
lthumb 47.888 33.4881 0
rclavicle 3.74709e-14 7.95139e-15 0
rhumerus -49.0251 -29.2525 -44.8559
rradius 67.9407 0 0
rwrist -22.1383 0 0
rhand -41.5964 -41.1356 0
rfingers 7.12502 0 0
rthumb -14.5063 -790.608 0
882
root 3.87494 16.5225 30.4609 -11.4453 22.6945 359.969
lfemur -14.829 18.4697 -19.5282
ltibia 40.1253 0 0
lfoot -13.0012 -1.54277 0
ltoes -1.30249 0 0
rfemur -81.8539 -23.233 37.5542
rtibia 97.6548 0 0
rfoot 17.8718 26.5071 0
rtoes -11.9104 0 0
lowerback 15.7593 -3.74424 -6.95379
upperback 5.28198 -6.02903 -2.6212
thorax -2.73297 -2.98578 2.18497
lowerneck -7.61831 -3.06352 1.85747
upperneck 4.27285 -4.58492 4.86985
head 2.77554 -2.07368 1.0323
lclavicle 5.20816e-14 -9.54166e-15 0
lhumerus -32.6772 -39.5671 86.9847
lradius 61.1743 0 0
lwrist 20.9881 0 0
lhand 24.7997 11.636 0
lfingers 7.12502 0 0
lthumb 48.9772 33.3797 0
rclavicle 5.20816e-14 -9.54166e-15 0
rhumerus -49.1819 -29.6226 -45.7767
rradius 70.0621 0 0
rwrist -22.9294 0 0
rhand -45.1612 -47.5347 0
rfingers 7.12502 0 0
rthumb -17.9387 -796.727 0
883
root 3.85538 16.5378 30.5136 -10.9667 23.4617 359.463
lfemur -15.5885 19.7532 -19.1114
ltibia 40.3891 0 0
lfoot -12.9821 -0.36307 0
ltoes -1.30498 0 0
rfemur -80.8739 -24.2983 36.805
rtibia 100.388 0 0
rfoot 18.7931 26.1155 0
rtoes -9.14406 0 0
lowerback 15.1683 -3.94959 -6.71113
upperback 5.03307 -6.22718 -2.42226
thorax -2.66995 -3.08434 2.25286
lowerneck -7.69818 -3.20477 1.74857
upperneck 4.57436 -4.78503 4.91914
head 2.90193 -2.16413 1.05519
lclavicle 3.5599e-14 -1.53138e-14 0
lhumerus -32.9749 -40.3309 88.0628
lradius 60.741 0 0
lwrist 19.8444 0 0
lhand 25.6146 11.7365 0
lfingers 7.12502 0 0
lthumb 49.7231 33.0899 0
rclavicle 3.5599e-14 -1.53138e-14 0
rhumerus -49.2213 -29.6725 -46.6914
rradius 71.8202 0 0
rwrist -23.3029 0 0
rhand -47.1382 -53.8111 0
rfingers 7.12502 0 0
rthumb -19.8392 -859.54 0
884
root 3.83056 16.557 30.5819 -10.3493 24.4087 358.856
lfemur -16.5471 21.3867 -18.6241
ltibia 40.7057 0 0
lfoot -12.9879 0.952789 0
ltoes -1.24257 0 0
rfemur -79.3907 -25.6448 35.7279
rtibia 103.687 0 0
rfoot 19.7753 25.3985 0
rtoes -5.94775 0 0
lowerback 14.4091 -4.19515 -6.42963
upperback 4.70934 -6.46409 -2.1766
thorax -2.59122 -3.20213 2.3419
lowerneck -7.79114 -3.39131 1.60463
upperneck 4.92864 -5.04613 4.97732
head 3.05178 -2.28361 1.08349
lclavicle 1.02264e-14 -2.05558e-14 0
lhumerus -33.4557 -41.2653 89.4743
lradius 60.2732 0 0
lwrist 18.3966 0 0
lhand 26.5714 11.8165 0
lfingers 7.12502 0 0
lthumb 50.5981 32.7051 0
rclavicle 1.02264e-14 -2.05558e-14 0
rhumerus -49.2394 -29.587 -47.9846
rradius 74.1272 0 0
rwrist -23.6823 0 0
rhand -49.2758 -61.4528 0
rfingers 7.12502 0 0
rthumb -21.8933 -942.604 0
885
root 3.80407 16.5687 30.6695 -9.57769 25.3839 358.391
lfemur -17.6457 23.0577 -18.3135
ltibia 41.0923 0 0
lfoot -13.1407 1.7204 0
ltoes -1.11867 0 0
rfemur -76.6751 -26.9284 33.7158
rtibia 106.616 0 0
rfoot 20.2929 24.0061 0
rtoes -3.70094 0 0
lowerback 13.5131 -4.41943 -6.2638
upperback 4.32647 -6.68327 -1.95983
thorax -2.48764 -3.31114 2.44704
lowerneck -7.84255 -3.64141 1.40903
upperneck 5.18316 -5.38128 5.04702
head 3.1648 -2.44375 1.12128
lclavicle -1.33186e-14 -2.22639e-14 0
lhumerus -34.4615 -42.1759 91.2542
lradius 60.1121 0 0
lwrist 17.0098 0 0
lhand 27.2604 11.8633 0
lfingers 7.12502 0 0
lthumb 51.228 32.4166 0
rclavicle -1.33186e-14 -2.22639e-14 0
rhumerus -49.1469 -28.7732 -50.1037
rradius 77.1232 0 0
rwrist -23.7741 0 0
rhand -50.1716 -66.2227 0
rfingers 7.12502 0 0
rthumb -22.7538 -985.099 0
886
root 3.82344 16.5865 30.7132 -9.16713 26.5016 358.134
lfemur -18.8602 24.5391 -18.622
ltibia 41.9833 0 0
lfoot -13.112 1.91286 0
ltoes -0.516158 0 0
rfemur -74.3545 -27.961 32.0949
rtibia 109.08 0 0
rfoot 20.724 22.8049 0
rtoes -2.58609 0 0
lowerback 13.0553 -4.5994 -6.37155
upperback 4.10794 -6.89564 -1.76536
thorax -2.43674 -3.41606 2.68893
lowerneck -7.84605 -3.93936 1.19625
upperneck 5.29252 -5.76967 5.12578
head 3.22049 -2.63502 1.16397
lclavicle -2.59712e-14 -1.9236e-14 0
lhumerus -35.2774 -42.7219 92.4783
lradius 60.4011 0 0
lwrist 16.0394 0 0
lhand 27.1989 11.6689 0
lfingers 7.12502 0 0
lthumb 51.1817 32.3211 0
rclavicle -2.59712e-14 -1.9236e-14 0
rhumerus -49.7 -28.0337 -53.0391
rradius 80.3672 0 0
rwrist -23.6384 0 0
rhand -49.9894 -66.6664 0
rfingers 7.12502 0 0
rthumb -22.5802 -970.618 0
887
root 3.87754 16.6182 30.7452 -8.83054 28.1789 357.832
lfemur -20.6251 26.5573 -19.3547
ltibia 43.5214 0 0
lfoot -12.9207 2.03988 0
ltoes 0.607825 0 0
rfemur -71.6362 -29.3324 30.294
rtibia 112.483 0 0
rfoot 21.4364 21.389 0
rtoes -1.31464 0 0
lowerback 12.6875 -4.83961 -6.64177
upperback 3.90455 -7.2023 -1.48789
thorax -2.4019 -3.56716 3.1087
lowerneck -7.83813 -4.37392 0.897581
upperneck 5.401 -6.33386 5.23956
head 3.28054 -2.91428 1.22474
lclavicle -3.95124e-14 -1.31802e-14 0
lhumerus -36.1746 -43.3093 93.8074
lradius 60.9707 0 0
lwrist 14.8503 0 0
lhand 26.7765 11.2584 0
lfingers 7.12502 0 0
lthumb 50.8152 32.2534 0
rclavicle -3.95124e-14 -1.31802e-14 0
rhumerus -50.8928 -27.2487 -57.4498
rradius 84.9468 0 0
rwrist -23.405 0 0
rhand -49.517 -65.8839 0
rfingers 7.12502 0 0
rthumb -22.1294 -933.19 0
888
root 3.91338 16.6389 30.7934 -8.37372 29.5917 357.63
lfemur -22.1904 28.3274 -19.9707
ltibia 44.7737 0 0
lfoot -12.8902 1.90357 0
ltoes 1.50428 0 0
rfemur -68.4513 -30.5004 28.0782
rtibia 115.216 0 0
rfoot 21.7574 19.7157 0
rtoes -0.634212 0 0
lowerback 12.2009 -5.03822 -6.89322
upperback 3.66166 -7.45224 -1.26752
thorax -2.34562 -3.69043 3.44822
lowerneck -7.81348 -4.7745 0.613961
upperneck 5.45604 -6.85014 5.34205
head 3.31853 -3.1715 1.28159
lclavicle -5.16224e-14 -6.73006e-15 0
lhumerus -37.3145 -43.8632 95.283
lradius 61.5656 0 0
lwrist 13.8034 0 0
lhand 26.3899 10.9381 0
lfingers 7.12502 0 0
lthumb 50.4765 32.2237 0
rclavicle -5.16224e-14 -6.73006e-15 0
rhumerus -51.706 -26.0933 -61.5689
rradius 89.2307 0 0
rwrist -23.0652 0 0
rhand -48.5191 -64.1636 0
rfingers 7.12502 0 0
rthumb -21.1726 -885.329 0
889
root 3.87793 16.6237 30.8861 -7.60243 29.9159 357.669
lfemur -22.8062 29.0646 -19.9289
ltibia 44.8072 0 0
lfoot -13.3435 1.30602 0
ltoes 1.42421 0 0
rfemur -64.7306 -30.9227 25.2125
rtibia 115.672 0 0
rfoot 21.0139 17.7426 0
rtoes -1.29244 0 0
lowerback 11.3866 -5.09333 -6.94467
upperback 3.32461 -7.49447 -1.24434
thorax -2.23039 -3.71184 3.44935
lowerneck -7.76683 -4.9705 0.446336
upperneck 5.40509 -7.09479 5.38694
head 3.30802 -3.29665 1.31253
lclavicle -5.99813e-14 -2.519e-15 0
lhumerus -38.859 -44.3085 96.9466
lradius 61.9304 0 0
lwrist 13.2596 0 0
lhand 26.4358 11.0141 0
lfingers 7.12502 0 0
lthumb 50.5134 32.2425 0
rclavicle -5.99813e-14 -2.519e-15 0
rhumerus -51.1202 -24.2421 -63.6292
rradius 91.5874 0 0
rwrist -22.6098 0 0
rhand -46.7605 -61.7939 0
rfingers 7.12502 0 0
rthumb -19.4814 -839.546 0
890
root 3.71818 16.5479 31.0514 -6.32248 28.3277 358.093
lfemur -21.7226 27.984 -18.6884
ltibia 42.6887 0 0
lfoot -14.604 0.0493379 0
ltoes -0.381373 0 0
rfemur -60.4049 -30.057 21.4621
rtibia 112.241 0 0
rfoot 18.5331 15.4272 0
rtoes -4.03696 0 0
lowerback 10.0357 -4.9031 -6.61491
upperback 2.83873 -7.178 -1.55844
thorax -2.0187 -3.55739 2.85392
lowerneck -7.69289 -4.79134 0.495652
upperneck 5.19557 -6.84408 5.32792
head 3.2226 -3.17971 1.29558
lclavicle -6.22693e-14 -3.18055e-15 0
lhumerus -40.9697 -44.5703 98.84
lradius 61.8099 0 0
lwrist 13.5798 0 0
lhand 27.3106 11.7927 0
lfingers 7.12502 0 0
lthumb 51.2736 32.3201 0
rclavicle -6.22693e-14 -3.18055e-15 0
rhumerus -48.1161 -21.3701 -61.8639
rradius 90.3854 0 0
rwrist -22.0301 0 0
rhand -44.006 -59.0633 0
rfingers 7.12502 0 0
rthumb -16.827 -808.354 0
891
root 3.69237 16.5356 31.0739 -6.15253 28.0198 358.166
lfemur -21.4828 27.7353 -18.4701
ltibia 42.3082 0 0
lfoot -14.7939 -0.128622 0
ltoes -0.697057 0 0
rfemur -59.9183 -29.8699 21.012
rtibia 111.595 0 0
rfoot 18.1495 15.1642 0
rtoes -4.47403 0 0
lowerback 9.8563 -4.86526 -6.55168
upperback 2.77747 -7.11864 -1.61641
thorax -1.98979 -3.52837 2.74717
lowerneck -7.68325 -4.74433 0.516701
upperneck 5.1624 -6.78052 5.31392
head 3.20826 -3.14921 1.29028
lclavicle -6.20542e-14 -3.65015e-15 0
lhumerus -41.228 -44.5829 99.0502
lradius 61.7596 0 0
lwrist 13.6778 0 0
lhand 27.4651 11.9258 0
lfingers 7.12502 0 0
lthumb 51.4081 32.3311 0
rclavicle -6.20542e-14 -3.65015e-15 0
rhumerus -47.6256 -20.9941 -61.3917
rradius 89.9932 0 0
rwrist -21.9638 0 0
rhand -43.6491 -58.7654 0
rfingers 7.12502 0 0
rthumb -16.4828 -806.401 0
892
root 3.66393 16.522 31.0981 -5.96942 27.6725 358.247
lfemur -21.21 27.4497 -18.228
ltibia 41.8834 0 0
lfoot -15.0015 -0.324763 0
ltoes -1.04763 0 0
rfemur -59.4085 -29.6544 20.5343
rtibia 110.867 0 0
rfoot 17.7291 14.8862 0
rtoes -4.95997 0 0
lowerback 9.66314 -4.82264 -6.48074
upperback 2.7119 -7.05223 -1.68206
thorax -1.95872 -3.4959 2.62727
lowerneck -7.67258 -4.68995 0.540717
upperneck 5.12551 -6.70706 5.2978
head 3.19218 -3.11391 1.28423
lclavicle -6.17223e-14 -4.2436e-15 0
lhumerus -41.5028 -44.5913 99.2679
lradius 61.7006 0 0
lwrist 13.7931 0 0
lhand 27.6381 12.0734 0
lfingers 7.12502 0 0
lthumb 51.5586 32.3416 0
rclavicle -6.17223e-14 -4.2436e-15 0
rhumerus -47.0848 -20.5799 -60.8478
rradius 89.5378 0 0
rwrist -21.8966 0 0
rhand -43.2594 -58.447 0
rfingers 7.12502 0 0
rthumb -16.1069 -804.564 0
893
root 3.63294 16.5073 31.1241 -5.77375 27.2875 358.338
lfemur -20.9054 27.1286 -17.9632
ltibia 41.4162 0 0
lfoot -15.226 -0.538258 0
ltoes -1.43166 0 0
rfemur -58.8767 -29.4116 20.0303
rtibia 110.059 0 0
rfoot 17.2734 14.5939 0
rtoes -5.49268 0 0
lowerback 9.45685 -4.77544 -6.40242
upperback 2.64221 -6.97903 -1.75504
thorax -1.92559 -3.46013 2.49477
lowerneck -7.66095 -4.62851 0.567609
upperneck 5.08506 -6.6241 5.27962
head 3.17441 -3.07401 1.27746
lclavicle -6.12781e-14 -4.95496e-15 0
lhumerus -41.7934 -44.5956 99.4927
lradius 61.6331 0 0
lwrist 13.9251 0 0
lhand 27.8286 12.2348 0
lfingers 7.12502 0 0
lthumb 51.7244 32.3517 0
rclavicle -6.12781e-14 -4.95496e-15 0
rhumerus -46.4957 -20.1294 -60.2352
rradius 89.0216 0 0
rwrist -21.8283 0 0
rhand -42.8383 -58.1089 0
rfingers 7.12502 0 0
rthumb -15.7007 -802.841 0
894
root 3.59954 16.4915 31.1517 -5.56612 26.8664 358.437
lfemur -20.5704 26.7736 -17.6766
ltibia 40.9083 0 0
lfoot -15.4667 -0.768277 0
ltoes -1.84769 0 0
rfemur -58.324 -29.143 19.5014
rtibia 109.175 0 0
rfoot 16.784 14.288 0
rtoes -6.07004 0 0
lowerback 9.23807 -4.72385 -6.31704
upperback 2.56862 -6.89934 -1.83502
thorax -1.89048 -3.42119 2.35025
lowerneck -7.64839 -4.56031 0.597285
upperneck 5.0412 -6.53206 5.2595
head 3.15505 -3.0297 1.27
lclavicle -6.07263e-14 -5.77824e-15 0
lhumerus -42.0989 -44.5961 99.7244
lradius 61.5576 0 0
lwrist 14.0732 0 0
lhand 28.036 12.4094 0
lfingers 7.12502 0 0
lthumb 51.9048 32.3614 0
rclavicle -6.07263e-14 -5.77824e-15 0
rhumerus -45.8605 -19.6446 -59.5567
rradius 88.447 0 0
rwrist -21.759 0 0
rhand -42.3875 -57.7522 0
rfingers 7.12502 0 0
rthumb -15.2658 -801.229 0
895
root 3.56383 16.4745 31.1809 -5.34712 26.4108 358.545
lfemur -20.2064 26.3863 -17.3691
ltibia 40.3617 0 0
lfoot -15.7229 -1.01399 0
ltoes -2.29429 0 0
rfemur -57.7514 -28.8495 18.9487
rtibia 108.219 0 0
rfoot 16.2623 13.9694 0
rtoes -6.68995 0 0
lowerback 9.00741 -4.66806 -6.22493
upperback 2.49132 -6.81345 -1.92168
thorax -1.85349 -3.37923 2.19428
lowerneck -7.63497 -4.48565 0.629652
upperneck 4.9941 -6.43135 5.2375
head 3.13417 -2.98117 1.26187
lclavicle -6.00712e-14 -6.70751e-15 0
lhumerus -42.4188 -44.5928 99.9625
lradius 61.4743 0 0
lwrist 14.2364 0 0
lhand 28.2592 12.5966 0
lfingers 7.12502 0 0
lthumb 52.099 32.3708 0
rclavicle -6.00712e-14 -6.70751e-15 0
rhumerus -45.1813 -19.1274 -58.8151
rradius 87.8164 0 0
rwrist -21.6888 0 0
rhand -41.9084 -57.3778 0
rfingers 7.12502 0 0
rthumb -14.8037 -799.723 0
896
root 3.52593 16.4565 31.2115 -5.11737 25.9224 358.659
lfemur -19.8146 25.9681 -17.0419
ltibia 39.7782 0 0
lfoot -15.9938 -1.27458 0
ltoes -2.77001 0 0
rfemur -57.1602 -28.5326 18.3736
rtibia 107.194 0 0
rfoot 15.7099 13.6388 0
rtoes -7.35031 0 0
lowerback 8.7655 -4.60827 -6.1264
upperback 2.41053 -6.72164 -2.01466
thorax -1.81471 -3.33437 2.02743
lowerneck -7.62073 -4.40483 0.66462
upperneck 4.94391 -6.32237 5.21374
head 3.11184 -2.92864 1.2531
lclavicle -5.93175e-14 -7.73678e-15 0
lhumerus -42.752 -44.5861 100.207
lradius 61.3837 0 0
lwrist 14.4143 0 0
lhand 28.4977 12.7959 0
lfingers 7.12502 0 0
lthumb 52.3063 32.3799 0
rclavicle -5.93175e-14 -7.73678e-15 0
rhumerus -44.4601 -18.5797 -58.0134
rradius 87.1324 0 0
rwrist -21.6175 0 0
rhand -41.4028 -56.9866 0
rfingers 7.12502 0 0
rthumb -14.3159 -798.32 0
897
root 3.48593 16.4376 31.2436 -4.87746 25.4028 358.782
lfemur -19.3965 25.5206 -16.6958
ltibia 39.1596 0 0
lfoot -16.2785 -1.54921 0
ltoes -3.27341 0 0
rfemur -56.5515 -28.1933 17.7774
rtibia 106.104 0 0
rfoot 15.1283 13.297 0
rtoes -8.04899 0 0
lowerback 8.51298 -4.54465 -6.0218
upperback 2.32645 -6.62419 -2.11365
thorax -1.77423 -3.28676 1.85026
lowerneck -7.60572 -4.31816 0.702095
upperneck 4.8908 -6.20554 5.18828
head 3.08813 -2.8723 1.24371
lclavicle -5.84698e-14 -8.86011e-15 0
lhumerus -43.098 -44.576 100.457
lradius 61.286 0 0
lwrist 14.6059 0 0
lhand 28.7504 13.0066 0
lfingers 7.12502 0 0
lthumb 52.5261 32.389 0
rclavicle -5.84698e-14 -8.86011e-15 0
rhumerus -43.6991 -18.0035 -57.1544
rradius 86.3974 0 0
rwrist -21.5451 0 0
rhand -40.8722 -56.5798 0
rfingers 7.12502 0 0
rthumb -13.8039 -797.017 0
898
root 3.44397 16.4177 31.2769 -4.62799 24.8537 358.911
lfemur -18.9534 25.0453 -16.3319
ltibia 38.5078 0 0
lfoot -16.5765 -1.83706 0
ltoes -3.80304 0 0
rfemur -55.9263 -27.833 17.1615
rtibia 104.952 0 0
rfoot 14.5191 12.9447 0
rtoes -8.78389 0 0
lowerback 8.25047 -4.47741 -5.91145
upperback 2.23928 -6.52139 -2.2183
thorax -1.73214 -3.23653 1.66336
lowerneck -7.58999 -4.22594 0.741987
upperneck 4.83492 -6.08126 5.16124
head 3.06313 -2.81235 1.23374
lclavicle -5.75325e-14 -1.00715e-14 0
lhumerus -43.4559 -44.5628 100.712
lradius 61.1818 0 0
lwrist 14.8107 0 0
lhand 29.0167 13.2281 0
lfingers 7.12502 0 0
lthumb 52.7576 32.3979 0
rclavicle -5.75325e-14 -1.00715e-14 0
rhumerus -42.9004 -17.4008 -56.241
rradius 85.6138 0 0
rwrist -21.4716 0 0
rhand -40.3181 -56.1581 0
rfingers 7.12502 0 0
rthumb -13.2692 -795.811 0
899
root 3.40015 16.397 31.3115 -4.36957 24.2768 359.046
lfemur -18.4866 24.5438 -15.9511
ltibia 37.8247 0 0
lfoot -16.8869 -2.13729 0
ltoes -4.35746 0 0
rfemur -55.286 -27.4528 16.5271
rtibia 103.741 0 0
rfoot 13.8837 12.5827 0
rtoes -9.5529 0 0
lowerback 7.9786 -4.40672 -5.79566
upperback 2.14923 -6.41353 -2.32828
thorax -1.68854 -3.18384 1.46728
lowerneck -7.5736 -4.12847 0.784203
upperneck 4.77643 -5.94996 5.13268
head 3.0369 -2.74898 1.2232
lclavicle -5.65102e-14 -1.13651e-14 0
lhumerus -43.8249 -44.5467 100.972
lradius 61.0713 0 0
lwrist 15.0279 0 0
lhand 29.2957 13.4599 0
lfingers 7.12502 0 0
lthumb 53.0001 32.4068 0
rclavicle -5.65102e-14 -1.13651e-14 0
rhumerus -42.066 -16.7735 -55.2761
rradius 84.784 0 0
rwrist -21.3971 0 0
rhand -39.7422 -55.7226 0
rfingers 7.12502 0 0
rthumb -12.7135 -794.698 0
900
root 3.35458 16.3754 31.3473 -4.10279 23.6736 359.187
lfemur -17.9975 24.0176 -15.5544
ltibia 37.112 0 0
lfoot -17.209 -2.44908 0
ltoes -4.93524 0 0
rfemur -54.6315 -27.054 15.8755
rtibia 102.476 0 0
rfoot 13.2237 12.2119 0
rtoes -10.3539 0 0
lowerback 7.69798 -4.3328 -5.67478
upperback 2.0565 -6.30089 -2.44325
thorax -1.64352 -3.12881 1.26261
lowerneck -7.55659 -4.02606 0.828651
upperneck 4.71549 -5.81204 5.10271
head 3.00952 -2.6824 1.21212
lclavicle -5.54075e-14 -1.27348e-14 0
lhumerus -44.2044 -44.5278 101.237
lradius 60.9548 0 0
lwrist 15.2569 0 0
lhand 29.5865 13.7012 0
lfingers 7.12502 0 0
lthumb 53.2529 32.4158 0
rclavicle -5.54075e-14 -1.27348e-14 0
rhumerus -41.1981 -16.1235 -54.2625
rradius 83.9106 0 0
rwrist -21.3214 0 0
rhand -39.1459 -55.2742 0
rfingers 7.12502 0 0
rthumb -12.1382 -793.675 0
901
root 3.30737 16.353 31.3841 -3.82826 23.0457 359.334
lfemur -17.4873 23.4682 -15.1427
ltibia 36.3717 0 0
lfoot -17.542 -2.7716 0
ltoes -5.53492 0 0
rfemur -53.964 -26.6378 15.2081
rtibia 101.159 0 0
rfoot 12.5406 11.8329 0
rtoes -11.1848 0 0
lowerback 7.40926 -4.25581 -5.54911
upperback 1.96131 -6.18375 -2.56288
thorax -1.59718 -3.07158 1.0499
lowerneck -7.53901 -3.919 0.875239
upperneck 4.65226 -5.66791 5.07141
head 2.98107 -2.6128 1.20053
lclavicle -5.42289e-14 -1.41747e-14 0
lhumerus -44.5934 -44.5064 101.507
lradius 60.8328 0 0
lwrist 15.4968 0 0
lhand 29.8884 13.9516 0
lfingers 7.12502 0 0
lthumb 53.5153 32.4248 0
rclavicle -5.42289e-14 -1.41747e-14 0
rhumerus -40.2988 -15.4528 -53.2032
rradius 82.9959 0 0
rwrist -21.2447 0 0
rhand -38.531 -54.814 0
rfingers 7.12502 0 0
rthumb -11.5447 -792.738 0
902
root 3.25864 16.3299 31.4219 -3.54657 22.395 359.487
lfemur -16.9576 22.8972 -14.7171
ltibia 35.6056 0 0
lfoot -17.8852 -3.10403 0
ltoes -6.15506 0 0
rfemur -53.2846 -26.2054 14.5261
rtibia 99.7943 0 0
rfoot 11.836 11.4465 0
rtoes -12.0435 0 0
lowerback 7.11306 -4.17597 -5.419
upperback 1.86385 -6.06241 -2.68684
thorax -1.54959 -3.01229 0.829735
lowerneck -7.52091 -3.80761 0.923876
upperneck 4.58689 -5.51799 5.03887
head 2.95163 -2.54039 1.18846
lclavicle -5.29789e-14 -1.56789e-14 0
lhumerus -44.9914 -44.4826 101.78
lradius 60.7056 0 0
lwrist 15.747 0 0
lhand 30.2005 14.2103 0
lfingers 7.12502 0 0
lthumb 53.7866 32.4341 0
rclavicle -5.29789e-14 -1.56789e-14 0
rhumerus -39.3701 -14.7634 -52.101
rradius 82.0425 0 0
rwrist -21.1667 0 0
rhand -37.8989 -54.3429 0
rfingers 7.12502 0 0
rthumb -10.9348 -791.885 0
903
root 3.2085 16.3061 31.4607 -3.25833 21.7229 359.644
lfemur -16.4095 22.306 -14.2786
ltibia 34.8155 0 0
lfoot -18.2378 -3.44553 0
ltoes -6.79422 0 0
rfemur -52.5945 -25.758 13.8309
rtibia 98.385 0 0
rfoot 11.1113 11.0535 0
rtoes -12.9279 0 0
lowerback 6.81 -4.09344 -5.28476
upperback 1.76433 -5.93714 -2.81478
thorax -1.50086 -2.95109 0.602678
lowerneck -7.50235 -3.69219 0.97447
upperneck 4.51955 -5.36268 5.00518
head 2.92126 -2.46536 1.17593
lclavicle -5.16621e-14 -1.72414e-14 0
lhumerus -45.3974 -44.4565 102.057
lradius 60.5736 0 0
lwrist 16.0067 0 0
lhand 30.5221 14.4769 0
lfingers 7.12502 0 0
lthumb 54.0661 32.4436 0
rclavicle -5.16621e-14 -1.72414e-14 0
rhumerus -38.4143 -14.0572 -50.9587
rradius 81.0527 0 0
rwrist -21.0877 0 0
rhand -37.2512 -53.8618 0
rfingers 7.12502 0 0
rthumb -10.3097 -791.111 0
904
root 3.15706 16.2817 31.5002 -2.96414 21.0312 359.805
lfemur -15.8444 21.6963 -13.828
ltibia 34.0034 0 0
lfoot -18.599 -3.79528 0
ltoes -7.45096 0 0
rfemur -51.8948 -25.297 13.1238
rtibia 96.9348 0 0
rfoot 10.3681 10.6547 0
rtoes -13.8358 0 0
lowerback 6.50072 -4.00844 -5.14673
upperback 1.66296 -5.80824 -2.94638
thorax -1.45108 -2.88811 0.369301
lowerneck -7.48338 -3.57303 1.02693
upperneck 4.4504 -5.20239 4.97044
head 2.89004 -2.38791 1.16297
lclavicle -5.02831e-14 -1.88561e-14 0
lhumerus -45.8108 -44.4285 102.337
lradius 60.4371 0 0
lwrist 16.2754 0 0
lhand 30.8522 14.7507 0
lfingers 7.12502 0 0
lthumb 54.3531 32.4534 0
rclavicle -5.02831e-14 -1.88561e-14 0
rhumerus -37.4333 -13.336 -49.7793
rradius 80.029 0 0
rwrist -21.0074 0 0
rhand -36.5896 -53.3717 0
rfingers 7.12502 0 0
rthumb -9.67121 -790.413 0
905
root 3.10443 16.2568 31.5405 -2.6646 20.3214 359.97
lfemur -15.2637 21.0695 -13.3665
ltibia 33.171 0 0
lfoot -18.9682 -4.15245 0
ltoes -8.12384 0 0
rfemur -51.1867 -24.8234 12.406
rtibia 95.4472 0 0
rfoot 9.608 10.2508 0
rtoes -14.7652 0 0
lowerback 6.18583 -3.92114 -5.00522
upperback 1.55994 -5.67598 -3.08131
thorax -1.40034 -2.82348 0.130175
lowerneck -7.46404 -3.45045 1.08116
upperneck 4.37959 -5.03754 4.93472
head 2.85806 -2.30823 1.14959
lclavicle -4.88464e-14 -2.05173e-14 0
lhumerus -46.2307 -44.3987 102.62
lradius 60.2964 0 0
lwrist 16.5522 0 0
lhand 31.1902 15.031 0
lfingers 7.12502 0 0
lthumb 54.6469 32.4636 0
rclavicle -4.88464e-14 -2.05173e-14 0
rhumerus -36.4293 -12.602 -48.5656
rradius 78.9739 0 0
rwrist -20.926 0 0
rhand -35.9155 -52.8736 0
rfingers 7.12502 0 0
rthumb -9.02069 -789.789 0
906
root 3.05072 16.2313 31.5815 -2.36031 19.5952 360.139
lfemur -14.6688 20.4272 -12.8949
ltibia 32.3202 0 0
lfoot -19.3445 -4.51622 0
ltoes -8.81141 0 0
rfemur -50.4712 -24.3386 11.6789
rtibia 93.9256 0 0
rfoot 8.8324 9.84267 0
rtoes -15.7139 0 0
lowerback 5.86597 -3.83174 -4.86057
upperback 1.45547 -5.54065 -3.21922
thorax -1.34874 -2.75735 -0.114131
lowerneck -7.44438 -3.32473 1.13707
upperneck 4.30728 -4.86854 4.89813
head 2.82537 -2.22654 1.13584
lclavicle -4.73564e-14 -2.22188e-14 0
lhumerus -46.6564 -44.3672 102.906
lradius 60.152 0 0
lwrist 16.8364 0 0
lhand 31.5351 15.3174 0
lfingers 7.12502 0 0
lthumb 54.9467 32.4742 0
rclavicle -4.73564e-14 -2.22188e-14 0
rhumerus -35.4045 -11.857 -47.3205
rradius 77.8898 0 0
rwrist -20.8433 0 0
rhand -35.2306 -52.3684 0
rfingers 7.12502 0 0
rthumb -8.35969 -789.234 0
907
root 2.99606 16.2053 31.6231 -2.05187 18.8543 360.311
lfemur -14.0609 19.7709 -12.4142
ltibia 31.4528 0 0
lfoot -19.7273 -4.88575 0
ltoes -9.51222 0 0
rfemur -49.7495 -23.8436 10.9438
rtibia 92.3735 0 0
rfoot 8.04287 9.43097 0
rtoes -16.6799 0 0
lowerback 5.54177 -3.74043 -4.71309
upperback 1.34977 -5.40255 -3.35977
thorax -1.29636 -2.68986 -0.363047
lowerneck -7.42446 -3.1962 1.19457
upperneck 4.23363 -4.69579 4.86074
head 2.79207 -2.14302 1.12174
lclavicle -4.58179e-14 -2.39548e-14 0
lhumerus -47.0872 -44.3342 103.194
lradius 60.0042 0 0
lwrist 17.1273 0 0
lhand 31.8862 15.6091 0
lfingers 7.12502 0 0
lthumb 55.2519 32.4853 0
rclavicle -4.58179e-14 -2.39548e-14 0
rhumerus -34.3608 -11.103 -46.0469
rradius 76.7791 0 0
rwrist -20.7594 0 0
rhand -34.5364 -51.8572 0
rfingers 7.12502 0 0
rthumb -7.68975 -788.745 0
908
root 2.94054 16.1789 31.6651 -1.73988 18.1003 360.486
lfemur -13.4414 19.1022 -11.9255
ltibia 30.5708 0 0
lfoot -20.1157 -5.26021 0
ltoes -10.2248 0 0
rfemur -49.0228 -23.3399 10.2019
rtibia 90.7945 0 0
rfoot 7.24095 9.01652 0
rtoes -17.6609 0 0
lowerback 5.21385 -3.6474 -4.56313
upperback 1.24303 -5.26194 -3.50265
thorax -1.24329 -2.62115 -0.616002
lowerneck -7.40433 -3.06514 1.25357
upperneck 4.1588 -4.51972 4.82266
head 2.75821 -2.05788 1.1073
lclavicle -4.42353e-14 -2.57193e-14 0
lhumerus -47.5222 -44.3 103.484
lradius 59.8534 0 0
lwrist 17.4243 0 0
lhand 32.2426 15.9056 0
lfingers 7.12502 0 0
lthumb 55.5617 32.4971 0
rclavicle -4.42353e-14 -2.57193e-14 0
rhumerus -33.3004 -10.3419 -44.7476
rradius 75.6444 0 0
rwrist -20.6743 0 0
rhand -33.8345 -51.3408 0
rfingers 7.12502 0 0
rthumb -7.01239 -788.319 0
909
root 2.88428 16.1521 31.7076 -1.42495 17.3349 360.663
lfemur -12.8116 18.4225 -11.4297
ltibia 29.6759 0 0
lfoot -20.509 -5.63879 0
ltoes -10.9478 0 0
rfemur -48.2921 -22.8286 9.4547
rtibia 89.192 0 0
rfoot 6.42814 8.60008 0
rtoes -18.6551 0 0
lowerback 4.88283 -3.55284 -4.41099
upperback 1.13547 -5.11913 -3.64751
thorax -1.18964 -2.55134 -0.872427
lowerneck -7.38403 -2.93187 1.31397
upperneck 4.08295 -4.34072 4.78396
head 2.72389 -1.97131 1.09256
lclavicle -4.26131e-14 -2.75063e-14 0
lhumerus -47.9607 -44.2647 103.775
lradius 59.6999 0 0
lwrist 17.7266 0 0
lhand 32.6035 16.2064 0
lfingers 7.12502 0 0
lthumb 55.8754 32.5095 0
rclavicle -4.26131e-14 -2.75063e-14 0
rhumerus -32.2254 -9.57567 -43.4255
rradius 74.488 0 0
rwrist -20.5879 0 0
rhand -33.1266 -50.8203 0
rfingers 7.12502 0 0
rthumb -6.32911 -787.953 0
910
root 2.82739 16.125 31.7505 -1.10767 16.5596 360.842
lfemur -12.173 17.7334 -10.9278
ltibia 28.77 0 0
lfoot -20.9065 -6.02065 0
ltoes -11.6797 0 0
rfemur -47.5586 -22.3109 8.70336
rtibia 87.5695 0 0
rfoot 5.60599 8.18242 0
rtoes -19.6601 0 0
lowerback 4.54935 -3.45694 -4.25701
upperback 1.02728 -4.97439 -3.79401
thorax -1.13549 -2.48059 -1.13175
lowerneck -7.36362 -2.79668 1.37568
upperneck 4.00624 -4.15922 4.74474
head 2.68917 -1.88352 1.07755
lclavicle -4.0956e-14 -2.93098e-14 0
lhumerus -48.4019 -44.2285 104.067
lradius 59.544 0 0
lwrist 18.0335 0 0
lhand 32.9681 16.5106 0
lfingers 7.12502 0 0
lthumb 56.1924 32.5226 0
rclavicle -4.0956e-14 -2.93098e-14 0
rhumerus -31.1379 -8.80627 -42.0836
rradius 73.3124 0 0
rwrist -20.5002 0 0
rhand -32.4141 -50.2966 0
rfingers 7.12502 0 0
rthumb -5.64146 -787.642 0
911
root 2.76999 16.0976 31.7936 -0.788642 15.7762 361.023
lfemur -11.5268 17.0365 -10.4207
ltibia 27.855 0 0
lfoot -21.3074 -6.40496 0
ltoes -12.4191 0 0
rfemur -46.8235 -21.788 7.94924
rtibia 85.9305 0 0
rfoot 4.77602 7.76431 0
rtoes -20.6739 0 0
lowerback 4.21404 -3.35989 -4.10152
upperback 0.918671 -4.82801 -3.94183
thorax -1.08093 -2.40903 -1.3934
lowerneck -7.34315 -2.65988 1.43862
upperneck 3.92882 -3.97562 4.70509
head 2.65413 -1.79469 1.06228
lclavicle -3.92684e-14 -3.1124e-14 0
lhumerus -48.8451 -44.1916 104.361
lradius 59.3862 0 0
lwrist 18.3442 0 0
lhand 33.3356 16.8179 0
lfingers 7.12502 0 0
lthumb 56.5119 32.5365 0
rclavicle -3.92684e-14 -3.1124e-14 0
rhumerus -30.04 -8.03564 -40.7246
rradius 72.12 0 0
rwrist -20.4113 0 0
rhand -31.6986 -49.7707 0
rfingers 7.12502 0 0
rthumb -4.95094 -787.384 0
912
root 2.71218 16.07 31.8369 -0.468473 14.9862 361.205
lfemur -10.8743 16.3332 -9.90947
ltibia 26.9326 0 0
lfoot -21.7109 -6.7909 0
ltoes -13.1645 0 0
rfemur -46.0878 -21.2612 7.19363
rtibia 84.2785 0 0
rfoot 3.93975 7.34652 0
rtoes -21.6944 0 0
lowerback 3.87751 -3.26188 -3.94483
upperback 0.809853 -4.68027 -4.09062
thorax -1.02606 -2.33681 -1.65681
lowerneck -7.32266 -2.52178 1.50268
upperneck 3.85086 -3.79033 4.6651
head 2.61884 -1.70504 1.04679
lclavicle -3.75549e-14 -3.29428e-14 0
lhumerus -49.2895 -44.1542 104.655
lradius 59.2268 0 0
lwrist 18.6581 0 0
lhand 33.7051 17.1276 0
lfingers 7.12502 0 0
lthumb 56.8332 32.5512 0
rclavicle -3.75549e-14 -3.29428e-14 0
rhumerus -28.9338 -7.26572 -39.3515
rradius 70.9134 0 0
rwrist -20.321 0 0
rhand -30.9818 -49.2436 0
rfingers 7.12502 0 0
rthumb -4.25908 -787.176 0
913
root 2.65408 16.0422 31.8802 -0.147762 14.1914 361.387
lfemur -10.217 15.6251 -9.39506
ltibia 26.0049 0 0
lfoot -22.1163 -7.17764 0
ltoes -13.9145 0 0
rfemur -45.3528 -20.7317 6.43784
rtibia 82.617 0 0
rfoot 3.0987 6.92982 0
rtoes -22.7195 0 0
lowerback 3.5404 -3.16311 -3.78729
upperback 0.701027 -4.53146 -4.24006
thorax -0.97097 -2.26405 -1.92141
lowerneck -7.30222 -2.38266 1.56779
upperneck 3.77251 -3.60377 4.62485
head 2.58338 -1.61476 1.03111
lclavicle -3.58201e-14 -3.47602e-14 0
lhumerus -49.7343 -44.1164 104.948
lradius 59.0662 0 0
lwrist 18.9745 0 0
lhand 34.0759 17.439 0
lfingers 7.12502 0 0
lthumb 57.1557 32.5669 0
rclavicle -3.58201e-14 -3.47602e-14 0
rhumerus -27.8215 -6.49847 -37.967
rradius 69.6948 0 0
rwrist -20.2294 0 0
rhand -30.2651 -48.7162 0
rfingers 7.12502 0 0
rthumb -3.5674 -787.013 0
914
root 2.59581 16.0143 31.9237 0.172891 13.3933 361.57
lfemur -9.55617 14.9138 -8.87846
ltibia 25.0735 0 0
lfoot -22.5229 -7.56435 0
ltoes -14.6677 0 0
rfemur -44.6194 -20.2007 5.68317
rtibia 80.9495 0 0
rfoot 2.25442 6.51498 0
rtoes -23.747 0 0
lowerback 3.20334 -3.06376 -3.6292
upperback 0.592399 -4.38187 -4.3898
thorax -0.91575 -2.1909 -2.18663
lowerneck -7.28186 -2.24285 1.63383
upperneck 3.69394 -3.41634 4.58444
head 2.54783 -1.52404 1.01525
lclavicle -3.40684e-14 -3.65704e-14 0
lhumerus -50.1788 -44.0785 105.242
lradius 58.9046 0 0
lwrist 19.2926 0 0
lhand 34.4472 17.7516 0
lfingers 7.12502 0 0
lthumb 57.4785 32.5836 0
rclavicle -3.40684e-14 -3.65704e-14 0
rhumerus -26.705 -5.73583 -36.5742
rradius 68.4669 0 0
rwrist -20.1364 0 0
rhand -29.5502 -48.1894 0
rfingers 7.12502 0 0
rthumb -2.87743 -786.893 0
915
root 2.53746 15.9864 31.967 0.492885 12.5936 361.752
lfemur -8.89312 14.2007 -8.36063
ltibia 24.1404 0 0
lfoot -22.9298 -7.95021 0
ltoes -15.4225 0 0
rfemur -43.889 -19.6694 4.93095
rtibia 79.2794 0 0
rfoot 1.40841 6.10277 0
rtoes -24.775 0 0
lowerback 2.86695 -2.96403 -3.4709
upperback 0.484175 -4.23178 -4.53951
thorax -0.860494 -2.11749 -2.4519
lowerneck -7.26164 -2.10264 1.70073
upperneck 3.61529 -3.22845 4.54396
head 2.51226 -1.43309 0.999239
lclavicle -3.23045e-14 -3.83673e-14 0
lhumerus -50.6222 -44.0406 105.535
lradius 58.7426 0 0
lwrist 19.6118 0 0
lhand 34.818 18.0647 0
lfingers 7.12502 0 0
lthumb 57.801 32.6013 0
rclavicle -3.23045e-14 -3.83673e-14 0
rhumerus -25.5866 -4.97975 -35.1759
rradius 67.232 0 0
rwrist -20.0421 0 0
rhand -28.8387 -47.6644 0
rfingers 7.12502 0 0
rthumb -2.19068 -786.813 0
916
root 2.47916 15.9584 32.0102 0.811618 11.794 361.934
lfemur -8.22921 13.4874 -7.84257
ltibia 23.2075 0 0
lfoot -23.3364 -8.33438 0
ltoes -16.1776 0 0
rfemur -43.1625 -19.1391 4.18246
rtibia 77.6104 0 0
rfoot 0.562206 5.69396 0
rtoes -25.8011 0 0
lowerback 2.53186 -2.8641 -3.31272
upperback 0.37656 -4.08148 -4.68887
thorax -0.805295 -2.04397 -2.71664
lowerneck -7.24161 -1.96233 1.7684
upperneck 3.53674 -3.04053 4.50349
head 2.47674 -1.34211 0.983113
lclavicle -3.05329e-14 -4.01451e-14 0
lhumerus -51.0637 -44.003 105.827
lradius 58.5803 0 0
lwrist 19.9313 0 0
lhand 35.1877 18.3779 0
lfingers 7.12502 0 0
lthumb 58.1225 32.6202 0
rclavicle -3.05329e-14 -4.01451e-14 0
rhumerus -24.4683 -4.23217 -33.7749
rradius 65.9926 0 0
rwrist -19.9464 0 0
rhand -28.1321 -47.1419 0
rfingers 7.12502 0 0
rthumb -1.50868 -786.768 0
917
root 2.42102 15.9304 32.0532 1.12849 10.996 362.115
lfemur -7.5658 12.7755 -7.32523
ltibia 22.2764 0 0
lfoot -23.7419 -8.71604 0
ltoes -16.9316 0 0
rfemur -42.4412 -18.611 3.43902
rtibia 75.9457 0 0
rfoot -0.282663 5.28931 0
rtoes -26.8235 0 0
lowerback 2.19869 -2.76417 -3.15498
upperback 0.269758 -3.93124 -4.83753
thorax -0.750243 -1.97048 -2.9803
lowerneck -7.22182 -1.82222 1.83673
upperneck 3.45843 -2.85297 4.46313
head 2.44135 -1.25129 0.966893
lclavicle -2.87581e-14 -4.18976e-14 0
lhumerus -51.5026 -43.9658 106.118
lradius 58.4183 0 0
lwrist 20.2504 0 0
lhand 35.5553 18.6903 0
lfingers 7.12502 0 0
lthumb 58.4422 32.6402 0
rclavicle -2.87581e-14 -4.18976e-14 0
rhumerus -23.3522 -3.49505 -32.3741
rradius 64.7512 0 0
rwrist -19.8493 0 0
rhand -27.432 -46.623 0
rfingers 7.12502 0 0
rthumb -0.83294 -786.755 0
918
root 2.36315 15.9025 32.0959 1.4429 10.2014 362.295
lfemur -6.90421 12.0664 -6.80962
ltibia 21.3493 0 0
lfoot -24.1456 -9.09436 0
ltoes -17.6829 0 0
rfemur -41.7261 -18.0863 2.70193
rtibia 74.289 0 0
rfoot -1.12467 4.8896 0
rtoes -27.8398 0 0
lowerback 1.86808 -2.66442 -2.998
upperback 0.163975 -3.78137 -4.98515
thorax -0.695433 -1.89714 -3.24229
lowerneck -7.20231 -1.68263 1.90564
upperneck 3.38053 -2.66619 4.42296
head 2.40617 -1.16084 0.950604
lclavicle -2.69847e-14 -4.3619e-14 0
lhumerus -51.938 -43.9291 106.407
lradius 58.2568 0 0
lwrist 20.5684 0 0
lhand 35.92 19.0016 0
lfingers 7.12502 0 0
lthumb 58.7596 32.6616 0
rclavicle -2.69847e-14 -4.3619e-14 0
rhumerus -22.2404 -2.77032 -30.9764
rradius 63.5101 0 0
rwrist -19.7508 0 0
rhand -26.7399 -46.1087 0
rfingers 7.12502 0 0
rthumb -0.164994 -786.771 0
919
root 2.30566 15.8747 32.1382 1.75425 9.41171 362.473
lfemur -6.24581 11.3616 -6.2967
ltibia 20.4277 0 0
lfoot -24.5466 -9.46851 0
ltoes -18.4301 0 0
rfemur -41.0184 -17.5662 1.97251
rtibia 72.6438 0 0
rfoot -1.9623 4.49559 0
rtoes -28.8481 0 0
lowerback 1.54065 -2.56506 -2.84212
upperback 0.0594166 -3.63213 -5.13141
thorax -0.640955 -1.82411 -3.50205
lowerneck -7.18315 -1.54384 1.97503
upperneck 3.3032 -2.48061 4.38307
head 2.37126 -1.07094 0.934274
lclavicle -2.52173e-14 -4.53034e-14 0
lhumerus -52.3693 -43.8933 106.694
lradius 58.0962 0 0
lwrist 20.8846 0 0
lhand 36.2811 19.311 0
lfingers 7.12502 0 0
lthumb 59.0737 32.6842 0
rclavicle -2.52173e-14 -4.53034e-14 0
rhumerus -21.135 -2.05995 -29.5847
rradius 62.2718 0 0
rwrist -19.6509 0 0
rhand -26.0575 -45.5999 0
rfingers 7.12502 0 0
rthumb 0.49364 -786.814 0
920
root 2.24866 15.8471 32.1801 2.06194 8.62867 362.649
lfemur -5.59192 10.6628 -5.78745
ltibia 19.5137 0 0
lfoot -24.9442 -9.83767 0
ltoes -19.1719 0 0
rfemur -40.3193 -17.052 1.25204
rtibia 71.0135 0 0
rfoot -2.79402 4.10806 0
rtoes -29.8462 0 0
lowerback 1.21702 -2.46626 -2.68766
upperback -0.0437123 -3.48383 -5.27597
thorax -0.586902 -1.75152 -3.759
lowerneck -7.16438 -1.40618 2.04482
upperneck 3.22659 -2.29662 4.34356
head 2.33672 -0.981808 0.917928
lclavicle -2.34602e-14 -4.69446e-14 0
lhumerus -52.7957 -43.8584 106.979
lradius 57.9369 0 0
lwrist 21.1983 0 0
lhand 36.6378 19.6179 0
lfingers 7.12502 0 0
lthumb 59.3841 32.7082 0
rclavicle -2.34602e-14 -4.69446e-14 0
rhumerus -20.0382 -1.36587 -28.2019
rradius 61.0389 0 0
rwrist -19.5495 0 0
rhand -25.3864 -45.0976 0
rfingers 7.12502 0 0
rthumb 1.14144 -786.878 0
921
root 2.19227 15.8198 32.2214 2.36536 7.85388 362.822
lfemur -4.9439 9.9715 -5.28285
ltibia 18.6091 0 0
lfoot -25.3377 -10.201 0
ltoes -19.9067 0 0
rfemur -39.6298 -16.5449 0.541858
rtibia 69.4016 0 0
rfoot -3.6183 3.72777 0
rtoes -30.832 0 0
lowerback 0.897835 -2.36822 -2.53494
upperback -0.145206 -3.33673 -5.4185
thorax -0.533368 -1.67951 -4.01259
lowerneck -7.14606 -1.26993 2.11491
upperneck 3.15087 -2.11464 4.30451
head 2.3026 -0.893633 0.901592
lclavicle -2.17182e-14 -4.85369e-14 0
lhumerus -53.2163 -43.8246 107.261
lradius 57.7792 0 0
lwrist 21.5088 0 0
lhand 36.9891 19.9218 0
lfingers 7.12502 0 0
lthumb 59.6898 32.7337 0
rclavicle -2.17182e-14 -4.85369e-14 0
rhumerus -18.952 -0.690039 -26.8307
rradius 59.8136 0 0
rwrist -19.4466 0 0
rhand -24.728 -44.6027 0
rfingers 7.12502 0 0
rthumb 1.77689 -786.961 0
922
root 2.13659 15.7927 32.262 2.66391 7.089 362.992
lfemur -4.30308 9.28914 -4.78388
ltibia 17.7156 0 0
lfoot -25.7264 -10.5577 0
ltoes -20.633 0 0
rfemur -38.9511 -16.0461 -0.15675
rtibia 67.8116 0 0
rfoot -4.43362 3.35549 0
rtoes -31.8034 0 0
lowerback 0.583709 -2.27113 -2.38429
upperback -0.24486 -3.19114 -5.55865
thorax -0.480443 -1.60822 -4.26223
lowerneck -7.12822 -1.1354 2.18522
upperneck 3.07619 -1.93509 4.26601
head 2.26899 -0.806617 0.885293
lclavicle -1.99958e-14 -5.00742e-14 0
lhumerus -53.6305 -43.7922 107.54
lradius 57.6235 0 0
lwrist 21.8153 0 0
lhand 37.3343 20.222 0
lfingers 7.12502 0 0
lthumb 59.9903 32.7608 0
rclavicle -1.99958e-14 -5.00742e-14 0
rhumerus -17.8786 -0.0343963 -25.4742
rradius 58.5986 0 0
rwrist -19.3423 0 0
rhand -24.084 -44.1163 0
rfingers 7.12502 0 0
rthumb 2.39846 -787.06 0
923
root 2.08174 15.766 32.302 2.957 6.33566 363.159
lfemur -3.6708 8.61729 -4.29153
ltibia 16.8353 0 0
lfoot -26.1094 -10.9069 0
ltoes -21.3496 0 0
rfemur -38.2844 -15.5569 -0.842473
rtibia 66.247 0 0
rfoot -5.23845 2.992 0
rtoes -32.7583 0 0
lowerback 0.275272 -2.17518 -2.23603
upperback -0.342469 -3.04732 -5.6961
thorax -0.42822 -1.53778 -4.50736
lowerneck -7.11092 -1.0029 2.25563
upperneck 3.00271 -1.75837 4.22816
head 2.23596 -0.720957 0.869056
lclavicle -1.82975e-14 -5.15505e-14 0
lhumerus -54.0375 -43.7613 107.816
lradius 57.4702 0 0
lwrist 22.1172 0 0
lhand 37.6726 20.518 0
lfingers 7.12502 0 0
lthumb 60.2849 32.7894 0
rclavicle -1.82975e-14 -5.15505e-14 0
rhumerus -16.82 0.599107 -24.1351
rradius 57.3961 0 0
rwrist -19.2364 0 0
rhand -23.456 -43.6392 0
rfingers 7.12502 0 0
rthumb 3.00463 -787.171 0
924
root 2.02784 15.7396 32.3412 3.24402 5.5955 363.322
lfemur -3.04842 7.95748 -3.80676
ltibia 15.9698 0 0
lfoot -26.486 -11.2478 0
ltoes -22.0549 0 0
rfemur -37.6307 -15.0784 -1.514
rtibia 64.7113 0 0
rfoot -6.03126 2.63805 0
rtoes -33.6945 0 0
lowerback -0.0268471 -2.08056 -2.0905
upperback -0.437828 -2.90558 -5.83051
thorax -0.376792 -1.46834 -4.7474
lowerneck -7.09422 -0.872722 2.32608
upperneck 2.93059 -1.5849 4.19104
head 2.20359 -0.636853 0.852907
lclavicle -1.66278e-14 -5.296e-14 0
lhumerus -54.4364 -43.7322 108.088
lradius 57.3195 0 0
lwrist 22.4137 0 0
lhand 38.0032 20.8091 0
lfingers 7.12502 0 0
lthumb 60.5727 32.8197 0
rclavicle -1.66278e-14 -5.296e-14 0
rhumerus -15.7783 1.20853 -22.8164
rradius 56.2088 0 0
rwrist -19.1291 0 0
rhand -22.8454 -43.1726 0
rfingers 7.12502 0 0
rthumb 3.59388 -787.291 0
925
root 1.97499 15.7136 32.3795 3.52437 4.87017 363.481
lfemur -2.43726 7.31126 -3.33056
ltibia 15.1212 0 0
lfoot -26.8555 -11.5796 0
ltoes -22.7474 0 0
rfemur -36.9912 -14.6119 -2.17003
rtibia 63.208 0 0
rfoot -6.81054 2.29443 0
rtoes -34.61 0 0
lowerback -0.322023 -1.98747 -1.94802
upperback -0.53073 -2.76619 -5.96154
thorax -0.326251 -1.40003 -4.98179
lowerneck -7.07816 -0.745176 2.39646
upperneck 2.85999 -1.41509 4.15474
head 2.17195 -0.554503 0.836873
lclavicle -1.49913e-14 -5.42966e-14 0
lhumerus -54.8266 -43.7049 108.355
lradius 57.172 0 0
lwrist 22.7041 0 0
lhand 38.3252 21.0947 0
lfingers 7.12502 0 0
lthumb 60.8532 32.8518 0
rclavicle -1.49913e-14 -5.42966e-14 0
rhumerus -14.7557 1.79191 -21.5209
rradius 55.0389 0 0
rwrist -19.0202 0 0
rhand -22.254 -42.7172 0
rfingers 7.12502 0 0
rthumb 4.1647 -787.416 0
926
root 1.9233 15.6882 32.4169 3.79745 4.16131 363.635
lfemur -1.83868 6.68014 -2.86391
ltibia 14.2911 0 0
lfoot -27.2172 -11.9014 0
ltoes -23.4258 0 0
rfemur -36.367 -14.1586 -2.80926
rtibia 61.7406 0 0
rfoot -7.57475 1.96189 0
rtoes -35.5027 0 0
lowerback -0.609627 -1.89609 -1.80891
upperback -0.620972 -2.62944 -6.08887
thorax -0.276689 -1.333 -5.20996
lowerneck -7.06279 -0.620564 2.46668
upperneck 2.79107 -1.24934 4.11935
head 2.14112 -0.474107 0.82098
lclavicle -1.33925e-14 -5.55544e-14 0
lhumerus -55.2072 -43.6797 108.619
lradius 57.0278 0 0
lwrist 22.9877 0 0
lhand 38.6378 21.3743 0
lfingers 7.12502 0 0
lthumb 61.1255 32.8856 0
rclavicle -1.33925e-14 -5.55544e-14 0
rhumerus -13.7542 2.34731 -20.2515
rradius 53.889 0 0
rwrist -18.9097 0 0
rhand -21.6833 -42.2741 0
rfingers 7.12502 0 0
rthumb 4.71554 -787.543 0
927
root 1.87289 15.6632 32.4532 4.06266 3.47057 363.785
lfemur -1.25402 6.06566 -2.40778
ltibia 13.4816 0 0
lfoot -27.5702 -12.2124 0
ltoes -24.0885 0 0
rfemur -35.7593 -13.7197 -3.43038
rtibia 60.3126 0 0
rfoot -8.32237 1.64122 0
rtoes -36.3705 0 0
lowerback -0.889032 -1.80661 -1.67351
upperback -0.708347 -2.49561 -6.21215
thorax -0.228198 -1.26737 -5.43134
lowerneck -7.04817 -0.499187 2.53665
upperneck 2.72398 -1.08807 4.08496
head 2.11117 -0.395862 0.805253
lclavicle -1.18361e-14 -5.67274e-14 0
lhumerus -55.5775 -43.6568 108.877
lradius 56.8874 0 0
lwrist 23.2639 0 0
lhand 38.9402 21.6472 0
lfingers 7.12502 0 0
lthumb 61.389 32.9213 0
rclavicle -1.18361e-14 -5.67274e-14 0
rhumerus -12.7759 2.87279 -19.011
rradius 52.7616 0 0
rwrist -18.7977 0 0
rhand -21.1348 -41.8443 0
rfingers 7.12502 0 0
rthumb 5.24491 -787.669 0
928
root 1.82387 15.6389 32.4885 4.3194 2.79958 363.928
lfemur -0.684623 5.46935 -1.96316
ltibia 12.6943 0 0
lfoot -27.9138 -12.5118 0
ltoes -24.7342 0 0
rfemur -35.1692 -13.2965 -4.03207
rtibia 58.9274 0 0
rfoot -9.05187 1.33317 0
rtoes -37.2112 0 0
lowerback -1.15961 -1.71922 -1.54213
upperback -0.792651 -2.365 -6.33105
thorax -0.180871 -1.2033 -5.64535
lowerneck -7.03434 -0.38135 2.60628
upperneck 2.65889 -0.931687 4.05166
head 2.08217 -0.319967 0.789719
lclavicle -1.03265e-14 -5.78096e-14 0
lhumerus -55.9368 -43.6364 109.13
lradius 56.7512 0 0
lwrist 23.5318 0 0
lhand 39.2316 21.9128 0
lfingers 7.12502 0 0
lthumb 61.6431 32.959 0
rclavicle -1.03265e-14 -5.78096e-14 0
rhumerus -11.8231 3.36638 -17.8024
rradius 51.659 0 0
rwrist -18.6841 0 0
rhand -20.6102 -41.4287 0
rfingers 7.12502 0 0
rthumb 5.75127 -787.79 0
929
root 1.77635 15.6152 32.5225 4.56707 2.15 364.066
lfemur -0.131826 4.89275 -1.53102
ltibia 11.9313 0 0
lfoot -28.2472 -12.7987 0
ltoes -25.3615 0 0
rfemur -34.5978 -12.8901 -4.61305
rtibia 57.5886 0 0
rfoot -9.76173 1.03852 0
rtoes -38.0227 0 0
lowerback -1.42074 -1.63413 -1.4151
upperback -0.873679 -2.23787 -6.44524
thorax -0.134801 -1.14092 -5.85143
lowerneck -7.02136 -0.267355 2.67548
upperneck 2.59595 -0.780605 4.01954
head 2.05421 -0.246622 0.774404
lclavicle -8.86821e-15 -5.87952e-14 0
lhumerus -56.2842 -43.6186 109.378
lradius 56.6195 0 0
lwrist 23.7908 0 0
lhand 39.5111 22.1706 0
lfingers 7.12502 0 0
lthumb 61.8869 32.9986 0
rclavicle -8.86821e-15 -5.87952e-14 0
rhumerus -10.8976 3.82616 -16.6285
rradius 50.5837 0 0
rwrist -18.5689 0 0
rhand -20.111 -41.0283 0
rfingers 7.12502 0 0
rthumb 6.23309 -787.904 0
930
root 1.73045 15.5921 32.5553 4.80506 1.52345 364.198
lfemur 0.403025 4.33737 -1.11234
ltibia 11.1942 0 0
lfoot -28.5698 -13.0724 0
ltoes -25.9687 0 0
rfemur -34.0462 -12.5019 -5.17199
rtibia 56.2996 0 0
rfoot -10.4504 0.758041 0
rtoes -38.8029 0 0
lowerback -1.67179 -1.5515 -1.29275
upperback -0.951224 -2.11453 -6.55438
thorax -0.0900786 -1.08037 -6.049
lowerneck -7.00927 -0.157504 2.74415
upperneck 2.53533 -0.635235 3.98869
head 2.02736 -0.176025 0.759334
lclavicle -7.46589e-15 -5.96781e-14 0
lhumerus -56.619 -43.6036 109.62
lradius 56.4927 0 0
lwrist 24.0402 0 0
lhand 39.778 22.4198 0
lfingers 7.12502 0 0
lthumb 62.1197 33.0404 0
rclavicle -7.46589e-15 -5.96781e-14 0
rhumerus -10.0018 4.25016 -15.4923
rradius 49.5382 0 0
rwrist -18.4521 0 0
rhand -19.6387 -40.6441 0
rfingers 7.12502 0 0
rthumb 6.68887 -788.005 0
931
root 1.68627 15.5698 32.5867 5.03278 0.921591 364.323
lfemur 0.918588 3.80477 -0.708108
ltibia 10.4851 0 0
lfoot -28.8807 -13.332 0
ltoes -26.5546 0 0
rfemur -33.5157 -12.133 -5.70759
rtibia 55.064 0 0
rfoot -11.1164 0.492494 0
rtoes -39.5498 0 0
lowerback -1.91213 -1.47155 -1.17541
upperback -1.02508 -1.99526 -6.65813
thorax -0.0467971 -1.02178 -6.2375
lowerneck -6.99812 -0.0521016 2.8122
upperneck 2.47718 -0.495988 3.9592
head 2.00168 -0.108375 0.744534
lclavicle -6.12403e-15 -6.04524e-14 0
lhumerus -56.9404 -43.5916 109.856
lradius 56.3711 0 0
lwrist 24.2792 0 0
lhand 40.0314 22.66 0
lfingers 7.12502 0 0
lthumb 62.341 33.0842 0
rclavicle -6.12403e-15 -6.04524e-14 0
rhumerus -9.13755 4.63644 -14.3965
rradius 48.5248 0 0
rwrist -18.3336 0 0
rhand -19.1951 -40.277 0
rfingers 7.12502 0 0
rthumb 7.11708 -788.092 0
932
root 1.64393 15.5483 32.6167 5.24963 0.346059 364.441
lfemur 1.41352 3.29646 -0.319293
ltibia 9.80567 0 0
lfoot -29.1793 -13.5767 0
ltoes -27.1177 0 0
rfemur -33.0073 -11.7846 -6.21855
rtibia 53.8852 0 0
rfoot -11.7582 0.242653 0
rtoes -40.2611 0 0
lowerback -2.14113 -1.39445 -1.0634
upperback -1.09505 -1.88034 -6.75617
thorax -0.00504865 -0.965297 -6.41636
lowerneck -6.98797 0.04855 2.87955
upperneck 2.42166 -0.363273 3.93115
head 1.97727 -0.0438701 0.730032
lclavicle -4.84719e-15 -6.11121e-14 0
lhumerus -57.2477 -43.5829 110.085
lradius 56.255 0 0
lwrist 24.5072 0 0
lhand 40.2706 22.8905 0
lfingers 7.12502 0 0
lthumb 62.5498 33.1303 0
rclavicle -4.84719e-15 -6.11121e-14 0
rhumerus -8.30709 4.98306 -13.344
rradius 47.5462 0 0
rwrist -18.2135 0 0
rhand -18.7815 -39.928 0
rfingers 7.12502 0 0
rthumb 7.5162 -788.16 0
933
root 1.60354 15.5276 32.6451 5.45499 -0.201503 364.551
lfemur 1.88648 2.81398 0.0531245
ltibia 9.15783 0 0
lfoot -29.4646 -13.8056 0
ltoes -27.6565 0 0
rfemur -32.5221 -11.4581 -6.70357
rtibia 52.7667 0 0
rfoot -12.3742 0.00928521 0
rtoes -40.9349 0 0
lowerback -2.35817 -1.3204 -0.957044
upperback -1.16092 -1.77005 -6.84816
thorax 0.0350744 -0.911059 -6.585
lowerneck -6.97887 0.144148 2.94609
upperneck 2.36892 -0.237503 3.90464
head 1.95419 0.0172903 0.715853
lclavicle -3.63991e-15 -6.16512e-14 0
lhumerus -57.5401 -43.5775 110.307
lradius 56.1449 0 0
lwrist 24.7235 0 0
lhand 40.4946 23.1107 0
lfingers 7.12502 0 0
lthumb 62.7456 33.1787 0
rclavicle -3.63991e-15 -6.16512e-14 0
rhumerus -7.5125 5.28806 -12.3377
rradius 46.6046 0 0
rwrist -18.0917 0 0
rhand -18.3997 -39.598 0
rfingers 7.12502 0 0
rthumb 7.8847 -788.207 0
934
root 1.56521 15.5078 32.672 5.64828 -0.719452 364.654
lfemur 2.33612 2.35886 0.408164
ltibia 8.54342 0 0
lfoot -29.7361 -14.0179 0
ltoes -28.1696 0 0
rfemur -32.0613 -11.1545 -7.16132
rtibia 51.712 0 0
rfoot -12.963 -0.206839 0
rtoes -41.5689 0 0
lowerback -2.56263 -1.24959 -0.856672
upperback -1.22248 -1.66469 -6.93376
thorax 0.0734798 -0.859205 -6.74286
lowerneck -6.97086 0.234389 3.01174
upperneck 2.31914 -0.119088 3.87976
head 1.93252 0.0749078 0.702022
lclavicle -2.50674e-15 -6.20639e-14 0
lhumerus -57.8168 -43.5757 110.522
lradius 56.0411 0 0
lwrist 24.9272 0 0
lhand 40.7027 23.32 0
lfingers 7.12502 0 0
lthumb 62.9277 33.2294 0
rclavicle -2.50674e-15 -6.20639e-14 0
rhumerus -6.75588 5.5495 -11.3806
rradius 45.7026 0 0
rwrist -17.9683 0 0
rhand -18.0511 -39.2881 0
rfingers 7.12502 0 0
rthumb 8.22107 -788.229 0
935
root 1.52905 15.4889 32.6972 5.8289 -1.20614 364.748
lfemur 2.7611 1.93263 0.744846
ltibia 7.96429 0 0
lfoot -29.993 -14.2128 0
ltoes -28.6555 0 0
rfemur -31.6261 -10.8752 -7.59051
rtibia 50.7247 0 0
rfoot -13.5229 -0.40495 0
rtoes -42.1612 0 0
lowerback -2.75387 -1.1822 -0.76261
upperback -1.27954 -1.56453 -7.01263
thorax 0.110075 -0.809873 -6.88936
lowerneck -6.964 0.31897 3.07641
upperneck 2.27246 -0.00843883 3.8566
head 1.91233 0.128783 0.688568
lclavicle -1.45221e-15 -6.2344e-14 0
lhumerus -58.0771 -43.5777 110.729
lradius 55.944 0 0
lwrist 25.1178 0 0
lhand 40.8941 23.5179 0
lfingers 7.12502 0 0
lthumb 63.0953 33.2825 0
rclavicle -1.45221e-15 -6.2344e-14 0
rhumerus -6.03933 5.76544 -10.4754
rradius 44.8426 0 0
rwrist -17.8431 0 0
rhand -17.7375 -38.9991 0
rfingers 7.12502 0 0
rthumb 8.52377 -788.222 0
936
root 1.49518 15.4711 32.7206 5.99623 -1.65994 364.834
lfemur 3.16008 1.53683 1.06219
ltibia 7.42229 0 0
lfoot -30.2344 -14.3895 0
ltoes -29.1128 0 0
rfemur -31.2175 -10.6213 -7.98983
rtibia 49.8081 0 0
rfoot -14.0525 -0.584278 0
rtoes -42.7094 0 0
lowerback -2.93126 -1.11844 -0.675182
upperback -1.33188 -1.46986 -7.08445
thorax 0.144768 -0.763201 -7.02394
lowerneck -6.95834 0.397588 3.14
upperneck 2.22905 0.0940329 3.83524
head 1.8937 0.178719 0.675514
lclavicle -4.80889e-16 -6.24858e-14 0
lhumerus -58.3202 -43.5836 110.929
lradius 55.8538 0 0
lwrist 25.2944 0 0
lhand 41.0679 23.7036 0
lfingers 7.12502 0 0
lthumb 63.2477 33.3381 0
rclavicle -4.80889e-16 -6.24858e-14 0
rhumerus -5.36495 5.93391 -9.62506
rradius 44.0271 0 0
rwrist -17.7162 0 0
rhand -17.4602 -38.7322 0
rfingers 7.12502 0 0
rthumb 8.7913 -788.184 0
937
root 1.46371 15.4542 32.7422 6.14969 -2.07919 364.91
lfemur 3.53171 1.17298 1.35922
ltibia 6.91929 0 0
lfoot -30.4597 -14.5471 0
ltoes -29.5401 0 0
rfemur -30.8367 -10.3941 -8.35798
rtibia 48.9659 0 0
rfoot -14.5503 -0.744056 0
rtoes -43.2117 0 0
lowerback -3.09418 -1.05849 -0.594716
upperback -1.37931 -1.38098 -7.14888
thorax 0.177467 -0.719329 -7.14602
lowerneck -6.95392 0.469941 3.20242
upperneck 2.18906 0.187916 3.81578
head 1.8767 0.224514 0.662888
lclavicle 4.02694e-16 -6.24831e-14 0
lhumerus -58.5453 -43.5936 111.12
lradius 55.7711 0 0
lwrist 25.4565 0 0
lhand 41.2233 23.8766 0
lfingers 7.12502 0 0
lthumb 63.3842 33.3962 0
rclavicle 4.02694e-16 -6.24831e-14 0
rhumerus -4.73485 6.05299 -8.83244
rradius 43.2584 0 0
rwrist -17.5876 0 0
rhand -17.221 -38.4881 0
rfingers 7.12502 0 0
rthumb 9.02213 -788.111 0
938
root 1.43475 15.4384 32.7619 6.28866 -2.46226 364.977
lfemur 3.87465 0.842611 1.63496
ltibia 6.45711 0 0
lfoot -30.668 -14.6848 0
ltoes -29.9359 0 0
rfemur -30.4848 -10.1948 -8.69364
rtibia 48.2014 0 0
rfoot -15.0147 -0.883513 0
rtoes -43.6658 0 0
lowerback -3.24201 -1.00254 -0.521538
upperback -1.42161 -1.29815 -7.20558
thorax 0.208079 -0.678396 -7.25504
lowerneck -6.9508 0.535725 3.26357
upperneck 2.15265 0.272801 3.7983
head 1.86141 0.265972 0.650715
lclavicle 1.19399e-15 -6.23301e-14 0
lhumerus -58.7516 -43.6079 111.302
lradius 55.6961 0 0
lwrist 25.6032 0 0
lhand 41.3596 24.0363 0
lfingers 7.12502 0 0
lthumb 63.5041 33.457 0
rclavicle 1.19399e-15 -6.23301e-14 0
rhumerus -4.15112 6.12071 -8.10042
rradius 42.5391 0 0
rwrist -17.4572 0 0
rhand -17.0214 -38.268 0
rfingers 7.12502 0 0
rthumb 9.21473 -787.999 0
939
root 1.40841 15.4238 32.7796 6.41255 -2.8075 365.034
lfemur 4.18757 0.547263 1.88843
ltibia 6.03763 0 0
lfoot -30.8587 -14.8018 0
ltoes -30.2988 0 0
rfemur -30.163 -10.0246 -8.99552
rtibia 47.5182 0 0
rfoot -15.4442 -1.00188 0
rtoes -44.0696 0 0
lowerback -3.37411 -0.950787 -0.455972
upperback -1.45858 -1.22168 -7.25422
thorax 0.236511 -0.640539 -7.35042
lowerneck -6.94903 0.594637 3.32338
upperneck 2.11999 0.348275 3.7829
head 1.84791 0.302893 0.639022
lclavicle 1.88845e-15 -6.20208e-14 0
lhumerus -58.9385 -43.6268 111.475
lradius 55.6292 0 0
lwrist 25.7339 0 0
lhand 41.4758 24.1821 0
lfingers 7.12502 0 0
lthumb 63.6067 33.5204 0
rclavicle 1.88845e-15 -6.20208e-14 0
rhumerus -3.61588 6.13513 -7.43186
rradius 41.8716 0 0
rwrist -17.325 0 0
rhand -16.8629 -38.0727 0
rfingers 7.12502 0 0
rthumb 9.36759 -787.845 0
940
root 1.40018 15.4192 32.7851 6.45059 -2.91471 365.051
lfemur 4.28575 0.456103 1.96837
ltibia 5.90665 0 0
lfoot -30.9186 -14.8363 0
ltoes -30.413 0 0
rfemur -30.0623 -9.97412 -9.08879
rtibia 47.3075 0 0
rfoot -15.5803 -1.03657 0
rtoes -44.1935 0 0
lowerback -3.41475 -0.934374 -0.435714
upperback -1.46973 -1.19747 -7.2687
thorax 0.24554 -0.628539 -7.3793
lowerneck -6.94875 0.61285 3.34315
upperneck 2.10989 0.371469 3.7782
head 1.84379 0.314255 0.635205
lclavicle 2.10027e-15 -6.18816e-14 0
lhumerus -58.9966 -43.6341 111.531
lradius 55.6086 0 0
lwrist 25.7741 0 0
lhand 41.5102 24.2278 0
lfingers 7.12502 0 0
lthumb 63.6372 33.5423 0
rclavicle 2.10027e-15 -6.18816e-14 0
rhumerus -3.44745 6.12758 -7.22187
rradius 41.6592 0 0
rwrist -17.2803 0 0
rhand -16.8193 -38.013 0
rfingers 7.12502 0 0
rthumb 9.40963 -787.788 0
941
root 1.39214 15.4146 32.7904 6.48727 -3.01918 365.067
lfemur 4.382 0.367492 2.04685
ltibia 5.77872 0 0
lfoot -30.9772 -14.8688 0
ltoes -30.525 0 0
rfemur -29.9643 -9.92614 -9.17891
rtibia 47.103 0 0
rfoot -15.7141 -1.06895 0
rtoes -44.3134 0 0
lowerback -3.45399 -0.9182 -0.416036
upperback -1.48036 -1.17364 -7.28247
thorax 0.25442 -0.616719 -7.40704
lowerneck -6.94862 0.630575 3.36307
upperneck 2.10008 0.393966 3.77367
head 1.83981 0.325285 0.631385
lclavicle 2.30607e-15 -6.17237e-14 0
lhumerus -59.0529 -43.6419 111.586
lradius 55.5885 0 0
lwrist 25.8133 0 0
lhand 41.5428 24.2726 0
lfingers 7.12502 0 0
lthumb 63.666 33.5648 0
rclavicle 2.30607e-15 -6.17237e-14 0
rhumerus -3.28234 6.11357 -7.01579
rradius 41.4494 0 0
rwrist -17.2349 0 0
rhand -16.7801 -37.9557 0
rfingers 7.12502 0 0
rthumb 9.44746 -787.732 0
942
root 1.38429 15.4101 32.7955 6.52262 -3.12093 365.082
lfemur 4.47634 0.281404 2.12389
ltibia 5.65379 0 0
lfoot -31.0346 -14.8993 0
ltoes -30.6349 0 0
rfemur -29.8692 -9.88062 -9.26592
rtibia 46.9046 0 0
rfoot -15.8456 -1.09904 0
rtoes -44.4293 0 0
lowerback -3.49184 -0.90226 -0.396933
upperback -1.49047 -1.15018 -7.29555
thorax 0.263153 -0.605077 -7.43364
lowerneck -6.94865 0.647817 3.38314
upperneck 2.09056 0.415775 3.76929
head 1.83598 0.335986 0.627561
lclavicle 2.50592e-15 -6.15473e-14 0
lhumerus -59.1076 -43.6502 111.641
lradius 55.569 0 0
lwrist 25.8512 0 0
lhand 41.5736 24.3164 0
lfingers 7.12502 0 0
lthumb 63.6934 33.5879 0
rclavicle 2.50592e-15 -6.15473e-14 0
rhumerus -3.12053 6.09319 -6.81358
rradius 41.242 0 0
rwrist -17.1887 0 0
rhand -16.7452 -37.9007 0
rfingers 7.12502 0 0
rthumb 9.48113 -787.68 0
943
root 1.37662 15.4056 32.8004 6.55664 -3.22 365.096
lfemur 4.56878 0.197812 2.1995
ltibia 5.53185 0 0
lfoot -31.0907 -14.9279 0
ltoes -30.7425 0 0
rfemur -29.7768 -9.83754 -9.34986
rtibia 46.7123 0 0
rfoot -15.975 -1.12688 0
rtoes -44.5411 0 0
lowerback -3.52832 -0.886555 -0.378398
upperback -1.50007 -1.1271 -7.30793
thorax 0.271739 -0.593611 -7.45912
lowerneck -6.94883 0.664582 3.40335
upperneck 2.08132 0.436903 3.76507
head 1.83229 0.346363 0.623735
lclavicle 2.69988e-15 -6.13528e-14 0
lhumerus -59.1605 -43.659 111.695
lradius 55.5501 0 0
lwrist 25.8881 0 0
lhand 41.6026 24.3592 0
lfingers 7.12502 0 0
lthumb 63.7192 33.6115 0
rclavicle 2.69988e-15 -6.13528e-14 0
rhumerus -2.96197 6.0665 -6.6152
rradius 41.0371 0 0
rwrist -17.1419 0 0
rhand -16.7145 -37.848 0
rfingers 7.12502 0 0
rthumb 9.51069 -787.629 0
944
root 1.36915 15.4012 32.8052 6.58936 -3.3164 365.109
lfemur 4.65935 0.116689 2.27369
ltibia 5.41286 0 0
lfoot -31.1455 -14.9547 0
ltoes -30.8481 0 0
rfemur -29.6871 -9.79687 -9.43076
rtibia 46.526 0 0
rfoot -16.1022 -1.15249 0
rtoes -44.649 0 0
lowerback -3.56345 -0.871081 -0.360425
upperback -1.50916 -1.10438 -7.31964
thorax 0.280181 -0.582321 -7.48349
lowerneck -6.94916 0.680874 3.42369
upperneck 2.07236 0.457357 3.761
head 1.82874 0.356418 0.619905
lclavicle 2.88802e-15 -6.11403e-14 0
lhumerus -59.2117 -43.6683 111.748
lradius 55.5317 0 0
lwrist 25.9239 0 0
lhand 41.6299 24.4011 0
lfingers 7.12502 0 0
lthumb 63.7435 33.6358 0
rclavicle 2.88802e-15 -6.11403e-14 0
rhumerus -2.80664 6.0336 -6.42062
rradius 40.8345 0 0
rwrist -17.0945 0 0
rhand -16.6881 -37.7976 0
rfingers 7.12502 0 0
rthumb 9.53619 -787.581 0
945
root 1.36186 15.3969 32.8099 6.62078 -3.41017 365.122
lfemur 4.74807 0.0380097 2.34649
ltibia 5.29679 0 0
lfoot -31.1991 -14.9795 0
ltoes -30.9515 0 0
rfemur -29.6 -9.75859 -9.50865
rtibia 46.3456 0 0
rfoot -16.2273 -1.17589 0
rtoes -44.753 0 0
lowerback -3.59723 -0.855837 -0.343008
upperback -1.51776 -1.08203 -7.33067
thorax 0.288479 -0.571205 -7.50676
lowerneck -6.94964 0.696698 3.44417
upperneck 2.06368 0.477144 3.75709
head 1.82532 0.366156 0.616074
lclavicle 3.07039e-15 -6.091e-14 0
lhumerus -59.2613 -43.678 111.801
lradius 55.5139 0 0
lwrist 25.9586 0 0
lhand 41.6554 24.4421 0
lfingers 7.12502 0 0
lthumb 63.7663 33.6606 0
rclavicle 3.07039e-15 -6.091e-14 0
rhumerus -2.6545 5.99456 -6.2298
rradius 40.6344 0 0
rwrist -17.0463 0 0
rhand -16.6658 -37.7494 0
rfingers 7.12502 0 0
rthumb 9.55768 -787.535 0
946
root 1.35475 15.3927 32.8143 6.65092 -3.50134 365.134
lfemur 4.83494 -0.0382529 2.4179
ltibia 5.18361 0 0
lfoot -31.2516 -15.0025 0
ltoes -31.0529 0 0
rfemur -29.5157 -9.72266 -9.58357
rtibia 46.171 0 0
rfoot -16.3502 -1.19711 0
rtoes -44.8531 0 0
lowerback -3.62969 -0.84082 -0.326141
upperback -1.52586 -1.06004 -7.34104
thorax 0.296635 -0.560261 -7.52896
lowerneck -6.95026 0.712059 3.46478
upperneck 2.05528 0.496272 3.75333
head 1.82205 0.375579 0.612239
lclavicle 3.24706e-15 -6.06623e-14 0
lhumerus -59.3093 -43.6882 111.853
lradius 55.4966 0 0
lwrist 25.9922 0 0
lhand 41.6792 24.4821 0
lfingers 7.12502 0 0
lthumb 63.7877 33.6859 0
rclavicle 3.24706e-15 -6.06623e-14 0
rhumerus -2.50553 5.94946 -6.0427
rradius 40.4367 0 0
rwrist -16.9975 0 0
rhand -16.6476 -37.7035 0
rfingers 7.12502 0 0
rthumb 9.57521 -787.491 0
947
root 1.34783 15.3885 32.8186 6.6798 -3.58993 365.144
lfemur 4.92 -0.112125 2.48793
ltibia 5.07329 0 0
lfoot -31.3028 -15.0237 0
ltoes -31.1522 0 0
rfemur -29.4339 -9.68906 -9.65554
rtibia 46.0023 0 0
rfoot -16.4709 -1.21618 0
rtoes -44.9495 0 0
lowerback -3.66085 -0.826029 -0.309818
upperback -1.53347 -1.03841 -7.35075
thorax 0.30465 -0.549487 -7.55008
lowerneck -6.95103 0.726962 3.48552
upperneck 2.04715 0.514747 3.74973
head 1.81891 0.38469 0.608403
lclavicle 3.41809e-15 -6.03974e-14 0
lhumerus -59.3556 -43.6989 111.905
lradius 55.4798 0 0
lwrist 26.0247 0 0
lhand 41.7013 24.5213 0
lfingers 7.12502 0 0
lthumb 63.8076 33.7118 0
rclavicle 3.41809e-15 -6.03974e-14 0
rhumerus -2.35969 5.89838 -5.8593
rradius 40.2414 0 0
rwrist -16.9481 0 0
rhand -16.6334 -37.6597 0
rfingers 7.12502 0 0
rthumb 9.58883 -787.449 0
948
root 1.34108 15.3844 32.8228 6.70743 -3.67597 365.154
lfemur 5.00325 -0.183633 2.5566
ltibia 4.9658 0 0
lfoot -31.3528 -15.043 0
ltoes -31.2494 0 0
rfemur -29.3548 -9.65776 -9.72461
rtibia 45.8392 0 0
rfoot -16.5896 -1.23313 0
rtoes -45.042 0 0
lowerback -3.6907 -0.811462 -0.294033
upperback -1.5406 -1.01714 -7.35982
thorax 0.312525 -0.538883 -7.57014
lowerneck -6.95194 0.741413 3.50639
upperneck 2.03929 0.532578 3.74627
head 1.81591 0.393495 0.604565
lclavicle 3.58355e-15 -6.01155e-14 0
lhumerus -59.4003 -43.71 111.956
lradius 55.4636 0 0
lwrist 26.0562 0 0
lhand 41.7218 24.5595 0
lfingers 7.12502 0 0
lthumb 63.826 33.7382 0
rclavicle 3.58355e-15 -6.01155e-14 0
rhumerus -2.21696 5.84141 -5.67954
rradius 40.0484 0 0
rwrist -16.898 0 0
rhand -16.6233 -37.6181 0
rfingers 7.12502 0 0
rthumb 9.59859 -787.41 0
949
root 1.33451 15.3803 32.8268 6.73382 -3.75949 365.164
lfemur 5.08472 -0.252803 2.62393
ltibia 4.86111 0 0
lfoot -31.4016 -15.0606 0
ltoes -31.3446 0 0
rfemur -29.2782 -9.62873 -9.79081
rtibia 45.6819 0 0
rfoot -16.7062 -1.24797 0
rtoes -45.1308 0 0
lowerback -3.71928 -0.797116 -0.27878
upperback -1.54726 -0.996219 -7.36824
thorax 0.320262 -0.528446 -7.58916
lowerneck -6.95299 0.755416 3.52738
upperneck 2.03169 0.549771 3.74295
head 1.81304 0.401995 0.600726
lclavicle 3.74349e-15 -5.98167e-14 0
lhumerus -59.4435 -43.7216 112.006
lradius 55.4479 0 0
lwrist 26.0867 0 0
lhand 41.7406 24.5968 0
lfingers 7.12502 0 0
lthumb 63.8431 33.7652 0
rclavicle 3.74349e-15 -5.98167e-14 0
rhumerus -2.07729 5.77862 -5.5034
rradius 39.8578 0 0
rwrist -16.8473 0 0
rhand -16.6171 -37.5787 0
rfingers 7.12502 0 0
rthumb 9.60454 -787.372 0
950
root 1.32811 15.3763 32.8306 6.759 -3.84052 365.172
lfemur 5.16443 -0.319662 2.68992
ltibia 4.75919 0 0
lfoot -31.4493 -15.0764 0
ltoes -31.4378 0 0
rfemur -29.2042 -9.60195 -9.85416
rtibia 45.5301 0 0
rfoot -16.8207 -1.26075 0
rtoes -45.216 0 0
lowerback -3.74659 -0.78299 -0.264053
upperback -1.55344 -0.975647 -7.37602
thorax 0.327862 -0.518174 -7.60714
lowerneck -6.95417 0.768976 3.54849
upperneck 2.02436 0.566334 3.73979
head 1.8103 0.410195 0.596886
lclavicle 3.89798e-15 -5.95015e-14 0
lhumerus -59.485 -43.7336 112.056
lradius 55.4327 0 0
lwrist 26.1161 0 0
lhand 41.7578 24.6332 0
lfingers 7.12502 0 0
lthumb 63.8587 33.7926 0
rclavicle 3.89798e-15 -5.95015e-14 0
rhumerus -1.94066 5.71009 -5.33084
rradius 39.6695 0 0
rwrist -16.796 0 0
rhand -16.6148 -37.5413 0
rfingers 7.12502 0 0
rthumb 9.60673 -787.337 0
951
root 1.32189 15.3724 32.8343 6.78297 -3.91909 365.18
lfemur 5.24239 -0.384236 2.7546
ltibia 4.66001 0 0
lfoot -31.4958 -15.0904 0
ltoes -31.529 0 0
rfemur -29.1326 -9.57737 -9.91471
rtibia 45.3839 0 0
rfoot -16.9332 -1.27148 0
rtoes -45.2975 0 0
lowerback -3.77265 -0.769081 -0.249846
upperback -1.55917 -0.955421 -7.38319
thorax 0.335327 -0.508068 -7.6241
lowerneck -6.9555 0.782098 3.56972
upperneck 2.01729 0.582275 3.73676
head 1.80769 0.418097 0.593044
lclavicle 4.04708e-15 -5.917e-14 0
lhumerus -59.525 -43.746 112.105
lradius 55.4181 0 0
lwrist 26.1445 0 0
lhand 41.7733 24.6688 0
lfingers 7.12502 0 0
lthumb 63.873 33.8206 0
rclavicle 4.04708e-15 -5.917e-14 0
rhumerus -1.80703 5.63591 -5.16182
rradius 39.4835 0 0
rwrist -16.7441 0 0
rhand -16.6163 -37.5061 0
rfingers 7.12502 0 0
rthumb 9.6052 -787.304 0
952
root 1.31584 15.3685 32.8378 6.80574 -3.99521 365.186
lfemur 5.31862 -0.446552 2.81796
ltibia 4.56353 0 0
lfoot -31.5412 -15.1028 0
ltoes -31.6182 0 0
rfemur -29.0636 -9.55499 -9.97248
rtibia 45.2432 0 0
rfoot -17.0437 -1.28019 0
rtoes -45.3753 0 0
lowerback -3.79748 -0.755388 -0.236153
upperback -1.56443 -0.935537 -7.38973
thorax 0.342657 -0.498124 -7.64006
lowerneck -6.95696 0.794788 3.59106
upperneck 2.01047 0.597599 3.73388
head 1.8052 0.425706 0.589202
lclavicle 4.19086e-15 -5.88224e-14 0
lhumerus -59.5635 -43.7589 112.154
lradius 55.4039 0 0
lwrist 26.1719 0 0
lhand 41.7873 24.7035 0
lfingers 7.12502 0 0
lthumb 63.8858 33.8491 0
rclavicle 4.19086e-15 -5.88224e-14 0
rhumerus -1.67638 5.55615 -4.9963
rradius 39.2997 0 0
rwrist -16.6916 0 0
rhand -16.6216 -37.4729 0
rfingers 7.12502 0 0
rthumb 9.60001 -787.272 0
953
root 1.30996 15.3647 32.8412 6.82734 -4.06893 365.192
lfemur 5.39314 -0.506636 2.88003
ltibia 4.46974 0 0
lfoot -31.5855 -15.1134 0
ltoes -31.7055 0 0
rfemur -28.997 -9.53476 -10.0275
rtibia 45.1079 0 0
rfoot -17.1521 -1.28692 0
rtoes -45.4497 0 0
lowerback -3.82108 -0.741909 -0.222968
upperback -1.56924 -0.915992 -7.39566
thorax 0.349855 -0.488341 -7.65502
lowerneck -6.95855 0.80705 3.61251
upperneck 2.00391 0.612316 3.73114
head 1.80285 0.433025 0.58536
lclavicle 4.32937e-15 -5.8459e-14 0
lhumerus -59.6005 -43.7722 112.202
lradius 55.3902 0 0
lwrist 26.1983 0 0
lhand 41.7997 24.7373 0
lfingers 7.12502 0 0
lthumb 63.8974 33.8781 0
rclavicle 4.32937e-15 -5.8459e-14 0
rhumerus -1.54868 5.4709 -4.83426
rradius 39.1183 0 0
rwrist -16.6385 0 0
rhand -16.6307 -37.4417 0
rfingers 7.12502 0 0
rthumb 9.59121 -787.243 0
954
root 1.30425 15.361 32.8444 6.84778 -4.14027 365.198
lfemur 5.46598 -0.564514 2.94083
ltibia 4.37859 0 0
lfoot -31.6286 -15.1224 0
ltoes -31.7909 0 0
rfemur -28.9328 -9.51667 -10.0799
rtibia 44.9779 0 0
rfoot -17.2586 -1.29167 0
rtoes -45.5205 0 0
lowerback -3.84348 -0.72864 -0.210284
upperback -1.5736 -0.896783 -7.401
thorax 0.356921 -0.478718 -7.669
lowerneck -6.96027 0.81889 3.63408
upperneck 1.9976 0.626431 3.72853
head 1.80062 0.440057 0.581517
lclavicle 4.46268e-15 -5.80801e-14 0
lhumerus -59.6359 -43.7859 112.25
lradius 55.3771 0 0
lwrist 26.2238 0 0
lhand 41.8105 24.7703 0
lfingers 7.12502 0 0
lthumb 63.9076 33.9075 0
rclavicle 4.46268e-15 -5.80801e-14 0
rhumerus -1.42388 5.38023 -4.67564
rradius 38.939 0 0
rwrist -16.5849 0 0
rhand -16.6435 -37.4126 0
rfingers 7.12502 0 0
rthumb 9.57885 -787.216 0
955
root 1.2987 15.3573 32.8475 6.86707 -4.20925 365.202
lfemur 5.53713 -0.620213 3.00035
ltibia 4.29007 0 0
lfoot -31.6706 -15.1297 0
ltoes -31.8743 0 0
rfemur -28.871 -9.50068 -10.1295
rtibia 44.8532 0 0
rfoot -17.3631 -1.29449 0
rtoes -45.5879 0 0
lowerback -3.8647 -0.715582 -0.198096
upperback -1.57753 -0.877906 -7.40573
thorax 0.363856 -0.469253 -7.682
lowerneck -6.96212 0.830311 3.65575
upperneck 1.99154 0.639953 3.72607
head 1.79851 0.446805 0.577674
lclavicle 4.59085e-15 -5.76858e-14 0
lhumerus -59.6699 -43.8 112.297
lradius 55.3644 0 0
lwrist 26.2482 0 0
lhand 41.8199 24.8025 0
lfingers 7.12502 0 0
lthumb 63.9165 33.9374 0
rclavicle 4.59085e-15 -5.76858e-14 0
rhumerus -1.30196 5.28423 -4.52043
rradius 38.762 0 0
rwrist -16.5307 0 0
rhand -16.6599 -37.3855 0
rfingers 7.12502 0 0
rthumb 9.56297 -787.191 0
956
root 1.29332 15.3537 32.8504 6.88522 -4.27591 365.206
lfemur 5.60664 -0.673758 3.05863
ltibia 4.20413 0 0
lfoot -31.7116 -15.1354 0
ltoes -31.9559 0 0
rfemur -28.8116 -9.48676 -10.1765
rtibia 44.7337 0 0
rfoot -17.4657 -1.2954 0
rtoes -45.6518 0 0
lowerback -3.88473 -0.70273 -0.186398
upperback -1.58101 -0.859358 -7.40989
thorax 0.370663 -0.459945 -7.69405
lowerneck -6.9641 0.84132 3.67752
upperneck 1.98572 0.652888 3.72373
head 1.79653 0.453274 0.573832
lclavicle 4.71394e-15 -5.72764e-14 0
lhumerus -59.7024 -43.8145 112.343
lradius 55.3522 0 0
lwrist 26.2717 0 0
lhand 41.8277 24.8338 0
lfingers 7.12502 0 0
lthumb 63.924 33.9678 0
rclavicle 4.71394e-15 -5.72764e-14 0
rhumerus -1.18289 5.18297 -4.36857
rradius 38.5872 0 0
rwrist -16.476 0 0
rhand -16.6799 -37.3603 0
rfingers 7.12502 0 0
rthumb 9.54363 -787.168 0
957
root 1.2881 15.3501 32.8532 6.90226 -4.34027 365.209
lfemur 5.6745 -0.725178 3.11566
ltibia 4.12075 0 0
lfoot -31.7514 -15.1394 0
ltoes -32.0356 0 0
rfemur -28.7545 -9.47489 -10.221
rtibia 44.6193 0 0
rfoot -17.5664 -1.29442 0
rtoes -45.7124 0 0
lowerback -3.90361 -0.690085 -0.175184
upperback -1.58407 -0.841136 -7.41346
thorax 0.377342 -0.450792 -7.70515
lowerneck -6.9662 0.851922 3.69939
upperneck 1.98015 0.665244 3.72153
head 1.79466 0.459467 0.56999
lclavicle 4.83202e-15 -5.68522e-14 0
lhumerus -59.7335 -43.8295 112.389
lradius 55.3404 0 0
lwrist 26.2943 0 0
lhand 41.834 24.8643 0
lfingers 7.12502 0 0
lthumb 63.9304 33.9987 0
rclavicle 4.83202e-15 -5.68522e-14 0
rhumerus -1.06664 5.07654 -4.22003
rradius 38.4146 0 0
rwrist -16.4208 0 0
rhand -16.7034 -37.3371 0
rfingers 7.12502 0 0
rthumb 9.52088 -787.146 0
958
root 1.28304 15.3466 32.8559 6.91819 -4.40236 365.212
lfemur 5.74075 -0.774497 3.17148
ltibia 4.03989 0 0
lfoot -31.7902 -15.1419 0
ltoes -32.1135 0 0
rfemur -28.6998 -9.46504 -10.2628
rtibia 44.5101 0 0
rfoot -17.6651 -1.29158 0
rtoes -45.7696 0 0
lowerback -3.92134 -0.677642 -0.164447
upperback -1.58671 -0.823236 -7.41646
thorax 0.383896 -0.441792 -7.71532
lowerneck -6.96843 0.86212 3.72136
upperneck 1.97481 0.677029 3.71947
head 1.79291 0.465386 0.566149
lclavicle 4.94515e-15 -5.64134e-14 0
lhumerus -59.7632 -43.8447 112.434
lradius 55.3292 0 0
lwrist 26.3159 0 0
lhand 41.8389 24.894 0
lfingers 7.12502 0 0
lthumb 63.9354 34.03 0
rclavicle 4.94515e-15 -5.64134e-14 0
rhumerus -0.953171 4.96501 -4.07478
rradius 38.2442 0 0
rwrist -16.365 0 0
rhand -16.7305 -37.3157 0
rfingers 7.12502 0 0
rthumb 9.49476 -787.127 0
959
root 1.27813 15.3431 32.8584 6.93304 -4.46221 365.213
lfemur 5.8054 -0.821743 3.22607
ltibia 3.96153 0 0
lfoot -31.828 -15.1428 0
ltoes -32.1895 0 0
rfemur -28.6473 -9.45719 -10.3021
rtibia 44.4059 0 0
rfoot -17.762 -1.28691 0
rtoes -45.8235 0 0
lowerback -3.93794 -0.665401 -0.154182
upperback -1.58893 -0.805655 -7.4189
thorax 0.390324 -0.432944 -7.72457
lowerneck -6.97078 0.871921 3.74342
upperneck 1.96971 0.688249 3.71753
head 1.79128 0.471036 0.562309
lclavicle 5.05339e-15 -5.59601e-14 0
lhumerus -59.7914 -43.8604 112.479
lradius 55.3184 0 0
lwrist 26.3366 0 0
lhand 41.8423 24.9229 0
lfingers 7.12502 0 0
lthumb 63.9392 34.0617 0
rclavicle 5.05339e-15 -5.59601e-14 0
rhumerus -0.842455 4.84847 -3.93278
rradius 38.0759 0 0
rwrist -16.3087 0 0
rhand -16.7609 -37.2963 0
rfingers 7.12502 0 0
rthumb 9.46533 -787.109 0
960
root 1.27338 15.3397 32.8608 6.94681 -4.51985 365.214
lfemur 5.86847 -0.866941 3.27947
ltibia 3.88564 0 0
lfoot -31.8647 -15.1422 0
ltoes -32.2638 0 0
rfemur -28.597 -9.45129 -10.3389
rtibia 44.3066 0 0
rfoot -17.857 -1.28043 0
rtoes -45.8742 0 0
lowerback -3.95343 -0.653359 -0.144382
upperback -1.59073 -0.78839 -7.42079
thorax 0.396628 -0.424247 -7.73291
lowerneck -6.97324 0.88133 3.76558
upperneck 1.96484 0.698912 3.71572
head 1.78977 0.47642 0.558471
lclavicle 5.15681e-15 -5.54928e-14 0
lhumerus -59.8183 -43.8765 112.523
lradius 55.3081 0 0
lwrist 26.3564 0 0
lhand 41.8443 24.951 0
lfingers 7.12502 0 0
lthumb 63.9418 34.0939 0
rclavicle 5.15681e-15 -5.54928e-14 0
rhumerus -0.734461 4.727 -3.79399
rradius 37.9097 0 0
rwrist -16.2519 0 0
rhand -16.7948 -37.2787 0
rfingers 7.12502 0 0
rthumb 9.43263 -787.093 0
961
root 1.26879 15.3364 32.8631 6.95952 -4.5753 365.214
lfemur 5.92998 -0.910119 3.33169
ltibia 3.81219 0 0
lfoot -31.9004 -15.1401 0
ltoes -32.3362 0 0
rfemur -28.549 -9.44733 -10.3732
rtibia 44.2122 0 0
rfoot -17.9502 -1.27218 0
rtoes -45.9216 0 0
lowerback -3.96782 -0.641515 -0.135042
upperback -1.59213 -0.771437 -7.42213
thorax 0.402811 -0.415699 -7.74036
lowerneck -6.97583 0.890351 3.78782
upperneck 1.9602 0.709025 3.71403
head 1.78837 0.481542 0.554634
lclavicle 5.25546e-15 -5.50115e-14 0
lhumerus -59.8438 -43.8929 112.567
lradius 55.2982 0 0
lwrist 26.3753 0 0
lhand 41.8449 24.9783 0
lfingers 7.12502 0 0
lthumb 63.9431 34.1265 0
rclavicle 5.25546e-15 -5.50115e-14 0
rhumerus -0.629157 4.60068 -3.65838
rradius 37.7456 0 0
rwrist -16.1947 0 0
rhand -16.8319 -37.2629 0
rfingers 7.12502 0 0
rthumb 9.39672 -787.079 0
962
root 1.26435 15.3331 32.8652 6.97118 -4.62859 365.214
lfemur 5.98994 -0.951302 3.38273
ltibia 3.74114 0 0
lfoot -31.935 -15.1364 0
ltoes -32.4069 0 0
rfemur -28.5032 -9.44527 -10.4051
rtibia 44.1226 0 0
rfoot -18.0415 -1.26218 0
rtoes -45.9659 0 0
lowerback -3.98112 -0.629866 -0.126155
upperback -1.59313 -0.754794 -7.42293
thorax 0.408872 -0.407298 -7.74693
lowerneck -6.97853 0.898989 3.81015
upperneck 1.95579 0.718595 3.71247
head 1.78708 0.486405 0.550799
lclavicle 5.3494e-15 -5.45166e-14 0
lhumerus -59.8679 -43.9097 112.61
lradius 55.2888 0 0
lwrist 26.3933 0 0
lhand 41.8441 25.0049 0
lfingers 7.12502 0 0
lthumb 63.9433 34.1595 0
rclavicle 5.3494e-15 -5.45166e-14 0
rhumerus -0.526511 4.46958 -3.52591
rradius 37.5837 0 0
rwrist -16.137 0 0
rhand -16.8724 -37.249 0
rfingers 7.12502 0 0
rthumb 9.35764 -787.067 0
963
root 1.26006 15.3299 32.8671 6.98181 -4.67976 365.213
lfemur 6.04837 -0.990517 3.43262
ltibia 3.67247 0 0
lfoot -31.9687 -15.1313 0
ltoes -32.4759 0 0
rfemur -28.4595 -9.4451 -10.4346
rtibia 44.0378 0 0
rfoot -18.1311 -1.25044 0
rtoes -46.0071 0 0
lowerback -3.99336 -0.618411 -0.117715
upperback -1.59374 -0.738456 -7.4232
thorax 0.414814 -0.399042 -7.75262
lowerneck -6.98134 0.907249 3.83256
upperneck 1.95161 0.72763 3.71104
head 1.7859 0.491012 0.546967
lclavicle 5.43871e-15 -5.40083e-14 0
lhumerus -59.8907 -43.9268 112.653
lradius 55.2798 0 0
lwrist 26.4104 0 0
lhand 41.8419 25.0307 0
lfingers 7.12502 0 0
lthumb 63.9423 34.1929 0
rclavicle 5.43871e-15 -5.40083e-14 0
rhumerus -0.426491 4.33379 -3.39654
rradius 37.4238 0 0
rwrist -16.0788 0 0
rhand -16.916 -37.2368 0
rfingers 7.12502 0 0
rthumb 9.31544 -787.057 0
964
root 1.25592 15.3267 32.869 6.99143 -4.72882 365.211
lfemur 6.1053 -1.02779 3.48136
ltibia 3.60614 0 0
lfoot -32.0013 -15.1247 0
ltoes -32.5431 0 0
rfemur -28.418 -9.44677 -10.4618
rtibia 43.9577 0 0
rfoot -18.2189 -1.23702 0
rtoes -46.0452 0 0
lowerback -4.00454 -0.607146 -0.109717
upperback -1.59395 -0.72242 -7.42295
thorax 0.420638 -0.390931 -7.75746
lowerneck -6.98426 0.915137 3.85505
upperneck 1.94764 0.736138 3.70972
head 1.78484 0.495367 0.543136
lclavicle 5.52344e-15 -5.34868e-14 0
lhumerus -59.9122 -43.9443 112.695
lradius 55.2712 0 0
lwrist 26.4267 0 0
lhand 41.8384 25.0557 0
lfingers 7.12502 0 0
lthumb 63.9402 34.2268 0
rclavicle 5.52344e-15 -5.34868e-14 0
rhumerus -0.329066 4.19339 -3.27024
rradius 37.266 0 0
rwrist -16.0201 0 0
rhand -16.9629 -37.2264 0
rfingers 7.12502 0 0
rthumb 9.27019 -787.048 0
965
root 1.25192 15.3236 32.8707 7.00004 -4.77581 365.209
lfemur 6.16073 -1.06315 3.52896
ltibia 3.54213 0 0
lfoot -32.033 -15.1167 0
ltoes -32.6087 0 0
rfemur -28.3786 -9.45027 -10.4866
rtibia 43.8823 0 0
rfoot -18.3049 -1.22191 0
rtoes -46.0803 0 0
lowerback -4.01468 -0.596071 -0.102155
upperback -1.59379 -0.706684 -7.42218
thorax 0.426345 -0.382963 -7.76145
lowerneck -6.9873 0.922658 3.87761
upperneck 1.94389 0.744124 3.70853
head 1.78388 0.499473 0.539309
lclavicle 5.60366e-15 -5.29523e-14 0
lhumerus -59.9324 -43.9621 112.737
lradius 55.2631 0 0
lwrist 26.4421 0 0
lhand 41.8336 25.08 0
lfingers 7.12502 0 0
lthumb 63.9369 34.261 0
rclavicle 5.60366e-15 -5.29523e-14 0
rhumerus -0.234205 4.04845 -3.14698
rradius 37.1102 0 0
rwrist -15.9611 0 0
rhand -17.0129 -37.2178 0
rfingers 7.12502 0 0
rthumb 9.22191 -787.041 0
966
root 1.24807 15.3206 32.8723 7.00767 -4.82075 365.206
lfemur 6.2147 -1.09662 3.57546
ltibia 3.48041 0 0
lfoot -32.0637 -15.1073 0
ltoes -32.6726 0 0
rfemur -28.3412 -9.45557 -10.5091
rtibia 43.8114 0 0
rfoot -18.3891 -1.20517 0
rtoes -46.1123 0 0
lowerback -4.02379 -0.585183 -0.0950216
upperback -1.59325 -0.691243 -7.42091
thorax 0.431936 -0.375136 -7.76461
lowerneck -6.99044 0.929816 3.90026
upperneck 1.94036 0.751598 3.70745
head 1.78302 0.503334 0.535484
lclavicle 5.67942e-15 -5.24051e-14 0
lhumerus -59.9513 -43.9803 112.778
lradius 55.2554 0 0
lwrist 26.4567 0 0
lhand 41.8274 25.1035 0
lfingers 7.12502 0 0
lthumb 63.9324 34.2955 0
rclavicle 5.67942e-15 -5.24051e-14 0
rhumerus -0.141875 3.89907 -3.0267
rradius 36.9564 0 0
rwrist -15.9016 0 0
rhand -17.0659 -37.2108 0
rfingers 7.12502 0 0
rthumb 9.17067 -787.036 0
967
root 1.24436 15.3175 32.8738 7.01433 -4.86367 365.202
lfemur 6.26721 -1.12822 3.62084
ltibia 3.42094 0 0
lfoot -32.0935 -15.0966 0
ltoes -32.7348 0 0
rfemur -28.3059 -9.46263 -10.5293
rtibia 43.745 0 0
rfoot -18.4717 -1.1868 0
rtoes -46.1415 0 0
lowerback -4.0319 -0.574481 -0.0883116
upperback -1.59233 -0.676095 -7.41914
thorax 0.437414 -0.367448 -7.76695
lowerneck -6.99369 0.936616 3.92297
upperneck 1.93704 0.758565 3.70649
head 1.78227 0.506954 0.531662
lclavicle 5.7508e-15 -5.18455e-14 0
lhumerus -59.969 -43.9988 112.818
lradius 55.2481 0 0
lwrist 26.4704 0 0
lhand 41.82 25.1263 0
lfingers 7.12502 0 0
lthumb 63.9269 34.3305 0
rclavicle 5.7508e-15 -5.18455e-14 0
rhumerus -0.0520453 3.74531 -2.90938
rradius 36.8046 0 0
rwrist -15.8416 0 0
rhand -17.122 -37.2055 0
rfingers 7.12502 0 0
rthumb 9.11651 -787.032 0
968
root 1.24079 15.3146 32.8752 7.02002 -4.9046 365.198
lfemur 6.31829 -1.158 3.66514
ltibia 3.36369 0 0
lfoot -32.1223 -15.0844 0
ltoes -32.7954 0 0
rfemur -28.2726 -9.47142 -10.5473
rtibia 43.683 0 0
rfoot -18.5525 -1.16684 0
rtoes -46.1677 0 0
lowerback -4.03901 -0.563962 -0.0820189
upperback -1.59105 -0.661236 -7.41687
thorax 0.442778 -0.359898 -7.76848
lowerneck -6.99704 0.943063 3.94575
upperneck 1.93393 0.765034 3.70564
head 1.78163 0.510335 0.527844
lclavicle 5.81785e-15 -5.12736e-14 0
lhumerus -59.9854 -44.0176 112.859
lradius 55.2412 0 0
lwrist 26.4833 0 0
lhand 41.8114 25.1484 0
lfingers 7.12502 0 0
lthumb 63.9203 34.3658 0
rclavicle 5.81785e-15 -5.12736e-14 0
rhumerus 0.0353161 3.58726 -2.79499
rradius 36.6548 0 0
rwrist -15.7813 0 0
rhand -17.181 -37.2019 0
rfingers 7.12502 0 0
rthumb 9.05948 -787.031 0
969
root 1.23736 15.3117 32.8764 7.02477 -4.94357 365.193
lfemur 6.36796 -1.18596 3.70836
ltibia 3.30864 0 0
lfoot -32.1502 -15.0709 0
ltoes -32.8543 0 0
rfemur -28.2413 -9.48193 -10.563
rtibia 43.6255 0 0
rfoot -18.6317 -1.14532 0
rtoes -46.1911 0 0
lowerback -4.04515 -0.553624 -0.0761373
upperback -1.58942 -0.646662 -7.41412
thorax 0.448031 -0.352485 -7.76922
lowerneck -7.00049 0.949164 3.96859
upperneck 1.93102 0.771011 3.7049
head 1.78108 0.513481 0.52403
lclavicle 5.88063e-15 -5.06898e-14 0
lhumerus -60.0006 -44.0367 112.898
lradius 55.2347 0 0
lwrist 26.4955 0 0
lhand 41.8014 25.1698 0
lfingers 7.12502 0 0
lthumb 63.9126 34.4015 0
rclavicle 5.88063e-15 -5.06898e-14 0
rhumerus 0.120241 3.42501 -2.68348
rradius 36.507 0 0
rwrist -15.7206 0 0
rhand -17.243 -37.1999 0
rfingers 7.12502 0 0
rthumb 8.99964 -787.03 0
970
root 1.23407 15.3088 32.8775 7.0286 -4.98061 365.187
lfemur 6.41622 -1.21213 3.75052
ltibia 3.25576 0 0
lfoot -32.1772 -15.0561 0
ltoes -32.9117 0 0
rfemur -28.212 -9.49413 -10.5767
rtibia 43.5722 0 0
rfoot -18.7092 -1.12226 0
rtoes -46.2116 0 0
lowerback -4.05031 -0.543465 -0.0706609
upperback -1.58743 -0.632371 -7.4109
thorax 0.453173 -0.345207 -7.76917
lowerneck -7.00405 0.954921 3.99149
upperneck 1.92832 0.776504 3.70428
head 1.78064 0.516396 0.520219
lclavicle 5.93922e-15 -5.00942e-14 0
lhumerus -60.0146 -44.0561 112.937
lradius 55.2287 0 0
lwrist 26.5068 0 0
lhand 41.7903 25.1905 0
lfingers 7.12502 0 0
lthumb 63.9039 34.4375 0
rclavicle 5.93922e-15 -5.00942e-14 0
rhumerus 0.20276 3.25862 -2.57481
rradius 36.3611 0 0
rwrist -15.6595 0 0
rhand -17.3078 -37.1995 0
rfingers 7.12502 0 0
rthumb 8.93703 -787.031 0
971
root 1.23091 15.306 32.8785 7.03151 -5.01573 365.181
lfemur 6.46311 -1.23655 3.79163
ltibia 3.205 0 0
lfoot -32.2032 -15.04 0
ltoes -32.9675 0 0
rfemur -28.1846 -9.50797 -10.5882
rtibia 43.5232 0 0
rfoot -18.7851 -1.09768 0
rtoes -46.2294 0 0
lowerback -4.05453 -0.533483 -0.0655837
upperback -1.58509 -0.61836 -7.40721
thorax 0.458207 -0.338062 -7.76836
lowerneck -7.0077 0.960341 4.01446
upperneck 1.92581 0.78152 3.70376
head 1.78029 0.519084 0.516413
lclavicle 5.99366e-15 -4.94871e-14 0
lhumerus -60.0274 -44.0759 112.976
lradius 55.223 0 0
lwrist 26.5173 0 0
lhand 41.778 25.2106 0
lfingers 7.12502 0 0
lthumb 63.8942 34.4739 0
rclavicle 5.99366e-15 -4.94871e-14 0
rhumerus 0.282906 3.08818 -2.46896
rradius 36.2171 0 0
rwrist -15.598 0 0
rhand -17.3755 -37.2007 0
rfingers 7.12502 0 0
rthumb 8.8717 -787.034 0
972
root 1.22789 15.3033 32.8794 7.03352 -5.04898 365.175
lfemur 6.50863 -1.25925 3.8317
ltibia 3.15636 0 0
lfoot -32.2284 -15.0226 0
ltoes -33.0217 0 0
rfemur -28.159 -9.52345 -10.5975
rtibia 43.4783 0 0
rfoot -18.8593 -1.07163 0
rtoes -46.2444 0 0
lowerback -4.05782 -0.523677 -0.0608995
upperback -1.58241 -0.604624 -7.40306
thorax 0.463133 -0.331049 -7.76679
lowerneck -7.01145 0.965429 4.03748
upperneck 1.92351 0.786067 3.70335
head 1.78004 0.521547 0.512611
lclavicle 6.04402e-15 -4.88687e-14 0
lhumerus -60.039 -44.0959 113.014
lradius 55.2177 0 0
lwrist 26.5271 0 0
lhand 41.7645 25.2299 0
lfingers 7.12502 0 0
lthumb 63.8834 34.5106 0
rclavicle 6.04402e-15 -4.88687e-14 0
rhumerus 0.36071 2.91377 -2.36588
rradius 36.075 0 0
rwrist -15.5362 0 0
rhand -17.4459 -37.2034 0
rfingers 7.12502 0 0
rthumb 8.8037 -787.039 0
973
root 1.22499 15.3006 32.8801 7.03464 -5.08038 365.168
lfemur 6.55281 -1.28023 3.87074
ltibia 3.10978 0 0
lfoot -32.2527 -15.004 0
ltoes -33.0745 0 0
rfemur -28.1354 -9.54052 -10.6049
rtibia 43.4376 0 0
rfoot -18.932 -1.04411 0
rtoes -46.2568 0 0
lowerback -4.06018 -0.514044 -0.0566024
upperback -1.57939 -0.59116 -7.39846
thorax 0.467953 -0.324166 -7.76447
lowerneck -7.01529 0.970189 4.06055
upperneck 1.92139 0.790151 3.70305
head 1.77989 0.523789 0.508814
lclavicle 6.09038e-15 -4.82393e-14 0
lhumerus -60.0495 -44.1162 113.052
lradius 55.2128 0 0
lwrist 26.5361 0 0
lhand 41.7498 25.2486 0
lfingers 7.12502 0 0
lthumb 63.8716 34.5476 0
rclavicle 6.09038e-15 -4.82393e-14 0
rhumerus 0.436204 2.73548 -2.26554
rradius 35.9348 0 0
rwrist -15.474 0 0
rhand -17.519 -37.2076 0
rfingers 7.12502 0 0
rthumb 8.73308 -787.045 0
974
root 1.22223 15.2979 32.8808 7.03489 -5.10996 365.16
lfemur 6.59567 -1.29954 3.90878
ltibia 3.06525 0 0
lfoot -32.2761 -14.9842 0
ltoes -33.1257 0 0
rfemur -28.1136 -9.55916 -10.6101
rtibia 43.4009 0 0
rfoot -19.0031 -1.01516 0
rtoes -46.2665 0 0
lowerback -4.06164 -0.504581 -0.0526863
upperback -1.57605 -0.577966 -7.39341
thorax 0.472668 -0.317412 -7.76143
lowerneck -7.01923 0.974626 4.08368
upperneck 1.91947 0.793781 3.70285
head 1.77983 0.525813 0.505022
lclavicle 6.13277e-15 -4.75991e-14 0
lhumerus -60.0588 -44.1368 113.089
lradius 55.2083 0 0
lwrist 26.5444 0 0
lhand 41.734 25.2666 0
lfingers 7.12502 0 0
lthumb 63.8589 34.5849 0
rclavicle 6.13277e-15 -4.75991e-14 0
rhumerus 0.509419 2.55337 -2.16791
rradius 35.7965 0 0
rwrist -15.4115 0 0
rhand -17.5948 -37.2134 0
rfingers 7.12502 0 0
rthumb 8.6599 -787.052 0
975
root 1.21959 15.2953 32.8813 7.03429 -5.13774 365.151
lfemur 6.63722 -1.3172 3.94582
ltibia 3.02273 0 0
lfoot -32.2987 -14.9631 0
ltoes -33.1754 0 0
rfemur -28.0936 -9.57935 -10.6134
rtibia 43.3682 0 0
rfoot -19.0726 -0.984799 0
rtoes -46.2736 0 0
lowerback -4.06222 -0.495288 -0.0491452
upperback -1.57238 -0.565037 -7.38793
thorax 0.477279 -0.310785 -7.75766
lowerneck -7.02326 0.978746 4.10685
upperneck 1.91773 0.796963 3.70275
head 1.77986 0.527624 0.501235
lclavicle 6.17128e-15 -4.69483e-14 0
lhumerus -60.067 -44.1577 113.126
lradius 55.2041 0 0
lwrist 26.5519 0 0
lhand 41.717 25.2839 0
lfingers 7.12502 0 0
lthumb 63.8451 34.6225 0
rclavicle 6.17128e-15 -4.69483e-14 0
rhumerus 0.580387 2.36754 -2.07293
rradius 35.66 0 0
rwrist -15.3486 0 0
rhand -17.6732 -37.2206 0
rfingers 7.12502 0 0
rthumb 8.58419 -787.061 0
976
root 1.21708 15.2928 32.8818 7.03285 -5.16376 365.143
lfemur 6.67748 -1.33323 3.98188
ltibia 2.98219 0 0
lfoot -32.3204 -14.9409 0
ltoes -33.2236 0 0
rfemur -28.0754 -9.60105 -10.6147
rtibia 43.3395 0 0
rfoot -19.1406 -0.953063 0
rtoes -46.2782 0 0
lowerback -4.06191 -0.486162 -0.045973
upperback -1.56839 -0.552371 -7.38202
thorax 0.481789 -0.304284 -7.75318
lowerneck -7.02737 0.982554 4.13006
upperneck 1.91618 0.799704 3.70275
head 1.77998 0.529224 0.497454
lclavicle 6.20597e-15 -4.62873e-14 0
lhumerus -60.0742 -44.1789 113.162
lradius 55.2003 0 0
lwrist 26.5587 0 0
lhand 41.699 25.3007 0
lfingers 7.12502 0 0
lthumb 63.8305 34.6604 0
rclavicle 6.20597e-15 -4.62873e-14 0
rhumerus 0.649139 2.17806 -1.98059
rradius 35.5254 0 0
rwrist -15.2854 0 0
rhand -17.7541 -37.2293 0
rfingers 7.12502 0 0
rthumb 8.50602 -787.071 0
977
root 1.21469 15.2902 32.8821 7.03058 -5.18803 365.133
lfemur 6.71648 -1.34767 4.01697
ltibia 2.94361 0 0
lfoot -32.3413 -14.9174 0
ltoes -33.2704 0 0
rfemur -28.059 -9.62423 -10.6141
rtibia 43.3145 0 0
rfoot -19.207 -0.919975 0
rtoes -46.2802 0 0
lowerback -4.06075 -0.477202 -0.0431637
upperback -1.56409 -0.539965 -7.37568
thorax 0.486197 -0.297906 -7.74802
lowerneck -7.03157 0.986054 4.15332
upperneck 1.91481 0.802013 3.70286
head 1.78019 0.530617 0.493679
lclavicle 6.23689e-15 -4.56161e-14 0
lhumerus -60.0802 -44.2003 113.198
lradius 55.1969 0 0
lwrist 26.5648 0 0
lhand 41.6799 25.3167 0
lfingers 7.12502 0 0
lthumb 63.8149 34.6986 0
rclavicle 6.23689e-15 -4.56161e-14 0
rhumerus 0.715708 1.98501 -1.89084
rradius 35.3925 0 0
rwrist -15.222 0 0
rhand -17.8376 -37.2394 0
rfingers 7.12502 0 0
rthumb 8.42542 -787.083 0
978
root 1.21243 15.2878 32.8823 7.02749 -5.21059 365.123
lfemur 6.75422 -1.36053 4.05111
ltibia 2.90695 0 0
lfoot -32.3614 -14.8929 0
ltoes -33.3158 0 0
rfemur -28.0443 -9.64888 -10.6116
rtibia 43.2934 0 0
rfoot -19.272 -0.885561 0
rtoes -46.2798 0 0
lowerback -4.05875 -0.468404 -0.0407113
upperback -1.55948 -0.527814 -7.36894
thorax 0.490506 -0.291652 -7.74217
lowerneck -7.03586 0.989252 4.17662
upperneck 1.91362 0.803896 3.70305
head 1.78049 0.531806 0.489909
lclavicle 6.2641e-15 -4.49351e-14 0
lhumerus -60.0852 -44.2219 113.233
lradius 55.1938 0 0
lwrist 26.5702 0 0
lhand 41.6597 25.3322 0
lfingers 7.12502 0 0
lthumb 63.7984 34.7371 0
rclavicle 6.2641e-15 -4.49351e-14 0
rhumerus 0.780124 1.78847 -1.80365
rradius 35.2615 0 0
rwrist -15.1582 0 0
rhand -17.9235 -37.2509 0
rfingers 7.12502 0 0
rthumb 8.34246 -787.096 0
979
root 1.21028 15.2854 32.8825 7.02361 -5.23148 365.113
lfemur 6.79073 -1.37184 4.0843
ltibia 2.87218 0 0
lfoot -32.3807 -14.8672 0
ltoes -33.3597 0 0
rfemur -28.0313 -9.67495 -10.6073
rtibia 43.276 0 0
rfoot -19.3354 -0.849848 0
rtoes -46.277 0 0
lowerback -4.05592 -0.459767 -0.0386097
upperback -1.55457 -0.515915 -7.36179
thorax 0.494716 -0.285518 -7.73565
lowerneck -7.04023 0.992152 4.19995
upperneck 1.9126 0.805361 3.70335
head 1.78087 0.532795 0.486146
lclavicle 6.28768e-15 -4.42445e-14 0
lhumerus -60.0891 -44.2439 113.268
lradius 55.191 0 0
lwrist 26.575 0 0
lhand 41.6385 25.3471 0
lfingers 7.12502 0 0
lthumb 63.781 34.7759 0
rclavicle 6.28768e-15 -4.42445e-14 0
rhumerus 0.84242 1.58853 -1.71897
rradius 35.1322 0 0
rwrist -15.0942 0 0
rhand -18.0118 -37.2638 0
rfingers 7.12502 0 0
rthumb 8.25717 -787.11 0
980
root 1.20825 15.283 32.8825 7.01895 -5.2507 365.102
lfemur 6.82603 -1.38164 4.11657
ltibia 2.83927 0 0
lfoot -32.3992 -14.8405 0
ltoes -33.4023 0 0
rfemur -28.0199 -9.70243 -10.601
rtibia 43.2623 0 0
rfoot -19.3974 -0.812863 0
rtoes -46.2717 0 0
lowerback -4.05227 -0.451289 -0.0368528
upperback -1.54937 -0.504266 -7.35425
thorax 0.49883 -0.279503 -7.72847
lowerneck -7.04468 0.99476 4.22331
upperneck 1.91176 0.806414 3.70374
head 1.78134 0.533588 0.482389
lclavicle 6.30768e-15 -4.35446e-14 0
lhumerus -60.0921 -44.266 113.302
lradius 55.1886 0 0
lwrist 26.579 0 0
lhand 41.6163 25.3613 0
lfingers 7.12502 0 0
lthumb 63.7627 34.8149 0
rclavicle 6.30768e-15 -4.35446e-14 0
rhumerus 0.902627 1.38526 -1.63678
rradius 35.0047 0 0
rwrist -15.0299 0 0
rhand -18.1025 -37.278 0
rfingers 7.12502 0 0
rthumb 8.16962 -787.126 0
981
root 1.20634 15.2807 32.8824 7.01351 -5.2683 365.091
lfemur 6.86013 -1.38995 4.14792
ltibia 2.8082 0 0
lfoot -32.4169 -14.8127 0
ltoes -33.4435 0 0
rfemur -28.0102 -9.73128 -10.593
rtibia 43.2522 0 0
rfoot -19.458 -0.774631 0
rtoes -46.2642 0 0
lowerback -4.04782 -0.442969 -0.0354348
upperback -1.54388 -0.492863 -7.34632
thorax 0.502848 -0.273607 -7.72065
lowerneck -7.04921 0.99708 4.24671
upperneck 1.91109 0.807064 3.70422
head 1.78189 0.534187 0.478639
lclavicle 6.32416e-15 -4.28355e-14 0
lhumerus -60.094 -44.2884 113.337
lradius 55.1866 0 0
lwrist 26.5824 0 0
lhand 41.5931 25.375 0
lfingers 7.12502 0 0
lthumb 63.7436 34.8541 0
rclavicle 6.32416e-15 -4.28355e-14 0
rhumerus 0.960776 1.17874 -1.55703
rradius 34.8789 0 0
rwrist -14.9653 0 0
rhand -18.1954 -37.2935 0
rfingers 7.12502 0 0
rthumb 8.07984 -787.143 0
982
root 1.20454 15.2784 32.8822 7.00733 -5.2843 365.079
lfemur 6.89305 -1.39678 4.17836
ltibia 2.77892 0 0
lfoot -32.4338 -14.7838 0
ltoes -33.4834 0 0
rfemur -28.0022 -9.76148 -10.5833
rtibia 43.2456 0 0
rfoot -19.5172 -0.735181 0
rtoes -46.2543 0 0
lowerback -4.04259 -0.434803 -0.0343494
upperback -1.5381 -0.481702 -7.338
thorax 0.506772 -0.267827 -7.7122
lowerneck -7.05382 0.999118 4.27013
upperneck 1.91058 0.807317 3.70478
head 1.78252 0.534597 0.474896
lclavicle 6.33719e-15 -4.21175e-14 0
lhumerus -60.0949 -44.311 113.37
lradius 55.1848 0 0
lwrist 26.5851 0 0
lhand 41.5689 25.388 0
lfingers 7.12502 0 0
lthumb 63.7236 34.8936 0
rclavicle 6.33719e-15 -4.21175e-14 0
rhumerus 1.0169 0.969058 -1.4797
rradius 34.7549 0 0
rwrist -14.9005 0 0
rhand -18.2907 -37.3104 0
rfingers 7.12502 0 0
rthumb 7.98789 -787.161 0
983
root 1.20285 15.2762 32.882 7.0004 -5.29872 365.066
lfemur 6.92482 -1.40218 4.20792
ltibia 2.75142 0 0
lfoot -32.45 -14.7539 0
ltoes -33.5219 0 0
rfemur -27.9957 -9.79299 -10.5718
rtibia 43.2425 0 0
rfoot -19.5749 -0.694538 0
rtoes -46.2422 0 0
lowerback -4.03659 -0.42679 -0.0335907
upperback -1.53205 -0.470781 -7.32932
thorax 0.510604 -0.262161 -7.70313
lowerneck -7.05851 1.00088 4.29357
upperneck 1.91024 0.807181 3.70544
head 1.78323 0.53482 0.471161
lclavicle 6.34683e-15 -4.13909e-14 0
lhumerus -60.0948 -44.3339 113.403
lradius 55.1834 0 0
lwrist 26.5872 0 0
lhand 41.5438 25.4005 0
lfingers 7.12502 0 0
lthumb 63.7029 34.9334 0
rclavicle 6.34683e-15 -4.13909e-14 0
rhumerus 1.07103 0.756288 -1.40473
rradius 34.6325 0 0
rwrist -14.8354 0 0
rhand -18.3881 -37.3285 0
rfingers 7.12502 0 0
rthumb 7.89382 -787.181 0
984
root 1.20127 15.274 32.8816 6.99275 -5.3116 365.054
lfemur 6.95544 -1.40617 4.23661
ltibia 2.72565 0 0
lfoot -32.4654 -14.723 0
ltoes -33.5592 0 0
rfemur -27.9907 -9.8258 -10.5586
rtibia 43.2428 0 0
rfoot -19.6313 -0.652729 0
rtoes -46.2279 0 0
lowerback -4.02984 -0.418929 -0.0331526
upperback -1.52572 -0.460095 -7.32027
thorax 0.514343 -0.256609 -7.69345
lowerneck -7.06326 1.00237 4.31704
upperneck 1.91005 0.806664 3.70619
head 1.78402 0.534861 0.467433
lclavicle 6.35315e-15 -4.06559e-14 0
lhumerus -60.0938 -44.3569 113.436
lradius 55.1823 0 0
lwrist 26.5886 0 0
lhand 41.5177 25.4125 0
lfingers 7.12502 0 0
lthumb 63.6813 34.9734 0
rclavicle 6.35315e-15 -4.06559e-14 0
rhumerus 1.1232 0.540513 -1.33211
rradius 34.5118 0 0
rwrist -14.7702 0 0
rhand -18.4876 -37.3478 0
rfingers 7.12502 0 0
rthumb 7.79768 -787.201 0
985
root 1.19981 15.2718 32.8811 6.98439 -5.32297 365.04
lfemur 6.98494 -1.40876 4.26443
ltibia 2.7016 0 0
lfoot -32.4801 -14.6911 0
ltoes -33.5951 0 0
rfemur -27.9873 -9.85987 -10.5437
rtibia 43.2464 0 0
rfoot -19.6863 -0.60978 0
rtoes -46.2114 0 0
lowerback -4.02234 -0.411216 -0.0330292
upperback -1.51913 -0.449642 -7.31086
thorax 0.517993 -0.251169 -7.68318
lowerneck -7.06809 1.00359 4.34052
upperneck 1.91002 0.805771 3.70702
head 1.78489 0.534722 0.463713
lclavicle 6.3562e-15 -3.99127e-14 0
lhumerus -60.0919 -44.3802 113.468
lradius 55.1815 0 0
lwrist 26.5895 0 0
lhand 41.4908 25.4238 0
lfingers 7.12502 0 0
lthumb 63.6589 35.0135 0
rclavicle 6.3562e-15 -3.99127e-14 0
rhumerus 1.17343 0.321812 -1.26178
rradius 34.3928 0 0
rwrist -14.7047 0 0
rhand -18.5893 -37.3684 0
rfingers 7.12502 0 0
rthumb 7.69951 -787.223 0
986
root 1.19844 15.2697 32.8806 6.97533 -5.33285 365.027
lfemur 7.01334 -1.41 4.29141
ltibia 2.67923 0 0
lfoot -32.4941 -14.6583 0
ltoes -33.6298 0 0
rfemur -27.9854 -9.89517 -10.5272
rtibia 43.2533 0 0
rfoot -19.74 -0.565719 0
rtoes -46.1928 0 0
lowerback -4.01413 -0.40365 -0.0332142
upperback -1.51228 -0.439419 -7.3011
thorax 0.521553 -0.245838 -7.67233
lowerneck -7.07299 1.00455 4.36402
upperneck 1.91015 0.804512 3.70793
head 1.78583 0.534408 0.460001
lclavicle 6.35604e-15 -3.91616e-14 0
lhumerus -60.0891 -44.4037 113.5
lradius 55.1811 0 0
lwrist 26.5897 0 0
lhand 41.4629 25.4347 0
lfingers 7.12502 0 0
lthumb 63.6358 35.0539 0
rclavicle 6.35604e-15 -3.91616e-14 0
rhumerus 1.22177 0.100266 -1.19372
rradius 34.2754 0 0
rwrist -14.639 0 0
rhand -18.693 -37.3901 0
rfingers 7.12502 0 0
rthumb 7.59938 -787.246 0
987
root 1.19718 15.2676 32.88 6.96559 -5.34127 365.012
lfemur 7.04065 -1.4099 4.31755
ltibia 2.65851 0 0
lfoot -32.5074 -14.6245 0
ltoes -33.6632 0 0
rfemur -27.9849 -9.93168 -10.5092
rtibia 43.2634 0 0
rfoot -19.7924 -0.520572 0
rtoes -46.1721 0 0
lowerback -4.0052 -0.396229 -0.0337018
upperback -1.50518 -0.429421 -7.29101
thorax 0.525026 -0.240616 -7.66091
lowerneck -7.07796 1.00525 4.38753
upperneck 1.91043 0.802892 3.70892
head 1.78684 0.533921 0.456297
lclavicle 6.35275e-15 -3.84028e-14 0
lhumerus -60.0853 -44.4274 113.532
lradius 55.1809 0 0
lwrist 26.5894 0 0
lhand 41.4341 25.445 0
lfingers 7.12502 0 0
lthumb 63.6119 35.0945 0
rclavicle 6.35275e-15 -3.84028e-14 0
rhumerus 1.26824 -0.124045 -1.12789
rradius 34.1596 0 0
rwrist -14.5731 0 0
rhand -18.7987 -37.413 0
rfingers 7.12502 0 0
rthumb 7.49732 -787.271 0
988
root 1.19603 15.2656 32.8793 6.95519 -5.34826 364.998
lfemur 7.06689 -1.40849 4.34288
ltibia 2.6394 0 0
lfoot -32.52 -14.5898 0
ltoes -33.6955 0 0
rfemur -27.9859 -9.96937 -10.4895
rtibia 43.2766 0 0
rfoot -19.8434 -0.474366 0
rtoes -46.1494 0 0
lowerback -3.99559 -0.388951 -0.0344859
upperback -1.49783 -0.419646 -7.28057
thorax 0.528413 -0.235502 -7.64893
lowerneck -7.08299 1.00569 4.41105
upperneck 1.91086 0.80092 3.70999
head 1.78793 0.533265 0.452602
lclavicle 6.34638e-15 -3.76366e-14 0
lhumerus -60.0807 -44.4512 113.563
lradius 55.181 0 0
lwrist 26.5884 0 0
lhand 41.4045 25.4547 0
lfingers 7.12502 0 0
lthumb 63.5872 35.1353 0
rclavicle 6.34638e-15 -3.76366e-14 0
rhumerus 1.31287 -0.35104 -1.06424
rradius 34.0455 0 0
rwrist -14.507 0 0
rhand -18.9063 -37.4371 0
rfingers 7.12502 0 0
rthumb 7.39338 -787.296 0
989
root 1.19497 15.2636 32.8785 6.94413 -5.35384 364.983
lfemur 7.09209 -1.40581 4.36739
ltibia 2.62189 0 0
lfoot -32.5319 -14.5542 0
ltoes -33.7265 0 0
rfemur -27.9883 -10.0082 -10.4683
rtibia 43.293 0 0
rfoot -19.8932 -0.427127 0
rtoes -46.1247 0 0
lowerback -3.98529 -0.381814 -0.0355605
upperback -1.49023 -0.41009 -7.26982
thorax 0.531715 -0.230492 -7.63641
lowerneck -7.08808 1.0059 4.43457
upperneck 1.91143 0.798602 3.71115
head 1.78909 0.532443 0.448916
lclavicle 6.337e-15 -3.68631e-14 0
lhumerus -60.0752 -44.4753 113.593
lradius 55.1814 0 0
lwrist 26.5869 0 0
lhand 41.3741 25.464 0
lfingers 7.12502 0 0
lthumb 63.5619 35.1763 0
rclavicle 6.337e-15 -3.68631e-14 0
rhumerus 1.3557 -0.580639 -1.00275
rradius 33.9329 0 0
rwrist -14.4408 0 0
rhand -19.0159 -37.4623 0
rfingers 7.12502 0 0
rthumb 7.28762 -787.323 0
990
root 1.19401 15.2617 32.8776 6.93244 -5.35804 364.968
lfemur 7.11625 -1.40186 4.39111
ltibia 2.60593 0 0
lfoot -32.5431 -14.5178 0
ltoes -33.7563 0 0
rfemur -27.992 -10.0482 -10.4457
rtibia 43.3123 0 0
rfoot -19.9417 -0.378881 0
rtoes -46.098 0 0
lowerback -3.97433 -0.374815 -0.0369194
upperback -1.4824 -0.40075 -7.25874
thorax 0.534934 -0.225587 -7.62336
lowerneck -7.09324 1.00585 4.4581
upperneck 1.91215 0.795947 3.71237
head 1.79031 0.53146 0.445239
lclavicle 6.32466e-15 -3.60827e-14 0
lhumerus -60.0689 -44.4995 113.624
lradius 55.1821 0 0
lwrist 26.5849 0 0
lhand 41.3429 25.4727 0
lfingers 7.12502 0 0
lthumb 63.5358 35.2174 0
rclavicle 6.32466e-15 -3.60827e-14 0
rhumerus 1.39676 -0.812762 -0.943378
rradius 33.8219 0 0
rwrist -14.3744 0 0
rhand -19.1272 -37.4885 0
rfingers 7.12502 0 0
rthumb 7.18009 -787.35 0
991
root 1.19315 15.2598 32.8766 6.92012 -5.3609 364.952
lfemur 7.1394 -1.39669 4.41406
ltibia 2.59151 0 0
lfoot -32.5537 -14.4804 0
ltoes -33.785 0 0
rfemur -27.9972 -10.0892 -10.4215
rtibia 43.3346 0 0
rfoot -19.989 -0.329657 0
rtoes -46.0695 0 0
lowerback -3.96272 -0.367954 -0.0385567
upperback -1.47433 -0.391623 -7.24736
thorax 0.53807 -0.220784 -7.60979
lowerneck -7.09846 1.00558 4.48163
upperneck 1.913 0.79296 3.71368
head 1.7916 0.530318 0.441571
lclavicle 6.30943e-15 -3.52955e-14 0
lhumerus -60.0617 -44.5239 113.653
lradius 55.183 0 0
lwrist 26.5822 0 0
lhand 41.3109 25.481 0
lfingers 7.12502 0 0
lthumb 63.5091 35.2587 0
rclavicle 6.30943e-15 -3.52955e-14 0
rhumerus 1.43608 -1.04733 -0.886087
rradius 33.7124 0 0
rwrist -14.3079 0 0
rhand -19.2404 -37.5159 0
rfingers 7.12502 0 0
rthumb 7.07084 -787.379 0
992
root 1.19239 15.2579 32.8756 6.9072 -5.36244 364.936
lfemur 7.16156 -1.39032 4.43623
ltibia 2.57858 0 0
lfoot -32.5637 -14.4423 0
ltoes -33.8126 0 0
rfemur -28.0036 -10.1313 -10.396
rtibia 43.3598 0 0
rfoot -20.0351 -0.279479 0
rtoes -46.039 0 0
lowerback -3.95048 -0.361227 -0.0404663
upperback -1.46605 -0.382705 -7.23567
thorax 0.541125 -0.216082 -7.59572
lowerneck -7.10373 1.00507 4.50516
upperneck 1.91399 0.78965 3.71505
head 1.79296 0.529021 0.437913
lclavicle 6.29137e-15 -3.45018e-14 0
lhumerus -60.0538 -44.5484 113.683
lradius 55.1843 0 0
lwrist 26.5791 0 0
lhand 41.2781 25.4887 0
lfingers 7.12502 0 0
lthumb 63.4817 35.3002 0
rclavicle 6.29137e-15 -3.45018e-14 0
rhumerus 1.47368 -1.28426 -0.83084
rradius 33.6044 0 0
rwrist -14.2412 0 0
rhand -19.3553 -37.5442 0
rfingers 7.12502 0 0
rthumb 6.95991 -787.409 0
993
root 1.19171 15.2561 32.8744 6.89368 -5.36268 364.919
lfemur 7.18274 -1.38276 4.45766
ltibia 2.56712 0 0
lfoot -32.573 -14.4034 0
ltoes -33.839 0 0
rfemur -28.0113 -10.1745 -10.369
rtibia 43.3878 0 0
rfoot -20.08 -0.228375 0
rtoes -46.0068 0 0
lowerback -3.93762 -0.354633 -0.0426422
upperback -1.45754 -0.373993 -7.2237
thorax 0.544101 -0.211479 -7.58115
lowerneck -7.10907 1.00433 4.52868
upperneck 1.91512 0.786024 3.7165
head 1.79438 0.527572 0.434265
lclavicle 6.27055e-15 -3.37019e-14 0
lhumerus -60.045 -44.5732 113.712
lradius 55.1858 0 0
lwrist 26.5754 0 0
lhand 41.2445 25.496 0
lfingers 7.12502 0 0
lthumb 63.4537 35.3418 0
rclavicle 6.27055e-15 -3.37019e-14 0
rhumerus 1.50961 -1.52347 -0.777602
rradius 33.498 0 0
rwrist -14.1745 0 0
rhand -19.4718 -37.5736 0
rfingers 7.12502 0 0
rthumb 6.84735 -787.439 0
994
root 1.19113 15.2543 32.8732 6.87958 -5.36166 364.903
lfemur 7.20296 -1.37406 4.47834
ltibia 2.5571 0 0
lfoot -32.5817 -14.3637 0
ltoes -33.8643 0 0
rfemur -28.0203 -10.2187 -10.3407
rtibia 43.4186 0 0
rfoot -20.1237 -0.176372 0
rtoes -45.9728 0 0
lowerback -3.92415 -0.34817 -0.0450784
upperback -1.44882 -0.365483 -7.21143
thorax 0.546999 -0.206973 -7.5661
lowerneck -7.11445 1.00337 4.5522
upperneck 1.91637 0.78209 3.71801
head 1.79586 0.525975 0.430627
lclavicle 6.24703e-15 -3.2896e-14 0
lhumerus -60.0355 -44.598 113.741
lradius 55.1875 0 0
lwrist 26.5712 0 0
lhand 41.2102 25.5028 0
lfingers 7.12502 0 0
lthumb 63.425 35.3835 0
rclavicle 6.24703e-15 -3.2896e-14 0
rhumerus 1.54389 -1.76489 -0.726334
rradius 33.3931 0 0
rwrist -14.1076 0 0
rhand -19.59 -37.604 0
rfingers 7.12502 0 0
rthumb 6.73322 -787.471 0
995
root 1.19064 15.2525 32.872 6.86492 -5.35941 364.885
lfemur 7.22225 -1.36424 4.4983
ltibia 2.54849 0 0
lfoot -32.5898 -14.3232 0
ltoes -33.8886 0 0
rfemur -28.0306 -10.2638 -10.3111
rtibia 43.4521 0 0
rfoot -20.1662 -0.123496 0
rtoes -45.937 0 0
lowerback -3.9101 -0.341836 -0.0477687
upperback -1.43989 -0.357173 -7.19889
thorax 0.549819 -0.202564 -7.55058
lowerneck -7.11989 1.00219 4.5757
upperneck 1.91775 0.777853 3.7196
head 1.79741 0.524234 0.426999
lclavicle 6.22087e-15 -3.20842e-14 0
lhumerus -60.0252 -44.623 113.769
lradius 55.1895 0 0
lwrist 26.5666 0 0
lhand 41.1753 25.5091 0
lfingers 7.12502 0 0
lthumb 63.3957 35.4254 0
rclavicle 6.22087e-15 -3.20842e-14 0
rhumerus 1.57656 -2.00842 -0.677002
rradius 33.2896 0 0
rwrist -14.0406 0 0
rhand -19.7098 -37.6353 0
rfingers 7.12502 0 0
rthumb 6.61757 -787.504 0
996
root 1.19023 15.2508 32.8706 6.84971 -5.35594 364.868
lfemur 7.24061 -1.35332 4.51754
ltibia 2.54125 0 0
lfoot -32.5973 -14.282 0
ltoes -33.9118 0 0
rfemur -28.042 -10.3099 -10.2802
rtibia 43.4882 0 0
rfoot -20.2076 -0.0697731 0
rtoes -45.8996 0 0
lowerback -3.89547 -0.335628 -0.0507073
upperback -1.43076 -0.349059 -7.18607
thorax 0.552565 -0.19825 -7.5346
lowerneck -7.12538 1.0008 4.59919
upperneck 1.91925 0.773323 3.72124
head 1.79901 0.522351 0.423382
lclavicle 6.19213e-15 -3.1267e-14 0
lhumerus -60.0142 -44.6482 113.797
lradius 55.1918 0 0
lwrist 26.5614 0 0
lhand 41.1396 25.515 0
lfingers 7.12502 0 0
lthumb 63.3659 35.4674 0
rclavicle 6.19213e-15 -3.1267e-14 0
rhumerus 1.60764 -2.254 -0.629569
rradius 33.1876 0 0
rwrist -13.9735 0 0
rhand -19.8311 -37.6676 0
rfingers 7.12502 0 0
rthumb 6.50044 -787.537 0
997
root 1.18991 15.2491 32.8692 6.83396 -5.35129 364.85
lfemur 7.25807 -1.34133 4.53609
ltibia 2.53536 0 0
lfoot -32.6042 -14.2401 0
ltoes -33.934 0 0
rfemur -28.0546 -10.357 -10.248
rtibia 43.5268 0 0
rfoot -20.2479 -0.0152309 0
rtoes -45.8605 0 0
lowerback -3.88029 -0.329546 -0.053888
upperback -1.42144 -0.341138 -7.173
thorax 0.555236 -0.194028 -7.51818
lowerneck -7.13092 0.999201 4.62266
upperneck 1.92088 0.768505 3.72296
head 1.80067 0.520331 0.419776
lclavicle 6.16087e-15 -3.04444e-14 0
lhumerus -60.0025 -44.6734 113.824
lradius 55.1942 0 0
lwrist 26.5558 0 0
lhand 41.1033 25.5205 0
lfingers 7.12502 0 0
lthumb 63.3354 35.5095 0
rclavicle 6.16087e-15 -3.04444e-14 0
rhumerus 1.63717 -2.50154 -0.583997
rradius 33.087 0 0
rwrist -13.9063 0 0
rhand -19.9539 -37.7007 0
rfingers 7.12502 0 0
rthumb 6.38188 -787.572 0
998
root 1.18967 15.2474 32.8677 6.81769 -5.34549 364.832
lfemur 7.27465 -1.32829 4.55395
ltibia 2.53079 0 0
lfoot -32.6105 -14.1975 0
ltoes -33.9551 0 0
rfemur -28.0684 -10.4049 -10.2146
rtibia 43.568 0 0
rfoot -20.2871 0.0401043 0
rtoes -45.8199 0 0
lowerback -3.86456 -0.323586 -0.0573048
upperback -1.41192 -0.333406 -7.15967
thorax 0.557834 -0.189899 -7.50134
lowerneck -7.13651 0.997402 4.64611
upperneck 1.92262 0.763408 3.72473
head 1.80239 0.518176 0.416181
lclavicle 6.12716e-15 -2.96168e-14 0
lhumerus -59.9901 -44.6988 113.852
lradius 55.197 0 0
lwrist 26.5496 0 0
lhand 41.0663 25.5255 0
lfingers 7.12502 0 0
lthumb 63.3044 35.5517 0
rclavicle 6.12716e-15 -2.96168e-14 0
rhumerus 1.66519 -2.75097 -0.540252
rradius 32.9878 0 0
rwrist -13.8391 0 0
rhand -20.0781 -37.7348 0
rfingers 7.12502 0 0
rthumb 6.26194 -787.607 0
999
root 1.18951 15.2458 32.8662 6.80092 -5.33857 364.813
lfemur 7.29036 -1.31424 4.57114
ltibia 2.52751 0 0
lfoot -32.6163 -14.1542 0
ltoes -33.9753 0 0
rfemur -28.0833 -10.4537 -10.1799
rtibia 43.6116 0 0
rfoot -20.3252 0.096206 0
rtoes -45.7776 0 0
lowerback -3.8483 -0.317746 -0.0609516
upperback -1.40222 -0.32586 -7.14609
thorax 0.560361 -0.185859 -7.48407
lowerneck -7.14214 0.995405 4.66954
upperneck 1.92448 0.758039 3.72657
head 1.80416 0.51589 0.412598
lclavicle 6.09106e-15 -2.87843e-14 0
lhumerus -59.977 -44.7244 113.878
lradius 55.1999 0 0
lwrist 26.5431 0 0
lhand 41.0287 25.5301 0
lfingers 7.12502 0 0
lthumb 63.2729 35.5941 0
rclavicle 6.09106e-15 -2.87843e-14 0
rhumerus 1.69171 -3.00219 -0.498295
rradius 32.89 0 0
rwrist -13.7718 0 0
rhand -20.2037 -37.7697 0
rfingers 7.12502 0 0
rthumb 6.14068 -787.643 0
1000
root 1.18943 15.2442 32.8646 6.78366 -5.33055 364.795
lfemur 7.30523 -1.2992 4.58767
ltibia 2.52548 0 0
lfoot -32.6215 -14.1103 0
ltoes -33.9945 0 0
rfemur -28.0993 -10.5033 -10.1442
rtibia 43.6575 0 0
rfoot -20.3622 0.153047 0
rtoes -45.7339 0 0
lowerback -3.83153 -0.312025 -0.0648225
upperback -1.39235 -0.318497 -7.13228
thorax 0.562817 -0.181907 -7.4664
lowerneck -7.14781 0.993216 4.69294
upperneck 1.92645 0.752404 3.72847
head 1.80598 0.513477 0.409026
lclavicle 6.05263e-15 -2.79473e-14 0
lhumerus -59.9632 -44.75 113.905
lradius 55.2031 0 0
lwrist 26.5361 0 0
lhand 40.9905 25.5342 0
lfingers 7.12502 0 0
lthumb 63.2408 35.6365 0
rclavicle 6.05263e-15 -2.79473e-14 0
rhumerus 1.71678 -3.25513 -0.45809
rradius 32.7936 0 0
rwrist -13.7045 0 0
rhand -20.3306 -37.8055 0
rfingers 7.12502 0 0
rthumb 6.01815 -787.68 0
1001
root 1.18943 15.2427 32.8629 6.76591 -5.32146 364.776
lfemur 7.31927 -1.28319 4.60356
ltibia 2.52468 0 0
lfoot -32.6262 -14.0657 0
ltoes -34.0127 0 0
rfemur -28.1163 -10.5538 -10.1073
rtibia 43.7058 0 0
rfoot -20.3982 0.210602 0
rtoes -45.6887 0 0
lowerback -3.81427 -0.306421 -0.0689113
upperback -1.3823 -0.311313 -7.11824
thorax 0.565205 -0.178043 -7.44833
lowerneck -7.15353 0.990839 4.71631
upperneck 1.92853 0.746512 3.73042
head 1.80786 0.510941 0.405466
lclavicle 6.01194e-15 -2.71059e-14 0
lhumerus -59.9488 -44.7757 113.931
lradius 55.2065 0 0
lwrist 26.5287 0 0
lhand 40.9517 25.538 0
lfingers 7.12502 0 0
lthumb 63.2082 35.679 0
rclavicle 6.01194e-15 -2.71059e-14 0
rhumerus 1.74042 -3.50972 -0.419601
rradius 32.6986 0 0
rwrist -13.6371 0 0
rhand -20.4588 -37.842 0
rfingers 7.12502 0 0
rthumb 5.89438 -787.718 0
1002
root 1.18951 15.2412 32.8612 6.74771 -5.31132 364.756
lfemur 7.33249 -1.26624 4.61881
ltibia 2.52507 0 0
lfoot -32.6304 -14.0206 0
ltoes -34.03 0 0
rfemur -28.1344 -10.605 -10.0693
rtibia 43.7563 0 0
rfoot -20.4332 0.268843 0
rtoes -45.642 0 0
lowerback -3.79651 -0.300932 -0.0732121
upperback -1.37208 -0.304305 -7.10397
thorax 0.567525 -0.174263 -7.42989
lowerneck -7.15928 0.988281 4.73966
upperneck 1.93072 0.740369 3.73243
head 1.80978 0.508283 0.401919
lclavicle 5.96904e-15 -2.62604e-14 0
lhumerus -59.9338 -44.8015 113.957
lradius 55.2101 0 0
lwrist 26.5208 0 0
lhand 40.9123 25.5414 0
lfingers 7.12502 0 0
lthumb 63.1752 35.7215 0
rclavicle 5.96904e-15 -2.62604e-14 0
rhumerus 1.76267 -3.76586 -0.382792
rradius 32.6049 0 0
rwrist -13.5697 0 0
rhand -20.5882 -37.8793 0
rfingers 7.12502 0 0
rthumb 5.76944 -787.756 0
1003
root 1.18966 15.2397 32.8594 6.72906 -5.30018 364.737
lfemur 7.34492 -1.24838 4.63345
ltibia 2.52663 0 0
lfoot -32.6341 -13.9748 0
ltoes -34.0465 0 0
rfemur -28.1535 -10.657 -10.0303
rtibia 43.809 0 0
rfoot -20.4672 0.327744 0
rtoes -45.594 0 0
lowerback -3.7783 -0.295555 -0.0777188
upperback -1.3617 -0.29747 -7.08949
thorax 0.569779 -0.170568 -7.41107
lowerneck -7.16507 0.985545 4.76296
upperneck 1.93301 0.733984 3.73449
head 1.81176 0.505509 0.398384
lclavicle 5.92401e-15 -2.54111e-14 0
lhumerus -59.9182 -44.8275 113.982
lradius 55.2139 0 0
lwrist 26.5126 0 0
lhand 40.8724 25.5444 0
lfingers 7.12502 0 0
lthumb 63.1416 35.7641 0
rclavicle 5.92401e-15 -2.54111e-14 0
rhumerus 1.78356 -4.02348 -0.347626
rradius 32.5125 0 0
rwrist -13.5023 0 0
rhand -20.7188 -37.9174 0
rfingers 7.12502 0 0
rthumb 5.64337 -787.796 0
1004
root 1.18988 15.2382 32.8575 6.70997 -5.28804 364.717
lfemur 7.35658 -1.22964 4.64748
ltibia 2.52933 0 0
lfoot -32.6373 -13.9286 0
ltoes -34.062 0 0
rfemur -28.1735 -10.7097 -9.9902
rtibia 43.8638 0 0
rfoot -20.5003 0.387278 0
rtoes -45.5447 0 0
lowerback -3.75962 -0.290289 -0.0824254
upperback -1.35117 -0.290805 -7.0748
thorax 0.571968 -0.166954 -7.3919
lowerneck -7.1709 0.982637 4.78623
upperneck 1.9354 0.727362 3.7366
head 1.81378 0.502621 0.394862
lclavicle 5.87689e-15 -2.45581e-14 0
lhumerus -59.902 -44.8535 114.008
lradius 55.2179 0 0
lwrist 26.5039 0 0
lhand 40.832 25.547 0
lfingers 7.12502 0 0
lthumb 63.1077 35.8068 0
rclavicle 5.87689e-15 -2.45581e-14 0
rhumerus 1.80312 -4.28251 -0.314066
rradius 32.4214 0 0
rwrist -13.4349 0 0
rhand -20.8505 -37.9562 0
rfingers 7.12502 0 0
rthumb 5.51622 -787.835 0
1005
root 1.19017 15.2368 32.8556 6.69047 -5.27495 364.697
lfemur 7.36749 -1.21003 4.66092
ltibia 2.53313 0 0
lfoot -32.64 -13.8817 0
ltoes -34.0766 0 0
rfemur -28.1945 -10.7632 -9.94914
rtibia 43.9207 0 0
rfoot -20.5323 0.447418 0
rtoes -45.494 0 0
lowerback -3.74051 -0.285132 -0.0873258
upperback -1.34049 -0.284305 -7.05991
thorax 0.574094 -0.163422 -7.37239
lowerneck -7.17675 0.979562 4.80946
upperneck 1.93788 0.720512 3.73877
head 1.81584 0.499624 0.391352
lclavicle 5.82776e-15 -2.37017e-14 0
lhumerus -59.8852 -44.8795 114.032
lradius 55.2221 0 0
lwrist 26.4949 0 0
lhand 40.7911 25.5492 0
lfingers 7.12502 0 0
lthumb 63.0732 35.8495 0
rclavicle 5.82776e-15 -2.37017e-14 0
rhumerus 1.82138 -4.54285 -0.282076
rradius 32.3316 0 0
rwrist -13.3676 0 0
rhand -20.9832 -37.9958 0
rfingers 7.12502 0 0
rthumb 5.38804 -787.876 0
1006
root 1.19053 15.2354 32.8537 6.67056 -5.26094 364.676
lfemur 7.37766 -1.1896 4.67378
ltibia 2.53801 0 0
lfoot -32.6423 -13.8344 0
ltoes -34.0904 0 0
rfemur -28.2164 -10.8173 -9.90713
rtibia 43.9795 0 0
rfoot -20.5635 0.508139 0
rtoes -45.4421 0 0
lowerback -3.72098 -0.280081 -0.092414
upperback -1.32967 -0.277968 -7.04483
thorax 0.576157 -0.159968 -7.35255
lowerneck -7.18265 0.976324 4.83265
upperneck 1.94046 0.713441 3.74098
head 1.81795 0.496519 0.387856
lclavicle 5.77668e-15 -2.28422e-14 0
lhumerus -59.8678 -44.9057 114.057
lradius 55.2265 0 0
lwrist 26.4855 0 0
lhand 40.7497 25.5511 0
lfingers 7.12502 0 0
lthumb 63.0384 35.8923 0
rclavicle 5.77668e-15 -2.28422e-14 0
rhumerus 1.83837 -4.80443 -0.25162
rradius 32.2431 0 0
rwrist -13.3002 0 0
rhand -21.117 -38.036 0
rfingers 7.12502 0 0
rthumb 5.25889 -787.918 0
1007
root 1.19095 15.2341 32.8517 6.65026 -5.24601 364.656
lfemur 7.3871 -1.16835 4.68608
ltibia 2.54393 0 0
lfoot -32.644 -13.7866 0
ltoes -34.1034 0 0
rfemur -28.2392 -10.872 -9.86419
rtibia 44.0402 0 0
rfoot -20.5937 0.569412 0
rtoes -45.389 0 0
lowerback -3.70104 -0.275134 -0.097684
upperback -1.31871 -0.271791 -7.02957
thorax 0.578159 -0.156592 -7.33239
lowerneck -7.18857 0.972929 4.85578
upperneck 1.94313 0.706156 3.74324
head 1.8201 0.493312 0.384374
lclavicle 5.72371e-15 -2.19797e-14 0
lhumerus -59.85 -44.9319 114.081
lradius 55.2311 0 0
lwrist 26.4758 0 0
lhand 40.7078 25.5527 0
lfingers 7.12502 0 0
lthumb 63.0032 35.9351 0
rclavicle 5.72371e-15 -2.19797e-14 0
rhumerus 1.85413 -5.06717 -0.22266
rradius 32.1558 0 0
rwrist -13.2329 0 0
rhand -21.2517 -38.0768 0
rfingers 7.12502 0 0
rthumb 5.1288 -787.959 0
1008
root 1.19144 15.2327 32.8496 6.62959 -5.23022 364.635
lfemur 7.39585 -1.14633 4.69783
ltibia 2.55086 0 0
lfoot -32.6454 -13.7383 0
ltoes -34.1155 0 0
rfemur -28.2629 -10.9274 -9.82037
rtibia 44.1028 0 0
rfoot -20.623 0.631213 0
rtoes -45.3347 0 0
lowerback -3.6807 -0.270291 -0.10313
upperback -1.30761 -0.26577 -7.01413
thorax 0.580102 -0.153292 -7.31192
lowerneck -7.19451 0.969383 4.87887
upperneck 1.94589 0.698664 3.74555
head 1.82229 0.490005 0.380905
lclavicle 5.6689e-15 -2.11146e-14 0
lhumerus -59.8316 -44.9582 114.105
lradius 55.2358 0 0
lwrist 26.4657 0 0
lhand 40.6655 25.5539 0
lfingers 7.12502 0 0
lthumb 62.9676 35.9779 0
rclavicle 5.6689e-15 -2.11146e-14 0
rhumerus 1.86868 -5.33099 -0.195161
rradius 32.0697 0 0
rwrist -13.1656 0 0
rhand -21.3874 -38.1183 0
rfingers 7.12502 0 0
rthumb 4.99784 -788.002 0
1009
root 1.19199 15.2314 32.8475 6.60856 -5.21358 364.614
lfemur 7.40392 -1.12355 4.70905
ltibia 2.55878 0 0
lfoot -32.6463 -13.6896 0
ltoes -34.1269 0 0
rfemur -28.2874 -10.9833 -9.77568
rtibia 44.1672 0 0
rfoot -20.6514 0.693513 0
rtoes -45.2793 0 0
lowerback -3.65999 -0.265547 -0.108745
upperback -1.2964 -0.259901 -6.99853
thorax 0.581987 -0.150067 -7.29117
lowerneck -7.20049 0.965689 4.90191
upperneck 1.94873 0.690973 3.7479
head 1.82452 0.486601 0.37745
lclavicle 5.61234e-15 -2.02471e-14 0
lhumerus -59.8127 -44.9845 114.128
lradius 55.2407 0 0
lwrist 26.4552 0 0
lhand 40.6228 25.5547 0
lfingers 7.12502 0 0
lthumb 62.9316 36.0207 0
rclavicle 5.61234e-15 -2.02471e-14 0
rhumerus 1.88206 -5.5958 -0.169085
rradius 31.9849 0 0
rwrist -13.0984 0 0
rhand -21.5239 -38.1604 0
rfingers 7.12502 0 0
rthumb 4.86605 -788.045 0
1010
root 1.1926 15.2302 32.8453 6.58718 -5.19612 364.593
lfemur 7.41132 -1.10005 4.71973
ltibia 2.56765 0 0
lfoot -32.6468 -13.6404 0
ltoes -34.1375 0 0
rfemur -28.3127 -11.0399 -9.73018
rtibia 44.2333 0 0
rfoot -20.679 0.756287 0
rtoes -45.2228 0 0
lowerback -3.63892 -0.260902 -0.114524
upperback -1.28506 -0.254182 -6.98276
thorax 0.583815 -0.146914 -7.27013
lowerneck -7.20649 0.961852 4.92489
upperneck 1.95166 0.68309 3.75029
head 1.82679 0.483105 0.37401
lclavicle 5.55407e-15 -1.93773e-14 0
lhumerus -59.7933 -45.0109 114.151
lradius 55.2458 0 0
lwrist 26.4445 0 0
lhand 40.5797 25.5553 0
lfingers 7.12502 0 0
lthumb 62.8952 36.0635 0
rclavicle 5.55407e-15 -1.93773e-14 0
rhumerus 1.89431 -5.86154 -0.144397
rradius 31.9012 0 0
rwrist -13.0313 0 0
rhand -21.6612 -38.203 0
rfingers 7.12502 0 0
rthumb 4.73347 -788.089 0
1011
root 1.19327 15.2289 32.8431 6.56547 -5.17787 364.572
lfemur 7.41808 -1.07584 4.72991
ltibia 2.57745 0 0
lfoot -32.6468 -13.5909 0
ltoes -34.1474 0 0
rfemur -28.3387 -11.0969 -9.68389
rtibia 44.3011 0 0
rfoot -20.7057 0.819507 0
rtoes -45.1653 0 0
lowerback -3.61749 -0.256354 -0.120461
upperback -1.2736 -0.24861 -6.96685
thorax 0.585588 -0.143833 -7.24882
lowerneck -7.21251 0.957879 4.94782
upperneck 1.95466 0.675023 3.75272
head 1.82909 0.47952 0.370584
lclavicle 5.49416e-15 -1.85056e-14 0
lhumerus -59.7735 -45.0373 114.174
lradius 55.251 0 0
lwrist 26.4334 0 0
lhand 40.5361 25.5555 0
lfingers 7.12502 0 0
lthumb 62.8586 36.1063 0
rclavicle 5.49416e-15 -1.85056e-14 0
rhumerus 1.90544 -6.12811 -0.121059
rradius 31.8187 0 0
rwrist -12.9642 0 0
rhand -21.7993 -38.2463 0
rfingers 7.12502 0 0
rthumb 4.60017 -788.133 0
1012
root 1.19399 15.2277 32.8409 6.54344 -5.15886 364.55
lfemur 7.42421 -1.05096 4.7396
ltibia 2.58814 0 0
lfoot -32.6465 -13.5409 0
ltoes -34.1565 0 0
rfemur -28.3656 -11.1545 -9.63684
rtibia 44.3705 0 0
rfoot -20.7317 0.883148 0
rtoes -45.1068 0 0
lowerback -3.59574 -0.2519 -0.126549
upperback -1.26204 -0.24318 -6.95079
thorax 0.587306 -0.140822 -7.22726
lowerneck -7.21855 0.953774 4.97068
upperneck 1.95774 0.666778 3.75519
head 1.83143 0.475849 0.367173
lclavicle 5.43267e-15 -1.76322e-14 0
lhumerus -59.7532 -45.0638 114.197
lradius 55.2564 0 0
lwrist 26.4221 0 0
lhand 40.4923 25.5555 0
lfingers 7.12502 0 0
lthumb 62.8216 36.1491 0
rclavicle 5.43267e-15 -1.76322e-14 0
rhumerus 1.91549 -6.39544 -0.0990357
rradius 31.7373 0 0
rwrist -12.8972 0 0
rhand -21.938 -38.29 0
rfingers 7.12502 0 0
rthumb 4.46618 -788.178 0
1013
root 1.19477 15.2265 32.8386 6.52111 -5.13911 364.528
lfemur 7.42973 -1.02544 4.7488
ltibia 2.5997 0 0
lfoot -32.6458 -13.4907 0
ltoes -34.165 0 0
rfemur -28.3931 -11.2125 -9.58907
rtibia 44.4414 0 0
rfoot -20.7568 0.947182 0
rtoes -45.0473 0 0
lowerback -3.57366 -0.247539 -0.132783
upperback -1.25038 -0.237889 -6.93459
thorax 0.588971 -0.137879 -7.20546
lowerneck -7.22461 0.949541 4.99348
upperneck 1.96089 0.658363 3.75769
head 1.8338 0.472096 0.363777
lclavicle 5.36966e-15 -1.67572e-14 0
lhumerus -59.7325 -45.0902 114.219
lradius 55.2619 0 0
lwrist 26.4104 0 0
lhand 40.4481 25.5551 0
lfingers 7.12502 0 0
lthumb 62.7844 36.1919 0
rclavicle 5.36966e-15 -1.67572e-14 0
rhumerus 1.92451 -6.66344 -0.0782901
rradius 31.6571 0 0
rwrist -12.8304 0 0
rhand -22.0774 -38.3342 0
rfingers 7.12502 0 0
rthumb 4.33157 -788.223 0
1014
root 1.1956 15.2253 32.8363 6.4985 -5.11866 364.507
lfemur 7.43466 -0.999288 4.75753
ltibia 2.61208 0 0
lfoot -32.6448 -13.44 0
ltoes -34.1727 0 0
rfemur -28.4213 -11.271 -9.54061
rtibia 44.5137 0 0
rfoot -20.7812 1.01158 0
rtoes -44.987 0 0
lowerback -3.55129 -0.243268 -0.139156
upperback -1.23862 -0.232735 -6.91827
thorax 0.590585 -0.135002 -7.18343
lowerneck -7.23068 0.945187 5.01621
upperneck 1.96411 0.649785 3.76023
head 1.8362 0.468264 0.360396
lclavicle 5.3052e-15 -1.58811e-14 0
lhumerus -59.7114 -45.1167 114.241
lradius 55.2676 0 0
lwrist 26.3985 0 0
lhand 40.4036 25.5545 0
lfingers 7.12502 0 0
lthumb 62.7468 36.2346 0
rclavicle 5.3052e-15 -1.58811e-14 0
rhumerus 1.9325 -6.93204 -0.0587858
rradius 31.578 0 0
rwrist -12.7636 0 0
rhand -22.2175 -38.3789 0
rfingers 7.12502 0 0
rthumb 4.19637 -788.269 0
1015
root 1.19648 15.2242 32.8339 6.47561 -5.09753 364.485
lfemur 7.43901 -0.972543 4.7658
ltibia 2.62527 0 0
lfoot -32.6433 -13.3891 0
ltoes -34.1798 0 0
rfemur -28.4502 -11.3299 -9.4915
rtibia 44.5875 0 0
rfoot -20.8048 1.07632 0
rtoes -44.9258 0 0
lowerback -3.52862 -0.239085 -0.145662
upperback -1.22677 -0.227713 -6.90183
thorax 0.592149 -0.132191 -7.16118
lowerneck -7.23677 0.940715 5.03887
upperneck 1.9674 0.641052 3.76281
head 1.83863 0.464356 0.357031
lclavicle 5.23935e-15 -1.50039e-14 0
lhumerus -59.6899 -45.1432 114.263
lradius 55.2734 0 0
lwrist 26.3863 0 0
lhand 40.3587 25.5536 0
lfingers 7.12502 0 0
lthumb 62.709 36.2773 0
rclavicle 5.23935e-15 -1.50039e-14 0
rhumerus 1.93952 -7.20116 -0.0404861
rradius 31.5 0 0
rwrist -12.697 0 0
rhand -22.3581 -38.4241 0
rfingers 7.12502 0 0
rthumb 4.06064 -788.315 0
1016
root 1.19742 15.2231 32.8315 6.45246 -5.07575 364.462
lfemur 7.44282 -0.94523 4.77364
ltibia 2.63923 0 0
lfoot -32.6416 -13.3379 0
ltoes -34.1863 0 0
rfemur -28.4796 -11.3892 -9.44176
rtibia 44.6626 0 0
rfoot -20.8276 1.14138 0
rtoes -44.8637 0 0
lowerback -3.50568 -0.234989 -0.152296
upperback -1.21484 -0.222821 -6.88527
thorax 0.593664 -0.129443 -7.13872
lowerneck -7.24287 0.936131 5.06146
upperneck 1.97075 0.63217 3.76541
head 1.84109 0.460377 0.353682
lclavicle 5.17218e-15 -1.4126e-14 0
lhumerus -59.668 -45.1697 114.285
lradius 55.2794 0 0
lwrist 26.3739 0 0
lhand 40.3137 25.5524 0
lfingers 7.12502 0 0
lthumb 62.671 36.32 0
rclavicle 5.17218e-15 -1.4126e-14 0
rhumerus 1.94558 -7.47071 -0.0233547
rradius 31.4231 0 0
rwrist -12.6305 0 0
rhand -22.4991 -38.4696 0
rfingers 7.12502 0 0
rthumb 3.92443 -788.362 0
1017
root 1.19839 15.222 32.8291 6.42907 -5.05334 364.44
lfemur 7.44609 -0.917374 4.78104
ltibia 2.65394 0 0
lfoot -32.6395 -13.2864 0
ltoes -34.1921 0 0
rfemur -28.5097 -11.4489 -9.39144
rtibia 44.739 0 0
rfoot -20.8498 1.20672 0
rtoes -44.8009 0 0
lowerback -3.48249 -0.230978 -0.159052
upperback -1.20282 -0.218055 -6.86861
thorax 0.595131 -0.126758 -7.11608
lowerneck -7.24898 0.93144 5.08398
upperneck 1.97416 0.623148 3.76805
head 1.84358 0.456329 0.350349
lclavicle 5.10373e-15 -1.32476e-14 0
lhumerus -59.6458 -45.1962 114.306
lradius 55.2854 0 0
lwrist 26.3612 0 0
lhand 40.2683 25.551 0
lfingers 7.12502 0 0
lthumb 62.6327 36.3626 0
rclavicle 5.10373e-15 -1.32476e-14 0
rhumerus 1.95072 -7.74061 -0.00735487
rradius 31.3472 0 0
rwrist -12.5641 0 0
rhand -22.6407 -38.5156 0
rfingers 7.12502 0 0
rthumb 3.78779 -788.409 0
1018
root 1.19941 15.2209 32.8266 6.40545 -5.03034 364.418
lfemur 7.44884 -0.889002 4.78803
ltibia 2.66935 0 0
lfoot -32.637 -13.2347 0
ltoes -34.1974 0 0
rfemur -28.5404 -11.5089 -9.34057
rtibia 44.8165 0 0
rfoot -20.8712 1.27232 0
rtoes -44.7374 0 0
lowerback -3.45905 -0.227048 -0.165923
upperback -1.19073 -0.213412 -6.85186
thorax 0.596552 -0.124133 -7.09325
lowerneck -7.2551 0.926647 5.10641
upperneck 1.97763 0.613992 3.77071
head 1.84608 0.452216 0.347032
lclavicle 5.03409e-15 -1.23688e-14 0
lhumerus -59.6233 -45.2227 114.327
lradius 55.2916 0 0
lwrist 26.3483 0 0
lhand 40.2227 25.5493 0
lfingers 7.12502 0 0
lthumb 62.5942 36.4051 0
rclavicle 5.03409e-15 -1.23688e-14 0
rhumerus 1.95498 -8.0108 0.0075498
rradius 31.2724 0 0
rwrist -12.498 0 0
rhand -22.7826 -38.5619 0
rfingers 7.12502 0 0
rthumb 3.65076 -788.456 0
1019
root 1.20048 15.2199 32.8242 6.38162 -5.00678 364.395
lfemur 7.4511 -0.860141 4.79461
ltibia 2.68545 0 0
lfoot -32.6343 -13.1828 0
ltoes -34.202 0 0
rfemur -28.5716 -11.5692 -9.28918
rtibia 44.8952 0 0
rfoot -20.892 1.33816 0
rtoes -44.6731 0 0
lowerback -3.43539 -0.223199 -0.172903
upperback -1.17858 -0.208889 -6.83501
thorax 0.597929 -0.121567 -7.07026
lowerneck -7.26123 0.921757 5.12877
upperneck 1.98116 0.60471 3.7734
head 1.84862 0.448042 0.343732
lclavicle 4.9633e-15 -1.149e-14 0
lhumerus -59.6004 -45.2492 114.347
lradius 55.2979 0 0
lwrist 26.3352 0 0
lhand 40.1769 25.5474 0
lfingers 7.12502 0 0
lthumb 62.5556 36.4476 0
rclavicle 4.9633e-15 -1.149e-14 0
rhumerus 1.95838 -8.28117 0.0213958
rradius 31.1985 0 0
rwrist -12.4319 0 0
rhand -22.9248 -38.6086 0
rfingers 7.12502 0 0
rthumb 3.51341 -788.504 0
1020
root 1.20159 15.2188 32.8216 6.35759 -4.98267 364.373
lfemur 7.45287 -0.830816 4.80081
ltibia 2.7022 0 0
lfoot -32.6313 -13.1306 0
ltoes -34.2061 0 0
rfemur -28.6033 -11.6298 -9.2373
rtibia 44.975 0 0
rfoot -20.9121 1.4042 0
rtoes -44.6083 0 0
lowerback -3.41151 -0.219429 -0.179986
upperback -1.16636 -0.204481 -6.81809
thorax 0.599262 -0.119058 -7.04711
lowerneck -7.26736 0.916775 5.15104
upperneck 1.98473 0.595309 3.77612
head 1.85117 0.443809 0.340448
lclavicle 4.89143e-15 -1.06114e-14 0
lhumerus -59.5772 -45.2756 114.368
lradius 55.3043 0 0
lwrist 26.3218 0 0
lhand 40.1309 25.5453 0
lfingers 7.12502 0 0
lthumb 62.5167 36.4899 0
rclavicle 4.89143e-15 -1.06114e-14 0
rhumerus 1.96096 -8.55167 0.0342198
rradius 31.1257 0 0
rwrist -12.3661 0 0
rhand -23.0674 -38.6556 0
rfingers 7.12502 0 0
rthumb 3.37577 -788.552 0
1021
root 1.20273 15.2178 32.8191 6.33337 -4.95806 364.35
lfemur 7.45418 -0.801054 4.80664
ltibia 2.71957 0 0
lfoot -32.628 -13.0783 0
ltoes -34.2097 0 0
rfemur -28.6355 -11.6906 -9.18497
rtibia 45.0558 0 0
rfoot -20.9316 1.47042 0
rtoes -44.5428 0 0
lowerback -3.38744 -0.215734 -0.187167
upperback -1.15409 -0.200187 -6.80109
thorax 0.600552 -0.116605 -7.02382
lowerneck -7.2735 0.911705 5.17322
upperneck 1.98836 0.585796 3.77885
head 1.85375 0.439522 0.337182
lclavicle 4.81855e-15 -9.73328e-15 0
lhumerus -59.5538 -45.3021 114.388
lradius 55.3107 0 0
lwrist 26.3083 0 0
lhand 40.0848 25.543 0
lfingers 7.12502 0 0
lthumb 62.4778 36.5322 0
rclavicle 4.81855e-15 -9.73328e-15 0
rhumerus 1.96275 -8.82219 0.0460581
rradius 31.0539 0 0
rwrist -12.3005 0 0
rhand -23.2102 -38.7029 0
rfingers 7.12502 0 0
rthumb 3.23789 -788.6 0
1022
root 1.20391 15.2168 32.8165 6.30898 -4.93296 364.327
lfemur 7.45505 -0.770882 4.8121
ltibia 2.73753 0 0
lfoot -32.6244 -13.0258 0
ltoes -34.2128 0 0
rfemur -28.6682 -11.7517 -9.13222
rtibia 45.1376 0 0
rfoot -20.9505 1.5368 0
rtoes -44.4768 0 0
lowerback -3.36318 -0.212114 -0.194438
upperback -1.14177 -0.196002 -6.78403
thorax 0.601802 -0.114207 -7.0004
lowerneck -7.27963 0.906554 5.19531
upperneck 1.99203 0.576179 3.78161
head 1.85634 0.435184 0.333933
lclavicle 4.74472e-15 -8.85579e-15 0
lhumerus -59.5301 -45.3285 114.408
lradius 55.3173 0 0
lwrist 26.2946 0 0
lhand 40.0384 25.5404 0
lfingers 7.12502 0 0
lthumb 62.4386 36.5744 0
rclavicle 4.74472e-15 -8.85579e-15 0
rhumerus 1.96377 -9.09267 0.0569473
rradius 30.983 0 0
rwrist -12.235 0 0
rhand -23.3532 -38.7505 0
rfingers 7.12502 0 0
rthumb 3.09983 -788.649 0
1023
root 1.20513 15.2159 32.8139 6.28443 -4.9074 364.305
lfemur 7.45549 -0.740326 4.81721
ltibia 2.75605 0 0
lfoot -32.6205 -12.9732 0
ltoes -34.2153 0 0
rfemur -28.7012 -11.8129 -9.07908
rtibia 45.2202 0 0
rfoot -20.9687 1.6033 0
rtoes -44.4102 0 0
lowerback -3.33875 -0.208567 -0.201795
upperback -1.1294 -0.191923 -6.76691
thorax 0.603012 -0.111861 -6.97687
lowerneck -7.28577 0.901326 5.21731
upperneck 1.99574 0.566465 3.78439
head 1.85895 0.430798 0.330702
lclavicle 4.66999e-15 -7.9792e-15 0
lhumerus -59.5061 -45.3548 114.427
lradius 55.324 0 0
lwrist 26.2807 0 0
lhand 39.992 25.5377 0
lfingers 7.12502 0 0
lthumb 62.3994 36.6165 0
rclavicle 4.66999e-15 -7.9792e-15 0
rhumerus 1.96406 -9.36302 0.066924
rradius 30.9131 0 0
rwrist -12.1698 0 0
rhand -23.4963 -38.7983 0
rfingers 7.12502 0 0
rthumb 2.96164 -788.697 0
1024
root 1.20638 15.2149 32.8113 6.25975 -4.88142 364.282
lfemur 7.45553 -0.709412 4.82199
ltibia 2.7751 0 0
lfoot -32.6165 -12.9205 0
ltoes -34.2174 0 0
rfemur -28.7347 -11.8744 -9.02559
rtibia 45.3037 0 0
rfoot -20.9864 1.66991 0
rtoes -44.3432 0 0
lowerback -3.31418 -0.205089 -0.209231
upperback -1.117 -0.187948 -6.74975
thorax 0.604184 -0.109567 -6.95323
lowerneck -7.2919 0.896025 5.23921
upperneck 1.99949 0.556661 3.78718
head 1.86157 0.426368 0.327489
lclavicle 4.59443e-15 -7.10376e-15 0
lhumerus -59.482 -45.3811 114.447
lradius 55.3307 0 0
lwrist 26.2667 0 0
lhand 39.9454 25.5348 0
lfingers 7.12502 0 0
lthumb 62.3601 36.6584 0
rclavicle 4.59443e-15 -7.10376e-15 0
rhumerus 1.96366 -9.63317 0.0760247
rradius 30.8441 0 0
rwrist -12.1048 0 0
rhand -23.6396 -38.8463 0
rfingers 7.12502 0 0
rthumb 2.82336 -788.746 0
1025
root 1.20766 15.214 32.8087 6.23493 -4.85504 364.259
lfemur 7.45518 -0.678167 4.82645
ltibia 2.79465 0 0
lfoot -32.6121 -12.8677 0
ltoes -34.219 0 0
rfemur -28.7685 -11.936 -8.97179
rtibia 45.3879 0 0
rfoot -21.0036 1.73659 0
rtoes -44.2758 0 0
lowerback -3.28946 -0.20168 -0.21674
upperback -1.10456 -0.184072 -6.73254
thorax 0.60532 -0.107322 -6.92949
lowerneck -7.29803 0.890658 5.26101
upperneck 2.00328 0.546775 3.78999
head 1.86421 0.421897 0.324294
lclavicle 4.51811e-15 -6.2297e-15 0
lhumerus -59.4576 -45.4074 114.466
lradius 55.3376 0 0
lwrist 26.2525 0 0
lhand 39.8988 25.5316 0
lfingers 7.12502 0 0
lthumb 62.3206 36.7002 0
rclavicle 4.51811e-15 -6.2297e-15 0
rhumerus 1.96259 -9.90303 0.0842859
rradius 30.776 0 0
rwrist -12.0401 0 0
rhand -23.7828 -38.8945 0
rfingers 7.12502 0 0
rthumb 2.68505 -788.796 0
1026
root 1.20898 15.2131 32.806 6.21 -4.82828 364.236
lfemur 7.45445 -0.646618 4.8306
ltibia 2.81468 0 0
lfoot -32.6076 -12.8149 0
ltoes -34.2202 0 0
rfemur -28.8027 -11.9976 -8.91769
rtibia 45.4728 0 0
rfoot -21.0202 1.80331 0
rtoes -44.2079 0 0
lowerback -3.26462 -0.198337 -0.224316
upperback -1.0921 -0.180292 -6.7153
thorax 0.606419 -0.105125 -6.90568
lowerneck -7.30415 0.885229 5.28271
upperneck 2.0071 0.536813 3.79282
head 1.86686 0.417389 0.321117
lclavicle 4.44109e-15 -5.35727e-15 0
lhumerus -59.433 -45.4336 114.485
lradius 55.3445 0 0
lwrist 26.2382 0 0
lhand 39.852 25.5284 0
lfingers 7.12502 0 0
lthumb 62.2812 36.7419 0
rclavicle 4.44109e-15 -5.35727e-15 0
rhumerus 1.96089 -10.1725 0.091744
rradius 30.7087 0 0
rwrist -11.9756 0 0
rhand -23.9261 -38.9429 0
rfingers 7.12502 0 0
rthumb 2.54676 -788.845 0
1027
root 1.21032 15.2122 32.8034 6.18498 -4.80119 364.213
lfemur 7.45338 -0.614789 4.83446
ltibia 2.83514 0 0
lfoot -32.6029 -12.762 0
ltoes -34.221 0 0
rfemur -28.8372 -12.0594 -8.86335
rtibia 45.5583 0 0
rfoot -21.0363 1.87006 0
rtoes -44.1398 0 0
lowerback -3.23968 -0.195058 -0.231953
upperback -1.07962 -0.176605 -6.69803
thorax 0.607485 -0.102975 -6.8818
lowerneck -7.31026 0.879742 5.30431
upperneck 2.01095 0.526784 3.79566
head 1.86953 0.412847 0.317959
lclavicle 4.36342e-15 -4.4867e-15 0
lhumerus -59.4083 -45.4597 114.503
lradius 55.3514 0 0
lwrist 26.2238 0 0
lhand 39.8052 25.5249 0
lfingers 7.12502 0 0
lthumb 62.2416 36.7834 0
rclavicle 4.36342e-15 -4.4867e-15 0
rhumerus 1.95858 -10.4416 0.0984356
rradius 30.6424 0 0
rwrist -11.9114 0 0
rhand -24.0692 -38.9914 0
rfingers 7.12502 0 0
rthumb 2.40853 -788.894 0
1028
root 1.21168 15.2113 32.8007 6.15987 -4.77378 364.19
lfemur 7.45197 -0.582709 4.83804
ltibia 2.85601 0 0
lfoot -32.5979 -12.7091 0
ltoes -34.2214 0 0
rfemur -28.8719 -12.1213 -8.80879
rtibia 45.6444 0 0
rfoot -21.0519 1.9368 0
rtoes -44.0713 0 0
lowerback -3.21464 -0.191842 -0.239645
upperback -1.06712 -0.173007 -6.68075
thorax 0.608518 -0.10087 -6.85787
lowerneck -7.31636 0.874204 5.3258
upperneck 2.01483 0.516694 3.7985
head 1.8722 0.408275 0.31482
lclavicle 4.28518e-15 -3.61823e-15 0
lhumerus -59.3834 -45.4858 114.522
lradius 55.3584 0 0
lwrist 26.2092 0 0
lhand 39.7584 25.5213 0
lfingers 7.12502 0 0
lthumb 62.2021 36.8248 0
rclavicle 4.28518e-15 -3.61823e-15 0
rhumerus 1.95571 -10.7101 0.104397
rradius 30.5769 0 0
rwrist -11.8474 0 0
rhand -24.2123 -39.04 0
rfingers 7.12502 0 0
rthumb 2.27041 -788.944 0
1029
root 1.21307 15.2105 32.798 6.1347 -4.74608 364.167
lfemur 7.45025 -0.550403 4.84135
ltibia 2.87726 0 0
lfoot -32.5928 -12.6561 0
ltoes -34.2214 0 0
rfemur -28.907 -12.1831 -8.75405
rtibia 45.731 0 0
rfoot -21.067 2.0035 0
rtoes -44.0026 0 0
lowerback -3.18953 -0.188685 -0.247386
upperback -1.05461 -0.169496 -6.66346
thorax 0.609519 -0.098808 -6.8339
lowerneck -7.32245 0.868619 5.34717
upperneck 2.01873 0.506551 3.80136
head 1.87487 0.403676 0.3117
lclavicle 4.20642e-15 -2.7521e-15 0
lhumerus -59.3584 -45.5117 114.54
lradius 55.3655 0 0
lwrist 26.1946 0 0
lhand 39.7116 25.5176 0
lfingers 7.12502 0 0
lthumb 62.1625 36.8661 0
rclavicle 4.20642e-15 -2.7521e-15 0
rhumerus 1.95229 -10.978 0.109666
rradius 30.5122 0 0
rwrist -11.7837 0 0
rhand -24.3552 -39.0887 0
rfingers 7.12502 0 0
rthumb 2.13246 -788.993 0
1030
root 1.21448 15.2096 32.7953 6.10947 -4.71811 364.144
lfemur 7.44823 -0.517898 4.8444
ltibia 2.89885 0 0
lfoot -32.5875 -12.6033 0
ltoes -34.2211 0 0
rfemur -28.9422 -12.245 -8.69916
rtibia 45.818 0 0
rfoot -21.0817 2.07015 0
rtoes -43.9337 0 0
lowerback -3.16435 -0.185587 -0.25517
upperback -1.0421 -0.166068 -6.64616
thorax 0.61049 -0.0967883 -6.8099
lowerneck -7.32853 0.862991 5.36844
upperneck 2.02266 0.496362 3.80422
head 1.87756 0.399053 0.3086
lclavicle 4.1272e-15 -1.88855e-15 0
lhumerus -59.3332 -45.5376 114.558
lradius 55.3726 0 0
lwrist 26.1799 0 0
lhand 39.6648 25.5137 0
lfingers 7.12502 0 0
lthumb 62.1229 36.9071 0
rclavicle 4.1272e-15 -1.88855e-15 0
rhumerus 1.94836 -11.2452 0.114277
rradius 30.4484 0 0
rwrist -11.7203 0 0
rhand -24.4978 -39.1375 0
rfingers 7.12502 0 0
rthumb 1.99472 -789.043 0
1031
root 1.21591 15.2088 32.7926 6.0842 -4.68992 364.121
lfemur 7.44593 -0.48522 4.84722
ltibia 2.92077 0 0
lfoot -32.582 -12.5504 0
ltoes -34.2204 0 0
rfemur -28.9776 -12.3068 -8.64415
rtibia 45.9054 0 0
rfoot -21.0959 2.13671 0
rtoes -43.8646 0 0
lowerback -3.13913 -0.182545 -0.262991
upperback -1.0296 -0.16272 -6.62888
thorax 0.611432 -0.0948089 -6.78588
lowerneck -7.33458 0.857327 5.38959
upperneck 2.0266 0.486135 3.8071
head 1.88025 0.394411 0.305519
lclavicle 4.04759e-15 -1.02781e-15 0
lhumerus -59.308 -45.5634 114.576
lradius 55.3797 0 0
lwrist 26.1651 0 0
lhand 39.618 25.5098 0
lfingers 7.12502 0 0
lthumb 62.0834 36.948 0
rclavicle 4.04759e-15 -1.02781e-15 0
rhumerus 1.94396 -11.5116 0.118268
rradius 30.3853 0 0
rwrist -11.6573 0 0
rhand -24.6402 -39.1863 0
rfingers 7.12502 0 0
rthumb 1.85724 -789.093 0
1032
root 1.21736 15.208 32.7899 6.0589 -4.66153 364.098
lfemur 7.44337 -0.452396 4.84981
ltibia 2.94298 0 0
lfoot -32.5764 -12.4976 0
ltoes -34.2194 0 0
rfemur -29.0132 -12.3686 -8.58906
rtibia 45.9931 0 0
rfoot -21.1097 2.20316 0
rtoes -43.7954 0 0
lowerback -3.11388 -0.179557 -0.270842
upperback -1.0171 -0.159448 -6.6116
thorax 0.612347 -0.0928683 -6.76185
lowerneck -7.34063 0.851631 5.41061
upperneck 2.03056 0.475876 3.80997
head 1.88294 0.389752 0.302458
lclavicle 3.96766e-15 -1.70135e-16 0
lhumerus -59.2827 -45.5891 114.593
lradius 55.3869 0 0
lwrist 26.1502 0 0
lhand 39.5713 25.5057 0
lfingers 7.12502 0 0
lthumb 62.0438 36.9887 0
rclavicle 3.96766e-15 -1.70135e-16 0
rhumerus 1.93912 -11.7772 0.121675
rradius 30.323 0 0
rwrist -11.5945 0 0
rhand -24.7823 -39.2351 0
rfingers 7.12502 0 0
rthumb 1.72008 -789.142 0
1033
root 1.21882 15.2072 32.7872 6.0336 -4.63295 364.075
lfemur 7.44057 -0.419451 4.85219
ltibia 2.96544 0 0
lfoot -32.5707 -12.445 0
ltoes -34.2182 0 0
rfemur -29.0489 -12.4303 -8.53392
rtibia 46.081 0 0
rfoot -21.1232 2.26947 0
rtoes -43.7261 0 0
lowerback -3.0886 -0.176621 -0.278719
upperback -1.00461 -0.156248 -6.59435
thorax 0.613236 -0.090965 -6.73784
lowerneck -7.34665 0.845908 5.43152
upperneck 2.03453 0.465593 3.81285
head 1.88563 0.38508 0.299418
lclavicle 3.88746e-15 6.84247e-16 0
lhumerus -59.2573 -45.6147 114.611
lradius 55.3941 0 0
lwrist 26.1353 0 0
lhand 39.5246 25.5015 0
lfingers 7.12502 0 0
lthumb 62.0044 37.0292 0
rclavicle 3.88746e-15 6.84247e-16 0
rhumerus 1.93386 -12.0419 0.124534
rradius 30.2615 0 0
rwrist -11.5321 0 0
rhand -24.924 -39.2839 0
rfingers 7.12502 0 0
rthumb 1.58328 -789.192 0
1034
root 1.2203 15.2065 32.7844 6.0083 -4.60423 364.052
lfemur 7.43755 -0.386413 4.85437
ltibia 2.98813 0 0
lfoot -32.5648 -12.3924 0
ltoes -34.2167 0 0
rfemur -29.0848 -12.4919 -8.47877
rtibia 46.1691 0 0
rfoot -21.1362 2.33561 0
rtoes -43.6567 0 0
lowerback -3.06333 -0.173735 -0.286614
upperback -0.992151 -0.153119 -6.57713
thorax 0.614099 -0.0890975 -6.71385
lowerneck -7.35265 0.840163 5.4523
upperneck 2.03851 0.455294 3.81572
head 1.88833 0.380398 0.296398
lclavicle 3.80705e-15 1.53509e-15 0
lhumerus -59.2319 -45.6402 114.628
lradius 55.4014 0 0
lwrist 26.1203 0 0
lhand 39.4781 25.4972 0
lfingers 7.12502 0 0
lthumb 61.965 37.0695 0
rclavicle 3.80705e-15 1.53509e-15 0
rhumerus 1.92822 -12.3056 0.126883
rradius 30.2007 0 0
rwrist -11.47 0 0
rhand -25.0652 -39.3327 0
rfingers 7.12502 0 0
rthumb 1.44689 -789.242 0
1035
root 1.22179 15.2057 32.7817 5.98301 -4.57539 364.03
lfemur 7.43432 -0.353308 4.85636
ltibia 3.01102 0 0
lfoot -32.5589 -12.34 0
ltoes -34.2149 0 0
rfemur -29.1207 -12.5533 -8.42363
rtibia 46.2573 0 0
rfoot -21.1489 2.40156 0
rtoes -43.5874 0 0
lowerback -3.03807 -0.170898 -0.294521
upperback -0.979713 -0.150056 -6.55995
thorax 0.61494 -0.087264 -6.68989
lowerneck -7.35862 0.834401 5.47295
upperneck 2.04249 0.444985 3.8186
head 1.89102 0.375711 0.293398
lclavicle 3.72651e-15 2.38217e-15 0
lhumerus -59.2064 -45.6655 114.645
lradius 55.4086 0 0
lwrist 26.1053 0 0
lhand 39.4316 25.4928 0
lfingers 7.12502 0 0
lthumb 61.9257 37.1096 0
rclavicle 3.72651e-15 2.38217e-15 0
rhumerus 1.92223 -12.5681 0.128758
rradius 30.1406 0 0
rwrist -11.4082 0 0
rhand -25.206 -39.3814 0
rfingers 7.12502 0 0
rthumb 1.31097 -789.291 0
1036
root 1.22329 15.2049 32.779 5.95776 -4.54646 364.007
lfemur 7.43091 -0.320161 4.85819
ltibia 3.03407 0 0
lfoot -32.5528 -12.2877 0
ltoes -34.2129 0 0
rfemur -29.1566 -12.6146 -8.36854
rtibia 46.3455 0 0
rfoot -21.1613 2.4673 0
rtoes -43.5182 0 0
lowerback -3.01283 -0.168106 -0.302436
upperback -0.967307 -0.147056 -6.54281
thorax 0.615758 -0.0854632 -6.66598
lowerneck -7.36457 0.828627 5.49347
upperneck 2.04648 0.434674 3.82147
head 1.8937 0.37102 0.29042
lclavicle 3.64588e-15 3.22523e-15 0
lhumerus -59.181 -45.6908 114.662
lradius 55.4159 0 0
lwrist 26.0903 0 0
lhand 39.3853 25.4884 0
lfingers 7.12502 0 0
lthumb 61.8866 37.1494 0
rclavicle 3.64588e-15 3.22523e-15 0
rhumerus 1.91592 -12.8295 0.130194
rradius 30.0812 0 0
rwrist -11.3469 0 0
rhand -25.3463 -39.43 0
rfingers 7.12502 0 0
rthumb 1.17556 -789.341 0
1037
root 1.2248 15.2042 32.7763 5.93256 -4.51746 363.984
lfemur 7.42733 -0.287001 4.85985
ltibia 3.05727 0 0
lfoot -32.5467 -12.2356 0
ltoes -34.2107 0 0
rfemur -29.1926 -12.6757 -8.31354
rtibia 46.4337 0 0
rfoot -21.1733 2.53278 0
rtoes -43.449 0 0
lowerback -2.98764 -0.165359 -0.310351
upperback -0.954939 -0.144115 -6.52573
thorax 0.616555 -0.0836935 -6.64212
lowerneck -7.37049 0.822846 5.51385
upperneck 2.05047 0.424368 3.82434
head 1.89639 0.366331 0.287463
lclavicle 3.56524e-15 4.06405e-15 0
lhumerus -59.1555 -45.7158 114.678
lradius 55.4232 0 0
lwrist 26.0753 0 0
lhand 39.3392 25.4839 0
lfingers 7.12502 0 0
lthumb 61.8475 37.1891 0
rclavicle 3.56524e-15 4.06405e-15 0
rhumerus 1.90932 -13.0897 0.131229
rradius 30.0225 0 0
rwrist -11.2859 0 0
rhand -25.486 -39.4785 0
rfingers 7.12502 0 0
rthumb 1.04071 -789.39 0
1038
root 1.22632 15.2035 32.7735 5.90743 -4.48843 363.962
lfemur 7.42359 -0.253852 4.86136
ltibia 3.08057 0 0
lfoot -32.5405 -12.1838 0
ltoes -34.2083 0 0
rfemur -29.2286 -12.7366 -8.25866
rtibia 46.5219 0 0
rfoot -21.1851 2.598 0
rtoes -43.38 0 0
lowerback -2.96251 -0.162653 -0.31826
upperback -0.942614 -0.141231 -6.50871
thorax 0.617333 -0.0819533 -6.61834
lowerneck -7.37638 0.817064 5.5341
upperneck 2.05445 0.414075 3.8272
head 1.89906 0.361646 0.284528
lclavicle 3.48464e-15 4.89837e-15 0
lhumerus -59.1301 -45.7408 114.695
lradius 55.4304 0 0
lwrist 26.0603 0 0
lhand 39.2932 25.4793 0
lfingers 7.12502 0 0
lthumb 61.8086 37.2285 0
rclavicle 3.48464e-15 4.89837e-15 0
rhumerus 1.90247 -13.3485 0.1319
rradius 29.9645 0 0
rwrist -11.2252 0 0
rhand -25.625 -39.5269 0
rfingers 7.12502 0 0
rthumb 0.906469 -789.439 0
1039
root 1.22784 15.2028 32.7708 5.88237 -4.45938 363.939
lfemur 7.41973 -0.220742 4.86275
ltibia 3.10394 0 0
lfoot -32.5342 -12.1321 0
ltoes -34.2058 0 0
rfemur -29.2645 -12.7972 -8.20393
rtibia 46.6099 0 0
rfoot -21.1966 2.66291 0
rtoes -43.3111 0 0
lowerback -2.93745 -0.159988 -0.326158
upperback -0.930339 -0.1384 -6.49176
thorax 0.618092 -0.080241 -6.59464
lowerneck -7.38225 0.811284 5.55421
upperneck 2.05843 0.403802 3.83005
head 1.90173 0.356969 0.281614
lclavicle 3.40415e-15 5.72797e-15 0
lhumerus -59.1048 -45.7656 114.711
lradius 55.4377 0 0
lwrist 26.0453 0 0
lhand 39.2474 25.4747 0
lfingers 7.12502 0 0
lthumb 61.7699 37.2676 0
rclavicle 3.40415e-15 5.72797e-15 0
rhumerus 1.8954 -13.6059 0.132242
rradius 29.9071 0 0
rwrist -11.165 0 0
rhand -25.7634 -39.575 0
rfingers 7.12502 0 0
rthumb 0.772891 -789.488 0
1040
root 1.22936 15.2021 32.7681 5.8574 -4.43036 363.917
lfemur 7.41575 -0.187696 4.86402
ltibia 3.12736 0 0
lfoot -32.5279 -12.0807 0
ltoes -34.2031 0 0
rfemur -29.3004 -12.8575 -8.14939
rtibia 46.6976 0 0
rfoot -21.2078 2.7275 0
rtoes -43.2425 0 0
lowerback -2.91248 -0.15736 -0.334039
upperback -0.918119 -0.135618 -6.47488
thorax 0.618835 -0.0785552 -6.57104
lowerneck -7.38807 0.805513 5.57417
upperneck 2.06241 0.393555 3.83289
head 1.90439 0.352303 0.278722
lclavicle 3.32384e-15 6.5526e-15 0
lhumerus -59.0795 -45.7903 114.727
lradius 55.4449 0 0
lwrist 26.0304 0 0
lhand 39.2018 25.47 0
lfingers 7.12502 0 0
lthumb 61.7313 37.3065 0
rclavicle 3.32384e-15 6.5526e-15 0
rhumerus 1.88814 -13.8618 0.132293
rradius 29.8503 0 0
rwrist -11.1052 0 0
rhand -25.901 -39.623 0
rfingers 7.12502 0 0
rthumb 0.640024 -789.537 0
1041
root 1.23088 15.2014 32.7654 5.83253 -4.40138 363.895
lfemur 7.41168 -0.154742 4.86518
ltibia 3.1508 0 0
lfoot -32.5215 -12.0296 0
ltoes -34.2002 0 0
rfemur -29.3361 -12.9175 -8.09507
rtibia 46.7851 0 0
rfoot -21.2188 2.79174 0
rtoes -43.1741 0 0
lowerback -2.88761 -0.154768 -0.341896
upperback -0.90596 -0.132883 -6.4581
thorax 0.619562 -0.0768942 -6.54755
lowerneck -7.39386 0.799754 5.59399
upperneck 2.06636 0.383343 3.83572
head 1.90704 0.347651 0.275853
lclavicle 3.24375e-15 7.37202e-15 0
lhumerus -59.0542 -45.8148 114.743
lradius 55.4521 0 0
lwrist 26.0155 0 0
lhand 39.1565 25.4654 0
lfingers 7.12502 0 0
lthumb 61.693 37.3451 0
rclavicle 3.24375e-15 7.37202e-15 0
rhumerus 1.88071 -14.1162 0.132088
rradius 29.7941 0 0
rwrist -11.0458 0 0
rhand -26.0378 -39.6708 0
rfingers 7.12502 0 0
rthumb 0.507917 -789.586 0
1042
root 1.23241 15.2007 32.7628 5.80779 -4.37248 363.873
lfemur 7.40753 -0.121905 4.86625
ltibia 3.17422 0 0
lfoot -32.5151 -11.9787 0
ltoes -34.1973 0 0
rfemur -29.3718 -12.9772 -8.041
rtibia 46.8723 0 0
rfoot -21.2296 2.85559 0
rtoes -43.1061 0 0
lowerback -2.86286 -0.152211 -0.349723
upperback -0.893868 -0.130191 -6.4414
thorax 0.620275 -0.0752565 -6.52417
lowerneck -7.39962 0.794014 5.61366
upperneck 2.07031 0.373173 3.83854
head 1.90967 0.343018 0.273006
lclavicle 3.16397e-15 8.186e-15 0
lhumerus -59.0291 -45.8391 114.759
lradius 55.4593 0 0
lwrist 26.0006 0 0
lhand 39.1114 25.4607 0
lfingers 7.12502 0 0
lthumb 61.6548 37.3835 0
rclavicle 3.16397e-15 8.186e-15 0
rhumerus 1.87316 -14.3689 0.131664
rradius 29.7386 0 0
rwrist -10.9869 0 0
rhand -26.1738 -39.7183 0
rfingers 7.12502 0 0
rthumb 0.376621 -789.634 0
1043
root 1.23393 15.2 32.7601 5.78319 -4.34368 363.851
lfemur 7.40332 -0.0892123 4.86724
ltibia 3.1976 0 0
lfoot -32.5088 -11.9282 0
ltoes -34.1943 0 0
rfemur -29.4072 -13.0366 -7.98722
rtibia 46.959 0 0
rfoot -21.2401 2.91905 0
rtoes -43.0384 0 0
lowerback -2.83825 -0.149685 -0.357515
upperback -0.881849 -0.127539 -6.42481
thorax 0.620975 -0.0736406 -6.50094
lowerneck -7.40534 0.788297 5.63318
upperneck 2.07423 0.363052 3.84134
head 1.91229 0.338407 0.270182
lclavicle 3.08454e-15 8.99429e-15 0
lhumerus -59.0041 -45.8632 114.774
lradius 55.4665 0 0
lwrist 25.9858 0 0
lhand 39.0666 25.456 0
lfingers 7.12502 0 0
lthumb 61.6169 37.4216 0
rclavicle 3.08454e-15 8.99429e-15 0
rhumerus 1.86551 -14.6198 0.131059
rradius 29.6835 0 0
rwrist -10.9283 0 0
rhand -26.3089 -39.7655 0
rfingers 7.12502 0 0
rthumb 0.246184 -789.682 0
1044
root 1.23544 15.1993 32.7574 5.75873 -4.31501 363.829
lfemur 7.39907 -0.0566898 4.86817
ltibia 3.22091 0 0
lfoot -32.5024 -11.878 0
ltoes -34.1913 0 0
rfemur -29.4425 -13.0955 -7.93375
rtibia 47.0452 0 0
rfoot -21.2506 2.98206 0
rtoes -42.9711 0 0
lowerback -2.81378 -0.147189 -0.365265
upperback -0.869908 -0.124923 -6.40832
thorax 0.621664 -0.0720449 -6.47785
lowerneck -7.41101 0.782609 5.65255
upperneck 2.07814 0.352987 3.84413
head 1.91489 0.33382 0.267381
lclavicle 3.00553e-15 9.79667e-15 0
lhumerus -58.9793 -45.8872 114.79
lradius 55.4736 0 0
lwrist 25.9711 0 0
lhand 39.0221 25.4513 0
lfingers 7.12502 0 0
lthumb 61.5793 37.4593 0
rclavicle 3.00553e-15 9.79667e-15 0
rhumerus 1.85779 -14.869 0.130307
rradius 29.6291 0 0
rwrist -10.8703 0 0
rhand -26.4431 -39.8125 0
rfingers 7.12502 0 0
rthumb 0.116657 -789.73 0
1045
root 1.23695 15.1987 32.7548 5.73444 -4.2865 363.807
lfemur 7.39481 -0.0243641 4.86905
ltibia 3.24411 0 0
lfoot -32.496 -11.8282 0
ltoes -34.1882 0 0
rfemur -29.4776 -13.154 -7.88065
rtibia 47.131 0 0
rfoot -21.2608 3.04463 0
rtoes -42.9042 0 0
lowerback -2.78947 -0.144722 -0.372968
upperback -0.858052 -0.122341 -6.39196
thorax 0.622343 -0.0704679 -6.45492
lowerneck -7.41664 0.776953 5.67175
upperneck 2.08202 0.342986 3.8469
head 1.91748 0.329262 0.264603
lclavicle 2.92701e-15 1.05929e-14 0
lhumerus -58.9546 -45.911 114.805
lradius 55.4807 0 0
lwrist 25.9565 0 0
lhand 38.9779 25.4466 0
lfingers 7.12502 0 0
lthumb 61.5419 37.4968 0
rclavicle 2.92701e-15 1.05929e-14 0
rhumerus 1.85004 -15.1162 0.129447
rradius 29.5751 0 0
rwrist -10.8127 0 0
rhand -26.5762 -39.8591 0
rfingers 7.12502 0 0
rthumb -0.0119111 -789.777 0
1046
root 1.23845 15.198 32.7522 5.71032 -4.25818 363.786
lfemur 7.39053 0.00773847 4.86989
ltibia 3.26717 0 0
lfoot -32.4897 -11.7788 0
ltoes -34.1851 0 0
rfemur -29.5125 -13.2121 -7.82793
rtibia 47.2161 0 0
rfoot -21.2709 3.1067 0
rtoes -42.8379 0 0
lowerback -2.76535 -0.14228 -0.380616
upperback -0.846286 -0.119788 -6.37572
thorax 0.623012 -0.068908 -6.43216
lowerneck -7.42223 0.771336 5.6908
upperneck 2.08587 0.333056 3.84964
head 1.92005 0.324737 0.261849
lclavicle 2.84903e-15 1.13827e-14 0
lhumerus -58.9301 -45.9346 114.82
lradius 55.4878 0 0
lwrist 25.942 0 0
lhand 38.9341 25.4419 0
lfingers 7.12502 0 0
lthumb 61.5048 37.534 0
rclavicle 2.84903e-15 1.13827e-14 0
rhumerus 1.84229 -15.3615 0.128514
rradius 29.5217 0 0
rwrist -10.7555 0 0
rhand -26.7083 -39.9054 0
rfingers 7.12502 0 0
rthumb -0.13947 -789.824 0
1047
root 1.23993 15.1974 32.7496 5.68641 -4.23007 363.764
lfemur 7.38628 0.0395915 4.87071
ltibia 3.29007 0 0
lfoot -32.4834 -11.7298 0
ltoes -34.1819 0 0
rfemur -29.547 -13.2697 -7.77563
rtibia 47.3005 0 0
rfoot -21.281 3.16826 0
rtoes -42.772 0 0
lowerback -2.74141 -0.139862 -0.388205
upperback -0.834617 -0.117261 -6.35961
thorax 0.623675 -0.0673636 -6.40958
lowerneck -7.42777 0.765761 5.70968
upperneck 2.0897 0.323204 3.85237
head 1.92259 0.320246 0.259119
lclavicle 2.77166e-15 1.21659e-14 0
lhumerus -58.9057 -45.958 114.835
lradius 55.4948 0 0
lwrist 25.9276 0 0
lhand 38.8906 25.4373 0
lfingers 7.12502 0 0
lthumb 61.468 37.5709 0
rclavicle 2.77166e-15 1.21659e-14 0
rhumerus 1.83457 -15.6047 0.127545
rradius 29.4688 0 0
rwrist -10.6989 0 0
rhand -26.8394 -39.9513 0
rfingers 7.12502 0 0
rthumb -0.26597 -789.871 0
1048
root 1.24141 15.1967 32.747 5.6627 -4.20221 363.743
lfemur 7.38205 0.0711685 4.87151
ltibia 3.31277 0 0
lfoot -32.4771 -11.6812 0
ltoes -34.1789 0 0
rfemur -29.5813 -13.3268 -7.72379
rtibia 47.3842 0 0
rfoot -21.2909 3.22929 0
rtoes -42.7068 0 0
lowerback -2.71769 -0.137465 -0.395729
upperback -0.823049 -0.114758 -6.34364
thorax 0.624331 -0.0658333 -6.3872
lowerneck -7.43326 0.760235 5.7284
upperneck 2.09349 0.313438 3.85507
head 1.92512 0.315795 0.256413
lclavicle 2.69496e-15 1.29422e-14 0
lhumerus -58.8816 -45.9812 114.85
lradius 55.5017 0 0
lwrist 25.9133 0 0
lhand 38.8475 25.4327 0
lfingers 7.12502 0 0
lthumb 61.4315 37.6074 0
rclavicle 2.69496e-15 1.29422e-14 0
rhumerus 1.82691 -15.8458 0.126576
rradius 29.4163 0 0
rwrist -10.6428 0 0
rhand -26.9692 -39.9968 0
rfingers 7.12502 0 0
rthumb -0.391362 -789.917 0
1049
root 1.24287 15.1961 32.7445 5.63921 -4.17461 363.722
lfemur 7.37788 0.102443 4.87232
ltibia 3.33525 0 0
lfoot -32.4709 -11.633 0
ltoes -34.1758 0 0
rfemur -29.6153 -13.3833 -7.67244
rtibia 47.4672 0 0
rfoot -21.3007 3.28975 0
rtoes -42.6421 0 0
lowerback -2.69419 -0.135089 -0.40318
upperback -0.811589 -0.112274 -6.32782
thorax 0.624982 -0.0643155 -6.36504
lowerneck -7.43871 0.754763 5.74694
upperneck 2.09724 0.303764 3.85775
head 1.92762 0.311386 0.253731
lclavicle 2.61899e-15 1.37113e-14 0
lhumerus -58.8577 -46.0042 114.865
lradius 55.5085 0 0
lwrist 25.8992 0 0
lhand 38.8048 25.4281 0
lfingers 7.12502 0 0
lthumb 61.3954 37.6436 0
rclavicle 2.61899e-15 1.37113e-14 0
rhumerus 1.81934 -16.0847 0.125644
rradius 29.3643 0 0
rwrist -10.5871 0 0
rhand -27.0979 -40.0418 0
rfingers 7.12502 0 0
rthumb -0.515596 -789.963 0
1050
root 1.24431 15.1955 32.742 5.61596 -4.14731 363.701
lfemur 7.37378 0.133389 4.87315
ltibia 3.35747 0 0
lfoot -32.4648 -11.5854 0
ltoes -34.1728 0 0
rfemur -29.6489 -13.4393 -7.62161
rtibia 47.5492 0 0
rfoot -21.3105 3.34961 0
rtoes -42.5782 0 0
lowerback -2.67092 -0.13273 -0.410553
upperback -0.800243 -0.109807 -6.31215
thorax 0.62563 -0.0628085 -6.34309
lowerneck -7.44409 0.749348 5.76532
upperneck 2.10096 0.294191 3.86039
head 1.9301 0.307023 0.251074
lclavicle 2.54382e-15 1.44732e-14 0
lhumerus -58.8341 -46.0269 114.88
lradius 55.5153 0 0
lwrist 25.8852 0 0
lhand 38.7625 25.4236 0
lfingers 7.12502 0 0
lthumb 61.3596 37.6795 0
rclavicle 2.54382e-15 1.44732e-14 0
rhumerus 1.8119 -16.3212 0.124785
rradius 29.3127 0 0
rwrist -10.532 0 0
rhand -27.2253 -40.0865 0
rfingers 7.12502 0 0
rthumb -0.638623 -790.008 0
1051
root 1.24574 15.1948 32.7395 5.59296 -4.12034 363.681
lfemur 7.36977 0.16398 4.87401
ltibia 3.3794 0 0
lfoot -32.4588 -11.5382 0
ltoes -34.1699 0 0
rfemur -29.6821 -13.4947 -7.57133
rtibia 47.6303 0 0
rfoot -21.3203 3.40886 0
rtoes -42.5149 0 0
lowerback -2.64791 -0.130388 -0.417843
upperback -0.789016 -0.107352 -6.29666
thorax 0.626276 -0.0613109 -6.32138
lowerneck -7.44943 0.743997 5.78352
upperneck 2.10463 0.284725 3.86301
head 1.93254 0.302709 0.248442
lclavicle 2.4695e-15 1.52274e-14 0
lhumerus -58.8107 -46.0495 114.894
lradius 55.522 0 0
lwrist 25.8713 0 0
lhand 38.7207 25.4192 0
lfingers 7.12502 0 0
lthumb 61.3242 37.715 0
rclavicle 2.4695e-15 1.52274e-14 0
rhumerus 1.80461 -16.5554 0.124036
rradius 29.2616 0 0
rwrist -10.4775 0 0
rhand -27.3515 -40.1306 0
rfingers 7.12502 0 0
rthumb -0.760391 -790.053 0
1052
root 1.24714 15.1942 32.737 5.57023 -4.09373 363.661
lfemur 7.36586 0.194189 4.87491
ltibia 3.40102 0 0
lfoot -32.4529 -11.4915 0
ltoes -34.1671 0 0
rfemur -29.7148 -13.5495 -7.52165
rtibia 47.7105 0 0
rfoot -21.33 3.46746 0
rtoes -42.4523 0 0
lowerback -2.62517 -0.128059 -0.425042
upperback -0.777914 -0.104908 -6.28133
thorax 0.62692 -0.0598211 -6.29991
lowerneck -7.45471 0.738714 5.80154
upperneck 2.10826 0.275373 3.8656
head 1.93496 0.298448 0.245835
lclavicle 2.39611e-15 1.59738e-14 0
lhumerus -58.7876 -46.0718 114.908
lradius 55.5287 0 0
lwrist 25.8577 0 0
lhand 38.6793 25.4148 0
lfingers 7.12502 0 0
lthumb 61.2892 37.7501 0
rclavicle 2.39611e-15 1.59738e-14 0
rhumerus 1.79751 -16.7872 0.123434
rradius 29.2108 0 0
rwrist -10.4234 0 0
rhand -27.4762 -40.1742 0
rfingers 7.12502 0 0
rthumb -0.880853 -790.097 0
1053
root 1.24852 15.1936 32.7346 5.54778 -4.06749 363.64
lfemur 7.36208 0.22399 4.87587
ltibia 3.42229 0 0
lfoot -32.4471 -11.4454 0
ltoes -34.1645 0 0
rfemur -29.7472 -13.6037 -7.47259
rtibia 47.7896 0 0
rfoot -21.3398 3.52539 0
rtoes -42.3906 0 0
lowerback -2.60272 -0.125741 -0.432146
upperback -0.766944 -0.10247 -6.26618
thorax 0.627566 -0.0583376 -6.27871
lowerneck -7.45993 0.733504 5.81938
upperneck 2.11183 0.266144 3.86816
head 1.93735 0.294244 0.243253
lclavicle 2.3237e-15 1.67121e-14 0
lhumerus -58.7648 -46.0939 114.923
lradius 55.5352 0 0
lwrist 25.8442 0 0
lhand 38.6384 25.4106 0
lfingers 7.12502 0 0
lthumb 61.2546 37.7849 0
rclavicle 2.3237e-15 1.67121e-14 0
rhumerus 1.79063 -17.0164 0.123015
rradius 29.1604 0 0
rwrist -10.37 0 0
rhand -27.5996 -40.2173 0
rfingers 7.12502 0 0
rthumb -0.999958 -790.141 0
1054
root 1.24988 15.193 32.7322 5.52563 -4.04167 363.621
lfemur 7.35845 0.253357 4.87689
ltibia 3.44318 0 0
lfoot -32.4415 -11.3999 0
ltoes -34.162 0 0
rfemur -29.7791 -13.6572 -7.42418
rtibia 47.8675 0 0
rfoot -21.3496 3.58262 0
rtoes -42.3297 0 0
lowerback -2.58056 -0.123434 -0.439148
upperback -0.756111 -0.100036 -6.25123
thorax 0.628213 -0.0568588 -6.25778
lowerneck -7.46509 0.728372 5.83703
upperneck 2.11536 0.257044 3.87068
head 1.93971 0.290099 0.240697
lclavicle 2.25234e-15 1.74422e-14 0
lhumerus -58.7424 -46.1157 114.937
lradius 55.5416 0 0
lwrist 25.8309 0 0
lhand 38.598 25.4064 0
lfingers 7.12502 0 0
lthumb 61.2204 37.8193 0
rclavicle 2.25234e-15 1.74422e-14 0
rhumerus 1.784 -17.243 0.122815
rradius 29.1104 0 0
rwrist -10.3171 0 0
rhand -27.7215 -40.2599 0
rfingers 7.12502 0 0
rthumb -1.11766 -790.184 0
1055
root 1.25121 15.1923 32.7298 5.50378 -4.01628 363.601
lfemur 7.35497 0.282263 4.87801
ltibia 3.46366 0 0
lfoot -32.4359 -11.3549 0
ltoes -34.1596 0 0
rfemur -29.8104 -13.71 -7.37647
rtibia 47.9443 0 0
rfoot -21.3594 3.63913 0
rtoes -42.2697 0 0
lowerback -2.55871 -0.121134 -0.446041
upperback -0.74542 -0.0976008 -6.23646
thorax 0.628863 -0.0553832 -6.23713
lowerneck -7.47019 0.723324 5.8545
upperneck 2.11884 0.248081 3.87317
head 1.94204 0.286017 0.238167
lclavicle 2.18208e-15 1.81636e-14 0
lhumerus -58.7202 -46.1372 114.951
lradius 55.548 0 0
lwrist 25.8178 0 0
lhand 38.5581 25.4023 0
lfingers 7.12502 0 0
lthumb 61.1867 37.8534 0
rclavicle 2.18208e-15 1.81636e-14 0
rhumerus 1.77766 -17.4669 0.122872
rradius 29.0607 0 0
rwrist -10.2647 0 0
rhand -27.8419 -40.3019 0
rfingers 7.12502 0 0
rthumb -1.2339 -790.227 0
1056
root 1.25252 15.1917 32.7275 5.48227 -3.99136 363.582
lfemur 7.35168 0.310682 4.87922
ltibia 3.48371 0 0
lfoot -32.4306 -11.3105 0
ltoes -34.1574 0 0
rfemur -29.8413 -13.762 -7.32948
rtibia 48.0198 0 0
rfoot -21.3693 3.69488 0
rtoes -42.2105 0 0
lowerback -2.5372 -0.11884 -0.45282
upperback -0.734878 -0.0951625 -6.22191
thorax 0.629518 -0.0539092 -6.21678
lowerneck -7.47522 0.718364 5.87178
upperneck 2.12225 0.239262 3.87562
head 1.94433 0.282002 0.235663
lclavicle 2.11299e-15 1.88763e-14 0
lhumerus -58.6985 -46.1586 114.965
lradius 55.5542 0 0
lwrist 25.805 0 0
lhand 38.5188 25.3984 0
lfingers 7.12502 0 0
lthumb 61.1534 37.887 0
rclavicle 2.11299e-15 1.88763e-14 0
rhumerus 1.77163 -17.688 0.123221
rradius 29.0113 0 0
rwrist -10.213 0 0
rhand -27.9608 -40.3433 0
rfingers 7.12502 0 0
rthumb -1.34864 -790.269 0
1057
root 1.25379 15.1911 32.7252 5.46109 -3.96693 363.563
lfemur 7.34858 0.338587 4.88054
ltibia 3.50329 0 0
lfoot -32.4253 -11.2668 0
ltoes -34.1555 0 0
rfemur -29.8715 -13.8133 -7.28325
rtibia 48.094 0 0
rfoot -21.3793 3.74986 0
rtoes -42.1524 0 0
lowerback -2.51603 -0.11655 -0.45948
upperback -0.724491 -0.0927173 -6.20756
thorax 0.630179 -0.0524352 -6.19674
lowerneck -7.48019 0.713497 5.88886
upperneck 2.12561 0.230594 3.87803
head 1.94658 0.278058 0.233186
lclavicle 2.04514e-15 1.958e-14 0
lhumerus -58.6771 -46.1796 114.979
lradius 55.5603 0 0
lwrist 25.7923 0 0
lhand 38.48 25.3945 0
lfingers 7.12502 0 0
lthumb 61.1206 37.9202 0
rclavicle 2.04514e-15 1.958e-14 0
rhumerus 1.76594 -17.9063 0.123899
rradius 28.9623 0 0
rwrist -10.1618 0 0
rhand -28.078 -40.384 0
rfingers 7.12502 0 0
rthumb -1.46182 -790.311 0
1058
root 1.25503 15.1905 32.7229 5.44026 -3.94303 363.544
lfemur 7.34571 0.365952 4.88199
ltibia 3.52237 0 0
lfoot -32.4203 -11.2237 0
ltoes -34.1538 0 0
rfemur -29.9012 -13.8638 -7.23781
rtibia 48.1668 0 0
rfoot -21.3894 3.80403 0
rtoes -42.0953 0 0
lowerback -2.49521 -0.114261 -0.466013
upperback -0.714264 -0.090262 -6.19343
thorax 0.630847 -0.0509598 -6.17702
lowerneck -7.48509 0.708729 5.90575
upperneck 2.1289 0.222085 3.8804
head 1.9488 0.274186 0.230735
lclavicle 1.97858e-15 2.02744e-14 0
lhumerus -58.6561 -46.2004 114.993
lradius 55.5663 0 0
lwrist 25.7799 0 0
lhand 38.4419 25.3909 0
lfingers 7.12502 0 0
lthumb 61.0883 37.953 0
rclavicle 1.97858e-15 2.02744e-14 0
rhumerus 1.76063 -18.1216 0.124942
rradius 28.9135 0 0
rwrist -10.1113 0 0
rhand -28.1935 -40.4241 0
rfingers 7.12502 0 0
rthumb -1.57339 -790.351 0
1059
root 1.25624 15.1899 32.7207 5.41981 -3.91967 363.526
lfemur 7.34306 0.392751 4.88357
ltibia 3.54092 0 0
lfoot -32.4155 -11.1813 0
ltoes -34.1523 0 0
rfemur -29.9303 -13.9135 -7.1932
rtibia 48.2382 0 0
rfoot -21.3996 3.85737 0
rtoes -42.0392 0 0
lowerback -2.47477 -0.111972 -0.472413
upperback -0.704203 -0.0877933 -6.17954
thorax 0.631523 -0.0494813 -6.15764
lowerneck -7.48992 0.704064 5.92245
upperneck 2.13213 0.213742 3.88272
head 1.95098 0.270392 0.228311
lclavicle 1.91338e-15 2.09593e-14 0
lhumerus -58.6355 -46.2209 115.006
lradius 55.5722 0 0
lwrist 25.7678 0 0
lhand 38.4043 25.3873 0
lfingers 7.12502 0 0
lthumb 61.0566 37.9854 0
rclavicle 1.91338e-15 2.09593e-14 0
rhumerus 1.75573 -18.3339 0.126388
rradius 28.865 0 0
rwrist -10.0614 0 0
rhand -28.3074 -40.4635 0
rfingers 7.12502 0 0
rthumb -1.68331 -790.391 0
1060
root 1.25741 15.1893 32.7186 5.39974 -3.89689 363.507
lfemur 7.34067 0.418958 4.88531
ltibia 3.55891 0 0
lfoot -32.4108 -11.1396 0
ltoes -34.1511 0 0
rfemur -29.9587 -13.9624 -7.14944
rtibia 48.3081 0 0
rfoot -21.41 3.90985 0
rtoes -41.9842 0 0
lowerback -2.45472 -0.109681 -0.478676
upperback -0.694314 -0.0853077 -6.16587
thorax 0.632209 -0.0479983 -6.1386
lowerneck -7.49468 0.699507 5.93894
upperneck 2.13528 0.205572 3.88501
head 1.95311 0.266679 0.225914
lclavicle 1.84961e-15 2.16344e-14 0
lhumerus -58.6153 -46.2411 115.02
lradius 55.5779 0 0
lwrist 25.7559 0 0
lhand 38.3674 25.3839 0
lfingers 7.12502 0 0
lthumb 61.0253 38.0174 0
rclavicle 1.84961e-15 2.16344e-14 0
rhumerus 1.75127 -18.5431 0.128272
rradius 28.8167 0 0
rwrist -10.0121 0 0
rhand -28.4195 -40.5022 0
rfingers 7.12502 0 0
rthumb -1.79153 -790.431 0
1061
root 1.25855 15.1886 32.7165 5.38006 -3.87472 363.49
lfemur 7.33856 0.444545 4.88721
ltibia 3.57631 0 0
lfoot -32.4064 -11.0986 0
ltoes -34.1502 0 0
rfemur -29.9865 -14.0104 -7.10658
rtibia 48.3764 0 0
rfoot -21.4205 3.96145 0
rtoes -41.9303 0 0
lowerback -2.43507 -0.107385 -0.484794
upperback -0.684603 -0.082802 -6.15245
thorax 0.632907 -0.0465091 -6.11993
lowerneck -7.49937 0.695063 5.95522
upperneck 2.13837 0.197582 3.88724
head 1.95521 0.263049 0.223545
lclavicle 1.78731e-15 2.22996e-14 0
lhumerus -58.5956 -46.261 115.034
lradius 55.5835 0 0
lwrist 25.7444 0 0
lhand 38.3311 25.3807 0
lfingers 7.12502 0 0
lthumb 60.9946 38.049 0
rclavicle 1.78731e-15 2.22996e-14 0
rhumerus 1.74729 -18.7491 0.130631
rradius 28.7687 0 0
rwrist -9.9635 0 0
rhand -28.5298 -40.5401 0
rfingers 7.12502 0 0
rthumb -1.89799 -790.469 0
1062
root 1.25964 15.188 32.7144 5.3608 -3.85318 363.472
lfemur 7.33673 0.469486 4.88929
ltibia 3.59309 0 0
lfoot -32.4022 -11.0584 0
ltoes -34.1496 0 0
rfemur -30.0135 -14.0575 -7.06464
rtibia 48.4431 0 0
rfoot -21.4312 4.01213 0
rtoes -41.8776 0 0
lowerback -2.41585 -0.105083 -0.490762
upperback -0.675076 -0.0802728 -6.13929
thorax 0.633616 -0.0450122 -6.10163
lowerneck -7.50398 0.690738 5.9713
upperneck 2.14137 0.18978 3.88943
head 1.95726 0.259507 0.221203
lclavicle 1.72656e-15 2.29545e-14 0
lhumerus -58.5763 -46.2806 115.047
lradius 55.589 0 0
lwrist 25.7331 0 0
lhand 38.2954 25.3776 0
lfingers 7.12502 0 0
lthumb 60.9645 38.0801 0
rclavicle 1.72656e-15 2.29545e-14 0
rhumerus 1.7438 -18.9519 0.133502
rradius 28.7209 0 0
rwrist -9.91553 0 0
rhand -28.6382 -40.5773 0
rfingers 7.12502 0 0
rthumb -2.00265 -790.507 0
1063
root 1.2607 15.1874 32.7124 5.34197 -3.8323 363.455
lfemur 7.33521 0.493756 4.89157
ltibia 3.60923 0 0
lfoot -32.3982 -11.0189 0
ltoes -34.1493 0 0
rfemur -30.0398 -14.1037 -7.02366
rtibia 48.508 0 0
rfoot -21.4422 4.06187 0
rtoes -41.8262 0 0
lowerback -2.39705 -0.102772 -0.496574
upperback -0.665738 -0.0777169 -6.12638
thorax 0.63434 -0.043506 -6.08371
lowerneck -7.50852 0.686536 5.98717
upperneck 2.1443 0.182173 3.89157
head 1.95926 0.256056 0.21889
lclavicle 1.66741e-15 2.3599e-14 0
lhumerus -58.5575 -46.3 115.061
lradius 55.5943 0 0
lwrist 25.7221 0 0
lhand 38.2605 25.3747 0
lfingers 7.12502 0 0
lthumb 60.935 38.1107 0
rclavicle 1.66741e-15 2.3599e-14 0
rhumerus 1.74086 -19.1513 0.136921
rradius 28.6732 0 0
rwrist -9.86823 0 0
rhand -28.7446 -40.6137 0
rfingers 7.12502 0 0
rthumb -2.10545 -790.544 0
1064
root 1.26171 15.1868 32.7104 5.32357 -3.81211 363.438
lfemur 7.33402 0.517327 4.89404
ltibia 3.62468 0 0
lfoot -32.3945 -10.9802 0
ltoes -34.1494 0 0
rfemur -30.0654 -14.1489 -6.98368
rtibia 48.5712 0 0
rfoot -21.4533 4.11065 0
rtoes -41.776 0 0
lowerback -2.37871 -0.100451 -0.502223
upperback -0.656596 -0.0751309 -6.11374
thorax 0.635079 -0.0419891 -6.06619
lowerneck -7.51297 0.682463 6.00282
upperneck 2.14715 0.174769 3.89366
head 1.96122 0.252699 0.216604
lclavicle 1.60994e-15 2.42328e-14 0
lhumerus -58.5393 -46.319 115.074
lradius 55.5994 0 0
lwrist 25.7114 0 0
lhand 38.2263 25.372 0
lfingers 7.12502 0 0
lthumb 60.906 38.1409 0
rclavicle 1.60994e-15 2.42328e-14 0
rhumerus 1.73848 -19.3474 0.140925
rradius 28.6258 0 0
rwrist -9.82161 0 0
rhand -28.8491 -40.6493 0
rfingers 7.12502 0 0
rthumb -2.20635 -790.581 0
1065
root 1.26267 15.1861 32.7085 5.30564 -3.79264 363.422
lfemur 7.33318 0.540173 4.89674
ltibia 3.63942 0 0
lfoot -32.3911 -10.9424 0
ltoes -34.1499 0 0
rfemur -30.0901 -14.1931 -6.94472
rtibia 48.6326 0 0
rfoot -21.4647 4.15844 0
rtoes -41.7271 0 0
lowerback -2.36083 -0.0981177 -0.507703
upperback -0.647655 -0.0725115 -6.10137
thorax 0.635835 -0.0404599 -6.04908
lowerneck -7.51735 0.678523 6.01826
upperneck 2.14992 0.167574 3.89569
head 1.96313 0.24944 0.214348
lclavicle 1.5542e-15 2.48556e-14 0
lhumerus -58.5215 -46.3377 115.087
lradius 55.6044 0 0
lwrist 25.701 0 0
lhand 38.1928 25.3695 0
lfingers 7.12502 0 0
lthumb 60.8777 38.1706 0
rclavicle 1.5542e-15 2.48556e-14 0
rhumerus 1.73669 -19.5399 0.14555
rradius 28.5785 0 0
rwrist -9.77568 0 0
rhand -28.9516 -40.6841 0
rfingers 7.12502 0 0
rthumb -2.3053 -790.616 0
1066
root 1.26359 15.1855 32.7066 5.28817 -3.77391 363.406
lfemur 7.3327 0.562268 4.89967
ltibia 3.65343 0 0
lfoot -32.3879 -10.9053 0
ltoes -34.1508 0 0
rfemur -30.114 -14.2364 -6.90682
rtibia 48.6921 0 0
rfoot -21.4764 4.20521 0
rtoes -41.6796 0 0
lowerback -2.34342 -0.0957698 -0.51301
upperback -0.63892 -0.0698553 -6.08929
thorax 0.636608 -0.0389167 -6.03239
lowerneck -7.52164 0.674721 6.03348
upperneck 2.15259 0.160597 3.89767
head 1.96498 0.246283 0.21212
lclavicle 1.50025e-15 2.54673e-14 0
lhumerus -58.5043 -46.356 115.1
lradius 55.6092 0 0
lwrist 25.691 0 0
lhand 38.16 25.3672 0
lfingers 7.12502 0 0
lthumb 60.85 38.1998 0
rclavicle 1.50025e-15 2.54673e-14 0
rhumerus 1.73554 -19.7288 0.150833
rradius 28.5313 0 0
rwrist -9.73045 0 0
rhand -29.052 -40.718 0
rfingers 7.12502 0 0
rthumb -2.40224 -790.651 0
1067
root 1.26446 15.1849 32.7048 5.27119 -3.75595 363.39
lfemur 7.3326 0.583586 4.90285
ltibia 3.66666 0 0
lfoot -32.3851 -10.8691 0
ltoes -34.1521 0 0
rfemur -30.1371 -14.2786 -6.87002
rtibia 48.7496 0 0
rfoot -21.4884 4.25094 0
rtoes -41.6335 0 0
lowerback -2.32652 -0.0934054 -0.518135
upperback -0.630399 -0.067159 -6.07749
thorax 0.637401 -0.0373582 -6.01614
lowerneck -7.52584 0.671063 6.04848
upperneck 2.15518 0.153843 3.89959
head 1.96679 0.24323 0.20992
lclavicle 1.44817e-15 2.60675e-14 0
lhumerus -58.4877 -46.3741 115.114
lradius 55.6139 0 0
lwrist 25.6813 0 0
lhand 38.128 25.3652 0
lfingers 7.12502 0 0
lthumb 60.823 38.2286 0
rclavicle 1.44817e-15 2.60675e-14 0
rhumerus 1.73505 -19.9141 0.15681
rradius 28.4842 0 0
rwrist -9.68593 0 0
rhand -29.1503 -40.751 0
rfingers 7.12502 0 0
rthumb -2.49713 -790.684 0
1068
root 1.26527 15.1842 32.7031 5.25471 -3.7388 363.375
lfemur 7.3329 0.604099 4.90629
ltibia 3.67909 0 0
lfoot -32.3825 -10.8338 0
ltoes -34.1538 0 0
rfemur -30.1593 -14.3197 -6.83434
rtibia 48.8051 0 0
rfoot -21.5006 4.29559 0
rtoes -41.5888 0 0
lowerback -2.31012 -0.0910225 -0.523074
upperback -0.622096 -0.0644194 -6.066
thorax 0.638214 -0.0357826 -6.00034
lowerneck -7.52996 0.667553 6.06325
upperneck 2.15767 0.147321 3.90146
head 1.96854 0.240285 0.207751
lclavicle 1.398e-15 2.66562e-14 0
lhumerus -58.4716 -46.3918 115.127
lradius 55.6184 0 0
lwrist 25.672 0 0
lhand 38.0968 25.3633 0
lfingers 7.12502 0 0
lthumb 60.7967 38.2568 0
rclavicle 1.398e-15 2.66562e-14 0
rhumerus 1.73526 -20.0956 0.163517
rradius 28.4373 0 0
rwrist -9.64214 0 0
rhand -29.2464 -40.7831 0
rfingers 7.12502 0 0
rthumb -2.58992 -790.717 0
1069
root 1.26604 15.1836 32.7014 5.23875 -3.72247 363.36
lfemur 7.33362 0.623783 4.91
ltibia 3.69069 0 0
lfoot -32.3802 -10.7994 0
ltoes -34.156 0 0
rfemur -30.1806 -14.3598 -6.79983
rtibia 48.8584 0 0
rfoot -21.5133 4.33915 0
rtoes -41.5456 0 0
lowerback -2.29424 -0.0886192 -0.527821
upperback -0.614018 -0.061633 -6.05481
thorax 0.639049 -0.0341885 -5.985
lowerneck -7.53399 0.664197 6.07779
upperneck 2.16007 0.141039 3.90326
head 1.97024 0.237453 0.20561
lclavicle 1.34981e-15 2.72329e-14 0
lhumerus -58.4561 -46.4091 115.14
lradius 55.6227 0 0
lwrist 25.6631 0 0
lhand 38.0665 25.3617 0
lfingers 7.12502 0 0
lthumb 60.771 38.2845 0
rclavicle 1.34981e-15 2.72329e-14 0
rhumerus 1.73619 -20.2733 0.170992
rradius 28.3904 0 0
rwrist -9.59909 0 0
rhand -29.3403 -40.8142 0
rfingers 7.12502 0 0
rthumb -2.68056 -790.749 0
1070
root 1.26675 15.1829 32.6998 5.22331 -3.707 363.345
lfemur 7.33478 0.642609 4.914
ltibia 3.70143 0 0
lfoot -32.3783 -10.7659 0
ltoes -34.1586 0 0
rfemur -30.201 -14.3987 -6.76651
rtibia 48.9097 0 0
rfoot -21.5262 4.38158 0
rtoes -41.5039 0 0
lowerback -2.27891 -0.0861933 -0.532369
upperback -0.606171 -0.0587966 -6.04394
thorax 0.639907 -0.0325743 -5.97013
lowerneck -7.53793 0.660999 6.0921
upperneck 2.16236 0.135002 3.905
head 1.97188 0.234735 0.2035
lclavicle 1.30367e-15 2.77974e-14 0
lhumerus -58.4412 -46.4261 115.153
lradius 55.6268 0 0
lwrist 25.6545 0 0
lhand 38.0369 25.3604 0
lfingers 7.12502 0 0
lthumb 60.7461 38.3118 0
rclavicle 1.30367e-15 2.77974e-14 0
rhumerus 1.73788 -20.4471 0.179271
rradius 28.3435 0 0
rwrist -9.55678 0 0
rhand -29.4319 -40.8444 0
rfingers 7.12502 0 0
rthumb -2.769 -790.78 0
1071
root 1.2674 15.1822 32.6983 5.20842 -3.69242 363.331
lfemur 7.33639 0.660552 4.91829
ltibia 3.71127 0 0
lfoot -32.3767 -10.7333 0
ltoes -34.1618 0 0
rfemur -30.2204 -14.4365 -6.73442
rtibia 48.9587 0 0
rfoot -21.5395 4.42286 0
rtoes -41.4639 0 0
lowerback -2.26413 -0.0837428 -0.536712
upperback -0.598559 -0.0559068 -6.03339
thorax 0.640789 -0.0309385 -5.95575
lowerneck -7.54178 0.657964 6.10618
upperneck 2.16456 0.129219 3.90668
head 1.97346 0.232136 0.20142
lclavicle 1.25964e-15 2.83497e-14 0
lhumerus -58.427 -46.4428 115.166
lradius 55.6307 0 0
lwrist 25.6464 0 0
lhand 38.0082 25.3593 0
lfingers 7.12502 0 0
lthumb 60.7219 38.3385 0
rclavicle 1.25964e-15 2.83497e-14 0
rhumerus 1.74035 -20.617 0.18839
rradius 28.2967 0 0
rwrist -9.51523 0 0
rhand -29.5212 -40.8736 0
rfingers 7.12502 0 0
rthumb -2.85518 -790.809 0
1072
root 1.26799 15.1816 32.6968 5.19408 -3.67874 363.318
lfemur 7.33848 0.677586 4.92291
ltibia 3.7202 0 0
lfoot -32.3754 -10.7017 0
ltoes -34.1655 0 0
rfemur -30.2388 -14.4731 -6.70359
rtibia 49.0054 0 0
rfoot -21.5532 4.46296 0
rtoes -41.4254 0 0
lowerback -2.24991 -0.0812658 -0.540844
upperback -0.59119 -0.0529603 -6.02317
thorax 0.641698 -0.0292795 -5.94186
lowerneck -7.54553 0.655098 6.12003
upperneck 2.16664 0.123697 3.9083
head 1.97498 0.229659 0.199369
lclavicle 1.21778e-15 2.88893e-14 0
lhumerus -58.4134 -46.459 115.179
lradius 55.6344 0 0
lwrist 25.6386 0 0
lhand 37.9804 25.3584 0
lfingers 7.12502 0 0
lthumb 60.6984 38.3647 0
rclavicle 1.21778e-15 2.88893e-14 0
rhumerus 1.74365 -20.7827 0.198386
rradius 28.25 0 0
rwrist -9.47445 0 0
rhand -29.608 -40.9018 0
rfingers 7.12502 0 0
rthumb -2.93907 -790.838 0
1073
root 1.26853 15.1809 32.6953 5.18032 -3.66601 363.304
lfemur 7.34106 0.693684 4.92784
ltibia 3.72817 0 0
lfoot -32.3746 -10.6711 0
ltoes -34.1697 0 0
rfemur -30.2561 -14.5085 -6.67406
rtibia 49.0498 0 0
rfoot -21.5674 4.50185 0
rtoes -41.3886 0 0
lowerback -2.23629 -0.0787602 -0.54476
upperback -0.584069 -0.0499538 -6.01329
thorax 0.642633 -0.0275958 -5.92849
lowerneck -7.54919 0.652405 6.13363
upperneck 2.16862 0.118443 3.90985
head 1.97645 0.227308 0.19735
lclavicle 1.17815e-15 2.9416e-14 0
lhumerus -58.4005 -46.475 115.192
lradius 55.6379 0 0
lwrist 25.6313 0 0
lhand 37.9535 25.3579 0
lfingers 7.12502 0 0
lthumb 60.6757 38.3903 0
rclavicle 1.17815e-15 2.9416e-14 0
rhumerus 1.7478 -20.9444 0.209295
rradius 28.2032 0 0
rwrist -9.43445 0 0
rhand -29.6925 -40.9289 0
rfingers 7.12502 0 0
rthumb -3.0206 -790.866 0
1074
root 1.269 15.1802 32.694 5.16715 -3.65425 363.292
lfemur 7.34415 0.708819 4.93312
ltibia 3.73516 0 0
lfoot -32.3741 -10.6415 0
ltoes -34.1745 0 0
rfemur -30.2725 -14.5426 -6.64586
rtibia 49.0918 0 0
rfoot -21.5819 4.53952 0
rtoes -41.3534 0 0
lowerback -2.22326 -0.076224 -0.548453
upperback -0.577201 -0.0468839 -6.00376
thorax 0.643597 -0.0258857 -5.91564
lowerneck -7.55275 0.649891 6.14699
upperneck 2.17049 0.113464 3.91132
head 1.97784 0.225086 0.195361
lclavicle 1.14081e-15 2.99297e-14 0
lhumerus -58.3882 -46.4905 115.205
lradius 55.6412 0 0
lwrist 25.6244 0 0
lhand 37.9274 25.3576 0
lfingers 7.12502 0 0
lthumb 60.6537 38.4154 0
rclavicle 1.14081e-15 2.99297e-14 0
rhumerus 1.75283 -21.1018 0.221154
rradius 28.1564 0 0
rwrist -9.39524 0 0
rhand -29.7745 -40.955 0
rfingers 7.12502 0 0
rthumb -3.09973 -790.893 0
1075
root 1.2694 15.1795 32.6927 5.15458 -3.64348 363.279
lfemur 7.34777 0.722966 4.93876
ltibia 3.74114 0 0
lfoot -32.3739 -10.613 0
ltoes -34.1798 0 0
rfemur -30.2877 -14.5755 -6.61902
rtibia 49.1313 0 0
rfoot -21.5969 4.57592 0
rtoes -41.3201 0 0
lowerback -2.21084 -0.0736552 -0.551917
upperback -0.570593 -0.0437474 -5.99458
thorax 0.644592 -0.0241479 -5.90332
lowerneck -7.55621 0.64756 6.16011
upperneck 2.17224 0.108768 3.91273
head 1.97918 0.222996 0.193403
lclavicle 1.10584e-15 3.043e-14 0
lhumerus -58.3767 -46.5056 115.218
lradius 55.6442 0 0
lwrist 25.6179 0 0
lhand 37.9024 25.3576 0
lfingers 7.12502 0 0
lthumb 60.6326 38.4399 0
rclavicle 1.10584e-15 3.043e-14 0
rhumerus 1.75877 -21.2549 0.234
rradius 28.1096 0 0
rwrist -9.35684 0 0
rhand -29.8539 -40.98 0
rfingers 7.12502 0 0
rthumb -3.17642 -790.918 0
1076
root 1.26974 15.1788 32.6915 5.14262 -3.63373 363.267
lfemur 7.35193 0.736097 4.94476
ltibia 3.74607 0 0
lfoot -32.3742 -10.5855 0
ltoes -34.1858 0 0
rfemur -30.3018 -14.6071 -6.59357
rtibia 49.1682 0 0
rfoot -21.6124 4.61105 0
rtoes -41.2885 0 0
lowerback -2.19906 -0.0710517 -0.555146
upperback -0.56425 -0.0405409 -5.98576
thorax 0.645617 -0.0223806 -5.89156
lowerneck -7.55956 0.645417 6.17297
upperneck 2.17387 0.104362 3.91407
head 1.98045 0.221043 0.191477
lclavicle 1.07328e-15 3.09168e-14 0
lhumerus -58.3658 -46.5204 115.231
lradius 55.6471 0 0
lwrist 25.6119 0 0
lhand 37.8782 25.3579 0
lfingers 7.12502 0 0
lthumb 60.6123 38.4639 0
rclavicle 1.07328e-15 3.09168e-14 0
rhumerus 1.76566 -21.4036 0.247868
rradius 28.0627 0 0
rwrist -9.31925 0 0
rhand -29.9307 -41.0038 0
rfingers 7.12502 0 0
rthumb -3.2506 -790.943 0
1077
root 1.27001 15.178 32.6904 5.1313 -3.62504 363.256
lfemur 7.35666 0.748187 4.95114
ltibia 3.74993 0 0
lfoot -32.3749 -10.5591 0
ltoes -34.1924 0 0
rfemur -30.3148 -14.6374 -6.56956
rtibia 49.2026 0 0
rfoot -21.6283 4.64486 0
rtoes -41.2588 0 0
lowerback -2.18792 -0.0684116 -0.558134
upperback -0.558179 -0.037261 -5.97731
thorax 0.646674 -0.0205824 -5.88035
lowerneck -7.56282 0.643469 6.18559
upperneck 2.17539 0.100254 3.91533
head 1.98165 0.219228 0.189582
lclavicle 1.0432e-15 3.13898e-14 0
lhumerus -58.3558 -46.5348 115.244
lradius 55.6497 0 0
lwrist 25.6063 0 0
lhand 37.8551 25.3586 0
lfingers 7.12502 0 0
lthumb 60.5928 38.4873 0
rclavicle 1.0432e-15 3.13898e-14 0
rhumerus 1.77354 -21.5478 0.262796
rradius 28.0158 0 0
rwrist -9.28249 0 0
rhand -30.0049 -41.0266 0
rfingers 7.12502 0 0
rthumb -3.32223 -790.966 0
1078
root 1.27021 15.1773 32.6893 5.12062 -3.61743 363.245
lfemur 7.36198 0.759209 4.95792
ltibia 3.75269 0 0
lfoot -32.3761 -10.5338 0
ltoes -34.1996 0 0
rfemur -30.3267 -14.6664 -6.54701
rtibia 49.2342 0 0
rfoot -21.6448 4.67733 0
rtoes -41.2309 0 0
lowerback -2.17744 -0.0657328 -0.560875
upperback -0.552384 -0.0339045 -5.96924
thorax 0.647766 -0.0187517 -5.86972
lowerneck -7.56596 0.641718 6.19795
upperneck 2.17678 0.0964498 3.91652
head 1.98278 0.217557 0.187719
lclavicle 1.01567e-15 3.18487e-14 0
lhumerus -58.3464 -46.5487 115.257
lradius 55.652 0 0
lwrist 25.6013 0 0
lhand 37.8329 25.3595 0
lfingers 7.12502 0 0
lthumb 60.5741 38.5101 0
rclavicle 1.01567e-15 3.18487e-14 0
rhumerus 1.78242 -21.6875 0.278819
rradius 27.9687 0 0
rwrist -9.24657 0 0
rhand -30.0764 -41.0481 0
rfingers 7.12502 0 0
rthumb -3.39127 -790.988 0
1079
root 1.27034 15.1765 32.6884 5.1106 -3.61092 363.235
lfemur 7.3679 0.769137 4.96511
ltibia 3.75431 0 0
lfoot -32.3776 -10.5096 0
ltoes -34.2075 0 0
rfemur -30.3373 -14.694 -6.52596
rtibia 49.2632 0 0
rfoot -21.6618 4.70844 0
rtoes -41.2049 0 0
lowerback -2.16763 -0.0630134 -0.563364
upperback -0.546873 -0.030468 -5.96155
thorax 0.648893 -0.016887 -5.85967
lowerneck -7.569 0.640171 6.21005
upperneck 2.17804 0.0929578 3.91763
head 1.98384 0.216032 0.185889
lclavicle 9.90746e-16 3.22934e-14 0
lhumerus -58.3379 -46.5623 115.27
lradius 55.6541 0 0
lwrist 25.5967 0 0
lhand 37.8118 25.3608 0
lfingers 7.12502 0 0
lthumb 60.5564 38.5323 0
rclavicle 9.90746e-16 3.22934e-14 0
rhumerus 1.79234 -21.8226 0.295975
rradius 27.9216 0 0
rwrist -9.21149 0 0
rhand -30.1452 -41.0684 0
rfingers 7.12502 0 0
rthumb -3.45765 -791.009 0
1080
root 1.2704 15.1758 32.6875 5.10126 -3.60556 363.225
lfemur 7.37444 0.777943 4.97272
ltibia 3.75477 0 0
lfoot -32.3796 -10.4865 0
ltoes -34.2161 0 0
rfemur -30.3467 -14.7202 -6.50644
rtibia 49.2893 0 0
rfoot -21.6793 4.73816 0
rtoes -41.1809 0 0
lowerback -2.15852 -0.0602512 -0.565593
upperback -0.54165 -0.0269482 -5.95426
thorax 0.650056 -0.0149867 -5.85023
lowerneck -7.57193 0.638833 6.2219
upperneck 2.17917 0.0897852 3.91866
head 1.98483 0.214657 0.18409
lclavicle 9.68492e-16 3.27235e-14 0
lhumerus -58.3301 -46.5754 115.283
lradius 55.656 0 0
lwrist 25.5926 0 0
lhand 37.7917 25.3624 0
lfingers 7.12502 0 0
lthumb 60.5395 38.5539 0
rclavicle 9.68492e-16 3.27235e-14 0
rhumerus 1.80333 -21.953 0.3143
rradius 27.8743 0 0
rwrist -9.17728 0 0
rhand -30.2111 -41.0876 0
rfingers 7.12502 0 0
rthumb -3.52134 -791.029 0
1081
root 1.27038 15.175 32.6867 5.09261 -3.60135 363.216
lfemur 7.38162 0.785603 4.98076
ltibia 3.75403 0 0
lfoot -32.3821 -10.4646 0
ltoes -34.2254 0 0
rfemur -30.3548 -14.7449 -6.48849
rtibia 49.3125 0 0
rfoot -21.6975 4.76645 0
rtoes -41.159 0 0
lowerback -2.1501 -0.0574443 -0.567557
upperback -0.536722 -0.0233418 -5.94737
thorax 0.651257 -0.0130493 -5.84139
lowerneck -7.57475 0.637708 6.23348
upperneck 2.18017 0.0869391 3.91961
head 1.98574 0.213435 0.182324
lclavicle 9.48971e-16 3.31389e-14 0
lhumerus -58.3232 -46.5881 115.296
lradius 55.6576 0 0
lwrist 25.5891 0 0
lhand 37.7726 25.3644 0
lfingers 7.12502 0 0
lthumb 60.5235 38.5749 0
rclavicle 9.48971e-16 3.31389e-14 0
rhumerus 1.81543 -22.0786 0.333831
rradius 27.8269 0 0
rwrist -9.14394 0 0
rhand -30.2742 -41.1054 0
rfingers 7.12502 0 0
rthumb -3.58228 -791.047 0
1082
root 1.27028 15.1742 32.6859 5.08466 -3.59833 363.207
lfemur 7.38945 0.792089 4.98925
ltibia 3.75207 0 0
lfoot -32.3851 -10.4439 0
ltoes -34.2354 0 0
rfemur -30.3617 -14.7682 -6.47213
rtibia 49.3329 0 0
rfoot -21.7162 4.79331 0
rtoes -41.139 0 0
lowerback -2.14241 -0.0545907 -0.56925
upperback -0.532094 -0.0196455 -5.94089
thorax 0.652498 -0.0110731 -5.83318
lowerneck -7.57746 0.636802 6.24479
upperneck 2.18104 0.0844268 3.92048
head 1.98658 0.21237 0.180592
lclavicle 9.32243e-16 3.35393e-14 0
lhumerus -58.317 -46.6004 115.309
lradius 55.659 0 0
lwrist 25.586 0 0
lhand 37.7547 25.3668 0
lfingers 7.12502 0 0
lthumb 60.5084 38.5953 0
rclavicle 9.32243e-16 3.35393e-14 0
rhumerus 1.82867 -22.1993 0.354604
rradius 27.7793 0 0
rwrist -9.11148 0 0
rhand -30.3344 -41.122 0
rfingers 7.12502 0 0
rthumb -3.64042 -791.064 0
1083
root 1.2701 15.1734 32.6853 5.07743 -3.59654 363.199
lfemur 7.39797 0.797375 4.99821
ltibia 3.74886 0 0
lfoot -32.3885 -10.4244 0
ltoes -34.2462 0 0
rfemur -30.3672 -14.79 -6.4574
rtibia 49.3502 0 0
rfoot -21.7355 4.81869 0
rtoes -41.1212 0 0
lowerback -2.13545 -0.0516883 -0.570666
upperback -0.527773 -0.0158559 -5.93483
thorax 0.653779 -0.00905675 -5.8256
lowerneck -7.58004 0.636119 6.25584
upperneck 2.18176 0.0822558 3.92127
head 1.98734 0.211465 0.178892
lclavicle 9.18373e-16 3.39245e-14 0
lhumerus -58.3118 -46.6122 115.323
lradius 55.6601 0 0
lwrist 25.5836 0 0
lhand 37.7378 25.3695 0
lfingers 7.12502 0 0
lthumb 60.4943 38.6151 0
rclavicle 9.18373e-16 3.39245e-14 0
rhumerus 1.84307 -22.3151 0.376655
rradius 27.7315 0 0
rwrist -9.07991 0 0
rhand -30.3917 -41.1373 0
rfingers 7.12502 0 0
rthumb -3.69571 -791.08 0
1084
root 1.26984 15.1726 32.6847 5.07093 -3.59599 363.191
lfemur 7.40717 0.801434 5.00764
ltibia 3.74436 0 0
lfoot -32.3925 -10.4062 0
ltoes -34.2577 0 0
rfemur -30.3714 -14.8103 -6.44435
rtibia 49.3645 0 0
rfoot -21.7554 4.84258 0
rtoes -41.1055 0 0
lowerback -2.12925 -0.0487351 -0.571799
upperback -0.523764 -0.0119696 -5.92919
thorax 0.655102 -0.00699859 -5.81868
lowerneck -7.58252 0.635665 6.26661
upperneck 2.18234 0.0804332 3.92197
head 1.98802 0.210724 0.177225
lclavicle 9.07423e-16 3.42941e-14 0
lhumerus -58.3074 -46.6237 115.336
lradius 55.6609 0 0
lwrist 25.5816 0 0
lhand 37.7221 25.3726 0
lfingers 7.12502 0 0
lthumb 60.4811 38.6343 0
rclavicle 9.07423e-16 3.42941e-14 0
rhumerus 1.85868 -22.4259 0.400021
rradius 27.6835 0 0
rwrist -9.04925 0 0
rhand -30.446 -41.1513 0
rfingers 7.12502 0 0
rthumb -3.74811 -791.095 0
1085
root 1.26949 15.1718 32.6843 5.06519 -3.59672 363.184
lfemur 7.41709 0.804241 5.01756
ltibia 3.73854 0 0
lfoot -32.3969 -10.3892 0
ltoes -34.2701 0 0
rfemur -30.3743 -14.8291 -6.43299
rtibia 49.3756 0 0
rfoot -21.776 4.86494 0
rtoes -41.092 0 0
lowerback -2.1238 -0.0457292 -0.572643
upperback -0.520072 -0.0079835 -5.92398
thorax 0.656467 -0.00489709 -5.81241
lowerneck -7.58487 0.635444 6.27711
upperneck 2.18278 0.0789663 3.92258
head 1.98863 0.21015 0.175593
lclavicle 8.99455e-16 3.46481e-14 0
lhumerus -58.3038 -46.6346 115.349
lradius 55.6614 0 0
lwrist 25.5802 0 0
lhand 37.7075 25.376 0
lfingers 7.12502 0 0
lthumb 60.4689 38.6528 0
rclavicle 8.99455e-16 3.46481e-14 0
rhumerus 1.87551 -22.5315 0.424738
rradius 27.6353 0 0
rwrist -9.01951 0 0
rhand -30.4972 -41.164 0
rfingers 7.12502 0 0
rthumb -3.79756 -791.108 0
1086
root 1.26906 15.1709 32.6839 5.0602 -3.59875 363.177
lfemur 7.42774 0.805769 5.02798
ltibia 3.73138 0 0
lfoot -32.4019 -10.3735 0
ltoes -34.2832 0 0
rfemur -30.3757 -14.8463 -6.42336
rtibia 49.3836 0 0
rfoot -21.7973 4.88575 0
rtoes -41.0807 0 0
lowerback -2.11914 -0.0426684 -0.573191
upperback -0.516705 -0.0038941 -5.91922
thorax 0.657878 -0.0027507 -5.80682
lowerneck -7.5871 0.635462 6.28733
upperneck 2.18307 0.0778626 3.9231
head 1.98915 0.209747 0.173994
lclavicle 8.94531e-16 3.49861e-14 0
lhumerus -58.3012 -46.6451 115.362
lradius 55.6617 0 0
lwrist 25.5794 0 0
lhand 37.694 25.3799 0
lfingers 7.12502 0 0
lthumb 60.4577 38.6706 0
rclavicle 8.94531e-16 3.49861e-14 0
rhumerus 1.89361 -22.632 0.450844
rradius 27.5868 0 0
rwrist -8.99069 0 0
rhand -30.5453 -41.1752 0
rfingers 7.12502 0 0
rthumb -3.84401 -791.12 0
